-2.712884e-06
-2.708663e-06
-2.706843e-06
-2.705371e-06
-2.704606e-06
-2.70241e-06
-2.700341e-06
-2.697391e-06
-2.69561e-06
-2.694502e-06
-2.692821e-06
-2.690768e-06
-2.687553e-06
-2.684007e-06
-2.67976e-06
-2.675957e-06
-2.674783e-06
-2.672849e-06
-2.670986e-06
-2.668086e-06
-2.665786e-06
-2.664955e-06
-2.663746e-06
-2.664103e-06
-2.662716e-06
-2.65728e-06
-2.651215e-06
-2.647003e-06
-2.642009e-06
-2.639068e-06
-2.63393e-06
-2.630112e-06
-2.62934e-06
-2.631938e-06
-2.632638e-06
-2.634219e-06
-2.633274e-06
-2.627735e-06
-2.620359e-06
-2.611945e-06
-2.603784e-06
-2.604247e-06
-2.611554e-06
-2.617924e-06
-2.617871e-06
-2.615831e-06
-2.611979e-06
-2.603021e-06
-2.591715e-06
-2.578066e-06
-2.566817e-06
-2.570602e-06
-2.58672e-06
-2.607362e-06
-2.617879e-06
-2.60832e-06
-2.58827e-06
-2.56314e-06
-2.533318e-06
-2.506108e-06
-2.501237e-06
-2.515155e-06
-2.527275e-06
-2.533156e-06
-2.523844e-06
-2.496927e-06
-2.468012e-06
-2.451543e-06
-2.453877e-06
-2.464834e-06
-2.468004e-06
-2.464264e-06
-2.457553e-06
-2.460462e-06
-2.482597e-06
-2.513634e-06
-2.541763e-06
-2.553547e-06
-2.558094e-06
-2.563508e-06
-2.556029e-06
-2.525793e-06
-2.499272e-06
-2.489496e-06
-2.460422e-06
-2.409019e-06
-2.364616e-06
-2.345367e-06
-2.36696e-06
-2.408024e-06
-2.447739e-06
-2.467977e-06
-2.47545e-06
-2.48804e-06
-2.501502e-06
-2.498439e-06
-2.461816e-06
-2.397055e-06
-2.342243e-06
-2.314231e-06
-2.2984e-06
-2.290708e-06
-2.307044e-06
-2.356341e-06
-2.40091e-06
-2.396647e-06
-2.333354e-06
-2.248427e-06
-2.215326e-06
-2.224461e-06
-2.215228e-06
-2.176685e-06
-2.150878e-06
-2.169158e-06
-2.202399e-06
-2.215496e-06
-2.226227e-06
-2.254906e-06
-2.30655e-06
-2.348651e-06
-2.345694e-06
-2.303765e-06
-2.242075e-06
-2.210793e-06
-2.209838e-06
-2.220585e-06
-2.238512e-06
-2.233627e-06
-2.208148e-06
-2.15711e-06
-2.061105e-06
-1.951412e-06
-1.878089e-06
-1.902415e-06
-2.024924e-06
-2.171434e-06
-2.267214e-06
-2.323622e-06
-2.375531e-06
-2.381006e-06
-2.370644e-06
-2.416232e-06
-2.421546e-06
-2.322038e-06
-2.23114e-06
-2.238847e-06
-2.307773e-06
-2.353683e-06
-2.345535e-06
-2.288332e-06
-2.196165e-06
-2.106655e-06
-2.040307e-06
-2.019691e-06
-2.049768e-06
-2.140932e-06
-2.238016e-06
-2.204279e-06
-2.034791e-06
-1.83965e-06
-1.731738e-06
-1.815464e-06
-2.036634e-06
-2.22404e-06
-2.308854e-06
-2.319357e-06
-2.270135e-06
-2.13459e-06
-1.981996e-06
-1.945057e-06
-1.997696e-06
-2.03269e-06
-1.994304e-06
-1.909015e-06
-1.823755e-06
-1.81665e-06
-1.923736e-06
-2.023864e-06
-2.045109e-06
-2.002782e-06
-1.955463e-06
-1.974399e-06
-2.007603e-06
-2.068221e-06
-2.161211e-06
-2.205614e-06
-2.195448e-06
-2.097068e-06
-1.863991e-06
-1.5932e-06
-1.476718e-06
-1.669778e-06
-2.08051e-06
-2.401818e-06
-2.466505e-06
-2.356494e-06
-2.216432e-06
-2.087266e-06
-2.007134e-06
-1.988572e-06
-1.965428e-06
-2.014197e-06
-2.114334e-06
-2.092038e-06
-1.928833e-06
-1.732889e-06
-1.689319e-06
-1.848489e-06
-2.037535e-06
-2.088578e-06
-1.975104e-06
-1.842082e-06
-1.782604e-06
-1.799763e-06
-1.927765e-06
-2.042869e-06
-2.010553e-06
-1.934257e-06
-1.85876e-06
-1.706646e-06
-1.52045e-06
-1.472406e-06
-1.494982e-06
-1.403349e-06
-1.399366e-06
-1.610518e-06
-1.857133e-06
-2.027986e-06
-2.122345e-06
-2.218687e-06
-2.265256e-06
-2.146098e-06
-1.836717e-06
-1.442742e-06
-1.30219e-06
-1.577171e-06
-1.957561e-06
-2.000735e-06
-1.677301e-06
-1.405628e-06
-1.436821e-06
-1.777261e-06
-2.182276e-06
-2.253425e-06
-1.975838e-06
-1.694303e-06
-1.741616e-06
-1.933954e-06
-1.877551e-06
-1.66322e-06
-1.522472e-06
-1.433106e-06
-1.258525e-06
-1.068586e-06
-1.191756e-06
-1.633228e-06
-2.083573e-06
-2.214624e-06
-1.784892e-06
-1.174158e-06
-7.990585e-07
-7.514109e-07
-1.127253e-06
-1.489936e-06
-1.598838e-06
-1.636929e-06
-1.463267e-06
-1.172583e-06
-1.086553e-06
-1.301237e-06
-1.555777e-06
-1.750879e-06
-1.946146e-06
-1.774837e-06
-1.459468e-06
-1.627562e-06
-1.939786e-06
-1.904819e-06
-1.614339e-06
-1.321959e-06
-1.213457e-06
-1.297317e-06
-1.525388e-06
-1.803203e-06
-1.759796e-06
-1.242216e-06
-8.284855e-07
-9.601e-07
-1.202917e-06
-1.219371e-06
-1.218342e-06
-1.277782e-06
-1.295609e-06
-1.24452e-06
-1.364866e-06
-1.723339e-06
-1.970616e-06
-1.95011e-06
-1.706243e-06
-1.379087e-06
-1.17649e-06
-1.074194e-06
-9.624822e-07
-8.402283e-07
-8.573075e-07
-1.141716e-06
-1.58869e-06
-2.071933e-06
-2.290111e-06
-1.817876e-06
-8.444074e-07
-7.888672e-08
-1.032482e-07
-1.061931e-06
-2.176395e-06
-2.378462e-06
-1.923477e-06
-1.737732e-06
-1.897209e-06
-1.930192e-06
-1.66589e-06
-1.645086e-06
-2.11395e-06
-2.526562e-06
-2.790565e-06
-2.949714e-06
-2.643132e-06
-1.907864e-06
-1.109105e-06
-6.554974e-07
-5.835118e-07
-5.123793e-07
-4.633951e-07
-6.613679e-07
-1.048727e-06
-1.397759e-06
-1.540409e-06
-1.404339e-06
-1.133005e-06
-8.727374e-07
-5.714964e-07
-3.795475e-07
-4.306278e-07
-6.601802e-07
-1.013262e-06
-1.142835e-06
-8.558145e-07
-5.231256e-07
-4.071559e-07
-4.778533e-07
-7.126028e-07
-1.224976e-06
-1.851334e-06
-2.058633e-06
-1.893884e-06
-1.697911e-06
-1.451735e-06
-1.198213e-06
-9.22309e-07
-6.21969e-07
-5.944311e-07
-1.012565e-06
-1.709112e-06
-2.263499e-06
-2.215106e-06
-1.512922e-06
-4.266563e-07
6.734814e-07
1.22306e-06
9.003614e-07
-1.328903e-07
-1.488482e-06
-2.421581e-06
-2.132315e-06
-9.354438e-07
-2.569347e-09
-3.834203e-08
-9.808069e-07
-1.990798e-06
-2.461898e-06
-2.802159e-06
-2.989568e-06
-2.398401e-06
-1.225024e-06
-2.557092e-07
1.730147e-07
5.744346e-08
-5.95561e-07
-1.447274e-06
-1.892092e-06
-1.659026e-06
-1.200682e-06
-1.058754e-06
-1.131126e-06
-1.304363e-06
-1.666963e-06
-1.925204e-06
-1.779945e-06
-1.329187e-06
-9.158824e-07
-1.10432e-06
-1.772981e-06
-1.979724e-06
-1.635452e-06
-1.453774e-06
-1.583516e-06
-1.366123e-06
-7.095106e-07
-2.929763e-07
-1.416742e-07
-2.287203e-07
-8.098895e-07
-1.465374e-06
-1.374766e-06
-4.374481e-07
2.47055e-07
-3.571796e-08
-6.768991e-07
-7.192024e-07
7.371808e-08
7.665944e-07
6.771717e-07
1.997817e-07
-1.756084e-07
6.853326e-09
9.131699e-07
1.784699e-06
1.819335e-06
1.12039e-06
2.611776e-07
-1.609346e-07
3.474304e-08
7.045215e-07
1.540687e-06
1.779876e-06
1.15163e-06
1.283048e-07
-4.712465e-07
-2.51467e-07
7.56394e-08
1.075896e-07
1.013647e-07
3.520916e-07
8.187083e-07
9.239139e-07
4.861843e-07
1.293116e-07
5.923557e-07
1.5912e-06
1.997571e-06
1.252937e-06
-2.169655e-07
-1.323214e-06
-1.046361e-06
6.24237e-07
2.561556e-06
3.665786e-06
3.652148e-06
2.946291e-06
2.055265e-06
1.084616e-06
2.911177e-07
4.838442e-08
4.16877e-07
1.066699e-06
1.423051e-06
1.179816e-06
6.422058e-07
1.494226e-07
-4.918637e-07
-1.261451e-06
-1.553207e-06
-9.161567e-07
3.934583e-07
1.300291e-06
1.28838e-06
1.214184e-06
1.585066e-06
1.435276e-06
3.613771e-07
-3.99399e-07
-9.253223e-08
5.594454e-07
4.928668e-07
-1.250449e-07
-1.587788e-07
5.586172e-07
1.262268e-06
1.281105e-06
7.630272e-07
4.485546e-07
3.199618e-07
3.605638e-07
9.356257e-07
2.102314e-06
3.529083e-06
4.278314e-06
3.866688e-06
2.65434e-06
1.364834e-06
8.243314e-07
9.665091e-07
1.343143e-06
1.945496e-06
2.546882e-06
2.504173e-06
1.792439e-06
1.305989e-06
1.567621e-06
2.239246e-06
3.0612e-06
3.890251e-06
4.043342e-06
3.227819e-06
1.941226e-06
8.610113e-07
3.596666e-07
3.660427e-07
1.238485e-06
3.197909e-06
5.391984e-06
6.41824e-06
5.53372e-06
3.333404e-06
9.148092e-07
-6.52301e-07
-5.950052e-07
1.163733e-06
3.448073e-06
4.12993e-06
2.637325e-06
5.680096e-08
-1.945852e-06
-1.969773e-06
-8.226892e-07
9.67061e-08
1.983324e-08
-1.447499e-06
-2.969181e-06
-2.641324e-06
-3.977057e-07
1.956814e-06
2.723855e-06
1.842609e-06
1.975198e-07
-1.072482e-06
-7.905789e-07
7.843235e-07
1.819731e-06
1.616581e-06
1.17761e-06
1.229271e-06
1.753607e-06
2.651255e-06
3.512995e-06
3.94555e-06
3.919339e-06
3.309233e-06
2.137843e-06
8.665315e-07
5.581459e-07
1.740338e-06
3.248733e-06
3.757975e-06
3.571998e-06
3.544285e-06
3.274226e-06
2.321007e-06
1.107049e-06
1.491541e-08
-7.462937e-07
-1.223779e-06
-1.215353e-06
-1.893142e-07
1.409518e-06
2.706024e-06
3.488435e-06
3.597268e-06
3.16595e-06
2.674569e-06
2.116721e-06
1.474612e-06
1.392399e-06
2.080023e-06
2.86707e-06
3.336223e-06
3.383522e-06
3.219715e-06
3.134161e-06
2.914974e-06
2.639442e-06
2.475503e-06
1.970656e-06
1.363183e-06
1.348488e-06
1.693857e-06
2.303246e-06
3.10537e-06
3.69874e-06
3.820096e-06
3.090429e-06
1.793003e-06
8.731638e-07
8.673005e-07
1.314668e-06
1.490519e-06
1.49796e-06
1.867832e-06
2.813621e-06
3.74162e-06
3.832472e-06
3.616644e-06
3.944035e-06
4.254946e-06
4.188808e-06
3.95719e-06
3.164866e-06
1.714381e-06
3.219643e-07
-1.512024e-07
3.214486e-07
6.106855e-07
-1.833797e-07
-1.242736e-06
-1.360477e-06
-1.020243e-06
-5.214833e-07
6.216647e-07
2.052018e-06
3.328019e-06
3.837047e-06
3.444008e-06
3.057725e-06
2.576768e-06
1.600754e-06
7.773309e-07
9.754654e-07
1.854756e-06
1.768754e-06
5.210462e-07
-2.507338e-07
2.422798e-08
-1.212374e-09
-9.623729e-07
-1.502673e-06
-1.019383e-06
-4.743313e-07
-1.826415e-07
-1.649418e-07
-7.970682e-07
-1.804509e-06
-2.30147e-06
-1.614929e-06
-4.923435e-07
2.270673e-07
8.040689e-07
1.119544e-06
1.276706e-06
1.271363e-06
6.720749e-07
1.503887e-07
1.040794e-07
3.07053e-07
9.531384e-07
1.538823e-06
1.471506e-06
1.084469e-06
3.832684e-07
-8.89873e-07
-2.02108e-06
-1.70962e-06
1.39733e-07
2.347975e-06
3.685694e-06
3.126444e-06
9.90344e-07
-1.064777e-06
-1.310772e-06
2.876597e-07
1.616535e-06
1.871146e-06
1.429352e-06
1.507704e-06
3.415151e-06
4.953256e-06
4.676998e-06
3.678247e-06
1.95492e-06
-6.925904e-08
-8.925737e-07
2.866556e-07
1.995388e-06
2.309884e-06
1.711638e-06
1.22388e-06
7.259163e-07
-5.447514e-07
-1.380862e-06
-1.992218e-06
-3.788042e-06
-3.829854e-06
-3.356367e-06
-2.44608e-06
1.325031e-06
2.316321e-06
3.468053e-07
-2.321355e-06
-4.46573e-06
-2.401896e-06
-7.426146e-07
1.491086e-07
1.636482e-06
-1.004082e-06
-3.405995e-06
-2.231354e-06
-8.511451e-07
7.576912e-08
4.200982e-07
9.872561e-07
1.861976e-06
1.049585e-06
-5.703171e-07
-1.135812e-06
-2.104604e-06
-3.666108e-06
-3.752508e-06
-3.050562e-06
-1.543699e-06
5.902996e-07
3.721278e-07
-1.273976e-06
-2.796969e-06
-4.219574e-06
-3.53612e-06
-1.583242e-06
4.126089e-07
2.289502e-06
1.748644e-06
-5.682812e-07
-2.736966e-06
-3.661132e-06
-1.786477e-06
1.272976e-06
2.829991e-06
1.778318e-06
-1.53886e-06
-3.757632e-06
-1.90481e-06
1.848299e-06
3.601568e-06
2.374197e-06
-4.779085e-07
-1.460716e-06
4.087927e-07
1.846444e-06
2.127357e-06
7.172983e-07
-2.67727e-06
-5.116896e-06
-5.720085e-06
-4.041179e-06
-1.383453e-06
-1.657649e-06
-4.48396e-06
-7.376021e-06
-8.545323e-06
-7.306388e-06
-4.891182e-06
-2.297387e-06
-6.226579e-07
-7.912397e-08
1.349849e-06
3.786e-06
4.49427e-06
2.976318e-06
8.850303e-07
-9.265267e-07
-1.119779e-06
4.333138e-07
1.364904e-06
6.129197e-07
-1.194378e-06
-2.644315e-06
-2.532945e-06
-1.928399e-06
-2.162562e-06
-3.174117e-06
-3.592429e-06
-1.746042e-06
1.525265e-06
3.747139e-06
3.122931e-06
1.694913e-07
-1.997915e-06
-1.841288e-06
4.413795e-08
3.444857e-06
7.263869e-06
9.316195e-06
8.101757e-06
4.053153e-06
-2.631979e-08
-1.177592e-06
8.999741e-07
3.564318e-06
4.202353e-06
3.448765e-06
3.023544e-06
1.909318e-06
-9.54242e-07
-3.588611e-06
-5.002994e-06
-5.576144e-06
-4.112335e-06
-9.257706e-07
2.307477e-06
4.493323e-06
4.643677e-06
3.653255e-06
2.303722e-06
2.111662e-07
-1.478122e-06
-1.528309e-06
7.935905e-08
2.026367e-06
2.716019e-06
2.939621e-06
3.785123e-06
4.113037e-06
3.187048e-06
2.999625e-06
5.649893e-06
9.334239e-06
9.521446e-06
5.668331e-06
2.567237e-06
2.349723e-06
2.709576e-06
2.490298e-06
2.295816e-06
2.456608e-06
2.815728e-06
3.896393e-06
6.512871e-06
9.925415e-06
1.224588e-05
1.175703e-05
8.389287e-06
4.122872e-06
1.376289e-06
9.408299e-07
2.027826e-06
3.727826e-06
4.528053e-06
3.826432e-06
3.359937e-06
4.399384e-06
6.507897e-06
8.482533e-06
8.866915e-06
7.418666e-06
5.623646e-06
4.243771e-06
2.568855e-06
1.889029e-06
3.717057e-06
4.831434e-06
3.534571e-06
1.967904e-06
3.254429e-07
-3.044755e-07
1.879096e-06
5.863102e-06
9.595362e-06
1.081869e-05
8.804551e-06
5.215368e-06
2.10065e-06
1.702667e-06
4.173677e-06
6.187156e-06
6.791427e-06
8.287816e-06
1.047276e-05
1.089019e-05
9.088682e-06
6.982273e-06
6.299776e-06
7.231982e-06
8.835214e-06
1.080163e-05
1.273656e-05
1.37379e-05
1.422992e-05
1.381791e-05
1.236933e-05
1.09338e-05
9.82152e-06
1.039928e-05
1.22741e-05
1.249776e-05
1.035716e-05
7.749592e-06
7.05472e-06
8.602142e-06
1.068842e-05
1.166783e-05
1.085842e-05
9.308862e-06
8.502567e-06
9.239631e-06
1.142009e-05
1.306304e-05
1.199212e-05
8.140578e-06
5.122825e-06
6.334631e-06
9.648319e-06
1.189509e-05
1.284355e-05
1.379948e-05
1.462906e-05
1.416093e-05
1.317473e-05
1.23113e-05
1.150815e-05
1.076573e-05
9.051166e-06
6.431369e-06
4.583744e-06
3.865264e-06
3.660819e-06
4.652855e-06
7.220322e-06
9.405695e-06
9.556816e-06
7.922297e-06
5.734866e-06
4.832073e-06
5.406709e-06
6.489441e-06
7.926305e-06
9.243687e-06
1.07241e-05
1.326697e-05
1.576823e-05
1.565826e-05
1.185176e-05
6.688458e-06
3.220759e-06
2.057574e-06
2.308645e-06
3.038999e-06
3.479124e-06
2.803033e-06
1.164203e-06
4.063523e-07
1.50749e-06
3.664878e-06
5.152415e-06
4.884905e-06
3.901433e-06
2.689132e-06
1.365588e-06
1.764137e-07
-1.211696e-06
-1.697462e-06
-4.48974e-07
1.879689e-06
3.13421e-06
1.347353e-06
-2.295677e-06
-5.190601e-06
-5.326487e-06
-2.624332e-06
4.48651e-07
1.150362e-06
-5.19038e-07
-1.967823e-06
-1.452563e-06
1.516613e-06
6.264831e-06
8.927192e-06
6.593314e-06
9.604898e-07
-4.51412e-06
-7.225998e-06
-7.989052e-06
-8.757634e-06
-9.441011e-06
-1.050864e-05
-1.277475e-05
-1.477518e-05
-1.436762e-05
-1.190679e-05
-9.630037e-06
-8.501707e-06
-7.620596e-06
-5.954489e-06
-3.636906e-06
-2.372513e-06
-3.686841e-06
-6.632723e-06
-9.357044e-06
-1.132717e-05
-1.222334e-05
-1.186637e-05
-1.132453e-05
-1.138606e-05
-1.107929e-05
-9.248008e-06
-6.329451e-06
-3.781531e-06
-2.513553e-06
-3.337835e-06
-7.321472e-06
-1.279914e-05
-1.614616e-05
-1.575085e-05
-1.253341e-05
-9.645594e-06
-8.743302e-06
-8.632262e-06
-9.091242e-06
-9.663719e-06
-9.869567e-06
-9.538549e-06
-7.403655e-06
-4.108946e-06
-1.54107e-06
-1.820236e-07
-8.932133e-08
-1.672449e-06
-4.108529e-06
-5.198199e-06
-4.814373e-06
-3.823573e-06
-2.893169e-06
-3.385241e-06
-4.080509e-06
-3.119058e-06
-1.087551e-06
1.521802e-06
4.831427e-06
8.194766e-06
1.049982e-05
1.232058e-05
1.489936e-05
1.720755e-05
1.760668e-05
1.570914e-05
1.244753e-05
1.000829e-05
8.751168e-06
6.486489e-06
3.059313e-06
1.271319e-06
1.944807e-06
2.317435e-06
1.629157e-06
2.247343e-06
5.565433e-06
1.124021e-05
1.683762e-05
2.054039e-05
2.189983e-05
1.855937e-05
1.059566e-05
3.537226e-06
2.298667e-06
5.540641e-06
8.384187e-06
8.652587e-06
8.096365e-06
9.399117e-06
1.224749e-05
1.447942e-05
1.519062e-05
1.448438e-05
1.287821e-05
1.051399e-05
7.699478e-06
5.73051e-06
6.169798e-06
9.341207e-06
1.307489e-05
1.538502e-05
1.683857e-05
1.847914e-05
2.128015e-05
2.532919e-05
2.770506e-05
2.65622e-05
2.412996e-05
2.41237e-05
2.765971e-05
3.050283e-05
2.960643e-05
2.751769e-05
2.708447e-05
2.749634e-05
2.57336e-05
2.227524e-05
2.032493e-05
2.112482e-05
2.388696e-05
2.623147e-05
2.685367e-05
2.687244e-05
2.794033e-05
3.021471e-05
3.248827e-05
3.542126e-05
3.855815e-05
3.865158e-05
3.532645e-05
3.116479e-05
2.817885e-05
2.600231e-05
2.464468e-05
2.575324e-05
2.769784e-05
2.801216e-05
2.724948e-05
2.650125e-05
2.649987e-05
2.763784e-05
3.00465e-05
3.31153e-05
3.624217e-05
3.892154e-05
3.802102e-05
3.160789e-05
2.327661e-05
1.843265e-05
1.820863e-05
1.853838e-05
1.71313e-05
1.552077e-05
1.436553e-05
1.361064e-05
1.402796e-05
1.74717e-05
2.421138e-05
3.038884e-05
3.273445e-05
3.098348e-05
2.633234e-05
2.051011e-05
1.536594e-05
1.174835e-05
9.358328e-06
8.815017e-06
9.616325e-06
1.006155e-05
1.032661e-05
1.08527e-05
1.106772e-05
1.029571e-05
7.135997e-06
2.041518e-06
-1.687452e-06
-3.38687e-06
-3.943699e-06
-3.247219e-06
-2.826445e-06
-3.783935e-06
-5.519893e-06
-7.160577e-06
-7.155864e-06
-5.081827e-06
-2.083034e-06
-1.922298e-07
-1.127909e-06
-3.712198e-06
-5.930544e-06
-6.486954e-06
-5.236462e-06
-4.234949e-06
-3.679704e-06
-1.121642e-06
3.565106e-06
6.829567e-06
4.979586e-06
-1.313697e-06
-7.422864e-06
-9.662112e-06
-7.892704e-06
-3.465388e-06
1.253745e-06
3.663566e-06
4.749102e-06
5.453066e-06
3.664748e-06
-1.438246e-06
-8.135319e-06
-1.290415e-05
-1.328762e-05
-1.18376e-05
-1.133182e-05
-9.622424e-06
-6.204233e-06
-4.405136e-06
-5.356181e-06
-7.101633e-06
-6.948156e-06
-5.166434e-06
-3.761828e-06
-1.723416e-06
2.473006e-06
6.93992e-06
9.00491e-06
9.104849e-06
9.550709e-06
1.107351e-05
1.130689e-05
8.219703e-06
2.84602e-06
-3.693058e-06
-1.114453e-05
-1.732377e-05
-1.805297e-05
-1.232522e-05
-5.008688e-06
-8.715389e-07
1.203366e-06
4.201406e-06
8.397162e-06
1.218493e-05
1.231949e-05
7.077868e-06
-1.257401e-06
-8.571269e-06
-1.159957e-05
-1.069565e-05
-7.661457e-06
-3.364994e-06
9.206101e-07
4.376275e-06
6.288963e-06
5.914423e-06
4.814615e-06
5.337732e-06
7.015196e-06
8.544631e-06
1.038794e-05
1.157816e-05
1.024635e-05
7.700786e-06
7.030471e-06
9.692285e-06
1.376216e-05
1.70127e-05
1.869498e-05
1.749079e-05
1.463859e-05
1.333948e-05
1.473587e-05
1.849792e-05
2.373826e-05
2.943674e-05
3.241019e-05
2.928474e-05
2.210276e-05
1.524856e-05
1.096824e-05
1.03738e-05
1.372594e-05
1.91897e-05
2.443261e-05
2.924292e-05
3.263172e-05
3.289972e-05
3.175459e-05
3.234284e-05
3.573703e-05
4.038888e-05
4.453674e-05
4.599272e-05
4.335406e-05
3.994713e-05
3.805966e-05
3.549823e-05
3.027322e-05
2.436397e-05
2.320169e-05
2.680286e-05
3.001305e-05
3.281896e-05
3.825224e-05
4.463252e-05
4.650371e-05
4.201835e-05
3.450484e-05
2.885549e-05
2.730801e-05
2.765738e-05
2.891223e-05
3.171118e-05
3.575753e-05
4.042434e-05
4.458247e-05
4.798972e-05
5.019583e-05
4.997239e-05
4.72733e-05
4.425074e-05
4.469915e-05
4.787152e-05
4.812146e-05
4.358583e-05
3.552413e-05
2.505257e-05
1.518761e-05
8.944998e-06
6.858049e-06
8.283659e-06
1.312786e-05
2.080779e-05
2.86739e-05
3.32392e-05
3.372208e-05
3.320325e-05
3.456019e-05
3.819195e-05
4.280653e-05
4.560231e-05
4.394725e-05
3.7695e-05
3.042136e-05
2.695956e-05
2.801105e-05
3.034591e-05
3.177779e-05
3.119552e-05
2.701401e-05
2.017196e-05
1.451166e-05
1.279623e-05
1.464665e-05
1.885653e-05
2.531457e-05
3.283377e-05
3.820791e-05
3.964823e-05
3.702037e-05
3.072194e-05
2.407305e-05
1.992231e-05
1.913695e-05
2.273361e-05
2.948004e-05
3.596924e-05
3.93137e-05
3.875938e-05
3.606985e-05
3.457151e-05
3.517421e-05
3.604405e-05
3.678052e-05
3.730839e-05
3.479783e-05
2.746528e-05
1.926076e-05
1.466235e-05
1.357706e-05
1.315138e-05
1.107877e-05
7.882726e-06
5.064836e-06
2.088456e-06
-1.052889e-06
-1.214077e-06
2.429163e-06
7.346271e-06
1.163418e-05
1.390318e-05
1.555905e-05
1.768113e-05
1.694426e-05
1.104229e-05
1.52603e-06
-7.347261e-06
-1.14659e-05
-8.45964e-06
2.264015e-06
1.581177e-05
2.46314e-05
2.599688e-05
2.234393e-05
1.745601e-05
1.301518e-05
1.003894e-05
9.631919e-06
9.957351e-06
7.847923e-06
1.202536e-06
-9.468016e-06
-1.987962e-05
-2.559691e-05
-2.628179e-05
-2.446881e-05
-2.203703e-05
-2.113655e-05
-2.224265e-05
-2.238314e-05
-2.152447e-05
-2.197576e-05
-2.328455e-05
-2.454986e-05
-2.620985e-05
-2.78011e-05
-2.818005e-05
-2.811926e-05
-3.001988e-05
-3.497389e-05
-3.999387e-05
-4.102647e-05
-3.84954e-05
-3.623125e-05
-3.616015e-05
-3.828136e-05
-4.353332e-05
-5.057243e-05
-5.701548e-05
-6.189661e-05
-6.333458e-05
-6.155872e-05
-5.719383e-05
-4.975037e-05
-4.116197e-05
-3.285413e-05
-2.571028e-05
-2.181592e-05
-2.069028e-05
-1.995873e-05
-1.886759e-05
-1.633131e-05
-1.168644e-05
-6.723732e-06
-2.124121e-06
2.825232e-06
8.096073e-06
1.348381e-05
1.818683e-05
2.088657e-05
2.12918e-05
2.035124e-05
2.112489e-05
2.626738e-05
3.404655e-05
4.046279e-05
4.332814e-05
4.544785e-05
5.133442e-05
6.191879e-05
7.634097e-05
9.298396e-05
0.0001081869
0.0001182489
0.000121645
0.0001185167
0.0001106264
0.0001007585
9.118085e-05
8.444637e-05
8.296366e-05
8.571694e-05
8.899598e-05
9.037754e-05
8.949405e-05
8.8783e-05
9.113397e-05
9.631093e-05
0.0001040821
0.0001123879
0.0001168605
0.0001163778
0.0001120827
0.0001063848
9.995219e-05
8.937727e-05
7.44234e-05
6.086322e-05
5.408576e-05
5.272057e-05
5.237981e-05
5.297489e-05
5.60701e-05
6.034244e-05
6.17421e-05
5.752574e-05
4.963959e-05
4.272609e-05
3.982266e-05
3.976355e-05
3.974371e-05
3.840768e-05
3.517225e-05
3.085019e-05
2.766445e-05
2.626759e-05
2.60359e-05
2.717434e-05
3.060561e-05
3.557392e-05
4.11379e-05
4.881737e-05
5.818182e-05
6.746566e-05
7.512461e-05
7.992063e-05
8.514114e-05
9.378607e-05
0.0001043919
0.0001142103
0.0001212864
0.0001239621
0.0001201868
0.0001117321
0.0001028618
9.572857e-05
9.068765e-05
8.643935e-05
8.381033e-05
8.497227e-05
8.852646e-05
9.06083e-05
8.757949e-05
8.104352e-05
7.734106e-05
7.88498e-05
8.164344e-05
8.163631e-05
7.948395e-05
7.709001e-05
7.333385e-05
6.803098e-05
6.327169e-05
6.033201e-05
5.987123e-05
6.066198e-05
6.058726e-05
5.936001e-05
5.667313e-05
5.117461e-05
4.091804e-05
2.604154e-05
9.404271e-06
-7.043279e-06
-2.405934e-05
-4.320189e-05
-6.250986e-05
-7.882237e-05
-9.207307e-05
-0.000103092
-0.0001117742
-0.0001167517
-0.0001182506
-0.0001185957
-0.0001181947
-0.0001174869
-0.0001177384
-0.0001206388
-0.0001264865
-0.0001298712
-0.0001282807
-0.0001254184
-0.000123618
-0.0001223215
-0.000120238
-0.0001192926
-0.000121612
-0.0001273384
-0.0001353257
-0.0001405518
-0.000140434
-0.0001368112
-0.0001306082
-0.0001229181
-0.0001156986
-0.0001100258
-0.0001044556
-9.591138e-05
-8.225071e-05
-6.448405e-05
-4.818858e-05
-3.820252e-05
-3.367948e-05
-3.03862e-05
-2.449153e-05
-1.612635e-05
-8.121196e-06
-2.545039e-06
-1.00165e-06
-3.037821e-06
-6.101071e-06
-7.661752e-06
-5.991927e-06
-3.067282e-06
-1.497071e-06
-3.45129e-07
8.84867e-08
-3.752489e-06
-1.623665e-05
-3.795088e-05
-6.352505e-05
-8.648659e-05
-0.0001020542
-0.0001109481
-0.0001187561
-0.000129686
-0.0001457286
-0.0001655432
-0.0001862755
-0.0002053752
-0.0002213674
-0.0002359195
-0.0002488422
-0.0002580723
-0.0002632293
-0.0002643351
-0.0002628265
-0.0002611963
-0.0002628165
-0.0002711797
-0.0002858685
-0.0003028066
-0.0003187898
-0.0003340744
-0.0003486651
-0.0003603346
-0.0003675714
-0.000369969
-0.0003685694
-0.0003661841
-0.000365366
-0.0003668916
-0.0003689739
-0.0003695638
-0.0003666858
-0.0003567036
-0.0003400428
-0.0003200011
-0.0002966623
-0.0002705079
-0.0002424278
-0.0002105289
-0.0001712515
-0.0001233261
-7.070298e-05
-1.981851e-05
2.667721e-05
7.14389e-05
0.0001163133
0.0001603579
0.0002011958
0.0002347434
0.000260411
0.0002816489
0.0003011308
0.0003197401
0.0003361722
0.0003490132
0.0003571937
0.0003602013
0.0003603761
0.0003598676
0.00035769
0.0003502952
0.0003354414
0.000315458
0.000295296
0.0002798643
0.0002708199
0.0002649254
0.0002591001
0.0002539764
0.0002505381
0.0002493094
0.000251707
0.0002585472
0.0002678389
0.0002761079
0.0002836622
0.0002925301
0.0003015802
0.0003108466
0.0003236798
0.0003420212
0.0003645543
0.0003879908
0.0004091259
0.0004261037
0.0004384988
0.0004459332
0.0004472773
0.0004443367
0.0004379049
0.0004220901
0.0003926975
0.0003534105
0.0003137132
0.0002832085
0.0002640703
0.0002510619
0.0002380355
0.0002245254
0.0002135404
0.0002045088
0.0001957012
0.000186094
0.0001742681
0.0001596856
0.0001414137
0.0001193045
9.234593e-05
5.904204e-05
2.306161e-05
-1.029924e-05
-3.944671e-05
-6.644372e-05
-9.225056e-05
-0.0001152926
-0.0001355886
-0.0001529554
-0.0001672811
-0.0001814039
-0.0001984677
-0.000218274
-0.0002355102
-0.000246546
-0.0002552825
-0.0002642609
-0.0002710414
-0.0002730802
-0.0002690248
-0.0002591702
-0.0002440686
-0.0002264348
-0.0002110532
-0.0001992064
-0.0001896505
-0.0001805734
-0.0001691484
-0.0001517014
-0.0001278818
-0.0001035258
-8.295502e-05
-6.53023e-05
-4.57491e-05
-2.002025e-05
8.434169e-06
3.344932e-05
5.108505e-05
6.044775e-05
6.356051e-05
6.08974e-05
5.318062e-05
4.346904e-05
3.60862e-05
3.287942e-05
3.016547e-05
2.502553e-05
1.743725e-05
8.519912e-06
-1.244599e-06
-1.335302e-05
-2.636663e-05
-3.695523e-05
-4.330239e-05
-4.502145e-05
-4.381399e-05
-4.168195e-05
-3.986385e-05
-3.779465e-05
-3.44979e-05
-2.932102e-05
-2.042457e-05
-7.691154e-06
6.896338e-06
1.946602e-05
2.443727e-05
1.944579e-05
5.470142e-06
-1.620302e-05
-4.380252e-05
-7.557178e-05
-0.0001099769
-0.0001463836
-0.0001849608
-0.000225087
-0.0002674516
-0.0003138245
-0.0003635701
-0.0004138006
-0.0004622668
-0.0005094212
-0.0005564622
-0.0006027335
-0.0006482429
-0.0006933721
-0.00073568
-0.0007734037
-0.0008078144
-0.000840364
-0.0008708916
-0.0008974551
-0.0009173535
-0.0009286163
-0.0009309954
-0.0009247762
-0.0009108265
-0.0008918875
-0.0008679744
-0.0008361936
-0.000797653
-0.0007552582
-0.0007104728
-0.0006642282
-0.000614871
-0.0005596856
-0.0004975585
-0.0004296447
-0.0003571975
-0.0002802656
-0.0001984065
-0.0001099295
-1.485515e-05
8.50457e-05
0.0001895663
0.0002975509
0.0004044826
0.0005038967
0.0005911582
0.0006662968
0.0007323865
0.0007902297
0.0008373005
0.0008709411
0.0008905837
0.0008986504
0.0008980663
0.0008908919
0.0008808085
0.0008716308
0.0008633426
0.000852881
0.0008379628
0.0008199445
0.0008009233
0.0007794361
0.0007543376
0.0007269423
0.0006976082
0.0006656492
0.0006302454
0.000591711
0.0005519101
0.0005098601
0.0004622489
0.0004103722
0.0003585493
0.000307698
0.0002560733
0.0002040224
0.0001539478
0.0001069186
6.422862e-05
2.799257e-05
-2.137598e-06
-2.78462e-05
-5.203318e-05
-7.945673e-05
-0.000110673
-0.0001418334
-0.0001718512
-0.0002015111
-0.0002307914
-0.000261163
-0.0002954549
-0.0003360817
-0.0003824871
-0.0004295039
-0.0004722726
-0.0005086371
-0.0005353312
-0.0005487494
-0.0005483732
-0.0005357321
-0.0005134335
-0.0004853005
-0.0004535197
-0.0004174095
-0.0003763728
-0.0003307975
-0.0002797874
-0.0002216051
-0.0001582823
-9.613384e-05
-3.990382e-05
1.094807e-05
6.092992e-05
0.0001124796
0.0001634598
0.0002101839
0.0002500917
0.0002854481
0.0003214548
0.0003601398
0.0003997601
0.0004374456
0.0004704158
0.0004965198
0.0005174017
0.000538188
0.0005624104
0.0005893256
0.0006154797
0.0006374528
0.0006534791
0.0006639339
0.0006699678
0.000673295
0.0006758325
0.0006778277
0.0006771671
0.0006701811
0.0006557501
0.0006377187
0.0006197133
0.0006016974
0.0005842745
0.0005685182
0.0005533025
0.0005373674
0.0005200194
0.0005022344
0.0004839487
0.0004627385
0.0004382806
0.0004105928
0.0003786522
0.0003412715
0.0002981394
0.0002534245
0.0002120266
0.0001738754
0.0001362966
9.695056e-05
5.389219e-05
8.303764e-06
-3.534345e-05
-7.494213e-05
-0.0001108448
-0.0001425906
-0.0001708859
-0.0001978788
-0.0002257151
-0.0002556172
-0.0002873824
-0.0003205124
-0.000353782
-0.0003848494
-0.0004127722
-0.0004411083
-0.000475192
-0.0005162891
-0.0005621985
-0.0006102621
-0.0006579796
-0.0007055624
-0.0007556807
-0.0008071445
-0.0008563629
-0.0009021508
-0.0009455267
-0.0009876673
-0.001026719
-0.001060003
-0.001086474
-0.001104483
-0.001112561
-0.00111197
-0.001105381
-0.001095083
-0.00108289
-0.001067511
-0.001044634
-0.00101147
-0.0009673664
-0.0009114088
-0.0008421312
-0.0007597286
-0.0006669532
-0.0005666743
-0.0004611445
-0.0003530232
-0.0002454236
-0.0001414516
-4.308773e-05
4.79907e-05
0.0001307846
0.0002039377
0.0002660631
0.000319821
0.0003673354
0.0004076562
0.0004394287
0.0004600918
0.0004698414
0.0004721881
0.0004697297
0.0004643338
0.0004568221
0.000446101
0.0004312753
0.0004134691
0.000393677
0.0003719815
0.0003503766
0.000330775
0.000311996
0.000292795
0.0002770501
0.0002730195
0.0002841465
0.0003060807
0.000332658
0.0003575972
0.0003765157
0.0003897659
0.0003981673
0.0003996672
0.0003935292
0.0003818809
0.0003650452
0.0003412114
0.0003089659
0.0002679746
0.0002183588
0.0001591923
9.026199e-05
1.43985e-05
-6.464843e-05
-0.0001451922
-0.0002252002
-0.0003013018
-0.0003711278
-0.0004334088
-0.0004897527
-0.0005429948
-0.0005951698
-0.0006464228
-0.0006927151
-0.0007299246
-0.0007556693
-0.0007698693
-0.0007751152
-0.0007730608
-0.0007650546
-0.0007507532
-0.0007272343
-0.0006922288
-0.0006443847
-0.0005833221
-0.0005092632
-0.0004252917
-0.0003356849
-0.0002406162
-0.0001410229
-4.1618e-05
5.266156e-05
0.0001384872
0.0002155573
0.0002850455
0.0003486781
0.000407363
0.0004592229
0.0005023355
0.0005373337
0.0005680454
0.0005996443
0.0006326545
0.0006616422
0.0006819553
0.0006947451
0.0007067904
0.0007253157
0.0007508062
0.0007789439
0.0008061116
0.00083075
0.0008536294
0.0008775954
0.0009062739
0.0009395949
0.0009710152
0.0009925744
0.001001066
0.0009973066
0.0009833529
0.0009621288
0.0009341253
0.0008963883
0.0008479429
0.0007917114
0.0007306023
0.0006648713
0.0005942264
0.0005213941
0.0004507698
0.0003851485
0.0003277622
0.0002800978
0.0002381636
0.0001977163
0.0001580882
0.0001214879
9.242274e-05
7.477789e-05
6.93885e-05
7.522617e-05
9.080596e-05
0.0001145713
0.0001439582
0.0001769946
0.0002099995
0.0002365922
0.0002579017
0.0002750035
0.0002837767
0.0002830021
0.0002706839
0.0002499629
0.0002250612
0.000193603
0.0001575942
0.0001178718
7.026427e-05
1.358627e-05
-5.059898e-05
-0.0001164959
-0.000175677
-0.0002230991
-0.0002567119
-0.0002795811
-0.0002994006
-0.0003204349
-0.0003443358
-0.0003712535
-0.0003964512
-0.0004166145
-0.0004338011
-0.0004514645
-0.0004741369
-0.0005028338
-0.0005324027
-0.0005607754
-0.0005879585
-0.00061383
-0.0006395349
-0.000662569
-0.0006837257
-0.0007069735
-0.0007315979
-0.0007577335
-0.0007843932
-0.0008069098
-0.0008233223
-0.0008330019
-0.0008342682
-0.000828318
-0.0008185144
-0.0008070104
-0.0007959343
-0.0007862161
-0.0007774331
-0.0007706157
-0.0007666941
-0.0007664927
-0.0007709011
-0.000780434
-0.0007979746
-0.000824702
-0.000857641
-0.0008943089
-0.0009325679
-0.0009712154
-0.001008181
-0.001039098
-0.001062442
-0.001078114
-0.001085666
-0.001084185
-0.001070731
-0.001044427
-0.001006285
-0.0009547491
-0.0008871413
-0.0008013324
-0.0006966756
-0.0005760719
-0.0004447081
-0.0003075086
-0.000168263
-2.845839e-05
0.000109712
0.00024159
0.0003643735
0.0004764291
0.0005747867
0.0006569876
0.0007222034
0.0007715226
0.0008075719
0.0008322132
0.0008449085
0.0008450265
0.0008329646
0.0008086629
0.0007708774
0.0007204421
0.0006615334
0.000597399
0.0005311947
0.0004659977
0.0004022643
0.0003409073
0.0002835863
0.0002298713
0.0001781831
0.0001293076
8.888345e-05
6.295636e-05
5.167346e-05
5.10477e-05
5.598038e-05
6.222347e-05
6.834235e-05
7.418593e-05
8.032661e-05
8.839774e-05
9.930973e-05
0.0001128636
0.0001299434
0.0001503957
0.0001710327
0.0001920855
0.0002177695
0.0002501061
0.0002899223
0.0003394575
0.0004004757
0.0004710766
0.0005451487
0.000616605
0.0006825598
0.0007427079
0.0007991158
0.0008517542
0.0008929085
0.0009141627
0.0009148807
0.0009006954
0.0008771539
0.0008464864
0.0008122744
0.0007803354
0.0007531198
0.0007288058
0.0007063947
0.0006866504
0.0006659846
0.0006373968
0.0005986165
0.0005532287
0.0005056914
0.000459203
0.0004157201
0.0003753838
0.0003376586
0.0003024578
0.0002706009
0.0002445624
0.0002261182
0.0002159903
0.0002158771
0.0002247003
0.0002386239
0.0002564539
0.0002765996
0.0002932691
0.0003023577
0.000305311
0.0003041586
0.0002974045
0.0002839677
0.0002674447
0.0002520713
0.0002393353
0.0002286385
0.0002159093
0.000196849
0.000170417
0.0001376437
0.0001006053
6.127309e-05
2.260413e-05
-1.16107e-05
-3.87874e-05
-6.004926e-05
-8.016103e-05
-0.000101046
-0.0001202986
-0.0001362606
-0.0001487267
-0.000155726
-0.0001569781
-0.0001572065
-0.0001602731
-0.0001654772
-0.0001683581
-0.0001641673
-0.0001530893
-0.0001393484
-0.0001258849
-0.0001129691
-0.000101538
-9.184992e-05
-8.1818e-05
-7.126003e-05
-6.137366e-05
-5.095127e-05
-3.626767e-05
-1.674949e-05
1.821051e-06
1.530017e-05
2.565525e-05
3.534285e-05
4.095543e-05
3.446773e-05
9.971668e-06
-3.227842e-05
-8.533791e-05
-0.0001401767
-0.0001917462
-0.0002382418
-0.0002796311
-0.0003177164
-0.0003538868
-0.000389747
-0.0004260699
-0.0004623222
-0.0004998583
-0.0005392923
-0.0005783859
-0.0006125462
-0.0006365124
-0.0006488743
-0.000653247
-0.0006538024
-0.0006517905
-0.0006472854
-0.0006403872
-0.0006313215
-0.000619697
-0.0006051993
-0.0005902856
-0.000577234
-0.0005648776
-0.0005500769
-0.0005298086
-0.0005007964
-0.0004608123
-0.0004118746
-0.0003572079
-0.0002991596
-0.0002380596
-0.0001714716
-0.0001001146
-2.742676e-05
4.443691e-05
0.000113799
0.000179986
0.0002418585
0.0002971262
0.0003450042
0.0003870746
0.0004250936
0.000458771
0.0004867556
0.0005071713
0.0005181451
0.0005184509
0.0005067856
0.0004830615
0.0004494981
0.0004100703
0.0003675798
0.0003216305
0.0002706155
0.0002136886
0.0001539744
9.584179e-05
3.83801e-05
-1.980616e-05
-7.778018e-05
-0.0001345903
-0.0001870913
-0.0002317995
-0.0002684965
-0.0003033178
-0.0003451913
-0.0003955983
-0.00044788
-0.0004949987
-0.00053472
-0.0005677079
-0.0005953712
-0.0006195667
-0.0006422333
-0.0006653704
-0.0006889068
-0.0007126658
-0.0007362785
-0.0007568598
-0.0007727633
-0.0007853943
-0.0007974184
-0.0008081903
-0.0008132874
-0.0008089079
-0.0007941988
-0.0007730707
-0.0007509483
-0.0007283781
-0.0006994292
-0.0006558447
-0.0005946892
-0.0005201078
-0.0004369148
-0.0003466852
-0.0002501846
-0.0001504719
-5.179616e-05
4.38318e-05
0.0001355535
0.0002212772
0.0002971687
0.000360121
0.0004093217
0.0004449779
0.0004710229
0.00049333
0.0005151549
0.0005386524
0.000564627
0.0005936487
0.0006257644
0.0006590449
0.0006929623
0.0007290149
0.000768076
0.0008083115
0.000846182
0.0008776409
0.0009008443
0.0009196373
0.0009390729
0.0009610401
0.0009813697
0.0009940295
0.0009992636
0.001001453
0.001007038
0.001021686
0.001045418
0.001072836
0.001096816
0.001113614
0.001123854
0.00112909
0.001128197
0.001117775
0.001094866
0.001057627
0.001005335
0.000938622
0.0008579838
0.0007641955
0.0006606778
0.0005526945
0.0004472139
0.0003499221
0.0002651883
0.000199791
0.0001577182
0.0001383719
0.0001375492
0.0001475009
0.0001629005
0.0001829634
0.0002103357
0.0002476131
0.0002937675
0.0003484777
0.0004139129
0.0004889134
0.0005666005
0.0006390146
0.000701019
0.0007508075
0.0007916672
0.0008303978
0.0008683156
0.0008967949
0.0009051019
0.0008876005
0.0008436291
0.0007776048
0.0006988955
0.0006180246
0.0005426012
0.0004744015
0.0004088635
0.0003405761
0.0002664073
0.0001851601
0.000100404
1.633796e-05
-6.607579e-05
-0.0001464883
-0.0002236935
-0.000293858
-0.0003523429
-0.0003958334
-0.0004221686
-0.0004306784
-0.0004226271
-0.0004008655
-0.0003672519
-0.0003234165
-0.0002702602
-0.0002080457
-0.0001397959
-6.939252e-05
-6.850496e-07
6.139972e-05
0.0001136315
0.0001572078
0.0001959212
0.000231414
0.0002635011
0.0002921294
0.000315394
0.0003309124
0.0003383513
0.0003390946
0.0003347639
0.0003237359
0.0003024868
0.0002704833
0.0002301493
0.0001852706
0.0001405083
9.904541e-05
6.149949e-05
2.810078e-05
-1.353439e-06
-2.590765e-05
-4.26352e-05
-5.255995e-05
-6.04509e-05
-7.157784e-05
-8.959622e-05
-0.0001127711
-0.0001382254
-0.0001661711
-0.0001985561
-0.0002375492
-0.0002811124
-0.0003244034
-0.0003652312
-0.0004039452
-0.0004424993
-0.0004830801
-0.000525449
-0.0005686133
-0.0006143924
-0.0006638102
-0.0007123924
-0.0007535209
-0.0007831512
-0.0008028091
-0.0008152266
-0.0008181491
-0.0008102333
-0.0007954922
-0.0007801344
-0.0007693309
-0.0007641737
-0.0007622289
-0.0007584125
-0.000747684
-0.0007303456
-0.0007109349
-0.0006936389
-0.0006796935
-0.0006682642
-0.0006579346
-0.0006457631
-0.0006284208
-0.0006034362
-0.0005708821
-0.0005340914
-0.0004963907
-0.0004610574
-0.0004307387
-0.0004081448
-0.0003961992
-0.0003920699
-0.0003902049
-0.0003871507
-0.0003801498
-0.0003676236
-0.000347845
-0.0003197324
-0.0002846053
-0.0002458915
-0.0002073276
-0.0001685644
-0.0001272225
-8.461522e-05
-4.652509e-05
-1.867397e-05
-2.012345e-06
4.607707e-06
2.919356e-06
-5.289837e-06
-2.142264e-05
-4.787602e-05
-8.494781e-05
-0.0001295028
-0.0001792391
-0.0002369269
-0.0003031687
-0.0003725025
-0.0004370994
-0.0004935159
-0.0005464793
-0.0006018562
-0.0006621879
-0.0007245496
-0.0007811752
-0.0008279919
-0.0008650301
-0.0008914428
-0.0009030814
-0.0008937139
-0.0008590922
-0.0007972853
-0.0007104952
-0.0006063255
-0.0004936805
-0.0003792573
-0.0002632251
-0.0001434773
-2.097972e-05
0.0001065946
0.0002410232
0.0003822811
0.0005300185
0.0006776866
0.0008193172
0.0009478063
0.001058838
0.001158607
0.001250863
0.001337856
0.001421519
0.0014971
0.001558974
0.001602333
0.001625364
0.001628632
0.001611843
0.001579268
0.001536598
0.001483586
0.001415003
0.001329146
0.001231571
0.001127946
0.00102189
0.0009115739
0.0007942586
0.0006762337
0.0005645895
0.0004648196
0.0003809986
0.0003117243
0.0002542625
0.0002041047
0.0001584655
0.0001181372
8.370501e-05
5.734856e-05
3.822644e-05
2.315376e-05
8.323775e-06
-1.128797e-05
-3.436034e-05
-5.627092e-05
-7.409027e-05
-8.751548e-05
-0.0001003439
-0.0001165789
-0.0001385926
-0.0001668356
-0.0002007783
-0.0002378535
-0.0002752861
-0.0003148312
-0.0003591182
-0.0004101987
-0.0004701813
-0.0005374171
-0.0006066252
-0.0006704242
-0.0007216276
-0.0007558774
-0.0007702829
-0.000766074
-0.0007460046
-0.0007149954
-0.0006798339
-0.0006329763
-0.000568339
-0.0004925928
-0.0004079617
-0.0003216081
-0.0002456343
-0.000186627
-0.0001465714
-0.000121823
-0.0001081553
-0.000100178
-9.188979e-05
-8.009192e-05
-6.433642e-05
-4.661751e-05
-2.31032e-05
1.103287e-05
5.332332e-05
0.0001014949
0.0001534914
0.0002057156
0.000256062
0.0003048879
0.00035555
0.0004090399
0.000463739
0.0005183201
0.0005694704
0.0006151241
0.0006559071
0.0006947821
0.0007354525
0.0007750301
0.0008040681
0.0008121367
0.0007929134
0.0007454227
0.0006715687
0.0005780493
0.0004724648
0.0003571401
0.0002329421
0.0001027251
-2.761068e-05
-0.000150536
-0.0002611946
-0.0003583104
-0.0004429404
-0.0005157988
-0.0005773573
-0.0006282032
-0.0006664937
-0.0006908221
-0.0007057199
-0.0007204766
-0.0007436277
-0.0007788245
-0.0008233758
-0.0008693137
-0.0009093133
-0.0009420247
-0.0009702511
-0.0009952815
-0.001014451
-0.001025151
-0.001025886
-0.001015992
-0.0009977372
-0.000972636
-0.0009403205
-0.0009017683
-0.0008595569
-0.0008166179
-0.0007752766
-0.0007378299
-0.0007062624
-0.000681718
-0.0006630156
-0.0006460769
-0.000627771
-0.0006070161
-0.0005827644
-0.000552087
-0.0005117345
-0.0004631796
-0.0004097303
-0.0003529975
-0.0002943715
-0.0002355226
-0.0001780152
-0.0001209986
-6.305599e-05
-2.710228e-06
6.473076e-05
0.0001418757
0.0002257714
0.0003102599
0.0003896113
0.0004613931
0.000524197
0.0005770094
0.000619177
0.0006507736
0.0006728063
0.0006853017
0.0006915088
0.0006989282
0.0007154181
0.0007454224
0.0007864768
0.0008312007
0.0008711135
0.0008991018
0.0009096839
0.0009002716
0.0008733296
0.0008336036
0.0007855037
0.000734443
0.0006868777
0.0006493472
0.0006270002
0.0006197783
0.0006228995
0.0006302927
0.000638462
0.0006474246
0.0006581705
0.0006729217
0.000692926
0.0007157765
0.0007362085
0.0007505961
0.0007581622
0.0007566966
0.0007437758
0.0007182075
0.000679774
0.0006307266
0.0005736835
0.0005082321
0.0004341018
0.0003548027
0.0002755303
0.0002010568
0.0001326538
6.979534e-05
1.1597e-05
-4.582842e-05
-0.0001052285
-0.0001665544
-0.000228202
-0.0002870232
-0.0003424363
-0.0003974213
-0.0004552318
-0.0005161773
-0.0005762549
-0.0006278035
-0.0006640783
-0.0006840605
-0.0006920679
-0.0006949574
-0.0006965979
-0.0006944596
-0.0006831818
-0.0006622762
-0.000638481
-0.0006160383
-0.0005935069
-0.0005699563
-0.0005450678
-0.0005192974
-0.0004965189
-0.0004817154
-0.0004756517
-0.000475701
-0.0004833497
-0.0005032033
-0.0005350719
-0.0005727569
-0.0006087085
-0.0006392364
-0.0006633212
-0.0006803734
-0.0006900481
-0.0006913558
-0.0006841217
-0.000667155
-0.0006386569
-0.0005987366
-0.0005477765
-0.0004872119
-0.0004209936
-0.0003524499
-0.0002801148
-0.0002032166
-0.0001255063
-4.947662e-05
2.424112e-05
9.287587e-05
0.0001511604
0.0001953319
0.000225154
0.0002433852
0.0002543282
0.0002600393
0.0002588053
0.0002473551
0.0002250289
0.0001939436
0.0001561686
0.0001134093
6.719518e-05
2.011455e-05
-2.504938e-05
-6.781049e-05
-0.0001071243
-0.0001408261
-0.0001685542
-0.0001915954
-0.0002119599
-0.0002292593
-0.0002415595
-0.0002480298
-0.0002445331
-0.0002240406
-0.0001833021
-0.0001260188
-5.762103e-05
1.908006e-05
0.0001000722
0.0001820116
0.0002628107
0.0003383784
0.0004053221
0.0004589101
0.0004923021
0.0005003038
0.0004817681
0.0004428191
0.000393922
0.0003451532
0.0003032385
0.0002697469
0.0002439147
0.0002225469
0.0002020098
0.0001805779
0.0001563895
0.0001281437
9.390313e-05
5.398962e-05
1.349237e-05
-2.244841e-05
-5.161032e-05
-7.756707e-05
-0.0001057483
-0.0001383675
-0.0001759412
-0.0002169489
-0.000259977
-0.000304036
-0.0003471313
-0.0003887153
-0.0004280167
-0.000461795
-0.0004839251
-0.0004895651
-0.000481926
-0.0004675614
-0.0004511674
-0.0004350994
-0.0004179786
-0.0003975476
-0.000372391
-0.0003442958
-0.0003174315
-0.0002949598
-0.0002808308
-0.000276721
-0.0002816378
-0.000295672
-0.000320397
-0.000356588
-0.0004014688
-0.0004515003
-0.000501959
-0.0005481352
-0.0005884104
-0.000621981
-0.0006494198
-0.0006692224
-0.0006746692
-0.0006579614
-0.0006141451
-0.0005444813
-0.000455201
-0.0003533835
-0.0002441034
-0.0001305899
-1.874533e-05
8.253348e-05
0.0001666584
0.0002320047
0.0002819209
0.0003219913
0.0003567429
0.0003918052
0.0004353501
0.0004926424
0.0005639094
0.0006501091
0.0007557974
0.0008832257
0.001028599
0.001181768
0.001326491
0.001446918
0.001532823
0.001581267
0.001599173
0.001600448
0.001599439
0.001603637
0.001611138
0.001617335
0.001619612
0.001614323
0.001595645
0.001560435
0.001510207
0.00144916
0.001382096
0.001311191
0.001236151
0.001156773
0.001073193
0.0009841235
0.0008863773
0.0007801921
0.0006725436
0.0005736772
0.0004933322
0.0004347473
0.0003912658
0.0003515908
0.0003067661
0.0002554531
0.0002016515
0.0001492146
0.0001026387
6.64981e-05
4.186949e-05
2.701103e-05
1.967149e-05
1.838472e-05
2.054196e-05
2.040758e-05
1.45829e-05
5.739453e-06
-2.74397e-06
-1.077757e-05
-1.901548e-05
-2.434877e-05
-2.315128e-05
-1.81665e-05
-1.383039e-05
-1.126303e-05
-1.067302e-05
-1.222706e-05
-1.637781e-05
-2.16799e-05
-2.558479e-05
-2.807791e-05
-3.068466e-05
-3.659621e-05
-4.991168e-05
-7.33223e-05
-0.0001072578
-0.0001482812
-0.000188781
-0.0002194505
-0.0002345837
-0.0002358834
-0.0002289014
-0.0002161039
-0.0001935465
-0.0001540456
-9.261383e-05
-8.737937e-06
9.241001e-05
0.0002025905
0.000312522
0.000413247
0.0004998804
0.0005698142
0.0006221142
0.0006580473
0.0006795999
0.0006888736
0.0006891472
0.0006868893
0.0006879101
0.0006944234
0.0007064618
0.0007193462
0.0007225068
0.000706501
0.0006687696
0.0006110404
0.0005360658
0.0004462341
0.0003413285
0.0002216619
9.223728e-05
-3.849269e-05
-0.0001630116
-0.0002770206
-0.0003753533
-0.0004528263
-0.0005097629
-0.0005511187
-0.0005832438
-0.000611027
-0.0006396451
-0.000675512
-0.0007207648
-0.0007706969
-0.0008184358
-0.0008623766
-0.0009048004
-0.0009445923
-0.000979214
-0.001007914
-0.001030086
-0.001045776
-0.001057197
-0.001067254
-0.001075314
-0.001075191
-0.001059
-0.001020576
-0.0009570272
-0.0008712078
-0.0007700975
-0.0006611711
-0.0005515377
-0.0004481048
-0.0003565832
-0.0002795517
-0.0002160638
-0.0001643386
-0.0001227929
-8.616741e-05
-4.565886e-05
3.569152e-06
6.007979e-05
0.0001196914
0.0001771944
0.000227683
0.0002670728
0.0002926459
0.0003043144
0.0003051919
0.0002990383
0.0002857884
0.00026313
0.0002283652
0.0001783641
0.0001140111
4.203346e-05
-2.962208e-05
-9.31125e-05
-0.0001408519
-0.0001692805
-0.000179294
-0.000174442
-0.0001583541
-0.0001326943
-9.777109e-05
-5.342051e-05
1.447243e-06
6.789376e-05
0.0001436748
0.0002213034
0.0002887238
0.0003351744
0.0003557491
0.0003507061
0.0003227538
0.0002744641
0.000209605
0.000130862
3.843361e-05
-6.547269e-05
-0.0001780467
-0.0002979306
-0.000422686
-0.0005460619
-0.0006577326
-0.0007496029
-0.0008218711
-0.0008828683
-0.0009410056
-0.000997971
-0.001053646
-0.001109138
-0.001164386
-0.001217011
-0.001262048
-0.001294415
-0.001309636
-0.001305323
-0.001283542
-0.001249393
-0.001209922
-0.001171763
-0.001137119
-0.001102496
-0.001062067
-0.001010997
-0.0009436155
-0.0008545584
-0.0007448373
-0.0006180424
-0.0004738459
-0.0003108552
-0.0001299464
6.469618e-05
0.0002675166
0.0004743731
0.0006795536
0.0008725135
0.001038632
0.001166555
0.001255146
0.001309687
0.001335403
0.001337263
0.001319567
0.001285194
0.001238241
0.001185866
0.00113531
0.001093663
0.00107006
0.001068429
0.001082
0.001098598
0.001109041
0.001108972
0.001096664
0.001074184
0.001046198
0.001019145
0.000997289
0.0009799164
0.0009649125
0.0009501997
0.0009368087
0.0009267606
0.0009177166
0.0009067729
0.0008958251
0.0008902452
0.0008923283
0.0008974747
0.0008974235
0.0008858935
0.0008619627
0.0008295842
0.00079309
0.0007534279
0.0007091592
0.0006594513
0.0006050771
0.0005482719
0.000495186
0.000454474
0.000432689
0.0004349349
0.0004643658
0.0005195728
0.0005952994
0.0006854074
0.000786954
0.0008995592
0.001020005
0.001140721
0.001254001
0.001355988
0.00144411
0.001514536
0.001563329
0.001586926
0.001583519
0.001552096
0.001493529
0.001410225
0.00130189
0.001167305
0.001006202
0.0008202238
0.0006157035
0.0004018638
0.0001864126
-2.653331e-05
-0.0002356097
-0.000438875
-0.0006314847
-0.0008074989
-0.0009641629
-0.001104658
-0.001232913
-0.001351647
-0.001465001
-0.001574124
-0.001673238
-0.001753352
-0.0018063
-0.001825746
-0.00181021
-0.00176206
-0.001682638
-0.001570579
-0.001418696
-0.001220129
-0.0009798547
-0.0007112302
-0.0004287872
-0.0001450046
0.0001327508
0.0004012273
0.0006586085
0.0009018329
0.00112536
0.001323491
0.00149091
0.001623104
0.001716238
0.001764006
0.001759641
0.001700109
0.001585633
0.001419401
0.001206369
0.0009545655
0.0006783032
0.0003942994
0.0001175237
-0.000140841
-0.0003744719
-0.0005819404
-0.0007639656
-0.0009204497
-0.001053472
-0.001166716
-0.001261451
-0.00133704
-0.00139066
-0.001418324
-0.001417384
-0.001386847
-0.001327516
-0.001242344
-0.001135637
-0.00101145
-0.0008737519
-0.0007281738
-0.0005816406
-0.0004426738
-0.000320617
-0.0002228372
-0.0001563214
-0.000123335
-0.0001157215
-0.0001236134
-0.0001423077
-0.0001714336
-0.0002140496
-0.0002745926
-0.0003575624
-0.0004676357
-0.0006073549
-0.0007746439
-0.0009656792
-0.001175037
-0.00139359
-0.001612563
-0.00182503
-0.002024815
-0.002207348
-0.002370136
-0.002512191
-0.002630972
-0.00272193
-0.002781572
-0.002806673
-0.002796459
-0.002754621
-0.002686161
-0.00259836
-0.002499327
-0.002395497
-0.002294501
-0.00220047
-0.002108744
-0.002010085
-0.001896635
-0.001764953
-0.001613297
-0.001442994
-0.001261496
-0.001079448
-0.0009063649
-0.0007451353
-0.0005926474
-0.0004451689
-0.0003016958
-0.0001647789
-3.591888e-05
8.489169e-05
0.000197125
0.000299029
0.0003879436
0.0004643857
0.0005314003
0.0005919944
0.0006487538
0.0007031275
0.0007583251
0.0008153172
0.000867718
0.0009049466
0.0009186191
0.0009108158
0.0008901715
0.0008624478
0.0008325896
0.0008048766
0.000776119
0.0007354885
0.0006746345
0.0005947128
0.0005021451
0.0004026135
0.0003003718
0.0001987482
0.0001006325
9.120389e-06
-7.086326e-05
-0.000130868
-0.000163164
-0.0001655721
-0.0001388994
-8.513433e-05
-1.028522e-05
7.514235e-05
0.0001589709
0.0002302792
0.0002835614
0.0003196091
0.0003424603
0.0003604838
0.0003839205
0.0004194901
0.0004685388
0.0005253155
0.0005825192
0.0006373038
0.0006939461
0.0007623991
0.0008489685
0.0009528362
0.001068424
0.001187943
0.001305129
0.001414637
0.001511683
0.001596381
0.001670962
0.001733282
0.00178165
0.001820781
0.001858578
0.001899788
0.001944209
0.001990069
0.002036602
0.002081469
0.002119697
0.002149305
0.002172949
0.002195783
0.002221372
0.002246778
0.002268063
0.002284306
0.00229363
0.002292358
0.00227688
0.002246572
0.00220298
0.002146611
0.002076829
0.001991505
0.001886209
0.001757255
0.001603639
0.001427078
0.001231841
0.001022193
0.0007990583
0.0005581049
0.0002917802
-5.016348e-06
-0.0003311201
-0.0006794081
-0.001039007
-0.001396159
-0.00173911
-0.002061129
-0.002359955
-0.002636917
-0.002892948
-0.003125277
-0.003327941
-0.003492007
-0.003609953
-0.003681392
-0.003708248
-0.003691177
-0.003633017
-0.003537523
-0.003408053
-0.003249439
-0.003071082
-0.002884681
-0.002699017
-0.002519949
-0.00234971
-0.002186788
-0.002027964
-0.001870117
-0.001709735
-0.001541426
-0.001359475
-0.001161581
-0.0009525937
-0.0007424559
-0.0005413979
-0.0003569901
-0.0001909574
-4.404189e-05
7.978519e-05
0.0001789698
0.0002576792
0.0003213921
0.0003707954
0.0004041632
0.0004253626
0.0004421768
0.0004617557
0.0004883487
0.0005209223
0.0005553074
0.0005848894
0.0006021257
0.0006029015
0.0005872476
0.0005585056
0.0005205357
0.0004746993
0.0004191834
0.0003524993
0.0002752154
0.000189586
0.0001036421
2.990793e-05
-1.91503e-05
-3.639903e-05
-2.387577e-05
1.145759e-05
5.838687e-05
0.0001048015
0.0001440997
0.0001709774
0.0001799856
0.0001672697
0.0001302072
7.045546e-05
-7.975153e-06
-0.0001023735
-0.0002095519
-0.000325069
-0.000443409
-0.0005595888
-0.0006706244
-0.0007741962
-0.0008682936
-0.000952303
-0.00102828
-0.001099768
-0.001168162
-0.001232127
-0.001287164
-0.001326078
-0.001342599
-0.001334485
-0.001305814
-0.00126559
-0.00122425
-0.001189262
-0.001163746
-0.001149204
-0.001145186
-0.001151367
-0.001169078
-0.001199527
-0.001241363
-0.001285935
-0.001320732
-0.001335907
-0.001325645
-0.001291605
-0.00124299
-0.001190681
-0.001141326
-0.001092876
-0.001038084
-0.0009717065
-0.0008935314
-0.0008086603
-0.0007257898
-0.000653971
-0.0005979021
-0.0005565027
-0.0005257378
-0.0004995088
-0.0004722304
-0.0004409207
-0.0004052091
-0.0003683281
-0.0003347777
-0.0003083922
-0.0002916989
-0.0002857881
-0.0002938406
-0.0003179739
-0.0003535222
-0.0003891676
-0.0004107059
-0.0004088432
-0.0003829569
-0.0003381222
-0.0002833738
-0.0002294234
-0.0001831524
-0.0001430842
-9.941278e-05
-3.877275e-05
4.788223e-05
0.0001609167
0.0002946573
0.000443418
0.0006040441
0.000775454
0.0009565973
0.001146861
0.001351435
0.001576558
0.001818222
0.002062129
0.002288221
0.002477658
0.002620614
0.002716966
0.002773329
0.002800386
0.002806465
0.002792813
0.002758546
0.002705249
0.002634669
0.002545832
0.00243479
0.002299636
0.002142308
0.001962773
0.001758303
0.001527325
0.001271765
0.0009997994
0.000728092
0.0004757806
0.0002551286
7.04055e-05
-7.778977e-05
-0.0001887862
-0.0002631658
-0.0003049244
-0.0003187456
-0.0003099426
-0.0002826417
-0.0002357268
-0.000167442
-8.117147e-05
1.710266e-05
0.0001219011
0.0002261224
0.0003227025
0.0004091344
0.0004844071
0.000545092
0.0005874396
0.0006118464
0.000625117
0.0006361812
0.0006496828
0.0006653431
0.0006807922
0.0006944147
0.0007058636
0.0007138399
0.0007136035
0.0006961129
0.0006526065
0.0005785901
0.0004718294
0.0003329097
0.0001689527
-6.627135e-06
-0.0001794017
-0.0003396973
-0.0004865898
-0.0006245256
-0.0007557969
-0.000879034
-0.0009904816
-0.001084931
-0.001158994
-0.001214937
-0.00126089
-0.001304105
-0.001343604
-0.001373164
-0.001389571
-0.001393039
-0.001383333
-0.001359446
-0.00132115
-0.00126889
-0.001205094
-0.001139666
-0.001088048
-0.001058179
-0.001047921
-0.001052359
-0.001067528
-0.001093238
-0.001133326
-0.001191749
-0.001266591
-0.001347046
-0.001416247
-0.001464348
-0.001496685
-0.001522388
-0.001549517
-0.001584187
-0.001623248
-0.001659585
-0.0016903
-0.001715898
-0.001739408
-0.001764331
-0.001790393
-0.001810585
-0.001811798
-0.001782425
-0.001720067
-0.001632738
-0.001534789
-0.001441458
-0.001363749
-0.001304995
-0.001261506
-0.001224717
-0.001185851
-0.001140751
-0.001088821
-0.001030269
-0.0009644399
-0.000891038
-0.0008089914
-0.0007132476
-0.0005993414
-0.0004681424
-0.0003241779
-0.0001745417
-2.562255e-05
0.00011917
0.0002578437
0.0003903879
0.0005180672
0.0006403392
0.0007541753
0.0008540029
0.0009331629
0.0009859504
0.001012868
0.001024511
0.001037493
0.00106769
0.001123521
0.001202877
0.001295135
0.00138685
0.001471252
0.001551873
0.001637967
0.001736669
0.00184817
0.001968379
0.0020918
0.002209295
0.002309138
0.002380821
0.002418214
0.002421386
0.002395623
0.002351929
0.002303489
0.002256653
0.002208311
0.002150262
0.002073135
0.001968354
0.001832447
0.001669222
0.001487096
0.001300636
0.001131868
0.001000231
0.0009145739
0.0008776819
0.0008880704
0.0009360643
0.001006024
0.001083259
0.00115529
0.001213275
0.00125588
0.001287371
0.001314982
0.00134501
0.001380894
0.001425676
0.001478215
0.001531672
0.001577405
0.001608487
0.00162389
0.001627455
0.001625677
0.001621527
0.001607213
0.001569632
0.001494958
0.001374396
0.001208926
0.001006393
0.0007802867
0.0005436268
0.0003070946
7.928919e-05
-0.0001357928
-0.0003345932
-0.0005142162
-0.0006702054
-0.0007991567
-0.0009056351
-0.0009971624
-0.001081716
-0.001163131
-0.001235651
-0.001288908
-0.001311135
-0.001291666
-0.001224641
-0.001112829
-0.000968486
-0.0008076544
-0.0006440167
-0.0004851764
-0.0003380732
-0.0002155656
-0.0001304275
-9.262465e-05
-0.0001078509
-0.0001679726
-0.0002512213
-0.0003341812
-0.0004039211
-0.0004583342
-0.0004980633
-0.0005236783
-0.000534608
-0.0005307113
-0.0005135297
-0.0004837435
-0.0004412726
-0.0003841154
-0.0003084471
-0.000208477
-7.356278e-05
0.0001066012
0.0003326576
0.0005938616
0.0008739364
0.001155666
0.001423117
0.001666279
0.00188216
0.002069164
0.002221878
0.00233522
0.002406661
0.002431004
0.002405758
0.002338054
0.002243074
0.002142301
0.002053782
0.001983704
0.001928654
0.001878089
0.00181808
0.001736233
0.00162536
0.001483162
0.001310128
0.001110307
0.0008911819
0.0006626067
0.0004356285
0.0002171714
5.80303e-06
-0.0002059934
-0.0004233991
-0.0006398801
-0.0008359297
-0.0009892191
-0.00108782
-0.001131775
-0.001127553
-0.001085547
-0.001015194
-0.0009229282
-0.0008118398
-0.0006813437
-0.0005331488
-0.0003769
-0.0002272281
-9.770677e-05
3.289508e-06
7.591819e-05
0.0001244554
0.0001491565
0.0001445702
0.0001035581
2.314786e-05
-9.101459e-05
-0.0002262777
-0.0003703158
-0.0005126835
-0.0006454565
-0.0007669547
-0.0008808733
-0.0009932261
-0.001109377
-0.001229734
-0.001347552
-0.001452984
-0.001537781
-0.00159709
-0.001632315
-0.001649497
-0.001653685
-0.001648624
-0.001637484
-0.001623665
-0.001616263
-0.001627058
-0.001659098
-0.001702885
-0.001739333
-0.001747927
-0.001719588
-0.001658949
-0.001576627
-0.001484597
-0.001390334
-0.001293936
-0.001190299
-0.001071776
-0.0009344502
-0.0007795366
-0.0006072789
-0.0004162299
-0.0002094456
3.251404e-06
0.0002102205
0.0004027868
0.0005778005
0.0007373754
0.0008836466
0.001016316
0.001136395
0.001241999
0.001325091
0.00137894
0.001400933
0.001391172
0.001355713
0.00130769
0.001263067
0.001235879
0.001233843
0.001255484
0.001291217
0.00132544
0.001342572
0.001337035
0.001314981
0.001284809
0.001250917
0.001215448
0.001177221
0.001129261
0.001065286
0.0009899011
0.0009178013
0.0008668033
0.0008535871
0.0008891235
0.0009732812
0.001092363
0.001228362
0.001368564
0.001503307
0.001624172
0.00172227
0.00178451
0.001796904
0.001749321
0.001637438
0.001466684
0.001251458
0.001010464
0.0007648705
0.0005359432
0.0003402941
0.0001875803
7.886286e-05
3.155292e-06
-5.941699e-05
-0.0001307215
-0.0002316283
-0.0003766547
-0.000566682
-0.0007885856
-0.001021184
-0.001237224
-0.001408274
-0.00151643
-0.001556808
-0.001532127
-0.001451162
-0.001327581
-0.001173531
-0.0009929965
-0.0007859636
-0.0005566269
-0.0003149025
-7.075713e-05
0.0001703685
0.0004054876
0.0006376293
0.0008757524
0.001127267
0.00139428
0.00167132
0.001944754
0.002195435
0.002406513
0.002569969
0.002686472
0.00276084
0.002795026
0.002786685
0.00273401
0.002640305
0.002512365
0.002356856
0.002180886
0.001992165
0.001798106
0.001606474
0.001427426
0.001272481
0.00114964
0.00106219
0.001011515
0.001000061
0.001029998
0.00109839
0.00119801
0.001316356
0.001437612
0.001549444
0.001639392
0.001691347
0.001692942
0.001640724
0.001539353
0.001402805
0.001251394
0.001102524
0.0009665619
0.0008463754
0.0007402705
0.0006477975
0.0005703017
0.0005069563
0.0004543418
0.0004046434
0.0003439983
0.0002578378
0.0001374971
-2.066083e-05
-0.0002189261
-0.0004581427
-0.0007398204
-0.001068265
-0.001444224
-0.001859576
-0.002298228
-0.002741387
-0.003171917
-0.003575281
-0.003941699
-0.004265715
-0.004541417
-0.004764452
-0.004936021
-0.005062118
-0.005147924
-0.005196531
-0.00521477
-0.005209907
-0.005182794
-0.005132637
-0.005061914
-0.004973031
-0.004867647
-0.004751514
-0.004629046
-0.004495358
-0.00434107
-0.00415796
-0.00394098
-0.003688949
-0.003408237
-0.003113105
-0.00281717
-0.002533091
-0.002276591
-0.002060441
-0.001888701
-0.00175767
-0.001655165
-0.001557293
-0.001436738
-0.001275895
-0.001071221
-0.000828596
-0.0005568962
-0.0002666806
3.155556e-05
0.0003316408
0.0006318554
0.0009352456
0.001249933
0.001583503
0.001932343
0.002278977
0.002598516
0.002864381
0.003057011
0.003175273
0.003232767
0.00324817
0.003241571
0.003226844
0.003209126
0.003192805
0.003184584
0.003191449
0.003217262
0.003254213
0.003281662
0.003281033
0.003240436
0.003146547
0.002987983
0.002760652
0.002467877
0.002124905
0.001760606
0.001410065
0.001101659
0.0008444827
0.0006288117
0.0004400109
0.0002698304
0.0001141507
-3.116611e-05
-0.0001685652
-0.0002982007
-0.0004189051
-0.0005312759
-0.0006394639
-0.0007500174
-0.0008730036
-0.001016241
-0.001175378
-0.001330108
-0.001449121
-0.001504498
-0.001481517
-0.001379313
-0.00121148
-0.001001178
-0.0007734792
-0.0005519627
-0.0003560042
-0.0002001034
-9.520242e-05
-4.841207e-05
-5.698993e-05
-0.0001070754
-0.0001826744
-0.0002700709
-0.0003575334
-0.0004361042
-0.0004969922
-0.0005288855
-0.0005193126
-0.0004569292
-0.0003344825
-0.0001518967
8.266474e-05
0.0003542571
0.0006394595
0.0009095876
0.001147187
0.001349652
0.001521536
0.001670057
0.001803223
0.001930795
0.002057797
0.002188078
0.002333431
0.002507926
0.002721884
0.002973728
0.003251338
0.003536698
0.003803364
0.004026363
0.004189806
0.004292001
0.004347029
0.004367333
0.00435583
0.004310977
0.004232788
0.004130554
0.004016726
0.003901763
0.003794002
0.003690301
0.003576544
0.003440236
0.003279149
0.003099402
0.002910545
0.002721699
0.002533859
0.002340525
0.00213066
0.001896099
0.001641905
0.001382481
0.001134905
0.0009149857
0.000738045
0.0006247144
0.0005936177
0.0006526583
0.0007940396
0.0009888919
0.001195789
0.001373054
0.001486059
0.001515757
0.001459603
0.001326664
0.001130295
0.0008841977
0.0005985585
0.0002721674
-0.0001067131
-0.0005497686
-0.001059507
-0.001628317
-0.002243172
-0.00288338
-0.003521494
-0.004130232
-0.004685334
-0.005164026
-0.00554304
-0.005804
-0.005946254
-0.005987403
-0.005951627
-0.005861386
-0.005737184
-0.005599964
-0.005466452
-0.005345961
-0.005245989
-0.005167535
-0.00509866
-0.005019373
-0.004912654
-0.004770708
-0.00458949
-0.004371419
-0.004125506
-0.00386179
-0.003588754
-0.003302087
-0.00299886
-0.00268881
-0.00237772
-0.002072043
-0.001773648
-0.001475196
-0.001169471
-0.0008461805
-0.0005074173
-0.0001646242
0.0001605065
0.0004221975
0.0005863774
0.0006353158
0.0005569051
0.0003553162
4.176326e-05
-0.0003563407
-0.0008006309
-0.001260894
-0.001709081
-0.00212424
-0.002498445
-0.002829999
-0.003113552
-0.003340175
-0.003504504
-0.003603367
-0.003640031
-0.003619777
-0.003550527
-0.003451081
-0.003339727
-0.003231619
-0.003135378
-0.003050221
-0.002976944
-0.002917498
-0.002875022
-0.002852385
-0.002846644
-0.002850021
-0.002850307
-0.002838402
-0.002811785
-0.002767997
-0.002705599
-0.002625515
-0.002525717
-0.002402887
-0.002261653
-0.002112221
-0.001964462
-0.001829186
-0.00171495
-0.001632945
-0.001599917
-0.001632592
-0.001750831
-0.001966701
-0.00226825
-0.002624382
-0.00299345
-0.003331596
-0.003603221
-0.003791156
-0.003899095
-0.003940692
-0.003930736
-0.003882808
-0.00380822
-0.003712144
-0.0035902
-0.00343326
-0.003230838
-0.002973316
-0.002659871
-0.002305223
-0.001932455
-0.001559975
-0.001199372
-0.0008574803
-0.0005337112
-0.000219184
0.0001012518
0.0004423759
0.0008127054
0.001214867
0.001645915
0.002095514
0.002544611
0.002967248
0.003337891
0.003635003
0.003843619
0.003954203
0.003960398
0.003861889
0.003663773
0.003379213
0.003034289
0.002662192
0.002290798
0.001933835
0.001595667
0.001283695
0.001016327
0.0008240383
0.0007420143
0.000793693
0.0009777918
0.001271249
0.001640847
0.002053547
0.002481559
0.002902443
0.003298536
0.003653434
0.003952809
0.004194145
0.004389031
0.004553548
0.004698911
0.004827193
0.004929925
0.004985587
0.004965177
0.004846213
0.004615914
0.004271401
0.003823993
0.003294282
0.002706034
0.002082725
0.001443164
0.0008034819
0.0001777484
-0.0004242086
-0.0009978353
-0.001541004
-0.002054406
-0.002540284
-0.00299225
-0.003399878
-0.003763548
-0.004093344
-0.004401113
-0.004696689
-0.00498776
-0.005275313
-0.005546553
-0.005775747
-0.005935387
-0.00600302
-0.005956463
-0.005775967
-0.005457616
-0.005019003
-0.004493182
-0.003917826
-0.003328601
-0.002758972
-0.002236774
-0.001783461
-0.001415113
-0.001138385
-0.0009470023
-0.0008237307
-0.0007423302
-0.0006705103
-0.0005870074
-0.0004844836
-0.000357216
-0.0002048527
-2.925798e-05
0.000163705
0.0003626087
0.0005588472
0.0007375778
0.0008845334
0.0009945917
0.001061745
0.001086629
0.001074803
0.001032235
0.0009740609
0.0009188492
0.000886819
0.0009006444
0.0009760356
0.001120126
0.001332506
0.001602593
0.001909656
0.002227054
0.002523691
0.002770319
0.002946849
0.003040486
0.003047452
0.002969191
0.002810096
0.002581862
0.002295875
0.001966279
0.001613516
0.001254358
0.000904042
0.0005775375
0.0002876851
4.302905e-05
-0.0001573209
-0.0003186067
-0.000446964
-0.000551068
-0.000642904
-0.0007388081
-0.0008576913
-0.001019635
-0.001237243
-0.00150811
-0.001814014
-0.002126282
-0.002419157
-0.002675817
-0.002888638
-0.003055983
-0.003178579
-0.003261326
-0.003308152
-0.003320856
-0.003301271
-0.003246434
-0.003150512
-0.003002003
-0.00278135
-0.00247345
-0.002073735
-0.001588997
-0.001040927
-0.0004652008
0.0001004111
0.0006312628
0.001113665
0.001540411
0.001910139
0.002225826
0.002492216
0.002706678
0.002860406
0.002945696
0.002957809
0.002895072
0.002757795
0.00255223
0.002283836
0.001951222
0.001556138
0.001108569
0.0006302796
0.00015573
-0.0002731623
-0.0006175108
-0.0008562795
-0.0009910543
-0.001041269
-0.001031183
-0.0009787047
-0.0008940827
-0.0007781905
-0.000630473
-0.0004552365
-0.0002611536
-6.738594e-05
0.0001006319
0.0002200465
0.0002780468
0.0002817637
0.0002578934
0.0002444053
0.0002744428
0.0003611979
0.0004934462
0.0006436769
0.0007853464
0.0008980728
0.0009695869
0.0009973295
0.0009794124
0.0009145677
0.0008070919
0.0006700228
0.0005267847
0.0004037539
0.0003220277
0.0002874099
0.0002848862
0.0002876062
0.0002686989
0.0002105939
0.0001070563
-3.761311e-05
-0.0002086763
-0.0003848597
-0.000538041
-0.0006389784
-0.0006728153
-0.0006412267
-0.0005573245
-0.000444534
-0.0003315147
-0.0002412005
-0.0001882794
-0.0001849991
-0.0002421181
-0.0003708844
-0.0005824573
-0.0008804825
-0.001257717
-0.001691935
-0.002149644
-0.002601943
-0.003027614
-0.003405265
-0.003717933
-0.00395916
-0.004133098
-0.004257139
-0.004361402
-0.004481969
-0.004655489
-0.004913097
-0.005272694
-0.005733546
-0.006276041
-0.006864708
-0.007453382
-0.007994792
-0.008450083
-0.008794574
-0.009018632
-0.009120423
-0.009102124
-0.008970944
-0.008733188
-0.008390941
-0.007947905
-0.007409274
-0.006779128
-0.006069889
-0.005307846
-0.004524055
-0.003738725
-0.00295321
-0.002152571
-0.0013199
-0.0004538889
0.0004259733
0.00128367
0.002075963
0.002769502
0.003346678
0.003799415
0.004129526
0.004353977
0.004500241
0.004594595
0.004648858
0.00465389
0.00458588
0.004420443
0.004148458
0.003787841
0.00337992
0.00297433
0.002615315
0.00232973
0.002121555
0.001980838
0.00189053
0.001827844
0.001775037
0.00172807
0.001690537
0.001663334
0.00163982
0.001605031
0.001537971
0.001421942
0.001255954
0.001056327
0.0008485715
0.000656125
0.0004922551
0.0003532422
0.0002204843
7.366037e-05
-0.0001006285
-0.0003060937
-0.0005384894
-0.000790755
-0.001050413
-0.00129599
-0.001496452
-0.001612071
-0.001606533
-0.001457096
-0.00115571
-0.0007157367
-0.0001782554
0.0003948138
0.0009368978
0.001388048
0.001699241
0.001839406
0.001802693
0.001608511
0.0012943
0.0009090804
0.0005068704
0.0001330206
-0.0001909572
-0.0004657118
-0.000697378
-0.000891272
-0.001058259
-0.001216174
-0.001383041
-0.001565869
-0.001749971
-0.001899755
-0.001969572
-0.001917418
-0.001722058
-0.001395625
-0.0009815344
-0.000539433
-0.0001260023
0.000222824
0.0005020398
0.0007342903
0.0009536089
0.00118676
0.001440147
0.00169947
0.001943209
0.002159338
0.002352798
0.002544009
0.00276018
0.003021331
0.003333968
0.00369509
0.004092391
0.004500229
0.004876073
0.00516403
0.005310083
0.00527634
0.005047365
0.004632093
0.004061733
0.003385121
0.002659342
0.001938644
0.001267229
0.0006728305
0.000162417
-0.0002777039
-0.0006764338
-0.001061516
-0.001441562
-0.001800518
-0.002098824
-0.002285137
-0.002313987
-0.002158881
-0.001819805
-0.001319954
-0.000702185
-2.685069e-05
0.0006410775
0.001256503
0.001808732
0.002314089
0.002800439
0.003289817
0.003793284
0.004316925
0.004858058
0.005401148
0.005915072
0.006345293
0.006618789
0.006669533
0.00646403
0.006009058
0.005340466
0.004508642
0.003571126
0.002584366
0.001596119
0.0006414236
-0.0002549287
-0.001074617
-0.001802901
-0.002423863
-0.002918097
-0.00326554
-0.003455894
-0.00350104
-0.003436887
-0.003313522
-0.003180812
-0.00307828
-0.003028678
-0.003036905
-0.00309052
-0.003161039
-0.003209458
-0.003192603
-0.003071526
-0.002826653
-0.002468944
-0.002031245
-0.001552928
-0.001072056
-0.000620198
-0.0002147387
0.0001456385
0.0004738108
0.000780529
0.001065569
0.00131556
0.001499261
0.001578586
0.001536217
0.001378469
0.001130098
0.0008279725
0.0005061854
0.000199229
-5.982776e-05
-0.0002488813
-0.0003564622
-0.0003875893
-0.0003665099
-0.0003286766
-0.0003112851
-0.0003380289
-0.0004088869
-0.0005141537
-0.0006510625
-0.000826728
-0.001056587
-0.001350487
-0.001702115
-0.002086531
-0.002453699
-0.002746401
-0.002918594
-0.002929915
-0.002757139
-0.002400666
-0.001878962
-0.001231961
-0.0005098937
0.0002272725
0.0009034096
0.001445061
0.001798061
0.001939145
0.001881787
0.001658606
0.001303641
0.000851131
0.0003341057
-0.0002250163
-0.0008130904
-0.001412192
-0.001995394
-0.002535534
-0.003011044
-0.003403507
-0.003698848
-0.003885012
-0.003941757
-0.00384375
-0.003567781
-0.003093533
-0.002412707
-0.001539504
-0.0005218143
0.0005591705
0.001618854
0.00258878
0.003419394
0.004086314
0.004585246
0.004918423
0.005082874
0.005060781
0.004822914
0.004345292
0.003630868
0.002718689
0.001675535
0.0005897741
-0.0004487293
-0.001375374
-0.002152456
-0.002768385
-0.003239831
-0.003606045
-0.003922193
-0.004235649
-0.004562531
-0.004893192
-0.005207207
-0.00548375
-0.005718339
-0.005925647
-0.006120147
-0.00630281
-0.006462623
-0.006582972
-0.006642947
-0.006623278
-0.006514338
-0.006306606
-0.005989473
-0.005561021
-0.00502392
-0.00439029
-0.003696903
-0.002999815
-0.002350461
-0.001781344
-0.001298777
-0.0008728499
-0.0004551622
-2.065832e-05
0.0004167754
0.0008142093
0.001119214
0.001292571
0.001328943
0.001267903
0.00117708
0.001120655
0.001142713
0.001265604
0.001495366
0.001828079
0.002252886
0.002749609
0.003282366
0.003800465
0.004249952
0.00457687
0.004731659
0.004685685
0.004440248
0.004028825
0.003510702
0.002947514
0.002386269
0.00184837
0.001324792
0.00080223
0.0002780509
-0.0002460462
-0.0007544551
-0.001221662
-0.001630431
-0.001970356
-0.002228531
-0.00239371
-0.002471492
-0.002487631
-0.002491932
-0.002559655
-0.002757989
-0.003113465
-0.003601278
-0.004151891
-0.004688719
-0.00515069
-0.005499643
-0.005730768
-0.005854291
-0.005880409
-0.005823681
-0.00570614
-0.005555903
-0.005390324
-0.005207348
-0.004995205
-0.0047379
-0.004428485
-0.004085664
-0.003749813
-0.003462945
-0.003251111
-0.003120047
-0.003059528
-0.003049473
-0.003061573
-0.003054905
-0.002978468
-0.002781956
-0.002436674
-0.001953296
-0.001375012
-0.0007574035
-0.0001529743
0.0003985352
0.0008798331
0.001298702
0.001670292
0.002006351
0.002311603
0.00257579
0.002783701
0.002926484
0.002998409
0.003001813
0.002951418
0.002873596
0.002804384
0.002772089
0.00278496
0.002838824
0.002920142
0.003008615
0.00308057
0.003112151
0.003086485
0.00299605
0.002848631
0.002673167
0.002508993
0.002388032
0.002321745
0.002299905
0.00230422
0.002319375
0.002330188
0.002322379
0.002289428
0.002232967
0.002162996
0.002100375
0.002070821
0.002095299
0.002182782
0.002330035
0.002528688
0.002766814
0.003032228
0.003320525
0.003633451
0.003970636
0.00432102
0.004655176
0.004917785
0.005036811
0.004956362
0.00466153
0.00418421
0.00359553
0.002977908
0.00239002
0.001849704
0.001348273
0.0008821666
0.0004618559
0.0001008154
-0.0001925861
-0.0004207286
-0.0005956623
-0.0007308738
-0.0008350364
-0.0009120581
-0.0009682752
-0.00102065
-0.001097465
-0.001224569
-0.00141055
-0.001647423
-0.001920821
-0.002218545
-0.002536141
-0.002873889
-0.003226946
-0.00357975
-0.003906382
-0.004172948
-0.004341653
-0.00437694
-0.004256368
-0.003988656
-0.003617489
-0.003202925
-0.00280845
-0.002489956
-0.002273338
-0.002141208
-0.002041469
-0.001908747
-0.001685131
-0.001334858
-0.000851765
-0.0002590341
0.0004037214
0.001095121
0.001775391
0.002408117
0.002969604
0.003452841
0.003860672
0.004198479
0.004470639
0.004675965
0.004806877
0.004854939
0.004813317
0.004680093
0.004466213
0.004192748
0.003885677
0.003578191
0.003309314
0.00311424
0.003005559
0.002963589
0.002945214
0.002894315
0.002756443
0.002499383
0.00212411
0.001659707
0.001148653
0.0006369263
0.0001716502
-0.0002006073
-0.0004437445
-0.0005492642
-0.0005452107
-0.0004848692
-0.0004221059
-0.0003966141
-0.0004305559
-0.0005235569
-0.0006541536
-0.0007903863
-0.0009085737
-0.00100391
-0.00108627
-0.001177095
-0.001300631
-0.001468149
-0.001672128
-0.001895106
-0.002118544
-0.00232799
-0.002524677
-0.002729234
-0.002969715
-0.003269296
-0.003633029
-0.004036388
-0.004431953
-0.004765628
-0.004995713
-0.005104114
-0.005088923
-0.004956187
-0.004712582
-0.00435687
-0.003878608
-0.003266578
-0.002522483
-0.00167254
-0.0007682445
0.0001283694
0.0009630875
0.001697832
0.002320006
0.002846097
0.003304808
0.003720834
0.004117382
0.00451342
0.004908327
0.005276084
0.005574095
0.005750339
0.00575235
0.005551556
0.005163667
0.004645849
0.004075572
0.003518939
0.003009788
0.002546746
0.002113038
0.001707088
0.001341645
0.001029538
0.0007815178
0.0005992506
0.0004629543
0.0003360155
0.0001898996
2.004634e-05
-0.0001526879
-0.0002902255
-0.0003580406
-0.0003417881
-0.0002468091
-8.363289e-05
0.0001392734
0.0004125048
0.0007355843
0.001126274
0.001615983
0.002239082
0.003013252
0.003918572
0.004886474
0.005813589
0.006600846
0.007177896
0.007503942
0.007564866
0.007370727
0.00695226
0.006361706
0.005673582
0.004972321
0.004327259
0.003767819
0.003283178
0.002842411
0.002409827
0.001959339
0.001491721
0.001031921
0.0006082543
0.0002385113
-7.413294e-05
-0.0003451658
-0.0006042154
-0.0008762094
-0.00116435
-0.001449746
-0.001697479
-0.001863704
-0.001908884
-0.001813758
-0.001588967
-0.001280675
-0.0009687109
-0.0007457759
-0.0006879754
-0.0008398486
-0.001213726
-0.001793207
-0.002539867
-0.00339796
-0.004294303
-0.005146754
-0.005876968
-0.006416623
-0.00672114
-0.006786221
-0.006643365
-0.006344411
-0.005945112
-0.005488062
-0.005000199
-0.004503082
-0.004017254
-0.003556175
-0.003119996
-0.002697223
-0.002273372
-0.001840065
-0.001395706
-0.0009356841
-0.0004497326
7.20331e-05
0.0006311135
0.0012148
0.001796336
0.00233941
0.002806143
0.003171313
0.00343382
0.003605065
0.003694474
0.003715421
0.003680548
0.003592594
0.003457587
0.00329924
0.003148388
0.003021515
0.002909922
0.002780009
0.002586652
0.002294079
0.00188892
0.001385219
0.0008181955
0.0002276141
-0.0003458392
-0.0008621858
-0.001300835
-0.001670401
-0.001994691
-0.002294202
-0.002573877
-0.002819606
-0.003014445
-0.00316203
-0.003284278
-0.003400678
-0.003519327
-0.00363663
-0.003732687
-0.003777308
-0.003743338
-0.003609444
-0.003364424
-0.00301183
-0.002571136
-0.00208601
-0.001620129
-0.001240885
-0.001007778
-0.0009506773
-0.001054973
-0.001271245
-0.001527665
-0.001734406
-0.001790025
-0.001602349
-0.001120016
-0.0003561203
0.0006040237
0.001632449
0.002612762
0.003466512
0.004158696
0.004698832
0.005109944
0.00539057
0.005509948
0.005429392
0.005130714
0.004635492
0.004005226
0.003329792
0.002706838
0.002217801
0.001920222
0.001845182
0.001983524
0.00228096
0.002650065
0.002989961
0.003210387
0.003254819
0.003110992
0.002806176
0.002390783
0.001918329
0.001435315
0.0009758636
0.0005631531
0.0002191311
-3.136244e-05
-0.0001654936
-0.0001737639
-6.276865e-05
0.0001464049
0.0004138347
0.0006892044
0.0009312696
0.001114546
0.001223712
0.001253434
0.001211593
0.001119384
0.001012572
0.0009359849
0.0009300529
0.001020855
0.001219446
0.001523227
0.001919908
0.002399859
0.002957767
0.003579631
0.004233174
0.004869827
0.005437846
0.005887671
0.006172942
0.006265949
0.006175774
0.005947412
0.005645852
0.005342152
0.005094626
0.004927185
0.004826381
0.004755462
0.004674641
0.004552415
0.0043646
0.004103086
0.003785877
0.003447419
0.003121626
0.002833085
0.002588852
0.002372291
0.002147657
0.001870554
0.001497205
0.0009989465
0.0003720565
-0.0003637921
-0.001166927
-0.001979724
-0.002745708
-0.003424822
-0.003994333
-0.004438971
-0.004743264
-0.004886006
-0.004851866
-0.004651077
-0.004323078
-0.003929516
-0.003534649
-0.003181299
-0.002885776
-0.002644637
-0.002437465
-0.002235468
-0.00201585
-0.001759781
-0.001447072
-0.001072455
-0.0006574782
-0.0002378062
0.0001507435
0.000479188
0.000735633
0.0009292505
0.001080705
0.001212957
0.001352174
0.001528898
0.001767099
0.002068547
0.0024112
0.002751028
0.003026952
0.003191008
0.003240968
0.003223448
0.003214142
0.003284697
0.003465373
0.003724284
0.003979576
0.004133143
0.004102851
0.003853662
0.003415766
0.00286717
0.002289998
0.001735163
0.001215941
0.0007140514
0.0001920805
-0.0003803149
-0.00100404
-0.001649159
-0.002276408
-0.002851486
-0.00334599
-0.003746919
-0.004060915
-0.004300927
-0.00448077
-0.004625273
-0.004765774
-0.004922028
-0.005102288
-0.005307236
-0.005525209
-0.005734325
-0.005905978
-0.006009506
-0.006027538
-0.005964907
-0.005838866
-0.005667575
-0.005468058
-0.00524908
-0.005000227
-0.004694033
-0.004295613
-0.003773362
-0.003103046
-0.002274315
-0.001311226
-0.0002734865
0.0007702649
0.001760872
0.002657285
0.003443563
0.004126605
0.004717285
0.005213629
0.00560412
0.005880578
0.00604644
0.006119166
0.006129998
0.006122633
0.006132511
0.006163212
0.006195754
0.006199526
0.006137753
0.005990425
0.005762352
0.005472379
0.005146792
0.004805029
0.004443122
0.004045744
0.003606516
0.003126819
0.00261053
0.002055039
0.001453145
0.0008072213
0.0001276155
-0.0005642552
-0.001220482
-0.001777123
-0.002188415
-0.002443028
-0.002552995
-0.002544885
-0.002453532
-0.00231368
-0.002159719
-0.00203044
-0.001969783
-0.002011002
-0.002157323
-0.002390642
-0.002693301
-0.003050529
-0.00343302
-0.003796458
-0.004098081
-0.004297409
-0.004358149
-0.004255925
-0.003983437
-0.003557281
-0.003007191
-0.002362615
-0.001652075
-0.0009017101
-0.0001354426
0.0006172617
0.001310483
0.001888761
0.002307238
0.002542093
0.002591143
0.002471382
0.002217125
0.001878355
0.001512178
0.001168154
0.000881521
0.0006775105
0.0005776012
0.00059904
0.0007467531
0.001003605
0.001326142
0.001655756
0.001937049
0.002130051
0.002215588
0.002190303
0.002059441
0.001831297
0.001509187
0.001081715
0.0005232736
-0.000176717
-0.0009768414
-0.001784338
-0.002492639
-0.003025782
-0.003356884
-0.00350136
-0.003509443
-0.003446489
-0.003368284
-0.003324857
-0.003370933
-0.003553488
-0.003887349
-0.004355504
-0.004936012
-0.00561894
-0.006402533
-0.007277861
-0.008212412
-0.00914051
-0.009965667
-0.01058544
-0.01092244
-0.01094323
-0.01066068
-0.01012248
-0.009396925
-0.008544333
-0.007587793
-0.006507243
-0.005262346
-0.003840288
-0.002280732
-0.0006594988
0.0009355866
0.002429133
0.003769278
0.004927982
0.0059052
0.006734422
0.007477378
0.008202139
0.008946653
0.009686307
0.01033075
0.01076018
0.01087514
0.01062874
0.01003535
0.00915854
0.008081979
0.006882221
0.005613842
0.004305579
0.002973048
0.001637919
0.0003418596
-0.0008531178
-0.001889217
-0.002736659
-0.003386733
-0.003843786
-0.004129071
-0.004277579
-0.004329813
-0.004323058
-0.004280026
-0.004210775
-0.004124894
-0.004035097
-0.003961129
-0.00393172
-0.003968396
-0.004066315
-0.004191587
-0.004297005
-0.004342238
-0.004304775
-0.00418322
-0.003994558
-0.003761769
-0.003493236
-0.003172965
-0.002765786
-0.002225003
-0.001512342
-0.0006255329
0.0003976269
0.001494887
0.002601264
0.003665955
0.004648253
0.005504039
0.006187742
0.00667249
0.006964862
0.007090194
0.007071132
0.006917481
0.006628892
0.006209415
0.005681521
0.005090673
0.004488552
0.003906459
0.003347383
0.00279805
0.002242363
0.001671425
0.001096697
0.0005508749
6.759093e-05
-0.0003365613
-0.0006674536
-0.0009422412
-0.001165589
-0.001316148
-0.001356461
-0.001255692
-0.001008216
-0.0006418991
-0.0002104118
0.0002320583
0.0006508824
0.001032597
0.001372202
0.001657648
0.001863136
0.001945948
0.00185083
0.001536631
0.001006627
0.0003105233
-0.000476278
-0.001272374
-0.00200692
-0.002632506
-0.003126381
-0.003481109
-0.003700028
-0.003799564
-0.003804951
-0.003746071
-0.003665143
-0.003613942
-0.003633642
-0.003741974
-0.003935321
-0.004192061
-0.004473924
-0.004734923
-0.004934771
-0.005042511
-0.005033316
-0.004900302
-0.004671759
-0.004397157
-0.004122117
-0.003883236
-0.00370583
-0.003595044
-0.003535051
-0.003504192
-0.003488325
-0.003482876
-0.003489198
-0.003507
-0.003524789
-0.003518171
-0.00346479
-0.003361121
-0.003220192
-0.003057466
-0.002879377
-0.002676889
-0.002427496
-0.002107077
-0.001697394
-0.001190726
-0.0005955192
6.652081e-05
0.000768539
0.001475769
0.002146073
0.002748918
0.00327201
0.003713892
0.004079717
0.004367247
0.00457389
0.004696696
0.004718223
0.00463298
0.004445673
0.004158912
0.003790583
0.003360856
0.002906787
0.002484759
0.002134146
0.001891598
0.001783548
0.001804527
0.001932924
0.002136163
0.002379732
0.002629922
0.00284684
0.002994466
0.00304874
0.002990977
0.002810826
0.002516666
0.002128057
0.001679831
0.00122076
0.0007930451
0.0004339067
0.0001659483
-6.247362e-06
-7.787548e-05
-5.025055e-05
7.139301e-05
0.0002727952
0.0005143944
0.0007461721
0.0009175805
0.0009903751
0.0009576393
0.0008362649
0.0006588034
0.0004728389
0.0003266736
0.0002568512
0.0002901979
0.0004362816
0.0006774584
0.0009713037
0.001257838
0.001479558
0.001591713
0.001557781
0.001364058
0.001029811
0.0005955731
0.0001029925
-0.0004155309
-0.000921133
-0.001369791
-0.001726655
-0.001965345
-0.002080896
-0.002084108
-0.001981827
-0.001785336
-0.001514456
-0.001194709
-0.0008566888
-0.0005236282
-0.0002039415
0.0001035589
0.0004094167
0.0007279653
0.001058526
0.001381046
0.001662633
0.001862122
0.001948881
0.001918821
0.001787024
0.001570992
0.001289978
0.0009771473
0.0006733738
0.0004173236
0.0002410146
0.0001571219
0.0001593122
0.0002279961
0.0003355936
0.0004618849
0.0005941699
0.0007156316
0.0008078877
0.0008567976
0.0008463464
0.0007620422
0.0005997569
0.0003564338
2.69473e-05
-0.0003933196
-0.0009126898
-0.00153223
-0.002231522
-0.002963712
-0.003666348
-0.004287192
-0.004797964
-0.005192728
-0.005474023
-0.005645252
-0.005717059
-0.005707717
-0.005651189
-0.005595526
-0.005579627
-0.005608197
-0.005642345
-0.005627698
-0.005515494
-0.005268361
-0.004867617
-0.004298023
-0.003552455
-0.002643302
-0.001596348
-0.0004705653
0.000650775
0.001691444
0.002598519
0.003363166
0.004005369
0.004542592
0.004980209
0.005302622
0.005479192
0.005480883
0.005300386
0.004965722
0.004533142
0.004066495
0.003616827
0.003211032
0.002838059
0.002458394
0.002039145
0.001574065
0.001089585
0.0006261778
0.0002219983
-8.88469e-05
-0.0002927326
-0.0003949024
-0.0004138355
-0.0003828567
-0.0003306222
-0.0002727139
-0.0002158343
-0.0001545237
-7.339906e-05
3.812285e-05
0.0001730838
0.0003136436
0.0004502202
0.0005935529
0.0007686663
0.001002291
0.001313988
0.001702391
0.002144126
0.00260873
0.003072569
0.003522362
0.003950805
0.004362992
0.004789971
0.005272286
0.005835618
0.006500835
0.007276436
0.008143944
0.009076041
0.01003251
0.01096361
0.01181149
0.01250502
0.01298797
0.01321188
0.01313758
0.01276088
0.01209575
0.01117912
0.01007142
0.008833369
0.0075329
0.006235465
0.004992462
0.003849714
0.002835193
0.001949863
0.001181894
0.0005162262
-5.634128e-05
-0.0005313254
-0.0008975023
-0.001143612
-0.001265523
-0.001272477
-0.001173856
-0.0009777677
-0.0006902259
-0.0003003497
0.0002045826
0.0008244408
0.001548856
0.002350784
0.003197489
0.004064471
0.004931084
0.005775093
0.006566855
0.007265062
0.007820603
0.008188821
0.008342083
0.008278107
0.008019629
0.007600301
0.00703996
0.006330611
0.005462502
0.004451014
0.003339775
0.002198313
0.001093108
6.361156e-05
-0.000866151
-0.001688517
-0.002411661
-0.00305254
-0.00363706
-0.004180909
-0.004664567
-0.005037788
-0.005246942
-0.005262784
-0.005092746
-0.004780466
-0.004397353
-0.004023979
-0.003721719
-0.003517287
-0.003405161
-0.003358747
-0.003345575
-0.003332838
-0.00329154
-0.003201215
-0.00304533
-0.002818506
-0.002533255
-0.002217951
-0.001918584
-0.001687824
-0.001568089
-0.001581457
-0.001724659
-0.001977635
-0.002314111
-0.002704376
-0.003119031
-0.003535895
-0.003942097
-0.004332588
-0.004706614
-0.005060811
-0.005386783
-0.005679575
-0.005947296
-0.006210462
-0.006483569
-0.006762603
-0.007039291
-0.007319307
-0.007623428
-0.007967347
-0.008338467
-0.008699187
-0.008998312
-0.009187726
-0.009258429
-0.00925498
-0.009238805
-0.009233782
-0.009210877
-0.009142241
-0.009068854
-0.009070025
-0.009144374
-0.009177785
-0.009064457
-0.008803683
-0.008463882
-0.00812448
-0.007841404
-0.007596428
-0.007322789
-0.007013338
-0.00673008
-0.006516182
-0.006373653
-0.006293062
-0.006250129
-0.006201636
-0.006129171
-0.006072706
-0.006084427
-0.006165535
-0.006267177
-0.006331039
-0.006344995
-0.006366481
-0.006452689
-0.006574416
-0.006633427
-0.006557431
-0.006363001
-0.006128654
-0.005920225
-0.005740459
-0.005539223
-0.005267243
-0.004909446
-0.00447164
-0.003970349
-0.003437187
-0.002899871
-0.002359891
-0.001816984
-0.001287131
-0.0007805794
-0.0002963094
0.000162587
0.0005971839
0.001031881
0.001503567
0.002027445
0.00259667
0.003208558
0.003861571
0.004532479
0.005182027
0.005768366
0.006247807
0.006589814
0.006794476
0.006877827
0.006866576
0.006818826
0.006800156
0.006820492
0.006840561
0.006838198
0.00682957
0.006843435
0.006919931
0.00712075
0.007505773
0.008087981
0.008810589
0.009579257
0.01031742
0.01099554
0.01163309
0.01225488
0.01283233
0.01329569
0.01361599
0.01385002
0.0140881
0.01437222
0.01468272
0.01497914
0.01523037
0.01542281
0.01555413
0.01562782
0.01565997
0.01567266
0.01567329
0.0156427
0.01554105
0.01532719
0.01498227
0.01451985
0.0139605
0.01330783
0.01255997
0.01172003
0.01079353
0.009797039
0.008757708
0.007696301
0.006630466
0.005589421
0.004590983
0.003621973
0.002671134
0.001762031
0.0009407947
0.0002486123
-0.0002945079
-0.000687534
-0.0009383575
-0.001052639
-0.001029972
-0.0008811621
-0.0006473853
-0.0003820145
-0.0001189846
0.0001247604
0.0003419649
0.0005504853
0.000783754
0.001057975
0.001371869
0.001722145
0.002103366
0.002515629
0.00296457
0.003431163
0.003863526
0.004218021
0.004503627
0.004782809
0.005120207
0.005521679
0.005921099
0.006221019
0.006347611
0.006290061
0.006103961
0.005872432
0.005654846
0.005469351
0.005322568
0.005234407
0.005226425
0.00530888
0.005476304
0.005710104
0.005994742
0.00633267
0.006732271
0.007181844
0.007639113
0.00803634
0.008288113
0.00830931
0.008078287
0.007669332
0.007190856
0.006742719
0.006383667
0.006094386
0.005804333
0.005432533
0.004930534
0.004297923
0.003560218
0.00278418
0.002037373
0.001319272
0.0005942436
-0.0001599599
-0.0009513898
-0.001791624
-0.002713661
-0.00374767
-0.004884703
-0.006066057
-0.007201503
-0.008222428
-0.009120976
-0.009918787
-0.01061724
-0.01119345
-0.01163614
-0.01196734
-0.01221421
-0.01237068
-0.01240547
-0.01229298
-0.01203953
-0.0116942
-0.01131687
-0.01093607
-0.0105447
-0.01011638
-0.009636125
-0.009127648
-0.008647322
-0.00825648
-0.007985862
-0.007818551
-0.007701472
-0.007573844
-0.007423944
-0.007316269
-0.007333824
-0.007508385
-0.007811036
-0.008192057
-0.008618201
-0.009069652
-0.009526849
-0.009983381
-0.01045384
-0.01095364
-0.0114777
-0.01198719
-0.01242283
-0.01274749
-0.01296673
-0.01311678
-0.01322341
-0.01326205
-0.01318139
-0.01294021
-0.01251692
-0.01192121
-0.01118358
-0.0103436
-0.009454889
-0.008579565
-0.00778025
-0.007096211
-0.006518211
-0.006000851
-0.005485697
-0.004927198
-0.004314195
-0.003667399
-0.00301296
-0.002361731
-0.001707762
-0.001037477
-0.000346244
0.0003514182
0.001023286
0.001635361
0.002186867
0.002718534
0.00328532
0.003910003
0.004554739
0.005154571
0.005669091
0.006100361
0.006481278
0.00684687
0.007228455
0.007658251
0.008144816
0.008650715
0.009114445
0.009497079
0.009801169
0.01004366
0.01022355
0.01031801
0.01030971
0.01020455
0.01001319
0.009730291
0.009339945
0.008834323
0.008223466
0.007525981
0.006752738
0.005914221
0.005044514
0.004199618
0.003428801
0.002749769
0.002150294
0.001616264
0.001149733
0.0007576145
0.0004380231
0.0001823283
-1.791726e-05
-0.0001652864
-0.0002550358
-0.0002773681
-0.00021631
-4.498129e-05
0.0002715629
0.0007519136
0.001374233
0.00208681
0.002840319
0.003612052
0.004411426
0.005262437
0.006179068
0.007146711
0.008117458
0.009026506
0.009812596
0.01043146
0.01086543
0.0111161
0.01118667
0.01107711
0.01079377
0.01035777
0.009804477
0.009176143
0.008521577
0.007901341
0.007367947
0.00693498
0.006575565
0.006238653
0.005862609
0.005396584
0.004820708
0.00414709
0.003408876
0.002652199
0.001922999
0.001244604
0.0006124165
2.083683e-05
-0.0005150394
-0.000965509
-0.001298046
-0.001484619
-0.001517094
-0.00141962
-0.001234811
-0.0009969602
-0.0007235081
-0.0004173046
-6.481639e-05
0.0003524089
0.0008352213
0.001367531
0.001933216
0.002520197
0.003116317
0.003710951
0.004290621
0.004818393
0.005231842
0.005475535
0.005522016
0.005364153
0.005010166
0.004481905
0.003804226
0.003005801
0.002125797
0.00120686
0.0002902659
-0.0005909151
-0.001427365
-0.002219748
-0.002955116
-0.003598588
-0.004100511
-0.004430737
-0.004599137
-0.004651723
-0.004658634
-0.004685899
-0.004778816
-0.004947945
-0.005162246
-0.005370467
-0.005518036
-0.005555592
-0.005454627
-0.005219274
-0.004886596
-0.004515591
-0.004157979
-0.003824965
-0.003487038
-0.003095761
-0.002614696
-0.002057695
-0.001484466
-0.0009653009
-0.0005511915
-0.000250582
-3.306959e-05
0.0001493285
0.0003394068
0.0005645149
0.0008451065
0.001193913
0.001623117
0.002154281
0.002799525
0.003534004
0.00429234
0.004994871
0.005591948
0.006101903
0.006596768
0.007141432
0.00774588
0.008344848
0.008827196
0.009097998
0.009120199
0.008929763
0.008605414
0.008223803
0.007849217
0.007520719
0.007241973
0.006993938
0.006755238
0.006527534
0.006336814
0.006219588
0.006218884
0.006369899
0.006687717
0.00716214
0.007752007
0.008399442
0.009055136
0.009688503
0.01028625
0.01084248
0.0113354
0.01171413
0.01191568
0.01189698
0.01166317
0.01127228
0.01080645
0.01034124
0.009936151
0.009629067
0.009430516
0.009334649
0.009330134
0.009391471
0.009480056
0.009564431
0.009624925
0.00965129
0.009636252
0.009560386
0.009395414
0.009119749
0.008728464
0.00824152
0.007696992
0.007134468
0.00658132
0.006042343
0.005504792
0.004966371
0.004438001
0.003927987
0.003440771
0.002972416
0.002512741
0.00205219
0.001588119
0.001141266
0.0007383511
0.0003852322
6.652708e-05
-0.0002421326
-0.0005569699
-0.0008853974
-0.001235754
-0.001610886
-0.002002873
-0.002397785
-0.002781972
-0.003150269
-0.003516958
-0.003907655
-0.004343283
-0.004825127
-0.005329044
-0.005824166
-0.006290658
-0.006721813
-0.007121339
-0.007496058
-0.007853534
-0.008193419
-0.008509716
-0.008802266
-0.009070039
-0.009308393
-0.009513765
-0.009676653
-0.009775033
-0.009777385
-0.009657023
-0.009404919
-0.0090362
-0.008591852
-0.008123581
-0.00766473
-0.007225467
-0.006810931
-0.006429207
-0.006099046
-0.005859196
-0.005751209
-0.005787059
-0.005935926
-0.006133851
-0.006306239
-0.006393
-0.006359747
-0.006197875
-0.005922456
-0.005571102
-0.00519714
-0.004851022
-0.00456262
-0.004342964
-0.004193166
-0.004104772
-0.004065184
-0.004061114
-0.004070858
-0.004058139
-0.003981168
-0.003812845
-0.003544828
-0.003183761
-0.002752173
-0.002283539
-0.001812563
-0.001366496
-0.0009718437
-0.0006624936
-0.0004671512
-0.0003940728
-0.0004238176
-0.0005131704
-0.0006093468
-0.0006643458
-0.0006517014
-0.0005755561
-0.0004629008
-0.0003528574
-0.0002865529
-0.0002951939
-0.0003968521
-0.0006021929
-0.0009114448
-0.001304648
-0.001737238
-0.002151184
-0.002495393
-0.002734287
-0.002850896
-0.002853246
-0.00277155
-0.002641433
-0.002483218
-0.002302383
-0.002102851
-0.001897616
-0.001720005
-0.001621536
-0.001654836
-0.001855936
-0.00222834
-0.002740872
-0.003347658
-0.004012541
-0.004710962
-0.005421578
-0.006122434
-0.006782565
-0.007363639
-0.007838542
-0.008203923
-0.008484021
-0.008721098
-0.008956843
-0.009217213
-0.009515774
-0.009864524
-0.01026809
-0.01071372
-0.01117003
-0.0115913
-0.01193026
-0.01216096
-0.01229778
-0.01238472
-0.01246971
-0.01258563
-0.01274116
-0.01292699
-0.01312421
-0.01331521
-0.01350001
-0.01368942
-0.01388704
-0.01407565
-0.01421334
-0.01425456
-0.0141681
-0.01394423
-0.01360027
-0.01317063
-0.01268205
-0.0121368
-0.01152224
-0.01082878
-0.01006148
-0.009248943
-0.008431921
-0.00764339
-0.0068981
-0.006192479
-0.005511428
-0.004842536
-0.004184119
-0.003536478
-0.002894804
-0.00225106
-0.001592695
-0.000909715
-0.0001996603
0.0005306328
0.001264026
0.001986114
0.002694396
0.003391088
0.004082961
0.004775138
0.005454815
0.006094317
0.006668659
0.007162128
0.007573278
0.007913824
0.008202663
0.008462831
0.008708365
0.008938242
0.009146882
0.009325999
0.009468303
0.009574862
0.00965727
0.009729432
0.009788529
0.009810294
0.009757266
0.009584902
0.009250034
0.008725491
0.008009228
0.007118405
0.006084502
0.004954852
0.003783845
0.00261786
0.001491054
0.0004342685
-0.0005232482
-0.001360244
-0.002068895
-0.002657274
-0.003145991
-0.003557681
-0.003908384
-0.004199482
-0.004422088
-0.004576657
-0.004683921
-0.00478126
-0.004911179
-0.005096246
-0.005320373
-0.005540774
-0.005716591
-0.005824167
-0.005862391
-0.005857985
-0.00585841
-0.005909784
-0.006037501
-0.006239143
-0.006492112
-0.006769312
-0.00705279
-0.007340964
-0.007645797
-0.007979485
-0.008350658
-0.008771533
-0.009256315
-0.009817612
-0.01046933
-0.01122589
-0.01209858
-0.01308904
-0.01418572
-0.01536104
-0.01656943
-0.01775903
-0.01888747
-0.01992686
-0.02086356
-0.02169037
-0.02239745
-0.02297315
-0.02340592
-0.02369198
-0.02384322
-0.02387525
-0.02380134
-0.02364062
-0.02341205
-0.02312458
-0.02277857
-0.02237369
-0.02191135
-0.02139166
-0.02080682
-0.02013562
-0.01934847
-0.01841853
-0.01733776
-0.01613272
-0.014839
-0.01349409
-0.01214395
-0.01081781
-0.009537971
-0.008327911
-0.007191169
-0.006118226
-0.005085724
-0.004071857
-0.00305606
-0.002009723
-0.0009268606
0.0001855892
0.00133454
0.002528195
0.003773422
0.005062696
0.006375065
0.007689514
0.008982567
0.01024184
0.01148638
0.01274958
0.0140574
0.01542768
0.01687521
0.01840714
0.02002561
0.02172143
0.02347361
0.02525945
0.02705416
0.02883383
0.03058126
0.03228
0.03391572
0.03546864
0.03691625
0.03824251
0.03944088
0.04052164
0.0415099
0.04242887
0.04329278
0.04409904
0.04483464
0.04549407
0.04607923
0.04659696
0.04706063
0.04748162
0.04787337
0.04825176
0.04861852
0.04895758
0.04924325
0.04944783
0.04954693
0.04951816
0.04934787
0.04904026
0.0486067
0.04805199
0.04737412
0.04657062
0.04563848
0.04457608
0.04339442
0.04212786
0.04081568
0.03948307
0.03814197
0.03679226
0.03542146
0.03400968
0.03253833
0.0310121
0.02944061
0.02781026
0.02610426
0.02431754
0.02243683
0.02044606
0.01834314
0.01614482
0.01387865
0.01157329
0.009258364
0.006971672
0.004739203
0.002571758
0.0004817844
-0.00151934
-0.003430048
-0.005245817
-0.006962537
-0.008589622
-0.01015175
-0.01167609
-0.01318806
-0.01470231
-0.01621683
-0.01771808
-0.01919308
-0.02063885
-0.02207666
-0.02353146
-0.02500082
-0.02645664
-0.02786289
-0.02918862
-0.03041591
-0.03153626
-0.03254969
-0.0334553
-0.03424982
-0.03493636
-0.03553373
-0.0360683
-0.0365527
-0.03697716
-0.03731648
-0.03754104
-0.03763819
-0.03762217
-0.0375307
-0.03740525
-0.03726585
-0.03710714
-0.0369113
-0.03665684
-0.03632398
-0.03590615
-0.03541153
-0.03484788
-0.03422604
-0.03356889
-0.03291275
-0.03230353
-0.03177984
-0.0313625
-0.03105031
-0.03081263
-0.03059933
-0.03036905
-0.03010707
-0.02982443
-0.02955107
-0.02932156
-0.02915564
-0.02905018
-0.0289857
-0.02894223
-0.02890692
-0.02887218
-0.0288384
-0.02881729
-0.02882511
-0.02887442
-0.02897547
-0.02913399
-0.02933202
-0.02952766
-0.02968075
-0.02976358
-0.02975758
-0.02966209
-0.02948831
-0.02924085
-0.02892787
-0.02856712
-0.02817126
-0.02776043
-0.02735815
-0.02697948
-0.02663636
-0.0263172
-0.02600537
-0.02570713
-0.0254136
-0.02510095
-0.02474318
-0.02430804
-0.02377408
-0.02313194
-0.02238746
-0.02157036
-0.02071292
-0.01983925
-0.01897389
-0.01813919
-0.01734176
-0.01658343
-0.01586512
-0.01517841
-0.01450571
-0.01382789
-0.01313473
-0.01241979
-0.01167191
-0.01089125
-0.01008047
-0.009239133
-0.008374162
-0.007492037
-0.006594002
-0.005680977
-0.004749569
-0.003800306
-0.002835261
-0.001852064
-0.0008485271
0.000176242
0.00122536
0.002295318
0.00337292
0.004445739
0.005513234
0.006573195
0.007615337
0.008635691
0.009640349
0.01063731
0.01164262
0.01267345
0.01373421
0.01480778
0.01586194
0.01687032
0.01782624
0.01872948
0.01958424
0.02039677
0.02116747
0.02189683
0.02259204
0.02326272
0.02391485
0.02454124
0.0251292
0.02567442
0.02618292
0.0266693
0.02715732
0.02766698
0.02820925
0.02878791
0.02939836
0.03002894
0.03065662
0.03124555
0.03176285
0.03218249
0.03249088
0.03270006
0.03283636
0.03291867
0.03295357
0.03294062
0.03288928
0.03281792
0.03273823
0.03265745
0.03257788
0.03249145
0.03238763
0.0322615
0.03212619
0.03200361
0.03190568
0.03184277
0.03182196
0.03184187
0.03189737
0.03198152
0.03210195
0.03227848
0.03251885
0.03281305
0.03313991
0.03348081
0.03383228
0.03420785
0.03463341
0.0351334
0.03571283
0.0363541
0.03703073
0.0377094
0.03834488
0.03889514
0.03932816
0.03962419
0.03977845
0.03978988
0.0396507
0.03934781
0.0388747
0.03823627
0.03744372
0.03651065
0.03543643
0.03421792
0.03287108
0.0314219
0.02989793
0.02832668
0.02672045
0.02507149
0.02335765
0.02156273
0.01969193
0.01777102
0.01583392
0.01390523
0.01198216
0.01005378
0.008129105
0.006237893
0.004418702
0.002697355
0.001066813
-0.0004999977
-0.002047942
-0.003615265
-0.005210339
-0.006825986
-0.00844837
-0.01006008
-0.01163932
-0.01314676
-0.0145468
-0.01582178
-0.01695755
-0.01794003
-0.01876525
-0.01943307
-0.01994489
-0.02030642
-0.02053988
-0.02069316
-0.02082544
-0.02099261
-0.02123982
-0.02158421
-0.02202549
-0.02255963
-0.02318117
-0.02388539
-0.02466225
-0.02550548
-0.02641704
-0.02738672
-0.02839858
-0.0294394
-0.0305003
-0.03157012
-0.03262853
-0.03365647
-0.03463424
-0.03553153
-0.03630907
-0.03692962
-0.03737801
-0.03765573
-0.03776906
-0.03772483
-0.03753206
-0.03720093
-0.03673219
-0.0361296
-0.0354104
-0.03459786
-0.03371661
-0.0327824
-0.03180753
-0.03080461
-0.02977365
-0.02870925
-0.02761448
-0.02649882
-0.02536467
-0.02421813
-0.02308278
-0.02198212
-0.02092488
-0.01991054
-0.01894612
-0.01804353
-0.01719791
-0.01639353
-0.01561445
-0.01485357
-0.01412301
-0.01346054
-0.01292512
-0.01256559
-0.01239738
-0.01240875
-0.01257164
-0.01285047
-0.01320077
-0.01357434
-0.01392916
-0.0142486
-0.01455824
-0.0149027
-0.01532023
-0.01582289
-0.01637076
-0.01688582
-0.01727775
-0.01746584
-0.0174124
-0.0171452
-0.01674885
-0.01632057
-0.01590071
-0.01544021
-0.01484215
-0.01403631
-0.01302357
-0.01186422
-0.01061843
-0.009314676
-0.007956282
-0.006537014
-0.005067695
-0.003574408
-0.002069113
-0.000557003
0.0009480558
0.002412006
0.003785474
0.005044856
0.006195902
0.007250154
0.008250089
0.009247675
0.01025684
0.01125884
0.01222677
0.01316071
0.0140893
0.01501579
0.01590783
0.0167318
0.01746992
0.01811245
0.01864481
0.01906057
0.01938715
0.01964492
0.01980034
0.01978937
0.01958089
0.01921173
0.0187455
0.01823186
0.01770312
0.01716363
0.01661049
0.01605727
0.01552935
0.01507309
0.01474759
0.01459102
0.01463045
0.01487933
0.01530687
0.01586647
0.0165254
0.01726566
0.01808295
0.01896002
0.01986638
0.02077232
0.0216481
0.02247736
0.02326141
0.02400577
0.0247108
0.02536903
0.02597465
0.02652867
0.02703488
0.02749353
0.027897
0.02823656
0.02850795
0.02870689
0.02883065
0.028883
0.02886794
0.02878275
0.02862634
0.02840329
0.02811893
0.0277844
0.02741452
0.02702704
0.02663925
0.02624612
0.02582605
0.02536265
0.02484574
0.02427527
0.02366122
0.02302579
0.0223996
0.02180529
0.02125091
0.02072692
0.02019515
0.01961926
0.01903108
0.01850989
0.01809403
0.01777432
0.01752403
0.01731756
0.01714522
0.01700018
0.0168541
0.01666265
0.01640093
0.01606247
0.01562708
0.01506742
0.01435546
0.01346659
0.01237951
0.01107473
0.009550369
0.007838347
0.005991404
0.004048337
0.0020259
-5.083152e-05
-0.002141992
-0.004204109
-0.00620306
-0.008120836
-0.009954872
-0.01171315
-0.01340505
-0.01502592
-0.016569
-0.01804013
-0.01945617
-0.02083234
-0.0221799
-0.02349599
-0.02474044
-0.02584154
-0.02680758
-0.02776542
-0.02875968
-0.02970759
-0.03053335
-0.03116705
-0.03162986
-0.03206186
-0.03255724
-0.03311288
-0.03368333
-0.03423602
-0.0347699
-0.03530462
-0.03587515
-0.03649299
-0.03713233
-0.03776879
-0.03841543
-0.03909338
-0.03979279
-0.04049208
-0.04116347
-0.04178688
-0.04236413
-0.04288345
-0.04332064
-0.04363759
-0.04377725
-0.0437019
-0.04338653
-0.04280698
-0.04194768
-0.04079569
-0.03936178
-0.03767778
-0.0357722
-0.03368711
-0.03147598
-0.02918636
-0.02685742
-0.02452155
-0.02221096
-0.01995423
-0.01776744
-0.01566857
-0.01367808
-0.01180897
-0.01007753
-0.008508559
-0.007118133
-0.005908191
-0.004871402
-0.003999502
-0.003271557
-0.002659825
-0.002155425
-0.001757367
-0.001456025
-0.00123548
-0.001074894
-0.0009510727
-0.0008311236
-0.0006875929
-0.0005069869
-0.0002814126
-1.251951e-05
0.0002895346
0.0006151412
0.0009649009
0.001346035
0.001754372
0.002184993
0.002646675
0.003145717
0.00366849
0.004205478
0.004773341
0.005406041
0.006146607
0.007037249
0.008104905
0.009357988
0.01078476
0.01236318
0.01406455
0.01586041
0.01773429
0.01967174
0.02164973
0.02364271
0.02562175
0.02756275
0.02944878
0.03125035
0.03290944
0.03434794
0.0354831
0.03624466
0.03659574
0.0365296
0.03605553
0.03520219
0.03400222
0.03248145
0.03067451
0.02863021
0.0264178
0.02411706
0.02179437
0.01949158
0.01721389
0.01493738
0.01263647
0.01028051
0.007826936
0.005234467
0.002492442
-0.0003590993
-0.003248846
-0.006103629
-0.008850201
-0.01142721
-0.01380895
-0.01601019
-0.01805599
-0.01994669
-0.02164415
-0.02308635
-0.0242188
-0.02500729
-0.02543959
-0.02552568
-0.02526042
-0.02461399
-0.02356422
-0.0221071
-0.02027705
-0.01814106
-0.01575226
-0.01314502
-0.0103434
-0.007371072
-0.004279947
-0.001151417
0.001914121
0.00482436
0.007520406
0.009976678
0.01219274
0.01417281
0.01590326
0.01735598
0.01851469
0.01938832
0.02000698
0.02041524
0.02064556
0.0207123
0.02059645
0.02026171
0.01972214
0.01903113
0.01825368
0.01745826
0.01669053
0.01597889
0.01531993
0.01468023
0.01405851
0.0134882
0.01300854
0.01267344
0.01254179
0.01264077
0.01294884
0.01341403
0.0139849
0.0146178
0.0152651
0.0159047
0.01656142
0.01725255
0.01796196
0.01864205
0.01921447
0.01960359
0.01974989
0.0196265
0.0192544
0.01866877
0.01791883
0.01706577
0.01614008
0.01514422
0.01408025
0.01295192
0.01176744
0.01053723
0.009276032
0.007999997
0.006707987
0.005397597
0.004101527
0.002875662
0.001783756
0.0008820438
0.0001701483
-0.0004433869
-0.001116428
-0.001997326
-0.003130107
-0.004439146
-0.005796505
-0.007088527
-0.008263901
-0.009342487
-0.01037551
-0.01140845
-0.01243998
-0.01341685
-0.01427045
-0.0149335
-0.01535271
-0.01551206
-0.01542271
-0.01509757
-0.01455008
-0.01381383
-0.01294951
-0.01202948
-0.01110594
-0.01017994
-0.009208507
-0.008146233
-0.00698178
-0.005757572
-0.004550483
-0.003436376
-0.002473087
-0.001677723
-0.001017009
-0.0004350174
0.0001046746
0.0005907802
0.0009791434
0.001216757
0.001263019
0.001116885
0.000812215
0.0003731114
-0.0002153663
-0.0009927234
-0.001988868
-0.003202936
-0.004614048
-0.006212215
-0.007993485
-0.009955332
-0.0120997
-0.01439814
-0.0167732
-0.01912387
-0.0213572
-0.02343851
-0.02540091
-0.02730177
-0.02918655
-0.03107303
-0.03294341
-0.0347498
-0.03643216
-0.03793959
-0.03924702
-0.04036799
-0.04132807
-0.04212277
-0.04271268
-0.04304597
-0.0430815
-0.04280533
-0.04222514
-0.04134614
-0.04016368
-0.03868363
-0.03692844
-0.03492558
-0.03269573
-0.03024404
-0.02758981
-0.024801
-0.02197925
-0.01922166
-0.01659998
-0.01415258
-0.01187841
-0.009747475
-0.007729536
-0.005819777
-0.00406529
-0.002561332
-0.00140195
-0.0006295761
-0.0002284419
-0.000155625
-0.0003758837
-0.0008877094
-0.00171209
-0.002845982
-0.00425389
-0.005885205
-0.007683877
-0.009616957
-0.01168527
-0.01390649
-0.01629064
-0.01882318
-0.02147542
-0.02420642
-0.02695967
-0.02969772
-0.0324126
-0.03510691
-0.03777144
-0.0403517
-0.04276347
-0.04493455
-0.04679824
-0.0483068
-0.04944073
-0.05017576
-0.05049147
-0.05040193
-0.04995483
-0.04923198
-0.04834579
-0.04740897
-0.04650135
-0.04565074
-0.04484447
-0.04405329
-0.04324641
-0.04242523
-0.04164144
-0.04097168
-0.04047876
-0.04016242
-0.03996817
-0.03982288
-0.03963432
-0.03932738
-0.03889206
-0.0383699
-0.03782413
-0.03729511
-0.03675885
-0.03614989
-0.03541552
-0.03453329
-0.03351342
-0.03239003
-0.03119868
-0.02995998
-0.02868784
-0.02739651
-0.02610557
-0.02484519
-0.02363973
-0.02248232
-0.0213449
-0.02019209
-0.01899507
-0.01776096
-0.01653111
-0.01533275
-0.01418013
-0.0131007
-0.01212606
-0.01128632
-0.01061184
-0.01010621
-0.009738211
-0.009447177
-0.009165186
-0.008865138
-0.008568848
-0.008315773
-0.008147849
-0.008092468
-0.008160656
-0.008345801
-0.008627071
-0.008992389
-0.009448164
-0.0100143
-0.01070953
-0.01152931
-0.01245517
-0.0134553
-0.01447844
-0.01548187
-0.01644309
-0.01732871
-0.0180884
-0.01867429
-0.01905127
-0.01919901
-0.0191208
-0.01884179
-0.01839765
-0.01780575
-0.0170605
-0.01614937
-0.01504693
-0.01372779
-0.01220141
-0.01050982
-0.008719677
-0.006891488
-0.005055204
-0.003227813
-0.001419663
0.0003760088
0.002164474
0.003933819
0.005649855
0.007274575
0.008773947
0.0101125
0.0112666
0.01224529
0.01308439
0.01382628
0.01450008
0.01512602
0.01571799
0.01628053
0.01681246
0.01732499
0.01783077
0.01832908
0.01882141
0.01932389
0.01984969
0.0203996
0.0209617
0.02154403
0.02219793
0.02299449
0.02399055
0.02522063
0.02670168
0.02843362
0.03038229
0.03248996
0.03470225
0.03699442
0.03937265
0.04184647
0.04440937
0.04704966
0.04975222
0.05250587
0.05530112
0.05810968
0.0608809
0.06357805
0.06619121
0.06871582
0.0711381
0.07343808
0.07558549
0.07754785
0.07928266
0.08074796
0.08195138
0.08293116
0.08368263
0.08417893
0.08443837
0.08452435
0.08448966
0.08434269
0.08405428
0.08359072
0.08294023
0.08210852
0.08110984
0.07996481
0.07868861
0.07728617
0.07575941
0.07411754
0.07238176
0.07058057
0.06874645
0.06690513
0.06508276
0.06332556
0.06168216
0.06018028
0.0588348
0.0576554
0.05665058
0.05582677
0.0551882
0.05474149
0.05449334
0.05444295
0.05458788
0.05492063
0.0554125
0.05601102
0.05665272
0.0572863
0.05790489
0.05853909
0.05920648
0.05988368
0.06052553
0.06109435
0.06157368
0.0619485
0.062191
0.06229863
0.06232202
0.06230008
0.06220382
0.06197193
0.06156878
0.06101522
0.06037164
0.0596817
0.05895449
0.05817632
0.05734207
0.05647556
0.05560061
0.05470321
0.05373731
0.05264434
0.05138439
0.04995492
0.04836948
0.04664064
0.04480505
0.04291921
0.04103518
0.0391827
0.0373715
0.03560858
0.03389188
0.03218114
0.03041923
0.0285742
0.02665294
0.02467645
0.02266568
0.02063974
0.01861242
0.01657194
0.01449115
0.01236254
0.01019715
0.00799005
0.005721705
0.003378428
0.0009625881
-0.001531868
-0.00410372
-0.006736853
-0.009428904
-0.0121903
-0.01502326
-0.01792468
-0.02087878
-0.0238654
-0.02686493
-0.029859
-0.03283386
-0.03578219
-0.0386958
-0.04156699
-0.04438271
-0.04712474
-0.04977028
-0.05229379
-0.05466975
-0.05688869
-0.05893713
-0.06077809
-0.06236333
-0.06364574
-0.06460129
-0.06524825
-0.0656262
-0.06576862
-0.06567603
-0.06532477
-0.06470215
-0.06382014
-0.06269942
-0.06135866
-0.05981834
-0.05810659
-0.05625063
-0.05426523
-0.05216478
-0.04997209
-0.04771667
-0.04544763
-0.04322517
-0.04110471
-0.03914608
-0.03741383
-0.03595676
-0.03478255
-0.03385754
-0.03313637
-0.03258562
-0.03219026
-0.03195223
-0.03187516
-0.03194446
-0.03213002
-0.03239762
-0.03270352
-0.03300453
-0.03327846
-0.03352016
-0.033733
-0.03392231
-0.03408844
-0.03422862
-0.03434145
-0.03443146
-0.03449961
-0.03453621
-0.03452386
-0.03443001
-0.03421288
-0.03383938
-0.03329174
-0.03257129
-0.03168624
-0.03063835
-0.02942367
-0.02804023
-0.0264918
-0.02477911
-0.02289723
-0.02085679
-0.01869851
-0.01649511
-0.01433837
-0.01231439
-0.01048754
-0.008902349
-0.00758115
-0.00652112
-0.005698552
-0.005092485
-0.004700046
-0.004520901
-0.004543273
-0.004746437
-0.00510113
-0.005568951
-0.006103221
-0.006656671
-0.007170037
-0.007569048
-0.007809128
-0.007911499
-0.007946668
-0.007990347
-0.008087237
-0.008241392
-0.008430063
-0.008635018
-0.008847829
-0.009052564
-0.009227328
-0.00936007
-0.009456983
-0.009539159
-0.009631619
-0.009736828
-0.009813985
-0.009792626
-0.009574068
-0.00905989
-0.008215516
-0.007080619
-0.005729685
-0.004220415
-0.002557976
-0.0007086205
0.001363258
0.003650601
0.006080192
0.008539478
0.01094328
0.01326436
0.01550164
0.01765038
0.01970197
0.02162393
0.02334916
0.02482217
0.02603976
0.0270265
0.02781333
0.02843814
0.02893515
0.0293204
0.02959019
0.02973713
0.0297749
0.02974003
0.02966735
0.02957641
0.0294701
0.02933256
0.02914533
0.0288863
0.0285228
0.02804245
0.02745956
0.02678023
0.02598599
0.02504955
0.02395002
0.02267864
0.02124272
0.01966806
0.01799396
0.01625951
0.0144921
0.01272626
0.01101576
0.009407408
0.007930036
0.006611095
0.005475071
0.004521359
0.003703558
0.002956751
0.002233208
0.001506167
0.0007702877
4.11315e-05
-0.0006518844
-0.001278908
-0.001824135
-0.002280016
-0.002647605
-0.002935645
-0.003149604
-0.003294515
-0.003375579
-0.003381315
-0.00329596
-0.003142481
-0.002984389
-0.002874256
-0.00281684
-0.002756229
-0.002596937
-0.002266649
-0.001766989
-0.001177073
-0.0006169794
-0.0001971125
2.592715e-05
8.095693e-05
6.19631e-05
4.447902e-05
3.194668e-07
-0.0001917933
-0.0006475039
-0.00139585
-0.002366745
-0.003447137
-0.004556242
-0.005664395
-0.006776275
-0.007899122
-0.009017508
-0.01010799
-0.0111604
-0.01217593
-0.01316968
-0.0141533
-0.01510717
-0.01600749
-0.01685456
-0.01765318
-0.01841227
-0.01914537
-0.01985755
-0.0205432
-0.02118296
-0.02175363
-0.02225026
-0.02268359
-0.02306216
-0.02338861
-0.02365864
-0.02385143
-0.02394407
-0.02393481
-0.02383578
-0.02365242
-0.02337459
-0.02298139
-0.0224574
-0.02180688
-0.02104386
-0.02017344
-0.01918965
-0.01807807
-0.01682922
-0.01546717
-0.01404755
-0.01264313
-0.01133136
-0.01015839
-0.009118045
-0.008184993
-0.007335813
-0.006538045
-0.005751701
-0.004929071
-0.004029933
-0.003049723
-0.00200991
-0.0009579636
4.549147e-05
0.000962877
0.001806714
0.002646615
0.003559253
0.004583531
0.005704067
0.006836346
0.007862222
0.008672166
0.009203564
0.009481427
0.009589737
0.009605811
0.009578807
0.009516561
0.009394812
0.009202279
0.008939666
0.008600402
0.008170198
0.007641783
0.007038594
0.006394362
0.005740428
0.005097778
0.004464398
0.003853047
0.003280268
0.002745698
0.002253461
0.001776995
0.001271103
0.0007266609
0.0001448656
-0.0004755133
-0.001129554
-0.001817775
-0.00254061
-0.003287123
-0.004029314
-0.004726204
-0.005329309
-0.005779406
-0.006026411
-0.00606919
-0.005957222
-0.005754764
-0.005525875
-0.005321244
-0.005163841
-0.005047728
-0.00492615
-0.00473071
-0.004396183
-0.00387754
-0.003208745
-0.002506648
-0.001895392
-0.001458059
-0.001217757
-0.001138339
-0.00114153
-0.001110344
-0.0009123245
-0.0004540569
0.0002854038
0.001232826
0.002233832
0.003137066
0.003874953
0.004492124
0.005128805
0.005961266
0.007124631
0.008621061
0.01029714
0.01194027
0.01338995
0.01461902
0.0157339
0.01685636
0.01802545
0.01917664
0.02018301
0.02095691
0.02150808
0.02191422
0.0222722
0.02264265
0.02301017
0.02329849
0.02342041
0.02334168
0.02311004
0.02280821
0.02248802
0.0221481
0.02175791
0.02128865
0.02071985
0.02006067
0.01936056
0.01865887
0.01794356
0.01716859
0.01627355
0.01520377
0.0139317
0.01245617
0.01079826
0.008995362
0.00707725
0.005067712
0.002994435
0.000888023
-0.001218544
-0.003290966
-0.005298904
-0.007218648
-0.009042116
-0.01077511
-0.01243365
-0.01403125
-0.01555833
-0.01698787
-0.01829008
-0.01944387
-0.02046567
-0.0213918
-0.02223978
-0.02299965
-0.02364022
-0.02412768
-0.02444352
-0.0245856
-0.02456152
-0.02438583
-0.02408783
-0.02370883
-0.02328228
-0.02280097
-0.02223439
-0.02158686
-0.02089175
-0.02016997
-0.01943348
-0.01870347
-0.01799973
-0.017321
-0.01666555
-0.01605508
-0.01551588
-0.01506881
-0.01473398
-0.01452809
-0.01446601
-0.0145399
-0.0147139
-0.01496241
-0.01528054
-0.01566291
-0.01610089
-0.01658485
-0.01709948
-0.01763235
-0.01817413
-0.01869916
-0.01916724
-0.01953891
-0.01979661
-0.01995703
-0.02005048
-0.02010759
-0.02015892
-0.02022742
-0.02032549
-0.02044508
-0.02056149
-0.02065005
-0.02069904
-0.02071613
-0.0207146
-0.02070631
-0.02070074
-0.02069283
-0.02066866
-0.02061438
-0.02051936
-0.0203892
-0.02025158
-0.02014113
-0.02008333
-0.02009123
-0.02016382
-0.02029033
-0.02046394
-0.02068268
-0.02094901
-0.02127594
-0.02167183
-0.02213216
-0.02264931
-0.02320769
-0.02378769
-0.02437369
-0.0249562
-0.02554061
-0.02614257
-0.02676862
-0.02741395
-0.02808659
-0.02880099
-0.02954633
-0.03030487
-0.0310726
-0.03184223
-0.03260439
-0.03336677
-0.03415023
-0.03496052
-0.03577895
-0.03658761
-0.03737397
-0.03810512
-0.03873314
-0.03921633
-0.03951898
-0.03961825
-0.03952204
-0.0392739
-0.03893759
-0.03856968
-0.03820697
-0.03785479
-0.0374868
-0.03708276
-0.03665562
-0.03622768
-0.03581151
-0.03542214
-0.03508888
-0.03483232
-0.0346485
-0.03452882
-0.03445697
-0.03438105
-0.03424686
-0.03403191
-0.03372013
-0.03329972
-0.03279814
-0.03227361
-0.03176794
-0.031261
-0.03068986
-0.03001075
-0.02921651
-0.02830703
-0.02728038
-0.02613548
-0.02486428
-0.02345573
-0.0219227
-0.02029796
-0.01860725
-0.01686563
-0.01509751
-0.01332782
-0.01157641
-0.009860182
-0.008183162
-0.006532121
-0.004882104
-0.003194296
-0.001444048
0.0003751738
0.002280608
0.004291273
0.006399639
0.008591544
0.01085263
0.01315759
0.01548143
0.0178141
0.02014948
0.02247814
0.02478127
0.02703872
0.02924133
0.03137811
0.03340725
0.03528365
0.03699788
0.03857314
0.04004533
0.04145552
0.04283141
0.04417332
0.04546037
0.04666706
0.04777873
0.04880713
0.04977584
0.05071174
0.05164482
0.05259517
0.05355487
0.05449561
0.05539593
0.0562536
0.05707213
0.05784724
0.05854603
0.05911194
0.05951591
0.05978992
0.05999606
0.06017525
0.06031556
0.06035381
0.06020921
0.05984173
0.0592995
0.0586914
0.05810089
0.05755146
0.05703145
0.05650272
0.05591761
0.05525654
0.05452384
0.05371666
0.05281738
0.05180352
0.05066664
0.04941766
0.0480798
0.04668246
0.04524497
0.04376563
0.04224102
0.04067633
0.03908188
0.03746597
0.03582928
0.03415511
0.03240699
0.03055856
0.02862171
0.026627
0.02461068
0.02259417
0.02056257
0.01848437
0.01633246
0.01410515
0.01185574
0.009642584
0.007476677
0.005348244
0.003257253
0.001202655
-0.000823448
-0.002810485
-0.00471262
-0.006498251
-0.008180092
-0.009796748
-0.01137935
-0.01292776
-0.01443655
-0.01593119
-0.01745354
-0.019052
-0.02075934
-0.02255553
-0.02437356
-0.02614593
-0.02783337
-0.02943232
-0.03095972
-0.03243291
-0.03387355
-0.03529641
-0.03668368
-0.03798933
-0.03913627
-0.04003155
-0.04060421
-0.04084148
-0.04080935
-0.04062267
-0.0403865
-0.04014267
-0.03986074
-0.0394822
-0.0389517
-0.03824239
-0.0373782
-0.03642163
-0.03543753
-0.03447279
-0.03356852
-0.03275575
-0.03204563
-0.03143195
-0.0308909
-0.03037238
-0.02979565
-0.02909942
-0.02828496
-0.02739212
-0.02647395
-0.02556891
-0.02469223
-0.02383374
-0.02295631
-0.022043
-0.02110772
-0.02015153
-0.01916295
-0.01813242
-0.01706398
-0.01597407
-0.01487037
-0.0137552
-0.01264144
-0.01152701
-0.01038439
-0.00919971
-0.007994859
-0.006803872
-0.00564866
-0.00453039
-0.003445594
-0.002385131
-0.001324506
-0.0002446015
0.0008490801
0.001944603
0.003037756
0.004133945
0.005239653
0.006344509
0.007422303
0.008457748
0.009449907
0.01039916
0.01131125
0.0122061
0.01309557
0.01397365
0.0148346
0.01567311
0.01646968
0.01720619
0.01786967
0.01845059
0.01895637
0.01939953
0.01978338
0.02010727
0.02036992
0.020572
0.02070009
0.02073884
0.0206991
0.02061023
0.02050247
0.02040579
0.02035457
0.02037231
0.02044644
0.02055814
0.02071769
0.02094289
0.02123216
0.02157296
0.02195489
0.02236073
0.02276293
0.02315503
0.02356334
0.02402168
0.02455342
0.02517824
0.0259056
0.0267252
0.02762821
0.02861496
0.02967929
0.03081115
0.03199102
0.03318577
0.03436265
0.03549854
0.03657208
0.03755877
0.03844373
0.03923616
0.03996135
0.04063699
0.04125838
0.04180707
0.0422634
0.04262148
0.04289468
0.04310308
0.04326651
0.04338303
0.0434191
0.04335225
0.0431884
0.04293722
0.04259829
0.04216158
0.04162263
0.04098615
0.04025643
0.0394341
0.03851544
0.03750005
0.03638865
0.03517683
0.03387926
0.03253119
0.03115861
0.02976697
0.02835209
0.0269062
0.0254318
0.02395534
0.02251183
0.02112657
0.01981343
0.01856539
0.01737092
0.01622956
0.01514503
0.01412444
0.01317684
0.01230854
0.01151766
0.01078302
0.01007537
0.009370045
0.008656011
0.007938706
0.007228842
0.006531992
0.005845884
0.005157324
0.004452616
0.003732656
0.003012147
0.002304335
0.001611839
0.0009288045
0.000257982
-0.0003914649
-0.001014294
-0.001606871
-0.002171152
-0.002715491
-0.003239333
-0.003737963
-0.004212764
-0.004666905
-0.005095148
-0.005476824
-0.005784614
-0.006007268
-0.00614147
-0.006172337
-0.006082123
-0.005859716
-0.00549594
-0.00498751
-0.004348034
-0.003603556
-0.002771561
-0.001864634
-0.0009062962
7.891329e-05
0.001078201
0.002078065
0.003054792
0.003987236
0.004856421
0.005631706
0.006284263
0.006793836
0.007135928
0.007288536
0.007249301
0.007037343
0.006677648
0.006187542
0.005580359
0.004870863
0.004078431
0.003215817
0.002290528
0.001317904
0.0003129881
-0.0007120117
-0.001740543
-0.002755001
-0.003735517
-0.004666274
-0.00554105
-0.006359173
-0.007117738
-0.007813508
-0.008447608
-0.009014725
-0.009498679
-0.009886432
-0.01016837
-0.01034438
-0.0104375
-0.01048868
-0.01053937
-0.01061785
-0.01073169
-0.01087159
-0.01101326
-0.01112639
-0.01120121
-0.01126207
-0.01134589
-0.01147097
-0.01162523
-0.01178364
-0.01192356
-0.01202967
-0.01209859
-0.01214162
-0.01218822
-0.01227536
-0.01242882
-0.01266045
-0.0129704
-0.01335384
-0.01381329
-0.01436444
-0.01502029
-0.01576296
-0.01654195
-0.01729689
-0.01797418
-0.01853813
-0.01897104
-0.0192631
-0.01941112
-0.01942272
-0.01930991
-0.0190826
-0.01874824
-0.01830131
-0.01772406
-0.01700929
-0.01616991
-0.015228
-0.01420559
-0.01311899
-0.01197168
-0.01074091
-0.00938329
-0.007871612
-0.00621927
-0.004468137
-0.002671928
-0.0008830153
0.0008597158
0.002538669
0.004151176
0.005698422
0.007174216
0.008556616
0.009812812
0.01092415
0.01190387
0.01277908
0.01357097
0.01429627
0.0149551
0.01553799
0.01603809
0.01644745
0.01676487
0.01698833
0.01710924
0.01712101
0.01700749
0.01674385
0.01631767
0.01574912
0.01509201
0.01440358
0.01372508
0.0130823
0.01247649
0.0118851
0.01129088
0.01070263
0.01014076
0.009616079
0.009120444
0.008633814
0.008158399
0.007731441
0.00740957
0.007238615
0.007206556
0.00723713
0.00723058
0.007106726
0.006833541
0.00642606
0.005936166
0.005435252
0.004972138
0.004538522
0.004085926
0.003576618
0.003014687
0.002433008
0.001866832
0.001335941
0.0008359528
0.0003503374
-0.000123674
-0.0005654969
-0.0009337779
-0.001174788
-0.00124759
-0.001147868
-0.0009043427
-0.0005675677
-0.0001963073
0.0001699706
0.0005279512
0.0009002247
0.00132273
0.001828641
0.002421232
0.003075897
0.00376256
0.004454465
0.00514188
0.005835123
0.006547374
0.007288138
0.008066216
0.008883725
0.009722918
0.01054411
0.01129783
0.01193799
0.01243226
0.0127674
0.01295507
0.01302846
0.01301755
0.01293272
0.01277312
0.01253825
0.01223272
0.01186151
0.01142933
0.01094369
0.01041496
0.0098555
0.009277723
0.008697488
0.008134005
0.007590611
0.007052615
0.006501395
0.005925953
0.005325127
0.004697208
0.004042808
0.003368879
0.002669758
0.001933893
0.001160265
0.0003667409
-0.0004098031
-0.001139137
-0.001810173
-0.002422926
-0.002992565
-0.003538678
-0.004073619
-0.004602745
-0.005132236
-0.005672309
-0.006229417
-0.006805966
-0.007404207
-0.008022811
-0.008658238
-0.00929975
-0.009923426
-0.01050141
-0.01101978
-0.01147401
-0.01186489
-0.01220071
-0.01248704
-0.01273045
-0.01294026
-0.01311863
-0.01327917
-0.01344134
-0.01361513
-0.0138163
-0.01406104
-0.01435552
-0.01470889
-0.01512917
-0.01561791
-0.01617239
-0.01678309
-0.01743589
-0.01812126
-0.01883582
-0.01957315
-0.0203217
-0.02107521
-0.02182574
-0.02256093
-0.02327627
-0.02397225
-0.02463936
-0.02525552
-0.02580054
-0.0262696
-0.02667006
-0.02701569
-0.02732338
-0.02761407
-0.02790432
-0.02819821
-0.02850031
-0.0288208
-0.029166
-0.02953868
-0.02994059
-0.03036954
-0.03081166
-0.0312383
-0.03162076
-0.03194258
-0.03219621
-0.03237552
-0.03247616
-0.03251108
-0.03250435
-0.03246844
-0.03240244
-0.03228905
-0.03209999
-0.03180943
-0.03139806
-0.03085502
-0.03017739
-0.02936676
-0.02842474
-0.02735831
-0.02618941
-0.02494453
-0.02365133
-0.02233212
-0.02099887
-0.01966305
-0.01833631
-0.01702672
-0.0157401
-0.01446884
-0.01319414
-0.01189197
-0.01054526
-0.009155076
-0.007740945
-0.006319737
-0.004885179
-0.003420752
-0.001915849
-0.0003558243
0.001272948
0.00296491
0.004689762
0.006413801
0.008113399
0.009774323
0.01138776
0.01294338
0.0144273
0.0158319
0.01715374
0.01839981
0.01958942
0.02073616
0.02184257
0.02290809
0.02392724
0.02489155
0.02579365
0.02663764
0.02743344
0.0281789
0.02885948
0.02946649
0.02999645
0.03044112
0.03079558
0.03105952
0.03122444
0.03128016
0.03122604
0.03106764
0.03080543
0.03043253
0.02994703
0.02936098
0.02869543
0.02797154
0.02720222
0.0263925
0.02554273
0.0246404
0.02367394
0.02265221
0.02158739
0.02048032
0.01932698
0.01812124
0.01685829
0.01553755
0.0141682
0.01277147
0.01137471
0.009997893
0.008648116
0.00731425
0.00596209
0.004561624
0.003121238
0.001669713
0.000228191
-0.001189334
-0.002569543
-0.003900498
-0.005158658
-0.006294394
-0.007264566
-0.008089538
-0.008847689
-0.009620412
-0.01044139
-0.01127768
-0.01204121
-0.01262678
-0.01297863
-0.01313097
-0.01317518
-0.01319257
-0.01320563
-0.01317386
-0.01302153
-0.01269053
-0.01218782
-0.01156902
-0.01088776
-0.01016984
-0.009413614
-0.008602218
-0.007722781
-0.006788664
-0.005837594
-0.004904648
-0.004011855
-0.003166336
-0.002361229
-0.001590285
-0.0008615648
-0.0002000725
0.0003638255
0.0008104073
0.001140338
0.001380577
0.001574232
0.001763562
0.001974678
0.002210782
0.002459558
0.002704061
0.002938402
0.00317621
0.00343291
0.003708949
0.003992027
0.00426359
0.004500177
0.004678274
0.004785658
0.004823865
0.004799717
0.004723267
0.004602898
0.004442742
0.004246657
0.004019719
0.003778867
0.003558178
0.003389067
0.003278117
0.003214771
0.003192202
0.003201244
0.003229131
0.003275079
0.003349164
0.003461621
0.003609575
0.003777391
0.003949065
0.00410244
0.004212974
0.004282701
0.004343966
0.004420325
0.004509452
0.004605205
0.004698206
0.004765358
0.004785498
0.004755639
0.004689577
0.004601755
0.004498681
0.004389991
0.00428712
0.004183712
0.004049432
0.003852362
0.003581598
0.003245556
0.002869561
0.002494434
0.002157685
0.001872681
0.001633464
0.001438483
0.00130211
0.001246737
0.001290149
0.001448592
0.001736787
0.002143963
0.00263611
0.003183533
0.003766948
0.004374671
0.005006587
0.005671909
0.006371049
0.007077567
0.007748611
0.008353071
0.008887252
0.009359698
0.009771316
0.01011246
0.01036533
0.01051055
0.01053919
0.01046468
0.01032319
0.01015131
0.009966072
0.009768863
0.009564825
0.009373452
0.009218405
0.009117298
0.00907838
0.009102866
0.009194002
0.009355835
0.009593326
0.009917432
0.01033611
0.01084613
0.01143598
0.01209152
0.01279834
0.01353768
0.01428309
0.01500482
0.01568118
0.01630019
0.01685178
0.01732568
0.01771113
0.01800332
0.01820701
0.01832949
0.01838376
0.01838659
0.01834678
0.01826856
0.01815851
0.01802528
0.01788091
0.01773982
0.01761921
0.01754091
0.01751985
0.01755148
0.0176136
0.01768572
0.01775241
0.01778711
0.01776347
0.01767062
0.01749748
0.01722766
0.01685203
0.01637559
0.01581341
0.01517771
0.01446316
0.01366233
0.01278489
0.01184994
0.01087186
0.009857193
0.008812509
0.007761852
0.006746699
0.005807305
0.004958515
0.004177025
0.003408757
0.002611273
0.001789345
0.0009869452
0.0002528233
-0.000394194
-0.0009669753
-0.001490307
-0.001986055
-0.002457264
-0.002914706
-0.003387681
-0.003902191
-0.004478338
-0.00511846
-0.005813102
-0.006564311
-0.007375407
-0.008251507
-0.009202605
-0.01023707
-0.01135431
-0.01254339
-0.01378876
-0.01507702
-0.01640067
-0.01774949
-0.01909481
-0.02040369
-0.02165235
-0.02282031
-0.02389087
-0.02485761
-0.02571517
-0.02645061
-0.02704858
-0.02749785
-0.02779476
-0.02794746
-0.02796779
-0.0278665
-0.02765365
-0.02733605
-0.02692049
-0.02641828
-0.02584674
-0.02522897
-0.02458961
-0.02394805
-0.0233139
-0.02268773
-0.02206034
-0.02141676
-0.02074725
-0.02004745
-0.01931225
-0.01853411
-0.0177076
-0.01683093
-0.0159049
-0.01493075
-0.01390247
-0.01280764
-0.01163943
-0.01039978
-0.009096656
-0.007739022
-0.006343357
-0.004940103
-0.003563495
-0.002237792
-0.0009754946
0.0002153212
0.001323945
0.002339625
0.003248279
0.004032087
0.00468326
0.005200228
0.005572258
0.005791489
0.005863686
0.005802294
0.005625218
0.00535701
0.005023144
0.004642109
0.004228793
0.003799155
0.003373561
0.002979207
0.002639564
0.002359015
0.002129459
0.001953351
0.001838432
0.001782413
0.001781342
0.001837162
0.001959217
0.00215808
0.002424983
0.002729532
0.003048975
0.003379643
0.003712583
0.004025555
0.004298206
0.004508912
0.00462951
0.00464607
0.004565245
0.004390507
0.004117504
0.003753779
0.003323723
0.002853427
0.002362772
0.001871323
0.001395737
0.0009348835
0.0004782922
4.151964e-05
-0.0003293933
-0.0006068285
-0.0008090099
-0.0009711231
-0.001107689
-0.00119867
-0.001209585
-0.001125296
-0.0009599755
-0.0007542267
-0.0005663798
-0.0004393297
-0.0003688677
-0.0003344918
-0.0003580242
-0.0004908996
-0.0007482922
-0.001085596
-0.001438449
-0.001763786
-0.002035764
-0.00224978
-0.002439514
-0.0026421
-0.002846922
-0.00299852
-0.003037113
-0.002919295
-0.00262037
-0.002160738
-0.001602483
-0.0009906449
-0.0003390634
0.0003204667
0.0009140398
0.001365129
0.001645822
0.001780374
0.001809796
0.001750141
0.001576272
0.00125192
0.0007773275
0.0001965478
-0.0004386723
-0.001106576
-0.001824151
-0.002616523
-0.003468853
-0.004322241
-0.005114547
-0.005807325
-0.006399842
-0.006934232
-0.007454372
-0.007964647
-0.008434262
-0.008820868
-0.009092067
-0.009245861
-0.009315218
-0.009332289
-0.00930163
-0.009232682
-0.009146976
-0.009040616
-0.008888155
-0.008689867
-0.008490784
-0.00835013
-0.008319188
-0.008453153
-0.00880399
-0.009382199
-0.01013544
-0.01095785
-0.01172108
-0.01233944
-0.01282788
-0.01329205
-0.01384769
-0.01452194
-0.01523699
-0.01589533
-0.01643608
-0.01680916
-0.01695566
-0.01683565
-0.01646924
-0.01594559
-0.01537644
-0.01483205
-0.01431351
-0.01377228
-0.01316176
-0.01247776
-0.0117515
-0.01101544
-0.01028389
-0.009553323
-0.008806145
-0.008000739
-0.007073357
-0.005974751
-0.004711118
-0.003354973
-0.002013458
-0.0007644862
0.0003786966
0.001451713
0.002495815
0.003518536
0.004486107
0.005353887
0.006099582
0.006729078
0.007254786
0.007677262
0.007991199
0.008209428
0.008374383
0.008530235
0.008677825
0.008778971
0.008812376
0.008807188
0.008816702
0.008880566
0.009012467
0.009208736
0.009466006
0.009781225
0.01013692
0.01050193
0.01083304
0.01108578
0.01124731
0.01134343
0.0114067
0.01145326
0.01148798
0.0115164
0.01155209
0.01161299
0.01170263
0.01180363
0.01189389
0.01195688
0.01198082
0.01196254
0.01191336
0.01184614
0.01175402
0.01160633
0.01136149
0.01099705
0.01054171
0.01005277
0.009559461
0.009049552
0.008502071
0.007907926
0.007267075
0.006592081
0.005913915
0.005263912
0.004651769
0.004062092
0.003468781
0.002843158
0.002162299
0.001425775
0.0006581854
-0.0001142719
-0.0008870873
-0.00167019
-0.00245454
-0.003211528
-0.003928159
-0.004613652
-0.005272446
-0.005900635
-0.006499223
-0.007080545
-0.007658172
-0.008237629
-0.008824618
-0.009429927
-0.01005115
-0.01067537
-0.01130201
-0.01192879
-0.01253865
-0.0131286
-0.01371579
-0.01432482
-0.01496678
-0.01563173
-0.01631135
-0.01700177
-0.01769736
-0.01839948
-0.01912422
-0.0198948
-0.02070768
-0.02154271
-0.02239447
-0.02325752
-0.02411292
-0.02493018
-0.02567433
-0.02633079
-0.02690074
-0.02737547
-0.02773701
-0.02797085
-0.02807335
-0.02805354
-0.02792038
-0.02768284
-0.02736232
-0.02698314
-0.02657154
-0.02616651
-0.0258078
-0.02551958
-0.02529693
-0.02511527
-0.02495391
-0.02479351
-0.02462353
-0.02445001
-0.0242756
-0.0240904
-0.02388211
-0.0236407
-0.02335401
-0.02300675
-0.02259501
-0.02212975
-0.02160613
-0.0209926
-0.02027363
-0.0194677
-0.01860747
-0.01772391
-0.01682688
-0.01589971
-0.01492621
-0.01391273
-0.01288749
-0.01187056
-0.01085978
-0.00985011
-0.008841774
-0.007838176
-0.006854932
-0.00592065
-0.005055903
-0.00425078
-0.003484673
-0.002751926
-0.002056504
-0.001398472
-0.0007739002
-0.0001780531
0.0003939439
0.000945211
0.001479175
0.001997317
0.002478136
0.002889966
0.003223837
0.003493013
0.003719374
0.003923755
0.004118735
0.004299575
0.004436309
0.004500275
0.004486763
0.004400844
0.004246386
0.004040017
0.003822606
0.003632839
0.003459701
0.00324182
0.002929222
0.002547023
0.00218479
0.001911647
0.001705155
0.001483406
0.001210407
0.0009170318
0.0006098312
0.0002522347
-0.0001503989
-0.0005464861
-0.0009332642
-0.001364027
-0.001859463
-0.002380218
-0.002872496
-0.003317881
-0.003740545
-0.004158146
-0.004559272
-0.004925173
-0.005218966
-0.00538146
-0.00540233
-0.005356463
-0.005309021
-0.005231725
-0.005067034
-0.004825176
-0.004558215
-0.004243823
-0.003779224
-0.003119533
-0.002335332
-0.001516656
-0.0006913261
0.0001514106
0.001033994
0.002004048
0.003071866
0.004161107
0.005187096
0.006132938
0.00703852
0.00793106
0.008778166
0.00954184
0.01024871
0.01096809
0.01172392
0.01246507
0.01313221
0.01371118
0.01421748
0.01467108
0.01508211
0.01543366
0.01568513
0.01581053
0.01581348
0.01569159
0.01542301
0.01502384
0.01456367
0.01405095
0.01337707
0.01245338
0.01133322
0.01015813
0.009042644
0.008018777
0.007039293
0.006029281
0.004969733
0.003907881
0.002867923
0.001813554
0.0007326165
-0.0003017985
-0.001191694
-0.001930283
-0.00262341
-0.003359448
-0.004107671
-0.004775162
-0.005295151
-0.005673842
-0.006009692
-0.0064224
-0.006923125
-0.007395888
-0.007725846
-0.007903222
-0.007982148
-0.008005153
-0.007989159
-0.007924402
-0.007788971
-0.007595112
-0.007381402
-0.007166781
-0.006973211
-0.006842572
-0.006775122
-0.006714833
-0.006621784
-0.006520113
-0.006469166
-0.006491242
-0.00652913
-0.006499263
-0.006384519
-0.006254643
-0.006208234
-0.006294823
-0.006482278
-0.006698473
-0.006887011
-0.007045254
-0.007245404
-0.007577882
-0.008035593
-0.008502265
-0.008889109
-0.009220182
-0.009555754
-0.009901109
-0.01021049
-0.01043524
-0.0105624
-0.01062388
-0.01065696
-0.01065537
-0.0105781
-0.01039035
-0.01008459
-0.009689403
-0.009258796
-0.008830367
-0.008403871
-0.007959209
-0.007471375
-0.006913485
-0.006276784
-0.005598451
-0.004942825
-0.004336587
-0.003742572
-0.003110081
-0.002458711
-0.001895142
-0.001505428
-0.001238783
-0.0009497375
-0.000558163
-0.0001307377
0.0001886995
0.000299324
0.0002251852
9.88371e-05
4.43534e-05
7.109771e-05
6.759366e-05
-9.45856e-05
-0.0004342991
-0.0008653823
-0.001314119
-0.001791391
-0.002360583
-0.003063976
-0.003873768
-0.00468731
-0.005399729
-0.0060173
-0.006643777
-0.007338931
-0.008059647
-0.008730573
-0.009307769
-0.009764965
-0.01008187
-0.01029087
-0.01047863
-0.01069781
-0.01091884
-0.01108985
-0.01119437
-0.01123815
-0.01123631
-0.01121613
-0.01118968
-0.01112311
-0.01096811
-0.01073744
-0.0105079
-0.01033847
-0.01021168
-0.01005446
-0.009814931
-0.009510943
-0.00920901
-0.008980662
-0.008863919
-0.008860505
-0.008966366
-0.009178384
-0.009460388
-0.009730399
-0.009928351
-0.01008835
-0.01029876
-0.01060438
-0.01097968
-0.01136663
-0.01170619
-0.01197169
-0.01217959
-0.01235593
-0.01250454
-0.01260343
-0.01263107
-0.01259184
-0.0125052
-0.01238443
-0.01221832
-0.01198446
-0.01170016
-0.01142368
-0.01118707
-0.01097155
-0.01074356
-0.01047198
-0.01012942
-0.009726219
-0.00932653
-0.008994443
-0.008736605
-0.008524207
-0.008319417
-0.00805197
-0.007648364
-0.007119375
-0.006559358
-0.006041038
-0.005544064
-0.00501456
-0.004444832
-0.003849772
-0.003226499
-0.002582299
-0.001955693
-0.001382227
-0.0008586094
-0.0003747463
5.87185e-05
0.0004364972
0.0007682389
0.00105837
0.001304737
0.001511175
0.001692328
0.001869188
0.002069608
0.002320024
0.002618672
0.002925758
0.003217836
0.003536223
0.003952882
0.004507691
0.005188737
0.005946306
0.006732964
0.007544172
0.008411476
0.009341263
0.01027567
0.01113031
0.01186497
0.01251117
0.01313494
0.01376113
0.01435827
0.01489679
0.01538512
0.01584059
0.01626106
0.01664415
0.017005
0.01734825
0.01765784
0.01793356
0.0182027
0.0184757
0.01872817
0.01893402
0.01908613
0.01917818
0.0191975
0.01914522
0.01904947
0.01895898
0.01891586
0.01892024
0.01894049
0.01895463
0.01896568
0.01898394
0.01902489
0.01911732
0.01926286
0.01941161
0.01952238
0.01960498
0.01969215
0.01979962
0.01993234
0.02010318
0.02030588
0.0205085
0.0207046
0.02092264
0.02117475
0.0214339
0.02167285
0.02189034
0.02208274
0.02224051
0.02238203
0.02253257
0.02268837
0.02284078
0.02300063
0.02317139
0.02333291
0.02346602
0.02356767
0.02363756
0.02367038
0.02366794
0.02364248
0.02359974
0.02354805
0.02351548
0.02352252
0.02356385
0.02363299
0.02372977
0.02385949
0.02405534
0.02436952
0.02481383
0.02533944
0.02588318
0.02640139
0.02687309
0.02731063
0.02775493
0.02822036
0.02865605
0.02899916
0.02924951
0.02945563
0.02963963
0.02977013
0.02981893
0.02980925
0.02978185
0.02975407
0.02973236
0.02971604
0.0296786
0.02958799
0.02944739
0.02927782
0.0290649
0.02875685
0.02832567
0.02779892
0.02722579
0.02662681
0.02596963
0.02522165
0.02443333
0.02370296
0.02307607
0.02252076
0.02196791
0.02136427
0.02072692
0.02012141
0.01956272
0.0190062
0.01844192
0.01791194
0.01744877
0.01702254
0.01653843
0.01591685
0.01517898
0.01439628
0.01358095
0.01269319
0.01174163
0.01081716
0.01001277
0.009313706
0.008594642
0.007736052
0.006725133
0.005633552
0.004542739
0.003485161
0.002418167
0.001272998
4.623501e-05
-0.001201231
-0.002422453
-0.003617431
-0.004796837
-0.005954449
-0.007070997
-0.008130526
-0.009139341
-0.01012787
-0.0111185
-0.01211466
-0.01311882
-0.01413872
-0.01516209
-0.01613696
-0.01698622
-0.01763694
-0.01804696
-0.0182412
-0.01830994
-0.01833465
-0.01832597
-0.01825561
-0.01812254
-0.01797301
-0.01786128
-0.01781548
-0.0178373
-0.0178944
-0.01791231
-0.01782008
-0.01760837
-0.01731672
-0.01698227
-0.01663677
-0.01632801
-0.01610398
-0.01598265
-0.01595784
-0.01600916
-0.01609393
-0.01615661
-0.01615706
-0.01609117
-0.01598065
-0.01584138
-0.0156815
-0.01550827
-0.01531339
-0.01508007
-0.01481271
-0.01453249
-0.01424773
-0.01395698
-0.01367514
-0.01342422
-0.01319942
-0.01297562
-0.01273982
-0.01248383
-0.01218868
-0.01184342
-0.0114699
-0.01111533
-0.01080708
-0.01052693
-0.01025073
-0.009985822
-0.00975443
-0.009572421
-0.009452685
-0.009406672
-0.009425283
-0.009470371
-0.009501875
-0.009507406
-0.009512363
-0.009567913
-0.009713154
-0.00994196
-0.01022143
-0.01053484
-0.01088433
-0.01127606
-0.01172306
-0.01223699
-0.01282192
-0.01348125
-0.01420474
-0.01494764
-0.01564421
-0.01625262
-0.01677957
-0.01726508
-0.0177557
-0.01827603
-0.01880801
-0.01929779
-0.01970246
-0.02003425
-0.0203484
-0.02068447
-0.02102364
-0.02132085
-0.02155651
-0.02172989
-0.02183365
-0.02185708
-0.02180258
-0.02169087
-0.0215521
-0.02141544
-0.02129066
-0.02115115
-0.02095013
-0.02065595
-0.02025679
-0.0197505
-0.01915131
-0.01849482
-0.01782141
-0.01715885
-0.01652223
-0.01592366
-0.01535418
-0.01477189
-0.01413584
-0.01343366
-0.01267121
-0.01186981
-0.01106581
-0.01028841
-0.009544084
-0.00882518
-0.008117948
-0.007409963
-0.006696642
-0.005993854
-0.005323935
-0.004678332
-0.004026297
-0.003351161
-0.002656085
-0.001954024
-0.001252174
-0.0005494084
0.0001586463
0.0008719703
0.00157257
0.002230441
0.002836562
0.003409172
0.003966915
0.00451445
0.005050973
0.005570341
0.006054937
0.006483108
0.006859372
0.007207923
0.007535204
0.007838672
0.008136737
0.008459237
0.008818715
0.009202755
0.009593679
0.009989116
0.01041715
0.01092203
0.01152583
0.01221388
0.01295969
0.01374309
0.014546
0.01535304
0.01615259
0.01693405
0.01769106
0.01841264
0.01907907
0.01965988
0.02012342
0.02047221
0.02074099
0.02095407
0.02112045
0.02125033
0.02135429
0.02143569
0.02148659
0.02148485
0.02140485
0.02123832
0.02100295
0.02072665
0.02042209
0.02008075
0.0196937
0.019271
0.01883517
0.01840976
0.01802145
0.01769033
0.01741289
0.01716673
0.01691951
0.01663152
0.01627405
0.01585331
0.01540019
0.0149381
0.01446441
0.01395977
0.01340384
0.01277089
0.01204396
0.0112562
0.01047385
0.009740672
0.009065109
0.008433395
0.007823171
0.007226347
0.00665787
0.006137974
0.005666826
0.005224272
0.004797568
0.004398189
0.004042932
0.003728889
0.003435209
0.003142226
0.002834426
0.00249895
0.002136707
0.00176689
0.001414025
0.001094512
0.0008057841
0.0005210966
0.0002032901
-0.0001685456
-0.000593601
-0.001063175
-0.001564119
-0.002071509
-0.002552018
-0.002980268
-0.003354163
-0.003693683
-0.004036294
-0.004426962
-0.004894831
-0.005437112
-0.006021893
-0.006607219
-0.007170313
-0.007707357
-0.008205371
-0.008646629
-0.009038042
-0.009401463
-0.009747842
-0.01007904
-0.01039089
-0.01066529
-0.01086973
-0.01095956
-0.01088758
-0.01062174
-0.01015965
-0.009538588
-0.00882442
-0.008083469
-0.007357134
-0.006648245
-0.005925639
-0.005140034
-0.004256363
-0.003290266
-0.002298309
-0.001341769
-0.0004663657
0.0003115062
0.001011627
0.001667708
0.002301012
0.002921609
0.003546492
0.00420275
0.004910561
0.005668712
0.006459779
0.00726519
0.008074037
0.008877933
0.009669802
0.01044432
0.01119162
0.01189126
0.01251186
0.01302053
0.01339088
0.01360658
0.01367332
0.0136229
0.01349456
0.01330442
0.01304337
0.01270745
0.01231174
0.01187878
0.01142317
0.01094624
0.01044732
0.009937499
0.009441395
0.008987952
0.00859378
0.008248841
0.00791179
0.007533103
0.007090862
0.006600094
0.006104682
0.005658048
0.005284144
0.004957806
0.004625715
0.004240753
0.003780636
0.003253819
0.002694931
0.002147786
0.001647222
0.001208299
0.0008244482
0.0004735559
0.0001257259
-0.0002384021
-0.0006116558
-0.0009679631
-0.001282088
-0.001541334
-0.001749274
-0.001922537
-0.002079381
-0.002225304
-0.002358016
-0.002480361
-0.002597575
-0.002708846
-0.002803764
-0.002867022
-0.002882373
-0.002833712
-0.002723597
-0.00258891
-0.002485865
-0.00245649
-0.002509123
-0.002621291
-0.002749205
-0.002849279
-0.002906781
-0.002940805
-0.002980538
-0.00303621
-0.003096742
-0.003147022
-0.003170385
-0.003149197
-0.003083172
-0.002989316
-0.002875336
-0.002734321
-0.002560455
-0.002351566
-0.002108898
-0.001838222
-0.001536793
-0.001195491
-0.0008176793
-0.0004130127
1.432225e-05
0.000455838
0.0008914977
0.001298419
0.001663328
0.001986115
0.002275891
0.002540864
0.002778306
0.002972771
0.003109069
0.0031949
0.003260365
0.003333235
0.003429082
0.003554772
0.003705752
0.003868057
0.004030035
0.004185396
0.004324304
0.004427526
0.00447384
0.004454553
0.00437723
0.004256515
0.00410706
0.003941961
0.003770861
0.003605742
0.003472356
0.003404179
0.00342109
0.003523433
0.003697605
0.00391334
0.004128874
0.00431169
0.004456244
0.00457893
0.004690227
0.004782675
0.004845527
0.004875687
0.004879971
0.004874276
0.004871205
0.004868247
0.004851746
0.004809119
0.004730001
0.004600855
0.004412936
0.004172627
0.003891047
0.003570736
0.003209911
0.002815329
0.002399513
0.001965458
0.001505801
0.001021548
0.0005224455
9.194301e-06
-0.000527877
-0.001094478
-0.001691941
-0.002331352
-0.003025984
-0.003767888
-0.004538827
-0.0053299
-0.006131648
-0.006916371
-0.007640047
-0.008258355
-0.008744092
-0.009100079
-0.009361889
-0.009580149
-0.009796368
-0.01003305
-0.01029083
-0.01054244
-0.01074179
-0.01085431
-0.01088777
-0.0108849
-0.01087606
-0.01085031
-0.01076892
-0.01059738
-0.01033345
-0.01000822
-0.009662634
-0.009321269
-0.008982837
-0.008635895
-0.008279943
-0.007922048
-0.007556671
-0.007176895
-0.006798602
-0.006447589
-0.006132688
-0.005845076
-0.005574448
-0.0053137
-0.005049749
-0.004765447
-0.00445415
-0.004121706
-0.0037737
-0.003417528
-0.003070775
-0.002749841
-0.00245577
-0.002182555
-0.001923444
-0.001663402
-0.001380647
-0.001058855
-0.000689593
-0.0002719748
0.000187001
0.0006788864
0.001194534
0.001719429
0.002238905
0.002739517
0.003214818
0.003674303
0.004131557
0.004585462
0.005024335
0.005439308
0.005831892
0.006214749
0.00660263
0.007000134
0.007404731
0.007815844
0.008234283
0.008657518
0.009080185
0.009494533
0.009896286
0.01029089
0.01068523
0.01107602
0.01145528
0.01182065
0.01217468
0.01251276
0.0128197
0.01308199
0.01329494
0.01346227
0.01359743
0.01371606
0.01382678
0.01392994
0.01401755
0.01407492
0.01408957
0.01405587
0.01397321
0.01384616
0.01367788
0.01346277
0.01319173
0.01285993
0.01246884
0.01202396
0.01153128
0.01099992
0.01044356
0.009874634
0.009299494
0.008723575
0.008160936
0.007627099
0.007123307
0.006646087
0.006203131
0.005809023
0.005471883
0.005194395
0.004975754
0.004807616
0.004675358
0.004557464
0.004433248
0.004294251
0.004143413
0.003995646
0.003870533
0.003783921
0.003741222
0.003732731
0.003744295
0.003761239
0.003769777
0.003770737
0.003784396
0.003840517
0.003954898
0.004114616
0.004288534
0.004445858
0.004569803
0.004668379
0.004771062
0.004900179
0.00504975
0.005201305
0.005348742
0.005508747
0.005708027
0.005947679
0.006191967
0.006406097
0.006591251
0.006779639
0.007004282
0.007271122
0.007548382
0.007788282
0.00796481
0.008085777
0.008178775
0.008267926
0.00836062
0.008459419
0.008566805
0.008671939
0.008752735
0.008798353
0.008814417
0.008810364
0.008795353
0.008778878
0.008771158
0.008780651
0.008802858
0.008826143
0.008847272
0.008870644
0.008897039
0.008918316
0.008919997
0.008888671
0.008816926
0.008703355
0.008548307
0.008352329
0.008110851
0.007812544
0.007450002
0.007028961
0.006565318
0.006076423
0.005569653
0.005044119
0.004499682
0.003941294
0.003376668
0.00281262
0.002252582
0.001701394
0.001168437
0.0006590815
0.0001690232
-0.0003020678
-0.0007433599
-0.001143529
-0.001502987
-0.001831828
-0.002150393
-0.002485653
-0.002854677
-0.0032518
-0.003656525
-0.004052681
-0.004440513
-0.004832425
-0.005241523
-0.005671898
-0.006115722
-0.006550451
-0.006955135
-0.007331849
-0.007698773
-0.008068861
-0.008443529
-0.008815636
-0.009178855
-0.009534724
-0.009887734
-0.01023721
-0.01058056
-0.01091614
-0.01124468
-0.01156997
-0.01189374
-0.01220999
-0.01251527
-0.012817
-0.01312559
-0.01344431
-0.01377331
-0.01411787
-0.01448865
-0.01489149
-0.01532653
-0.01579386
-0.01629233
-0.01681816
-0.0173708
-0.0179467
-0.01853161
-0.01911238
-0.01968927
-0.02026676
-0.02084495
-0.02142535
-0.02200891
-0.0225832
-0.02313181
-0.02364632
-0.02411942
-0.02453945
-0.02489845
-0.02519728
-0.02543489
-0.02559807
-0.02567372
-0.02566252
-0.02557477
-0.02542721
-0.02524425
-0.02504528
-0.0248357
-0.02461809
-0.0244046
-0.0242111
-0.02404414
-0.02389695
-0.02375647
-0.02361691
-0.02348114
-0.02335548
-0.02325114
-0.02317456
-0.02311767
-0.02307199
-0.02303946
-0.02302418
-0.02302434
-0.0230369
-0.02305939
-0.0230843
-0.02309887
-0.02308814
-0.02303801
-0.02294226
-0.02280455
-0.02263417
-0.02243482
-0.02219871
-0.02191864
-0.02159872
-0.02125113
-0.02089104
-0.02053096
-0.02018
-0.01983752
-0.01949413
-0.01913897
-0.01875919
-0.01834363
-0.01788749
-0.01739038
-0.01685844
-0.01629876
-0.01571342
-0.01510019
-0.01445787
-0.01378724
-0.0130943
-0.01239284
-0.01170078
-0.01103423
-0.01040577
-0.009819706
-0.00927178
-0.00875244
-0.008254383
-0.007774567
-0.007309277
-0.006849122
-0.006384794
-0.005913963
-0.005438845
-0.004955036
-0.004453153
-0.003928772
-0.003385285
-0.002825024
-0.002247295
-0.001648569
-0.001022371
-0.0003621147
0.0003314803
0.001052978
0.001797826
0.002563783
0.003349066
0.004149439
0.004953352
0.005751687
0.006547676
0.007349795
0.008159062
0.008975046
0.009800962
0.01063754
0.01148135
0.01233451
0.01320242
0.01408516
0.0149739
0.01585333
0.01670878
0.0175332
0.01832394
0.01908212
0.01980863
0.0205022
0.02115915
0.02177239
0.02233293
0.02283612
0.02327997
0.02366119
0.02397909
0.02424283
0.02446326
0.02464517
0.02479101
0.02490223
0.02497364
0.02499986
0.02498788
0.0249491
0.02488407
0.02478656
0.02466038
0.02452388
0.02439113
0.02426715
0.02415631
0.02405793
0.023962
0.02385516
0.02372926
0.0235825
0.02341639
0.0232327
0.02303117
0.02281447
0.02258816
0.02235019
0.02208832
0.02178913
0.02144988
0.02107696
0.02067576
0.02025174
0.01981326
0.0193667
0.01891327
0.01845622
0.01801044
0.01759262
0.01720948
0.01685851
0.01653355
0.01622615
0.01592529
0.01562614
0.01533745
0.0150708
0.01482758
0.01459992
0.01438352
0.0141762
0.01396605
0.01373475
0.01347037
0.01316968
0.01283223
0.01245757
0.01204802
0.01160198
0.01111385
0.01058296
0.01001726
0.009432655
0.008848959
0.008278475
0.007720795
0.007167516
0.006611077
0.006053312
0.005507597
0.004984388
0.004481464
0.003986044
0.00348223
0.002961945
0.002428732
0.001888168
0.001348396
0.0008195937
0.0003054744
-0.000195409
-0.0006805766
-0.001147241
-0.001597563
-0.002031455
-0.002443805
-0.002832545
-0.003196369
-0.003534951
-0.003852995
-0.004159197
-0.004463413
-0.004777056
-0.005108348
-0.00545772
-0.0058163
-0.006168178
-0.006500539
-0.006812313
-0.007106133
-0.007385569
-0.00766039
-0.007941704
-0.00823243
-0.008524328
-0.008805909
-0.00907518
-0.009334917
-0.009585324
-0.009828871
-0.01007404
-0.01032211
-0.01055682
-0.01075846
-0.01092264
-0.01105802
-0.01116565
-0.01123186
-0.01124401
-0.01119499
-0.01108047
-0.01090258
-0.01067408
-0.01040968
-0.01011162
-0.009777048
-0.009413468
-0.009033683
-0.008645775
-0.008256705
-0.00787785
-0.007514555
-0.007157825
-0.006796941
-0.006432427
-0.006069289
-0.00570638
-0.005344204
-0.004991562
-0.004660368
-0.004363125
-0.004113893
-0.003926719
-0.003807704
-0.003749011
-0.003736092
-0.003754188
-0.003786121
-0.003817981
-0.003844729
-0.003864248
-0.003876489
-0.003882752
-0.003879843
-0.003859136
-0.003811482
-0.003733077
-0.003624648
-0.003486802
-0.003318971
-0.003121829
-0.00289832
-0.002648905
-0.002370187
-0.002057115
-0.001707327
-0.001328381
-0.0009380767
-0.0005561765
-0.0001938845
0.0001492733
0.0004794454
0.0008056813
0.001133881
0.001462318
0.001785425
0.002094222
0.002381039
0.002646868
0.002897954
0.003141056
0.003378965
0.003607393
0.003818639
0.004008275
0.004176222
0.004322463
0.004446689
0.004549561
0.004631386
0.004693197
0.004743099
0.004798405
0.004870468
0.004954394
0.005043927
0.005140181
0.005242272
0.005341731
0.005425464
0.005486228
0.005524739
0.005538854
0.005525616
0.005487048
0.005426415
0.005346907
0.005254506
0.005153638
0.005044608
0.004931534
0.004821561
0.004716831
0.004615773
0.004516476
0.004416322
0.004309471
0.004191697
0.004060081
0.003904941
0.003711548
0.003469697
0.003179679
0.002846865
0.002469627
0.002044906
0.001579943
0.00108854
0.0005781563
5.262085e-05
-0.0004769601
-0.0009944779
-0.001487772
-0.001954805
-0.002403404
-0.002842068
-0.003276901
-0.003712031
-0.004149713
-0.004588883
-0.005031165
-0.005483604
-0.005950337
-0.006430839
-0.006923943
-0.007425037
-0.007929068
-0.008436088
-0.008944238
-0.009442146
-0.009920039
-0.01037357
-0.01079569
-0.01117476
-0.01150246
-0.01178304
-0.01203137
-0.01225909
-0.01247022
-0.01266983
-0.01286804
-0.01307189
-0.01328808
-0.01352766
-0.01379591
-0.01408676
-0.0143918
-0.01470708
-0.01503387
-0.01537496
-0.01572899
-0.01609092
-0.01645685
-0.01681985
-0.01717037
-0.01750476
-0.01782353
-0.01812486
-0.01840198
-0.01864343
-0.01884239
-0.01899703
-0.01910362
-0.01915937
-0.01916484
-0.01912365
-0.01904211
-0.01892724
-0.01878691
-0.01862831
-0.01845596
-0.01827444
-0.01808941
-0.01790483
-0.01772006
-0.01753203
-0.01734006
-0.01714707
-0.01695289
-0.01675214
-0.0165432
-0.01632874
-0.01610526
-0.01586356
-0.01559686
-0.01530553
-0.01499305
-0.01466114
-0.01431097
-0.01394455
-0.01356419
-0.01317361
-0.01277659
-0.0123775
-0.01197654
-0.01157091
-0.01115892
-0.01073683
-0.01030444
-0.009870764
-0.009442435
-0.009022979
-0.008617021
-0.008227482
-0.00785493
-0.007495658
-0.007137697
-0.006769112
-0.006386587
-0.005994367
-0.005598784
-0.005207348
-0.004824927
-0.004450383
-0.004080622
-0.003720516
-0.003381064
-0.003069355
-0.002785438
-0.002526574
-0.002285614
-0.002049716
-0.00180507
-0.001540464
-0.001243398
-0.0009046496
-0.00052431
-0.0001086242
0.000340149
0.0008243093
0.001344726
0.001901372
0.002497899
0.003134435
0.003801331
0.004482699
0.005164332
0.005835045
0.006489127
0.007127757
0.007753302
0.008365543
0.008967415
0.009564055
0.01016107
0.01076608
0.01138856
0.01203121
0.01268517
0.0133355
0.01397286
0.01459911
0.01521843
0.01582959
0.01643254
0.0170248
0.01760134
0.01816231
0.01870961
0.01923798
0.01973571
0.02019211
0.02060846
0.02099512
0.02135658
0.02168624
0.02197391
0.02221237
0.02239943
0.02253512
0.02262181
0.02266354
0.02266358
0.02262518
0.02255005
0.02243717
0.02228668
0.02210025
0.02187767
0.02162074
0.02133828
0.02104106
0.02073636
0.02043079
0.02013141
0.01983933
0.01955101
0.01926733
0.01899277
0.01872952
0.01847412
0.01821946
0.0179583
0.01768806
0.01741234
0.01713709
0.01686356
0.01658393
0.01628795
0.01597153
0.01563384
0.01527702
0.01490598
0.01452316
0.01412361
0.01370074
0.01325484
0.0127913
0.01231453
0.01182821
0.01133624
0.01084212
0.01034491
0.009840747
0.009327712
0.00880982
0.00829268
0.007779382
0.007272283
0.006770531
0.006267693
0.005758099
0.005233263
0.004683762
0.004107044
0.003505727
0.002880686
0.002232046
0.001564797
0.0008915422
0.0002247194
-0.0004261778
-0.001053813
-0.001655253
-0.002231676
-0.002782189
-0.00330383
-0.003796602
-0.004262571
-0.00469853
-0.005098899
-0.005458738
-0.005773003
-0.00603899
-0.006263401
-0.006459275
-0.006631569
-0.00677387
-0.006882373
-0.006961377
-0.007018595
-0.0070624
-0.007110833
-0.007192059
-0.007323617
-0.007498216
-0.007695733
-0.00789914
-0.008100969
-0.008304144
-0.008520369
-0.008759046
-0.009020798
-0.009304459
-0.009613992
-0.009949512
-0.01029975
-0.01065063
-0.01099218
-0.01131786
-0.01163028
-0.01193975
-0.01225465
-0.01257754
-0.01290816
-0.01324387
-0.01357684
-0.01389793
-0.01420226
-0.01448651
-0.01474856
-0.01498502
-0.01519341
-0.01537578
-0.0155333
-0.01566421
-0.01576634
-0.01584002
-0.01589221
-0.01593464
-0.01598019
-0.01603521
-0.01609888
-0.01617304
-0.01626221
-0.01637003
-0.01649576
-0.0166299
-0.0167591
-0.0168705
-0.01695788
-0.01702499
-0.01707697
-0.01711337
-0.0171294
-0.01712121
-0.01708374
-0.0170088
-0.01689401
-0.01674744
-0.01658276
-0.01641052
-0.01623394
-0.01605327
-0.01586943
-0.01568941
-0.01552667
-0.01539335
-0.0152931
-0.01521858
-0.01515754
-0.0150988
-0.01503184
-0.01495183
-0.01485978
-0.01475512
-0.01463377
-0.01449292
-0.01433039
-0.01413804
-0.01390206
-0.01361473
-0.01327743
-0.01289163
-0.01246166
-0.01200233
-0.01152469
-0.01102593
-0.01050086
-0.009951804
-0.009383419
-0.008799928
-0.008205494
-0.007605878
-0.007009168
-0.006422255
-0.005845837
-0.005278147
-0.004720066
-0.004175601
-0.00364844
-0.003140537
-0.002651092
-0.002179808
-0.001728523
-0.001298537
-0.0008881089
-0.0004967834
-0.000123503
0.0002349373
0.0005786372
0.0009053179
0.001216924
0.001517393
0.001808827
0.002091597
0.002364344
0.002623817
0.002867254
0.003091884
0.003295208
0.003475206
0.003633066
0.003771537
0.003892755
0.003998519
0.00408832
0.0041625
0.004225433
0.004278797
0.004323072
0.004361475
0.004397297
0.004432508
0.004469823
0.004512474
0.004561655
0.004615126
0.004670368
0.004726696
0.004785329
0.004848494
0.004919136
0.004997782
0.005081609
0.005167139
0.005251509
0.005330562
0.005399055
0.005454629
0.005499788
0.005538418
0.005575565
0.005616403
0.005660369
0.00570156
0.005736754
0.005768788
0.005804371
0.005849958
0.005907465
0.005971451
0.00603295
0.006083022
0.006112709
0.006113447
0.006077847
0.005999768
0.005878456
0.005721224
0.005538657
0.005342421
0.005144558
0.004948974
0.004748385
0.004532276
0.004293203
0.00402944
0.003744566
0.003439509
0.00311217
0.002766895
0.002412144
0.00205351
0.001694759
0.001340415
0.001000687
0.0006899554
0.0004130652
0.0001635207
-6.63572e-05
-0.0002841701
-0.000495309
-0.0006934867
-0.000862587
-0.0009921456
-0.001083763
-0.001144967
-0.00118652
-0.001221619
-0.00125761
-0.001291507
-0.001317638
-0.001332606
-0.001335798
-0.001331097
-0.00132228
-0.001308262
-0.001279911
-0.001226234
-0.001139665
-0.001010964
-0.0008372842
-0.0006247156
-0.0003780468
-0.0001014846
0.0001999998
0.0005165131
0.0008442068
0.001190492
0.001553247
0.001923166
0.002295683
0.002668665
0.003040956
0.003410815
0.003779576
0.004147965
0.004516017
0.004885978
0.005258877
0.005634037
0.006008391
0.006380572
0.006755541
0.007137388
0.007530417
0.007938417
0.00836041
0.0087939
0.009236258
0.009686744
0.01014295
0.01059619
0.01103929
0.01146643
0.011872
0.01224914
0.01259125
0.01290132
0.01318435
0.01343833
0.013663
0.01386062
0.01403009
0.014167
0.01427132
0.01435124
0.01441317
0.01445722
0.01448333
0.01449518
0.01449862
0.01449698
0.01449539
0.01450221
0.01452172
0.01454986
0.01457806
0.0146011
0.01461305
0.01460508
0.01457232
0.01451825
0.0144527
0.01438052
0.0142995
0.01420929
0.01410884
0.0139939
0.01386002
0.01370458
0.01353135
0.0133463
0.0131486
0.0129337
0.01269521
0.01242563
0.01212322
0.01179613
0.01145782
0.01112109
0.01079053
0.01046167
0.01012809
0.009784796
0.009427594
0.009055457
0.008672655
0.008290135
0.007916285
0.007550337
0.007189783
0.006833058
0.006478447
0.006127113
0.005782939
0.005454753
0.005150188
0.004868438
0.004603336
0.004349866
0.004107125
0.003877244
0.003659435
0.003447956
0.003237901
0.003026573
0.002805954
0.002564847
0.002295808
0.001997652
0.001672116
0.00132325
0.0009575413
0.0005788668
0.0001862177
-0.0002176964
-0.0006240147
-0.001025972
-0.001421045
-0.001804664
-0.00217119
-0.002518175
-0.002851406
-0.003181869
-0.003519479
-0.003872811
-0.004245945
-0.004632494
-0.005020415
-0.005397625
-0.005756291
-0.006094218
-0.00640946
-0.006698144
-0.006956943
-0.007180563
-0.007360054
-0.007487304
-0.007564345
-0.007602077
-0.007610851
-0.007593816
-0.007550771
-0.00748579
-0.007404824
-0.007308023
-0.007189163
-0.007041012
-0.006860053
-0.006646288
-0.006404768
-0.006144279
-0.005873655
-0.005600771
-0.005331583
-0.005068831
-0.004812
-0.004562191
-0.004323678
-0.004098049
-0.00388326
-0.003675684
-0.00347269
-0.003277118
-0.003098384
-0.002946101
-0.002826286
-0.002741777
-0.002690484
-0.002668542
-0.002676932
-0.002719131
-0.002794533
-0.002900446
-0.003033438
-0.003185797
-0.003349784
-0.003519004
-0.003688492
-0.003855086
-0.004014778
-0.004165049
-0.004302983
-0.004420976
-0.00451318
-0.004582815
-0.004639397
-0.004689936
-0.004738913
-0.004790168
-0.004846301
-0.004910787
-0.004987807
-0.005082476
-0.005200609
-0.005345393
-0.005520067
-0.005728502
-0.00597049
-0.006241614
-0.006537864
-0.00685727
-0.007196553
-0.007549758
-0.007912611
-0.008282479
-0.008654215
-0.009022719
-0.00938747
-0.009749085
-0.01010667
-0.01045693
-0.0107957
-0.01111997
-0.01142602
-0.01170979
-0.01196659
-0.01218957
-0.01237245
-0.01250853
-0.01259087
-0.01261823
-0.01259351
-0.01252162
-0.01241051
-0.01226882
-0.01210583
-0.01192838
-0.01173422
-0.01151813
-0.01128268
-0.01103468
-0.01077952
-0.01052332
-0.01027
-0.01001878
-0.009764334
-0.00949862
-0.009214995
-0.008912293
-0.008590828
-0.008250402
-0.007893457
-0.007522058
-0.007138949
-0.006748229
-0.00635109
-0.005952621
-0.005562487
-0.005186901
-0.004823853
-0.004466227
-0.004108318
-0.003747995
-0.00338506
-0.003025084
-0.002676469
-0.002342555
-0.002023731
-0.001720549
-0.001432262
-0.00115747
-0.0008925266
-0.000633231
-0.0003763629
-0.0001186046
0.0001409331
0.0003957752
0.0006389256
0.0008705004
0.001094374
0.001315007
0.001538348
0.001766429
0.001995804
0.002225723
0.002462862
0.00271299
0.002977122
0.003254927
0.003546241
0.003848192
0.004153274
0.004454269
0.004750168
0.005039182
0.005314088
0.005569902
0.005806943
0.006024698
0.006220745
0.006394407
0.006546146
0.006673545
0.006775255
0.006853616
0.006911831
0.006953631
0.006985671
0.007016252
0.007052799
0.007100921
0.00716584
0.007252896
0.007363825
0.007494264
0.007637266
0.007785816
0.007935895
0.008088411
0.008244964
0.008402548
0.00855839
0.008714
0.008870867
0.009027628
0.009183987
0.009345097
0.009514478
0.009687934
0.009862001
0.0100395
0.01022504
0.01041794
0.01061325
0.01080392
0.01098207
0.01114489
0.01129521
0.01143804
0.01157712
0.01171424
0.01185218
0.01198891
0.01211542
0.01222582
0.01231881
0.01239071
0.01243729
0.01246009
0.01246135
0.01243524
0.01237344
0.0122773
0.01215599
0.01201547
0.01185589
0.01167629
0.01147373
0.01124075
0.01096977
0.01066148
0.01032086
0.00994744
0.009536251
0.009082011
0.008581478
0.008040118
0.007469056
0.006876645
0.006268628
0.005654881
0.00504811
0.00445508
0.003874848
0.003308574
0.002760801
0.002234027
0.001730867
0.001253213
0.0007927942
0.0003376288
-0.0001162069
-0.0005620347
-0.0009971917
-0.001433529
-0.001879209
-0.002324325
-0.002754409
-0.003165262
-0.003560993
-0.00394386
-0.004317054
-0.004688534
-0.00506495
-0.005443572
-0.005819447
-0.006193435
-0.006565681
-0.006930685
-0.007284168
-0.007628399
-0.00796754
-0.00829989
-0.008618021
-0.008915802
-0.009197327
-0.009471745
-0.009743498
-0.01001016
-0.01026685
-0.01050966
-0.01073425
-0.01093513
-0.01110919
-0.01125755
-0.01138605
-0.0115031
-0.01161651
-0.01173092
-0.01184645
-0.01195915
-0.01206469
-0.0121603
-0.0122449
-0.01231916
-0.01237988
-0.01241942
-0.012435
-0.01243071
-0.0124107
-0.01237662
-0.01233163
-0.0122774
-0.01220984
-0.01212779
-0.01203367
-0.01192397
-0.01179418
-0.01164614
-0.01148138
-0.01129925
-0.01110086
-0.01088215
-0.01063439
-0.01035534
-0.01004692
-0.009714096
-0.009365372
-0.009010817
-0.008660473
-0.008316842
-0.00797509
-0.007632324
-0.0072905
-0.006951559
-0.006611775
-0.006264051
-0.005898974
-0.005511981
-0.005110791
-0.004706078
-0.004297858
-0.003878058
-0.00344671
-0.003017052
-0.002602081
-0.002204571
-0.001817144
-0.001434852
-0.001061296
-0.0006995896
-0.0003483479
-3.893626e-06
0.0003367185
0.0006697058
0.000989531
0.001293928
0.00158438
0.001868405
0.002153427
0.002437348
0.002710637
0.00296689
0.003210798
0.003447447
0.003673827
0.003888549
0.004096468
0.004298844
0.004489354
0.004662915
0.004820421
0.00496189
0.005085847
0.005191735
0.005278683
0.005340542
0.005366301
0.005358143
0.005333332
0.005301694
0.005259466
0.005196448
0.005104306
0.004984221
0.004847626
0.00470516
0.00455563
0.004392179
0.00421191
0.004016551
0.003811454
0.003603388
0.003394506
0.003178292
0.00295028
0.002717925
0.002489247
0.002265693
0.002052947
0.001862328
0.001699566
0.001565411
0.001465249
0.001409587
0.001406143
0.001452843
0.001537797
0.001647183
0.001773014
0.001912931
0.002066063
0.002225933
0.002376943
0.002505129
0.002605581
0.00267791
0.002723949
0.002747563
0.00275271
0.002738812
0.002699879
0.002634812
0.002550492
0.002452721
0.00234425
0.002225772
0.002097398
0.001962868
0.001828904
0.001698393
0.001566651
0.001430282
0.001290865
0.001151826
0.0010204
0.0009022427
0.000797391
0.000706112
0.0006302666
0.0005722647
0.0005372783
0.0005311699
0.0005530853
0.0005974529
0.0006626591
0.000749005
0.0008542398
0.0009745994
0.001103942
0.00123392
0.001356939
0.001468818
0.001568873
0.001656406
0.00173064
0.001792245
0.001841815
0.001878561
0.001902489
0.00191751
0.00192829
0.001936858
0.001944782
0.001952852
0.001958222
0.001955898
0.001943082
0.001922414
0.001899224
0.001874081
0.00184403
0.001807189
0.001759575
0.001696642
0.001620327
0.001538683
0.001457738
0.001376137
0.001290837
0.001205333
0.001126046
0.001052494
0.0009785876
0.0009034253
0.0008301389
0.0007554335
0.0006725729
0.000581853
0.0004850455
0.000378304
0.0002581794
0.0001265226
-1.139132e-05
-0.0001527019
-0.0002967821
-0.0004400654
-0.0005803183
-0.0007174062
-0.0008470555
-0.00096574
-0.001073146
-0.001165281
-0.001235864
-0.001278574
-0.001288424
-0.001262675
-0.001199549
-0.001100743
-0.0009729814
-0.0008275391
-0.0006735829
-0.0005135491
-0.0003513367
-0.0001934163
-4.112363e-05
0.0001076368
0.0002530356
0.0003948773
0.0005353341
0.0006766936
0.0008190299
0.0009614928
0.001105095
0.001251449
0.00139685
0.001537077
0.001674059
0.001806858
0.001928919
0.002036027
0.002127265
0.002202085
0.002259168
0.002296447
0.002312989
0.002308399
0.002282986
0.002241587
0.00218738
0.002114109
0.002013778
0.001890061
0.001757687
0.001628418
0.001502404
0.00137533
0.001247063
0.001117915
0.000984536
0.0008426351
0.0006873492
0.0005171979
0.000337771
0.0001547943
-3.356628e-05
-0.0002318217
-0.0004375515
-0.0006423888
-0.0008403225
-0.001031506
-0.001221995
-0.001416731
-0.00161293
-0.001804483
-0.001989558
-0.002172119
-0.002357267
-0.002545848
-0.002737434
-0.002933917
-0.003136057
-0.003340763
-0.003546321
-0.003756454
-0.003976101
-0.004207007
-0.004448458
-0.004699592
-0.004958393
-0.005217342
-0.005469187
-0.005711901
-0.005942433
-0.006154455
-0.006344943
-0.006516596
-0.006668272
-0.006790893
-0.006877478
-0.006927815
-0.006945113
-0.006932116
-0.006890912
-0.00682477
-0.006737542
-0.006634902
-0.00652384
-0.006407576
-0.006284218
-0.006156178
-0.006034797
-0.005927741
-0.005835004
-0.005757051
-0.00569497
-0.00564851
-0.005619424
-0.005610436
-0.005614387
-0.005618216
-0.005618785
-0.005618295
-0.005610691
-0.005587272
-0.005552264
-0.005518792
-0.005489002
-0.005450361
-0.005386935
-0.005289719
-0.005161482
-0.005015017
-0.004864982
-0.004714892
-0.004550816
-0.004358597
-0.004144343
-0.003926747
-0.00371472
-0.003506559
-0.003297348
-0.003079949
-0.002851918
-0.002617373
-0.002382735
-0.002155854
-0.001938175
-0.00172148
-0.001498017
-0.001269012
-0.001041398
-0.0008224737
-0.0006165232
-0.0004246317
-0.0002428801
-6.194971e-05
0.0001220737
0.0002958475
0.0004387428
0.0005443129
0.0006210352
0.0006779175
0.0007214902
0.0007557877
0.0007799459
0.0007922203
0.0007967491
0.0008017738
0.0008118685
0.0008235673
0.0008320014
0.000837929
0.0008429004
0.0008436453
0.000838139
0.0008306125
0.0008232822
0.000810811
0.0007873909
0.0007514816
0.0007050467
0.0006496657
0.0005871368
0.0005192867
0.0004451188
0.000365945
0.0002868492
0.0002108546
0.0001393756
7.475373e-05
1.981624e-05
-2.399856e-05
-5.615446e-05
-7.652824e-05
-8.792975e-05
-9.482397e-05
-9.854088e-05
-0.000102643
-0.0001157743
-0.0001431181
-0.0001806508
-0.0002217085
-0.0002678645
-0.0003226866
-0.0003798033
-0.0004315308
-0.0004792566
-0.0005248149
-0.0005615293
-0.0005856103
-0.0005988902
-0.000596158
-0.0005719448
-0.0005335227
-0.0004881489
-0.0004328957
-0.0003685914
-0.0003035935
-0.0002354347
-0.000150498
-3.846216e-05
0.000107938
0.0002947051
0.0005177181
0.0007622014
0.001016357
0.001281538
0.001563917
0.001866026
0.002187366
0.00252633
0.002882159
0.003255841
0.003641347
0.00402213
0.004383421
0.004724121
0.005053144
0.005378376
0.005701389
0.006019039
0.006328276
0.006631662
0.00693482
0.007244324
0.007563142
0.007888798
0.008216884
0.008544863
0.008875859
0.009217081
0.009572332
0.009934519
0.01028513
0.01060856
0.0109002
0.01116356
0.01140734
0.01164096
0.01186788
0.01208607
0.01229352
0.0124896
0.01267263
0.01284125
0.01299909
0.01315548
0.01331664
0.01348146
0.01364901
0.01382445
0.01401505
0.01422146
0.01443266
0.01463291
0.01481124
0.01496497
0.0151024
0.01523834
0.01538008
0.01551945
0.01563801
0.01572629
0.01579318
0.01584852
0.01589213
0.01592353
0.01594532
0.01595861
0.01596401
0.01596163
0.01594465
0.01590108
0.01582808
0.01573397
0.01562594
0.01550303
0.01536454
0.01521765
0.01506842
0.01491662
0.01476297
0.01461001
0.01445684
0.01429992
0.01413929
0.01397556
0.0138054
0.01362491
0.01343487
0.01323796
0.01303595
0.01283007
0.01262204
0.01241144
0.01219211
0.01195733
0.01170997
0.01145679
0.01119745
0.01092632
0.01063965
0.0103346
0.01000687
0.009653018
0.009275322
0.0088787
0.008465739
0.008038516
0.007604502
0.00716865
0.006725329
0.006265263
0.005784216
0.005283462
0.004767107
0.004241266
0.003717335
0.003205334
0.002707449
0.00222218
0.001751157
0.001295219
0.0008497456
0.000407
-3.426192e-05
-0.0004711475
-0.000904377
-0.001333883
-0.001756779
-0.002174259
-0.002593061
-0.003018195
-0.003441581
-0.003851178
-0.004244298
-0.004624967
-0.00499466
-0.005350359
-0.005691447
-0.006021739
-0.006343323
-0.006657432
-0.006964709
-0.007264728
-0.007555238
-0.007835599
-0.008107378
-0.008366899
-0.008604461
-0.00881347
-0.008994127
-0.00914853
-0.009274703
-0.009370202
-0.009435717
-0.009476977
-0.009502299
-0.009515617
-0.009516689
-0.009506387
-0.009485946
-0.009458967
-0.009430035
-0.009397222
-0.009353172
-0.009291929
-0.00921199
-0.009114247
-0.008998865
-0.008868464
-0.008730337
-0.008593176
-0.008461171
-0.0083358
-0.00822051
-0.00811491
-0.008012693
-0.007910251
-0.007808373
-0.007707205
-0.007604214
-0.007496294
-0.007382825
-0.00726607
-0.007148579
-0.007027768
-0.006894217
-0.00674049
-0.006567485
-0.006383031
-0.006198209
-0.006017247
-0.00583593
-0.005654564
-0.005481217
-0.005322657
-0.00517834
-0.005043099
-0.004909892
-0.004769087
-0.004615286
-0.004453744
-0.004292885
-0.004133805
-0.003971014
-0.00379647
-0.003604707
-0.003397338
-0.003178915
-0.002955582
-0.002734533
-0.002518585
-0.002307359
-0.002100485
-0.001897222
-0.001697143
-0.001504652
-0.001325838
-0.001161375
-0.001010409
-0.0008756713
-0.0007595316
-0.0006600655
-0.0005731551
-0.0004953246
-0.0004243785
-0.0003585151
-0.0002960346
-0.0002368864
-0.000180336
-0.0001199998
-4.84839e-05
3.27598e-05
0.0001164642
0.0001965384
0.0002725595
0.0003519704
0.0004426343
0.0005472611
0.0006655803
0.0007986067
0.0009494798
0.001118813
0.001299772
0.001480531
0.001653626
0.001815445
0.001961826
0.002088142
0.002186846
0.002251698
0.002284052
0.002290381
0.002274257
0.002233408
0.002165449
0.002070731
0.001952193
0.001816128
0.001666425
0.001499248
0.001308691
0.00109495
0.0008638026
0.000620795
0.0003660316
9.722101e-05
-0.0001845007
-0.0004761452
-0.0007762411
-0.001080639
-0.001382036
-0.001676705
-0.001966568
-0.002253676
-0.002536372
-0.002812452
-0.003083504
-0.003350346
-0.003607184
-0.003845876
-0.004066769
-0.004275072
-0.00447444
-0.004672475
-0.004878207
-0.005093259
-0.005312691
-0.005528922
-0.005733547
-0.005918792
-0.006080038
-0.006216256
-0.006331006
-0.006431726
-0.0065302
-0.006639522
-0.00676402
-0.006898579
-0.007038994
-0.00718817
-0.007354555
-0.00754406
-0.007751935
-0.007964084
-0.008165858
-0.008349185
-0.008512538
-0.008653955
-0.008769046
-0.008854924
-0.008914569
-0.008955789
-0.008985024
-0.009005271
-0.009016317
-0.009015254
-0.00900218
-0.008983919
-0.008966727
-0.008950718
-0.008933692
-0.008912383
-0.008883063
-0.008843714
-0.0087928
-0.008726925
-0.008642111
-0.008537266
-0.00841464
-0.008278546
-0.008130398
-0.007970507
-0.00780184
-0.007628057
-0.00745802
-0.007304148
-0.007171727
-0.007057395
-0.006953978
-0.006855968
-0.006762376
-0.006677244
-0.006605751
-0.00654941
-0.006501836
-0.006448348
-0.006373572
-0.006268338
-0.006129505
-0.005957548
-0.005754993
-0.005527932
-0.005284195
-0.005032888
-0.004784437
-0.004545788
-0.004321175
-0.004116544
-0.003937261
-0.003784866
-0.003656952
-0.003550188
-0.003460286
-0.003381327
-0.003306585
-0.003229908
-0.003149169
-0.003067151
-0.002986458
-0.002908398
-0.002832637
-0.002756571
-0.002676813
-0.002590091
-0.002493803
-0.002387714
-0.002274242
-0.002155951
-0.002029345
-0.001884966
-0.001716412
-0.001526615
-0.001321662
-0.001105136
-0.0008791746
-0.0006479662
-0.0004153379
-0.0001822795
4.944107e-05
0.0002796124
0.0005139161
0.000756523
0.001004565
0.001252884
0.001500595
0.00175022
0.002004585
0.002264962
0.002529982
0.002795931
0.00306065
0.003324076
0.003587838
0.003852422
0.004114149
0.00437007
0.004620464
0.004866157
0.005109835
0.005351011
0.005582389
0.005796174
0.005992163
0.006174675
0.006346889
0.006513003
0.006678256
0.006844386
0.007010602
0.00717836
0.007353081
0.007538115
0.007728523
0.007913692
0.008085998
0.008243203
0.008383905
0.008506227
0.008609338
0.008692129
0.008755139
0.008798257
0.008817713
0.008812068
0.00878399
0.008738361
0.008680276
0.008609858
0.008521158
0.008407653
0.008267725
0.008104828
0.007926392
0.00773906
0.007544793
0.007344533
0.007137577
0.006922473
0.006701015
0.006476202
0.00625205
0.006034318
0.005827498
0.005633733
0.00545022
0.005269276
0.00508595
0.004904778
0.00473318
0.004570846
0.004412548
0.004255922
0.004100877
0.003946228
0.003789709
0.003629207
0.003461637
0.003283927
0.003094176
0.002893346
0.002684476
0.002469639
0.002250817
0.002031514
0.001813657
0.001597376
0.001384333
0.001178546
0.000983653
0.0008009258
0.000629274
0.0004657454
0.0003073722
0.0001561359
1.387508e-05
-0.0001250043
-0.0002671868
-0.0004126502
-0.0005568468
-0.0006953612
-0.0008271339
-0.0009539776
-0.001077459
-0.001199148
-0.001322888
-0.001451239
-0.001581237
-0.001704687
-0.001814717
-0.001911591
-0.002000384
-0.002083746
-0.002159228
-0.002221823
-0.002266747
-0.002293866
-0.002313366
-0.002340212
-0.00238083
-0.002430748
-0.002481843
-0.002525748
-0.002557756
-0.002578963
-0.002594246
-0.002609918
-0.002631815
-0.002663154
-0.002704791
-0.002759864
-0.002832485
-0.002922749
-0.003028556
-0.00314648
-0.003272671
-0.003401588
-0.003524098
-0.003632913
-0.003726556
-0.003804094
-0.003859258
-0.003884579
-0.003879659
-0.003850636
-0.003804747
-0.003747043
-0.003680787
-0.003609071
-0.00353399
-0.003455693
-0.003377952
-0.00330885
-0.003252629
-0.003211293
-0.003189724
-0.003192165
-0.003220123
-0.003273198
-0.003349039
-0.003442744
-0.003546807
-0.003652562
-0.003755557
-0.003858445
-0.003964715
-0.004075403
-0.004193192
-0.004320515
-0.004454008
-0.004585812
-0.004711519
-0.004831704
-0.004947008
-0.00505683
-0.005157354
-0.00524529
-0.005324646
-0.005401643
-0.00547818
-0.005553757
-0.005631255
-0.005715411
-0.005807294
-0.005904534
-0.006002338
-0.006094231
-0.00617268
-0.006231264
-0.00626927
-0.006288884
-0.006290196
-0.006272108
-0.006233619
-0.006175814
-0.006104047
-0.006024775
-0.005938294
-0.005842252
-0.005739336
-0.005632497
-0.005522376
-0.005411226
-0.005300211
-0.00518823
-0.005074695
-0.004961657
-0.004852054
-0.004742334
-0.004622796
-0.004486835
-0.00433459
-0.004172737
-0.00400943
-0.003849155
-0.003691921
-0.00353591
-0.003379016
-0.003220297
-0.003064114
-0.002917548
-0.002782444
-0.002653044
-0.002520238
-0.002381563
-0.002241323
-0.002101979
-0.001962018
-0.0018206
-0.001678474
-0.001534774
-0.001388078
-0.001238537
-0.001085361
-0.0009274383
-0.0007668827
-0.0006098162
-0.0004581594
-0.0003036562
-0.0001345248
5.521618e-05
0.0002640192
0.0004850243
0.0007107449
0.0009362082
0.001159952
0.001380597
0.001593142
0.00179126
0.00196837
0.002120936
0.002254324
0.002376002
0.002492351
0.002609499
0.002729616
0.002851859
0.002977567
0.003112032
0.003260329
0.003422773
0.003594629
0.003768346
0.003940117
0.004111383
0.004287138
0.004471955
0.004664846
0.004861038
0.005056812
0.005254329
0.005458759
0.005670223
0.00588662
0.006101909
0.006306212
0.006495828
0.006671426
0.006829753
0.006964388
0.007072117
0.00715509
0.007215526
0.007255573
0.007279532
0.007290973
0.007291381
0.00728166
0.007262693
0.007235641
0.007199318
0.00715086
0.007090389
0.007018422
0.006933977
0.006837284
0.006728943
0.006610359
0.006486175
0.00636102
0.006235332
0.006107424
0.00597704
0.005846406
0.005717483
0.005588524
0.005457639
0.005323153
0.005182181
0.005032756
0.004875228
0.004713805
0.004552285
0.004390396
0.004225794
0.004053983
0.003871651
0.003679313
0.003481332
0.003284853
0.003096931
0.002917327
0.002737816
0.002552894
0.002362906
0.002169071
0.001972396
0.001773472
0.001573714
0.001375724
0.001181587
0.0009896974
0.0007952836
0.0005950127
0.0003886746
0.0001769078
-4.017169e-05
-0.0002631129
-0.00049093
-0.000722966
-0.0009601988
-0.001202888
-0.001449987
-0.001701017
-0.001956423
-0.002217067
-0.002483567
-0.002754317
-0.003023136
-0.003284735
-0.003539455
-0.003789461
-0.004035736
-0.004279941
-0.004523618
-0.004763758
-0.004992857
-0.005209468
-0.005419441
-0.00562314
-0.005813501
-0.005986844
-0.006145622
-0.00629314
-0.006430591
-0.00655769
-0.006673674
-0.006778892
-0.006875015
-0.006964897
-0.007050302
-0.007128659
-0.007195613
-0.007250665
-0.007296001
-0.007330734
-0.007352781
-0.00736326
-0.007363488
-0.007352793
-0.007329059
-0.007288639
-0.007229306
-0.007154113
-0.007070333
-0.006984049
-0.006895164
-0.006797034
-0.006681942
-0.006545838
-0.006390481
-0.006220732
-0.006040408
-0.005850146
-0.005647007
-0.005430064
-0.005203345
-0.004971301
-0.004734812
-0.004488335
-0.004224843
-0.003942503
-0.003642923
-0.003324738
-0.00298634
-0.002631249
-0.002264421
-0.00188995
-0.001514392
-0.001143645
-0.0007842044
-0.0004456888
-0.0001333764
0.0001546257
0.0004236706
0.0006807097
0.0009303636
0.00117225
0.00140311
0.001620511
0.001820784
0.002001271
0.002160473
0.002293768
0.00239727
0.002470279
0.002511964
0.002522097
0.002503553
0.002461471
0.002399321
0.002320534
0.002228193
0.002121964
0.002003912
0.001879247
0.001750516
0.001621017
0.001496548
0.00138179
0.001279919
0.001193954
0.001125117
0.001073408
0.001038133
0.001018198
0.001013358
0.001019677
0.001031569
0.001052502
0.001091403
0.001150032
0.001223245
0.001307359
0.001399028
0.00149505
0.001596301
0.001702146
0.001807163
0.001907022
0.001998999
0.002080977
0.002151755
0.002212102
0.002265025
0.002311447
0.002349554
0.002381004
0.002412015
0.002447287
0.002485403
0.002521234
0.002549541
0.00256726
0.002577582
0.002588332
0.002600865
0.002610973
0.002618889
0.002627777
0.002638152
0.002648166
0.00265486
0.002656291
0.002653417
0.002649824
0.002651364
0.002663957
0.002691837
0.002738541
0.00280588
0.002894752
0.003003908
0.003131505
0.003279263
0.003446327
0.003629298
0.003825109
0.004025659
0.004223123
0.004412933
0.004594322
0.004768934
0.004931862
0.005080201
0.00521654
0.005337098
0.005438422
0.005524586
0.005604054
0.005682392
0.005757269
0.005826015
0.005888926
0.005944353
0.005990394
0.006026968
0.006052654
0.006068735
0.00608169
0.006093305
0.006101476
0.006105985
0.006108195
0.006112935
0.006125929
0.006151557
0.006192722
0.006248161
0.006314141
0.006385478
0.006456405
0.006523122
0.006582949
0.006633832
0.006675082
0.006707392
0.006733375
0.00675523
0.006770314
0.006775682
0.006773722
0.006767261
0.006757713
0.006747301
0.006735404
0.006717821
0.006691624
0.006658556
0.006620527
0.006573818
0.006515808
0.006448072
0.006366359
0.006262544
0.006133479
0.005980802
0.005808021
0.00561857
0.005415983
0.005203046
0.004978485
0.004740545
0.004490906
0.004232803
0.00396767
0.003696885
0.003423678
0.003149952
0.002872564
0.00258753
0.002296802
0.002006767
0.001722203
0.001446293
0.001180902
0.0009252513
0.0006775493
0.0004376311
0.0002070709
-1.130994e-05
-0.0002128289
-0.0003922075
-0.0005492442
-0.0006881927
-0.0008117604
-0.0009175519
-0.001001526
-0.001063341
-0.001106097
-0.001134462
-0.001156463
-0.001178956
-0.001199401
-0.001209694
-0.001205037
-0.001185194
-0.001152368
-0.001108674
-0.001056907
-0.0009999997
-0.0009358667
-0.0008584008
-0.000764431
-0.0006544882
-0.000531877
-0.0004026571
-0.0002721833
-0.0001426217
-1.358552e-05
0.0001148567
0.0002404511
0.0003615176
0.0004769378
0.0005829045
0.0006751534
0.0007545127
0.0008241467
0.0008853654
0.0009416375
0.0009996408
0.001062345
0.001124912
0.001179711
0.001224037
0.001261273
0.001296226
0.001329226
0.001357702
0.001381512
0.001401878
0.001419913
0.001435842
0.001447853
0.001454761
0.001455805
0.001449214
0.001434056
0.001408649
0.001369118
0.001314088
0.001249812
0.001187024
0.0011292
0.001074146
0.001023369
0.0009800204
0.0009434173
0.0009097342
0.0008786143
0.0008515526
0.0008261365
0.0008020928
0.0007866129
0.000789973
0.0008161288
0.0008589874
0.0009111653
0.0009723393
0.00104515
0.001130191
0.001225389
0.00132777
0.001433575
0.00153633
0.001629787
0.001711253
0.001782568
0.001848505
0.001911515
0.001972519
0.002033485
0.002094755
0.002154372
0.00221084
0.002262604
0.002306358
0.002339136
0.002361629
0.002375995
0.002382193
0.002379563
0.002368356
0.002348755
0.002322588
0.002294048
0.002267573
0.002244932
0.002224124
0.002199207
0.002162704
0.002110216
0.002042039
0.001959434
0.001863311
0.00175664
0.001643149
0.001523359
0.001395457
0.001258527
0.001113203
0.0009610202
0.0008046365
0.0006455457
0.0004855878
0.0003292762
0.0001780631
2.666459e-05
-0.0001280629
-0.0002846259
-0.0004405163
-0.0005926841
-0.0007413691
-0.000890792
-0.001043103
-0.001197333
-0.001352343
-0.00150705
-0.001661029
-0.00181518
-0.001968431
-0.002120079
-0.002270006
-0.002414229
-0.002546581
-0.002664929
-0.002770251
-0.002862656
-0.002942491
-0.003010413
-0.003065473
-0.003108224
-0.003140213
-0.003162364
-0.003177984
-0.003192629
-0.003210492
-0.003233219
-0.0032589
-0.003283561
-0.003304714
-0.003321713
-0.003333733
-0.003338784
-0.00333534
-0.003324362
-0.003305724
-0.003277262
-0.00323775
-0.003190189
-0.003141446
-0.003095887
-0.003055238
-0.003023379
-0.003004716
-0.003002063
-0.00301447
-0.003038258
-0.003071107
-0.003111824
-0.003159357
-0.003211213
-0.003263085
-0.003313523
-0.003364838
-0.003422755
-0.00349144
-0.003568542
-0.003649811
-0.003731974
-0.003812949
-0.003893656
-0.003978201
-0.004070401
-0.004167881
-0.004266381
-0.004365998
-0.004469032
-0.004577178
-0.004691115
-0.004810062
-0.004931888
-0.005053482
-0.005173978
-0.005296354
-0.00542253
-0.005549457
-0.005671668
-0.005783589
-0.005882516
-0.005971402
-0.006055155
-0.006133588
-0.006203544
-0.006266392
-0.006326271
-0.006383198
-0.00643583
-0.006483966
-0.00652619
-0.006563135
-0.00659812
-0.006632172
-0.006664991
-0.006696917
-0.006727085
-0.006755571
-0.006783809
-0.006809475
-0.006829776
-0.006844097
-0.006851555
-0.006853419
-0.006852831
-0.00685156
-0.006850883
-0.006854779
-0.00686772
-0.006891333
-0.006924656
-0.006962466
-0.006999906
-0.007035664
-0.007068532
-0.007098938
-0.007129941
-0.007162188
-0.007191356
-0.007215074
-0.007234318
-0.007247218
-0.007251296
-0.007248167
-0.007241466
-0.007232813
-0.007222309
-0.007209292
-0.007191554
-0.007167163
-0.007135011
-0.007096626
-0.007054703
-0.007007376
-0.006951627
-0.00688944
-0.006825284
-0.00676303
-0.00670489
-0.006649692
-0.006593996
-0.006537047
-0.00648177
-0.006431825
-0.006390642
-0.006361776
-0.006346963
-0.006347103
-0.006360786
-0.006382235
-0.006405452
-0.006422341
-0.006423186
-0.006406131
-0.006375476
-0.006334312
-0.006282852
-0.006218947
-0.006138984
-0.006042817
-0.005934159
-0.005814005
-0.005680213
-0.005533055
-0.00537321
-0.005199389
-0.005010107
-0.004804466
-0.004582364
-0.004343879
-0.004089488
-0.003823398
-0.003550567
-0.003273192
-0.002993556
-0.002715942
-0.002440633
-0.002165456
-0.001893532
-0.001631046
-0.001378891
-0.001132387
-0.0008893763
-0.0006514899
-0.0004185762
-0.000191692
2.878247e-05
0.0002445187
0.0004549622
0.0006576456
0.000850479
0.001032445
0.001202131
0.00135675
0.00149532
0.001618351
0.00172502
0.001812704
0.00188033
0.001929107
0.001962803
0.001987046
0.002006842
0.002024081
0.002037236
0.002045262
0.002050994
0.00205792
0.002068718
0.002087708
0.002119923
0.002165962
0.002223645
0.00229132
0.00236521
0.002439697
0.002513373
0.002588548
0.00266792
0.002753259
0.002845603
0.002945456
0.00305259
0.003166131
0.003285248
0.003410981
0.003545396
0.003687445
0.003835232
0.00398714
0.004142295
0.004302101
0.004466965
0.004634105
0.004800156
0.004964254
0.005125574
0.005280561
0.005427288
0.005564306
0.005692794
0.005815626
0.005933557
0.006049117
0.006158639
0.006253532
0.00633362
0.006402386
0.006463756
0.006521114
0.006575812
0.006630067
0.006684886
0.006741136
0.006798929
0.006854655
0.006906482
0.006955003
0.006998307
0.007033111
0.007060776
0.007086695
0.00711376
0.007139612
0.007158449
0.007167972
0.007171183
0.007169484
0.007161186
0.007142069
0.007108497
0.007060922
0.007000062
0.006928477
0.006846331
0.006746168
0.00662318
0.006480909
0.006326753
0.006166006
0.00599966
0.005826122
0.005643502
0.005452447
0.005253818
0.005048516
0.004838805
0.004625622
0.004406071
0.004177133
0.003939345
0.003690976
0.00342747
0.003148027
0.002851039
0.002537005
0.002211027
0.001873851
0.001524464
0.001164862
0.0007991253
0.000435458
8.04226e-05
-0.0002660144
-0.0006060294
-0.000938218
-0.001259951
-0.001569181
-0.001864539
-0.002145289
-0.002410036
-0.002658965
-0.002896942
-0.003129555
-0.003355173
-0.003568446
-0.003772424
-0.003973874
-0.004174399
-0.004370963
-0.004559938
-0.004740978
-0.004916714
-0.005088738
-0.005258146
-0.00542584
-0.005589528
-0.005744365
-0.005887898
-0.0060204
-0.006143367
-0.006261437
-0.006379356
-0.006498391
-0.006619972
-0.006743301
-0.006863442
-0.006977879
-0.007090922
-0.00720885
-0.007332273
-0.007457059
-0.007579652
-0.007699096
-0.007817273
-0.007936136
-0.008055981
-0.008173542
-0.008280895
-0.00837337
-0.008452165
-0.008516084
-0.008561427
-0.00858663
-0.008591643
-0.008577002
-0.008544649
-0.008497879
-0.008439461
-0.00836982
-0.008287037
-0.008188712
-0.008074886
-0.007949764
-0.007817477
-0.007678197
-0.007528666
-0.007366245
-0.007191462
-0.007006527
-0.006814809
-0.006622024
-0.006435053
-0.006257803
-0.006086252
-0.005912107
-0.00573101
-0.005544775
-0.005356013
-0.005164812
-0.00496876
-0.004763226
-0.00454579
-0.004321394
-0.004096466
-0.003872239
-0.003646188
-0.003417172
-0.003187375
-0.002960596
-0.002739728
-0.002527683
-0.002327724
-0.002140653
-0.001965842
-0.001805254
-0.001659254
-0.001526414
-0.001404957
-0.001292801
-0.00118974
-0.001096925
-0.001013691
-0.0009360017
-0.0008558531
-0.0007663948
-0.0006666179
-0.0005573574
-0.0004385274
-0.000312554
-0.0001799073
-3.821815e-05
0.0001121275
0.000267356
0.0004232391
0.000575958
0.0007222179
0.0008631259
0.00100415
0.001147433
0.001291888
0.00143567
0.001576639
0.001711676
0.001838728
0.001959141
0.002076371
0.002193435
0.00231335
0.002438489
0.002567961
0.002698885
0.002831008
0.002967343
0.003112656
0.003268781
0.003434103
0.003605978
0.003782642
0.003963635
0.00414903
0.004336811
0.004524119
0.004710871
0.004897732
0.005083631
0.005266614
0.005443026
0.005609239
0.005762476
0.005901325
0.006026381
0.00614086
0.006247875
0.00634798
0.006441292
0.006527925
0.006607489
0.006682969
0.006758489
0.006835239
0.006911555
0.006984937
0.007055001
0.007124893
0.007195765
0.007265355
0.007333683
0.007403316
0.007475526
0.00755094
0.007631386
0.007721284
0.007823302
0.007935513
0.008055704
0.008186566
0.00833382
0.008497242
0.008670225
0.008848019
0.009028636
0.009213038
0.009401891
0.009590738
0.009776511
0.009964521
0.01016172
0.01036754
0.01057533
0.01078027
0.01098081
0.0111766
0.01136608
0.01154715
0.01171851
0.01187886
0.01202856
0.01217013
0.01230521
0.01243362
0.0125537
0.01266395
0.01276265
0.01284655
0.01291324
0.01296396
0.01300297
0.01303333
0.01305445
0.01306352
0.01305815
0.01303843
0.01300577
0.0129603
0.01290178
0.01282998
0.01274431
0.0126449
0.01253379
0.01241156
0.01227691
0.01213094
0.01197316
0.01180173
0.01161979
0.01143044
0.01123618
0.01103834
0.010834
0.01061977
0.01039476
0.0101626
0.00993031
0.009702045
0.009475115
0.009242703
0.009005231
0.008769341
0.008538127
0.008310128
0.008083763
0.007859541
0.007637194
0.007413599
0.00718856
0.006966019
0.006749218
0.006537307
0.006329478
0.006129458
0.005941081
0.005764758
0.005599641
0.005442427
0.00529006
0.005139939
0.004991691
0.0048482
0.004710332
0.004576916
0.004446036
0.004315879
0.004188376
0.00406367
0.003938755
0.003811745
0.003682804
0.00355453
0.003432299
0.003321078
0.003221598
0.003129068
0.003036005
0.002935902
0.002827106
0.002708386
0.002576796
0.00243229
0.002276029
0.002105786
0.001919191
0.001718114
0.001506028
0.001284129
0.001056586
0.0008300307
0.0006073819
0.0003860175
0.0001629876
-6.189692e-05
-0.0002887626
-0.0005185158
-0.0007498752
-0.0009801848
-0.001207391
-0.001431521
-0.001653204
-0.001875675
-0.002104113
-0.002340026
-0.002581669
-0.002825412
-0.003064113
-0.003293544
-0.003513466
-0.003725322
-0.003931536
-0.004132467
-0.004325543
-0.004505893
-0.004669236
-0.004814854
-0.004942147
-0.005050367
-0.005140549
-0.005215416
-0.005276935
-0.005328249
-0.005374286
-0.005418881
-0.005464177
-0.005511597
-0.005563055
-0.005620723
-0.005684909
-0.005756444
-0.005836246
-0.005921284
-0.006004816
-0.006082089
-0.006153336
-0.006220404
-0.006283237
-0.006339842
-0.006387665
-0.006425816
-0.006455925
-0.006481413
-0.006505142
-0.006528638
-0.006549518
-0.006562735
-0.006566048
-0.006558034
-0.006536704
-0.006500805
-0.006447412
-0.006373701
-0.006279494
-0.006165547
-0.006031511
-0.005878077
-0.005708692
-0.005528116
-0.005341675
-0.005153395
-0.004965965
-0.00478284
-0.004607546
-0.004441596
-0.004283337
-0.004130218
-0.00398362
-0.00384788
-0.00372341
-0.003605992
-0.003490041
-0.00337178
-0.003254415
-0.003143876
-0.00304024
-0.002937014
-0.002827825
-0.002713338
-0.002596681
-0.002477269
-0.00235291
-0.002220646
-0.002078416
-0.001926006
-0.00176432
-0.001597814
-0.001432209
-0.001269179
-0.001107729
-0.0009486276
-0.0007931801
-0.000640885
-0.0004938887
-0.0003544083
-0.0002194541
-8.502481e-05
5.028844e-05
0.0001841842
0.0003122722
0.0004313009
0.0005400867
0.0006389753
0.0007247159
0.0007891559
0.0008262691
0.0008359726
0.0008221808
0.0007888815
0.0007365531
0.0006624736
0.0005642016
0.0004432826
0.0003060382
0.0001582167
3.345593e-06
-0.0001534212
-0.0003074143
-0.000458378
-0.0006089984
-0.0007582308
-0.0009005489
-0.00103438
-0.001159725
-0.001275211
-0.001382501
-0.001484092
-0.001579234
-0.00166691
-0.001750063
-0.001832842
-0.001916443
-0.001999602
-0.002079485
-0.002152598
-0.002217311
-0.002274269
-0.00232331
-0.002362846
-0.002391557
-0.002412169
-0.002429988
-0.002447335
-0.002463669
-0.002477033
-0.002484663
-0.00248338
-0.002473112
-0.002459414
-0.00244685
-0.002436142
-0.002427587
-0.002422732
-0.002421261
-0.00241856
-0.002413179
-0.002410344
-0.00241444
-0.002426136
-0.002444493
-0.002468235
-0.002494836
-0.002521856
-0.002547518
-0.002567651
-0.002580885
-0.002591197
-0.002600596
-0.002607579
-0.002610282
-0.00260771
-0.002598323
-0.002578736
-0.002546972
-0.002506305
-0.002460198
-0.002407126
-0.002345732
-0.002276136
-0.002198123
-0.002114845
-0.002032363
-0.001955164
-0.001883588
-0.001816466
-0.001756408
-0.001707904
-0.001672993
-0.001651807
-0.001641853
-0.001637255
-0.00163252
-0.001627016
-0.001625232
-0.001629877
-0.001638752
-0.001648134
-0.00165625
-0.001664873
-0.001675076
-0.001686591
-0.001699515
-0.001712828
-0.001725069
-0.001735806
-0.001745043
-0.001750748
-0.001749453
-0.001739215
-0.001721075
-0.001696277
-0.001663051
-0.001619556
-0.001566448
-0.001505933
-0.001440336
-0.001373276
-0.001310744
-0.001256065
-0.001207574
-0.001162607
-0.001118236
-0.001070156
-0.001016058
-0.0009600598
-0.0009093644
-0.0008647718
-0.0008204455
-0.0007721541
-0.0007213511
-0.0006723431
-0.0006279451
-0.0005898326
-0.0005586706
-0.0005325492
-0.0005088272
-0.0004871301
-0.0004690743
-0.0004532325
-0.0004357184
-0.000415879
-0.0003952766
-0.000375751
-0.0003583692
-0.0003434006
-0.0003321231
-0.0003246031
-0.0003200322
-0.0003193675
-0.0003229957
-0.0003298467
-0.0003402907
-0.000355874
-0.000375094
-0.0003941287
-0.0004106552
-0.0004236616
-0.0004327921
-0.0004382506
-0.0004406961
-0.0004430429
-0.0004490992
-0.0004593072
-0.0004709013
-0.0004822018
-0.0004935843
-0.0005052501
-0.0005164483
-0.0005254559
-0.0005298345
-0.0005299476
-0.000529927
-0.0005343504
-0.000545403
-0.0005605171
-0.0005759445
-0.0005911608
-0.0006069161
-0.0006240898
-0.0006442409
-0.000668377
-0.0006951728
-0.0007255552
-0.0007627069
-0.0008077692
-0.0008615326
-0.0009223846
-0.0009843763
-0.001043658
-0.001101165
-0.001157654
-0.001213284
-0.001271537
-0.001337185
-0.001413021
-0.001496582
-0.001578725
-0.001651297
-0.001713504
-0.001767625
-0.001815884
-0.001861761
-0.001908389
-0.001956112
-0.002004392
-0.002054081
-0.002106773
-0.002161618
-0.002216289
-0.00227189
-0.002331831
-0.002397525
-0.002469217
-0.002548813
-0.002639087
-0.00273971
-0.002846705
-0.002953706
-0.003055907
-0.003154699
-0.003254918
-0.003360026
-0.00347225
-0.003590733
-0.003711344
-0.003830028
-0.00394325
-0.004048414
-0.004143578
-0.004227701
-0.004301891
-0.004365195
-0.004414747
-0.004449727
-0.004471897
-0.004485241
-0.004493448
-0.004497337
-0.004498313
-0.004499804
-0.00450405
-0.00451314
-0.004529222
-0.004552424
-0.004581933
-0.004617413
-0.004659764
-0.004711771
-0.004776531
-0.004852844
-0.004937284
-0.005028515
-0.005125954
-0.005228457
-0.005333405
-0.005437137
-0.005535499
-0.005623868
-0.00569951
-0.005762873
-0.00581563
-0.005857779
-0.005888798
-0.005908567
-0.005916734
-0.005914192
-0.005903676
-0.005889879
-0.005876333
-0.005864641
-0.005856549
-0.005851009
-0.005845982
-0.005840596
-0.005833238
-0.005823764
-0.005813196
-0.005801766
-0.00578773
-0.005768094
-0.005740002
-0.005699894
-0.00564474
-0.005575818
-0.005498934
-0.005418399
-0.005330973
-0.005228898
-0.005108782
-0.004975527
-0.004837465
-0.004699897
-0.004562986
-0.004425204
-0.004284865
-0.004140282
-0.003991003
-0.003839668
-0.003689889
-0.003542645
-0.003399888
-0.003264402
-0.003134503
-0.003006403
-0.002876962
-0.002745631
-0.002613675
-0.002481672
-0.002350458
-0.002221056
-0.0020944
-0.001972689
-0.00185804
-0.001751726
-0.001653686
-0.00156433
-0.001486119
-0.001421825
-0.001370725
-0.001328117
-0.001291209
-0.001261238
-0.001238088
-0.001218008
-0.001196142
-0.001171518
-0.001148378
-0.001132325
-0.001125738
-0.001126625
-0.001130189
-0.00113348
-0.001138622
-0.001148992
-0.00116451
-0.001183846
-0.001207202
-0.00123402
-0.001262501
-0.001292344
-0.001323069
-0.001355892
-0.001394264
-0.001437804
-0.001483622
-0.001531229
-0.001581203
-0.001634456
-0.001691459
-0.001749268
-0.001803892
-0.00185697
-0.001911836
-0.001967151
-0.002017591
-0.002055911
-0.00207864
-0.002089757
-0.002095285
-0.002097123
-0.002092992
-0.002080904
-0.00205974
-0.002031207
-0.001999566
-0.001967192
-0.00193558
-0.001904326
-0.001870622
-0.001832894
-0.001790725
-0.001744751
-0.001694583
-0.0016367
-0.001565224
-0.001476254
-0.001371328
-0.001254605
-0.001128088
-0.0009930253
-0.0008495145
-0.0006948012
-0.0005283543
-0.0003558263
-0.0001855123
-2.314033e-05
0.0001302091
0.0002749141
0.0004082934
0.0005248703
0.0006232854
0.0007058433
0.0007736986
0.0008280465
0.000870927
0.0009045778
0.0009304972
0.0009463664
0.0009494489
0.0009416015
0.000926765
0.0009052707
0.0008767501
0.0008453187
0.0008154405
0.0007873151
0.000760612
0.0007378511
0.0007220321
0.000711921
0.0007059277
0.0007062684
0.0007141643
0.0007263901
0.0007402598
0.0007598668
0.0007908509
0.0008312229
0.0008767948
0.0009283834
0.000989831
0.001060444
0.001135491
0.001215362
0.001302392
0.001394599
0.001489364
0.001585223
0.001680652
0.001773408
0.001863364
0.001953258
0.002047163
0.002147485
0.002253501
0.002364415
0.002478843
0.002591689
0.002697574
0.002795327
0.002886367
0.002971083
0.00305041
0.003125532
0.003195415
0.003256249
0.003302051
0.003330326
0.003344115
0.003343817
0.003326682
0.003292457
0.003244335
0.003186425
0.003120981
0.003048354
0.002968137
0.002880741
0.002789979
0.002701276
0.002617972
0.002541734
0.002474273
0.002415831
0.002364377
0.002318155
0.002275083
0.00223209
0.002187293
0.002138793
0.002085671
0.002030501
0.001976931
0.001925978
0.001877239
0.001830012
0.001784029
0.001742068
0.001707948
0.001681545
0.001658835
0.001637205
0.00161701
0.001600456
0.001589678
0.001583777
0.001582374
0.001585921
0.001594306
0.001607847
0.001625876
0.001647581
0.001672532
0.001700726
0.001732779
0.001767452
0.0018012
0.001830544
0.001857085
0.001885826
0.001918396
0.00195529
0.001997773
0.002043647
0.002087941
0.00212909
0.002172803
0.002224715
0.002284614
0.002351625
0.002427472
0.002513679
0.002609885
0.002715742
0.002832481
0.002958216
0.003085525
0.003208125
0.003326283
0.003443143
0.003558998
0.003671895
0.003782096
0.003890571
0.003994492
0.004089438
0.004174147
0.004249514
0.004315672
0.004371489
0.004415535
0.004445627
0.004461306
0.004464872
0.00445725
0.004438613
0.004412648
0.004383927
0.004354304
0.004323982
0.004290803
0.004251816
0.004205628
0.004153494
0.004098899
0.004041436
0.003979178
0.003913482
0.003845834
0.003778112
0.003712487
0.003650283
0.003591521
0.003532494
0.003470237
0.003405983
0.003339758
0.003271275
0.003201896
0.003131433
0.00305825
0.002980942
0.002900055
0.002820127
0.002747933
0.002685993
0.002630063
0.002575485
0.002521885
0.002471285
0.002421868
0.002369342
0.002312884
0.002252346
0.002185759
0.002110681
0.002025969
0.001933026
0.001834241
0.001733052
0.001632039
0.001529415
0.001422894
0.001314433
0.001207848
0.001106189
0.001010419
0.000919768
0.0008310643
0.0007398768
0.0006467756
0.0005549601
0.0004651039
0.0003768082
0.0002890937
0.0002030471
0.0001226181
5.020432e-05
-1.653428e-05
-8.148071e-05
-0.0001462444
-0.0002127575
-0.0002808956
-0.0003475211
-0.0004120529
-0.0004741424
-0.0005319104
-0.0005842794
-0.0006325713
-0.0006775477
-0.0007160685
-0.0007463886
-0.0007685943
-0.0007814254
-0.0007840899
-0.0007766754
-0.0007605032
-0.0007363751
-0.0007039705
-0.000664557
-0.0006172376
-0.0005571146
-0.000482091
-0.0003946329
-0.0002963859
-0.0001882031
-7.104579e-05
5.582615e-05
0.000193544
0.0003390978
0.0004851963
0.0006275537
0.0007684413
0.0009119824
0.00105869
0.001205736
0.001350731
0.001493503
0.001635842
0.001777939
0.001919853
0.002062024
0.002203936
0.002346177
0.002487922
0.002626359
0.002761737
0.002897105
0.003034884
0.003177336
0.003327638
0.003486783
0.003654458
0.0038304
0.004012621
0.004200681
0.004396236
0.00459813
0.004803082
0.005005931
0.005201708
0.005388848
0.005567393
0.005738075
0.005901271
0.006054742
0.006195809
0.006322835
0.006434555
0.006531301
0.006615865
0.006691416
0.006757841
0.006811017
0.006848065
0.006870401
0.006881739
0.006886
0.006885033
0.006877192
0.00685981
0.006831958
0.006794905
0.006751922
0.00670625
0.006661251
0.006619564
0.006579021
0.006534601
0.006481491
0.006418833
0.006354729
0.006299317
0.006252383
0.006202381
0.006140815
0.006071118
0.006000274
0.005929487
0.005853641
0.005767155
0.005665921
0.005543895
0.005402538
0.005253804
0.005101509
0.004939596
0.004770298
0.004602821
0.004436583
0.00426339
0.004089012
0.003927813
0.003778228
0.00363038
0.003488044
0.003359421
0.003236353
0.003104437
0.002968592
0.002844879
0.002733829
0.002617735
0.002483024
0.002339565
0.002211515
0.002108157
0.002015142
0.001912325
0.001789906
0.001650843
0.001508649
0.001376392
0.00125202
0.001121863
0.0009819011
0.0008416911
0.0007039896
0.0005573191
0.0003970381
0.0002372265
9.086683e-05
-4.783333e-05
-0.0001897574
-0.0003332693
-0.0004682189
-0.0005904719
-0.0006995168
-0.0007980771
-0.0009016265
-0.001019122
-0.001136349
-0.001238512
-0.001326797
-0.001406332
-0.00147516
-0.001537233
-0.00160251
-0.0016696
-0.001735691
-0.001808554
-0.001888484
-0.001963304
-0.002027739
-0.002090416
-0.002158443
-0.002229264
-0.002302584
-0.002384023
-0.002467744
-0.002537804
-0.002597604
-0.002668887
-0.00275427
-0.002831715
-0.002888315
-0.002935501
-0.00298697
-0.003046166
-0.003112064
-0.003179694
-0.003246626
-0.003319587
-0.00340487
-0.003496107
-0.003575459
-0.00363072
-0.003671462
-0.003724248
-0.003804361
-0.00389642
-0.003972315
-0.004022794
-0.004058557
-0.004091926
-0.004131152
-0.004176566
-0.004213484
-0.004225155
-0.004217749
-0.004222597
-0.00426632
-0.00433742
-0.004389898
-0.004388992
-0.004345281
-0.004300041
-0.004286332
-0.004303399
-0.004322554
-0.004316894
-0.004280684
-0.004226421
-0.004174457
-0.004136413
-0.004103245
-0.004061376
-0.004017162
-0.003987398
-0.003973911
-0.00396911
-0.003971999
-0.003978941
-0.003972106
-0.003938299
-0.003891153
-0.003855831
-0.003838695
-0.003823392
-0.003792708
-0.0037455
-0.003690224
-0.003629792
-0.00356561
-0.003508501
-0.003466883
-0.003435774
-0.003405799
-0.003370127
-0.003322036
-0.003256665
-0.003181611
-0.003114861
-0.003068353
-0.003040125
-0.003017844
-0.002990432
-0.002954536
-0.002907229
-0.002844083
-0.002768414
-0.002697424
-0.002649709
-0.002622871
-0.002592193
-0.00253597
-0.002454529
-0.00236447
-0.002281294
-0.002209555
-0.002143711
-0.002075923
-0.002003981
-0.001927784
-0.001844105
-0.001744173
-0.001618146
-0.001473513
-0.00133105
-0.001200024
-0.001071634
-0.0009340528
-0.0007847595
-0.0006253779
-0.0004601194
-0.000299793
-0.0001521846
-1.48581e-05
0.0001203276
0.0002581939
0.0003946184
0.0005203679
0.0006279537
0.0007175152
0.0007985242
0.0008770223
0.0009466533
0.001001881
0.001052367
0.001112873
0.00118426
0.00125247
0.001300355
0.001321842
0.001327242
0.001331325
0.001343288
0.001362239
0.001378777
0.001387456
0.001393873
0.001406001
0.001422869
0.001438597
0.001456016
0.001489001
0.001552264
0.001651516
0.001780146
0.001920332
0.002054329
0.002177359
0.002296921
0.002424477
0.002568573
0.002728416
0.002890732
0.003038175
0.003161539
0.003258797
0.003332506
0.003391944
0.003445982
0.003494554
0.003535573
0.003569221
0.003588009
0.003577868
0.003535161
0.003472499
0.003408855
0.003357366
0.0033181
0.00328111
0.003237089
0.003185267
0.00313185
0.003082262
0.00303652
0.002990686
0.002941917
0.002890056
0.002835787
0.00277687
0.002709104
0.002634847
0.00256356
0.002505628
0.002466017
0.002440866
0.002421583
0.002400856
0.002377452
0.002354267
0.002337768
0.002338687
0.002361679
0.002400558
0.002445221
0.002487559
0.002522651
0.00255066
0.002580436
0.002621769
0.002674969
0.002734355
0.002796127
0.002858137
0.002914678
0.002958049
0.002985935
0.003003069
0.003016339
0.003028761
0.003038551
0.003041472
0.003031593
0.003006933
0.002971193
0.00292887
0.002885058
0.002844387
0.002807863
0.002772512
0.002733459
0.002686183
0.002627504
0.002561512
0.002498865
0.002445444
0.002399151
0.002356097
0.002315317
0.002277502
0.002242622
0.002212606
0.002188716
0.002166853
0.002139414
0.002099349
0.002046408
0.001986537
0.001922504
0.001851776
0.001772062
0.001685025
0.001592988
0.001497625
0.001399894
0.001298688
0.00119642
0.001098986
0.00101062
0.0009349857
0.000874078
0.0008279058
0.0007954023
0.0007751004
0.0007634307
0.0007526778
0.0007372436
0.0007175807
0.0006999064
0.0006947181
0.0007056581
0.0007227615
0.0007296589
0.0007175886
0.0006936867
0.000670714
0.0006546488
0.0006445769
0.0006359279
0.0006255203
0.0006151403
0.0006110673
0.0006188072
0.0006352384
0.0006493965
0.0006522549
0.0006453591
0.0006394552
0.0006462042
0.0006707109
0.0007057229
0.0007369236
0.0007581357
0.0007760877
0.0007990614
0.0008270362
0.0008546007
0.0008780236
0.0008987764
0.0009229813
0.0009589054
0.001012177
0.001079586
0.001152361
0.001225957
0.001299486
0.00137074
0.001437623
0.00149931
0.001557642
0.001616448
0.001677599
0.001742408
0.001811019
0.001882398
0.001956907
0.00203266
0.002105588
0.002172503
0.002231686
0.002285722
0.002341131
0.002402628
0.002466184
0.002519864
0.002554315
0.00257174
0.002585718
0.002609524
0.002646343
0.002691292
0.00273927
0.00278807
0.002831721
0.00286022
0.002866946
0.002851784
0.002825393
0.002804055
0.002792864
0.002780874
0.002753312
0.002706645
0.00265008
0.002596672
0.00255594
0.002526926
0.002500961
0.002469432
0.002427396
0.002373941
0.002308041
0.002231558
0.002155051
0.002090616
0.002041983
0.002002239
0.001958147
0.001898201
0.001821214
0.001736586
0.001656304
0.001586928
0.001526016
0.001464119
0.001390602
0.001298108
0.001187494
0.001071082
0.0009657926
0.0008800277
0.0008089925
0.0007417367
0.0006731307
0.0006085864
0.0005590186
0.0005322534
0.000525914
0.0005285306
0.0005271742
0.0005148407
0.0004946969
0.0004754829
0.0004655937
0.0004682776
0.0004816015
0.0005054483
0.0005405619
0.0005812527
0.0006144206
0.0006280876
0.0006224501
0.0006111106
0.0006145661
0.0006477676
0.0007101964
0.0007914848
0.0008812677
0.0009714175
0.001057915
0.001141559
0.001226779
0.001317212
0.001412417
0.001509735
0.001604878
0.001692629
0.001768632
0.001832053
0.001886571
0.001936056
0.001982709
0.002029451
0.002080892
0.002140544
0.002206168
0.002265068
0.002299712
0.002299323
0.002265983
0.002214812
0.00216691
0.002137524
0.002129796
0.002134994
0.002136173
0.002120211
0.002087518
0.002047399
0.002010435
0.001978938
0.001946323
0.001906625
0.001859823
0.001813125
0.001775186
0.00174643
0.001718872
0.001683465
0.001635962
0.001578286
0.001517743
0.001461864
0.001413694
0.001370383
0.001324951
0.001269825
0.001200358
0.001115055
0.001012934
0.0008927993
0.0007551286
0.0006036047
0.0004410884
0.0002644153
7.078974e-05
-0.0001436465
-0.000383073
-0.0006410699
-0.0009050636
-0.001166174
-0.001425577
-0.001692483
-0.001966341
-0.00223776
-0.002499267
-0.002745513
-0.002978917
-0.003205991
-0.003428826
-0.003650287
-0.003869775
-0.004084161
-0.004294672
-0.004504072
-0.004717249
-0.004938534
-0.005164692
-0.005388893
-0.005604917
-0.005809089
-0.006002674
-0.006190379
-0.006376921
-0.006564228
-0.006745177
-0.00690932
-0.007053072
-0.007177837
-0.0072877
-0.007388606
-0.007484908
-0.007578118
-0.007664111
-0.00773765
-0.007799519
-0.007852962
-0.007899104
-0.007938469
-0.00797106
-0.007996831
-0.008015719
-0.008026822
-0.008030472
-0.008028328
-0.00802071
-0.008010449
-0.008001221
-0.007992155
-0.007979298
-0.007961769
-0.007946575
-0.007931607
-0.007909635
-0.007882768
-0.00784406
-0.007796098
-0.007749327
-0.007700362
-0.00765404
-0.007608672
-0.007559885
-0.007514753
-0.007467791
-0.007417802
-0.007366765
-0.007306411
-0.007236276
-0.007160173
-0.007083103
-0.007010286
-0.006941862
-0.006875419
-0.00680668
-0.006732448
-0.00665337
-0.006578018
-0.006511968
-0.006454332
-0.00640497
-0.006355505
-0.006302961
-0.006250392
-0.006194698
-0.006137582
-0.006075665
-0.006004237
-0.005926024
-0.005837198
-0.005740239
-0.005643844
-0.005548784
-0.005454743
-0.005359638
-0.005261323
-0.005161016
-0.005059471
-0.004958029
-0.004858649
-0.004762276
-0.004667348
-0.004574072
-0.004485884
-0.00440778
-0.004344228
-0.004293761
-0.004253765
-0.00422162
-0.004194409
-0.004174232
-0.004158434
-0.00414059
-0.00411592
-0.004078056
-0.004029773
-0.003980089
-0.003932002
-0.003885536
-0.003837402
-0.003784011
-0.003724177
-0.003656087
-0.003579952
-0.00349819
-0.00341142
-0.003318173
-0.003216181
-0.003103242
-0.002979897
-0.002851945
-0.002726686
-0.002609384
-0.002499812
-0.002396762
-0.002303655
-0.002222383
-0.002154704
-0.002103162
-0.002065658
-0.002038766
-0.002017263
-0.001997716
-0.001982092
-0.001970866
-0.001962892
-0.001957739
-0.001954171
-0.001951289
-0.001950053
-0.001952575
-0.001956477
-0.001955164
-0.001945849
-0.00193227
-0.001918461
-0.00190296
-0.001881011
-0.001850707
-0.00181397
-0.001771467
-0.001723228
-0.001677259
-0.001646529
-0.001637842
-0.001646735
-0.001660605
-0.001669664
-0.001670823
-0.001661323
-0.001639335
-0.001604372
-0.001554755
-0.001488532
-0.001405782
-0.001311094
-0.001211216
-0.001110015
-0.001008975
-0.0009104775
-0.0008176255
-0.000730745
-0.0006501195
-0.0005771515
-0.0005104653
-0.0004478273
-0.0003908074
-0.0003422829
-0.0003024123
-0.0002710101
-0.0002474078
-0.0002264619
-0.0002022728
-0.0001714592
-0.0001341703
-9.619106e-05
-6.353734e-05
-3.710082e-05
-1.619727e-05
5.943455e-07
1.517747e-05
2.868497e-05
4.373832e-05
6.312944e-05
8.897627e-05
0.0001254329
0.000176278
0.0002438595
0.0003289182
0.0004286239
0.0005386548
0.0006566111
0.0007823156
0.0009170274
0.001059364
0.001201248
0.001335319
0.001460848
0.001576486
0.001680168
0.001770487
0.001845357
0.001905259
0.001950446
0.001979158
0.001990387
0.001984916
0.001967043
0.001940884
0.001908541
0.001873957
0.001842418
0.001816862
0.001797153
0.001781232
0.001765155
0.00174475
0.001718243
0.00168526
0.00164682
0.001605598
0.001561756
0.001513774
0.001460406
0.001398969
0.001330933
0.001262467
0.001198146
0.001139221
0.001084945
0.001034508
0.0009844125
0.0009274378
0.0008565555
0.0007706592
0.0006774694
0.0005867793
0.0005058085
0.0004398753
0.0003883028
0.0003438176
0.0002998586
0.0002547178
0.0002086893
0.0001617282
0.0001136376
6.087392e-05
-1.802817e-06
-7.493758e-05
-0.0001537395
-0.0002320572
-0.0003087407
-0.0003858905
-0.000463601
-0.0005423316
-0.0006231237
-0.0007044545
-0.0007816638
-0.0008498484
-0.0009073049
-0.0009548612
-0.0009928194
-0.001019769
-0.001035089
-0.001040354
-0.001037946
-0.001030444
-0.001017848
-0.0009962343
-0.0009618149
-0.0009144917
-0.0008597118
-0.0008048885
-0.0007530737
-0.000702225
-0.0006482102
-0.0005903658
-0.0005312271
-0.0004723197
-0.000415395
-0.0003633814
-0.0003183821
-0.0002802885
-0.0002499327
-0.0002315957
-0.0002296645
-0.0002461331
-0.0002800676
-0.0003290314
-0.0003916027
-0.000466754
-0.0005523775
-0.0006464757
-0.0007476851
-0.000855068
-0.0009680466
-0.001084829
-0.001202399
-0.001319017
-0.001434757
-0.001548488
-0.001654189
-0.001745735
-0.001821862
-0.001883473
-0.001934409
-0.001979373
-0.002020319
-0.002057161
-0.002086663
-0.00210759
-0.00212409
-0.002139457
-0.00215253
-0.002159421
-0.002155754
-0.002138898
-0.002110642
-0.002075047
-0.002032992
-0.001984178
-0.001929272
-0.001870267
-0.001811714
-0.001754884
-0.001698244
-0.001645244
-0.001600836
-0.0015642
-0.001527888
-0.001484494
-0.001432214
-0.001374032
-0.001315089
-0.001258045
-0.001199612
-0.00113464
-0.001060692
-0.0009798185
-0.0008983184
-0.000821777
-0.0007516478
-0.0006859576
-0.0006206774
-0.0005529613
-0.0004815671
-0.0004060005
-0.000327242
-0.0002469176
-0.0001650821
-8.033187e-05
1.075378e-05
0.000114124
0.0002337791
0.0003692192
0.0005184802
0.0006776932
0.0008395712
0.0009972819
0.001149533
0.001297884
0.00144399
0.00158995
0.001736281
0.001881286
0.002024288
0.002166413
0.002308416
0.002451048
0.00259677
0.002746649
0.002896992
0.003040101
0.003167126
0.003271944
0.003354102
0.003415866
0.003459784
0.003487624
0.003500751
0.003501491
0.003489732
0.00346495
0.00343082
0.003392279
0.003351247
0.003306229
0.003259238
0.003215654
0.003178291
0.003147562
0.003121452
0.003098585
0.003079595
0.003060844
0.003037281
0.003009875
0.002982534
0.002957272
0.002934175
0.002912365
0.0028897
0.002861665
0.00282461
0.002780283
0.002734
0.002688616
0.00264249
0.002593886
0.002544238
0.002496038
0.002449762
0.002405329
0.002363524
0.002323924
0.002285642
0.00224861
0.002214588
0.002187807
0.00217102
0.002161839
0.002153936
0.002142002
0.00212549
0.002107235
0.002090756
0.00207885
0.00207119
0.00206574
0.002063113
0.002064458
0.002068792
0.002074931
0.002082982
0.002094461
0.002111385
0.002133693
0.002157138
0.00217636
0.002190259
0.002201581
0.00221106
0.002216414
0.002217915
0.00221945
0.002223765
0.002230211
0.00223724
0.002245537
0.002258052
0.00227578
0.002296996
0.002320165
0.002342915
0.002362233
0.002377519
0.002392046
0.002409622
0.002431036
0.002456816
0.002489072
0.002527596
0.002569063
0.002611117
0.00265173
0.002690096
0.002728491
0.002768391
0.00280928
0.002848984
0.002883814
0.002911842
0.00293516
0.002956125
0.002973852
0.002987302
0.00299636
0.003000853
0.002999945
0.002990843
0.002972128
0.00294744
0.002920607
0.002890267
0.002853693
0.002809765
0.002758276
0.002700128
0.002637222
0.002572756
0.002510202
0.002451567
0.002396951
0.00234671
0.00230102
0.002256762
0.002210562
0.002161297
0.002110147
0.002058747
0.002005728
0.001949787
0.001893358
0.001841983
0.001800137
0.001766363
0.00173689
0.001710972
0.001689359
0.001671428
0.001652377
0.001626355
0.001596157
0.00156707
0.001538599
0.001511202
0.001488095
0.001471098
0.00145865
0.001446091
0.001429802
0.001409472
0.001384819
0.001351444
0.001304762
0.001243869
0.00117098
0.0010893
0.001001018
0.0009071564
0.0008102745
0.000716413
0.000629928
0.000549595
0.0004732621
0.0004010033
0.0003337395
0.0002705912
0.0002114901
0.0001574522
0.0001076007
5.983681e-05
1.131471e-05
-3.998384e-05
-9.565255e-05
-0.0001597099
-0.0002334997
-0.0003131293
-0.0003929437
-0.0004685454
-0.0005390386
-0.0006074313
-0.0006765677
-0.0007457507
-0.0008127037
-0.0008761186
-0.0009367929
-0.0009980494
-0.001060878
-0.00112294
-0.001182737
-0.001242946
-0.001306587
-0.001371426
-0.001435218
-0.001498848
-0.001562294
-0.001625985
-0.001692229
-0.001764534
-0.001845349
-0.001935986
-0.002038103
-0.002151011
-0.00227026
-0.002391323
-0.002510589
-0.002625797
-0.002737262
-0.002846958
-0.002954947
-0.003057586
-0.003150604
-0.003233751
-0.003311982
-0.003388463
-0.003458509
-0.003516841
-0.003561922
-0.00359539
-0.003620624
-0.003638674
-0.00365039
-0.003657958
-0.003662286
-0.003663281
-0.003660884
-0.003657046
-0.003654849
-0.003654382
-0.00365315
-0.003649636
-0.003643821
-0.003637599
-0.003634811
-0.003637057
-0.003642814
-0.003650497
-0.003660498
-0.003676292
-0.003698679
-0.003722947
-0.003744858
-0.003760618
-0.003766455
-0.00376191
-0.003748469
-0.003726581
-0.003696161
-0.00365831
-0.003614579
-0.003566743
-0.003517487
-0.003469271
-0.003422182
-0.003372293
-0.003315777
-0.003253982
-0.003191968
-0.003132189
-0.003071375
-0.003006016
-0.002937147
-0.002867099
-0.002796444
-0.00272461
-0.002650225
-0.002572607
-0.002494121
-0.002416912
-0.002340141
-0.002262221
-0.002183119
-0.002104158
-0.002026662
-0.001951284
-0.001877811
-0.001807032
-0.001741219
-0.001680058
-0.001621098
-0.001563261
-0.001508578
-0.001459506
-0.001416561
-0.00138109
-0.001354848
-0.001339182
-0.001335505
-0.001342708
-0.001356059
-0.001368502
-0.00137701
-0.001385935
-0.001400112
-0.001418186
-0.001434848
-0.001447767
-0.001459021
-0.001470407
-0.001482789
-0.001497851
-0.001515959
-0.001536367
-0.001559799
-0.001586317
-0.001614661
-0.001645103
-0.001678539
-0.001713327
-0.00174489
-0.001769227
-0.001785765
-0.001795279
-0.001801185
-0.001810858
-0.001827723
-0.001848707
-0.001871567
-0.001897776
-0.001928683
-0.001963448
-0.002000545
-0.002037095
-0.002070428
-0.002101542
-0.002133933
-0.002170128
-0.002209109
-0.002245531
-0.002273053
-0.002290996
-0.002304675
-0.002319016
-0.002334828
-0.002348331
-0.002353362
-0.002345945
-0.002327688
-0.002305389
-0.002286056
-0.002271279
-0.002258604
-0.00224512
-0.00222997
-0.002213339
-0.002193815
-0.002172683
-0.002153935
-0.002139084
-0.002127697
-0.002119695
-0.002118004
-0.002126527
-0.002146356
-0.00217772
-0.002219093
-0.002264681
-0.002308318
-0.002348263
-0.002385723
-0.002420059
-0.002449566
-0.002473605
-0.002493629
-0.002513559
-0.002536211
-0.002560818
-0.002583491
-0.002601354
-0.002616565
-0.002632494
-0.002650809
-0.002668722
-0.002678176
-0.002673063
-0.002653739
-0.002623265
-0.002583846
-0.002538252
-0.00248754
-0.00243019
-0.002367838
-0.002303409
-0.002236958
-0.002166479
-0.002092544
-0.002018466
-0.001944041
-0.001865903
-0.001784193
-0.001704217
-0.001630872
-0.001561988
-0.001491542
-0.001418421
-0.001344768
-0.00127298
-0.001210408
-0.001163123
-0.001129178
-0.001104043
-0.0010846
-0.001067191
-0.001046695
-0.001018411
-0.0009806811
-0.0009351671
-0.0008861532
-0.0008383959
-0.0007942711
-0.0007529245
-0.0007114207
-0.0006688314
-0.0006303452
-0.0006014165
-0.000581271
-0.0005672938
-0.0005605069
-0.0005624462
-0.000572478
-0.0005897008
-0.0006118602
-0.0006331744
-0.0006508915
-0.0006670866
-0.0006802232
-0.0006845075
-0.0006753865
-0.0006521095
-0.0006187954
-0.0005799191
-0.0005361702
-0.000484063
-0.0004185649
-0.0003414016
-0.0002634546
-0.000192753
-0.0001256389
-5.310887e-05
2.906687e-05
0.0001207973
0.0002191041
0.0003191634
0.000418513
0.0005177423
0.0006198108
0.0007283924
0.0008434758
0.0009606412
0.001073386
0.001177412
0.00127353
0.00136604
0.001459715
0.001558084
0.001660709
0.001762761
0.001859128
0.001951791
0.002046724
0.002143643
0.002237441
0.002325635
0.002409303
0.002491619
0.002577573
0.002669777
0.002762014
0.00284582
0.002918937
0.002984369
0.003046407
0.003107067
0.003166065
0.003223684
0.003281162
0.00334142
0.003408668
0.003483342
0.003559743
0.003632015
0.003697801
0.003757009
0.00380969
0.003855458
0.003894097
0.003926144
0.003952365
0.003970943
0.00397903
0.003977886
0.003971661
0.003962733
0.003949114
0.003927343
0.003898106
0.003867992
0.003841872
0.003817433
0.003790171
0.003757758
0.00372254
0.00368975
0.003661769
0.003637801
0.003614024
0.00358642
0.003553036
0.003513471
0.003471025
0.003429862
0.003389934
0.003347451
0.003299555
0.003247737
0.003196108
0.003149076
0.003109829
0.003080167
0.003060127
0.003049449
0.003049574
0.003060891
0.003083365
0.003118825
0.003169441
0.003237588
0.003322531
0.003418406
0.003518438
0.003617837
0.003714764
0.003810978
0.003907513
0.00400016
0.004083479
0.00415605
0.004219037
0.004271518
0.00431001
0.004335229
0.004351547
0.004360941
0.004365103
0.00436867
0.004375684
0.004384056
0.004390737
0.004399831
0.004415802
0.004437767
0.004465533
0.004501578
0.004545123
0.004591842
0.004641072
0.004694739
0.004750548
0.00480289
0.004848561
0.004887921
0.004919489
0.004940609
0.004952913
0.004958243
0.004955014
0.004943757
0.004930212
0.004920222
0.004912851
0.00490242
0.004886016
0.00486544
0.004844981
0.004826765
0.004808597
0.004786132
0.004756836
0.004721908
0.004684149
0.004644442
0.004599932
0.004548498
0.004491064
0.004428786
0.00436283
0.004291975
0.004213765
0.00412885
0.004038708
0.00394214
0.003837716
0.003724926
0.00360438
0.003479627
0.003353248
0.003222825
0.003086301
0.002947624
0.002812998
0.002683946
0.002559423
0.002437982
0.002318424
0.002202447
0.002093264
0.001992585
0.001901041
0.001820661
0.001754042
0.001700878
0.001659912
0.001630023
0.001609204
0.001593796
0.001577609
0.00155544
0.001525268
0.001486275
0.001439184
0.001384628
0.001321584
0.001250263
0.001175254
0.001102178
0.001035153
0.0009781946
0.0009352787
0.0009076061
0.0008918905
0.000886728
0.000894942
0.0009158958
0.0009425265
0.0009661701
0.0009842809
0.000999456
0.001015063
0.001032792
0.001052747
0.001075687
0.0010997
0.001121615
0.001140975
0.001157983
0.001171304
0.001177071
0.00117341
0.001161086
0.001141229
0.001115436
0.001083008
0.001041123
0.0009886643
0.000926938
0.00085894
0.0007888013
0.00072071
0.0006548286
0.000587554
0.0005170692
0.000445657
0.0003759669
0.0003075313
0.0002392387
0.0001717364
0.0001063941
4.436691e-05
-1.749497e-05
-8.577167e-05
-0.0001648431
-0.0002541995
-0.0003519051
-0.0004577985
-0.0005719004
-0.0006939896
-0.0008247466
-0.0009656437
-0.001118214
-0.001282254
-0.001456017
-0.001637034
-0.001821474
-0.002004789
-0.002185951
-0.002366671
-0.002546537
-0.002720552
-0.002883095
-0.00303091
-0.003161497
-0.003274812
-0.003376307
-0.003473373
-0.003570595
-0.003669802
-0.003769637
-0.003865563
-0.003955668
-0.004040944
-0.004121805
-0.004197974
-0.004269559
-0.004335276
-0.004391992
-0.004438199
-0.004474618
-0.004501182
-0.004514116
-0.004508905
-0.0044868
-0.004452953
-0.004412217
-0.004368189
-0.004321423
-0.00427061
-0.004217018
-0.004165247
-0.004120791
-0.004084606
-0.004053687
-0.004024428
-0.003994005
-0.003965021
-0.003941792
-0.003925927
-0.003912265
-0.003897832
-0.003889004
-0.003880982
-0.003877125
-0.00388705
-0.003899759
-0.003915843
-0.003935298
-0.003953463
-0.003976692
-0.003996592
-0.004018115
-0.004049556
-0.004078581
-0.004104036
-0.004117048
-0.004108328
-0.004089898
-0.004068682
-0.004045965
-0.004022051
-0.003995208
-0.003966239
-0.003932378
-0.003888481
-0.003839181
-0.003791372
-0.003738528
-0.003675313
-0.003599897
-0.003510353
-0.00341521
-0.003318499
-0.003220153
-0.003119858
-0.003007525
-0.002883063
-0.002752731
-0.00261876
-0.002491019
-0.002372404
-0.002256693
-0.0021416
-0.002022896
-0.001899353
-0.001774689
-0.001651016
-0.00153261
-0.001422755
-0.001318752
-0.001218741
-0.001122208
-0.001027329
-0.0009350176
-0.000843988
-0.0007514246
-0.00066078
-0.0005722183
-0.0004866096
-0.0004084605
-0.0003366296
-0.0002739283
-0.0002232905
-0.0001818907
-0.0001494689
-0.0001217983
-9.431671e-05
-6.699951e-05
-3.847586e-05
-8.345743e-06
2.62713e-05
7.156189e-05
0.0001273614
0.0001895874
0.0002582017
0.0003335649
0.0004133503
0.0004956886
0.0005794148
0.0006653114
0.0007513946
0.0008313882
0.0009029974
0.0009659555
0.001021934
0.001074578
0.001120088
0.001155611
0.001184496
0.001207989
0.001225676
0.001235777
0.001239576
0.001240561
0.001238587
0.0012368
0.001239423
0.00124604
0.00125515
0.001266107
0.001279002
0.001294265
0.001310482
0.001325508
0.00134142
0.001361851
0.001385734
0.001408897
0.001428167
0.001442357
0.001451021
0.001456422
0.001466339
0.001485747
0.00150986
0.001531663
0.001547974
0.001560518
0.001574312
0.001591695
0.001610046
0.001624139
0.001631996
0.001637682
0.001642774
0.001643044
0.001636173
0.001624381
0.001609593
0.001591604
0.00157064
0.001546986
0.001520133
0.001489401
0.001456179
0.001424011
0.001394402
0.001367319
0.001340406
0.00130901
0.001270582
0.001220519
0.001153734
0.00107312
0.0009858616
0.0008968407
0.0008058329
0.0007086399
0.0006035866
0.0004924607
0.0003801401
0.0002749931
0.000180576
9.292335e-05
9.03143e-06
-7.114082e-05
-0.0001484788
-0.0002255822
-0.000304361
-0.0003829417
-0.000456254
-0.0005219871
-0.0005805619
-0.0006318588
-0.0006777135
-0.0007205433
-0.0007611673
-0.0007992439
-0.000834219
-0.0008678831
-0.0009013063
-0.0009335452
-0.0009624696
-0.0009840674
-0.0009972723
-0.001005537
-0.001012278
-0.001016128
-0.001013215
-0.001004457
-0.0009934664
-0.0009820862
-0.0009708965
-0.0009598762
-0.0009488671
-0.000936554
-0.0009222874
-0.0009082696
-0.0008948961
-0.000881417
-0.0008703403
-0.0008634604
-0.0008580195
-0.0008491119
-0.0008352275
-0.0008181221
-0.0007990054
-0.0007785763
-0.0007570842
-0.0007334654
-0.0007065816
-0.0006778886
-0.0006490796
-0.0006193381
-0.0005884048
-0.0005558824
-0.0005208353
-0.0004838593
-0.0004445376
-0.0004017821
-0.0003561731
-0.000308478
-0.0002587724
-0.0002063035
-0.0001519693
-9.848011e-05
-4.626498e-05
7.500935e-06
6.480983e-05
0.0001235517
0.0001824376
0.0002440972
0.0003100115
0.0003814918
0.0004600345
0.0005438925
0.0006308647
0.0007196016
0.0008091663
0.0009004312
0.0009963278
0.001099142
0.001206493
0.00131633
0.001427944
0.001536594
0.001637615
0.001730692
0.001817808
0.001900004
0.001975357
0.00204169
0.00209976
0.002152839
0.002202838
0.002248459
0.002287452
0.00231722
0.002336904
0.002349279
0.002357494
0.002363154
0.002367051
0.0023706
0.002375722
0.002383463
0.00239249
0.002401111
0.002410486
0.002420311
0.002427169
0.002428464
0.002422484
0.002410299
0.002395521
0.002379688
0.002362572
0.002343812
0.002322854
0.002299244
0.00227195
0.002240332
0.002207962
0.002180319
0.002160139
0.002145478
0.002129949
0.002109144
0.002081968
0.002049315
0.002015194
0.001983516
0.001957469
0.001937678
0.00192103
0.001905439
0.001891275
0.001878189
0.00186374
0.00184659
0.00182688
0.001804046
0.001778509
0.001750878
0.001720653
0.001687495
0.00165034
0.001607307
0.001557821
0.001503142
0.001446363
0.00139171
0.001342774
0.001300207
0.001263673
0.001233227
0.001207793
0.001186674
0.001168273
0.001149002
0.001125512
0.001097358
0.001065896
0.001030041
0.0009911706
0.0009523929
0.0009128695
0.0008725249
0.0008321011
0.0007922577
0.0007553732
0.0007203494
0.000684571
0.0006489009
0.0006151786
0.0005844283
0.0005568049
0.0005302687
0.0005028827
0.00047613
0.0004527704
0.00043573
0.0004291642
0.0004334973
0.0004428916
0.000452025
0.0004600093
0.0004670464
0.0004713537
0.0004698391
0.0004622962
0.000452407
0.000444308
0.0004358759
0.0004201599
0.0003937033
0.0003558723
0.0003082029
0.0002546608
0.0001969003
0.0001347612
6.762886e-05
-7.38455e-06
-9.323813e-05
-0.000188475
-0.0002891065
-0.0003908046
-0.0004904955
-0.0005904318
-0.0006941799
-0.0008015029
-0.0009127445
-0.001028666
-0.001148334
-0.001269671
-0.001388761
-0.001501594
-0.001607462
-0.001711632
-0.001821314
-0.001938459
-0.002059186
-0.002174713
-0.002278274
-0.002371286
-0.002459321
-0.002546126
-0.002630603
-0.002706817
-0.002768551
-0.002817014
-0.002860034
-0.002904488
-0.002954119
-0.003005896
-0.003052642
-0.003090334
-0.00311815
-0.003138924
-0.003158379
-0.003180433
-0.003204814
-0.003231566
-0.003261716
-0.003291276
-0.003314391
-0.003327297
-0.003328835
-0.003319056
-0.00329627
-0.003260573
-0.003216776
-0.00317201
-0.003129829
-0.003088396
-0.003046597
-0.003004149
-0.002959747
-0.002912987
-0.002862611
-0.002808391
-0.002752413
-0.002694463
-0.002632815
-0.002568238
-0.002503176
-0.002438707
-0.002375368
-0.002313235
-0.002251887
-0.002195613
-0.002153189
-0.002130557
-0.002124676
-0.002126067
-0.002129108
-0.002135179
-0.002145858
-0.002159381
-0.002172414
-0.002180795
-0.002181948
-0.002178504
-0.002175334
-0.002174673
-0.002177165
-0.002184237
-0.002197533
-0.002216111
-0.002234977
-0.002251098
-0.002265699
-0.002277225
-0.002281819
-0.002279849
-0.002273734
-0.002263812
-0.002248506
-0.00222637
-0.00219597
-0.002154954
-0.002102138
-0.002038012
-0.001964356
-0.001884387
-0.001800795
-0.001713833
-0.001620381
-0.001517716
-0.001407059
-0.001291614
-0.001174703
-0.001059567
-0.0009478956
-0.0008403223
-0.0007370711
-0.0006374308
-0.0005417589
-0.0004539547
-0.0003774133
-0.0003091629
-0.0002418444
-0.0001692981
-8.705507e-05
6.675711e-06
0.0001114398
0.0002283211
0.0003589516
0.0005012645
0.0006509481
0.0008037347
0.0009543022
0.001096179
0.001225455
0.001343132
0.001450892
0.001548889
0.001640148
0.00172823
0.001814048
0.001897933
0.001980661
0.002063664
0.002146261
0.002224274
0.002295565
0.002361353
0.002422718
0.002479308
0.002529491
0.002570009
0.002597967
0.002612266
0.002612101
0.002597242
0.002569068
0.002530608
0.00248486
0.002433878
0.002381759
0.002331623
0.002283404
0.002236592
0.002191288
0.002149298
0.002111332
0.002074874
0.00203766
0.001999537
0.001958141
0.001908387
0.00184804
0.001779293
0.001707375
0.001637263
0.00157021
0.001503392
0.001437401
0.001377564
0.001324404
0.001274624
0.001225986
0.001177507
0.001127353
0.00107429
0.001021108
0.0009720757
0.0009311573
0.0008997884
0.0008753321
0.0008535858
0.0008313145
0.0008071134
0.0007827532
0.0007630737
0.0007515691
0.0007488696
0.0007528876
0.0007598141
0.0007649524
0.0007661085
0.0007676393
0.0007727265
0.0007797307
0.0007851255
0.0007852302
0.0007800375
0.0007724889
0.0007676216
0.0007688138
0.0007730802
0.0007769478
0.0007816182
0.0007893809
0.0007985508
0.000804559
0.0008036889
0.0007950922
0.0007838261
0.0007790985
0.0007848906
0.0007953727
0.000802178
0.0008033413
0.000803334
0.0008061433
0.000811959
0.0008194971
0.0008270873
0.0008331588
0.0008371957
0.0008390889
0.0008387703
0.0008384677
0.0008399084
0.0008391766
0.0008316291
0.0008182619
0.0008035501
0.0007873602
0.0007649173
0.0007355902
0.0007024848
0.0006686237
0.0006381677
0.0006171181
0.0006090724
0.0006108037
0.0006181561
0.0006304351
0.0006461534
0.0006610732
0.0006702298
0.0006713411
0.0006633952
0.000644171
0.000616705
0.0005903624
0.0005701204
0.0005529584
0.0005357545
0.0005181684
0.0004988117
0.0004772486
0.0004569417
0.0004416307
0.0004319868
0.0004287151
0.0004353779
0.0004548946
0.0004872292
0.0005327641
0.000591868
0.0006593931
0.0007279793
0.0007959647
0.0008658805
0.000937419
0.00100605
0.00106911
0.00112775
0.001182829
0.001235157
0.001287339
0.001339857
0.001388667
0.001429924
0.001463247
0.001489938
0.001512451
0.001533353
0.001552763
0.001568806
0.00158122
0.001593334
0.001609715
0.001633835
0.00166512
0.001698184
0.001727961
0.001752043
0.001769098
0.001778481
0.001782362
0.001784775
0.001786984
0.001788942
0.001791048
0.001791759
0.001788702
0.001780328
0.001765119
0.001742129
0.001712274
0.001677522
0.001640711
0.00160526
0.00157264
0.001542284
0.001513477
0.001486148
0.001460293
0.001436435
0.001416372
0.001402161
0.001393504
0.001386841
0.001380218
0.00137514
0.001374569
0.001380817
0.001392805
0.001408464
0.001424234
0.001435495
0.001443377
0.001453454
0.001469078
0.001491336
0.001521631
0.00155961
0.001602333
0.00164694
0.001692226
0.001737067
0.001779147
0.001817735
0.001853359
0.001884804
0.001908762
0.001923935
0.00193199
0.001933328
0.001930767
0.001931591
0.001941649
0.001962917
0.001994082
0.002033979
0.002082591
0.002137601
0.002195384
0.002253531
0.002311232
0.002368264
0.002424803
0.002482449
0.002540519
0.002595574
0.002644665
0.002684365
0.002711158
0.002724179
0.002725183
0.002714593
0.002690219
0.002651959
0.002603796
0.002550987
0.002497388
0.00244467
0.002392124
0.002337664
0.002280338
0.002221847
0.002162158
0.002099256
0.002032639
0.001960858
0.001883158
0.001801803
0.001717546
0.00162999
0.001540379
0.00144882
0.001352971
0.001250793
0.001138503
0.001012663
0.0008743283
0.0007278166
0.0005824915
0.0004494118
0.0003320612
0.0002281697
0.0001363361
5.665531e-05
-1.209866e-05
-7.266288e-05
-0.000128568
-0.0001831558
-0.0002376361
-0.0002894926
-0.0003349331
-0.0003732683
-0.0004075229
-0.0004403596
-0.0004715683
-0.0005018799
-0.000535773
-0.0005765356
-0.000624631
-0.000680304
-0.0007447638
-0.0008186709
-0.0009005658
-0.0009872757
-0.001074942
-0.001162065
-0.001251512
-0.001346889
-0.001449486
-0.001556759
-0.001663598
-0.001764645
-0.001856301
-0.00193902
-0.002014375
-0.002081755
-0.002138739
-0.002182174
-0.002212899
-0.002235746
-0.002255871
-0.002278039
-0.002306129
-0.002342609
-0.002387209
-0.002434383
-0.002476797
-0.002512553
-0.002546889
-0.002585835
-0.002629476
-0.002673618
-0.002716026
-0.002758215
-0.002802471
-0.002850745
-0.002904452
-0.002962512
-0.00302323
-0.003085577
-0.003148725
-0.003210321
-0.003266252
-0.003315007
-0.003358391
-0.00339747
-0.003432837
-0.003466984
-0.003499885
-0.003528617
-0.003552378
-0.003569884
-0.003579753
-0.003581651
-0.003574244
-0.003557957
-0.003536001
-0.003512133
-0.003487097
-0.003460163
-0.003434635
-0.003413365
-0.003395667
-0.003381302
-0.003371401
-0.003366137
-0.003361072
-0.003347146
-0.003318723
-0.00327866
-0.003231702
-0.003179425
-0.003122061
-0.003061577
-0.003002208
-0.002946655
-0.002893746
-0.002842157
-0.002793209
-0.002748213
-0.002706733
-0.002668031
-0.002634075
-0.002607852
-0.002589031
-0.002575685
-0.002563776
-0.002548972
-0.00253021
-0.002507486
-0.002480917
-0.002449106
-0.002408597
-0.002357734
-0.002297442
-0.002229747
-0.002156631
-0.002079437
-0.001999947
-0.001920652
-0.001842416
-0.001766282
-0.001695351
-0.001632203
-0.001575786
-0.001521951
-0.001469244
-0.001420975
-0.001378458
-0.001338654
-0.001299217
-0.001258662
-0.001214916
-0.001166391
-0.001110897
-0.001048047
-0.0009788326
-0.0009043074
-0.0008270993
-0.000750107
-0.000674811
-0.0006025175
-0.0005372469
-0.0004811184
-0.0004289208
-0.0003739243
-0.000313835
-0.0002511726
-0.0001883953
-0.0001257802
-6.338546e-05
-3.004194e-09
6.65252e-05
0.0001359382
0.00020708
0.0002825167
0.0003654789
0.0004525181
0.0005379366
0.000621046
0.0007034276
0.0007851878
0.0008644381
0.0009367823
0.0009976655
0.001045998
0.001084826
0.001119168
0.001152589
0.001185574
0.001218267
0.001250154
0.001280493
0.00131034
0.001340176
0.001369039
0.001398868
0.001434693
0.001477925
0.001524872
0.001570357
0.00161077
0.001645932
0.001677863
0.001709429
0.001740932
0.001771053
0.001800127
0.001829883
0.001861901
0.00189595
0.001932435
0.001970533
0.00201015
0.002055367
0.002103824
0.002151081
0.002196057
0.002237107
0.002277048
0.002313845
0.002343341
0.002371425
0.002399939
0.002426585
0.002449489
0.002464786
0.002475186
0.002484667
0.002492745
0.002500355
0.002507448
0.00251214
0.002513007
0.002507375
0.002493121
0.002472808
0.002452094
0.002436308
0.002427152
0.002422162
0.002421271
0.002425718
0.002434989
0.002450909
0.00247277
0.002496622
0.00252141
0.002547199
0.002575295
0.002606861
0.002640869
0.002678636
0.002720206
0.002762556
0.00280601
0.002849725
0.00289099
0.002929327
0.002965038
0.003002602
0.003045444
0.0030907
0.003136112
0.003180019
0.003220426
0.003257468
0.003290627
0.003318468
0.003340432
0.003355481
0.003363014
0.003363835
0.003358465
0.003347694
0.003333145
0.003316835
0.003301279
0.003286855
0.003272488
0.003257329
0.003238084
0.003210812
0.003173195
0.003124143
0.003067846
0.003011423
0.002958113
0.002908312
0.002861094
0.002814727
0.002771316
0.002734186
0.002702461
0.002674014
0.002646774
0.002616518
0.002579828
0.002538402
0.002498554
0.002465585
0.002439944
0.002417538
0.002392506
0.002361358
0.002324981
0.00228638
0.0022471
0.002205008
0.00215638
0.002098334
0.002031113
0.001957534
0.001880461
0.001802081
0.001723744
0.001645693
0.001564614
0.001475689
0.001377179
0.001268579
0.001151537
0.001028083
0.0008984764
0.0007636688
0.0006255372
0.0004856567
0.0003479475
0.0002190513
0.0001021414
-4.835578e-06
-0.0001048814
-0.0002006552
-0.0002938509
-0.0003854885
-0.0004772833
-0.0005709648
-0.0006637862
-0.000749895
-0.0008270053
-0.0008964643
-0.000960221
-0.00102056
-0.001078679
-0.001134487
-0.001187533
-0.001239548
-0.001294251
-0.001353534
-0.00141748
-0.001486439
-0.00155873
-0.001630746
-0.001701288
-0.001771353
-0.001839725
-0.001903985
-0.001965696
-0.002029658
-0.002095678
-0.002160172
-0.00222291
-0.002284933
-0.002345204
-0.002402531
-0.002457577
-0.002511119
-0.002564054
-0.002617388
-0.002670013
-0.002721643
-0.002773295
-0.002826624
-0.002882094
-0.002936302
-0.002988068
-0.003038893
-0.003086584
-0.003128143
-0.003161858
-0.003186833
-0.003202493
-0.003207937
-0.003204383
-0.003193911
-0.003176918
-0.003152584
-0.003120565
-0.003083032
-0.003041184
-0.002994345
-0.002944352
-0.002894551
-0.002845367
-0.002795258
-0.002744459
-0.002695966
-0.002654309
-0.002623393
-0.002604385
-0.002595206
-0.002591507
-0.002587847
-0.002580848
-0.00257136
-0.002561909
-0.002555035
-0.002550733
-0.002545971
-0.002540581
-0.002537594
-0.00253814
-0.002540965
-0.002545964
-0.002554276
-0.002563842
-0.002570017
-0.002569802
-0.002563779
-0.002553118
-0.002536152
-0.002511369
-0.002480444
-0.002446719
-0.002411855
-0.002375258
-0.002336232
-0.002294733
-0.002249339
-0.002196376
-0.002133441
-0.002062276
-0.001987576
-0.001912696
-0.00183838
-0.001765867
-0.001696833
-0.001633047
-0.001576123
-0.001526196
-0.001484307
-0.001452809
-0.001432629
-0.001422196
-0.001417739
-0.001415093
-0.0014102
-0.001401702
-0.001392196
-0.001383782
-0.00137812
-0.00137714
-0.001380752
-0.001386737
-0.001392678
-0.001398227
-0.001402981
-0.001406041
-0.001409913
-0.001419677
-0.001437234
-0.001457535
-0.001473317
-0.001482285
-0.001486916
-0.001490935
-0.001497008
-0.001504742
-0.001512172
-0.001518681
-0.001523772
-0.001526439
-0.001527007
-0.001527563
-0.001530176
-0.001534966
-0.001540614
-0.001548178
-0.001562423
-0.001586015
-0.001615424
-0.00164401
-0.001668673
-0.00169247
-0.001719358
-0.001749602
-0.001782201
-0.001815276
-0.001844983
-0.001868893
-0.001884573
-0.001892865
-0.001900049
-0.001908703
-0.001918533
-0.001928794
-0.001937645
-0.001944009
-0.001945386
-0.001939863
-0.001928423
-0.001912684
-0.001893887
-0.001872203
-0.001844807
-0.001808048
-0.001762413
-0.001710216
-0.001652449
-0.001591139
-0.001529101
-0.00146684
-0.001401457
-0.00132921
-0.001249961
-0.001168109
-0.001088632
-0.001014067
-0.0009436347
-0.0008758552
-0.0008111982
-0.0007506964
-0.0006956296
-0.0006468716
-0.0006036952
-0.0005648056
-0.0005311549
-0.0005060877
-0.0004901551
-0.000482545
-0.0004840225
-0.0004938495
-0.0005104505
-0.0005339003
-0.000565707
-0.0006057592
-0.0006500297
-0.0006940075
-0.0007373348
-0.0007834685
-0.0008368186
-0.000899553
-0.0009678436
-0.001036764
-0.001105406
-0.001169061
-0.001225948
-0.001283811
-0.001344268
-0.001409175
-0.001484596
-0.00157171
-0.001673131
-0.001785451
-0.001905214
-0.002034122
-0.002164052
-0.002289708
-0.002410431
-0.002522217
-0.002624804
-0.002715176
-0.002786989
-0.00283746
-0.002868941
-0.002887168
-0.002896556
-0.002899652
-0.002898305
-0.002895074
-0.002889778
-0.002881677
-0.002872724
-0.002861489
-0.002846454
-0.002826626
-0.002801284
-0.002772975
-0.002739239
-0.002700017
-0.002663045
-0.002629973
-0.002599261
-0.002568343
-0.002530744
-0.002484085
-0.002429285
-0.002367468
-0.002299613
-0.002227341
-0.002153617
-0.002079839
-0.0020059
-0.001932043
-0.00185913
-0.001786902
-0.001715811
-0.001648235
-0.001585997
-0.001530373
-0.001478448
-0.001427029
-0.00137767
-0.001328912
-0.001278158
-0.001226564
-0.001173586
-0.001117715
-0.001055892
-0.000984234
-0.0009035849
-0.0008172336
-0.0007304152
-0.0006495051
-0.0005776782
-0.0005172831
-0.0004682927
-0.0004265391
-0.000389322
-0.0003564138
-0.0003274903
-0.0003024517
-0.0002824738
-0.0002700554
-0.0002661817
-0.0002681473
-0.0002725444
-0.0002788549
-0.0002870622
-0.0002975388
-0.0003102327
-0.0003229767
-0.0003357261
-0.0003488065
-0.0003622228
-0.0003777739
-0.0003957549
-0.0004161804
-0.0004381361
-0.0004596935
-0.0004807535
-0.0005018736
-0.0005232772
-0.0005440034
-0.0005621997
-0.0005752056
-0.000581497
-0.0005841484
-0.0005881472
-0.0005988612
-0.0006182834
-0.0006435823
-0.0006723763
-0.0007021709
-0.0007289181
-0.0007483936
-0.0007607833
-0.0007707313
-0.0007788659
-0.0007827521
-0.0007807914
-0.0007718592
-0.0007566587
-0.0007375224
-0.0007157311
-0.0006903469
-0.0006587913
-0.0006194434
-0.0005754691
-0.0005321205
-0.0004908525
-0.0004516752
-0.0004130444
-0.0003708071
-0.000324058
-0.000274854
-0.0002236345
-0.0001702202
-0.0001141981
-5.617976e-05
1.277898e-06
5.611049e-05
0.000107955
0.0001592125
0.0002148201
0.0002775087
0.000344796
0.0004126629
0.0004793791
0.0005433759
0.0006052282
0.0006686938
0.0007366464
0.0008095418
0.0008841312
0.0009558073
0.001022792
0.001084962
0.001144448
0.001204393
0.001263901
0.001320282
0.001373276
0.001423961
0.001473712
0.001521922
0.001566507
0.001606233
0.001641773
0.001675141
0.001707153
0.001737609
0.001767336
0.001799687
0.001837069
0.001877111
0.00191854
0.001962498
0.002008723
0.002056946
0.002107415
0.002159359
0.002210105
0.002255329
0.00229259
0.002322197
0.002344832
0.002360798
0.002370764
0.002377169
0.002382302
0.002384315
0.002379635
0.002367065
0.002348499
0.002326987
0.002303898
0.002278479
0.00224948
0.002217807
0.002185994
0.002153609
0.002118287
0.00208162
0.002047212
0.002013984
0.001978602
0.001940432
0.001900869
0.00186156
0.001823484
0.001787799
0.001755783
0.001726986
0.001700459
0.001675381
0.001649231
0.001621641
0.001595901
0.001572995
0.001551524
0.001530797
0.001510201
0.001488117
0.001463402
0.001437515
0.001413426
0.00139189
0.001372079
0.001355543
0.001343209
0.001334333
0.00132899
0.001327336
0.001329606
0.001334254
0.001337981
0.00133912
0.001339781
0.001344019
0.001353251
0.001365067
0.001374888
0.00138101
0.001386824
0.001397505
0.001416327
0.001442187
0.001473023
0.001506538
0.001538572
0.001568025
0.001597389
0.001627564
0.001655798
0.001676663
0.001687457
0.001692256
0.001695134
0.001695131
0.001690317
0.001680499
0.00166675
0.001649569
0.001629166
0.001606817
0.001582845
0.001556366
0.001528482
0.001503897
0.001485036
0.001469343
0.001455061
0.001441796
0.001428897
0.001412648
0.001387686
0.001353655
0.00131223
0.001265998
0.001218643
0.001171761
0.001125031
0.001076789
0.001027849
0.0009824046
0.0009450683
0.0009185688
0.0009000478
0.0008850348
0.0008726545
0.0008614599
0.0008472134
0.000827791
0.0008043529
0.0007778977
0.0007476499
0.0007125463
0.0006736647
0.0006346254
0.0005997262
0.0005698284
0.0005412532
0.0005105868
0.0004761424
0.0004362395
0.0003884088
0.0003324128
0.0002740608
0.0002217821
0.000179207
0.0001439791
0.0001141229
8.956047e-05
7.01144e-05
5.682428e-05
5.047491e-05
5.052972e-05
5.483943e-05
6.011327e-05
6.500135e-05
7.169213e-05
8.059854e-05
8.769718e-05
9.202213e-05
9.540194e-05
9.88969e-05
0.0001030996
0.0001058741
0.000106122
0.0001056134
0.0001059077
0.0001068886
0.0001084412
0.0001111152
0.0001129017
0.0001117716
0.0001059337
9.337489e-05
7.516215e-05
5.405962e-05
3.209903e-05
6.900419e-06
-2.403006e-05
-5.883339e-05
-9.639167e-05
-0.0001389093
-0.0001886165
-0.0002424423
-0.0002951285
-0.0003445714
-0.000390776
-0.0004362213
-0.000485238
-0.0005408753
-0.0006024459
-0.0006687188
-0.0007413065
-0.0008202168
-0.0009020234
-0.0009835347
-0.001061269
-0.001130149
-0.001187908
-0.001237179
-0.001281223
-0.001321648
-0.001357159
-0.001384085
-0.001399779
-0.001403854
-0.001398613
-0.001387243
-0.001371248
-0.001353018
-0.001336859
-0.001324925
-0.001314902
-0.001303351
-0.00128967
-0.001275859
-0.001265415
-0.001261327
-0.001263865
-0.001271114
-0.00127977
-0.001287678
-0.001296369
-0.001306774
-0.001314535
-0.001316057
-0.001313501
-0.001309524
-0.001305511
-0.001303795
-0.001304565
-0.001303114
-0.001293228
-0.001273368
-0.001248801
-0.001224598
-0.00120117
-0.001176996
-0.001150547
-0.001120745
-0.001086494
-0.001049225
-0.001013359
-0.000982657
-0.0009584646
-0.0009389323
-0.0009198205
-0.0008953582
-0.0008615055
-0.0008182406
-0.0007669218
-0.0007097203
-0.0006490403
-0.0005842826
-0.0005130158
-0.0004344677
-0.0003501055
-0.0002623557
-0.0001736931
-8.596151e-05
-9.443101e-07
7.968911e-05
0.000154032
0.000219537
0.000278331
0.0003377097
0.00040097
0.0004660597
0.000530217
0.0005901476
0.0006430055
0.0006892002
0.0007313699
0.0007720147
0.0008115583
0.0008488178
0.0008834807
0.0009169784
0.0009516305
0.0009897573
0.001034052
0.001086328
0.001147017
0.001217552
0.00129877
0.001387194
0.001476145
0.001561797
0.001643414
0.001718902
0.001786021
0.001844662
0.001894752
0.001934315
0.001962654
0.001981754
0.001992646
0.001995914
0.001992429
0.001981449
0.00196204
0.001933374
0.001897046
0.001859857
0.001826584
0.00179678
0.001770293
0.001747888
0.001727361
0.001704551
0.001678236
0.001648327
0.00161405
0.001573883
0.001523971
0.001461243
0.001385214
0.001297272
0.001201894
0.001103931
0.001004014
0.0008999576
0.0007908234
0.0006771884
0.0005603318
0.000441497
0.0003236436
0.0002122546
0.0001115489
2.248196e-05
-5.686306e-05
-0.0001288601
-0.0001936132
-0.000251317
-0.0003028351
-0.0003491982
-0.0003916712
-0.0004291505
-0.0004616218
-0.0004939132
-0.0005308998
-0.0005751325
-0.0006269446
-0.0006842569
-0.0007452277
-0.0008092465
-0.0008752985
-0.0009441843
-0.001017712
-0.001092803
-0.001163119
-0.001223487
-0.001269701
-0.001300786
-0.001320789
-0.001334459
-0.001342076
-0.001341053
-0.001329644
-0.001307886
-0.001277868
-0.001242728
-0.001205826
-0.001169857
-0.001136062
-0.001106412
-0.001082998
-0.001065544
-0.001053159
-0.001045535
-0.001042087
-0.001042263
-0.001045094
-0.001048865
-0.001052717
-0.001056395
-0.001060039
-0.001064701
-0.001069886
-0.001073539
-0.001073625
-0.001068649
-0.001059203
-0.001046092
-0.001028211
-0.001004087
-0.0009718007
-0.0009300697
-0.0008805737
-0.0008246637
-0.0007627706
-0.0006964964
-0.0006244966
-0.0005443976
-0.0004574352
-0.0003658442
-0.0002730273
-0.0001828304
-9.609021e-05
-9.440622e-06
8.121224e-05
0.0001739929
0.00026185
0.0003395468
0.0004070078
0.0004665377
0.0005198939
0.0005705359
0.0006232266
0.0006799831
0.0007395602
0.000799362
0.0008576229
0.0009128773
0.0009620701
0.001003657
0.00103857
0.001066355
0.001083859
0.001088391
0.001080812
0.001064515
0.001042757
0.001017532
0.000991746
0.0009669391
0.0009406753
0.0009123038
0.0008818061
0.0008469803
0.0008091127
0.0007721601
0.0007370439
0.0007010563
0.0006610407
0.00061532
0.0005636985
0.0005095931
0.000458999
0.0004133711
0.0003685407
0.0003198858
0.0002634938
0.0001969584
0.0001229643
4.842985e-05
-2.048683e-05
-8.23582e-05
-0.0001374248
-0.0001846086
-0.0002234311
-0.0002543924
-0.0002779963
-0.0002943169
-0.0003065166
-0.0003199985
-0.0003366945
-0.0003567328
-0.0003797478
-0.0004053579
-0.0004353722
-0.0004731198
-0.0005198661
-0.0005734748
-0.0006322165
-0.0006960185
-0.0007639421
-0.0008349343
-0.0009086279
-0.0009833897
-0.001056212
-0.001124482
-0.001186404
-0.001241582
-0.001291537
-0.001338469
-0.001383546
-0.001425511
-0.001461112
-0.001490491
-0.001518028
-0.001547564
-0.001580889
-0.001617689
-0.001657335
-0.001700901
-0.001749899
-0.001804648
-0.001862968
-0.001921444
-0.00197583
-0.002021556
-0.002055612
-0.002076758
-0.002088393
-0.002098243
-0.002112664
-0.002133225
-0.002157277
-0.002180752
-0.002200262
-0.002214799
-0.002225739
-0.002235344
-0.002244951
-0.002254961
-0.002265382
-0.002275631
-0.002285074
-0.002291812
-0.002294817
-0.002296539
-0.002298415
-0.002300564
-0.002306072
-0.002318899
-0.002341308
-0.002373168
-0.002410589
-0.002449122
-0.00248725
-0.002526741
-0.002570671
-0.002619007
-0.002666974
-0.00270922
-0.002743429
-0.002768453
-0.002783837
-0.002791221
-0.002792958
-0.002791453
-0.002791176
-0.002799308
-0.002822193
-0.002863083
-0.002922399
-0.002998859
-0.003091176
-0.003196558
-0.003310504
-0.003428885
-0.003547652
-0.003661435
-0.003765284
-0.003856556
-0.003932126
-0.003989022
-0.004029043
-0.004056659
-0.004072684
-0.004075578
-0.004065255
-0.004042626
-0.004010866
-0.003974208
-0.003937332
-0.003903537
-0.003871898
-0.003841922
-0.003813221
-0.003783258
-0.003751137
-0.003718236
-0.003685362
-0.003650535
-0.003611485
-0.003567938
-0.003521807
-0.003475531
-0.003430673
-0.003388965
-0.003351333
-0.003315605
-0.003278785
-0.003240382
-0.00320055
-0.00315707
-0.003108295
-0.003055328
-0.002998135
-0.002934755
-0.002864977
-0.002787792
-0.002700364
-0.002602346
-0.002496977
-0.002388232
-0.002278177
-0.00216578
-0.002049437
-0.001928766
-0.001804885
-0.001679958
-0.001555547
-0.001432959
-0.001315703
-0.001208171
-0.001112458
-0.001027097
-0.0009496382
-0.0008788029
-0.0008127869
-0.0007482288
-0.0006840472
-0.0006185477
-0.0005479138
-0.0004725704
-0.0003963447
-0.0003224429
-0.0002532486
-0.0001892912
-0.0001308486
-7.599397e-05
-2.058519e-05
3.499e-05
8.656764e-05
0.0001330144
0.0001765923
0.0002205885
0.0002680826
0.0003227289
0.0003874494
0.0004623692
0.0005459486
0.0006366367
0.00073132
0.0008258327
0.0009179979
0.001008548
0.001098114
0.001184126
0.001263329
0.00133553
0.001401471
0.001462639
0.001521636
0.001580636
0.001641929
0.001709034
0.001783994
0.001866746
0.001956919
0.002054279
0.002157362
0.002265673
0.002381634
0.002505862
0.002634829
0.002763158
0.002886093
0.003002591
0.003113169
0.003219087
0.003321368
0.003418802
0.003509144
0.003590595
0.003664482
0.003733699
0.003797887
0.003855129
0.003904909
0.003950272
0.003995142
0.004041528
0.004089423
0.004136114
0.004178648
0.00421902
0.004263919
0.004316346
0.004372444
0.004428021
0.004480227
0.00452802
0.004572891
0.004616571
0.004658562
0.004694445
0.004719544
0.004732401
0.004731069
0.004715519
0.004691921
0.004667101
0.004642824
0.004617524
0.004593424
0.00457747
0.004573793
0.004582415
0.004600229
0.004622279
0.004645302
0.004668709
0.00469438
0.004726122
0.004767303
0.004815442
0.004862761
0.004904643
0.004940543
0.004970788
0.004996302
0.005016663
0.005030622
0.005038344
0.005039343
0.005034047
0.005025062
0.00501579
0.005009425
0.005003313
0.00499019
0.004968139
0.004940554
0.004907969
0.004868685
0.004823281
0.00477369
0.004722524
0.004673329
0.004629629
0.004593683
0.004567938
0.004554647
0.004551784
0.004556096
0.00456601
0.004578858
0.004592886
0.004608552
0.004626669
0.004647835
0.004668603
0.004682289
0.00468549
0.004679328
0.004663524
0.004636224
0.0046006
0.004558999
0.004510887
0.004459309
0.004405109
0.004346853
0.004286839
0.004229275
0.004177375
0.004132929
0.004093634
0.00405374
0.004012086
0.003970412
0.003926954
0.003879839
0.003829627
0.00377761
0.00372338
0.003665359
0.003602835
0.00353451
0.003459075
0.003380345
0.00330433
0.003232319
0.003162269
0.003092364
0.003021047
0.002947645
0.002871578
0.002792428
0.002710363
0.002624201
0.002532072
0.002432905
0.002327882
0.00222048
0.002113313
0.002010035
0.001915631
0.001833385
0.001763261
0.001702378
0.001648235
0.001602012
0.001566837
0.001543576
0.001532433
0.001534356
0.001547596
0.001567839
0.001591046
0.001615508
0.001642981
0.001677006
0.00171799
0.001762026
0.00180389
0.001841685
0.001876444
0.00190972
0.001942949
0.001973283
0.001997665
0.002017614
0.002034526
0.002047343
0.002054117
0.002056203
0.002054629
0.002047624
0.002035908
0.002021787
0.002005287
0.001984106
0.001956789
0.001923362
0.001883048
0.001836309
0.001785183
0.001730769
0.001674369
0.001618075
0.001563377
0.001510335
0.001455013
0.001394184
0.001328149
0.00125737
0.001183137
0.001107074
0.001028922
0.000945406
0.0008541618
0.0007592207
0.0006648936
0.0005693761
0.0004682743
0.0003610677
0.0002506639
0.0001417638
3.987581e-05
-5.230762e-05
-0.0001353845
-0.0002119847
-0.0002842952
-0.0003521365
-0.0004168186
-0.0004816618
-0.0005485861
-0.0006169842
-0.0006853483
-0.0007524632
-0.0008195708
-0.0008904201
-0.0009662296
-0.001043684
-0.001118893
-0.001188913
-0.001252301
-0.001308182
-0.001355716
-0.001395242
-0.001426748
-0.001450229
-0.001468328
-0.001483987
-0.001498495
-0.00151241
-0.001527484
-0.001546784
-0.001571209
-0.001599502
-0.001632129
-0.001670006
-0.001711143
-0.001751816
-0.001789423
-0.00182172
-0.001846736
-0.001865224
-0.001879979
-0.001893111
-0.001906153
-0.00191955
-0.001931731
-0.001941413
-0.001950921
-0.001962909
-0.001977605
-0.001994722
-0.002010903
-0.00202156
-0.002025588
-0.00202411
-0.002021351
-0.002022584
-0.002028968
-0.002035733
-0.002036135
-0.002028013
-0.002013049
-0.001991352
-0.001959658
-0.001915006
-0.001856457
-0.00178388
-0.001701283
-0.001614817
-0.001527736
-0.001441849
-0.0013578
-0.001276774
-0.001202376
-0.001137773
-0.001082638
-0.001032573
-0.0009843512
-0.000937923
-0.0008941116
-0.0008547079
-0.0008196555
-0.0007875805
-0.0007589585
-0.0007356062
-0.0007194565
-0.0007104089
-0.0007076083
-0.0007109903
-0.0007190513
-0.0007295662
-0.0007428161
-0.0007601553
-0.000779681
-0.0007969497
-0.0008092658
-0.000817185
-0.0008235737
-0.0008306528
-0.0008390555
-0.0008502471
-0.0008636977
-0.0008754629
-0.0008832633
-0.0008886412
-0.0008953102
-0.0009058772
-0.0009200253
-0.0009356015
-0.0009513785
-0.0009670314
-0.0009817759
-0.0009940901
-0.001000409
-0.0009979185
-0.0009879918
-0.0009742255
-0.000958557
-0.0009421637
-0.0009271718
-0.0009133472
-0.0008997923
-0.0008880891
-0.0008785542
-0.0008697147
-0.0008610956
-0.0008525589
-0.0008460458
-0.0008439373
-0.0008447247
-0.000847035
-0.0008511437
-0.0008563208
-0.0008617734
-0.0008685738
-0.0008783367
-0.0008895866
-0.0008985293
-0.0009030769
-0.0009025841
-0.0008960163
-0.0008851401
-0.0008747012
-0.0008679559
-0.0008647485
-0.0008615868
-0.0008557154
-0.0008473977
-0.000837676
-0.0008294787
-0.0008269321
-0.0008313141
-0.0008404369
-0.0008482307
-0.0008471914
-0.0008346987
-0.0008133013
-0.0007874142
-0.0007606558
-0.0007331916
-0.0007022675
-0.0006641231
-0.0006180605
-0.0005674729
-0.0005140682
-0.0004573181
-0.0003986269
-0.00034054
-0.0002846626
-0.0002315198
-0.0001813405
-0.0001347538
-9.096642e-05
-4.792086e-05
-5.953883e-06
3.267313e-05
6.617127e-05
9.408171e-05
0.0001171628
0.0001372956
0.0001564218
0.0001755594
0.0001964698
0.0002224953
0.0002556026
0.0002915449
0.0003240101
0.0003529092
0.0003803449
0.0004069298
0.0004336236
0.0004610633
0.0004892256
0.0005162192
0.0005392591
0.0005587309
0.0005764129
0.0005928461
0.0006074648
0.0006192757
0.0006270634
0.000630986
0.0006365246
0.0006494664
0.0006697338
0.0006958415
0.0007290793
0.0007717814
0.0008238288
0.0008852435
0.0009570604
0.001038552
0.001128028
0.001221955
0.00131518
0.001404525
0.001489856
0.001574497
0.001662047
0.001751316
0.001839691
0.001925807
0.002008206
0.002085913
0.002156373
0.002217886
0.002271382
0.002317199
0.00235526
0.002386687
0.002413507
0.002437339
0.002460701
0.002485939
0.002512384
0.002539491
0.002567438
0.002595432
0.002622113
0.002645627
0.002665992
0.00268519
0.002703909
0.002722707
0.002742763
0.002761976
0.002775875
0.002782939
0.002783333
0.002776142
0.002762161
0.002744663
0.002727018
0.002711388
0.002699067
0.002690858
0.002685705
0.002680802
0.002673747
0.00266361
0.002650815
0.00263737
0.002626701
0.002618921
0.002609537
0.002595237
0.002576766
0.002555942
0.002531513
0.002499991
0.002460008
0.002412898
0.002360166
0.00230299
0.002244078
0.002185826
0.002129798
0.002077851
0.00203054
0.001987636
0.001948781
0.001914542
0.001887965
0.00186922
0.001854401
0.001842134
0.001833861
0.001829325
0.001828579
0.001835053
0.001849547
0.001867206
0.001883019
0.00189471
0.001901974
0.001903512
0.001898794
0.001888389
0.001870864
0.001845771
0.001813979
0.001775868
0.001733156
0.001688917
0.001645356
0.00160172
0.001556508
0.001510905
0.001466631
0.001422202
0.001375347
0.001324115
0.001268892
0.001213602
0.0011609
0.001111644
0.001065571
0.001022902
0.0009858914
0.0009562798
0.0009364969
0.0009276774
0.0009280315
0.0009349912
0.0009477686
0.0009668245
0.0009914296
0.001020573
0.001051768
0.001080327
0.001101279
0.001112012
0.001113244
0.001106875
0.001095715
0.001080637
0.001060069
0.00103179
0.0009943292
0.0009462634
0.0008866981
0.0008180316
0.0007434611
0.000666001
0.0005893607
0.0005144461
0.0004386958
0.0003613537
0.0002855411
0.0002124477
0.0001410692
6.932858e-05
-4.434242e-06
-7.992353e-05
-0.0001565883
-0.0002330512
-0.0003089914
-0.0003840178
-0.0004549108
-0.0005193641
-0.0005761647
-0.0006264173
-0.0006732607
-0.0007180227
-0.0007606829
-0.0008043827
-0.0008570217
-0.000924098
-0.001004791
-0.001098886
-0.001207639
-0.001330878
-0.001466964
-0.001611692
-0.001758358
-0.001900103
-0.00203183
-0.002152743
-0.002265647
-0.002374159
-0.002480092
-0.002583222
-0.002681215
-0.00277125
-0.002853617
-0.002931452
-0.003008976
-0.003088728
-0.003168238
-0.00324356
-0.003312247
-0.003372698
-0.003425516
-0.003475587
-0.003526891
-0.00357758
-0.003623343
-0.003661492
-0.003691781
-0.003715301
-0.003731741
-0.003740474
-0.003743461
-0.003742422
-0.003736464
-0.00372552
-0.003710668
-0.003694561
-0.003679768
-0.003666983
-0.003656715
-0.003649477
-0.003646655
-0.003649766
-0.003659762
-0.003677626
-0.003703514
-0.003735258
-0.003768068
-0.003798688
-0.003825329
-0.003847543
-0.003866811
-0.003884067
-0.003900555
-0.003916585
-0.003931409
-0.003946234
-0.00396267
-0.003980686
-0.003997477
-0.004009544
-0.004016684
-0.004019614
-0.004017998
-0.004011817
-0.004000409
-0.003982836
-0.003956957
-0.003920778
-0.003876439
-0.003827771
-0.003776181
-0.003719857
-0.003655857
-0.00358314
-0.003505225
-0.003427393
-0.003351405
-0.003275778
-0.00319838
-0.003119983
-0.003043957
-0.002972841
-0.002906884
-0.00284482
-0.002785166
-0.002726523
-0.002669553
-0.002616696
-0.002570112
-0.002530135
-0.002495066
-0.00246176
-0.002427862
-0.002395243
-0.002366588
-0.002344041
-0.002331558
-0.00233021
-0.002335479
-0.002341604
-0.002344632
-0.00234378
-0.002341223
-0.002338516
-0.002336038
-0.002334385
-0.002334602
-0.002337909
-0.002343436
-0.002350446
-0.002362458
-0.002384337
-0.002417201
-0.002459176
-0.002508814
-0.00256533
-0.002628139
-0.002696869
-0.00277203
-0.002853968
-0.002940991
-0.003030842
-0.003119456
-0.003202919
-0.003280999
-0.003353426
-0.003419315
-0.003479333
-0.003534312
-0.003583061
-0.003622852
-0.003652955
-0.003675011
-0.003691945
-0.003705689
-0.003714896
-0.003720248
-0.003725716
-0.003732936
-0.003742132
-0.003753426
-0.003764073
-0.00377039
-0.003773208
-0.003776324
-0.003781825
-0.003792108
-0.003807694
-0.003823027
-0.003832136
-0.003832797
-0.003826642
-0.00381858
-0.003811834
-0.003805744
-0.003797461
-0.003782713
-0.003757763
-0.003722996
-0.003680489
-0.003632511
-0.003586132
-0.003547012
-0.003513122
-0.003483187
-0.003458374
-0.003438499
-0.003423125
-0.003412841
-0.003407926
-0.003405439
-0.0034015
-0.003394162
-0.003383003
-0.003370082
-0.003356524
-0.003341011
-0.00332288
-0.003301394
-0.003276177
-0.003249599
-0.003223967
-0.003199508
-0.003177691
-0.003160004
-0.00314308
-0.003123211
-0.003101342
-0.003081027
-0.003065292
-0.003054817
-0.003047795
-0.003042023
-0.003035119
-0.003024538
-0.003008599
-0.002985346
-0.002950882
-0.0029027
-0.002842883
-0.002775319
-0.002702185
-0.002624392
-0.002541881
-0.002455083
-0.002365825
-0.002274073
-0.002177318
-0.002074783
-0.001967563
-0.001857148
-0.001746501
-0.00163967
-0.001536741
-0.001436021
-0.001337682
-0.001241585
-0.001148362
-0.001060073
-0.0009802016
-0.0009112594
-0.0008515641
-0.0007997823
-0.0007551615
-0.0007167594
-0.000683322
-0.0006515067
-0.0006173789
-0.0005792764
-0.0005382718
-0.0004950517
-0.0004481782
-0.000396466
-0.0003383468
-0.0002720179
-0.000197554
-0.0001185328
-4.132453e-05
2.962297e-05
9.554231e-05
0.000160501
0.0002254873
0.0002877565
0.0003455559
0.0003981779
0.0004446883
0.0004853646
0.0005225573
0.0005577744
0.0005895627
0.0006157122
0.0006338409
0.0006410108
0.0006365603
0.0006224913
0.0006026088
0.0005797221
0.000554787
0.0005298151
0.0005082574
0.0004925586
0.0004827384
0.0004780752
0.0004780721
0.0004827943
0.0004966024
0.0005258099
0.0005723843
0.000632236
0.0006989386
0.0007684492
0.0008390319
0.0009101646
0.0009826828
0.001056118
0.001128759
0.001199023
0.001266918
0.001334673
0.001403816
0.001473224
0.001541529
0.001609627
0.001679052
0.001749577
0.001820785
0.00189224
0.001963004
0.002031988
0.002099467
0.00216596
0.002231324
0.002296828
0.002364014
0.002433106
0.002503898
0.002575679
0.002648632
0.002722431
0.002794335
0.002860899
0.002919678
0.002969725
0.003012781
0.003052048
0.003087317
0.003115229
0.003135251
0.003151295
0.003168282
0.00318884
0.003215216
0.003249017
0.003288897
0.003331525
0.00337474
0.003418837
0.003463548
0.003508653
0.003553118
0.003592105
0.003621182
0.003638769
0.003648831
0.003658094
0.003668829
0.003680581
0.00369205
0.003701986
0.003710331
0.003717138
0.003721883
0.003721576
0.00371372
0.00369999
0.003683878
0.00366707
0.003648232
0.003626149
0.003602508
0.003579279
0.003556536
0.003534013
0.003512466
0.003492606
0.003472841
0.00345041
0.003423007
0.003388759
0.003347322
0.003300264
0.003251563
0.003205419
0.003163167
0.003124129
0.003088135
0.003055526
0.003025889
0.002999348
0.002975017
0.002951482
0.002928249
0.002903058
0.002874875
0.002846226
0.002816946
0.002782558
0.002740567
0.002692801
0.002643841
0.002598827
0.00256007
0.002525222
0.002488773
0.002447977
0.002404016
0.002357965
0.002309284
0.002257815
0.002206755
0.002159528
0.002117011
0.002079554
0.002046324
0.002016276
0.001989181
0.001964605
0.001941097
0.001916622
0.001891575
0.001868886
0.001849731
0.001833154
0.001818741
0.001805616
0.001791592
0.001774319
0.001752054
0.001725139
0.001694902
0.001662198
0.001626465
0.001586926
0.001543058
0.001491481
0.001429419
0.001358925
0.001283331
0.001204428
0.001122895
0.001039818
0.0009563855
0.0008727453
0.0007892285
0.0007073635
0.0006288326
0.000554914
0.0004839868
0.0004127415
0.0003404929
0.0002690386
0.0002004213
0.0001353479
7.457369e-05
1.936009e-05
-3.082781e-05
-7.862793e-05
-0.000126346
-0.0001733708
-0.0002199107
-0.0002643847
-0.0003014578
-0.0003302205
-0.0003514462
-0.0003638475
-0.0003679737
-0.0003647503
-0.0003527573
-0.0003311903
-0.0003032975
-0.0002732004
-0.0002423006
-0.0002088336
-0.0001721559
-0.0001352968
-0.0001003558
-6.692549e-05
-3.651255e-05
-1.407571e-05
-2.102553e-06
7.549608e-07
-4.397032e-06
-1.552666e-05
-3.084241e-05
-5.035561e-05
-7.205563e-05
-9.241179e-05
-0.0001095023
-0.0001229827
-0.0001352776
-0.0001489669
-0.0001614068
-0.0001694352
-0.0001738696
-0.000173939
-0.000166955
-0.0001535775
-0.0001356517
-0.0001122707
-8.136661e-05
-4.16005e-05
6.623125e-06
6.124287e-05
0.0001213116
0.0001869471
0.0002578861
0.0003343724
0.0004159104
0.0005016025
0.0005920638
0.0006862248
0.0007786242
0.0008651723
0.0009494157
0.001035256
0.001120503
0.001201105
0.001274392
0.001340243
0.001398903
0.00144981
0.001492822
0.001527474
0.001553739
0.001572567
0.001586967
0.001601252
0.001616887
0.001630909
0.001638374
0.001638846
0.001636046
0.001633457
0.001633568
0.001636071
0.001640415
0.001645163
0.001646441
0.001642774
0.001632697
0.001613998
0.001587342
0.001555486
0.001522204
0.001488917
0.001453709
0.001415243
0.001372915
0.001326601
0.001276059
0.001221228
0.001163056
0.001102981
0.001043833
0.0009870311
0.0009319162
0.0008789285
0.0008290921
0.0007831165
0.0007384174
0.0006904158
0.0006365248
0.0005764176
0.0005118186
0.0004453502
0.0003806124
0.0003203384
0.000261997
0.0002005676
0.0001335893
6.28497e-05
-8.632892e-06
-8.020751e-05
-0.0001519436
-0.0002238024
-0.0002980645
-0.0003776023
-0.0004617573
-0.0005446999
-0.0006214954
-0.0006935273
-0.0007633926
-0.0008331337
-0.0009063777
-0.0009849512
-0.001069003
-0.001158907
-0.001254274
-0.001351139
-0.001443378
-0.001528275
-0.001607616
-0.001682372
-0.001748883
-0.001802473
-0.001841704
-0.001868068
-0.001885006
-0.001895385
-0.001902011
-0.001909151
-0.001919176
-0.001931247
-0.001942731
-0.00195236
-0.001963409
-0.001979583
-0.00200331
-0.002035202
-0.002072017
-0.002111932
-0.002156616
-0.00220642
-0.002259165
-0.002311922
-0.002363902
-0.002416196
-0.002469309
-0.002522351
-0.002572397
-0.002614889
-0.00264641
-0.002666539
-0.002676896
-0.002680553
-0.002680283
-0.00267622
-0.002666935
-0.002650734
-0.002627706
-0.002598321
-0.002560859
-0.002514163
-0.002459849
-0.002401581
-0.002343377
-0.002287813
-0.002233799
-0.00217884
-0.002124367
-0.002073191
-0.002025273
-0.001980255
-0.00193946
-0.001903281
-0.001870445
-0.001840559
-0.001815441
-0.001798021
-0.001790384
-0.001793305
-0.001806382
-0.001828145
-0.001855482
-0.001884503
-0.001913175
-0.001941798
-0.001973039
-0.002007432
-0.002041724
-0.002074838
-0.002105539
-0.00213074
-0.002148004
-0.002155513
-0.002156094
-0.002154672
-0.0021523
-0.00214787
-0.002141624
-0.002133294
-0.002118765
-0.00209819
-0.002077219
-0.002058711
-0.002042418
-0.002026807
-0.002012267
-0.00199879
-0.001986145
-0.001977018
-0.001970453
-0.001965876
-0.001966133
-0.001971267
-0.001980074
-0.001990847
-0.00200258
-0.002014449
-0.00202445
-0.00203444
-0.002046289
-0.002057721
-0.002068204
-0.002080375
-0.002096201
-0.00211545
-0.002137266
-0.002161268
-0.002186907
-0.002210556
-0.002225664
-0.002229612
-0.002223952
-0.002209375
-0.002184258
-0.002146995
-0.002099425
-0.002045205
-0.001987076
-0.001927826
-0.001870121
-0.001815558
-0.00176436
-0.001715862
-0.001670978
-0.001631304
-0.001597962
-0.001574547
-0.001562681
-0.00155836
-0.001559751
-0.001568845
-0.001584637
-0.001605277
-0.001627105
-0.001643179
-0.001651791
-0.001654998
-0.001657146
-0.001664554
-0.001676577
-0.001690268
-0.001702909
-0.001709772
-0.001710144
-0.001703443
-0.001689117
-0.001669904
-0.001646242
-0.001618506
-0.001587209
-0.00155185
-0.001513595
-0.001473398
-0.001431006
-0.001385518
-0.001337097
-0.001289763
-0.001249462
-0.001216891
-0.001185503
-0.001149554
-0.001106685
-0.001058291
-0.001007918
-0.0009532342
-0.0008897079
-0.0008180006
-0.0007398158
-0.0006567321
-0.0005724674
-0.0004922568
-0.0004178238
-0.0003447762
-0.0002697307
-0.0001915875
-0.0001091369
-2.67961e-05
4.916351e-05
0.0001178082
0.0001813863
0.0002411139
0.0002974232
0.0003517022
0.0004053597
0.0004586322
0.0005088032
0.0005520997
0.0005874168
0.0006168668
0.000646856
0.0006824902
0.0007247637
0.0007726839
0.0008228818
0.000872041
0.0009180817
0.0009613384
0.001004364
0.001046707
0.001084949
0.001116585
0.001143609
0.001170583
0.001197356
0.001220942
0.001241345
0.001257124
0.001266892
0.001275505
0.001286543
0.001295487
0.0012974
0.001292994
0.001284026
0.001271841
0.001259592
0.001247627
0.001232082
0.001209539
0.001180089
0.001146623
0.001111247
0.001075313
0.001041342
0.001011583
0.0009852523
0.0009580213
0.0009279538
0.0008963425
0.0008622775
0.0008252447
0.0007877758
0.0007518851
0.0007163876
0.0006763066
0.0006269635
0.0005671265
0.0004979087
0.0004242078
0.0003542842
0.0002935956
0.0002421318
0.0001992076
0.0001664371
0.0001443921
0.0001337232
0.0001348545
0.0001458395
0.0001667146
0.0001971835
0.000233438
0.0002708862
0.0003058697
0.0003377809
0.0003652195
0.0003841216
0.0003935163
0.0003978249
0.0004026116
0.0004109179
0.000422778
0.0004363767
0.0004513513
0.0004686541
0.0004898783
0.0005172338
0.0005491008
0.0005814223
0.0006140659
0.0006508616
0.0006917751
0.0007297105
0.0007586988
0.0007810293
0.0008014785
0.0008204436
0.0008363282
0.0008493675
0.0008624247
0.0008790828
0.0009005142
0.0009261725
0.0009560417
0.0009905028
0.001030153
0.001077047
0.001131939
0.001192646
0.001257193
0.001325405
0.001397419
0.001472453
0.001546232
0.001611858
0.001667635
0.00171971
0.001774898
0.001834503
0.001893372
0.00194514
0.001989014
0.002029608
0.002072361
0.002121358
0.002177766
0.002240529
0.002308343
0.002379313
0.002450757
0.002522539
0.002597578
0.002678617
0.002765058
0.002851281
0.002930652
0.003000081
0.00306205
0.00312357
0.003187295
0.003250232
0.003310714
0.003366014
0.003411172
0.003446615
0.003477409
0.003508323
0.003542421
0.003579622
0.003617815
0.003655543
0.00369162
0.003723586
0.003749993
0.003770241
0.003782718
0.003788182
0.003790379
0.003793787
0.003799527
0.003805631
0.003811207
0.003815666
0.003819496
0.003823882
0.003828601
0.00383471
0.003844303
0.003857144
0.003870419
0.00387987
0.003882976
0.003879332
0.003868487
0.003851612
0.003829618
0.003801679
0.003768123
0.003730159
0.003687964
0.003641913
0.003593976
0.003545282
0.003496803
0.003450552
0.00340767
0.003367946
0.00333007
0.003291029
0.003246627
0.003195579
0.003140759
0.00308515
0.003030589
0.002977466
0.002923528
0.002866276
0.002805902
0.002743367
0.00267796
0.00260792
0.002531971
0.00245132
0.002369694
0.002289371
0.0022119
0.002138535
0.002068052
0.002001518
0.00194606
0.001908422
0.001886978
0.001874272
0.001864024
0.001852244
0.001839279
0.001829704
0.001827956
0.001835646
0.001849104
0.001860437
0.001865453
0.001866215
0.001866662
0.001870931
0.001880245
0.001889392
0.001892243
0.001888906
0.001884226
0.001881211
0.0018775
0.001867911
0.001849544
0.001823989
0.001795935
0.001768375
0.001742188
0.001715417
0.001681196
0.001636324
0.001586107
0.00153924
0.001501334
0.001471215
0.001447088
0.001430734
0.001423837
0.001425407
0.00143374
0.001447898
0.001466114
0.001488523
0.001519562
0.00156033
0.001607064
0.001659106
0.001718148
0.001781762
0.00184405
0.001900506
0.001949717
0.001992691
0.002030397
0.002060039
0.002076737
0.002078378
0.002067339
0.002047158
0.002020472
0.001988335
0.001948198
0.001897661
0.00183945
0.001777665
0.001712447
0.001641994
0.001566098
0.001486295
0.001404219
0.001318499
0.001228147
0.001135882
0.001043505
0.0009471811
0.0008431945
0.0007354146
0.0006333834
0.0005460106
0.0004735133
0.0004063736
0.0003372378
0.0002680054
0.0002061876
0.000157353
0.0001187582
8.404308e-05
5.099007e-05
1.889875e-05
-1.303047e-05
-4.552964e-05
-8.122694e-05
-0.0001233137
-0.0001703481
-0.0002156533
-0.000253901
-0.0002838536
-0.0003047808
-0.0003145071
-0.0003092299
-0.0002864933
-0.0002469635
-0.0001937467
-0.0001344885
-7.596205e-05
-1.776701e-05
4.038992e-05
9.436121e-05
0.0001377237
0.0001666536
0.0001835897
0.000194476
0.0002033765
0.0002094399
0.0002101507
0.0002042368
0.0001927322
0.0001805372
0.0001740593
0.0001771126
0.000187521
0.0001982706
0.0002022172
0.0001972549
0.0001864376
0.0001711239
0.0001494864
0.0001205692
8.441707e-05
4.476105e-05
8.991832e-06
-1.804786e-05
-3.629314e-05
-5.142826e-05
-7.234869e-05
-0.0001011818
-0.0001301867
-0.0001525944
-0.0001711522
-0.0001915962
-0.0002140161
-0.0002346772
-0.0002532105
-0.0002725759
-0.0002957464
-0.0003227671
-0.0003457034
-0.0003539572
-0.0003493677
-0.0003454009
-0.0003495293
-0.0003579076
-0.0003642604
-0.0003671239
-0.0003725932
-0.000387358
-0.0004127327
-0.0004442553
-0.0004747258
-0.000500346
-0.0005208662
-0.0005387415
-0.0005577731
-0.0005797954
-0.0006060662
-0.0006367241
-0.0006680256
-0.0006922388
-0.000703053
-0.0007029035
-0.0007026201
-0.0007115609
-0.0007299522
-0.0007524449
-0.0007756452
-0.000799309
-0.0008232993
-0.0008462323
-0.0008697523
-0.0009000506
-0.0009402001
-0.0009884676
-0.001042397
-0.001097839
-0.001150861
-0.001200245
-0.001246603
-0.00128951
-0.001328229
-0.001365555
-0.001402993
-0.001435775
-0.00145847
-0.001471291
-0.001480533
-0.001493769
-0.001513979
-0.001535898
-0.001549896
-0.00155139
-0.001545492
-0.001544653
-0.001558239
-0.001584035
-0.001616054
-0.001651265
-0.00168967
-0.001733884
-0.001782877
-0.001831166
-0.001875541
-0.001917234
-0.001958808
-0.002001513
-0.002044506
-0.002083533
-0.002114823
-0.002137009
-0.0021476
-0.002146862
-0.00213907
-0.002127766
-0.002117844
-0.002113129
-0.002114006
-0.002121462
-0.002135475
-0.002153108
-0.002170504
-0.002186255
-0.002201277
-0.002215508
-0.002227875
-0.002236203
-0.00224065
-0.002243891
-0.00224601
-0.002247199
-0.002248729
-0.00224969
-0.00224842
-0.002244815
-0.002240116
-0.002233556
-0.002223517
-0.002211747
-0.002201564
-0.00219302
-0.002182696
-0.00216907
-0.00215432
-0.00214344
-0.002141774
-0.002150146
-0.002165733
-0.002185905
-0.002210534
-0.002240436
-0.002274986
-0.002312501
-0.002350243
-0.002385209
-0.002414235
-0.002435455
-0.002450167
-0.00246022
-0.002465998
-0.002467149
-0.002462767
-0.002453172
-0.002442676
-0.002435299
-0.002430698
-0.002427359
-0.002423673
-0.002417584
-0.002408644
-0.002399216
-0.002391563
-0.00238233
-0.002364396
-0.002335492
-0.002298493
-0.002255167
-0.002205114
-0.002149759
-0.002091499
-0.002029694
-0.00196251
-0.001889495
-0.001810198
-0.00172447
-0.001633804
-0.001540107
-0.001445536
-0.001350977
-0.001254244
-0.001154149
-0.001050342
-0.0009437515
-0.0008383701
-0.0007354606
-0.0006322001
-0.0005281435
-0.0004260001
-0.0003254812
-0.0002230336
-0.0001179135
-1.269588e-05
8.76312e-05
0.0001790264
0.0002631092
0.0003452001
0.0004304654
0.0005204607
0.0006133335
0.0007065542
0.0007971323
0.0008823083
0.0009590352
0.001026717
0.001087327
0.001140646
0.001185546
0.00122126
0.001247426
0.001264905
0.001274342
0.001276061
0.0012697
0.001255238
0.001235323
0.00121427
0.00119379
0.001172018
0.001148261
0.001124329
0.001100838
0.001077016
0.001053198
0.001029636
0.00100683
0.000987489
0.0009739876
0.000968
0.0009706463
0.0009797169
0.0009916849
0.001004116
0.001014208
0.001020283
0.00102254
0.001022024
0.001021242
0.001021568
0.001023035
0.001026764
0.001033224
0.001041471
0.001048618
0.001051265
0.001049434
0.001044223
0.001035894
0.001023965
0.001007068
0.0009853189
0.0009606052
0.0009365132
0.0009151819
0.0008933983
0.0008683838
0.0008427005
0.0008202023
0.0008006096
0.0007801285
0.0007565837
0.0007322846
0.0007125792
0.000699047
0.0006867958
0.0006724081
0.0006569659
0.0006425951
0.0006291384
0.000614448
0.0005980173
0.0005800917
0.0005592857
0.0005316151
0.0004914948
0.0004359852
0.0003675217
0.0002929635
0.0002169577
0.0001394543
6.071447e-05
-1.934661e-05
-0.0001026876
-0.0001882924
-0.000271499
-0.0003478034
-0.0004133896
-0.0004638616
-0.0004955925
-0.0005088303
-0.0005084597
-0.0005005713
-0.0004906987
-0.000483145
-0.0004796038
-0.0004809853
-0.000490456
-0.0005119929
-0.0005462854
-0.0005896448
-0.0006383074
-0.0006921086
-0.0007516221
-0.0008146509
-0.0008780439
-0.0009399244
-0.0009989131
-0.001053808
-0.001106391
-0.001161281
-0.001222265
-0.001289245
-0.001358555
-0.001426211
-0.001489396
-0.001547612
-0.001604288
-0.001664141
-0.001728113
-0.001792931
-0.001854673
-0.001909941
-0.001958036
-0.002000867
-0.00204104
-0.002080657
-0.002118721
-0.002153152
-0.002182095
-0.00220291
-0.00221569
-0.002223803
-0.002229643
-0.002233034
-0.002233233
-0.002229111
-0.002218205
-0.002198578
-0.002170494
-0.002136445
-0.002099092
-0.002058001
-0.002010519
-0.001954845
-0.001893674
-0.001835512
-0.001786789
-0.001748554
-0.001721044
-0.001700809
-0.001683616
-0.001667421
-0.001648732
-0.001628293
-0.001606588
-0.001582769
-0.001563015
-0.001550432
-0.001545464
-0.001550475
-0.001561954
-0.001577211
-0.001597622
-0.001624515
-0.001659837
-0.001701264
-0.001742524
-0.001777995
-0.001802417
-0.001810926
-0.001801255
-0.001777916
-0.001751062
-0.001726978
-0.00170253
-0.001673154
-0.001637782
-0.001594729
-0.001542632
-0.001479485
-0.001406262
-0.001331193
-0.001259569
-0.001191938
-0.001127068
-0.001061194
-0.000993882
-0.0009288626
-0.0008700428
-0.0008192707
-0.0007747068
-0.0007346851
-0.0007006547
-0.0006754758
-0.0006634366
-0.0006671618
-0.0006848265
-0.0007148384
-0.000756015
-0.0008046061
-0.0008552474
-0.0009010885
-0.0009345965
-0.0009514041
-0.000951869
-0.0009389536
-0.0009179354
-0.0008951442
-0.0008787201
-0.0008770631
-0.0008889421
-0.0009077386
-0.0009289414
-0.0009488622
-0.0009683637
-0.0009904927
-0.001015534
-0.001040691
-0.00106122
-0.001074574
-0.001079607
-0.001075713
-0.001065101
-0.001051012
-0.001036412
-0.001023311
-0.001011371
-0.001000072
-0.0009886793
-0.000974801
-0.0009561361
-0.0009320127
-0.000904572
-0.0008783849
-0.0008579773
-0.0008453674
-0.0008410586
-0.0008468203
-0.0008640724
-0.0008911879
-0.0009238205
-0.0009583658
-0.0009942537
-0.001032131
-0.001070842
-0.001107192
-0.001138021
-0.001162101
-0.00118014
-0.001193346
-0.001204253
-0.00121717
-0.00123552
-0.001257903
-0.001279467
-0.001297145
-0.001308509
-0.001312094
-0.001310288
-0.001307488
-0.001306491
-0.001305304
-0.001298449
-0.001282922
-0.001259357
-0.001228999
-0.00119372
-0.001155605
-0.001115355
-0.001073545
-0.001030348
-0.0009849002
-0.0009387949
-0.0008971343
-0.000863384
-0.0008366928
-0.0008152874
-0.0008003763
-0.0007937578
-0.0007943201
-0.0007997495
-0.0008070931
-0.0008133119
-0.0008172726
-0.0008194571
-0.0008216633
-0.0008259299
-0.0008324504
-0.0008399476
-0.0008485107
-0.0008582677
-0.0008672951
-0.0008734382
-0.000875669
-0.000875176
-0.0008735136
-0.0008683288
-0.0008553447
-0.0008334722
-0.0008057981
-0.0007766082
-0.0007482873
-0.0007195784
-0.0006865747
-0.0006452649
-0.0005936687
-0.0005337224
-0.000470313
-0.0004074823
-0.0003463362
-0.0002858751
-0.0002239988
-0.0001574048
-8.528918e-05
-1.106551e-05
5.898147e-05
0.0001177608
0.0001616828
0.0001900882
0.00020458
0.0002094527
0.0002078048
0.0002010245
0.0001901827
0.0001765332
0.0001615452
0.0001457054
0.0001287856
0.0001111774
9.512406e-05
8.468727e-05
8.176684e-05
8.399128e-05
8.79496e-05
9.216637e-05
9.572269e-05
9.655932e-05
9.486504e-05
9.612367e-05
0.0001039807
0.0001133617
0.0001165856
0.0001089687
8.755092e-05
5.184279e-05
3.953165e-06
-5.296159e-05
-0.0001153557
-0.0001796597
-0.0002420277
-0.0002995569
-0.0003508941
-0.0003935769
-0.0004247973
-0.0004453986
-0.0004595851
-0.0004697241
-0.0004764635
-0.0004818654
-0.000486661
-0.0004896834
-0.0004908361
-0.0004912417
-0.0004909359
-0.0004873249
-0.0004773891
-0.0004621278
-0.0004459582
-0.0004317757
-0.0004209176
-0.0004141816
-0.0004112582
-0.0004104462
-0.0004091973
-0.0004052303
-0.0003984644
-0.0003904187
-0.0003798556
-0.0003660954
-0.0003513203
-0.0003365931
-0.000322662
-0.0003100296
-0.0002990718
-0.0002894034
-0.0002798012
-0.0002711042
-0.0002638613
-0.0002569283
-0.0002492751
-0.0002395148
-0.0002265212
-0.000209935
-0.0001908237
-0.0001723852
-0.0001567447
-0.0001427984
-0.0001293322
-0.000113943
-9.261565e-05
-6.717409e-05
-4.38403e-05
-2.448171e-05
-9.016833e-06
2.707079e-07
2.031806e-06
-1.829098e-06
-7.972006e-06
-1.403997e-05
-1.725793e-05
-1.370524e-05
-1.967073e-06
1.57773e-05
3.53996e-05
5.565511e-05
7.788129e-05
9.963934e-05
0.0001171271
0.0001313226
0.0001461458
0.0001649341
0.0001894036
0.0002184642
0.0002490274
0.0002771831
0.000299687
0.0003170588
0.0003325578
0.0003499299
0.0003728457
0.0004010216
0.0004276093
0.0004452851
0.0004509238
0.0004467918
0.0004371685
0.00042271
0.0004045587
0.0003869032
0.0003728349
0.0003622445
0.0003528465
0.0003439696
0.000337653
0.0003363766
0.0003408923
0.0003518482
0.0003698518
0.0003947969
0.0004282394
0.0004701196
0.0005170092
0.0005655986
0.0006144794
0.0006642635
0.000715984
0.0007712142
0.0008278208
0.0008768577
0.0009115934
0.0009343828
0.000951505
0.0009671952
0.0009837917
0.00100049
0.0010135
0.001022405
0.001031022
0.001042441
0.001054922
0.001062569
0.001062536
0.001058014
0.001052284
0.001044767
0.001032436
0.001012794
0.0009870976
0.0009605403
0.0009391291
0.0009261533
0.0009209322
0.000922405
0.0009300906
0.0009411471
0.0009524158
0.0009635082
0.0009740187
0.0009820585
0.0009875096
0.0009916422
0.0009940187
0.000992255
0.0009852287
0.0009754669
0.0009664075
0.0009606493
0.0009599124
0.00096453
0.0009748838
0.0009929829
0.001019379
0.001051148
0.001083159
0.001109414
0.001127706
0.001139818
0.001147499
0.001151169
0.001150188
0.001141626
0.001120205
0.00108455
0.001038277
0.0009868699
0.0009350621
0.0008844944
0.0008357549
0.0007889429
0.000743892
0.0007002685
0.0006574518
0.0006156185
0.0005750765
0.0005363955
0.0004999244
0.0004652904
0.0004323713
0.0004013833
0.0003745885
0.0003561692
0.000347609
0.0003463604
0.0003501857
0.0003589478
0.0003716943
0.0003866735
0.0004029406
0.0004195723
0.0004345947
0.000445324
0.0004507464
0.0004519724
0.0004489034
0.000449908
0.0004320935
0.0004117337
0.0003932714
0.0003778422
0.0003665362
0.0003606172
0.0003583297
0.0003549783
0.0003491697
0.0003440874
0.000342564
0.000345203
0.0003508143
0.0003555029
0.0003557173
0.0003523565
0.0003475647
0.0003424557
0.0003371915
0.0003319687
0.0003291058
0.0003311267
0.0003387593
0.0003525593
0.0003734198
0.0003995891
0.0004277754
0.0004566422
0.000486941
0.0005208568
0.0005599444
0.0006034993
0.0006477986
0.0006886037
0.0007268892
0.0007665298
0.0008076523
0.0008472215
0.000881201
0.0009061763
0.0009219931
0.0009312586
0.0009359841
0.0009335375
0.0009200193
0.0008973703
0.0008701172
0.0008384185
0.0007983684
0.0007491203
0.0006946358
0.0006378793
0.0005798786
0.0005215598
0.0004636061
0.0004054365
0.0003462992
0.0002879838
0.0002336064
0.0001840051
0.0001373503
9.349088e-05
5.467086e-05
2.138485e-05
-7.748791e-06
-3.278524e-05
-5.104594e-05
-6.126981e-05
-6.76841e-05
-7.593337e-05
-8.707277e-05
-9.821213e-05
-0.0001055606
-0.0001061629
-9.970428e-05
-8.873874e-05
-7.55061e-05
-5.874648e-05
-3.646975e-05
-8.981535e-06
2.151224e-05
5.208852e-05
8.229491e-05
0.0001153505
0.0001566218
0.0002123365
0.0002850708
0.0003703387
0.0004603177
0.0005502283
0.0006391934
0.000726516
0.0008096567
0.0008847152
0.0009490873
0.001002071
0.001045196
0.001082287
0.001114925
0.001144324
0.001173033
0.00120127
0.001229345
0.001258872
0.001289888
0.001321575
0.00135376
0.001386345
0.001418508
0.001449673
0.001479553
0.001506165
0.001527199
0.001541437
0.001548066
0.001548289
0.001544154
0.001536838
0.001526166
0.001510005
0.001488062
0.00146259
0.001435308
0.001407272
0.001379621
0.001353339
0.001328364
0.001304697
0.001282652
0.001261324
0.001240474
0.001220515
0.001201111
0.001182173
0.001162765
0.001141602
0.001118699
0.001093901
0.001067737
0.001041162
0.001013523
0.0009840887
0.0009538136
0.0009246168
0.0008966616
0.0008661788
0.000830014
0.0007897327
0.0007475409
0.0007029867
0.0006554818
0.00060746
0.0005624038
0.0005201859
0.0004790632
0.0004373624
0.0003914478
0.0003377625
0.0002769741
0.0002156491
0.0001613512
0.0001151984
7.34925e-05
3.333551e-05
-5.71942e-06
-4.225128e-05
-7.525902e-05
-0.0001065408
-0.0001382705
-0.0001699847
-0.0002000561
-0.0002294606
-0.0002609683
-0.0002963348
-0.0003373987
-0.0003839821
-0.000432992
-0.0004841251
-0.0005394395
-0.0005985749
-0.0006589585
-0.0007164645
-0.0007656521
-0.0008050095
-0.0008357145
-0.0008576102
-0.0008734239
-0.0008858255
-0.0008922183
-0.000887899
-0.000868875
-0.0008354441
-0.0007919274
-0.0007431391
-0.0006937923
-0.0006453775
-0.0005956251
-0.0005437301
-0.000492044
-0.0004429766
-0.0003964076
-0.0003512735
-0.0003059303
-0.0002568769
-0.0002024848
-0.0001462502
-9.329111e-05
-4.689609e-05
-1.056276e-05
1.396835e-05
2.896971e-05
3.568363e-05
3.513244e-05
2.67404e-05
5.806243e-06
-2.811923e-05
-7.20431e-05
-0.0001234177
-0.0001772234
-0.0002294634
-0.0002789331
-0.0003251883
-0.000367643
-0.0004072022
-0.0004452851
-0.0004804242
-0.0005122893
-0.000542191
-0.0005705565
-0.00059833
-0.0006259097
-0.0006528361
-0.0006786268
-0.0007036265
-0.0007270222
-0.0007462355
-0.0007607141
-0.0007708145
-0.0007769344
-0.000781511
-0.0007872227
-0.0007967384
-0.0008129421
-0.0008364083
-0.000865188
-0.0008973906
-0.0009332056
-0.000974182
-0.001019794
-0.001065693
-0.001107794
-0.001146875
-0.001184903
-0.001220729
-0.001253477
-0.001285768
-0.001319807
-0.001353821
-0.00138526
-0.001414406
-0.001443301
-0.001472015
-0.001498127
-0.001520646
-0.001539603
-0.001554747
-0.00156721
-0.001577953
-0.001586981
-0.001594
-0.001597541
-0.001595508
-0.001586929
-0.001573687
-0.001559947
-0.001548751
-0.00154073
-0.001536232
-0.001535262
-0.001536225
-0.001536423
-0.001533183
-0.001525399
-0.001513267
-0.001497967
-0.001481532
-0.00146568
-0.001450939
-0.001436393
-0.001421588
-0.001408971
-0.001402286
-0.0014034
-0.0014137
-0.001434981
-0.001468157
-0.001512159
-0.001562711
-0.001617008
-0.001674428
-0.001732172
-0.001787359
-0.001837458
-0.001881139
-0.00191927
-0.001951339
-0.001976147
-0.001992997
-0.002000892
-0.001999229
-0.001989861
-0.001976141
-0.00195678
-0.001927277
-0.001886491
-0.001836886
-0.001782821
-0.00172855
-0.001677788
-0.001634043
-0.001599763
-0.00157516
-0.00155795
-0.001546033
-0.001538714
-0.001535112
-0.001534137
-0.001532726
-0.001525964
-0.001511151
-0.001487409
-0.001454174
-0.001411329
-0.001358975
-0.001299316
-0.001236689
-0.001174902
-0.001113171
-0.001048033
-0.0009791504
-0.0009082635
-0.0008357787
-0.0007613448
-0.0006856213
-0.0006106255
-0.0005370954
-0.0004646047
-0.000394742
-0.0003297465
-0.000270408
-0.0002160933
-0.0001652811
-0.0001167597
-6.909245e-05
-2.21645e-05
2.342882e-05
6.837504e-05
0.0001131773
0.0001563437
0.0001958937
0.0002324509
0.00026782
0.0003010665
0.0003278098
0.0003454575
0.0003567168
0.0003650773
0.0003751224
0.0003929682
0.0004220968
0.000462155
0.0005092793
0.0005590422
0.0006098844
0.0006622506
0.000717742
0.0007781754
0.0008445361
0.0009151519
0.0009852005
0.001051631
0.001114485
0.001174037
0.001231436
0.00128798
0.001344127
0.001399335
0.001452273
0.001500762
0.001543765
0.001584364
0.001625396
0.001665013
0.001700352
0.001730484
0.001756111
0.001779368
0.00180285
0.001828183
0.001854636
0.001879361
0.001900398
0.001916005
0.001924459
0.001925657
0.00191991
0.001907657
0.001891138
0.001874207
0.001857995
0.001840444
0.001821068
0.001801027
0.00178142
0.001762202
0.001742059
0.001720013
0.001697264
0.001676031
0.001655215
0.001632064
0.00160645
0.001579418
0.001550346
0.001518001
0.001483927
0.001450609
0.001417178
0.001379233
0.001333183
0.001279925
0.001222037
0.001162061
0.001103443
0.001048632
0.0009987895
0.0009523253
0.0009054914
0.0008586928
0.0008156999
0.000776925
0.0007383398
0.0006966281
0.0006503849
0.0005975985
0.0005383243
0.0004759671
0.0004141555
0.0003556363
0.0003005153
0.00024683
0.000195821
0.0001516465
0.0001167479
9.101746e-05
7.235428e-05
5.692993e-05
4.091841e-05
2.347757e-05
7.104656e-06
-6.323044e-06
-1.641085e-05
-2.265329e-05
-2.572234e-05
-2.755546e-05
-2.86284e-05
-2.60492e-05
-1.642428e-05
1.9471e-07
2.140306e-05
4.490667e-05
6.831361e-05
9.046211e-05
0.0001145061
0.0001435872
0.0001759889
0.000207911
0.0002373834
0.000264378
0.0002888053
0.0003116512
0.0003342912
0.0003566274
0.0003797093
0.000405277
0.0004343905
0.0004671064
0.0005019148
0.0005380713
0.0005763591
0.0006172869
0.0006597882
0.0007003089
0.0007342247
0.0007608115
0.0007848822
0.000811037
0.0008405984
0.0008719721
0.0009032628
0.0009355608
0.000970538
0.001008154
0.001047312
0.001086488
0.001125973
0.001167187
0.00120905
0.001248434
0.001283619
0.001315879
0.001346054
0.001373055
0.001397269
0.001420247
0.001443039
0.001464731
0.00148285
0.00149553
0.00150301
0.001506724
0.00150637
0.001501096
0.001491215
0.001478267
0.00146493
0.001452615
0.001441431
0.001430993
0.001420773
0.001411477
0.00140423
0.001400054
0.001399319
0.00140106
0.00140349
0.001404862
0.001406848
0.001413254
0.001425568
0.001442505
0.001462394
0.00148484
0.001508493
0.001531202
0.001551694
0.001567493
0.001576777
0.00158035
0.001577774
0.001567915
0.001551213
0.001528482
0.001500802
0.001469765
0.001438198
0.001408577
0.001381016
0.001355101
0.001331227
0.001311195
0.001297755
0.001292437
0.001295466
0.001306302
0.001322385
0.00133951
0.00135659
0.001375949
0.001397002
0.001417771
0.001437675
0.001454165
0.001463999
0.001467227
0.001468218
0.001471858
0.001477784
0.001480954
0.001478737
0.001473744
0.001468836
0.001464354
0.00145962
0.001454456
0.00144823
0.00143932
0.001427037
0.001411239
0.001390738
0.001364465
0.001332952
0.0012967
0.001257114
0.001217819
0.001182166
0.001152251
0.001128494
0.001111382
0.001100871
0.001094642
0.001092036
0.001095704
0.001107746
0.001126506
0.001147624
0.001166473
0.001182032
0.001199321
0.001223787
0.001255424
0.001291492
0.001330144
0.001368378
0.001402959
0.001432588
0.001456137
0.001473221
0.001484579
0.001490357
0.001489632
0.001482297
0.001470652
0.001458834
0.001452619
0.001453997
0.001458449
0.001463488
0.001471712
0.001485675
0.001504776
0.001525921
0.00154729
0.001568635
0.001588174
0.001603729
0.001616005
0.001626603
0.001634837
0.001640115
0.001643159
0.001644478
0.0016444
0.00164234
0.001638157
0.001633273
0.001627191
0.001616892
0.001600202
0.001577661
0.001551727
0.001523978
0.001495673
0.001467123
0.001437806
0.001410117
0.001385692
0.001363284
0.001342016
0.001320275
0.001295839
0.001267998
0.001237527
0.001203906
0.00116491
0.001120879
0.001073479
0.001022887
0.0009716263
0.0009234627
0.0008800349
0.0008405094
0.000802629
0.0007653236
0.0007291049
0.0006952039
0.0006642556
0.0006364951
0.0006128453
0.0005929097
0.0005749676
0.0005578285
0.0005409723
0.0005235386
0.0005051427
0.0004865247
0.0004688042
0.0004514882
0.0004324078
0.0004107354
0.0003870856
0.0003623577
0.0003377086
0.0003128973
0.0002863514
0.0002584605
0.0002322634
0.0002091844
0.0001868172
0.0001612261
0.0001317119
0.0001011746
7.142718e-05
4.119631e-05
9.09305e-06
-2.533663e-05
-6.382601e-05
-0.0001080994
-0.0001574265
-0.0002095915
-0.0002624263
-0.0003141903
-0.0003630318
-0.0004086735
-0.0004516272
-0.0004930051
-0.0005365733
-0.0005862852
-0.0006429636
-0.0007041845
-0.0007665848
-0.0008285363
-0.0008907362
-0.0009541357
-0.001018268
-0.001082849
-0.001147042
-0.001209072
-0.001269998
-0.001333374
-0.001399063
-0.001464778
-0.001530399
-0.001596768
-0.001664669
-0.001733195
-0.001799425
-0.001859742
-0.001910331
-0.001950449
-0.001982586
-0.002007824
-0.002023792
-0.00202805
-0.00202152
-0.002006455
-0.001985506
-0.001963138
-0.001943007
-0.001926941
-0.0019157
-0.001908336
-0.001902294
-0.001895146
-0.001885625
-0.001872119
-0.0018535
-0.001830527
-0.001804474
-0.001776435
-0.001746211
-0.00171223
-0.001674081
-0.001633736
-0.001592251
-0.001548086
-0.00150084
-0.001451047
-0.001398077
-0.001342209
-0.001285205
-0.001229043
-0.001174745
-0.001121747
-0.001068839
-0.001014768
-0.0009594538
-0.0009050953
-0.0008543495
-0.0008066107
-0.0007577724
-0.0007044409
-0.000646287
-0.0005845641
-0.0005201478
-0.0004533269
-0.0003854913
-0.0003197988
-0.0002584668
-0.000201193
-0.0001487835
-0.0001043278
-6.924641e-05
-4.323022e-05
-2.753511e-05
-2.375469e-05
-3.09527e-05
-4.526186e-05
-6.165156e-05
-7.764159e-05
-9.392327e-05
-0.0001113455
-0.0001290089
-0.000145068
-0.000157678
-0.0001656794
-0.0001695746
-0.0001705925
-0.0001713494
-0.000173277
-0.0001743307
-0.0001750087
-0.0001782469
-0.0001847447
-0.0001934635
-0.0002028585
-0.0002120523
-0.0002211352
-0.0002298837
-0.0002382976
-0.000247249
-0.0002570108
-0.0002669401
-0.0002764024
-0.0002852391
-0.000292788
-0.0002974471
-0.0002985896
-0.0002972902
-0.0002952911
-0.0002939233
-0.0002941105
-0.0002959407
-0.0002978602
-0.0002990473
-0.000300224
-0.0003024357
-0.0003061844
-0.0003099436
-0.0003115715
-0.000308866
-0.000298682
-0.0002791632
-0.0002531152
-0.0002258186
-0.0001987173
-0.000170528
-0.0001412042
-0.0001122326
-8.738273e-05
-7.043964e-05
-6.233683e-05
-6.287176e-05
-7.146441e-05
-8.744999e-05
-0.0001105633
-0.000139994
-0.0001754062
-0.0002160203
-0.000259807
-0.0003051949
-0.0003516952
-0.0003998126
-0.0004480957
-0.000493701
-0.0005362139
-0.0005753769
-0.0006099803
-0.0006407876
-0.0006690245
-0.0006938405
-0.0007148913
-0.0007335671
-0.0007515725
-0.0007700385
-0.0007883173
-0.0008054027
-0.0008220329
-0.0008381251
-0.000851037
-0.000858329
-0.0008589142
-0.0008530056
-0.0008431407
-0.0008330133
-0.0008244356
-0.0008154525
-0.0008033388
-0.0007871911
-0.0007670484
-0.0007442831
-0.0007188368
-0.0006879856
-0.000650576
-0.0006075693
-0.0005596634
-0.0005070851
-0.0004512916
-0.000395245
-0.0003413191
-0.0002911461
-0.000245688
-0.0002041256
-0.0001652212
-0.0001283193
-9.276898e-05
-5.735119e-05
-2.083988e-05
1.581972e-05
4.988402e-05
7.956485e-05
0.0001061132
0.0001324655
0.0001600543
0.0001870135
0.0002109017
0.0002330535
0.0002564008
0.0002826271
0.0003122834
0.0003443923
0.0003786557
0.0004169483
0.000460802
0.0005086731
0.0005569301
0.0006030482
0.0006455337
0.0006819655
0.0007096812
0.0007278688
0.0007373448
0.0007385915
0.0007299922
0.000709094
0.0006761924
0.0006339608
0.0005853646
0.0005328057
0.0004774554
0.0004194745
0.0003591589
0.0002976895
0.0002364868
0.0001772905
0.0001213947
6.893498e-05
2.009832e-05
-2.395705e-05
-6.164854e-05
-9.117599e-05
-0.0001109767
-0.0001214053
-0.0001234986
-0.0001179574
-0.0001059344
-8.915804e-05
-6.942228e-05
-4.664533e-05
-2.020254e-05
9.66804e-06
4.177408e-05
7.301152e-05
0.0001004358
0.0001229986
0.0001410645
0.0001561261
0.0001694582
0.0001809542
0.0001901603
0.0001971327
0.0002037726
0.0002146171
0.0002322554
0.0002545095
0.000277787
0.0002991539
0.0003159014
0.0003266227
0.0003325072
0.0003358505
0.000337621
0.0003361437
0.000328556
0.0003153481
0.0002992046
0.0002800849
0.000256039
0.0002257383
0.0001903377
0.000153759
0.0001191037
8.614586e-05
5.274382e-05
1.873804e-05
-1.320392e-05
-4.05834e-05
-6.345442e-05
-8.449969e-05
-0.0001060255
-0.0001275801
-0.0001482346
-0.0001679703
-0.0001866709
-0.0002049699
-0.0002233253
-0.0002400243
-0.000252682
-0.0002602051
-0.0002648291
-0.0002704746
-0.0002783697
-0.0002871579
-0.0002951815
-0.0003019792
-0.0003081348
-0.0003137247
-0.0003183637
-0.0003211698
-0.000320994
-0.0003180051
-0.00031336
-0.000308064
-0.0003028005
-0.0002969914
-0.0002892551
-0.0002798439
-0.000270374
-0.0002615507
-0.0002544833
-0.00025038
-0.0002477047
-0.0002448107
-0.0002424201
-0.0002420488
-0.0002453808
-0.0002536624
-0.0002665755
-0.0002825303
-0.0003000212
-0.0003171555
-0.0003324446
-0.0003468758
-0.0003618866
-0.0003779289
-0.000395583
-0.0004154892
-0.0004373617
-0.0004581677
-0.0004751345
-0.0004883156
-0.0004987449
-0.000509091
-0.0005224974
-0.0005407151
-0.0005635983
-0.0005886125
-0.0006139443
-0.0006403615
-0.0006698499
-0.0007034681
-0.0007402843
-0.0007786452
-0.0008170803
-0.0008537248
-0.0008857693
-0.000911077
-0.0009306643
-0.0009465709
-0.0009603327
-0.0009726798
-0.0009831849
-0.0009921941
-0.001000431
-0.001009051
-0.001018877
-0.001028855
-0.001038669
-0.001049491
-0.001062235
-0.001075733
-0.001087783
-0.001096906
-0.001102181
-0.001103755
-0.001101718
-0.001095586
-0.001085954
-0.001074336
-0.001062053
-0.001050914
-0.001042728
-0.001036911
-0.001031684
-0.001025979
-0.001018446
-0.001007511
-0.0009942517
-0.000982359
-0.0009743474
-0.0009708409
-0.0009721644
-0.0009794253
-0.0009936153
-0.001013523
-0.001037098
-0.001062558
-0.001087543
-0.001110398
-0.001130648
-0.001147765
-0.001161016
-0.001170321
-0.001177055
-0.001183161
-0.001189306
-0.001194001
-0.001196334
-0.001197809
-0.001199377
-0.001200625
-0.001200076
-0.001194785
-0.001182865
-0.001165559
-0.001145272
-0.001123249
-0.001100362
-0.001078
-0.001057482
-0.001039329
-0.001023495
-0.001010059
-0.0009996513
-0.0009926105
-0.0009870702
-0.0009811961
-0.0009750589
-0.0009691411
-0.0009639808
-0.0009589868
-0.0009520461
-0.0009417341
-0.0009278116
-0.0009106207
-0.0008908295
-0.0008685254
-0.0008429325
-0.0008136332
-0.0007811089
-0.0007467968
-0.0007131318
-0.0006825805
-0.0006563811
-0.0006337523
-0.0006121321
-0.0005893563
-0.000565658
-0.0005423644
-0.0005189473
-0.0004944516
-0.000469286
-0.0004430441
-0.0004142226
-0.0003822282
-0.0003473557
-0.0003096595
-0.0002686421
-0.0002249796
-0.0001805978
-0.000136241
-9.216397e-05
-4.889995e-05
-4.90555e-06
4.24725e-05
9.438811e-05
0.0001495356
0.0002052532
0.0002600167
0.0003123334
0.0003587507
0.0003966412
0.0004262125
0.0004480508
0.0004619888
0.000468639
0.0004691021
0.0004655612
0.0004609771
0.0004562563
0.0004508751
0.000445409
0.0004427127
0.000446222
0.0004558912
0.000468611
0.0004822189
0.0004965544
0.0005114847
0.0005269803
0.0005438875
0.0005624654
0.0005815999
0.0005993368
0.0006144228
0.0006275708
0.0006394452
0.0006503116
0.0006620619
0.0006763333
0.0006926187
0.0007102872
0.0007298205
0.0007513561
0.0007739718
0.0007965772
0.0008183048
0.0008385393
0.0008569965
0.0008740696
0.0008895364
0.0009010835
0.0009063853
0.0009055936
0.0009001172
0.000890233
0.0008758841
0.0008575557
0.0008360875
0.0008122932
0.0007855617
0.0007545784
0.0007188291
0.0006785082
0.0006341212
0.0005863808
0.0005363024
0.0004846327
0.0004327822
0.0003822637
0.0003322316
0.0002807225
0.0002265896
0.0001708135
0.0001163001
6.413145e-05
1.355199e-05
-3.600612e-05
-8.532487e-05
-0.00013572
-0.000187995
-0.0002416993
-0.0002964685
-0.0003518217
-0.0004055149
-0.0004546539
-0.0004976293
-0.0005352274
-0.0005691146
-0.0005999862
-0.0006275794
-0.0006504111
-0.0006666792
-0.0006760099
-0.0006796628
-0.0006799053
-0.000678312
-0.0006743331
-0.0006659745
-0.0006523211
-0.0006349792
-0.0006159841
-0.000595944
-0.0005748652
-0.0005529847
-0.0005312901
-0.0005110135
-0.0004930873
-0.0004789842
-0.0004703294
-0.0004670574
-0.0004672765
-0.0004693581
-0.000472238
-0.0004752042
-0.0004789606
-0.0004842219
-0.0004903746
-0.0004960031
-0.0004995487
-0.0005006536
-0.0004999047
-0.0004972797
-0.000492877
-0.0004871692
-0.0004798847
-0.0004704482
-0.0004588556
-0.0004457022
-0.0004303884
-0.0004120823
-0.0003925372
-0.0003739249
-0.0003560909
-0.0003374772
-0.0003172795
-0.0002957348
-0.0002732285
-0.0002502513
-0.0002277072
-0.0002066125
-0.000186182
-0.0001650582
-0.0001444936
-0.0001269574
-0.0001144152
-0.0001078529
-0.0001067684
-0.0001107262
-0.0001197673
-0.0001336429
-0.0001512958
-0.0001708052
-0.0001910419
-0.0002113475
-0.0002301059
-0.0002453354
-0.0002556325
-0.0002611048
-0.0002625865
-0.0002606544
-0.0002557932
-0.000248239
-0.0002385117
-0.0002273215
-0.0002147608
-0.0002008295
-0.000186369
-0.0001729167
-0.0001616651
-0.0001534026
-0.0001481416
-0.0001441372
-0.0001390794
-0.0001319715
-0.0001229341
-0.0001125327
-0.0001015876
-9.027007e-05
-7.800432e-05
-6.46347e-05
-5.031845e-05
-3.512173e-05
-1.923582e-05
-3.231128e-06
1.198546e-05
2.563208e-05
3.699423e-05
4.538064e-05
5.111848e-05
5.506784e-05
5.790984e-05
6.092049e-05
6.521083e-05
7.122732e-05
7.934971e-05
8.91756e-05
9.942231e-05
0.0001081324
0.0001137184
0.0001169803
0.0001205842
0.0001255467
0.0001299929
0.000132481
0.0001339663
0.0001361182
0.0001394679
0.0001436171
0.0001483218
0.0001536913
0.0001599149
0.0001665587
0.0001732764
0.0001798137
0.0001846901
0.0001868691
0.0001869625
0.0001856928
0.0001832276
0.0001798513
0.0001759161
0.0001714595
0.0001667767
0.0001617974
0.0001560018
0.0001497387
0.0001434682
0.0001369257
0.0001302762
0.0001240565
0.0001185168
0.0001141145
0.0001111231
0.0001097356
0.0001102221
0.0001123961
0.0001161859
0.0001217319
0.0001288176
0.0001365743
0.0001440646
0.0001507748
0.0001569832
0.0001637261
0.0001717341
0.0001807741
0.0001898844
0.0001984674
0.0002065125
0.0002139826
0.0002208286
0.000227068
0.0002332208
0.0002400111
0.0002475894
0.0002558904
0.0002657152
0.0002784325
0.0002947083
0.0003139974
0.0003343893
0.0003538729
0.0003713165
0.0003856033
0.0003966299
0.0004053212
0.0004116617
0.0004151027
0.0004150052
0.0004113521
0.0004048957
0.0003952617
0.0003827573
0.0003689258
0.0003540065
0.0003379547
0.0003213468
0.0003051912
0.0002902025
0.0002756627
0.0002610545
0.0002469205
0.0002338808
0.0002224309
0.0002129402
0.0002058235
0.0002013057
0.0001990094
0.0001986142
0.0002007307
0.0002059847
0.0002135385
0.0002218353
0.00022989
0.0002375434
0.0002447227
0.0002503581
0.0002534158
0.0002544229
0.0002545572
0.0002540763
0.00025269
0.0002503247
0.0002468422
0.0002422685
0.0002367215
0.0002302462
0.0002227517
0.0002134086
0.0002014894
0.0001870334
0.0001710131
0.0001554129
0.0001411872
0.000127799
0.0001142602
9.958899e-05
8.410943e-05
6.860464e-05
5.366121e-05
3.973424e-05
2.589997e-05
1.138867e-05
-3.245716e-06
-1.762634e-05
-3.115226e-05
-4.286206e-05
-5.305661e-05
-6.251171e-05
-7.118326e-05
-7.872838e-05
-8.472049e-05
-8.929078e-05
-9.310503e-05
-9.648189e-05
-9.978411e-05
-0.0001036133
-0.000108122
-0.0001127654
-0.0001172776
-0.0001228231
-0.0001307776
-0.0001409268
-0.0001523777
-0.000164764
-0.000178037
-0.0001920955
-0.0002061797
-0.000219498
-0.0002316588
-0.000241665
-0.0002486908
-0.0002526047
-0.0002529469
-0.0002494716
-0.0002425831
-0.0002326456
-0.0002203983
-0.0002068956
-0.0001923814
-0.0001766523
-0.0001596197
-0.0001413955
-0.0001225038
-0.0001029076
-8.1871e-05
-5.867626e-05
-3.302282e-05
-5.804002e-06
2.157266e-05
4.84525e-05
7.48578e-05
0.0001011073
0.0001268207
0.0001507026
0.0001720284
0.0001913761
0.0002098285
0.0002281596
0.0002464376
0.0002643656
0.0002820724
0.0003000375
0.0003182481
0.0003363989
0.0003542788
0.000371441
0.0003876421
0.0004031334
0.0004179164
0.0004314551
0.0004429995
0.000451954
0.0004581282
0.0004619961
0.0004641486
0.0004647736
0.0004640916
0.0004622099
0.0004590254
0.0004547268
0.0004492583
0.0004425202
0.0004352225
0.0004278304
0.000420012
0.0004112411
0.0004011925
0.0003901515
0.0003788474
0.0003678777
0.0003574136
0.0003475352
0.0003381679
0.0003288552
0.0003194419
0.0003103027
0.0003018105
0.000293763
0.0002854757
0.0002764243
0.0002667651
0.000257244
0.000248212
0.0002392079
0.000229621
0.0002191853
0.0002079464
0.0001960233
0.0001836438
0.0001709049
0.0001577545
0.0001442818
0.0001306734
0.0001172117
0.000103962
9.08825e-05
7.847707e-05
6.727029e-05
5.710136e-05
4.734698e-05
3.758222e-05
2.806842e-05
1.947497e-05
1.211467e-05
5.902886e-06
4.959813e-07
-4.994937e-06
-1.122357e-05
-1.771162e-05
-2.372508e-05
-2.888216e-05
-3.323084e-05
-3.727456e-05
-4.147022e-05
-4.591251e-05
-5.016603e-05
-5.38064e-05
-5.661266e-05
-5.799816e-05
-5.771159e-05
-5.603573e-05
-5.325586e-05
-4.969097e-05
-4.568213e-05
-4.157721e-05
-3.777971e-05
-3.484661e-05
-3.330018e-05
-3.328134e-05
-3.447566e-05
-3.638571e-05
-3.906713e-05
-4.27115e-05
-4.725832e-05
-5.288283e-05
-5.932888e-05
-6.587933e-05
-7.234755e-05
-7.896555e-05
-8.584478e-05
-9.297654e-05
-0.0001008166
-0.0001097124
-0.0001191273
-0.0001284558
-0.000137677
-0.0001471645
-0.0001571398
-0.0001671641
-0.0001764773
-0.0001845674
-0.0001913009
-0.0001968633
-0.0002017156
-0.0002062822
-0.0002108009
-0.0002155436
-0.0002206049
-0.0002257357
-0.0002308229
-0.0002358252
-0.0002406108
-0.0002453805
-0.0002505027
-0.0002560378
-0.0002617791
-0.0002672832
-0.0002721684
-0.0002764043
-0.0002799928
-0.0002826688
-0.0002843158
-0.0002852377
-0.000285611
-0.0002853907
-0.0002848755
-0.0002847733
-0.0002856312
-0.0002872941
-0.0002892757
-0.0002911087
-0.0002922428
-0.0002923541
-0.0002917697
-0.0002912128
-0.0002909315
-0.0002906035
-0.0002897803
-0.0002880832
-0.000285578
-0.000282495
-0.0002787153
-0.0002740236
-0.0002683575
-0.0002617329
-0.0002540534
-0.0002451837
-0.0002352122
-0.0002245005
-0.0002136019
-0.0002029029
-0.0001924768
-0.0001823664
-0.000172832
-0.0001643537
-0.0001571965
-0.0001512245
-0.0001462062
-0.000141935
-0.0001380618
-0.0001340634
-0.0001295011
-0.0001242231
-0.0001184734
-0.0001128726
-0.0001077763
-0.0001027855
-9.723567e-05
-9.088729e-05
-8.397803e-05
-7.680436e-05
-6.95293e-05
-6.244644e-05
-5.585649e-05
-4.962816e-05
-4.351845e-05
-3.772452e-05
-3.281115e-05
-2.927245e-05
-2.712223e-05
-2.605847e-05
-2.574422e-05
-2.571784e-05
-2.557765e-05
-2.528783e-05
-2.486599e-05
-2.409645e-05
-2.280551e-05
-2.116882e-05
-1.951614e-05
-1.788709e-05
-1.60862e-05
-1.394965e-05
-1.141859e-05
-8.579975e-06
-5.570375e-06
-2.373936e-06
1.241319e-06
5.531322e-06
1.052939e-05
1.586856e-05
2.119591e-05
2.643701e-05
3.14147e-05
3.596564e-05
4.023395e-05
4.447521e-05
4.86745e-05
5.255045e-05
5.586985e-05
5.856176e-05
6.068094e-05
6.228999e-05
6.358043e-05
6.481958e-05
6.604701e-05
6.706778e-05
6.774281e-05
6.81946e-05
6.845153e-05
6.818308e-05
6.710296e-05
6.530301e-05
6.301596e-05
6.031237e-05
5.717372e-05
5.358768e-05
4.972242e-05
4.59584e-05
4.255571e-05
3.948776e-05
3.662446e-05
3.409702e-05
3.222739e-05
3.111871e-05
3.070237e-05
3.087667e-05
3.14689e-05
3.231203e-05
3.338719e-05
3.473567e-05
3.624276e-05
3.775482e-05
3.927588e-05
4.082824e-05
4.230538e-05
4.362771e-05
4.493322e-05
4.640367e-05
4.805046e-05
4.975534e-05
5.147065e-05
5.323375e-05
5.498482e-05
5.662957e-05
5.805053e-05
5.906467e-05
5.959431e-05
5.976842e-05
5.988738e-05
6.013845e-05
6.046814e-05
6.074146e-05
6.084816e-05
6.07786e-05
6.047778e-05
5.978726e-05
5.858398e-05
5.675536e-05
5.429733e-05
5.141937e-05
4.831923e-05
4.508641e-05
4.180689e-05
3.858229e-05
3.543335e-05
3.231517e-05
2.927094e-05
2.641835e-05
2.387042e-05
2.168136e-05
1.988761e-05
1.852803e-05
1.752369e-05
1.677528e-05
1.619729e-05
1.560538e-05
1.485212e-05
1.392324e-05
1.287325e-05
1.176354e-05
1.06133e-05
9.489735e-06
8.520198e-06
7.763287e-06
7.122537e-06
6.422451e-06
5.62553e-06
4.748369e-06
3.718013e-06
2.553964e-06
1.395297e-06
3.940867e-07
-3.557186e-07
-9.081667e-07
-1.364435e-06
-1.71394e-06
-1.834403e-06
-1.624364e-06
-1.150517e-06
-5.82693e-07
-4.616014e-08
3.547716e-07
5.284347e-07
4.771243e-07
2.212062e-07
-3.006013e-07
-1.186779e-06
-2.442374e-06
-4.004564e-06
-5.840902e-06
-7.908834e-06
-1.017362e-05
-1.260052e-05
-1.504591e-05
-1.727109e-05
-1.90803e-05
-2.046895e-05
-2.159484e-05
-2.258214e-05
-2.342596e-05
-2.412062e-05
-2.472113e-05
-2.521164e-05
-2.554927e-05
-2.575718e-05
-2.584872e-05
-2.582177e-05
-2.561721e-05
-2.513601e-05
-2.439555e-05
-2.34761e-05
-2.242709e-05
-2.129741e-05
-2.014074e-05
-1.898289e-05
-1.780298e-05
-1.662741e-05
-1.550545e-05
-1.441572e-05
-1.338894e-05
-1.252986e-05
-1.188745e-05
-1.140978e-05
-1.098755e-05
-1.053897e-05
-1.007704e-05
-9.704911e-06
-9.484374e-06
-9.405042e-06
-9.469673e-06
-9.626637e-06
-9.751116e-06
-9.765949e-06
-9.691743e-06
-9.589415e-06
-9.462687e-06
-9.247698e-06
-8.886387e-06
-8.345177e-06
-7.640551e-06
-6.814277e-06
-5.862368e-06
-4.752491e-06
-3.476602e-06
-2.086635e-06
-6.196472e-07
9.491368e-07
2.616914e-06
4.328078e-06
6.012101e-06
7.625211e-06
9.166068e-06
1.070971e-05
1.236651e-05
1.417663e-05
1.611708e-05
1.812111e-05
2.014386e-05
2.222103e-05
2.435936e-05
2.644882e-05
2.833348e-05
2.993514e-05
3.124528e-05
3.229247e-05
3.313248e-05
3.379625e-05
3.430484e-05
3.468382e-05
3.494902e-05
3.512018e-05
3.522747e-05
3.529667e-05
3.530319e-05
3.519777e-05
3.497691e-05
3.472189e-05
3.45519e-05
3.449013e-05
3.446187e-05
3.440672e-05
3.430212e-05
3.414781e-05
3.394681e-05
3.370379e-05
3.343157e-05
3.31188e-05
3.2714e-05
3.219413e-05
3.163069e-05
3.111461e-05
3.066622e-05
3.029128e-05
3.003813e-05
2.995892e-05
3.007063e-05
3.036382e-05
3.080507e-05
3.133467e-05
3.191896e-05
3.258884e-05
3.33536e-05
3.413558e-05
3.486729e-05
3.555992e-05
3.622329e-05
3.683369e-05
3.739135e-05
3.791864e-05
3.84302e-05
3.894343e-05
3.948729e-05
4.009916e-05
4.078782e-05
4.153553e-05
4.23217e-05
4.312668e-05
4.393889e-05
4.473875e-05
4.551714e-05
4.626129e-05
4.692469e-05
4.745694e-05
4.781619e-05
4.799767e-05
4.80277e-05
4.794896e-05
4.780226e-05
4.758295e-05
4.72733e-05
4.687167e-05
4.639858e-05
4.587772e-05
4.531038e-05
4.471197e-05
4.410669e-05
4.349054e-05
4.283765e-05
4.214769e-05
4.146414e-05
4.08145e-05
4.019414e-05
3.960412e-05
3.904584e-05
3.851094e-05
3.798649e-05
3.746312e-05
3.694332e-05
3.643396e-05
3.593337e-05
3.542382e-05
3.490213e-05
3.439882e-05
3.392989e-05
3.348903e-05
3.307156e-05
3.268255e-05
3.234079e-05
3.205343e-05
3.182797e-05
3.168978e-05
3.164751e-05
3.167239e-05
3.17291e-05
3.180594e-05
3.189303e-05
3.198606e-05
3.208615e-05
3.218947e-05
3.230748e-05
3.2439e-05
3.255364e-05
3.262541e-05
3.264846e-05
3.262193e-05
3.254748e-05
3.244372e-05
3.232073e-05
3.217348e-05
3.200852e-05
3.184422e-05
3.169337e-05
3.155804e-05
3.144435e-05
3.136656e-05
3.132476e-05
3.130063e-05
3.128489e-05
3.127544e-05
3.1256e-05
3.121249e-05
3.114971e-05
3.107616e-05
3.098418e-05
3.08612e-05
3.070626e-05
3.051889e-05
3.030238e-05
3.007296e-05
2.984317e-05
2.961882e-05
2.940363e-05
2.919339e-05
2.89819e-05
2.877416e-05
2.859123e-05
2.844515e-05
2.832024e-05
2.819258e-05
2.804584e-05
2.787477e-05
2.76861e-05
2.748754e-05
2.728343e-05
2.707924e-05
2.687697e-05
2.667014e-05
2.645077e-05
2.621812e-05
2.597758e-05
2.572935e-05
2.546578e-05
2.518069e-05
2.487453e-05
2.455917e-05
2.425201e-05
2.39607e-05
2.3687e-05
2.342977e-05
2.318557e-05
2.295676e-05
2.275044e-05
2.257141e-05
2.241793e-05
2.228169e-05
2.215758e-05
2.204213e-05
2.193441e-05
2.183524e-05
2.173749e-05
2.163465e-05
2.152786e-05
2.141706e-05
2.130117e-05
2.118225e-05
2.106309e-05
2.094448e-05
2.082826e-05
2.071598e-05
2.060773e-05
2.050204e-05
2.039618e-05
2.02932e-05
2.019576e-05
2.009997e-05
2.000519e-05
1.991184e-05
1.981995e-05
1.973003e-05
1.963943e-05
1.954685e-05
1.945389e-05
1.936317e-05
1.927706e-05
1.919588e-05
1.912205e-05
1.906078e-05
1.901382e-05
1.897682e-05
1.8942e-05
1.89031e-05
1.885792e-05
1.88091e-05
1.876173e-05
1.871773e-05
1.867581e-05
1.86318e-05
1.858291e-05
1.853231e-05
1.848248e-05
1.843352e-05
1.838476e-05
1.833432e-05
1.828053e-05
1.822222e-05
1.815977e-05
1.809485e-05
1.802741e-05
1.795619e-05
1.788041e-05
1.780023e-05
1.771637e-05
1.762987e-05
1.754228e-05
1.745383e-05
1.73634e-05
1.727029e-05
1.7175e-05
1.707977e-05
1.698607e-05
1.689419e-05
1.680411e-05
1.671549e-05
1.662897e-05
1.654737e-05
1.64726e-05
1.640281e-05
1.633762e-05
1.627774e-05
1.622037e-05
1.616361e-05
1.610718e-05
1.605083e-05
1.599539e-05
1.594023e-05
1.588553e-05
1.583189e-05
1.577775e-05
1.572295e-05
1.566865e-05
1.561472e-05
1.556097e-05
1.550683e-05
1.545192e-05
1.539494e-05
1.533366e-05
1.526759e-05
1.51977e-05
1.512501e-05
1.505021e-05
1.497317e-05
1.489386e-05
1.481272e-05
1.472994e-05
1.464583e-05
1.456091e-05
1.447492e-05
1.438756e-05
1.429878e-05
1.42084e-05
1.411669e-05
1.402421e-05
1.393076e-05
1.383617e-05
1.374067e-05
1.364456e-05
1.354862e-05
1.345338e-05
1.335887e-05
1.326501e-05
1.317173e-05
1.307951e-05
1.298914e-05
1.290101e-05
1.281448e-05
1.272873e-05
1.264336e-05
1.255824e-05
1.247324e-05
1.238843e-05
1.230376e-05
1.221882e-05
1.213318e-05
1.204688e-05
1.196009e-05
1.187307e-05
1.17861e-05
1.169924e-05
1.161245e-05
1.152571e-05
1.143904e-05
1.135241e-05
1.126575e-05
1.117909e-05
1.109255e-05
1.100619e-05
1.091996e-05
1.083383e-05
1.074777e-05
1.066178e-05
1.057587e-05
1.048998e-05
1.040414e-05
1.031841e-05
1.023278e-05
1.014732e-05
1.006199e-05
9.976851e-06
9.891972e-06
9.807409e-06
9.72318e-06
9.639224e-06
9.555422e-06
9.471715e-06
9.388082e-06
9.304594e-06
9.221327e-06
9.13828e-06
9.055444e-06
8.972822e-06
8.890451e-06
8.808391e-06
8.726688e-06
8.645354e-06
8.564387e-06
8.483761e-06
8.40345e-06
8.323483e-06
8.243855e-06
8.164555e-06
8.085591e-06
8.00697e-06
7.928694e-06
7.850739e-06
7.773072e-06
7.69568e-06
7.618559e-06
7.541696e-06
7.465074e-06
7.388677e-06
7.312485e-06
7.236497e-06
7.160717e-06
7.085154e-06
7.009808e-06
6.934681e-06
6.859765e-06
6.785052e-06
6.710531e-06
6.636199e-06
6.562051e-06
6.488078e-06
6.414269e-06
6.340612e-06
6.267099e-06
6.193724e-06
6.12048e-06
6.047356e-06
5.974345e-06
5.901444e-06
5.828651e-06
5.755963e-06
5.683378e-06
5.610895e-06
5.538511e-06
5.466222e-06
5.394028e-06
5.321927e-06
5.249919e-06
5.178001e-06
5.106175e-06
5.034439e-06
4.962794e-06
4.89124e-06
4.819774e-06
4.748399e-06
4.677113e-06
4.605915e-06
4.534807e-06
4.463787e-06
4.392857e-06
4.322014e-06
4.251261e-06
4.180596e-06
4.11002e-06
4.039533e-06
