-0.0001139725
-0.0001140035
-0.0001140327
-0.0001140604
-0.0001140899
-0.000114114
-0.0001141351
-0.0001141544
-0.0001141679
-0.0001141813
-0.0001141909
-0.0001141998
-0.0001142168
-0.0001142339
-0.0001142552
-0.0001142839
-0.0001143065
-0.00011432
-0.0001143163
-0.0001142927
-0.0001142633
-0.000114235
-0.0001142196
-0.0001142271
-0.0001142612
-0.0001143165
-0.0001143824
-0.0001144332
-0.0001144533
-0.0001144339
-0.0001143817
-0.0001143134
-0.0001142474
-0.0001141939
-0.0001141536
-0.0001141228
-0.0001141043
-0.000114108
-0.0001141373
-0.0001141946
-0.0001142579
-0.0001142982
-0.0001142926
-0.0001142471
-0.0001141938
-0.0001141691
-0.0001141666
-0.0001141704
-0.0001141655
-0.0001141509
-0.0001141445
-0.000114165
-0.0001141855
-0.0001141537
-0.0001140349
-0.0001138401
-0.0001136223
-0.0001134057
-0.0001132275
-0.0001131246
-0.0001131201
-0.0001132135
-0.0001133708
-0.0001135345
-0.0001136603
-0.0001137337
-0.0001137742
-0.0001137927
-0.00011377
-0.0001137017
-0.0001135936
-0.0001134603
-0.0001133349
-0.0001132673
-0.0001132714
-0.0001133037
-0.0001133119
-0.0001132578
-0.0001131127
-0.0001129226
-0.0001127655
-0.0001126769
-0.0001126427
-0.0001126274
-0.0001125852
-0.0001125044
-0.0001123913
-0.0001122447
-0.0001120471
-0.0001118377
-0.0001117048
-0.0001117133
-0.0001118554
-0.0001120574
-0.0001121992
-0.0001122166
-0.0001121222
-0.0001120072
-0.0001119663
-0.0001120411
-0.00011222
-0.0001124434
-0.0001125749
-0.0001125245
-0.0001122079
-0.0001115877
-0.0001108227
-0.0001101671
-0.0001097602
-0.0001095566
-0.000109436
-0.000109352
-0.0001092778
-0.0001092108
-0.000109265
-0.0001095086
-0.0001099101
-0.0001103699
-0.0001107885
-0.0001110242
-0.0001109869
-0.0001107185
-0.0001104296
-0.0001103398
-0.0001105035
-0.00011084
-0.0001111243
-0.0001110512
-0.0001104661
-0.0001094801
-0.0001083523
-0.0001073684
-0.0001066175
-0.0001059654
-0.0001054295
-0.0001052089
-0.0001054756
-0.0001062437
-0.0001073756
-0.0001085808
-0.0001094221
-0.000109476
-0.000108642
-0.0001072139
-0.0001058263
-0.0001051405
-0.0001055907
-0.000107289
-0.0001099544
-0.0001129976
-0.0001158159
-0.0001179434
-0.0001191933
-0.0001196538
-0.0001195663
-0.000119487
-0.0001198881
-0.00012081
-0.0001218955
-0.000122703
-0.0001229828
-0.0001226989
-0.0001220526
-0.000121326
-0.0001207642
-0.0001205314
-0.0001206369
-0.0001208504
-0.0001209087
-0.0001206858
-0.0001201848
-0.0001195577
-0.0001193035
-0.0001199251
-0.0001214689
-0.0001236302
-0.0001258084
-0.0001271423
-0.0001270546
-0.0001256462
-0.0001234765
-0.0001211885
-0.0001193587
-0.0001183978
-0.0001183785
-0.0001190981
-0.0001202981
-0.0001215852
-0.0001225827
-0.0001232854
-0.0001238455
-0.0001242266
-0.0001244105
-0.0001246062
-0.0001250369
-0.0001256805
-0.0001262326
-0.0001267623
-0.0001277988
-0.0001292461
-0.0001303961
-0.0001305825
-0.0001295525
-0.0001271961
-0.0001232336
-0.0001178162
-0.0001118128
-0.000106299
-0.0001021469
-9.977706e-05
-9.889501e-05
-9.883277e-05
-9.896014e-05
-9.889113e-05
-9.854706e-05
-9.800741e-05
-9.727632e-05
-9.644421e-05
-9.569334e-05
-9.511695e-05
-9.487536e-05
-9.504081e-05
-9.522486e-05
-9.506346e-05
-9.456864e-05
-9.398738e-05
-9.341054e-05
-9.27609e-05
-9.203446e-05
-9.131314e-05
-9.08132e-05
-9.056248e-05
-9.035711e-05
-9.044119e-05
-9.111778e-05
-9.236082e-05
-9.369023e-05
-9.452937e-05
-9.470387e-05
-9.417458e-05
-9.307725e-05
-9.169914e-05
-9.028729e-05
-8.928005e-05
-8.922668e-05
-9.031306e-05
-9.221417e-05
-9.431257e-05
-9.566303e-05
-9.539405e-05
-9.32225e-05
-8.98039e-05
-8.622151e-05
-8.332054e-05
-8.147759e-05
-8.073535e-05
-8.094932e-05
-8.204427e-05
-8.384898e-05
-8.538655e-05
-8.566856e-05
-8.491341e-05
-8.396454e-05
-8.319202e-05
-8.242341e-05
-8.162216e-05
-8.128223e-05
-8.158027e-05
-8.218824e-05
-8.258035e-05
-8.238956e-05
-8.201068e-05
-8.240562e-05
-8.445014e-05
-8.813179e-05
-9.177838e-05
-9.338105e-05
-9.232775e-05
-8.958545e-05
-8.642357e-05
-8.378859e-05
-8.214846e-05
-8.185187e-05
-8.315431e-05
-8.584126e-05
-8.924775e-05
-9.229872e-05
-9.397913e-05
-9.343126e-05
-9.075045e-05
-8.636497e-05
-8.061989e-05
-7.442618e-05
-6.925221e-05
-6.70272e-05
-6.843486e-05
-7.206859e-05
-7.567381e-05
-7.757799e-05
-7.764633e-05
-7.648074e-05
-7.470849e-05
-7.318744e-05
-7.318637e-05
-7.503303e-05
-7.7842e-05
-8.010142e-05
-8.060249e-05
-7.894821e-05
-7.564216e-05
-7.174355e-05
-6.813497e-05
-6.528256e-05
-6.342596e-05
-6.299057e-05
-6.464887e-05
-6.814886e-05
-7.204766e-05
-7.502068e-05
-7.720234e-05
-7.944172e-05
-8.183244e-05
-8.316913e-05
-8.22052e-05
-7.944384e-05
-7.587118e-05
-7.212268e-05
-6.83833e-05
-6.478983e-05
-6.165416e-05
-5.97336e-05
-5.955996e-05
-6.074719e-05
-6.273534e-05
-6.521657e-05
-6.758718e-05
-6.937762e-05
-7.034262e-05
-7.071829e-05
-7.095005e-05
-7.079408e-05
-6.916378e-05
-6.526939e-05
-6.052281e-05
-5.810469e-05
-6.01253e-05
-6.643627e-05
-7.551475e-05
-8.562727e-05
-9.538252e-05
-0.0001041255
-0.0001116276
-0.0001177091
-0.000122397
-0.0001257452
-0.0001278359
-0.0001292637
-0.0001307932
-0.0001326033
-0.0001342397
-0.0001346689
-0.0001333813
-0.000131385
-0.000130205
-0.0001307355
-0.0001330464
-0.0001362214
-0.0001390173
-0.0001406974
-0.0001412133
-0.0001404907
-0.0001389282
-0.0001371144
-0.0001351187
-0.0001325255
-0.0001296823
-0.0001273585
-0.000125621
-0.000124068
-0.000122956
-0.0001233197
-0.0001261458
-0.0001316693
-0.0001383552
-0.0001439628
-0.0001465646
-0.0001455564
-0.0001425783
-0.0001395994
-0.0001371945
-0.000135096
-0.0001329771
-0.0001309433
-0.000129751
-0.0001303504
-0.0001328204
-0.0001366651
-0.0001420886
-0.0001492969
-0.0001570267
-0.0001617928
-0.0001600934
-0.0001515592
-0.0001378458
-0.0001208898
-0.0001034868
-8.820632e-05
-7.630571e-05
-6.810365e-05
-6.343903e-05
-6.140693e-05
-6.055334e-05
-5.93811e-05
-5.679053e-05
-5.236027e-05
-4.618092e-05
-3.853417e-05
-3.073139e-05
-2.472399e-05
-2.109215e-05
-1.890843e-05
-1.736203e-05
-1.668069e-05
-1.770497e-05
-2.051657e-05
-2.385855e-05
-2.614901e-05
-2.734449e-05
-2.856668e-05
-3.067911e-05
-3.356697e-05
-3.697211e-05
-3.939133e-05
-3.779181e-05
-3.180159e-05
-2.483563e-05
-2.081206e-05
-2.119553e-05
-2.463273e-05
-2.8468e-05
-3.005232e-05
-2.795429e-05
-2.30005e-05
-1.75437e-05
-1.448142e-05
-1.60923e-05
-2.271146e-05
-3.260424e-05
-4.231323e-05
-4.878773e-05
-5.022931e-05
-4.644344e-05
-4.002727e-05
-3.32804e-05
-2.637344e-05
-1.957103e-05
-1.426752e-05
-1.201309e-05
-1.33131e-05
-1.646974e-05
-1.820272e-05
-1.673758e-05
-1.366979e-05
-1.156828e-05
-1.284902e-05
-1.922809e-05
-3.031789e-05
-4.212962e-05
-4.908078e-05
-4.879692e-05
-4.217455e-05
-3.25234e-05
-2.435184e-05
-1.986468e-05
-1.849876e-05
-1.810811e-05
-1.657723e-05
-1.389562e-05
-1.172734e-05
-1.104209e-05
-1.195536e-05
-1.407233e-05
-1.611924e-05
-1.61534e-05
-1.409018e-05
-1.223816e-05
-1.332647e-05
-1.848402e-05
-2.631911e-05
-3.432581e-05
-3.903031e-05
-3.764347e-05
-3.079432e-05
-2.067747e-05
-9.81764e-06
3.572243e-07
9.859896e-06
1.824406e-05
2.486103e-05
2.869276e-05
2.910963e-05
2.653358e-05
2.293387e-05
2.161078e-05
2.431139e-05
3.023365e-05
3.744177e-05
4.379911e-05
4.780962e-05
4.935211e-05
4.864001e-05
4.597102e-05
4.237659e-05
3.875322e-05
3.533435e-05
3.200688e-05
2.876945e-05
2.612709e-05
2.472789e-05
2.473855e-05
2.671878e-05
3.194497e-05
4.069415e-05
5.076275e-05
6.04294e-05
6.933497e-05
7.653216e-05
8.009116e-05
7.912928e-05
7.480112e-05
6.903328e-05
6.454145e-05
6.266194e-05
6.218065e-05
6.067878e-05
5.703022e-05
5.214989e-05
4.761517e-05
4.490174e-05
4.516523e-05
4.900681e-05
5.612406e-05
6.491683e-05
7.231282e-05
7.461592e-05
6.947724e-05
5.643208e-05
3.593965e-05
9.651097e-06
-1.916299e-05
-4.611844e-05
-6.743681e-05
-8.232573e-05
-9.176588e-05
-9.806837e-05
-0.0001036236
-0.0001099136
-0.0001165141
-0.0001224263
-0.0001275527
-0.0001315389
-0.0001335004
-0.0001328102
-0.0001284331
-0.0001195794
-0.0001080123
-9.82145e-05
-9.453921e-05
-9.817563e-05
-0.0001064212
-0.0001148717
-0.0001215271
-0.0001274576
-0.0001340798
-0.0001411709
-0.0001462392
-0.0001462131
-0.0001406982
-0.0001314248
-0.0001206706
-0.0001114688
-0.0001065872
-0.0001077369
-0.0001152741
-0.000127817
-0.0001414219
-0.0001503162
-0.0001512601
-0.0001443844
-0.0001323591
-0.0001191793
-0.0001080552
-0.0001007217
-9.726841e-05
-9.616538e-05
-9.698223e-05
-0.000102166
-0.0001142134
-0.0001315693
-0.0001483727
-0.0001574665
-0.0001527424
-0.0001330644
-0.0001028396
-6.787187e-05
-3.312254e-05
-2.502555e-06
2.307382e-05
4.386366e-05
5.976989e-05
7.190853e-05
8.16195e-05
8.832148e-05
9.071658e-05
8.86305e-05
8.219193e-05
7.157458e-05
5.773215e-05
4.32724e-05
3.278103e-05
3.088929e-05
3.80258e-05
4.980194e-05
6.062661e-05
6.81367e-05
7.41499e-05
8.118092e-05
9.015886e-05
9.903861e-05
0.0001039212
0.0001021719
9.516898e-05
8.61393e-05
7.820834e-05
7.39749e-05
7.465857e-05
7.932606e-05
8.695807e-05
9.752369e-05
0.0001094012
0.0001200616
0.0001283399
0.000133949
0.0001359211
0.0001335812
0.0001281095
0.0001226752
0.0001189582
0.0001162917
0.0001133817
0.000109667
0.0001070337
0.0001071697
0.000108744
0.0001075607
0.000100845
8.934592e-05
7.594717e-05
6.480233e-05
5.994911e-05
6.29439e-05
7.188391e-05
8.269694e-05
9.170739e-05
9.687985e-05
9.767043e-05
9.464952e-05
8.905734e-05
8.247857e-05
7.594251e-05
6.855387e-05
5.940985e-05
5.095925e-05
4.695816e-05
5.031429e-05
6.209594e-05
8.06819e-05
0.0001012727
0.0001175292
0.0001250009
0.0001218024
0.0001088185
8.855373e-05
6.450681e-05
4.163033e-05
2.433853e-05
1.379643e-05
1.061312e-05
1.421317e-05
2.179143e-05
2.985356e-05
3.653e-05
4.221644e-05
4.703681e-05
4.893168e-05
4.729525e-05
4.438647e-05
4.350472e-05
4.493985e-05
4.824173e-05
5.499019e-05
6.617027e-05
7.942027e-05
9.149908e-05
0.0001012386
0.0001068057
0.0001048776
9.425808e-05
7.861098e-05
6.432419e-05
5.675681e-05
5.861835e-05
6.953011e-05
8.606879e-05
0.0001021697
0.0001117098
0.000112445
0.0001063414
9.722841e-05
8.633578e-05
7.342787e-05
5.942288e-05
4.89195e-05
4.677184e-05
5.43699e-05
6.955527e-05
8.739686e-05
0.0001032593
0.000114471
0.0001221107
0.0001290304
0.0001361577
0.0001410719
0.0001406358
0.000133245
0.0001202641
0.0001029288
8.27086e-05
6.330378e-05
5.036788e-05
4.90576e-05
6.123703e-05
8.338738e-05
0.0001077073
0.0001246566
0.0001270338
0.0001129194
8.399967e-05
4.408539e-05
1.100185e-06
-3.434588e-05
-5.614891e-05
-6.567557e-05
-6.747975e-05
-6.551622e-05
-6.385544e-05
-6.531753e-05
-7.088105e-05
-7.980354e-05
-8.827129e-05
-9.278124e-05
-9.262806e-05
-8.995284e-05
-8.806091e-05
-8.907866e-05
-9.360374e-05
-0.0001001235
-0.0001064903
-0.000111184
-0.0001134229
-0.0001138991
-0.0001144847
-0.0001150745
-0.0001139594
-0.0001102121
-0.0001054176
-0.000102181
-0.0001017258
-0.000102432
-0.0001017749
-9.830856e-05
-9.319207e-05
-9.025879e-05
-9.155931e-05
-9.585786e-05
-0.0001008779
-0.0001046558
-0.0001051512
-0.0001004163
-9.168126e-05
-8.223842e-05
-7.504347e-05
-7.35608e-05
-8.093731e-05
-9.675878e-05
-0.0001156612
-0.0001297391
-0.000134138
-0.0001286297
-0.0001160654
-0.0001018116
-9.122303e-05
-8.671891e-05
-8.47566e-05
-7.67201e-05
-5.777297e-05
-3.354662e-05
-1.43202e-05
-5.335669e-06
-5.095437e-06
-7.14676e-06
-3.332758e-06
1.214885e-05
4.144555e-05
8.107572e-05
0.000121516
0.000153001
0.0001687678
0.0001669995
0.0001534291
0.0001370772
0.0001238154
0.0001151245
0.000109595
0.0001070055
0.0001077844
0.0001101137
0.0001104782
0.0001075068
0.000102718
9.633225e-05
8.811772e-05
7.77044e-05
6.578e-05
5.611102e-05
5.393635e-05
6.216409e-05
7.879145e-05
9.977523e-05
0.0001202629
0.0001373207
0.0001484279
0.0001511342
0.0001446938
0.0001312921
0.0001145705
9.7662e-05
8.165871e-05
6.776125e-05
5.997779e-05
6.038586e-05
6.744384e-05
7.938813e-05
9.629014e-05
0.0001167157
0.0001353385
0.0001463982
0.0001470202
0.000138703
0.0001254652
0.0001120325
0.000102271
9.765002e-05
9.790709e-05
0.0001004
0.0001011854
9.764677e-05
8.91501e-05
7.806454e-05
6.838829e-05
6.510087e-05
7.319485e-05
9.245896e-05
0.0001159108
0.0001339853
0.0001404142
0.0001362502
0.0001278543
0.0001204317
0.0001157177
0.0001141868
0.0001157007
0.0001196179
0.0001272442
0.0001387016
0.0001488007
0.0001513945
0.0001440632
0.0001288384
0.0001124165
0.0001033462
0.0001071225
0.0001212392
0.0001369635
0.0001446284
0.000138109
0.0001179813
9.13257e-05
6.90685e-05
5.835832e-05
5.986805e-05
7.06731e-05
8.623486e-05
0.0001013908
0.0001109439
0.0001121166
0.0001070901
0.0001003468
9.573294e-05
9.390351e-05
9.411209e-05
9.542539e-05
9.75567e-05
0.0001004795
0.0001036399
0.0001043672
0.0001003904
9.171419e-05
8.328419e-05
8.486421e-05
0.0001017276
0.0001278309
0.0001533428
0.000171298
0.0001780766
0.0001744318
0.0001644121
0.000152782
0.0001442425
0.0001405507
0.000139516
0.0001387487
0.0001365051
0.0001316882
0.0001244968
0.00011675
0.0001117782
0.0001127258
0.0001196383
0.0001293442
0.0001390878
0.0001479951
0.0001548071
0.000158034
0.0001550927
0.0001453413
0.000131194
0.0001147869
9.595257e-05
7.456633e-05
5.109462e-05
2.476733e-05
-4.906395e-06
-3.706815e-05
-6.914366e-05
-9.724132e-05
-0.0001162512
-0.0001224003
-0.0001187269
-0.0001113687
-0.0001024046
-9.229062e-05
-8.380735e-05
-8.011579e-05
-8.148094e-05
-8.558214e-05
-9.049543e-05
-9.604394e-05
-0.0001025618
-0.0001096334
-0.0001170306
-0.000122448
-0.0001222592
-0.0001143848
-0.0001014465
-8.970107e-05
-8.430028e-05
-8.765118e-05
-9.849215e-05
-0.0001125613
-0.0001238622
-0.0001283426
-0.0001242828
-0.0001134717
-0.0001023645
-9.66084e-05
-9.835259e-05
-0.000105501
-0.0001145254
-0.0001225727
-0.00012615
-0.0001233441
-0.0001138817
-9.959791e-05
-8.502024e-05
-7.458971e-05
-7.263099e-05
-8.247468e-05
-0.0001030684
-0.0001282678
-0.0001493443
-0.0001585792
-0.0001533063
-0.0001335456
-9.877869e-05
-5.136969e-05
9.464627e-07
4.635137e-05
7.772641e-05
9.567505e-05
0.0001041919
0.000109101
0.000114829
0.000122621
0.0001319882
0.0001405513
0.0001434256
0.000136852
0.0001226725
0.0001073958
9.725174e-05
9.459996e-05
9.5122e-05
9.443305e-05
9.211961e-05
8.838969e-05
8.552498e-05
8.685739e-05
9.214651e-05
9.767525e-05
9.81896e-05
9.053307e-05
7.747205e-05
6.486414e-05
5.784755e-05
5.868057e-05
6.708301e-05
8.178706e-05
0.0001030745
0.0001281715
0.000149726
0.0001582377
0.0001488634
0.0001272158
0.0001032912
8.373788e-05
7.020266e-05
6.391266e-05
6.673547e-05
7.694909e-05
8.967833e-05
0.0001011387
0.0001095817
0.0001151997
0.0001187159
0.0001207788
0.0001210418
0.0001194141
0.0001169601
0.0001148378
0.0001127977
0.0001105667
0.000107322
0.0001006808
9.076273e-05
7.926218e-05
6.890124e-05
6.440332e-05
6.918901e-05
8.129202e-05
9.370224e-05
9.937347e-05
9.702602e-05
9.236449e-05
9.162436e-05
9.631945e-05
0.0001047028
0.0001143425
0.0001222577
0.0001265297
0.0001264592
0.0001222129
0.0001171903
0.0001156552
0.0001184295
0.00012185
0.0001209911
0.0001151137
0.0001086263
0.0001082986
0.0001155363
0.0001258315
0.0001354505
0.0001427287
0.0001471257
0.0001486917
0.0001483835
0.0001485913
0.0001499681
0.0001490849
0.0001419178
0.0001286548
0.0001136032
0.0001013359
9.624777e-05
0.0001007555
0.0001113909
0.0001210138
0.0001237623
0.0001176756
0.0001054324
9.376563e-05
9.085593e-05
0.000101015
0.0001218883
0.0001469284
0.0001669452
0.0001747819
0.0001705951
0.000159754
0.0001479
0.0001385358
0.0001327187
0.000129595
0.0001274235
0.0001238581
0.0001169809
0.000108896
0.0001049615
0.0001086865
0.0001169658
0.0001255173
0.0001338328
0.0001432776
0.0001537478
0.0001605823
0.000157468
0.0001441013
0.0001266086
0.0001133548
0.0001111756
0.0001214537
0.0001396038
0.0001577623
0.000167011
0.0001598991
0.0001350469
9.725294e-05
5.157524e-05
3.19724e-06
-4.317604e-05
-8.342482e-05
-0.0001135587
-0.0001296455
-0.0001292653
-0.0001143506
-9.416922e-05
-8.034527e-05
-7.794218e-05
-8.520429e-05
-9.694456e-05
-0.0001069746
-0.0001121492
-0.0001123049
-0.0001088302
-0.0001039055
-9.983621e-05
-9.844074e-05
-9.98223e-05
-0.0001006616
-9.827761e-05
-9.655819e-05
-9.969952e-05
-0.0001070779
-0.0001148418
-0.0001202368
-0.0001227204
-0.000123233
-0.0001220707
-0.0001210612
-0.0001229451
-0.0001271415
-0.000131088
-0.0001331315
-0.0001327569
-0.0001318963
-0.0001339729
-0.0001402294
-0.0001472377
-0.0001483755
-0.0001414766
-0.0001305723
-0.000120711
-0.0001149011
-0.000113689
-0.0001155574
-0.0001185672
-0.0001213636
-0.0001225462
-0.0001226642
-0.0001215131
-0.0001183344
-0.0001098164
-8.998861e-05
-5.897615e-05
-2.321506e-05
1.096103e-05
3.945749e-05
6.119814e-05
7.656626e-05
9.003389e-05
0.0001072183
0.0001273295
0.000145736
0.0001603734
0.0001722177
0.0001815791
0.0001859144
0.0001810762
0.000165142
0.0001424625
0.0001231388
0.0001130305
0.0001115117
0.0001147562
0.0001174021
0.0001167204
0.0001145377
0.0001131113
0.0001133877
0.0001166213
0.0001244825
0.0001361994
0.0001456695
0.000146275
0.0001367332
0.0001209298
0.0001041207
9.261594e-05
9.347815e-05
0.0001099992
0.0001357469
0.0001590751
0.0001716166
0.0001715381
0.0001622609
0.0001495961
0.0001395712
0.0001355225
0.0001383434
0.0001450027
0.000150001
0.0001488272
0.0001406325
0.0001282268
0.0001168632
0.0001096563
0.0001062617
0.0001048897
0.0001030718
9.999663e-05
9.611833e-05
9.088784e-05
8.574886e-05
8.48e-05
9.065405e-05
0.0001020927
0.0001162963
0.0001287227
0.0001346893
0.0001334718
0.0001276953
0.0001206345
0.0001142
0.000110072
0.0001104723
0.0001158811
0.000122364
0.000125088
0.0001215691
0.0001125913
0.0001021691
9.559377e-05
9.524745e-05
9.902154e-05
0.0001046331
0.0001111735
0.0001177808
0.0001236004
0.0001270482
0.0001271269
0.000124296
0.0001194059
0.0001124019
0.0001040104
9.615711e-05
9.075186e-05
8.983342e-05
9.370269e-05
9.901887e-05
9.944897e-05
9.124128e-05
7.6577e-05
6.251634e-05
5.558709e-05
5.780335e-05
6.923522e-05
8.639721e-05
0.0001029736
0.0001151625
0.0001235444
0.000130902
0.0001389115
0.0001471301
0.000153063
0.000155189
0.0001537698
0.0001516452
0.0001512865
0.000149464
0.0001419083
0.0001293997
0.0001149591
0.0001006828
8.835719e-05
7.89273e-05
7.336592e-05
7.430766e-05
8.321881e-05
9.750897e-05
0.0001118917
0.0001218311
0.0001265739
0.0001269793
0.0001249699
0.0001227178
0.0001208924
0.0001200207
0.0001207059
0.0001225873
0.0001266403
0.0001356897
0.0001501498
0.0001660921
0.0001756529
0.0001718351
0.0001518612
0.0001166534
6.877711e-05
1.478658e-05
-3.414108e-05
-6.721522e-05
-8.001152e-05
-7.710609e-05
-6.791179e-05
-6.284163e-05
-6.889129e-05
-8.594238e-05
-0.0001065412
-0.0001221364
-0.0001290028
-0.0001285713
-0.000124825
-0.000121888
-0.0001201169
-0.0001174374
-0.0001118285
-0.0001019978
-9.127869e-05
-8.462263e-05
-8.369221e-05
-8.673308e-05
-9.149e-05
-9.693082e-05
-0.0001030887
-0.0001096422
-0.0001142406
-0.0001158604
-0.0001171831
-0.0001197344
-0.0001225809
-0.0001241846
-0.0001240652
-0.0001218445
-0.0001174181
-0.0001124622
-0.0001089639
-0.0001080402
-0.0001097718
-0.000113329
-0.0001172991
-0.000120864
-0.0001250178
-0.0001305633
-0.0001372666
-0.0001436887
-0.0001464649
-0.00014395
-0.000136723
-0.0001279795
-0.000119299
-0.0001084156
-9.387462e-05
-7.624818e-05
-5.480575e-05
-2.806749e-05
2.915272e-06
3.570664e-05
6.826551e-05
9.648305e-05
0.0001165059
0.0001269763
0.0001278003
0.0001207973
0.0001093083
9.751595e-05
9.152138e-05
9.469531e-05
0.0001040428
0.0001132864
0.000117695
0.0001154749
0.0001077729
9.979539e-05
9.603451e-05
9.720404e-05
0.0001035944
0.000115766
0.0001317038
0.0001464211
0.0001546144
0.000153322
0.0001436607
0.0001293437
0.0001151539
0.000106175
0.0001052699
0.0001103003
0.0001174427
0.0001231184
0.000123549
0.0001168495
0.0001036895
8.654396e-05
7.105742e-05
6.436579e-05
6.937567e-05
8.326596e-05
0.0001003283
0.0001149305
0.0001243427
0.0001284206
0.0001274263
0.0001226357
0.0001159566
0.0001086147
0.0001026542
0.0001008788
0.0001043307
0.0001113074
0.0001195357
0.0001289379
0.0001391899
0.0001483274
0.0001522231
0.0001484077
0.0001392885
0.0001279212
0.0001171585
0.0001096102
0.0001073878
0.000113417
0.0001270282
0.0001415846
0.0001500459
0.0001495599
0.000140853
0.000127948
0.0001182792
0.0001176658
0.0001246234
0.0001323713
0.0001351673
0.0001331087
0.0001308942
0.0001315573
0.0001342034
0.0001354296
0.0001313213
0.0001223573
0.0001143095
0.0001117434
0.0001121815
0.0001101751
0.0001022326
9.124617e-05
8.564104e-05
9.306961e-05
0.0001128882
0.0001370302
0.0001542878
0.0001560855
0.0001425171
0.0001231821
0.0001092655
0.0001054098
0.0001102418
0.0001195278
0.0001275244
0.0001298974
0.0001263923
0.0001201747
0.0001132188
0.0001083594
0.0001099652
0.0001188696
0.0001324248
0.0001443486
0.000147205
0.0001387591
0.0001243245
0.0001126052
0.0001077984
0.000109094
0.0001135959
0.0001172744
0.0001175242
0.0001139045
0.0001071474
0.0001003142
9.737418e-05
9.984664e-05
0.0001088558
0.0001243779
0.0001420844
0.0001561238
0.0001625595
0.0001610064
0.0001537789
0.0001444074
0.0001351559
0.0001274687
0.0001206409
0.0001130058
0.0001037804
9.202158e-05
7.499501e-05
5.141085e-05
2.128715e-05
-1.374465e-05
-4.57029e-05
-6.748409e-05
-7.914097e-05
-8.476916e-05
-8.937135e-05
-9.58731e-05
-0.0001040118
-0.0001098927
-0.0001092466
-0.0001011243
-8.73888e-05
-7.202598e-05
-6.000944e-05
-5.560853e-05
-6.209172e-05
-7.952639e-05
-0.0001031974
-0.0001248135
-0.0001367813
-0.0001364698
-0.0001270743
-0.0001154776
-0.0001080268
-0.0001081252
-0.0001147025
-0.0001226286
-0.0001270069
-0.0001261397
-0.0001234582
-0.0001236922
-0.0001291725
-0.000138843
-0.0001490165
-0.0001563027
-0.000158253
-0.0001543653
-0.0001487787
-0.0001453141
-0.0001446365
-0.0001463988
-0.0001496016
-0.0001526669
-0.0001552688
-0.0001559274
-0.000152551
-0.0001474572
-0.000146573
-0.0001531423
-0.0001650181
-0.0001765392
-0.0001794534
-0.0001655598
-0.0001330431
-8.647647e-05
-3.39663e-05
1.664281e-05
5.929536e-05
9.086306e-05
0.0001118762
0.0001254288
0.0001355723
0.0001436708
0.0001483525
0.0001492339
0.0001469684
0.0001433198
0.0001412273
0.0001416701
0.000143997
0.0001471386
0.0001500886
0.0001529655
0.0001577415
0.0001649914
0.0001718682
0.000175706
0.000175186
0.0001684648
0.0001538663
0.0001332399
0.0001116476
9.384233e-05
8.27963e-05
7.847808e-05
7.963557e-05
8.405447e-05
9.077988e-05
9.950191e-05
0.0001088265
0.0001158133
0.0001170032
0.0001112573
0.0001000744
8.563917e-05
7.102747e-05
6.156178e-05
6.11623e-05
6.862743e-05
8.156177e-05
9.968892e-05
0.0001217509
0.0001430385
0.0001584611
0.0001646541
0.0001617623
0.0001544702
0.0001467577
0.0001413
0.0001402942
0.0001427248
0.0001452607
0.0001442646
0.0001371274
0.0001242822
0.0001098869
9.789168e-05
9.062531e-05
8.920315e-05
9.13774e-05
9.469786e-05
9.957863e-05
0.0001051777
0.0001094091
0.0001112074
0.0001094141
0.0001033383
9.540048e-05
9.085613e-05
9.429018e-05
0.0001064352
0.0001232769
0.0001400789
0.0001535876
0.0001619095
0.0001639763
0.0001600532
0.0001526369
0.0001446387
0.000138005
0.0001336717
0.0001310115
0.0001282733
0.0001250891
0.0001213663
0.0001171281
0.0001133031
0.0001131072
0.0001184549
0.0001272079
0.0001342922
0.0001350596
0.0001275979
0.0001135609
9.820655e-05
8.851687e-05
8.877701e-05
9.764455e-05
0.0001108526
0.0001243856
0.0001347467
0.0001403753
0.0001421326
0.0001424001
0.0001437997
0.0001471865
0.0001500662
0.0001496011
0.0001457863
0.0001405135
0.0001362803
0.0001355606
0.000139207
0.000144996
0.0001494338
0.0001505091
0.0001491945
0.0001475126
0.0001450278
0.0001384966
0.0001282522
0.0001179327
0.000110359
0.0001047989
0.0001001798
9.691606e-05
9.41857e-05
8.953155e-05
8.338951e-05
8.097888e-05
8.705666e-05
9.846525e-05
0.000109245
0.0001172544
0.0001218763
0.0001235487
0.0001251668
0.0001281151
0.0001297036
0.0001256017
0.0001146341
9.823811e-05
7.760771e-05
5.343452e-05
2.709552e-05
3.414934e-07
-2.651269e-05
-5.223176e-05
-7.390479e-05
-9.009988e-05
-0.0001005608
-0.0001032804
-9.653089e-05
-8.502346e-05
-7.674028e-05
-7.470285e-05
-7.69763e-05
-8.163178e-05
-8.875471e-05
-9.672906e-05
-0.0001013966
-0.0001000964
-9.533746e-05
-9.304129e-05
-9.61735e-05
-0.0001028242
-0.0001089728
-0.0001124317
-0.0001155671
-0.0001205069
-0.0001240739
-0.0001212124
-0.0001125052
-0.0001015886
-9.174246e-05
-8.524032e-05
-8.232483e-05
-8.057632e-05
-7.74391e-05
-7.242529e-05
-6.756552e-05
-6.601469e-05
-6.825676e-05
-7.18437e-05
-7.685753e-05
-8.54107e-05
-9.836771e-05
-0.0001152367
-0.0001339044
-0.0001499312
-0.000158292
-0.0001569673
-0.0001463355
-0.000126887
-9.827916e-05
-6.039522e-05
-1.424284e-05
3.542003e-05
8.259175e-05
0.0001218086
0.0001493962
0.0001647447
0.0001692381
0.000165498
0.0001566678
0.000143732
0.0001286187
0.0001174486
0.0001152246
0.0001222954
0.0001352405
0.0001490695
0.000159653
0.0001675941
0.000174392
0.0001779796
0.0001751759
0.0001659401
0.0001556689
0.0001524456
0.0001588083
0.0001716001
0.0001852915
0.0001951807
0.0001980323
0.0001911011
0.0001741306
0.0001502171
0.0001251084
0.0001074184
0.0001044138
0.0001165022
0.0001384804
0.0001634666
0.0001844844
0.0001957176
0.0001939221
0.0001791426
0.0001563545
0.0001331238
0.0001162477
0.0001075118
0.0001053537
0.0001077859
0.0001140642
0.0001210598
0.000124172
0.0001215092
0.0001152733
0.0001102415
0.0001102353
0.0001169281
0.000130323
0.0001470242
0.0001613026
0.0001691777
0.0001684715
0.0001590066
0.000143996
0.0001284151
0.0001175115
0.0001143783
0.0001174733
0.0001241723
0.0001333942
0.0001445837
0.0001557718
0.0001644145
0.0001690974
0.0001704297
0.0001690888
0.0001645116
0.0001561661
0.0001455257
0.0001351326
0.0001276451
0.0001247302
0.0001257303
0.0001284804
0.0001297131
0.0001273368
0.0001218949
0.0001154884
0.0001092097
0.0001031757
9.902512e-05
9.87928e-05
0.000101111
0.0001020862
9.85719e-05
9.088472e-05
8.283905e-05
8.037009e-05
8.741733e-05
0.0001047652
0.0001298647
0.0001562647
0.0001756904
0.0001823039
0.0001740428
0.0001541184
0.0001304819
0.0001107508
9.90794e-05
9.912725e-05
0.000111471
0.0001314413
0.0001531643
0.0001716775
0.0001829182
0.0001835577
0.0001730708
0.0001571049
0.0001439265
0.0001373603
0.000135538
0.0001345029
0.0001312387
0.0001252166
0.0001188447
0.00011594
0.0001184494
0.000125622
0.0001351599
0.0001429947
0.0001452168
0.0001389532
0.0001231884
0.0001022647
8.439636e-05
7.645634e-05
8.142453e-05
9.909983e-05
0.000123168
0.0001420069
0.0001461084
0.0001330069
0.0001064692
7.386781e-05
4.221312e-05
1.505119e-05
-6.969516e-06
-2.395201e-05
-3.561808e-05
-4.227774e-05
-4.495751e-05
-4.580575e-05
-4.856701e-05
-5.682737e-05
-7.177175e-05
-8.861101e-05
-9.865905e-05
-9.639406e-05
-8.429022e-05
-6.885282e-05
-5.523157e-05
-4.671627e-05
-4.690817e-05
-5.925304e-05
-8.261193e-05
-0.0001094214
-0.0001301198
-0.0001392054
-0.0001393245
-0.00013567
-0.0001319523
-0.000130436
-0.0001312569
-0.0001340562
-0.0001382588
-0.0001421139
-0.0001443841
-0.0001455521
-0.0001475009
-0.0001525425
-0.0001613038
-0.0001707787
-0.0001769285
-0.0001784901
-0.0001769142
-0.0001734811
-0.0001679356
-0.0001591696
-0.0001473863
-0.0001371924
-0.0001351277
-0.0001434391
-0.000160673
-0.0001830395
-0.0002041975
-0.0002171393
-0.0002169975
-0.0002006311
-0.0001680355
-0.0001210141
-6.348118e-05
-3.183881e-06
4.942472e-05
8.502586e-05
0.0001009311
0.0001023913
9.818005e-05
9.561236e-05
9.734348e-05
0.0001034729
0.0001141843
0.0001292957
0.0001471448
0.0001633305
0.0001746417
0.0001803169
0.0001815701
0.0001792524
0.0001731965
0.0001636809
0.0001506495
0.0001338897
0.0001143817
9.55468e-05
8.258245e-05
7.889622e-05
8.270899e-05
8.885637e-05
9.369896e-05
9.562156e-05
9.409236e-05
8.946468e-05
8.271e-05
7.539453e-05
6.871087e-05
6.254942e-05
5.668298e-05
5.216284e-05
5.292962e-05
6.2e-05
7.729649e-05
9.197869e-05
0.0001002139
9.881011e-05
8.750424e-05
6.939717e-05
4.726042e-05
2.418664e-05
5.924346e-06
-3.024979e-06
-1.886545e-06
4.625797e-06
1.123223e-05
1.900708e-05
3.083502e-05
4.506482e-05
5.719957e-05
6.31153e-05
6.193655e-05
5.605819e-05
4.908453e-05
4.520552e-05
4.615619e-05
4.991645e-05
5.489226e-05
6.119446e-05
6.813076e-05
7.380238e-05
7.71795e-05
7.798913e-05
7.534867e-05
6.923912e-05
6.091987e-05
5.196268e-05
4.56948e-05
4.58337e-05
5.313918e-05
6.642218e-05
8.191178e-05
9.345689e-05
9.640251e-05
8.944634e-05
7.317948e-05
5.089329e-05
2.616185e-05
1.797911e-06
-1.885171e-05
-3.107865e-05
-3.133748e-05
-2.212678e-05
-8.388319e-06
6.779412e-06
2.278528e-05
4.175807e-05
6.358536e-05
8.4141e-05
9.928046e-05
0.0001067531
0.000107016
0.0001037168
0.0001004741
9.886123e-05
0.000101695
0.0001122409
0.0001295857
0.0001485395
0.0001630492
0.0001706427
0.0001729119
0.0001746074
0.0001801743
0.0001908682
0.0002038362
0.0002134751
0.0002158737
0.000212516
0.0002077261
0.0002025808
0.0001964213
0.0001893712
0.0001822641
0.0001758079
0.0001713645
0.0001705682
0.0001752478
0.0001844557
0.0001930954
0.0001963736
0.0001927415
0.000184102
0.0001742402
0.0001648599
0.0001546649
0.0001433099
0.0001331829
0.0001281541
0.0001299433
0.0001385439
0.0001499494
0.0001583202
0.0001596381
0.0001532177
0.0001391675
0.0001153542
7.929168e-05
3.312952e-05
-1.497965e-05
-5.636871e-05
-8.657466e-05
-0.0001053207
-0.000116527
-0.0001248317
-0.0001320867
-0.0001371217
-0.0001381038
-0.0001342357
-0.0001262749
-0.0001166391
-0.0001074404
-9.815603e-05
-8.903566e-05
-8.190199e-05
-7.699167e-05
-7.458691e-05
-7.622493e-05
-8.087588e-05
-8.422357e-05
-8.287064e-05
-7.747559e-05
-7.12471e-05
-6.704064e-05
-6.440099e-05
-6.008491e-05
-5.18188e-05
-4.056984e-05
-2.991455e-05
-2.322704e-05
-2.120283e-05
-2.15011e-05
-2.118432e-05
-1.619743e-05
-3.974647e-06
1.416587e-05
3.600665e-05
5.882811e-05
7.855866e-05
9.280281e-05
0.000101906
0.0001075515
0.0001112366
0.0001130866
0.000112261
0.0001074731
9.533291e-05
7.368003e-05
4.601876e-05
2.098635e-05
8.009574e-06
1.042027e-05
2.669049e-05
5.437087e-05
8.920365e-05
0.0001259629
0.0001588221
0.0001837612
0.0001999161
0.0002090004
0.000212936
0.0002136202
0.0002121576
0.0002083052
0.0002026702
0.0001954995
0.0001877324
0.0001820315
0.0001812908
0.0001846976
0.0001866248
0.0001816463
0.0001673821
0.0001438629
0.000114754
8.813592e-05
7.163016e-05
6.79123e-05
7.590545e-05
9.38603e-05
0.0001169243
0.0001373045
0.0001493551
0.0001516369
0.0001463035
0.0001369429
0.0001263179
0.0001165171
0.0001088874
0.0001048169
0.0001046186
0.0001067311
0.0001081443
0.0001053296
9.621411e-05
8.220548e-05
6.538836e-05
4.642982e-05
2.858134e-05
1.652419e-05
1.355973e-05
2.003967e-05
3.451401e-05
5.359017e-05
7.072496e-05
7.92947e-05
7.751675e-05
6.962001e-05
6.094408e-05
5.548756e-05
5.613704e-05
6.276762e-05
7.068872e-05
7.275302e-05
6.644153e-05
5.555105e-05
4.758608e-05
4.87217e-05
6.008405e-05
7.968669e-05
0.0001061897
0.0001382608
0.0001699369
0.0001945982
0.0002085521
0.0002101384
0.0002003255
0.0001829629
0.0001624584
0.000141357
0.0001227703
0.0001099003
0.0001026441
9.765109e-05
9.271894e-05
8.86097e-05
8.826577e-05
9.223014e-05
9.715472e-05
9.941641e-05
9.71251e-05
8.823621e-05
7.170982e-05
4.960881e-05
2.617575e-05
6.654798e-06
-1.112724e-06
7.06923e-06
2.647953e-05
4.640891e-05
5.551391e-05
4.722296e-05
2.290417e-05
-1.10586e-05
-4.502852e-05
-7.091946e-05
-8.401794e-05
-8.472624e-05
-7.931151e-05
-7.518804e-05
-7.646527e-05
-8.389928e-05
-9.487412e-05
-0.0001032214
-0.000104442
-0.0001014795
-0.0001026377
-0.0001149208
-0.0001400763
-0.0001763644
-0.0002191657
-0.0002610562
-0.0002952212
-0.0003204964
-0.0003400364
-0.0003540196
-0.0003593469
-0.0003524958
-0.0003330258
-0.0003055107
-0.0002775843
-0.000254837
-0.0002380501
-0.0002232839
-0.0002050427
-0.0001783709
-0.0001421356
-0.0001016538
-6.488811e-05
-3.739233e-05
-1.968847e-05
-8.191031e-06
1.985405e-06
1.420267e-05
2.827516e-05
4.067834e-05
4.723581e-05
4.576865e-05
3.782105e-05
2.690074e-05
1.591912e-05
4.937991e-06
-7.596085e-06
-2.083674e-05
-3.054955e-05
-3.245723e-05
-2.522735e-05
-9.636517e-06
1.201208e-05
3.632961e-05
5.945703e-05
7.695422e-05
8.607651e-05
8.607951e-05
7.933481e-05
7.167972e-05
7.091734e-05
8.355766e-05
0.0001092878
0.00013891
0.0001603
0.000165899
0.0001572061
0.0001436518
0.0001362093
0.0001400343
0.0001509244
0.0001600141
0.0001610749
0.0001531164
0.0001403759
0.0001288548
0.0001252179
0.000134124
0.0001532743
0.000174771
0.0001897398
0.0001928245
0.0001862222
0.0001760719
0.0001660207
0.0001566469
0.0001468735
0.0001351853
0.0001201792
9.996692e-05
7.422374e-05
4.642954e-05
2.224537e-05
8.07152e-06
6.993041e-06
1.693474e-05
3.238147e-05
4.7843e-05
5.902289e-05
6.402246e-05
6.781964e-05
7.881053e-05
0.0001012689
0.0001349958
0.0001779791
0.0002252311
0.0002694531
0.0003032373
0.000322119
0.0003291923
0.0003313224
0.0003328811
0.0003365994
0.0003445228
0.0003565687
0.0003697863
0.000381011
0.0003867573
0.0003844233
0.0003750394
0.0003603511
0.0003417343
0.0003208469
0.000297731
0.0002709857
0.0002376925
0.0001979759
0.000157756
0.0001237749
9.914686e-05
8.076653e-05
6.152091e-05
3.398455e-05
-4.195556e-06
-4.843163e-05
-9.150631e-05
-0.0001278754
-0.0001547764
-0.0001701567
-0.0001743422
-0.0001713575
-0.0001653361
-0.0001611182
-0.0001604441
-0.0001596926
-0.000154664
-0.0001432095
-0.0001243586
-9.86038e-05
-6.818538e-05
-3.628676e-05
-6.60738e-06
1.65698e-05
2.825406e-05
2.564247e-05
1.108054e-05
-5.37576e-06
-1.211875e-05
-2.666083e-06
2.107123e-05
5.00449e-05
7.249516e-05
8.034934e-05
7.210241e-05
5.147539e-05
2.406767e-05
-5.156437e-06
-3.363804e-05
-5.976183e-05
-8.156676e-05
-9.920122e-05
-0.0001135838
-0.0001275535
-0.0001449684
-0.0001682887
-0.0001991497
-0.0002367786
-0.0002775619
-0.0003164175
-0.0003501493
-0.0003778272
-0.0004012535
-0.0004250235
-0.0004499051
-0.0004745087
-0.0004977024
-0.00051686
-0.0005280945
-0.0005276436
-0.0005126201
-0.0004812656
-0.0004365066
-0.0003834103
-0.0003269864
-0.0002711054
-0.0002172105
-0.0001640893
-0.0001091978
-5.163586e-05
7.65788e-06
6.806376e-05
0.0001283018
0.0001830602
0.0002258431
0.0002535828
0.0002683791
0.000276142
0.0002795697
0.000277111
0.0002674401
0.0002518028
0.0002312818
0.0002059908
0.0001768007
0.0001464396
0.0001189135
9.93836e-05
9.15505e-05
9.233541e-05
9.501192e-05
9.614854e-05
9.662257e-05
0.0001003241
0.0001115678
0.000132617
0.0001640658
0.0002022833
0.0002381452
0.0002612497
0.0002661881
0.0002545587
0.0002329708
0.000209089
0.0001891565
0.000175424
0.0001632073
0.0001438419
0.0001095422
5.753809e-05
-8.593041e-06
-8.282056e-05
-0.0001602825
-0.0002362939
-0.0003060677
-0.0003665409
-0.0004161908
-0.0004539183
-0.0004810721
-0.0005013632
-0.0005174518
-0.0005299505
-0.0005380356
-0.0005410681
-0.0005382087
-0.000526276
-0.0005011337
-0.0004614503
-0.0004101451
-0.0003545943
-0.0003037417
-0.0002627875
-0.000231122
-0.0002047473
-0.0001800429
-0.000155082
-0.0001276625
-9.669711e-05
-6.467564e-05
-3.47906e-05
-9.253273e-06
8.080814e-06
1.215614e-05
1.621475e-06
-1.97208e-05
-4.53198e-05
-6.747657e-05
-7.999515e-05
-8.21733e-05
-7.861189e-05
-7.757898e-05
-8.58997e-05
-0.0001043182
-0.0001280721
-0.0001503197
-0.000167442
-0.0001796751
-0.0001882974
-0.0001943478
-0.000197237
-0.0001967901
-0.0001953224
-0.0001955271
-0.0001983928
-0.0002016275
-0.000199658
-0.0001877473
-0.0001627042
-0.0001239002
-7.707345e-05
-3.184256e-05
3.068897e-06
2.361113e-05
3.147071e-05
3.159339e-05
3.109215e-05
3.674517e-05
5.082465e-05
7.037938e-05
9.08709e-05
0.0001099606
0.0001280226
0.0001466129
0.0001671281
0.0001898807
0.0002119382
0.0002286132
0.000236666
0.0002360466
0.0002297526
0.0002202225
0.000209312
0.0001984294
0.0001878078
0.0001776442
0.0001675828
0.0001566035
0.0001439824
0.0001292272
0.0001116315
9.008251e-05
6.204484e-05
2.902546e-05
-3.04157e-06
-2.857794e-05
-4.403897e-05
-4.856119e-05
-4.615949e-05
-4.435867e-05
-4.79956e-05
-5.906097e-05
-7.648307e-05
-9.441654e-05
-0.0001043526
-9.882747e-05
-7.665893e-05
-4.505433e-05
-1.425215e-05
8.082397e-06
1.936067e-05
2.334243e-05
2.687609e-05
3.458508e-05
4.940461e-05
7.203002e-05
9.944828e-05
0.000127076
0.0001499495
0.0001660066
0.0001760905
0.0001821448
0.0001873875
0.0001934506
0.0002011808
0.0002132714
0.0002330641
0.0002605854
0.0002928441
0.0003274239
0.0003603312
0.0003863145
0.0004031326
0.0004140038
0.0004237157
0.0004363244
0.0004529735
0.0004705437
0.0004860882
0.0004997028
0.0005119417
0.0005213548
0.0005238597
0.0005146258
0.0004923701
0.0004620498
0.0004342438
0.0004199265
0.0004243673
0.0004466334
0.0004805345
0.0005162089
0.0005447953
0.0005620287
0.0005657918
0.0005567488
0.0005401523
0.0005246706
0.0005202652
0.0005325284
0.0005594855
0.0005934912
0.0006272486
0.0006567337
0.0006783273
0.0006873811
0.0006808973
0.0006608711
0.0006331636
0.0006034711
0.000575934
0.0005515279
0.0005295983
0.0005088401
0.0004885467
0.0004683535
0.0004462599
0.0004200438
0.0003892906
0.0003575494
0.0003305995
0.0003103683
0.0002912152
0.0002661418
0.0002316014
0.0001897688
0.0001475846
0.0001107091
8.271262e-05
6.592475e-05
5.909039e-05
5.964169e-05
6.445257e-05
6.955242e-05
7.068547e-05
6.465033e-05
5.100092e-05
3.049915e-05
3.313007e-06
-3.317706e-05
-8.283709e-05
-0.0001453107
-0.0002160668
-0.0002903064
-0.000366234
-0.0004428829
-0.0005192737
-0.0005943428
-0.000667772
-0.0007416658
-0.0008171869
-0.000894412
-0.0009731889
-0.001051586
-0.001126411
-0.001193887
-0.001251019
-0.001298459
-0.001341214
-0.001385
-0.001430633
-0.001476334
-0.001520166
-0.001558684
-0.001587117
-0.001602914
-0.00160773
-0.001607316
-0.001608178
-0.001614678
-0.001628606
-0.001649665
-0.001674617
-0.001699242
-0.001720414
-0.001735442
-0.001744187
-0.001751517
-0.001766951
-0.001799958
-0.001851293
-0.001912302
-0.001969515
-0.002009838
-0.002023386
-0.002006511
-0.001963719
-0.001903894
-0.001835857
-0.001767882
-0.001704578
-0.001644103
-0.001580636
-0.001507563
-0.00142034
-0.001318185
-0.001204995
-0.001088392
-0.0009734824
-0.0008628486
-0.0007620238
-0.0006784353
-0.0006128913
-0.0005575418
-0.0005015061
-0.0004357735
-0.000354386
-0.0002551763
-0.0001420818
-2.333089e-05
9.625625e-05
0.0002153547
0.0003358078
0.0004615874
0.0005946747
0.0007336174
0.0008748539
0.001013472
0.001144175
0.001263941
0.001372983
0.001473789
0.001568747
0.001659817
0.001748825
0.001836847
0.001924145
0.002009092
0.00208773
0.00215572
0.002210572
0.002254169
0.002292233
0.002328533
0.00236058
0.002385461
0.002403911
0.00242039
0.002440036
0.002466695
0.002499846
0.002532353
0.002554739
0.00256011
0.002545942
0.002514601
0.002472651
0.002428688
0.002390738
0.002362382
0.002342413
0.002326227
0.002306568
0.002275985
0.002230337
0.002170045
0.002097595
0.002016672
0.001933881
0.001856782
0.001787535
0.001720042
0.001645041
0.001557008
0.001457073
0.001349263
0.001235204
0.001115597
0.000993965
0.0008786661
0.0007781681
0.0006967985
0.0006330543
0.0005779103
0.0005195637
0.0004501927
0.0003703228
0.0002879755
0.0002110731
0.0001428483
8.234653e-05
2.631522e-05
-3.09874e-05
-9.635779e-05
-0.0001743269
-0.0002656573
-0.0003661377
-0.0004683847
-0.0005636623
-0.0006471437
-0.0007174821
-0.0007728979
-0.0008134378
-0.0008434768
-0.0008710405
-0.0009044653
-0.0009480122
-0.001000442
-0.001057236
-0.001112713
-0.001162642
-0.001205628
-0.001243461
-0.001279515
-0.00131745
-0.001355482
-0.001388793
-0.001415383
-0.001435022
-0.00144952
-0.001461375
-0.001473469
-0.001489097
-0.001510411
-0.001534958
-0.001558367
-0.001577008
-0.001587338
-0.001586992
-0.001576657
-0.001560308
-0.001542232
-0.001525687
-0.001512884
-0.001508561
-0.001516827
-0.001535919
-0.00155797
-0.001573512
-0.001577347
-0.00157206
-0.001565258
-0.001561355
-0.001557945
-0.00155029
-0.001534702
-0.001509854
-0.00147931
-0.001451181
-0.001435676
-0.001439427
-0.001459705
-0.001487167
-0.001511877
-0.001526202
-0.001527755
-0.001518192
-0.00150089
-0.001479074
-0.001453601
-0.00142432
-0.001392414
-0.001358818
-0.001323525
-0.001285801
-0.00124528
-0.001202714
-0.001160654
-0.001121564
-0.001085534
-0.001052447
-0.001023131
-0.0009985789
-0.0009771301
-0.000955666
-0.000932447
-0.0009067769
-0.0008802951
-0.0008566599
-0.0008398692
-0.0008308932
-0.0008256441
-0.0008168522
-0.0007960889
-0.000757415
-0.0006994651
-0.0006273326
-0.0005514501
-0.0004791795
-0.0004089161
-0.000334244
-0.0002500815
-0.0001563885
-5.651588e-05
4.52957e-05
0.0001468743
0.0002472582
0.0003436229
0.0004300312
0.0005011174
0.000556979
0.0006035869
0.0006510692
0.0007083192
0.0007804852
0.0008692502
0.0009723345
0.001084919
0.001199374
0.001307198
0.00140114
0.001478087
0.001538984
0.001586794
0.00162494
0.001655188
0.0016764
0.001689064
0.001696136
0.00170046
0.001703936
0.001706524
0.001707556
0.001706868
0.001703992
0.001697989
0.001689314
0.001678201
0.00166345
0.001641863
0.001611882
0.001575094
0.001533977
0.001487995
0.001436144
0.001380675
0.00132602
0.001275013
0.001227452
0.00118177
0.001135072
0.001084768
0.001032656
0.0009804744
0.0009293711
0.0008806424
0.0008348033
0.0007915737
0.0007510017
0.0007122472
0.0006721793
0.0006285026
0.0005819021
0.0005358952
0.0004925291
0.0004504774
0.0004099774
0.0003734362
0.0003412482
0.0003115664
0.0002833985
0.0002540882
0.0002200575
0.0001799132
0.0001329316
7.900282e-05
2.210406e-05
-3.145452e-05
-7.80852e-05
-0.000118183
-0.0001576298
-0.0002035524
-0.0002591467
-0.0003227257
-0.0003898274
-0.0004577996
-0.0005272963
-0.0005976072
-0.0006647289
-0.000723706
-0.0007713789
-0.0008083847
-0.000837032
-0.0008575887
-0.0008678043
-0.0008657605
-0.0008506995
-0.0008240143
-0.0007880678
-0.0007447797
-0.0006988444
-0.0006590998
-0.0006298826
-0.0006079291
-0.0005867303
-0.0005628956
-0.000538186
-0.0005159484
-0.0004986141
-0.0004859366
-0.000476335
-0.0004695043
-0.0004658774
-0.0004648507
-0.0004645249
-0.0004628676
-0.0004571893
-0.0004479803
-0.0004358846
-0.0004191792
-0.0003958243
-0.0003657352
-0.0003294395
-0.0002899965
-0.0002541865
-0.0002248385
-0.0002000389
-0.0001768004
-0.0001532648
-0.0001290577
-0.0001053169
-8.396501e-05
-6.790435e-05
-6.076196e-05
-6.473495e-05
-8.030032e-05
-0.0001068056
-0.0001403272
-0.0001748448
-0.0002072673
-0.0002364617
-0.000261327
-0.0002820171
-0.000301275
-0.0003229943
-0.0003502576
-0.0003837079
-0.000419603
-0.0004517156
-0.000472404
-0.0004737844
-0.0004514106
-0.0004085658
-0.0003576353
-0.0003112172
-0.0002765599
-0.0002557892
-0.0002446727
-0.0002343294
-0.0002171895
-0.0001920845
-0.0001620207
-0.0001328981
-0.0001107016
-9.696879e-05
-8.73908e-05
-7.536386e-05
-5.590156e-05
-2.729878e-05
9.199463e-06
4.981809e-05
9.008706e-05
0.0001264735
0.0001563046
0.0001780543
0.0001912632
0.0001971214
0.0001971071
0.0001918208
0.0001833019
0.0001735538
0.0001616592
0.0001451723
0.0001243034
0.0001031903
8.595022e-05
7.235683e-05
6.020561e-05
4.83444e-05
3.536662e-05
2.085005e-05
4.131742e-06
-1.853332e-05
-4.910016e-05
-8.707905e-05
-0.0001322073
-0.0001837927
-0.0002416298
-0.0003054058
-0.0003749352
-0.0004510384
-0.0005339314
-0.0006227468
-0.0007144609
-0.0008032168
-0.0008818108
-0.0009438139
-0.0009868094
-0.001014946
-0.001038111
-0.001064266
-0.001095472
-0.001130997
-0.001169728
-0.001209149
-0.001243382
-0.001265044
-0.001270871
-0.00126198
-0.001242208
-0.001217422
-0.001193335
-0.00117327
-0.001160479
-0.001156443
-0.001156345
-0.001152294
-0.001141777
-0.001128577
-0.001117233
-0.001109526
-0.001107222
-0.001110407
-0.001116723
-0.001123134
-0.001126914
-0.001127592
-0.001124861
-0.001117954
-0.001105659
-0.001088605
-0.001069333
-0.001050511
-0.001037097
-0.001034591
-0.001043889
-0.001058826
-0.001069819
-0.001070317
-0.001060474
-0.001045488
-0.00103196
-0.00102365
-0.001018681
-0.00100929
-0.0009869383
-0.0009473299
-0.0008909341
-0.0008232338
-0.0007511318
-0.0006817706
-0.0006211109
-0.0005707934
-0.0005278186
-0.000487285
-0.000443965
-0.0003945807
-0.000340022
-0.0002824579
-0.0002235516
-0.0001643843
-0.0001077627
-5.722734e-05
-1.490834e-05
1.880227e-05
4.458155e-05
6.488642e-05
8.467067e-05
0.0001085215
0.0001369213
0.0001677976
0.0002000914
0.0002328789
0.0002657264
0.0002985857
0.0003301034
0.0003590858
0.0003853556
0.0004089593
0.0004294766
0.0004469528
0.0004583001
0.0004594261
0.000448695
0.0004260423
0.0003919421
0.0003474368
0.0002957252
0.0002400592
0.0001825695
0.0001257615
7.193759e-05
2.135299e-05
-2.667308e-05
-7.288382e-05
-0.0001172424
-0.0001581497
-0.0001930234
-0.0002175537
-0.0002279922
-0.0002230546
-0.0002036449
-0.0001692705
-0.0001185804
-5.288024e-05
2.312056e-05
0.0001016953
0.0001785724
0.0002560128
0.0003409115
0.0004401073
0.0005551496
0.000683244
0.0008219971
0.000969072
0.001119503
0.001265457
0.001402431
0.001530836
0.00164852
0.001747437
0.001821895
0.001871567
0.001899664
0.001912067
0.001914376
0.001910994
0.001905007
0.001897139
0.001886067
0.001871243
0.001851449
0.001824376
0.001787944
0.001741071
0.001686863
0.001633566
0.001588005
0.001553435
0.001530041
0.00151446
0.001503454
0.001496519
0.001495739
0.001505626
0.001529575
0.001565531
0.001604107
0.001635064
0.001654178
0.001661946
0.001660612
0.00164796
0.001617277
0.001563462
0.001489822
0.001405856
0.001320769
0.001240651
0.001165874
0.001093214
0.001019055
0.0009405122
0.0008547399
0.0007588206
0.0006506423
0.0005310604
0.0004020962
0.0002652602
0.0001217187
-2.728594e-05
-0.000179661
-0.0003300137
-0.0004708037
-0.0005969001
-0.000707669
-0.0008014527
-0.0008739173
-0.0009233295
-0.0009564189
-0.0009839062
-0.001012902
-0.001045832
-0.001082246
-0.001116888
-0.001140557
-0.001147511
-0.001140627
-0.001127829
-0.001117458
-0.001116108
-0.001128465
-0.001153847
-0.001189826
-0.001236165
-0.001292181
-0.001356436
-0.001427719
-0.001506274
-0.001590909
-0.001677836
-0.001762398
-0.001841636
-0.00191349
-0.001975757
-0.002024968
-0.00205814
-0.002074219
-0.002073857
-0.002059251
-0.00203217
-0.001992912
-0.001941437
-0.001881051
-0.001818264
-0.001758764
-0.001704849
-0.001654648
-0.001603436
-0.001546817
-0.001482517
-0.001409999
-0.001329805
-0.001244962
-0.00116158
-0.001089076
-0.001034947
-0.0009979635
-0.0009730249
-0.0009582008
-0.0009526862
-0.0009550899
-0.0009637946
-0.0009771355
-0.0009942035
-0.001016316
-0.001046142
-0.001085865
-0.001135287
-0.001190311
-0.001245498
-0.00129541
-0.001338206
-0.001375436
-0.001408761
-0.001439809
-0.001473239
-0.001514093
-0.001564252
-0.00162318
-0.001689964
-0.001762087
-0.001834287
-0.001898769
-0.001948093
-0.001979117
-0.001991449
-0.001985942
-0.001963768
-0.001925683
-0.00187184
-0.001799777
-0.001704288
-0.001581308
-0.00142922
-0.001250031
-0.001048783
-0.0008318717
-0.000604956
-0.0003706394
-0.0001303085
0.0001150035
0.0003622036
0.0006047997
0.0008343934
0.001043804
0.001227509
0.001382393
0.001510745
0.001620659
0.001721854
0.001821703
0.001923011
0.002024255
0.002118347
0.00219585
0.002251483
0.002286747
0.002308584
0.00232425
0.002336684
0.002344815
0.002343855
0.002327993
0.002293729
0.002241591
0.002176357
0.002105508
0.002035638
0.001971704
0.001913746
0.001856527
0.001793802
0.001721737
0.001641756
0.001561229
0.001488002
0.001425934
0.001375647
0.001334575
0.001297029
0.001258162
0.001215715
0.001169805
0.001122281
0.001073926
0.001023126
0.0009650972
0.00089596
0.0008173745
0.0007325609
0.0006433755
0.0005539115
0.0004698554
0.0003989967
0.0003463249
0.0003101752
0.000286623
0.0002722417
0.000267518
0.0002757108
0.0002978247
0.0003332416
0.0003789549
0.0004316843
0.0004875848
0.0005434685
0.0005954958
0.0006372182
0.0006656943
0.0006816138
0.0006859863
0.0006800542
0.000665754
0.0006417847
0.0006053818
0.0005576522
0.0005023105
0.000438211
0.0003580152
0.000251839
0.0001132766
-5.418755e-05
-0.0002386084
-0.0004249765
-0.0005998596
-0.0007560492
-0.000891729
-0.001009582
-0.001115883
-0.001215282
-0.001306482
-0.001382808
-0.001436514
-0.001462821
-0.001460513
-0.001433063
-0.001390943
-0.001347186
-0.001311797
-0.001288922
-0.001278422
-0.001277296
-0.001277828
-0.001271006
-0.001250899
-0.001218595
-0.001179547
-0.00113966
-0.00110399
-0.001075544
-0.00105498
-0.001040011
-0.001026327
-0.001008573
-0.0009804186
-0.0009365292
-0.0008751685
-0.0007987791
-0.0007136978
-0.0006281786
-0.0005507033
-0.0004917193
-0.0004582781
-0.0004503669
-0.0004624509
-0.0004867767
-0.0005162294
-0.0005442236
-0.0005658474
-0.0005801736
-0.0005940208
-0.0006193805
-0.0006628426
-0.0007203591
-0.0007782216
-0.0008221515
-0.0008477914
-0.0008593222
-0.0008616277
-0.0008566218
-0.0008457916
-0.0008286057
-0.0008028641
-0.0007681223
-0.00072635
-0.0006800587
-0.0006286087
-0.0005703448
-0.0005054596
-0.0004372879
-0.0003684259
-0.000297888
-0.0002247386
-0.0001484711
-6.926035e-05
1.280218e-05
9.914215e-05
0.0001937295
0.0003032929
0.0004352475
0.0005903312
0.0007606128
0.0009360405
0.001111275
0.001285522
0.001457278
0.001624633
0.001784098
0.001929932
0.002057325
0.00216409
0.002251713
0.002325837
0.002390983
0.002446716
0.002489885
0.002516721
0.002524874
0.002513115
0.002482455
0.002435847
0.002375361
0.002303466
0.002225234
0.002146921
0.002073928
0.002008448
0.001949865
0.001896579
0.001844952
0.001788893
0.00172198
0.001641412
0.001550139
0.001455182
0.0013626
0.001275426
0.00119193
0.001105014
0.001008609
0.0008982771
0.000774776
0.0006435049
0.0005081685
0.0003690759
0.000225311
7.624343e-05
-7.692642e-05
-0.0002329702
-0.0003905899
-0.0005482694
-0.0007062658
-0.0008647314
-0.001020641
-0.001170605
-0.001313556
-0.001450389
-0.001582247
-0.00171095
-0.001840132
-0.001971849
-0.002105295
-0.00223613
-0.002356634
-0.002461146
-0.002548823
-0.002622156
-0.002685952
-0.002747304
-0.002810321
-0.002873895
-0.002933283
-0.002983197
-0.003021644
-0.003046494
-0.003056449
-0.003055769
-0.003053878
-0.003056537
-0.003063478
-0.003072389
-0.00308067
-0.003084143
-0.003078997
-0.003062029
-0.003030707
-0.002984633
-0.002925569
-0.002855176
-0.002775148
-0.002686033
-0.002583985
-0.002464033
-0.002326159
-0.002173714
-0.002010506
-0.001838264
-0.001655328
-0.001459986
-0.001255874
-0.001048876
-0.0008457167
-0.0006542495
-0.0004795686
-0.0003217529
-0.0001778372
-4.590614e-05
7.468059e-05
0.000184793
0.0002846176
0.0003749829
0.0004599534
0.0005438132
0.0006257185
0.0007022139
0.0007720789
0.0008372497
0.0008982015
0.000952916
0.001000923
0.001046778
0.001096872
0.001156021
0.001227742
0.001309649
0.001396588
0.001486763
0.001581421
0.001684474
0.001799329
0.001923478
0.00204961
0.002167934
0.002270165
0.002353916
0.002424215
0.002487292
0.002543498
0.002588382
0.002616121
0.00262544
0.002619303
0.00260014
0.002570001
0.002532418
0.002491912
0.002451048
0.002409835
0.002366626
0.00232002
0.002270181
0.002219055
0.00216685
0.002111113
0.002051895
0.001992146
0.001934994
0.001880699
0.00182831
0.001780372
0.001739048
0.001702965
0.001669602
0.001633533
0.001588519
0.001532199
0.001466403
0.001396597
0.001328923
0.001267078
0.001210627
0.00115725
0.001105152
0.001055893
0.001016202
0.0009925613
0.0009866315
0.0009965517
0.001018866
0.001044599
0.001061992
0.001063379
0.001045075
0.001007436
0.0009539347
0.000890466
0.0008221727
0.0007508432
0.000678387
0.0006069549
0.0005388891
0.0004747421
0.0004115746
0.0003464606
0.0002795783
0.0002113178
0.0001390193
6.164797e-05
-1.780696e-05
-9.664091e-05
-0.0001728024
-0.0002444135
-0.0003122409
-0.0003795205
-0.0004475591
-0.0005145619
-0.0005762948
-0.0006269835
-0.0006628734
-0.0006853822
-0.000697175
-0.0006995959
-0.0006920426
-0.0006721513
-0.0006383961
-0.0005926459
-0.0005380838
-0.0004778602
-0.0004166
-0.0003605072
-0.0003152201
-0.0002829124
-0.0002631355
-0.0002544111
-0.0002539819
-0.0002582686
-0.0002639031
-0.0002686062
-0.0002726017
-0.0002804101
-0.0002982666
-0.0003291722
-0.0003741974
-0.0004339416
-0.0005054996
-0.0005817196
-0.0006584265
-0.000734821
-0.0008098981
-0.0008814134
-0.0009459725
-0.001002978
-0.001055713
-0.001109257
-0.001168672
-0.001235079
-0.001306364
-0.001379044
-0.00144615
-0.001497182
-0.001525282
-0.001532166
-0.001524551
-0.001509385
-0.00149357
-0.00148328
-0.001481635
-0.001488126
-0.001500346
-0.001515922
-0.001532232
-0.001547255
-0.00156037
-0.001572047
-0.001580615
-0.00158121
-0.001567539
-0.001534316
-0.001481459
-0.001413513
-0.001336749
-0.001253905
-0.001163481
-0.001063327
-0.0009524679
-0.0008317219
-0.0007025542
-0.000567824
-0.0004304831
-0.000289687
-0.0001428252
8.572283e-06
0.0001579956
0.0002938782
0.0004052111
0.0004893599
0.0005505637
0.0005946114
0.0006251988
0.0006442837
0.0006527222
0.0006516139
0.0006421625
0.0006255404
0.0006043876
0.0005798667
0.0005528488
0.0005259111
0.0005028332
0.0004878155
0.0004837271
0.0004907626
0.0005072183
0.000533121
0.0005661061
0.0005993995
0.0006268838
0.0006432024
0.0006447053
0.000629427
0.000598337
0.0005541585
0.0004981131
0.0004336888
0.0003668479
0.0003027513
0.0002465868
0.0002020289
0.0001682134
0.0001389051
0.0001074517
7.135565e-05
3.308764e-05
-1.297349e-06
-2.725924e-05
-4.424112e-05
-5.37953e-05
-5.815295e-05
-5.863147e-05
-5.657778e-05
-5.517746e-05
-5.922804e-05
-7.140032e-05
-9.145557e-05
-0.0001172833
-0.0001454633
-0.0001704598
-0.0001877071
-0.000198566
-0.0002084523
-0.00022059
-0.0002351749
-0.0002513975
-0.0002676987
-0.000281173
-0.0002882221
-0.0002861748
-0.0002736883
-0.0002537157
-0.0002345376
-0.0002236794
-0.0002222453
-0.0002240816
-0.000219108
-0.000199995
-0.0001665339
-0.000123515
-7.83945e-05
-3.749679e-05
-3.452612e-06
2.313895e-05
4.537481e-05
6.862075e-05
9.849857e-05
0.0001382776
0.0001873631
0.0002420919
0.0002956296
0.0003409331
0.0003714211
0.0003833065
0.0003765687
0.0003552689
0.0003280957
0.0003048437
0.0002912046
0.0002864525
0.000286071
0.0002845486
0.0002761616
0.0002545744
0.0002152922
0.0001597648
9.523832e-05
3.08393e-05
-2.772933e-05
-8.158961e-05
-0.0001374649
-0.00020062
-0.0002729746
-0.0003530788
-0.000434058
-0.0005080464
-0.000570468
-0.0006211008
-0.0006642665
-0.0007036616
-0.0007403557
-0.0007723322
-0.0007959615
-0.0008091481
-0.0008125211
-0.000806827
-0.0007912077
-0.0007636932
-0.0007229523
-0.0006697859
-0.0006065754
-0.0005360796
-0.000460126
-0.0003795971
-0.0002964809
-0.0002114322
-0.000125452
-4.197099e-05
3.309735e-05
9.292552e-05
0.0001347786
0.0001603536
0.0001751196
0.0001848625
0.0001935804
0.0002057215
0.0002280547
0.0002672426
0.0003242005
0.0003930675
0.0004666706
0.0005385005
0.0006023763
0.0006574429
0.0007078775
0.0007607466
0.0008255662
0.0009086119
0.001007422
0.001110373
0.001204347
0.001281106
0.001338315
0.001378662
0.0014076
0.001430405
0.001450732
0.001469349
0.001485104
0.001498403
0.001511337
0.001527821
0.00155156
0.001582678
0.001618632
0.001657439
0.00169959
0.001746897
0.00180158
0.001868353
0.001953909
0.002063526
0.002199886
0.002361752
0.002542529
0.002732504
0.00292155
0.003102331
0.003268488
0.003415551
0.003543996
0.003655964
0.003753903
0.00383993
0.003914319
0.003975705
0.004020586
0.004043955
0.004043417
0.004018609
0.003970001
0.003898577
0.003804091
0.00368306
0.003530936
0.003344641
0.003122511
0.002865835
0.002580411
0.002275598
0.00195951
0.001637523
0.00131359
0.000990337
0.0006693651
0.0003519085
3.686028e-05
-0.0002783784
-0.0005933639
-0.0009030463
-0.001200341
-0.001482742
-0.001753429
-0.00201702
-0.002275805
-0.00252709
-0.002765057
-0.002986411
-0.003191768
-0.003381744
-0.00355581
-0.003710862
-0.003841197
-0.003941738
-0.004009872
-0.004044262
-0.004045824
-0.004018483
-0.003966217
-0.003892527
-0.003803461
-0.003708424
-0.003618289
-0.003538242
-0.003463865
-0.003386732
-0.003303746
-0.003218216
-0.003136385
-0.003062079
-0.002994531
-0.002930179
-0.002865316
-0.00279608
-0.002718731
-0.002631047
-0.002533048
-0.002426468
-0.002314742
-0.002201664
-0.002089452
-0.001977442
-0.001862761
-0.001742907
-0.001617096
-0.00148545
-0.001347262
-0.001202228
-0.001053632
-0.0009082382
-0.0007744985
-0.0006584067
-0.0005596678
-0.0004735047
-0.0003965684
-0.0003261174
-0.0002586604
-0.0001914418
-0.0001231155
-5.393253e-05
1.45793e-05
7.834771e-05
0.0001343789
0.0001792149
0.0002093358
0.0002230084
0.0002203395
0.0002034694
0.0001745856
0.0001354272
8.76257e-05
3.184517e-05
-3.308425e-05
-0.0001089614
-0.0001964727
-0.0002963466
-0.0004061334
-0.0005155993
-0.0006113578
-0.000682863
-0.0007257864
-0.0007407789
-0.0007293738
-0.0006943537
-0.0006418277
-0.0005793886
-0.00051144
-0.0004346455
-0.0003423468
-0.000231874
-0.0001053944
3.29333e-05
0.0001824049
0.0003430873
0.0005096549
0.0006741107
0.000830762
0.0009766868
0.001110636
0.001233453
0.001347445
0.001455326
0.001558686
0.001656339
0.001745263
0.001823626
0.001892912
0.001956466
0.002016595
0.002074762
0.002131807
0.002186032
0.002232204
0.00226649
0.002286302
0.002290946
0.002285136
0.002275439
0.002265682
0.002255107
0.002240738
0.002220316
0.00219244
0.002155864
0.002111502
0.002060685
0.002005973
0.001949478
0.001889954
0.001825635
0.001753201
0.00166865
0.001571905
0.001468013
0.001363357
0.001264618
0.001179693
0.001112035
0.001059136
0.001013979
0.0009704853
0.0009297022
0.0008967673
0.0008722
0.0008513358
0.0008276108
0.0007949119
0.0007487491
0.0006885309
0.0006176621
0.0005388592
0.0004537505
0.0003659195
0.00027844
0.0001904556
9.496438e-05
-1.811855e-05
-0.0001578512
-0.0003283612
-0.0005273326
-0.000745676
-0.0009707761
-0.001190098
-0.001392952
-0.001572214
-0.001725621
-0.001855569
-0.001965022
-0.002055192
-0.002126942
-0.002180433
-0.002214699
-0.002228658
-0.002221957
-0.002194541
-0.002149253
-0.002092679
-0.002032609
-0.001977053
-0.001931975
-0.001897208
-0.001866749
-0.001833558
-0.001792794
-0.001742818
-0.00168526
-0.001624926
-0.001562421
-0.001493964
-0.00141635
-0.001328304
-0.001233157
-0.001136294
-0.00104192
-0.0009525953
-0.0008690003
-0.0007913781
-0.0007206416
-0.0006576375
-0.0006038474
-0.00056244
-0.0005355133
-0.000522011
-0.0005187949
-0.0005224271
-0.0005303918
-0.0005413364
-0.000554613
-0.0005701998
-0.0005893708
-0.0006125496
-0.0006366765
-0.0006557205
-0.0006610512
-0.0006485049
-0.0006213122
-0.0005847866
-0.0005434957
-0.00049844
-0.000447848
-0.0003895021
-0.000321402
-0.0002453624
-0.0001688878
-0.0001002361
-4.524872e-05
-9.051811e-06
5.828926e-06
1.399623e-06
-1.683249e-05
-4.336533e-05
-7.668348e-05
-0.0001173352
-0.0001658732
-0.0002234655
-0.0002895398
-0.0003597448
-0.0004291516
-0.0004964562
-0.0005640644
-0.0006349867
-0.0007118629
-0.0007990668
-0.0009036492
-0.001031218
-0.001179705
-0.001339439
-0.001500462
-0.001658049
-0.001810328
-0.001955116
-0.002089274
-0.002208896
-0.002310184
-0.002389889
-0.002447339
-0.00248369
-0.002498166
-0.002487541
-0.002449707
-0.002385808
-0.002300641
-0.002197634
-0.002075028
-0.001929261
-0.001758916
-0.00156339
-0.001343334
-0.001099679
-0.0008361199
-0.0005629453
-0.00029374
-4.05882e-05
0.0001906403
0.00039997
0.0005905518
0.0007657729
0.0009301328
0.001087435
0.001239651
0.001389181
0.001539149
0.001692572
0.001853484
0.002026882
0.002215466
0.002415916
0.002620167
0.002820521
0.003011044
0.003186212
0.003343358
0.003484009
0.003609692
0.00371828
0.003804802
0.00386497
0.003896893
0.003901755
0.00388348
0.003845849
0.003791563
0.003722135
0.003636798
0.003533924
0.003411355
0.003267385
0.003103346
0.002923553
0.002734909
0.002548019
0.002375279
0.002226002
0.002102664
0.00200064
0.001912861
0.00183525
0.001768503
0.001713906
0.001668328
0.00162503
0.001575154
0.001510531
0.001425396
0.001321808
0.001207776
0.001088935
0.0009660532
0.000839409
0.0007104031
0.0005801415
0.0004492603
0.0003198064
0.0001953807
7.779721e-05
-2.985079e-05
-0.0001204695
-0.0001867304
-0.0002250237
-0.0002361693
-0.0002234085
-0.0001909287
-0.0001439206
-8.912502e-05
-3.288336e-05
2.04596e-05
6.677587e-05
0.0001033991
0.0001303689
0.0001494122
0.0001635323
0.0001746718
0.0001821272
0.0001857617
0.0001869793
0.0001871469
0.0001883896
0.0001927063
0.0001990503
0.0002032197
0.0002011424
0.0001910418
0.0001749878
0.0001579029
0.0001412059
0.0001224927
0.000100916
7.74921e-05
5.159652e-05
1.968755e-05
-1.861537e-05
-5.67713e-05
-8.531622e-05
-9.878897e-05
-9.61029e-05
-7.9013e-05
-5.158513e-05
-1.937789e-05
1.206874e-05
3.782385e-05
5.421461e-05
5.812981e-05
4.690666e-05
1.9206e-05
-2.644045e-05
-9.242877e-05
-0.0001781999
-0.0002775344
-0.0003851509
-0.0005009189
-0.0006248315
-0.0007553504
-0.0008915195
-0.001033955
-0.001184274
-0.001346349
-0.001527838
-0.001733335
-0.001959515
-0.002198787
-0.002443473
-0.002688126
-0.002929966
-0.003166564
-0.003392189
-0.003600775
-0.003790976
-0.003966768
-0.004135162
-0.004301217
-0.004462568
-0.004614089
-0.004754141
-0.004883884
-0.00500208
-0.005103176
-0.005182408
-0.005238721
-0.005272899
-0.005287762
-0.005289531
-0.005284766
-0.005277461
-0.005267394
-0.005250052
-0.005221413
-0.005181869
-0.005133349
-0.005076582
-0.005010186
-0.004929593
-0.004828139
-0.004698379
-0.004533557
-0.004329364
-0.004086006
-0.003806057
-0.003492927
-0.003152912
-0.00279551
-0.002428627
-0.002054467
-0.001672808
-0.001286416
-0.0009028293
-0.0005309376
-0.0001753488
0.0001662218
0.0004948298
0.0008050488
0.001090311
0.001346213
0.001567888
0.001751898
0.001897064
0.00200525
0.002081716
0.002133283
0.002167344
0.002193182
0.002220381
0.002256945
0.002308026
0.00237551
0.002462314
0.00257487
0.002719886
0.00289753
0.003100308
0.003314461
0.003525002
0.003721672
0.003899296
0.004057206
0.004196009
0.004315097
0.004413742
0.004493034
0.004557885
0.004617099
0.004678609
0.004745248
0.00481612
0.004887902
0.00495377
0.005007051
0.005044281
0.005063352
0.00506066
0.005035245
0.004991626
0.004936631
0.004872648
0.00479568
0.004696323
0.004562374
0.00438512
0.004163785
0.003907541
0.00362982
0.003343627
0.003058633
0.002778299
0.002502316
0.002232316
0.001972516
0.001726965
0.001496484
0.001279133
0.001073512
0.0008818245
0.0007076758
0.0005506249
0.0004077235
0.000276397
0.000153787
3.640007e-05
-8.104376e-05
-0.0002064781
-0.0003475558
-0.0005086625
-0.0006921966
-0.0008988495
-0.00113033
-0.001388724
-0.00167649
-0.001997633
-0.002356041
-0.002749493
-0.003166267
-0.003588545
-0.004000404
-0.004392525
-0.004759726
-0.005098359
-0.005406651
-0.005683082
-0.005925441
-0.006131289
-0.006297352
-0.006419172
-0.006495024
-0.006525298
-0.006510717
-0.006455083
-0.006366042
-0.006252281
-0.006122001
-0.005982092
-0.005837888
-0.005693713
-0.005551205
-0.005405912
-0.005252674
-0.005094451
-0.004941276
-0.004803305
-0.004687805
-0.004596344
-0.004522747
-0.00445563
-0.004384902
-0.00430428
-0.004210874
-0.004103012
-0.003978755
-0.003836762
-0.003677671
-0.003507631
-0.00333607
-0.003171705
-0.003020322
-0.002883521
-0.002757852
-0.002638447
-0.002519542
-0.002394062
-0.002253127
-0.002086564
-0.001886786
-0.001651757
-0.001385928
-0.001099255
-0.0008036689
-0.0005123296
-0.0002406901
-3.200631e-06
0.0001901552
0.0003326147
0.0004215633
0.000463212
0.000467632
0.0004434157
0.0004008866
0.0003517456
0.00030468
0.0002623889
0.0002277011
0.0002072493
0.0002080154
0.0002332513
0.0002823242
0.0003534264
0.0004470388
0.0005677681
0.0007217009
0.0009108957
0.001131904
0.001378865
0.001644378
0.001918182
0.002187009
0.00243934
0.00266899
0.002873505
0.003052762
0.003207136
0.0033371
0.003444303
0.003531412
0.00359747
0.003637302
0.003645626
0.003619432
0.003561894
0.003481955
0.003390417
0.003298383
0.003217313
0.003157273
0.003122982
0.003113911
0.003126413
0.003156792
0.003202696
0.003264588
0.003343175
0.003438528
0.003552356
0.003690228
0.003860052
0.004063796
0.004293451
0.004534402
0.004765693
0.004962324
0.00510117
0.005168042
0.005160287
0.005083988
0.004952121
0.004778581
0.004573267
0.004340084
0.004078159
0.003789328
0.003486297
0.003190951
0.00292741
0.002716349
0.002572035
0.002500505
0.002497981
0.002551189
0.002640511
0.002748429
0.002867391
0.002999099
0.003148537
0.003318626
0.0035059
0.003696662
0.003871417
0.004013209
0.004110897
0.00415904
0.004157892
0.004113736
0.004036648
0.003937224
0.003823321
0.003696821
0.003552556
0.003384467
0.003187649
0.002957105
0.002693543
0.002405714
0.002106046
0.001805134
0.001506915
0.001210274
0.0009117926
0.0006077443
0.0002957339
-2.721043e-05
-0.0003622626
-0.0007054508
-0.001046737
-0.001378426
-0.001703923
-0.002032735
-0.0023705
-0.002714202
-0.00305292
-0.003373371
-0.003666569
-0.003929191
-0.004160339
-0.004361677
-0.00453861
-0.00470036
-0.004856545
-0.00501425
-0.005175605
-0.005337375
-0.005491621
-0.005630013
-0.005749415
-0.005851421
-0.00593692
-0.006005543
-0.006057988
-0.006094847
-0.006115787
-0.006119842
-0.006104064
-0.006062892
-0.005992948
-0.005896762
-0.005778292
-0.005637956
-0.005470553
-0.005266841
-0.005020531
-0.00473276
-0.004412034
-0.004073826
-0.003736306
-0.003412878
-0.003110923
-0.002833658
-0.002584107
-0.002365087
-0.002180227
-0.002035331
-0.001934248
-0.001876043
-0.001854948
-0.001862345
-0.001887765
-0.001921347
-0.001957379
-0.001992981
-0.002027247
-0.002059866
-0.002087754
-0.002107274
-0.002118682
-0.002122697
-0.00211751
-0.002100541
-0.002071999
-0.002032365
-0.001980809
-0.001917093
-0.001841322
-0.001753852
-0.001653411
-0.001534951
-0.001391979
-0.00122187
-0.001028779
-0.0008257671
-0.0006291073
-0.0004538196
-0.0003116197
-0.000206389
-0.0001350275
-9.067237e-05
-6.678668e-05
-5.776414e-05
-5.619554e-05
-5.078037e-05
-2.83772e-05
2.441419e-05
0.000121023
0.0002730442
0.0004853906
0.0007530594
0.001065757
0.001413036
0.001782601
0.002159997
0.00253125
0.002884625
0.003207479
0.003487519
0.003713304
0.003876672
0.003975526
0.004011778
0.003990589
0.00392098
0.003814567
0.003681641
0.003529322
0.003362502
0.003182721
0.002986892
0.002772524
0.002542325
0.002300909
0.002055902
0.001817552
0.001592746
0.001385832
0.00120016
0.001035478
0.0008850825
0.000736853
0.0005755507
0.0003874874
0.0001653037
-9.039389e-05
-0.0003731486
-0.0006749647
-0.0009925649
-0.001328741
-0.001688911
-0.002076614
-0.00248945
-0.002920973
-0.003364597
-0.003815028
-0.004265441
-0.00470446
-0.005116794
-0.005487981
-0.005809384
-0.006076511
-0.006286893
-0.00644206
-0.00654813
-0.006614487
-0.006650626
-0.006664
-0.006659803
-0.00664092
-0.006608722
-0.006564856
-0.006511471
-0.00644837
-0.006372421
-0.006280728
-0.006171225
-0.00604166
-0.0058906
-0.0057166
-0.005519172
-0.005299486
-0.005062637
-0.004817323
-0.004569672
-0.004321627
-0.004074009
-0.003829322
-0.003592687
-0.003371706
-0.003174273
-0.003006406
-0.002870159
-0.002763202
-0.002679081
-0.002608801
-0.002543263
-0.002475749
-0.002401955
-0.002319118
-0.002226098
-0.002121365
-0.002000546
-0.001856342
-0.00167865
-0.001457565
-0.001185292
-0.0008588719
-0.0004780619
-4.45336e-05
0.0004391351
0.0009698927
0.001542829
0.002153348
0.002799994
0.003481767
0.004193558
0.004924124
0.005656949
0.00637347
0.007056019
0.007688112
0.008257388
0.008759511
0.009197553
0.00957583
0.009896843
0.01016118
0.01036719
0.01051192
0.01059885
0.01063895
0.01064388
0.01062463
0.01059353
0.01056061
0.01052837
0.01049573
0.01046128
0.01042542
0.01038947
0.01035443
0.01031849
0.01027656
0.01022566
0.01016217
0.01007562
0.009950079
0.009768699
0.009518891
0.009196137
0.008802952
0.008346068
0.007836302
0.007288159
0.00671846
0.00614461
0.005581943
0.005044664
0.004546082
0.004095696
0.003699151
0.003361122
0.003087021
0.00287929
0.002736198
0.002650827
0.002614148
0.002618058
0.002655429
0.002718281
0.002795968
0.0028796
0.002968453
0.003069227
0.003189613
0.003335386
0.0035112
0.003716013
0.003943742
0.004184047
0.004422074
0.004641593
0.004830631
0.004982916
0.005094123
0.005161723
0.005187555
0.005176522
0.005132605
0.005055204
0.004939805
0.004779217
0.004564575
0.004289598
0.003956163
0.003576464
0.003170862
0.002763044
0.002372326
0.002006888
0.001666541
0.001347377
0.001049024
0.0007784019
0.0005474907
0.0003661121
0.0002376856
0.0001592833
0.000121285
0.0001076358
0.000102441
9.295936e-05
6.947852e-05
2.354262e-05
-5.266102e-05
-0.0001666508
-0.0003251315
-0.0005330978
-0.0007922893
-0.001101977
-0.001459351
-0.001859675
-0.002294129
-0.0027512
-0.003218136
-0.003684332
-0.004141238
-0.004581293
-0.004998827
-0.005390974
-0.005754057
-0.006081408
-0.006367129
-0.006608892
-0.006807253
-0.006963993
-0.007085595
-0.007184568
-0.007272889
-0.007359484
-0.007449276
-0.007543187
-0.007637764
-0.007726101
-0.007803437
-0.00787205
-0.007936112
-0.007999248
-0.008067586
-0.008148494
-0.008245127
-0.008353142
-0.008461657
-0.008556394
-0.008623618
-0.008652071
-0.008633176
-0.008565445
-0.008454303
-0.008308239
-0.008136623
-0.007946304
-0.007739515
-0.007515133
-0.00727166
-0.007006297
-0.006715259
-0.006395347
-0.006046229
-0.005671889
-0.005277438
-0.004866282
-0.004442356
-0.004010803
-0.003577842
-0.003150037
-0.002733803
-0.002333771
-0.001950234
-0.001577031
-0.001206405
-0.00083409
-0.0004607031
-8.993701e-05
0.0002765309
0.0006418096
0.001012597
0.001399296
0.001812481
0.002256514
0.00272689
0.003216248
0.003718667
0.004227525
0.004735131
0.005235736
0.005725242
0.006200208
0.006652295
0.007069501
0.007440401
0.007757505
0.008017713
0.008222292
0.008379085
0.008501347
0.008601585
0.008687857
0.008768026
0.008850012
0.008936901
0.009025925
0.009110906
0.009182791
0.009231807
0.009251238
0.00924028
0.009203198
0.009148357
0.009082791
0.009005962
0.00891474
0.008808315
0.008689101
0.008562287
0.008431921
0.00829638
0.008146006
0.007969713
0.007760516
0.007512884
0.007220696
0.006879929
0.006490459
0.006057618
0.005590041
0.005094337
0.004573477
0.004028762
0.003461927
0.002876416
0.00227701
0.001672566
0.001076187
0.0004976346
-6.017651e-05
-0.0005958715
-0.001105732
-0.001584686
-0.002028001
-0.002429983
-0.002783011
-0.003075678
-0.003295559
-0.003431886
-0.003477019
-0.003428634
-0.003289061
-0.003061506
-0.002751517
-0.00237009
-0.001937251
-0.001481629
-0.001034843
-0.0006253293
-0.0002746731
3.982994e-06
0.0002043691
0.0003255885
0.000373463
0.0003613353
0.000305605
0.0002214765
0.0001208321
7.126567e-06
-0.000123248
-0.0002751915
-0.0004536907
-0.0006603297
-0.0008891767
-0.001127211
-0.001361407
-0.001584553
-0.001795254
-0.001999131
-0.002210036
-0.002444157
-0.002713327
-0.003020678
-0.003359508
-0.003716326
-0.004074318
-0.004414378
-0.004717648
-0.004967874
-0.00515259
-0.005264808
-0.005303785
-0.005277246
-0.005200636
-0.005092447
-0.004971487
-0.004853585
-0.004751018
-0.004671426
-0.004617348
-0.004590102
-0.004589631
-0.004613418
-0.004657867
-0.004717504
-0.004783978
-0.004847259
-0.004896261
-0.004921083
-0.004915225
-0.004878253
-0.004813862
-0.004726113
-0.004617254
-0.004486342
-0.004328014
-0.004135395
-0.003903117
-0.003631635
-0.003329845
-0.003010705
-0.002687565
-0.002371544
-0.002071082
-0.001793391
-0.001542147
-0.001317597
-0.001118871
-0.0009423598
-0.0007823537
-0.0006315384
-0.000480262
-0.0003208866
-0.0001500411
3.293078e-05
0.0002263637
0.0004266555
0.0006311359
0.000841779
0.001067518
0.00131958
0.001605727
0.001931416
0.002301115
0.002720792
0.003195012
0.003719092
0.004275479
0.004839156
0.005383535
0.005884604
0.006324646
0.006690239
0.006970217
0.007158915
0.007259163
0.007279699
0.007234462
0.007140917
0.007017002
0.006874457
0.006712281
0.006518869
0.006277405
0.005970582
0.005586924
0.005124462
0.004590701
0.00400132
0.003376769
0.002741233
0.002117723
0.001523825
0.0009742672
0.0004818304
5.622432e-05
-0.0002942682
-0.0005629656
-0.0007473351
-0.0008521349
-0.0008904138
-0.000881159
-0.0008443314
-0.0007990353
-0.000762231
-0.0007474063
-0.0007624861
-0.0008113474
-0.0008952646
-0.00101275
-0.001159401
-0.001330933
-0.001522577
-0.001729215
-0.001945941
-0.002167306
-0.002387265
-0.002593576
-0.002770629
-0.002909185
-0.003006954
-0.003065577
-0.003089271
-0.003084664
-0.003055535
-0.00300159
-0.002922634
-0.002820434
-0.002697982
-0.002560662
-0.00241878
-0.002284365
-0.002168161
-0.002077199
-0.002012132
-0.001969822
-0.001946887
-0.001937768
-0.001938296
-0.001947225
-0.001962638
-0.001978598
-0.001984891
-0.001968491
-0.001911699
-0.001794021
-0.001598931
-0.001317488
-0.0009475397
-0.000498136
1.18345e-05
0.0005642819
0.001142211
0.0017271
0.002300828
0.00284837
0.00335544
0.003806638
0.00418577
0.004478796
0.004676617
0.004778581
0.004794419
0.004742045
0.004642567
0.004517128
0.004387426
0.004272399
0.004185664
0.004132482
0.004109989
0.004113473
0.004139797
0.004185408
0.004244224
0.004307117
0.004363282
0.00440451
0.004427327
0.004437106
0.00444683
0.004469603
0.004513136
0.004580802
0.004672534
0.004783649
0.004906672
0.005034806
0.005164944
0.005294485
0.005414793
0.005513676
0.005579868
0.005604102
0.005583386
0.005520129
0.00541398
0.005257437
0.005038967
0.004751145
0.004393093
0.003968188
0.003487962
0.002972243
0.002442727
0.001921897
0.001434632
0.001005707
0.0006541312
0.0003919791
0.0002247021
0.0001496158
0.0001580136
0.0002359697
0.000369402
0.0005483239
0.0007647904
0.001014972
0.001299883
0.001620003
0.001970751
0.002342389
0.002721359
0.003091366
0.003434097
0.003732628
0.003977939
0.004166631
0.004299126
0.00438109
0.00442289
0.004438345
0.004443838
0.004453343
0.004474406
0.004506385
0.00454308
0.004577628
0.0046024
0.004610695
0.004598503
0.004562756
0.004497027
0.004393971
0.004250268
0.004066355
0.003843825
0.003582743
0.003280703
0.002933555
0.002538372
0.002092279
0.001590628
0.001028875
0.0004048431
-0.0002780103
-0.001005123
-0.001752318
-0.00249632
-0.003221336
-0.003915986
-0.004571848
-0.005183388
-0.005745825
-0.006250378
-0.006686718
-0.007048786
-0.007340264
-0.007574034
-0.007767322
-0.007938902
-0.00810419
-0.008270944
-0.008445985
-0.008635756
-0.008842127
-0.00906154
-0.009287413
-0.009516328
-0.009746685
-0.00997327
-0.01018577
-0.01037228
-0.01052333
-0.01063269
-0.01069551
-0.01070683
-0.01066259
-0.01056092
-0.01040591
-0.01020827
-0.009981826
-0.009740847
-0.009499554
-0.009268718
-0.009052056
-0.008845487
-0.008638216
-0.008414809
-0.008159274
-0.007860105
-0.007511385
-0.00711017
-0.006654384
-0.006144181
-0.005581896
-0.004971616
-0.00432216
-0.003647456
-0.002964518
-0.002289288
-0.001633981
-0.001009573
-0.000424455
0.0001150989
0.0006036934
0.001037394
0.001415967
0.001741146
0.002012901
0.002228009
0.002380367
0.002463091
0.00247145
0.002402794
0.002256386
0.002036154
0.001752785
0.001425722
0.001082437
0.0007539907
0.0004715098
0.0002564778
0.0001142574
3.632696e-05
6.757731e-06
7.299031e-06
2.188976e-05
3.954204e-05
5.820719e-05
8.57635e-05
0.0001350507
0.0002191863
0.00035085
0.0005393045
0.0007843914
0.001076008
0.001397914
0.001732229
0.00206125
0.0023693
0.00264477
0.002880137
0.003069655
0.003212699
0.003315706
0.003386803
0.003430935
0.003448508
0.003435269
0.003385026
0.003292918
0.00315747
0.002980937
0.002767086
0.002523406
0.002263428
0.002003502
0.001760999
0.00155064
0.001382463
0.001264626
0.001202393
0.001196371
0.001243209
0.001336259
0.001462703
0.001603824
0.001742208
0.001869768
0.001988486
0.002104386
0.002221738
0.002341049
0.002458076
0.002566091
0.002658002
0.002727069
0.002769781
0.002787399
0.002783277
0.002762653
0.00273245
0.002696171
0.002652206
0.002597691
0.002531934
0.002457287
0.00237673
0.002292943
0.002207358
0.002123533
0.002049882
0.001995229
0.00196448
0.001955059
0.001955038
0.001944589
0.001901569
0.00180771
0.001652839
0.001438021
0.001174182
0.0008795416
0.000576469
0.0002842993
1.334713e-05
-0.000233409
-0.0004591955
-0.0006753298
-0.0009019372
-0.001160822
-0.001465218
-0.001814801
-0.002199376
-0.0026035
-0.003009109
-0.003400469
-0.003766943
-0.004108033
-0.00443407
-0.004757522
-0.005083338
-0.005405663
-0.005710057
-0.005979589
-0.006195752
-0.006339653
-0.006393212
-0.006340947
-0.006174101
-0.005895514
-0.005520839
-0.005077611
-0.004603595
-0.004140734
-0.003726975
-0.003390275
-0.00315014
-0.003019414
-0.003003282
-0.003099905
-0.003302749
-0.003601578
-0.003981499
-0.004425253
-0.004913736
-0.005422947
-0.005924464
-0.006384643
-0.006769517
-0.007054532
-0.007228685
-0.007287749
-0.00722639
-0.007033376
-0.006696677
-0.00620981
-0.005574072
-0.004800251
-0.003909212
-0.0029336
-0.001917255
-0.0009090208
4.748173e-05
0.0009201961
0.001689214
0.002347568
0.002900328
0.003359467
0.003739374
0.004053888
0.004312933
0.004520825
0.00468116
0.004799646
0.004882685
0.004936434
0.004964719
0.004969184
0.004953777
0.004927899
0.004901616
0.004879742
0.004864482
0.004858041
0.004860576
0.004868924
0.00487889
0.004887406
0.004894691
0.004905713
0.004925268
0.004953577
0.004982664
0.004997103
0.004978958
0.00491667
0.004809146
0.004664251
0.004497873
0.004330098
0.004180421
0.004061698
0.003981793
0.003942913
0.003939078
0.003958344
0.003988451
0.004018383
0.004038705
0.004040614
0.004015379
0.003954962
0.0038511
0.003698546
0.003498714
0.003260011
0.002995299
0.00271915
0.002450279
0.00220822
0.002007176
0.001854349
0.001754762
0.001713808
0.001736465
0.00182771
0.001996719
0.002255606
0.00261661
0.003089813
0.003675584
0.00435647
0.005101886
0.005874783
0.006635682
0.007347225
0.007980778
0.008520887
0.008962656
0.009311191
0.009579483
0.009781123
0.009926658
0.01002562
0.01008754
0.01012176
0.01013516
0.01012878
0.01009812
0.01003236
0.009918478
0.009744142
0.009494618
0.009152526
0.008702336
0.008134205
0.007447354
0.00664726
0.005744693
0.004755715
0.003701154
0.002602909
0.001484608
0.0003716405
-0.0007094248
-0.001735216
-0.002690814
-0.003573485
-0.004393606
-0.005171295
-0.005931075
-0.006696946
-0.007487875
-0.008316271
-0.009187524
-0.01009975
-0.01104351
-0.01200472
-0.01296902
-0.01392401
-0.01485419
-0.0157418
-0.01657116
-0.01732933
-0.01800438
-0.01858485
-0.01905884
-0.01941622
-0.01964876
-0.01975003
-0.01971546
-0.01954552
-0.01925055
-0.01885283
-0.01838288
-0.01787551
-0.01736799
-0.0168928
-0.01646931
-0.01610218
-0.01578448
-0.01550011
-0.01522552
-0.01492989
-0.01457583
-0.01412141
-0.01352503
-0.01275348
-0.01179321
-0.01065243
-0.009359074
-0.007956004
-0.00649273
-0.005015822
-0.00356203
-0.002153668
-0.0008010218
0.000492402
0.001723125
0.002885849
0.003973702
0.00498185
0.005903446
0.006728601
0.007451627
0.008078372
0.008623914
0.009106271
0.009541436
0.009941742
0.01031534
0.01066913
0.01101156
0.0113526
0.01170228
0.01206714
0.01244791
0.01284532
0.01326129
0.01369451
0.01413527
0.01456808
0.01497714
0.01534684
0.01565981
0.01589847
0.01605346
0.01612876
0.01613585
0.01608555
0.01597926
0.01580726
0.01555731
0.01522263
0.01480179
0.01429771
0.01371952
0.01308121
0.01239725
0.01168068
0.01094443
0.01020229
0.009468734
0.008755165
0.008063956
0.007384415
0.006698024
0.005985823
0.005231704
0.004419311
0.003534886
0.002572854
0.001538667
0.0004453991
-0.0006939542
-0.001876099
-0.003104758
-0.004383513
-0.005710562
-0.0070771
-0.008465073
-0.009852432
-0.01121758
-0.01253908
-0.01379477
-0.01496199
-0.01601743
-0.01694202
-0.01772418
-0.01836028
-0.0188548
-0.01921778
-0.01945859
-0.01958008
-0.01958054
-0.0194597
-0.01921961
-0.01886285
-0.01838615
-0.01777802
-0.01702716
-0.01613018
-0.01509126
-0.01392345
-0.01264996
-0.01130077
-0.009912238
-0.008522886
-0.007164126
-0.005853335
-0.004600326
-0.003415818
-0.002314751
-0.001314005
-0.0004262926
0.0003433387
0.00099783
0.001549588
0.002013708
0.002400755
0.002718078
0.002971491
0.003170588
0.003330024
0.003463192
0.003577228
0.003675075
0.003762418
0.003851339
0.003956128
0.004087047
0.004245772
0.004421126
0.00459201
0.00473775
0.004842537
0.004895497
0.004893015
0.004837028
0.004729762
0.00457289
0.004364505
0.004094584
0.003745889
0.003299428
0.002740833
0.002064043
0.001270528
0.0003681906
-0.0006314563
-0.001715906
-0.0028703
-0.004072076
-0.005287566
-0.006473457
-0.007583675
-0.008577589
-0.009424926
-0.01010816
-0.01062263
-0.01097501
-0.01117965
-0.01125246
-0.0112056
-0.01104682
-0.01077865
-0.01040009
-0.009909629
-0.009311684
-0.008622446
-0.007867822
-0.00708048
-0.006297551
-0.005556038
-0.004888083
-0.004317043
-0.003854562
-0.003499162
-0.003238935
-0.003056771
-0.002935519
-0.002855171
-0.002793542
-0.002728334
-0.002637352
-0.002497102
-0.002284977
-0.001986849
-0.001603324
-0.001147102
-0.0006359593
-8.73435e-05
0.000480527
0.001048271
0.001594772
0.002104078
0.002572716
0.003006849
0.00341111
0.003783503
0.004117028
0.004402584
0.004631294
0.004796457
0.0048942
0.004921716
0.004880201
0.004775191
0.004614532
0.004410206
0.004177239
0.003929764
0.003679377
0.003440691
0.003233788
0.003078625
0.002990472
0.002980509
0.003058732
0.003235542
0.003518095
0.003906883
0.004393279
0.004956423
0.005561968
0.006167374
0.006729309
0.00720655
0.007564
0.00778429
0.007870244
0.007838662
0.007710657
0.007501835
0.007219938
0.006870612
0.006462876
0.00600788
0.005519627
0.0050153
0.004512568
0.004027596
0.003573948
0.003160267
0.002788837
0.002455902
0.002153156
0.001867502
0.001579105
0.001261723
0.0008870472
0.0004283985
-0.0001315122
-0.0007888072
-0.001516676
-0.002273123
-0.003010154
-0.003683136
-0.004256133
-0.004703051
-0.005009056
-0.005173256
-0.005206068
-0.005124321
-0.004946783
-0.004693818
-0.004384841
-0.004039734
-0.003680719
-0.003329066
-0.00300197
-0.002712246
-0.002470422
-0.002283714
-0.002152194
-0.002068848
-0.002025856
-0.00201889
-0.002048845
-0.002119773
-0.002236224
-0.002402859
-0.002622465
-0.002892604
-0.003203986
-0.003540658
-0.003882196
-0.004205489
-0.004486026
-0.004699204
-0.004824672
-0.004849087
-0.004767596
-0.004584568
-0.004310668
-0.003960745
-0.003555478
-0.003118464
-0.002670616
-0.002223697
-0.001783895
-0.001359886
-0.0009636919
-0.0006079578
-0.0003030656
-5.113775e-05
0.0001523942
0.0003149993
0.0004445492
0.000548709
0.0006354093
0.00071302
0.0007874168
0.0008637382
0.0009483363
0.00104847
0.001168761
0.001309716
0.001467615
0.001635548
0.001806469
0.001976795
0.002147828
0.002324849
0.002516298
0.002733343
0.002989065
0.003297768
0.003668059
0.00409753
0.004575428
0.005085098
0.005608589
0.006129469
0.006633364
0.007105451
0.007532
0.007900701
0.008198173
0.008412486
0.008534483
0.008559309
0.008487081
0.008322288
0.008073458
0.007752493
0.007374834
0.006959919
0.006531531
0.006115307
0.005732607
0.005397256
0.005115352
0.004888142
0.004714131
0.004588553
0.004500608
0.004434702
0.004374337
0.00430822
0.004233022
0.004150099
0.00406647
0.003993021
0.003940571
0.003918346
0.003933827
0.003991753
0.00409245
0.004225388
0.004368856
0.004496413
0.004583755
0.004613114
0.004579284
0.00448988
0.004356328
0.004184526
0.003976583
0.003734612
0.003462267
0.003165625
0.002851343
0.002522535
0.00217464
0.001795275
0.001370039
0.0008873287
0.0003428544
-0.0002586526
-0.0009023049
-0.001567972
-0.002235064
-0.002889382
-0.003525653
-0.004145974
-0.00475078
-0.005334152
-0.005888087
-0.0064085
-0.006896368
-0.007354025
-0.007784736
-0.008194358
-0.008589544
-0.008976579
-0.009359262
-0.009734817
-0.010098
-0.01044966
-0.01080106
-0.01117045
-0.01157517
-0.01202859
-0.01253774
-0.01310046
-0.01370438
-0.01433025
-0.01495449
-0.0155519
-0.01610112
-0.0165866
-0.01699879
-0.01733714
-0.01760703
-0.01781425
-0.01796343
-0.01805658
-0.01809458
-0.01807839
-0.01800816
-0.01787824
-0.01767738
-0.01739164
-0.01700661
-0.01650959
-0.01589555
-0.01516663
-0.01432903
-0.01339222
-0.01237018
-0.01127807
-0.01013017
-0.008938177
-0.007713807
-0.00647129
-0.005228853
-0.004006012
-0.002818258
-0.001674846
-0.0005813229
0.0004604992
0.001450067
0.002387259
0.003268814
0.004088326
0.004836466
0.005504714
0.006091764
0.006606417
0.007063179
0.007477048
0.007861715
0.008231307
0.008598007
0.008969389
0.009348533
0.009734915
0.01012343
0.01050593
0.01087233
0.01121261
0.01152052
0.01179419
0.01203679
0.01225524
0.01245463
0.01263675
0.01279786
0.01293163
0.01303534
0.01311099
0.01316205
0.01318987
0.01319546
0.01318081
0.01314754
0.01309698
0.01303278
0.01296051
0.01288383
0.01280232
0.01271198
0.0126091
0.01248868
0.01234251
0.01216411
0.01195508
0.01172571
0.01148992
0.01125842
0.01103176
0.01079948
0.01054226
0.01023772
0.009865986
0.009413579
0.008873839
0.008245356
0.007533016
0.006750646
0.005920752
0.005070464
0.004228633
0.003426355
0.002692184
0.002048635
0.001512057
0.001090742
0.0007833974
0.00057821
0.0004554223
0.0003933693
0.0003718987
0.0003755747
0.0003933965
0.0004164891
0.0004366577
0.0004486747
0.0004479761
0.0004316028
0.0003998978
0.0003553748
0.000303675
0.0002525184
0.0002082361
0.0001762634
0.0001611172
0.000164191
0.000182975
0.0002103486
0.0002391756
0.00026763
0.0002991704
0.000336287
0.0003751088
0.000408669
0.0004321158
0.000442716
0.0004374507
0.0004146282
0.000376095
0.0003282567
0.0002806221
0.0002440555
0.0002288634
0.0002409142
0.0002810091
0.0003478923
0.0004402747
0.000555577
0.0006871675
0.0008258001
0.0009618486
0.001086916
0.001192039
0.001268942
0.001313539
0.001326097
0.001308308
0.001261652
0.001188023
0.001091552
0.0009770443
0.0008462428
0.0006964435
0.000520365
0.0003082156
5.232947e-05
-0.0002488052
-0.0005910807
-0.000964687
-0.001355619
-0.001751327
-0.002143219
-0.002528817
-0.002909613
-0.003288295
-0.003665093
-0.004038311
-0.004405338
-0.004761944
-0.005102175
-0.005418056
-0.005703416
-0.005958748
-0.006193568
-0.006423056
-0.006662271
-0.006923864
-0.007218086
-0.007553917
-0.00793997
-0.00838597
-0.008896033
-0.009464138
-0.01007775
-0.01071769
-0.01135586
-0.01196407
-0.01252237
-0.01301926
-0.01345036
-0.01381474
-0.01411187
-0.01434177
-0.01450707
-0.01461257
-0.01466095
-0.01464918
-0.01456872
-0.01440352
-0.01413106
-0.0137319
-0.0131971
-0.01252812
-0.01173188
-0.01081366
-0.00978101
-0.008649131
-0.007443651
-0.006198391
-0.00494943
-0.003727148
-0.002551721
-0.001436725
-0.0003898747
0.0005887804
0.001506266
0.002373654
0.0031994
0.00398549
0.00472772
0.005421371
0.006063653
0.006656065
0.007200031
0.007692634
0.008127172
0.008496654
0.008792944
0.009008564
0.00913961
0.009191089
0.009178388
0.00912464
0.009053641
0.008983793
0.008927372
0.008892397
0.008882674
0.008896679
0.008930568
0.008980347
0.009044688
0.00912765
0.009235518
0.009372005
0.009535247
0.009719622
0.009919484
0.0101317
0.01035407
0.01058366
0.01081548
0.01104101
0.01124525
0.01141118
0.01152435
0.0115762
0.01156584
0.01149825
0.01137987
0.01121835
0.0110238
0.01080922
0.0105891
0.01037855
0.01019284
0.01004638
0.009947201
0.009894745
0.009885286
0.009915482
0.009981161
0.01007773
0.01020188
0.01035293
0.010533
0.01074577
0.01099151
0.01126041
0.01153344
0.01178605
0.01199507
0.01214166
0.01221518
0.01221367
0.01214107
0.01200248
0.01179953
0.0115282
0.0111806
0.01075066
0.01023909
0.00965586
0.009021851
0.008365183
0.007712839
0.007083139
0.006484144
0.00591677
0.005379014
0.004868994
0.004387702
0.003938361
0.003524398
0.003148351
0.002812028
0.002513957
0.002248102
0.002002327
0.001761958
0.001515263
0.001258099
0.0009934511
0.0007258874
0.0004583652
0.0001918626
-7.093286e-05
-0.0003237649
-0.0005577111
-0.0007641663
-0.000943845
-0.001109094
-0.001282131
-0.001487492
-0.001746161
-0.002071019
-0.002463332
-0.002913639
-0.003406375
-0.003923259
-0.004448409
-0.004972295
-0.005489679
-0.005995736
-0.006487524
-0.006964558
-0.007427888
-0.007877122
-0.008309946
-0.008722598
-0.009111979
-0.009475948
-0.009814069
-0.01012731
-0.01041924
-0.01069393
-0.01095336
-0.0111967
-0.01142514
-0.01164242
-0.01185325
-0.0120597
-0.01225903
-0.01244366
-0.01260277
-0.0127281
-0.01281695
-0.01287273
-0.01290359
-0.01291853
-0.01292714
-0.01293505
-0.01293909
-0.01292939
-0.01289371
-0.01281919
-0.01269487
-0.01251661
-0.01228794
-0.01201704
-0.01171405
-0.0113875
-0.01104085
-0.0106723
-0.01027797
-0.009853631
-0.009396225
-0.008905537
-0.008383731
-0.007831684
-0.007246676
-0.006628199
-0.005981802
-0.00531834
-0.004652207
-0.004001445
-0.003384584
-0.002815768
-0.002303268
-0.001853739
-0.001476762
-0.001182474
-0.0009759894
-0.0008517532
-0.0007917963
-0.0007720064
-0.0007702864
-0.0007715482
-0.0007662272
-0.0007493231
-0.0007213026
-0.0006855895
-0.0006460172
-0.0006031021
-0.0005515791
-0.0004809365
-0.0003808689
-0.0002451416
-7.143594e-05
0.0001366935
0.0003710147
0.00062241
0.0008855405
0.001159124
0.001438378
0.001714934
0.001981442
0.002232327
0.002462123
0.002660734
0.002813986
0.002909763
0.002944459
0.00292285
0.002853638
0.002744501
0.002599596
0.002419473
0.002203656
0.001954978
0.001684027
0.001407311
0.001142899
0.0009059505
0.0007045402
0.0005406828
0.0004115902
0.000310282
0.0002260809
0.0001501353
8.050979e-05
2.223907e-05
-1.763538e-05
-3.550731e-05
-3.192142e-05
-1.008798e-05
2.584694e-05
7.350927e-05
0.0001369536
0.0002253389
0.0003469657
0.0005093141
0.0007180458
0.0009759509
0.00128248
0.001630908
0.002009348
0.002404498
0.002804106
0.003199495
0.003584789
0.003956262
0.004312732
0.004655554
0.00498733
0.005309737
0.005618505
0.005903858
0.006155654
0.006366255
0.006530608
0.006647397
0.00671922
0.006750395
0.006745848
0.006708982
0.006641061
0.006540065
0.006395642
0.006194022
0.005923914
0.005578723
0.005157921
0.004666609
0.004113696
0.00351035
0.002867964
0.002197097
0.001506544
0.0008013889
8.458189e-05
-0.0006362016
-0.001346933
-0.00202814
-0.002660173
-0.003226493
-0.003715299
-0.00412042
-0.004443619
-0.004695957
-0.004894044
-0.005055782
-0.005198241
-0.005333817
-0.005468534
-0.005603632
-0.005737345
-0.005866964
-0.005991882
-0.006114017
-0.0062348
-0.006351327
-0.00645898
-0.006553248
-0.006627534
-0.006673992
-0.006690598
-0.006681312
-0.006652132
-0.006604254
-0.006531084
-0.006423657
-0.006277644
-0.006094288
-0.005882031
-0.005655523
-0.005429855
-0.005214453
-0.005012305
-0.004822079
-0.004639709
-0.004463268
-0.004298587
-0.004157776
-0.004053564
-0.00399399
-0.003979166
-0.003999123
-0.004036048
-0.004070777
-0.004089062
-0.004085197
-0.004060185
-0.004016977
-0.00395662
-0.00387464
-0.003759474
-0.003597048
-0.003376164
-0.003093712
-0.002755763
-0.002372586
-0.001953129
-0.001502669
-0.001022213
-0.0005109385
3.158525e-05
0.0006053218
0.001206743
0.001825942
0.00245032
0.003067216
0.003667811
0.004244843
0.00478544
0.00527113
0.005684847
0.006016508
0.006263268
0.00642637
0.006509547
0.006520687
0.006469671
0.006365269
0.006210785
0.006002544
0.00573322
0.005397147
0.004994718
0.004533287
0.00402304
0.003473524
0.002889095
0.00226806
0.001607076
0.0009034705
0.0001585635
-0.0006229848
-0.001437641
-0.002282028
-0.003150575
-0.00403392
-0.004921135
-0.005798855
-0.006652126
-0.007466518
-0.008232453
-0.008945401
-0.009601732
-0.01019881
-0.01073709
-0.01121978
-0.01165127
-0.01203694
-0.0123835
-0.01269655
-0.01298617
-0.01327205
-0.01357368
-0.0138991
-0.01424141
-0.01458498
-0.01491331
-0.01521167
-0.01547058
-0.01568764
-0.01586743
-0.01601821
-0.01614323
-0.01623694
-0.01628379
-0.01626163
-0.01614931
-0.01593464
-0.01561268
-0.01518257
-0.01464699
-0.01401208
-0.01328328
-0.01246384
-0.01155815
-0.01057587
-0.009529869
-0.008437094
-0.007318024
-0.006194063
-0.005083041
-0.003997261
-0.002941096
-0.00191402
-0.0009125662
6.702339e-05
0.001024664
0.00195776
0.002867914
0.003762135
0.004649337
0.005536528
0.00642848
0.007328824
0.008238595
0.009153639
0.01006946
0.01098366
0.01189582
0.01280415
0.01370521
0.0145901
0.01543903
0.0162258
0.01693066
0.01754459
0.01806575
0.01849776
0.01884829
0.01912426
0.01932917
0.01946235
0.01952233
0.01951148
0.01943731
0.01930583
0.01911579
0.01885816
0.01852117
0.01809769
0.01758629
0.01698953
0.01631274
0.01556843
0.01478032
0.01397853
0.01318463
0.01240453
0.01163058
0.0108482
0.01004539
0.009223196
0.008396314
0.007582377
0.006789459
0.006017417
0.005264121
0.00453009
0.003818471
0.00313431
0.002481889
0.001862785
0.001277281
0.0007264436
0.0002093473
-0.0002776835
-0.0007396843
-0.001182135
-0.001613518
-0.00204325
-0.002481543
-0.002934609
-0.003401312
-0.003878723
-0.004364093
-0.004852005
-0.005332903
-0.005792295
-0.006215188
-0.006593612
-0.006930713
-0.007239626
-0.007539435
-0.007845765
-0.008162617
-0.008481116
-0.008784363
-0.009050635
-0.009258614
-0.00939539
-0.009461892
-0.00946918
-0.009429045
-0.009343872
-0.00920886
-0.009020189
-0.00877697
-0.0084799
-0.008131811
-0.00773954
-0.007313502
-0.006864644
-0.006399797
-0.005922424
-0.005434577
-0.004940117
-0.004450073
-0.003984938
-0.003568447
-0.003218024
-0.002940169
-0.002731158
-0.002576708
-0.002455731
-0.002346669
-0.002232943
-0.002105951
-0.001966315
-0.001824851
-0.001700153
-0.001606954
-0.00154911
-0.001517883
-0.001494818
-0.001457568
-0.001386925
-0.001266071
-0.001081116
-0.0008261059
-0.0005051158
-0.0001314398
0.000275993
0.0006957433
0.001110988
0.001512505
0.00189487
0.00225437
0.002587892
0.002894146
0.003175553
0.003434808
0.003672323
0.003889262
0.00408212
0.004240094
0.004353314
0.004418965
0.004441155
0.004428289
0.004390028
0.004338677
0.004290445
0.004263131
0.004270762
0.004318186
0.004402244
0.004516187
0.004651347
0.004796662
0.004936554
0.005051878
0.005126051
0.005151548
0.005131563
0.005077439
0.00500474
0.004925591
0.004841765
0.00474745
0.004632277
0.004486158
0.004302315
0.004076637
0.003806716
0.0034901
0.003123559
0.002706316
0.002245411
0.001754181
0.0012482
0.0007429804
0.0002561285
-0.0001953827
-0.00059941
-0.0009507614
-0.001253779
-0.001518278
-0.001754672
-0.001974028
-0.002186433
-0.002399988
-0.002620094
-0.002850681
-0.003094541
-0.003352251
-0.003621119
-0.003892665
-0.004151835
-0.004377512
-0.004544927
-0.0046319
-0.004625923
-0.004526077
-0.004341108
-0.004086828
-0.003783276
-0.003456859
-0.003136353
-0.002846809
-0.002608082
-0.002432156
-0.002324311
-0.002284147
-0.002307434
-0.002387277
-0.002514841
-0.00268145
-0.002879156
-0.003099881
-0.003331095
-0.003552554
-0.003742526
-0.003883008
-0.003961736
-0.003970099
-0.00390103
-0.003749812
-0.003516238
-0.003205037
-0.002829006
-0.002408389
-0.001965226
-0.001516979
-0.001071247
-0.0006256467
-0.0001754143
0.0002823232
0.0007493829
0.001226241
0.001711518
0.002201017
0.002684628
0.00314711
0.003576009
0.003966289
0.004316346
0.004625367
0.004891026
0.005113288
0.005297317
0.0054551
0.005600674
0.005744054
0.005887252
0.006024857
0.006145236
0.006234799
0.006284523
0.006294445
0.006271747
0.006227576
0.006172114
0.006109337
0.006035341
0.005939465
0.005805595
0.005614467
0.005346369
0.004985969
0.004527983
0.003977991
0.003350303
0.002660098
0.001921439
0.001147074
0.000349432
-0.0004602406
-0.001274278
-0.002087012
-0.002891798
-0.003682144
-0.004454992
-0.005210399
-0.005949185
-0.006674219
-0.007390693
-0.008102612
-0.008808492
-0.00950151
-0.01017116
-0.01080546
-0.011394
-0.0119313
-0.0124141
-0.01283939
-0.01320213
-0.01349043
-0.01368845
-0.01378191
-0.01376481
-0.01364047
-0.01341924
-0.01311902
-0.01276305
-0.01237611
-0.01197688
-0.01157656
-0.01118179
-0.0107967
-0.01042723
-0.01008314
-0.009773868
-0.009505016
-0.009279036
-0.009094229
-0.008946195
-0.008830907
-0.008742816
-0.008671923
-0.00860399
-0.008524588
-0.008422133
-0.008284104
-0.008094639
-0.00783626
-0.007497007
-0.007073428
-0.006572799
-0.006015092
-0.005428249
-0.004837423
-0.004256962
-0.003689538
-0.003132605
-0.002585172
-0.002047238
-0.001517952
-0.0009990414
-0.0004927692
1.851466e-06
0.0004885308
0.0009705089
0.001452686
0.001937346
0.002420787
0.002895336
0.003354146
0.003793979
0.004214288
0.004615704
0.004998422
0.005360394
0.005697756
0.006008947
0.006297054
0.006568755
0.006833001
0.007097215
0.007363327
0.007626691
0.007882413
0.008127571
0.008360494
0.008581003
0.008790369
0.008990971
0.009182023
0.00935693
0.009508592
0.009634283
0.009738454
0.009830578
0.009918897
0.010004
0.01007995
0.01013997
0.01017947
0.01019552
0.01018538
0.01014906
0.01008905
0.01000687
0.009905516
0.00978732
0.009652388
0.00950089
0.009334298
0.009153684
0.008958885
0.008753072
0.008544559
0.008343699
0.008157457
0.007988103
0.007839098
0.007714498
0.007616531
0.007544081
0.007494383
0.007465551
0.007454947
0.007457717
0.007464164
0.007460496
0.007436411
0.007390528
0.007328528
0.007260157
0.007194146
0.0071346
0.007079473
0.007021574
0.006950951
0.006855781
0.006724222
0.006548866
0.006332151
0.006085123
0.005822288
0.005556515
0.005295233
0.005044367
0.004809906
0.00459635
0.004408728
0.004252136
0.004128787
0.004038086
0.003976617
0.003938688
0.0039183
0.003909922
0.003907446
0.0039022
0.003881927
0.003833523
0.00374603
0.0036097
0.003414732
0.003154226
0.002828645
0.002446102
0.002017049
0.001552167
0.00106224
0.0005556273
3.481184e-05
-0.0005024009
-0.001058597
-0.00163262
-0.002219632
-0.002811963
-0.003401526
-0.003978497
-0.004528655
-0.005034029
-0.005476443
-0.005837688
-0.006102673
-0.006260964
-0.006307699
-0.006243499
-0.006073397
-0.005802457
-0.005434928
-0.004975656
-0.004429917
-0.00380254
-0.003102295
-0.002347246
-0.001563951
-0.0007829661
-3.464268e-05
0.0006545868
0.001267005
0.001793027
0.002229404
0.002577119
0.002838018
0.003014805
0.003114498
0.003150094
0.003137021
0.003090551
0.003023315
0.002941874
0.002848519
0.002747364
0.002643365
0.002537488
0.002426715
0.00230535
0.002168401
0.002012372
0.001834915
0.001634369
0.001410485
0.001166182
0.0009056293
0.0006333964
0.0003516924
5.863261e-05
-0.0002496078
-0.0005758472
-0.0009220193
-0.001288692
-0.001675184
-0.002078219
-0.002490833
-0.002905726
-0.003317895
-0.003724438
-0.004124394
-0.004514902
-0.004890358
-0.0052434
-0.005564094
-0.005839184
-0.006058185
-0.006219346
-0.00633105
-0.006406617
-0.006457169
-0.00649049
-0.006514116
-0.006534891
-0.006555618
-0.006577053
-0.006600787
-0.006630906
-0.006673285
-0.00673323
-0.0068145
-0.006918349
-0.007042629
-0.007182327
-0.007330329
-0.007479097
-0.007622891
-0.007754985
-0.007865367
-0.007941323
-0.007967808
-0.007929817
-0.007814742
-0.0076153
-0.007329898
-0.006961025
-0.006514736
-0.006003684
-0.005446652
-0.004862558
-0.004266415
-0.00366421
-0.003052216
-0.002422753
-0.00177181
-0.001101795
-0.0004189792
0.0002698783
0.0009582979
0.001638095
0.002301933
0.00294494
0.00356278
0.004149317
0.004697338
0.005198065
0.005642587
0.006023612
0.006336478
0.006580552
0.006758861
0.006879339
0.006949539
0.006969756
0.006933106
0.006831628
0.00666067
0.00641789
0.006103495
0.005721991
0.005281466
0.004793132
0.004271054
0.003730658
0.003186075
0.002649323
0.002131265
0.001640786
0.001182527
0.0007565469
0.0003595232
-1.472188e-05
-0.0003761471
-0.0007375694
-0.00110835
-0.001489092
-0.001874394
-0.00225238
-0.002605025
-0.002915227
-0.003172772
-0.003375851
-0.003528611
-0.003637264
-0.003709376
-0.003751731
-0.003768881
-0.003764834
-0.003745137
-0.003717372
-0.003691557
-0.003677193
-0.003681656
-0.003710112
-0.003765266
-0.003847875
-0.003954471
-0.00407389
-0.004190797
-0.004293376
-0.004380687
-0.004462259
-0.004550849
-0.004653249
-0.004764702
-0.004871039
-0.004955556
-0.005005754
-0.005016598
-0.004988052
-0.004920822
-0.00481533
-0.004668458
-0.004471875
-0.004213928
-0.003883388
-0.003473108
-0.002981247
-0.002409575
-0.001768022
-0.001076115
-0.0003554321
0.0003797221
0.001124811
0.001882824
0.00265579
0.003438265
0.004213587
0.004960157
0.005660717
0.006304444
0.006885955
0.007408759
0.007885751
0.008334397
0.008769251
0.00919835
0.009623514
0.01004168
0.01044727
0.01083859
0.01121961
0.0115965
0.01197065
0.01234018
0.01269864
0.01303293
0.01333073
0.01358364
0.01378691
0.01393798
0.01403359
0.01407254
0.01406005
0.01400474
0.01391327
0.01378506
0.0136112
0.01337963
0.01308235
0.01272249
0.01231375
0.01187194
0.01140978
0.01093647
0.01045716
0.009973545
0.009487671
0.009003832
0.008529351
0.008072796
0.007641905
0.007244923
0.006890574
0.006584914
0.006328291
0.006114559
0.005935232
0.005780646
0.005641808
0.00551095
0.005381106
0.005244949
0.005095736
0.004925753
0.004726808
0.004493055
0.004220951
0.003910775
0.003568233
0.003202796
0.002827252
0.002455365
0.002099555
0.001770047
0.001474184
0.001216552
0.0009987709
0.0008239377
0.0006994471
0.0006304358
0.0006149381
0.0006456333
0.0007122635
0.0008048989
0.0009167929
0.001042429
0.001176952
0.001317092
0.001463671
0.001620479
0.001789054
0.001968263
0.002154697
0.002341648
0.002519722
0.00267786
0.002810343
0.002917968
0.003004066
0.003071448
0.003120385
0.003149121
0.003157175
0.003145993
0.003118805
0.003079827
0.003033005
0.002981517
0.002927337
0.002869948
0.002802557
0.002709602
0.002571344
0.002370759
0.002101941
0.001770715
0.001388852
0.00096702
0.0005132864
3.259393e-05
-0.0004731485
-0.001005097
-0.001563585
-0.002145801
-0.002744258
-0.00334863
-0.003950503
-0.004544646
-0.005125194
-0.005681466
-0.006203086
-0.006687784
-0.007139077
-0.007562825
-0.007962442
-0.008336353
-0.008675539
-0.008966595
-0.009197374
-0.009361902
-0.009462921
-0.009509777
-0.00951229
-0.009481582
-0.009429007
-0.009362191
-0.009282252
-0.009187495
-0.00907826
-0.008956176
-0.008818665
-0.008657785
-0.008468526
-0.008250189
-0.008004328
-0.00773343
-0.0074369
-0.007113573
-0.006762907
-0.006384457
-0.005981771
-0.005560679
-0.005128412
-0.004695132
-0.004271648
-0.003868277
-0.003493806
-0.003156328
-0.002865346
-0.002632621
-0.002470508
-0.00238827
-0.002388159
-0.002463479
-0.002601247
-0.002784928
-0.00299801
-0.003228332
-0.003469371
-0.003718712
-0.003975066
-0.004236763
-0.004499613
-0.004753647
-0.004982573
-0.005169869
-0.00530385
-0.005379007
-0.005398483
-0.005373793
-0.005318544
-0.005241897
-0.005146391
-0.005030733
-0.004895678
-0.004745638
-0.004586046
-0.004419881
-0.004247581
-0.004069651
-0.003886813
-0.003699999
-0.003508916
-0.003311694
-0.003106082
-0.00289336
-0.002682744
-0.00248323
-0.002301152
-0.00213991
-0.001999628
-0.001876226
-0.00176324
-0.001653081
-0.001539699
-0.001418894
-0.001288358
-0.00115009
-0.001009384
-0.0008703912
-0.0007318193
-0.0005870094
-0.0004271805
-0.0002451299
-3.401841e-05
0.0002132295
0.0005040274
0.0008453363
0.001242334
0.00170291
0.002238745
0.002863283
0.00358525
0.004403165
0.005305826
0.00627427
0.007281958
0.008301417
0.009310499
0.0102933
0.01123938
0.01214283
0.0129998
0.0138078
0.01456625
0.01527706
0.01594364
0.01657294
0.01717613
0.01776469
0.01834313
0.01890786
0.01944708
0.0199423
0.02036901
0.02070448
0.02093712
0.0210683
0.02110572
0.02105696
0.02092985
0.02073277
0.02047264
0.02015296
0.0197738
0.01933487
0.01884007
0.01829909
0.01773141
0.01715991
0.01660008
0.01605627
0.01552771
0.01501091
0.01449909
0.0139801
0.0134415
0.01287754
0.01228963
0.01167932
0.01104171
0.01036817
0.009650593
0.00887977
0.008046417
0.007143066
0.006166553
0.005118283
0.004007002
0.002845814
0.001650732
0.0004405182
-0.0007657596
-0.001952675
-0.003111182
-0.004240198
-0.005343234
-0.006425266
-0.007488652
-0.008533155
-0.009558968
-0.01056979
-0.01156986
-0.012562
-0.01355097
-0.01454935
-0.01557019
-0.01661864
-0.01768867
-0.01876633
-0.01983215
-0.02086435
-0.02184077
-0.02274145
-0.0235518
-0.02426415
-0.02487424
-0.02538021
-0.02578233
-0.02608437
-0.02629198
-0.02641251
-0.02645458
-0.02642575
-0.02633256
-0.02618491
-0.0259952
-0.02577704
-0.02554232
-0.02529763
-0.02504478
-0.02478407
-0.02451695
-0.0242457
-0.02397454
-0.02370987
-0.02345753
-0.02321934
-0.02299359
-0.02277721
-0.02256744
-0.02236168
-0.02215638
-0.02194385
-0.02170951
-0.02143368
-0.02109931
-0.02069714
-0.02022461
-0.01968186
-0.01907055
-0.01839378
-0.01765998
-0.01688372
-0.01608489
-0.01528403
-0.01449812
-0.01373904
-0.01301803
-0.0123455
-0.01172236
-0.01114093
-0.01059513
-0.01008102
-0.009596909
-0.009144875
-0.008727232
-0.008337001
-0.007957267
-0.007570398
-0.007167518
-0.006744849
-0.006302127
-0.00584637
-0.005391508
-0.004951215
-0.00453487
-0.004148165
-0.003795186
-0.003478967
-0.003198226
-0.002947821
-0.002723625
-0.002522623
-0.002342903
-0.002184962
-0.002053211
-0.001952151
-0.001880997
-0.001834436
-0.001808293
-0.001801918
-0.00181579
-0.001850237
-0.001905524
-0.001980149
-0.002073657
-0.002188781
-0.002330245
-0.002504281
-0.002718208
-0.002981936
-0.003304713
-0.003687816
-0.004121407
-0.004586546
-0.005059386
-0.005516496
-0.005940126
-0.006320486
-0.006653484
-0.006937819
-0.007172583
-0.007354369
-0.007480599
-0.007554572
-0.007586872
-0.007592216
-0.00758406
-0.007574148
-0.007577237
-0.007611243
-0.007690356
-0.007819101
-0.007997607
-0.008226761
-0.008507051
-0.008836722
-0.009212029
-0.00962446
-0.01006001
-0.01050228
-0.01093759
-0.01135749
-0.01175951
-0.01214682
-0.012526
-0.01290201
-0.01327641
-0.01364535
-0.01400051
-0.01433362
-0.01463637
-0.01490249
-0.01513028
-0.01531995
-0.01546767
-0.01556458
-0.01560218
-0.0155759
-0.01548469
-0.01532953
-0.01510922
-0.01481616
-0.01443955
-0.01397211
-0.01341179
-0.01275772
-0.01200959
-0.01116882
-0.01024274
-0.00924143
-0.008173784
-0.00703966
-0.005832062
-0.00454527
-0.003180624
-0.001745575
-0.0002553379
0.00126551
0.002787172
0.004283989
0.005739995
0.007150237
0.008516316
0.009843996
0.0111405
0.01241175
0.01365635
0.01486703
0.0160329
0.01714078
0.01817849
0.01914029
0.02002484
0.02083039
0.0215564
0.02220825
0.02279374
0.02332156
0.02380043
0.02423722
0.0246365
0.02500519
0.02535454
0.02569988
0.02605174
0.02641303
0.02677663
0.02712762
0.02744682
0.02771462
0.02791723
0.02805239
0.02812924
0.02816054
0.0281533
0.02810486
0.02800435
0.02783606
0.02758034
0.02721734
0.02673078
0.02611404
0.02537256
0.0245201
0.02357421
0.02255178
0.02146851
0.02033668
0.01916693
0.01796976
0.01675471
0.01553035
0.01430789
0.01309811
0.01190346
0.01071245
0.009506142
0.008265572
0.006979209
0.005647062
0.004280313
0.002899152
0.001527251
0.0001840693
-0.0011214
-0.002390635
-0.003622923
-0.004808228
-0.005934817
-0.007002004
-0.008015209
-0.008976874
-0.009887616
-0.01075413
-0.01158886
-0.01240445
-0.01321074
-0.01401295
-0.0148075
-0.01557763
-0.01629948
-0.0169558
-0.01753906
-0.01804752
-0.01848202
-0.018844
-0.01913434
-0.01934989
-0.01947912
-0.01950753
-0.01942476
-0.01922804
-0.01891936
-0.01850447
-0.01799205
-0.01739001
-0.01670223
-0.01592777
-0.01506459
-0.01411432
-0.01308586
-0.01199533
-0.01086449
-0.009714177
-0.008563643
-0.007428933
-0.006317055
-0.005220917
-0.004123386
-0.003008598
-0.00187281
-0.0007220393
0.0004283928
0.001557266
0.002643605
0.003675045
0.004652846
0.005589235
0.006495918
0.007375649
0.008217563
0.00899966
0.009699671
0.01030413
0.01081295
0.01124116
0.01161214
0.01194593
0.01225592
0.01255057
0.01283459
0.01311592
0.01341189
0.0137472
0.01414218
0.01460638
0.01513976
0.01573456
0.01637168
0.0170249
0.01767003
0.01828857
0.0188693
0.01940892
0.01991047
0.02038205
0.02083201
0.0212654
0.02168271
0.02208184
0.02246002
0.02281279
0.02313036
0.02340332
0.02362923
0.02381404
0.02397092
0.02411456
0.02425433
0.02439488
0.02453715
0.0246806
0.02482223
0.02495538
0.0250722
0.02516931
0.02524815
0.02530536
0.02532734
0.02529063
0.02515952
0.02488675
0.02442799
0.02375845
0.0228832
0.02183937
0.02068892
0.0195029
0.01834566
0.01726422
0.01628479
0.01541523
0.01465231
0.01398437
0.01339614
0.0128699
0.01238813
0.01193324
0.01148818
0.01104108
0.01058895
0.01013146
0.009666406
0.009193084
0.008717798
0.008246707
0.007774591
0.007284405
0.006760198
0.006192234
0.005576646
0.004912636
0.004199705
0.003436411
0.002622803
0.001758907
0.0008458565
-0.0001172797
-0.001133657
-0.002205316
-0.003330762
-0.004506735
-0.00572691
-0.006980654
-0.008256066
-0.009545545
-0.01084266
-0.0121416
-0.0134395
-0.01473717
-0.01603643
-0.01734154
-0.01865653
-0.01998554
-0.0213306
-0.02268862
-0.02405231
-0.02541402
-0.02676551
-0.02809801
-0.02940038
-0.03065627
-0.03184502
-0.03294974
-0.03395561
-0.03484582
-0.03560383
-0.03621695
-0.03667677
-0.03697992
-0.03712849
-0.03712818
-0.03698487
-0.03670465
-0.0362948
-0.03576727
-0.0351416
-0.03443929
-0.03367688
-0.03286561
-0.03201252
-0.03111788
-0.03017553
-0.02917725
-0.02811748
-0.02699473
-0.02580852
-0.02455768
-0.02324268
-0.02185714
-0.02038453
-0.018808
-0.01712464
-0.01534556
-0.0134894
-0.01157691
-0.009634611
-0.007686845
-0.005740953
-0.003786373
-0.001813644
0.0001772867
0.002179808
0.00418716
0.00618991
0.008175992
0.01013343
0.01204969
0.01390919
0.01570028
0.01741713
0.01905859
0.02062353
0.02210911
0.02350722
0.02480678
0.02599854
0.02707821
0.02804271
0.02888727
0.02960347
0.03018516
0.03063099
0.03094575
0.03114555
0.031253
0.03128904
0.03126996
0.03120951
0.03112169
0.03102122
0.03092127
0.03082864
0.03074507
0.03066845
0.03059261
0.03050934
0.03040252
0.03024778
0.03002001
0.02970176
0.02928105
0.02874825
0.02809371
0.02731302
0.02640919
0.02539163
0.02427299
0.02306723
0.02178704
0.02044351
0.01904546
0.01760168
0.01612191
0.01461654
0.01309834
0.01158634
0.01009142
0.008609347
0.007131411
0.005657511
0.004191403
0.002725518
0.00123827
-0.0002899835
-0.001869892
-0.003510016
-0.005223522
-0.007020027
-0.008899891
-0.01085426
-0.01287165
-0.01493887
-0.01704044
-0.01915636
-0.02126533
-0.02334585
-0.02537997
-0.02735744
-0.02928308
-0.03116712
-0.03301432
-0.03482105
-0.03658345
-0.03829533
-0.0399465
-0.04152678
-0.04303651
-0.0444849
-0.0458761
-0.04720148
-0.04845065
-0.04961914
-0.05070588
-0.05170802
-0.05262425
-0.05345426
-0.05419415
-0.05483818
-0.0553846
-0.05583801
-0.05620718
-0.05649773
-0.05670769
-0.05683043
-0.05686004
-0.05679511
-0.05663592
-0.05637816
-0.05601159
-0.0555278
-0.05492896
-0.05422205
-0.05340143
-0.05245271
-0.05136895
-0.05015763
-0.04882816
-0.04738469
-0.04582685
-0.04415403
-0.04236378
-0.04045923
-0.03845005
-0.03634498
-0.03414822
-0.03186746
-0.02951832
-0.02712353
-0.02470929
-0.02230316
-0.01992886
-0.01760534
-0.01534596
-0.01316381
-0.01106886
-0.009071493
-0.007179137
-0.005397501
-0.003729461
-0.002178166
-0.000746944
0.0005627552
0.001755642
0.002841661
0.003833229
0.004741816
0.005578107
0.006350092
0.007064591
0.007724301
0.008326118
0.008865577
0.009345587
0.009774057
0.01016126
0.01051718
0.01085291
0.01117838
0.01150196
0.01183072
0.01216995
0.01252455
0.01290117
0.01330969
0.01376429
0.01427653
0.01485039
0.01547669
0.01614194
0.01683213
0.01753476
0.01824158
0.01894896
0.01965397
0.02035627
0.02105789
0.02176532
0.02248403
0.0232156
0.02395843
0.02471417
0.02548998
0.02629292
0.02712252
0.02797174
0.0288304
0.02969345
0.03056524
0.03145713
0.03237836
0.03333196
0.03430917
0.03529004
0.03624981
0.03716973
0.03803894
0.03884873
0.03958651
0.04023823
0.04079336
0.0412501
0.0416109
0.04188252
0.0420789
0.04221743
0.04231397
0.04237945
0.04242002
0.04244143
0.04245094
0.04246097
0.04249035
0.04255885
0.04267639
0.04284451
0.04306527
0.04334357
0.04367972
0.04406822
0.04450153
0.04496731
0.04544908
0.04593123
0.04640285
0.04685533
0.04728036
0.04767716
0.04805188
0.0484085
0.04874459
0.04905711
0.0493438
0.04960141
0.04982553
0.0500136
0.05016685
0.05028638
0.05037001
0.05040826
0.05038916
0.05030223
0.050139
0.04989116
0.04954878
0.04910387
0.04855528
0.04791086
0.04718462
0.04639024
0.04554147
0.04465436
0.04374954
0.04284316
0.04194227
0.04104659
0.04015345
0.03925861
0.03835793
0.03744764
0.03652814
0.03560795
0.03470322
0.03382824
0.03298687
0.03216681
0.03134991
0.03051615
0.02964637
0.02872709
0.02775403
0.02672672
0.02564483
0.02450984
0.02333149
0.02212295
0.02088869
0.01961793
0.01829604
0.01691671
0.01548563
0.01400902
0.01248891
0.0109255
0.009325083
0.007695609
0.006040614
0.004356694
0.002642688
0.0009040289
-0.000853459
-0.002630873
-0.004430844
-0.006256199
-0.008106511
-0.009982435
-0.01188639
-0.01382787
-0.01581712
-0.01786114
-0.0199579
-0.02209862
-0.024272
-0.02647093
-0.02869675
-0.03095987
-0.03326637
-0.03560811
-0.0379593
-0.04028313
-0.04253917
-0.04468945
-0.046702
-0.04855762
-0.05024855
-0.05177364
-0.05313133
-0.05431823
-0.05532723
-0.05615144
-0.05678564
-0.0572298
-0.05749257
-0.05759088
-0.05754397
-0.05736606
-0.05706044
-0.05662157
-0.05604123
-0.05531713
-0.05445748
-0.05348295
-0.052427
-0.05133248
-0.05024334
-0.04919696
-0.04821674
-0.04730813
-0.04646447
-0.04568216
-0.04497367
-0.04435337
-0.04381056
-0.04330847
-0.04280802
-0.04227642
-0.04167939
-0.040981
-0.04015727
-0.03919904
-0.03810048
-0.03685303
-0.03545967
-0.03394041
-0.03232143
-0.03062453
-0.02887189
-0.0270906
-0.02530998
-0.02355056
-0.02182363
-0.02013786
-0.01850355
-0.0169288
-0.01541609
-0.01395609
-0.01252961
-0.01111237
-0.009681703
-0.008221103
-0.006719391
-0.005166007
-0.003551114
-0.001865875
-0.0001061936
0.001727602
0.003626334
0.005572814
0.00754875
0.009541818
0.01154613
0.01356093
0.01558418
0.01761195
0.01964134
0.02167127
0.02369849
0.02572259
0.02774976
0.02978743
0.03183499
0.03388751
0.03593801
0.03797535
0.03998092
0.04193829
0.04383549
0.045664
0.04741807
0.04909663
0.0507009
0.05223365
0.05369594
0.05508473
0.05638708
0.05758094
0.05864109
0.05954553
0.0602768
0.0608262
0.06119259
0.06137976
0.06139684
0.06125469
0.06096076
0.06051709
0.05992688
0.05920158
0.05836636
0.05745966
0.05652353
0.0555853
0.0546495
0.0537072
0.05275488
0.05179215
0.05080654
0.04976921
0.04865661
0.0474634
0.04619474
0.044852
0.04343219
0.04193328
0.04035532
0.03869686
0.03695616
0.03513285
0.03323268
0.03126008
0.02921277
0.0270769
0.02483551
0.02247404
0.01998385
0.01735932
0.01459913
0.01170377
0.008683422
0.005562469
0.002379243
-0.0008312991
-0.004051968
-0.007284665
-0.0105361
-0.01380759
-0.01708919
-0.02036759
-0.02362258
-0.02683686
-0.03000373
-0.03312381
-0.03619734
-0.0392257
-0.04221001
-0.04515677
-0.04807844
-0.05099271
-0.05391594
-0.0568617
-0.05983107
-0.06280343
-0.06573904
-0.06859907
-0.07135715
-0.07399679
-0.0764986
-0.07884099
-0.08100459
-0.0829756
-0.08473986
-0.08628157
-0.08758663
-0.08865048
-0.08947611
-0.09006967
-0.09043951
-0.09059834
-0.09056006
-0.09033488
-0.08993179
-0.08935844
-0.0886187
-0.08771931
-0.08667959
-0.0855208
-0.08424622
-0.08284301
-0.0813052
-0.07963532
-0.07782598
-0.07585328
-0.07369895
-0.07136782
-0.06888272
-0.06626349
-0.06352387
-0.06067581
-0.05773257
-0.0547056
-0.05160834
-0.04845482
-0.04525596
-0.04201638
-0.0387469
-0.03546814
-0.03220587
-0.02897861
-0.0257934
-0.02264403
-0.01951891
-0.01640005
-0.0132716
-0.01012166
-0.006941332
-0.003721411
-0.0004559187
0.002858175
0.006218739
0.009627085
0.01309111
0.01662796
0.02025268
0.02397103
0.0277764
0.03165431
0.03558309
0.03954096
0.0435024
0.04744069
0.05132898
0.05515315
0.05891839
0.0626481
0.06636654
0.07008535
0.07379781
0.07748715
0.08113178
0.08470609
0.0881717
0.09147875
0.09456818
0.09738265
0.09987233
0.1020011
0.1037516
0.1051274
0.1061444
0.1068163
0.10714
0.1070909
0.1066279
0.1057014
0.1042617
0.1022704
0.09971628
0.09662642
0.0930626
0.08909868
0.08480871
0.08026917
0.07556702
0.07079099
0.06601776
0.06130465
0.0566981
0.05223796
0.04795595
0.04386781
0.03997437
0.03626199
0.03271005
0.02929396
0.02599374
0.02279284
0.01967997
0.01664272
0.01366676
0.01073654
0.00784693
0.005008528
0.00224614
-0.0004183045
-0.002978827
-0.005450995
-0.007867543
-0.01026865
-0.01268697
-0.01514274
-0.01764047
-0.02017495
-0.02273675
-0.02531984
-0.02791842
-0.03052502
-0.03312769
-0.03571367
-0.03827195
-0.04079125
-0.04325207
-0.04562522
-0.04787392
-0.0499593
-0.05184065
-0.05347585
-0.05482057
-0.05583875
-0.05650719
-0.05681258
-0.05674019
-0.05627294
-0.05539462
-0.05409005
-0.05233939
-0.05011573
-0.0474018
-0.04421017
-0.0405891
-0.03661815
-0.03240356
-0.02806371
-0.02371
-0.01942036
-0.01522933
-0.01113328
-0.007108582
-0.003123718
0.0008480013
0.004821365
0.008795927
0.01276431
0.01671303
0.02062054
0.02446127
0.02821989
0.03189668
0.03549644
0.03901538
0.04244858
0.04580119
0.04909061
0.05233547
0.05554916
0.05873738
0.0618994
0.0650231
0.06808486
0.07105281
0.07389019
0.0765545
0.07899874
0.08117222
0.08302455
0.08451612
0.08562287
0.08632906
0.08661475
0.08645011
0.08579034
0.08458063
0.08276965
0.0803272
0.0772521
0.07357004
0.06931845
0.06454221
0.05929882
0.05367066
0.04775765
0.04166358
0.03547187
0.02925728
0.02309859
0.0170722
0.01123061
0.005600721
0.0001919209
-0.004997106
-0.009990067
-0.01483409
-0.0195898
-0.0243059
-0.02900606
-0.03368382
-0.03831646
-0.04288139
-0.04737557
-0.05180425
-0.05617203
-0.06048386
-0.06475368
-0.06899364
-0.07320232
-0.07736397
-0.08146711
-0.0855088
-0.08948934
-0.09340259
-0.09724285
-0.1010098
-0.1047067
-0.1083263
-0.1118482
-0.1152385
-0.118467
-0.1215182
-0.1243929
-0.1271036
-0.1296653
-0.132083
-0.1343463
-0.1364233
-0.1382613
-0.1398013
-0.1409967
-0.141831
-0.1423228
-0.1425059
-0.1424149
-0.1420865
-0.1415643
-0.1408929
-0.1401072
-0.1392298
-0.1382705
-0.1372298
-0.1360967
-0.1348486
-0.1334534
-0.131878
-0.1300889
-0.1280496
-0.1257146
-0.1230352
-0.1199628
-0.116463
-0.1125176
-0.1081305
-0.1033322
-0.09818293
-0.09276092
-0.08715712
-0.08146547
-0.07578053
-0.0701826
-0.06473467
-0.05947939
-0.05444293
-0.04963215
-0.04503813
-0.04063415
-0.03638973
-0.03227251
-0.02825171
-0.02429211
-0.02035582
-0.01640411
-0.01240834
-0.008345332
-0.004197881
4.863927e-05
0.004398136
0.008845746
0.01338137
0.01800717
0.02273227
0.02756673
0.03250275
0.03752702
0.0426359
0.04784209
0.05316288
0.05861801
0.06422629
0.07000821
0.07596562
0.08206888
0.08825079
0.09442586
0.1005108
0.1064475
0.1122075
0.1177953
0.1232314
0.1285389
0.1337346
0.1388317
0.1438285
0.1486953
0.1533674
0.1577601
0.161785
0.1653733
0.1684866
0.1711063
0.1732079
0.1747542
0.1757136
0.1760788
0.1758498
0.1750155
0.1735625
0.1714989
0.1688685
0.1657369
0.1621631
0.1581725
0.1537497
0.1488473
0.1434113
0.1374076
0.1308458
0.1237857
0.1163455
0.1086872
0.1009936
0.09343483
0.0861536
0.07925542
0.07280317
0.06680728
0.06123738
0.05603281
0.05112251
0.04643387
0.04190558
0.03748894
0.03315063
0.02886298
0.02460867
0.02037935
0.01618389
0.01203231
0.00792308
0.003839788
-0.000232596
-0.004298113
-0.00834087
-0.01233865
-0.01626676
-0.02010829
-0.02385695
-0.02751639
-0.03109046
-0.03458574
-0.03801668
-0.04141491
-0.04481274
-0.04823056
-0.0516749
-0.05515568
-0.0586909
-0.0623021
-0.06600194
-0.06979085
-0.07365596
-0.07757919
-0.08153621
-0.08549695
-0.0894201
-0.09325112
-0.09692164
-0.1003641
-0.1035246
-0.1063774
-0.1089287
-0.1112088
-0.1132505
-0.1150737
-0.1166776
-0.1180432
-0.1191284
-0.119868
-0.1201878
-0.1200347
-0.1194078
-0.1183766
-0.1170553
-0.1155509
-0.1139285
-0.1122153
-0.1104167
-0.1085213
-0.1065013
-0.1043165
-0.1019295
-0.09931664
-0.09647322
-0.09341149
-0.09015747
-0.0867463
-0.08322238
-0.07962876
-0.07600067
-0.07236095
-0.06872224
-0.06508636
-0.06144893
-0.05780127
-0.05413932
-0.0504685
-0.04680347
-0.04315382
-0.0395161
-0.03586946
-0.03218791
-0.02845291
-0.0246611
-0.02082027
-0.01694765
-0.01306149
-0.009180961
-0.005321166
-0.001498681
0.00226793
0.005964288
0.009588676
0.01314442
0.01663624
0.02006511
0.02343118
0.02673034
0.02994738
0.03304511
0.03596624
0.03864353
0.04102743
0.04309384
0.04483598
0.04624686
0.04731824
0.04804583
0.04843016
0.04845918
0.04810288
0.04732934
0.04612562
0.04450419
0.04250272
0.04018574
0.03764225
0.03496958
0.03225199
0.02954955
0.02689985
0.02432906
0.02185623
0.0194943
0.01724745
0.01510932
0.01306805
0.01110922
0.009217545
0.007381138
0.005594145
0.003860399
0.002188878
0.0005864563
-0.0009438141
-0.002402624
-0.00379041
-0.005106275
-0.006354412
-0.007543207
-0.008679252
-0.009763289
-0.01078792
-0.01173815
-0.0125948
-0.01333943
-0.01395675
-0.01443228
-0.01475268
-0.01490729
-0.01488735
-0.01468661
-0.01430422
-0.01374469
-0.01301195
-0.01210726
-0.01103393
-0.009805143
-0.008442926
-0.006969855
-0.005399903
-0.003736435
-0.001973468
-9.912072e-05
0.001899036
0.00401777
0.006223901
0.008451781
0.01062027
0.01265717
0.01451608
0.01617262
0.01761483
0.01884246
0.01987318
0.02073213
0.02143807
0.02200587
0.02246019
0.02283567
0.02317003
0.02349332
0.02382511
0.02417002
0.0245203
0.02486479
0.02519978
0.02553135
0.02587141
0.0262302
0.02660918
0.02699665
0.02737147
0.02771053
0.02799636
0.02822429
0.02840567
0.02856172
0.02871466
0.02887998
0.02906465
0.02926363
0.02946022
0.02963298
0.02976243
0.02983078
0.02982041
0.02971411
0.02949551
0.02914519
0.02863886
0.02795438
0.02707542
0.02599013
0.02468812
0.0231612
0.0214064
0.01943115
0.01726189
0.0149515
0.01257834
0.01024705
0.008083723
0.006217028
0.004742183
0.003694219
0.003048839
0.002742879
0.002695211
0.002817635
0.003021393
0.003233002
0.003403643
0.003508077
0.003533655
0.003470066
0.003309194
0.003048178
0.002686438
0.002227151
0.001682146
0.001075058
0.00043899
-0.0001904608
-0.000786038
-0.001334578
-0.001834317
-0.002287179
-0.002696096
-0.00306476
-0.003395705
-0.003687356
-0.003937999
-0.004151005
-0.004338002
-0.004515981
-0.004701153
-0.00490463
-0.005129857
-0.005373731
-0.005633882
-0.00591048
-0.006207329
-0.006532651
-0.006898535
-0.007312328
-0.007768414
-0.008248965
-0.008734979
-0.009216423
-0.009693461
-0.01016947
-0.01064488
-0.01111543
-0.01157014
-0.01199257
-0.01236438
-0.01266475
-0.01286398
-0.01291908
-0.01278016
-0.01240331
-0.0117543
-0.01081066
-0.009568439
-0.00804768
-0.006295506
-0.004386519
-0.002406859
-0.0004343698
0.001475589
0.003291107
0.004997554
0.006594121
0.00809567
0.009526884
0.01091703
0.0122947
0.01368461
0.01510539
0.01657179
0.01809869
0.01969925
0.02137727
0.023127
0.02493536
0.02678452
0.02865272
0.03052109
0.03237789
0.03421726
0.03603184
0.03781826
0.03958042
0.04132671
0.04306238
0.04478439
0.0464837
0.04814992
0.04977292
0.05134537
0.05285888
0.0542965
0.05563007
0.05682644
0.05785471
0.05869363
0.05934009
0.05980465
0.06009744
0.06021729
0.06015014
0.05987429
0.05936878
0.05861698
0.05760945
0.05634204
0.05481334
0.05302403
0.05098444
0.04871099
0.04621521
0.04349109
0.04052988
0.03734215
0.03396694
0.03045571
0.02685523
0.02319851
0.01951356
0.01583455
0.01220644
0.008672575
0.005270629
0.002033451
-0.001013047
-0.003864221
-0.006536114
-0.009057877
-0.01145524
-0.01375737
-0.01600522
-0.01825072
-0.02053732
-0.02288726
-0.02529896
-0.0277562
-0.03023435
-0.03271076
-0.03517039
-0.03760764
-0.04002291
-0.04242339
-0.04481538
-0.04719802
-0.04955791
-0.05187253
-0.0541144
-0.05626011
-0.05829601
-0.06022054
-0.06204121
-0.06377127
-0.06542166
-0.06699835
-0.06849907
-0.0699185
-0.07125543
-0.07251561
-0.07370825
-0.07484612
-0.07594514
-0.07701733
-0.07806329
-0.07907463
-0.0800405
-0.08095229
-0.08180479
-0.08259115
-0.08329866
-0.0839108
-0.08441293
-0.08479356
-0.0850292
-0.08507247
-0.08486191
-0.08434143
-0.08346753
-0.08219827
-0.08049036
-0.078307
-0.07562576
-0.07244355
-0.06878152
-0.06469071
-0.06026137
-0.05561787
-0.05089734
-0.04621873
-0.04166073
-0.03726
-0.03303994
-0.02902299
-0.02522614
-0.02164886
-0.01827886
-0.01509606
-0.01207398
-0.009180407
-0.006388846
-0.003680622
-0.001043403
0.001539704
0.004089974
0.006625783
0.009155901
0.01168592
0.01422169
0.01677229
0.01934269
0.02193428
0.02454531
0.02717316
0.02980914
0.0324361
0.03502889
0.03756585
0.04003106
0.04240869
0.04467962
0.04683299
0.04887189
0.05080912
0.05265358
0.05440455
0.05604868
0.05756792
0.05894264
0.06015318
0.06118243
0.0620183
0.06265846
0.06311573
0.0634101
0.06355749
0.06356206
0.06341406
0.06309455
0.06258671
0.0618818
0.06097613
0.05986858
0.0585694
0.0571066
0.05551481
0.0538193
0.05202721
0.05013772
0.04816334
0.04613973
0.04410847
0.04209032
0.04008152
0.03808265
0.03611869
0.03423015
0.0324464
0.03077795
0.02922176
0.0277713
0.02642269
0.02517362
0.02402169
0.02296456
0.02199716
0.02111259
0.02030134
0.01955307
0.01885545
0.01819252
0.01754225
0.01688018
0.01618361
0.01543996
0.01464794
0.01381008
0.01292236
0.01197442
0.01095043
0.009833726
0.008610078
0.00727854
0.00585393
0.004359711
0.002817034
0.001240501
-0.000362646
-0.001988511
-0.003636329
-0.005303439
-0.006986352
-0.008679543
-0.01037731
-0.01207173
-0.01375089
-0.01540021
-0.0170113
-0.0185854
-0.02013473
-0.02167134
-0.02319633
-0.02469836
-0.02616563
-0.02759073
-0.02897019
-0.03030614
-0.0316083
-0.0328866
-0.03414392
-0.03537302
-0.03655932
-0.03768195
-0.03872338
-0.03967502
-0.04053972
-0.041321
-0.0420108
-0.04259081
-0.04304389
-0.04336512
-0.04356303
-0.04365568
-0.04367
-0.0436417
-0.04360907
-0.04360695
-0.04366281
-0.04379164
-0.0439994
-0.04429007
-0.04467045
-0.04514541
-0.04571206
-0.04635856
-0.04706795
-0.04782142
-0.04860114
-0.04939324
-0.05018825
-0.05097816
-0.0517585
-0.05253321
-0.05331451
-0.05410869
-0.05490148
-0.05566808
-0.05639508
-0.05708218
-0.05773188
-0.0583453
-0.058924
-0.05946674
-0.05996089
-0.06038649
-0.060729
-0.0609878
-0.06116786
-0.06126969
-0.0612872
-0.06121631
-0.06105655
-0.06080399
-0.06044764
-0.05997857
-0.05939378
-0.05868966
-0.05784839
-0.05683063
-0.05557539
-0.05402062
-0.05212604
-0.04988651
-0.04733367
-0.04453386
-0.04157526
-0.03854935
-0.03553377
-0.03259657
-0.02980513
-0.02722552
-0.02490585
-0.02286657
-0.02109246
-0.01953957
-0.01813863
-0.01680892
-0.01547266
-0.01407704
-0.01260286
-0.01105926
-0.009466102
-0.007845861
-0.006216353
-0.004586419
-0.002952278
-0.001303944
0.0003687319
0.002064469
0.003770772
0.005469963
0.007152919
0.008822565
0.01049066
0.01216912
0.01387233
0.0156175
0.01742142
0.01929294
0.02123214
0.02322632
0.02525724
0.02731241
0.02939313
0.03150968
0.03367582
0.03589952
0.03818634
0.04053454
0.04293545
0.04537152
0.04782234
0.05026581
0.05268321
0.05506568
0.05742234
0.05977514
0.06214696
0.06454946
0.06698519
0.06944892
0.07192932
0.07440577
0.0768535
0.07924618
0.08156072
0.08377943
0.08588886
0.08786814
0.0896853
0.09130312
0.09269072
0.09382746
0.09469806
0.0952869
0.09557871
0.09556559
0.09525328
0.09465134
0.09375822
0.09256338
0.09106353
0.08927359
0.08722665
0.08497142
0.08257064
0.08009695
0.07761322
0.07515627
0.07274007
0.07037645
0.06808004
0.06586051
0.06371481
0.06163714
0.05962956
0.05770357
0.05586659
0.05411367
0.05243017
0.05080577
0.04923607
0.04771945
0.04624802
0.0448054
0.0433707
0.0419277
0.04046615
0.038981
0.03746903
0.03593687
0.03439674
0.03285605
0.03130227
0.02970948
0.02805824
0.02634834
0.02459051
0.022794
0.02095787
0.0190801
0.01716546
0.01522654
0.01327493
0.01132033
0.009369817
0.007432404
0.005514987
0.003621981
0.001753986
-9.244096e-05
-0.001926993
-0.003760549
-0.00560083
-0.007448275
-0.009299824
-0.01114881
-0.01298762
-0.01480634
-0.01659659
-0.01835277
-0.02007269
-0.021749
-0.02337041
-0.02492556
-0.0264084
-0.02781463
-0.02913791
-0.03036675
-0.03148829
-0.03249105
-0.03336499
-0.03409747
-0.03467345
-0.03507797
-0.03530827
-0.03537812
-0.03530649
-0.03510618
-0.03479283
-0.03439341
-0.03393701
-0.03343973
-0.0329092
-0.03235807
-0.03180309
-0.0312532
-0.03070989
-0.03017736
-0.02966412
-0.02916881
-0.02867059
-0.02814354
-0.02757704
-0.02697707
-0.0263537
-0.02571481
-0.02506582
-0.0244077
-0.02373673
-0.02304821
-0.02233972
-0.02161062
-0.02086247
-0.02009681
-0.01931582
-0.01852277
-0.01772218
-0.0169235
-0.01614489
-0.01540423
-0.0147066
-0.01404889
-0.01343364
-0.01287039
-0.01236086
-0.01189721
-0.01147176
-0.01108372
-0.01073841
-0.01044212
-0.01020348
-0.01003389
-0.009939563
-0.009918182
-0.009963626
-0.0100709
-0.01023786
-0.01046337
-0.01074585
-0.0110836
-0.01147413
-0.01191577
-0.01240924
-0.01295679
-0.01355844
-0.01420954
-0.01490408
-0.01563546
-0.01639416
-0.0171642
-0.0179283
-0.01867254
-0.01938627
-0.02006048
-0.02068991
-0.02127364
-0.02181231
-0.02230526
-0.02275456
-0.02317049
-0.02356895
-0.02396242
-0.02435389
-0.02473781
-0.02510798
-0.02546127
-0.02579727
-0.02611897
-0.02642921
-0.02672439
-0.026993
-0.02722454
-0.02741653
-0.02756834
-0.02767397
-0.02772553
-0.02771999
-0.02766179
-0.02755614
-0.02740325
-0.02719729
-0.02692992
-0.02659549
-0.02619206
-0.02571933
-0.02517743
-0.02456391
-0.02387388
-0.02310057
-0.02223509
-0.02126531
-0.02017932
-0.01896721
-0.01762291
-0.01614495
-0.01453897
-0.0128191
-0.01100468
-0.009113721
-0.0071653
-0.005181579
-0.003191295
-0.001226119
0.0006829802
0.002513354
0.004252403
0.005899834
0.007463774
0.008957898
0.01039836
0.01179953
0.01316873
0.01451447
0.01585041
0.01719081
0.01854608
0.01992714
0.02134806
0.02282185
0.02435176
0.02592907
0.02753534
0.02915176
0.03076566
0.03237079
0.03396249
0.03553512
0.03708002
0.03858685
0.04004543
0.04145092
0.04280392
0.04410785
0.04536441
0.04657158
0.04772458
0.04881811
0.04984546
0.05079724
0.05165701
0.05240183
0.053009
0.05345911
0.05374059
0.05386058
0.05384426
0.05372137
0.05350597
0.0531748
0.05265893
0.05184767
0.05060651
0.04880482
0.04635605
0.04325268
0.03958373
0.0355266
0.03132512
0.02723802
0.02347629
0.0201613
0.01733066
0.01496304
0.01300117
0.01136331
0.009961595
0.008713853
0.007548177
0.006398505
0.005211769
0.003958158
0.002631968
0.001239044
-0.0002128003
-0.001718877
-0.003273026
-0.004866211
-0.006486585
-0.008124014
-0.009773023
-0.01143612
-0.01311803
-0.01481766
-0.01651688
-0.01818498
-0.01979161
-0.02132254
-0.02278152
-0.02418476
-0.02555177
-0.0268996
-0.02823488
-0.02955216
-0.03084314
-0.03211082
-0.03337048
-0.03464483
-0.0359537
-0.0373093
-0.03871308
-0.04015801
-0.04162755
-0.0431018
-0.04456551
-0.0460087
-0.04742309
-0.04880512
-0.05015562
-0.05147382
-0.05274878
-0.05396344
-0.05510576
-0.05617906
-0.05719583
-0.05816864
-0.05910687
-0.06001797
-0.06090314
-0.06174933
-0.06252968
-0.06321769
-0.06379407
-0.0642406
-0.0645399
-0.06468599
-0.06468894
-0.06455952
-0.06429746
-0.06390029
-0.06337783
-0.06275038
-0.06203696
-0.06124671
-0.06037895
-0.05943132
-0.05840727
-0.05731137
-0.05614408
-0.05489888
-0.05356997
-0.05215981
-0.05068044
-0.04914765
-0.04757601
-0.04597341
-0.04434141
-0.04267752
-0.04098111
-0.03925308
-0.03749402
-0.03569554
-0.03383656
-0.03189007
-0.02983784
-0.02767188
-0.02539362
-0.02301281
-0.02054847
-0.01801689
-0.01542733
-0.01277866
-0.01006977
-0.007306998
-0.004506201
-0.00168437
0.001143259
0.00396555
0.006772977
0.009562826
0.01233595
0.01509652
0.01784763
0.02058777
0.02330629
0.02598661
0.02860777
0.03115325
0.03361264
0.03598258
0.03826153
0.040447
0.04253279
0.04451456
0.04639374
0.04817833
0.04988256
0.05152428
0.05311512
0.05465214
0.05611438
0.05747472
0.05871182
0.05981987
0.060796
0.06162966
0.06230212
0.06279721
0.06310594
0.0632206
0.06312522
0.0627978
0.06221745
0.0613694
0.06024914
0.05886772
0.05725481
0.05545519
0.05351857
0.05148837
0.04939969
0.04728222
0.04516774
0.04309592
0.04110953
0.0392308
0.03744625
0.03572459
0.0340517
0.0324376
0.03089533
0.02941854
0.02798467
0.02657273
0.02517444
0.02378905
0.02242009
0.02107169
0.01974332
0.0184284
0.01711875
0.01581017
0.01450538
0.01320928
0.01193101
0.01067935
0.009457498
0.008263363
0.007099144
0.005977716
0.004915841
0.003920263
0.002984242
0.002091441
0.001224912
0.0003701141
-0.0004872702
-0.001362964
-0.002269251
-0.003214538
-0.004199379
-0.005218274
-0.006262954
-0.00732519
-0.008399054
-0.009485482
-0.0105879
-0.0117081
-0.0128437
-0.01398912
-0.01513473
-0.01627132
-0.01739064
-0.0184886
-0.01956487
-0.02062093
-0.02165478
-0.02266233
-0.02364083
-0.0245911
-0.02551375
-0.02640221
-0.02723875
-0.02800076
-0.02866824
-0.02923085
-0.0296866
-0.03003755
-0.0302872
-0.03043866
-0.03049162
-0.03044487
-0.03029959
-0.03006179
-0.02974366
-0.02935903
-0.0289218
-0.02844591
-0.02794279
-0.02742192
-0.02689471
-0.0263762
-0.0258814
-0.02541822
-0.02498589
-0.02458142
-0.0242033
-0.02384997
-0.02352072
-0.02321764
-0.02294341
-0.02270013
-0.02249606
-0.02234678
-0.02226763
-0.0222635
-0.02232893
-0.02245525
-0.02263225
-0.02285069
-0.02310957
-0.02341849
-0.02378596
-0.02420711
-0.02467019
-0.02517292
-0.02572286
-0.02632414
-0.02696695
-0.02763342
-0.02831344
-0.02900207
-0.02968953
-0.03036301
-0.0310177
-0.03165807
-0.0322884
-0.03290356
-0.03349211
-0.03404243
-0.03454415
-0.03499042
-0.03538205
-0.03572427
-0.03602211
-0.03627711
-0.03648958
-0.03665825
-0.036778
-0.03683841
-0.03682588
-0.03672543
-0.0365249
-0.03621747
-0.03580168
-0.03527458
-0.03463135
-0.03386473
-0.03296966
-0.03194485
-0.03079138
-0.02951105
-0.02811005
-0.02659575
-0.02498082
-0.02328626
-0.02154091
-0.01977455
-0.01801114
-0.01626229
-0.01453274
-0.01282104
-0.01112125
-0.009424492
-0.007723502
-0.006011997
-0.004283003
-0.00252422
-0.000723639
0.001128091
0.003033832
0.004994054
0.007006901
0.009071818
0.01118986
0.01336793
0.01561706
0.01795084
0.02037868
0.0229014
0.02550552
0.0281696
0.0308731
0.03360672
0.03637286
0.03918732
0.04206371
0.0450024
0.04798709
0.05099518
0.05400763
0.05701958
0.06003986
0.0630888
0.0661878
0.06935467
0.07259216
0.07588408
0.07919404
0.08247338
0.08566565
0.0887179
0.09158745
0.0942476
0.09668944
0.09892466
0.1009831
0.1029079
0.1047423
0.1065198
0.108259
0.1099601
0.1115993
0.1131412
0.114565
0.1158797
0.1171047
0.1182336
0.1192291
0.120055
0.1206992
0.1211601
0.1214287
0.1214903
0.1213354
0.1209542
0.1203279
0.1194359
0.1182697
0.1168313
0.1151233
0.1131295
0.1108095
0.1080947
0.1049007
0.1011541
0.09682546
0.09194777
0.08662409
0.08101591
0.075317
0.06970909
0.06433665
0.05929738
0.05464613
0.05039227
0.04650489
0.04292468
0.03958627
0.03642378
0.03338749
0.03044875
0.02760063
0.02484251
0.02216993
0.01956756
0.01701183
0.01447091
0.01191888
0.009345636
0.006757763
0.004163005
0.001568864
-0.001017482
-0.003582184
-0.006106683
-0.008567292
-0.01094691
-0.01324419
-0.01548008
-0.01768825
-0.01990466
-0.02215484
-0.02445808
-0.02682573
-0.02926267
-0.03176789
-0.03434019
-0.03697652
-0.03967209
-0.04241242
-0.04518388
-0.04797801
-0.05079255
-0.05362256
-0.05645865
-0.05928531
-0.06207919
-0.0648072
-0.06743929
-0.06995397
-0.07233882
-0.07458853
-0.0767079
-0.0787048
-0.08058263
-0.08233621
-0.08395792
-0.08543874
-0.08676978
-0.08794286
-0.08895347
-0.08979835
-0.09047525
-0.09098054
-0.09130719
-0.09144443
-0.09138352
-0.0911256
-0.09068702
-0.0900882
-0.08933348
-0.0884048
-0.08728195
-0.08596369
-0.08446235
-0.0827892
-0.080949
-0.07894694
-0.07678896
-0.07447339
-0.07198508
-0.06930729
-0.06643945
-0.06340471
-0.06023925
-0.05698503
-0.05368755
-0.05040039
-0.0471762
-0.04405687
-0.04106735
-0.03822149
-0.03552593
-0.03297694
-0.03055767
-0.028244
-0.02600512
-0.02380434
-0.02160238
-0.01937514
-0.01712351
-0.01486699
-0.01262612
-0.01041532
-0.008240372
-0.00610435
-0.004002522
-0.001927213
0.0001220678
0.002131132
0.004077534
0.005936614
0.007690024
0.009333895
0.01088476
0.01237128
0.01381773
0.01523166
0.01660295
0.01791037
0.01913801
0.0202812
0.02134836
0.02235606
0.02332262
0.02425675
0.02515603
0.02601275
0.02682235
0.02758332
0.02829608
0.02896127
0.02958452
0.03017614
0.03074515
0.03128906
0.03179561
0.03224954
0.0326409
0.03296509
0.03322212
0.03341567
0.03355119
0.03363085
0.03365073
0.03360251
0.03347979
0.03328199
0.03301482
0.03268841
0.03231515
0.03190798
0.03147989
0.0310418
0.03059884
0.03015205
0.02970215
0.02925173
0.02880539
0.02836929
0.02795039
0.02755605
0.0271917
0.02685982
0.02655962
0.02628754
0.02603967
0.02581273
0.02560552
0.02542576
0.02528813
0.0251981
0.02514092
0.02509159
0.02503204
0.02495562
0.02485865
0.02473403
0.02457354
0.02437618
0.02414139
0.02385797
0.0235074
0.02307502
0.02255187
0.02193136
0.02120763
0.0203795
0.01945241
0.01843961
0.01735985
0.0162367
0.01509398
0.01394825
0.01280791
0.01168253
0.01058722
0.009539069
0.008547957
0.007614161
0.006728366
0.00587708
0.005044814
0.004219842
0.003394204
0.002560085
0.001708633
0.0008348912
-6.083294e-05
-0.0009742818
-0.001901986
-0.002838877
-0.003777191
-0.004708765
-0.005631129
-0.006544824
-0.007449311
-0.008340938
-0.009215326
-0.01006678
-0.01088862
-0.01167526
-0.01242556
-0.01314085
-0.01382518
-0.01448145
-0.01511015
-0.01570866
-0.01627391
-0.01680454
-0.01730234
-0.0177722
-0.01822221
-0.01866106
-0.01909424
-0.01952006
-0.01993164
-0.02032098
-0.02068405
-0.02101982
-0.0213272
-0.02160597
-0.02185761
-0.02208504
-0.02229273
-0.02248144
-0.02264732
-0.02278596
-0.02289859
-0.02299068
-0.02306816
-0.0231357
-0.02319656
-0.0232524
-0.02329792
-0.02332159
-0.0233092
-0.02324818
-0.02313274
-0.02296471
-0.02274948
-0.02249284
-0.0221964
-0.02185496
-0.02145282
-0.02096359
-0.02035707
-0.01961639
-0.01874618
-0.01776584
-0.01670151
-0.01558251
-0.01443641
-0.01328178
-0.01212385
-0.01096196
-0.009796866
-0.008634426
-0.007482114
-0.006346555
-0.005231396
-0.004139073
-0.003070373
-0.002017827
-0.000963526
0.0001083084
0.001202225
0.002312474
0.003432902
0.004557274
0.005679204
0.006798531
0.007927074
0.009083381
0.01027987
0.01151546
0.01278365
0.01407537
0.01538378
0.01670478
0.01803905
0.0193903
0.02076175
0.02215514
0.02356974
0.02499839
0.02642806
0.02784087
0.02921974
0.03055027
0.031828
0.03305355
0.03422376
0.03533101
0.03636964
0.03733852
0.03824151
0.03908488
0.03987292
0.04060372
0.04127142
0.04187135
0.04240556
0.04288523
0.04332695
0.04374484
0.04414437
0.0445199
0.04485949
0.04515105
0.04538684
0.04556344
0.04568449
0.04576112
0.04581019
0.04584815
0.04588185
0.0459058
0.04590441
0.04585803
0.04575221
0.04558238
0.04534653
0.04503517
0.04463143
0.04412559
0.04352495
0.04284828
0.04211162
0.04132442
0.04049278
0.039623
0.03872041
0.037792
0.03684954
0.03590618
0.03496851
0.0340345
0.03309379
0.03213042
0.03112289
0.03005325
0.02891349
0.0277062
0.0264368
0.02511002
0.02373124
0.02230959
0.02085322
0.01936966
0.01786616
0.0163526
0.01483849
0.01333341
0.0118435
0.01037109
0.008914609
0.007472468
0.006042406
0.004625617
0.003224807
0.001842936
0.0004809547
-0.0008628985
-0.002193373
-0.003512068
-0.004819918
-0.006119271
-0.007416991
-0.008720709
-0.01003604
-0.01136375
-0.01270481
-0.0140575
-0.01541672
-0.01677728
-0.01814228
-0.01952298
-0.02093485
-0.02238872
-0.0238904
-0.02543853
-0.02702652
-0.0286449
-0.03028384
-0.03193202
-0.03357705
-0.03520397
-0.03680059
-0.03835891
-0.03987453
-0.041344
-0.04276731
-0.04414607
-0.04548137
-0.04676959
-0.04800365
-0.04917436
-0.05027601
-0.0513087
-0.05227569
-0.05317946
-0.05402605
-0.05482182
-0.05557031
-0.05627246
-0.05692732
-0.05752952
-0.05806905
-0.05853417
-0.05891881
-0.05922589
-0.0594624
-0.05963083
-0.05972315
-0.05971835
-0.05959058
-0.05932185
-0.05890799
-0.05835043
-0.05763909
-0.05675708
-0.05569989
-0.05447808
-0.05310304
-0.05158245
-0.04992957
-0.04816809
-0.04631824
-0.04439344
-0.04240923
-0.04039308
-0.03837857
-0.0363931
-0.03445576
-0.03258116
-0.03077894
-0.02905754
-0.0274247
-0.02588725
-0.02444532
-0.02309137
-0.02181353
-0.02060044
-0.01944
-0.01831934
-0.01722612
-0.01614946
-0.01507727
-0.01399964
-0.01290667
-0.01179269
-0.01065958
-0.009516754
-0.008374201
-0.007237461
-0.006105903
-0.004975539
-0.003839725
-0.002692579
-0.001529093
-0.0003474877
0.0008533236
0.002074383
0.003319244
0.004594129
0.005908397
0.007268583
0.008676864
0.01012894
0.01161892
0.01314278
0.01470201
0.01630074
0.01794051
0.01961639
0.02132078
0.02304324
0.02476946
0.02648325
0.0281726
0.02983205
0.03146319
0.03306587
0.03463493
0.03616041
0.03762919
0.03902592
0.04033702
0.04155469
0.04268211
0.04372971
0.04470635
0.0456132
0.046442
0.04717876
0.04780959
0.04832551
0.04872364
0.04900156
0.04916073
0.04920678
0.04914157
0.04895782
0.0486429
0.04818513
0.04757674
0.04681372
0.04589829
0.04483933
0.0436457
0.04232404
0.04087823
0.03931058
0.0376223
0.03581919
0.03391763
0.03194967
0.02995662
0.02797187
0.02600846
0.0240723
0.02217547
0.02033163
0.0185405
0.01679082
0.01507324
0.01339018
0.01174464
0.01013317
0.008548695
0.006988352
0.005448976
0.003923721
0.002405686
0.0008953964
-0.0006034472
-0.002089854
-0.003570292
-0.005055731
-0.006558275
-0.008083459
-0.009629483
-0.01118837
-0.01275232
-0.0143176
-0.01588663
-0.01746336
-0.01905328
-0.02065868
-0.02227984
-0.02391359
-0.02555539
-0.02719705
-0.02882497
-0.03042211
-0.03197887
-0.03349472
-0.03497603
-0.03642884
-0.03785564
-0.03925246
-0.0406122
-0.04192737
-0.04319372
-0.04440682
-0.04556107
-0.0466509
-0.04767525
-0.04863773
-0.0495449
-0.05040359
-0.05121456
-0.05196572
-0.05264007
-0.05322435
-0.05371142
-0.05410092
-0.05439776
-0.05461215
-0.05475319
-0.05481842
-0.05479302
-0.05465696
-0.05439234
-0.05398634
-0.05343436
-0.05273823
-0.05190215
-0.05093872
-0.04986644
-0.0486937
-0.04740788
-0.04599074
-0.04443892
-0.04276811
-0.04100119
-0.03916785
-0.0373098
-0.03547462
-0.03369639
-0.03199013
-0.03036259
-0.02882142
-0.02736925
-0.02600237
-0.02471487
-0.02350135
-0.02235257
-0.02125704
-0.02020524
-0.01919349
-0.01822328
-0.01729631
-0.0164076
-0.01554534
-0.01469572
-0.01384904
-0.0129987
-0.01213989
-0.01126715
-0.01037675
-0.009464771
-0.008531098
-0.007579355
-0.006617494
-0.005655685
-0.004703365
-0.003763698
-0.002836933
-0.001925333
-0.001034125
-0.0001683608
0.0006667923
0.001470206
0.002244372
0.002995997
0.003733406
0.004461193
0.005177554
0.005876047
0.00654562
0.00717234
0.007745029
0.008264149
0.008739786
0.009185163
0.009609453
0.01001402
0.0103939
0.0107435
0.01106178
0.01135401
0.0116233
0.01186816
0.01208484
0.01226761
0.01240624
0.01248836
0.01250214
0.0124408
0.01230352
0.01209574
0.01182734
0.01150917
0.01114951
0.01075496
0.01033328
0.009895741
0.009458873
0.00904338
0.008667774
0.008342488
0.008070376
0.007851361
0.007683176
0.007565926
0.007501686
0.007491799
0.007534717
0.007627106
0.007764823
0.00794477
0.008162751
0.008412696
0.008686279
0.008972442
0.009259684
0.00954118
0.009818112
0.01009763
0.01038543
0.01068004
0.01097269
0.01125466
0.01152368
0.01178479
0.01204687
0.01231878
0.01260485
0.01290399
0.01321145
0.0135207
0.01382552
0.01412211
0.01441105
0.01469365
0.01496914
0.01523678
0.0154935
0.01573577
0.01596155
0.01617109
0.01636681
0.0165507
0.01672165
0.0168778
0.01702119
0.01715998
0.0173005
0.01744214
0.01757942
0.0177067
0.01782188
0.01792461
0.01801151
0.01807944
0.01812911
0.01816194
0.01817493
0.01816433
0.01812829
0.01806399
0.01796727
0.0178339
0.01765912
0.01743593
0.0171628
0.01684863
0.01650558
0.01613698
0.01573729
0.01530338
0.01483966
0.01435101
0.01383631
0.01329213
0.01271791
0.01211489
0.01148739
0.01084262
0.01019174
0.009546861
0.008917669
0.008311523
0.007732797
0.007182119
0.00666194
0.006177072
0.005732202
0.005326964
0.004956286
0.004611629
0.004284537
0.003970536
0.003666732
0.003365976
0.003060511
0.002746894
0.002426459
0.002101728
0.001772852
0.001433972
0.001077706
0.0007002124
0.0002996024
-0.0001265898
-0.0005773962
-0.001048657
-0.001534227
-0.00202501
-0.002508023
-0.002971334
-0.003408058
-0.00381674
-0.004201274
-0.004566387
-0.004913483
-0.005241201
-0.005544863
-0.005818299
-0.006055006
-0.006248662
-0.006393908
-0.006488033
-0.006532925
-0.00653527
-0.006501931
-0.006435484
-0.006334731
-0.006197392
-0.006020026
-0.005801205
-0.005545728
-0.005262616
-0.004960389
-0.004643268
-0.004310377
-0.003954181
-0.003566622
-0.003144184
-0.002686816
-0.002196582
-0.001675094
-0.001123401
-0.0005415142
6.987616e-05
0.0007034189
0.00134823
0.001995954
0.002644519
0.003296329
0.003951999
0.004609321
0.005264614
0.005912507
0.006545708
0.007155324
0.007728769
0.00825332
0.008721459
0.009130349
0.009481372
0.009780171
0.01003453
0.01025008
0.01042724
0.0105619
0.01065136
0.01069999
0.01071592
0.01070522
0.01066857
0.01060253
0.01050263
0.01036183
0.01016917
0.009918124
0.009610392
0.00925253
0.008849952
0.008404918
0.00791689
0.007385291
0.006810439
0.006194736
0.005543432
0.00486485
0.004167973
0.003460548
0.002745547
0.002021454
0.001286672
0.0005447299
-0.0001993941
-0.000941666
-0.001677476
-0.002398735
-0.003095932
-0.00376333
-0.004401562
-0.005016317
-0.00561897
-0.006221424
-0.006831767
-0.007452851
-0.008082974
-0.008718518
-0.00935751
-0.009999486
-0.01064738
-0.01130571
-0.01198069
-0.01267635
-0.01339285
-0.01412339
-0.01485641
-0.01558244
-0.01629855
-0.01700701
-0.01771408
-0.01842688
-0.01915363
-0.01990124
-0.02067012
-0.02145425
-0.02224401
-0.0230296
-0.02380681
-0.0245775
-0.02534629
-0.02611428
-0.02687687
-0.02762523
-0.02834871
-0.02903555
-0.02967328
-0.03025293
-0.03077189
-0.03123035
-0.03162962
-0.0319692
-0.03224332
-0.0324448
-0.03256929
-0.03261803
-0.03259783
-0.03251676
-0.03238071
-0.03219385
-0.03196161
-0.03168939
-0.03137932
-0.03103199
-0.03064612
-0.03022013
-0.02975164
-0.02923912
-0.02868283
-0.02808726
-0.02746597
-0.02683634
-0.02620171
-0.02554627
-0.02485464
-0.0241296
-0.02338711
-0.02264336
-0.02191357
-0.02121277
-0.02054778
-0.01991579
-0.01931267
-0.01873673
-0.01818552
-0.01765457
-0.01713898
-0.01663953
-0.01616009
-0.01570064
-0.01525521
-0.01481823
-0.01438611
-0.01395705
-0.01352835
-0.01309634
-0.01265656
-0.01220795
-0.01175562
-0.01130687
-0.01086314
-0.01041671
-0.009956088
-0.009476833
-0.008981615
-0.008476525
-0.007968813
-0.007466355
-0.00697758
-0.006509344
-0.006060484
-0.005621437
-0.00517637
-0.004711868
-0.004223008
-0.00371316
-0.003190072
-0.002662886
-0.002140056
-0.001628697
-0.001129419
-0.0006374726
-0.0001453887
0.0003517905
0.0008521094
0.001345917
0.001822576
0.002277109
0.002709978
0.003121572
0.00351356
0.003889583
0.0042567
0.004620961
0.004983955
0.005343312
0.005696727
0.006042276
0.006376693
0.006698226
0.007007943
0.007308946
0.007609392
0.007916977
0.008233544
0.008554136
0.008872894
0.009188586
0.009503695
0.009820556
0.01014189
0.01047029
0.01081043
0.01116602
0.01153791
0.01192319
0.01231698
0.01271464
0.01311386
0.01351448
0.01391479
0.01431025
0.01469325
0.01505364
0.01538264
0.01567373
0.01592599
0.01614015
0.01631456
0.01644698
0.01653951
0.01659696
0.01662351
0.01662111
0.01658921
0.01652349
0.01641751
0.01626548
0.01606488
0.01581544
0.01551749
0.01517113
0.01477514
0.01433098
0.01384268
0.01331341
0.01274695
0.01214995
0.01153153
0.01090276
0.01027396
0.009652538
0.009041423
0.008440835
0.007852356
0.007281153
0.006734988
0.006218694
0.005731789
0.005273824
0.004846603
0.004451928
0.004088495
0.003752877
0.003442004
0.003152639
0.002880126
0.002620769
0.002373898
0.002141516
0.001928498
0.001744079
0.001598954
0.001499735
0.001449745
0.001446205
0.001480939
0.001547479
0.001643398
0.001766313
0.001912249
0.002076384
0.002254243
0.002442083
0.002637893
0.002839567
0.003044905
0.003253599
0.003465463
0.003678066
0.003885095
0.004078891
0.004252673
0.004402297
0.004528123
0.004633112
0.004721616
0.00479664
0.004858158
0.004905398
0.004938657
0.0049577
0.004962841
0.004953324
0.004924101
0.004870041
0.004792857
0.00470292
0.004615707
0.00454262
0.004485011
0.00443749
0.004392712
0.004344334
0.004287184
0.00421769
0.004133519
0.004034443
0.003921114
0.003793898
0.003653994
0.003503094
0.003340781
0.003163598
0.002968212
0.002755655
0.0025312
0.002299613
0.002062769
0.001821368
0.001577475
0.001337213
0.001109692
0.0009022485
0.0007173519
0.0005527749
0.0004035831
0.0002647172
0.000131869
1.524944e-06
-0.0001298154
-0.0002642742
-0.0003993365
-0.0005283283
-0.0006455096
-0.000752073
-0.000856645
-0.0009676578
-0.001088676
-0.001217911
-0.001350131
-0.001480564
-0.001606976
-0.001729943
-0.001852216
-0.001976829
-0.002105602
-0.002240168
-0.002380395
-0.002526175
-0.002676935
-0.002829017
-0.002977226
-0.003119552
-0.003259463
-0.003401566
-0.003548471
-0.003698926
-0.003846935
-0.003985418
-0.004109443
-0.004214591
-0.004297322
-0.004356293
-0.004390308
-0.004396886
-0.004373506
-0.004318303
-0.004231897
-0.004116421
-0.003971138
-0.003792404
-0.003574728
-0.003314202
-0.003009757
-0.002665815
-0.002296484
-0.001919916
-0.001547841
-0.00118568
-0.0008341641
-0.0004905256
-0.0001499779
0.0001913708
0.0005354756
0.000882103
0.001231779
0.001585068
0.001942304
0.002305143
0.002677257
0.003064068
0.003470214
0.003897265
0.00434624
0.004815649
0.005302085
0.005804038
0.006321772
0.006851152
0.007388085
0.007929472
0.008469126
0.008999495
0.009516902
0.01002189
0.01051925
0.01101836
0.01153208
0.01207313
0.01265213
0.01327702
0.01394937
0.01465738
0.01538231
0.01610717
0.0168231
0.0175317
0.01823956
0.01894738
0.01964775
0.02032933
0.0209822
0.02160347
0.02219701
0.02276803
0.02331996
0.02385266
0.02436629
0.02486038
0.0253326
0.02577795
0.0261905
0.02656505
0.02690091
0.02719947
0.02746002
0.02768056
0.0278604
0.02800285
0.02811445
0.02820273
0.02827122
0.02831557
0.02832728
0.02830162
0.02824134
0.02815374
0.02804725
0.02792956
0.02780368
0.02766569
0.02750709
0.02731944
0.02709614
0.02683135
0.02652358
0.02618113
0.02581181
0.02541365
0.02497654
0.02449423
0.02397179
0.02341544
0.02282318
0.02219031
0.02151734
0.02080792
0.02006428
0.01928946
0.01849051
0.01767801
0.01685789
0.01603177
0.01520135
0.01436956
0.01353577
0.01269554
0.01184399
0.01098207
0.01011764
0.009260866
0.008419958
0.007603694
0.006816033
0.006053354
0.005307672
0.004572016
0.003839895
0.003106713
0.002368138
0.001625034
0.0008808288
0.0001401062
-0.0005939149
-0.001323434
-0.002053549
-0.002787995
-0.003530931
-0.004284395
-0.005050489
-0.00583058
-0.00662396
-0.007426048
-0.00822873
-0.009023389
-0.009807
-0.01058152
-0.01135065
-0.01211555
-0.01287541
-0.01362904
-0.01437742
-0.01512097
-0.01585452
-0.01656822
-0.01725323
-0.01790512
-0.01852367
-0.01911014
-0.0196655
-0.02019044
-0.02068535
-0.02114704
-0.02157191
-0.02195605
-0.02229567
-0.02258933
-0.02283801
-0.02304574
-0.02321929
-0.02336403
-0.0234807
-0.02356571
-0.02361387
-0.02362054
-0.02358274
-0.02350032
-0.02337432
-0.02320418
-0.02298992
-0.02273301
-0.02243757
-0.02210848
-0.02174778
-0.02135203
-0.02091269
-0.02042096
-0.01987277
-0.01927006
-0.01861941
-0.01792656
-0.01719521
-0.01643283
-0.01565183
-0.01486588
-0.01408442
-0.01331164
-0.01255061
-0.01180699
-0.01108642
-0.01039568
-0.009742559
-0.009132339
-0.008566267
-0.008040793
-0.007547566
-0.007080913
-0.00664173
-0.006235765
-0.00586731
-0.00553495
-0.005234605
-0.004965444
-0.004725591
-0.004504958
-0.004290714
-0.004077931
-0.003870068
-0.003672078
-0.00348416
-0.003304686
-0.003134453
-0.002975021
-0.002827445
-0.002691433
-0.002564434
-0.002444762
-0.002331851
-0.002223247
-0.002114174
-0.002004011
-0.001896625
-0.001795538
-0.00170398
-0.001627298
-0.0015699
-0.001533036
-0.001512872
-0.001500726
-0.001488711
-0.001473021
-0.001455354
-0.001442365
-0.001438209
-0.001441923
-0.001449924
-0.001459108
-0.001468419
-0.001477343
-0.001484055
-0.001487861
-0.001491023
-0.001492301
-0.001485868
-0.001466697
-0.001433204
-0.001384561
-0.001318198
-0.001232768
-0.001129761
-0.001011121
-0.0008773273
-0.0007268216
-0.000558574
-0.0003738895
-0.0001745234
3.793738e-05
0.0002639173
0.0005035052
0.0007544811
0.001011416
0.00126918
0.001526398
0.00178542
0.002049112
0.002321277
0.002606284
0.002906142
0.003219806
0.003545828
0.003885163
0.004242443
0.004624369
0.005035981
0.005477306
0.005943247
0.006425165
0.006914197
0.007400754
0.007878927
0.008349347
0.008817116
0.009287419
0.009764008
0.01024778
0.01073618
0.01122442
0.01170724
0.01218231
0.01265229
0.01311867
0.013578
0.01402657
0.01446472
0.0148952
0.01532075
0.01574291
0.01616176
0.01657762
0.01699187
0.01740484
0.01781563
0.01822203
0.01862097
0.01901071
0.01938981
0.01975463
0.02010339
0.02044018
0.02076831
0.02108596
0.02138763
0.02166916
0.02192897
0.02216542
0.02237691
0.02256306
0.02272383
0.02285654
0.0229583
0.02302933
0.02307176
0.02308707
0.02307468
0.02303295
0.02295669
0.02283801
0.02266792
0.02243712
0.02213722
0.02176541
0.02132274
0.020812
0.02023354
0.01958639
0.01887176
0.01809387
0.01725768
0.01637255
0.01545473
0.01451889
0.01356774
0.01259932
0.01161902
0.01063963
0.009670913
0.008719083
0.007787726
0.006879375
0.005994372
0.005133012
0.004297455
0.003491082
0.00271455
0.001964541
0.001236503
0.0005294259
-0.0001601702
-0.0008421795
-0.001527742
-0.002220079
-0.00291392
-0.003599904
-0.00426986
-0.004919424
-0.005548685
-0.006160947
-0.006762339
-0.007359317
-0.007958203
-0.008563926
-0.009179158
-0.009801245
-0.01042346
-0.01103776
-0.01163915
-0.01222711
-0.01280717
-0.01338725
-0.01397541
-0.01457354
-0.01517496
-0.01576667
-0.01633549
-0.01687456
-0.01738508
-0.017874
-0.01835132
-0.0188252
-0.0192992
-0.01977201
-0.02023859
-0.02069091
-0.02112257
-0.02153465
-0.0219341
-0.02232672
-0.02271449
-0.02309601
-0.02347202
-0.02384688
-0.02422346
-0.02459745
-0.02496114
-0.02530765
-0.02563182
-0.02592927
-0.02619748
-0.02643793
-0.02665212
-0.02684086
-0.02700269
-0.02713077
-0.02721494
-0.02724711
-0.02722414
-0.02714671
-0.02701922
-0.02684631
-0.02662788
-0.02635913
-0.02603517
-0.02565402
-0.02521435
-0.02471278
-0.02414298
-0.02349601
-0.02276624
-0.02196474
-0.02111655
-0.02024023
-0.01933913
-0.01841231
-0.0174674
-0.01651922
-0.01557691
-0.01464364
-0.01372427
-0.01282726
-0.01195742
-0.01111315
-0.010292
-0.009494361
-0.008720993
-0.007971055
-0.007242391
-0.006532816
-0.005839394
-0.005161523
-0.004499683
-0.003854338
-0.003226384
-0.002614393
-0.002012183
-0.001412464
-0.0008096787
-0.0002040674
0.0003993477
0.0009944008
0.001576306
0.002139695
0.00267909
0.003195658
0.003699061
0.004197134
0.004691388
0.005179844
0.005659623
0.006127486
0.006579449
0.007008895
0.007410761
0.007783807
0.008130582
0.008453894
0.00875485
0.009031435
0.009279374
0.009494116
0.009673159
0.009816504
0.009925541
0.01000205
0.01004724
0.01006158
0.01004477
0.009996416
0.009916704
0.009807938
0.009674987
0.009521587
0.009345894
0.009142621
0.008904825
0.008622413
0.008287157
0.007897701
0.007459061
0.006979839
0.006470513
0.005941545
0.005398166
0.004840141
0.004267349
0.003683383
0.003094371
0.002507431
0.001929114
0.00136287
0.0008101537
0.0002740209
-0.0002409714
-0.0007281359
-0.001181924
-0.001603696
-0.002000319
-0.002381173
-0.002755029
-0.003128791
-0.003504157
-0.003874704
-0.004231308
-0.004569493
-0.004890706
-0.005198632
-0.005496462
-0.005788047
-0.006077003
-0.006364631
-0.006649295
-0.006928175
-0.007197232
-0.007451498
-0.00768722
-0.007900449
-0.008090094
-0.00826033
-0.008416293
-0.008561394
-0.008697908
-0.008826942
-0.008945989
-0.009049455
-0.009132291
-0.009192996
-0.009236305
-0.009270231
-0.009299606
-0.009323693
-0.009341229
-0.009349963
-0.009344551
-0.009319708
-0.009271025
-0.009195339
-0.009090403
-0.008953478
-0.008779423
-0.008562812
-0.00829976
-0.007988203
-0.007625911
-0.007212948
-0.006753603
-0.006253659
-0.005718195
-0.005152817
-0.004562666
-0.003954601
-0.003336464
-0.002716362
-0.002104467
-0.001509881
-0.0009353373
-0.0003791717
0.0001630101
0.000694837
0.001214852
0.001715615
0.002189988
0.002636957
0.003061852
0.003470887
0.003870641
0.004268143
0.004669463
0.005076361
0.005487028
0.005895432
0.006292193
0.006668669
0.007020566
0.007348622
0.007657563
0.007956182
0.008251627
0.008544775
0.008832788
0.009108207
0.009359292
0.009577079
0.00976044
0.009914864
0.01004673
0.01016042
0.010258
0.01033664
0.01038923
0.01040964
0.01039612
0.01034912
0.01026834
0.01015468
0.0100102
0.009833894
0.009624084
0.009384821
0.009124327
0.008849568
0.008561578
0.008256886
0.00793061
0.007579786
0.007203576
0.006803417
0.006382453
0.005942247
0.005483782
0.005008534
0.00451929
0.0040216
0.003523844
0.003033257
0.002552186
0.002081183
0.001618225
0.001160437
0.000707462
0.0002619884
-0.0001749386
-0.0006049307
-0.001028433
-0.001443182
-0.001845334
-0.002231677
-0.002598261
-0.002941597
-0.003260428
-0.003558371
-0.003841912
-0.004112252
-0.004366142
-0.004599567
-0.004811156
-0.004999088
-0.00516061
-0.005297778
-0.005415763
-0.005520781
-0.005617646
-0.005706406
-0.005785248
-0.005854762
-0.005918484
-0.005978007
-0.006032461
-0.006082408
-0.006128998
-0.00617147
-0.006207627
-0.006236975
-0.006262358
-0.006286816
-0.00631434
-0.006349626
-0.006392119
-0.006432627
-0.006460483
-0.006473802
-0.00647627
-0.006468456
-0.006447671
-0.006409577
-0.006349223
-0.006264178
-0.00615335
-0.00601553
-0.00585041
-0.00565857
-0.005438715
-0.005189704
-0.004914546
-0.004616418
-0.004293427
-0.003941813
-0.003560997
-0.003156219
-0.002736068
-0.00230885
-0.001883962
-0.001469699
-0.001068789
-0.00067881
-0.0002931979
9.431151e-05
0.0004861994
0.0008823112
0.001281552
0.001682429
0.002083191
0.002480678
0.00286919
0.003243984
0.003607433
0.003966671
0.004329867
0.004699832
0.005073242
0.005444423
0.005806754
0.006153391
0.006480831
0.006791517
0.007091753
0.007389211
0.007692286
0.008005463
0.008326585
0.008649036
0.008966415
0.009274325
0.009571748
0.009860689
0.01014276
0.01041739
0.01068086
0.01092967
0.01116366
0.01138431
0.01159329
0.01179124
0.01197948
0.01216163
0.01234163
0.01251901
0.01269
0.01285145
0.01300455
0.01315375
0.01330307
0.01345277
0.01360019
0.01374544
0.0138899
0.01402521
0.01413394
0.01420302
0.01423291
0.01423633
0.01422696
0.01421264
0.01419638
0.01417795
0.01415232
0.0141106
0.01404063
0.01393165
0.01378042
0.01359241
0.01337814
0.01314789
0.01291047
0.01267749
0.01246039
0.0122625
0.01207886
0.01190039
0.01171783
0.01152575
0.0113213
0.01110332
0.01087414
0.01064076
0.01041335
0.01019724
0.009986275
0.009767016
0.009528116
0.009265363
0.008980138
0.008675775
0.008355524
0.00802338
0.007684496
0.007345948
0.007015293
0.006699625
0.006401515
0.006117534
0.005843803
0.00557933
0.0053247
0.005079985
0.00484086
0.004601043
0.004357037
0.004109236
0.003856547
0.003597347
0.003329215
0.003049809
0.002756957
0.002449447
0.002130051
0.001802769
0.001469627
0.001133138
0.0007924487
0.0004416787
7.531231e-05
-0.0003080481
-0.0007075031
-0.001122702
-0.001554042
-0.001997848
-0.002444709
-0.002884399
-0.00331331
-0.003732047
-0.004141923
-0.00454207
-0.004932447
-0.005318077
-0.005705471
-0.006097702
-0.006497746
-0.006906779
-0.007323734
-0.007742965
-0.008157646
-0.008564871
-0.008966439
-0.009368793
-0.00978042
-0.01020679
-0.01064755
-0.01109468
-0.0115369
-0.0119649
-0.01237571
-0.01277354
-0.01316647
-0.01356339
-0.01397253
-0.01439617
-0.01482845
-0.01526025
-0.0156842
-0.01609436
-0.01648692
-0.01685861
-0.01721352
-0.01756029
-0.01790064
-0.01822912
-0.01853856
-0.01882444
-0.01908743
-0.01933231
-0.01956439
-0.01978652
-0.01999621
-0.02018716
-0.0203527
-0.02048997
-0.02060294
-0.02069904
-0.02078046
-0.02084528
-0.02089433
-0.02092932
-0.0209478
-0.02094347
-0.0209104
-0.02084677
-0.02075794
-0.02065508
-0.02054625
-0.02043122
-0.02030279
-0.02015103
-0.01997032
-0.01976258
-0.01953141
-0.01927953
-0.01900876
-0.01871937
-0.01841134
-0.01808743
-0.01775344
-0.01741591
-0.01707511
-0.01672256
-0.01634749
-0.0159481
-0.01553461
-0.01512001
-0.01470619
-0.01428561
-0.01385222
-0.01340966
-0.01296404
-0.01251545
-0.01205694
-0.01157979
-0.0110778
-0.01055249
-0.01001037
-0.009457676
-0.00889539
-0.008320781
-0.007731513
-0.007132049
-0.006529807
-0.005930412
-0.005337822
-0.004752468
-0.004169994
-0.003584785
-0.002994109
-0.002399749
-0.00180442
-0.001209663
-0.0006161641
-2.382534e-05
0.0005688996
0.001163015
0.001758281
0.002354018
0.002952245
0.00355528
0.004163098
0.00477307
0.005383843
0.005995061
0.006605577
0.007213115
0.007816747
0.00841603
0.009012615
0.009611946
0.01022258
0.01084796
0.01148354
0.01212234
0.01276066
0.01339656
0.01403105
0.0146667
0.01530436
0.01594079
0.01657341
0.01720039
0.01781861
0.01842458
0.01901676
0.01959221
0.02014646
0.020679
0.02119255
0.02168739
0.02216174
0.02261437
0.02304464
0.02345038
0.02383288
0.02419724
0.02454838
0.02488664
0.02521125
0.02552102
0.02581149
0.02607642
0.02630959
0.0265049
0.0266556
0.02675412
0.02679464
0.02677458
0.02669391
0.02655474
0.02636066
0.02611351
0.02580817
0.02543299
0.02497221
0.02441004
0.02373338
0.02293411
0.02201372
0.02098488
0.019866
0.01867912
0.01744795
0.01619928
0.01495997
0.01375093
0.01258423
0.01146901
0.01041049
0.009402514
0.008426095
0.007463374
0.006507097
0.005557891
0.004615118
0.003675218
0.002734946
0.001794887
0.0008544733
-9.109107e-05
-0.001046485
-0.002008476
-0.002967363
-0.003914819
-0.004846958
-0.005762551
-0.00666575
-0.007563468
-0.008458869
-0.0093484
-0.01022805
-0.01109499
-0.01194976
-0.01279738
-0.01364429
-0.01449329
-0.01533948
-0.01617349
-0.0169897
-0.01779032
-0.01858038
-0.01936039
-0.02012664
-0.02087487
-0.02160054
-0.022299
-0.02296658
-0.02359791
-0.02418443
-0.02471676
-0.0251888
-0.0256008
-0.02595904
-0.02626809
-0.02652742
-0.02673368
-0.0268834
-0.02697186
-0.02699077
-0.02693127
-0.0267897
-0.02656674
-0.02626181
-0.02587323
-0.0253954
-0.02481955
-0.02413794
-0.02334653
-0.02244449
-0.02143765
-0.0203383
-0.0191653
-0.01793824
-0.01667139
-0.01537438
-0.01405791
-0.01273637
-0.01142568
-0.01013721
-0.008876629
-0.007645713
-0.006448067
-0.00528576
-0.004155519
-0.003045778
-0.001942055
-0.0008385415
0.0002565175
0.001334893
0.002399495
0.003459874
0.004521589
0.005585723
0.006652353
0.007722899
0.008794881
0.009864928
0.01093491
0.01201202
0.01310146
0.01420335
0.0153136
0.01642771
0.0175425
0.01865569
0.01976241
0.02085626
0.02192979
0.02297648
0.02399118
0.02497103
0.0259131
0.02681474
0.02767148
0.02847928
0.02923518
0.02993744
0.03058352
0.03116792
0.03168561
0.03213614
0.03252399
0.03285435
0.03313022
0.03335317
0.03352473
0.03364604
0.03371913
0.03374784
0.03373594
0.03368479
0.03359218
0.033452
0.03325565
0.03299664
0.03267276
0.03228378
0.03182891
0.03130691
0.0307178
0.03006464
0.02935501
0.02859301
0.02777878
0.02691153
0.0259946
0.02503924
0.02406792
0.02310426
0.02215621
0.02121256
0.02026127
0.01930408
0.01835121
0.01740643
0.01646664
0.01553011
0.01459971
0.01367771
0.01276356
0.01185737
0.01096248
0.01007949
0.009204324
0.008330864
0.007457492
0.006587747
0.005726634
0.004873683
0.004024017
0.003174493
0.002327216
0.001483432
0.0006417854
-0.0001993956
-0.001037655
-0.001869663
-0.002692736
-0.00350556
-0.004308
-0.00510089
-0.005884141
-0.006657383
-0.007420435
-0.008173221
-0.008910944
-0.009628408
-0.01032329
-0.01099564
-0.01164487
-0.01227368
-0.01288636
-0.01348785
-0.01408111
-0.01466445
-0.01523037
-0.01576841
-0.01626981
-0.01673002
-0.01714824
-0.01752816
-0.01787552
-0.01819401
-0.01848375
-0.01874291
-0.01896769
-0.01915531
-0.01930396
-0.01941029
-0.01947319
-0.01950067
-0.01950484
-0.01949368
-0.01946828
-0.01942616
-0.01936448
-0.01928036
-0.0191722
-0.01904232
-0.01888965
-0.01870919
-0.01849807
-0.01825367
-0.01797504
-0.01766691
-0.01733822
-0.0169981
-0.01664907
-0.01628712
-0.01590813
-0.01551054
-0.01509527
-0.01466588
-0.014227
-0.01378204
-0.01333403
-0.01288513
-0.01243768
-0.0119944
-0.01155773
-0.01112976
-0.01071358
-0.01031252
-0.009925865
-0.009548246
-0.009172936
-0.00879471
-0.008413419
-0.00803472
-0.007665429
-0.007308529
-0.006960933
-0.006615786
-0.006267128
-0.005911963
-0.005552318
-0.005192894
-0.004835595
-0.004475999
-0.004108863
-0.003736111
-0.003364735
-0.00299752
-0.002633948
-0.002277446
-0.001933098
-0.001601977
-0.001280492
-0.0009609279
-0.0006367738
-0.0003085833
1.788094e-05
0.0003392853
0.000655249
0.0009669902
0.001275966
0.001584878
0.001897676
0.002214517
0.002531273
0.00284434
0.003153037
0.003458134
0.003759728
0.004056241
0.004344452
0.004624147
0.004897762
0.005168286
0.00543798
0.005706755
0.005971194
0.006227247
0.00647219
0.006704168
0.006923608
0.00713666
0.007349695
0.007565039
0.00778538
0.008012247
0.008243945
0.008476158
0.008700584
0.008908142
0.00909605
0.009267634
0.009431125
0.009597268
0.009772554
0.009953887
0.01013215
0.01029916
0.01044916
0.01058117
0.010698
0.01080325
0.01090169
0.01099873
0.01109715
0.01119482
0.01128695
0.01136949
0.01143811
0.01148888
0.01152225
0.01154175
0.01155105
0.0115518
0.01154056
0.01150947
0.01145135
0.01136255
0.0112415
0.01108695
0.01089999
0.01068393
0.01043998
0.01016464
0.009853336
0.00949992
0.009099192
0.008650621
0.008161265
0.007642164
0.007105107
0.006559892
0.006011798
0.005462416
0.004912322
0.004362989
0.003819392
0.003287697
0.002772741
0.002276056
0.001795886
0.001327196
0.0008665118
0.0004147105
-2.645595e-05
-0.0004559755
-0.0008729484
-0.001279907
-0.001681161
-0.002080048
-0.002476841
-0.002869888
-0.003255832
-0.003628593
-0.003983232
-0.0043205
-0.004644839
-0.004960981
-0.00527087
-0.005574325
-0.005871744
-0.006167218
-0.006468486
-0.00678214
-0.007109627
-0.007447138
-0.007787857
-0.008124373
-0.008448692
-0.008756797
-0.009051549
-0.009337463
-0.009612914
-0.009876409
-0.01012912
-0.01037419
-0.01061353
-0.01084682
-0.01107209
-0.01128455
-0.01147968
-0.01165604
-0.01181453
-0.01195854
-0.01209271
-0.01222392
-0.01235651
-0.01248847
-0.0126132
-0.01272446
-0.01281797
-0.01289234
-0.01294898
-0.01298988
-0.01301701
-0.0130304
-0.01302706
-0.01300382
-0.01295879
-0.01288861
-0.01279157
-0.01266936
-0.01252283
-0.01235106
-0.01215138
-0.01191679
-0.01163877
-0.01131489
-0.01094786
-0.01054183
-0.01009967
-0.009622974
-0.009112901
-0.008570973
-0.008003892
-0.00742199
-0.006836432
-0.006258406
-0.005698661
-0.005163758
-0.004653345
-0.004161412
-0.003678905
-0.003194201
-0.002697426
-0.002186286
-0.001666075
-0.001145798
-0.000635324
-0.0001408106
0.0003382976
0.0008084871
0.001276401
0.001744215
0.002208827
0.002664483
0.003106255
0.00353233
0.00394382
0.004345033
0.004738542
0.005123434
0.00549503
0.005848917
0.006183895
0.006502231
0.006807858
0.007103059
0.007382961
0.007639079
0.00786443
0.008056083
0.008215519
0.008347233
0.008458272
0.008555196
0.008641187
0.008715852
0.008777523
0.008823753
0.008852316
0.008860991
0.008846947
0.008804965
0.008729394
0.008618272
0.008472758
0.008293842
0.008078596
0.007819098
0.007508753
0.007148122
0.006744726
0.006309844
0.005854096
0.005383446
0.004900179
0.004406828
0.00390946
0.003415462
0.002930259
0.002453716
0.001983312
0.001516335
0.001051081
0.0005880086
0.0001289988
-0.0003248166
-0.000773456
-0.001220044
-0.001670433
-0.002128987
-0.002595283
-0.00306482
-0.003531709
-0.003995323
-0.004460251
-0.004931511
-0.005408909
-0.005888834
-0.006370938
-0.00686031
-0.007362744
-0.007879484
-0.00840583
-0.008934763
-0.00945867
-0.009970863
-0.0104668
-0.01094552
-0.01140474
-0.01184096
-0.01225469
-0.01265005
-0.01303243
-0.01340423
-0.01376253
-0.01410191
-0.01441732
-0.01470637
-0.01496777
-0.01519875
-0.01539682
-0.01556105
-0.01569334
-0.01579733
-0.01587479
-0.01592773
-0.01595727
-0.01596011
-0.01593066
-0.01586297
-0.01575187
-0.01559465
-0.01539003
-0.01513796
-0.01483856
-0.01448944
-0.014088
-0.01363285
-0.0131272
-0.0125783
-0.01199493
-0.01138589
-0.01076159
-0.01013359
-0.009509433
-0.008890213
-0.00827546
-0.007668641
-0.007077223
-0.006507612
-0.005963831
-0.00544389
-0.004940596
-0.00444709
-0.003961243
-0.00348433
-0.003017808
-0.002562673
-0.002119331
-0.00168825
-0.001268836
-0.000857634
-0.0004524559
-5.618719e-05
0.0003265955
0.0006956895
0.001053884
0.001402164
0.001739363
0.00206264
0.002366625
0.002647057
0.002902896
0.003139747
0.003368009
0.003597749
0.003832477
0.004065422
0.004287127
0.004492483
0.004679005
0.004844653
0.004987132
0.005104545
0.005196305
0.005265063
0.005315594
0.00535203
0.005375852
0.005387425
0.005384982
0.005362997
0.005315016
0.005236726
0.005126729
0.004985434
0.00481201
0.004604399
0.004361259
0.004081902
0.003766824
0.003418508
0.003040862
0.002639129
0.002220066
0.001792517
0.001365
0.0009421152
0.0005230972
0.0001045394
-0.00031449
-0.000727866
-0.001124389
-0.001493851
-0.001833225
-0.002146009
-0.002436367
-0.002707251
-0.00295773
-0.003185117
-0.003390869
-0.003580207
-0.003754309
-0.003907107
-0.004031483
-0.004124974
-0.004190949
-0.004236184
-0.004267967
-0.004289626
-0.004296822
-0.00428261
-0.004243325
-0.004180216
-0.004095159
-0.00398825
-0.003861382
-0.003720253
-0.003568034
-0.003403058
-0.003220575
-0.003017496
-0.002797169
-0.002564213
-0.002319025
-0.002059763
-0.001784366
-0.00149564
-0.00120304
-0.0009154814
-0.00063384
-0.0003532541
-7.265248e-05
0.0002031197
0.0004704515
0.0007323339
0.0009939379
0.001255135
0.001507634
0.001742294
0.001958073
0.00216252
0.002363476
0.002564206
0.002765282
0.00296747
0.003170912
0.003376098
0.003581043
0.003783526
0.003981414
0.004173276
0.004358397
0.004536382
0.004707087
0.004871961
0.005033838
0.005193044
0.005349375
0.00550621
0.005668826
0.005839064
0.006011043
0.006174858
0.006323145
0.006452915
0.006563488
0.00665839
0.006741108
0.006811643
0.006870959
0.006923156
0.006972613
0.007019514
0.007059726
0.007087392
0.007099276
0.007093519
0.007065655
0.007007139
0.006912147
0.006782282
0.006623296
0.006441603
0.006244214
0.006035686
0.005817046
0.005589142
0.005351648
0.005101251
0.004832614
0.004541728
0.004229879
0.00390251
0.003567722
0.003234664
0.002910477
0.00259889
0.002302192
0.002016613
0.001730812
0.001435761
0.001130236
0.0008156239
0.0004920735
0.0001598744
-0.0001771152
-0.0005113549
-0.0008372699
-0.001154701
-0.001467328
-0.001777667
-0.002085374
-0.002389106
-0.002688623
-0.002984942
-0.003276745
-0.003559234
-0.003827643
-0.004081465
-0.004324151
-0.00455972
-0.004790928
-0.005017074
-0.005237088
-0.005450508
-0.005657373
-0.005855594
-0.006039704
-0.0062049
-0.006350758
-0.00648146
-0.006603779
-0.006721988
-0.006835063
-0.006940032
-0.007033562
-0.007113655
-0.007181167
-0.007238155
-0.00728536
-0.007323252
-0.007352532
-0.007372155
-0.007378572
-0.007367786
-0.007338259
-0.007293199
-0.007237282
-0.007171148
-0.007093272
-0.007001683
-0.006894728
-0.006772017
-0.006632244
-0.00647445
-0.006301904
-0.006123017
-0.005944888
-0.005767819
-0.00558877
-0.005406092
-0.005220985
-0.005038873
-0.004862899
-0.004688751
-0.004509986
-0.004326258
-0.004142315
-0.003961544
-0.003784139
-0.003607145
-0.0034287
-0.003249399
-0.003069426
-0.002883
-0.002680984
-0.002458435
-0.002217387
-0.0019661
-0.001712716
-0.001459882
-0.001207344
-0.0009552699
-0.0007044295
-0.0004546133
-0.0002043594
4.76591e-05
0.0003007653
0.000550627
0.0007941571
0.001033595
0.001270434
0.001502631
0.001726145
0.001939703
0.00214583
0.00234887
0.002553372
0.002759992
0.002966193
0.003171473
0.003377692
0.003586152
0.003793994
0.003996706
0.004193023
0.004385148
0.004575114
0.004763765
0.004948146
0.005123386
0.005287741
0.005444463
0.005599122
0.005752537
0.005900725
0.006040592
0.006173707
0.006304398
0.0064351
0.006563481
0.006683759
0.006791363
0.00688771
0.006977598
0.007060769
0.007133279
0.007197558
0.007261974
0.007332334
0.007407671
0.00748072
0.007544705
0.007598567
0.007642931
0.007678831
0.00770674
0.00772773
0.007744523
0.007761618
0.00778312
0.007809848
0.007840349
0.007871085
0.007899005
0.007921982
0.007937405
0.007942271
0.007936202
0.007923368
0.007909181
0.007896094
0.007882745
0.007866247
0.00784453
0.007815696
0.007779277
0.007735798
0.007684119
0.007621662
0.007550602
0.007479239
0.007414976
0.007357629
0.00730245
0.007243235
0.00717561
0.007098576
0.007013307
0.006923359
0.006835505
0.00675825
0.00669769
0.006656324
0.006631872
0.006618095
0.006606962
0.006592899
0.006573549
0.00654631
0.006508649
0.006460625
0.006403815
0.006341304
0.006276479
0.006210591
0.00614426
0.006082538
0.006032675
0.005995996
0.005965845
0.005931825
0.00588783
0.005834047
0.00577326
0.005708255
0.005642294
0.005579227
0.005519493
0.005463465
0.005410398
0.005356737
0.005297641
0.005230644
0.00515725
0.005082891
0.005013707
0.004950915
0.004890806
0.004829654
0.004764561
0.004693609
0.004616261
0.004533849
0.004448658
0.004360875
0.004265755
0.004155287
0.004026006
0.003885557
0.003748512
0.003625794
0.00351771
0.003418187
0.003321655
0.003227386
0.003137337
0.003052164
0.002973378
0.002904137
0.002848059
0.002806187
0.002772259
0.002735614
0.002688945
0.002632382
0.002570542
0.002508524
0.002448423
0.002390721
0.002335104
0.002278591
0.002216548
0.002142454
0.0020523
0.001949583
0.001841296
0.001733964
0.001630337
0.00153115
0.001437681
0.001349707
0.001266148
0.001184441
0.001100569
0.001015684
0.0009355018
0.0008635171
0.0007966347
0.0007280656
0.0006545852
0.0005793918
0.000507753
0.0004417884
0.000381487
0.0003273313
0.0002787809
0.0002333543
0.0001871438
0.0001384821
8.952921e-05
4.337836e-05
1.03341e-06
-3.952007e-05
-8.060371e-05
-0.0001189707
-0.000147363
-0.0001592041
-0.0001531417
-0.0001339659
-0.0001079214
-7.978618e-05
-5.140802e-05
-2.074944e-05
1.336136e-05
5.075716e-05
9.1825e-05
0.0001364776
0.000184872
0.0002370596
0.0002926023
0.0003502372
0.0004070005
0.0004604941
0.0005095448
0.0005528475
0.0005898067
0.0006227736
0.0006534711
0.0006788431
0.0006954978
0.0007043542
0.0007084843
0.0007091178
0.0007071821
0.0007046023
0.0007015262
0.0006928721
0.0006710571
0.0006321721
0.000577442
0.0005098585
0.0004311442
0.0003414214
0.0002394304
0.0001240679
-3.235705e-06
-0.0001402845
-0.0002866609
-0.0004422201
-0.0006066438
-0.0007785783
-0.0009555957
-0.001135158
-0.001319213
-0.00151146
-0.001710067
-0.001911181
-0.002114158
-0.002320529
-0.002530162
-0.002741064
-0.002954168
-0.003171314
-0.003392504
-0.00361599
-0.003838259
-0.00405368
-0.004258502
-0.004452003
-0.004637164
-0.004817205
-0.00499583
-0.005177381
-0.005363482
-0.005552164
-0.005739173
-0.005921614
-0.006098797
-0.006272142
-0.006445152
-0.006618928
-0.00679128
-0.006958899
-0.007117986
-0.007266153
-0.007404114
-0.007531793
-0.00764862
-0.007755571
-0.007855287
-0.00795249
-0.008050774
-0.008147744
-0.008237792
-0.008318942
-0.008393305
-0.008461449
-0.008519458
-0.008562779
-0.008589588
-0.008601237
-0.008599527
-0.008582716
-0.008546974
-0.008491278
-0.00841682
-0.008325443
-0.00821961
-0.008101593
-0.007970317
-0.007822272
-0.007654935
-0.007465815
-0.007254917
-0.007025475
-0.006781583
-0.006528873
-0.006271694
-0.006010934
-0.005746489
-0.0054793
-0.005210845
-0.004943737
-0.004680741
-0.004422328
-0.004167285
-0.003914184
-0.003663264
-0.003416086
-0.003174725
-0.002941589
-0.002719347
-0.002510558
-0.002314572
-0.002126476
-0.001938865
-0.001746256
-0.001546361
-0.001342085
-0.001138768
-0.0009410686
-0.0007511525
-0.0005694128
-0.0003936019
-0.000219606
-4.430548e-05
0.0001340781
0.0003173391
0.0005057398
0.0006970774
0.0008868975
0.001070436
0.001245877
0.001415627
0.001584329
0.001753545
0.001918117
0.002071964
0.002212211
0.002337058
0.002445324
0.002535392
0.002607078
0.002661101
0.002699199
0.002723548
0.00273392
0.002725759
0.002692345
0.002629588
0.002535571
0.002409496
0.002251293
0.00205893
0.0018282
0.001556127
0.001243718
0.0008973074
0.0005270587
0.0001421262
-0.0002506187
-0.0006451765
-0.001037284
-0.001426641
-0.001815286
-0.002202827
-0.002586524
-0.00296212
-0.003324563
-0.003671181
-0.004002287
-0.004319184
-0.004622745
-0.00491472
-0.005198109
-0.005475476
-0.005745347
-0.006004935
-0.006255124
-0.006498538
-0.006737172
-0.006969702
-0.00718917
-0.007385413
-0.007555152
-0.007703708
-0.007839512
-0.007967164
-0.008083261
-0.008182997
-0.008265534
-0.00833087
-0.008378027
-0.008408495
-0.008424141
-0.008425275
-0.008412527
-0.008384021
-0.008333481
-0.008255808
-0.008151223
-0.008025186
-0.007885128
-0.007734346
-0.00756882
-0.007380149
-0.007162702
-0.006915467
-0.006639246
-0.006333362
-0.005996791
-0.005633901
-0.005252312
-0.004858773
-0.004458689
-0.004054024
-0.003642626
-0.003223945
-0.002800842
-0.002376631
-0.00195307
-0.001530864
-0.001110971
-0.0006950117
-0.0002867507
0.0001115963
0.0005038613
0.0008983607
0.001302344
0.001715372
0.002130052
0.002541209
0.002949228
0.003355528
0.003758306
0.004152072
0.004531008
0.004895634
0.005253605
0.005611857
0.005969931
0.006323531
0.006669203
0.007006965
0.00733679
0.007656208
0.007961904
0.008252649
0.008528793
0.008789515
0.009030892
0.0092486
0.009440015
0.009602167
0.009731025
0.009825211
0.009889558
0.009932127
0.009959237
0.009972237
0.009967363
0.009938057
0.009878624
0.009785545
0.00965724
0.009493082
0.009293848
0.009062325
0.008802401
0.008518285
0.008213014
0.007886558
0.00753482
0.007153631
0.006741853
0.006304061
0.005850035
0.005390745
0.00493558
0.004489566
0.004051845
0.003615076
0.003172161
0.002721229
0.002266463
0.001812618
0.00135941
0.000903857
0.0004442599
-1.755985e-05
-0.00047671
-0.0009277826
-0.001369816
-0.001803097
-0.002225149
-0.002634135
-0.003029847
-0.003412114
-0.003779145
-0.004129269
-0.004462179
-0.004779392
-0.005082669
-0.005372856
-0.005649781
-0.005913905
-0.006167277
-0.006412766
-0.006651591
-0.006882009
-0.007101873
-0.007312433
-0.007518794
-0.007723672
-0.00792351
-0.008111265
-0.00828173
-0.008435879
-0.008578684
-0.008710289
-0.008823843
-0.008914716
-0.008984372
-0.009034862
-0.009064908
-0.009074598
-0.009067073
-0.009045656
-0.009010593
-0.0089576
-0.00887897
-0.008766387
-0.008613612
-0.008419886
-0.00819132
-0.007936368
-0.007661284
-0.007370193
-0.007066533
-0.006750662
-0.00641875
-0.006067064
-0.005693132
-0.005299342
-0.004894412
-0.00448469
-0.004070234
-0.003649855
-0.003225695
-0.002803183
-0.002387194
-0.001979711
-0.001579676
-0.001186219
-0.0007996473
-0.0004171825
-3.464602e-05
0.0003506828
0.0007388017
0.001128332
0.001517121
0.001904847
0.002291247
0.002671251
0.003039656
0.003398855
0.003756231
0.004118464
0.004486633
0.004857865
0.005227168
0.00559019
0.005941248
0.006274193
0.006586063
0.006878084
0.007154506
0.007422105
0.007686549
0.007946844
0.00819692
0.008434257
0.008662857
0.008885398
0.009099023
0.009298509
0.009480325
0.009644416
0.009794658
0.009934606
0.01006544
0.01018456
0.0102866
0.01036548
0.01041551
0.01043535
0.01043118
0.01041287
0.01038518
0.01034399
0.0102811
0.01019114
0.01007511
0.009936816
0.009779136
0.009604779
0.009417988
0.009225415
0.009031113
0.008832084
0.008621739
0.008397339
0.008162427
0.007923794
0.007687758
0.007458284
0.007237254
0.007026687
0.006825953
0.006629773
0.006429775
0.006219173
0.005997065
0.005767443
0.005534938
0.005303551
0.005076525
0.00485712
0.004646378
0.004441213
0.004236672
0.004029755
0.003821311
0.003611221
0.003398164
0.003182709
0.002966985
0.002752079
0.002537721
0.002324642
0.002112875
0.00189921
0.001683578
0.001470784
0.001266341
0.001071787
0.000884795
0.0007002626
0.0005136795
0.0003232344
0.0001287834
-7.038816e-05
-0.0002736073
-0.0004783671
-0.0006785333
-0.0008673306
-0.001040755
-0.00119997
-0.001349035
-0.001492123
-0.001633367
-0.001776565
-0.001922339
-0.002068084
-0.002209704
-0.002344758
-0.002470205
-0.002581833
-0.002677709
-0.002756792
-0.002819763
-0.002870954
-0.002918384
-0.002970376
-0.003030918
-0.003100328
-0.003177777
-0.003259499
-0.003338736
-0.003406573
-0.003454428
-0.003484094
-0.003509195
-0.003541249
-0.003582979
-0.003630555
-0.003676302
-0.003714112
-0.003741751
-0.003760168
-0.00377454
-0.003792201
-0.003817153
-0.003848834
-0.003886019
-0.003927789
-0.003970227
-0.004010595
-0.00405266
-0.004102234
-0.004159883
-0.004221082
-0.004281266
-0.004337328
-0.004388693
-0.00443811
-0.004487927
-0.004539418
-0.004595431
-0.004660283
-0.004736287
-0.004820754
-0.004905614
-0.00498409
-0.005056665
-0.005128295
-0.005203124
-0.005282044
-0.005361631
-0.005437346
-0.005505418
-0.005562948
-0.005608092
-0.005640699
-0.00566246
-0.005676112
-0.00568535
-0.005693573
-0.005702019
-0.005708514
-0.005707429
-0.005691843
-0.005657732
-0.00560425
-0.005531342
-0.005442598
-0.00534339
-0.00523563
-0.005118057
-0.004989103
-0.004848003
-0.004694973
-0.004534193
-0.004372926
-0.004215603
-0.004062424
-0.003912127
-0.003764027
-0.00361756
-0.003472193
-0.003328911
-0.003189073
-0.003055169
-0.002929828
-0.002814927
-0.002710949
-0.002615359
-0.002522667
-0.002429108
-0.002333296
-0.002235899
-0.002138865
-0.002043308
-0.001947522
-0.00185157
-0.001756628
-0.001661657
-0.001562394
-0.001453868
-0.00133342
-0.001200826
-0.001057168
-0.0009058839
-0.0007529927
-0.0006060086
-0.0004689712
-0.0003415965
-0.0002200312
-9.918051e-05
2.584298e-05
0.0001568959
0.0002921839
0.0004284868
0.0005624089
0.0006912106
0.000814045
0.000930736
0.001041498
0.001144492
0.001235005
0.00131045
0.001373902
0.001430592
0.001485442
0.001540256
0.001592911
0.001639659
0.001678603
0.001710112
0.001736263
0.001758688
0.001777241
0.001790792
0.001798561
0.001801884
0.001803545
0.001804748
0.001805189
0.001806566
0.001813829
0.001831028
0.001859609
0.001896614
0.001934592
0.001968224
0.001997771
0.002026221
0.002057614
0.002094461
0.002137116
0.002186027
0.002242965
0.002310841
0.002390539
0.002480249
0.002576568
0.002675661
0.002774678
0.002873019
0.002970109
0.003064664
0.003155446
0.003240978
0.003320408
0.003393965
0.003463982
0.003533353
0.003603044
0.003673478
0.003746153
0.00382127
0.003896959
0.003970919
0.004041856
0.004109094
0.004169636
0.004220274
0.004263081
0.004306787
0.00435994
0.004423726
0.004492811
0.004560345
0.004624891
0.004691386
0.004766465
0.004852104
0.004941684
0.005024935
0.005093989
0.005147108
0.005186356
0.005216603
0.005246142
0.005283209
0.005334349
0.005403531
0.00549076
0.005592971
0.005704179
0.005816405
0.00592393
0.006026067
0.006125721
0.006224475
0.006320973
0.006411843
0.006493563
0.006567153
0.00663857
0.006712297
0.006787744
0.006861271
0.006928267
0.006982432
0.007017902
0.007033605
0.00703127
0.007012484
0.006978448
0.006929988
0.006864698
0.006779554
0.006673101
0.006545565
0.00639887
0.006234458
0.006052975
0.005858301
0.005653376
0.005433408
0.005188898
0.004913841
0.004608326
0.004277942
0.003932795
0.003582939
0.003235998
0.00289614
0.002564596
0.002239041
0.001914442
0.001585968
0.001250308
0.0009097803
0.0005702244
0.0002342768
-9.821972e-05
-0.0004294913
-0.0007644437
-0.001108436
-0.001463774
-0.001824934
-0.002182672
-0.002528995
-0.002860709
-0.003180429
-0.003493908
-0.003805477
-0.00411804
-0.004433607
-0.00475496
-0.005083343
-0.005416572
-0.005752872
-0.006088994
-0.006419055
-0.006739988
-0.007053815
-0.007365807
-0.00768195
-0.008005162
-0.0083332
-0.008661389
-0.008985126
-0.009300679
-0.009603353
-0.009887644
-0.01015133
-0.01039716
-0.01063156
-0.01085997
-0.01108307
-0.01129806
-0.01149978
-0.01168379
-0.01184945
-0.01199891
-0.01213266
-0.0122501
-0.01235104
-0.01243294
-0.01249277
-0.0125279
-0.01253749
-0.0125224
-0.01248517
-0.01243039
-0.01236113
-0.01227688
-0.01217402
-0.01204459
-0.01187931
-0.01167255
-0.0114232
-0.01113245
-0.01080148
-0.0104298
-0.01001893
-0.009570307
-0.009083212
-0.008560103
-0.00800789
-0.007435276
-0.006850988
-0.006261569
-0.005673466
-0.00509405
-0.004527338
-0.003972001
-0.003422643
-0.002871588
-0.002314601
-0.001750669
-0.001182755
-0.0006188102
-6.34025e-05
0.0004864249
0.001034883
0.001585474
0.00214011
0.00269911
0.003260651
0.003823053
0.004386793
0.004952177
0.005518149
0.00608352
0.006647467
0.00721009
0.007769425
0.008321598
0.008864348
0.00939577
0.009912732
0.01041271
0.01089487
0.01136022
0.0118093
0.01223885
0.01264032
0.01300611
0.01333444
0.01362943
0.01389672
0.01414265
0.01437382
0.01459342
0.01479932
0.01498393
0.01513779
0.01525435
0.01533468
0.01538481
0.01541123
0.01541835
0.01540724
0.01537652
0.01532446
0.01525132
0.01515565
0.01503381
0.01488186
0.01469739
0.01448016
0.01423566
0.01397352
0.01369776
0.01340473
0.01309017
0.01275201
0.01238933
0.0120017
0.01159169
0.01116392
0.01072253
0.01027248
0.009817642
0.009361691
0.0089077
0.008456923
0.008005926
0.007549191
0.00708499
0.006618394
0.006156472
0.005701118
0.005248487
0.004794775
0.004339077
0.003882619
0.003425719
0.002967752
0.002508071
0.002045824
0.001581795
0.0011215
0.0006723163
0.0002391847
-0.000179407
-0.0005868297
-0.0009861527
-0.001378189
-0.00176122
-0.002130639
-0.002482451
-0.0028178
-0.003139546
-0.003447946
-0.003739412
-0.004010227
-0.004261655
-0.004496237
-0.004715991
-0.004923622
-0.005122412
-0.005315553
-0.005503488
-0.00568131
-0.005844131
-0.005989572
-0.006118284
-0.006232706
-0.006335608
-0.006428832
-0.006511379
-0.006577464
-0.006623173
-0.006647933
-0.006653611
-0.006643467
-0.006617932
-0.006576092
-0.006518934
-0.006450739
-0.006375573
-0.006295082
-0.006210523
-0.006125288
-0.00604341
-0.005964761
-0.005883266
-0.00579276
-0.005692535
-0.005586848
-0.005479541
-0.005372698
-0.005267458
-0.0051636
-0.005062323
-0.004965601
-0.004872986
-0.004782049
-0.004690292
-0.004595036
-0.00449519
-0.004394377
-0.004296749
-0.004203279
-0.004113139
-0.004025677
-0.003941862
-0.003865278
-0.003798929
-0.003743047
-0.003694251
-0.003645963
-0.003594118
-0.003539593
-0.003483788
-0.003426672
-0.00336955
-0.003316662
-0.003272282
-0.003237504
-0.003208559
-0.003178176
-0.003141167
-0.003097104
-0.003047498
-0.002993993
-0.002939248
-0.002886757
-0.002839746
-0.002800055
-0.00276818
-0.002744702
-0.002731518
-0.002732533
-0.002749266
-0.002779433
-0.002822524
-0.002881717
-0.002960239
-0.003056059
-0.003163892
-0.003276949
-0.00339139
-0.00350911
-0.003633669
-0.003767661
-0.003911296
-0.004059573
-0.004205887
-0.004346362
-0.004480573
-0.004610343
-0.00473907
-0.004871159
-0.005009564
-0.00515428
-0.005301464
-0.005445511
-0.005579753
-0.005699406
-0.00580464
-0.005900363
-0.00599437
-0.006092674
-0.006199181
-0.006313487
-0.006431155
-0.006546639
-0.006653737
-0.00674663
-0.006821318
-0.006876435
-0.006914845
-0.00694302
-0.006967365
-0.006990638
-0.007012577
-0.007033727
-0.007054222
-0.007073774
-0.007089422
-0.007094715
-0.0070824
-0.007047219
-0.006988296
-0.006910582
-0.006822399
-0.006729338
-0.006629378
-0.006516051
-0.006382363
-0.0062229
-0.006037173
-0.005831422
-0.005617082
-0.005404182
-0.005195161
-0.00498465
-0.004765638
-0.004535961
-0.004298101
-0.004056819
-0.003814079
-0.003568694
-0.003318441
-0.003063476
-0.002805556
-0.00254483
-0.002279959
-0.002009477
-0.001733905
-0.001454504
-0.001171278
-0.0008854083
-0.0005972838
-0.0003078899
-1.782402e-05
0.0002752774
0.0005759608
0.0008882048
0.001211549
0.001540563
0.001872051
0.002208361
0.002556939
0.002922977
0.003301457
0.003681953
0.004056952
0.004423924
0.004781972
0.005129213
0.005464783
0.00579162
0.006115804
0.006443792
0.006779356
0.007119012
0.00745578
0.007784253
0.008100856
0.008404069
0.008693665
0.008969075
0.009231471
0.009483621
0.009725444
0.009951793
0.01015769
0.01034189
0.01050574
0.01065011
0.01077495
0.01087986
0.01096377
0.01102655
0.01106905
0.01109134
0.01109019
0.01105937
0.01099447
0.01089645
0.01076737
0.01060674
0.0104118
0.01018094
0.00991555
0.009616745
0.009285872
0.008927918
0.008548817
0.008153996
0.007748353
0.007334104
0.006910659
0.006476234
0.006030989
0.005581216
0.005135185
0.004698556
0.004272137
0.003852797
0.003438471
0.003030087
0.002629379
0.002238797
0.001860506
0.00149667
0.001148273
0.000813369
0.0004874079
0.0001654679
-0.0001548541
-0.0004734568
-0.0007898184
-0.001101768
-0.001407152
-0.001704844
-0.001995307
-0.00227969
-0.002558441
-0.002831483
-0.003101094
-0.0033713
-0.003641071
-0.003903966
-0.004154332
-0.004391019
-0.00461913
-0.004846251
-0.00507802
-0.005315182
-0.005553352
-0.005787316
-0.006014976
-0.006236209
-0.006454084
-0.006672658
-0.006891363
-0.007105484
-0.007309047
-0.00749622
-0.007663844
-0.007811631
-0.007940854
-0.00805384
-0.008153543
-0.008241746
-0.008317465
-0.008376454
-0.00841225
-0.008420947
-0.008402953
-0.008361388
-0.008300198
-0.008223811
-0.008136127
-0.00803857
-0.007931082
-0.007814051
-0.007688441
-0.007554376
-0.007409999
-0.0072533
-0.007083135
-0.006900283
-0.006707396
-0.006507547
-0.006303033
-0.006096773
-0.005892104
-0.005692217
-0.005498931
-0.005313014
-0.005134463
-0.004963997
-0.004806547
-0.004667218
-0.004546394
-0.004438608
-0.004333826
-0.004224486
-0.004110716
-0.003998476
-0.003893875
-0.003802245
-0.003724446
-0.003652858
-0.003576547
-0.003487819
-0.003386112
-0.003279047
-0.003177187
-0.003086048
-0.003004873
-0.002930547
-0.002859076
-0.002787875
-0.002717016
-0.002645014
-0.00256712
-0.002479127
-0.002378504
-0.002268672
-0.00215912
-0.002056792
-0.001964801
-0.001884492
-0.001815184
-0.001754137
-0.001695644
-0.001633232
-0.001564754
-0.001494604
-0.001429937
-0.001377091
-0.001336887
-0.001304573
-0.001273436
-0.001241394
-0.001214153
-0.001201361
-0.001208576
-0.001233076
-0.001267657
-0.001308093
-0.001355411
-0.001411508
-0.00147586
-0.001547099
-0.001624962
-0.001711682
-0.001809446
-0.001915904
-0.002023843
-0.002124154
-0.002210292
-0.002281851
-0.002342037
-0.002394427
-0.002440481
-0.002478761
-0.002508685
-0.002533798
-0.002557323
-0.00257872
-0.002595403
-0.002601232
-0.002588487
-0.002552404
-0.00249325
-0.002418223
-0.00233668
-0.002253907
-0.002171239
-0.002087809
-0.002001535
-0.001912052
-0.001819722
-0.001723034
-0.00161658
-0.001493766
-0.001352503
-0.001194647
-0.001024129
-0.0008471057
-0.000671696
-0.0005029704
-0.0003408273
-0.0001820626
-2.042692e-05
0.0001479887
0.0003243106
0.0005098106
0.0007041255
0.0009041523
0.00110665
0.001308991
0.001509937
0.001710699
0.00191513
0.002127141
0.002347187
0.002572664
0.002797063
0.003014909
0.003228823
0.003445916
0.003672099
0.003909668
0.004156317
0.004407594
0.004658762
0.004905671
0.005144177
0.005370117
0.005583123
0.00579016
0.006001686
0.006223054
0.006449066
0.006668767
0.006873728
0.007063036
0.007242455
0.007418727
0.007591568
0.007756523
0.007912804
0.008063524
0.008211376
0.008353959
0.008485749
0.008602702
0.008703511
0.008789344
0.008860951
0.008917702
0.008958116
0.008981698
0.008991048
0.008989214
0.008978093
0.008958956
0.008931257
0.008891897
0.008834757
0.008752434
0.008641983
0.008509756
0.008367651
0.008223407
0.008077782
0.007928652
0.007774938
0.007617484
0.0074563
0.007289267
0.007111735
0.006921721
0.006722349
0.006518699
0.006314409
0.006107996
0.005895712
0.005675442
0.005449554
0.005221729
0.00499044
0.004753053
0.004508832
0.004257498
0.004000623
0.003740183
0.003475198
0.003201791
0.002916752
0.002623908
0.002330806
0.002041979
0.001755832
0.001470508
0.001184921
0.000898343
0.0006112037
0.0003244744
3.700598e-05
-0.0002545152
-0.0005509174
-0.0008498572
-0.001148048
-0.00144121
-0.001724543
-0.001995007
-0.002252418
-0.002499559
-0.002740296
-0.002976532
-0.003209189
-0.003438174
-0.003661141
-0.003874163
-0.004073731
-0.004258548
-0.004431401
-0.004595226
-0.004751909
-0.004902766
-0.005046502
-0.005179148
-0.005297043
-0.005400236
-0.005491673
-0.005576972
-0.005662536
-0.005751708
-0.005843088
-0.005932127
-0.006013817
-0.00608339
-0.006137504
-0.006176758
-0.00620596
-0.006230644
-0.006254163
-0.00627709
-0.006297452
-0.00631217
-0.006317739
-0.006311254
-0.006292105
-0.006261117
-0.006220302
-0.006172661
-0.006119153
-0.006054843
-0.005970708
-0.005860435
-0.005723768
-0.005566276
-0.005394832
-0.005214907
-0.005029014
-0.00483626
-0.004633597
-0.004419177
-0.004195079
-0.00396496
-0.003732622
-0.003503276
-0.003279576
-0.003057854
-0.002830397
-0.002592302
-0.002345812
-0.00209814
-0.001857684
-0.001629852
-0.001415817
-0.001211769
-0.001013224
-0.0008177528
-0.0006239637
-0.0004296074
-0.000235025
-4.637905e-05
0.0001305084
0.0002936961
0.0004451963
0.0005906324
0.0007356187
0.0008820041
0.001025102
0.001155804
0.001266587
0.001356667
0.001431993
0.001499583
0.001562992
0.001621273
0.001670658
0.001706078
0.001725266
0.001731109
0.00172825
0.001717397
0.001695671
0.001661081
0.001616301
0.001564106
0.001502426
0.0014242
0.001324742
0.001207427
0.001082051
0.0009603902
0.0008477162
0.0007386813
0.0006229862
0.0004914991
0.0003391766
0.0001680082
-1.359945e-05
-0.0001949673
-0.0003674232
-0.0005253615
-0.0006661495
-0.0007905878
-0.0009033109
-0.001009064
-0.001110753
-0.001208004
-0.001296745
-0.001370992
-0.001427203
-0.001465223
-0.001485822
-0.001488721
-0.001471406
-0.001432389
-0.001371876
-0.001292464
-0.001200057
-0.001098836
-0.0009897326
-0.0008726489
-0.0007483241
-0.000619939
-0.0004914428
-0.0003661573
-0.0002461013
-0.0001308017
-1.622362e-05
0.0001018718
0.0002246881
0.0003503972
0.0004746109
0.0005939761
0.0007093767
0.000823416
0.0009367169
0.001047948
0.001156257
0.001261926
0.001367261
0.001473317
0.00157603
0.001669554
0.00175074
0.001818732
0.001876092
0.001928329
0.00197871
0.002025973
0.00206667
0.002099775
0.002127661
0.002152651
0.002174599
0.002190592
0.002198472
0.002197002
0.002188355
0.002177274
0.002165556
0.002151156
0.00213104
0.002103028
0.002067499
0.002025776
0.001980099
0.001933582
0.001886817
0.001836808
0.001780253
0.001717018
0.001648994
0.001576079
0.001497106
0.001412299
0.001324884
0.001240164
0.001161703
0.001090434
0.001026416
0.0009706837
0.0009270724
0.0009031949
0.0009066538
0.0009375215
0.000986464
0.001041392
0.001093875
0.001144514
0.001200147
0.001264927
0.001335644
0.001405664
0.001473252
0.001543874
0.001623563
0.001713547
0.001811655
0.001912935
0.002011651
0.002105137
0.002192482
0.002275871
0.002360145
0.002448029
0.002540372
0.002636932
0.002737669
0.002842394
0.002947857
0.003048842
0.003142385
0.003229643
0.003316384
0.003406445
0.003496631
0.003581291
0.003654714
0.00371283
0.003755538
0.003787001
0.00381191
0.003832276
0.003847115
0.003857513
0.003867682
0.003880832
0.003897298
0.003914479
0.00392641
0.003926324
0.003912275
0.003891794
0.003875661
0.003869846
0.003873575
0.003884006
0.003899579
0.003920352
0.003947715
0.003983382
0.004025166
0.004066989
0.004104413
0.004136821
0.004166088
0.004193107
0.004217398
0.004238703
0.004257427
0.004276109
0.004297359
0.004318584
0.00433411
0.004338141
0.004329215
0.004311196
0.00428895
0.004264425
0.004236029
0.004199884
0.004150877
0.004086073
0.004007009
0.00391818
0.003824407
0.003727699
0.003624735
0.00350885
0.003377003
0.003234285
0.003090129
0.002951731
0.002822156
0.002702889
0.002592926
0.002485673
0.002371581
0.002245341
0.002110164
0.001972211
0.001833284
0.001691439
0.001544539
0.001393685
0.001240317
0.001081226
0.0009120965
0.0007332076
0.0005492029
0.0003669719
0.0001912911
2.281683e-05
-0.0001447134
-0.0003192
-0.0005048525
-0.0007005993
-0.0009030097
-0.001107115
-0.001308856
-0.001506486
-0.001698079
-0.001879701
-0.002047835
-0.00220372
-0.002352824
-0.002500232
-0.002646908
-0.002789237
-0.002922335
-0.003041837
-0.003147249
-0.003239942
-0.003321241
-0.003394702
-0.00346192
-0.003522691
-0.003578465
-0.003630473
-0.003679465
-0.003724761
-0.00376558
-0.00380264
-0.003836018
-0.003864968
-0.003889455
-0.003910568
-0.003932092
-0.003959348
-0.003994809
-0.004038894
-0.004091449
-0.004149658
-0.004207984
-0.004261334
-0.004305929
-0.004341309
-0.004368717
-0.004389465
-0.004404727
-0.004417242
-0.004432001
-0.004453539
-0.004483634
-0.004518693
-0.004550976
-0.004573431
-0.004582947
-0.004578473
-0.004560556
-0.004528312
-0.004479774
-0.004415224
-0.004337228
-0.004250861
-0.004161945
-0.004074178
-0.003985559
-0.003890257
-0.003784062
-0.003667115
-0.003543804
-0.003418291
-0.003289706
-0.003152791
-0.003003511
-0.002843308
-0.002677278
-0.002511545
-0.002349699
-0.002192156
-0.00203766
-0.001885761
-0.001735605
-0.001585299
-0.001431862
-0.001272302
-0.001104613
-0.0009304407
-0.0007566567
-0.000591616
-0.0004381286
-0.0002927514
-0.0001492745
-3.797995e-06
0.0001424405
0.0002866479
0.0004293588
0.0005751161
0.0007280312
0.0008864527
0.001041934
0.001186162
0.001316903
0.001438149
0.001557779
0.001682313
0.001811068
0.001936508
0.002049678
0.00214775
0.002235996
0.00232205
0.002410547
0.00250166
0.002594069
0.002686516
0.002779336
0.002873111
0.002964489
0.003047447
0.003117184
0.003174872
0.003227714
0.003283377
0.003344808
0.00340956
0.003474038
0.003535944
0.003593321
0.003645656
0.003692507
0.00373367
0.003769227
0.003801175
0.003835175
0.003877885
0.003933602
0.003997818
0.004057241
0.004099099
0.004121329
0.004131005
0.004136881
0.004144413
0.004154378
0.004164808
0.004173258
0.004179257
0.004183473
0.004184212
0.004175919
0.004150641
0.004102771
0.004034738
0.003952611
0.00385853
0.003751067
0.003627789
0.003490539
0.003345203
0.003197747
0.003051099
0.002902447
0.002746605
0.002579923
0.002401504
0.00221456
0.002027819
0.001849442
0.001681638
0.001521084
0.001362443
0.001203395
0.001045763
0.000891666
0.0007394639
0.0005841338
0.0004218169
0.0002534011
8.227301e-05
-8.947383e-05
-0.0002637094
-0.0004468031
-0.0006430616
-0.0008498182
-0.001059262
-0.001263771
-0.001460696
-0.001653039
-0.001844437
-0.002037517
-0.002233684
-0.002433125
-0.00263304
-0.002828412
-0.003012996
-0.003181999
-0.003334575
-0.00347023
-0.003588984
-0.003694928
-0.003794069
-0.003890812
-0.003987245
-0.004083663
-0.004178242
-0.004268807
-0.004354177
-0.00443334
-0.004503931
-0.004563393
-0.00461158
-0.004648675
-0.004676156
-0.00469965
-0.004724598
-0.00475323
-0.004782942
-0.004807306
-0.004820844
-0.004822079
-0.004814115
-0.004800846
-0.004782691
-0.004757205
-0.004722541
-0.004678728
-0.004627363
-0.00456964
-0.004506578
-0.004439355
-0.004368847
-0.004294498
-0.004212557
-0.004117113
-0.004003449
-0.003871768
-0.003726951
-0.003572712
-0.003411423
-0.003245506
-0.003075853
-0.002900652
-0.002719987
-0.002537669
-0.002356584
-0.002175769
-0.00199177
-0.001802972
-0.001611744
-0.001420573
-0.00123007
-0.00104024
-0.0008525981
-0.0006688806
-0.000489299
-0.0003122519
-0.000137438
3.455985e-05
0.0002027378
0.0003646737
0.0005175705
0.0006610622
0.0007987897
0.0009377524
0.001085071
0.001241808
0.001402741
0.001560111
0.00170516
0.001833393
0.001947987
0.00205619
0.002161469
0.002263665
0.002362737
0.002459636
0.002556946
0.002657923
0.002762498
0.002866872
0.002966534
0.003059863
0.003145666
0.00322024
0.003282128
0.00333183
0.003368138
0.00338904
0.00339423
0.003384673
0.003362468
0.003329864
0.003289322
0.003244201
0.003196445
0.003144668
0.003086241
0.003017516
0.002935922
0.002843768
0.002744467
0.002639094
0.002529193
0.002415979
0.002298803
0.002176311
0.002049549
0.001923358
0.001805409
0.001702147
0.001613014
0.001531849
0.001453212
0.001375618
0.001299156
0.001222898
0.001147703
0.00107661
0.001013167
0.0009596583
0.0009169081
0.0008832923
0.0008562806
0.0008337625
0.0008138605
0.000797411
0.000785086
0.0007749127
0.0007639931
0.0007508186
0.0007382356
0.0007307084
0.0007307576
0.0007371602
0.0007467649
0.0007570815
0.0007677644
0.0007780759
0.0007863437
0.0007956447
0.0008132394
0.0008441376
0.000888372
0.0009415675
0.0009980099
0.001052194
0.001102033
0.001152369
0.001209579
0.001275754
0.00135076
0.001434131
0.001525601
0.001625858
0.001734821
0.001849598
0.001964948
0.002076122
0.002181782
0.002283364
0.002382373
0.002477433
0.002566517
0.002649612
0.002728829
0.002807472
0.002886354
0.00296326
0.003036027
0.003103624
0.003167006
0.003225364
0.003274909
0.003312117
0.003335526
0.003345474
0.003343484
0.003330577
0.003307442
0.003274668
0.003233537
0.003184006
0.003124355
0.003050726
0.002957904
0.002844224
0.002711908
0.002563498
0.002400119
0.002222093
0.002032949
0.001839725
0.00164914
0.001465464
0.00129289
0.00113343
0.0009848974
0.0008425801
0.0007007183
0.0005572497
0.0004178494
0.0002899811
0.0001742883
6.628278e-05
-3.979582e-05
-0.0001463316
-0.000250703
-0.0003494512
-0.0004432287
-0.0005347829
-0.0006246168
-0.0007097082
-0.0007865384
-0.0008555209
-0.0009194939
-0.0009815066
-0.001043478
-0.001105856
-0.001168482
-0.001232121
-0.00129687
-0.001362078
-0.001427279
-0.001490903
-0.001550519
-0.001605785
-0.001658761
-0.001712512
-0.001770644
-0.001834537
-0.001900984
-0.001965755
-0.002028825
-0.002094659
-0.002165605
-0.002240231
-0.002315781
-0.002392785
-0.002473714
-0.002558332
-0.002643595
-0.002724695
-0.002798733
-0.002868084
-0.002939134
-0.003014541
-0.003092983
-0.003172737
-0.003252126
-0.003329204
-0.003402077
-0.003471701
-0.003541852
-0.003614868
-0.003690471
-0.003767761
-0.003846876
-0.003926193
-0.004001697
-0.004069687
-0.004129343
-0.00418175
-0.004229025
-0.004271181
-0.004307752
-0.004339093
-0.004367061
-0.004394509
-0.004421871
-0.004446371
-0.00446295
-0.004467713
-0.004461294
-0.004448285
-0.004433512
-0.004419007
-0.00440186
-0.00437621
-0.004337728
-0.0042855
-0.004221253
-0.004146584
-0.004065141
-0.003982223
-0.003900027
-0.003815712
-0.00372299
-0.00361862
-0.003507107
-0.003395907
-0.003287743
-0.003181042
-0.003074136
-0.002966362
-0.002857903
-0.002745733
-0.002625433
-0.002495819
-0.002361175
-0.002226825
-0.00209695
-0.001973951
-0.001859163
-0.001753434
-0.001658106
-0.001571778
-0.001490099
-0.001408569
-0.001324365
-0.001236259
-0.001145354
-0.001054474
-0.0009650038
-0.0008784093
-0.0007991156
-0.0007289783
-0.0006638337
-0.0005973675
-0.0005257732
-0.0004474246
-0.0003628739
-0.0002765334
-0.0001932738
-0.000118097
-5.533431e-05
-4.905078e-06
3.592572e-05
7.009751e-05
0.0001005082
0.0001285864
0.0001557208
0.0001832543
0.0002123084
0.0002442593
0.0002776257
0.0003097529
0.000338377
0.00036002
0.0003724758
0.0003784584
0.0003835275
0.0003920016
0.0004039246
0.0004169673
0.0004298905
0.0004432455
0.0004582331
0.0004750046
0.0004912664
0.0005026975
0.000505605
0.0004994354
0.0004888737
0.000480591
0.0004760409
0.0004719778
0.000465977
0.0004582577
0.000448277
0.0004359194
0.0004215529
0.000405589
0.0003880233
0.0003669755
0.0003386091
0.0002988111
0.0002473401
0.0001897198
0.0001354545
9.216085e-05
6.279367e-05
4.438929e-05
2.821737e-05
5.090952e-06
-2.785125e-05
-6.816296e-05
-0.0001110691
-0.0001515769
-0.0001870239
-0.0002168603
-0.0002438468
-0.0002721147
-0.000303878
-0.00034145
-0.0003884259
-0.0004468801
-0.0005133779
-0.0005791248
-0.0006371427
-0.000689125
-0.0007430494
-0.0008021717
-0.0008626972
-0.00091756
-0.0009639207
-0.001004464
-0.001043432
-0.001084083
-0.001128217
-0.00117375
-0.001216826
-0.001256945
-0.001295981
-0.001336202
-0.001378611
-0.001422354
-0.001466144
-0.001512345
-0.001564853
-0.001623071
-0.001681324
-0.001732845
-0.001773257
-0.001801926
-0.001822239
-0.00184175
-0.001866885
-0.001898057
-0.001931341
-0.001960766
-0.001982291
-0.001996432
-0.002003826
-0.002003729
-0.001996806
-0.001984385
-0.001966629
-0.001941896
-0.001908205
-0.001864333
-0.00181358
-0.001762245
-0.001715864
-0.00167549
-0.001635329
-0.001586919
-0.001527389
-0.001461978
-0.001398676
-0.001342529
-0.001292614
-0.001243526
-0.001190488
-0.001133959
-0.001075259
-0.001013795
-0.0009500741
-0.000886733
-0.0008247652
-0.0007626704
-0.0007005939
-0.0006427077
-0.0005939202
-0.0005547083
-0.0005210821
-0.0004888471
-0.0004553646
-0.0004202841
-0.0003862655
-0.0003552852
-0.0003286066
-0.0003058188
-0.0002846232
-0.0002624864
-0.0002380055
-0.0002125498
-0.0001848742
-0.0001517672
-0.0001114386
-6.481455e-05
-1.415106e-05
3.711787e-05
8.83234e-05
0.0001418791
0.0002014994
0.0002689011
0.0003434815
0.0004240255
0.0005093964
0.0005981075
0.0006892266
0.0007809212
0.0008691129
0.0009483932
0.001018441
0.001085929
0.001156902
0.001231623
0.001305968
0.001373475
0.001430158
0.00147612
0.001513151
0.001541999
0.001560268
0.001566119
0.001562365
0.001555742
0.001553803
0.001561934
0.001578776
0.001596101
0.001602734
0.001589335
0.001550051
0.001485526
0.001401378
0.001304544
0.001200491
0.001093824
0.0009883616
0.0008814093
0.0007652568
0.0006336257
0.0004847887
0.0003237517
0.0001604137
4.90837e-06
-0.0001377028
-0.0002698104
-0.0003957362
-0.000517212
-0.0006331812
-0.0007433964
-0.0008510033
-0.0009587918
-0.001063438
-0.001155654
-0.001227312
-0.001280058
-0.001321407
-0.001357095
-0.001389403
-0.001416729
-0.001434732
-0.001438671
-0.001428551
-0.001412569
-0.001400627
-0.001395715
-0.001393572
-0.001388121
-0.001374629
-0.001352088
-0.001322033
-0.001286139
-0.001245708
-0.001201538
-0.001154932
-0.001108248
-0.001064706
-0.001025357
-0.0009887349
-0.0009536111
-0.0009188169
-0.0008844511
-0.0008533406
-0.000829187
-0.0008140137
-0.0008061987
-0.000800388
-0.0007941387
-0.0007878719
-0.0007787221
-0.000763357
-0.0007398483
-0.0007084628
-0.0006712075
-0.0006298556
-0.0005865549
-0.0005435751
-0.0005040833
-0.0004696283
-0.0004381709
-0.0004060284
-0.0003700941
-0.0003278578
-0.0002773775
-0.0002188674
-0.0001549529
-8.990682e-05
-2.845829e-05
2.62021e-05
7.445648e-05
0.0001182302
0.0001590206
0.0001997022
0.0002533215
0.0003037349
0.00035836
0.0004135587
0.0004647313
0.0005093255
0.0005468171
0.0005776576
0.0006019253
0.0006189119
0.0006264409
0.0006212779
0.0006019838
0.0005698273
0.0005275749
0.0004780474
0.0004220015
0.0003598322
0.0002938694
0.0002269953
0.0001614984
9.878866e-05
3.853387e-05
-2.21928e-05
-8.643613e-05
-0.0001552427
-0.0002268638
-0.0002977446
-0.000364472
-0.000425819
-0.0004854757
-0.0005475309
-0.0006132289
-0.0006797587
-0.0007421111
-0.0007963464
-0.0008421849
-0.0008822893
-0.0009211788
-0.0009629719
-0.001007814
-0.001052604
-0.001092993
-0.001127424
-0.001158248
-0.00118834
-0.001220143
-0.001255146
-0.001292983
-0.001334872
-0.001382352
-0.001433499
-0.001484415
-0.001531724
-0.001573311
-0.001607657
-0.001635375
-0.001660218
-0.00168533
-0.001714008
-0.001749708
-0.001792351
-0.001836818
-0.001874304
-0.001897492
-0.001905212
-0.001902068
-0.001892536
-0.001878402
-0.001860826
-0.001840991
-0.001818796
-0.001793058
-0.001762208
-0.001723813
-0.00167452
-0.001610181
-0.001530168
-0.001439022
-0.001344448
-0.001254273
-0.001173022
-0.001102029
-0.001039562
-0.0009821007
-0.0009267275
-0.0008700014
-0.0008081307
-0.0007376017
-0.0006554544
-0.0005624396
-0.0004614304
-0.0003570353
-0.0002545874
-0.0001571005
-6.403038e-05
2.817632e-05
0.0001241024
0.0002277548
0.0003436966
0.0004745002
0.0006178205
0.0007682152
0.0009232151
0.001081404
0.001239917
0.001395929
0.00154607
0.001689446
0.00182864
0.001966057
0.002101738
0.002235295
0.002367199
0.002496861
0.002622902
0.002745461
0.002864132
0.002977663
0.003085137
0.003189406
0.003295433
0.003404976
0.003514245
0.003619744
0.003720721
0.003817831
0.003910553
0.00399974
0.004088082
0.004174371
0.004254256
0.004324761
0.004386146
0.004440697
0.004490962
0.004537507
0.004580703
0.004620964
0.004656827
0.004683463
0.004697366
0.004701265
0.004702769
0.004709059
0.004720096
0.004733208
0.004746735
0.004758762
0.004765275
0.004761643
0.004746231
0.00472331
0.004698778
0.004675128
0.00465074
0.004620937
0.004580087
0.004525966
0.004461116
0.004391467
0.004322751
0.004256692
0.004193488
0.004133025
0.004073021
0.004009698
0.003940846
0.003867159
0.003789491
0.003704692
0.003610398
0.003510597
0.003412861
0.003321967
0.003239117
0.003162268
0.003087541
0.003010729
0.002928433
0.002841209
0.002752711
0.002664555
0.002577009
0.002491472
0.002410284
0.002333121
0.002257056
0.002180373
0.002105662
0.002034457
0.001964576
0.001894695
0.001826277
0.001760665
0.001696945
0.001633754
0.001571019
0.001510235
0.001453315
0.001400766
0.001352595
0.001308699
0.001268367
0.001231253
0.001199297
0.001174556
0.001155607
0.001135443
0.001107509
0.001068771
0.001019636
0.0009650972
0.0009123245
0.0008641123
0.0008189853
0.0007736111
0.0007245912
0.0006692368
0.0006080701
0.0005429587
0.0004743458
0.0004025456
0.0003282964
0.0002522198
0.0001751165
9.638803e-05
1.50993e-05
-6.870295e-05
-0.000153074
-0.0002367215
-0.000321163
-0.0004100247
-0.0005030937
-0.0005974499
-0.0006908452
-0.0007805554
-0.0008638604
-0.0009395819
-0.001008358
-0.001072362
-0.001133261
-0.001191716
-0.001246751
-0.001298392
-0.001349009
-0.00139974
-0.001448784
-0.001494142
-0.001536227
-0.001575028
-0.001610168
-0.001641951
-0.001669558
-0.001690943
-0.001704958
-0.001712003
-0.001715455
-0.001719194
-0.001725122
-0.001735792
-0.001754042
-0.001780188
-0.001811556
-0.001843796
-0.00187291
-0.001894539
-0.001904909
-0.001903119
-0.001890479
-0.001869741
-0.001845564
-0.001821612
-0.001800638
-0.001782553
-0.001763927
-0.001739327
-0.001703798
-0.00165655
-0.001598775
-0.001531982
-0.001457429
-0.001378883
-0.001304191
-0.001240436
-0.001190048
-0.001151749
-0.001121595
-0.001094837
-0.001068577
-0.001040712
-0.001008659
-0.0009709579
-0.0009323521
-0.0008978612
-0.0008667286
-0.0008351479
-0.0007999391
-0.0007609375
-0.0007220605
-0.0006872127
-0.0006586478
-0.0006371411
-0.00062024
-0.0006013241
-0.0005725287
-0.0005295597
-0.0004721904
-0.0004038706
-0.0003330444
-0.000267317
-0.0002085156
-0.0001518356
-9.116929e-05
-2.573924e-05
4.037024e-05
0.0001029864
0.0001611623
0.0002171436
0.0002757251
0.0003412658
0.0004142811
0.0004911023
0.0005682399
0.000642705
0.000711569
0.0007736636
0.0008307398
0.0008875531
0.000948779
0.001015589
0.001085251
0.001154752
0.001220939
0.001281826
0.001335735
0.001381073
0.001417701
0.001446227
0.001467301
0.00148192
0.001492138
0.001499666
0.001507087
0.001514853
0.001519741
0.00151805
0.001508358
0.001490799
0.001466399
0.001436561
0.001401143
0.001358426
0.001308317
0.001253006
0.001194807
0.00113304
0.001064295
0.0009858682
0.0008976241
0.0008007915
0.0006970795
0.0005892291
0.0004808343
0.0003745552
0.0002712865
0.0001722274
7.880037e-05
-8.241023e-06
-9.058833e-05
-0.0001717671
-0.0002552082
-0.0003437571
-0.0004388318
-0.0005409763
-0.0006506711
-0.0007678332
-0.0008902277
-0.001014489
-0.00113659
-0.001252729
-0.001361301
-0.001463551
-0.001562263
-0.001660285
-0.001761427
-0.001870108
-0.001988484
-0.002115682
-0.002249042
-0.002385044
-0.002520096
-0.002650665
-0.002773607
-0.002885893
-0.002985592
-0.003074737
-0.003157595
-0.00323745
-0.003316517
-0.003396081
-0.003472789
-0.003540655
-0.003597137
-0.003643475
-0.003683781
-0.00372381
-0.003767087
-0.00381366
-0.00386065
-0.003904596
-0.003941095
-0.0039666
-0.003980799
-0.003986261
-0.003985711
-0.003981271
-0.003974268
-0.003965597
-0.003956619
-0.003947698
-0.003937306
-0.003923075
-0.00390279
-0.003873171
-0.003832507
-0.003782973
-0.003726163
-0.003659009
-0.003577494
-0.00347878
-0.003362244
-0.003229638
-0.003085058
-0.00293425
-0.002782429
-0.002631807
-0.002480531
-0.0023245
-0.002162232
-0.001995884
-0.001828343
-0.001661297
-0.001497557
-0.001339653
-0.001187901
-0.001042188
-0.0009037528
-0.0007736856
-0.0006531062
-0.0005422039
-0.0004380824
-0.0003359837
-0.0002328023
-0.0001281097
-2.121114e-05
8.65282e-05
0.0001929329
0.000298295
0.0004059913
0.0005192614
0.0006367498
0.0007530813
0.0008633726
0.0009665277
0.001065197
0.001162016
0.001258104
0.001355123
0.001455943
0.00156273
0.001674031
0.001787081
0.001899325
0.002009349
0.002117055
0.002222315
0.0023243
0.002420962
0.002511153
0.002596256
0.002677469
0.002755837
0.002834121
0.002915705
0.003002908
0.003096738
0.003194871
0.003292908
0.003386854
0.003475258
0.003558222
0.003636579
0.003711115
0.003781389
0.003846306
0.003905463
0.003959477
0.00401072
0.004061837
0.004114117
0.004169032
0.004226905
0.004283638
0.004333702
0.00437393
0.004404719
0.004428588
0.004447163
0.004459737
0.004466075
0.00446764
0.004465959
0.004461682
0.004454433
0.004444632
0.004432957
0.004418703
0.004400072
0.004377865
0.00435584
0.004336595
0.004319915
0.004303378
0.0042845
0.004262408
0.004236899
0.00420958
0.004184863
0.004167067
0.00415575
0.004146435
0.004132366
0.004107029
0.004066492
0.004012858
0.003954777
0.003902346
0.003861009
0.003829872
0.003803611
0.003773855
0.003733334
0.00367949
0.003613988
0.00354134
0.003468048
0.003398351
0.003333284
0.003271144
0.003207054
0.003135303
0.003053682
0.002965457
0.002876764
0.002792639
0.002716113
0.002648612
0.002589391
0.002535606
0.002484064
0.00243519
0.002390414
0.002349356
0.002310913
0.002273745
0.002238069
0.0022048
0.002172615
0.002138491
0.002099896
0.002055966
0.002006284
0.001951202
0.001891894
0.001829473
0.001764128
0.001696855
0.001629906
0.001564745
0.001500165
0.001433692
0.001364282
0.001292307
0.001219018
0.001147771
0.001082343
0.001023775
0.0009683935
0.0009097434
0.0008435937
0.0007716676
0.0006989429
0.0006284868
0.0005614188
0.000498863
0.0004421844
0.000391269
0.0003433517
0.0002957149
0.000247848
0.0001997878
0.0001499156
9.625078e-05
3.774298e-05
-2.546912e-05
-9.222684e-05
-0.0001592504
-0.0002225482
-0.0002801719
-0.0003333291
-0.000384078
-0.0004340094
-0.0004841552
-0.0005337258
-0.0005810546
-0.0006268228
-0.0006741548
-0.0007270797
-0.0007861
-0.0008468206
-0.0009034517
-0.0009537457
-0.0009991257
-0.00104259
-0.001089314
-0.001142854
-0.001201413
-0.001259587
-0.001313516
-0.00136462
-0.001415235
-0.001464985
-0.00151176
-0.001555195
-0.001594446
-0.001626927
-0.001651755
-0.001671993
-0.00169207
-0.001712875
-0.001733477
-0.001754418
-0.001777759
-0.001804633
-0.001833985
-0.001863627
-0.001893402
-0.001924822
-0.001958013
-0.001990463
-0.002019537
-0.002044669
-0.002065797
-0.002083663
-0.002101365
-0.002122329
-0.002146597
-0.002170622
-0.00219012
-0.002203535
-0.002212841
-0.002221727
-0.002231987
-0.002243561
-0.002254794
-0.002263344
-0.002268857
-0.00227264
-0.002275341
-0.002276166
-0.002272961
-0.00226501
-0.002253842
-0.002241535
-0.002229845
-0.002220742
-0.002216421
-0.002217047
-0.002220759
-0.002224908
-0.002227014
-0.002224541
-0.002215932
-0.002201974
-0.002185831
-0.002170559
-0.002158077
-0.002147485
-0.002134884
-0.002116674
-0.002090919
-0.002057976
-0.002020052
-0.001978779
-0.001933995
-0.001883046
-0.001823167
-0.00175373
-0.001676031
-0.001593643
-0.001511226
-0.00143302
-0.001360617
-0.001292636
-0.001227767
-0.001164494
-0.001097564
-0.001019804
-0.0009278187
-0.0008252064
-0.0007185004
-0.0006137633
-0.0005138331
-0.0004177237
-0.0003225508
-0.0002251232
-0.0001229283
-1.561175e-05
9.392503e-05
0.000201304
0.0003034398
0.0003989316
0.0004874527
0.000570643
0.000652093
0.0007349188
0.0008197603
0.0009049055
0.00098834
0.00106942
0.001148161
0.001224837
0.001299028
0.001369623
0.001434822
0.001493731
0.0015476
0.001598543
0.001646985
0.001693263
0.001737727
0.001779637
0.001818771
0.001855473
0.001890228
0.00192462
0.001957796
0.001985718
0.00200438
0.002011787
0.002009647
0.002002678
0.001995223
0.001987493
0.001976918
0.001962298
0.001943814
0.001919878
0.001888426
0.001849836
0.001806354
0.001759437
0.001709029
0.001655038
0.001597809
0.00153742
0.001473958
0.001408457
0.001342135
0.001274437
0.001204557
0.00113178
0.001055921
0.0009775207
0.0008975707
0.0008177796
0.0007409131
0.0006690664
0.0006022105
0.0005376734
0.0004710164
0.0003991725
0.0003234071
0.0002471743
0.0001728272
0.0001021647
3.635113e-05
-2.578169e-05
-8.699036e-05
-0.0001480365
-0.0002061609
-0.0002575346
-0.0003000159
-0.0003337737
-0.0003592993
-0.0003776884
-0.0003915381
-0.0004042835
-0.0004178543
-0.0004313844
-0.0004405846
-0.0004410182
-0.0004325725
-0.000418757
-0.0004044865
-0.0003934842
-0.0003863304
-0.0003813595
-0.0003772453
-0.0003740448
-0.0003721118
-0.000371041
-0.0003691145
-0.0003651832
-0.0003598639
-0.0003541092
-0.0003487595
-0.0003438297
-0.0003383855
-0.0003312731
-0.0003220084
-0.0003110776
-0.0002997435
-0.0002901118
-0.000283621
-0.0002804036
-0.000278268
-0.0002744504
-0.0002679529
-0.0002589906
-0.0002481439
-0.0002369046
-0.0002271207
-0.0002196487
-0.0002129294
-0.0002049185
-0.000195585
-0.0001863445
-0.0001784143
-0.0001718993
-0.0001655445
-0.0001578877
-0.0001476199
-0.0001338819
-0.0001173615
-0.0001020575
-9.275684e-05
-9.116624e-05
-9.554919e-05
-0.0001028539
-0.000110628
-0.0001180691
-0.0001245465
-0.0001287255
-0.0001306348
-0.0001327209
-0.0001391347
-0.0001535514
-0.0001765041
-0.0002074281
-0.0002469537
-0.0002943987
-0.0003464341
-0.0003987892
-0.0004485834
-0.0004965661
-0.0005468042
-0.000602094
-0.0006627625
-0.0007284044
-0.0007977772
-0.0008693503
-0.000940304
-0.001007527
-0.001069987
-0.001129666
-0.001189391
-0.001250152
-0.001311084
-0.001371424
-0.001430371
-0.001486674
-0.001538377
-0.001583404
-0.001621875
-0.001655865
-0.001687646
-0.00171967
-0.00175311
-0.00178768
-0.001822779
-0.001856948
-0.001887644
-0.001913125
-0.001934148
-0.00195401
-0.001976047
-0.002000774
-0.002027147
-0.002053624
-0.002079078
-0.002103218
-0.002125726
-0.002145404
-0.002160961
-0.002172032
-0.002179613
-0.002185892
-0.002192735
-0.002200789
-0.002209322
-0.002215486
-0.002216877
-0.002213618
-0.002207448
-0.002199466
-0.002189747
-0.002178353
-0.002164932
-0.002149259
-0.002130734
-0.002109068
-0.002084806
-0.00205831
-0.002029024
-0.001996521
-0.001961415
-0.001923264
-0.001879872
-0.001828856
-0.001769225
-0.001701772
-0.001628304
-0.001551383
-0.001473666
-0.001397231
-0.001323835
-0.001255075
-0.001189887
-0.001125089
-0.001058135
-0.000988596
-0.0009178191
-0.0008473534
-0.0007791592
-0.0007153972
-0.0006564226
-0.0005997522
-0.0005429759
-0.0004850698
-0.0004251555
-0.0003616001
-0.0002936664
-0.0002226786
-0.0001512189
-8.201851e-05
-1.553074e-05
5.009312e-05
0.0001172005
0.0001875733
0.000260394
0.0003332859
0.0004039844
0.0004707492
0.0005331683
0.0005912053
0.0006450586
0.0006952984
0.000743893
0.0007938903
0.0008469036
0.0009014825
0.0009541889
0.001002145
0.001044924
0.001084162
0.00112155
0.001158673
0.001196459
0.001234303
0.00127098
0.001305126
0.001336332
0.001364617
0.001389787
0.00141131
0.001428621
0.001441236
0.001448741
0.001451066
0.001448942
0.001443579
0.001435429
0.001423688
0.001406494
0.001382193
0.001349295
0.001306846
0.001255509
0.001198415
0.001139729
0.001081496
0.001023237
0.0009640355
0.0009034526
0.0008406007
0.0007735471
0.0007004342
0.0006218172
0.0005405505
0.0004590322
0.0003780354
0.0002964905
0.00021284
0.0001273262
4.168294e-05
-4.191744e-05
-0.0001225404
-0.0002006337
-0.0002772734
-0.0003535972
-0.0004308526
-0.0005101356
-0.0005919118
-0.0006748832
-0.0007566977
-0.0008358715
-0.0009129392
-0.0009894894
-0.001065867
-0.001140805
-0.001212186
-0.001278692
-0.001340674
-0.001398977
-0.001454389
-0.001507691
-0.001559127
-0.001608253
-0.001654763
-0.001699047
-0.001741323
-0.001781049
-0.001816974
-0.001847968
-0.001873742
-0.00189431
-0.001909571
-0.001919425
-0.001924854
-0.001927368
-0.001927161
-0.001923105
-0.001914226
-0.001900806
-0.001884874
-0.001868521
-0.001852264
-0.001834539
-0.001813092
-0.001786661
-0.001754783
-0.001716972
-0.001673354
-0.001625289
-0.001574433
-0.00152195
-0.001467838
-0.001411141
-0.001350176
-0.001283956
-0.001213782
-0.001141876
-0.001069756
-0.0009982122
-0.0009274443
-0.0008579694
-0.0007906153
-0.0007256227
-0.0006629342
-0.0006026922
-0.0005452108
-0.0004908102
-0.0004399251
-0.0003932
-0.0003500601
-0.0003087533
-0.0002680476
-0.0002286605
-0.0001924401
-0.00016023
-0.000131794
-0.0001063233
-8.307194e-05
-6.201841e-05
-4.377157e-05
-2.877935e-05
-1.696148e-05
-7.803406e-06
-2.037814e-07
6.5083e-06
1.218971e-05
1.630475e-05
1.792684e-05
1.692052e-05
1.377627e-05
8.636868e-06
1.18474e-06
-8.894899e-06
-2.173107e-05
-3.74286e-05
-5.569315e-05
-7.604128e-05
-9.729556e-05
-0.0001184189
-0.0001398211
-0.0001619378
-0.0001839264
-0.000204516
-0.0002232343
-0.0002407211
-0.0002580153
-0.0002759373
-0.0002944152
-0.0003127738
-0.0003304469
-0.0003472795
-0.0003635492
-0.0003794512
-0.0003952795
-0.0004117701
-0.0004294585
-0.0004477513
-0.0004652067
-0.0004807371
-0.000494591
-0.0005077048
-0.0005207634
-0.0005336281
-0.00054541
-0.0005555638
-0.0005647897
-0.0005742386
-0.0005848422
-0.0005964588
-0.0006077208
-0.0006171468
-0.0006241847
-0.0006287944
-0.0006314011
-0.0006325712
-0.0006322543
-0.0006302749
-0.0006268842
-0.0006226094
-0.0006182204
-0.0006147565
-0.0006124722
-0.0006104274
-0.0006067779
-0.000599694
-0.0005887293
-0.0005751279
-0.0005599327
-0.0005431663
-0.0005245726
-0.0005047283
-0.0004850094
-0.0004666345
-0.0004499816
-0.0004345337
-0.0004194651
-0.0004042058
-0.0003882891
-0.0003708273
-0.0003501416
-0.0003250021
-0.0002960113
-0.000264941
-0.0002333629
-0.0002013216
-0.0001679711
-0.0001328057
-9.597842e-05
-5.856275e-05
-2.21195e-05
1.252452e-05
4.554724e-05
7.757553e-05
0.0001092676
0.0001413089
0.0001742848
0.0002081412
0.0002422457
0.000275321
0.0003063588
0.000335563
0.000364025
0.0003927306
0.0004224658
0.000453944
0.0004873737
0.0005222902
0.0005573829
0.0005908606
0.0006217453
0.0006503264
0.0006774973
0.0007041226
0.0007306166
0.0007571941
0.0007839083
0.0008105633
0.0008368451
0.0008625216
0.0008875673
0.0009117771
0.0009351838
0.0009577497
0.0009786991
0.0009970864
0.001012274
0.001024504
0.001034636
0.001043431
0.001051005
0.001056924
0.001060836
0.001062692
0.001062768
0.001061242
0.001058148
0.001053676
0.00104814
0.001041876
0.001035122
0.001027873
0.001019652
0.001009869
0.0009985302
0.0009864827
0.0009745111
0.0009621393
0.0009480574
0.0009312369
0.0009112192
0.0008883323
0.0008635048
0.0008376081
0.0008111026
0.0007838669
0.0007555677
0.0007262183
0.0006963262
0.0006662392
0.0006358608
0.0006048081
0.0005728527
0.0005401664
0.000506851
0.0004729466
0.0004386823
0.0004042947
0.0003699075
0.0003356769
0.000302336
0.0002709303
0.0002420221
0.0002155075
0.0001909388
0.0001678838
0.0001461428
0.000125566
0.000106244
8.798369e-05
7.022036e-05
5.254571e-05
3.486125e-05
1.74275e-05
6.338557e-07
-1.510632e-05
-2.930742e-05
-4.155324e-05
-5.147131e-05
-5.918304e-05
-6.544097e-05
-7.107259e-05
-7.655875e-05
-8.195279e-05
-8.713778e-05
-9.195445e-05
-9.631248e-05
-0.0001001812
-0.0001032641
-0.0001050911
-0.000105214
-0.0001032747
-9.940874e-05
-9.443917e-05
-8.932369e-05
-8.485069e-05
-8.135797e-05
-7.858096e-05
-7.607723e-05
-7.352884e-05
-7.059605e-05
-6.703062e-05
-6.283196e-05
-5.817307e-05
-5.319623e-05
-4.78186e-05
-4.170708e-05
-3.477276e-05
-2.729263e-05
-1.965811e-05
-1.235639e-05
-5.794178e-06
-2.100789e-08
5.37526e-06
1.116724e-05
1.767679e-05
2.45001e-05
3.097161e-05
3.669473e-05
4.169986e-05
4.619416e-05
5.030238e-05
5.406472e-05
5.758243e-05
6.101061e-05
6.440858e-05
6.784765e-05
7.137201e-05
7.488399e-05
7.817052e-05
8.094577e-05
8.304058e-05
8.457905e-05
8.590362e-05
8.733146e-05
8.896514e-05
9.081663e-05
9.279012e-05
9.479342e-05
9.67552e-05
9.842193e-05
9.959138e-05
0.0001003116
0.0001007064
0.000100844
0.0001007719
0.0001006674
0.0001006753
0.0001006348
0.0001003738
9.985637e-05
9.918952e-05
9.854599e-05
9.802443e-05
9.78844e-05
9.85236e-05
0.000100152
0.0001026526
0.0001055726
0.0001083754
0.0001107114
0.0001127069
0.0001149453
0.0001179592
0.0001218008
0.0001260821
0.0001302767
0.0001340568
0.0001372691
0.000139808
0.0001417168
0.0001432074
0.000144511
0.0001457975
0.0001472803
0.000149185
0.0001516069
0.0001542404
0.0001564548
0.0001578427
0.0001585458
0.0001591032
0.0001599463
0.0001610866
0.00016219
0.0001629078
0.0001632803
0.0001636553
0.0001642538
0.0001650043
0.0001657514
0.0001664662
0.0001673148
0.0001685267
0.0001702567
0.0001724804
0.0001748721
0.0001770949
0.000179008
0.0001805921
0.0001820275
0.0001836277
0.0001855725
0.0001877574
0.0001899747
0.0001920863
0.0001940277
0.0001957722
0.0001973387
0.0001987416
0.0001999645
0.0002010308
0.0002020687
0.000203176
0.000204268
0.0002052032
0.0002058707
0.0002063046
0.0002066208
0.000206837
0.0002069344
0.0002069034
0.0002067627
0.0002065723
0.0002063401
0.0002059643
0.0002052867
0.0002042209
0.0002028245
0.000201274
0.0001997382
0.0001982702
0.0001968154
0.0001952805
0.0001935852
0.0001916616
0.0001894767
0.000187037
0.000184418
0.000181715
0.0001789938
0.0001762917
0.000173562
0.0001707929
0.0001680655
0.0001655145
0.0001632029
0.0001610633
0.0001588872
0.0001564307
0.0001535846
0.000150458
0.0001472609
0.0001441194
0.0001410313
0.0001379257
0.0001347515
0.0001315492
0.0001284199
0.0001253827
0.0001223758
0.000119344
0.0001162503
0.0001131281
0.0001100071
0.0001068119
0.0001035065
0.0001001583
9.685702e-05
9.362378e-05
9.035507e-05
8.695347e-05
8.34313e-05
7.98978e-05
7.650678e-05
7.327229e-05
7.007585e-05
6.68103e-05
6.344294e-05
5.998776e-05
5.650084e-05
5.305172e-05
4.967886e-05
4.64136e-05
4.32949e-05
4.035088e-05
3.757062e-05
3.493151e-05
3.242942e-05
3.007373e-05
2.783858e-05
2.571081e-05
2.371831e-05
2.188544e-05
2.02103e-05
1.86547e-05
1.717739e-05
1.576555e-05
1.440631e-05
1.307451e-05
1.171117e-05
1.026446e-05
8.741046e-06
7.194307e-06
5.675549e-06
4.256883e-06
2.999695e-06
1.907545e-06
9.251754e-07
-2.38178e-08
-1.02218e-06
-2.104666e-06
-3.233775e-06
-4.337595e-06
-5.344741e-06
-6.231118e-06
-7.02458e-06
-7.739913e-06
-8.365753e-06
-8.90896e-06
-9.392398e-06
-9.851094e-06
-1.032903e-05
-1.083633e-05
-1.134927e-05
-1.181351e-05
-1.216205e-05
-1.237377e-05
-1.246795e-05
-1.248585e-05
-1.245173e-05
-1.238191e-05
-1.231244e-05
-1.225939e-05
-1.220408e-05
-1.211987e-05
-1.198686e-05
-1.176791e-05
-1.143733e-05
-1.102469e-05
-1.058121e-05
-1.011163e-05
-9.58361e-06
-8.95958e-06
-8.240361e-06
-7.505174e-06
-6.841455e-06
-6.269526e-06
-5.750783e-06
-5.214344e-06
-4.596289e-06
-3.873902e-06
-3.073491e-06
-2.253276e-06
-1.466011e-06
-7.355369e-07
-6.047418e-08
5.817409e-07
1.22303e-06
1.902479e-06
2.659899e-06
3.52786e-06
4.517553e-06
5.580648e-06
6.630469e-06
7.595895e-06
8.460293e-06
9.258836e-06
1.004139e-05
1.083933e-05
1.164933e-05
1.245384e-05
1.32467e-05
1.403458e-05
1.481396e-05
1.556545e-05
1.626772e-05
1.689984e-05
1.746795e-05
1.800194e-05
1.853027e-05
1.906624e-05
1.960327e-05
2.012453e-05
2.06233e-05
2.110565e-05
2.157957e-05
2.204059e-05
2.246768e-05
2.28321e-05
2.311539e-05
2.332823e-05
2.351453e-05
2.371886e-05
2.39521e-05
2.419429e-05
2.441704e-05
2.460226e-05
2.47522e-05
2.48733e-05
2.497229e-05
2.505498e-05
2.512514e-05
2.517805e-05
2.520211e-05
2.519914e-05
2.518474e-05
2.516826e-05
2.514018e-05
2.508091e-05
2.497485e-05
2.481874e-05
2.462193e-05
2.440016e-05
2.416725e-05
2.393178e-05
2.369902e-05
2.34726e-05
2.325201e-05
2.302906e-05
2.279505e-05
2.25466e-05
2.228925e-05
2.202861e-05
2.176448e-05
2.149591e-05
2.122065e-05
2.09353e-05
2.06364e-05
2.032286e-05
1.999751e-05
1.96654e-05
1.932845e-05
1.898764e-05
1.864808e-05
1.831648e-05
1.799496e-05
1.768038e-05
1.736653e-05
1.704753e-05
1.672234e-05
1.639202e-05
1.605553e-05
1.571112e-05
1.53584e-05
1.499834e-05
1.463262e-05
1.426358e-05
1.38946e-05
1.352865e-05
1.316533e-05
1.280286e-05
1.244239e-05
1.208734e-05
1.174001e-05
1.140059e-05
1.10658e-05
1.073181e-05
1.039642e-05
1.005949e-05
9.722785e-06
9.39091e-06
9.070097e-06
8.764162e-06
8.471726e-06
8.189069e-06
7.912548e-06
7.639916e-06
7.370569e-06
7.105373e-06
6.84532e-06
6.591655e-06
6.345226e-06
6.105991e-06
5.873728e-06
5.648651e-06
5.430425e-06
5.218435e-06
5.012235e-06
4.811446e-06
4.614853e-06
4.421368e-06
4.231606e-06
4.047581e-06
3.871373e-06
3.70428e-06
3.546682e-06
3.398457e-06
3.258302e-06
3.124509e-06
2.996055e-06
2.872556e-06
2.753756e-06
2.639453e-06
2.528663e-06
2.420587e-06
2.315544e-06
2.214742e-06
2.119685e-06
2.031433e-06
1.949908e-06
1.874223e-06
1.802812e-06
1.733704e-06
1.665743e-06
1.598941e-06
1.533935e-06
1.471518e-06
1.411989e-06
1.355068e-06
1.30028e-06
1.247379e-06
1.196076e-06
1.146228e-06
1.097836e-06
1.05078e-06
1.004697e-06
9.592414e-07
9.143936e-07
8.701879e-07
8.26987e-07
7.850299e-07
7.440553e-07
7.035308e-07
6.630793e-07
6.224297e-07
5.815177e-07
5.405571e-07
4.99967e-07
4.600706e-07
4.2099e-07
3.826101e-07
3.446167e-07
3.066077e-07
2.684401e-07
2.30179e-07
1.919884e-07
1.539142e-07
1.159556e-07
7.805204e-08
4.015675e-08
2.244839e-09
-3.567746e-08
-7.36258e-08
-1.116141e-07
-1.496388e-07
-1.87624e-07
-2.254463e-07
-2.630488e-07
-3.004207e-07
-3.375537e-07
-3.744543e-07
-4.111349e-07
-4.476002e-07
-4.838487e-07
-5.198945e-07
-5.557249e-07
-5.913174e-07
-6.266182e-07
-6.615937e-07
-6.962286e-07
-7.305052e-07
-7.644084e-07
-7.97932e-07
-8.310461e-07
-8.637217e-07
-8.959251e-07
-9.276278e-07
-9.588052e-07
-9.8943e-07
-1.019478e-06
-1.048929e-06
-1.077767e-06
-1.105975e-06
-1.133542e-06
-1.160453e-06
-1.186698e-06
-1.212261e-06
-1.23713e-06
-1.261295e-06
-1.284745e-06
-1.307472e-06
-1.32947e-06
-1.350732e-06
-1.371253e-06
-1.391027e-06
-1.410051e-06
-1.42832e-06
-1.445831e-06
-1.462581e-06
-1.478567e-06
-1.493787e-06
-1.508237e-06
-1.521918e-06
