-0.0001208745
-0.0001209411
-0.0001210059
-0.0001210694
-0.0001211271
-0.000121185
-0.0001212381
-0.0001212924
-0.0001213487
-0.0001214073
-0.0001214645
-0.0001215193
-0.0001215629
-0.0001216004
-0.0001216344
-0.0001216692
-0.0001217047
-0.0001217453
-0.0001217878
-0.000121837
-0.0001218887
-0.0001219477
-0.0001220082
-0.0001220619
-0.0001220931
-0.0001220936
-0.0001220833
-0.000122085
-0.0001221085
-0.0001221556
-0.0001221974
-0.0001222222
-0.0001222224
-0.0001222068
-0.0001221917
-0.0001221927
-0.0001222123
-0.0001222364
-0.000122236
-0.000122214
-0.0001221998
-0.0001222168
-0.0001222638
-0.0001223097
-0.0001223201
-0.000122313
-0.0001223009
-0.0001223195
-0.0001223789
-0.0001224522
-0.0001224967
-0.0001225039
-0.0001224878
-0.00012247
-0.0001224774
-0.0001225408
-0.0001226618
-0.0001228071
-0.0001228998
-0.0001228495
-0.0001226462
-0.0001223512
-0.0001220336
-0.0001217579
-0.0001216054
-0.0001216254
-0.0001217979
-0.0001220264
-0.0001221862
-0.0001221801
-0.0001219951
-0.0001217271
-0.0001214815
-0.0001213088
-0.0001211926
-0.0001210769
-0.0001209221
-0.0001207397
-0.0001206063
-0.0001206273
-0.0001208528
-0.0001212327
-0.0001216337
-0.0001219172
-0.0001220391
-0.0001219719
-0.0001217126
-0.0001213303
-0.0001209407
-0.000120675
-0.0001205376
-0.0001204683
-0.0001203445
-0.0001200647
-0.0001196715
-0.000119272
-0.0001189805
-0.0001189279
-0.0001191826
-0.0001196285
-0.0001200411
-0.0001202413
-0.0001201232
-0.000119625
-0.000118809
-0.0001180429
-0.0001177632
-0.0001181338
-0.0001189912
-0.0001200019
-0.0001208158
-0.0001211929
-0.000121181
-0.0001209547
-0.0001205907
-0.0001200748
-0.0001194797
-0.0001189166
-0.0001184748
-0.0001181895
-0.0001179931
-0.0001178148
-0.00011761
-0.0001172819
-0.0001167292
-0.0001160356
-0.0001154328
-0.0001150301
-0.0001147995
-0.0001146103
-0.0001144751
-0.0001144313
-0.0001142991
-0.000113936
-0.0001134267
-0.0001130373
-0.0001129687
-0.0001132302
-0.000113799
-0.0001145846
-0.00011521
-0.0001152134
-0.0001145218
-0.0001135912
-0.0001129304
-0.0001126023
-0.0001122803
-0.000111767
-0.0001110742
-0.0001102956
-0.0001096172
-0.0001093838
-0.0001099235
-0.0001112936
-0.0001132379
-0.0001153006
-0.0001167887
-0.000117185
-0.000116552
-0.000115401
-0.0001142171
-0.0001132761
-0.0001127258
-0.0001125001
-0.0001123486
-0.0001120067
-0.0001113969
-0.0001105857
-0.000109704
-0.0001089552
-0.0001085077
-0.000108387
-0.0001085849
-0.0001090793
-0.0001097506
-0.0001105286
-0.000111247
-0.0001117793
-0.0001119413
-0.0001115163
-0.0001104241
-0.0001087793
-0.0001070419
-0.0001058776
-0.0001056137
-0.0001060893
-0.0001068353
-0.000107282
-0.0001071526
-0.0001065675
-0.0001059074
-0.0001053294
-0.0001046821
-0.0001039551
-0.0001035969
-0.0001041865
-0.000105893
-0.0001084531
-0.0001115867
-0.0001150463
-0.000118283
-0.0001202952
-0.0001201811
-0.0001177191
-0.0001134098
-0.0001084758
-0.0001042147
-0.0001015734
-0.000101052
-0.000102334
-0.0001043468
-0.0001060864
-0.0001073347
-0.0001083819
-0.0001092211
-0.0001094708
-0.0001090667
-0.0001081413
-0.000106969
-0.0001058268
-0.000105035
-0.0001045697
-0.000103991
-0.0001028108
-0.0001007063
-9.793168e-05
-9.536225e-05
-9.391608e-05
-9.391194e-05
-9.502406e-05
-9.658242e-05
-9.79247e-05
-9.889868e-05
-9.91958e-05
-9.8222e-05
-9.609562e-05
-9.370617e-05
-9.180454e-05
-9.101788e-05
-9.162425e-05
-9.338962e-05
-9.552419e-05
-9.697707e-05
-9.682386e-05
-9.463395e-05
-9.101348e-05
-8.73681e-05
-8.504746e-05
-8.482026e-05
-8.631671e-05
-8.854501e-05
-9.058253e-05
-9.139945e-05
-9.059371e-05
-8.85396e-05
-8.617001e-05
-8.476906e-05
-8.544298e-05
-8.839398e-05
-9.259384e-05
-9.641007e-05
-9.876003e-05
-9.905202e-05
-9.738523e-05
-9.448782e-05
-9.095229e-05
-8.743195e-05
-8.409979e-05
-8.082748e-05
-7.757754e-05
-7.467178e-05
-7.329213e-05
-7.45068e-05
-7.828923e-05
-8.358586e-05
-8.874767e-05
-9.234526e-05
-9.390086e-05
-9.387542e-05
-9.308566e-05
-9.185588e-05
-8.994365e-05
-8.708298e-05
-8.344854e-05
-8.022201e-05
-7.866283e-05
-7.899536e-05
-8.061838e-05
-8.302082e-05
-8.554136e-05
-8.709091e-05
-8.707061e-05
-8.563715e-05
-8.33299e-05
-8.100155e-05
-7.9324e-05
-7.831868e-05
-7.741294e-05
-7.639642e-05
-7.552582e-05
-7.530128e-05
-7.626568e-05
-7.854623e-05
-8.154454e-05
-8.452561e-05
-8.648366e-05
-8.624999e-05
-8.331722e-05
-7.847503e-05
-7.354547e-05
-6.9589e-05
-6.621709e-05
-6.26554e-05
-5.952781e-05
-5.871385e-05
-6.12711e-05
-6.65771e-05
-7.219239e-05
-7.570711e-05
-7.701117e-05
-7.716942e-05
-7.677445e-05
-7.530428e-05
-7.221426e-05
-6.834815e-05
-6.521754e-05
-6.419349e-05
-6.568124e-05
-6.85613e-05
-7.1579e-05
-7.374741e-05
-7.445399e-05
-7.381678e-05
-7.214887e-05
-6.990578e-05
-6.795681e-05
-6.731833e-05
-6.865211e-05
-7.118127e-05
-7.269565e-05
-7.09177e-05
-6.581373e-05
-5.887871e-05
-5.207472e-05
-4.703257e-05
-4.419509e-05
-4.361679e-05
-4.536984e-05
-4.956283e-05
-5.557661e-05
-6.120341e-05
-6.335006e-05
-6.038347e-05
-5.257527e-05
-4.263048e-05
-3.406147e-05
-2.979137e-05
-3.143147e-05
-3.833174e-05
-4.781579e-05
-5.702369e-05
-6.496053e-05
-7.218874e-05
-7.838621e-05
-8.116286e-05
-7.880822e-05
-7.20776e-05
-6.383301e-05
-5.70861e-05
-5.269967e-05
-5.00063e-05
-4.886308e-05
-4.904776e-05
-5.052581e-05
-5.370715e-05
-5.77963e-05
-6.071745e-05
-6.077491e-05
-5.759597e-05
-5.28479e-05
-4.85453e-05
-4.583407e-05
-4.544445e-05
-4.70634e-05
-4.938547e-05
-5.106484e-05
-5.244781e-05
-5.430724e-05
-5.650117e-05
-5.871653e-05
-6.02676e-05
-6.0574e-05
-6.048769e-05
-6.098043e-05
-6.1075e-05
-5.875753e-05
-5.378497e-05
-4.906383e-05
-4.76304e-05
-4.986995e-05
-5.351856e-05
-5.676221e-05
-6.068159e-05
-6.592012e-05
-7.129995e-05
-7.487973e-05
-7.49436e-05
-7.089775e-05
-6.327779e-05
-5.35922e-05
-4.33071e-05
-3.356226e-05
-2.534417e-05
-2.041119e-05
-1.92567e-05
-2.143634e-05
-2.71253e-05
-3.52739e-05
-4.284335e-05
-4.71824e-05
-4.701858e-05
-4.310633e-05
-3.781622e-05
-3.312113e-05
-2.938358e-05
-2.66537e-05
-2.599742e-05
-2.836649e-05
-3.288049e-05
-3.729481e-05
-4.002336e-05
-4.062286e-05
-3.980991e-05
-3.844867e-05
-3.710121e-05
-3.601831e-05
-3.404186e-05
-3.025167e-05
-2.602477e-05
-2.320211e-05
-2.148785e-05
-1.912874e-05
-1.698364e-05
-1.786341e-05
-2.286375e-05
-3.138756e-05
-4.119314e-05
-4.843301e-05
-5.001427e-05
-4.551448e-05
-3.709517e-05
-2.774774e-05
-2.214801e-05
-2.44879e-05
-3.409367e-05
-4.651696e-05
-5.749655e-05
-6.343247e-05
-6.076445e-05
-4.877638e-05
-3.155354e-05
-1.473463e-05
-4.284303e-06
-3.090473e-06
-9.188102e-06
-1.839335e-05
-2.639279e-05
-3.011176e-05
-2.913845e-05
-2.448126e-05
-1.673244e-05
-8.340398e-06
-2.970882e-06
-3.002305e-06
-8.195738e-06
-1.731885e-05
-2.827081e-05
-3.887567e-05
-4.649526e-05
-4.845265e-05
-4.416317e-05
-3.449415e-05
-2.118829e-05
-7.876954e-06
1.53678e-06
4.732614e-06
2.284529e-06
-2.883045e-06
-7.689039e-06
-1.063668e-05
-1.209733e-05
-1.279013e-05
-1.35171e-05
-1.376404e-05
-1.211368e-05
-8.343499e-06
-5.024158e-06
-4.297546e-06
-4.844504e-06
-4.316731e-06
-2.023787e-06
1.845897e-06
6.355911e-06
8.920837e-06
8.443553e-06
5.77205e-06
3.215147e-06
3.543725e-06
8.135643e-06
1.43143e-05
1.811872e-05
1.850368e-05
1.676447e-05
1.422979e-05
1.172676e-05
1.022961e-05
9.970663e-06
1.006432e-05
9.016862e-06
6.507467e-06
4.635253e-06
5.116479e-06
8.809506e-06
1.596691e-05
2.418106e-05
2.90307e-05
2.685498e-05
1.809033e-05
6.650621e-06
-2.218537e-06
-4.037546e-06
1.485607e-06
1.103783e-05
1.960716e-05
2.442011e-05
2.603752e-05
2.469136e-05
2.021532e-05
1.361443e-05
7.031088e-06
3.323126e-06
4.086695e-06
1.018715e-05
2.163592e-05
3.48978e-05
4.617627e-05
5.582833e-05
6.494039e-05
7.12061e-05
7.172056e-05
6.693703e-05
5.913076e-05
4.909486e-05
3.677094e-05
2.295923e-05
1.025679e-05
1.630173e-06
-2.542619e-06
-2.076511e-06
4.812138e-06
1.906113e-05
3.919396e-05
6.077883e-05
7.850421e-05
8.756708e-05
8.463669e-05
6.999786e-05
4.788239e-05
2.544561e-05
1.094081e-05
8.751147e-06
1.775155e-05
3.353996e-05
5.014641e-05
6.226169e-05
6.746918e-05
6.492126e-05
5.594599e-05
4.455484e-05
3.485388e-05
3.002187e-05
3.036121e-05
3.287371e-05
3.433791e-05
3.289627e-05
2.899217e-05
2.440138e-05
2.110667e-05
2.034218e-05
2.215509e-05
2.729662e-05
3.585671e-05
4.589641e-05
5.513465e-05
6.131576e-05
6.254093e-05
5.728392e-05
4.589692e-05
3.180316e-05
2.052147e-05
1.704505e-05
2.213351e-05
3.039737e-05
3.650286e-05
3.934461e-05
4.062749e-05
4.127263e-05
4.157423e-05
4.195461e-05
4.1652e-05
4.031625e-05
3.810819e-05
3.585973e-05
3.590969e-05
3.916104e-05
4.365655e-05
4.889977e-05
5.579335e-05
6.467641e-05
7.317024e-05
7.753649e-05
7.465622e-05
6.504622e-05
5.274529e-05
4.317084e-05
3.969337e-05
4.166502e-05
4.68527e-05
5.469635e-05
6.540705e-05
7.716476e-05
8.697922e-05
9.193256e-05
9.14117e-05
8.664324e-05
7.947288e-05
7.193283e-05
6.527097e-05
5.856085e-05
4.977319e-05
3.898393e-05
2.850261e-05
2.026402e-05
1.617067e-05
1.846759e-05
2.755775e-05
3.871512e-05
4.478842e-05
4.154894e-05
2.943209e-05
1.326508e-05
-7.056979e-07
-7.089317e-06
-4.244175e-06
6.050098e-06
2.003241e-05
3.406468e-05
4.684215e-05
5.649802e-05
6.019513e-05
5.722252e-05
5.02268e-05
4.496934e-05
4.468045e-05
4.713369e-05
4.735612e-05
4.395963e-05
4.086386e-05
4.084055e-05
4.288844e-05
4.712364e-05
5.474112e-05
6.420822e-05
7.359651e-05
8.174735e-05
8.896831e-05
9.607617e-05
0.0001015858
0.0001024659
9.782227e-05
8.902293e-05
7.829163e-05
6.764783e-05
6.020589e-05
5.920603e-05
6.523913e-05
7.657149e-05
8.863041e-05
9.683438e-05
9.873725e-05
9.331502e-05
8.0156e-05
6.112839e-05
4.157973e-05
2.762547e-05
2.147716e-05
2.240825e-05
2.809119e-05
3.590668e-05
4.321196e-05
4.930655e-05
5.513715e-05
5.897769e-05
5.804295e-05
5.170918e-05
4.325829e-05
3.811173e-05
4.079206e-05
5.159536e-05
6.629354e-05
7.894777e-05
8.545714e-05
8.562162e-05
8.02481e-05
7.222773e-05
6.659378e-05
6.666854e-05
7.222221e-05
8.180443e-05
9.331681e-05
0.0001042828
0.0001106031
0.0001079845
9.548536e-05
7.570566e-05
5.573633e-05
4.389794e-05
4.645382e-05
6.433141e-05
8.94975e-05
0.0001095222
0.0001170173
0.0001125625
0.0001016943
9.100106e-05
8.358476e-05
7.790029e-05
7.321729e-05
7.184185e-05
7.469689e-05
8.075673e-05
8.956743e-05
0.0001029867
0.0001197396
0.0001325107
0.0001364222
0.0001335273
0.000128654
0.0001251265
0.000123385
0.0001233618
0.0001236406
0.0001202722
0.0001104361
9.603923e-05
8.271284e-05
7.691484e-05
8.067835e-05
8.905735e-05
9.682596e-05
0.0001026397
0.0001050601
0.0001021387
9.632018e-05
9.104559e-05
8.74484e-05
8.512041e-05
8.382322e-05
8.292983e-05
8.189844e-05
8.179625e-05
8.387746e-05
8.908717e-05
9.842079e-05
0.0001106925
0.0001212548
0.0001243673
0.0001177662
0.0001030832
8.487097e-05
6.897942e-05
5.817601e-05
5.03336e-05
4.481018e-05
4.431395e-05
5.03086e-05
6.061577e-05
7.126381e-05
8.030662e-05
8.725724e-05
9.144166e-05
9.158179e-05
8.681461e-05
7.914135e-05
7.222788e-05
6.752601e-05
6.471699e-05
6.396525e-05
6.641843e-05
7.069916e-05
7.382572e-05
7.539024e-05
7.391474e-05
6.726864e-05
5.703378e-05
4.519467e-05
3.358294e-05
2.73848e-05
3.124959e-05
4.377581e-05
6.122052e-05
8.050809e-05
9.816223e-05
0.0001097803
0.0001134732
0.0001122368
0.00011186
0.0001150727
0.0001210472
0.000126133
0.0001262547
0.0001194186
0.0001074679
9.707629e-05
9.405902e-05
9.735486e-05
0.0001023494
0.0001047538
0.0001033881
9.797351e-05
8.754395e-05
7.299709e-05
5.921769e-05
5.087835e-05
5.038596e-05
5.726557e-05
6.959249e-05
8.422813e-05
9.661927e-05
0.0001037536
0.000104833
0.0001021973
0.0001001965
0.0001015458
0.0001056345
0.0001096791
0.0001118984
0.000112844
0.0001142281
0.0001167957
0.0001209376
0.000126043
0.000128367
0.0001229814
0.0001097676
9.319155e-05
7.800508e-05
6.945005e-05
6.873623e-05
7.164966e-05
7.405985e-05
7.489904e-05
7.240906e-05
6.647495e-05
5.851821e-05
5.040272e-05
4.678688e-05
5.254761e-05
6.727683e-05
8.446698e-05
9.745693e-05
0.0001022234
9.917845e-05
9.24839e-05
8.639406e-05
8.328132e-05
8.330578e-05
8.572013e-05
9.047009e-05
9.680155e-05
0.0001022581
0.0001040221
0.0001016364
9.711939e-05
9.230496e-05
8.859392e-05
8.811928e-05
9.292564e-05
0.0001035998
0.0001162997
0.0001255493
0.0001303944
0.0001330867
0.0001339897
0.0001329358
0.0001294134
0.0001244928
0.0001195626
0.0001141392
0.0001078231
0.0001018103
9.823946e-05
9.844373e-05
0.0001028056
0.0001083601
0.0001093121
0.0001034224
9.336468e-05
8.425235e-05
7.995915e-05
8.034778e-05
8.123637e-05
7.852907e-05
6.963125e-05
5.490344e-05
3.945308e-05
3.012049e-05
3.020307e-05
3.773431e-05
4.966813e-05
6.423497e-05
7.965319e-05
9.221619e-05
9.836597e-05
9.795035e-05
9.369322e-05
8.80053e-05
8.156388e-05
7.452201e-05
6.840639e-05
6.427337e-05
6.170087e-05
6.178322e-05
6.646731e-05
7.660449e-05
8.978492e-05
9.815631e-05
9.161859e-05
6.76889e-05
3.764194e-05
1.982676e-05
2.598485e-05
5.245851e-05
8.593439e-05
0.0001136014
0.0001307843
0.0001409644
0.0001483855
0.0001517206
0.0001472064
0.0001340819
0.0001157734
9.782867e-05
8.562056e-05
8.179585e-05
8.633534e-05
9.804523e-05
0.0001132622
0.0001260383
0.0001309861
0.0001249828
0.0001080141
8.368698e-05
5.936761e-05
4.364746e-05
4.165093e-05
5.296037e-05
7.054561e-05
8.615904e-05
9.605323e-05
0.0001011008
0.0001040717
0.0001079489
0.0001130429
0.0001165573
0.0001162399
0.0001121905
0.0001036431
8.89679e-05
7.01437e-05
5.44828e-05
4.823676e-05
5.107787e-05
5.902624e-05
6.756285e-05
7.282995e-05
7.308725e-05
6.904086e-05
6.108835e-05
5.069375e-05
4.25317e-05
4.059254e-05
4.40858e-05
5.038443e-05
5.770761e-05
6.537609e-05
7.331277e-05
8.037218e-05
8.386734e-05
8.342395e-05
8.250775e-05
8.441686e-05
8.663117e-05
8.522687e-05
8.167668e-05
8.207439e-05
9.13392e-05
0.0001063127
0.0001194196
0.0001246887
0.0001186869
0.0001031476
8.449175e-05
7.086668e-05
6.837697e-05
7.801697e-05
9.52066e-05
0.0001132936
0.0001261176
0.0001311057
0.0001277769
0.0001160412
9.885587e-05
8.07773e-05
6.490352e-05
5.259293e-05
4.544577e-05
4.705285e-05
5.989583e-05
8.011198e-05
9.82681e-05
0.0001078213
0.0001074716
9.888095e-05
8.448547e-05
6.734575e-05
5.008391e-05
3.460298e-05
2.301565e-05
1.728207e-05
1.741876e-05
2.10733e-05
2.543975e-05
2.998791e-05
3.616133e-05
4.328387e-05
4.872538e-05
5.30402e-05
5.740726e-05
6.135068e-05
6.301009e-05
6.121853e-05
5.542624e-05
4.782959e-05
4.27081e-05
4.428395e-05
5.355163e-05
6.515606e-05
7.205888e-05
7.035299e-05
5.928897e-05
4.180373e-05
2.544153e-05
1.785456e-05
2.115834e-05
3.3053e-05
5.06437e-05
7.076945e-05
8.945067e-05
0.0001040712
0.0001132774
0.0001175527
0.0001190343
0.00012029
0.0001223666
0.0001240231
0.0001245508
0.0001235664
0.0001195746
0.0001110961
0.0001009872
9.180467e-05
8.105168e-05
6.771707e-05
5.339499e-05
3.975777e-05
3.058596e-05
2.996075e-05
3.831961e-05
5.129307e-05
6.238682e-05
6.787646e-05
6.778678e-05
6.550345e-05
6.398033e-05
6.249489e-05
5.844538e-05
5.058612e-05
4.209285e-05
3.818531e-05
3.931487e-05
4.251413e-05
4.663373e-05
5.205265e-05
5.741697e-05
5.730131e-05
4.895855e-05
3.796912e-05
3.010104e-05
2.610049e-05
2.526052e-05
2.799613e-05
3.498379e-05
4.518445e-05
5.497428e-05
5.813487e-05
5.224938e-05
4.142697e-05
3.314491e-05
3.430837e-05
4.616283e-05
6.35948e-05
8.16684e-05
9.792924e-05
0.0001097566
0.0001146817
0.0001133473
0.0001075071
9.661558e-05
7.965607e-05
6.017153e-05
4.546593e-05
4.245289e-05
5.41254e-05
7.629397e-05
9.834942e-05
0.0001096518
0.0001072006
9.674247e-05
8.745152e-05
8.523577e-05
9.079592e-05
0.0001041253
0.0001229224
0.0001392956
0.0001455397
0.0001409271
0.00013026
0.0001191583
0.0001107676
0.0001050661
0.0001020822
0.000101159
9.938605e-05
9.391441e-05
8.401156e-05
7.094971e-05
5.692818e-05
4.473038e-05
3.544488e-05
3.036358e-05
3.244103e-05
4.219626e-05
5.63097e-05
7.009569e-05
7.917014e-05
8.186859e-05
8.147029e-05
8.20795e-05
8.520376e-05
8.991962e-05
9.510018e-05
9.955374e-05
0.0001008571
9.712256e-05
8.845872e-05
7.645059e-05
6.307314e-05
5.132526e-05
4.401264e-05
4.275757e-05
4.711437e-05
5.36837e-05
5.926171e-05
6.367132e-05
6.87513e-05
7.636684e-05
8.437957e-05
8.788653e-05
8.26636e-05
6.728202e-05
4.589256e-05
2.555016e-05
1.337371e-05
1.360578e-05
2.361655e-05
3.631809e-05
4.52666e-05
4.812937e-05
4.791533e-05
4.985184e-05
5.629715e-05
6.316136e-05
6.532317e-05
6.325598e-05
5.982062e-05
5.482649e-05
4.822917e-05
4.213711e-05
4.097479e-05
4.718245e-05
5.699707e-05
6.484972e-05
6.872273e-05
7.039704e-05
7.220089e-05
7.489155e-05
7.804885e-05
8.131336e-05
8.405264e-05
8.575982e-05
8.578429e-05
8.476706e-05
8.516733e-05
8.924351e-05
9.507168e-05
9.665445e-05
9.132863e-05
8.161529e-05
7.058807e-05
5.982288e-05
5.146824e-05
5.078228e-05
6.050059e-05
7.633552e-05
9.139563e-05
9.9808e-05
9.950268e-05
9.081605e-05
7.759924e-05
6.752649e-05
6.603015e-05
7.220023e-05
8.236634e-05
9.454302e-05
0.0001068802
0.0001175173
0.0001247861
0.0001267244
0.0001212224
0.0001076244
8.886087e-05
7.037947e-05
5.792757e-05
5.474554e-05
6.047602e-05
7.166635e-05
8.357715e-05
9.310033e-05
9.886211e-05
9.95795e-05
9.527158e-05
8.808796e-05
8.193684e-05
8.074009e-05
8.618361e-05
9.819319e-05
0.0001142017
0.0001268744
0.0001265944
0.0001087147
7.89879e-05
5.168898e-05
3.628919e-05
3.363822e-05
4.009467e-05
5.127243e-05
6.388381e-05
7.439637e-05
8.15952e-05
8.673447e-05
9.099056e-05
9.469605e-05
9.643803e-05
9.472662e-05
8.951701e-05
8.25879e-05
7.658805e-05
7.351977e-05
7.570638e-05
8.572805e-05
0.0001030055
0.0001195229
0.0001235023
0.0001087118
7.880406e-05
4.304791e-05
1.128228e-05
-7.914039e-06
-9.674217e-06
3.02245e-06
2.169917e-05
4.087722e-05
5.84387e-05
7.080713e-05
7.509996e-05
7.034553e-05
5.792575e-05
4.122123e-05
2.571792e-05
1.635431e-05
1.424652e-05
1.823965e-05
2.894954e-05
4.61427e-05
6.461406e-05
7.807868e-05
8.415691e-05
8.60111e-05
9.065739e-05
0.0001015
0.0001151588
0.0001262553
0.0001291529
0.0001194547
9.772556e-05
6.945706e-05
4.320493e-05
2.943155e-05
3.064915e-05
3.907806e-05
4.57979e-05
4.804832e-05
4.820507e-05
5.069603e-05
5.646511e-05
6.213583e-05
6.431345e-05
6.132775e-05
5.528364e-05
5.229326e-05
5.857222e-05
7.376242e-05
8.969461e-05
9.658321e-05
9.195881e-05
8.315711e-05
7.939537e-05
8.256749e-05
8.755291e-05
8.968341e-05
8.716241e-05
8.175742e-05
7.830915e-05
7.952029e-05
8.241545e-05
8.007535e-05
6.984055e-05
5.647742e-05
4.720414e-05
4.541268e-05
4.941441e-05
5.397417e-05
5.574129e-05
5.602192e-05
5.89615e-05
6.582501e-05
7.247021e-05
7.615875e-05
7.672101e-05
7.438613e-05
7.071918e-05
6.807609e-05
6.695263e-05
6.603885e-05
6.421423e-05
6.095003e-05
5.80044e-05
5.890152e-05
6.545153e-05
7.582754e-05
8.46238e-05
8.595751e-05
7.847069e-05
6.536409e-05
5.193015e-05
4.21945e-05
3.752421e-05
3.684674e-05
3.749556e-05
3.562906e-05
2.834147e-05
1.859581e-05
1.202501e-05
1.142407e-05
1.518153e-05
1.967722e-05
2.373627e-05
2.665408e-05
2.583248e-05
2.19223e-05
1.941931e-05
2.019827e-05
2.185654e-05
2.325132e-05
2.636848e-05
3.398549e-05
4.446968e-05
5.321599e-05
5.640143e-05
5.400074e-05
5.027685e-05
4.936122e-05
4.935011e-05
4.569539e-05
3.72373e-05
2.731367e-05
2.113741e-05
2.262431e-05
3.200292e-05
4.666462e-05
6.216802e-05
7.268237e-05
7.290171e-05
6.145787e-05
4.254156e-05
2.451212e-05
1.610174e-05
2.26177e-05
4.239013e-05
6.700585e-05
8.685189e-05
9.69754e-05
9.600142e-05
8.439253e-05
6.580214e-05
4.5907e-05
3.162044e-05
2.567434e-05
2.606436e-05
3.086444e-05
3.866937e-05
4.789688e-05
5.641117e-05
6.212761e-05
6.331949e-05
5.736567e-05
4.513266e-05
3.325449e-05
2.829957e-05
3.137319e-05
3.897634e-05
4.839795e-05
5.82293e-05
6.554699e-05
6.757361e-05
6.260264e-05
5.177532e-05
3.90784e-05
2.859684e-05
2.312053e-05
2.317724e-05
2.722806e-05
3.47833e-05
4.590576e-05
5.867297e-05
6.856805e-05
7.188042e-05
6.883688e-05
6.683576e-05
7.332924e-05
8.736424e-05
0.0001027759
0.0001121515
0.0001088872
9.174942e-05
6.826275e-05
4.720132e-05
3.325213e-05
2.595376e-05
2.088423e-05
1.54635e-05
9.558421e-06
1.542062e-06
-8.336199e-06
-1.62053e-05
-1.959584e-05
-1.660275e-05
-4.052984e-06
1.72021e-05
4.176867e-05
6.210763e-05
7.18511e-05
7.160229e-05
6.585264e-05
5.973552e-05
5.616998e-05
5.528466e-05
5.612948e-05
5.626958e-05
5.381887e-05
5.133471e-05
5.195965e-05
5.367852e-05
5.356589e-05
5.050369e-05
4.460196e-05
3.768428e-05
3.240672e-05
3.027034e-05
2.78751e-05
2.119594e-05
1.153838e-05
5.712272e-06
1.080019e-05
2.746158e-05
4.702804e-05
5.834342e-05
5.812698e-05
4.89414e-05
3.38699e-05
1.741077e-05
4.627793e-06
-2.694721e-07
3.712713e-06
1.197577e-05
1.832473e-05
1.865285e-05
1.2344e-05
3.34293e-06
-7.427739e-07
4.824132e-06
1.829753e-05
3.583581e-05
5.420563e-05
6.915858e-05
7.798277e-05
8.023871e-05
7.705994e-05
7.29591e-05
7.322579e-05
7.932688e-05
9.001749e-05
0.0001033254
0.0001132817
0.0001165108
0.0001149088
0.0001118859
0.0001078059
0.0001012343
9.310031e-05
8.696944e-05
8.614667e-05
9.07455e-05
9.633202e-05
9.650925e-05
8.762638e-05
7.168987e-05
5.191523e-05
3.190134e-05
1.894566e-05
1.889735e-05
2.83959e-05
3.985111e-05
4.849671e-05
5.342028e-05
5.510258e-05
5.455958e-05
5.474625e-05
5.931843e-05
6.89375e-05
8.036927e-05
8.818064e-05
8.663107e-05
7.476094e-05
5.768383e-05
4.1627e-05
2.876795e-05
1.912236e-05
1.47716e-05
1.83723e-05
2.798776e-05
3.996935e-05
5.250103e-05
6.492895e-05
7.708044e-05
8.761047e-05
9.44984e-05
9.575403e-05
8.972686e-05
7.669396e-05
6.052724e-05
4.621479e-05
3.634092e-05
3.120999e-05
3.073292e-05
3.347961e-05
3.609572e-05
3.333678e-05
2.046434e-05
-3.232244e-07
-2.182396e-05
-4.0058e-05
-5.316235e-05
-5.657921e-05
-4.876685e-05
-3.253001e-05
-1.333248e-05
4.034892e-06
1.639493e-05
2.396973e-05
3.035393e-05
3.789471e-05
4.661279e-05
5.534551e-05
6.293627e-05
6.79207e-05
7.04897e-05
7.301844e-05
7.463498e-05
7.091e-05
6.028329e-05
4.325697e-05
2.186384e-05
-1.768246e-08
-1.685575e-05
-2.427986e-05
-2.087328e-05
-1.052882e-05
8.946949e-07
1.031272e-05
1.611007e-05
1.825941e-05
1.925709e-05
2.236913e-05
2.741763e-05
3.338859e-05
3.902611e-05
4.293951e-05
4.483258e-05
4.405595e-05
3.969305e-05
3.295291e-05
2.606171e-05
1.862306e-05
8.75275e-06
-3.680166e-06
-1.559436e-05
-2.336955e-05
-2.467692e-05
-2.04249e-05
-1.192797e-05
-7.795879e-07
9.319167e-06
1.5755e-05
1.636207e-05
1.103427e-05
2.926817e-06
-3.965758e-06
-5.941423e-06
-3.337428e-06
6.564871e-07
2.617362e-06
2.421508e-06
1.842383e-06
8.756183e-07
-1.404696e-06
-3.130851e-06
-2.154085e-06
8.6536e-07
5.416546e-06
1.055894e-05
1.549009e-05
2.046155e-05
2.643399e-05
3.51821e-05
4.841736e-05
6.474905e-05
8.13578e-05
9.45307e-05
9.936403e-05
9.385337e-05
8.003432e-05
6.153686e-05
4.214546e-05
2.41006e-05
5.760159e-06
-1.383423e-05
-3.115379e-05
-4.182984e-05
-4.101738e-05
-2.85216e-05
-1.085405e-05
3.253973e-06
8.721489e-06
7.144015e-06
4.167932e-06
5.307918e-06
1.159442e-05
1.916882e-05
2.276698e-05
2.02213e-05
1.560209e-05
1.442029e-05
1.791194e-05
2.350027e-05
2.909078e-05
3.421892e-05
4.014408e-05
4.749712e-05
5.461333e-05
5.852754e-05
5.860993e-05
5.774353e-05
5.852214e-05
6.080129e-05
6.09293e-05
5.674709e-05
4.827597e-05
3.618189e-05
2.347762e-05
1.532817e-05
1.578952e-05
2.488953e-05
3.644334e-05
4.241902e-05
4.088919e-05
3.357939e-05
2.271616e-05
1.230527e-05
8.110012e-06
1.151965e-05
2.01401e-05
3.045529e-05
4.043494e-05
5.179807e-05
6.491834e-05
7.554418e-05
7.950317e-05
7.664663e-05
6.962414e-05
6.235008e-05
5.907927e-05
6.338682e-05
7.611797e-05
9.333652e-05
0.0001072731
0.0001096394
9.945523e-05
8.421433e-05
7.346575e-05
7.339146e-05
8.379097e-05
9.943982e-05
0.000113024
0.0001187007
0.000113073
9.468207e-05
6.619532e-05
3.485572e-05
9.029958e-06
-6.228687e-06
-1.09482e-05
-6.815357e-06
4.296407e-06
1.706815e-05
2.626859e-05
3.132003e-05
3.548597e-05
4.087122e-05
4.568301e-05
4.695608e-05
4.230167e-05
3.325931e-05
2.717048e-05
3.10086e-05
4.358383e-05
5.798009e-05
6.727562e-05
6.727009e-05
5.838192e-05
4.577051e-05
3.558007e-05
3.294839e-05
3.960208e-05
5.266872e-05
6.703398e-05
7.875997e-05
8.400225e-05
8.155817e-05
7.522447e-05
6.881856e-05
6.464e-05
6.391127e-05
6.59826e-05
6.847464e-05
7.056678e-05
7.265684e-05
7.49903e-05
7.631123e-05
7.439876e-05
6.868854e-05
5.753972e-05
4.144217e-05
2.426939e-05
1.146451e-05
6.400233e-06
8.87007e-06
1.728201e-05
2.85008e-05
4.000196e-05
5.034399e-05
5.900777e-05
6.604864e-05
7.261188e-05
7.815628e-05
8.031691e-05
7.699784e-05
6.748043e-05
5.153823e-05
3.190366e-05
1.257345e-05
-4.188692e-06
-1.543819e-05
-1.767362e-05
-9.839257e-06
4.673443e-06
2.191711e-05
3.709703e-05
4.282423e-05
3.455923e-05
1.637448e-05
-2.90277e-06
-1.591976e-05
-2.297904e-05
-2.698187e-05
-2.77256e-05
-2.460717e-05
-2.110405e-05
-2.19686e-05
-2.84433e-05
-4.013501e-05
-5.547833e-05
-7.026925e-05
-7.925583e-05
-7.882571e-05
-6.984084e-05
-5.741755e-05
-4.743593e-05
-4.419478e-05
-4.7689e-05
-5.239542e-05
-5.222824e-05
-4.391173e-05
-3.110935e-05
-2.094914e-05
-1.725131e-05
-1.840625e-05
-2.149385e-05
-2.417114e-05
-2.32433e-05
-1.556826e-05
-1.317085e-06
1.624409e-05
3.331495e-05
4.499691e-05
4.833235e-05
4.420549e-05
3.597859e-05
2.736392e-05
2.281453e-05
2.558403e-05
3.36053e-05
4.134646e-05
4.437186e-05
4.069345e-05
3.104947e-05
2.037762e-05
1.412888e-05
1.517602e-05
2.305013e-05
3.399793e-05
4.199482e-05
4.212025e-05
3.526747e-05
2.724691e-05
2.421308e-05
2.722801e-05
3.312617e-05
3.685252e-05
3.264071e-05
1.990747e-05
4.38825e-06
-5.83562e-06
-6.610499e-06
4.578597e-07
1.163868e-05
2.314466e-05
3.006946e-05
2.870746e-05
1.785644e-05
-1.680421e-07
-1.986483e-05
-3.380379e-05
-3.72774e-05
-3.08439e-05
-1.97085e-05
-1.111649e-05
-9.220664e-06
-1.272482e-05
-1.712488e-05
-1.499507e-05
-1.892675e-06
1.715378e-05
3.320328e-05
4.114385e-05
4.18315e-05
3.848714e-05
3.441837e-05
3.050844e-05
2.436771e-05
1.287548e-05
-2.949747e-06
-1.628266e-05
-2.212789e-05
-2.383839e-05
-2.779277e-05
-3.781214e-05
-5.313535e-05
-6.873514e-05
-7.91888e-05
-8.090373e-05
-7.215345e-05
-5.638672e-05
-3.995567e-05
-2.815484e-05
-2.229909e-05
-1.941133e-05
-1.579521e-05
-1.109376e-05
-5.324801e-06
3.753848e-06
1.716695e-05
3.065983e-05
3.714674e-05
3.488381e-05
2.858876e-05
2.27588e-05
1.821493e-05
1.49034e-05
1.325269e-05
1.575374e-05
2.522556e-05
4.006502e-05
5.53277e-05
6.646776e-05
7.185778e-05
7.369473e-05
7.536552e-05
7.824208e-05
8.156593e-05
8.557383e-05
8.961949e-05
9.461902e-05
0.0001034685
0.0001149175
0.000124514
0.0001294673
0.0001286919
0.0001219358
0.000109853
9.450164e-05
8.041409e-05
7.416231e-05
7.749799e-05
8.280268e-05
7.922663e-05
6.169588e-05
3.548288e-05
1.237603e-05
9.327672e-07
1.445194e-06
1.026552e-05
2.260753e-05
3.30639e-05
3.569202e-05
2.780426e-05
9.843522e-06
-1.493601e-05
-4.172433e-05
-6.595064e-05
-8.503283e-05
-9.855406e-05
-0.0001085878
-0.000120247
-0.000135642
-0.0001520247
-0.0001676216
-0.0001821472
-0.0001954996
-0.0002030626
-0.0001995911
-0.000188268
-0.0001764821
-0.0001668509
-0.0001583745
-0.0001519998
-0.0001499331
-0.000151554
-0.0001526103
-0.0001509191
-0.0001491656
-0.0001503769
-0.0001545605
-0.0001580882
-0.000154725
-0.0001396103
-0.0001140848
-8.410007e-05
-5.815141e-05
-4.363429e-05
-4.14666e-05
-4.837326e-05
-5.915426e-05
-6.755408e-05
-6.985522e-05
-6.384206e-05
-4.794314e-05
-2.353838e-05
5.905015e-06
3.621735e-05
6.337549e-05
8.016512e-05
8.085392e-05
6.555872e-05
4.289142e-05
2.583956e-05
2.256608e-05
3.18408e-05
4.699369e-05
6.162935e-05
7.054126e-05
7.307309e-05
7.318427e-05
7.528832e-05
8.048342e-05
8.55711e-05
8.735335e-05
8.537607e-05
8.121354e-05
7.659449e-05
7.31211e-05
7.057969e-05
6.551826e-05
5.349437e-05
3.498054e-05
1.470182e-05
-2.188376e-06
-1.288966e-05
-1.519667e-05
-7.876722e-06
6.370336e-06
2.05495e-05
2.972065e-05
3.194395e-05
2.852121e-05
2.311839e-05
1.913847e-05
1.909334e-05
2.261225e-05
2.662243e-05
2.752813e-05
2.209956e-05
9.99931e-06
-5.595553e-06
-2.029541e-05
-2.981832e-05
-3.071238e-05
-2.20705e-05
-8.302339e-06
2.25413e-06
1.586096e-06
-1.654244e-05
-5.174589e-05
-9.580908e-05
-0.0001381014
-0.0001699692
-0.0001864714
-0.000188329
-0.0001812026
-0.0001690825
-0.0001524045
-0.0001331774
-0.0001163944
-0.0001098009
-0.0001167689
-0.0001324355
-0.0001482943
-0.0001569033
-0.0001549457
-0.0001441705
-0.0001320374
-0.0001251508
-0.0001233523
-0.0001229312
-0.0001211396
-0.000118739
-0.000117611
-0.0001177126
-0.0001171524
-0.0001123071
-0.0001003956
-8.157742e-05
-5.865447e-05
-3.484064e-05
-1.124539e-05
1.528899e-05
4.806373e-05
8.69278e-05
0.0001303215
0.0001744403
0.0002131056
0.000241616
0.0002633914
0.0002862551
0.000313518
0.0003422509
0.0003673229
0.0003865975
0.0004007048
0.0004083091
0.0004052299
0.0003903761
0.0003675415
0.0003440074
0.0003278181
0.0003258051
0.0003406347
0.0003675056
0.0003980523
0.0004242055
0.0004390727
0.0004388434
0.0004223198
0.0003949495
0.0003699523
0.0003599543
0.0003660233
0.0003762529
0.0003777715
0.0003632432
0.0003316348
0.0002870432
0.0002371097
0.0001892528
0.0001463615
0.0001075768
7.104688e-05
3.548548e-05
1.321604e-06
-3.0438e-05
-6.067568e-05
-9.309996e-05
-0.0001318662
-0.0001778428
-0.0002266803
-0.0002729472
-0.0003160906
-0.0003555532
-0.0003864189
-0.0004045225
-0.0004098731
-0.0004053626
-0.0003959511
-0.000386232
-0.0003797902
-0.0003791578
-0.0003830956
-0.0003874896
-0.0003881747
-0.0003822901
-0.0003673673
-0.000342992
-0.0003101993
-0.0002721162
-0.000232852
-0.0001947155
-0.0001571999
-0.0001189927
-7.948953e-05
-3.766393e-05
6.348514e-06
4.917218e-05
8.540801e-05
0.0001115209
0.0001289793
0.0001408596
0.0001486349
0.0001547476
0.0001643939
0.0001840094
0.0002150836
0.0002524782
0.0002895416
0.000322931
0.0003533531
0.0003822401
0.0004098633
0.0004346473
0.0004539418
0.0004659197
0.0004720579
0.0004742655
0.0004713088
0.0004601525
0.0004381577
0.0004049747
0.0003626209
0.0003139182
0.0002633422
0.0002157604
0.000175772
0.0001455747
0.0001227437
0.0001033864
8.404108e-05
6.067805e-05
3.153643e-05
-1.164541e-06
-3.353494e-05
-6.434155e-05
-9.664102e-05
-0.000131965
-0.000167379
-0.0001992899
-0.0002271709
-0.0002536808
-0.0002801875
-0.0003042522
-0.0003210351
-0.0003281772
-0.0003306674
-0.0003338531
-0.000339537
-0.0003484245
-0.0003586234
-0.0003658988
-0.0003693949
-0.000372171
-0.0003788879
-0.0003925751
-0.0004113175
-0.000428222
-0.0004342424
-0.0004261031
-0.0004089972
-0.0003914206
-0.0003790658
-0.0003745112
-0.0003791006
-0.0003931632
-0.0004119874
-0.0004263004
-0.0004284461
-0.0004167557
-0.0003961718
-0.0003728539
-0.0003503779
-0.0003316568
-0.0003199041
-0.0003178238
-0.0003257786
-0.0003378462
-0.0003441513
-0.0003376329
-0.0003214333
-0.0003026003
-0.0002875533
-0.0002786398
-0.0002697476
-0.0002529603
-0.0002273371
-0.0001976245
-0.0001669821
-0.0001361656
-0.0001075356
-8.564598e-05
-7.231274e-05
-6.486651e-05
-5.82207e-05
-4.495724e-05
-2.004471e-05
1.755392e-05
6.534779e-05
0.0001195376
0.0001743436
0.0002256772
0.0002732539
0.0003176271
0.0003574057
0.0003905161
0.0004177039
0.0004421813
0.0004678241
0.0004975779
0.0005314699
0.0005682087
0.000606114
0.0006433934
0.000677785
0.0007074613
0.0007304035
0.0007425522
0.0007434286
0.0007394646
0.0007386624
0.0007442359
0.0007544985
0.0007623526
0.0007569582
0.0007298055
0.0006792505
0.0006094484
0.0005293788
0.0004486177
0.0003711589
0.0002975981
0.000227734
0.0001601743
9.383793e-05
2.9284e-05
-3.341822e-05
-9.338634e-05
-0.0001488446
-0.0002014371
-0.0002532806
-0.0003034798
-0.0003490255
-0.0003861189
-0.0004128285
-0.0004291596
-0.000435671
-0.0004344882
-0.0004333967
-0.0004424279
-0.0004612832
-0.0004790258
-0.0004848831
-0.0004743201
-0.0004486307
-0.0004144519
-0.0003772133
-0.0003376393
-0.0002948857
-0.0002498483
-0.0002077051
-0.000173988
-0.0001491959
-0.0001288456
-0.0001058555
-7.358409e-05
-3.12753e-05
1.416004e-05
5.214823e-05
7.322583e-05
7.627731e-05
7.024538e-05
6.587953e-05
7.21316e-05
9.299261e-05
0.0001260046
0.0001642031
0.0001993095
0.0002264182
0.0002450222
0.000257161
0.0002662023
0.0002768528
0.0002937853
0.0003189995
0.0003497204
0.0003775301
0.0003921658
0.0003890855
0.0003718539
0.0003505182
0.000335622
0.000332934
0.0003416508
0.0003551804
0.0003599958
0.0003428061
0.0003000205
0.0002378975
0.0001669824
9.740619e-05
3.618794e-05
-1.508005e-05
-6.053983e-05
-0.0001063113
-0.000158371
-0.0002204668
-0.0002914175
-0.0003613907
-0.0004171589
-0.0004511935
-0.0004669044
-0.0004757861
-0.0004879636
-0.0005045827
-0.000521255
-0.0005344478
-0.0005428776
-0.0005484392
-0.0005545568
-0.0005619136
-0.0005671651
-0.0005643825
-0.0005463704
-0.0005088338
-0.0004543106
-0.0003922448
-0.0003335326
-0.0002842899
-0.0002453151
-0.000216191
-0.0001965556
-0.0001845476
-0.0001767837
-0.0001714455
-0.0001700672
-0.0001743945
-0.0001827032
-0.0001939121
-0.0002075865
-0.0002236284
-0.0002421219
-0.0002620687
-0.0002815615
-0.0003001232
-0.0003205032
-0.0003452866
-0.0003726444
-0.0003986314
-0.0004180936
-0.0004269754
-0.000425476
-0.0004180374
-0.0004098624
-0.000401924
-0.0003916213
-0.0003760869
-0.0003552487
-0.0003296509
-0.0002979368
-0.0002585378
-0.0002100505
-0.0001534193
-8.762536e-05
-1.152298e-05
7.220226e-05
0.0001588866
0.0002456714
0.0003334615
0.0004241558
0.0005160325
0.0006029891
0.0006771345
0.0007350853
0.0007811462
0.0008233752
0.0008663482
0.0009077496
0.0009429112
0.0009653521
0.0009680579
0.0009491764
0.0009141343
0.0008742796
0.0008438835
0.0008305754
0.0008305051
0.0008350979
0.0008349673
0.0008202756
0.0007860587
0.0007335842
0.0006665396
0.0005918107
0.0005179567
0.0004513062
0.0003959238
0.0003515679
0.0003157212
0.0002863174
0.0002568951
0.0002159063
0.0001552441
7.431485e-05
-1.886924e-05
-0.0001109756
-0.0001892094
-0.0002459218
-0.0002785228
-0.0002877286
-0.0002807288
-0.0002708251
-0.0002714028
-0.0002857296
-0.0003027799
-0.0003074405
-0.0002933973
-0.0002665481
-0.0002368695
-0.0002093833
-0.0001816131
-0.0001503614
-0.0001149125
-7.66739e-05
-3.768678e-05
1.833735e-06
3.97612e-05
7.100459e-05
9.108718e-05
9.95756e-05
9.812111e-05
8.782713e-05
6.765071e-05
3.360444e-05
-1.696592e-05
-7.897607e-05
-0.0001425202
-0.0001991089
-0.0002435077
-0.0002761927
-0.0003021743
-0.0003284623
-0.0003591243
-0.0003947856
-0.000433429
-0.0004721201
-0.0005087713
-0.0005421261
-0.00057258
-0.0006015156
-0.0006274259
-0.0006463364
-0.0006579798
-0.0006658214
-0.0006727983
-0.0006813898
-0.0006922043
-0.000703761
-0.0007157254
-0.0007306221
-0.0007509115
-0.0007768078
-0.0008063998
-0.000834941
-0.0008543473
-0.0008568497
-0.0008428053
-0.0008211023
-0.0008005377
-0.0007833359
-0.0007670194
-0.0007459524
-0.0007134846
-0.0006644465
-0.0005965827
-0.000511408
-0.0004125094
-0.0003030354
-0.0001838332
-5.534445e-05
8.134287e-05
0.0002232404
0.0003659421
0.0005049639
0.0006373036
0.0007614941
0.0008765653
0.0009807234
0.00107147
0.001148692
0.001212722
0.001261847
0.001293051
0.001304622
0.001295433
0.001263346
0.001207965
0.001132473
0.001041818
0.0009420268
0.0008402426
0.0007429575
0.0006545271
0.000578
0.0005146708
0.0004623384
0.000416201
0.0003683776
0.0003155581
0.0002637565
0.0002219148
0.0001971746
0.000191314
0.0001983071
0.0002066326
0.0002064573
0.0001953401
0.000174878
0.000145453
0.0001060545
6.021897e-05
1.689742e-05
-1.735153e-05
-4.247579e-05
-5.972967e-05
-6.898736e-05
-7.142668e-05
-6.933543e-05
-6.317643e-05
-5.179702e-05
-3.489732e-05
-1.335992e-05
1.020461e-05
3.121645e-05
4.491817e-05
4.736141e-05
3.773834e-05
2.028706e-05
2.476335e-07
-1.734057e-05
-2.654126e-05
-1.889906e-05
1.22736e-05
6.732778e-05
0.0001395058
0.000217615
0.0002892769
0.0003477199
0.0003937982
0.0004311659
0.0004641066
0.0004943617
0.000523104
0.0005521032
0.0005815827
0.0006065833
0.0006202606
0.0006189342
0.0006053683
0.0005883974
0.0005743246
0.0005629816
0.0005481769
0.0005219848
0.0004803639
0.000424626
0.000356702
0.0002785333
0.0001917066
9.764694e-05
2.04123e-07
-9.484053e-05
-0.0001858969
-0.0002760486
-0.000369255
-0.0004668107
-0.0005699981
-0.0006778837
-0.0007838726
-0.0008762377
-0.0009429396
-0.0009800115
-0.0009903788
-0.0009792376
-0.0009515885
-0.0009120092
-0.0008661443
-0.0008216903
-0.0007858099
-0.0007610979
-0.0007456438
-0.0007346592
-0.0007213959
-0.000701115
-0.000675732
-0.0006497064
-0.0006244568
-0.0005993315
-0.0005732128
-0.0005434106
-0.00050611
-0.0004591047
-0.0004033533
-0.0003436294
-0.0002824525
-0.0002200129
-0.0001569344
-9.41615e-05
-2.98492e-05
3.580494e-05
9.643995e-05
0.0001454599
0.0001804922
0.0002018466
0.0002081666
0.0001979159
0.0001732539
0.0001409212
0.0001059051
6.956768e-05
3.124485e-05
-1.051574e-05
-5.944325e-05
-0.0001199403
-0.0001947547
-0.000282314
-0.0003777744
-0.000475094
-0.0005703068
-0.0006604423
-0.0007458491
-0.000830613
-0.0009149131
-0.0009931721
-0.00105878
-0.0011087
-0.00114261
-0.00116316
-0.001174632
-0.001181241
-0.001186377
-0.001190874
-0.001193078
-0.001189834
-0.001179933
-0.001163164
-0.001137629
-0.001099515
-0.001046498
-0.0009826682
-0.0009125894
-0.0008349775
-0.0007463908
-0.0006484623
-0.0005427222
-0.0004259255
-0.0002959142
-0.0001573015
-1.908119e-05
0.0001087312
0.0002189202
0.0003114807
0.0003916766
0.0004675209
0.0005467946
0.0006346593
0.0007323366
0.0008359845
0.0009401623
0.001041668
0.001140103
0.001234236
0.001317654
0.001381322
0.001421034
0.001440179
0.001444731
0.001441727
0.001439425
0.001445302
0.00146457
0.001497104
0.001536283
0.001572342
0.001597114
0.001609018
0.001612901
0.001611971
0.001606629
0.001596885
0.001583232
0.001564835
0.001540966
0.001511591
0.001475472
0.001431937
0.001381176
0.001323893
0.001261421
0.001193646
0.001118363
0.001033702
0.0009406264
0.0008424532
0.0007451401
0.0006558332
0.0005811179
0.0005226628
0.0004785723
0.0004479447
0.0004304327
0.0004211626
0.0004150518
0.0004097328
0.0003997325
0.0003790776
0.0003450541
0.0003001539
0.0002504031
0.0002038648
0.0001677549
0.000145332
0.0001373343
0.0001429628
0.0001608267
0.0001860326
0.0002084737
0.0002171536
0.0002053706
0.0001742057
0.0001288333
7.351578e-05
1.099934e-05
-5.496948e-05
-0.0001212081
-0.0001871037
-0.0002522978
-0.0003147463
-0.0003711065
-0.0004184282
-0.0004530606
-0.0004715094
-0.0004751813
-0.0004696192
-0.000462674
-0.0004610246
-0.0004655318
-0.0004752181
-0.0004865915
-0.0004969873
-0.0005067342
-0.0005192894
-0.0005402167
-0.0005760618
-0.0006290512
-0.0006960526
-0.000771172
-0.0008477228
-0.0009209653
-0.0009883647
-0.001051814
-0.001113451
-0.001172248
-0.001226884
-0.001277929
-0.001329793
-0.001386123
-0.001444963
-0.00149961
-0.001544234
-0.001578477
-0.001606127
-0.001630751
-0.001651874
-0.00166399
-0.001660916
-0.001640461
-0.001603007
-0.001550129
-0.001484763
-0.001411804
-0.001338201
-0.001272801
-0.001220977
-0.001182709
-0.001153731
-0.001125933
-0.001089149
-0.001039385
-0.0009786371
-0.0009115897
-0.0008446211
-0.0007843256
-0.0007326396
-0.0006867206
-0.0006441361
-0.0006050067
-0.0005707656
-0.0005419706
-0.000516812
-0.0004930463
-0.0004683913
-0.0004368093
-0.0003928638
-0.0003376802
-0.0002797122
-0.0002291334
-0.0001904997
-0.0001595125
-0.0001252274
-7.94837e-05
-2.374266e-05
3.617922e-05
9.552409e-05
0.0001516931
0.0002032517
0.0002506042
0.0002977779
0.0003497257
0.0004094511
0.0004776992
0.0005523359
0.0006288969
0.0007017167
0.0007679272
0.000827495
0.0008802411
0.0009283408
0.0009767097
0.001028935
0.001083523
0.001134886
0.001177907
0.001211135
0.001236342
0.001254189
0.001263256
0.00126391
0.001259929
0.001255959
0.001254386
0.001257154
0.001267474
0.001290501
0.001329152
0.00138048
0.001435741
0.001485782
0.001521887
0.001535811
0.001522994
0.001486932
0.001434861
0.001370393
0.001292986
0.001204168
0.001110032
0.00101485
0.000917097
0.0008121473
0.0006961145
0.0005658869
0.0004226484
0.0002729462
0.0001240489
-2.090835e-05
-0.0001623094
-0.0003021717
-0.000441021
-0.0005780473
-0.0007117686
-0.0008380334
-0.0009506369
-0.001047027
-0.001131368
-0.001208058
-0.001279808
-0.001349103
-0.001416087
-0.001479651
-0.001536919
-0.001583845
-0.001617673
-0.00163629
-0.001638156
-0.001624453
-0.001596823
-0.001553714
-0.001491728
-0.001412458
-0.001322535
-0.001226575
-0.00112551
-0.001020257
-0.0009153701
-0.0008159219
-0.000723852
-0.0006386502
-0.0005583033
-0.0004823041
-0.000410367
-0.0003403501
-0.0002680895
-0.0001902149
-0.0001059259
-1.538125e-05
7.920168e-05
0.0001707684
0.0002553239
0.0003370418
0.0004212761
0.0005073959
0.0005895789
0.0006610541
0.000716203
0.000753021
0.0007713101
0.0007717026
0.0007572585
0.0007354523
0.0007145287
0.0006996393
0.0006896784
0.0006778979
0.0006587672
0.0006324262
0.0006026684
0.0005693093
0.0005267043
0.0004704034
0.0004006787
0.0003219591
0.0002410564
0.0001666717
0.0001050208
5.565363e-05
1.445965e-05
-2.282079e-05
-5.99633e-05
-0.0001013228
-0.0001482809
-0.0001985544
-0.0002466521
-0.0002864962
-0.000316347
-0.0003391963
-0.0003570131
-0.0003660816
-0.0003612124
-0.0003430717
-0.0003174608
-0.0002923012
-0.000274102
-0.0002665251
-0.0002723316
-0.00028972
-0.0003114623
-0.0003300624
-0.0003409222
-0.0003465274
-0.0003514614
-0.0003579833
-0.0003663658
-0.0003745949
-0.0003780256
-0.0003697733
-0.0003432188
-0.0002948196
-0.0002243685
-0.0001358922
-3.480685e-05
7.313518e-05
0.0001810479
0.0002819332
0.0003699641
0.0004409071
0.0004950717
0.0005383092
0.0005761398
0.0006098904
0.0006357589
0.0006475592
0.0006384752
0.0006050398
0.0005484739
0.0004773352
0.0004032318
0.0003369811
0.0002856007
0.0002512947
0.0002332614
0.0002286128
0.000233758
0.0002448284
0.000257088
0.0002676447
0.0002767128
0.0002861003
0.0003000647
0.0003224798
0.0003584519
0.0004133828
0.000486348
0.0005655452
0.0006356447
0.0006866046
0.0007171777
0.0007345835
0.0007491817
0.0007680011
0.0007915656
0.0008149137
0.000833051
0.0008403846
0.0008338966
0.0008154449
0.0007870883
0.0007493407
0.0007050912
0.0006580407
0.0006079016
0.0005520617
0.0004876022
0.0004122162
0.000324605
0.0002256887
0.000120878
1.60254e-05
-8.548663e-05
-0.0001843263
-0.0002861586
-0.0003982405
-0.000523316
-0.0006603473
-0.0008050823
-0.0009482151
-0.001079461
-0.001195297
-0.001297475
-0.001391905
-0.00148649
-0.001585539
-0.001687388
-0.00178553
-0.001874721
-0.001954861
-0.002028263
-0.002097063
-0.002160116
-0.002217333
-0.002268586
-0.002309116
-0.002331534
-0.002330111
-0.002303377
-0.00225333
-0.002184626
-0.002102469
-0.002010581
-0.00191221
-0.001809602
-0.001703201
-0.001592871
-0.001478052
-0.00135746
-0.001229282
-0.001092883
-0.0009508706
-0.0008072802
-0.0006654473
-0.0005278716
-0.0003943382
-0.0002628774
-0.000131187
1.08805e-06
0.000132429
0.0002596006
0.0003776805
0.0004809503
0.000565572
0.000631986
0.0006824729
0.0007188071
0.0007421954
0.0007536221
0.0007532359
0.0007401024
0.0007141133
0.0006794395
0.0006424174
0.0006050459
0.000566448
0.0005243978
0.0004748685
0.0004140884
0.0003423165
0.0002630295
0.0001791425
8.857744e-05
-1.435477e-05
-0.0001323605
-0.0002618295
-0.0003957928
-0.000528238
-0.0006545368
-0.0007700232
-0.0008712328
-0.0009563576
-0.001023216
-0.001068773
-0.001091549
-0.001093062
-0.001076039
-0.001043209
-0.0009991183
-0.000946517
-0.0008826156
-0.000802921
-0.0007076077
-0.0005999212
-0.0004810646
-0.0003514755
-0.0002127778
-6.750345e-05
8.120684e-05
0.0002291442
0.0003726851
0.0005094176
0.0006404249
0.0007692578
0.0008971707
0.001020922
0.001134036
0.001231959
0.001314443
0.001383202
0.001441462
0.001490821
0.001532261
0.001563615
0.001578128
0.001568863
0.001531963
0.001468741
0.001385155
0.001287908
0.001184539
0.001082152
0.0009825321
0.0008837792
0.0007867617
0.0006957427
0.0006133468
0.0005425643
0.0004871958
0.000447643
0.0004210922
0.0004023213
0.0003829168
0.0003532198
0.0003043115
0.0002347106
0.0001557899
8.594795e-05
3.876281e-05
1.881272e-05
2.47505e-05
5.276554e-05
0.0001004324
0.000164825
0.0002394085
0.000314794
0.0003830071
0.0004412086
0.000490894
0.0005332281
0.0005655699
0.0005834481
0.0005864482
0.0005798178
0.0005702451
0.00056267
0.0005571237
0.0005510699
0.0005441799
0.0005381511
0.0005324936
0.0005249697
0.000516065
0.0005071069
0.000497018
0.0004846344
0.0004701859
0.0004551402
0.0004395542
0.0004207587
0.0003929288
0.000349555
0.0002843797
0.0001960096
8.843069e-05
-3.141779e-05
-0.0001553413
-0.0002775584
-0.000396428
-0.0005122481
-0.0006245726
-0.0007329812
-0.0008341966
-0.000925884
-0.001008357
-0.001082728
-0.001150339
-0.00121391
-0.001277555
-0.001344776
-0.001416968
-0.001494997
-0.001577485
-0.001658981
-0.001731693
-0.001790644
-0.001834917
-0.001865306
-0.001881996
-0.001883978
-0.00187337
-0.001855642
-0.001837068
-0.001821721
-0.001809555
-0.001795678
-0.001774116
-0.001744208
-0.001709018
-0.001668747
-0.00162111
-0.001566316
-0.001508468
-0.00145324
-0.00140453
-0.001363892
-0.001329894
-0.001297749
-0.001259919
-0.001206932
-0.001131687
-0.001033903
-0.0009248931
-0.0008211712
-0.0007311608
-0.0006478981
-0.0005556662
-0.0004454686
-0.0003188352
-0.0001822631
-4.510596e-05
8.410828e-05
0.0002002154
0.0003032705
0.0003943631
0.000471676
0.0005319318
0.0005739295
0.0006014566
0.0006232983
0.0006472906
0.0006772398
0.0007132634
0.0007546461
0.0007996834
0.0008442969
0.0008823623
0.0009082814
0.0009217505
0.0009271903
0.0009301819
0.00093201
0.0009290522
0.0009150372
0.0008855677
0.000842597
0.0007906007
0.0007345174
0.000681502
0.0006386498
0.0006101151
0.0005962469
0.0005960016
0.0006090704
0.0006337486
0.0006678276
0.0007103346
0.000760109
0.0008145926
0.0008717412
0.0009300651
0.0009860141
0.001033179
0.00106366
0.001070765
0.001050926
0.001003788
0.0009338882
0.0008492292
0.0007578966
0.0006647313
0.0005662369
0.0004555657
0.0003293548
0.0001910865
5.099827e-05
-8.054479e-05
-0.0002000016
-0.0003109337
-0.0004173029
-0.0005202101
-0.0006171723
-0.0007037412
-0.0007737516
-0.0008191909
-0.0008330356
-0.0008140213
-0.0007683521
-0.0007073867
-0.0006418665
-0.0005778696
-0.0005158135
-0.0004530446
-0.0003876817
-0.0003161812
-0.0002319655
-0.0001301741
-1.278089e-05
0.0001090921
0.0002185201
0.0003016147
0.0003547455
0.000380206
0.0003820971
0.0003684041
0.0003481097
0.000330446
0.0003232018
0.0003331463
0.0003648416
0.0004179066
0.0004911718
0.000583347
0.0006894924
0.0008011801
0.0009077753
0.001002229
0.001083633
0.001154075
0.001217758
0.001278385
0.001334321
0.001380753
0.001410977
0.001420209
0.001409352
0.00138405
0.001350421
0.001311612
0.001268361
0.001220183
0.001166406
0.001108827
0.001048007
0.0009833353
0.0009152785
0.0008448021
0.000772363
0.0006942486
0.0006031182
0.0004926516
0.0003604289
0.0002095136
4.613676e-05
-0.0001234955
-0.0002934843
-0.0004544472
-0.0005957588
-0.0007133229
-0.0008068793
-0.0008771597
-0.000927191
-0.0009630812
-0.0009912439
-0.001016344
-0.001041361
-0.001066078
-0.001090379
-0.001114939
-0.001142291
-0.001176708
-0.001220658
-0.00127299
-0.001329376
-0.00138591
-0.001441986
-0.0015002
-0.001565301
-0.00164371
-0.001736945
-0.00183776
-0.001935088
-0.002017097
-0.00207408
-0.002103619
-0.002110628
-0.002099948
-0.002072278
-0.002028915
-0.001971818
-0.001904185
-0.00182924
-0.001749017
-0.001663953
-0.001572088
-0.001470706
-0.001358649
-0.00123733
-0.001110104
-0.0009787845
-0.0008441956
-0.0007079381
-0.0005726465
-0.0004414106
-0.0003185048
-0.0002075307
-0.0001102525
-2.532487e-05
5.448376e-05
0.0001386753
0.0002322274
0.0003314086
0.0004251609
0.0004998156
0.0005486702
0.0005741926
0.0005849871
0.0005919374
0.0006030225
0.0006249203
0.0006650448
0.0007284086
0.0008122876
0.0009062416
0.0009989755
0.001086834
0.001171734
0.001252468
0.001323549
0.001378321
0.001413364
0.001428297
0.001423294
0.001398235
0.00135461
0.001298919
0.001241196
0.001190036
0.001150065
0.001122293
0.001102841
0.001082993
0.001055235
0.001017583
0.0009743252
0.0009307525
0.0008904861
0.0008534776
0.0008126251
0.0007578824
0.0006824391
0.0005859063
0.0004747916
0.0003589811
0.0002471349
0.0001455831
5.787006e-05
-1.450665e-05
-6.925965e-05
-0.0001037916
-0.0001162339
-0.000106146
-7.762095e-05
-4.057038e-05
-5.516299e-06
2.168891e-05
4.123015e-05
5.648629e-05
7.292871e-05
9.579625e-05
0.000123689
0.0001494907
0.0001689509
0.0001822717
0.0001919383
0.0002007709
0.0002102101
0.0002203634
0.0002316752
0.0002458719
0.0002639675
0.0002820369
0.0002951794
0.0003010535
0.0003010954
0.0003009718
0.0003064177
0.000319878
0.0003414827
0.0003681566
0.0003937477
0.000409258
0.0004042658
0.0003709869
0.0003084463
0.0002230942
0.0001219685
1.019451e-05
-0.0001072269
-0.0002271873
-0.0003488502
-0.0004720371
-0.0005969947
-0.0007226739
-0.0008477108
-0.0009732463
-0.001100834
-0.001232097
-0.00136914
-0.001512972
-0.001658846
-0.001796968
-0.001917534
-0.002015573
-0.002091262
-0.002147403
-0.002188698
-0.002218737
-0.002239697
-0.002251846
-0.002253627
-0.002244864
-0.002228133
-0.002204983
-0.00217439
-0.002133368
-0.002077734
-0.002004395
-0.001913016
-0.001806221
-0.001688723
-0.00156621
-0.001442332
-0.001317312
-0.001189851
-0.001060893
-0.0009338365
-0.0008128343
-0.0007040594
-0.0006114465
-0.0005348816
-0.0004674856
-0.0003974703
-0.0003168577
-0.0002246903
-0.0001240588
-1.578268e-05
0.0001016913
0.0002276113
0.0003593926
0.0004963451
0.0006387417
0.0007860828
0.00093717
0.001088599
0.001234463
0.001367459
0.001477713
0.00155658
0.001599219
0.001604018
0.001574083
0.001516298
0.001436133
0.001334528
0.001212487
0.001072831
0.0009183151
0.0007492994
0.0005706197
0.0003930572
0.0002291468
8.763909e-05
-2.805798e-05
-0.0001180807
-0.0001883387
-0.0002461668
-0.0002934443
-0.0003247561
-0.0003303141
-0.000302743
-0.0002439858
-0.0001634844
-6.96738e-05
3.437162e-05
0.0001485701
0.0002727138
0.0004031629
0.0005318
0.0006491736
0.0007508286
0.0008382816
0.0009139608
0.000978222
0.001031992
0.001078084
0.001116341
0.00114605
0.001170131
0.001194961
0.001226389
0.001266164
0.001309529
0.001347625
0.001372238
0.00138156
0.001378632
0.00136657
0.001347911
0.001327287
0.001311782
0.001308026
0.001318182
0.001336755
0.001354047
0.001361273
0.001353296
0.001326038
0.001278623
0.001213269
0.001130083
0.001026669
0.0008981939
0.000737648
0.0005442597
0.0003279371
0.0001035722
-0.000119127
-0.0003377619
-0.0005508611
-0.0007532477
-0.0009356711
-0.001090576
-0.001215967
-0.001317205
-0.001403534
-0.001482198
-0.001554748
-0.001617977
-0.001669715
-0.00171198
-0.001749536
-0.001785031
-0.001818242
-0.001846682
-0.001863801
-0.001862238
-0.001835491
-0.001779249
-0.001690825
-0.001566583
-0.001400694
-0.001189578
-0.0009351859
-0.0006452996
-0.0003306887
-1.565794e-06
0.0003330166
0.0006612387
0.0009690664
0.00124499
0.001483976
0.001687071
0.001857947
0.001997831
0.002103784
0.002170933
0.00219934
0.002198064
0.002179457
0.002152818
0.002120796
0.002080118
0.002025668
0.001953825
0.001863398
0.001756492
0.001636678
0.001509357
0.00138266
0.001262182
0.001142418
0.001012019
0.0008640524
0.0006974983
0.0005147631
0.0003189224
0.0001155844
-9.057543e-05
-0.0002975071
-0.0004988249
-0.0006861854
-0.0008556411
-0.001009314
-0.00115418
-0.001296434
-0.001440737
-0.001593344
-0.001761313
-0.001947143
-0.002140974
-0.002325031
-0.002482759
-0.002603358
-0.002683488
-0.002722807
-0.002720169
-0.002673646
-0.002582455
-0.002449623
-0.002283243
-0.002096552
-0.001903111
-0.001712997
-0.001534037
-0.001369387
-0.001214633
-0.001060122
-0.0008951884
-0.0007112186
-0.0005047873
-0.0002772333
-3.12722e-05
0.0002278651
0.0004903225
0.0007477066
0.0009989086
0.001247159
0.001492968
0.001731278
0.001955683
0.002162505
0.002351313
0.002523019
0.002680134
0.002825843
0.002961295
0.003087342
0.003204372
0.003311596
0.003408739
0.003493766
0.003561306
0.003602606
0.0036078
0.003570728
0.003490342
0.003368392
0.003205362
0.002999781
0.002751998
0.002464419
0.002145097
0.001809915
0.001480171
0.001173223
0.0008967195
0.0006513591
0.000436702
0.0002507238
8.692048e-05
-6.062833e-05
-0.0001961716
-0.0003217632
-0.0004385354
-0.0005494925
-0.0006613299
-0.0007815587
-0.0009146908
-0.001060469
-0.001213287
-0.001367271
-0.001515941
-0.001651585
-0.001768377
-0.001870089
-0.001968355
-0.00207239
-0.002182251
-0.002291756
-0.002392543
-0.002475158
-0.002528445
-0.0025427
-0.002514606
-0.00245214
-0.002373932
-0.002299246
-0.002240886
-0.002203508
-0.002184827
-0.002175271
-0.002158466
-0.002119036
-0.002053234
-0.001973018
-0.001897333
-0.001838245
-0.001794249
-0.001756795
-0.001718728
-0.001677696
-0.001633226
-0.001583817
-0.001529523
-0.001472103
-0.001413924
-0.001358673
-0.001308722
-0.001264818
-0.001228172
-0.001202229
-0.001188263
-0.001180607
-0.00116919
-0.001144016
-0.001100193
-0.001041164
-0.0009748854
-0.0009076359
-0.0008422641
-0.0007792643
-0.000718
-0.0006593639
-0.0006028362
-0.0005406497
-0.0004614851
-0.0003599483
-0.0002374776
-0.0001006836
4.465744e-05
0.0001974489
0.0003577626
0.000523211
0.000687282
0.0008394262
0.0009681327
0.001062723
0.001114712
0.001119965
0.001078608
0.0009922631
0.0008637751
0.0007006712
0.0005161476
0.000325899
0.0001442289
-1.735696e-05
-0.000151988
-0.0002567152
-0.0003311094
-0.0003765646
-0.0003961066
-0.0003935539
-0.0003694224
-0.0003216555
-0.0002492888
-0.0001545403
-4.02659e-05
9.262986e-05
0.0002427013
0.0004069628
0.0005803429
0.0007554475
0.0009230594
0.001075849
0.001210654
0.001326761
0.001423679
0.001503189
0.001571107
0.001636838
0.001710715
0.001798099
0.001897333
0.002001365
0.002102494
0.002194427
0.002270212
0.00232319
0.002348316
0.002340732
0.002300639
0.002238963
0.002168671
0.002097494
0.002027669
0.001959256
0.001892065
0.001825143
0.001758301
0.001694259
0.001636428
0.001586219
0.001545509
0.001518419
0.001505539
0.001500513
0.00149312
0.001472842
0.001430996
0.001361865
0.001264788
0.001144452
0.001007817
0.000861037
0.0007106256
0.0005646754
0.0004286918
0.0002993772
0.0001729854
5.212239e-05
-5.652834e-05
-0.0001462881
-0.0002164547
-0.0002734666
-0.0003260176
-0.0003785373
-0.0004293296
-0.00047215
-0.0004998432
-0.0005053043
-0.0004861587
-0.000446095
-0.0003956323
-0.0003485829
-0.0003085313
-0.0002673929
-0.0002119536
-0.0001312124
-1.761305e-05
0.0001286636
0.0002944021
0.0004557912
0.0005926615
0.0006982712
0.0007727382
0.0008146167
0.0008208179
0.0007904338
0.000726533
0.0006355611
0.0005229981
0.0003911484
0.0002439873
8.772416e-05
-7.168744e-05
-0.0002302238
-0.0003829743
-0.0005180831
-0.0006227798
-0.0006933504
-0.000733584
-0.0007539961
-0.0007678389
-0.0007852987
-0.0008126779
-0.0008545663
-0.000913119
-0.0009864541
-0.001071811
-0.001162581
-0.001250542
-0.001332366
-0.001412711
-0.001499202
-0.001594171
-0.001692011
-0.001782443
-0.00185565
-0.001907442
-0.001936394
-0.001940043
-0.001917182
-0.001871082
-0.001806496
-0.001725473
-0.001627257
-0.001513274
-0.001388791
-0.001260462
-0.001131734
-0.001002177
-0.0008714704
-0.0007385146
-0.0006031958
-0.0004657063
-0.0003241961
-0.000175611
-1.846071e-05
0.0001442537
0.0003041122
0.0004517849
0.0005827917
0.0006973984
0.000799525
0.0008890924
0.0009595474
0.0009993241
0.0009971499
0.0009512739
0.0008718159
0.0007749357
0.0006760132
0.0005842622
0.0004997416
0.0004198662
0.0003420668
0.0002645734
0.0001897539
0.0001213649
6.423033e-05
1.998292e-05
-1.446887e-05
-4.430742e-05
-7.345626e-05
-0.0001038751
-0.0001348986
-0.0001646781
-0.00019189
-0.000219397
-0.0002517196
-0.0002910354
-0.0003406092
-0.0004064709
-0.0004883035
-0.0005768421
-0.0006631306
-0.0007433456
-0.0008175556
-0.0008876998
-0.0009582246
-0.001033567
-0.001115972
-0.001205763
-0.001300371
-0.00139449
-0.001481923
-0.001554664
-0.001603534
-0.001620588
-0.001601208
-0.001542609
-0.001442134
-0.001297082
-0.001107852
-0.000879061
-0.0006197748
-0.0003424826
-5.85312e-05
0.0002228907
0.0004930165
0.0007437364
0.0009713474
0.001177044
0.001363701
0.001533044
0.001685791
0.001824734
0.001954101
0.002075337
0.002185738
0.002278272
0.002347987
0.002393568
0.00241695
0.002419901
0.002404618
0.002375182
0.002336858
0.002294464
0.002250543
0.002202859
0.002145754
0.002072763
0.001977227
0.001853037
0.001693717
0.001497302
0.001270457
0.001025031
0.0007693147
0.0005082292
0.0002494604
3.767036e-06
-0.0002211197
-0.000425307
-0.0006180243
-0.0008111775
-0.001010625
-0.001213174
-0.001413608
-0.001608714
-0.001796613
-0.001977063
-0.002146715
-0.002301664
-0.002442574
-0.002572968
-0.002695434
-0.002810258
-0.002915893
-0.003011549
-0.003096087
-0.003168086
-0.00322744
-0.003274089
-0.003305522
-0.003317268
-0.003305473
-0.003269431
-0.003212553
-0.003139482
-0.003057396
-0.002974929
-0.002898285
-0.002829253
-0.002760162
-0.002677554
-0.00256888
-0.002428907
-0.002261071
-0.002071151
-0.00186912
-0.001666951
-0.001469361
-0.001271022
-0.001061379
-0.0008332325
-0.0005854629
-0.0003202587
-3.784997e-05
0.000262047
0.0005755364
0.0008957998
0.001215235
0.001528028
0.001829976
0.002116353
0.002378173
0.002603562
0.002784278
0.002918147
0.00300566
0.003045905
0.003038085
0.00298497
0.002892571
0.002768653
0.002622443
0.002466671
0.002316918
0.002187814
0.002090506
0.002029113
0.002000788
0.001996066
0.002000925
0.00200017
0.001980765
0.001934985
0.001857745
0.001743771
0.001590459
0.001398319
0.001175707
0.0009376098
0.0006980463
0.0004661613
0.0002496399
5.708151e-05
-0.0001049105
-0.00023362
-0.0003292219
-0.0003927294
-0.0004296389
-0.0004507554
-0.0004675785
-0.0004879829
-0.0005163219
-0.0005526916
-0.0005953473
-0.0006440241
-0.0006982472
-0.0007579693
-0.000824727
-0.0008954445
-0.0009611399
-0.001012499
-0.001043643
-0.001052151
-0.001036914
-0.0009990358
-0.0009429769
-0.000875606
-0.0008058515
-0.0007440063
-0.0006980338
-0.000673657
-0.0006754071
-0.0007040152
-0.0007530335
-0.0008108503
-0.0008685548
-0.0009244471
-0.0009813163
-0.001040304
-0.001101003
-0.001163816
-0.001232507
-0.001309247
-0.001391653
-0.001471234
-0.001534962
-0.001572044
-0.001573918
-0.001535041
-0.001453228
-0.001330797
-0.001175324
-0.0009976607
-0.0008074271
-0.0006094947
-0.0004057222
-0.0001973077
1.370109e-05
0.000222317
0.0004218852
0.0006045828
0.0007652192
0.000905435
0.001033866
0.001162765
0.001302007
0.001455983
0.001620362
0.00178542
0.001941777
0.00208009
0.002188944
0.002257149
0.002278848
0.00225658
0.00219619
0.002103358
0.001985136
0.001848898
0.001703739
0.001560389
0.001425283
0.00129948
0.001183288
0.001077554
0.0009797114
0.000885364
0.000791877
0.000700954
0.0006165076
0.0005413774
0.0004744764
0.0004135616
0.0003589623
0.0003125553
0.0002760014
0.0002494499
0.000232699
0.0002283887
0.0002382338
0.0002594465
0.0002859044
0.0003069007
0.0003078106
0.0002757859
0.0002066106
0.000106366
-1.256919e-05
-0.0001359422
-0.0002544655
-0.000362845
-0.000457212
-0.000536342
-0.0006018411
-0.0006581566
-0.0007104634
-0.0007607977
-0.0008069753
-0.0008439749
-0.0008674039
-0.0008761525
-0.0008696859
-0.0008435589
-0.000788491
-0.0006965073
-0.0005634878
-0.0003916914
-0.0001901957
2.777666e-05
0.0002495015
0.0004605407
0.0006458705
0.0007953353
0.0009015373
0.0009619554
0.0009796097
0.0009613397
0.0009161013
0.0008543703
0.0007871988
0.0007225157
0.0006621375
0.0006010811
0.0005321298
0.0004510262
0.0003572355
0.0002534707
0.0001433457
2.947363e-05
-8.797215e-05
-0.000212911
-0.000347446
-0.0004868893
-0.0006254506
-0.0007602225
-0.0008889964
-0.001007942
-0.00111136
-0.001193067
-0.001249457
-0.001280866
-0.001291007
-0.001290005
-0.001292098
-0.001307401
-0.001338218
-0.001380934
-0.001429682
-0.001478564
-0.001521785
-0.001555171
-0.001576838
-0.001582174
-0.001564495
-0.001522615
-0.001462739
-0.00139579
-0.001333231
-0.001281337
-0.001239986
-0.001209327
-0.001191054
-0.001181381
-0.001171666
-0.00115556
-0.001132331
-0.00110821
-0.001096493
-0.00111255
-0.001164679
-0.001252461
-0.001371522
-0.001517789
-0.001688713
-0.001880898
-0.002086666
-0.002292569
-0.002482608
-0.002644324
-0.002768841
-0.00285087
-0.002890268
-0.002892784
-0.002868264
-0.002828519
-0.002785829
-0.002749697
-0.002726001
-0.002721662
-0.002740856
-0.00277842
-0.002819864
-0.002848099
-0.002853137
-0.002829889
-0.002775573
-0.00268957
-0.002570122
-0.002414735
-0.00222225
-0.001996797
-0.001745879
-0.001477533
-0.001195444
-0.0008969996
-0.0005797785
-0.0002465763
9.812274e-05
0.0004538595
0.0008266608
0.0012276
0.001667115
0.002149787
0.002669945
0.003211359
0.003749838
0.004261839
0.004726803
0.005125192
0.005438359
0.005650328
0.005750882
0.005738018
0.005620161
0.005417455
0.005155239
0.004856959
0.00454247
0.004230139
0.00393743
0.003676035
0.003449809
0.003256484
0.003088339
0.002935336
0.002787616
0.002635953
0.002469526
0.002277481
0.002052006
0.001790421
0.001497239
0.001181894
0.0008563349
0.0005324295
0.0002213714
-6.54822e-05
-0.0003206003
-0.0005439598
-0.0007412812
-0.000920236
-0.001087179
-0.001246592
-0.001397354
-0.001531708
-0.001641356
-0.001722507
-0.001774982
-0.001800427
-0.001803152
-0.001787829
-0.001760396
-0.001727726
-0.001695686
-0.001667138
-0.001644433
-0.001630999
-0.001628528
-0.001632893
-0.001634568
-0.0016247
-0.001595991
-0.001545475
-0.001477101
-0.001397678
-0.001317913
-0.001247726
-0.001191681
-0.001148263
-0.001115528
-0.001097384
-0.001100093
-0.00112786
-0.001178019
-0.001236591
-0.001285059
-0.001312522
-0.001318262
-0.001307989
-0.001290486
-0.001271526
-0.001248956
-0.001218329
-0.001180489
-0.001137723
-0.001092401
-0.001051219
-0.001021595
-0.001007209
-0.001011089
-0.001034991
-0.001077785
-0.001133108
-0.001189973
-0.00123762
-0.001270545
-0.001286426
-0.001282598
-0.001256866
-0.001211516
-0.001152128
-0.001082947
-0.001005391
-0.0009206368
-0.0008338632
-0.000756468
-0.0007042601
-0.0006861361
-0.0007016288
-0.0007467995
-0.000816108
-0.0009010212
-0.0009893047
-0.001066021
-0.001117326
-0.001133736
-0.001109659
-0.001043162
-0.0009370524
-0.0007952729
-0.0006192181
-0.0004088063
-0.0001646058
0.0001068364
0.0003901694
0.0006661898
0.0009170865
0.001129165
0.001295856
0.001420549
0.001512125
0.001577581
0.00162077
0.001642038
0.001638774
0.001608345
0.001549331
0.001464593
0.001359951
0.001242552
0.001116965
0.0009824672
0.0008337439
0.0006646714
0.0004727779
0.0002589888
2.634274e-05
-0.0002208416
-0.0004770475
-0.0007364586
-0.0009931205
-0.001242556
-0.001479074
-0.001693199
-0.001874758
-0.002016744
-0.002116427
-0.002174316
-0.002191256
-0.002163951
-0.002087384
-0.001960992
-0.001786957
-0.001563614
-0.001283955
-0.000940696
-0.000532447
-6.542947e-05
0.0004464832
0.0009873577
0.001541958
0.002096126
0.002637844
0.003156316
0.003643029
0.004093605
0.004505143
0.00487607
0.005208288
0.00550733
0.005779911
0.00603523
0.006281506
0.006524185
0.0067665
0.007009885
0.007250248
0.007476181
0.007675043
0.007836876
0.007958323
0.008041814
0.008091532
0.008111453
0.008102892
0.008060824
0.007976519
0.007843973
0.007659367
0.007418781
0.007119199
0.006758313
0.006337338
0.00586061
0.005332135
0.004758148
0.004148593
0.003512679
0.00285388
0.002172401
0.001465234
0.0007236277
-6.248659e-05
-0.0008967582
-0.001776058
-0.002692409
-0.003632092
-0.004575658
-0.005498325
-0.006373511
-0.007175566
-0.007881685
-0.008471842
-0.008933127
-0.009260346
-0.009457609
-0.009539887
-0.009532261
-0.009465457
-0.009368602
-0.009264671
-0.009169635
-0.009095889
-0.009047683
-0.009016837
-0.008988691
-0.008949687
-0.008892025
-0.008813267
-0.008712969
-0.008590825
-0.008446389
-0.00828126
-0.008098422
-0.007899292
-0.007686552
-0.007466091
-0.007244443
-0.007025337
-0.006807587
-0.006586615
-0.00635534
-0.00610323
-0.005819079
-0.005498227
-0.005144041
-0.004764544
-0.004367709
-0.003958045
-0.003536853
-0.003105199
-0.002665871
-0.002223798
-0.001780867
-0.001334248
-0.0008804779
-0.0004166024
6.157201e-05
0.0005592182
0.001078211
0.001610829
0.002143106
0.002660455
0.003153663
0.003617254
0.004045915
0.004434536
0.004780499
0.005082095
0.005337179
0.005547204
0.005720873
0.005870918
0.006005617
0.006133904
0.006270185
0.006429973
0.006623797
0.006851427
0.007099236
0.00734261
0.007555842
0.007719596
0.007820665
0.007850065
0.007803624
0.007681945
0.00748929
0.007234817
0.006930143
0.006584249
0.006199461
0.005774517
0.005305204
0.004783677
0.004201899
0.003554604
0.002841504
0.002075015
0.001276588
0.0004683478
-0.0003292495
-0.001095332
-0.001812072
-0.002468999
-0.003061112
-0.003583222
-0.004031125
-0.004407031
-0.004718119
-0.004970499
-0.005167296
-0.005305613
-0.005379736
-0.005387349
-0.005330786
-0.005216915
-0.00505809
-0.004872125
-0.004680053
-0.00450473
-0.004364851
-0.004270478
-0.004223146
-0.004218834
-0.004250352
-0.00430744
-0.004375041
-0.004428141
-0.004436613
-0.004375373
-0.004229656
-0.003993612
-0.003669161
-0.003266245
-0.002802083
-0.00229594
-0.0017657
-0.001228082
-0.0006943725
-0.0001688505
0.0003499285
0.0008624736
0.001362603
0.001837445
0.002273887
0.002662634
0.002998703
0.003282301
0.003518686
0.00371818
0.003894253
0.004056188
0.004205875
0.004340533
0.004458153
0.004558535
0.004640257
0.004698507
0.004727101
0.004720454
0.004671587
0.004572164
0.004414923
0.004194205
0.003906911
0.003553933
0.003138479
0.002665749
0.002138206
0.001559833
0.0009408531
0.000297198
-0.0003533152
-0.0009961421
-0.001621384
-0.00222159
-0.002792327
-0.003336666
-0.003863529
-0.004381377
-0.004892715
-0.005392251
-0.005868216
-0.006310215
-0.006712659
-0.00707504
-0.007400448
-0.00769158
-0.007947277
-0.008163282
-0.008334279
-0.008455255
-0.008523043
-0.008537343
-0.008497433
-0.008402401
-0.008249221
-0.008034431
-0.007755307
-0.007407049
-0.006982455
-0.00647661
-0.005892644
-0.005248289
-0.004574962
-0.003904871
-0.003260618
-0.002656424
-0.002103134
-0.001607059
-0.001165641
-0.0007725493
-0.0004262458
-0.0001271367
0.0001268412
0.0003421504
0.000528362
0.0006960631
0.0008581857
0.001028956
0.001220605
0.001439494
0.001685435
0.001953674
0.002230515
0.002494344
0.002725416
0.002914975
0.003065967
0.003192633
0.003315368
0.003450159
0.003601014
0.003760417
0.003918897
0.004070869
0.004214013
0.004348829
0.004481256
0.004624565
0.0047967
0.005009067
0.005256608
0.005520479
0.005774994
0.005995506
0.006164087
0.006269209
0.006304934
0.006270551
0.006171274
0.006016813
0.005821024
0.005599606
0.00536941
0.005145998
0.004940346
0.004760262
0.004614165
0.00451445
0.004475165
0.0045041
0.004598712
0.004745656
0.004924304
0.005113109
0.005294491
0.005454156
0.005578822
0.005653032
0.00566007
0.005585901
0.005417186
0.005151499
0.004803601
0.004402195
0.003982968
0.003579457
0.003215079
0.002902007
0.002644406
0.00244186
0.002290974
0.002185358
0.002115007
0.002064653
0.002015361
0.001950025
0.001857134
0.001730657
0.001567831
0.00136627
0.001125458
0.0008487088
0.0005449406
0.000228458
-8.301024e-05
-0.0003700982
-0.0006149908
-0.0008059125
-0.0009411388
-0.001027358
-0.001073468
-0.001085794
-0.001067904
-0.001023378
-0.0009572368
-0.0008760855
-0.0007894755
-0.0007075672
-0.0006422885
-0.0006050889
-0.0006018399
-0.0006311672
-0.0006872761
-0.0007626193
-0.0008522163
-0.0009576776
-0.001084685
-0.001237927
-0.001416019
-0.001608924
-0.001799187
-0.001968086
-0.002101338
-0.002189274
-0.002221516
-0.002189417
-0.002091232
-0.001935179
-0.001733255
-0.001496218
-0.001234659
-0.0009563198
-0.000672691
-0.000402797
-0.0001652259
2.610257e-05
0.0001573124
0.000213218
0.0001859155
7.805667e-05
-9.915699e-05
-0.0003283809
-0.0005874102
-0.0008502415
-0.001094212
-0.001305352
-0.00147748
-0.001608813
-0.001701214
-0.001762652
-0.001802915
-0.001827342
-0.001836562
-0.001828402
-0.001797635
-0.001739606
-0.001650471
-0.001524968
-0.001360963
-0.00116381
-0.0009452123
-0.0007212435
-0.0005112823
-0.0003371477
-0.0002182235
-0.0001671472
-0.0001857445
-0.0002646398
-0.0003883726
-0.0005410132
-0.0007092278
-0.0008855994
-0.001070741
-0.00127141
-0.001496375
-0.001753082
-0.002040094
-0.002343168
-0.002640084
-0.00290572
-0.003117889
-0.003261111
-0.003326941
-0.003310388
-0.003207359
-0.003014737
-0.002731202
-0.002361021
-0.001918353
-0.001426246
-0.0009119095
-0.0004000333
9.186193e-05
0.000553398
0.0009815615
0.001378482
0.001747345
0.002089873
0.002409273
0.002708238
0.002987283
0.003245883
0.003481763
0.003690552
0.003865462
0.00399453
0.004068325
0.004088328
0.004068202
0.004033278
0.004012216
0.004027911
0.004091437
0.004203072
0.004356308
0.004541136
0.004744507
0.004951928
0.005146575
0.00530756
0.005417098
0.005469265
0.005471233
0.00543728
0.00538395
0.005328484
0.005286034
0.005264694
0.005265469
0.005282676
0.005305992
0.005323442
0.005319282
0.00527506
0.005172452
0.004996432
0.004739111
0.004402014
0.003995492
0.003535851
0.003041888
0.002533253
0.002027918
0.00153876
0.001073645
0.0006407486
0.0002457544
-0.0001120402
-0.0004388293
-0.0007453608
-0.001040144
-0.001330419
-0.001626261
-0.001934702
-0.002254705
-0.002579535
-0.002900806
-0.003211421
-0.003505956
-0.003778588
-0.004024084
-0.00424025
-0.004430614
-0.004604575
-0.004772301
-0.004941051
-0.005110642
-0.005271208
-0.00541062
-0.005523099
-0.005612914
-0.005687125
-0.00575041
-0.005808702
-0.005869121
-0.005936376
-0.006014269
-0.006104803
-0.006204543
-0.006303805
-0.006388281
-0.006443593
-0.006457113
-0.006418192
-0.006320758
-0.006165234
-0.005955332
-0.005694071
-0.005383872
-0.005027413
-0.004628091
-0.004189342
-0.003718434
-0.003231517
-0.002754003
-0.002312073
-0.001922748
-0.001592259
-0.00131759
-0.001086094
-0.0008825015
-0.0006944884
-0.0005136373
-0.0003319755
-0.0001427787
5.540745e-05
0.0002587478
0.0004608234
0.0006555289
0.0008395805
0.001012438
0.001174214
0.00132519
0.001464034
0.001590335
0.001705111
0.001807638
0.001894439
0.001956771
0.001983736
0.001966175
0.0018968
0.001774787
0.001607266
0.001408407
0.001197851
0.0009999989
0.0008413107
0.0007414039
0.0007102
0.0007542298
0.0008790081
0.0010843
0.001361967
0.001699197
0.002077835
0.002477295
0.002877241
0.003259842
0.003613419
0.003932039
0.004210751
0.004442019
0.00461839
0.004739339
0.004815583
0.004870175
0.004934916
0.00504069
0.005209477
0.005451442
0.005764414
0.006132038
0.006523884
0.006900147
0.007217811
0.007433008
0.007506419
0.007409331
0.007127174
0.006659314
0.006016249
0.005220665
0.004305584
0.003311331
0.002280708
0.001255995
0.0002812331
-0.0006040796
-0.00137283
-0.002006823
-0.002491133
-0.002817218
-0.002989507
-0.003027227
-0.002960162
-0.002820894
-0.002639665
-0.002443125
-0.002255969
-0.002103784
-0.002007961
-0.001981434
-0.002031525
-0.002164443
-0.002385687
-0.002694228
-0.003078572
-0.003515799
-0.003973028
-0.00441315
-0.004799985
-0.005100544
-0.005289663
-0.00535648
-0.0053047
-0.005153462
-0.004935991
-0.004692509
-0.004463862
-0.004285583
-0.00418289
-0.004167527
-0.004234835
-0.004364784
-0.004523486
-0.004669315
-0.004762009
-0.004765527
-0.004650905
-0.004400645
-0.004015469
-0.003517518
-0.002945325
-0.002339655
-0.001734961
-0.001156606
-0.0006236984
-0.0001488963
0.0002613565
0.000606919
0.0008960894
0.001146842
0.001377835
0.001597341
0.001801597
0.001981775
0.002132409
0.002255622
0.00235764
0.002447287
0.002537991
0.002650186
0.002807617
0.003029798
0.003325971
0.003694353
0.004124003
0.004595812
0.005084775
0.005561279
0.005992167
0.006343217
0.006586022
0.006703165
0.006683341
0.006517355
0.006198997
0.005731433
0.005131637
0.004425564
0.003641956
0.002813703
0.001981137
0.001190823
0.0004881075
-9.361445e-05
-0.0005364908
-0.0008360658
-0.001001236
-0.001056538
-0.001037632
-0.0009839297
-0.0009327298
-0.0009117561
-0.0009337936
-0.0009969489
-0.001091427
-0.001204831
-0.001326408
-0.001453528
-0.001589343
-0.001736456
-0.001891993
-0.002047446
-0.00218909
-0.002299411
-0.002359363
-0.002350846
-0.002259612
-0.002080855
-0.001822233
-0.001501978
-0.001146228
-0.0007817114
-0.0004280492
-9.530088e-05
0.0002167557
0.0005159894
0.0008065914
0.001084787
0.001344375
0.00157602
0.001767993
0.001912857
0.002011687
0.002072016
0.002105326
0.00212715
0.00215518
0.002208115
0.002306134
0.002467371
0.002703937
0.003020679
0.003411756
0.003857977
0.004327455
0.004780739
0.005176819
0.00547817
0.005655181
0.005688908
0.00557389
0.005317755
0.004938161
0.004459942
0.003914855
0.003340384
0.002775681
0.002254672
0.001804329
0.001442765
0.001179317
0.001013061
0.0009343869
0.00093079
0.0009869519
0.001083872
0.001198441
0.00130412
0.001378041
0.001405832
0.001381026
0.001305311
0.001190197
0.001056159
0.0009335607
0.0008547244
0.0008416958
0.000903482
0.001035187
0.001216603
0.001415059
0.001589933
0.001700537
0.001714886
0.001614285
0.001391698
0.001053624
0.0006187589
0.0001152325
-0.0004261318
-0.0009805352
-0.001536525
-0.002093907
-0.00266087
-0.00325059
-0.003872366
-0.004524883
-0.005195438
-0.005862776
-0.006500547
-0.007082328
-0.007585857
-0.007994089
-0.008294128
-0.008480368
-0.008559389
-0.008552045
-0.008485957
-0.008384532
-0.008262628
-0.008125529
-0.007967204
-0.007769716
-0.007506022
-0.007145302
-0.006659939
-0.006031052
-0.005257122
-0.004358361
-0.003373117
-0.002352666
-0.001353637
-0.0004312507
0.0003729067
0.001042386
0.001583659
0.002019185
0.002385684
0.002724822
0.003071556
0.003447132
0.003857078
0.004290854
0.004722025
0.005113866
0.005428316
0.005634666
0.005714804
0.00566469
0.005497505
0.005245837
0.004958221
0.00468831
0.004481281
0.004361861
0.004331654
0.004375535
0.00447081
0.00459143
0.004710657
0.004806404
0.004861994
0.00486825
0.004825907
0.004744462
0.004640032
0.004527496
0.00441426
0.004303352
0.004196912
0.004090615
0.003966237
0.003796596
0.003556129
0.003228736
0.002809846
0.002305865
0.001730538
0.001102812
0.0004462804
-0.0002123244
-0.0008506336
-0.001456792
-0.002029638
-0.002576552
-0.003108144
-0.003633406
-0.004158252
-0.004685878
-0.005216901
-0.005742642
-0.006242157
-0.006691622
-0.007069796
-0.007359251
-0.007548082
-0.007630553
-0.007607221
-0.007487468
-0.007288405
-0.007027803
-0.00671715
-0.006360023
-0.005954231
-0.005492703
-0.004963053
-0.004353214
-0.003661935
-0.002903233
-0.002105151
-0.001304092
-0.000537007
0.0001635111
0.0007746697
0.00128767
0.001711592
0.002069814
0.002391035
0.002708442
0.003058054
0.003469765
0.003959948
0.004529193
0.005160544
0.005817629
0.006449859
0.00700548
0.007444829
0.007743988
0.007893071
0.007900018
0.007797209
0.007635767
0.007472159
0.007356137
0.007318392
0.00736255
0.007469179
0.007603671
0.007725654
0.007796271
0.007785114
0.007675749
0.007466217
0.007170755
0.006816126
0.006431247
0.006036148
0.005635008
0.005216062
0.00475799
0.004232487
0.003606169
0.002852861
0.001967337
0.0009728171
-8.296353e-05
-0.001140812
-0.002139144
-0.003021244
-0.00373964
-0.004264578
-0.004589673
-0.00473322
-0.004736683
-0.004654623
-0.004537976
-0.004427796
-0.004357497
-0.004352643
-0.004429664
-0.004592926
-0.004835494
-0.005141414
-0.005487436
-0.005851563
-0.006220207
-0.00659062
-0.006967445
-0.007355909
-0.007759566
-0.008181524
-0.008624364
-0.009088527
-0.009568473
-0.01004934
-0.01050579
-0.01090448
-0.01121138
-0.01139873
-0.01144967
-0.01135938
-0.01113813
-0.01080919
-0.01040194
-0.009943837
-0.009455038
-0.008947715
-0.008427929
-0.007896522
-0.007349926
-0.006776465
-0.006157415
-0.005472373
-0.004704487
-0.003848861
-0.002917124
-0.001936728
-0.0009497755
-5.666472e-06
0.0008469207
0.001564325
0.002113111
0.00248095
0.002685742
0.002775061
0.002811023
0.002857958
0.002971846
0.003192733
0.003541425
0.004020658
0.004618267
0.005310083
0.006061604
0.006835613
0.007601135
0.008335704
0.009022754
0.009649103
0.01020159
0.0106612
0.0110015
0.01119475
0.01121776
0.01105836
0.01071411
0.01019087
0.009504767
0.008678467
0.007735936
0.006704557
0.005619332
0.004527101
0.00348064
0.002530971
0.001720518
0.001074611
0.0005953772
0.0002570051
1.074178e-05
-0.000198655
-0.000414905
-0.0006592906
-0.0009323541
-0.001219066
-0.001500112
-0.001763823
-0.002009237
-0.002248348
-0.002505883
-0.002806675
-0.003161524
-0.003562557
-0.003986593
-0.00440261
-0.004778821
-0.005087874
-0.005307227
-0.005408262
-0.005356433
-0.005125442
-0.004708991
-0.004123346
-0.003407166
-0.002614875
-0.00180763
-0.001040423
-0.0003480936
0.0002572212
0.0007771505
0.001216719
0.001580413
0.001870805
0.002089021
0.002238336
0.00232872
0.002379728
0.002418899
0.002477391
0.002582589
0.002751604
0.002989869
0.003295175
0.003664457
0.004098774
0.004598964
0.005156455
0.005754245
0.006370095
0.006978158
0.007550029
0.008055269
0.008466268
0.008762919
0.008929976
0.008954534
0.008828796
0.008552212
0.008128901
0.007566515
0.006880784
0.006099146
0.005262939
0.004425528
0.003644973
0.002969649
0.002425973
0.002021116
0.001746417
0.00158165
0.00150003
0.001473698
0.001476891
0.001487099
0.00148408
0.001454615
0.001394969
0.001306354
0.001190934
0.001049082
0.0008730064
0.0006451617
0.0003425049
-5.454319e-05
-0.000557337
-0.001168455
-0.001880169
-0.00267167
-0.003508544
-0.004345124
-0.005127635
-0.005796783
-0.006297063
-0.006595754
-0.006693943
-0.006622273
-0.006431002
-0.006179446
-0.005927459
-0.005728103
-0.005627902
-0.005663843
-0.005853466
-0.006188115
-0.006638922
-0.007163929
-0.007716107
-0.008252625
-0.008740585
-0.009158988
-0.009494868
-0.009744658
-0.009921998
-0.01005889
-0.01019695
-0.01037156
-0.01059699
-0.01086818
-0.0111654
-0.01145648
-0.01169913
-0.01184483
-0.01184747
-0.01167064
-0.01129454
-0.01072049
-0.009970414
-0.009082783
-0.0081068
-0.007095421
-0.006094721
-0.005137128
-0.004239828
-0.00340341
-0.002611662
-0.001838332
-0.00105242
-0.0002218898
0.0006796099
0.001667743
0.002749673
0.003918888
0.005151559
0.006405577
0.007626941
0.008754328
0.009726043
0.01048936
0.01100769
0.01126596
0.01128228
0.01110969
0.01082469
0.01051644
0.01027271
0.01016435
0.01023878
0.01051602
0.01098777
0.01161954
0.01235649
0.01313523
0.0138927
0.0145703
0.01511741
0.01549864
0.01569255
0.01569106
0.01549911
0.01512735
0.01458592
0.01388207
0.01301978
0.01200232
0.01083991
0.009558285
0.008198871
0.00681742
0.005474378
0.004228298
0.003126401
0.002199166
0.001458704
0.0008981107
0.0004934123
0.0002054028
-2.225036e-05
-0.0002598977
-0.000584316
-0.001065794
-0.001755741
-0.002676915
-0.003823945
-0.005171067
-0.006673677
-0.008271481
-0.009900564
-0.01150051
-0.01301659
-0.01440477
-0.0156389
-0.0167073
-0.01760938
-0.01835188
-0.01894615
-0.0194015
-0.01972301
-0.01991712
-0.01998915
-0.01994269
-0.0197849
-0.01952686
-0.01917564
-0.01873091
-0.01818882
-0.01754272
-0.01678011
-0.01588082
-0.01482506
-0.01360557
-0.01222834
-0.01070555
-0.009049771
-0.007279069
-0.005424109
-0.00352759
-0.001638699
0.0001963436
0.001942583
0.003575244
0.005075833
0.006427763
0.007616736
0.00863211
0.009467644
0.01012151
0.01060029
0.01091943
0.0110989
0.01115806
0.01111658
0.01099549
0.01081554
0.01059606
0.01035283
0.01009716
0.009840553
0.009600539
0.009396787
0.009245917
0.009155659
0.009120405
0.00912161
0.009127304
0.009091298
0.008958395
0.00867846
0.008223042
0.007592619
0.006806776
0.00589462
0.004893227
0.003847345
0.00280807
0.001831438
0.0009739931
0.00028451
-0.000202206
-0.0004740628
-0.0005470726
-0.0004603749
-0.0002693854
-3.640486e-05
0.0001823839
0.0003444928
0.0004237751
0.0004073547
0.0002944819
9.84342e-05
-0.000158146
-0.0004535253
-0.0007724742
-0.001107413
-0.001458269
-0.001832133
-0.002241293
-0.00270189
-0.003226403
-0.003814551
-0.00445061
-0.00510198
-0.005717966
-0.006239023
-0.006611012
-0.006796059
-0.006777869
-0.00656793
-0.006209531
-0.005774436
-0.005349389
-0.00502067
-0.004856919
-0.004895309
-0.005136759
-0.005547766
-0.006067775
-0.006619402
-0.007115795
-0.00746943
-0.007606566
-0.007480737
-0.007078938
-0.006419351
-0.005543668
-0.004508105
-0.003375668
-0.002208663
-0.001059684
3.302183e-05
0.001049262
0.001984192
0.002836633
0.003600188
0.004263971
0.004817755
0.005251624
0.00556019
0.00574931
0.005841509
0.005876101
0.005907595
0.006000823
0.006220109
0.006614489
0.007209146
0.007997007
0.008936728
0.009960211
0.01098211
0.01191231
0.01266711
0.0131787
0.01340374
0.01332541
0.01294912
0.01230323
0.01143025
0.01036776
0.009141313
0.00776929
0.006273248
0.004687646
0.003061297
0.001455148
-6.624896e-05
-0.001443856
-0.002637724
-0.003638733
-0.004469762
-0.005174515
-0.005805023
-0.006409768
-0.007029085
-0.007691969
-0.008418331
-0.009222222
-0.01011117
-0.01108425
-0.01213123
-0.01323049
-0.01434517
-0.0154201
-0.01639195
-0.01720418
-0.01782013
-0.01823235
-0.01845573
-0.01851493
-0.01843351
-0.01822526
-0.01789063
-0.01741835
-0.01679251
-0.01599726
-0.01502353
-0.01387092
-0.01254892
-0.01107975
-0.00950174
-0.007869338
-0.006245757
-0.00469476
-0.003273402
-0.002020254
-0.0009473921
-4.397585e-05
0.0007169088
0.001369413
0.001949848
0.002488776
0.003009783
0.003531256
0.004068725
0.004635082
0.005240945
0.005893788
0.006596003
0.007343013
0.008127431
0.008940042
0.009767463
0.01058666
0.01136005
0.01203679
0.0125604
0.01288124
0.01296553
0.01280324
0.01241585
0.01184655
0.01114474
0.01035763
0.009526587
0.008683968
0.007853654
0.007050996
0.006279728
0.0055317
0.004793676
0.004051709
0.003292167
0.002506588
0.001700801
0.0008983014
0.0001360311
-0.0005419105
-0.00109266
-0.001481756
-0.001689641
-0.001713878
-0.001562845
-0.001253662
-0.0008152455
-0.0002868761
0.0002911574
0.000884919
0.001466151
0.002013206
0.002513984
0.002967662
0.003384535
0.003781607
0.004174618
0.004569898
0.004964895
0.005348909
0.005704567
0.006010859
0.006243023
0.006377877
0.006397898
0.006290601
0.006049909
0.005679901
0.00519516
0.004618017
0.003968149
0.003261722
0.002518342
0.001759288
0.001002636
0.000265262
-0.0004413471
-0.001119285
-0.001778762
-0.002429665
-0.003081466
-0.003743134
-0.00441907
-0.005106789
-0.005797562
-0.0064805
-0.007153702
-0.007825059
-0.008503098
-0.009192439
-0.009894683
-0.01060693
-0.01132215
-0.01202679
-0.01269806
-0.01330527
-0.01381624
-0.01420033
-0.01443116
-0.01448926
-0.01435929
-0.01403254
-0.01351015
-0.01279967
-0.01191307
-0.01086477
-0.009671588
-0.00835483
-0.006941457
-0.00546758
-0.003978131
-0.002521666
-0.001144332
0.0001175286
0.001244615
0.002239139
0.003121922
0.003924145
0.004684666
0.005442385
0.006224878
0.007041628
0.00788548
0.008736361
0.0095634
0.01032564
0.01097795
0.01147748
0.01179288
0.01190779
0.01182126
0.01154713
0.01111061
0.0105421
0.009874827
0.009143231
0.008374788
0.007578775
0.006745134
0.00585292
0.004880381
0.003812728
0.002648349
0.001406099
0.0001244243
-0.001144367
-0.002348942
-0.003446777
-0.004404956
-0.005202573
-0.005834174
-0.006307345
-0.00663941
-0.006855678
-0.006989391
-0.007079548
-0.007161752
-0.00725801
-0.007373933
-0.00749997
-0.007615093
-0.00769508
-0.00772241
-0.007693392
-0.007616285
-0.007504459
-0.007369855
-0.007224353
-0.007085014
-0.006973786
-0.006912753
-0.006916645
-0.00698776
-0.007114162
-0.007266736
-0.007401982
-0.007473484
-0.007441417
-0.007277436
-0.006965938
-0.006504777
-0.005908238
-0.005201387
-0.004414319
-0.003576388
-0.00271309
-0.001845343
-0.0009852351
-0.0001307815
0.0007305831
0.001611693
0.002514514
0.003428524
0.004333729
0.005208776
0.006036388
0.006807222
0.00751937
0.00817629
0.008784847
0.009353127
0.009886926
0.01038916
0.0108608
0.01130601
0.01173286
0.01214456
0.01253169
0.01287591
0.01315861
0.01336988
0.01351565
0.01361855
0.01370824
0.01381414
0.01395889
0.01415379
0.01439676
0.01466985
0.01493844
0.01515982
0.0152945
0.01531514
0.01520959
0.01497554
0.01461656
0.01414128
0.01356338
0.01290653
0.01220542
0.01149344
0.01079514
0.01012481
0.009486142
0.008871508
0.008266035
0.007653506
0.007019558
0.006349626
0.005628896
0.004845512
0.00399641
0.003087388
0.002132615
0.001154466
0.0001799576
-0.0007690585
-0.001680833
-0.002553588
-0.00339285
-0.004206622
-0.004996678
-0.005753235
-0.00645376
-0.007072071
-0.007586974
-0.007989429
-0.008285011
-0.008491444
-0.008631097
-0.008725812
-0.008794172
-0.008850415
-0.008901702
-0.00895114
-0.008999227
-0.009041102
-0.009063501
-0.009046421
-0.008971225
-0.008828336
-0.008615359
-0.008332118
-0.007982801
-0.007580636
-0.007148041
-0.006713657
-0.006311494
-0.005970486
-0.005706534
-0.005520544
-0.005402695
-0.005336417
-0.005294169
-0.005231959
-0.00509195
-0.004817685
-0.004366436
-0.003717535
-0.002878882
-0.00188057
-0.0007614082
0.0004388047
0.00167739
0.002908403
0.004085171
0.005164813
0.006115884
0.006920092
0.007568461
0.008056961
0.008383103
0.008546136
0.008546625
0.008386978
0.008075765
0.007629788
0.007072693
0.006434997
0.005749556
0.005047931
0.004358212
0.003698429
0.003072686
0.002474594
0.001898106
0.001342963
0.0008132249
0.0003151336
-0.0001477882
-0.0005736275
-0.0009601557
-0.001307354
-0.001618492
-0.001900998
-0.002164588
-0.002420028
-0.002681321
-0.002964398
-0.003286638
-0.003664792
-0.004110419
-0.004623276
-0.005186592
-0.005769086
-0.006333048
-0.00683982
-0.007251565
-0.007540692
-0.007697178
-0.007727511
-0.007647686
-0.007479511
-0.007247888
-0.006978038
-0.006689833
-0.006396643
-0.006104386
-0.005808062
-0.005493712
-0.005139726
-0.004721168
-0.004221056
-0.00363813
-0.002982753
-0.002272034
-0.001529792
-0.0007893222
-9.03839e-05
0.0005244231
0.001021237
0.001384453
0.001609998
0.001700137
0.001661789
0.001508022
0.001261422
0.0009506976
0.0006048289
0.0002523792
-8.091855e-05
-0.0003774521
-0.0006319694
-0.0008485423
-0.001034112
-0.001195461
-0.00133801
-0.001461867
-0.001559213
-0.001618373
-0.001631776
-0.001600401
-0.001531205
-0.001438333
-0.001336752
-0.001238088
-0.001148756
-0.001068509
-0.0009893954
-0.0008973739
-0.000773497
-0.0005911935
-0.0003234303
4.510258e-05
0.0005150984
0.001074841
0.001704173
0.002376641
0.003061846
0.003728229
0.004350157
0.004911023
0.005405665
0.005837767
0.006215511
0.006547122
0.006838173
0.007095046
0.007328611
0.007550107
0.007762993
0.007962188
0.008136812
0.008272081
0.00835232
0.008362294
0.00828684
0.008118846
0.007861402
0.007524823
0.007123571
0.006672511
0.006188054
0.005683887
0.005165296
0.004630182
0.004068695
0.003462548
0.00279462
0.002056405
0.001245715
0.0003697521
-0.0005519327
-0.001490734
-0.002416548
-0.00330251
-0.004124457
-0.004860726
-0.005498202
-0.006034051
-0.006474938
-0.006835105
-0.007137787
-0.007410637
-0.007681343
-0.007974957
-0.008311926
-0.008706694
-0.009163586
-0.009673172
-0.01021361
-0.01074923
-0.0112389
-0.01164809
-0.01195105
-0.01213284
-0.0121924
-0.01214079
-0.01199817
-0.01179108
-0.01155032
-0.01130858
-0.01109648
-0.01093743
-0.01084298
-0.01081096
-0.01082351
-0.01084839
-0.01084778
-0.01079008
-0.0106583
-0.01044307
-0.0101368
-0.009734258
-0.009238868
-0.008670574
-0.008062083
-0.007445488
-0.006840499
-0.006248848
-0.005657605
-0.005051981
-0.004423195
-0.003767838
-0.00308754
-0.002392908
-0.001701882
-0.001033663
-0.000404471
0.0001732894
0.0006908249
0.001139787
0.001508028
0.001780226
0.00194425
0.002002286
0.001969691
0.001865043
0.001699751
0.001479558
0.001212619
0.0009088437
0.0005734604
0.0002074448
-0.0001856939
-0.0005979686
-0.001017448
-0.001431678
-0.001832913
-0.002219104
-0.002590098
-0.002945118
-0.003280954
-0.00359456
-0.003884635
-0.004146046
-0.004366198
-0.004528227
-0.004617163
-0.00462579
-0.00455411
-0.004404786
-0.004180288
-0.003881404
-0.00350559
-0.003049829
-0.002514829
-0.001912837
-0.001272446
-0.0006347806
-3.929575e-05
0.0004895554
0.0009472749
0.001343881
0.001700853
0.002043734
0.002394402
0.002765577
0.003160124
0.00357535
0.004010724
0.004467741
0.004945092
0.005434385
0.005919983
0.006381125
0.006796916
0.007152386
0.007443985
0.007681779
0.007888709
0.008093455
0.008320687
0.00858738
0.008901604
0.009258928
0.009643151
0.01003586
0.01042137
0.01078513
0.01110886
0.01136923
0.01154361
0.0116199
0.01160002
0.01149837
0.01133778
0.01114211
0.01093118
0.01071766
0.01050808
0.01030356
0.01010046
0.009890438
0.00966196
0.009405385
0.009115813
0.00879672
0.008459929
0.008122583
0.007804799
0.00752667
0.007301923
0.007134349
0.007017134
0.006930819
0.006846648
0.006733845
0.006565586
0.006322749
0.005993876
0.005574357
0.005064099
0.00446694
0.003787507
0.003031119
0.002208605
0.001336314
0.0004323352
-0.000486595
-0.00140503
-0.002309479
-0.003188949
-0.004032551
-0.004830729
-0.005578878
-0.006276778
-0.006925265
-0.007523816
-0.00806691
-0.008545853
-0.008951713
-0.009278165
-0.00952294
-0.009685997
-0.009765666
-0.009763252
-0.00969259
-0.009578887
-0.009449088
-0.009319392
-0.00918884
-0.009049289
-0.008895277
-0.00872448
-0.008533697
-0.0083167
-0.008065564
-0.007774353
-0.007442615
-0.007072464
-0.006662613
-0.006209602
-0.005713246
-0.005180425
-0.00462514
-0.004064803
-0.003517845
-0.002999363
-0.00251828
-0.002072603
-0.001647424
-0.001216854
-0.0007454095
-0.000199877
0.0004379829
0.001167351
0.001971023
0.002822181
0.003690268
0.004549148
0.005383022
0.006187574
0.006964586
0.007720195
0.008461448
0.009194095
0.009918691
0.01062417
0.01129049
0.01189659
0.01242538
0.01286826
0.01322467
0.01349986
0.01370025
0.01382589
0.01387288
0.01383586
0.01370557
0.0134731
0.01313917
0.01271594
0.0122231
0.01168357
0.0111179
0.01053879
0.00995095
0.00935602
0.008754839
0.008144867
0.007517137
0.006856034
0.006143851
0.005365322
0.004511495
0.00358323
0.00259241
0.001559139
0.00050469
-0.0005533357
-0.001602644
-0.002642877
-0.003681881
-0.004725769
-0.005774721
-0.006827966
-0.007882659
-0.008933602
-0.009973387
-0.0109922
-0.01197572
-0.01290791
-0.01376969
-0.01454316
-0.01521994
-0.01579923
-0.01628266
-0.01667129
-0.01696535
-0.01716689
-0.01727701
-0.01729355
-0.01721328
-0.01703151
-0.01674211
-0.01633784
-0.01581076
-0.01515817
-0.01438954
-0.01352804
-0.01260928
-0.01167347
-0.01075819
-0.009894458
-0.009103695
-0.008392136
-0.007751264
-0.007165042
-0.006619841
-0.006107957
-0.005623596
-0.005158553
-0.004699074
-0.004226742
-0.003726705
-0.003195542
-0.002642125
-0.002080771
-0.001530583
-0.00100896
-0.0005279009
-9.544775e-05
0.0002844778
0.0006143919
0.0009017083
0.00115618
0.001390783
0.001623344
0.001875998
0.00217135
0.002525013
0.00294015
0.003409265
0.003920752
0.004465455
0.005039179
0.005640063
0.006262882
0.006895905
0.007524518
0.008133601
0.008709835
0.009246076
0.009741134
0.01019045
0.01058192
0.01089828
0.01112662
0.01126225
0.01130778
0.01127011
0.01115899
0.01098223
0.01074041
0.01042997
0.01004769
0.00959442
0.009077819
0.008513329
0.007919359
0.007307974
0.006681702
0.006036258
0.005362891
0.004653232
0.003904218
0.003121442
0.002318507
0.001514132
0.000725593
-3.45278e-05
-0.0007610906
-0.001454708
-0.002117173
-0.002748086
-0.003345579
-0.003909773
-0.004446551
-0.004964404
-0.005467777
-0.005954609
-0.006417054
-0.006841366
-0.007211074
-0.007510708
-0.007731298
-0.007877748
-0.007967233
-0.008022157
-0.008063878
-0.008107446
-0.008156823
-0.008204967
-0.008232778
-0.008211341
-0.008108265
-0.007898848
-0.007577916
-0.007160567
-0.006671246
-0.006128165
-0.005539068
-0.004913644
-0.004268683
-0.003619044
-0.002970338
-0.002319659
-0.001661625
-0.0009948311
-0.0003251016
0.0003380254
0.0009852141
0.001609116
0.002207604
0.002782676
0.003340225
0.003888852
0.004433319
0.004970013
0.005487749
0.005971672
0.006409322
0.006795592
0.007135494
0.007440256
0.007719246
0.007975647
0.008207015
0.00840297
0.008544168
0.008611234
0.00859001
0.008474724
0.008269083
0.007981851
0.007627077
0.007221966
0.00678234
0.006321774
0.005848487
0.005363449
0.004861007
0.004330981
0.003763483
0.003152464
0.002497546
0.001807984
0.001103214
0.0004057086
-0.0002686483
-0.0009060426
-0.001488256
-0.001996555
-0.002417916
-0.002750062
-0.003001828
-0.003188759
-0.003326387
-0.003427671
-0.003504001
-0.003563959
-0.003610866
-0.003642905
-0.00365248
-0.003628033
-0.003563238
-0.003461674
-0.003337474
-0.003211747
-0.003104401
-0.003027556
-0.002981261
-0.002957564
-0.002946169
-0.00293985
-0.002937482
-0.002940081
-0.002947099
-0.002954616
-0.002954782
-0.002937857
-0.002896203
-0.002827376
-0.002737009
-0.002636094
-0.00253448
-0.002435765
-0.002338629
-0.002242282
-0.002151457
-0.002078202
-0.002041813
-0.002065268
-0.002167718
-0.002355272
-0.002614386
-0.002914995
-0.00321965
-0.003493713
-0.003714141
-0.003872574
-0.003972537
-0.004021567
-0.004024979
-0.003981631
-0.003881517
-0.003710019
-0.003455978
-0.003118689
-0.002709833
-0.002253044
-0.001777827
-0.001312092
-0.0008812191
-0.0005072046
-0.000208033
5.150755e-06
0.0001302725
0.0001781823
0.0001722944
0.0001435603
0.0001208442
0.0001220539
0.0001501185
0.0001967159
0.0002446987
0.0002716456
0.0002554249
0.0001788501
3.439919e-05
-0.0001739035
-0.000431819
-0.0007126042
-0.0009777601
-0.001188524
-0.001318552
-0.001363998
-0.001345839
-0.001301999
-0.001272309
-0.001287555
-0.001363987
-0.001504373
-0.001703832
-0.001955019
-0.002249211
-0.002579213
-0.002946429
-0.00335821
-0.003820768
-0.004337687
-0.004910884
-0.005538959
-0.006209729
-0.0068972
-0.007566088
-0.008172968
-0.008666414
-0.008997358
-0.009131713
-0.009056824
-0.008779366
-0.008321011
-0.00771443
-0.006994659
-0.00619298
-0.005338742
-0.004457962
-0.003571667
-0.002693533
-0.001827284
-0.0009676468
-0.0001049338
0.00077022
0.001660381
0.002557581
0.003449724
0.004328268
0.005188261
0.006029148
0.006852232
0.007653824
0.008422892
0.009141399
0.009789452
0.01035476
0.01083346
0.01122646
0.01154083
0.01179033
0.0119893
0.01215234
0.01229347
0.01242174
0.01253951
0.01263931
0.01270189
0.01269691
0.01258794
0.01234191
0.01194137
0.01138895
0.01070028
0.009895327
0.008995863
0.008025876
0.007011875
0.005981724
0.0049617
0.003974791
0.003039261
0.002167062
0.001365403
0.0006365004
-1.812667e-05
-0.0005939969
-0.001084291
-0.001487085
-0.001809158
-0.002064047
-0.002274213
-0.002469771
-0.002681461
-0.002936191
-0.003252448
-0.003639231
-0.004096779
-0.004613728
-0.005170003
-0.005747459
-0.006331596
-0.006907583
-0.007458975
-0.007971886
-0.00843653
-0.008846721
-0.009198106
-0.009485915
-0.009708756
-0.00987254
-0.009984506
-0.01004962
-0.01007202
-0.01005367
-0.009997457
-0.009911404
-0.009805376
-0.009690619
-0.009580774
-0.009490874
-0.009429037
-0.009389908
-0.009359649
-0.009325886
-0.009279767
-0.009211924
-0.009114121
-0.008982269
-0.008817695
-0.008628321
-0.008420519
-0.008194051
-0.007946606
-0.007676611
-0.007384137
-0.007070572
-0.006740052
-0.006397118
-0.006043053
-0.005678018
-0.00530347
-0.004928302
-0.004568564
-0.004238482
-0.003946369
-0.003694058
-0.003480024
-0.003299959
-0.003147656
-0.003013312
-0.002882417
-0.002741782
-0.002581743
-0.002395559
-0.002184378
-0.001956229
-0.001718582
-0.001472042
-0.001208558
-0.0009131972
-0.0005705488
-0.0001730496
0.0002742858
0.0007604323
0.001273514
0.001798242
0.002316429
0.00281099
0.003269215
0.003686625
0.004064419
0.004404804
0.004707414
0.004974006
0.005212037
0.005435906
0.005665942
0.005922891
0.006223804
0.006579513
0.00699146
0.00745469
0.007958917
0.008490708
0.009036712
0.009582247
0.01011167
0.01061562
0.01108997
0.01152694
0.01191066
0.01221789
0.01242725
0.01252829
0.01252567
0.01243833
0.01229356
0.01211455
0.01191353
0.01169412
0.01145159
0.0111713
0.01083019
0.01040344
0.009874223
0.009240746
0.008515857
0.007720873
0.006881681
0.006024237
0.005168674
0.004326096
0.003505038
0.002716055
0.001971478
0.001280023
0.0006453852
6.942611e-05
-0.0004450756
-0.000899442
-0.001299293
-0.001651874
-0.001961459
-0.002229182
-0.002455864
-0.002644862
-0.002804113
-0.002944431
-0.00307608
-0.003204817
-0.003331578
-0.003458119
-0.003592347
-0.003748999
-0.003946534
-0.004205408
-0.004541602
-0.004957716
-0.005441729
-0.005973518
-0.006529635
-0.00708556
-0.007621291
-0.008119475
-0.008563676
-0.008935466
-0.009210839
-0.009365432
-0.009381073
-0.009249117
-0.008974777
-0.008580503
-0.008096024
-0.0075452
-0.006943869
-0.006305197
-0.005646107
-0.004987052
-0.004346189
-0.003731325
-0.003139255
-0.002560349
-0.001983515
-0.001400347
-0.0008084302
-0.0002140785
0.0003675211
0.000918057
0.001420872
0.001862741
0.002237428
0.002545425
0.002779057
0.002917435
0.002940204
0.002838384
0.002617524
0.002294007
0.001888068
0.001418875
0.0009059212
0.0003683003
-0.0001743887
-0.0007008038
-0.00119338
-0.001642036
-0.002043208
-0.002399528
-0.00271704
-0.002999303
-0.00324522
-0.003450386
-0.00361169
-0.00372813
-0.003797619
-0.003814524
-0.003771163
-0.003660243
-0.003477148
-0.003219919
-0.002892636
-0.002509746
-0.002089485
-0.00164662
-0.001189637
-0.0007160287
-0.0002156864
0.0003228197
0.0009076387
0.00153931
0.002208027
0.002894613
0.003578602
0.004248381
0.004899853
0.005533278
0.006152235
0.006762257
0.007369473
0.007972915
0.008565278
0.009143422
0.009709524
0.01026805
0.01082335
0.01137808
0.01192974
0.01246817
0.01297374
0.01342714
0.01381721
0.0141388
0.01438765
0.01455255
0.01461736
0.01456582
0.01438729
0.01408072
0.0136527
0.01311417
0.0124764
0.01174673
0.0109294
0.01002936
0.009058989
0.008040809
0.007004842
0.005979702
0.004990841
0.004059337
0.003196993
0.002401446
0.001656273
0.0009362351
0.0002196612
-0.0005071504
-0.001253358
-0.002025348
-0.002823612
-0.003639913
-0.004459011
-0.005263016
-0.006033099
-0.006750797
-0.007399803
-0.007970646
-0.008461668
-0.008874895
-0.00921395
-0.00948767
-0.009706734
-0.009878006
-0.01000194
-0.0100748
-0.01009059
-0.01004305
-0.009927072
-0.009737736
-0.009470729
-0.00912542
-0.008708459
-0.008237624
-0.007744304
-0.007264555
-0.006827653
-0.006449452
-0.006132653
-0.005871006
-0.005649993
-0.005448812
-0.005244659
-0.005018696
-0.004762156
-0.004475657
-0.004163016
-0.003824315
-0.003456265
-0.003057058
-0.002626682
-0.002167914
-0.001688985
-0.001204686
-0.0007348943
-0.0002996994
8.578064e-05
0.000412929
0.0006798159
0.0008892445
0.001044119
0.001145222
0.001195009
0.00119937
0.001166473
0.001104834
0.001024041
0.0009362048
0.0008522909
0.0007786925
0.0007192677
0.0006749683
0.0006407039
0.0006039806
0.0005523654
0.0004795991
0.0003860126
0.0002768485
0.0001564826
2.742294e-05
-0.0001070525
-0.0002427563
-0.0003764513
-0.0005076528
-0.0006373902
-0.0007616348
-0.000872491
-0.0009597816
-0.001013164
-0.001026443
-0.001000254
-0.0009374388
-0.0008337629
-0.0006761215
-0.0004485624
-0.0001374386
0.0002632879
0.0007465417
0.001290512
0.001861576
0.002423802
0.002948679
0.003417813
0.003825455
0.004177833
0.004489252
0.004771903
0.00502776
0.005248796
0.005424544
0.005550695
0.005633887
0.005692418
0.005747401
0.00581278
0.005892008
0.005981143
0.006073051
0.006156148
0.006212288
0.006218725
0.006158244
0.006027729
0.005833959
0.00558313
0.005277956
0.004921607
0.004519985
0.004083873
0.003625304
0.003153315
0.002673933
0.002192259
0.001712695
0.001238218
0.0007686744
0.0002998494
-0.000171979
-0.0006438268
-0.001105915
-0.001543007
-0.001939223
-0.002283988
-0.002575176
-0.002820283
-0.003033789
-0.003230995
-0.00342648
-0.003632401
-0.003857716
-0.004108422
-0.004383179
-0.004670982
-0.004956562
-0.005225626
-0.005469354
-0.005687369
-0.005882013
-0.006053525
-0.006198568
-0.006310507
-0.006382141
-0.006410801
-0.006401518
-0.006367521
-0.006325981
-0.006289229
-0.006257929
-0.006219641
-0.00615425
-0.006044072
-0.005878796
-0.005651057
-0.00535241
-0.004976009
-0.004518498
-0.003979519
-0.003361276
-0.002671298
-0.001919481
-0.001119456
-0.000289513
0.0005526987
0.001394072
0.002223554
0.003030135
0.003806702
0.004551341
0.005264713
0.005947717
0.006597321
0.007207959
0.007773936
0.008287611
0.008741353
0.009135072
0.009475482
0.009770855
0.0100304
0.01026064
0.01046083
0.01062481
0.01074243
0.01079897
0.01078215
0.01068878
0.01052404
0.01029681
0.010013
0.009671597
0.009270237
0.008808078
0.008287539
0.007711302
0.007079562
0.00639003
0.005639885
0.004829117
0.003963956
0.003060765
0.002141912
0.001231823
0.0003570709
-0.0004591002
-0.001202424
-0.001868815
-0.002463836
-0.003003823
-0.003507716
-0.003990395
-0.004459554
-0.00491266
-0.005338812
-0.005727137
-0.006071227
-0.006370274
-0.006627372
-0.006847974
-0.007033955
-0.007184089
-0.007298547
-0.007380194
-0.007431861
-0.007452614
-0.007436953
-0.007378466
-0.00727263
-0.007117807
-0.006914074
-0.006666369
-0.006387981
-0.006100143
-0.005824713
-0.005575642
-0.005354668
-0.005154203
-0.004962363
-0.004770541
-0.004576913
-0.004385883
-0.004205191
-0.004038814
-0.003881773
-0.003720493
-0.003538625
-0.003325217
-0.003076892
-0.002798821
-0.002504151
-0.002206865
-0.001919697
-0.001653251
-0.00140971
-0.001180611
-0.0009532215
-0.000714977
-0.0004570479
-0.0001759199
0.0001273654
0.0004484908
0.0007853011
0.001137057
0.001504532
0.001890346
0.002293598
0.002707045
0.003120812
0.003528568
0.003932196
0.004339425
0.004755662
0.005183024
0.005616675
0.006046347
0.006462561
0.006865002
0.007263755
0.007672036
0.008098608
0.008548381
0.009024335
0.00952651
0.01004941
0.01058257
0.0111148
0.0116393
0.01215325
0.01265566
0.01314505
0.01361676
0.01406295
0.01447431
0.01484339
0.01516456
0.01543156
0.01563479
0.01576415
0.015813
0.01577673
0.01565344
0.01544819
0.01517554
0.01485759
0.01451864
0.01417568
0.01383071
0.01347859
0.01311651
0.01274797
0.01237832
0.01200838
0.01163375
0.01124674
0.01083525
0.01038714
0.009892918
0.009345791
0.008745769
0.008099589
0.007420322
0.006726182
0.00603117
0.00534087
0.004652608
0.003959076
0.003256149
0.002549937
0.001853654
0.001183813
0.000556333
-1.748941e-05
-0.0005361254
-0.001007826
-0.001444651
-0.001856203
-0.00224985
-0.002630273
-0.002996864
-0.003346275
-0.003675647
-0.003983177
-0.004270282
-0.004541281
-0.004803009
-0.005064194
-0.005331491
-0.005605918
-0.005883184
-0.006153841
-0.006405891
-0.006632923
-0.006841317
-0.007041189
-0.007240857
-0.007449233
-0.007673068
-0.007911217
-0.008157121
-0.008398745
-0.008617259
-0.008793881
-0.008920201
-0.009003623
-0.009061366
-0.009111279
-0.009167634
-0.009238493
-0.009326649
-0.009430739
-0.009551366
-0.009697445
-0.009884935
-0.01013161
-0.01044793
-0.01083201
-0.01126733
-0.01172723
-0.01218294
-0.01261071
-0.01299411
-0.01332552
-0.01360271
-0.01381922
-0.0139622
-0.01401486
-0.01396373
-0.01380643
-0.01355113
-0.01321594
-0.01282619
-0.01240572
-0.01196705
-0.01150872
-0.01102171
-0.01049664
-0.009926907
-0.009312702
-0.008661868
-0.007985782
-0.007295333
-0.006602489
-0.005916039
-0.005237176
-0.004556157
-0.003853474
-0.003104368
-0.002286895
-0.001385758
-0.0003918709
0.0006921065
0.001848805
0.00305499
0.004288472
0.005529314
0.006760267
0.007967404
0.009137581
0.01025353
0.01129237
0.01223059
0.01305085
0.01374889
0.01433295
0.01482284
0.01524921
0.01564346
0.01602389
0.01639251
0.016738
0.01704404
0.01729759
0.01749035
0.01761728
0.01767701
0.01767057
0.01759918
0.01746524
0.01726728
0.01699525
0.0166358
0.01617784
0.01561448
0.01494116
0.01415449
0.01325636
0.01225817
0.01118311
0.01005944
0.008918303
0.007796568
0.00673102
0.005744326
0.00483746
0.003987936
0.00315791
0.002305034
0.001393508
0.0003991
-0.0006878266
-0.001865253
-0.003120721
-0.004435052
-0.005786461
-0.007152578
-0.008510607
-0.009838226
-0.01111523
-0.0123247
-0.01345447
-0.01449633
-0.01544579
-0.01630425
-0.01707657
-0.01777282
-0.01840818
-0.01899741
-0.01955204
-0.02008093
-0.02059115
-0.02108893
-0.02157555
-0.02204847
-0.02250406
-0.02293772
-0.0233436
-0.02371243
-0.02402746
-0.02426754
-0.02441544
-0.02446482
-0.02442125
-0.02429302
-0.02408367
-0.02379526
-0.0234345
-0.02300788
-0.02251854
-0.0219683
-0.02136334
-0.02071733
-0.02004903
-0.01937653
-0.01870993
-0.018049
-0.01738903
-0.01672373
-0.01604663
-0.01535019
-0.01462615
-0.01386764
-0.01306938
-0.01222325
-0.01132058
-0.01035735
-0.009336513
-0.00826416
-0.007145395
-0.005982466
-0.004777561
-0.003531346
-0.002240685
-0.0008986712
0.0004982406
0.001944055
0.003426431
0.004933755
0.006455418
0.0079848
0.009519352
0.01105717
0.01259068
0.01410428
0.01557481
0.01697406
0.01827868
0.01947906
0.0205722
0.02155769
0.02243757
0.02321401
0.02389085
0.02447845
0.02499059
0.02544298
0.02585159
0.02622955
0.02658288
0.02690645
0.02718441
0.02739551
0.02751708
0.02752831
0.02742003
0.02719874
0.02687958
0.02647817
0.02600735
0.02547832
0.02489959
0.02427876
0.02362497
0.02294881
0.0222584
0.02155798
0.02084872
0.02013132
0.01940528
0.01866276
0.0178907
0.01707041
0.01618089
0.0152072
0.01414695
0.01301103
0.01182294
0.0106106
0.009398581
0.008203406
0.00703449
0.005894903
0.004782093
0.003688782
0.002604994
0.001518923
0.0004227352
-0.000686182
-0.001807755
-0.002940492
-0.004082853
-0.005233309
-0.006382801
-0.007516097
-0.008618184
-0.009682094
-0.01070817
-0.01170247
-0.01267341
-0.01362957
-0.01457651
-0.0155167
-0.01644733
-0.01736247
-0.01825202
-0.01910003
-0.01988903
-0.02060634
-0.02124281
-0.0217871
-0.02222685
-0.02255537
-0.02276908
-0.02286083
-0.02281647
-0.02261809
-0.02225502
-0.02173295
-0.02107108
-0.02029617
-0.01943573
-0.01850989
-0.01753301
-0.01651675
-0.01547758
-0.01443605
-0.01341073
-0.01241823
-0.0114727
-0.01057839
-0.009727288
-0.008905246
-0.008093933
-0.007272958
-0.006427967
-0.005551545
-0.004640173
-0.003691668
-0.002703861
-0.001673066
-0.0005966565
0.0005237228
0.001679596
0.002855391
0.004029978
0.005181808
0.006291136
0.007338886
0.008306749
0.009179477
0.009944861
0.01059446
0.01112368
0.01153273
0.0118262
0.01200733
0.01207803
0.01203991
0.01189192
0.01163214
0.01126435
0.01080247
0.01026669
0.009675528
0.009038096
0.008352344
0.007611102
0.006808869
0.005947206
0.005036182
0.004093256
0.003145259
0.002226749
0.001370892
0.0006029648
-5.999344e-05
-0.000611505
-0.001058093
-0.001412218
-0.001685341
-0.001888761
-0.002035874
-0.002139229
-0.002212519
-0.002274234
-0.002343949
-0.0024394
-0.002571903
-0.002737114
-0.002912385
-0.003063486
-0.003156922
-0.003171697
-0.003105926
-0.002976325
-0.002811021
-0.002637121
-0.00246809
-0.002299143
-0.002111041
-0.001880332
-0.001592644
-0.001246991
-0.000853368
-0.0004255436
3.233007e-05
0.0005285379
0.001074649
0.001676893
0.00233453
0.003040893
0.003785292
0.004551407
0.005320026
0.006074282
0.006803278
0.007507645
0.008199796
0.00889578
0.009611473
0.0103576
0.01113999
0.01195697
0.01279572
0.01363901
0.01447142
0.01527751
0.01604014
0.01673869
0.01734743
0.01783721
0.01818158
0.0183637
0.01837998
0.01823844
0.01795958
0.01757324
0.01711403
0.01661734
0.01611241
0.01561779
0.01514098
0.01467966
0.01422494
0.01376587
0.01328694
0.01277177
0.01220563
0.0115758
0.01087
0.01007452
0.009173066
0.008149974
0.006996018
0.005717584
0.004336644
0.002884093
0.001385713
-0.0001437059
-0.001700557
-0.003288243
-0.004913567
-0.006579915
-0.008280078
-0.009996949
-0.0117127
-0.01341233
-0.01508411
-0.01671951
-0.01831592
-0.01987355
-0.0213867
-0.02283946
-0.02420963
-0.02548011
-0.02664737
-0.02771596
-0.02869489
-0.02958918
-0.03039347
-0.03109353
-0.03167424
-0.03212481
-0.03243857
-0.03260927
-0.03262594
-0.03247206
-0.0321317
-0.03159567
-0.03086259
-0.0299357
-0.02881892
-0.02751049
-0.02599711
-0.02426131
-0.02229169
-0.02009753
-0.01771589
-0.01520925
-0.01265272
-0.0101194
-0.007665848
-0.005325093
-0.003106837
-0.00100644
0.0009908266
0.002906196
0.004764617
0.006588836
0.008398451
0.01020997
0.01203851
0.01389277
0.0157689
0.01765411
0.01953497
0.02140111
0.02324509
0.02505701
0.0268218
0.02851764
0.03011659
0.03158469
0.03288805
0.03400101
0.03491223
0.03562655
0.0361618
0.03654261
0.03679307
0.03693438
0.03698323
0.03695344
0.03685534
0.03669498
0.03647123
0.03617793
0.03581005
0.03536925
0.0348637
0.03430399
0.0336957
0.03303764
0.03232563
0.03155635
0.03072285
0.02980937
0.02879562
0.02766352
0.02640029
0.02500306
0.02347581
0.02182547
0.02005718
0.01817551
0.01618436
0.01409015
0.0119012
0.009625839
0.00726764
0.004827358
0.002306147
-0.0002937938
-0.00297042
-0.005717415
-0.008522354
-0.01136621
-0.01422986
-0.01709793
-0.01995637
-0.02278531
-0.02556347
-0.02827661
-0.03092834
-0.03353215
-0.03610767
-0.03867642
-0.04125886
-0.04386518
-0.04648662
-0.04909387
-0.05164787
-0.0541094
-0.05644613
-0.05863565
-0.06066885
-0.06254794
-0.06428266
-0.06588004
-0.06734377
-0.06867407
-0.069872
-0.07093866
-0.07187009
-0.07265735
-0.0732878
-0.07374643
-0.07401612
-0.0740759
-0.07390752
-0.07350352
-0.07286091
-0.07197383
-0.07083756
-0.06945205
-0.06781953
-0.0659552
-0.0638965
-0.06169151
-0.0593715
-0.05694366
-0.05440076
-0.05173281
-0.04892855
-0.0459812
-0.04289124
-0.03966771
-0.03632838
-0.0329034
-0.02942732
-0.02592857
-0.02241821
-0.01889911
-0.01537107
-0.01183409
-0.00828548
-0.004722674
-0.001145361
0.002438008
0.006014354
0.009567619
0.01308653
0.01657067
0.02003108
0.02347826
0.02691335
0.03032143
0.03367779
0.03694918
0.04010485
0.04312099
0.04598048
0.04866123
0.05113151
0.05335479
0.05530183
0.05695254
0.05829889
0.05934775
0.06011537
0.06062195
0.06089192
0.06095115
0.06082518
0.06053787
0.06010714
0.05953928
0.05883359
0.05798863
0.05700629
0.05588752
0.05462394
0.05319679
0.05158962
0.04980128
0.04784661
0.04575189
0.04355073
0.04128391
0.03899192
0.03670701
0.03445111
0.03224285
0.03010981
0.02808572
0.02618878
0.02441389
0.02274615
0.02117772
0.01970298
0.0183063
0.01696628
0.01566471
0.01438776
0.01312371
0.01185823
0.01058042
0.009287304
0.007982573
0.006674138
0.005370921
0.004077413
0.002792975
0.001515362
0.0002467352
-0.001007541
-0.002243229
-0.003457303
-0.004644078
-0.005794798
-0.006895202
-0.007929531
-0.008881526
-0.009736546
-0.0104864
-0.01113128
-0.01167329
-0.0121123
-0.01244814
-0.01268804
-0.01285064
-0.01296183
-0.01304082
-0.01309756
-0.01314166
-0.01318563
-0.01323838
-0.01329708
-0.01335194
-0.01339673
-0.01343135
-0.01345352
-0.01345162
-0.01340383
-0.01328494
-0.01307354
-0.01275336
-0.01231515
-0.01175918
-0.01109497
-0.01033901
-0.009508927
-0.008617005
-0.007664641
-0.006647274
-0.005560375
-0.004404026
-0.003179869
-0.001885914
-0.0005183963
0.000922616
0.002432785
0.004007032
0.005642673
0.00733927
0.00909472
0.01089728
0.01272662
0.01456298
0.0163969
0.01822838
0.020064
0.02191218
0.02378006
0.02566626
0.02756119
0.02944957
0.03131937
0.0331599
0.03495779
0.03669715
0.03836316
0.0399463
0.04144416
0.04285852
0.0441915
0.04544068
0.04660001
0.04766244
0.0486281
0.04950513
0.05030335
0.051031
0.05169631
0.05230445
0.05285077
0.05331865
0.0536845
0.05392658
0.05402762
0.05397382
0.05375577
0.05337413
0.05283991
0.05216783
0.0513683
0.05044449
0.04940215
0.0482621
0.04704495
0.04574812
0.04434386
0.04280654
0.04112675
0.03930398
0.03734049
0.03524868
0.03305376
0.03078547
0.02846659
0.02611785
0.02376129
0.02141454
0.01908571
0.01678337
0.01452633
0.01234354
0.01025646
0.008272414
0.006387118
0.004591776
0.002878338
0.001241935
-0.0003213186
-0.001808369
-0.003208807
-0.004508061
-0.005703918
-0.006809359
-0.007841197
-0.008812084
-0.0097347
-0.01062013
-0.01147211
-0.01228244
-0.01303693
-0.01372379
-0.01433762
-0.01487606
-0.01534294
-0.01574861
-0.01610794
-0.01643367
-0.01673632
-0.01702373
-0.01730416
-0.01758882
-0.01789244
-0.01822909
-0.01861115
-0.01904821
-0.01954746
-0.0201118
-0.02073746
-0.02141627
-0.02214378
-0.02292018
-0.02375056
-0.02463984
-0.02559022
-0.02660058
-0.02766891
-0.02878869
-0.02994953
-0.03113543
-0.03232824
-0.03351309
-0.0346771
-0.03580451
-0.03687447
-0.0378592
-0.03872292
-0.03942259
-0.03991584
-0.04016456
-0.04013758
-0.03981006
-0.03916298
-0.03818689
-0.03688971
-0.03529869
-0.03345825
-0.03142487
-0.02925823
-0.02701474
-0.0247397
-0.02246119
-0.0201964
-0.01796479
-0.0157863
-0.01366706
-0.01159184
-0.009538529
-0.007495068
-0.005459929
-0.003433907
-0.00141585
0.0005968045
0.002607946
0.004627057
0.006668787
0.008751047
0.01089184
0.01310471
0.01539564
0.01776431
0.02020547
0.0227082
0.02525252
0.02780761
0.03033291
0.03278461
0.0351217
0.03730691
0.03930566
0.04108927
0.04263763
0.04394233
0.04500366
0.04582283
0.04639699
0.04671582
0.04676161
0.04650947
0.04593061
0.04499777
0.04369234
0.04201202
0.0399754
0.03761418
0.03496251
0.03204988
0.02890311
0.02555223
0.02203975
0.01841366
0.01472238
0.01100901
0.007314343
0.00367152
9.991277e-05
-0.003400151
-0.006843076
-0.0102552
-0.01366244
-0.01708242
-0.02051794
-0.02396384
-0.02741037
-0.03085213
-0.0342833
-0.03768743
-0.0410295
-0.04427274
-0.04739751
-0.05040772
-0.0533094
-0.05609842
-0.05876312
-0.06129815
-0.063707
-0.06600585
-0.06821953
-0.07037415
-0.07248246
-0.07454165
-0.07654063
-0.07847727
-0.08035768
-0.08219422
-0.08400061
-0.08578978
-0.08757161
-0.08934297
-0.09108074
-0.09275375
-0.0943345
-0.09580516
-0.09715621
-0.09838527
-0.09949427
-0.1004863
-0.1013584
-0.1021014
-0.1027146
-0.1032174
-0.1036339
-0.1039766
-0.1042516
-0.1044668
-0.1046333
-0.1047592
-0.1048476
-0.1048934
-0.1048843
-0.1048064
-0.1046504
-0.1044092
-0.1040721
-0.1036182
-0.1030193
-0.1022437
-0.1012657
-0.1000692
-0.09864506
-0.09698285
-0.09507051
-0.09289684
-0.09045666
-0.08774718
-0.0847663
-0.08151358
-0.0780007
-0.07425673
-0.07033101
-0.06628229
-0.06217835
-0.05808355
-0.05404763
-0.05009288
-0.04621461
-0.04238566
-0.03857409
-0.03475224
-0.03090673
-0.02703831
-0.02316227
-0.01929606
-0.01545234
-0.01163211
-0.007834832
-0.004055827
-0.0002921471
0.003467783
0.00724026
0.01104051
0.01487314
0.01873594
0.02262369
0.02653226
0.03045171
0.03437435
0.03829957
0.04223909
0.04620415
0.05019344
0.05418617
0.05815382
0.06206651
0.06590631
0.0696669
0.07334794
0.07694113
0.08042812
0.08378123
0.08697455
0.08998562
0.09280163
0.09541742
0.09783133
0.1000437
0.1020629
0.1039004
0.1055654
0.1070592
0.1083775
0.1095148
0.1104674
0.1112303
0.1117885
0.1121095
0.1121462
0.1118485
0.1111825
0.1101354
0.1087034
0.1068788
0.1046596
0.1020643
0.09912253
0.0958601
0.09230023
0.08847864
0.08444498
0.08024811
0.07592015
0.07148279
0.06695572
0.0623602
0.05771655
0.05305006
0.04838941
0.04376053
0.03917548
0.03464126
0.0301677
0.02577002
0.0214581
0.01723008
0.0130783
0.009004087
0.005016365
0.001126764
-0.002656556
-0.006327155
-0.009882971
-0.01332206
-0.01663859
-0.019819
-0.022846
-0.02569661
-0.02834761
-0.03078113
-0.03299164
-0.03498074
-0.03675316
-0.03831625
-0.03968484
-0.04087788
-0.04191523
-0.04281522
-0.04359745
-0.04428454
-0.0449021
-0.04547547
-0.04602527
-0.04656222
-0.04708387
-0.04757345
-0.04800841
-0.04836946
-0.04864102
-0.04880282
-0.04882263
-0.04865855
-0.04827173
-0.04763804
-0.04675257
-0.04562639
-0.04427755
-0.04272414
-0.04098334
-0.03908
-0.03704806
-0.0349237
-0.03273288
-0.03048577
-0.02818005
-0.02580784
-0.02335788
-0.02082223
-0.01820396
-0.01552234
-0.01279978
-0.01005371
-0.007305359
-0.004592354
-0.001960223
0.0005563265
0.002945019
0.005207064
0.007351278
0.009396185
0.01137034
0.01330409
0.01522565
0.01715197
0.01908625
0.02101462
0.02291168
0.02475002
0.02650548
0.02815304
0.02966303
0.03100237
0.03214491
0.03307883
0.03380914
0.03435144
0.03472647
0.03495724
0.03506297
0.03505342
0.03492986
0.03468595
0.0343126
0.03380484
0.03316534
0.03240774
0.03156143
0.03066719
0.02976632
0.02889023
0.02804981
0.02723138
0.02640294
0.02552633
0.02456731
0.02350316
0.02232561
0.02104357
0.01968023
0.0182659
0.0168251
0.01537162
0.01391123
0.01244575
0.01097133
0.009480259
0.007966015
0.006424695
0.004850631
0.003236815
0.001578329
-0.0001284272
-0.001884616
-0.003686053
-0.005530478
-0.00742363
-0.009381679
-0.01142429
-0.01356154
-0.01578813
-0.01809471
-0.02047391
-0.0229195
-0.02542129
-0.02796241
-0.0305182
-0.03305834
-0.03554393
-0.03792352
-0.04013585
-0.0421169
-0.04380823
-0.04517005
-0.04618859
-0.04687656
-0.04726231
-0.04737515
-0.04723564
-0.04684943
-0.04620978
-0.04530553
-0.04412941
-0.04268461
-0.04099251
-0.03909394
-0.03704241
-0.03488982
-0.03267126
-0.03039463
-0.02804639
-0.02559688
-0.02300929
-0.02024353
-0.0172705
-0.01407756
-0.01067182
-0.007072061
-0.003296015
0.0006481684
0.00475021
0.00898827
0.01333412
0.01776777
0.02227788
0.0268588
0.03150153
0.03618616
0.04088291
0.04556531
0.05020616
0.05477558
0.05923838
0.06355365
0.06766764
0.07151096
0.07500259
0.07806201
0.08062214
0.0826422
0.08411381
0.08506155
0.08553625
0.0856103
0.08537574
0.08494717
0.08444925
0.08398952
0.08363034
0.08338065
0.08321352
0.08308552
0.08295101
0.08277329
0.08252608
0.0821818
0.0816988
0.08102653
0.08013253
0.07901748
0.07769821
0.07618326
0.07447455
0.07258085
0.07051884
0.06829309
0.06588683
0.06327213
0.06042563
0.05733928
0.05403011
0.05053914
0.04693064
0.0432811
0.03965938
0.03610241
0.03261885
0.02920873
0.02588131
0.02264793
0.0195122
0.01646578
0.01349237
0.01056662
0.007664188
0.004769289
0.00187821
-0.001003446
-0.003864155
-0.006692023
-0.009478778
-0.01223261
-0.01497932
-0.01775487
-0.02058359
-0.02346512
-0.0263748
-0.02927617
-0.03213092
-0.03491157
-0.03760165
-0.04018909
-0.04265242
-0.04496306
-0.04708983
-0.04899943
-0.05065055
-0.05199975
-0.0530094
-0.05364789
-0.05388535
-0.05370032
-0.05308697
-0.05206548
-0.05068435
-0.04901664
-0.04715517
-0.04520338
-0.04327034
-0.04145765
-0.03984349
-0.03847512
-0.03737111
-0.03652635
-0.03591393
-0.0354858
-0.03517408
-0.03489709
-0.03457659
-0.03415133
-0.03358282
-0.0328556
-0.03197021
-0.0309306
-0.02973459
-0.02837042
-0.02682457
-0.02509345
-0.02319
-0.02113347
-0.01894146
-0.0166328
-0.01423588
-0.01178464
-0.009306726
-0.006817393
-0.004319577
-0.001799062
0.0007720993
0.003423594
0.006168496
0.008990135
0.01184182
0.01466704
0.01741282
0.0200365
0.02250627
0.02480135
0.02690417
0.0287991
0.03047492
0.0319271
0.03315546
0.03415997
0.03494266
0.03551644
0.03591182
0.03617427
0.03635225
0.03648596
0.03660308
0.03671612
0.03681968
0.03689792
0.03693415
0.03691353
0.03682084
0.03663058
0.03629214
0.03572589
0.03483368
0.03351407
0.03168149
0.02928224
0.02630901
0.02281064
0.01889497
0.01472744
0.01052203
0.006512968
0.002917001
-0.0001036885
-0.00245973
-0.004136664
-0.00518339
-0.005700616
-0.005820518
-0.005682312
-0.005408244
-0.005093208
-0.004805617
-0.004597808
-0.00452083
-0.004635977
-0.005006906
-0.00567696
-0.006646018
-0.00787021
-0.009280573
-0.01080584
-0.01238679
-0.01399038
-0.01561681
-0.01729524
-0.01906174
-0.02093455
-0.02290244
-0.02492777
-0.02695741
-0.02893637
-0.03082096
-0.03259116
-0.03424374
-0.03577891
-0.03719187
-0.03847203
-0.0396053
-0.04057642
-0.04136643
-0.04195233
-0.04231294
-0.04243897
-0.04233574
-0.04201839
-0.04150387
-0.0407965
-0.03988262
-0.03873475
-0.03732527
-0.03564399
-0.03371248
-0.03158197
-0.02931832
-0.02697407
-0.02457334
-0.02210478
-0.01953526
-0.0168402
-0.01403172
-0.0111561
-0.00827461
-0.005442008
-0.002696567
-5.161483e-05
0.002503295
0.004997429
0.007470931
0.009973525
0.01256142
0.01528925
0.01819179
0.02127625
0.02452152
0.02788986
0.03133457
0.03480237
0.03823638
0.04158736
0.04481658
0.04790117
0.05082467
0.05357069
0.05612216
0.05846333
0.0605742
0.06242641
0.0639835
0.06521643
0.06611863
0.06671767
0.06707523
0.06727437
0.06740234
0.06753216
0.06771054
0.06795374
0.06824969
0.06856502
0.06885671
0.069076
0.06917044
0.06908826
0.06878679
0.06824081
0.06744799
0.06642523
0.0652073
0.06383271
0.06232496
0.06068127
0.0588748
0.05686553
0.05462714
0.05216435
0.04950064
0.04664549
0.04359596
0.0403578
0.03695612
0.03342297
0.02979222
0.02609592
0.02236025
0.01859528
0.01479591
0.01095343
0.007072334
0.003168183
-0.0007308704
-0.004588796
-0.00836754
-0.01203682
-0.01557752
-0.01898602
-0.02227603
-0.02548121
-0.02864076
-0.03178898
-0.03494477
-0.03811032
-0.04127098
-0.04440168
-0.04747486
-0.05047437
-0.05339195
-0.05622367
-0.0589651
-0.06160995
-0.06414559
-0.06655325
-0.06880736
-0.07088159
-0.07275166
-0.07439615
-0.07579454
-0.07692574
-0.07776739
-0.07829877
-0.07850256
-0.07837092
-0.07791129
-0.07714563
-0.07610514
-0.07482517
-0.07334068
-0.07167636
-0.06984518
-0.06784888
-0.06567792
-0.06331464
-0.06074158
-0.05795078
-0.05495422
-0.05177892
-0.04845427
-0.04500269
-0.04144929
-0.03782925
-0.03418245
-0.03053954
-0.02691929
-0.02332466
-0.01973894
-0.01612251
-0.01243106
-0.008638683
-0.004743475
-0.0007538117
0.003317717
0.007461621
0.01167392
0.01595845
0.02031855
0.0247501
0.02923544
0.03375073
0.03826952
0.04276549
0.04721268
0.05159159
0.05588508
0.06007074
0.06411474
0.06798055
0.07163502
0.07505683
0.07823732
0.08117755
0.08387971
0.08634546
0.08857286
0.09055279
0.09226849
0.09369872
0.09481981
0.09560836
0.09604301
0.09610156
0.09576243
0.09500533
0.09381313
0.09216962
0.0900623
0.08747932
0.0844074
0.0808267
0.07672079
0.0720996
0.06702379
0.06159391
0.05592415
0.05012514
0.04431934
0.03863669
0.03318692
0.02803807
0.02322221
0.01873367
0.01452448
0.01050448
0.006572662
0.002636755
-0.001372296
-0.005493263
-0.009728484
-0.01405264
-0.01842607
-0.02281179
-0.02718225
-0.03152853
-0.03586001
-0.04020416
-0.04458797
-0.04902807
-0.05352444
-0.05806593
-0.0626258
-0.06716808
-0.07165359
-0.07604936
-0.08032569
-0.08445532
-0.08841016
-0.09216326
-0.09569132
-0.09898616
-0.1020533
-0.1049049
-0.1075446
-0.1099641
-0.1121462
-0.1140808
-0.1157691
-0.1172284
-0.1184898
-0.1195874
-0.1205446
-0.1213666
-0.1220403
-0.12254
-0.1228364
-0.1229107
-0.1227621
-0.1223985
-0.121819
-0.1210089
-0.1199488
-0.1186176
-0.1169887
-0.1150259
-0.1126855
-0.1099177
-0.1066786
-0.1029444
-0.09872995
-0.09409174
-0.08913012
-0.08398077
-0.07879614
-0.07371287
-0.06882848
-0.06418871
-0.05979448
-0.05560911
-0.05158646
-0.04768196
-0.04385349
-0.04006425
-0.03629346
-0.0325319
-0.02877581
-0.02501696
-0.02124931
-0.01746701
-0.0136589
-0.00981161
-0.00592567
-0.002013998
0.001909957
0.00584738
0.009806187
0.01379792
0.01783069
0.02190721
0.02602051
0.03016212
0.03432305
0.03849083
0.04263524
0.04671329
0.05067774
0.05448956
0.0581192
0.06154979
0.06477379
0.06779612
0.07062504
0.0732628
0.07570264
0.07794178
0.07998508
0.08184034
0.08350666
0.0849677
0.0861874
0.08711798
0.0877135
0.08793828
0.08776206
0.08715372
0.0860789
0.08450662
0.08242369
0.07983987
0.07678505
0.07330469
0.06945549
0.06530106
0.06091834
0.0564075
0.05188787
0.04746482
0.0431998
0.0391116
0.03520889
0.03150149
0.02798975
0.02465282
0.02145371
0.01834303
0.01526806
0.01218625
0.009080489
0.005947067
0.002777913
-0.0004447265
-0.003736473
-0.007100994
-0.0105252
-0.01398874
-0.01747396
-0.02097485
-0.02448989
-0.02801554
-0.03153917
-0.03504635
-0.03852536
-0.04197013
-0.045378
-0.04874039
-0.05203635
-0.05523561
-0.05830086
-0.06119365
-0.06387759
-0.06631809
-0.06848288
-0.07034698
-0.07189378
-0.07312086
-0.0740459
-0.07471055
-0.07516776
-0.0754609
-0.07561341
-0.07562974
-0.07550035
-0.07520754
-0.07473359
-0.07406754
-0.07320393
-0.07213507
-0.07084369
-0.06930174
-0.06747432
-0.06531594
-0.0627702
-0.05978163
-0.05633049
-0.05245462
-0.0482377
-0.04377534
-0.03915963
-0.03447975
-0.02982818
-0.02529403
-0.02095943
-0.01688601
-0.01310433
-0.009610751
-0.006386139
-0.003404851
-0.0006374993
0.001949971
0.004388095
0.006707716
0.008947706
0.01115577
0.01337712
0.01565048
0.01800233
0.02044516
0.02297527
0.0255835
0.02826097
0.03100052
0.03379564
0.03664439
0.03954403
0.04249154
0.04547993
0.04849362
0.05150794
0.05449411
0.05742137
0.06026217
0.06299133
0.06558835
0.06803475
0.07031889
0.0724363
0.07438595
0.07616406
0.07777176
0.07921752
0.0805129
0.08166282
0.08266453
0.08350981
0.08418688
0.08468469
0.0849976
0.08512792
0.08508387
0.08486881
0.0844674
0.08384116
0.08293987
0.08172858
0.08020733
0.07839856
0.07631079
0.07393222
0.07125904
0.06831366
0.06512628
0.06172742
0.05816105
0.054492
0.05078938
0.04711585
0.04352439
0.04006061
0.03674727
0.03357511
0.03051251
0.0275285
0.02459917
0.02170752
0.01883799
0.01598053
0.01312621
0.01026026
0.007359314
0.004395933
0.001342864
-0.001814776
-0.005076984
-0.008427472
-0.01184174
-0.01529417
-0.0187682
-0.02225757
-0.02576806
-0.02930317
-0.03285489
-0.03639702
-0.03989386
-0.04331424
-0.04664375
-0.04988122
-0.05303176
-0.05609625
-0.05906922
-0.06193296
-0.06466122
-0.06722608
-0.06960678
-0.07178925
-0.07376406
-0.07552846
-0.077088
-0.07844539
-0.07958546
-0.08047168
-0.08105938
-0.08131418
-0.08121927
-0.0807695
-0.07996591
-0.07881145
-0.07730309
-0.07542999
-0.07318224
-0.07056313
-0.06759033
-0.06429393
-0.06071369
-0.05690534
-0.0529412
-0.04889768
-0.04483119
-0.04077429
-0.03674593
-0.0327589
-0.02881456
-0.02489802
-0.02098082
-0.01703278
-0.01301822
-0.008904473
-0.004671566
-0.0003220423
0.00412339
0.008633633
0.01317874
0.01773493
0.02229481
0.0268566
0.03141372
0.03594658
0.04042576
0.04481419
0.04907538
0.05317739
0.05710096
0.0608381
0.06439252
0.06777518
0.07099954
0.07407295
0.07699285
0.07975651
0.08237595
0.08487268
0.08726049
0.08953163
0.09166121
0.09362053
0.09538368
0.09692457
0.09821587
0.09922839
0.09993212
0.1002986
0.1003037
0.09993063
0.09916589
0.09799339
0.09638798
0.09431543
0.09174016
0.08863027
0.08494944
0.08064809
0.07567653
0.0700385
0.06382621
0.05722182
0.05046195
0.04379625
0.03744666
0.03157181
0.0262386
0.0214292
0.01706977
0.01307337
0.009363146
0.005881533
0.002580464
-0.0005860653
-0.003671326
-0.006728641
-0.009809204
-0.01294955
-0.016169
-0.01946659
-0.02282564
-0.02621438
-0.0295963
-0.03294133
-0.03624353
-0.03951174
-0.04275193
-0.0459493
-0.04906988
-0.05207035
-0.05491582
-0.05758493
-0.06006655
-0.06235343
-0.06445001
-0.06637769
-0.06817224
-0.06987001
-0.0714972
-0.07306033
-0.07454955
-0.07594951
-0.07725206
-0.07845824
-0.07957462
-0.08060487
-0.08155049
-0.08241553
-0.08321312
-0.08396315
-0.08468914
-0.08540633
-0.08611051
-0.08677476
-0.08736617
-0.08786512
-0.08826484
-0.08855412
-0.08871272
-0.08872194
-0.08856116
-0.08819829
-0.08759249
-0.08670633
-0.08551466
-0.08401217
-0.08221276
-0.08013905
-0.07781169
-0.07524547
-0.0724513
-0.0694441
-0.06624099
-0.06286129
-0.05932646
-0.05566526
-0.0519141
-0.04811955
-0.04433234
-0.04060391
-0.03697389
-0.03346837
-0.03009687
-0.02685946
-0.02375179
-0.02077386
-0.01793565
-0.01525201
-0.01272986
-0.01036836
-0.008157365
-0.006079256
-0.004111877
-0.002228101
-0.0003952893
0.001417194
0.003233494
0.005062237
0.006895525
0.008722951
0.01054381
0.01236051
0.01416971
0.01596086
0.01773022
0.01948298
0.02122537
0.02295349
0.02465373
0.02630551
0.02788099
0.02934617
0.03067458
0.03185433
0.03288803
0.03378704
0.03456771
0.03524451
0.03582436
0.03630567
0.03668583
0.03697061
0.03717243
0.03729855
0.03734468
0.03729485
0.03713363
0.03686115
0.03649452
0.036055
0.03555991
0.03501914
0.03443338
0.03379932
0.0331132
0.0323695
0.03155626
0.03065847
0.02966896
0.0285938
0.02744428
0.02622876
0.02495206
0.02361982
0.02224101
0.0208272
0.01938614
0.01791617
0.01641011
0.01486583
0.01329192
0.0117046
0.01011973
0.008552722
0.007019214
0.005524599
0.004056887
0.002599765
0.001151069
-0.0002788746
-0.00168225
-0.003054626
-0.00439549
-0.005707844
-0.007001495
-0.008290008
-0.009579767
-0.01086152
-0.01211647
-0.01332699
-0.01448647
-0.01559559
-0.01665026
-0.01763573
-0.01853352
-0.01932582
-0.01999603
-0.0205348
-0.02094846
-0.02125451
-0.021472
-0.02161707
-0.02170399
-0.02174543
-0.02175222
-0.02173243
-0.02169555
-0.02165365
-0.0216175
-0.02159379
-0.02158548
-0.02159322
-0.02161969
-0.02167156
-0.02175591
-0.02187535
-0.02202495
-0.02219961
-0.02240318
-0.02264519
-0.02293111
-0.02326045
-0.02362714
-0.02402137
-0.02442827
-0.02482703
-0.02519315
-0.02550235
-0.02573151
-0.02586365
-0.02589088
-0.02581354
-0.02563268
-0.02534764
-0.02495729
-0.02446141
-0.02386208
-0.02317073
-0.02240686
-0.02158424
-0.02070213
-0.01974982
-0.01871773
-0.0176116
-0.01645345
-0.01526477
-0.01405278
-0.01281819
-0.01156583
-0.01029967
-0.009010713
-0.007680098
-0.006293704
-0.004856077
-0.003385495
-0.001899489
-0.0004026297
0.001112739
0.002663226
0.004261892
0.005914871
0.007621854
0.009375269
0.0111568
0.01294222
0.01471201
0.0164576
0.01817579
0.01986343
0.02150887
0.02309314
0.02459661
0.02600481
0.02730894
0.0285022
0.02957008
0.03048983
0.0312369
0.03179141
0.03213993
0.03227276
0.03217958
0.0318485
0.03126866
0.03043819
0.02936979
0.02809164
0.02664356
0.02506927
0.02341167
0.0217076
0.01998485
0.01825935
0.01653594
0.01481234
0.01308456
0.01135095
0.009614311
0.007879365
0.006149355
0.004423936
0.00270188
0.0009826427
-0.00073095
-0.002432999
-0.00411508
-0.005772349
-0.007407691
-0.009025647
-0.01062277
-0.01218619
-0.01369817
-0.01514596
-0.01652524
-0.01783692
-0.01908362
-0.02026608
-0.02138067
-0.02242454
-0.02340179
-0.02432526
-0.02521067
-0.02606849
-0.02689902
-0.02768985
-0.02842042
-0.02907052
-0.02962399
-0.03006908
-0.03040181
-0.03062838
-0.03075828
-0.0307952
-0.03073436
-0.03056431
-0.03027107
-0.02984018
-0.029261
-0.02852166
-0.02760125
-0.02645972
-0.02503421
-0.02324391
-0.02100558
-0.01825873
-0.0149983
-0.01129453
-0.00729728
-0.003211694
0.0007361255
0.004348465
0.007508076
0.01021576
0.0125849
0.01479409
0.01701361
0.01935384
0.02184517
0.02445263
0.02710223
0.02970901
0.03220222
0.03454701
0.03674445
0.03881634
0.04078838
0.04268626
0.04453307
0.04634729
0.04813513
0.04989637
0.0516243
0.05330217
0.05489876
0.05637508
0.05769779
0.05885464
0.05986149
0.06075522
0.06157293
0.06233196
0.06302357
0.06362877
0.06414154
0.06458067
0.06498451
0.06539266
0.06582129
0.06625716
0.06667198
0.06703615
0.06732372
0.06751466
0.06759503
0.06755115
0.06736947
0.06704693
0.06660123
0.06605837
0.06542619
0.06468355
0.06379727
0.06274292
0.06151279
0.06010673
0.0585316
0.05680184
0.05493128
0.05291836
0.0507536
0.04843526
0.04597677
0.0433994
0.04072637
0.03798098
0.03518784
0.03237343
0.02956419
0.02677865
0.02403329
0.02134303
0.01872025
0.01616783
0.01368116
0.01124694
0.008846652
0.006458231
0.004065312
0.00165949
-0.0007607406
-0.003194578
-0.005636465
-0.008076993
-0.01050233
-0.01289746
-0.0152504
-0.0175569
-0.0198143
-0.02201276
-0.0241323
-0.02615289
-0.02806235
-0.02986197
-0.03156118
-0.033177
-0.03471987
-0.03618487
-0.03755788
-0.03882429
-0.03997843
-0.04102938
-0.04198951
-0.04286478
-0.04365162
-0.04434011
-0.04491807
-0.0453793
-0.0457243
-0.04595913
-0.04609363
-0.04613666
-0.04609741
-0.04598718
-0.04581611
-0.04559311
-0.04532436
-0.0450131
-0.04466379
-0.04428281
-0.04387704
-0.04345238
-0.04300859
-0.04253801
-0.04202754
-0.04146434
-0.04084311
-0.04016701
-0.03944289
-0.03867238
-0.03784203
-0.03692572
-0.03590312
-0.03477396
-0.03355443
-0.03225746
-0.03088575
-0.02944098
-0.02793402
-0.02637137
-0.02475159
-0.02307516
-0.02135624
-0.0196167
-0.01787398
-0.01613839
-0.01442115
-0.01273657
-0.01109985
-0.009526213
-0.008032153
-0.006631535
-0.005334009
-0.004139672
-0.003043024
-0.002036217
-0.001111251
-0.0002609027
0.0005269671
0.001275111
0.002010701
0.002752676
0.00350015
0.004233184
0.004925154
0.005554186
0.006105081
0.006566309
0.006929989
0.00719527
0.007365964
0.007447625
0.007442216
0.007345039
0.007145466
0.006831394
0.006394302
0.005835881
0.005167652
0.004409565
0.003588487
0.002736708
0.001888085
0.001072167
0.0003100446
-0.0003859227
-0.001010867
-0.00156237
-0.00203534
-0.002421848
-0.002712671
-0.002898251
-0.002975184
-0.002950918
-0.00284318
-0.002677463
-0.002479007
-0.002260642
-0.002018562
-0.001730145
-0.001362576
-0.0008862658
-0.0002852195
0.0004460088
0.001300816
0.002262634
0.003308261
0.004412635
0.005554262
0.006719983
0.007906439
0.009118146
0.01035722
0.01161865
0.01289382
0.01417751
0.01546666
0.01676016
0.01805999
0.01937004
0.02069221
0.02202115
0.02334263
0.0246445
0.0259237
0.02718621
0.02843836
0.02968375
0.03091827
0.03212587
0.03328373
0.03436927
0.03536629
0.03626722
0.03706694
0.03776057
0.03834241
0.03880573
0.03914906
0.03937831
0.03950318
0.03953305
0.03947099
0.03931226
0.03905188
0.03868911
0.03822919
0.03768361
0.03706405
0.03637731
0.03562552
0.03481047
0.03393878
0.03301353
0.03203046
0.03098878
0.02990194
0.02879427
0.02768525
0.02658276
0.0254927
0.0244233
0.0233835
0.02237646
0.02140315
0.02045809
0.01951868
0.01854772
0.0175124
0.01640079
0.01522404
0.01400594
0.01277677
0.01156521
0.01038956
0.00924805
0.008122317
0.006988866
0.005830342
0.004638815
0.003412685
0.002153814
0.0008707982
-0.0004223577
-0.001706895
-0.002964697
-0.004178217
-0.005336781
-0.006437461
-0.007481795
-0.008470228
-0.009400013
-0.01026678
-0.01106601
-0.01179176
-0.01244223
-0.01301782
-0.01352021
-0.01395611
-0.01434252
-0.01470365
-0.01506181
-0.01543326
-0.01582969
-0.01625589
-0.01671179
-0.0171939
-0.01769453
-0.01820143
-0.01870162
-0.01918538
-0.01964704
-0.02008273
-0.02048899
-0.02086346
-0.0212079
-0.0215233
-0.02180787
-0.02205952
-0.02227314
-0.02243641
-0.02253337
-0.02254995
-0.02247792
-0.02232039
-0.02209308
-0.02181818
-0.02151912
-0.02121763
-0.02093646
-0.02069815
-0.02051803
-0.02039957
-0.02033277
-0.02030207
-0.02029904
-0.02032457
-0.02038481
-0.02048781
-0.02064654
-0.02087878
-0.02119933
-0.02161138
-0.0221003
-0.02263374
-0.02316907
-0.02366552
-0.02409551
-0.02445027
-0.02473649
-0.024973
-0.02518884
-0.02541887
-0.02570614
-0.02609213
-0.02660495
-0.02724946
-0.02800311
-0.02882981
-0.02969332
-0.03055741
-0.03138168
-0.03212804
-0.03277372
-0.03331238
-0.03374119
-0.0340557
-0.03425737
-0.03436313
-0.03440904
-0.03444556
-0.03453225
-0.03473152
-0.03508932
-0.03561168
-0.03624105
-0.03684799
-0.03725512
-0.03728511
-0.03681155
-0.03579767
-0.03429499
-0.0324148
-0.03029033
-0.02804998
-0.02580159
-0.02362312
-0.021559
-0.01962691
-0.01782435
-0.01613849
-0.01454624
-0.0130243
-0.01155765
-0.01014516
-0.008790274
-0.007489182
-0.006222281
-0.004967849
-0.003715743
-0.002473702
-0.001254922
-6.832495e-05
0.001081085
0.002184562
0.003229902
0.004204589
0.005101729
0.005921918
0.006681047
0.007412653
0.008162868
0.008978132
0.00989044
0.01090978
0.01202842
0.01322669
0.01448551
0.01579024
0.01712974
0.01849501
0.01988209
0.02129073
0.022726
0.02419034
0.02567894
0.02718002
0.02867667
0.03015111
0.03159273
0.03299511
0.03435051
0.03564394
0.03685515
0.03796953
0.0389835
0.03990095
0.04072588
0.04145105
0.0420601
0.04252902
0.04283374
0.04295952
0.04290356
0.04267276
0.04228603
0.04176968
0.0411543
0.04046836
0.03973132
0.0389532
0.03814576
0.03732368
0.03649984
0.03568024
0.03486001
0.03403266
0.03319986
0.03236742
0.03153497
0.03069573
0.02984692
0.02900267
0.02820397
0.0275153
0.02699643
0.02667491
0.02654518
0.02658313
0.02674797
0.02697954
0.02721678
0.02741685
0.02755616
0.02761915
0.02759204
0.02747101
0.02726851
0.02701169
0.02673143
0.02645632
0.02621295
0.0260196
0.025882
0.02579864
0.02576453
0.02577125
0.02580473
0.02584979
0.02589764
0.0259485
0.02601299
0.02610646
0.02623325
0.02637408
0.02648862
0.02653415
0.0264803
0.02631348
0.02603361
0.02564853
0.02516384
0.02457976
0.02389315
0.02310319
0.02221453
0.02123875
0.02019211
0.01909461
0.01796598
0.01681954
0.01566178
0.01449763
0.01333192
0.01217001
0.01101984
0.009895616
0.00881345
0.007788402
0.006827175
0.005929165
0.005085588
0.004279864
0.00349269
0.002711036
0.001930325
0.00114905
0.0003627261
-0.00043301
-0.001241094
-0.002060851
-0.002888756
-0.003721918
-0.004559117
-0.005399733
-0.006241081
-0.007072676
-0.007879156
-0.008644339
-0.00935558
-0.01000744
-0.01060288
-0.01114565
-0.01163762
-0.01207897
-0.01246768
-0.01279671
-0.01305809
-0.01325078
-0.01337985
-0.013452
-0.01347401
-0.01345069
-0.01338567
-0.01328163
-0.01314201
-0.0129693
-0.01276756
-0.01254818
-0.01232644
-0.01211485
-0.01191758
-0.01172867
-0.01153585
-0.01132464
-0.01107596
-0.01076866
-0.01038932
-0.009935335
-0.009412735
-0.008830807
-0.008199124
-0.007527067
-0.006825508
-0.006106747
-0.005385591
-0.004679908
-0.004007406
-0.003382773
-0.002814611
-0.002306186
-0.001858699
-0.001472062
-0.001142963
-0.0008635714
-0.0006281122
-0.000435052
-0.000283887
-0.0001736072
-0.0001030209
-6.94441e-05
-6.29484e-05
-6.49764e-05
-5.824729e-05
-3.691246e-05
-7.091746e-06
1.951684e-05
3.208562e-05
2.371663e-05
-2.194315e-06
-3.268648e-05
-5.608943e-05
-6.861751e-05
-6.902893e-05
-5.361563e-05
-2.100921e-05
2.55679e-05
8.285105e-05
0.0001536764
0.0002451292
0.0003619707
0.000502235
0.0006583598
0.0008220113
0.0009854955
0.001140589
0.001280326
0.001404588
0.001518225
0.001623965
0.001723097
0.001815958
0.001900269
0.001973645
0.002035985
0.002090964
0.002142916
0.002191743
0.002236053
0.002272931
0.002296668
0.002303497
0.002293682
0.00226954
0.002231654
0.002177573
0.002105261
0.002013986
0.001903106
0.001771262
0.001616772
0.001440639
0.001246238
0.001038936
0.0008234531
0.0005986256
0.0003602657
0.0001066996
-0.0001577547
-0.0004228239
-0.0006778403
-0.0009129325
-0.001120526
-0.001300358
-0.001457867
-0.00160592
-0.001759939
-0.001928679
-0.002111527
-0.002299325
-0.002478525
-0.002636174
-0.002763063
-0.002856193
-0.002920374
-0.002967231
-0.003011861
-0.003065769
-0.003128824
-0.003186364
-0.003214071
-0.003187438
-0.003091789
-0.0029263
-0.002703755
-0.002446326
-0.002173728
-0.00189628
-0.001611938
-0.001308495
-0.00097318
-0.0006012771
-0.0001976698
0.0002267601
0.0006595269
0.001089576
0.001508063
0.001907346
0.00228273
0.002635199
0.002969509
0.003291359
0.003605127
0.003913375
0.004215372
0.004505687
0.00477716
0.005024337
0.005243101
0.005427824
0.005575627
0.00568572
0.005756703
0.005788008
0.005777919
0.00572103
0.005609177
0.005435168
0.005197898
0.00490142
0.004551634
0.004152916
0.003708883
0.003221167
0.002690506
0.002117298
0.001504041
0.0008523592
0.0001574568
-0.0005912902
-0.001400509
-0.002267001
-0.003181491
-0.004139056
-0.005145613
-0.00621576
-0.007360063
-0.008577263
-0.009854866
-0.01117246
-0.01250784
-0.01384226
-0.01515841
-0.01644242
-0.01768147
-0.01885963
-0.01995573
-0.02094799
-0.02181856
-0.02255154
-0.02313152
-0.02354784
-0.0238002
-0.02389656
-0.02384988
-0.02367897
-0.02340553
-0.02305332
-0.02264434
-0.02219439
-0.02171831
-0.0212318
-0.02074497
-0.02025939
-0.01976949
-0.01926749
-0.01874645
-0.01820238
-0.01763677
-0.01705382
-0.01645749
-0.01585116
-0.01523458
-0.01460235
-0.01394567
-0.01325709
-0.01253403
-0.0117756
-0.01098112
-0.01014803
-0.009274842
-0.008360673
-0.007403299
-0.006397069
-0.005336086
-0.004220324
-0.003057386
-0.001858735
-0.0006347394
0.0006092336
0.001867794
0.003131694
0.004386439
0.005619399
0.006828376
0.008019392
0.009196942
0.01036195
0.01150984
0.01263172
0.01372055
0.01477627
0.01580156
0.01679559
0.01775192
0.01866339
0.01952278
0.0203243
0.02106348
0.02173864
0.02235021
0.02290263
0.02340514
0.02387062
0.02430854
0.02471944
0.02509736
0.02543416
0.02572109
0.02595079
0.02611953
0.02622543
0.02626894
0.02625525
0.02619306
0.02609205
0.02595919
0.02579401
0.02559048
0.02534259
0.02504343
0.0246826
0.02424976
0.02373555
0.02312981
0.0224258
0.02162829
0.02075644
0.01983668
0.0188892
0.01792377
0.01694305
0.01594866
0.01494211
0.0139241
0.01289597
0.01185963
0.01081455
0.009759788
0.008693817
0.007615461
0.006520789
0.005402872
0.004255754
0.003077993
0.001873646
0.0006561363
-0.0005522311
-0.001726869
-0.002848768
-0.003907058
-0.004900785
-0.005838097
-0.006733117
-0.007599473
-0.00844562
-0.009269347
-0.01006232
-0.01081539
-0.01152571
-0.01219889
-0.0128451
-0.01347426
-0.01409344
-0.01470282
-0.01529808
-0.01587459
-0.01642912
-0.01695719
-0.01745319
-0.01790786
-0.0183096
-0.01864885
-0.01891927
-0.01911912
-0.01925231
-0.01932214
-0.01932793
-0.0192664
-0.01913414
-0.01892981
-0.01865703
-0.01832654
-0.01795495
-0.01755986
-0.01715621
-0.01675333
-0.01635626
-0.01596661
-0.0155829
-0.01520352
-0.01483037
-0.01446996
-0.01412707
-0.01380144
-0.01349512
-0.01321088
-0.01294346
-0.0126839
-0.01242804
-0.01217474
-0.01192249
-0.01166869
-0.01141159
-0.01115276
-0.01089655
-0.01064788
-0.01041022
-0.01018482
-0.009972917
-0.009778608
-0.009612302
-0.00949214
-0.009434506
-0.009444448
-0.009511081
-0.009607502
-0.009700862
-0.009762188
-0.009768888
-0.009706059
-0.009571361
-0.009372873
-0.009122346
-0.008833724
-0.008522751
-0.008205941
-0.007896135
-0.007599409
-0.007317247
-0.007053512
-0.006816019
-0.006611183
-0.006437482
-0.006282839
-0.006128825
-0.005958503
-0.005763276
-0.005541978
-0.005297055
-0.00503251
-0.004755246
-0.004474264
-0.004198073
-0.003935856
-0.003696733
-0.003482503
-0.00328519
-0.00309595
-0.002912254
-0.00273635
-0.002570025
-0.002413851
-0.002265509
-0.002123514
-0.001987694
-0.001858068
-0.001734122
-0.001612791
-0.00148783
-0.001348114
-0.001183024
-0.000989498
-0.0007707473
-0.0005306641
-0.0002694577
1.727196e-05
0.0003311898
0.0006634658
0.0009994641
0.001324995
0.001636241
0.001943522
0.002265735
0.002619387
0.003006281
0.003408549
0.003798083
0.004153155
0.004468665
0.004755656
0.005030248
0.005301633
0.005565392
0.005808957
0.00602085
0.006193269
0.006322953
0.006411995
0.006467481
0.00650029
0.006524882
0.006555858
0.006604112
0.006674604
0.006764489
0.006864982
0.006966962
0.007064405
0.007155743
0.007238575
0.007304449
0.007341931
0.007344391
0.007313153
0.007253143
0.007168333
0.007060921
0.006929882
0.006775137
0.006599853
0.006410574
0.006215109
0.006018347
0.005820091
0.005615065
0.005397157
0.005162987
0.00491747
0.004675392
0.00445042
0.004250696
0.004080356
0.003939373
0.003826148
0.003734351
0.003653874
0.00357652
0.003496197
0.003408431
0.003310244
0.003197949
0.003066293
0.002909757
0.002723553
0.002507345
0.002268157
0.002013919
0.001748874
0.001475776
0.001196251
0.0009110243
0.0006222707
0.0003324913
4.275849e-05
-0.0002487859
-0.0005410133
-0.0008285222
-0.001108095
-0.001379031
-0.001639641
-0.001886461
-0.002112507
-0.002310608
-0.002476411
-0.002611403
-0.002722961
-0.002820587
-0.002913473
-0.003009529
-0.00311405
-0.003230344
-0.003360138
-0.003503507
-0.003661008
-0.003834506
-0.00402362
-0.004224994
-0.004434199
-0.004645906
-0.00485355
-0.005050346
-0.0052294
-0.005384044
-0.005510917
-0.005613103
-0.005693724
-0.005748594
-0.00576823
-0.005744863
-0.005674346
-0.005553793
-0.00538347
-0.005170209
-0.004924934
-0.004662654
-0.00440386
-0.004168204
-0.003967922
-0.003806665
-0.003684012
-0.00359886
-0.003548639
-0.003527995
-0.003532422
-0.003562668
-0.003619203
-0.003697093
-0.00378695
-0.003876492
-0.00395349
-0.004007331
-0.004027609
-0.004005012
-0.003933064
-0.003804197
-0.003611056
-0.003352973
-0.00303773
-0.002676603
-0.002278301
-0.001845478
-0.001374505
-0.0008577218
-0.000293787
0.0003108013
0.0009448693
0.001587887
0.002214631
0.002806813
0.003354849
0.003853222
0.004299549
0.004695283
0.005047331
0.005371921
0.005689282
0.006014394
0.006352978
0.006702314
0.007056046
0.007411326
0.007771877
0.008143634
0.008526018
0.008913022
0.009295539
0.009666668
0.01002356
0.01036297
0.01067895
0.0109644
0.01121115
0.0114087
0.01154969
0.01163186
0.01165509
0.01161952
0.01152414
0.01137003
0.01116254
0.01090814
0.01061023
0.01026914
0.009884761
0.009460776
0.009004437
0.008528849
0.008052518
0.007592226
0.007156017
0.006742329
0.00634386
0.005953702
0.005570247
0.005197786
0.004844968
0.004520239
0.004228859
0.0039729
0.003753248
0.003568499
0.003412521
0.003279722
0.003168516
0.003077697
0.00300854
0.002960518
0.002928547
0.002908305
0.002900361
0.002905276
0.00291883
0.002934804
0.002948154
0.002957682
0.002969297
0.002992061
0.003033173
0.003094766
0.003171912
0.003259264
0.003353537
0.003456999
0.003576348
0.003716609
0.00387843
0.004055507
0.004237693
0.004417194
0.004589124
0.004749625
0.004896595
0.005027125
0.005136878
0.005222693
0.00527831
0.005296938
0.005275766
0.00521755
0.0051309
0.005024549
0.004903826
0.004769025
0.004617753
0.004448159
0.004256354
0.004036909
0.003788905
0.003517037
0.003227065
0.002919677
0.002596126
0.002259904
0.001914481
0.001561976
0.001201768
0.0008334193
0.0004562425
6.699482e-05
-0.0003380255
-0.0007623714
-0.001207498
-0.001673071
-0.002157981
-0.002660529
-0.003179452
-0.003716096
-0.004268101
-0.004825539
-0.005376587
-0.00591162
-0.006427934
-0.006930148
-0.007424049
-0.007914636
-0.00840178
-0.008878372
-0.009335534
-0.009770726
-0.0101872
-0.01058759
-0.01096623
-0.01130833
-0.01159843
-0.01182451
-0.01197532
-0.01204361
-0.01203446
-0.01196488
-0.01185609
-0.01172611
-0.0115864
-0.01144559
-0.0113111
-0.0111838
-0.01106092
-0.01093844
-0.01081177
-0.01067704
-0.01053246
-0.01037924
-0.01021625
-0.01003273
-0.00981064
-0.009532905
-0.009190198
-0.008786543
-0.008333002
-0.007840259
-0.007315739
-0.006763479
-0.006188477
-0.005597673
-0.005001596
-0.004409756
-0.003828616
-0.003262121
-0.002710779
-0.002175753
-0.001661051
-0.001171706
-0.000713744
-0.0002899275
0.0001033172
0.0004721377
0.0008217443
0.001157411
0.001483862
0.001804263
0.002122646
0.002439788
0.002749033
0.003044688
0.003323328
0.003579757
0.00380771
0.004003663
0.004168762
0.004307529
0.004425224
0.004526523
0.004614136
0.004689147
0.004749241
0.004789675
0.004809846
0.004817364
0.004821884
0.004830982
0.004847363
0.0048673
0.004884585
0.004893374
0.004890015
0.004874868
0.004850962
0.004822801
0.004794383
0.004766167
0.004735497
0.00469799
0.004652723
0.004602386
0.004547724
0.004484469
0.004407071
0.004311106
0.004193324
0.004052574
0.003889625
0.00370582
0.003503802
0.003286991
0.003058468
0.002821334
0.00257976
0.002339593
0.002107015
0.001887255
0.001681707
0.00148755
0.001303151
0.001131676
0.0009763604
0.0008339821
0.0006994807
0.0005725367
0.0004614882
0.0003781581
0.0003271785
0.0003062042
0.0003098143
0.0003309725
0.0003626228
0.0003967409
0.0004242919
0.0004358934
0.0004293113
0.0004149768
0.000408904
0.0004230769
0.0004579354
0.0005034696
0.0005468395
0.0005785625
0.0005940971
0.0005914539
0.000574148
0.0005530842
0.0005408485
0.0005446167
0.0005627247
0.00058024
0.0005776337
0.0005430865
0.0004766045
0.0003857353
0.000280837
0.0001721724
6.565166e-05
-3.543264e-05
-0.0001280763
-0.0002104584
-0.0002820585
-0.0003452747
-0.0004019913
-0.0004555687
-0.0005118625
-0.0005741605
-0.0006389478
-0.0006960826
-0.0007348664
-0.0007485471
-0.0007352921
-0.0006979569
-0.0006404805
-0.0005680352
-0.0004890343
-0.000414314
-0.0003518183
-0.0003034731
-0.0002684582
-0.000244745
-0.000231853
-0.0002283974
-0.0002278876
-0.0002243925
-0.0002200366
-0.0002221269
-0.0002365299
-0.0002651056
-0.0003057635
-0.0003531646
-0.0004005272
-0.0004425096
-0.0004764278
-0.0005019947
-0.0005209387
-0.0005359022
-0.000549532
-0.0005659568
-0.0005910769
-0.0006326096
-0.0006962333
-0.0007819547
-0.0008855524
-0.001000175
-0.001120073
-0.001243223
-0.001369797
-0.001502355
-0.001646267
-0.001808664
-0.001997698
-0.002219297
-0.00247495
-0.002760242
-0.003065739
-0.003384925
-0.003714828
-0.004051898
-0.004389956
-0.004722497
-0.00504674
-0.005366849
-0.005688305
-0.006012183
-0.006336257
-0.006656153
-0.006970448
-0.007282073
-0.007593825
-0.007905629
-0.008213713
-0.008511873
-0.008791042
-0.009041438
-0.009256951
-0.009439594
-0.009598252
-0.009741783
-0.009873383
-0.009988782
-0.01008165
-0.01014887
-0.01018943
-0.01020376
-0.01019415
-0.01016485
-0.01012272
-0.01007681
-0.01003201
-0.009986922
-0.009937737
-0.009879742
-0.009807107
-0.009715987
-0.009607423
-0.009487799
-0.009365098
-0.009242738
-0.009115558
-0.008969013
-0.008787224
-0.008565915
-0.008312099
-0.008036093
-0.007745662
-0.007446122
-0.007143107
-0.006840521
-0.006538518
-0.006238245
-0.005945024
-0.0056615
-0.005387321
-0.005120323
-0.004858234
-0.004599581
-0.004345538
-0.004098549
-0.003864065
-0.003646883
-0.003446657
-0.003256787
-0.003067094
-0.002870082
-0.00266731
-0.002467998
-0.002286091
-0.002135306
-0.002023361
-0.001950702
-0.001910019
-0.001892743
-0.001890544
-0.001895852
-0.001903787
-0.001912824
-0.00192622
-0.001952199
-0.001998066
-0.002065408
-0.002147539
-0.002230809
-0.002302172
-0.002356812
-0.002395357
-0.002418556
-0.002424674
-0.002409064
-0.002371097
-0.002319412
-0.002265497
-0.00221642
-0.002173385
-0.002132117
-0.002085063
-0.002027512
-0.00196231
-0.001897253
-0.00184098
-0.001797326
-0.001763641
-0.001732228
-0.001694014
-0.001643209
-0.001577556
-0.001495124
-0.00139758
-0.001290292
-0.001177966
-0.001061713
-0.0009413452
-0.0008153648
-0.0006793109
-0.0005305849
-0.000371707
-0.0002088886
-4.903869e-05
0.0001027309
0.0002429115
0.0003655884
0.0004608775
0.0005186367
0.0005360061
0.0005165688
0.0004617134
0.0003698063
0.0002417001
7.987188e-05
-0.0001139247
-0.0003405991
-0.0006041513
-0.0009113141
-0.001269228
-0.001683311
-0.002154798
-0.002679515
-0.003248579
-0.003849532
-0.004469898
-0.005100005
-0.005734617
-0.006371729
-0.007008678
-0.007643512
-0.008277345
-0.008912977
-0.009553016
-0.010198
-0.01084535
-0.01149161
-0.01213083
-0.01275282
-0.01334738
-0.01390816
-0.01443256
-0.0149216
-0.01537436
-0.01579044
-0.01616891
-0.01650516
-0.01679336
-0.01703258
-0.01722724
-0.01738687
-0.01752156
-0.01763461
-0.01772409
-0.01779077
-0.01784122
-0.01788346
-0.01792062
-0.01794683
-0.01795059
-0.01792467
-0.01786832
-0.01778394
-0.01767734
-0.01755636
-0.01742752
-0.01729435
-0.01715757
-0.01701515
-0.01685977
-0.01668299
-0.01647841
-0.01624328
-0.01597829
-0.01568209
-0.01535192
-0.01498767
-0.01459247
-0.01417014
-0.01372198
-0.01324445
-0.01273376
-0.0121899
-0.01161619
-0.01101712
-0.01040079
-0.009777171
-0.009151373
-0.008521753
-0.007887046
-0.007252658
-0.006631128
-0.006033399
-0.005461198
-0.004907736
-0.004364054
-0.00382328
-0.003287731
-0.002767984
-0.002271633
-0.001795713
-0.001332792
-0.0008778225
-0.0004307048
5.983315e-06
0.0004319516
0.0008512445
0.001267471
0.001679352
0.002080385
0.002466914
0.002842495
0.003212215
0.003573381
0.003918198
0.004239195
0.004532959
0.004801114
0.005045621
0.005266943
0.005466349
0.005644477
0.005801344
0.005937539
0.00605359
0.00614814
0.006217438
0.006254133
0.006251254
0.006211812
0.006146058
0.006059094
0.00595147
0.005827018
0.005692579
0.005552695
0.005407757
0.00525687
0.005100658
0.004940472
0.004777622
0.004613664
0.004450423
0.004289038
0.004128286
0.003964945
0.003792022
0.003598815
0.003375374
0.00311697
0.002825791
0.002508869
0.002177976
0.0018459
0.001522397
0.001211748
0.0009091748
0.0006039819
0.0002848249
-5.369471e-05
-0.0004095721
-0.0007760238
-0.001145257
-0.001511028
-0.001867886
-0.002212404
-0.002541002
-0.002849767
-0.003136762
-0.003402705
-0.003646517
-0.003864228
-0.004051961
-0.004205301
-0.004319695
-0.004394476
-0.004435523
-0.004453211
-0.004459267
-0.004464282
-0.00447441
-0.0044869
-0.004491478
-0.004476132
-0.004431023
-0.004351354
-0.004236707
-0.004089266
-0.003912479
-0.003708513
-0.003475851
-0.003210092
-0.002903385
-0.002543044
-0.0021174
-0.00162159
-0.001057598
-0.0004354079
0.0002304885
0.0009199853
0.001609416
0.002277158
0.002912537
0.003514429
0.004085663
0.004631481
0.005158382
0.005672615
0.0061769
0.006670121
0.007149937
0.007617241
0.008078902
0.008546139
0.009028197
0.009529657
0.01005386
0.01059796
0.01114674
0.01168133
0.01218888
0.01266195
0.01309461
0.01348394
0.01383341
0.01415146
0.01444803
0.01472748
0.01498713
0.01522559
0.01544534
0.0156492
0.01583543
0.01599593
0.01612157
0.01620751
0.01625314
0.01626037
0.01623371
0.01617945
0.01610198
0.0160023
0.0158777
0.01572434
0.01553905
0.01531782
0.01505857
0.01476228
0.01443144
0.01407092
0.01368695
0.01328251
0.01285453
0.01239636
0.01190298
0.01137701
0.01082992
0.01027978
0.009740843
0.009218745
0.008715607
0.008233881
0.007778204
0.007355041
0.006966461
0.006609579
0.006278709
0.005966726
0.005662239
0.005350557
0.005021787
0.004676427
0.004321893
0.003968036
0.003624324
0.003299835
0.003002123
0.002731734
0.002478854
0.002233595
0.001991002
0.001747403
0.001497959
0.001240696
0.0009820423
0.0007368778
0.0005195892
0.0003383996
0.0001952609
8.721076e-05
6.491908e-06
-5.608722e-05
-0.0001089884
-0.0001560262
-0.0001970816
-0.0002305983
-0.0002550849
-0.0002686877
-0.0002726373
-0.000272473
-0.000275928
-0.0002896497
-0.0003186253
-0.0003655696
-0.0004296997
-0.0005043832
-0.000580526
-0.0006524651
-0.0007201934
-0.0007858814
-0.0008538113
-0.0009297106
-0.001017341
-0.001118906
-0.001234848
-0.001363093
-0.001500844
-0.00164484
-0.001793722
-0.001949617
-0.00211541
-0.002290498
-0.002472009
-0.002656684
-0.00284106
-0.003021111
-0.003194372
-0.003362645
-0.003535792
-0.003724805
-0.003935281
-0.004167455
-0.004418083
-0.004681499
-0.004953484
-0.005233061
-0.005519668
-0.005812004
-0.006110806
-0.006415638
-0.006724287
-0.007037088
-0.007356016
-0.007682784
-0.008017267
-0.008357995
-0.008703931
-0.009053889
-0.009406743
-0.00976053
-0.01011023
-0.01044772
-0.01076252
-0.01103874
-0.01125882
-0.0114105
-0.0114894
-0.01149906
-0.01145055
-0.0113593
-0.01124402
-0.01112358
-0.01101302
-0.01092427
-0.01086326
-0.01082892
-0.01081549
-0.01081598
-0.01082393
-0.01083237
-0.01083508
-0.01082988
-0.01081616
-0.01079006
-0.01074438
-0.01067476
-0.01058164
-0.01046773
-0.01033592
-0.0101901
-0.01003495
-0.009873589
-0.009702227
-0.009508948
-0.00927798
-0.008996255
-0.008659568
-0.008274487
-0.00785211
-0.007402375
-0.00693544
-0.00646425
-0.006002797
-0.005561109
-0.005141022
-0.004735913
-0.004333799
-0.003927265
-0.003517395
-0.003109607
-0.002710123
-0.002323319
-0.001949224
-0.001584659
-0.00122622
-0.0008744438
-0.0005335736
-0.000209465
9.1941e-05
0.0003684454
0.0006234512
0.0008622906
0.001088327
0.00130277
0.001505084
0.001690428
0.001849487
0.001973498
0.002058521
0.00210774
0.002129053
0.002129899
0.002116779
0.002094399
0.002067093
0.002037814
0.002007569
0.001977609
0.001952617
0.001941133
0.001951173
0.001984377
0.002038366
0.002111738
0.002202243
0.002304041
0.00240861
0.002508367
0.002598677
0.002679267
0.002754254
0.002827768
0.00290251
0.002981206
0.003066455
0.003159001
0.003248066
0.003310354
0.003323153
0.003276414
0.003173694
0.003028041
0.002856783
0.002671984
0.002479744
0.002284856
0.002091833
0.001899922
0.001703243
0.001496552
0.001280501
0.001062793
0.0008517335
0.0006506944
0.0004556988
0.0002600867
5.714582e-05
-0.0001599212
-0.0003953638
-0.0006524335
-0.0009316779
-0.001228993
-0.00153687
-0.00184241
-0.002134463
-0.002409472
-0.002669379
-0.002919858
-0.003166639
-0.003407434
-0.003634929
-0.003849083
-0.00405728
-0.004266856
-0.004480498
-0.004695361
-0.004903914
-0.005098489
-0.005276222
-0.005438423
-0.005587101
-0.00572162
-0.005841042
-0.005945615
-0.006034252
-0.006106023
-0.00616111
-0.006197521
-0.006210383
-0.006196317
-0.006153117
-0.006078507
-0.005972904
-0.00584255
-0.005696245
-0.005538733
-0.005368766
-0.005182093
-0.004973718
-0.004738304
-0.004474815
-0.004190662
-0.003898544
-0.003611915
-0.003343047
-0.003099277
-0.00288002
-0.002677144
-0.002480185
-0.002281015
-0.002073253
-0.00185203
-0.001615833
-0.001369785
-0.001124847
-0.0008916741
-0.0006761332
-0.0004813995
-0.0003122098
-0.000169599
-4.522671e-05
7.48795e-05
0.0002015782
0.0003382274
0.0004817934
0.0006255226
0.0007622483
0.0008834322
0.0009806717
0.00104505
0.001070719
0.001061064
0.001029009
0.0009907938
0.0009566194
0.0009283182
0.0009028547
0.0008742361
0.0008345634
0.0007746025
0.0006877744
0.000571723
0.0004305915
0.0002756655
0.0001207148
-2.380061e-05
-0.0001513121
-0.0002597289
-0.0003502886
-0.0004249651
-0.0004860531
-0.0005361271
-0.0005752461
-0.0005987452
-0.0005976265
-0.0005667825
-0.0005088837
-0.0004291763
-0.000331328
-0.0002177502
-9.127033e-05
4.475502e-05
0.0001921667
0.0003566769
0.0005377226
0.000732599
0.0009423796
0.001168259
0.00140776
0.00165464
0.001901609
0.002148014
0.002398316
0.002653808
0.002912996
0.00317304
0.003431492
0.003685091
0.003927981
0.004154123
0.004360035
0.00454297
0.004701561
0.004836988
0.004954497
0.005062697
0.005167948
0.005268555
0.005357835
0.005428388
0.005473983
0.005495262
0.005500026
0.005498663
0.005502263
0.005519506
0.005552997
0.005600365
0.005656227
0.00570972
0.005747687
0.005761161
0.005751202
0.005727889
0.00570443
0.005694242
0.005705436
0.00573399
0.005773195
0.005819089
0.005871297
0.005930471
0.00599728
0.00607738
0.006177792
0.006300426
0.006442999
0.006603344
0.00678032
0.006974178
0.007182463
0.007395248
0.007599976
0.007788528
0.007957637
0.008105311
0.008232203
0.008343408
0.008446509
0.008547422
0.008647777
0.008744177
0.008831346
0.008901388
0.008941074
0.00894244
0.00890747
0.008842819
0.008757439
0.008660489
0.008558898
0.008453437
0.008340948
0.008218372
0.008081822
0.007923979
0.007736898
0.00751646
0.007262746
0.006978228
0.006668109
0.006339288
0.005998675
0.005655644
0.005321805
0.005006225
0.004713086
0.004443453
0.004192228
0.003949468
0.003707638
0.003467657
0.003241915
0.003046659
0.002894344
0.002791869
0.002735845
0.002707148
0.00268048
0.002638942
0.00258213
0.002525494
0.002488079
0.002479436
0.00249702
0.002530861
0.002567136
0.002593788
0.002603952
0.002596819
0.002574225
0.002538089
0.002492715
0.002445754
0.00240539
0.002379847
0.002375199
0.002391121
0.002423193
0.00246545
0.002511331
0.002557056
0.002603881
0.00265518
0.002714292
0.002785027
0.002871785
0.002976238
0.003094946
0.003221473
0.003350441
0.003479168
0.003605551
0.003724481
0.003827435
0.003905394
0.003951445
0.003963464
0.003941449
0.003885588
0.003797612
0.003682115
0.003545374
0.003396537
0.003244388
0.003093751
0.002947601
0.002804993
0.002656183
0.002487734
0.002291676
0.002068856
0.001824904
0.001569075
0.001312274
0.001066421
0.0008405872
0.0006342978
0.0004368139
0.0002356897
2.494774e-05
-0.0001972214
-0.0004340761
-0.0006861722
-0.000946075
-0.00120094
-0.001443546
-0.001676378
-0.001905798
-0.002139618
-0.002387452
-0.00265625
-0.002949246
-0.003261732
-0.00358393
-0.00390466
-0.004214179
-0.004506277
-0.004778493
-0.005031033
-0.00526472
-0.005482645
-0.005688709
-0.005886797
-0.00608131
-0.006276175
-0.00647713
-0.006689234
-0.006911958
-0.007139897
-0.007365921
-0.007585256
-0.007796796
-0.008004112
-0.00821684
-0.008444991
-0.008697854
-0.008979259
-0.009282361
-0.009593476
-0.009899808
-0.01019394
-0.0104757
-0.01075085
-0.01102577
-0.0113015
-0.01157513
-0.01184581
-0.01211362
-0.01237423
-0.01261992
-0.01284198
-0.01303217
-0.01318071
-0.01327754
-0.01331708
-0.01329987
-0.01323168
-0.01312042
-0.01297424
-0.01279884
-0.01259431
-0.01235918
-0.01209212
-0.01179221
-0.01146141
-0.01110139
-0.01071578
-0.01031309
-0.009905464
-0.009501395
-0.009100997
-0.008699183
-0.00829038
-0.007870018
-0.007436194
-0.006990664
-0.006536863
-0.006077859
-0.005618036
-0.005162607
-0.004715938
-0.004277779
-0.003844691
-0.003414127
-0.002986661
-0.002563444
-0.002146389
-0.001741723
-0.001358517
-0.001006201
-0.0006889633
-0.0004025531
-0.0001402234
0.0001017803
0.0003206338
0.0005089573
0.000660885
0.0007795873
0.000871751
0.000943422
0.001001617
0.00105254
0.001099129
0.001140003
0.001168644
0.001175635
0.001153904
0.001106022
0.001041574
0.0009712353
0.0009037166
0.0008420034
0.0007831377
0.0007246397
0.0006650049
0.0006013729
0.0005300229
0.0004492012
0.000359438
0.0002651396
0.0001746324
9.513586e-05
2.990305e-05
-2.438485e-05
-7.466991e-05
-0.0001224858
-0.0001639875
-0.0001967023
-0.0002204132
-0.0002362096
-0.0002445412
-0.0002431755
-0.0002302188
-0.0002053111
-0.0001702691
-0.0001273506
-7.980522e-05
-2.879511e-05
3.232384e-05
0.0001155421
0.0002263138
0.0003581959
0.000500426
0.0006481113
0.0008041105
0.0009754372
0.001169462
0.00139031
0.001637573
0.001909381
0.002203249
0.002514648
0.002835981
0.003159163
0.003478013
0.003790092
0.004095664
0.004399107
0.004708188
0.005028132
0.005358394
0.005694224
0.006029149
0.006359176
0.006683052
0.007003074
0.007320917
0.007633702
0.007936854
0.008229617
0.008514133
0.008793323
0.009069893
0.009342475
0.009605244
0.00985322
0.01008259
0.01029014
0.01047322
0.01062924
0.01075563
0.01085102
0.01091479
0.01094665
0.01094743
0.01091972
0.01086457
0.01077439
0.01064243
0.01047042
0.01026764
0.01004701
0.009824713
0.009615461
0.009424074
0.009245203
0.009070248
0.008894519
0.008719431
0.008552077
0.008403609
0.008277619
0.008166044
0.008056332
0.00793813
0.007809026
0.00767057
0.007521661
0.007360156
0.007184975
0.006994362
0.006787971
0.006567342
0.006332394
0.006081583
0.005814623
0.005535942
0.00525026
0.004957495
0.004653756
0.00433735
0.004011288
0.003679105
0.003344685
0.003008657
0.002666951
0.002312839
0.001939207
0.001545964
0.001140855
0.000735784
0.0003434964
-2.514383e-05
-0.000369157
-0.0006980342
-0.001022058
-0.001347075
-0.001674595
-0.002001709
-0.002324571
-0.002644297
-0.002965428
-0.003290012
-0.003616476
-0.003941566
-0.004260324
-0.004567836
-0.004861213
-0.005137093
-0.005389708
-0.005613987
-0.005810656
-0.005985204
-0.006142358
-0.006279572
-0.006386507
-0.006450714
-0.006468739
-0.006451546
-0.006414866
-0.006365957
-0.006300391
-0.006207356
-0.006077809
-0.005911423
-0.005716913
-0.00550354
-0.005276239
-0.005036805
-0.004787101
-0.004530527
-0.004268456
-0.004001661
-0.003732559
-0.003457473
-0.003165302
-0.002846229
-0.002499176
-0.002129941
-0.001744041
-0.001344567
-0.0009325626
-0.000510541
-8.343755e-05
0.000342214
0.0007600792
0.001167494
0.001568992
0.001972152
0.002380076
0.002783606
0.003167381
0.003520435
0.003843131
0.004145036
0.004435888
0.004722178
0.005007817
0.005295405
0.005588223
0.00589086
0.006206963
0.006534407
0.006866104
0.007193219
0.007506963
0.007801245
0.008077065
0.008339881
0.008593465
0.008839105
0.009080425
0.009321186
0.009561093
0.009797629
0.01002698
0.01024506
0.01045055
0.01064589
0.01083195
0.01100614
0.01116576
0.01130819
0.0114297
0.01152388
0.01158396
0.01160526
0.01158492
0.01152325
0.01142353
0.01128908
0.01112175
0.01092541
0.01070516
0.01046016
0.0101855
0.00987362
0.009514098
0.00909862
0.008625341
0.008093555
0.007499556
0.006843091
0.006134101
0.005391942
0.004637429
0.003885758
0.003144713
0.002421011
0.001723843
0.001064271
0.0004514034
-0.0001113138
-0.0006284958
-0.001109761
-0.00156777
-0.002013441
-0.002450039
-0.002871893
-0.003271356
-0.003647226
-0.004005936
-0.004356505
-0.004706159
-0.005054728
-0.005394124
-0.005718415
-0.006030523
-0.006337393
-0.006644012
-0.006949365
-0.007247854
-0.007532373
-0.007797352
-0.008038894
-0.008256794
-0.008452988
-0.008629411
-0.008787814
-0.008929882
-0.009059187
-0.009180324
-0.009296898
-0.009411991
-0.009523975
-0.009624663
-0.009706653
-0.009770008
-0.009817346
-0.009851761
-0.009873726
-0.009878327
-0.00986085
-0.009822508
-0.009767103
-0.009697494
-0.00961653
-0.009522314
-0.009408027
-0.009266239
-0.009091975
-0.008884862
-0.008645282
-0.008373621
-0.008070751
-0.007737552
-0.007376556
-0.006991548
-0.006588056
-0.006173124
-0.005751427
-0.005325477
-0.004900002
-0.004482507
-0.004077474
-0.003683512
-0.003299512
-0.002926882
-0.002565416
-0.002210132
-0.001855297
-0.001499896
-0.001149976
-0.000814445
-0.0004994134
-0.0002046899
7.176962e-05
0.0003325748
0.0005841679
0.0008311979
0.00107054
0.0012967
0.001509879
0.001718697
0.001933072
0.002158134
0.002393287
0.002637548
0.002890276
0.003147481
0.003401629
0.003643787
0.003865592
0.004059777
0.004220898
0.004347406
0.004442455
0.00451031
0.004556093
0.004587209
0.004609184
0.004627174
0.004646944
0.004672199
0.004704373
0.004746127
0.004802559
0.004878723
0.004972169
0.005075497
0.005183585
0.00529568
0.005411894
0.005532477
0.005658864
0.005792002
0.005931615
0.006077792
0.006230532
0.006388319
0.006549126
0.00671339
0.006881283
0.007052879
0.007227416
0.007399969
0.007564362
0.007720567
0.007873169
0.008026296
0.008179751
0.008329687
0.008473427
0.008610205
0.008740161
0.008862789
0.008978341
0.009087951
0.009190553
0.00928574
0.009372301
0.009446576
0.009505257
0.009549166
0.009584369
0.009619404
0.009658732
0.009699891
0.009737213
0.00976626
0.009785297
0.009794387
0.009795517
0.009789724
0.009778653
0.009765771
0.009750014
0.009727795
0.009698246
0.00965818
0.009600462
0.009516745
0.009399523
0.009244418
0.009054504
0.008837153
0.008597868
0.008341881
0.008075084
0.007801968
0.007525977
0.007249453
0.006972198
0.006694667
0.006422674
0.006163453
0.005921097
0.005694537
0.005481239
0.005276859
0.005078788
0.004891095
0.00472208
0.00457885
0.00446331
0.004371151
0.004292518
0.004219811
0.004153371
0.004096722
0.004050817
0.004012123
0.003975286
0.003935107
0.003887161
0.003830751
0.003769089
0.003704987
0.003639874
0.003574207
0.003506306
0.00343196
0.003346408
0.003246653
0.003133487
0.003010375
0.002881922
0.002752056
0.002623007
0.002492907
0.002355152
0.002203548
0.002033113
0.001841018
0.001630513
0.001407054
0.001175116
0.0009346491
0.0006845634
0.0004272381
0.0001678258
-9.130461e-05
-0.0003522447
-0.0006208834
-0.0009043416
-0.001204509
-0.001514778
-0.001826337
-0.002131695
-0.002427539
-0.002713752
-0.002993139
-0.003270552
-0.003551891
-0.003841683
-0.004138844
-0.004441299
-0.004749928
-0.005066449
-0.005391929
-0.005725966
-0.006066763
-0.006409945
-0.006752637
-0.007095059
-0.007435757
-0.007768702
-0.008085867
-0.008382811
-0.008658609
-0.008912846
-0.009146888
-0.009364115
-0.009564122
-0.009740211
-0.009883008
-0.009987397
-0.0100547
-0.01008921
-0.01009477
-0.01007524
-0.01003277
-0.00996556
-0.009870381
-0.009741709
-0.00957202
-0.009353675
-0.009079677
-0.008745154
-0.008350249
-0.007903124
-0.007418676
-0.006913533
-0.006402665
-0.005897664
-0.005405389
-0.004926676
-0.00446124
-0.004010018
-0.003575861
-0.003165717
-0.002787158
-0.002444246
-0.002138245
-0.001868897
-0.00163196
-0.001419661
-0.001224386
-0.001039818
-0.0008622134
-0.0006896804
-0.0005217013
-0.0003605515
-0.0002099516
-7.262176e-05
5.098308e-05
0.0001604715
0.0002557603
0.0003393927
0.000416534
0.0004924442
0.0005685537
0.0006447229
0.0007216772
0.0007993586
0.0008759001
0.0009462411
0.001003885
0.001044189
0.00106773
0.001079638
0.001087073
0.001097905
0.001120879
0.001163968
0.001231054
0.001320222
0.001425807
0.001542124
0.001666885
0.001797822
0.001931904
0.002065921
0.002197407
0.002326702
0.002457094
0.002593075
0.00273805
0.00289268
0.003054573
0.003216202
0.003364832
0.003490251
0.003590839
0.003672363
0.003741433
0.003801397
0.003852756
0.003894338
0.003923951
0.003939642
0.003942121
0.003934169
0.003919525
0.003900143
0.003872877
0.003828539
0.003757562
0.003653405
0.003512678
0.003336105
0.00312808
0.002895741
0.002646412
0.002388056
0.002126886
0.001865647
0.001606061
0.001350418
0.001099299
0.0008504598
0.0006013048
0.0003511241
0.0001005268
-0.0001505063
-0.0004025972
-0.0006542619
-0.0009039483
-0.001153758
-0.001406392
-0.001663185
-0.001921913
-0.002178328
-0.002427154
-0.002661017
-0.002874271
-0.003066045
-0.003238577
-0.003395257
-0.00353733
-0.003661598
-0.003763228
-0.003838588
-0.003885761
-0.003907223
-0.003909365
-0.003901851
-0.00389532
-0.003889207
-0.003872847
-0.003838738
-0.003790217
-0.0037368
-0.003685369
-0.00363725
-0.00358882
-0.003534936
-0.003470976
-0.003391326
-0.00329258
-0.003177742
-0.003053464
-0.002923767
-0.002789062
-0.002647768
-0.002497587
-0.002337277
-0.002170815
-0.002006481
-0.001850472
-0.001706603
-0.001574746
-0.001449998
-0.001324826
-0.001194704
-0.001059811
-0.0009254946
-0.0008003513
-0.0006889874
-0.0005896985
-0.0004959958
-0.0004002177
-0.0002972176
-0.0001848296
-6.293693e-05
6.747062e-05
0.0002038573
0.0003420111
0.0004787605
0.0006116331
0.0007395472
0.0008657749
0.0009957681
0.00113306
0.001276058
0.001420608
0.001563486
0.001701545
0.00183382
0.00196234
0.002089701
0.002216386
0.002342174
0.002467144
0.002589755
0.002709316
0.002826263
0.002937543
0.003034148
0.003108086
0.003159041
0.003192681
0.003217285
0.003242563
0.003274426
0.00330778
0.003329482
0.003328401
0.003301989
0.003256626
0.003202023
0.0031453
0.003085925
0.003021897
0.002951856
0.002871612
0.00277448
0.002655726
0.002513668
0.002349486
0.002164521
0.001957023
0.001725311
0.001471613
0.001201061
0.0009195685
0.0006324853
0.0003452005
6.270837e-05
-0.0002137055
-0.0004844618
-0.0007486141
-0.001000985
-0.001233703
-0.001441914
-0.001629711
-0.001805525
-0.00197889
-0.002157945
-0.002345232
-0.002537687
-0.002733053
-0.002931194
-0.003133637
-0.003342592
-0.003557037
-0.003771258
-0.003978234
-0.004170189
-0.004340681
-0.00448966
-0.00462082
-0.004739987
-0.004850768
-0.00495267
-0.005044462
-0.005125353
-0.00519422
-0.005251885
-0.00530016
-0.005337053
-0.005358408
-0.005363739
-0.0053563
-0.005342118
-0.005328356
-0.005317943
-0.005311057
-0.005310005
-0.005319992
-0.005346784
-0.005393704
-0.005458765
-0.005537115
-0.005620283
-0.005700414
-0.005775256
-0.005849092
-0.005929966
-0.006022455
-0.006123463
-0.006222205
-0.006308389
-0.00637813
-0.006431389
-0.006470579
-0.006498043
-0.006511368
-0.006503973
-0.006469264
-0.006404312
-0.006311937
-0.006198628
-0.00606784
-0.005916312
-0.005739378
-0.00553812
-0.005318083
-0.005087871
-0.004856754
-0.004629445
-0.004403849
-0.004176941
-0.003946834
-0.003712213
-0.003473062
-0.00322755
-0.002972255
-0.002707399
-0.002437621
-0.002171401
-0.001917735
-0.001679328
-0.001448617
-0.001214479
-0.0009744363
-0.0007338817
-0.0004985757
-0.0002732626
-6.034086e-05
0.0001433427
0.0003429574
0.0005400645
0.0007332597
0.0009207914
0.001101874
0.001277493
0.001450338
0.001620464
0.001783883
0.001934571
0.002068451
0.002187879
0.002301831
0.002417656
0.002537788
0.002656948
0.002765922
0.002862071
0.002952442
0.003046622
0.003148737
0.003255382
0.003358135
0.003448458
0.003523244
0.003584595
0.003636146
0.003681671
0.003726688
0.003776007
0.003828936
0.00388215
0.003933476
0.003982377
0.004028605
0.004071791
0.004111537
0.004147342
0.004179805
0.004209647
0.004238935
0.004268791
0.004298126
0.00433114
0.004375644
0.004432396
0.004493596
0.004549716
0.004594498
0.004626312
0.004647039
0.004660825
0.004670153
0.004672853
0.004668405
0.004663028
0.004664991
0.004673938
0.004680598
0.004674264
0.004647024
0.00459565
0.004524554
0.004444051
0.004364448
0.004287878
0.004202586
0.004095829
0.003965265
0.00381709
0.003659018
0.003497072
0.003334585
0.003170665
0.002999056
0.00281108
0.002601542
0.002370927
0.002125452
0.001874509
0.001626681
0.001388293
0.001160836
0.0009410734
0.0007248037
0.0005097606
0.00029644
9.000836e-05
-0.0001042841
-0.0002840626
-0.0004502661
-0.0006068382
-0.0007592553
-0.0009102103
-0.001055809
-0.001190249
-0.001313804
-0.001430399
-0.001545765
-0.0016646
-0.001786696
-0.001908616
-0.002024424
-0.002127666
-0.002215187
-0.002287983
-0.00235047
-0.002407662
-0.002463829
-0.002520262
-0.002575593
-0.002628241
-0.00267729
-0.002723711
-0.002768477
-0.002810625
-0.002847815
-0.002875881
-0.002892496
-0.002901016
-0.002908646
-0.002918679
-0.002929411
-0.002937657
-0.002942643
-0.002948641
-0.002960761
-0.002980784
-0.003006441
-0.003032419
-0.003053337
-0.003070818
-0.00309114
-0.003117563
-0.003149845
-0.003187733
-0.003230138
-0.003273733
-0.003316144
-0.00335722
-0.003400874
-0.003451019
-0.003506828
-0.003562362
-0.003611073
-0.003650617
-0.003677773
-0.003687363
-0.003676577
-0.003645724
-0.003596812
-0.003532412
-0.003449905
-0.003341215
-0.003201448
-0.003031829
-0.002836242
-0.002619467
-0.002384658
-0.002134092
-0.001873208
-0.001606818
-0.001335762
-0.001060726
-0.0007815609
-0.0004986371
-0.0002138759
7.069964e-05
0.0003563081
0.0006449379
0.0009357938
0.001222215
0.001494941
0.001748149
0.001983119
0.00220548
0.002422434
0.002639166
0.002858659
0.003080637
0.003301563
0.003518458
0.003729635
0.003931968
0.004124151
0.004305969
0.004474888
0.004627949
0.0047631
0.004879962
0.004980058
0.005066436
0.005142214
0.00520749
0.005260671
0.005300916
0.005327788
0.00534017
0.005335824
0.005314617
0.005280493
0.005242937
0.005213816
0.005201965
0.005210122
0.005232382
0.00525969
0.005285103
0.005304454
0.005315653
0.0053212
0.005323784
0.005323568
0.005318164
0.005302184
0.005268623
0.005214894
0.005148396
0.005081553
0.005020251
0.004961615
0.004900361
0.004834324
0.004763671
0.004688921
0.004606647
0.00450917
0.004393232
0.004264776
0.004133166
0.004003187
0.003872934
0.003739436
0.003602697
0.00346184
0.003312312
0.003148417
0.002968668
0.00277701
0.0025807
0.002386099
0.002196677
0.00201168
0.001826857
0.001638447
0.001444105
0.001241549
0.001027509
0.000798045
0.0005520182
0.0002958264
3.939457e-05
-0.0002138451
-0.0004669496
-0.0007220878
-0.0009789893
-0.001238262
-0.001502524
-0.001774377
-0.002054845
-0.002341631
-0.002627768
-0.00290403
-0.003163621
-0.00340573
-0.003634072
-0.003856915
-0.004078338
-0.004292285
-0.00448721
-0.00465201
-0.00478195
-0.004882951
-0.004970391
-0.005060075
-0.00515876
-0.00526233
-0.005359968
-0.005440845
-0.005498806
-0.005534107
-0.005547854
-0.005540517
-0.005513394
-0.005465786
-0.00539501
-0.005298636
-0.005175076
-0.005025273
-0.004854082
-0.004670089
-0.004482284
-0.00429498
-0.004104449
-0.00390054
-0.003677653
-0.003439376
-0.003195609
-0.002956406
-0.002726915
-0.002505279
-0.002287223
-0.00206893
-0.001847517
-0.001626156
-0.001411023
-0.001203208
-0.0009995653
-0.0007981074
-0.0005989929
-0.0004044396
-0.0002166547
-3.80594e-05
0.0001292327
0.0002860595
0.000435875
0.0005838961
0.0007353499
0.0008934217
0.001056751
0.001220956
0.001380034
0.001528755
0.001664914
0.001789338
0.001906255
0.002023154
0.002143636
0.002265668
0.00238488
0.002497286
0.002602729
0.002698874
0.002781082
0.002847382
0.00289844
0.002935661
0.002960706
0.002975012
0.002982316
0.00298536
0.002981292
0.00296623
0.002939489
0.002903011
0.002861355
0.002819419
0.002781101
0.002748093
0.002719919
0.002696597
0.002677027
0.002656059
0.002626348
0.002581402
0.002518963
0.002441715
0.00235583
0.00226455
0.002168376
0.0020658
0.001953754
0.001830968
0.00170046
0.001567682
0.001437674
0.001312892
0.001193418
0.001075554
0.0009534715
0.0008279183
0.000707596
0.0006002998
0.0005086317
0.0004278971
0.0003511268
0.0002723799
0.0001853253
8.524399e-05
-2.662428e-05
-0.0001440935
-0.000260747
-0.0003715608
-0.0004722574
-0.0005628943
-0.0006470795
-0.0007297641
-0.0008188131
-0.0009214888
-0.001039179
-0.001165269
-0.001289528
-0.001406876
-0.001517131
-0.001619739
-0.00171303
-0.001797785
-0.001877683
-0.001955024
-0.002028446
-0.002094424
-0.002149575
-0.002193016
-0.002226479
-0.002253127
-0.002273259
-0.00228478
-0.00228521
-0.00227311
-0.002248094
-0.002211172
-0.002162759
-0.002103547
-0.002036883
-0.001967238
-0.001895788
-0.001822754
-0.001754755
-0.001703668
-0.001677475
-0.00167219
-0.001676724
-0.001682198
-0.001686823
-0.001692603
-0.00170011
-0.001709754
-0.001722506
-0.001738737
-0.001756991
-0.001774161
-0.001787524
-0.001796345
-0.001802463
-0.001807816
-0.00181334
-0.001819751
-0.001827033
-0.001836531
-0.001851473
-0.001872981
-0.00190005
-0.001931655
-0.001967212
-0.002006799
-0.002050244
-0.002096425
-0.002142312
-0.002184137
-0.002219886
-0.00225235
-0.002288492
-0.002333028
-0.002388085
-0.002453006
-0.002523813
-0.002593894
-0.002655167
-0.002700994
-0.002731049
-0.002752248
-0.002771269
-0.002789447
-0.00280307
-0.002805921
-0.002795214
-0.002776069
-0.002755554
-0.002736134
-0.002719156
-0.002705742
-0.002695091
-0.002685885
-0.002678714
-0.002674347
-0.002671689
-0.002669446
-0.002666657
-0.002661842
-0.002654079
-0.002643393
-0.00263318
-0.002628692
-0.002628653
-0.002625908
-0.002613878
-0.002588667
-0.002549437
-0.002498758
-0.00244263
-0.002384342
-0.002322329
-0.002257317
-0.002194507
-0.002137001
-0.002081795
-0.002018388
-0.001936087
-0.001831017
-0.001703511
-0.001557154
-0.00140167
-0.001249704
-0.001110381
-0.0009870407
-0.0008788524
-0.0007819355
-0.0006879424
-0.0005879302
-0.000480968
-0.0003763869
-0.0002847874
-0.0002109912
-0.0001540529
-0.0001088628
-6.664708e-05
-2.146099e-05
2.461575e-05
6.594844e-05
9.755007e-05
0.0001173046
0.0001272122
0.0001307885
0.0001326641
0.0001363568
0.0001419937
0.0001461986
0.0001433113
0.0001295911
0.0001085434
8.951721e-05
8.070545e-05
8.298911e-05
9.12182e-05
9.880249e-05
0.0001000708
8.972143e-05
6.27807e-05
2.080014e-05
-2.790774e-05
-7.332367e-05
-0.0001074322
-0.0001287076
-0.0001416807
-0.0001503906
-0.0001547674
-0.0001494286
-0.0001286622
-9.331835e-05
-4.979533e-05
-3.689393e-06
4.451587e-05
9.970076e-05
0.0001675547
0.0002495532
0.0003415264
0.0004374973
0.0005337353
0.0006279057
0.0007181094
0.0008025914
0.0008802551
0.0009520974
0.001022008
0.00109216
0.001160187
0.001222131
0.001280296
0.001345478
0.001426014
0.001521758
0.001629268
0.001745078
0.001865346
0.001987767
0.002109353
0.002226111
0.002336281
0.002441999
0.002548099
0.002658713
0.00277356
0.002885892
0.002987598
0.003074162
0.003145282
0.003200902
0.003240021
0.003266063
0.003286637
0.003307909
0.003328287
0.003337856
0.003324566
0.003280277
0.003204558
0.003102114
0.002978961
0.002840632
0.002691163
0.002534788
0.002378603
0.002233461
0.002106799
0.001998739
0.001904105
0.001817145
0.001736271
0.001664353
0.001604426
0.001557549
0.001522956
0.001496246
0.001470651
0.001438583
0.001393175
0.001333922
0.001267348
0.001200951
0.001137648
0.001074269
0.001006016
0.0009332678
0.0008588328
0.000783338
0.0007066376
0.0006274002
0.0005456881
0.0004646077
0.0003897044
0.0003268593
0.0002765021
0.0002338775
0.0001939035
0.0001541918
0.0001129684
6.479045e-05
3.064087e-06
-7.605866e-05
-0.0001700065
-0.0002698342
-0.0003664009
-0.0004587861
-0.0005539221
-0.0006596661
-0.0007792271
-0.0009108745
-0.001050012
-0.001191112
-0.001331835
-0.001473661
-0.001617899
-0.001765123
-0.001918049
-0.002082048
-0.002263131
-0.002463248
-0.002675376
-0.002883984
-0.003071676
-0.00322984
-0.00336268
-0.003478318
-0.003580524
-0.003666489
-0.003733565
-0.003787155
-0.003834401
-0.003876764
-0.003912323
-0.003941772
-0.003970639
-0.004005654
-0.004048174
-0.004092256
-0.004130073
-0.00415793
-0.004176672
-0.004188968
-0.004196314
-0.004196507
-0.004184619
-0.004160252
-0.004127707
-0.004088582
-0.004042875
-0.003992859
-0.003941296
-0.003888878
-0.003834046
-0.003773301
-0.003701561
-0.003617754
-0.003525609
-0.00342923
-0.00333062
-0.003233182
-0.003141316
-0.003056355
-0.002975734
-0.002895234
-0.002813577
-0.002732183
-0.002653077
-0.00257401
-0.002489311
-0.002393504
-0.002284457
-0.002163328
-0.002030047
-0.001884526
-0.001733312
-0.001586234
-0.001446869
-0.00131332
-0.001182987
-0.001051946
-0.0009186267
-0.0007847041
-0.0006509012
-0.0005165761
-0.0003816088
-0.0002473933
-0.0001209852
-1.099209e-05
7.819503e-05
0.0001441703
0.0001833559
0.00019105
0.0001635233
0.0001021203
1.677519e-05
-7.932626e-05
-0.0001777956
-0.000278172
-0.0003822756
-0.0004903337
-0.0006045683
-0.0007308532
-0.0008720831
-0.001027244
-0.001191142
-0.001355495
-0.001515664
-0.00167138
-0.00182486
-0.001977654
-0.002128021
-0.002271816
-0.00240439
-0.002521059
-0.002616764
-0.002687055
-0.002733715
-0.002767283
-0.002799039
-0.002834952
-0.002874946
-0.002912434
-0.002938725
-0.002948532
-0.002941415
-0.002918826
-0.002884607
-0.002845491
-0.002808664
-0.002778664
-0.002756962
-0.002744557
-0.002743048
-0.002753242
-0.002769935
-0.002783818
-0.002788387
-0.002782529
-0.002768321
-0.002746717
-0.002719072
-0.002688311
-0.002655361
-0.002620299
-0.002583604
-0.002543989
-0.002499395
-0.002448259
-0.002388792
-0.002320161
-0.002243781
-0.002162041
-0.002078193
-0.001999811
-0.001931181
-0.001868821
-0.001809133
-0.00175003
-0.001687787
-0.00161609
-0.00153257
-0.001445234
-0.001365902
-0.001301602
-0.001252744
-0.001213177
-0.001175303
-0.001136639
-0.001099844
-0.001067354
-0.001037369
-0.001004083
-0.0009639061
-0.0009189377
-0.000871735
-0.0008221801
-0.0007724484
-0.0007289258
-0.0006982161
-0.0006763973
-0.0006476825
-0.0005971844
-0.0005206765
-0.0004269029
-0.000328723
-0.0002341759
-0.0001462612
-6.331612e-05
2.217e-05
0.0001184928
0.0002271806
0.0003461248
0.0004718664
0.0006005316
0.0007298305
0.0008605013
0.0009947413
0.001133966
0.001275529
0.001415152
0.001550958
0.001686635
0.00182854
0.001978956
0.002132032
0.002283487
0.002435937
0.002594708
0.002761453
0.002930348
0.003093019
0.003245842
0.003389716
0.003528475
0.00366435
0.003794134
0.003913752
0.004022386
0.004121549
0.004208177
0.004273351
0.004310745
0.004321216
0.004308653
0.004274699
0.004219432
0.004146376
0.004064489
0.003980621
0.00389123
0.003791585
0.003684203
0.003572543
0.003456741
0.003336505
0.003210534
0.003078588
0.002944137
0.002811721
0.002683118
0.00255643
0.002427455
0.002292137
0.002150806
0.002010911
0.001881016
0.001765259
0.001660994
0.001561596
0.001461531
0.001359342
0.00125492
0.001144044
0.001020201
0.0008805045
0.00072765
0.0005698782
0.0004158533
0.0002702485
0.0001327724
-1.124113e-07
-0.0001311787
-0.0002639567
-0.0004029488
-0.000548722
-0.0006968719
-0.0008404588
-0.0009748776
-0.001098598
-0.001210653
-0.001311435
-0.001404836
-0.001494742
-0.001584476
-0.001676604
-0.001772546
-0.001870925
-0.001967423
-0.002056987
-0.002134593
-0.002198288
-0.002250277
-0.002293954
-0.002330775
-0.002362494
-0.002391782
-0.002420328
-0.002444935
-0.00245834
-0.002455629
-0.002435618
-0.00240039
-0.002353855
-0.002298451
-0.0022358
-0.002168407
-0.002098219
-0.0020267
-0.0019547
-0.001880301
-0.001802469
-0.001720925
-0.001636039
-0.001550275
-0.001468142
-0.001393261
-0.001325521
-0.001262005
-0.001200485
-0.001139207
-0.001074685
-0.001003943
-0.000925123
-0.0008376568
-0.0007434417
-0.0006458846
-0.0005467215
-0.0004453542
-0.0003415849
-0.0002384631
-0.0001369754
-3.590894e-05
6.176817e-05
0.000150766
0.0002272461
0.0002926943
0.0003521899
0.000407986
0.0004589475
0.0005057251
0.0005520373
0.0005992723
0.0006418691
0.0006727308
0.0006873832
0.0006856288
0.000670486
0.0006449941
0.0006122184
0.0005762494
0.0005395953
0.0005009804
0.0004547794
0.0003949748
0.000319097
0.0002292913
0.0001297692
2.452878e-05
-8.617284e-05
-0.0002043273
-0.0003317754
-0.0004690605
-0.0006131817
-0.0007568478
-0.0008926366
-0.001017509
-0.001134268
-0.001246497
-0.001357588
-0.001471199
-0.001587177
-0.001701308
-0.00180907
-0.001908256
-0.001997615
-0.002073471
-0.002133403
-0.002177787
-0.00220847
-0.002229376
-0.002243878
-0.002251108
-0.002247654
-0.002231452
-0.002202906
-0.002162769
-0.00211149
-0.002050844
-0.001982136
-0.001903142
-0.001808274
-0.001696847
-0.001576129
-0.001455003
-0.001338248
-0.001224578
-0.001110666
-0.0009939383
-0.0008732274
-0.000748554
-0.0006199693
-0.0004856924
-0.0003445407
-0.0002009254
-6.290438e-05
6.417724e-05
0.0001798686
0.0002871575
0.0003880429
0.0004814126
0.0005658938
0.0006422691
0.0007116307
0.0007735404
0.0008276417
0.0008730604
0.0009068069
0.0009234531
0.0009171355
0.0008867152
0.000840792
0.0007924209
0.0007509552
0.0007171008
0.0006842076
0.0006448811
0.0005977412
0.0005486003
0.0005046768
0.0004673722
0.0004344233
0.0004031648
0.0003729602
0.000344988
0.0003190938
0.0002963467
0.0002788848
0.0002674625
0.0002601802
0.000252626
0.0002417608
0.0002277107
0.0002098038
0.0001881004
0.0001665578
0.0001501528
0.0001402099
0.0001352437
0.0001321423
0.000126598
0.0001161985
0.0001024993
8.939633e-05
7.933216e-05
7.436653e-05
7.655232e-05
8.386207e-05
9.253886e-05
0.0001005287
0.0001087601
0.0001178539
0.0001251143
0.0001279127
0.0001285729
0.000132126
0.0001413712
0.0001553719
0.0001712802
0.000185396
0.0001945562
0.0001984314
0.0002000954
0.0002037787
0.0002121204
0.0002256527
0.0002431916
0.0002652739
0.0002949286
0.0003350734
0.0003853417
0.0004411027
0.0004968954
0.0005501135
0.0006013458
0.0006496258
0.0006934922
0.0007342732
0.0007748384
0.0008177647
0.0008651859
0.0009167405
0.0009701573
0.001021663
0.001068216
0.001111607
0.001157994
0.001213261
0.001279932
0.001354475
0.001429228
0.001494991
0.001544427
0.001572963
0.001581564
0.001574977
0.001559894
0.001544748
0.001536423
0.00153684
0.001544732
0.001559581
0.001581529
0.001613128
0.001657788
0.001715014
0.001780423
0.001849165
0.001917188
0.00198084
0.002040616
0.002103676
0.002176675
0.002257813
0.002339724
0.002418195
0.002493592
0.002566454
0.002638551
0.002714899
0.002799163
0.002891678
0.002992943
0.00310479
0.003225367
0.003344373
0.003448341
0.003525112
0.003568607
0.003582693
0.00357696
0.003561143
0.003539644
0.003509175
0.003468512
0.003422223
0.003375886
0.003334734
0.0032994
0.00326836
0.003241516
0.003217953
0.003196816
0.003178661
0.003166671
0.003162393
0.003160948
0.003156445
0.003145829
0.003128976
0.003109244
0.003089841
0.003069418
0.003044187
0.003011737
0.002973792
0.002934991
0.002897962
0.002862251
0.002824191
0.002779801
0.002726267
0.002662235
0.002588267
0.002503826
0.002404747
0.002285819
0.002145571
0.001987186
0.001817208
0.0016393
0.001452786
0.001256985
0.001054534
0.0008537994
0.0006643899
0.0004909543
0.0003301432
0.0001703883
3.22536e-07
-0.0001787744
-0.000354057
-0.0005146991
-0.0006581793
-0.0007872784
-0.0009061204
-0.001017063
-0.001119931
-0.001215304
-0.001305744
-0.001398315
-0.001500412
-0.001614478
-0.00173919
-0.001871743
-0.002009035
-0.002148974
-0.002291894
-0.002438731
-0.002587424
-0.002733689
-0.002874179
-0.003007954
-0.003134726
-0.003254819
-0.003368082
-0.003472406
-0.003564915
-0.003642694
-0.003703874
-0.003748357
-0.003778283
-0.00379893
-0.00381772
-0.003840618
-0.003871351
-0.003910984
-0.003955248
-0.003995704
-0.004023893
-0.00403671
-0.004039225
-0.004040235
-0.004048179
-0.004066456
-0.004091455
-0.004115181
-0.00412813
-0.004120281
-0.004086153
-0.004028224
-0.003952048
-0.003865077
-0.00377303
-0.00367309
-0.003559386
-0.00343053
-0.003291157
-0.003148762
-0.003007627
-0.002870007
-0.002736373
-0.002605996
-0.002476213
-0.002342794
-0.002204825
-0.002065308
-0.001929482
-0.00180136
-0.001681033
-0.001562403
-0.001436111
-0.001295875
-0.001141695
-0.0009796914
-0.0008164783
-0.0006534384
-0.0004879539
-0.0003143927
-0.0001259591
8.174324e-05
0.0003088091
0.0005534533
0.0008133519
0.001082483
0.001350398
0.001607754
0.001851835
0.002086404
0.002319124
0.002559716
0.002815885
0.003088682
0.003370109
0.003647582
0.003912154
0.004159338
0.004388755
0.004603585
0.004807637
0.005004451
0.005196656
0.005387852
0.005581205
0.00577532
0.005965737
0.006147295
0.006317889
0.006477665
0.006627433
0.00676878
0.006902254
0.00702709
0.007142847
0.00725071
0.007352626
0.007449696
0.007542183
0.007630377
0.007713555
0.007790575
0.007862958
0.007933322
0.008000848
0.00806236
0.008114159
0.008155529
0.008186955
0.00820648
0.008211371
0.008199678
0.008171713
0.008131353
0.008083377
0.008032625
0.007981875
0.007927602
0.007865194
0.00779295
0.007708427
0.007607616
0.007489434
0.007356435
0.007215108
0.007072621
0.006931086
0.006789102
0.006643564
0.006492244
0.006334802
0.006168944
0.005993652
0.005811479
0.005628029
0.00545036
0.005285082
0.005135186
0.004998717
0.004871922
0.004749001
0.004623353
0.004491878
0.00435655
0.004222088
0.00409024
0.003958967
0.003825834
0.003690672
0.003554659
0.003418455
0.003283392
0.003149879
0.003017507
0.002887726
0.002763083
0.002646514
0.002540623
0.002447513
0.002367923
0.002298538
0.002232201
0.002161801
0.002085102
0.002006034
0.001930863
0.001863219
0.001802435
0.00174744
0.001698369
0.001658749
0.00163375
0.001622577
0.001618862
0.001619377
0.001627982
0.001651888
0.001696617
0.001761136
0.001838628
0.001918033
0.001991955
0.002063896
0.002140933
0.002223212
0.00230538
0.002382167
0.002450526
0.00251222
0.002571994
0.002633722
0.002696731
0.002756191
0.002808144
0.002853563
0.002896772
0.002942094
0.00299266
0.00305046
0.003115487
0.003184685
0.003253775
0.003318866
0.003377051
0.00342771
0.003472861
0.003513711
0.00355043
0.003585641
0.003623406
0.003664131
0.003705393
0.003745053
0.003782368
0.003816556
0.003845395
0.003867822
0.003886685
0.003906041
0.003927567
0.003950543
0.003974118
0.003996831
0.004016671
0.004031269
0.004039195
0.004043498
0.004048734
0.004053957
0.004054448
0.004044114
0.004015628
0.003967905
0.003906507
0.003839022
0.003769963
0.003699559
0.003625426
0.003543004
0.003447017
0.003334659
0.003206666
0.00306501
0.002911241
0.002747016
0.002574122
0.002392396
0.002196241
0.001976783
0.001728277
0.001453482
0.001163556
0.0008724339
0.0005895055
0.0003211841
7.120921e-05
-0.0001624957
-0.0003803143
-0.0005799046
-0.0007606996
-0.0009219691
-0.001062824
-0.001182403
-0.001281621
-0.001362986
-0.001428657
-0.001478881
-0.001513717
-0.001537566
-0.001560523
-0.001589484
-0.001623965
-0.001661907
-0.001698021
-0.001726183
-0.001742153
-0.001745891
-0.001744324
-0.001744614
-0.001750072
-0.001760691
-0.001772926
-0.001779905
-0.001775732
-0.001758406
-0.00173216
-0.001702336
-0.001669942
-0.001634184
-0.001595287
-0.001551428
-0.001499475
-0.00143824
-0.001369753
-0.001298858
-0.001231436
-0.001170976
-0.001117879
-0.001070429
-0.001023751
-0.0009714632
-0.0009110431
-0.0008438549
-0.0007711628
-0.000694247
-0.0006157298
-0.0005390523
-0.0004665736
-0.0003988498
-0.0003344951
-0.0002692424
-0.0001999307
-0.0001296699
-6.365638e-05
-4.300176e-06
4.952877e-05
9.931167e-05
0.0001448065
0.0001829943
0.0002114422
0.0002294844
0.0002373834
0.0002370896
0.0002300508
0.0002152854
0.0001930961
0.0001645505
0.0001306724
9.207259e-05
4.72689e-05
-5.78097e-06
-6.95845e-05
-0.0001453622
-0.0002322878
-0.0003284417
-0.0004302385
-0.0005323244
-0.0006294753
-0.0007164975
-0.0007908189
-0.0008534074
-0.0009087419
-0.0009638621
-0.001024076
-0.001093383
-0.00117882
-0.00128647
-0.001417112
-0.001565452
-0.001721811
-0.00187519
-0.002016331
-0.002141439
-0.002255746
-0.00237038
-0.002492235
-0.002622456
-0.002761704
-0.002910444
-0.00306585
-0.00322002
-0.003364584
-0.003499527
-0.003633456
-0.00377689
-0.003935037
-0.004107548
-0.004290088
-0.004474693
-0.004651478
-0.004810476
-0.004947804
-0.005066195
-0.005171981
-0.005269343
-0.005359284
-0.005443343
-0.005524039
-0.005602202
-0.005679034
-0.005753807
-0.005819908
-0.005867983
-0.005895288
-0.005908031
-0.00591377
-0.005912953
-0.00589949
-0.005867919
-0.005818907
-0.005755423
-0.005679354
-0.00559059
-0.005484321
-0.005353688
-0.005196382
-0.005016142
-0.004817838
-0.004603961
-0.00437688
-0.004142219
-0.003909008
-0.003684596
-0.003469751
-0.003259907
-0.003049487
-0.002836317
-0.002623274
-0.002415239
-0.002214004
-0.002018491
-0.001827957
-0.001643282
-0.001467747
-0.001304044
-0.001151654
-0.001009349
-0.0008764527
-0.000753442
-0.0006410664
-0.000536722
-0.000433473
-0.0003267935
-0.0002210608
-0.0001260704
-4.670544e-05
1.941512e-05
7.691029e-05
0.0001290639
0.0001797014
0.0002303648
0.0002745034
0.0003039479
0.0003150214
0.0003073189
0.0002846034
0.0002524029
0.0002144644
0.0001710373
0.0001191415
5.763773e-05
-1.195794e-05
-8.668787e-05
-0.0001630262
-0.0002402941
-0.0003252979
-0.0004263105
-0.0005427015
-0.0006663973
-0.0007899641
-0.0009097686
-0.001023674
-0.001129227
-0.001226044
-0.001317846
-0.001411087
-0.001510306
-0.001616365
-0.001726609
-0.001834687
-0.001934237
-0.002022559
-0.002097962
-0.002162365
-0.002221567
-0.002282061
-0.002349462
-0.002425511
-0.002507346
-0.002589876
-0.002668199
-0.002740184
-0.002807579
-0.002874604
-0.002942349
-0.003007978
-0.003069057
-0.003126148
-0.003184573
-0.003249749
-0.003323462
-0.003406348
-0.003496991
-0.003589758
-0.003681045
-0.003772477
-0.003864351
-0.003955224
-0.004045315
-0.004133683
-0.00421777
-0.004295557
-0.004366115
-0.004431932
-0.004501106
-0.004579502
-0.004664922
-0.004750932
-0.004832128
-0.004906887
-0.004973669
-0.005025775
-0.005055349
-0.005058463
-0.005038146
-0.004999841
-0.004948161
-0.004883579
-0.004804023
-0.004711042
-0.004608375
-0.004497277
-0.004374957
-0.004239732
-0.004095372
-0.003948041
-0.003800927
-0.003654198
-0.003509299
-0.003369226
-0.003234622
-0.003101551
-0.002962234
-0.002810361
-0.002644896
-0.002467864
-0.00228594
-0.00210867
-0.001939851
-0.001775336
-0.001609547
-0.001441744
-0.001276855
-0.00111977
-0.0009714631
-0.0008259431
-0.0006743328
-0.0005135792
-0.0003474942
-0.0001789143
-7.735075e-06
0.0001669108
0.000344508
0.0005212981
0.0006907963
0.0008485124
0.0009977499
0.001147702
0.001303997
0.001462407
0.001615462
0.001762214
0.00190701
0.002051278
0.002189357
0.002310817
0.002405927
0.002474721
0.002528326
0.002579672
0.00263801
0.002703857
0.002769348
0.002824751
0.002863412
0.00288631
0.00289937
0.002908882
0.00291812
0.002926749
0.002932911
0.002935587
0.002935165
0.002931042
0.002922678
0.002913155
0.002910321
0.002919084
0.002936466
0.002954629
0.002965164
0.002967323
0.002968155
0.002971435
0.0029736
0.002968493
0.002951142
0.002919125
0.002873188
0.002817732
0.002757027
0.002695157
0.002636512
0.002584188
0.002541009
0.002505313
0.002471703
0.00243623
0.002396655
0.002350332
0.002296491
0.002238937
0.002182032
0.002128477
0.002080764
0.002042182
0.002016341
0.002003221
0.001997757
0.001994245
0.00198953
0.001980509
0.001964203
0.00194106
0.00191553
0.001891773
0.00186947
0.00184574
0.001818055
0.001784968
0.001748677
0.001714839
0.001686807
0.00166418
0.001641585
0.001612401
0.001571943
0.001518007
0.001450733
0.00137421
0.001293503
0.001209944
0.001123967
0.001038539
0.0009582563
0.0008890566
0.000834485
0.0007914672
0.0007534399
0.0007132485
0.0006661744
0.0006128389
0.0005577484
0.0005091979
0.0004768887
0.0004682653
0.0004832627
0.0005139553
0.0005531168
0.000597771
0.0006460126
0.0006968708
0.0007516694
0.0008154526
0.000892737
0.0009832918
0.001082147
0.001181338
0.001270933
0.001346129
0.001408164
0.001458953
0.001499548
0.001530939
0.001557104
0.001582712
0.001611027
0.001645112
0.001683775
0.001716791
0.001733523
0.001731202
0.001714039
0.001687562
0.001652454
0.00160647
0.001546672
0.001471272
0.001383898
0.001294529
0.001210879
0.001130649
0.001047193
0.0009537694
0.000848212
0.0007341015
0.000615992
0.000498401
0.0003845374
0.0002733901
0.0001641923
5.731327e-05
-4.574263e-05
-0.0001455089
-0.0002442618
-0.0003436308
-0.0004434606
-0.0005410998
-0.0006330452
-0.0007178821
-0.0007978917
-0.0008767429
-0.0009564552
-0.001037345
-0.001117144
-0.001194827
-0.001271626
-0.001351158
-0.00143798
-0.001534572
-0.00163852
-0.001742956
-0.001842103
-0.001935519
-0.002024368
-0.002108469
-0.002189932
-0.002273024
-0.002361126
-0.002456667
-0.002558109
-0.002660189
-0.002758665
-0.002850929
-0.00293765
-0.003025366
-0.003121077
-0.003223211
-0.00332329
-0.003414509
-0.003497942
-0.003580077
-0.003665017
-0.003752097
-0.00383691
-0.003911876
-0.003969724
-0.004009195
-0.004032536
-0.004040086
-0.004029917
-0.004004221
-0.003968215
-0.003927337
-0.003886244
-0.003844445
-0.003796707
-0.003737768
-0.003665606
-0.003580827
-0.003485332
-0.003381881
-0.00327407
-0.00316351
-0.003050434
-0.002934779
-0.00281852
-0.00270427
-0.002592868
-0.002481283
-0.002362591
-0.002231343
-0.0020881
-0.001939501
-0.001791972
-0.001649582
-0.001514409
-0.001385181
-0.00126245
-0.001149878
-0.001052147
-0.0009704475
-0.0008984012
-0.0008268452
-0.0007493168
-0.0006645545
-0.0005749418
-0.0004821533
-0.0003883776
-0.0002964364
-0.0002117898
-0.0001409634
-8.454634e-05
-3.671965e-05
8.729969e-06
5.605406e-05
0.000108074
0.0001632702
0.000214587
0.0002569009
0.0002892046
0.0003108559
0.0003226886
0.0003288842
0.0003336484
0.0003359018
0.000331448
0.0003186456
0.0002980062
0.0002689397
0.000229121
0.0001786292
0.0001211396
6.082455e-05
2.444003e-06
-5.063366e-05
-9.927064e-05
-0.0001480354
-0.0001997556
-0.000255601
-0.0003173673
-0.0003851357
-0.000455789
-0.0005257985
-0.0005911649
-0.0006486511
-0.0006976356
-0.0007371458
-0.0007671379
-0.0007881587
-0.0007997473
-0.0008003597
-0.0007869473
-0.0007585613
-0.0007192476
-0.0006754781
-0.0006330862
-0.0005939726
-0.0005558862
-0.0005143739
-0.0004673537
-0.0004191081
-0.0003749382
-0.0003354786
-0.0003004948
-0.0002668326
-0.0002297169
-0.0001892587
-0.0001521459
-0.0001261143
-0.0001136215
-0.0001129373
-0.0001224776
-0.0001410937
-0.0001685482
-0.0002028278
-0.0002412604
-0.000285278
-0.0003394567
-0.0004060605
-0.0004847591
-0.000571549
-0.0006595151
-0.0007427048
-0.0008175611
-0.0008849463
-0.0009482848
-0.001011689
-0.001079246
-0.00115183
-0.001225222
-0.001291544
-0.001344193
-0.001381812
-0.001407664
-0.001426586
-0.001439883
-0.001443585
-0.001433967
-0.001412659
-0.001382662
-0.001346554
-0.001302993
-0.001249028
-0.001186001
-0.001116775
-0.001043409
-0.0009706349
-0.0009052123
-0.0008500315
-0.0008013327
-0.0007504525
-0.0006885236
-0.0006119199
-0.0005254522
-0.0004373272
-0.0003556476
-0.0002877021
-0.0002390821
-0.0002104643
-0.0001939648
-0.0001770628
-0.0001497538
-0.0001095211
-6.119455e-05
-1.430833e-05
2.40183e-05
5.0499e-05
6.487219e-05
6.741097e-05
5.695505e-05
3.410515e-05
2.211524e-06
-3.665972e-05
-8.506791e-05
-0.0001491358
-0.0002362393
-0.0003465907
-0.0004696099
-0.0005899656
-0.0006956924
-0.0007842672
-0.0008635437
-0.000944421
-0.001034044
-0.001135116
-0.001249241
-0.00137653
-0.001515229
-0.001659879
-0.00180092
-0.00192752
-0.002030703
-0.002106521
-0.002155868
-0.002183807
-0.002198894
-0.002208499
-0.002216021
-0.00222215
-0.002226794
-0.002230535
-0.002233001
-0.00223237
-0.002226319
-0.002209961
-0.002175423
-0.002117446
-0.002038588
-0.001945242
-0.001841543
-0.001731523
-0.001621431
-0.001519365
-0.001432315
-0.001363935
-0.001312004
-0.001266707
-0.001215594
-0.001153479
-0.001085448
-0.001020895
-0.0009661697
-0.0009237337
-0.0008941945
-0.000876731
-0.0008683889
-0.0008622912
-0.0008505138
-0.0008276823
-0.0007927704
-0.0007489123
-0.0007040334
-0.0006686715
-0.0006503346
-0.0006515941
-0.0006704164
-0.0007042443
-0.0007494444
-0.0008026607
-0.0008639672
-0.000935475
-0.00101745
-0.001105544
-0.001196352
-0.001290785
-0.001391364
-0.001500175
-0.001617098
-0.001741205
-0.001871723
-0.002002938
-0.002127988
-0.002245483
-0.002358422
-0.002470101
-0.002582921
-0.002698109
-0.002813045
-0.00292247
-0.003020378
-0.003100653
-0.003160722
-0.003205277
-0.003242373
-0.003276353
-0.003306907
-0.0033322
-0.003349562
-0.003355517
-0.003347594
-0.003324148
-0.003282774
-0.003220426
-0.003135009
-0.003028481
-0.002907143
-0.002777289
-0.002641558
-0.002497893
-0.002343525
-0.002180033
-0.002014963
-0.001855421
-0.001702589
-0.001550558
-0.001390951
-0.001219717
-0.00103959
-0.0008594883
-0.0006908069
-0.0005387132
-0.0004011391
-0.0002730912
-0.0001498425
-3.037087e-05
8.254564e-05
0.0001873065
0.0002872768
0.0003888494
0.0004949095
0.0006009598
0.0007026486
0.0008011287
0.0008997024
0.001003483
0.001117368
0.001239669
0.001359583
0.001463248
0.001543714
0.001607304
0.001667239
0.001733659
0.00180773
0.00188443
0.001958291
0.002026506
0.002090415
0.002151774
0.002209681
0.002261702
0.002306967
0.002347875
0.00238719
0.00242275
0.002449907
0.00246714
0.002476716
0.002481967
0.002484002
0.00248304
0.002479309
0.00247126
0.00245596
0.002427873
0.002384497
0.002330454
0.002272447
0.002214753
0.002158581
0.002103188
0.002047595
0.001992646
0.001936991
0.00187867
0.001814713
0.001739889
0.001651148
0.001552083
0.00145165
0.001358835
0.001276984
0.001204029
0.00113596
0.001067924
0.0009952872
0.0009159757
0.0008299489
0.00073508
0.0006305819
0.0005189816
0.0004069663
0.0003006059
0.0002006105
0.0001063382
1.870702e-05
-6.033509e-05
-0.000131187
-0.0001973146
-0.0002627961
-0.000329586
-0.0003988378
-0.0004716013
-0.0005463559
-0.0006203271
-0.0006898657
-0.000752062
-0.0008052742
-0.0008502615
-0.0008932124
-0.0009405539
-0.0009932646
-0.001045768
-0.001092325
-0.001131114
-0.001164097
-0.001191695
-0.001211421
-0.001220738
-0.001219902
-0.001211543
-0.001199391
-0.00118787
-0.001176555
-0.001159212
-0.001129777
-0.001086027
-0.001028647
-0.0009623312
-0.0008918604
-0.0008177896
-0.0007356756
-0.0006407417
-0.0005325201
-0.0004130004
-0.0002850537
-0.0001522163
-1.566541e-05
0.0001275539
0.0002817006
0.000448441
0.0006228511
0.0007977661
0.000968425
0.001134581
0.001299897
0.001467367
0.001635657
0.001802931
0.001968468
0.002130939
0.002290366
0.002449458
0.002611056
0.002774959
0.002938266
0.0031012
0.003267339
0.003437876
0.003610189
0.003777347
0.003932678
0.004078506
0.004221244
0.004365859
0.004510238
0.004645697
0.004763485
0.004861783
0.004945612
0.00502496
0.005109999
0.005198452
0.005277587
0.005336045
0.005371354
0.00538854
0.005395759
0.00539782
0.005392944
0.005378778
0.005357843
0.005332207
0.005297062
0.005244288
0.005167106
0.005064297
0.004940878
0.004804783
0.004663752
0.004520594
0.004373467
0.004221055
0.004065536
0.003911187
0.003760398
0.003611541
0.003462292
0.003310765
0.00315749
0.003004762
0.00285371
0.002702779
0.00254951
0.002393657
0.002238114
0.002086319
0.001942187
0.001811187
0.001699373
0.001608933
0.001535534
0.001471937
0.001411396
0.001349112
0.001286025
0.001229702
0.001188393
0.001166826
0.001165466
0.001180633
0.001207236
0.001239589
0.001272413
0.001306106
0.001347094
0.001403198
0.001478761
0.001572879
0.001679705
0.001788672
0.001890263
0.001982012
0.002068796
0.002158494
0.002253966
0.002350621
0.002439404
0.002511715
0.002564692
0.00260334
0.002635101
0.002662961
0.002687096
0.002707037
0.002722939
0.00273599
0.002746229
0.002748771
0.002738634
0.002715847
0.002685365
0.002650771
0.002611017
0.00256157
0.002499153
0.002423347
0.002335813
0.002240277
0.002139951
0.0020374
0.001935878
0.001838349
0.001745774
0.001658033
0.00157592
0.001496736
0.001415392
0.001329204
0.001240933
0.001156052
0.001080629
0.001018367
0.0009657376
0.0009130732
0.0008525085
0.00078205
0.0007033415
0.0006187441
0.0005285455
0.0004343181
0.000338263
0.000241977
0.0001487789
6.1078e-05
-2.33789e-05
-0.0001073036
-0.0001901941
-0.0002700116
-0.0003456389
-0.0004173867
-0.0004869372
-0.0005579926
-0.0006330833
-0.0007085043
-0.0007773794
-0.0008364331
-0.0008848034
-0.0009223332
-0.0009491937
-0.0009653525
-0.0009723415
-0.0009745109
-0.0009773831
-0.0009864428
-0.001005009
-0.001032975
-0.001066127
-0.001098176
-0.001122838
-0.001137417
-0.001141901
-0.001138467
-0.001128925
-0.001115937
-0.001104622
-0.001099913
-0.001106431
-0.001127358
-0.001160799
-0.001199133
-0.00123356
-0.00126089
-0.001285889
-0.001316034
-0.001351402
-0.001383826
-0.001408558
-0.001426439
-0.001439967
-0.001452083
-0.001464812
-0.001477673
-0.001487772
-0.001491292
-0.001484839
-0.001468892
-0.00144683
-0.001421793
-0.001396837
-0.001374648
-0.001352687
-0.001323731
-0.001282218
-0.001228297
-0.001167506
-0.001106405
-0.001047678
-0.0009909504
-0.0009337576
-0.0008738598
-0.0008103552
-0.0007440162
-0.0006798885
-0.0006245531
-0.0005807731
-0.0005456158
-0.0005114817
-0.0004685877
-0.0004131056
-0.0003492601
-0.0002827174
-0.0002172896
-0.0001548533
-9.811878e-05
-5.017952e-05
-1.192023e-05
1.806268e-05
3.952489e-05
5.106618e-05
5.151219e-05
4.202361e-05
2.965826e-05
2.285824e-05
2.49443e-05
3.532683e-05
4.909846e-05
5.953401e-05
6.26308e-05
5.847998e-05
5.056051e-05
4.222286e-05
3.158857e-05
1.299893e-05
-1.459413e-05
-4.50907e-05
-7.183183e-05
-9.008517e-05
-9.781292e-05
-9.552738e-05
-8.424732e-05
-6.474003e-05
-3.944013e-05
-1.042176e-05
2.16619e-05
5.78419e-05
0.0001026302
0.0001606745
0.0002317278
0.0003110512
0.0003930684
0.00047539
0.0005577473
0.0006402432
0.0007236121
0.0008081672
0.0008931224
0.0009781995
0.001064241
0.001150881
0.00123697
0.001321233
0.001400881
0.00147421
0.001544276
0.001615673
0.001689382
0.001762811
0.001835373
0.001910223
0.001989069
0.002069714
0.002148797
0.002225738
0.002303123
0.002382876
0.002465776
0.002550125
0.002632735
0.00270964
0.002775611
0.002830579
0.00288153
0.002935051
0.002993837
0.003057569
0.003123271
0.003188594
0.003254208
0.003320575
0.003383814
0.003437124
0.0034763
0.003502193
0.003520202
0.003534214
0.0035444
0.003551971
0.003561608
0.003577504
0.00359896
0.003621457
0.003638804
0.003644517
0.003636267
0.003617988
0.003596917
0.003577716
0.003559601
0.003538853
0.003515405
0.003491232
0.003465995
0.003438377
0.003408067
0.003378959
0.003356629
0.003339373
0.003318973
0.003289262
0.003248679
0.003199983
0.003144718
0.003081341
0.003008449
0.002925054
0.00283072
0.00272475
0.002605179
0.002475049
0.002342787
0.002216434
0.002095879
0.001975312
0.001850502
0.001717707
0.001571638
0.00140895
0.001229971
0.001038281
0.0008410633
0.0006462067
0.0004596291
0.0002839531
0.0001191002
-4.056629e-05
-0.0002013336
-0.0003643524
-0.0005259691
-0.0006822254
-0.0008328717
-0.0009782231
-0.001120098
-0.001259905
-0.001397028
-0.001530881
-0.001663037
-0.001795337
-0.001925031
-0.002043338
-0.002142436
-0.002221597
-0.00228702
-0.002348148
-0.002412005
-0.002477302
-0.002537149
-0.002585842
-0.002621148
-0.002645612
-0.002665251
-0.002681382
-0.002688962
-0.002681111
-0.002654591
-0.002611059
-0.002556258
-0.00249919
-0.002445355
-0.002397247
-0.002358737
-0.002334741
-0.002325671
-0.002325784
-0.002325555
-0.002316571
-0.002296107
-0.002266557
-0.002236674
-0.002215365
-0.002204867
-0.002200454
-0.002197707
-0.002196971
-0.002200173
-0.002208144
-0.002220501
-0.002236085
-0.00225179
-0.00226347
-0.002267721
-0.002263993
-0.002253209
-0.002234897
-0.002208717
-0.002174567
-0.002134348
-0.002092858
-0.002055757
-0.002026991
-0.002010041
-0.002004387
-0.002004503
-0.002000043
-0.001982355
-0.001950843
-0.00191409
-0.001879108
-0.001847548
-0.001817386
-0.001784884
-0.001748617
-0.001709287
-0.001667669
-0.001626242
-0.001587112
-0.001548804
-0.001510415
-0.001475089
-0.001448206
-0.001428907
-0.001411646
-0.001393879
-0.001377054
-0.001363445
-0.001354049
-0.001350171
-0.001353252
-0.001362163
-0.001372108
-0.001377206
-0.00137426
-0.001362103
-0.001342762
-0.001321998
-0.001307084
-0.001305446
-0.00132273
-0.001360191
-0.001414648
-0.001479187
-0.001546875
-0.00161588
-0.001687582
-0.001761666
-0.001835462
-0.001907501
-0.001976555
-0.002037728
-0.002084968
-0.002117674
-0.002143773
-0.002175789
-0.002224261
-0.002290522
-0.002367641
-0.002446747
-0.002521438
-0.002588472
-0.002648785
-0.002706353
-0.002764485
-0.00282492
-0.002889514
-0.002959726
-0.003034415
-0.003110335
-0.003181851
-0.003313932
-0.003354956
-0.00338206
-0.003402025
-0.003416816
-0.003428019
-0.003439856
-0.003452963
-0.003462937
-0.003466629
-0.00346603
-0.003466114
-0.003470014
-0.003475054
-0.00347571
-0.003467835
-0.003450323
-0.003423336
-0.003388389
-0.003347245
-0.003299776
-0.003245674
-0.003188313
-0.003130751
-0.003071325
-0.003006206
-0.002932898
-0.002851451
-0.002765382
-0.002678638
-0.002590591
-0.002498171
-0.002400721
-0.002300053
-0.002201937
-0.002112068
-0.002029248
-0.001945589
-0.001854196
-0.001753647
-0.001647203
-0.001542041
-0.00144404
-0.001356913
-0.001282545
-0.001217362
-0.001153502
-0.001082521
-0.0009984475
-0.0009014567
-0.0007991328
-0.0007000632
-0.0006063333
-0.0005171327
-0.0004343361
-0.0003607752
-0.0002984633
-0.0002463739
-0.0002010013
-0.0001590397
-0.0001193405
-8.269941e-05
-4.877216e-05
-1.503185e-05
1.893859e-05
5.055035e-05
7.823983e-05
0.0001045412
0.0001342619
0.0001711979
0.000215296
0.0002633075
0.0003104965
0.000352117
0.0003834154
0.0004017485
0.0004092732
0.0004134104
0.0004222225
0.0004389596
0.0004596649
0.0004800184
0.0004980123
0.0005147615
0.0005321626
0.0005487213
0.0005593459
0.0005605366
0.0005526151
0.0005390489
0.0005236186
0.000510417
0.0005044006
0.0005077627
0.0005151512
0.0005179412
0.000511955
0.0005000932
0.0004881877
0.0004799302
0.0004748674
0.0004738104
0.0004797769
0.0004924115
0.0005055749
0.0005102258
0.0005018775
0.0004837879
0.0004617307
0.0004389661
0.0004162763
0.000394456
0.0003720094
0.0003439507
0.0003088149
0.0002706249
0.000238275
0.0002192204
0.0002165282
0.0002284151
0.000248266
0.0002652653
0.0002711595
0.0002642845
0.0002483168
0.0002280326
0.0002056563
0.0001827676
0.0001642256
0.0001551317
0.0001566763
0.0001663235
0.0001805596
0.0001953645
0.0002058607
0.0002089653
0.0002030347
0.0001886879
0.0001701018
0.0001497096
0.000126746
0.000100179
6.897372e-05
3.267797e-05
-6.340725e-06
-4.393635e-05
-7.41849e-05
-8.962839e-05
-8.584227e-05
-6.701309e-05
-4.44621e-05
-2.668534e-05
-1.153408e-05
8.875811e-06
3.884547e-05
7.520898e-05
0.0001119496
0.000144758
0.0001740698
0.0002036957
0.0002399348
0.0002896797
0.0003563218
0.0004387091
0.0005315205
0.0006286725
0.0007246494
0.0008143853
0.0008959451
0.0009719297
0.001045358
0.001118435
0.001193652
0.001271921
0.001350263
0.00142459
0.001494174
0.00155975
0.001621492
0.001680973
0.00174179
0.001808679
0.001880963
0.001951995
0.002016586
0.002073228
0.002120908
0.002156751
0.002178687
0.002188324
0.002190255
0.00218744
0.002181436
0.002174192
0.002166828
0.002158117
0.00214592
0.002130934
0.002113359
0.002090063
0.002057199
0.002015107
0.001966749
0.001918444
0.001877437
0.001847472
0.001826061
0.001804238
0.001772803
0.001730157
0.001679065
0.001621045
0.001556902
0.001488297
0.00141732
0.001345908
0.001273692
0.001199518
0.001123632
0.001047063
0.0009693536
0.0008911266
0.0008162702
0.0007476669
0.0006842187
0.0006229965
0.0005615244
0.0004989807
0.0004360454
0.0003746972
0.0003202058
0.0002773413
0.0002453066
0.0002203162
0.0001998477
0.0001834157
0.0001703982
0.0001594214
0.0001477721
0.0001342562
0.0001197898
0.0001058497
9.321404e-05
8.081803e-05
6.421819e-05
4.006825e-05
8.923617e-06
-2.327104e-05
-5.00932e-05
-6.816319e-05
-7.489734e-05
-6.854492e-05
-5.004502e-05
-2.064595e-05
1.965755e-05
6.938498e-05
0.0001229431
0.0001774054
0.0002331065
0.00028872
0.0003383391
0.0003772098
0.0004042348
0.0004240098
0.0004446666
0.0004710515
0.0005045363
0.0005433341
0.0005846277
0.0006266072
0.0006694729
0.0007129291
0.0007546606
0.0007927025
0.0008307276
0.0008755334
0.0009309463
0.0009946894
0.001060702
0.001122357
0.00117318
0.001208483
0.001226274
0.001228497
0.0012194
0.001204833
0.00118906
0.001170303
0.001145919
0.001117964
0.001088823
0.001058061
0.001023132
0.0009793362
0.0009217484
0.0008461423
0.0007512243
0.0006399494
0.000516902
0.0003846487
0.0002437176
9.546526e-05
-5.716864e-05
-0.0002103174
-0.0003617117
-0.0005109498
-0.0006589067
-0.0008056356
-0.0009498502
-0.001092011
-0.001235141
-0.001381426
-0.001531231
-0.00168242
-0.001830076
-0.001970577
-0.002102314
-0.00222507
-0.002343213
-0.002463929
-0.002592756
-0.002730481
-0.002874079
-0.003017431
-0.003155257
-0.003286178
-0.003411169
-0.003531859
-0.003651261
-0.003770639
-0.00389017
-0.004007427
-0.004119518
-0.004226503
-0.004329482
-0.004430068
-0.004529352
-0.004624418
-0.004707725
-0.004771719
-0.004816437
-0.004852241
-0.004888509
-0.004927826
-0.004966473
-0.004997923
-0.005017141
-0.005019437
-0.005001375
-0.004961884
-0.004903962
-0.004829758
-0.004736081
-0.004621799
-0.004491395
-0.004349891
-0.004199575
-0.004041631
-0.003877508
-0.003709529
-0.003539884
-0.003371288
-0.003206208
-0.00304513
-0.002887961
-0.002734557
-0.002581697
-0.0024252
-0.002264256
-0.002101643
-0.001942517
-0.001791074
-0.0016484
-0.001512996
-0.001381274
-0.001249461
-0.001115129
-0.0009772996
-0.0008368424
-0.0006953561
-0.0005522819
-0.0004078657
-0.0002642195
-0.000123667
1.244392e-05
0.0001435479
0.0002699956
0.0003920138
0.0005085376
0.0006184606
0.0007237489
0.000828342
0.0009347045
0.001041629
0.001148051
0.001252892
0.00135277
0.001443806
0.001525491
0.001600063
0.00167079
0.001736804
0.001793757
0.001840349
0.001878034
0.001909137
0.001936467
0.001960196
0.001975127
0.001977264
0.001967409
0.001950446
0.001932116
0.001916873
0.001906312
0.001901097
0.001900373
0.001901081
0.001900114
0.001894255
0.001882244
0.00186465
0.001842375
0.001815889
0.001785682
0.001750882
0.001710251
0.001665818
0.001623667
0.001587989
0.00155908
0.001535151
0.001513564
0.001489409
0.001455734
0.001409194
0.001350403
0.00128104
0.00120178
0.001112329
0.001011204
0.0008986235
0.000777553
0.0006529042
0.0005317591
0.0004208436
0.0003229086
0.000235689
0.0001531725
7.006383e-05
-1.522081e-05
-0.0001024763
-0.0001911655
-0.0002828813
-0.0003806087
-0.0004869344
-0.0006002903
-0.0007141739
-0.0008213587
-0.000918333
-0.001007193
-0.001095016
-0.001189819
-0.001294533
-0.001407728
-0.001525317
-0.001641971
-0.00175322
-0.001855606
-0.001946549
-0.00202768
-0.002104535
-0.00218205
-0.002261828
-0.002342079
-0.002420597
-0.00249665
-0.002569033
-0.00263426
-0.002690836
-0.002742191
-0.002790361
-0.002834883
-0.002875147
-0.002909254
-0.002935059
-0.002951356
-0.002957398
-0.002953235
-0.002938652
-0.002912837
-0.00287656
-0.002831949
-0.002781842
-0.002727489
-0.002669076
-0.002606034
-0.002537665
-0.00246272
-0.00237919
-0.002285376
-0.00218277
-0.002075772
-0.001969111
-0.001866649
-0.00176922
-0.001674203
-0.001577221
-0.001473722
-0.001362985
-0.001248315
-0.001133505
-0.001021679
-0.0009139541
-0.0008097119
-0.0007075403
-0.0006046542
-0.0004986285
-0.000387983
-0.000274101
-0.0001612984
-5.724356e-05
3.076551e-05
0.0001000126
0.0001542119
0.0002004303
0.0002452487
0.0002910671
0.0003337906
0.0003676132
0.000390247
0.0004030993
0.0004085466
0.0004078351
0.0004023025
0.0003928853
0.0003797757
0.0003632288
0.0003439855
0.0003228552
0.0003013768
0.0002829009
0.0002708153
0.0002649047
0.0002621925
0.0002586754
0.0002539652
0.0002504879
0.0002492436
0.0002489459
0.000246337
0.0002393546
0.0002305979
0.000226027
0.0002296803
0.0002399101
0.0002487267
0.0002472366
0.0002334986
0.0002123989
0.0001907194
0.0001738362
0.000164239
0.000161468
0.0001612167
0.0001581283
0.0001494469
0.0001351806
0.0001172668
9.811362e-05
8.047881e-05
6.7325e-05
6.067016e-05
6.130189e-05
6.85215e-05
7.969025e-05
9.261128e-05
0.0001079379
0.0001280963
0.0001542244
0.0001857785
0.0002204942
0.0002543145
0.0002854203
0.0003155497
0.0003468743
0.0003800508
0.0004138295
0.0004468184
0.0004786658
0.0005113624
0.0005470521
0.000585002
0.0006230027
0.000660961
0.0007026932
0.0007513959
0.0008063536
0.0008634247
0.0009185123
0.0009709019
0.001019841
0.001060339
0.001087654
0.001101587
0.001105973
0.001108208
0.001114637
0.001126291
0.001140948
0.001154374
0.001163055
0.001166068
0.001161843
0.001149295
0.001131451
0.001113624
0.001098963
0.001087949
0.001080833
0.001078259
0.001079071
0.001079622
0.00107694
0.001070298
0.001058936
0.001038787
0.001006082
0.0009614967
0.000909093
0.0008544687
0.0008033385
0.0007597045
0.0007229369
0.0006885234
0.0006529275
0.0006140265
0.0005724093
0.0005291827
0.00048432
0.0004372064
0.0003860455
0.0003295377
0.0002698303
0.0002109139
0.0001564429
0.0001073054
6.192115e-05
1.925193e-05
-2.213744e-05
-6.443957e-05
-0.000111183
-0.0001631615
-0.0002162511
-0.0002646192
-0.0003034787
-0.0003287727
-0.000339796
-0.0003387131
-0.0003292005
-0.000317487
-0.0003100461
-0.0003082081
-0.0003108558
-0.0003164289
-0.0003236886
-0.0003327617
-0.000344212
-0.0003592903
-0.00037897
-0.0004002904
-0.0004176364
-0.0004267079
-0.0004252433
-0.0004142233
-0.0003953078
-0.0003705581
-0.0003425766
-0.0003144007
-0.0002906563
-0.0002730168
-0.0002597983
-0.0002483861
-0.0002375633
-0.0002279426
-0.0002182187
-0.0002051613
-0.0001872178
-0.0001642127
-0.0001351352
-0.0001000691
-6.338997e-05
-3.103763e-05
-7.13923e-06
7.333236e-06
1.392372e-05
1.586985e-05
1.805051e-05
2.487476e-05
3.720592e-05
5.36858e-05
7.198324e-05
9.011098e-05
0.0001082847
0.0001278673
0.0001497179
0.0001722727
0.0001927979
0.0002110279
0.0002294183
0.0002495827
0.0002719886
0.0002979482
0.0003288195
0.0003637992
0.0003992484
0.0004315798
0.0004596263
0.0004838332
0.0005063624
0.0005297979
0.0005558676
0.0005854144
0.0006172519
0.000648736
0.0006768133
0.0006995855
0.0007167179
0.0007291546
0.0007389815
0.000748028
0.0007544237
0.0007558379
0.0007522758
0.0007450019
0.0007354044
0.0007262011
0.0007193779
0.0007153682
0.000713812
0.0007155148
0.0007218155
0.0007323248
0.0007429094
0.0007473419
0.0007428031
0.0007315816
0.0007185172
0.0007078148
0.0007017107
0.0006999414
0.0007006666
0.0007034018
0.0007072143
0.0007085841
0.0007033209
0.0006895823
0.0006686783
0.0006438824
0.0006186694
0.0005947447
0.0005719982
0.0005483173
0.0005202488
0.0004833907
0.0004361554
0.0003812808
0.0003230506
0.0002643294
0.0002071761
0.0001531707
0.0001018412
5.15104e-05
1.103367e-06
-5.059346e-05
-0.000104606
-0.0001608251
-0.0002174237
-0.0002704008
-0.0003161239
-0.0003537387
-0.0003847034
-0.0004112054
-0.0004356873
-0.0004597243
-0.0004835533
-0.0005064799
-0.0005264986
-0.0005390951
-0.0005393086
-0.0005263435
-0.0005052024
-0.0004836241
-0.0004682826
-0.0004608803
-0.0004572702
-0.0004497461
-0.0004315195
-0.000399449
-0.0003527749
-0.0002933002
-0.0002266473
-0.0001622102
-0.0001084405
-6.7126e-05
-3.319496e-05
4.383363e-07
3.809889e-05
8.027779e-05
0.0001239581
0.0001653736
0.0002000477
0.0002263458
0.0002456494
0.0002595086
0.0002691812
0.0002772812
0.0002879264
0.0003033791
0.0003231143
0.0003445316
0.0003658236
0.0003870707
0.0004085385
0.0004278118
0.000440766
0.0004448091
0.0004407232
0.0004307017
0.0004173066
0.0004035233
0.0003914087
0.0003818424
0.0003743997
0.0003692467
0.0003669086
0.0003667878
0.0003678787
0.0003706865
0.0003754258
0.0003791614
0.0003776037
0.0003694069
0.0003578261
0.0003490582
0.0003473023
0.000351984
0.0003601987
0.0003688972
0.0003764355
0.0003825495
0.0003887527
0.0003957454
0.0004033795
0.0004126355
0.0004250795
0.0004419404
0.0004626253
0.0004855694
0.000510244
0.0005372626
0.0005675878
0.000601248
0.0006377531
0.0006773085
0.0007194171
0.0007630155
0.0008074928
0.0008527297
0.000898948
0.0009448792
0.0009870836
0.001024247
0.001057945
0.001091051
0.001125774
0.001162348
0.00120035
0.001239278
0.00127848
0.001317211
0.001354294
0.001389854
0.001425461
0.001461531
0.00149703
0.001530744
0.001562463
0.001594152
0.001627534
0.001661672
0.001694631
0.001725233
0.001755222
0.001787317
0.001821778
0.001856331
0.001887687
0.001914797
0.001938068
0.001957828
0.001974352
0.00198877
0.002002076
0.002013414
0.002022679
0.002031468
0.002040503
0.002048284
0.002051851
0.002047796
0.002035316
0.002016896
0.001996384
0.001976647
0.001957848
0.001938309
0.001915244
0.001886531
0.001850482
0.001805973
0.001754078
0.001697149
0.001636868
0.001573271
0.001505759
0.001434121
0.001358155
0.001277608
0.001192533
0.001102899
0.001009131
0.0009134795
0.0008189358
0.0007274836
0.0006398607
0.0005551465
0.0004712704
0.0003856298
0.0002973536
0.0002077188
0.0001186772
3.135972e-05
-5.427128e-05
-0.0001381822
-0.0002199882
-0.000299936
-0.0003799307
-0.0004614451
-0.0005455659
-0.0006334731
-0.0007252689
-0.0008184835
-0.0009087503
-0.0009936861
-0.001073883
-0.001150366
-0.001222677
-0.001289135
-0.001347689
-0.001396994
-0.001438357
-0.001474349
-0.001507211
-0.001537708
-0.00156557
-0.001589871
-0.001609655
-0.001625426
-0.001638473
-0.001649508
-0.00165702
-0.001657174
-0.001646681
-0.001625617
-0.001596934
-0.001564103
-0.001528999
-0.001491977
-0.001452975
-0.00141301
-0.001374015
-0.00133716
-0.001302493
-0.001268508
-0.001232976
-0.001194198
-0.001150062
-0.001098915
-0.001041595
-0.000981761
-0.0009224928
-0.0008644115
-0.0008074845
-0.0007524046
-0.0007009118
-0.0006550076
-0.0006156168
-0.0005821322
-0.000552336
-0.0005227187
-0.0004903305
-0.0004553901
-0.0004196954
-0.000385019
-0.0003519584
-0.0003206646
-0.0002914068
-0.0002632811
-0.0002350086
-0.0002052526
-0.0001729618
-0.0001377227
-0.0001003113
-6.313308e-05
-2.843335e-05
2.001628e-06
2.762447e-05
4.97951e-05
7.079126e-05
9.166369e-05
0.0001126113
0.0001337885
0.0001550901
0.0001755786
0.0001942277
0.0002113285
0.0002276692
0.0002438975
0.0002608465
0.0002795735
0.0002998523
0.0003196036
0.0003359152
0.000347003
0.000353732
0.0003595965
0.0003675314
0.0003778284
0.0003890435
0.0003992401
0.0004076177
0.000413828
0.0004182132
0.0004211115
0.0004221912
0.0004209502
0.000417343
0.0004124968
0.0004083524
0.0004060233
0.0004052529
0.0004050653
0.0004031385
0.0003975444
0.0003876885
0.0003751177
0.0003624675
0.0003508788
0.0003390895
0.000325069
0.0003074336
0.0002850874
0.0002577912
0.0002263818
0.0001929534
0.0001597588
0.0001278501
9.737759e-05
6.766656e-05
3.754065e-05
6.537265e-06
-2.471119e-05
-5.494358e-05
-8.375533e-05
-0.0001120658
-0.000140796
-0.0001699826
-0.000199173
-0.0002285005
-0.000259027
-0.0002912885
-0.0003246713
-0.0003572486
-0.0003872879
-0.0004141555
-0.0004377488
-0.0004578873
-0.0004743636
-0.0004869524
-0.0004957029
-0.0005012683
-0.0005042219
-0.0005055632
-0.0005071541
-0.0005096279
-0.0005123919
-0.0005146294
-0.0005157377
-0.0005154782
-0.0005135397
-0.0005096875
-0.0005039084
-0.0004963694
-0.0004872321
-0.0004765274
-0.0004646843
-0.0004525362
-0.0004409005
-0.0004299482
-0.0004196191
-0.0004098537
-0.0004010457
-0.000393798
-0.0003873021
-0.0003797307
-0.0003694236
-0.000356134
-0.0003406109
-0.0003236511
-0.0003060624
-0.0002889544
-0.0002729391
-0.0002579905
-0.0002436483
-0.0002295155
-0.0002160333
-0.0002036886
-0.0001919501
-0.0001800348
-0.0001677345
-0.0001545311
-0.0001404404
-0.0001256776
-0.0001100843
-9.4622e-05
-8.106898e-05
-7.034761e-05
-6.127457e-05
-5.162206e-05
-4.076556e-05
-2.97398e-05
-1.987531e-05
-1.101383e-05
-2.174475e-06
7.11516e-06
1.746435e-05
2.907191e-05
4.133069e-05
5.306142e-05
6.206578e-05
6.678551e-05
6.781606e-05
6.763541e-05
6.859536e-05
7.152686e-05
7.613553e-05
8.13043e-05
8.519312e-05
8.591952e-05
8.286903e-05
7.696693e-05
6.975325e-05
6.243497e-05
5.550285e-05
4.877413e-05
4.198315e-05
3.462773e-05
2.564336e-05
1.431725e-05
1.062658e-06
-1.309061e-05
-2.763096e-05
-4.26085e-05
-5.826922e-05
-7.473229e-05
-9.186913e-05
-0.0001096116
-0.0001279763
-0.0001462851
-0.0001630854
-0.0001772443
-0.0001888034
-0.0001987705
-0.0002084682
-0.0002191875
-0.0002317305
-0.0002461815
-0.0002616453
-0.0002766864
-0.0002901946
-0.0003019223
-0.0003121952
-0.0003214122
-0.0003300397
-0.0003380754
-0.0003453104
-0.0003520053
-0.0003586862
-0.0003655362
-0.0003724794
-0.0003790572
-0.0003848474
-0.0003892225
-0.0003913567
-0.0003915838
-0.0003912359
-0.0003915039
-0.000392482
-0.0003934001
-0.0003935287
-0.0003927478
-0.0003916622
-0.0003906012
-0.000389199
-0.0003870985
-0.0003842929
-0.0003805111
-0.0003749004
-0.0003668443
-0.0003565693
-0.0003453055
-0.0003345979
-0.000325065
-0.0003164516
-0.0003080401
-0.0002996416
-0.0002918854
-0.000285137
-0.0002786545
-0.0002710079
-0.000261313
-0.0002501719
-0.0002387937
-0.0002278095
-0.0002167251
-0.0002050819
-0.0001928986
-0.0001804441
-0.0001679538
-0.0001554291
-0.0001428981
-0.0001301853
-0.0001172337
-0.0001044794
-9.244921e-05
-8.120317e-05
-7.049214e-05
-6.032231e-05
-5.0864e-05
-4.202225e-05
-3.329615e-05
-2.418482e-05
-1.456889e-05
-5.038302e-06
3.907997e-06
1.222931e-05
1.995924e-05
2.72358e-05
3.420601e-05
4.105066e-05
4.800746e-05
5.523142e-05
6.292654e-05
7.146022e-05
8.085728e-05
9.068613e-05
0.0001003106
0.0001091964
0.000117435
0.0001252511
0.0001323435
0.0001379967
0.0001418721
0.0001445317
0.0001468462
0.0001496442
0.000153022
0.0001564714
0.0001593511
0.0001611615
0.0001619175
0.0001623441
0.0001633753
0.0001651419
0.000166799
0.0001676135
0.0001674396
0.0001664925
0.0001651625
0.0001639637
0.0001634718
0.0001643161
0.0001669206
0.0001709685
0.0001757068
0.0001802874
0.000184026
0.0001867044
0.0001887006
0.0001907076
0.00019301
0.0001954239
0.0001977116
0.0001996907
0.0002012943
0.0002027622
0.0002043417
0.0002061415
0.0002082441
0.0002106225
0.0002131068
0.000215316
0.0002171257
0.0002185674
0.0002196999
0.0002209988
0.0002231255
0.0002265884
0.0002313139
0.0002367442
0.0002420688
0.000246502
0.0002493514
0.0002503951
0.0002500642
0.0002492477
0.0002489616
0.0002497227
0.0002511863
0.0002525801
0.0002533743
0.0002535034
0.0002531275
0.0002524109
0.0002514226
0.000250294
0.0002489546
0.0002471104
0.0002446509
0.000241826
0.0002390542
0.0002366213
0.0002346815
0.0002331232
0.0002317277
0.0002305099
0.000229724
0.0002294103
0.0002291761
0.0002284694
0.0002269973
0.0002248188
0.0002221528
0.000219088
0.0002154896
0.0002111116
0.0002058189
0.0001998239
0.0001937703
0.0001883603
0.0001836821
0.0001791826
0.0001743849
0.0001693945
0.0001646448
0.0001603204
0.000156208
0.0001519678
0.0001473673
0.000142483
0.0001376849
0.0001331966
0.000128822
0.0001242027
0.0001193282
0.000114672
0.0001107625
0.000107694
0.0001049926
0.0001021203
9.90083e-05
9.585654e-05
9.286016e-05
8.996739e-05
8.687601e-05
8.336881e-05
7.951761e-05
7.557573e-05
7.176464e-05
6.815323e-05
6.487846e-05
6.211906e-05
5.997377e-05
5.846517e-05
5.737905e-05
5.637806e-05
5.529177e-05
5.405213e-05
5.262146e-05
5.107994e-05
4.957569e-05
4.819414e-05
4.693652e-05
4.584277e-05
4.497776e-05
4.435488e-05
4.395291e-05
4.372721e-05
4.356326e-05
4.330755e-05
4.288668e-05
4.241854e-05
4.211395e-05
4.211032e-05
4.241829e-05
4.296782e-05
4.364341e-05
4.424383e-05
4.465781e-05
4.49553e-05
4.521162e-05
4.547438e-05
4.586903e-05
4.650134e-05
4.735291e-05
4.830936e-05
4.91587e-05
4.974913e-05
5.005813e-05
5.014254e-05
4.994117e-05
4.93902e-05
4.853252e-05
4.747059e-05
4.632528e-05
4.51341e-05
4.378733e-05
4.218366e-05
4.037825e-05
3.854898e-05
3.683176e-05
3.517787e-05
3.341616e-05
3.144089e-05
2.927019e-05
2.704481e-05
2.496947e-05
2.313884e-05
2.149812e-05
1.998089e-05
1.850555e-05
1.694341e-05
1.522069e-05
1.337717e-05
1.162987e-05
1.024195e-05
9.343066e-06
8.885966e-06
8.655181e-06
8.407941e-06
7.933931e-06
7.140537e-06
6.058009e-06
4.775991e-06
3.382344e-06
2.035677e-06
9.841332e-07
3.552555e-07
9.514762e-08
1.167231e-07
3.756459e-07
8.334952e-07
1.444306e-06
2.161976e-06
2.9287e-06
3.744916e-06
4.668165e-06
5.729069e-06
6.933169e-06
8.250313e-06
9.711317e-06
1.14301e-05
1.351742e-05
1.591004e-05
1.836592e-05
2.062521e-05
2.260161e-05
2.444903e-05
2.637205e-05
2.849019e-05
3.084282e-05
3.341151e-05
3.61378e-05
3.895887e-05
4.181172e-05
4.46514e-05
4.746548e-05
5.028468e-05
5.315908e-05
5.60486e-05
5.881011e-05
6.135176e-05
6.369646e-05
6.593162e-05
6.813253e-05
7.035741e-05
7.257097e-05
7.46668e-05
7.657888e-05
7.832996e-05
7.997655e-05
8.154433e-05
8.302848e-05
8.441069e-05
8.567571e-05
8.684804e-05
8.797163e-05
8.906334e-05
9.012782e-05
9.114914e-05
9.20808e-05
9.28816e-05
9.355135e-05
9.409906e-05
9.450956e-05
9.475815e-05
9.486538e-05
9.489081e-05
9.487814e-05
9.48441e-05
9.475861e-05
9.45464e-05
9.415546e-05
9.361019e-05
9.299419e-05
9.239899e-05
9.185277e-05
9.133612e-05
9.082415e-05
9.028612e-05
8.968171e-05
8.897771e-05
8.814838e-05
8.720048e-05
8.617923e-05
8.516108e-05
8.423027e-05
8.341326e-05
8.264171e-05
8.179243e-05
8.077247e-05
7.959914e-05
7.8369e-05
7.715421e-05
7.596754e-05
7.479754e-05
7.362456e-05
7.244389e-05
7.128793e-05
7.021008e-05
6.924087e-05
6.836539e-05
6.754723e-05
6.673346e-05
6.587835e-05
6.49785e-05
6.405756e-05
6.313614e-05
6.222056e-05
6.131121e-05
6.041046e-05
5.951515e-05
5.862212e-05
5.773142e-05
5.684981e-05
5.599353e-05
5.517012e-05
5.436828e-05
5.357916e-05
5.280604e-05
5.20555e-05
5.132551e-05
5.060031e-05
4.985303e-05
4.907404e-05
4.828058e-05
4.751287e-05
4.681499e-05
4.62057e-05
4.567498e-05
4.518477e-05
4.469172e-05
4.41705e-05
4.361716e-05
4.304312e-05
4.245967e-05
4.185749e-05
4.121826e-05
4.05576e-05
3.991929e-05
3.934599e-05
3.884199e-05
3.83718e-05
3.79065e-05
3.743925e-05
3.698353e-05
3.655559e-05
3.615608e-05
3.577318e-05
3.538741e-05
3.498394e-05
3.45639e-05
3.41424e-05
3.374142e-05
3.33809e-05
3.306688e-05
3.278378e-05
3.251141e-05
3.223839e-05
3.196586e-05
3.170328e-05
3.146074e-05
3.124179e-05
3.104689e-05
3.088228e-05
3.075219e-05
3.065263e-05
3.057326e-05
3.049614e-05
3.040517e-05
3.029982e-05
3.019332e-05
3.009991e-05
3.002441e-05
2.996095e-05
2.990075e-05
2.983988e-05
2.977895e-05
2.971915e-05
2.965962e-05
2.959831e-05
2.953396e-05
2.946624e-05
2.939823e-05
2.933456e-05
2.927929e-05
2.923194e-05
2.918539e-05
2.913195e-05
2.906742e-05
2.899113e-05
2.890734e-05
2.88247e-05
2.8751e-05
2.868657e-05
2.862483e-05
2.855755e-05
2.847824e-05
2.838221e-05
2.826788e-05
2.813625e-05
2.799114e-05
2.783925e-05
2.768463e-05
2.752578e-05
2.736044e-05
2.718713e-05
2.700588e-05
2.681692e-05
2.662055e-05
2.641819e-05
2.621188e-05
2.600206e-05
2.578764e-05
2.55668e-05
2.533808e-05
2.510139e-05
2.485729e-05
2.46062e-05
2.434946e-05
2.408933e-05
2.382812e-05
2.356645e-05
2.330386e-05
2.304003e-05
2.27746e-05
2.250691e-05
2.223707e-05
2.196557e-05
2.169201e-05
2.141668e-05
2.114051e-05
2.086548e-05
2.059367e-05
2.032464e-05
2.005663e-05
1.978811e-05
1.951877e-05
1.924962e-05
1.898161e-05
1.871466e-05
1.8448e-05
1.818119e-05
1.791436e-05
1.764791e-05
1.738259e-05
1.711916e-05
1.685787e-05
1.65987e-05
1.634136e-05
1.608537e-05
1.58303e-05
1.557589e-05
1.532239e-05
1.507033e-05
1.48199e-05
1.457109e-05
1.43236e-05
1.407675e-05
1.38301e-05
1.358354e-05
1.333743e-05
1.309245e-05
1.284916e-05
1.260769e-05
1.236786e-05
1.212932e-05
1.189179e-05
1.165512e-05
1.141935e-05
1.118458e-05
1.095082e-05
1.071805e-05
1.048616e-05
1.025502e-05
1.002464e-05
9.795284e-06
9.567166e-06
9.340421e-06
9.115052e-06
8.890971e-06
8.668106e-06
8.44648e-06
8.226213e-06
8.007334e-06
7.789872e-06
7.573815e-06
7.359121e-06
7.145703e-06
6.93349e-06
6.722358e-06
6.512269e-06
6.303236e-06
6.095255e-06
5.888283e-06
5.682333e-06
5.477398e-06
5.273485e-06
5.070607e-06
4.868777e-06
4.668001e-06
4.468275e-06
4.269563e-06
4.071847e-06
3.87509e-06
3.679292e-06
3.484458e-06
3.290606e-06
3.097743e-06
2.905884e-06
2.715037e-06
2.525209e-06
2.336398e-06
2.148604e-06
1.961828e-06
1.776069e-06
1.591328e-06
1.407613e-06
1.224931e-06
1.043283e-06
8.626708e-07
6.83091e-07
5.045413e-07
3.27021e-07
1.505256e-07
-2.494475e-08
-1.993914e-07
-3.728166e-07
-5.45223e-07
-7.166131e-07
-8.869895e-07
-1.056355e-06
-1.224711e-06
-1.39206e-06
-1.558405e-06
-1.723748e-06
-1.888089e-06
-2.051431e-06
-2.213773e-06
