0.0001197186
0.0001195897
0.0001194505
0.0001193122
0.0001191767
0.0001190368
0.0001189015
0.0001187659
0.0001186265
0.0001184883
0.0001183682
0.0001182503
0.0001180921
0.0001179356
0.0001178148
0.0001177148
0.0001175607
0.0001173731
0.0001172179
0.0001170798
0.0001169328
0.0001168038
0.0001167483
0.000116716
0.0001166217
0.0001164169
0.0001161588
0.0001159893
0.0001158723
0.0001157722
0.0001156076
0.000115524
0.0001156283
0.0001155869
0.0001153615
0.0001149844
0.0001145482
0.0001143583
0.0001144861
0.0001144215
0.0001141611
0.0001140771
0.0001141392
0.0001142263
0.0001142059
0.0001140862
0.0001138432
0.0001134774
0.0001132307
0.0001131112
0.0001129982
0.0001128636
0.0001127248
0.000112573
0.0001124343
0.0001124354
0.0001125939
0.0001127358
0.0001129849
0.000112805
0.0001120625
0.0001122234
0.0001124164
0.0001119333
0.0001110011
0.0001104442
0.0001106786
0.000110644
0.0001099264
0.0001092892
0.0001094322
0.0001105767
0.0001114875
0.0001108571
0.000110455
0.0001114289
0.0001113657
0.0001095913
0.0001087193
0.0001093278
0.0001093615
0.0001092515
0.0001093597
0.0001088599
0.0001084507
0.0001086224
0.0001085314
0.0001080471
0.0001083719
0.0001080659
0.0001074781
0.000107973
0.0001089186
0.0001077618
0.0001055077
0.0001058384
0.0001070506
0.0001071327
0.0001059696
0.00010461
0.0001056921
0.0001079846
0.0001077648
0.0001067543
0.0001065527
0.0001074513
0.0001074016
0.0001053721
0.0001037872
0.0001038246
0.0001044101
0.0001049703
0.000104765
0.0001049063
0.0001038096
0.0001021105
0.0001017796
0.000104376
0.0001057409
0.0001040286
0.0001013004
0.0001012654
0.0001011825
0.0001010334
0.0001023182
0.0001034457
0.0001033389
0.0001009556
9.864251e-05
0.000101256
0.0001058525
0.0001078539
0.0001065824
0.000104225
0.0001013462
0.0001004447
0.0001017342
0.000101565
0.0001010347
0.0001005612
0.000103232
0.0001052448
0.0001027093
9.956082e-05
0.0001018439
0.000106074
0.0001066907
0.0001010329
9.43824e-05
9.439985e-05
0.0001011965
0.0001049283
0.0001030772
0.0001000561
9.906548e-05
9.79227e-05
9.533588e-05
9.499907e-05
9.630854e-05
9.581728e-05
9.436863e-05
9.012574e-05
8.560582e-05
9.148805e-05
0.0001014818
0.0001010727
9.861702e-05
0.0001000281
9.941394e-05
9.470284e-05
8.931277e-05
8.948866e-05
9.279287e-05
9.468068e-05
9.396832e-05
9.244175e-05
9.025582e-05
8.959064e-05
8.962435e-05
9.529175e-05
9.817506e-05
9.245641e-05
8.989088e-05
9.348446e-05
9.592062e-05
9.545694e-05
9.452691e-05
9.451349e-05
9.540253e-05
9.516988e-05
9.06307e-05
8.640748e-05
9.082503e-05
9.486794e-05
9.263965e-05
8.958412e-05
9.14841e-05
9.278245e-05
9.080558e-05
8.558273e-05
7.891131e-05
8.183002e-05
8.645171e-05
8.319747e-05
7.656986e-05
7.327234e-05
7.576528e-05
8.952014e-05
9.515614e-05
9.270293e-05
9.328904e-05
9.368416e-05
9.126866e-05
9.301962e-05
9.513425e-05
9.792258e-05
9.955029e-05
9.904885e-05
9.925078e-05
0.0001004302
9.791842e-05
8.879781e-05
8.374962e-05
9.249322e-05
0.0001007245
9.476793e-05
9.078854e-05
9.536189e-05
9.906737e-05
0.0001018228
0.0001041776
9.974391e-05
9.161498e-05
8.286527e-05
7.50745e-05
7.747936e-05
8.295345e-05
8.697624e-05
9.28731e-05
8.800257e-05
7.617033e-05
7.648176e-05
8.578563e-05
8.190467e-05
8.063613e-05
9.275096e-05
0.0001001083
9.566158e-05
8.973832e-05
9.423971e-05
0.0001030695
0.0001006343
8.175347e-05
7.071648e-05
7.9106e-05
9.451792e-05
9.385517e-05
8.198764e-05
8.021383e-05
8.429789e-05
8.984086e-05
9.568641e-05
9.08648e-05
8.304464e-05
8.991649e-05
9.791652e-05
9.691097e-05
9.086655e-05
8.08164e-05
7.498964e-05
9.529189e-05
0.0001068884
8.791391e-05
7.765048e-05
7.875996e-05
7.869994e-05
7.695255e-05
7.007567e-05
7.342989e-05
9.424806e-05
0.0001081266
9.881747e-05
7.932263e-05
7.154332e-05
8.27987e-05
9.205943e-05
8.260491e-05
7.259143e-05
7.645315e-05
8.401526e-05
8.959908e-05
9.828731e-05
0.0001019433
8.250535e-05
7.463762e-05
8.782577e-05
9.487723e-05
8.435557e-05
8.023207e-05
7.949336e-05
7.607376e-05
7.035745e-05
8.054682e-05
8.560212e-05
7.960787e-05
7.321202e-05
7.829665e-05
9.26439e-05
9.14303e-05
9.14264e-05
9.649093e-05
9.289419e-05
7.739685e-05
6.775453e-05
7.391954e-05
7.599427e-05
6.715962e-05
5.683482e-05
4.548788e-05
3.967823e-05
4.987497e-05
7.205111e-05
8.020778e-05
7.093612e-05
6.904276e-05
9.112568e-05
0.0001043423
9.193357e-05
7.738118e-05
7.276384e-05
8.811661e-05
9.388495e-05
7.542997e-05
5.870311e-05
6.559431e-05
7.591387e-05
6.872563e-05
7.98091e-05
0.0001032988
9.71694e-05
7.269237e-05
6.765322e-05
8.05125e-05
7.381862e-05
6.739693e-05
8.657607e-05
9.37681e-05
6.869154e-05
4.84158e-05
6.281853e-05
7.650474e-05
6.958792e-05
6.218805e-05
6.922384e-05
6.503488e-05
4.606804e-05
4.240315e-05
5.055743e-05
6.575916e-05
7.475429e-05
5.963404e-05
5.935344e-05
7.983287e-05
8.063307e-05
6.523605e-05
5.856495e-05
7.152457e-05
7.376338e-05
6.197516e-05
6.510051e-05
5.227032e-05
4.778121e-05
6.607758e-05
6.540346e-05
6.040474e-05
6.546271e-05
6.632561e-05
4.58153e-05
4.454582e-05
5.751102e-05
6.043258e-05
6.544646e-05
6.365833e-05
5.666775e-05
6.134275e-05
6.963961e-05
7.82595e-05
8.138253e-05
6.777948e-05
6.817626e-05
8.212887e-05
6.896165e-05
6.291722e-05
6.702515e-05
6.049185e-05
5.928904e-05
8.170403e-05
9.220244e-05
7.681789e-05
5.279268e-05
3.717992e-05
4.523687e-05
5.890323e-05
8.223143e-05
9.864879e-05
9.21909e-05
6.22675e-05
3.755254e-05
5.94837e-05
0.0001015202
8.372328e-05
4.012289e-05
4.819044e-05
6.914664e-05
6.20468e-05
4.699133e-05
6.04142e-05
8.963634e-05
0.0001057918
9.356886e-05
6.730102e-05
7.646541e-05
8.819436e-05
8.131085e-05
7.084129e-05
5.711583e-05
5.238221e-05
3.480505e-05
1.524276e-05
2.834096e-05
6.657102e-05
0.0001010357
9.573894e-05
6.052235e-05
6.072874e-05
7.015401e-05
5.564731e-05
6.116028e-05
7.756391e-05
7.87114e-05
7.932886e-05
7.844887e-05
6.96666e-05
5.120593e-05
5.89321e-05
7.785252e-05
8.23367e-05
8.009043e-05
5.746305e-05
4.044146e-05
6.210331e-05
8.316941e-05
6.247556e-05
3.766573e-05
5.465164e-05
9.032221e-05
0.000102898
7.485402e-05
3.288511e-05
4.894411e-05
0.0001060246
9.870876e-05
5.892101e-05
6.665937e-05
5.06417e-05
2.521391e-05
3.087226e-05
5.176588e-05
5.934638e-05
6.537779e-05
8.680479e-05
9.798058e-05
7.565627e-05
3.880395e-05
3.987105e-05
4.788233e-05
2.925216e-05
5.693789e-05
9.678467e-05
8.743989e-05
7.215862e-05
7.135023e-05
8.44273e-05
8.376856e-05
7.51067e-05
8.224814e-05
7.987161e-05
7.416397e-05
9.592123e-05
9.538332e-05
5.211206e-05
4.355331e-05
6.68899e-05
6.242456e-05
2.66485e-05
2.189104e-05
3.495727e-05
6.0937e-05
7.638613e-05
6.149866e-05
6.211142e-05
9.156462e-05
0.0001016972
9.152181e-05
0.0001118007
0.0001120716
8.041694e-05
7.663171e-05
9.126875e-05
9.762711e-05
8.962602e-05
6.77513e-05
7.2228e-05
0.0001054816
7.988687e-05
5.896416e-05
9.122889e-05
0.0001059214
7.742145e-05
7.677421e-05
0.0001139563
0.0001263231
8.564681e-05
8.45707e-05
0.0001245839
0.0001290558
8.260124e-05
4.540255e-05
4.733331e-05
4.0687e-05
5.219704e-05
7.125588e-05
7.220034e-05
7.559904e-05
6.755112e-05
3.211126e-05
-1.99367e-05
-2.028878e-05
4.093783e-05
8.451715e-05
7.821043e-05
4.40883e-05
1.841694e-05
6.723852e-05
0.0001175745
0.0001225653
0.0001072454
5.607716e-05
7.819857e-06
1.767649e-05
7.242875e-05
0.0001124888
0.0001094784
6.563194e-05
3.42837e-05
3.719881e-05
3.947154e-05
1.344044e-05
2.681245e-05
5.009532e-05
4.076807e-05
2.633368e-05
3.434605e-05
3.448687e-05
3.800828e-05
7.133894e-05
7.057952e-05
4.850478e-05
6.014717e-05
4.683542e-05
1.176822e-05
1.374787e-05
2.955761e-05
2.445674e-06
-2.529249e-05
1.280103e-06
2.950533e-05
1.491773e-05
8.398129e-06
3.248635e-05
5.101638e-05
5.285944e-05
3.507572e-05
4.123361e-06
4.509489e-06
4.845987e-05
7.861428e-05
5.079779e-05
6.06006e-06
-9.070131e-06
5.485277e-06
3.744409e-05
6.390675e-05
5.927547e-05
1.81511e-05
1.478089e-05
4.111461e-05
4.863584e-05
6.666633e-05
4.54728e-05
-2.091603e-05
-3.756734e-05
2.008162e-05
3.936611e-05
3.868174e-05
2.958966e-05
3.611903e-06
3.518532e-06
3.131576e-05
4.69975e-05
4.500745e-05
4.014465e-05
3.878354e-05
5.179047e-05
7.830358e-05
9.388029e-05
9.489438e-05
7.817543e-05
4.718974e-05
3.895312e-05
5.834538e-05
5.65618e-05
1.124477e-05
1.128983e-05
5.541097e-05
5.707524e-05
4.112731e-05
4.974844e-05
5.586708e-05
4.09308e-05
3.868896e-05
2.809283e-05
3.154088e-05
1.640809e-05
-1.543096e-05
-4.628469e-06
2.634189e-05
7.081309e-05
8.107406e-05
6.544193e-05
6.279506e-05
5.060908e-05
4.011346e-05
3.777729e-05
2.670285e-05
1.497705e-05
1.338448e-05
-4.348884e-06
-4.167459e-06
3.717744e-05
6.911845e-05
6.87344e-05
6.448602e-05
4.590575e-05
3.495308e-05
5.128421e-05
6.516004e-05
4.786602e-05
4.85216e-05
7.635129e-05
7.616317e-05
6.270763e-05
7.911088e-05
6.893488e-05
1.802433e-05
-2.42448e-06
3.119509e-05
9.833202e-05
0.0001075407
8.339211e-05
8.513697e-05
0.0001096035
9.497851e-05
1.736242e-05
-3.38758e-06
3.049346e-05
5.214019e-05
8.365094e-05
7.655861e-05
4.763249e-05
2.750005e-05
4.572144e-05
5.416867e-05
5.399506e-05
3.015034e-05
-6.18246e-06
4.366259e-05
0.0001106161
0.0001244846
8.421871e-05
6.827615e-05
9.14481e-05
6.817329e-05
2.133314e-05
-1.855919e-05
-2.955425e-05
6.08297e-06
5.433382e-05
4.996774e-05
3.180153e-05
3.424268e-05
3.281435e-05
1.011524e-05
1.434095e-05
8.219922e-05
9.575707e-05
2.716729e-05
2.396036e-05
6.401812e-05
5.270835e-05
1.293067e-05
7.170586e-06
4.798274e-05
6.79109e-05
5.147097e-05
1.061927e-05
-3.565205e-06
1.344901e-05
4.821977e-05
5.95096e-05
6.397681e-05
6.287415e-05
4.072e-05
3.1927e-06
4.094555e-05
0.0001139653
9.827858e-05
2.485323e-05
-9.502259e-06
1.420853e-05
2.046704e-05
3.729726e-06
1.516278e-06
-1.344783e-05
-3.012851e-05
-3.040042e-05
-1.271561e-05
3.131989e-06
-1.3725e-06
1.18675e-05
3.233324e-05
3.954797e-05
1.335465e-05
-3.264478e-05
-1.029162e-05
9.799864e-05
0.0001348909
4.180406e-05
-1.260552e-05
2.21551e-06
2.66956e-05
4.253481e-05
9.635862e-05
9.404452e-05
2.269659e-05
-1.61265e-05
2.380647e-05
6.475742e-05
4.85337e-05
2.491948e-05
7.661364e-06
-4.798672e-06
8.534279e-06
2.367037e-05
4.554428e-05
6.687169e-05
3.115194e-05
-4.049782e-05
-6.372178e-05
-1.001171e-05
4.998453e-05
8.513993e-05
5.90398e-05
-1.108477e-05
-2.82228e-05
-3.260454e-06
1.282406e-06
-5.035137e-06
-2.072158e-05
-1.475347e-05
-1.760173e-05
-5.92601e-05
-4.514632e-05
3.007205e-05
7.362972e-05
2.885648e-05
-3.856812e-05
-3.18223e-05
4.828615e-05
8.126642e-05
9.876703e-06
-1.23342e-05
5.903655e-06
-2.412075e-05
-1.767527e-05
1.125385e-05
-4.732033e-06
-5.799285e-05
-2.111047e-05
-7.563416e-07
-4.971315e-05
-6.129989e-05
-4.164902e-05
-1.542942e-05
-9.405071e-07
-2.417934e-05
-4.280692e-05
-2.597283e-05
-2.488145e-06
-5.170472e-06
-1.234248e-05
-1.413407e-05
2.215801e-05
5.609417e-05
5.2757e-05
5.328254e-05
5.338683e-05
3.844873e-05
-2.314907e-07
4.056437e-07
2.295932e-05
3.740431e-05
3.287467e-05
3.414346e-05
7.495633e-05
5.315541e-05
1.445303e-07
-4.080269e-06
3.628292e-05
3.972504e-05
3.570491e-05
4.615208e-05
4.634358e-05
6.709724e-05
8.801526e-05
7.095579e-05
2.307738e-05
7.197951e-06
6.594118e-05
0.0001237561
8.256751e-05
4.661696e-05
4.615104e-05
3.569144e-05
-1.577809e-06
3.051314e-06
2.234759e-05
1.582399e-06
-3.090204e-05
-8.510869e-06
6.387967e-06
-5.419581e-05
-3.89196e-05
5.737865e-05
8.262399e-05
1.611038e-05
-3.943413e-05
-1.633559e-05
5.439561e-06
-3.091288e-05
-1.189805e-05
1.808218e-05
-3.949991e-06
-6.35162e-06
7.19061e-05
9.74469e-05
1.596511e-06
-6.563797e-05
-4.23995e-05
2.678093e-05
5.012084e-05
-8.434238e-07
-4.761707e-05
-3.730596e-05
4.721575e-05
4.408361e-05
-5.406857e-05
-6.547416e-05
-1.289045e-06
4.662631e-05
4.9633e-05
1.647614e-05
3.847512e-05
0.0001216975
0.0001260628
2.616084e-05
-3.91791e-05
2.935007e-06
7.563029e-05
8.570053e-05
5.193238e-06
-0.0001149697
-0.0001506673
-5.076786e-05
6.144538e-05
7.516298e-05
4.301366e-05
3.5011e-05
3.758166e-05
6.714297e-05
8.865598e-05
4.503024e-05
-3.535826e-05
-1.692676e-05
8.394978e-05
0.000108757
6.109095e-05
1.201039e-05
2.080707e-05
7.025401e-05
7.056769e-05
4.853225e-06
-3.39072e-05
2.399233e-05
8.435549e-05
6.671581e-05
4.538265e-05
2.176336e-05
-1.021299e-05
-8.896631e-06
3.593433e-05
3.525474e-05
-1.992124e-05
-5.950919e-05
-3.726075e-05
-3.185513e-05
-3.475627e-05
-2.314888e-05
-8.179233e-06
2.764007e-05
4.864481e-05
5.35583e-05
9.545427e-06
-5.115708e-05
-4.375815e-05
2.450865e-05
3.573418e-05
-4.863532e-05
-5.225494e-05
6.275214e-05
9.028936e-05
3.093641e-05
-4.842508e-06
-4.575635e-06
3.795344e-05
0.0001138409
0.0001330581
7.223761e-05
8.160152e-06
1.189933e-05
7.450353e-05
0.0001129989
8.989912e-05
5.529492e-05
2.778532e-05
-1.773799e-05
-9.270689e-05
-0.0001280414
-8.973645e-05
-2.922736e-05
-1.540385e-05
-2.14062e-05
-2.736431e-05
-2.031912e-05
-1.830624e-05
-2.536796e-05
-4.723455e-05
-2.251508e-05
3.352635e-05
1.000849e-05
-3.557406e-05
1.168389e-07
6.687625e-05
5.666273e-05
-2.670238e-05
-8.969473e-05
-8.169457e-05
-1.007633e-05
1.77322e-05
-4.267795e-05
-7.939341e-05
-1.878613e-05
-3.297239e-05
-9.130004e-05
-8.013073e-05
-3.676091e-05
-1.810729e-05
-3.813205e-05
-3.844087e-05
-4.008256e-05
-7.753001e-05
-6.431179e-05
-7.357136e-06
2.205506e-05
-6.792802e-07
-6.803874e-05
-0.0001033419
-4.149358e-05
3.178326e-05
1.227532e-05
-1.473764e-05
3.059332e-06
-7.34246e-06
-2.275483e-05
-4.323517e-05
-5.943045e-05
-6.42648e-05
-4.700527e-05
5.72171e-06
4.619661e-05
3.273216e-05
-1.35587e-05
-7.518253e-05
-6.997722e-05
2.710965e-05
6.605599e-05
1.241242e-05
-3.693609e-05
-5.452715e-05
-5.00736e-05
1.858324e-05
6.978757e-05
8.83738e-05
9.765216e-05
6.687825e-05
3.495931e-05
1.366436e-05
-2.380714e-05
-4.284635e-06
6.544645e-05
0.0001036352
8.995156e-05
6.081131e-05
-1.420168e-05
-0.0001266285
-0.0001416792
-2.523808e-05
4.882673e-05
2.301737e-05
1.16214e-05
3.177836e-05
2.119509e-05
1.14845e-06
-4.277975e-06
-1.683586e-06
1.662899e-05
3.721282e-05
3.381649e-05
1.638551e-05
-2.309711e-06
3.635332e-06
-1.417105e-05
-3.237348e-05
-3.826416e-05
-1.518303e-05
1.907554e-05
3.303808e-05
2.724888e-05
4.721843e-05
6.866818e-05
4.958964e-05
7.097793e-06
-1.790508e-06
2.212053e-05
1.698673e-06
-6.051087e-05
-2.566654e-05
5.447747e-05
6.63684e-05
5.540935e-06
-6.717139e-05
-9.354058e-05
-2.688537e-05
5.89161e-05
-2.00486e-06
-2.449878e-05
4.576729e-05
3.978307e-05
-2.909816e-06
-1.241711e-05
1.07927e-05
4.487372e-05
6.256324e-05
8.121299e-05
8.146689e-05
2.749025e-05
-1.070318e-05
-7.987566e-06
1.326477e-05
3.017334e-05
3.10561e-05
4.486414e-05
2.974592e-05
6.90213e-08
-2.244244e-06
-4.147043e-05
-5.647304e-05
-3.259929e-06
3.666379e-05
1.690847e-05
-4.289614e-06
-7.096256e-06
-2.030635e-05
-2.247384e-05
9.762349e-06
2.683624e-05
4.791861e-05
6.230943e-05
4.228598e-05
8.293788e-06
1.07219e-05
1.45041e-05
-2.190501e-05
-2.755553e-05
2.464907e-06
4.674003e-05
8.457453e-05
7.984825e-05
1.653179e-05
-3.340256e-06
4.737803e-05
7.606025e-05
1.201605e-05
-8.648849e-05
-6.249827e-05
2.027334e-05
1.953685e-05
-1.379746e-05
2.265081e-06
5.378372e-05
5.065166e-05
-1.939136e-05
-3.821451e-05
6.061428e-05
0.0001204756
5.649143e-05
1.657028e-05
3.678431e-05
4.474649e-05
2.709382e-06
2.052638e-05
6.088857e-05
5.007188e-05
2.977127e-06
-1.976953e-05
8.085716e-06
5.166276e-05
3.167576e-05
-3.32523e-05
-3.704821e-05
2.10058e-05
8.265379e-05
8.130615e-05
4.140031e-05
-1.301912e-05
-4.728946e-05
-4.178314e-05
-3.072871e-05
-2.809121e-05
-8.551291e-05
-0.0001454773
-0.0001154495
-4.088557e-05
3.96985e-05
7.009598e-05
2.193443e-05
-5.200843e-05
-4.200374e-05
9.274555e-06
-2.319377e-05
-3.896188e-05
1.456086e-05
-3.618283e-05
-0.0001100719
-8.470634e-05
-3.382925e-05
-1.373837e-05
-1.893289e-05
-6.059426e-05
-6.451532e-05
-4.69193e-05
2.629273e-07
3.416444e-05
-1.155077e-05
-6.667635e-05
-4.062983e-05
7.487659e-07
-5.595149e-05
-9.811227e-05
-4.698527e-05
-5.716664e-06
-1.574201e-06
7.630305e-06
-6.515758e-06
-5.821322e-05
-6.602226e-05
-6.430435e-05
-3.201153e-05
4.63997e-06
-5.822266e-05
-0.0001342159
-9.903802e-05
-1.525762e-05
-1.592563e-05
-4.24082e-05
-5.024235e-05
-3.914115e-05
-3.69701e-05
-4.455539e-05
-6.559884e-05
-4.156953e-05
2.563531e-06
-3.635326e-05
-0.0001109768
-0.0001331822
-7.962234e-05
-4.49738e-05
1.037583e-05
7.658165e-05
5.470094e-05
-3.725247e-06
-3.404436e-06
2.371703e-05
4.416962e-06
-2.139542e-05
-1.564463e-06
4.335395e-05
3.922111e-05
-8.734918e-06
-6.084013e-06
5.837474e-05
7.367233e-05
-2.865238e-06
-2.266818e-05
3.311525e-05
2.095202e-05
1.581908e-06
2.951049e-05
2.583393e-05
-8.833024e-06
-4.413814e-05
-0.0001017001
-0.0001009989
-6.595748e-05
6.222633e-07
1.481095e-05
-4.356469e-05
-0.0001061795
-8.903177e-05
-2.736887e-05
1.546539e-05
2.290634e-05
-2.313787e-05
-3.94578e-05
1.871221e-05
4.196141e-05
2.989544e-06
-2.280479e-05
-1.94272e-05
-9.238454e-06
-1.920929e-05
-6.246443e-05
-0.0001212816
-0.0001240573
-2.78928e-05
3.120419e-05
2.613579e-05
-2.130425e-05
-5.272247e-05
-3.449648e-05
-3.065339e-05
-3.053674e-05
-1.929438e-06
-1.388333e-06
2.748474e-06
1.998916e-05
-1.2251e-05
-6.466205e-05
-8.578037e-05
-8.501147e-05
-6.593742e-05
-1.561941e-05
2.268537e-05
2.095367e-05
-1.410135e-06
-3.866405e-05
-3.707575e-05
-1.882399e-05
-1.020386e-05
-1.539938e-06
-1.133529e-05
-1.04111e-05
7.001919e-05
0.0001038529
2.989729e-05
-2.935238e-05
-4.609935e-06
-1.015032e-05
-5.034738e-05
-6.155852e-05
-3.916634e-05
2.262932e-05
3.992498e-05
-4.872844e-06
-3.494708e-05
-6.526217e-06
5.892194e-05
5.363579e-05
-4.181525e-05
-6.322988e-05
-7.491998e-06
5.704457e-06
1.471827e-05
1.6143e-05
-2.836939e-05
-5.214995e-05
-0.0001119298
-0.0001042698
-1.138881e-05
9.065838e-06
-3.497821e-05
-5.895351e-05
-3.367332e-05
-3.031494e-05
-5.597396e-05
-4.434366e-05
5.899772e-09
3.862854e-05
1.131952e-05
-3.485498e-05
4.543927e-06
6.858608e-05
7.114521e-05
2.908769e-06
-3.280125e-05
5.659781e-06
4.71302e-05
3.232234e-05
2.962505e-05
7.06101e-06
-4.463474e-05
-3.700784e-05
-7.632865e-07
-1.127196e-05
-3.602547e-05
4.891573e-05
0.0001269746
2.946215e-05
-9.325089e-05
-4.965029e-05
3.943634e-05
2.187023e-05
-4.550612e-05
-3.367073e-05
8.693966e-06
1.781115e-05
3.014686e-05
9.016243e-06
-4.071288e-05
-4.301182e-05
-3.682804e-05
-4.606537e-05
-5.248339e-05
-8.939502e-05
-0.0001028922
-6.598946e-05
-6.679253e-05
-8.565251e-05
-7.023295e-05
-4.818831e-05
-6.729162e-05
-8.76796e-05
-7.527358e-05
-5.317619e-05
-3.606053e-05
-7.276308e-06
-7.835987e-06
-1.740427e-06
1.525269e-06
-5.681439e-05
-0.0001140079
-9.652609e-05
-1.712584e-05
4.005146e-06
-1.726473e-05
-4.457558e-05
-7.562717e-05
-7.19527e-05
-5.082691e-05
-6.4127e-05
-8.671852e-05
-0.000107583
-0.0001070408
-6.802093e-05
-4.780489e-05
-5.064661e-05
-7.651014e-05
-8.655106e-05
-6.603951e-05
-7.95871e-05
-0.0001370486
-0.0001419752
-0.0001207339
-9.004646e-05
-7.962398e-05
-0.0001216595
-0.0001474322
-8.706727e-05
-3.019947e-05
-2.945315e-05
-6.881481e-05
-5.35032e-05
5.579779e-06
8.464365e-05
6.150731e-05
-4.692427e-06
-1.454508e-05
2.339061e-05
8.828647e-05
4.498437e-05
-8.546483e-05
-0.0001045539
-4.558593e-05
-2.147077e-05
-5.580204e-06
2.629935e-05
6.029252e-06
-5.073568e-05
-3.39441e-05
1.178634e-05
1.442317e-06
-4.534826e-05
-8.838435e-05
-6.718693e-05
8.490741e-06
4.530497e-05
3.776078e-05
1.758033e-05
4.296643e-06
-9.027458e-06
-4.913229e-05
-6.328488e-05
-4.278955e-05
-2.060988e-05
-4.730838e-05
-5.123792e-05
-1.122941e-05
2.860002e-05
6.458423e-06
-3.686705e-05
-1.777405e-05
6.965147e-06
1.015907e-05
-1.641311e-05
-3.376997e-05
-1.657661e-05
5.603449e-06
6.375425e-06
4.228921e-06
-1.625672e-05
-3.107749e-05
-1.8859e-05
-2.329662e-07
1.95666e-05
5.502896e-05
3.820422e-05
-1.117462e-05
-4.606634e-05
-8.353598e-05
-0.0001030569
-6.417757e-05
1.404176e-05
1.853661e-05
-5.68934e-05
-0.0001197429
-0.0001397605
-9.500476e-05
-1.68099e-05
1.421797e-05
-3.46504e-05
-6.152365e-05
8.81762e-07
5.110993e-05
2.230817e-05
-6.005217e-05
-7.117463e-05
9.346831e-06
-6.980469e-06
-6.609749e-05
-5.320679e-05
-2.662756e-05
-3.986939e-05
-6.522994e-05
-5.63303e-05
-3.535426e-05
1.728006e-05
7.236402e-05
5.291479e-05
2.693045e-05
-2.89806e-07
2.621214e-05
8.832973e-05
9.215256e-05
1.42102e-05
-6.214289e-05
-5.511162e-05
-2.585343e-05
-2.563983e-05
-4.958441e-05
-6.44077e-05
-4.790699e-05
-5.199682e-05
-5.147577e-05
5.293854e-06
2.501085e-05
-2.980822e-05
-7.396095e-05
-5.785337e-05
-2.906355e-05
-3.500091e-06
-9.806977e-06
-7.748004e-05
-9.589911e-05
-2.639757e-06
8.937826e-05
6.772061e-05
5.194551e-05
7.218975e-05
6.600926e-05
6.456169e-05
8.237442e-06
-2.166716e-05
-7.779299e-06
-1.681412e-05
-1.372073e-05
-2.280743e-06
-3.536306e-05
-4.322089e-05
7.262644e-06
4.510955e-05
8.923635e-05
7.398905e-05
-3.412139e-06
-0.0001036452
-0.0001093698
-5.548646e-06
1.278512e-05
-7.121145e-05
-8.555433e-05
-5.402815e-06
4.784057e-05
3.811276e-05
-2.74878e-05
-7.681711e-05
-3.135571e-05
-1.798428e-05
-5.254426e-05
-3.657726e-05
1.861426e-05
-1.827919e-05
-5.688443e-05
-1.736547e-05
-1.092663e-05
-6.52746e-05
-0.0001070647
-7.263491e-05
-4.804984e-05
-3.990279e-05
-2.633074e-05
-8.5914e-05
-0.0001417317
-9.482002e-05
-1.259966e-05
1.69477e-05
3.344898e-06
-7.914089e-05
-0.000129332
-4.77321e-05
-7.913754e-06
-5.010102e-05
-7.714981e-05
-3.550225e-05
-1.229182e-05
-5.18955e-05
-5.864211e-05
-3.671191e-05
-2.683662e-05
-4.686959e-05
-8.952459e-05
-0.0001074051
-8.079595e-05
-5.216514e-05
-9.128669e-05
-0.000169909
-0.0001920511
-0.0001308051
-7.342114e-05
-5.782229e-05
-7.893605e-05
-0.0001004874
-0.0001239203
-0.0001236085
-5.099363e-05
7.141492e-06
-1.015846e-05
-5.572845e-05
-9.573804e-05
-9.058943e-05
-4.702467e-05
-2.687527e-05
-6.213359e-05
-0.0001189455
-0.0001390556
-0.0001403636
-0.000100237
-3.224455e-05
-8.737059e-07
-1.010639e-05
6.221022e-06
3.198328e-05
1.754419e-05
-4.538381e-05
-8.561024e-05
-4.20436e-05
1.988793e-05
1.529423e-05
-3.046631e-05
-3.076017e-05
9.853325e-06
1.41391e-05
-8.896131e-06
-1.217475e-05
-1.106933e-05
-3.79196e-06
-5.375747e-06
-2.252005e-05
-5.847848e-05
-5.896298e-05
-4.543541e-05
-2.644019e-05
2.372147e-05
6.184592e-05
4.742634e-05
6.988241e-06
-4.768142e-05
-7.586048e-05
-5.619511e-05
-5.350543e-05
-6.793847e-05
-5.622808e-05
-6.119878e-05
-6.225973e-05
-4.238759e-06
3.474168e-05
-4.475792e-06
-6.798486e-05
-6.198441e-05
-2.199593e-05
-1.973216e-05
-4.352162e-05
-2.531523e-05
-2.149871e-05
-4.089377e-05
-5.107e-05
-2.918753e-05
2.717497e-05
4.559011e-05
6.088025e-06
-1.478087e-05
-2.607307e-05
-3.712491e-05
-5.955606e-05
-8.991838e-05
-7.628243e-05
-5.682438e-05
-6.765511e-05
-3.750572e-05
-5.859312e-05
-9.289305e-05
-4.788091e-05
-2.156892e-05
-1.259106e-05
-2.19895e-05
-9.413993e-05
-0.0001303972
-8.898625e-05
-6.535247e-05
-7.166592e-05
-8.194608e-05
-4.519729e-05
8.3628e-06
2.522515e-05
2.167155e-05
1.86339e-05
4.727256e-06
-1.443564e-05
-1.612036e-05
-1.334555e-05
7.919157e-06
7.827714e-06
-2.511302e-05
-4.757755e-05
-6.214859e-05
-6.928794e-05
-5.797436e-05
-8.196888e-05
-8.381749e-05
7.922759e-06
4.793867e-05
1.194212e-05
-3.549932e-05
-5.456679e-05
-4.527981e-05
-1.759433e-05
-8.748989e-06
-6.577119e-05
-8.186719e-05
-1.058754e-05
-1.117218e-05
-2.86678e-05
1.507361e-05
3.739741e-05
7.385558e-06
4.599602e-06
-1.535686e-05
-6.721703e-05
-5.279288e-05
2.29655e-06
2.741326e-05
2.441253e-05
6.579554e-08
-3.727963e-05
-3.562756e-05
4.224398e-06
2.307044e-05
1.351852e-05
1.064096e-05
3.939617e-05
5.872248e-05
-2.837883e-06
-6.827421e-05
-3.949996e-05
-3.825927e-05
-0.0001337589
-0.0001385178
-2.626245e-05
1.685162e-05
-2.272894e-05
-3.727035e-05
-3.690616e-05
-4.658537e-05
-8.056826e-06
4.329465e-06
-3.684718e-05
-3.777191e-05
2.188728e-05
4.061526e-05
-1.679461e-05
-3.437998e-05
-1.290984e-05
-4.383101e-05
-8.219365e-05
-6.503062e-05
-4.434708e-05
-4.710915e-05
-3.585804e-05
3.481127e-06
2.513177e-05
1.734872e-06
-3.966772e-05
-3.605768e-05
2.549333e-06
4.144693e-06
-1.587941e-05
-1.376453e-05
-2.827335e-05
-6.469661e-05
-8.809818e-05
-6.29693e-05
-2.46014e-05
-2.594273e-05
-6.425561e-05
-6.417298e-05
-6.224045e-05
-8.850063e-05
-9.568454e-05
-0.0001011723
-0.0001097497
-5.555743e-05
-4.247436e-05
-9.943061e-05
-8.199498e-05
-3.91858e-05
-5.656778e-05
-0.0001066215
-8.956562e-05
-7.160407e-06
1.560569e-05
-4.494318e-05
-9.574848e-05
-7.80299e-05
-2.127002e-05
2.476766e-05
-4.177482e-05
-0.0001909913
-0.0002038964
-0.0001077056
-8.944602e-05
-8.446963e-05
-3.977929e-06
5.807676e-05
3.973392e-05
-5.264417e-06
-4.120854e-05
-4.971244e-05
-4.658631e-05
-5.334782e-05
-5.602061e-05
-1.628423e-05
3.726727e-05
1.563092e-05
-2.153976e-05
-5.153701e-06
-2.142323e-06
-3.105607e-05
-3.216672e-05
-3.50734e-05
-7.462375e-05
-5.451683e-05
1.006215e-05
1.095896e-05
-7.329826e-05
-0.0001164591
-3.619009e-05
2.789429e-05
9.478755e-06
-4.111399e-05
-7.172168e-05
-6.725509e-05
-5.108345e-05
-5.651104e-05
-7.530704e-06
5.984476e-05
8.521756e-05
8.335309e-05
4.184581e-05
-3.047893e-05
-4.345599e-05
-1.214781e-06
4.086215e-06
-3.269239e-05
-5.421818e-05
-6.767398e-05
-8.381757e-05
-7.305267e-05
-4.347514e-05
1.501198e-05
7.341948e-05
6.450596e-05
-1.234603e-05
-4.371772e-05
1.667126e-06
-2.901054e-05
-9.843191e-05
-0.0001080546
-9.10396e-05
-7.876645e-05
-2.229666e-05
-1.169031e-05
-0.0001084063
-0.0001139409
-2.054863e-05
2.564229e-05
1.368463e-05
7.325699e-07
1.128822e-05
3.40423e-05
1.187788e-05
-4.832231e-05
-2.65159e-05
2.059436e-05
6.596245e-06
-6.080309e-05
-9.603838e-05
-4.898559e-05
-2.142701e-05
-7.961551e-05
-0.0001299433
-0.0001127936
-4.164752e-05
1.090469e-05
-3.374106e-05
-0.0001075461
-8.700586e-05
-6.84712e-05
-8.830451e-05
-5.360452e-05
7.792897e-06
-1.090645e-05
-9.627254e-05
-0.0001118798
-4.453751e-05
-2.485908e-05
-9.255503e-05
-9.893716e-05
-6.319412e-06
4.284086e-05
5.377285e-06
-4.275694e-05
-9.849896e-05
-9.42115e-05
-3.059228e-05
-4.646425e-06
-4.598955e-05
-0.0001324353
-0.0001344871
-5.030403e-05
2.711889e-05
1.541185e-05
-4.989105e-05
-2.875435e-05
1.513704e-05
1.526221e-06
-4.370928e-05
-5.76267e-05
-4.852871e-05
-6.696236e-05
-0.0001177077
-0.0001229067
-8.997397e-05
-8.635148e-05
-2.9213e-05
4.792947e-07
-5.300886e-05
-8.449893e-05
-4.442097e-05
2.017486e-06
1.936566e-05
-2.775351e-05
-6.227143e-05
-4.062159e-05
-1.92152e-05
-4.023759e-05
-4.327411e-05
-8.810698e-06
-2.181938e-06
-1.942163e-05
-3.69915e-05
-7.6005e-05
-9.537237e-05
-7.475347e-05
-1.525452e-05
-2.453083e-06
-4.120852e-05
-4.391142e-05
-2.276611e-05
-3.700012e-05
-5.478744e-05
-5.538654e-05
-6.895705e-05
-9.131223e-05
-8.902046e-05
-6.789586e-05
-4.982047e-05
-8.410055e-05
-0.0001016468
-0.0001038265
-0.0001351855
-0.000130753
-0.0001140948
-0.0001325209
-0.0001548869
-0.0001202131
-7.931503e-05
-8.076998e-05
-9.029761e-05
-9.328261e-05
-6.540003e-05
-4.625005e-05
-8.434556e-05
-0.0001409586
-0.000136327
-0.0001157486
-0.0001296163
-0.0001375428
-0.0001169347
-0.0001136589
-0.0001054269
-0.0001116154
-7.866749e-05
-2.44677e-05
-8.769341e-05
-0.0001823237
-0.0001265125
-4.155394e-05
-7.47942e-05
-0.0001260735
-0.0001290286
-0.0001015658
-8.013368e-05
-8.605491e-05
-9.201553e-05
-9.163489e-05
-6.515676e-05
-5.300039e-05
-8.985027e-05
-0.0001103431
-6.872979e-05
-6.888635e-05
-9.123581e-05
-9.268815e-05
-5.316677e-05
-4.149155e-05
-6.636026e-05
-2.318846e-05
3.090756e-05
-5.791078e-06
-8.592884e-05
-5.099022e-05
-5.991926e-06
-1.588988e-05
-2.973339e-05
-5.295698e-05
-4.501829e-05
6.232079e-06
2.326843e-05
1.91025e-06
2.024492e-05
2.354568e-05
-1.029804e-05
-4.863019e-05
-5.659753e-05
-5.626343e-05
-9.303907e-05
-0.0001142549
-5.800375e-05
-2.362488e-05
-2.41272e-05
-2.465851e-05
-1.863078e-05
-7.138178e-05
-0.0001472373
-0.0001477633
-0.0001021805
-6.525953e-05
-7.390121e-05
-8.942951e-05
-6.908445e-05
-8.730938e-05
-0.0001428376
-0.0001295487
-7.578143e-05
-4.998303e-05
-3.597175e-05
-4.256053e-05
-9.16272e-05
-0.0001058084
-9.577367e-05
-0.000114202
-7.705575e-05
1.3197e-05
1.251313e-05
-4.526488e-05
-5.378242e-05
-3.385245e-05
-2.7997e-05
5.902297e-06
2.517559e-05
-1.291697e-05
-3.924282e-05
-3.576146e-05
9.495733e-06
2.524359e-05
-2.891109e-05
-6.06636e-05
-6.27476e-05
-9.569691e-05
-0.0001131485
-5.399935e-05
-3.765205e-05
-7.959209e-05
-8.665474e-05
-2.474796e-05
-6.894983e-07
-4.531598e-05
-7.56377e-05
-4.87081e-05
1.240408e-05
1.063739e-05
-5.261984e-05
-5.359403e-05
-2.590063e-05
-1.938024e-05
-6.278505e-05
-0.0001000128
-7.895543e-05
-5.789217e-05
-5.973202e-05
-5.991202e-05
-4.479118e-05
-4.774111e-05
-6.422212e-05
-2.635345e-05
-1.08893e-05
-5.610358e-05
-7.803994e-05
-8.160955e-05
-0.0001177648
-7.985575e-05
-5.3514e-06
-2.017578e-06
-5.255592e-05
-7.341028e-05
-3.074537e-05
1.040404e-05
-1.54277e-05
-3.446802e-05
-1.752655e-05
9.19846e-07
-1.944023e-05
1.519109e-06
3.694817e-05
2.380525e-06
-3.909463e-05
-2.167993e-05
4.515711e-06
-3.793082e-06
-4.20065e-05
-9.971088e-05
-0.0001513271
-0.0001268893
-8.250416e-05
-9.855964e-05
-0.0001436603
-0.0001677332
-0.0001300516
-7.039342e-05
-3.651649e-05
-4.317412e-05
-8.058159e-05
-8.070712e-05
-7.881505e-05
-8.266541e-05
-5.265765e-05
-1.334771e-05
2.943077e-05
5.352018e-06
-6.814534e-05
-0.0001025571
-8.031663e-05
-7.655964e-05
-8.13517e-05
-4.797953e-05
-2.71701e-05
-2.59412e-05
-5.013586e-05
-6.673881e-05
-6.209701e-05
-5.917905e-05
-7.869198e-05
-0.0001000632
-8.209674e-05
-5.788639e-05
-5.384314e-05
-7.897825e-05
-0.0001192601
-0.0001134698
-6.960962e-05
-7.215567e-05
-0.0001284444
-0.0001444242
-0.0001101493
-0.0001269354
-0.0001368022
-8.821134e-05
-0.0001112675
-0.0001691593
-9.779267e-05
-1.753401e-05
-4.936968e-05
-0.0001161138
-0.0001371428
-0.0001267767
-0.0001073891
-9.301846e-05
-9.357352e-05
-8.723048e-05
-0.0001058684
-0.0001494417
-0.0001706746
-0.0001092345
-3.500038e-05
-5.679101e-05
-0.0001013606
-9.47098e-05
-8.929967e-05
-0.0001260217
-0.0001768564
-0.0001520334
-0.0001558384
-0.0002132862
-0.0001815647
-8.542613e-05
-7.2139e-05
-0.0001394346
-0.0002018004
-0.0002186311
-0.0001430916
-8.754703e-05
-5.358511e-05
-4.732256e-05
-8.296661e-05
-8.22419e-05
-6.742601e-05
-6.690769e-05
-5.067815e-05
-1.322194e-05
-1.200927e-05
-5.052075e-05
-7.176397e-05
-6.718237e-05
-5.997343e-05
-6.490098e-05
-8.498547e-05
-8.388085e-05
-4.708306e-05
-4.758105e-05
-6.237642e-05
-6.276528e-05
-8.153046e-05
-0.000119511
-0.000105533
-4.543095e-05
-2.220985e-05
-3.431729e-05
-6.659535e-05
-4.026146e-05
4.500869e-05
4.28768e-05
-7.316047e-05
-0.0001317794
-6.835668e-05
-4.126483e-05
-6.114796e-05
-6.816924e-05
-6.730527e-05
-8.246102e-05
-8.646114e-05
-5.222489e-05
-3.279646e-05
-1.603762e-05
-1.614848e-05
-3.427834e-05
-5.31167e-05
-8.221221e-05
-7.928633e-05
-9.734289e-05
-0.0001339926
-0.0001157936
-9.145986e-05
-8.911513e-05
-0.0001280011
-0.000161312
-0.0001532239
-0.0001497812
-0.0001076325
-3.54045e-05
-7.983979e-05
-0.0001416644
-0.0001083553
-2.76493e-05
-1.231535e-05
-3.690872e-05
-2.172659e-05
-1.705433e-05
-5.040374e-05
-7.11037e-05
-6.917294e-05
-6.761754e-05
-6.879405e-05
-5.410774e-05
-2.383447e-05
-4.47605e-06
1.895862e-05
2.185253e-05
-5.183926e-05
-0.0001277471
-0.0001268454
-7.636362e-05
-5.257704e-05
-8.336603e-05
-0.0001297059
-0.0001030309
-2.22485e-05
-2.710701e-05
-0.000106003
-0.00010758
-5.094598e-05
-5.316009e-05
-5.380921e-05
2.597111e-06
7.715541e-06
-8.838408e-05
-0.0001334818
-7.821302e-05
-1.02293e-05
1.946508e-05
8.12575e-06
-2.319671e-05
-1.533454e-05
-3.721946e-05
-0.0001083995
-0.0001049313
-4.539696e-05
-6.261651e-05
-0.0001079914
-7.84099e-05
-1.717484e-05
4.751708e-06
-6.264793e-06
-2.740863e-05
-3.459635e-05
-2.827059e-05
-7.475193e-05
-0.0001299356
-8.484119e-05
-4.438312e-06
-5.940237e-05
-0.0001459597
-0.0001192178
-4.754743e-05
1.119005e-05
3.753218e-07
-7.341345e-05
-8.938676e-05
-8.658296e-05
-0.0001035097
-8.835551e-05
-3.884174e-05
-1.780808e-06
-4.76492e-06
2.544847e-06
-2.143605e-05
-7.928662e-05
-0.0001117474
-4.203817e-05
-2.477136e-05
-0.0001227579
-0.0001549712
-5.626194e-05
2.525252e-05
2.002206e-05
-2.83006e-05
-4.134125e-05
-5.094006e-05
-8.192883e-05
-0.0001206109
-0.0001345214
-0.0001282769
-0.0001305849
-0.000140623
-0.0001197841
-5.45017e-05
-3.998215e-05
-0.0001352575
-0.0001922782
-0.0001353874
-0.0001112149
-0.0001134362
-8.497929e-05
-6.586855e-05
-8.210488e-05
-0.0001015137
-9.936126e-05
-0.0001168492
-0.000135136
-0.0001215967
-9.381849e-05
-8.911003e-05
-0.0001170542
-0.000176143
-0.0001554809
-6.584994e-05
-4.565293e-05
-5.162612e-05
-3.966785e-05
-5.299276e-05
-7.28217e-05
-7.622194e-05
-6.418287e-05
-5.83536e-05
-0.0001034175
-0.0001767346
-0.0001533441
-7.69248e-05
-9.486956e-05
-0.0001305018
-0.0001181217
-0.0001302519
-0.000173535
-0.0001373394
-7.693764e-05
-5.676905e-05
-0.000116434
-0.0001557882
-0.0001383922
-0.0001355543
-9.986522e-05
-6.234514e-05
-6.107877e-05
-0.0001052273
-0.0001453754
-0.0001053865
-5.260802e-05
-3.541054e-05
-2.715819e-05
6.362641e-06
1.207389e-05
-1.275099e-06
-3.828772e-05
-0.0001062476
-0.0001408865
-0.0001386277
-0.0001191966
-8.660752e-05
-6.254329e-05
-4.940082e-05
-7.643732e-05
-0.000113675
-5.327851e-05
-1.096971e-05
-6.267543e-05
-0.0001285413
-0.0001432083
-0.0001089535
-6.958538e-05
-4.305681e-05
-1.200334e-05
-9.11749e-05
-0.000177081
-0.0001236244
-8.353673e-05
-0.0001012393
-7.314409e-05
-3.116287e-05
-6.148459e-05
-0.0001256347
-0.0001493074
-0.0001092922
-3.516762e-05
-1.169927e-07
-2.826505e-06
-2.600184e-05
-6.399797e-05
-6.844186e-05
-2.706884e-05
1.997998e-05
1.845305e-05
-6.540804e-05
-0.0001205635
-7.186882e-05
-2.365452e-05
-7.948222e-05
-0.0001633067
-0.0001621947
-0.0001155546
-8.207899e-05
-8.627342e-05
-7.539742e-05
-4.072281e-05
-5.321998e-05
-3.947553e-05
-4.489491e-05
-7.150201e-05
-5.214887e-05
-7.06096e-05
-0.000123925
-0.0001274278
-8.706006e-05
-6.799014e-05
-7.178454e-05
-6.134118e-05
-4.19355e-05
-2.816006e-05
4.198214e-07
2.154433e-05
5.121698e-05
2.87375e-05
-8.091823e-05
-0.0001475333
-0.0001065287
-9.874141e-05
-0.0001339164
-0.0001086947
-8.935813e-05
-8.716418e-05
-5.571987e-05
-4.935644e-05
-6.914555e-05
-0.0001104129
-0.000139583
-0.0001035793
-0.0001009033
-0.000122022
-9.164889e-05
-7.346809e-05
-5.305815e-05
-4.412007e-05
-3.944328e-05
-3.98212e-05
-5.265744e-05
-9.220211e-05
-0.0001133831
-0.0001077221
-6.603422e-05
-5.433969e-05
-9.53238e-05
-7.83703e-05
-2.466322e-05
-2.075714e-05
-4.223765e-05
-3.264902e-05
-3.145614e-05
-2.648193e-05
1.01309e-05
-5.75198e-06
-6.025604e-05
-8.489565e-05
-7.737144e-05
-5.289837e-05
-3.973365e-05
-6.329683e-05
-6.142868e-05
-3.141942e-05
-4.993235e-05
-0.0001282389
-0.0001714689
-9.156524e-05
-2.874317e-05
-3.033875e-05
-7.787211e-05
-0.0001118981
-9.689431e-05
-7.944257e-05
-4.081968e-05
1.669207e-05
-8.778403e-07
-8.067722e-05
-0.0001245672
-8.059802e-05
-1.4018e-05
-1.104889e-05
-7.578996e-05
-0.000138335
-0.0001290688
-6.468012e-05
-4.706212e-05
-0.0001068083
-0.0001297874
-0.0001059691
-0.0001007112
-0.0001055075
-0.0001098667
-8.797533e-05
-7.149299e-05
-7.729825e-05
-7.704179e-05
-5.138744e-05
-4.804742e-05
-0.0001225066
-0.0001798303
-0.0001588524
-0.0001196728
-9.975175e-05
-8.767099e-05
-7.148334e-05
-0.0001007949
-0.0001213375
-0.000140893
-0.0001708455
-0.0001365896
-0.0001235571
-0.0001199916
-8.406012e-05
-7.057922e-05
-0.0001097673
-0.0001271203
-7.037345e-05
-7.134035e-05
-0.0001103164
-8.300979e-05
-3.746011e-05
-3.489079e-05
-5.965031e-05
-9.619428e-05
-9.208601e-05
-8.847312e-05
-0.0001127287
-0.0001345269
-0.0001780874
-0.0002105624
-0.0001380425
-6.466244e-05
-8.162219e-05
-9.241317e-05
-9.516106e-05
-0.000106387
-9.26442e-05
-7.851685e-05
-6.081544e-05
-2.654345e-05
-9.230899e-06
-2.325251e-05
-4.757876e-05
-6.738016e-05
-7.854695e-05
-3.97562e-05
-4.021846e-05
-8.953691e-05
-9.564786e-05
-9.828684e-05
-0.0001068438
-6.855192e-05
-5.456202e-05
-0.0001134445
-0.0001189222
-4.446235e-05
-3.863907e-06
-2.040308e-05
-4.545305e-05
-6.782859e-05
-0.0001007085
-6.292268e-05
-4.885504e-06
-2.142107e-05
-5.924162e-05
-9.563727e-05
-0.0001106824
-0.0001292578
-0.0001107718
-5.654264e-05
-4.022606e-05
-4.420507e-05
-4.820667e-05
-3.97193e-05
-5.525077e-05
-9.57338e-05
-0.0001318414
-0.0001101548
-6.080207e-05
-5.944596e-05
-3.973902e-05
-8.443598e-06
-6.09783e-05
-0.000102578
-5.900098e-05
-1.09454e-05
3.287581e-05
4.160254e-05
-5.123828e-05
-0.0001056665
-6.57079e-05
-5.053559e-05
-6.948994e-05
-0.0001007062
-0.000119671
-7.605049e-05
-1.804196e-05
-3.443891e-05
-0.0001067799
-0.0001463006
-0.0001647049
-0.0001620282
-9.090039e-05
-2.253374e-05
-1.192701e-05
-1.559893e-05
4.87173e-06
4.209855e-06
-5.285279e-05
-6.597233e-05
-2.612048e-05
-4.093107e-05
-9.775148e-05
-8.634947e-05
-4.722002e-05
-3.767619e-05
-2.473126e-05
-4.656189e-05
-9.567317e-05
-9.466856e-05
-9.165553e-05
-0.0001109524
-0.0001007089
-6.138801e-05
-1.796192e-05
-2.433414e-05
-8.267216e-05
-0.0001033435
-6.244617e-05
-4.264817e-05
-4.210309e-05
-4.517667e-05
-4.731306e-05
-6.958415e-05
-6.29302e-05
-2.003119e-05
-3.70728e-05
-0.0001186971
-0.0001403772
-7.490975e-05
-2.806299e-05
-7.151721e-05
-0.0001366762
-0.0001349354
-8.505755e-05
-6.751946e-05
-9.972213e-05
-0.0001173467
-5.69245e-05
-2.074208e-05
-8.16149e-05
-8.916131e-05
-3.026391e-05
-3.73423e-06
-3.037915e-05
-6.658149e-05
-6.081401e-05
-6.214531e-05
-0.0001035347
-8.209282e-05
-8.377992e-06
3.999447e-06
-4.072952e-05
-4.10656e-06
6.075502e-05
1.222469e-05
-8.467282e-05
-0.0001350129
-0.000128757
-0.0001271712
-0.0001266033
-6.037025e-05
-3.088777e-05
-4.336638e-05
-1.180463e-05
-1.056803e-05
-8.119284e-05
-0.0001007992
-7.917092e-05
-7.642076e-05
-8.306227e-05
-6.185777e-05
-2.338253e-05
-4.315316e-05
-9.816906e-05
-9.592742e-05
-8.913459e-05
-0.000123307
-0.0001476351
-0.0001301769
-9.006781e-05
-7.130453e-05
-8.275556e-05
-0.000110802
-0.0001535075
-0.0001655964
-6.773838e-05
-3.418897e-05
-0.00010821
-0.0001336014
-0.0001069576
-0.0001205916
-0.0001495472
-0.0001310521
-6.624295e-05
-5.138814e-05
-0.0001271296
-0.0001620855
-0.0001272518
-0.000141137
-0.0001451255
-7.721354e-05
-5.112163e-05
-7.279321e-05
-0.0001039011
-0.0001151871
-7.354992e-05
-5.692258e-05
-9.753327e-05
-9.841801e-05
-6.324665e-05
-5.7087e-05
-7.92958e-05
-7.542222e-05
-9.153305e-05
-0.0001175875
-0.0001349576
-8.515721e-05
-3.331757e-05
-0.000115116
-0.00016096
-6.606249e-05
6.32431e-06
-3.202301e-05
-0.0001244621
-0.0001576369
-0.0001079675
-6.203116e-05
-0.0001057618
-0.0001547987
-0.0001374315
-6.942046e-05
-3.221007e-05
-7.894337e-05
-0.000125073
-8.853539e-05
-2.177587e-05
-3.182753e-06
-4.662852e-05
-0.0001031526
-0.0001008167
-9.06279e-05
-9.254716e-05
-9.553193e-05
-0.0001114
-8.863244e-05
-0.0001084707
-0.0001432146
-0.0001457981
-0.0001266273
-0.0001097346
-9.725879e-05
-5.877006e-05
-4.231301e-05
-5.983276e-05
-9.835225e-05
-9.972251e-05
-9.60169e-05
-9.234282e-05
-7.426635e-05
-9.487642e-05
-0.0001128435
-0.0001135346
-9.294205e-05
-9.137405e-05
-9.809255e-05
-8.347068e-05
-7.446589e-05
-5.062427e-05
-9.363376e-05
-0.0001709913
-0.0001544138
-7.434341e-05
-3.353161e-05
-6.060572e-05
-8.662094e-05
-9.21868e-05
-9.132561e-05
-0.0001149953
-0.0001529171
-7.954198e-05
-2.537682e-05
-4.250089e-05
-4.949463e-05
-5.02097e-05
-6.333271e-05
-8.540023e-05
-6.533827e-05
-4.730252e-05
-4.431752e-05
-5.264532e-05
-5.08428e-05
-4.443944e-05
-4.116708e-05
-8.308514e-05
-0.0001237051
-8.777899e-05
-2.292605e-05
-4.881813e-06
-4.893671e-05
-0.0001017954
-9.611535e-05
-9.698148e-05
-0.0001195096
-8.382218e-05
-9.732054e-06
6.255203e-06
-3.873389e-05
-3.649858e-05
-1.132484e-05
-4.209707e-05
-0.0001063347
-0.000108587
-6.028883e-05
-2.828675e-05
-7.583007e-05
-0.0001619766
-0.0001609245
-4.118803e-05
2.102499e-05
-4.038198e-05
-0.0001082599
-0.0001254834
-9.278785e-05
-5.790486e-05
-6.120413e-05
-8.545248e-05
-6.63904e-05
-4.926493e-05
-4.532739e-05
-4.811346e-05
-4.812567e-05
-6.860858e-05
-7.208187e-05
-3.714471e-05
2.305586e-06
2.118556e-05
-2.307787e-06
-3.647089e-05
-5.250736e-05
-5.176922e-05
-6.640416e-05
-6.139529e-05
-4.749778e-05
-8.253762e-05
-9.998306e-05
-6.449387e-05
-6.281078e-05
-7.925932e-05
-6.748862e-05
-6.083678e-05
-8.017172e-05
-8.350478e-05
-8.652574e-05
-6.057878e-05
-4.38884e-05
-6.040675e-05
-0.0001013287
-0.0001036651
-8.219051e-05
-5.814748e-05
-4.449103e-05
-7.030123e-05
-7.548943e-05
-3.137828e-05
1.032548e-05
-1.454909e-05
-8.256055e-05
-5.829507e-05
1.335063e-05
6.005118e-06
-0.0001209141
-0.000215563
-0.000164712
-6.45002e-05
-8.680235e-05
-0.0001373649
-8.92144e-05
-4.446123e-05
-3.461201e-05
-5.819235e-05
-0.0001143974
-0.0001751861
-0.0001550076
-7.039043e-05
-2.529337e-05
-9.02655e-05
-0.0001918178
-0.0001913505
-0.0001062851
-6.210396e-05
-8.81897e-05
-0.0001386541
-0.0001514082
-0.0001083987
-7.208201e-05
-0.0001078039
-0.0001275685
-0.0001274111
-0.0001606565
-0.0001638014
-0.000130254
-8.992246e-05
-7.530829e-05
-8.068059e-05
-8.473635e-05
-7.871357e-05
-7.186132e-05
-9.485398e-05
-0.0001504266
-0.0001532678
-9.28975e-05
-8.052019e-05
-0.0001022135
-0.0001680799
-0.0002173303
-0.0001615146
-0.0001045175
-0.0001050764
-9.743423e-05
-8.492074e-05
-7.981152e-05
-6.170306e-05
-4.841381e-05
-7.021498e-05
-6.811012e-05
-2.914909e-05
-3.788419e-05
-9.828489e-05
-0.0001394701
-0.0001465127
-0.0001031527
-0.0001100539
-0.0001537294
-0.0001072558
-1.734778e-05
2.874567e-05
2.37133e-05
-1.996493e-05
-9.740294e-05
-9.489308e-05
-1.777485e-05
2.973721e-05
3.814933e-06
-5.699449e-05
-9.340948e-05
-6.688344e-05
-4.682589e-05
-4.666657e-05
-5.452699e-05
-4.131611e-05
-1.993466e-05
7.895086e-06
7.715737e-06
-7.26645e-05
-0.0001395954
-0.0001112322
-8.389511e-05
-0.0001592014
-0.0002024015
-0.0001533646
-9.437648e-05
-5.634053e-05
-2.207723e-05
-4.36945e-05
-0.0001307984
-0.0001705599
-0.0001482626
-0.0001388223
-0.0001095217
-0.0001007127
-9.643917e-05
-4.732345e-05
-4.264142e-05
-7.895172e-05
-8.814856e-05
-0.0001046836
-7.917657e-05
-4.131075e-05
-6.172233e-05
-0.0001044852
-0.0001061261
-5.846746e-05
-5.303584e-05
-9.831159e-05
-0.0001444226
-0.0001181488
-3.890848e-05
-3.646598e-05
-0.0001005145
-0.0001239634
-0.000103164
-6.141255e-05
-4.554053e-05
-3.442633e-05
-3.84759e-05
-3.756034e-05
-3.894136e-06
-7.382412e-07
-1.163728e-05
-3.289435e-05
-8.911029e-05
-0.0001237957
-8.220027e-05
-3.998665e-05
-6.332548e-05
-9.171927e-05
-7.102289e-05
-2.433057e-05
-2.758975e-05
-8.573549e-05
-0.0001064074
-6.868969e-05
-6.041629e-05
-6.002768e-05
-6.451188e-05
-0.000103549
-0.0001068902
-6.614044e-05
-1.99014e-05
-3.970336e-05
-0.0001203773
-0.0001578271
-0.0001194786
-6.084755e-05
-4.251751e-05
-3.031635e-05
-4.818653e-05
-9.543013e-05
-0.0001161072
-0.0001393249
-0.0001247277
-4.482037e-05
1.94524e-05
-1.927583e-05
-0.0001561527
-0.0002112004
-0.0001537723
-8.865839e-05
-5.295321e-05
-4.31953e-05
-8.527105e-05
-0.0001236555
-8.966523e-05
-3.155021e-05
5.823046e-07
1.274188e-05
1.329033e-05
1.4799e-05
-2.088497e-05
-5.713109e-05
-5.289017e-05
-4.794579e-05
-6.041353e-05
-9.801959e-05
-0.0001175336
-0.0001327121
-0.0001157588
-8.04681e-05
-7.428105e-05
-6.022413e-05
-8.980642e-05
-0.0001110959
-3.821351e-05
4.197805e-05
3.811426e-05
-2.578515e-05
-5.685231e-05
-3.670587e-05
-5.269578e-05
-8.025461e-05
-4.482567e-05
-6.618553e-05
-0.0001391859
-0.0001034374
-3.694243e-05
-6.634712e-05
-0.0001496374
-0.0001991995
-0.0001805725
-0.0001615005
-0.0001566272
-8.540458e-05
-9.184466e-05
-0.0001654981
-0.0001530136
-9.391694e-05
-8.696951e-05
-0.0001112254
-0.0001142621
-0.0001290023
-0.0001348046
-0.0001167027
-7.58059e-05
-3.86243e-05
-8.466463e-05
-0.0001194075
-9.751005e-05
-7.263515e-05
-0.0001170163
-0.0001385552
-8.180147e-05
-3.901814e-05
-6.513024e-05
-9.071863e-05
-6.578257e-05
-3.86014e-05
-8.038856e-05
-0.0001398398
-0.0001216271
-6.098123e-05
-5.594392e-05
-7.756735e-05
-0.000100571
-0.0001326189
-0.0001338798
-0.0001101391
-9.276367e-05
-9.346786e-05
-0.0001273924
-0.0001262785
-0.0001474043
-0.0001766586
-0.0001544617
-0.0001418912
-0.0001707111
-0.0001535236
-3.718044e-05
1.711474e-06
-9.801113e-05
-0.0001514101
-0.0001046475
-3.700917e-05
-2.450883e-05
-8.584217e-05
-9.142701e-05
-5.921544e-05
-4.41325e-05
-6.544635e-06
-1.791454e-05
-0.0001092243
-0.0001073731
-2.684949e-05
-4.086474e-05
-9.980331e-05
-0.0001081273
-8.021232e-05
-8.987881e-05
-9.62321e-05
-0.0001092885
-0.0001070912
-2.819633e-05
2.774919e-05
-2.0757e-05
-8.159379e-05
-4.025694e-05
2.537011e-05
-2.682407e-05
-8.949866e-05
-0.0001047602
-9.949166e-05
-8.819423e-05
-7.344351e-05
6.719288e-06
4.10589e-05
-3.249134e-05
-0.0001075516
-0.0001027141
-9.897013e-05
-0.0001173857
-8.201908e-05
-3.744723e-05
-7.045849e-05
-0.0001515395
-0.0001910718
-0.0001488954
-8.981169e-05
-7.215153e-05
-7.94951e-05
-9.861994e-05
-0.0001157624
-0.0001136804
-0.0001126628
-0.0001078026
-0.0001143232
-0.000120861
-0.000104786
-3.861686e-05
-1.535997e-05
-9.604552e-05
-0.0001952694
-0.0001759984
-7.592202e-05
-3.704502e-05
-4.297924e-05
-6.769778e-05
-9.806259e-05
-0.0001222864
-0.0001183281
-7.953156e-05
-2.945344e-05
-5.154758e-05
-5.433897e-05
-1.690257e-05
-2.174289e-05
-2.974892e-05
-5.890926e-06
6.339725e-05
2.07322e-05
-0.0001163842
-0.0001352819
-2.969172e-05
1.470173e-05
-5.020913e-05
-8.016922e-05
-5.158622e-05
-4.056086e-05
-6.504207e-05
-0.0001096874
-8.914987e-05
-3.03271e-05
-1.167342e-05
-3.349141e-05
-5.3975e-05
-5.368786e-05
-6.916503e-05
-6.589119e-05
-4.664537e-05
-6.488057e-05
-9.814682e-05
-0.0001033714
-8.651584e-05
-8.288346e-05
-4.098334e-05
-2.985885e-05
-8.811939e-05
-0.0001085907
-4.65976e-05
-2.396231e-05
-7.911483e-05
-0.0001186755
-0.0001143227
-0.0001304205
-0.0001377074
-8.885291e-05
-1.270284e-05
2.643326e-05
-1.295548e-06
-4.71237e-05
-5.83618e-05
-1.330142e-05
-9.915834e-07
-5.612376e-05
-5.17536e-05
-1.211968e-05
-6.66147e-05
-0.0001243589
-7.686426e-05
-1.429416e-05
-1.108966e-05
-1.250251e-06
-1.395844e-05
-2.84435e-05
1.476126e-05
6.111407e-05
-1.166388e-05
-0.0001286692
-0.0001499069
-8.455714e-05
-2.220954e-05
-1.092069e-05
-3.627274e-05
-6.767113e-05
-7.907898e-05
-0.0001011637
-0.0001371345
-0.0001134293
-5.665883e-05
-7.899747e-05
-0.0001222121
-8.692773e-05
-3.788602e-05
-5.772779e-05
-0.000117293
-0.0001492225
-0.0001266066
-0.0001449189
-0.0001637623
-0.000114172
-7.830944e-05
-7.838701e-05
-6.642061e-05
-4.822579e-05
-6.481571e-05
-8.177025e-05
-8.245846e-05
-9.457723e-05
-0.0001226323
-0.000151654
-0.000207417
-0.0002679583
-0.0002510023
-0.000141191
-5.158241e-05
-4.32506e-05
-4.003371e-05
-2.48822e-05
-1.028704e-06
1.780104e-05
-1.123666e-05
-6.385804e-05
-0.0001219879
-0.0001706188
-0.000142042
-0.0001015762
-0.0001383821
-0.0001934973
-0.0001930754
-0.0001869404
-0.0002111258
-0.0001845033
-0.0001134836
-3.601811e-05
-2.267914e-05
-6.758915e-05
-9.669459e-05
-7.567004e-05
-1.046474e-05
2.680115e-05
-2.927609e-05
-0.0001065678
-0.0001226518
-0.0001142806
-0.0001019307
-0.0001088782
-0.0001462339
-0.0001824275
-0.0001351978
-8.963858e-05
-3.471235e-05
7.031301e-05
0.0001018366
3.843623e-05
-1.872298e-06
3.214435e-05
2.911043e-05
-7.68334e-05
-0.0001894752
-0.000218916
-0.0001936548
-0.000158741
-0.0001242814
-7.507009e-05
-6.284275e-05
-8.847019e-05
-5.706116e-05
-1.999782e-06
2.438978e-05
2.958515e-06
-4.97619e-05
-0.0001152546
-0.0001578464
-0.0002019377
-0.0002551273
-0.0002829014
-0.0002492681
-0.0001374191
-3.631374e-05
-2.015128e-05
-1.431256e-05
6.948621e-05
0.0001573878
0.0001552238
0.0001565021
0.0001455075
4.74258e-05
-8.010168e-05
-0.0001406988
-0.0001348043
-0.0001603538
-0.0002673674
-0.0003446691
-0.0003235167
-0.0002721089
-0.0001923137
-9.576631e-05
2.096846e-05
7.89837e-05
7.762195e-05
0.0001042354
0.0001032595
5.644739e-05
6.124633e-05
3.536452e-05
-6.02207e-05
-0.0001520579
-0.0002058362
-0.0002021512
-0.0001328047
-3.316317e-05
4.396111e-05
9.916299e-05
0.0001345994
0.0001035214
6.922004e-06
2.750426e-05
0.0001357252
0.0001149639
-1.096486e-05
-0.0001580852
-0.0002433792
-0.0002943362
-0.0003406304
-0.0003983479
-0.0004142069
-0.0003527823
-0.0003148816
-0.000322671
-0.0002959523
-0.0001280331
0.0001394322
0.0002660425
0.0002382266
0.0001185328
-4.405732e-05
-0.0001454776
-0.0002288312
-0.0003477248
-0.0004408227
-0.000438353
-0.000313563
-0.0002051071
-0.0001152454
4.081321e-05
0.0001895035
0.0002625138
0.0003199523
0.0003729618
0.0003727563
0.0002600768
7.294171e-05
-0.0001284585
-0.0002540913
-0.00029271
-0.0002893485
-0.0002411702
-0.0001635196
-5.796602e-05
1.329426e-05
2.464666e-05
-3.739734e-05
-9.325375e-05
-7.135364e-05
-4.779398e-05
-3.357332e-05
-2.433821e-05
-1.0422e-06
3.191331e-05
2.105694e-05
3.718556e-06
6.203934e-05
0.0001022816
2.81951e-05
-3.654863e-05
-5.650889e-05
-0.0001303763
-0.0002837007
-0.000335325
-0.0002097143
-4.237935e-06
0.000142223
0.0001707663
0.0001760965
0.000222781
0.0002540313
0.0002651473
0.0003247564
0.0003672373
0.0002990749
0.0001564052
8.240724e-05
3.234191e-05
-7.675324e-05
-0.0001968034
-0.0002585488
-0.0002815781
-0.0003135249
-0.0003209146
-0.0002749528
-0.00019048
-9.881131e-05
-4.66535e-05
-5.922093e-05
-0.0001351288
-0.0001508964
-9.655024e-05
-9.605952e-05
-8.166907e-05
-3.019239e-05
-2.0467e-05
-7.363869e-05
-0.0001459323
-0.0001957542
-0.0002201576
-0.0002325452
-0.0002374461
-0.0002451348
-0.0001956788
-9.474978e-05
-2.352829e-05
1.486782e-05
4.813707e-05
8.274806e-05
0.0001669173
0.0002008405
8.941096e-05
-2.98017e-05
-3.690054e-05
-6.706082e-05
-0.0001465117
-8.740959e-05
7.691547e-05
0.0001855785
0.0002061536
0.0001936836
0.0001872754
0.0001452358
5.069276e-05
-8.476977e-05
-0.0001896201
-0.0002821971
-0.0003716003
-0.0004631455
-0.000521727
-0.0005930562
-0.0006545858
-0.0005921763
-0.0004236027
-0.0002404035
-0.000101761
2.489016e-05
0.000102033
9.094271e-05
2.614009e-05
-7.658737e-05
-0.0002341696
-0.0003248434
-0.0003014474
-0.000271442
-0.0002564451
-9.587826e-05
0.0001452417
0.0002974183
0.0003468198
0.0003538479
0.0003402014
0.0002777512
0.0001826604
0.000100713
1.03775e-05
-8.913915e-05
-0.000175072
-0.0003250802
-0.0004974127
-0.0005552701
-0.0004807362
-0.0003454948
-0.0001739575
-1.009174e-05
0.0001345162
0.0001736722
1.43157e-05
-0.000212108
-0.0003737289
-0.0004589081
-0.0005102587
-0.0004973494
-0.0003759991
-0.0002226814
-0.0001357106
-7.070125e-05
4.157947e-05
0.0001598566
0.0002168518
0.0002390795
0.0002913354
0.0003237332
0.0002576761
0.0001262533
9.422495e-06
-5.73755e-06
-7.846409e-06
-9.447566e-05
-0.0001589084
-0.0001358116
-3.070095e-05
0.0001239279
0.0002745192
0.0003380475
0.0003142407
0.0002517451
0.0001374913
-3.284904e-05
-0.0002843873
-0.0005294722
-0.0006454397
-0.0006956778
-0.0007575671
-0.0007736078
-0.0006914513
-0.000554549
-0.0003916568
-0.0002815755
-0.0001542887
3.630609e-05
0.0002558475
0.0004188514
0.0004491835
0.0004150227
0.0003002068
9.11203e-05
-9.882166e-05
-0.0002586053
-0.0004027681
-0.0004724315
-0.0004000045
-0.0002374811
-2.713811e-06
0.0002894314
0.0004619692
0.0005253526
0.0005572759
0.0004502428
0.0002090575
-3.774709e-05
-0.0002775804
-0.0004832337
-0.0005755887
-0.00056871
-0.0005067353
-0.0003959668
-0.0002177695
-2.262151e-05
9.49819e-05
0.000200246
0.0003008966
0.0003435215
0.0002741808
0.0001238958
-1.972075e-05
-0.0001520812
-0.000269888
-0.0002843786
-0.0001760022
-7.441976e-05
-1.008383e-05
6.322278e-05
0.0001106254
9.568403e-05
9.439658e-05
7.192494e-05
1.722401e-05
4.033389e-05
0.000138541
0.0002511572
0.0003566752
0.0003702501
0.0002627753
0.0001579594
8.656904e-05
1.544292e-05
-5.768074e-05
-0.0001154567
-6.559817e-05
6.774422e-05
0.0001858821
0.0003078063
0.000423988
0.000510062
0.0006385245
0.0007791248
0.0008304036
0.0007326765
0.0004994058
0.0001986577
-7.878214e-05
-0.0003636439
-0.0006493853
-0.0008041589
-0.000849871
-0.0008541644
-0.0007304316
-0.0004591556
-0.0001692601
9.942046e-05
0.0003814753
0.00056979
0.0006352995
0.000647021
0.000549232
0.0003427119
0.0001514412
-5.132649e-05
-0.0002738981
-0.0004178632
-0.0004813164
-0.000468689
-0.0003747934
-0.0001725334
5.879e-05
0.0001854224
0.0002469353
0.0002632309
0.0001659567
-3.473799e-06
-0.0001395881
-0.000216904
-0.0002439372
-0.0002065041
-0.0001379461
-8.532122e-05
-6.598405e-05
-8.089432e-05
-0.0001510596
-0.0002447112
-0.0002782396
-0.0002266262
-0.0001384729
-8.092783e-05
-2.701481e-05
-6.449665e-05
-0.0001931466
-0.0002514622
-0.0002287538
-0.0001626499
-0.0001165089
-0.0001053278
-0.0001088091
-9.230188e-05
-9.286228e-05
-9.982396e-05
-6.725564e-05
-2.59932e-05
1.026003e-05
-1.783075e-05
-5.562512e-05
-2.229229e-05
2.032591e-05
1.286015e-05
-2.761499e-05
-0.0001380143
-0.0003273532
-0.0005114642
-0.000581929
-0.0005688109
-0.0005913548
-0.0005605839
-0.0004048566
-0.0001803071
3.653602e-05
0.0001588021
0.0001822271
0.0001596802
0.0001044915
3.614391e-05
7.747409e-06
2.156434e-05
-5.117301e-06
-8.182521e-05
-0.0001418696
-0.0001274192
-6.680726e-05
-7.23232e-05
-0.000123684
-7.089591e-05
9.504857e-06
-1.542159e-05
-0.0002257079
-0.0005391178
-0.0007478235
-0.0008237556
-0.000864191
-0.0008873845
-0.0008180634
-0.0006412154
-0.0004389856
-0.0001832614
8.58147e-05
0.0003083109
0.0004377898
0.0005291483
0.0005950788
0.000582612
0.000484521
0.00035532
0.0002040147
1.877065e-05
-0.0001722918
-0.000354596
-0.0004722789
-0.0005200479
-0.0005559244
-0.0006524174
-0.0007051693
-0.0006119004
-0.0003859848
-0.0001526516
3.015867e-06
9.650055e-05
0.0001228303
6.572965e-05
-2.7156e-05
-4.359826e-05
-1.071402e-05
3.918819e-05
0.0001156101
0.0001849411
0.000115054
-0.0001425797
-0.0004178962
-0.0006013308
-0.0006468278
-0.0005563918
-0.0003162308
4.900875e-05
0.0004449922
0.0008200103
0.001171407
0.001403662
0.00145472
0.001309619
0.001034694
0.0007714642
0.0005684157
0.0003324557
1.328831e-05
-0.0002543422
-0.0004782024
-0.0006516909
-0.0007238485
-0.0006660678
-0.0005716838
-0.0004564588
-0.0001176922
0.0003764092
0.0007046638
0.0007631439
0.0006364407
0.0003262695
-9.704416e-05
-0.000468966
-0.000735382
-0.0008679055
-0.0008351792
-0.0005811918
-0.0001037422
0.0004113474
0.0008436636
0.001218846
0.001550194
0.001770936
0.001815188
0.001622592
0.001222347
0.0007507723
0.0003344458
9.868783e-06
-0.0003151006
-0.0006153715
-0.0008007493
-0.0008874584
-0.0009341632
-0.0009021863
-0.0007607093
-0.0005845698
-0.0003620991
6.09368e-06
0.0004359131
0.0007273811
0.0008529678
0.0008591459
0.000698828
0.0003877734
6.703258e-05
-0.0003411792
-0.0007952722
-0.001016182
-0.0009053457
-0.0006370739
-0.0002866035
0.0001728168
0.00060888
0.000892033
0.001065648
0.001122909
0.001070606
0.0009233959
0.0006063215
0.0001723327
-0.0002420612
-0.0005450534
-0.0006499928
-0.0004365627
1.110538e-05
0.0005045822
0.0009560091
0.001261363
0.001330646
0.001154611
0.0007674283
0.0002350788
-0.0003135218
-0.0007589319
-0.001037073
-0.00112272
-0.001051869
-0.0008574792
-0.0005827027
-0.0002859133
-6.057617e-06
0.0002294359
0.0004397058
0.0005312305
0.0004948547
0.000402486
0.0002387174
-3.103263e-05
-0.0003711352
-0.0006600269
-0.0008531206
-0.0009662925
-0.0009134377
-0.0007121809
-0.0004901397
-0.0002657959
9.253143e-06
0.0003271759
0.000606617
0.0008391587
0.001035804
0.001124346
0.0009930473
0.0006192203
8.119804e-05
-0.0004447781
-0.0008957943
-0.001252891
-0.001456804
-0.001514988
-0.001415113
-0.001191427
-0.0008690976
-0.0004024025
0.0001265608
0.0004938326
0.000648983
0.0006784977
0.0006431356
0.0005255351
0.0003820397
0.00032582
0.0003694961
0.0004729622
0.0005249951
0.000443836
0.0002320997
-4.996936e-05
-0.0003231327
-0.0006794004
-0.001066578
-0.001397132
-0.001717434
-0.001951328
-0.00196565
-0.001743918
-0.001336671
-0.0007988416
-0.0002825561
6.383431e-05
0.0002332436
0.0002318861
4.311093e-05
-0.0002711228
-0.0005271126
-0.0005695305
-0.0004332563
-0.0001213046
0.0003978789
0.0008504951
0.001023714
0.001006102
0.0008372519
0.0005266602
0.0001415698
-0.0002751867
-0.0007728075
-0.001291639
-0.001715431
-0.002066681
-0.002269078
-0.002218011
-0.001885959
-0.001327231
-0.0006532287
4.208342e-05
0.0005922459
0.000896299
0.001031953
0.001116204
0.001102948
0.0008987042
0.0006640238
0.0005335478
0.0003611968
0.0001043847
-0.0002148597
-0.0005617088
-0.0007074063
-0.0005530745
-0.0001466832
0.0004343992
0.001124794
0.001841708
0.002485247
0.002901424
0.002992023
0.00275773
0.002132448
0.001078604
-0.0002286694
-0.001576361
-0.00272176
-0.00346198
-0.003703785
-0.00351117
-0.003001934
-0.00227692
-0.001364786
-0.0004611345
0.0002390867
0.0007446575
0.001069557
0.00113711
0.0009836684
0.0007827805
0.0006450171
0.0006114399
0.0007123665
0.000925098
0.001170408
0.001368174
0.001513545
0.00153776
0.001433876
0.001322619
0.001191987
0.0009829557
0.000716527
0.0004162016
0.0001047942
-0.0001775326
-0.0003973639
-0.0005508717
-0.0006085745
-0.0005964206
-0.0005713906
-0.0005424707
-0.0005421573
-0.0004981394
-0.0003742373
-0.0002687602
-0.0003033894
-0.0004940543
-0.000774643
-0.001006672
-0.001068823
-0.001050376
-0.001057812
-0.00106934
-0.00103029
-0.0009269343
-0.0006262215
-7.903816e-05
0.0005692027
0.0012924
0.002011442
0.002547048
0.002774148
0.002539593
0.001895099
0.001103435
0.0003360445
-0.0003819774
-0.0009665524
-0.001305932
-0.001394632
-0.001282707
-0.000971812
-0.0004407275
0.0001502165
0.0006928411
0.001113886
0.001329425
0.001201988
0.0007014153
4.620175e-05
-0.0005452239
-0.001095423
-0.001597079
-0.001956399
-0.002099825
-0.001997459
-0.001638478
-0.001016788
-0.00011895
0.0008558933
0.001620113
0.002069373
0.00213548
0.001878567
0.001499369
0.001014889
0.0004215218
-0.0001263211
-0.0004867748
-0.0006958947
-0.0008869316
-0.00103859
-0.001065987
-0.001001811
-0.0008048612
-0.0005641089
-0.0004604927
-0.0005115981
-0.0005988895
-0.0006698068
-0.0006547012
-0.000554141
-0.0004326866
-0.0003033453
-0.0002892943
-0.0004339815
-0.0007111732
-0.00100178
-0.001153604
-0.001173652
-0.00112316
-0.001033716
-0.0007828935
-0.0003691272
0.0001821973
0.0008418054
0.001516793
0.002116587
0.002580145
0.002848052
0.002826529
0.002558813
0.002144391
0.001518558
0.0007297841
-4.466432e-05
-0.0007263246
-0.001325553
-0.0017611
-0.002003895
-0.002059033
-0.001833598
-0.001367921
-0.000846844
-0.0004019884
-3.424215e-05
0.0003263963
0.0006356149
0.0008091441
0.0007987304
0.0006839244
0.0004505617
-4.196503e-05
-0.000784172
-0.001542939
-0.001995535
-0.002062187
-0.001818425
-0.001343797
-0.0006898078
2.659461e-05
0.000802575
0.001536646
0.002035172
0.00224451
0.002125043
0.001644672
0.0008373851
-0.0001730264
-0.00119678
-0.002051216
-0.002576686
-0.002739985
-0.00250422
-0.001860818
-0.001080544
-0.0003434427
0.0004300624
0.001192447
0.001706207
0.00181661
0.001538786
0.0009530229
0.000118072
-0.0008034269
-0.001534908
-0.001823642
-0.001611562
-0.001039223
-0.0002642651
0.0005850115
0.001336774
0.001797312
0.001949915
0.001753004
0.001142063
0.0002581063
-0.0005839492
-0.001123316
-0.001269595
-0.001106599
-0.000630201
0.0001136368
0.0008963618
0.001546646
0.001909676
0.001923915
0.001606945
0.001061708
0.0004386297
-6.773679e-05
-0.0003736626
-0.0005098182
-0.000480111
-0.0002428102
0.0001391547
0.0005370684
0.0008572174
0.0009909076
0.0009854084
0.0008766304
0.000637746
0.0003239007
2.466585e-05
-0.0001438153
-0.0001908628
-0.0001713332
-0.0001142854
-2.350551e-06
0.0001960778
0.0003593349
0.0004862789
0.0006900802
0.0009415862
0.001092514
0.001162672
0.001284297
0.00144198
0.001469764
0.001270974
0.0008915125
0.0004734954
6.049236e-05
-0.0004738974
-0.001100012
-0.001706947
-0.002235261
-0.002605966
-0.002675268
-0.002446169
-0.002008631
-0.001393629
-0.0007423743
-9.707386e-05
0.0005263741
0.0009637393
0.001108287
0.001014413
0.0008068541
0.0005992819
0.00039995
0.0002167836
8.214328e-05
-5.162454e-05
-0.0001863454
-0.0003157145
-0.000441834
-0.0005309984
-0.0005719046
-0.0006285366
-0.000694172
-0.000729849
-0.0007688779
-0.0007848225
-0.0008412389
-0.001014361
-0.001220645
-0.001426314
-0.001652923
-0.001818208
-0.001795907
-0.001522156
-0.0009781879
-0.0002542994
0.0004877382
0.001137359
0.001670156
0.002061965
0.0021709
0.001910362
0.001350166
0.0005518533
-0.0003626804
-0.001160724
-0.001735487
-0.001986845
-0.001883871
-0.001452224
-0.0008458966
-0.0002545864
0.0002656522
0.0006708811
0.001039228
0.001473241
0.001916058
0.002221807
0.00230399
0.002075054
0.001506495
0.0006932593
-0.0002091263
-0.001093164
-0.001844592
-0.002361537
-0.002606669
-0.002589492
-0.00228226
-0.001726053
-0.0009438015
1.944928e-05
0.0009901613
0.001832795
0.002423507
0.00268133
0.002642875
0.00234846
0.001778907
0.0009910437
6.787151e-05
-0.0008630875
-0.001620159
-0.002195854
-0.002573966
-0.002626702
-0.002232788
-0.001458982
-0.0005241244
0.0004418776
0.001233176
0.001621541
0.001558234
0.001068679
0.0002443772
-0.0007302818
-0.001593573
-0.002251215
-0.002712388
-0.003034825
-0.003118942
-0.002894322
-0.002274941
-0.001288834
-5.783647e-05
0.001274207
0.002504804
0.003407675
0.003789893
0.003593442
0.002912518
0.001994318
0.001099364
0.0004020806
0.0001145487
0.0002853047
0.0007982926
0.001493011
0.002133119
0.002533578
0.002722538
0.002599926
0.00201211
0.001142571
0.0002264641
-0.0005323141
-0.000988318
-0.001164742
-0.00115624
-0.00104111
-0.0008706717
-0.0006422113
-0.000348326
-2.739522e-05
0.0003397776
0.0007396827
0.001163673
0.001563701
0.001858674
0.001982351
0.001857165
0.001491712
0.000942701
0.0002953149
-0.0004420644
-0.001213988
-0.001825205
-0.002094889
-0.001931909
-0.001317791
-0.0003355276
0.0008501758
0.001915618
0.002607503
0.002908348
0.00284658
0.002541748
0.002105994
0.001478405
0.0006487026
-0.0002281813
-0.0009020847
-0.001270796
-0.001359991
-0.001162951
-0.0007804235
-0.0002567212
0.0004742633
0.001267823
0.001895578
0.002265944
0.002365481
0.002147477
0.00152399
0.0004195338
-0.001045446
-0.002493119
-0.003523531
-0.004014117
-0.004049607
-0.003686526
-0.003037196
-0.002219648
-0.001313523
-0.0003374436
0.0006762528
0.001682153
0.002452753
0.002655764
0.002235124
0.00137179
0.0003366775
-0.0006643158
-0.001440544
-0.001877442
-0.001927427
-0.001503574
-0.0007295702
0.0001053512
0.0007916854
0.001073617
0.000798026
9.546852e-05
-0.00084674
-0.001922166
-0.002979589
-0.003933794
-0.004652061
-0.004760411
-0.003981499
-0.002438355
-0.0004179922
0.001676759
0.003535476
0.004880508
0.005496608
0.005353937
0.004608756
0.003456559
0.00196504
0.0002308533
-0.001505033
-0.00290689
-0.003720943
-0.003910609
-0.00368311
-0.003134811
-0.002299843
-0.001233266
-6.086063e-05
0.001113002
0.00222107
0.003173164
0.003798341
0.003796462
0.003122566
0.002005956
0.0007350533
-0.0004803229
-0.001592736
-0.002632543
-0.00351821
-0.004052679
-0.004068114
-0.003489297
-0.002438405
-0.001161677
7.116866e-05
0.001022969
0.001539025
0.001597933
0.001242461
0.0005923545
-0.000180312
-0.001075384
-0.002061729
-0.002885742
-0.003400725
-0.003678618
-0.003651758
-0.003238677
-0.002590037
-0.001783191
-0.0008514596
0.0001415623
0.001008605
0.001496303
0.001492458
0.001027991
0.0002487951
-0.0006804068
-0.001494846
-0.002008431
-0.002113163
-0.001858826
-0.001443562
-0.0009800715
-0.000499219
2.903847e-05
0.0005838843
0.001003174
0.001138779
0.000927292
0.000445035
-0.0002113265
-0.0009583238
-0.001628006
-0.002126991
-0.00242941
-0.002491657
-0.002369789
-0.002000211
-0.001335634
-0.0005624539
6.671488e-05
0.0004821751
0.0007693714
0.0009393608
0.0008776287
0.0005946538
0.0002306236
-6.629135e-05
-0.0001837665
3.966807e-05
0.0005594749
0.001200267
0.001815494
0.002284214
0.002456571
0.002339057
0.00204042
0.001686988
0.001404178
0.00112119
0.0007298418
0.0002296113
-0.0004093539
-0.001015739
-0.001285749
-0.001177306
-0.0007441277
-0.0001258529
0.0005611667
0.001231087
0.001707448
0.001810275
0.001570465
0.001201862
0.0008478936
0.000639717
0.000648862
0.0007607766
0.0007745293
0.0005098545
-1.360594e-05
-0.0005948782
-0.000973389
-0.001036269
-0.0008522561
-0.0005575336
-0.0002604189
-4.940554e-05
3.649448e-05
0.0001753807
0.0005047713
0.0009643662
0.001354862
0.001531519
0.001456831
0.001197334
0.0008553386
0.0005137515
0.0002405719
-8.491135e-05
-0.0004808313
-0.0008766789
-0.001137479
-0.001071593
-0.0006656119
3.108093e-06
0.0009441066
0.002032206
0.003061293
0.003777435
0.003971547
0.003619005
0.002804317
0.001655281
0.000412175
-0.0005602588
-0.0009624987
-0.000757947
-5.593612e-05
0.0008501207
0.001629413
0.002148112
0.002372174
0.002232023
0.001861517
0.001367982
0.0007537649
0.0001310832
-0.0004240327
-0.0009641066
-0.00154577
-0.0020573
-0.002224378
-0.001929502
-0.001273057
-0.0003210607
0.0007569733
0.00160858
0.00202615
0.001992607
0.00164393
0.001160636
0.0006093517
3.993862e-05
-0.0006514342
-0.001544948
-0.002540357
-0.003384359
-0.003912101
-0.004021374
-0.00354231
-0.002588935
-0.001445393
-0.0003274205
0.0005027952
0.0008337932
0.000780654
0.0005685196
0.0003217299
-3.251068e-05
-0.0005679289
-0.001172201
-0.001742118
-0.002235985
-0.002623024
-0.002847034
-0.002957596
-0.002927499
-0.002657871
-0.001987755
-0.0008630305
0.0004658137
0.00183668
0.003108802
0.004066862
0.004470932
0.004198567
0.003408902
0.002288935
0.0009850761
-0.0002886591
-0.001255137
-0.001877976
-0.002189543
-0.002180309
-0.001852334
-0.001238134
-0.0004453478
0.0002551207
0.0006251875
0.0005472728
1.457137e-05
-0.0008560698
-0.001866828
-0.002772448
-0.003312997
-0.003250819
-0.002552394
-0.001336682
0.0001436898
0.001516761
0.00244577
0.002833444
0.002742378
0.002201747
0.001247612
-1.895721e-05
-0.001382331
-0.002498551
-0.003148592
-0.00337729
-0.003338251
-0.003039366
-0.002442303
-0.001622004
-0.0007449238
5.734289e-05
0.0008479301
0.001679828
0.002386714
0.002832155
0.002951352
0.002647182
0.001936678
0.001048172
0.0001201111
-0.0008082704
-0.001597129
-0.002079232
-0.00228824
-0.002247317
-0.001883221
-0.001228638
-0.0003231588
0.0006911922
0.001649931
0.002400348
0.002802063
0.002768143
0.002311616
0.001499403
0.0004142651
-0.0008410564
-0.001996601
-0.002696955
-0.002711503
-0.002070776
-0.001132652
-0.0002884271
0.0002126702
0.0001806755
-0.0002043453
-0.0005016812
-0.0004515984
-9.165837e-05
0.0003443184
0.0006807828
0.0007738245
0.0005973683
0.0002925742
1.957221e-06
-9.857315e-05
8.532621e-05
0.0003926489
0.0006028362
0.000719172
0.0008632936
0.001240915
0.001955341
0.002832916
0.003516982
0.003708269
0.003341739
0.002472767
0.001261859
-7.306463e-05
-0.001310867
-0.002337298
-0.003072332
-0.003500577
-0.003611662
-0.003410148
-0.002834717
-0.001851477
-0.0005848304
0.0007516433
0.001831226
0.002368644
0.002381196
0.002105111
0.001716762
0.001397335
0.001188159
0.000936021
0.0006309136
0.0003705807
0.0002006796
0.0001116396
9.88355e-05
0.0001808987
0.0003141447
0.0004901684
0.000784693
0.001230588
0.001761303
0.002335224
0.002733033
0.002703864
0.002275941
0.001661763
0.001033955
0.0004578577
-6.836026e-05
-0.0005882422
-0.001080947
-0.001479507
-0.001677145
-0.001559497
-0.001192324
-0.0006878501
-5.199898e-06
0.0008292858
0.001621131
0.002135781
0.002329536
0.002323752
0.002327774
0.002281975
0.002027759
0.001558958
0.0008719952
8.510197e-05
-0.0006625126
-0.001342083
-0.001934148
-0.002366874
-0.002605909
-0.002693625
-0.002662517
-0.002489503
-0.002225455
-0.001988598
-0.001738089
-0.001182568
-0.0002434748
0.0007656635
0.001590196
0.002250154
0.002751053
0.003081176
0.003237159
0.003178826
0.002912792
0.002476977
0.001915648
0.001385534
0.0009488706
0.000517276
7.489241e-05
-0.0003993019
-0.001005255
-0.001770346
-0.002525638
-0.003078921
-0.003241751
-0.002937464
-0.00224762
-0.001337332
-0.0003138102
0.0005767071
0.001078412
0.001144488
0.000927586
0.0004758504
-0.0002570206
-0.001239535
-0.002346993
-0.003294456
-0.003815887
-0.003785885
-0.003229649
-0.002210778
-0.0008746793
0.0005074192
0.001743556
0.002676705
0.003134401
0.003075268
0.002548999
0.001644897
0.0004615451
-0.0009317687
-0.00227921
-0.003192823
-0.003333651
-0.002715516
-0.001591656
-0.0001924462
0.001186557
0.002262181
0.002835803
0.002857604
0.002432732
0.001751311
0.0009346077
0.0001048452
-0.0006894468
-0.001448344
-0.001981904
-0.002067317
-0.001705526
-0.0010684
-0.0003591298
0.0002489985
0.0007073207
0.001040313
0.001232209
0.001293382
0.001267512
0.001129848
0.0008335837
0.00049646
0.0002132549
-7.064399e-05
-0.0004565348
-0.0009097507
-0.001316562
-0.001575422
-0.001654188
-0.001525769
-0.001197774
-0.0007932443
-0.0003815111
-4.007202e-05
0.0002165262
0.0003685915
0.000364909
0.0002855721
0.0002679362
0.0002758592
0.0002419342
0.0002466597
0.0003083338
0.0004015739
0.0004951172
0.0004945486
0.0003453715
4.812193e-05
-0.0003837503
-0.0008639126
-0.001307641
-0.001640273
-0.001874658
-0.002056457
-0.002198291
-0.002271341
-0.002264639
-0.00224511
-0.002174227
-0.001925182
-0.001464135
-0.00084038
-4.063137e-05
0.0009544715
0.001989596
0.002790971
0.003189402
0.003063172
0.002384458
0.00133649
0.0002051357
-0.0007852067
-0.001462333
-0.001843663
-0.001912498
-0.001550287
-0.0008765866
-0.0002033824
0.0003075189
0.0006471776
0.0008571796
0.0009237347
0.0008482541
0.0006388969
0.0002962216
-5.396623e-05
-0.0003484794
-0.0005946733
-0.0007780783
-0.0008275604
-0.0006649488
-0.0002811308
0.0002469276
0.0007340877
0.0009333827
0.0007164484
0.0003511212
0.0001357744
0.000151555
0.0003328049
0.0004041479
0.0002569779
1.641544e-05
-8.753335e-05
0.0001061049
0.0006076638
0.001329549
0.002047158
0.002579361
0.002823758
0.002771236
0.002509396
0.002159477
0.001806713
0.001395212
0.0008130314
0.0001092391
-0.0006164973
-0.001330884
-0.001923279
-0.002272
-0.002424811
-0.002436157
-0.002131279
-0.001450442
-0.0005810606
0.000132639
0.0003907726
0.000170241
-0.0002731374
-0.0006730925
-0.0009706567
-0.00103693
-0.0008249877
-0.000398972
0.0001464559
0.0008325887
0.001744515
0.002687169
0.003479887
0.004037646
0.00419424
0.003914388
0.003351321
0.002580021
0.001692888
0.0008294816
0.0001195065
-0.0003496568
-0.0007096614
-0.001093507
-0.001311803
-0.001110237
-0.0007069107
-0.0002560823
0.0002544983
0.0007437226
0.00112577
0.001421093
0.001724416
0.002122837
0.002590352
0.003006523
0.003301117
0.003335728
0.003131058
0.002857707
0.002476385
0.001882979
0.001102356
0.0002907164
-0.0004574826
-0.001064247
-0.001529687
-0.00191158
-0.002193779
-0.002348163
-0.00235749
-0.002247097
-0.001999626
-0.001480797
-0.0006203359
0.0004254684
0.001389976
0.00202918
0.002327506
0.002318661
0.001916271
0.001281675
0.0007496072
0.0003308269
-2.186607e-05
-0.0003429669
-0.0007267381
-0.001146254
-0.001347654
-0.001101868
-0.0004799571
0.000310254
0.001013244
0.001381598
0.001447094
0.001373659
0.001296763
0.001286113
0.001157664
0.0007866293
0.0002986216
-0.0001140811
-0.0002932774
-0.0001660054
0.0003212115
0.0009094861
0.001209603
0.001038711
0.0004128236
-0.0004938775
-0.001481605
-0.002374303
-0.00313046
-0.003775154
-0.004287449
-0.004471291
-0.004189886
-0.003645947
-0.002930266
-0.002009848
-0.00102787
-0.000189517
0.0003517857
0.0005298879
0.0004674801
0.0002854779
5.663047e-05
-9.854886e-05
-0.0001950694
-0.0002857769
-0.0003530338
-0.0004000159
-0.0003809324
-0.000390876
-0.0004653193
-0.0004915215
-0.0002832269
0.000204574
0.0007302675
0.001117806
0.001285644
0.001270301
0.001175603
0.00097617
0.0006193545
0.0001082263
-0.0005246891
-0.00106167
-0.001298446
-0.001312237
-0.001281831
-0.001185578
-0.001000168
-0.000715869
-0.0002618488
0.0002909584
0.0008144659
0.001116709
0.001062236
0.0006932504
0.0001757807
-0.0003454553
-0.0007581017
-0.0009401941
-0.0009839415
-0.0009828062
-0.0009246029
-0.0007210774
-0.0003922461
-6.070963e-05
0.0001778823
0.0003050544
0.000288412
0.0001208829
-0.0001866431
-0.000614009
-0.001171779
-0.001776355
-0.002272051
-0.00251813
-0.002607091
-0.002694288
-0.002745826
-0.002714779
-0.002464921
-0.002011144
-0.001469958
-0.001013041
-0.0007292044
-0.0006857827
-0.0009607057
-0.001383351
-0.001741315
-0.002014613
-0.002138718
-0.002020075
-0.001578463
-0.0008367913
0.0001662142
0.001358664
0.002530122
0.003440442
0.003938224
0.003982093
0.003591649
0.002796031
0.001653659
0.0003505168
-0.000912229
-0.001949811
-0.002711051
-0.003164622
-0.003242078
-0.002925132
-0.002349637
-0.001682416
-0.001063232
-0.0005947132
-0.0002935037
-5.380784e-05
0.0001706444
0.0002336864
6.291065e-05
-0.0002546784
-0.0005286114
-0.0006523988
-0.0005832642
-0.000269258
0.000259973
0.000841367
0.001273872
0.001451786
0.001438155
0.001248549
0.0008516444
0.0004004982
0.0002022672
0.0002766383
0.0003317042
0.000355202
0.0005786602
0.001061244
0.001645109
0.002211046
0.002745402
0.003144107
0.003332891
0.003307262
0.003098434
0.002766801
0.002336196
0.001874189
0.001493505
0.001230419
0.001083819
0.00105777
0.001069729
0.0009966488
0.0007650683
0.0004051088
2.603425e-06
-0.0003171472
-0.0003990072
-0.0002293817
9.256225e-05
0.0004732077
0.0007964355
0.0009516934
0.0009665642
0.0009081113
0.0008323715
0.0008489612
0.0009284873
0.0008976671
0.000779769
0.0007227483
0.0006191966
0.0004212078
0.0002768623
0.0002565935
0.0003353227
0.0005321635
0.0008656886
0.00125094
0.00152636
0.001444977
0.0008444241
-7.251461e-05
-0.0009864419
-0.001646026
-0.001821161
-0.001439153
-0.0005556903
0.0006152875
0.001738719
0.002606862
0.003143622
0.003305345
0.00315841
0.002890802
0.002623649
0.002350463
0.002084096
0.002003582
0.002112249
0.00225864
0.002412034
0.002468294
0.002220034
0.001557627
0.000589478
-0.0004743223
-0.001471171
-0.002320083
-0.003001085
-0.0034563
-0.003680806
-0.003718432
-0.003546716
-0.003045995
-0.002186978
-0.00111474
-6.951609e-05
0.0008855106
0.00174164
0.002392368
0.002692373
0.002561222
0.002025217
0.001336471
0.0006791576
-1.061233e-05
-0.0005561002
-0.000703437
-0.0004391592
0.00014743
0.0009854612
0.001905202
0.002853595
0.003895331
0.004894331
0.005504895
0.005510739
0.004889143
0.003682507
0.002171252
0.0008148177
-0.0001157664
-0.00058291
-0.0005129664
-5.63658e-05
0.0005045228
0.001077404
0.001611493
0.00193884
0.002073174
0.002031091
0.001660876
0.0009144694
-3.530039e-05
-0.0009664274
-0.001647503
-0.001932231
-0.001923832
-0.001813194
-0.001694078
-0.001604494
-0.001597365
-0.001589451
-0.001535678
-0.001483945
-0.001391681
-0.001310392
-0.001387599
-0.001580122
-0.00177908
-0.00187152
-0.001801339
-0.001551626
-0.001157231
-0.0007707934
-0.0005080005
-0.0002941737
-0.0001733795
-0.0001856665
-0.0002710261
-0.000472112
-0.0008702845
-0.001441269
-0.002082665
-0.002684783
-0.003176478
-0.003507285
-0.003769749
-0.004103873
-0.004539422
-0.005047182
-0.005513543
-0.005704187
-0.00539489
-0.004502597
-0.00310342
-0.001414383
0.0002490996
0.001677241
0.002685545
0.003146652
0.002984826
0.002095234
0.0006823863
-0.0008380783
-0.002219788
-0.003343052
-0.004089429
-0.004365215
-0.004265168
-0.003945164
-0.003510839
-0.003073815
-0.002688908
-0.002526784
-0.002641429
-0.002903179
-0.00312384
-0.003117582
-0.002707458
-0.001750434
-0.0002869548
0.001577764
0.003465909
0.004938679
0.005908993
0.00642542
0.006456104
0.005943496
0.004870039
0.003319527
0.001456956
-0.0004783644
-0.002204591
-0.003452659
-0.004164422
-0.004486051
-0.004566833
-0.004335376
-0.003611547
-0.002497396
-0.001306919
-0.0001903856
0.0008250219
0.001613374
0.001992639
0.001875807
0.001300368
0.0004220209
-0.0005397548
-0.001453101
-0.002319327
-0.003234535
-0.004140037
-0.004822643
-0.005040578
-0.004724972
-0.003929702
-0.002726548
-0.001213838
0.0003836403
0.001677033
0.002426097
0.002665814
0.002528703
0.002123974
0.00154721
0.0008961781
0.0002991253
-0.0001687605
-0.0004611711
-0.0004160832
8.38845e-05
0.0009270033
0.002013344
0.00334369
0.004785891
0.006108346
0.00723997
0.008178865
0.008707229
0.008643878
0.007990885
0.0068474
0.005361046
0.003769028
0.002276927
0.001027083
0.0001591023
-0.0002759977
-0.0003148694
-4.231183e-05
0.0004261598
0.0009890594
0.001530494
0.00196881
0.002239185
0.002372474
0.002397024
0.002245291
0.0018198
0.001002519
-0.0002348759
-0.001657594
-0.002970599
-0.004055342
-0.004709976
-0.004738099
-0.004017554
-0.002639121
-0.0007791924
0.001383196
0.003566493
0.005381775
0.006641037
0.007176282
0.006783117
0.0055061
0.003704733
0.00176665
8.283724e-05
-0.000956215
-0.001241886
-0.0008821265
-6.372501e-05
0.0009771734
0.001991316
0.002782703
0.003190265
0.003265758
0.003026979
0.002376512
0.001215565
-0.0003952271
-0.002193268
-0.00397385
-0.005524847
-0.006598015
-0.006954029
-0.006436332
-0.005084417
-0.003207556
-0.001105552
0.0009968701
0.003005618
0.004804406
0.006275607
0.007295645
0.007729502
0.007555444
0.00685694
0.005760769
0.004378255
0.002829945
0.001413599
0.0003826389
-0.0001819235
-0.0003651745
-0.0002054487
0.0002766204
0.00102568
0.001917787
0.002699772
0.003050843
0.002741671
0.001889889
0.0007420424
-0.0005417183
-0.001862651
-0.003208564
-0.004513261
-0.005639464
-0.006512664
-0.007010898
-0.006947343
-0.006262703
-0.00508563
-0.003678729
-0.002221117
-0.0008783273
0.0002556323
0.001010488
0.001292292
0.001111908
0.0004706483
-0.0005273678
-0.001739506
-0.002960777
-0.003784785
-0.004004695
-0.00359894
-0.002569223
-0.001212788
0.0001227379
0.001250695
0.002147212
0.002744276
0.003002503
0.002964802
0.002667905
0.002036964
0.001075409
-0.0001725101
-0.001510899
-0.002577367
-0.00319248
-0.003336877
-0.003109661
-0.002816058
-0.002571392
-0.002416361
-0.002368698
-0.002519041
-0.002921992
-0.003592635
-0.004518982
-0.005498729
-0.006287795
-0.006669493
-0.006480075
-0.005741712
-0.004464206
-0.002759514
-0.0009583517
0.0006033968
0.001758392
0.002373188
0.002265515
0.001420864
0.0001385993
-0.001203222
-0.002314805
-0.003047241
-0.003270813
-0.002964053
-0.002275605
-0.001396001
-0.0002910606
0.001022013
0.002352582
0.003556383
0.004440482
0.004892327
0.0048766
0.00443311
0.003721907
0.002834493
0.001888979
0.001047987
0.0005404158
0.0003929031
0.0004074426
0.0004293117
0.0004047652
0.000316738
0.0002284511
0.0001846089
3.186623e-05
-0.0002767887
-0.000714222
-0.001359437
-0.002167795
-0.002891572
-0.003320516
-0.003452817
-0.003321063
-0.003127584
-0.003139772
-0.003427584
-0.003805971
-0.004021312
-0.0039547
-0.003607797
-0.002928064
-0.001938212
-0.0008371158
0.0001527126
0.0008587708
0.001350089
0.001753257
0.001953213
0.001986299
0.002095774
0.002451827
0.002995103
0.003619937
0.004236085
0.004733513
0.004953563
0.004965201
0.005066704
0.005301941
0.005466877
0.00539569
0.004925288
0.004023536
0.002806273
0.001393056
-4.68444e-05
-0.001314162
-0.002368377
-0.003050979
-0.00326668
-0.003137579
-0.002777309
-0.002229095
-0.001460408
-0.000360354
0.0008935996
0.002028589
0.002834495
0.003162773
0.003102341
0.002902946
0.002761396
0.002643813
0.00231806
0.001681938
0.000870071
0.0001222886
-0.0003895559
-0.0005891226
-0.0005902899
-0.0004347928
-7.607553e-05
0.0004339658
0.001159445
0.00211316
0.003150663
0.004140478
0.005014913
0.005633022
0.005790467
0.005442731
0.004657318
0.003539018
0.00232048
0.001225184
0.0004288539
8.019624e-05
0.0002235177
0.0009786143
0.002192607
0.00349548
0.004643323
0.005391076
0.005531336
0.005111325
0.004249764
0.002968792
0.001433712
-0.0001453938
-0.001457403
-0.002157102
-0.00209872
-0.001336816
-7.021798e-05
0.001406561
0.002917847
0.004411315
0.005669276
0.006507122
0.006903997
0.00689494
0.006408986
0.005420066
0.004100267
0.002619918
0.001212139
6.243983e-05
-0.0008274567
-0.001539458
-0.002056272
-0.002357711
-0.002513439
-0.002510123
-0.002320643
-0.002098181
-0.002144278
-0.002646334
-0.003538918
-0.004578985
-0.00554078
-0.006203325
-0.006319897
-0.005842744
-0.00493285
-0.003840734
-0.002730722
-0.00182637
-0.001392047
-0.001459953
-0.00194833
-0.002716265
-0.003552207
-0.004375194
-0.005070673
-0.005338976
-0.005007162
-0.00414205
-0.002758237
-0.0009140926
0.001129252
0.002988229
0.004397193
0.005271573
0.005685262
0.005803518
0.005631337
0.005078381
0.004198607
0.003100097
0.001883296
0.000667397
-0.0003924678
-0.001096997
-0.001281801
-0.001011746
-0.000538753
-6.434465e-05
0.0003100328
0.0006605653
0.001118806
0.001521611
0.001628131
0.001354313
0.0007640977
-5.436232e-05
-0.0009890722
-0.001934603
-0.002751292
-0.003357088
-0.003848809
-0.004144489
-0.004047045
-0.003540328
-0.002828215
-0.002210063
-0.00187936
-0.001924279
-0.00237661
-0.003132985
-0.004014846
-0.004865417
-0.005594564
-0.006119915
-0.006423452
-0.006432358
-0.005955945
-0.004907761
-0.003501078
-0.002019235
-0.0006500127
0.0003848363
0.0008465233
0.0007486817
0.000289334
-0.0003401837
-0.0008967496
-0.001160169
-0.001188618
-0.001170237
-0.001098231
-0.0008487147
-0.0004504009
-8.269888e-05
0.0002054052
0.0005185571
0.0009302111
0.001480527
0.002166483
0.002909723
0.003414392
0.003382093
0.002774818
0.001764707
0.0004500683
-0.001029227
-0.002335521
-0.003196148
-0.00361541
-0.003703973
-0.003286424
-0.002212197
-0.0006291805
0.001202479
0.003089092
0.004776515
0.005865147
0.006153594
0.00574351
0.004918967
0.003973217
0.0031182
0.002397765
0.001801135
0.001373749
0.001057092
0.0007522679
0.0004375608
0.0002544868
0.0002747559
0.0004242041
0.0006754962
0.00103088
0.001446265
0.001891227
0.002387642
0.002912517
0.003397989
0.003869401
0.004367569
0.004763649
0.00488044
0.004609354
0.004006422
0.003246342
0.002453189
0.001785225
0.001296473
0.0009316177
0.0006901025
0.0004927204
0.0002712775
0.0001888536
0.0003765552
0.0008396484
0.001489188
0.002022884
0.002173644
0.001856084
0.001128389
6.30345e-05
-0.001206758
-0.002545655
-0.003812425
-0.004785119
-0.005327174
-0.005326355
-0.004713761
-0.003506162
-0.001696938
0.0003861495
0.002160189
0.003249533
0.003595418
0.003308197
0.002401151
0.0009994005
-0.0005656826
-0.001881095
-0.002720919
-0.003006578
-0.002818002
-0.002237918
-0.00127705
6.599807e-05
0.001706935
0.003273747
0.004410087
0.004906783
0.004783728
0.004128232
0.003180736
0.002422297
0.00205139
0.002034649
0.002339274
0.00293074
0.003717153
0.004475673
0.005133027
0.005607455
0.005668587
0.005112548
0.003947552
0.002376994
0.0007080174
-0.0006000777
-0.001282778
-0.0012778
-0.0006035335
0.0004654569
0.001594052
0.002502405
0.003052188
0.003147707
0.00284009
0.002164215
0.001073818
-0.00050031
-0.002401293
-0.004273947
-0.005745741
-0.00644127
-0.006226875
-0.005131312
-0.003327564
-0.001217593
0.0007065078
0.002146077
0.00288749
0.002879466
0.002347614
0.001439439
0.0001035754
-0.001563115
-0.003224321
-0.004583775
-0.00540234
-0.00551048
-0.005034275
-0.004102019
-0.002911224
-0.001806504
-0.001128957
-0.0009908213
-0.001294162
-0.001766872
-0.002169555
-0.002599135
-0.003354816
-0.004454527
-0.005592818
-0.006445626
-0.00682317
-0.006591232
-0.005789142
-0.004656155
-0.00345531
-0.002274033
-0.001197731
-0.0004252731
0.0003070767
0.001355576
0.002576506
0.003594025
0.004097546
0.004022844
0.003540298
0.002928744
0.002377016
0.001859017
0.001168052
0.000165103
-0.001000333
-0.002180617
-0.003359968
-0.004596907
-0.005785454
-0.006576257
-0.006695109
-0.006117365
-0.005034429
-0.003842857
-0.002800678
-0.001887462
-0.0009461512
0.0001653857
0.0013896
0.002361968
0.002820234
0.002881059
0.002786199
0.00265015
0.002424141
0.001950774
0.001177601
0.0001805423
-0.000945543
-0.002023568
-0.002840607
-0.00329175
-0.003177188
-0.002232083
-0.0003947602
0.002092276
0.004867804
0.007547448
0.009778539
0.01131796
0.01215182
0.01221198
0.0112872
0.009321594
0.006680028
0.003971751
0.001581007
-0.0003800772
-0.001824193
-0.002640746
-0.002923424
-0.002926595
-0.002694951
-0.002290356
-0.002027101
-0.002106746
-0.002504806
-0.003191797
-0.004118118
-0.00515774
-0.006138486
-0.006783476
-0.006827523
-0.006067518
-0.00440717
-0.001987483
0.0007506652
0.003406192
0.005751976
0.007632897
0.008803049
0.008997036
0.008221643
0.006818732
0.005088098
0.003152532
0.001056689
-0.001043993
-0.002916195
-0.004335575
-0.005135637
-0.005166562
-0.004343319
-0.002807542
-0.0008945264
0.0009636553
0.002451722
0.003645315
0.004918561
0.006519572
0.008182652
0.009345548
0.009567253
0.008764534
0.007130913
0.00487539
0.002276118
-0.0003025784
-0.002560668
-0.004284399
-0.00527256
-0.005329627
-0.004364618
-0.002355521
0.0003756164
0.002997757
0.004883792
0.005957771
0.006439205
0.006553295
0.006526175
0.006478717
0.006359094
0.005983664
0.005239328
0.00434846
0.003789026
0.003880798
0.004497466
0.005225475
0.005652915
0.005274894
0.004004941
0.002346444
0.0007508876
-0.0006978945
-0.002126871
-0.003803768
-0.005830051
-0.007897031
-0.009495259
-0.01023477
-0.01016871
-0.00962456
-0.008808372
-0.00786471
-0.006862929
-0.005603704
-0.003921156
-0.001866321
0.000351041
0.002394101
0.003932652
0.004668969
0.00448344
0.003601177
0.002341563
0.0008826218
-0.0007429234
-0.00251543
-0.004406991
-0.006134735
-0.007197719
-0.007277743
-0.006376082
-0.004775731
-0.002986752
-0.001493222
-0.0006218441
-0.0004459864
-0.0006277784
-0.0007281808
-0.000741506
-0.0009709995
-0.001583069
-0.002463715
-0.00339673
-0.004178023
-0.00450774
-0.004159342
-0.003045037
-0.001190428
0.001136112
0.003447517
0.005297819
0.006379702
0.006569864
0.005889589
0.004525033
0.002732764
0.0008771004
-0.0006140779
-0.001544433
-0.002051913
-0.002368321
-0.002399263
-0.001910528
-0.0008628244
0.0006607977
0.002419645
0.003969151
0.004969834
0.005259447
0.004750797
0.003563117
0.002122382
0.0009573754
0.0004214592
0.0005342568
0.001258607
0.002621014
0.004459515
0.006373433
0.007792672
0.008159669
0.007187027
0.004889165
0.00162901
-0.0021178
-0.005983903
-0.009671532
-0.01303153
-0.01588158
-0.01798772
-0.0191481
-0.01935201
-0.01873955
-0.01737111
-0.01526151
-0.01261576
-0.009900883
-0.007708848
-0.006494099
-0.006395078
-0.007129558
-0.008325811
-0.009848642
-0.01160705
-0.01306441
-0.01340047
-0.01211829
-0.009191899
-0.005037878
-0.0001504207
0.005188925
0.01060257
0.01541634
0.01892581
0.02090372
0.02143102
0.02036802
0.01734744
0.01235965
0.006251054
0.0001195509
-0.005448976
-0.01041458
-0.01470739
-0.01763997
-0.01838685
-0.01679833
-0.01338125
-0.008983501
-0.004513438
-0.0005228296
0.00279682
0.005288844
0.006652884
0.006526943
0.004950927
0.00254855
0.0001105842
-0.00184343
-0.002993263
-0.003194858
-0.002557885
-0.001189939
0.0007981656
0.003102505
0.005303162
0.006999541
0.007936756
0.008270339
0.008318263
0.008056832
0.007159904
0.005489423
0.003430799
0.001743032
0.0009793341
0.001158978
0.002093547
0.003716895
0.005979852
0.008510132
0.01053569
0.01141472
0.01093107
0.009306706
0.006909172
0.003968962
0.0007486743
-0.002194655
-0.004131149
-0.004613441
-0.003915469
-0.002893139
-0.002361573
-0.002597336
-0.003278239
-0.003951095
-0.004170871
-0.003847815
-0.003415946
-0.003405148
-0.004045129
-0.005232782
-0.006590322
-0.007505899
-0.00752464
-0.006435879
-0.004374054
-0.002056597
-0.0004395463
5.258297e-05
-0.0001194076
-0.000287941
-0.0004646496
-0.001124683
-0.002533214
-0.004712834
-0.007530804
-0.01063256
-0.01345473
-0.01528435
-0.01555355
-0.01412349
-0.01135437
-0.007601996
-0.003067613
0.001849442
0.006512353
0.01033917
0.01275036
0.01325718
0.01176609
0.008645327
0.004730621
0.001262224
-0.0007077412
-0.001017269
-0.0005320376
-0.0002168888
-0.0004808292
-0.001145128
-0.00169634
-0.001691097
-0.001008782
0.0001548851
0.001501214
0.002731304
0.003262311
0.002436256
0.0002063444
-0.002694827
-0.00509789
-0.006248594
-0.006078101
-0.004858852
-0.003042357
-0.001080579
0.0008506385
0.002958003
0.005579561
0.008674081
0.01165567
0.01371797
0.01415561
0.0125404
0.008975959
0.004106204
-0.00114527
-0.005988403
-0.009988392
-0.01281029
-0.01384691
-0.01269684
-0.009724538
-0.005626147
-0.0009409666
0.003865702
0.008203962
0.01130697
0.01274472
0.0124948
0.01064823
0.007388072
0.002964617
-0.001962412
-0.006085431
-0.008181371
-0.007537863
-0.004227574
0.0009332218
0.006548363
0.01121764
0.01426216
0.01581296
0.01617064
0.01528181
0.01286737
0.009038088
0.004424633
-6.576535e-06
-0.003327134
-0.005028067
-0.005263127
-0.004565432
-0.003262373
-0.001435596
0.0007767847
0.003143167
0.005468729
0.007428
0.008524645
0.008337477
0.006682283
0.003947456
0.00118869
-0.0006056331
-0.001144975
-0.0008215944
-0.0002975031
4.588226e-05
0.0005087039
0.001799574
0.004361688
0.008207768
0.01275774
0.01696595
0.01985081
0.02106995
0.02114809
0.0207799
0.0201755
0.01886765
0.01640634
0.01276819
0.008252635
0.0035011
-0.0005424753
-0.002890131
-0.002928476
-0.0007764356
0.00278507
0.006590628
0.009537383
0.0110792
0.01125395
0.01037348
0.008829216
0.006965756
0.004919398
0.002657304
0.0001542544
-0.002487654
-0.005081428
-0.007134007
-0.008141184
-0.00798446
-0.007016864
-0.005772831
-0.004729444
-0.004383842
-0.005152248
-0.006996631
-0.009198091
-0.01075138
-0.01131849
-0.01139863
-0.01177809
-0.01275229
-0.01383525
-0.01431036
-0.01378921
-0.01202247
-0.008928116
-0.00484455
-0.0004245851
0.003455672
0.005946538
0.006501973
0.005203487
0.002676092
-0.0005094432
-0.003983586
-0.007439442
-0.01045891
-0.01254078
-0.01309386
-0.01177173
-0.008784101
-0.004805037
-0.0007290394
0.002821106
0.006019806
0.009408024
0.01322375
0.01697574
0.01981138
0.02112787
0.02102572
0.01986703
0.01773856
0.01485662
0.01183035
0.009512664
0.008392123
0.007960858
0.007107721
0.005253247
0.00287495
0.0007768819
-0.000664831
-0.001645463
-0.002462548
-0.003226197
-0.004024481
-0.004979796
-0.006029681
-0.006619383
-0.006261664
-0.005107209
-0.00354957
-0.001962365
-0.0006278196
0.0004559892
0.001476628
0.002689886
0.004059259
0.004829314
0.004244144
0.002119667
-0.00128094
-0.005402802
-0.009396326
-0.01235559
-0.01382277
-0.01418942
-0.01437924
-0.0148852
-0.01525127
-0.01469188
-0.01278774
-0.009790649
-0.006440839
-0.00334239
-0.0006145955
0.001748061
0.003659458
0.004870394
0.005014284
0.003697148
0.0007856861
-0.003355961
-0.007943669
-0.01216497
-0.01536775
-0.01719603
-0.0175483
-0.01651761
-0.01438939
-0.011526
-0.008233354
-0.004790453
-0.001496885
0.001469114
0.003777168
0.004907582
0.004695032
0.00349929
0.001768312
-0.0004186773
-0.002956984
-0.005291987
-0.006545362
-0.005937572
-0.003190997
0.001319554
0.006481307
0.0109501
0.01402805
0.01600523
0.01760123
0.01903569
0.0199886
0.02008799
0.01906392
0.01684917
0.01378317
0.01033374
0.00708527
0.004789681
0.003802572
0.003926023
0.004768096
0.006031869
0.007424718
0.008400083
0.008422852
0.007384905
0.005507717
0.00318771
0.0009221066
-0.0006356138
-0.001110831
-0.0004872858
0.001146769
0.003581709
0.006451846
0.009050358
0.01056794
0.01068673
0.009664191
0.007646521
0.004146675
-0.001268568
-0.008113703
-0.0151084
-0.02091503
-0.02443999
-0.02495481
-0.02242587
-0.01720413
-0.009873405
-0.001609879
0.006068187
0.01204421
0.01621944
0.01912903
0.02071752
0.02021743
0.01683471
0.01027161
0.001464693
-0.007303615
-0.0137491
-0.01687312
-0.01711534
-0.01533196
-0.01188405
-0.006965614
-0.001262742
0.004025886
0.008032347
0.01084632
0.0130643
0.01494892
0.01600366
0.0152456
0.01217544
0.007519652
0.002963224
-0.0001664061
-0.001639267
-0.002032329
-0.002094
-0.002274873
-0.002373746
-0.001600359
0.0006802191
0.004340747
0.008335473
0.01141463
0.01292349
0.01298982
0.01201197
0.01032342
0.008283076
0.006287387
0.004767186
0.003910047
0.003641569
0.003887219
0.004870537
0.006785505
0.009419211
0.01226884
0.01476367
0.01651108
0.0175047
0.0177837
0.01705271
0.01487556
0.01109823
0.006110435
0.0006890419
-0.004537708
-0.009174239
-0.012798
-0.0148883
-0.01517213
-0.01365151
-0.01056879
-0.006455343
-0.002077719
0.001859866
0.004808716
0.006318347
0.006370074
0.005314668
0.00347025
0.0009564456
-0.001967826
-0.004794462
-0.006832477
-0.00749917
-0.006781908
-0.004970011
-0.002650866
-0.0005998992
0.0007035726
0.001440429
0.002217965
0.003440625
0.004833472
0.005416484
0.004174323
0.001113243
-0.002658657
-0.005646783
-0.006720379
-0.005820988
-0.00375639
-0.001614952
-0.0001632288
0.0005223899
0.0009329967
0.00159494
0.002552472
0.00332651
0.003490549
0.002971537
0.002110801
0.001650632
0.002075213
0.003095061
0.00394304
0.003892121
0.002786586
0.001125642
-0.0003545272
-0.0008576846
6.836914e-05
0.00230311
0.005139325
0.007645218
0.009052273
0.009312353
0.009191964
0.009627826
0.01090397
0.01232237
0.01247928
0.00994274
0.004457575
-0.002807715
-0.01001906
-0.01577148
-0.01942217
-0.02074843
-0.01992315
-0.01732014
-0.0131255
-0.007470484
-0.0006830544
0.006310183
0.01197921
0.01488407
0.01436165
0.01070619
0.004937311
-0.001799061
-0.008732668
-0.01537471
-0.02128605
-0.02609566
-0.0293033
-0.03018766
-0.0279753
-0.02234888
-0.01424001
-0.005564463
0.001713486
0.006659746
0.009753838
0.0118053
0.01246633
0.01036577
0.004978193
-0.002170692
-0.008633299
-0.01286626
-0.01419171
-0.01285345
-0.01016849
-0.007633294
-0.005869609
-0.004513219
-0.003169692
-0.002032638
-0.001528039
-0.00182838
-0.002748256
-0.00405089
-0.005330046
-0.005745462
-0.004598242
-0.002024167
0.001120119
0.003919514
0.005905637
0.007424495
0.009182396
0.01128629
0.01330091
0.01472838
0.01509932
0.01400077
0.01130679
0.007532549
0.003450969
-0.000343362
-0.003596152
-0.006282685
-0.008219529
-0.008671021
-0.006740176
-0.002256534
0.003939281
0.01041839
0.01595923
0.02038868
0.02418267
0.02735466
0.02902214
0.02791563
0.02362873
0.01707244
0.009644022
0.002689794
-0.002868712
-0.006608318
-0.00850259
-0.008529903
-0.006502597
-0.002623928
0.002310499
0.007165659
0.01101625
0.01383013
0.01587533
0.01662478
0.01494219
0.01064244
0.00478832
-0.001554549
-0.007856367
-0.01352216
-0.01782019
-0.02035271
-0.02112467
-0.02050172
-0.01900532
-0.01695417
-0.01450791
-0.01182935
-0.009212007
-0.007472338
-0.007429
-0.00866146
-0.009457299
-0.008612461
-0.006706164
-0.00526483
-0.004944384
-0.00502074
-0.00468715
-0.003944652
-0.003121877
-0.002509286
-0.002328114
-0.003141196
-0.005767752
-0.0103709
-0.01576436
-0.0198773
-0.02125712
-0.01994268
-0.01690918
-0.01318046
-0.00922523
-0.005337107
-0.002189062
-0.0001435387
0.00122876
0.00229107
0.002718886
0.001830643
-0.0003432717
-0.002831275
-0.004396818
-0.004490565
-0.00356149
-0.002391697
-0.00138775
-0.0005956904
-0.0003408831
-0.001039267
-0.002393512
-0.003500184
-0.003481852
-0.002001943
0.0004837138
0.002879327
0.004444874
0.005673072
0.007632975
0.01037049
0.01276569
0.01431973
0.01580594
0.0177056
0.01912777
0.01859072
0.01557263
0.01075451
0.005490176
0.001503309
-0.0001112955
0.0003031949
0.001263978
0.001402348
0.0003440662
-0.001157303
-0.001806351
-0.0007860287
0.002012212
0.005901185
0.009789395
0.01277246
0.01422679
0.01405113
0.01282178
0.01164646
0.01131182
0.01148466
0.01127146
0.01005278
0.007585786
0.003797063
-0.001043141
-0.005857721
-0.009263892
-0.01088365
-0.01153229
-0.01179038
-0.01084396
-0.007413378
-0.001822893
0.003776641
0.00747851
0.00918757
0.009917733
0.01015632
0.009442958
0.007102363
0.003127086
-0.001525573
-0.005381361
-0.007155501
-0.006607961
-0.004717185
-0.002878649
-0.001834104
-0.001384369
-0.001195301
-0.001217779
-0.001118334
-5.95286e-05
0.002353808
0.005137803
0.006332659
0.004623452
0.000782582
-0.002815418
-0.004011081
-0.002301478
0.001016108
0.003880341
0.004944542
0.004192998
0.002811878
0.002140616
0.002605727
0.003509124
0.00352189
0.001691463
-0.002311702
-0.008116583
-0.01416071
-0.01812854
-0.01844208
-0.01520116
-0.009738518
-0.003577805
0.00194314
0.005735836
0.007511934
0.008063975
0.008247197
0.007789986
0.005738734
0.001563487
-0.004311666
-0.01077466
-0.01626708
-0.01930075
-0.01932323
-0.0172324
-0.01471492
-0.01278688
-0.0112912
-0.009421446
-0.006643133
-0.003233491
-0.0003951252
4.772534e-05
-0.003231394
-0.009628597
-0.01615484
-0.01962785
-0.01919666
-0.0160805
-0.01170903
-0.006715989
-0.001674687
0.002460673
0.005125525
0.00631164
0.005930433
0.003697148
-0.0001980041
-0.004835857
-0.009232483
-0.01294644
-0.01527587
-0.01508689
-0.01205996
-0.007389931
-0.002641571
0.001602962
0.005559083
0.009182198
0.01153746
0.01106783
0.006833198
-0.0005153149
-0.008675127
-0.01496657
-0.01767745
-0.01620002
-0.01097909
-0.003327398
0.005325008
0.0137972
0.02107763
0.02625873
0.02846343
0.02716225
0.02250648
0.01546124
0.007307496
-0.0007987665
-0.007575272
-0.01160093
-0.01210763
-0.009523373
-0.004875935
0.001093541
0.007436962
0.01248849
0.01475111
0.01437746
0.01270989
0.01028262
0.006603825
0.002020511
-0.001646458
-0.002775831
-0.001558232
0.0008695155
0.00371074
0.006609324
0.009074938
0.01052608
0.01061297
0.009289372
0.006679162
0.00316359
-0.0002998507
-0.00264716
-0.003670771
-0.003982531
-0.004343223
-0.004728222
-0.004489817
-0.003338251
-0.001843222
-0.0007606809
-0.0002478675
0.0001478357
0.0006132516
0.0004465177
-0.0008979794
-0.002942539
-0.004798105
-0.006306424
-0.008031573
-0.01052074
-0.0137525
-0.01722332
-0.02017927
-0.0215762
-0.02070191
-0.01788017
-0.01406314
-0.009997472
-0.006106426
-0.002736546
3.388793e-05
0.002623129
0.005387714
0.007839389
0.008778954
0.007383134
0.003773017
-0.001350736
-0.006846334
-0.0113041
-0.0131986
-0.01197367
-0.008917095
-0.005810432
-0.003268801
-0.0005779785
0.002837644
0.006352266
0.008725644
0.009761834
0.01080814
0.01325205
0.01631366
0.01704049
0.01341903
0.007582327
0.004174472
0.005096549
0.007597767
0.007974818
0.00591622
0.00425599
0.004949671
0.006786783
0.00718687
0.005363338
0.003422836
0.003801391
0.006091014
0.007853706
0.00841431
0.009934616
0.01389352
0.01832054
0.0200401
0.01817798
0.01469961
0.01173729
0.008988757
0.004410595
-0.002229962
-0.008057288
-0.01112368
-0.01347324
-0.01763588
-0.02228002
-0.02380762
-0.02072026
-0.01428728
-0.006398537
0.00156044
0.008816682
0.0153854
0.02139752
0.02581518
0.02754408
0.02725124
0.02638557
0.02478593
0.02061342
0.01315046
0.004499482
-0.00214219
-0.005308156
-0.0056086
-0.003794038
-0.0001433926
0.003851647
0.005270162
0.002990933
-0.0005805309
-0.002467247
-0.002630349
-0.003440711
-0.006520594
-0.01143663
-0.01677498
-0.02139427
-0.02456007
-0.02584074
-0.02530055
-0.02343559
-0.02046213
-0.01611235
-0.01049159
-0.004591774
0.0004741263
0.004000525
0.005463744
0.004891768
0.003287688
0.001621963
-0.0002801746
-0.002679164
-0.004180375
-0.003286636
-0.001096925
0.00022926
0.001257106
0.005100865
0.01293408
0.02169958
0.02737953
0.02885747
0.02762678
0.02470403
0.01977019
0.01297056
0.005900635
0.0004724586
-0.002465186
-0.003506193
-0.00454049
-0.007601482
-0.0126586
-0.0166664
-0.01632088
-0.01208783
-0.008191262
-0.008156726
-0.01158908
-0.01557955
-0.01766652
-0.01687898
-0.013374
-0.008359894
-0.003933779
-0.002510391
-0.005748164
-0.01267484
-0.01899258
-0.02013907
-0.01530601
-0.008028847
-0.003592331
-0.005182169
-0.01099677
-0.0152327
-0.01403699
-0.009674515
-0.005891635
-0.00135047
0.007524406
0.01811159
0.02232416
0.01745267
0.01085409
0.0105371
0.01550735
0.01894532
0.01770247
0.01495686
0.01538856
0.0209186
0.02995248
0.03814046
0.04099628
0.03779725
0.03177499
0.02578629
0.02007263
0.01452651
0.009516396
0.003931037
-0.00408294
-0.01346605
-0.02034222
-0.02243641
-0.02113085
-0.0191608
-0.01759154
-0.01560646
-0.01275555
-0.01070751
-0.0114031
-0.01381273
-0.01453373
-0.01202108
-0.007868702
-0.003767628
-8.387166e-05
0.002923483
0.005201139
0.008524703
0.01472424
0.02145959
0.02355791
0.01959243
0.0139885
0.01140718
0.01109959
0.008760855
0.002291138
-0.00644554
-0.0136187
-0.01605744
-0.01361573
-0.009874246
-0.008960784
-0.01152907
-0.01517761
-0.01825883
-0.02064802
-0.02185273
-0.02131227
-0.01966537
-0.01744953
-0.01372807
-0.007756432
-0.001159314
0.003319561
0.004780516
0.004937957
0.005854443
0.007404294
0.007921184
0.007017072
0.006149073
0.005731498
0.003660926
-0.001564122
-0.007978684
-0.01234166
-0.01382974
-0.0137833
-0.01287768
-0.0107649
-0.008281284
-0.006813483
-0.005067099
-3.950717e-05
0.007376335
0.01178637
0.01032937
0.006908481
0.006888001
0.01044926
0.01446994
0.01805415
0.02226293
0.02623755
0.02698722
0.02307699
0.01694883
0.01296991
0.01394853
0.0190049
0.02369171
0.02344574
0.01860475
0.0139067
0.01224513
0.0119835
0.01116779
0.01056686
0.01077251
0.009931887
0.006212802
0.001159242
-0.0009751324
0.002416811
0.009387695
0.01499681
0.01595813
0.01349685
0.01130017
0.01117568
0.01159551
0.01076956
0.009257262
0.008683864
0.009309063
0.009787727
0.009151809
0.008380819
0.009668827
0.01421601
0.02065644
0.02545992
0.02569399
0.0222064
0.01885719
0.01774118
0.01628539
0.009825997
-0.00303705
-0.01830305
-0.02967155
-0.03346612
-0.0309038
-0.02614219
-0.02264682
-0.02056132
-0.01745633
-0.01202623
-0.006512712
-0.004313774
-0.006076338
-0.01001885
-0.01485997
-0.01993361
-0.02405186
-0.02627342
-0.02696212
-0.02729085
-0.02802308
-0.02876789
-0.02811691
-0.02512903
-0.0204768
-0.0154762
-0.01020324
-0.004169237
0.001221837
0.002975321
0.0003388631
-0.003136559
-0.003092582
0.001305661
0.007302023
0.01173253
0.01337336
0.0132149
0.01353427
0.01585307
0.01936978
0.02162787
0.0206298
0.01649957
0.01086217
0.004853388
-0.001351067
-0.007690306
-0.01370305
-0.0190062
-0.02388983
-0.02838346
-0.03135411
-0.03137754
-0.02866776
-0.02517889
-0.02214523
-0.01827607
-0.01180613
-0.003894827
0.002156756
0.00465966
0.004982478
0.004964738
0.005050039
0.005165989
0.004765135
0.002322753
-0.002929203
-0.008865088
-0.01272155
-0.01500102
-0.01834975
-0.02275672
-0.02466941
-0.02231919
-0.01859998
-0.017253
-0.01836726
-0.01910196
-0.017322
-0.01286001
-0.007127023
-0.002397281
-5.468991e-05
0.0008068648
0.002374229
0.005310662
0.008098855
0.009324995
0.009386376
0.009172867
0.008535649
0.006964087
0.0051594
0.005015231
0.00792832
0.01329149
0.01894776
0.02283027
0.02466108
0.02608239
0.02897564
0.03357754
0.0386097
0.04266131
0.0448751
0.04434094
0.04021667
0.03304878
0.0255232
0.02075488
0.01955722
0.01984679
0.01828873
0.01255188
0.002839257
-0.008162673
-0.01684421
-0.02138262
-0.02367943
-0.02777657
-0.03528752
-0.04317705
-0.04742604
-0.04788369
-0.04671343
-0.04353847
-0.03610693
-0.02554893
-0.01745622
-0.01623313
-0.02076723
-0.02663504
-0.03037127
-0.03010264
-0.02454062
-0.01435549
-0.003203262
0.004440517
0.006974489
0.006651336
0.006910974
0.008724019
0.009178568
0.004190372
-0.005914621
-0.01440527
-0.0140259
-0.004833794
0.006128538
0.01351947
0.01906688
0.02610614
0.03273614
0.03455623
0.03151884
0.02734846
0.02325354
0.01699257
0.008483065
0.001584731
-0.001155219
-0.002157185
-0.004829977
-0.00833126
-0.008795485
-0.003860108
0.005188724
0.01484861
0.02230389
0.02696965
0.0295453
0.03056052
0.03082756
0.03184466
0.03432698
0.03750554
0.0403846
0.04302302
0.04560724
0.04706297
0.04581281
0.04134401
0.03488523
0.0285368
0.02387617
0.02121556
0.02035037
0.02143824
0.02382659
0.02541209
0.02455045
0.02222185
0.02110344
0.02206164
0.02312825
0.02243301
0.02072065
0.0199698
0.0202717
0.01997521
0.01837552
0.0167974
0.01618059
0.01560099
0.01416461
0.01260176
0.01205794
0.01217808
0.01119112
0.00725119
-0.0004388676
-0.0111975
-0.02325559
-0.03432491
-0.04179669
-0.04327135
-0.03795912
-0.02779394
-0.01629492
-0.006263246
0.001254039
0.005795718
0.005730579
-0.0004436768
-0.0108693
-0.02024109
-0.02477738
-0.02665034
-0.03187094
-0.04340112
-0.05794319
-0.06971409
-0.07583032
-0.07780437
-0.07861117
-0.07946235
-0.07960613
-0.07749419
-0.07129809
-0.06030369
-0.04664568
-0.03405522
-0.02409957
-0.01516969
-0.005802428
0.002467852
0.006600725
0.004869763
-0.002803811
-0.01513921
-0.02862628
-0.03866909
-0.04344493
-0.04558361
-0.04841692
-0.05135297
-0.05025051
-0.04195335
-0.02693743
-0.007346028
0.01502864
0.03807857
0.059255
0.07744642
0.09268285
0.1038019
0.1091031
0.10974
0.1096287
0.1104711
0.1085824
0.09823031
0.07776778
0.05150159
0.02643196
0.008097691
-0.001467529
-0.003889261
-0.00371635
-0.006100759
-0.01371701
-0.02509274
-0.03574732
-0.04080985
-0.0374246
-0.02660053
-0.01322375
-0.002968548
0.001907522
0.004092315
0.007719675
0.0127266
0.0141008
0.007515271
-0.005823387
-0.02092345
-0.03434883
-0.04590868
-0.05520674
-0.05852808
-0.05162661
-0.03620688
-0.02092204
-0.01370629
-0.01451401
-0.01777662
-0.01968468
-0.0205764
-0.02199936
-0.02485964
-0.03004608
-0.0375349
-0.04471538
-0.04817762
-0.04731722
-0.04401165
-0.03895546
-0.03068098
-0.0187639
-0.005304023
0.007389064
0.01809244
0.0242025
0.02088031
0.006561542
-0.01240033
-0.02721539
-0.03655389
-0.04576341
-0.05684194
-0.0646668
-0.0639904
-0.05568861
-0.04468781
-0.03450135
-0.02497758
-0.01451492
-0.003334036
0.00636601
0.01314292
0.0175841
0.02032168
0.0203643
0.01655352
0.009340543
7.962262e-05
-0.009904772
-0.01914296
-0.02599536
-0.02927143
-0.02887336
-0.02601675
-0.02273592
-0.02043548
-0.0190438
-0.01767182
-0.01580041
-0.01379215
-0.01225853
-0.01124014
-0.01022765
-0.008107386
-0.002947132
0.006232386
0.01712481
0.02501964
0.0269049
0.02372095
0.01874028
0.01480801
0.01293944
0.01255764
0.01242406
0.01175963
0.01115059
0.01221446
0.01632438
0.02377444
0.03358158
0.04371162
0.05199519
0.05725179
0.0595713
0.05961356
0.05835965
0.05651902
0.05406091
0.05095628
0.04793165
0.04605472
0.04561761
0.04578398
0.04554326
0.04466073
0.04317477
0.04049685
0.03558887
0.02784547
0.01743624
0.005101351
-0.007957619
-0.01996729
-0.02912873
-0.03454404
-0.03637936
-0.03546518
-0.03275579
-0.02892785
-0.02420872
-0.01833091
-0.01099468
-0.002704902
0.005116256
0.01084515
0.01353267
0.01290889
0.009381987
0.004145437
-0.001613759
-0.007891307
-0.0157664
-0.0254987
-0.0356496
-0.04467863
-0.05244566
-0.05927492
-0.06404615
-0.06473499
-0.06096081
-0.05444539
-0.04649241
-0.03693606
-0.0258739
-0.01504115
-0.006666048
-0.001871032
-0.0003417317
-0.0008077847
-0.001357393
-0.0002937393
0.00264161
0.006083102
0.008746891
0.01095901
0.01390155
0.0181024
0.0231809
0.02877848
0.03470611
0.03997556
0.04295555
0.04244258
0.03800178
0.03005005
0.02062193
0.01313767
0.009781541
0.00939655
0.009176279
0.008187037
0.007228216
0.006395075
0.005032749
0.003460806
0.002603887
0.00232486
0.001661252
0.0004316527
-0.0004145088
-5.458867e-06
0.00196018
0.005567339
0.01031201
0.01517016
0.01949258
0.02347714
0.02715854
0.03026421
0.03258588
0.03390112
0.03353669
0.03046903
0.02462549
0.01743386
0.01097461
0.007082827
0.006417052
0.007915335
0.00960687
0.01055937
0.01167388
0.01426962
0.01825691
0.02199178
0.02327932
0.02061483
0.0147442
0.008709569
0.005302455
0.004505267
0.003638819
0.0006593094
-0.003593659
-0.00717491
-0.01015414
-0.01469896
-0.02214172
-0.03125182
-0.03941964
-0.04529108
-0.04946647
-0.05282635
-0.05545603
-0.05706482
-0.05751737
-0.0566241
-0.05389019
-0.04904745
-0.042996
-0.038052
-0.03609002
-0.03663168
-0.03769283
-0.03798068
-0.03736162
-0.0354947
-0.03175607
-0.02658743
-0.02142802
-0.01719111
-0.01364194
-0.01024888
-0.00661092
-0.002390012
0.002135361
0.005797092
0.007562456
0.007175638
0.005003502
0.001939018
-0.0002763669
7.872e-05
0.003201616
0.007551372
0.01150536
0.0151481
0.01931723
0.02392032
0.0280947
0.03133883
0.03361176
0.03474037
0.03435216
0.03240521
0.02936632
0.02614178
0.02352377
0.02145002
0.01874399
0.01379651
0.006466269
-0.001100569
-0.006292448
-0.008339715
-0.008302494
-0.007120781
-0.004756288
-0.001188189
0.002908741
0.00647944
0.008649237
0.008616721
0.006041135
0.001627039
-0.00351808
-0.008972678
-0.01503257
-0.02171627
-0.02805317
-0.03254066
-0.03414697
-0.03293929
-0.02998543
-0.02658872
-0.02359782
-0.02085629
-0.01746732
-0.01333169
-0.01009662
-0.009379628
-0.01057013
-0.0116368
-0.0116494
-0.01132854
-0.01172553
-0.01321371
-0.01544215
-0.01801572
-0.02092916
-0.02455742
-0.02924738
-0.03476105
-0.04059202
-0.04613826
-0.05049074
-0.05279945
-0.05322047
-0.05274446
-0.05189287
-0.05030417
-0.04729213
-0.04239475
-0.03576401
-0.02831169
-0.0213973
-0.01563585
-0.01021276
-0.004001994
0.002751074
0.0083612
0.01144968
0.01259025
0.0140029
0.01740942
0.0224142
0.02720097
0.03077997
0.03356725
0.03604299
0.03835686
0.04060332
0.04252968
0.04337029
0.04287251
0.04170752
0.0408407
0.04052965
0.04037387
0.03983121
0.03833598
0.03581838
0.03284011
0.03027324
0.02883785
0.02843582
0.02846567
0.0287452
0.02955609
0.03078509
0.03179724
0.03221983
0.03259076
0.0337124
0.03533238
0.03665993
0.03761671
0.03873236
0.040324
0.04200473
0.04289388
0.04199539
0.03865672
0.03301035
0.02554932
0.01605894
0.003707509
-0.01155862
-0.02800505
-0.04285621
-0.05402299
-0.06077338
-0.06329952
-0.06186752
-0.05618047
-0.04558637
-0.03003464
-0.01123495
0.00744367
0.02279904
0.03342582
0.03947111
0.040901
0.03668604
0.0259966
0.01003511
-0.007551369
-0.02235082
-0.03178747
-0.03650662
-0.03875638
-0.03981
-0.03872973
-0.03394829
-0.02562093
-0.01569329
-0.006268125
0.001834193
0.008781719
0.01431001
0.01761363
0.01859244
0.01823165
0.01764853
0.01735452
0.01757148
0.01859998
0.02044786
0.02249255
0.02356227
0.02254478
0.01861719
0.01119333
0.000423277
-0.01207752
-0.02378314
-0.03288136
-0.03918179
-0.04340056
-0.04632107
-0.04854984
-0.05044546
-0.05179271
-0.05201992
-0.05088916
-0.04829022
-0.04347175
-0.03603176
-0.02732936
-0.01966219
-0.01374015
-0.00838501
-0.003097611
0.001063627
0.003251061
0.003648338
0.002139497
-0.002106076
-0.00889425
-0.01546563
-0.0184369
-0.01734697
-0.01507514
-0.01475469
-0.01698899
-0.02014745
-0.02237615
-0.0226445
-0.02034488
-0.01517291
-0.007826163
-0.0002908918
0.005584003
0.009698023
0.01370553
0.01919137
0.02618187
0.03396959
0.04239256
0.05114773
0.05849115
0.06220848
0.0619637
0.05957987
0.05685492
0.05387921
0.04955835
0.04358766
0.03687731
0.03053424
0.02538386
0.02222006
0.02193272
0.0247627
0.02931192
0.03268866
0.03212918
0.0265859
0.01677571
0.004175637
-0.01000317
-0.02526958
-0.04133184
-0.0570449
-0.07000239
-0.0779486
-0.08035975
-0.07822963
-0.07231126
-0.06298772
-0.05149552
-0.03966941
-0.02840045
-0.01748565
-0.007300833
0.0004498333
0.004141555
0.003507077
-0.0004819112
-0.006154245
-0.01155309
-0.01504561
-0.01592776
-0.01398259
-0.009166399
-0.00202305
0.005907299
0.01257559
0.01647929
0.01741929
0.01602146
0.01309977
0.009319486
0.005005802
0.0005967358
-0.002796486
-0.003980207
-0.003061069
-0.0009401989
0.002719854
0.009314039
0.01887669
0.02947696
0.03913977
0.0469982
0.05232745
0.05411074
0.05266923
0.04986661
0.04727983
0.04496491
0.04201821
0.03780976
0.03265222
0.02714124
0.02144646
0.01558066
0.009819813
0.004773318
0.0009232229
-0.002045463
-0.005061051
-0.008467402
-0.0114939
-0.01292843
-0.01213175
-0.009494979
-0.00614225
-0.002467299
0.002737166
0.01083587
0.02107478
0.03062689
0.03705679
0.03979144
0.03901191
0.0340692
0.02448803
0.01152407
-0.001992355
-0.01348257
-0.02188999
-0.02794318
-0.03308214
-0.0375818
-0.04024433
-0.03964794
-0.03521998
-0.02705217
-0.01522753
-0.0002571265
0.01567849
0.0293524
0.03870708
0.04379258
0.04537704
0.04361953
0.03832375
0.03012906
0.02103787
0.01370923
0.009608604
0.007956311
0.007351789
0.008022154
0.01165007
0.01915377
0.02929621
0.03899841
0.04481809
0.0439306
0.03431337
0.01605804
-0.007105244
-0.02963628
-0.04864119
-0.06510624
-0.08040866
-0.09341087
-0.1013513
-0.1019103
-0.09370813
-0.07644797
-0.05251767
-0.02765747
-0.007790415
0.005535346
0.01528933
0.02411594
0.03077688
0.03215229
0.02731203
0.01832288
0.007396516
-0.004973325
-0.0187331
-0.03226794
-0.04269517
-0.0481017
-0.04834581
-0.04390934
-0.03564003
-0.02549358
-0.01570469
-0.006911681
0.001738008
0.01042895
0.01791127
0.02276504
0.0249284
0.02586155
0.02703959
0.02911284
0.03205011
0.03519987
0.03767589
0.03889402
0.03872522
0.03693398
0.03291388
0.0258905
0.0158089
0.003765276
-0.008828503
-0.02081204
-0.03130236
-0.03983319
-0.04640685
-0.05156662
-0.0557974
-0.0590527
-0.06083829
-0.06043573
-0.05660675
-0.04743466
-0.03205624
-0.0126044
0.006786704
0.02351515
0.03784361
0.0502271
0.05877317
0.05997485
0.05150222
0.03372066
0.009209017
-0.01855418
-0.04580386
-0.06904268
-0.08616598
-0.097297
-0.1037229
-0.1057384
-0.1025299
-0.09396503
-0.08168215
-0.06796075
-0.05357645
-0.03808963
-0.02229313
-0.009191916
-0.001599539
0.0004587231
-0.0006576098
-0.002909096
-0.006334677
-0.01206522
-0.02048758
-0.03106394
-0.04304457
-0.05479567
-0.06347577
-0.06678498
-0.06482987
-0.05973486
-0.0536698
-0.04777462
-0.04216126
-0.03618583
-0.02898238
-0.02012342
-0.00947587
0.003135232
0.01747509
0.03201468
0.04496241
0.05656698
0.06903928
0.08350518
0.09787452
0.1076492
0.1092749
0.1035633
0.09501848
0.08715545
0.07950906
0.06892139
0.05260561
0.03070133
0.006597632
-0.01514844
-0.03208667
-0.0446949
-0.05334814
-0.0562352
-0.05121924
-0.03881288
-0.02226129
-0.005144733
0.01006386
0.02175341
0.02908185
0.03212382
0.03171689
0.02885436
0.02438532
0.01882569
0.0122666
0.004409951
-0.004855488
-0.01514023
-0.02523129
-0.03350984
-0.03943348
-0.04380236
-0.04683901
-0.04649535
-0.03992594
-0.0263884
-0.008445671
0.00987933
0.02597953
0.03909726
0.04821155
0.05107582
0.04562581
0.03217403
0.01430406
-0.003044456
-0.01662719
-0.02607465
-0.03199696
-0.03358904
-0.02884946
-0.01674419
0.0009506206
0.02027767
0.03732397
0.05013761
0.0585172
0.06176459
0.05733582
0.04258062
0.01827921
-0.01000957
-0.03533395
-0.05471295
-0.06988362
-0.08273979
-0.09152698
-0.09129612
-0.07723858
-0.04892001
-0.01269436
0.02149643
0.04701946
0.06420648
0.07684367
0.08619001
0.08991993
0.08564949
0.07370641
0.05667919
0.03768467
0.01926952
0.003234019
-0.009408646
-0.01806713
-0.02209602
-0.02117479
-0.01542489
-0.0052641
0.007910083
0.02133033
0.03181733
0.03732952
0.03716862
0.03053284
0.0166202
-0.003179441
-0.02429591
-0.04210926
-0.0552797
-0.06537704
-0.0742844
-0.08235542
-0.08823252
-0.08940539
-0.08352942
-0.07053632
-0.05308502
-0.03480796
-0.01823924
-0.004401478
0.006275007
0.01279854
0.01351051
0.00769588
-0.002707331
-0.01391839
-0.02361967
-0.03220356
-0.04046118
-0.04688624
-0.04871921
-0.04507814
-0.0374591
-0.0281287
-0.01860125
-0.009008985
0.001654321
0.01477454
0.03032214
0.0456779
0.05767649
0.06575283
0.07212704
0.0788898
0.0860106
0.09222086
0.09634988
0.09770119
0.09629792
0.09260063
0.08700977
0.07962369
0.07088568
0.06220521
0.05526838
0.0509555
0.04903781
0.0484705
0.04832751
0.04850715
0.04925384
0.04997064
0.04904833
0.04502269
0.03752755
0.02727523
0.01516101
0.00194735
-0.01131917
-0.02331161
-0.03284944
-0.03958753
-0.04405598
-0.04722435
-0.04987966
-0.05213995
-0.0533775
-0.05245409
-0.04781754
-0.03793987
-0.02266992
-0.004090644
0.01493917
0.03306225
0.05056656
0.06701459
0.08015537
0.08807186
0.09109266
0.0913276
0.09042363
0.0881684
0.08361683
0.07699539
0.06987897
0.06392449
0.06002927
0.05813104
0.05754904
0.05760331
0.05787781
0.05796419
0.05735062
0.05560126
0.05249193
0.04770307
0.04074751
0.03122432
0.0194065
0.006583381
-0.00543881
-0.01495399
-0.0208392
-0.02262371
-0.02070547
-0.0165488
-0.01190279
-0.007885071
-0.004804631
-0.003214091
-0.004312043
-0.008961165
-0.01697257
-0.02717953
-0.03796472
-0.04775212
-0.05559092
-0.06126963
-0.06432904
-0.06314651
-0.05630907
-0.04501445
-0.03264939
-0.02166357
-0.01191098
-0.002486954
0.00569138
0.01004405
0.00839864
0.0005212613
-0.01152283
-0.0241431
-0.03402101
-0.04022343
-0.04423709
-0.04737944
-0.04886781
-0.047037
-0.04188117
-0.03549331
-0.0301063
-0.02627568
-0.02367568
-0.02270575
-0.02454735
-0.02958893
-0.03670377
-0.04463035
-0.0530554
-0.06222908
-0.07187496
-0.08049528
-0.08612356
-0.08763531
-0.08523085
-0.07973525
-0.07196005
-0.06225394
-0.05050975
-0.03685587
-0.0216471
-0.004886415
0.01354579
0.0326817
0.05002702
0.06279909
0.07011061
0.07337672
0.07414177
0.07185696
0.06460561
0.05141331
0.0337742
0.01495273
-0.002440286
-0.01775962
-0.03161953
-0.04398703
-0.05349718
-0.05877614
-0.05939197
-0.05566607
-0.04828811
-0.03844099
-0.02800038
-0.01892957
-0.01247007
-0.009019892
-0.008915736
-0.01270554
-0.01982389
-0.02804319
-0.03462972
-0.03859743
-0.04134081
-0.04457445
-0.04845768
-0.05185754
-0.05378588
-0.05363604
-0.05043311
-0.04356519
-0.03412272
-0.02392763
-0.01324779
-0.0008360617
0.01381042
0.02944893
0.04390925
0.05525182
0.06201823
0.06335325
0.05975847
0.05327163
0.04624385
0.03968068
0.0329802
0.02531647
0.01722396
0.01087885
0.008794887
0.01217472
0.01978737
0.02880701
0.03691394
0.04361271
0.0496029
0.05523201
0.06003378
0.0631437
0.06395623
0.06212382
0.05751467
0.0506723
0.0431569
0.03734247
0.0348422
0.0352834
0.03721067
0.03951921
0.04174048
0.04338457
0.04385865
0.04281343
0.04035131
0.03649467
0.03083154
0.02310546
0.01374117
0.003759556
-0.005659183
-0.0136126
-0.01948071
-0.02278836
-0.02328128
-0.02107423
-0.01708223
-0.0129278
-0.01029113
-0.01032674
-0.01302233
-0.01795564
-0.02513307
-0.03464037
-0.04586886
-0.05778682
-0.06965386
-0.08108782
-0.09140484
-0.09902495
-0.1022677
-0.100575
-0.09408164
-0.08263812
-0.06634864
-0.0467636
-0.02638341
-0.00668575
0.01257541
0.03178985
0.05025503
0.0662197
0.07726114
0.08134196
0.07771362
0.06711795
0.05099943
0.03089648
0.008851257
-0.01268849
-0.03186123
-0.04812259
-0.06147924
-0.07105712
-0.07455262
-0.06962872
-0.05611611
-0.03652998
-0.01434773
0.007635994
0.02765969
0.04493549
0.05957085
0.07229427
0.08311122
0.0904004
0.09230177
0.08889648
0.08232423
0.07438314
0.06491842
0.05339857
0.04126714
0.0313925
0.02494896
0.02036561
0.01605174
0.01265602
0.01174333
0.01343284
0.01665716
0.02069352
0.02516238
0.02897785
0.03052362
0.02919158
0.02582834
0.0213051
0.01562974
0.008445385
-0.0004114072
-0.0103976
-0.02046159
-0.02996491
-0.03878025
-0.04705318
-0.05497393
-0.06242334
-0.06884835
-0.07347025
-0.07575473
-0.07589115
-0.07465204
-0.07262759
-0.06994997
-0.06649266
-0.06185462
-0.05566215
-0.04819065
-0.04017273
-0.03184989
-0.0229043
-0.01321209
-0.003146478
0.006500255
0.01496374
0.02178801
0.02658408
0.02911371
0.02943266
0.02783863
0.02444804
0.01904444
0.0116245
0.00281465
-0.006134389
-0.01400746
-0.02013232
-0.0244181
-0.0267625
-0.02697003
-0.02508903
-0.02175735
-0.017791
-0.0135635
-0.008993679
-0.004348078
-0.0006443451
0.000828854
-0.0008442972
-0.005630379
-0.01241682
-0.01975847
-0.02703506
-0.03442797
-0.0416554
-0.04737413
-0.04959732
-0.04695788
-0.03950307
-0.02862966
-0.01657857
-0.005374251
0.004061689
0.01224319
0.02048233
0.02917407
0.03748731
0.04455163
0.05033538
0.05523535
0.0589998
0.06061823
0.05953594
0.05625779
0.05127034
0.04476661
0.03716803
0.02958334
0.02313814
0.01816891
0.01491248
0.01431714
0.01754841
0.02480753
0.03483625
0.04563459
0.05564779
0.0642982
0.07197058
0.07948062
0.08708371
0.09420089
0.09987864
0.1033626
0.1041475
0.1022925
0.09843639
0.09313295
0.08656146
0.07827121
0.06788169
0.05565765
0.04199805
0.02718397
0.01154482
-0.004472032
-0.01963073
-0.03146028
-0.03707244
-0.0354169
-0.02850039
-0.01917907
-0.008675482
0.003258881
0.01650516
0.02923543
0.03892081
0.04414401
0.04502859
0.04267967
0.0378225
0.03032224
0.0200938
0.007638664
-0.006237305
-0.02047976
-0.03381157
-0.0448914
-0.05244154
-0.05612899
-0.05702438
-0.05669612
-0.05599077
-0.05492239
-0.05350943
-0.05234689
-0.05242108
-0.05431052
-0.05757715
-0.06107349
-0.06402435
-0.06670471
-0.0695063
-0.0717646
-0.07206116
-0.06982471
-0.06588264
-0.06151412
-0.0572722
-0.05286648
-0.04849899
-0.04558356
-0.04558683
-0.04840345
-0.05213137
-0.05406021
-0.05246497
-0.04800435
-0.04303763
-0.03913324
-0.03569422
-0.03104928
-0.0244631
-0.01662225
-0.008568978
-0.0007153831
0.006988255
0.01444197
0.021197
0.02692355
0.03181175
0.03609658
0.03968758
0.04211586
0.04266936
0.04053605
0.03509387
0.02664064
0.01656295
0.006432878
-0.003059877
-0.01236026
-0.02214778
-0.03211162
-0.04092225
-0.04704984
-0.04917571
-0.04641763
-0.03888737
-0.02770071
-0.01459056
-0.001073677
0.01203633
0.02422574
0.03468233
0.04226489
0.04628323
0.04687658
0.04439569
0.03897275
0.03046491
0.01885394
0.004827191
-0.01004788
-0.02387207
-0.03564473
-0.04551209
-0.05394944
-0.06072458
-0.06506655
-0.06645342
-0.06471747
-0.05989017
-0.05233382
-0.04310642
-0.03362827
-0.02484615
-0.01704576
-0.01027948
-0.004673818
-0.0006025103
0.001602902
0.00207951
0.001336153
-0.0003719141
-0.003495261
-0.00873762
-0.01621807
-0.02494671
-0.03334926
-0.04031957
-0.04565149
-0.04942097
-0.05118619
-0.05026262
-0.04677638
-0.04157712
-0.0353315
-0.02838122
-0.02130488
-0.01494342
-0.01006317
-0.006962813
-0.005246404
-0.004513745
-0.004915206
-0.006933763
-0.01058108
-0.01526477
-0.0202229
-0.02490626
-0.02912036
-0.03270365
-0.03514907
-0.03558698
-0.03355423
-0.02937794
-0.02391794
-0.01786569
-0.01110528
-0.003162022
0.005565039
0.01387395
0.02108937
0.02741891
0.03321608
0.03822158
0.04166299
0.043128
0.04277072
0.04109053
0.03889204
0.03712051
0.03616194
0.03571624
0.03529115
0.03475822
0.03438713
0.03441074
0.03475933
0.03525974
0.03592033
0.03658652
0.03676996
0.0360975
0.03493528
0.0343065
0.03492951
0.03675722
0.03903462
0.04055325
0.04005625
0.03681721
0.03109728
0.02399945
0.01675839
0.01004458
0.003754478
-0.00251131
-0.008886698
-0.01531767
-0.02156999
-0.02712525
-0.03130965
-0.03367972
-0.03454758
-0.03478874
-0.03526924
-0.0365857
-0.03892294
-0.04173246
-0.04403652
-0.04515495
-0.04508734
-0.04418753
-0.04261425
-0.0401886
-0.03690468
-0.03331791
-0.0299213
-0.02678878
-0.02374514
-0.02052026
-0.01702985
-0.01359294
-0.01064976
-0.008430225
-0.006813797
-0.005440934
-0.004153467
-0.003131246
-0.002484047
-0.00221668
-0.002587989
-0.003959879
-0.006577955
-0.01041116
-0.01522468
-0.02076765
-0.02670194
-0.03244732
-0.03741805
-0.04121169
-0.04352282
-0.04395429
-0.04184354
-0.03674454
-0.02924466
-0.0208305
-0.01266234
-0.004901273
0.002676122
0.009950269
0.01644561
0.02173786
0.0258389
0.02869077
0.02972659
0.02860876
0.02596508
0.0230215
0.02061735
0.01914482
0.0189175
0.02014937
0.02273019
0.02612133
0.02973448
0.03314331
0.03630027
0.03944932
0.04266343
0.04564072
0.04766443
0.04767558
0.04471305
0.03849124
0.02985511
0.02031467
0.01116403
0.003046474
-0.003650991
-0.008246925
-0.009720603
-0.007640079
-0.002592218
0.004367168
0.01229267
0.02042043
0.02783294
0.03365531
0.03735578
0.03888764
0.03830778
0.03563744
0.03111387
0.02542431
0.01951715
0.01415229
0.009595287
0.006042358
0.003675908
0.002643191
0.002848652
0.003679714
0.004179133
0.003677593
0.002070911
-0.0005807463
-0.004093264
-0.00802377
-0.01162695
-0.01412151
-0.01488936
-0.01356858
-0.01021078
-0.005066322
0.001532147
0.009221194
0.01742646
0.02532246
0.03227805
0.03800122
0.04244398
0.04544215
0.04661605
0.04571151
0.04291673
0.03871229
0.03373422
0.02853363
0.02336286
0.01812276
0.01246153
0.006394167
0.0002934599
-0.005370227
-0.01034372
-0.01460179
-0.01819375
-0.02117138
-0.02370278
-0.02593442
-0.02794702
-0.02991651
-0.03177097
-0.03300455
-0.03311633
-0.03208801
-0.03039845
-0.02854525
-0.026627
-0.02451631
-0.02219686
-0.01990463
-0.0182018
-0.01741096
-0.01730833
-0.01745044
-0.01733545
-0.01639214
-0.01422979
-0.01107543
-0.007655578
-0.004499868
-0.001702798
0.0008992285
0.003341636
0.005314161
0.006436753
0.00662471
0.006389843
0.00641726
0.007066763
0.008363992
0.01001782
0.01133728
0.01160447
0.01035159
0.007325479
0.002656293
-0.003120675
-0.009093617
-0.01438491
-0.01840542
-0.02086828
-0.02151372
-0.01974606
-0.01470547
-0.005916993
0.005846965
0.01874292
0.03089553
0.04128695
0.04948826
0.05528797
0.05844425
0.05840789
0.05444874
0.04622274
0.0348354
0.0225606
0.01144711
0.002380158
-0.004922161
-0.01130266
-0.01704453
-0.02132561
-0.02317742
-0.02275806
-0.02118231
-0.01958413
-0.01811162
-0.01623071
-0.01413731
-0.01276259
-0.01242617
-0.01245637
-0.01218142
-0.0117532
-0.01170118
-0.01215883
-0.0130951
-0.01483543
-0.01776267
-0.02158255
-0.02527283
-0.0278628
-0.02903126
-0.02894798
-0.02807827
-0.02685052
-0.02521256
-0.02272962
-0.01922256
-0.01504466
-0.01041694
-0.00528721
0.0003301279
0.006091271
0.01139535
0.01565052
0.01835687
0.01934732
0.01889452
0.01738405
0.01504352
0.0117279
0.007297726
0.002200973
-0.002715592
-0.007029223
-0.01078885
-0.01390987
-0.01600306
-0.01676423
-0.01631466
-0.01489442
-0.01255202
-0.009592868
-0.006944583
-0.005459036
-0.005233953
-0.005833116
-0.007051925
-0.008822359
-0.01070976
-0.01212048
-0.01270094
-0.01231927
-0.01082539
-0.008163718
-0.004648957
-0.0008623952
0.002627127
0.005432382
0.007596322
0.009429715
0.01101658
0.0121265
0.01270926
0.01323885
0.01418902
0.01539344
0.01631999
0.0165721
0.01580582
0.013786
0.01047055
0.006355183
0.00256577
0.0004621157
0.0008323651
0.00329983
0.006820997
0.01083211
0.01560611
0.02137385
0.0275695
0.03315615
0.03752596
0.04080783
0.04288464
0.04270766
0.03896263
0.0313452
0.02094732
0.009603937
-0.00109479
-0.01049669
-0.01881703
-0.02631717
-0.03224562
-0.0350139
-0.03346778
-0.02770071
-0.01875888
-0.007877158
0.003629834
0.01456088
0.02438161
0.03310498
0.04075285
0.04675268
0.04978892
0.0490317
0.04508332
0.0393388
0.03274515
0.02543835
0.01751974
0.009804208
0.003361944
-0.001497375
-0.005177183
-0.007670929
-0.008213206
-0.006070012
-0.00146162
0.004401221
0.01013144
0.01477828
0.0176913
0.01820007
0.01596059
0.01129848
0.005150939
-0.001257655
-0.006892497
-0.01115515
-0.01381616
-0.01489988
-0.01451258
-0.01267932
-0.009598542
-0.005983857
-0.002872066
-0.0008844887
9.277563e-05
0.000489224
0.0006258726
0.0006324126
0.0004423028
-0.0001680728
-0.001360071
-0.002984416
-0.004422951
-0.004857313
-0.004098218
-0.002674188
-0.001418169
-0.0007088297
-0.0001921942
0.000540016
0.001352416
0.001738878
0.001178511
-0.0005975358
-0.003367534
-0.006410392
-0.008914229
-0.01047184
-0.01094927
-0.01020793
-0.008128939
-0.004995113
-0.001297294
0.002833134
0.007461615
0.01256492
0.01798985
0.02339121
0.02806528
0.03113171
0.03185625
0.02989962
0.02577383
0.02071141
0.01596427
0.01232388
0.009619009
0.006992693
0.003974192
0.0009614068
-0.001123454
-0.001801653
-0.001646599
-0.0015523
-0.002132435
-0.003791013
-0.006855223
-0.01140699
-0.01680974
-0.02189838
-0.02569195
-0.02772619
-0.02786233
-0.02586586
-0.02117272
-0.01352488
-0.003563547
0.007454948
0.01809339
0.02722431
0.0343191
0.03933979
0.04225988
0.04272262
0.04032725
0.03514332
0.0278713
0.01960774
0.01126115
0.003350245
-0.003639272
-0.008839499
-0.011207
-0.01017381
-0.006156359
-0.0004069227
0.005686599
0.0112281
0.01598918
0.02002086
0.0231969
0.02533254
0.02631288
0.02588725
0.0236505
0.01969737
0.0148738
0.01000506
0.005326337
0.0006827715
-0.004126289
-0.009204245
-0.01456277
-0.02000527
-0.02493363
-0.02831771
-0.02921189
-0.02756066
-0.0240002
-0.0191167
-0.01327473
-0.00681311
-0.0004285942
0.004921671
0.008590278
0.01062379
0.01168487
0.01229537
0.01239101
0.0119517
0.01128824
0.01071432
0.01030909
0.00987719
0.009189033
0.008221806
0.00727086
0.006553705
0.005941061
0.005052074
0.003662195
0.001971938
0.0004489028
-0.0004112612
-0.0005003188
-4.565181e-05
0.0004294132
0.0004523561
-1.088308e-05
-0.0006151849
-0.001029111
-0.001376328
-0.002072095
-0.00357434
-0.006374345
-0.01041195
-0.01458648
-0.01732116
-0.0176306
-0.01563164
-0.01205032
-0.007813391
-0.003803648
-0.0008092555
0.0007724748
0.001133185
0.0009932439
0.001051564
0.001536419
0.002207597
0.002669362
0.002720497
0.002570206
0.00283604
0.003924696
0.005660052
0.007853318
0.01039001
0.01298092
0.01547371
0.01779559
0.01960466
0.02014431
0.01894351
0.01626998
0.01306598
0.01015177
0.007853876
0.006444588
0.006186139
0.006983977
0.008101332
0.008718582
0.008507744
0.007824709
0.007231905
0.006851615
0.00621606
0.004801013
0.002627996
0.0003090273
-0.001244553
-0.00139734
-0.0002317135
0.00166966
0.00370301
0.005566375
0.007174273
0.008331645
0.008860507
0.008622918
0.007460171
0.005160049
0.001499534
-0.003538775
-0.009609383
-0.01619021
-0.02264998
-0.02841787
-0.03302888
-0.03623012
-0.03810542
-0.03909571
-0.03953906
-0.03908831
-0.03703395
-0.03304671
-0.02739302
-0.02073736
-0.01389198
-0.007398105
-0.001721406
0.002571523
0.005143285
0.006020109
0.005430429
0.003716447
0.001440867
-0.0008313962
-0.002981619
-0.005261258
-0.007786624
-0.01033284
-0.01272118
-0.01504658
-0.0174454
-0.01999099
-0.02261621
-0.02502172
-0.02673937
-0.0274855
-0.02709297
-0.02547557
-0.02276144
-0.01908436
-0.01464886
-0.009956649
-0.005556361
-0.001578803
0.001902807
0.004614617
0.006252223
0.006875779
0.007109373
0.007554813
0.008341127
0.009208249
0.009798878
0.01005862
0.01028893
0.01088547
0.01190947
0.01303975
0.01387589
0.01400533
0.0129051
0.01032936
0.006419546
0.001560278
-0.003803547
-0.00924153
-0.01427567
-0.0185324
-0.02180884
-0.02405972
-0.02546563
-0.02657459
-0.02803292
-0.0301832
-0.03278401
-0.03523518
-0.03699688
-0.03784695
-0.03767775
-0.03638006
-0.03394887
-0.03040633
-0.02587936
-0.02078087
-0.01554543
-0.01047103
-0.005860635
-0.001834789
0.001469525
0.003637681
0.004366111
0.003769916
0.002103955
-0.0003492603
-0.003067723
-0.00550121
-0.007331596
-0.008376772
-0.008664233
-0.008602717
-0.008721596
-0.009362676
-0.01068631
-0.01282589
-0.01586218
-0.01987444
-0.0248666
-0.03029976
-0.03516666
-0.03849384
-0.03988735
-0.03929307
-0.03653541
-0.03157494
-0.02497632
-0.01771446
-0.01062388
-0.004287697
0.001228665
0.006060818
0.01017933
0.01336695
0.01534442
0.0159822
0.01558626
0.01466138
0.01348811
0.01182731
0.009475855
0.006815267
0.004506508
0.002955685
0.002203268
0.00208408
0.002512395
0.003561304
0.00526226
0.007458625
0.009957139
0.01273303
0.01583962
0.01894791
0.02112523
0.02169011
0.02076311
0.01901962
0.01710384
0.01531273
0.01370433
0.01231913
0.01167631
0.01223903
0.01382808
0.01584122
0.01790032
0.02008246
0.02278288
0.02631487
0.03037142
0.03388575
0.03557244
0.03491506
0.03253667
0.02940361
0.02590113
0.02198816
0.01779671
0.01404795
0.01176626
0.01147756
0.01301725
0.01568154
0.01850708
0.02082604
0.02270171
0.02430086
0.02520123
0.02476997
0.02289863
0.02005574
0.01680281
0.01363147
0.01074792
0.007960032
0.004881954
0.001292291
-0.002541649
-0.005992251
-0.008490252
-0.009844233
-0.01026914
-0.00995263
-0.009036095
-0.007936103
-0.007123573
-0.006753155
-0.006614661
-0.006286123
-0.005477345
-0.004383277
-0.003521746
-0.00344196
-0.004209904
-0.005410191
-0.006413689
-0.006616705
-0.005583464
-0.003125634
0.0006567832
0.005225256
0.009830384
0.0138821
0.01727754
0.02017313
0.02235159
0.02346569
0.02359187
0.02291151
0.02128754
0.01850372
0.01480835
0.01089945
0.007519613
0.005137745
0.003815531
0.00350188
0.003915491
0.004464268
0.004570519
0.003989845
0.002797914
0.001042333
-0.00123052
-0.003669138
-0.005871698
-0.007615912
-0.008804723
-0.009264765
-0.008967101
-0.008146066
-0.007163688
-0.006555603
-0.007013253
-0.008855567
-0.01206394
-0.01632521
-0.02105629
-0.02565657
-0.02982606
-0.03340433
-0.03620564
-0.03811606
-0.03926074
-0.03983873
-0.03991572
-0.0392895
-0.03773593
-0.03515922
-0.03180695
-0.02811207
-0.02439786
-0.02077845
-0.01706782
-0.01296354
-0.008621125
-0.004745343
-0.001971401
-0.0004311444
0.0001069449
-0.0002512519
-0.001519948
-0.003729486
-0.006767408
-0.01008957
-0.01304195
-0.01501102
-0.01548105
-0.0140671
-0.01057874
-0.005230904
0.001084895
0.007218194
0.01250963
0.01693008
0.02060433
0.02322242
0.02415305
0.02312644
0.02049297
0.01710769
0.01376567
0.01080809
0.00859218
0.00764261
0.008098514
0.00926701
0.0102279
0.01049024
0.01003649
0.009105263
0.007856074
0.0063435
0.004611733
0.002679131
0.0006793651
-0.001355575
-0.003652862
-0.006122214
-0.008228659
-0.009576699
-0.009963798
-0.009522201
-0.008700861
-0.007699184
-0.006281643
-0.004301588
-0.001944425
0.0003400027
0.00205308
0.003319488
0.004877116
0.007438063
0.01136411
0.01621979
0.0209751
0.0246373
0.02664102
0.02698646
0.02589961
0.02354001
0.02000144
0.01546036
0.01020122
0.004825562
0.0002146556
-0.003040243
-0.004579422
-0.003996601
-0.001467057
0.001728006
0.003900302
0.003671836
0.0006512265
-0.004157137
-0.009142117
-0.01321655
-0.0164706
-0.01975122
-0.02340302
-0.02662176
-0.02821018
-0.02766859
-0.02558376
-0.02291747
-0.02035065
-0.01826125
-0.01690216
-0.01652213
-0.01691861
-0.0172737
-0.01684736
-0.01547308
-0.01357278
-0.01175725
-0.01023686
-0.008763386
-0.006891495
-0.004425486
-0.001801341
0.0003541364
0.001787668
0.002861669
0.004200605
0.006061375
0.008052518
0.0094736
0.00964536
0.008220774
0.005136877
0.0007490755
-0.00422378
-0.00898699
-0.01298015
-0.01606661
-0.01833114
-0.01992916
-0.02076682
-0.02037334
-0.01806798
-0.01352136
-0.007251658
-0.0005207187
0.005459678
0.01015434
0.01341219
0.01507491
0.0149297
0.01291042
0.00933019
0.004486751
-0.001179746
-0.006888384
-0.01185653
-0.01548213
-0.01745555
-0.01790613
-0.01727975
-0.01590207
-0.01366763
-0.01039353
-0.005988686
-0.0008024633
0.004323035
0.008292912
0.01020608
0.01008407
0.008801416
0.007138374
0.005524943
0.004162265
0.002891633
0.001536906
-5.536191e-05
-0.002067344
-0.004566868
-0.007340859
-0.009865784
-0.01156571
-0.01223491
-0.01195179
-0.01062005
-0.008027437
-0.004270095
5.839934e-05
0.004256942
0.007908727
0.01070147
0.01202343
0.0112648
0.008569692
0.004915746
0.001204395
-0.00241523
-0.006319051
-0.01083427
-0.01584302
-0.02095455
-0.02559857
-0.02891466
-0.03014283
-0.02916315
-0.02634481
-0.02245375
-0.01846485
-0.01502727
-0.0121796
-0.009602328
-0.006832793
-0.003534554
0.0005102
0.005231314
0.009888264
0.01367138
0.01640312
0.01851429
0.02033668
0.02162019
0.02210435
0.02186882
0.02117168
0.02016441
0.01881534
0.01704479
0.01508288
0.01353189
0.01287837
0.01337655
0.01498164
0.01718071
0.01909851
0.01985743
0.01883314
0.01593337
0.01141482
0.005688657
-0.0007292579
-0.007185347
-0.01278804
-0.01643775
-0.0171534
-0.01465312
-0.009394478
-0.002251269
0.005744139
0.01357071
0.02035936
0.02553158
0.02878128
0.02971144
0.02784271
0.02318196
0.01650148
0.009008012
0.001671991
-0.004925503
-0.01025924
-0.01394083
-0.01601304
-0.01695197
-0.01716981
-0.0167027
-0.01536023
-0.01320766
-0.01066607
-0.008173349
-0.006048883
-0.004491515
-0.00359836
-0.003324281
-0.00326118
-0.002742403
-0.001406925
0.0006195891
0.002980827
0.005400494
0.0077973
0.01013796
0.01236077
0.0142526
0.01553242
0.01616615
0.01637554
0.0165353
0.01698229
0.01787615
0.01914011
0.02054083
0.02186143
0.0231018
0.02420875
0.0248204
0.02444886
0.02277876
0.01997555
0.01649527
0.01272569
0.008950328
0.005415558
0.002237056
-0.0004809406
-0.00244629
-0.00314406
-0.002345582
-0.0003816919
0.001907321
0.003649316
0.004347552
0.003925277
0.002421831
-0.0001559609
-0.003684957
-0.007844943
-0.01209608
-0.01585652
-0.01857069
-0.01974327
-0.01900352
-0.01623318
-0.01159541
-0.005694991
0.0003966544
0.005653879
0.009870414
0.01350326
0.01674525
0.01921606
0.02030168
0.01953891
0.01709907
0.01373961
0.01032172
0.007375027
0.00497509
0.002912984
0.0009698248
-0.000769629
-0.002062268
-0.002903762
-0.00350656
-0.00399974
-0.004360891
-0.004242777
-0.003127698
-0.001201313
0.0007662928
0.002031593
0.00230444
0.002053595
0.001622027
0.0007227541
-0.0009432651
-0.003161306
-0.005246884
-0.006483341
-0.006749975
-0.006361585
-0.005753638
-0.005473384
-0.005894947
-0.006998442
-0.008445345
-0.01004599
-0.01179422
-0.01339006
-0.01434271
-0.01449057
-0.01401284
-0.01312378
-0.01191744
-0.01024466
-0.00785912
-0.004808149
-0.001521499
0.001585743
0.00438996
0.006751026
0.008566343
0.009885736
0.01070173
0.01082585
0.0100122
0.008173487
0.005435314
0.002296553
-0.000636542
-0.002761012
-0.003780813
-0.004065444
-0.004187767
-0.004328329
-0.004332463
-0.003977966
-0.003159124
-0.002015032
-0.00096777
-0.0005091538
-0.0008993211
-0.002061686
-0.003791501
-0.005810334
-0.007623007
-0.008652797
-0.008654805
-0.007849627
-0.006516561
-0.004617221
-0.002094688
0.0008197993
0.003749307
0.006423181
0.008818585
0.01084095
0.01220941
0.01282282
0.01288581
0.01269477
0.01238819
0.0119266
0.01126279
0.01055556
0.01024281
0.01059368
0.01139535
0.01236192
0.01336648
0.01425971
0.0148643
0.01500786
0.01444714
0.01302868
0.01073818
0.007578198
0.003682164
-0.0005623209
-0.004699971
-0.008627182
-0.01233014
-0.01536736
-0.01690776
-0.0161917
-0.01290677
-0.007359086
-0.0004124245
0.006905233
0.01360874
0.01897356
0.02276757
0.02517928
0.02638981
0.02626798
0.02449825
0.02072395
0.01495442
0.007943868
0.0008050674
-0.005649194
-0.01107821
-0.01510574
-0.01702196
-0.01644776
-0.01355507
-0.009007108
-0.003578493
0.002041574
0.007000116
0.0104601
0.01218972
0.01251928
0.0116509
0.009554885
0.006447952
0.002955289
-0.0003230477
-0.003208192
-0.006088266
-0.009460912
-0.01350554
-0.01785935
-0.02176025
-0.02449959
-0.02573346
-0.0256254
-0.02457727
-0.02304833
-0.02136362
-0.01953557
-0.01760281
-0.01581476
-0.01435226
-0.01344431
-0.01318473
-0.01329213
-0.01325651
-0.01257066
-0.0108154
-0.007744778
-0.003408856
0.001758768
0.007127668
0.01221737
0.01675332
0.02046323
0.02314369
0.0249227
0.02600054
0.02633395
0.02574547
0.02406846
0.02115082
0.01714212
0.01261028
0.008562312
0.006067221
0.005589804
0.006941858
0.009850093
0.01415607
0.0195346
0.02537981
0.03095365
0.03557654
0.03866321
0.03970363
0.03834004
0.03456359
0.02863445
0.02099408
0.01242338
0.00388499
-0.004045362
-0.01109887
-0.0172564
-0.02234237
-0.02570864
-0.02675884
-0.0254327
-0.02194731
-0.01670471
-0.01063659
-0.004963246
-0.0003757829
0.003252467
0.006195478
0.008064297
0.00801705
0.005717407
0.001673054
-0.003051752
-0.007353648
-0.01025338
-0.01095425
-0.009260421
-0.005775308
-0.001526943
0.0024102
0.005339663
0.007076987
0.007587671
0.00684304
0.004767737
0.001227227
-0.003551636
-0.009045102
-0.01482233
-0.02058597
-0.02570987
-0.02931148
-0.03071345
-0.02944389
-0.02546426
-0.01962552
-0.01314405
-0.007070617
-0.001988017
0.001873776
0.004281073
0.004793977
0.003319116
0.0004451613
-0.003220172
-0.007269892
-0.0114301
-0.0153252
-0.01840432
-0.02023258
-0.02064603
-0.01951134
-0.01674512
-0.01254167
-0.007328162
-0.001562663
0.004432427
0.01007237
0.01454288
0.01740099
0.01861508
0.01827408
0.01635122
0.01255257
0.006435143
-0.001813905
-0.0110353
-0.01974115
-0.02677178
-0.03148513
-0.03365351
-0.03321746
-0.03029847
-0.02503016
-0.01757294
-0.008524953
0.0009512156
0.00973233
0.01752473
0.02456706
0.03042446
0.03354035
0.03243121
0.02707257
0.01856146
0.00818865
-0.002733355
-0.012758
-0.02073447
-0.02620626
-0.02921701
-0.02968459
-0.02728748
-0.02200657
-0.01429871
-0.005025725
0.00446348
0.01255158
0.0182677
0.02167723
0.02283563
0.02113898
0.01618939
0.008472621
-0.0007061059
-0.009409329
-0.0158512
-0.01897114
-0.0184079
-0.01424708
-0.007123299
0.001761863
0.01089305
0.01907362
0.02584234
0.03129448
0.03578348
0.03954229
0.04258326
0.04442666
0.04415062
0.0412529
0.03627126
0.03031143
0.02436914
0.01924229
0.01507382
0.01122566
0.006976257
0.002341554
-0.001880522
-0.004951028
-0.006620007
-0.006732919
-0.004833583
-0.000541661
0.005803507
0.01314576
0.01992961
0.02471422
0.02696223
0.02707921
0.02571815
0.02314015
0.01932864
0.01433494
0.008582009
0.003002193
-0.001103376
-0.003087128
-0.003401365
-0.002674953
-0.001067848
0.001315601
0.003996372
0.006381854
0.008040477
0.008703834
0.008441974
0.00759196
0.006403396
0.004880983
0.002937106
0.0009114168
-0.0006012345
-0.001290131
-0.001304995
-0.0009301027
-0.0002597279
0.0005949072
0.001283122
0.001417797
0.0006567594
-0.0009544574
-0.003035396
-0.005233897
-0.00715164
-0.008378045
-0.009000883
-0.009203717
-0.008907855
-0.007779121
-0.005793586
-0.003508553
-0.001572774
-0.0003444206
0.0002950719
0.0006685549
0.001125374
0.002048878
0.003735913
0.006141709
0.008930324
0.01159671
0.01380979
0.01540819
0.01624542
0.01616661
0.01490403
0.01215243
0.007801734
0.001970554
-0.005363291
-0.01435187
-0.02507375
-0.03710701
-0.04911414
-0.0590398
-0.06517786
-0.06689563
-0.06439315
-0.05784065
-0.04709014
-0.03274115
-0.01685631
-0.0015954
0.01216736
0.02425842
0.03385585
0.03935899
0.03965591
0.03491863
0.02599236
0.01390379
1.872437e-05
-0.01382309
-0.02589806
-0.03554694
-0.04312684
-0.04893315
-0.05222866
-0.05190071
-0.04750839
-0.03950705
-0.02899633
-0.01752254
-0.006935283
0.001020156
0.00538753
0.006322528
0.00428909
-0.000490274
-0.007579392
-0.01595238
-0.02415486
-0.03096444
-0.03593275
-0.03915123
-0.04060313
-0.03991266
-0.03703334
-0.03243846
-0.02669106
-0.02036652
-0.0141069
-0.008258466
-0.002800924
0.002247501
0.006325554
0.008325138
0.007094286
0.00214913
-0.005764334
-0.01499799
-0.02384294
-0.031287
-0.03708261
-0.04128253
-0.04350411
-0.04291556
-0.03899203
-0.03226998
-0.02451018
-0.01747424
-0.01195379
-0.008080822
-0.006129347
-0.006521965
-0.009132494
-0.01333453
-0.01827382
-0.0228299
-0.02583599
-0.02658224
-0.02507872
-0.02176112
-0.01687246
-0.01062093
-0.003723798
0.002891284
0.008712136
0.01359311
0.01745392
0.01997203
0.02053346
0.01871193
0.01486023
0.009926202
0.004817995
0.0002849015
-0.002889949
-0.003837817
-0.002013245
0.002280903
0.008000941
0.01397246
0.01931208
0.02365556
0.02705196
0.0295328
0.03091509
0.03061924
0.02797177
0.02313631
0.017414
0.01236896
0.008882265
0.007028404
0.006396772
0.00646497
0.007039008
0.008435968
0.0111081
0.01487681
0.01878159
0.02171146
0.02308692
0.02296795
0.02169582
0.01957609
0.01667768
0.01308256
0.008966986
0.004267811
-0.00120883
-0.007257984
-0.01303688
-0.01758545
-0.02023537
-0.02053462
-0.01833623
-0.01372766
-0.007092599
0.000713461
0.008531557
0.01526533
0.02009779
0.02255606
0.02248238
0.0198821
0.01510883
0.008919957
0.002412779
-0.00299952
-0.006284981
-0.007436637
-0.007114147
-0.006098258
-0.004897805
-0.00373513
-0.002662149
-0.001653397
-0.000764385
-0.0001554657
0.0002507345
0.0005500035
0.0008411955
0.001437902
0.002745923
0.005139913
0.008535724
0.01257992
0.01691304
0.02128826
0.02551804
0.02918503
0.03178615
0.0328291
0.03195666
0.02907535
0.02429938
0.01786898
0.01024176
0.002100301
-0.005569537
-0.01186936
-0.01622429
-0.01834992
-0.01819742
-0.01579689
-0.01142002
-0.005668847
0.0006228364
0.00647786
0.01117524
0.01414324
0.01511273
0.01408822
0.01123667
0.007053658
0.002046433
-0.003304553
-0.008238402
-0.01195354
-0.01380683
-0.01362956
-0.01174821
-0.00864001
-0.004714066
-0.0002684489
0.00449333
0.009130846
0.01311308
0.01616576
0.01829191
0.01959172
0.02005506
0.01954479
0.01801134
0.01570388
0.01316759
0.01080241
0.008675514
0.006739118
0.005037043
0.003600133
0.002523621
0.002076569
0.002633795
0.004332011
0.006990641
0.01034168
0.01401103
0.01766004
0.02088475
0.02304724
0.02349847
0.02191869
0.0187245
0.01483809
0.01116548
0.008289361
0.006354113
0.005015406
0.00391913
0.003006741
0.002417911
0.002081236
0.001655942
0.0008548891
-0.0003042816
-0.001795138
-0.003776337
-0.006303041
-0.009000544
-0.01116183
-0.01251591
-0.01330671
-0.01374732
-0.01390241
-0.01380163
-0.01342989
-0.01265852
-0.01160266
-0.01066539
-0.01000251
-0.009652397
-0.009888674
-0.01079002
-0.01205109
-0.01328292
-0.01442322
-0.01551625
-0.01639276
-0.01671429
-0.01629514
-0.0153896
-0.01434405
-0.01317064
-0.01187268
-0.01070775
-0.009836476
-0.009078409
-0.008115734
-0.006924405
-0.005877513
-0.005095907
-0.00443513
-0.003811501
-0.003057482
-0.001902337
-0.0002042986
0.001925101
0.004220645
0.006373091
0.00811205
0.009352629
0.010125
0.01036503
0.009857529
0.008721409
0.007296668
0.00577239
0.004362404
0.003252872
0.00270309
0.002921016
0.003739728
0.004864537
0.006290706
0.008161347
0.01042104
0.01283394
0.01521563
0.01743373
0.01915536
0.01996563
0.01969978
0.01847849
0.01638892
0.01346235
0.00958891
0.004819442
-0.0004623896
-0.005710523
-0.01013399
-0.01306719
-0.01402763
-0.01257891
-0.008656218
-0.002676371
0.0046044
0.01214116
0.01885078
0.02387291
0.02681787
0.02775514
0.02680844
0.02412653
0.01997374
0.01462838
0.008447703
0.001980113
-0.003893934
-0.008500978
-0.01151759
-0.01267125
-0.01188736
-0.009403755
-0.00571676
-0.001389295
0.002870387
0.00627751
0.008139286
0.00821507
0.006896439
0.004705938
0.001732553
-0.002201239
-0.006836652
-0.01148794
-0.01572179
-0.01948451
-0.02296445
-0.02626785
-0.02932776
-0.03179583
-0.03332381
-0.03371519
-0.03297729
-0.03110011
-0.02781676
-0.02278747
-0.01620591
-0.009108899
-0.002531726
0.003189087
0.008070494
0.01203512
0.01469895
0.01562599
0.01454375
0.01152992
0.007185403
0.002418955
-0.001840018
-0.004872703
-0.006322227
-0.006266137
-0.005225613
-0.003714105
-0.001989122
-0.0001904013
0.001610417
0.003356411
0.004977023
0.00633676
0.007345283
0.008062252
0.008637977
0.009064876
0.009171891
0.008713925
0.007546819
0.005862994
0.004010893
0.002440692
0.001454955
0.00102617
0.001061137
0.001575621
0.002390878
0.003224932
0.004013715
0.004795583
0.005498644
0.005924718
0.005968338
0.005869879
0.005937376
0.006257799
0.00684788
0.007705141
0.008772974
0.01005725
0.01152864
0.01301438
0.01433776
0.01549701
0.01648133
0.01712747
0.01715663
0.01626493
0.01461095
0.01280978
0.01148745
0.01104231
0.01140664
0.01233594
0.01377836
0.01560726
0.01741365
0.01869091
0.01911734
0.01866975
0.01766043
0.01645549
0.01518127
0.01378376
0.0125098
0.01175341
0.01164745
0.01202697
0.01267098
0.01346971
0.01431171
0.01516137
0.0159497
0.01672337
0.01763493
0.01862512
0.01946644
0.02006066
0.02042146
0.02054727
0.02032949
0.01954121
0.01804235
0.01608139
0.01407508
0.01228657
0.01084894
0.009603656
0.008331655
0.007152887
0.006408631
0.006319019
0.006872452
0.007841952
0.009043676
0.01025077
0.01126536
0.01199109
0.01249965
0.01292356
0.01316808
0.01289302
0.01184717
0.01014397
0.008123595
0.006134027
0.004304995
0.002655352
0.001222947
-2.697449e-05
-0.001270948
-0.002552525
-0.003643128
-0.004288881
-0.004362657
-0.003961484
-0.003381366
-0.002870472
-0.002416825
-0.001936303
-0.00124654
-0.0003955873
0.0002833948
0.0004624305
4.506916e-05
-0.0007597016
-0.001554014
-0.001898317
-0.001517363
-0.0004088585
0.001222357
0.003033438
0.004756153
0.006075778
0.006489131
0.005562495
0.003171544
-0.0004646203
-0.004817565
-0.009298081
-0.01333376
-0.01657209
-0.01902784
-0.02073144
-0.0212254
-0.02000065
-0.01704097
-0.01289914
-0.008224029
-0.003606874
0.0004067477
0.003483043
0.005277021
0.005330792
0.00344894
-2.430452e-05
-0.004446247
-0.009107959
-0.01318315
-0.01612901
-0.01773034
-0.01807549
-0.01750435
-0.01644578
-0.01524104
-0.01424526
-0.01384309
-0.01419048
-0.0153501
-0.0173077
-0.01990468
-0.02292732
-0.02619746
-0.02947126
-0.03234711
-0.03435575
-0.03527014
-0.03522954
-0.03464759
-0.03388572
-0.03314519
-0.03237114
-0.03147445
-0.0304274
-0.02918987
-0.02778604
-0.0263723
-0.02502173
-0.02353546
-0.02168027
-0.01935188
-0.0165823
-0.01355761
-0.01071714
-0.008510515
-0.007126068
-0.006271721
-0.005563208
-0.004849329
-0.004272005
-0.004005852
-0.004078955
-0.004485932
-0.00503349
-0.005367148
-0.005253456
-0.004705229
-0.003814105
-0.002768484
-0.001810879
-0.001111086
-0.0006979196
-0.0005222698
-0.0004567817
-0.000317423
-3.017451e-05
0.0002607805
0.0003699972
0.0002541155
4.965138e-05
0.0001270993
0.0008751255
0.002401018
0.004373909
0.006470779
0.008575863
0.01049785
0.01217991
0.01363176
0.01483434
0.01568923
0.0159884
0.01559147
0.01443082
0.01256272
0.01017856
0.00754668
0.005090947
0.003284972
0.002166771
0.001549468
0.001474234
0.002010415
0.003127383
0.004665779
0.006472642
0.008374573
0.01010026
0.01146299
0.01236053
0.01266449
0.01229664
0.01135176
0.01006049
0.008685301
0.0074656
0.006415051
0.005520054
0.004863977
0.004515033
0.004613068
0.005154806
0.005957302
0.006855167
0.007799716
0.008773844
0.009581556
0.009959009
0.009820546
0.009237162
0.008407699
0.007515337
0.006797763
0.006419019
0.006495721
0.007047047
0.007903564
0.008905013
0.009826067
0.01050406
0.01086678
0.01093768
0.01078566
0.01057669
0.01048926
0.01053094
0.01047195
0.01011602
0.009638907
0.009424872
0.009599836
0.0101811
0.01111546
0.01230032
0.01344728
0.01424947
0.01461289
0.01450812
0.01366709
0.01174268
0.008949118
0.005807489
0.002864583
0.0006023401
-0.0007006298
-0.0009976304
-0.0005043909
0.0005939707
0.002036016
0.003337119
0.003990306
0.003741795
0.002742324
0.001318344
-0.0003754099
-0.002241943
-0.004028352
-0.005450533
-0.006180295
-0.005994148
-0.004862969
-0.002987887
-0.0009306607
0.0007448231
0.001803222
0.002377737
0.00262471
0.002490824
0.0019136
0.0009431467
-0.0001863507
-0.001177742
-0.001816395
-0.001995116
-0.001873595
-0.001612599
-0.001130712
-0.0002590495
0.000980591
0.002326902
0.003523391
0.00452019
0.005566872
0.006825252
0.008146138
0.009142507
0.009565507
0.009424553
0.008744122
0.007689938
0.006459136
0.005274879
0.004292886
0.003584645
0.003131648
0.002802667
0.002472528
0.002184796
0.002164023
0.002500833
0.00325581
0.004383319
0.005723866
0.007149573
0.008637454
0.0100698
0.01133175
0.01246215
0.01338857
0.01388693
0.01383788
0.01313251
0.01179672
0.01000157
0.008146048
0.00659129
0.005173383
0.003473641
0.0012836
-0.001188934
-0.003609601
-0.005665174
-0.007135722
-0.008075207
-0.008604472
-0.008740387
-0.008434099
-0.00784163
-0.007236634
-0.006719129
-0.006327018
-0.005982872
-0.005654987
-0.005493304
-0.005504006
-0.005397072
-0.004938632
-0.00415183
-0.00323467
-0.002414967
-0.001708142
-0.001042628
-0.0004600023
8.65297e-06
0.0002716457
0.0002047994
-0.000132719
-0.000676182
-0.001400414
-0.002385102
-0.003717151
-0.005338295
-0.006894625
-0.007882537
-0.008010451
-0.007266214
-0.005471488
-0.002667872
0.0006703633
0.004118778
0.007335554
0.01005851
0.01210017
0.01327848
0.01350983
0.01285812
0.01149098
0.009636529
0.007593234
0.005738945
0.004400761
0.003538479
0.003037278
0.002682312
0.002218342
0.00161122
0.0008672875
-0.0001106379
-0.001311995
-0.002807301
-0.004658684
-0.006677358
-0.008544554
-0.009962917
-0.01076914
-0.01111358
-0.01129134
-0.01149037
-0.01182157
-0.012353
-0.01319009
-0.01427558
-0.01545394
-0.01660225
-0.0177162
-0.01885262
-0.020077
-0.02135231
-0.02241621
-0.02279034
-0.02223165
-0.02068061
-0.01823623
-0.0151784
-0.0120633
-0.00958708
-0.008054585
-0.007423866
-0.007556642
-0.008304516
-0.009290487
-0.01019559
-0.01084023
-0.01089692
-0.009976983
-0.007969176
-0.005160943
-0.001974516
0.001378303
0.004811547
0.00794836
0.01037108
0.01183823
0.01225782
0.01172614
0.01041614
0.008558579
0.006377498
0.004076982
0.001800372
-0.0002832928
-0.001879925
-0.002818794
-0.002937394
-0.002094281
-0.0005461745
0.0011612
0.002698208
0.004024707
0.00508597
0.005858509
0.006313264
0.006371376
0.005978149
0.004977825
0.003420751
0.00176072
0.0006233643
0.0003358269
0.0008144061
0.001785628
0.003084784
0.004739364
0.006753767
0.009000023
0.0112089
0.01290107
0.01374405
0.01358474
0.01237309
0.01035119
0.007830262
0.005012044
0.002061215
-0.0008833068
-0.003806257
-0.006640599
-0.009155425
-0.01120434
-0.01267803
-0.01344798
-0.0134323
-0.01264342
-0.01117193
-0.009241414
-0.0071052
-0.005021607
-0.00317987
-0.001678791
-0.0008003975
-0.0008583471
-0.001855748
-0.003457011
-0.005150502
-0.006608182
-0.007612267
-0.008033567
-0.007794671
-0.006870287
-0.005407954
-0.003819724
-0.002667519
-0.002372972
-0.00299558
-0.004336567
-0.006195715
-0.008341631
-0.01052482
-0.01251055
-0.01407816
-0.01501507
-0.015281
-0.01499093
-0.01411745
-0.01266563
-0.01094986
-0.009392012
-0.008241106
-0.00767276
-0.00769572
-0.008155841
-0.008774027
-0.009162171
-0.009175804
-0.008852331
-0.008208199
-0.007114473
-0.005469798
-0.003347146
-0.0008994217
0.001765513
0.004492798
0.007013063
0.009103823
0.01052139
0.01106586
0.01065621
0.009352144
0.007389816
0.005248931
0.003460648
0.00230575
0.001856678
0.002004913
0.002667184
0.003872924
0.005434975
0.006892169
0.007773634
0.007896154
0.007491485
0.006814889
0.006049249
0.005292785
0.004636788
0.004226998
0.004267125
0.004758297
0.005410782
0.006064817
0.006930836
0.008314673
0.009969014
0.01137315
0.01221221
0.01229318
0.01170087
0.01088841
0.01035403
0.01017476
0.01018888
0.01023545
0.01027867
0.0103152
0.0104116
0.01075561
0.01144717
0.01233393
0.01304492
0.01321922
0.01273281
0.01177091
0.01064142
0.0097813
0.009339367
0.009239024
0.00948728
0.01010218
0.01092966
0.01168028
0.01217615
0.01239395
0.01238351
0.01218366
0.01176019
0.01108812
0.01000215
0.008325114
0.006245805
0.004247237
0.002751759
0.00191121
0.001736451
0.002205397
0.00327069
0.004823441
0.006621107
0.00832673
0.009532668
0.009895864
0.009326407
0.007932755
0.005891866
0.003529648
0.001285101
-0.0004918328
-0.001765842
-0.002588019
-0.002956036
-0.002953664
-0.002703615
-0.002282794
-0.001966884
-0.002169665
-0.003073166
-0.004590583
-0.006446876
-0.00824609
-0.009791644
-0.01113195
-0.01220256
-0.01283662
-0.01294287
-0.01261617
-0.01198747
-0.01119565
-0.01041768
-0.009851809
-0.009762448
-0.01013271
-0.01074122
-0.01147703
-0.01216369
-0.01245509
-0.01205876
-0.01089557
-0.009225536
-0.007465371
-0.005878712
-0.004569427
-0.003628996
-0.003311257
-0.003788206
-0.005036576
-0.006818605
-0.008837801
-0.01084592
-0.01262785
-0.01399429
-0.01477913
-0.01483218
-0.01390791
-0.01192966
-0.009249094
-0.006332888
-0.003563697
-0.001190052
0.0007294751
0.002266207
0.003323592
0.003735952
0.003606915
0.003273933
0.002936649
0.002875405
0.00324396
0.003999005
0.00500954
0.006108609
0.007193886
0.008110044
0.008548084
0.008299139
0.007292074
0.0054912
0.003053666
0.0002976554
-0.002213354
-0.003894771
-0.004622062
-0.004689613
-0.004387561
-0.003708832
-0.002501026
-0.0008981237
0.0006505931
0.001847079
0.00251897
0.002461796
0.001469612
-0.0004662615
-0.00298008
-0.005467122
-0.007386459
-0.008507196
-0.008909107
-0.008866318
-0.008574477
-0.008184725
-0.007940576
-0.007849442
-0.007823931
-0.007735014
-0.007356908
-0.006623771
-0.005753998
-0.004941481
-0.004024905
-0.002818219
-0.00151271
-0.0003707738
0.0005981557
0.00154369
0.002472177
0.003342681
0.004183616
0.004791232
0.004816244
0.004146261
0.002915957
0.001502038
0.0002362867
-0.0008193092
-0.001482038
-0.001654017
-0.001512473
-0.001223753
-0.000796835
-0.0002692312
0.0001123709
0.0001344376
-0.0002233374
-0.0007946302
-0.001555475
-0.002379811
-0.002872847
-0.002716053
-0.001752586
3.21507e-05
0.002418036
0.004749862
0.006471216
0.007419497
0.007608001
0.007153733
0.006098277
0.004495937
0.002554018
0.0005735135
-0.001079701
-0.002129653
-0.002438743
-0.001907709
-0.0005258713
0.001531939
0.003951524
0.006240826
0.008070115
0.0094179
0.01039501
0.01105014
0.01137892
0.01145409
0.01142593
0.01138898
0.01121773
0.01088997
0.01045356
0.009786366
0.00888653
0.007819685
0.006576377
0.005248713
0.004051105
0.003112596
0.002494853
0.002116414
0.001977078
0.002144381
0.00254211
0.003191482
0.004085038
0.005093476
0.006064192
0.006862762
0.007518987
0.008151201
0.008578026
0.008433657
0.007376411
0.005356731
0.002672673
-0.0002885851
-0.003146708
-0.005682038
-0.007855078
-0.009633445
-0.0109832
-0.01192064
-0.01253916
-0.01292481
-0.01295941
-0.01258919
-0.01206267
-0.01172915
-0.01184462
-0.01250164
-0.0136033
-0.01475176
-0.01551257
-0.01556905
-0.01494995
-0.01390182
-0.0126738
-0.01148493
-0.01047016
-0.009642347
-0.009030012
-0.008752775
-0.009043373
-0.01013395
-0.01191208
-0.01396242
-0.01585948
-0.01730827
-0.0183525
-0.01913452
-0.0197997
-0.02040084
-0.02072784
-0.02046506
-0.01939236
-0.01772305
-0.01590298
-0.01416045
-0.01248823
-0.01080385
-0.009091832
-0.007366867
-0.005654446
-0.004053826
-0.002644192
-0.001408541
-0.0004020638
0.0002833195
0.000662002
0.000868259
0.000940075
0.0007500173
2.080275e-07
-0.001290638
-0.002822813
-0.00437794
-0.005741948
-0.006628003
-0.0067788
-0.00619197
-0.00515788
-0.004031194
-0.002927089
-0.001742237
-0.0003033057
0.001278876
0.002785204
0.003987853
0.004830671
0.005380839
0.005698346
0.005831978
0.005902033
0.006124468
0.006540265
0.007096984
0.007793647
0.008466993
0.009040441
0.009594848
0.01016672
0.01083332
0.01150054
0.01194499
0.01208558
0.0119015
0.01143994
0.01079671
0.01003174
0.009224926
0.008466468
0.007865294
0.007421428
0.006870494
0.005961528
0.00465604
0.003142073
0.001527979
-0.0002648788
-0.002172244
-0.003871882
-0.00515136
-0.006033994
-0.006521489
-0.006609198
-0.006455832
-0.006256216
-0.00590212
-0.005194707
-0.004080513
-0.002604981
-0.0008724877
0.001007204
0.002927507
0.00466063
0.005965575
0.006778905
0.007246188
0.007385604
0.006918806
0.005729225
0.004098379
0.002300401
0.0005140083
-0.00104334
-0.002168649
-0.002705476
-0.002539222
-0.001526789
0.0003731467
0.003008583
0.006042111
0.009071682
0.0118596
0.01428498
0.01618997
0.01761742
0.01855715
0.01872421
0.0179457
0.01645469
0.0146184
0.01255203
0.01034223
0.008299028
0.006494199
0.004873985
0.003517879
0.002465994
0.001711267
0.001147518
0.000663231
0.0001833844
-0.0003682561
-0.0009657231
-0.001698229
-0.002565333
-0.003310463
-0.003842392
-0.004300384
-0.004931509
-0.005869033
-0.006953112
-0.008020399
-0.008895562
-0.009311313
-0.009161036
-0.008575714
-0.007631858
-0.006310175
-0.004745549
-0.003078585
-0.00133674
0.000436128
0.00197616
0.003017478
0.003279699
0.002571713
0.001081696
-0.00072144
-0.002507143
-0.004296884
-0.006038949
-0.007570093
-0.008650546
-0.009002981
-0.008425711
-0.006930752
-0.004871514
-0.002630867
-0.000498796
0.001227668
0.002301886
0.002778962
0.002798928
0.002348885
0.001237832
-0.0005067474
-0.002517322
-0.004359896
-0.005831113
-0.006822397
-0.007208059
-0.00693752
-0.006366711
-0.005903403
-0.005571581
-0.005365347
-0.005282036
-0.005231764
-0.005195517
-0.005383391
-0.00588328
-0.006634153
-0.007443687
-0.008113216
-0.008511661
-0.008548397
-0.008261997
-0.007907696
-0.007560444
-0.007061337
-0.00640175
-0.005634115
-0.004885548
-0.004271261
-0.003690776
-0.003090698
-0.002469215
-0.001852543
-0.00127788
-0.0008524962
-0.0005329938
-0.0001447159
0.000183323
0.0002816217
0.0003003895
0.0005721509
0.001249048
0.002352094
0.003828802
0.00557369
0.007377044
0.009044044
0.01041577
0.01147919
0.0121842
0.01247396
0.0123894
0.0119224
0.01100225
0.009645388
0.00801627
0.006191827
0.004266419
0.002369601
0.0007063103
-0.0005148866
-0.001215126
-0.001320522
-0.0008094143
0.0002366862
0.001739309
0.00352962
0.005241852
0.006535729
0.007221733
0.007126613
0.006049551
0.003970172
0.001163271
-0.001835153
-0.004392907
-0.00603214
-0.006650082
-0.006484011
-0.00579904
-0.004674051
-0.003185855
-0.001601803
-0.0002219133
0.0007521485
0.001145605
0.0009477719
0.0003254063
-0.0007324458
-0.002098483
-0.003355503
-0.004187864
-0.004697583
-0.005028559
-0.005114348
-0.004893658
-0.004484582
-0.00385814
-0.002965582
-0.001974603
-0.001286208
-0.001238805
-0.001960706
-0.003369863
-0.005167104
-0.007265775
-0.009658957
-0.01204404
-0.01407569
-0.01553004
-0.0163017
-0.01625021
-0.0153259
-0.01368218
-0.01149546
-0.009096776
-0.006832993
-0.004945365
-0.003589041
-0.002832043
-0.002605759
-0.002697237
-0.002975599
-0.003493267
-0.004387287
-0.005633404
-0.006992343
-0.008191944
-0.009172619
-0.009973401
-0.01059622
-0.01097306
-0.01088152
-0.01020022
-0.009169592
-0.008262102
-0.007691633
-0.007511552
-0.007705027
-0.008102279
-0.008436187
-0.008532445
-0.008375708
-0.008064701
-0.007659887
-0.007187544
-0.006684581
-0.00609438
-0.005426699
-0.004705365
-0.003923664
-0.003321673
-0.003135893
-0.003337947
-0.003697553
-0.003851405
-0.003606783
-0.002996452
-0.002129328
-0.001106212
1.274822e-05
0.001241389
0.002664233
0.004337262
0.006054383
0.007590335
0.00894902
0.01000872
0.01046538
0.0101974
0.009217779
0.007635655
0.005771639
0.004004583
0.002466885
0.001353648
0.0007775266
0.0006132208
0.0006577497
0.0007610811
0.0008707661
0.0009989311
0.001233885
0.001489301
0.001532761
0.001255258
0.0006065986
-0.0003803939
-0.001424425
-0.002261244
-0.002687899
-0.002565272
-0.001896558
-0.000844731
0.0003462266
0.001510351
0.002677618
0.003843502
0.004774974
0.005279803
0.005139732
0.004173164
0.002553145
0.0006706736
-0.001112092
-0.00265454
-0.004068387
-0.005497459
-0.006762154
-0.007551847
-0.007788182
-0.007544319
-0.006744316
-0.005439646
-0.004092415
-0.002943782
-0.00183631
-0.0006663871
0.0003676926
0.001156551
0.001745001
0.002067645
0.001938334
0.001320822
0.0002384768
-0.001147952
-0.002552078
-0.003722602
-0.004606603
-0.0054734
-0.006390546
-0.007027602
-0.007182794
-0.006914474
-0.006191034
-0.005211517
-0.00435118
-0.003715666
-0.003344258
-0.003209875
-0.003119549
-0.002996215
-0.002953973
-0.003141935
-0.003640599
-0.004436187
-0.005274062
-0.005800899
-0.005766211
-0.005250797
-0.004546585
-0.003732431
-0.002770781
-0.001622152
-0.0003299861
0.0008987412
0.00192957
0.002748871
0.003392836
0.004001607
0.004596727
0.005085315
0.005397219
0.00559826
0.005746952
0.0058727
0.006033167
0.006254396
0.00632664
0.0060694
0.005472361
0.004559899
0.003447581
0.002277315
0.001105757
1.910242e-05
-0.0009647379
-0.001872831
-0.002628138
-0.00323794
-0.003823528
-0.004408047
-0.004890234
-0.005245089
-0.005507959
-0.005814289
-0.006149176
-0.006434196
-0.006572479
-0.006546161
-0.006355201
-0.006164794
-0.006292794
-0.00669819
-0.007085589
-0.007358082
-0.007650329
-0.00813167
-0.008851757
-0.009634837
-0.01041149
-0.01120704
-0.01207334
-0.01294625
-0.01370151
-0.01419629
-0.01431709
-0.0140927
-0.0135633
-0.012769
-0.01177841
-0.01074455
-0.00991825
-0.0094463
-0.009246612
-0.009188839
-0.009264703
-0.009616131
-0.01029544
-0.01121634
-0.0121419
-0.01287458
-0.01326967
-0.01318909
-0.01274123
-0.012071
-0.01112035
-0.009875048
-0.008535359
-0.007362101
-0.006419447
-0.005701535
-0.005176719
-0.004775351
-0.004478134
-0.004260054
-0.004106667
-0.004092625
-0.004231033
-0.004350271
-0.004175961
-0.003652249
-0.003056657
-0.002611913
-0.002395433
-0.002409988
-0.002484082
-0.002343722
-0.001891122
-0.001231177
-0.0005730107
-5.498335e-05
0.0003153207
0.0005572173
0.0008003001
0.001378125
0.002417653
0.003727434
0.005117452
0.006393312
0.007502563
0.008416262
0.009104039
0.009454248
0.009543221
0.009582186
0.009714032
0.009976415
0.01024363
0.01052104
0.01076509
0.01087018
0.0107722
0.01054845
0.01021217
0.009737277
0.009126488
0.008286622
0.007206714
0.006027146
0.004929871
0.004096563
0.003627909
0.003492544
0.003583063
0.003713543
0.003767831
0.003784907
0.003833711
0.003842092
0.003624317
0.003086926
0.002330211
0.001533658
0.0009669459
0.0007876921
0.0009567976
0.001396215
0.002110514
0.003095901
0.004141955
0.004887645
0.005259773
0.005343392
0.005129963
0.004604731
0.003862908
0.003147882
0.002678126
0.002619088
0.003017582
0.003768619
0.004628584
0.005320111
0.005854781
0.006307408
0.006562372
0.006536915
0.006418378
0.006286212
0.006117627
0.005853067
0.005522402
0.005319824
0.00518894
0.004898963
0.004438378
0.003904598
0.003341382
0.002729569
0.002119387
0.001656654
0.001401596
0.001216152
0.001008219
0.000861892
0.0006788993
0.0002982081
-0.0001164606
-0.0003112677
-0.0003312515
-0.0004457186
-0.0007846238
-0.001260248
-0.001736979
-0.002134163
-0.002432249
-0.00246024
-0.002066498
-0.001317955
-0.0004407284
0.0004345327
0.001266519
0.001980571
0.00256807
0.003116056
0.003613975
0.003984488
0.004252744
0.004425658
0.004481473
0.004357521
0.003933683
0.003273305
0.002520342
0.001633044
0.0006138087
-0.0004022209
-0.001260505
-0.001872387
-0.002258561
-0.002342568
-0.001954667
-0.0009871493
0.0004642494
0.002179109
0.003981086
0.005701397
0.007130984
0.008175299
0.008830873
0.009095262
0.008993192
0.00860902
0.008069746
0.007331768
0.006284001
0.005065773
0.003906209
0.002858631
0.001895894
0.001025314
0.0001312357
-0.0007984186
-0.001746531
-0.002734424
-0.003741932
-0.004749825
-0.005635083
-0.00626313
-0.006749397
-0.007183841
-0.007481006
-0.007568353
-0.007419476
-0.007067254
-0.00657349
-0.006036571
-0.00552037
-0.005132748
-0.005015307
-0.005285563
-0.005908933
-0.006690863
-0.007492278
-0.008284432
-0.009099488
-0.009836016
-0.01032834
-0.01046411
-0.01014752
-0.009271272
-0.007846344
-0.006065516
-0.004145989
-0.002332683
-0.0009449878
-0.0001438806
0.0002519026
0.0005247127
0.0007258673
0.0007546024
0.0006112128
0.0004958896
0.0005325727
0.0006793222
0.0008354708
0.0007885847
0.0005715207
0.0002974961
-8.476732e-05
-0.0006607332
-0.001540124
-0.00261488
-0.003643253
-0.004459626
-0.004958577
-0.005129672
-0.005007174
-0.00454472
-0.003687677
-0.002700829
-0.001941004
-0.001452944
-0.001023952
-0.000685666
-0.0007145046
-0.001163498
-0.001896992
-0.002640787
-0.00311174
-0.003339972
-0.003474933
-0.00357057
-0.003477077
-0.003049652
-0.002244893
-0.001295304
-0.0005323498
-3.346734e-06
0.0003178477
0.0004247402
0.0003749616
0.000175887
-0.0001572559
-0.0004471528
-0.0005964269
-0.0005965777
-0.000511177
-0.0006272766
-0.001240866
-0.002353821
-0.003649249
-0.004824718
-0.005935953
-0.007119792
-0.008241174
-0.009217403
-0.0101001
-0.01086458
-0.01141624
-0.01153487
-0.01114289
-0.01040597
-0.009457214
-0.008320742
-0.007048219
-0.005702353
-0.004302505
-0.002955274
-0.00186078
-0.001064489
-0.0006426641
-0.0006776235
-0.001176863
-0.002144075
-0.003532171
-0.005103124
-0.006453083
-0.007328244
-0.007658948
-0.007512853
-0.006998938
-0.006211878
-0.005229494
-0.004167899
-0.003059842
-0.001917013
-0.0008644919
-9.008977e-05
0.0002922701
0.0003413493
0.0001894598
-0.0001222785
-0.0006272103
-0.001257932
-0.001848078
-0.002102757
-0.001994637
-0.001657904
-0.001105548
-0.0003294014
0.0005752457
0.001486907
0.002306223
0.002959268
0.003504044
0.003937596
0.004275428
0.004598729
0.004946803
0.005347933
0.005803904
0.006397393
0.007196807
0.008033996
0.008805854
0.009479367
0.009925095
0.0100804
0.009950206
0.00955261
0.008966853
0.008258105
0.007583685
0.007085938
0.006857626
0.006883296
0.007080965
0.007268141
0.007222513
0.006847073
0.006100237
0.005058848
0.003844906
0.002647837
0.001756081
0.001323745
0.001495439
0.002446966
0.003932004
0.005460015
0.006778268
0.007679013
0.008056484
0.008125361
0.008064413
0.007804857
0.007267564
0.006437871
0.005458796
0.004602535
0.003938806
0.003658045
0.003879924
0.004380102
0.00502388
0.005741837
0.006407623
0.007046424
0.007799318
0.008784144
0.00990094
0.01086597
0.011441
0.01148153
0.01097426
0.01004845
0.008935339
0.007690664
0.006387594
0.005202582
0.004168843
0.003377711
0.003006146
0.003082973
0.003565029
0.004311393
0.005087291
0.005773968
0.006194953
0.006204795
0.005898414
0.005551747
0.005385359
0.005432705
0.00564081
0.005911503
0.006190123
0.006459634
0.006704959
0.006837603
0.006798122
0.006668682
0.006500201
0.006363747
0.006290103
0.006217443
0.006207899
0.006384386
0.006819144
0.007536613
0.00852349
0.009712069
0.01086641
0.01165741
0.01192688
0.01160482
0.01057456
0.008707315
0.006150992
0.00334191
0.0007434735
-0.001322165
-0.002732227
-0.003595681
-0.003966517
-0.003889124
-0.003581737
-0.003079211
-0.002360509
-0.001456132
-0.000463704
0.0004382792
0.001244456
0.002091995
0.002952997
0.003742602
0.004376428
0.004733395
0.004765498
0.004383842
0.003629263
0.002677125
0.001680296
0.0006539281
-0.0003988097
-0.001319622
-0.00179773
-0.001678604
-0.001127157
-0.0003095891
0.0006032086
0.001460894
0.001980188
0.001826224
0.001026026
-6.277032e-05
-0.001205344
-0.002221361
-0.003066414
-0.00397252
-0.005077038
-0.006334496
-0.007533375
-0.00833233
-0.008590692
-0.00844262
-0.007985287
-0.007415698
-0.006894171
-0.006472709
-0.006157055
-0.005880795
-0.005675933
-0.005539135
-0.005293249
-0.004788339
-0.003908947
-0.00261704
-0.000976528
0.0009329642
0.002918607
0.004689146
0.005917837
0.006470104
0.006526883
0.006217749
0.005509494
0.004416623
0.003007308
0.001541131
0.0003734623
-0.0003244163
-0.0004942004
-0.0001834572
0.0005001524
0.001489301
0.002641546
0.003853076
0.005081932
0.006197929
0.007080076
0.00764251
0.007845959
0.007811301
0.007658623
0.007341308
0.00684205
0.006287327
0.005807097
0.00546893
0.00518497
0.004947571
0.004934956
0.005132285
0.005298358
0.005285516
0.005094375
0.004820138
0.004582661
0.004508303
0.004790479
0.005481555
0.006378459
0.00715076
0.00764123
0.0078977
0.007900372
0.007608914
0.00706273
0.006308506
0.005366079
0.004288864
0.00320645
0.002382797
0.002024747
0.002106255
0.002504835
0.002999951
0.003276252
0.00316632
0.00268222
0.001961599
0.001196071
0.0003691414
-0.0006086083
-0.001683686
-0.002763048
-0.003716207
-0.004332451
-0.004353372
-0.003669363
-0.002249641
-0.0001011635
0.002436993
0.00476251
0.006392021
0.007315161
0.007758264
0.00783336
0.007488263
0.006648363
0.00554144
0.004478862
0.003628703
0.003091173
0.002915251
0.003006072
0.003162025
0.003257156
0.003274483
0.00328155
0.003294901
0.003257527
0.003111985
0.002771843
0.00233406
0.001952958
0.001633906
0.0014278
0.001446597
0.001748651
0.002217711
0.0026624
0.003028296
0.003381337
0.00377608
0.004166938
0.004430681
0.004553549
0.004610179
0.004625624
0.00451251
0.004172048
0.003593109
0.002744196
0.001673502
0.0004539782
-0.0008029984
-0.00194927
-0.002867121
-0.003446168
-0.003684152
-0.003539635
-0.002969563
-0.00219355
-0.001392583
-0.0007106243
-0.0003524535
-0.0004952708
-0.001060605
-0.001905616
-0.002764207
-0.003456173
-0.004051566
-0.004671768
-0.005291566
-0.005675901
-0.005593216
-0.005060622
-0.004196045
-0.003122287
-0.002074369
-0.001251311
-0.0007971762
-0.0006534903
-0.000607809
-0.0006101721
-0.0006890252
-0.0007767556
-0.0006489852
-0.000231185
0.0004190865
0.001240605
0.002112378
0.002904216
0.003496094
0.003839043
0.003974774
0.003966535
0.003896967
0.003809881
0.003712528
0.003512763
0.003236567
0.002933495
0.002544188
0.002101032
0.001760398
0.001695911
0.001977108
0.002524404
0.003024543
0.003345544
0.003643954
0.003905847
0.004030114
0.003962731
0.003805
0.003689854
0.0037154
0.003887707
0.004137667
0.00441425
0.004626511
0.004892695
0.005236126
0.005422758
0.005324617
0.004999905
0.004590875
0.004191959
0.003921515
0.003946171
0.004383045
0.00513786
0.005984241
0.006892395
0.007916368
0.008980675
0.01009206
0.0111225
0.01195821
0.01247243
0.0125467
0.01214824
0.01150929
0.01088315
0.01041345
0.01020311
0.01027514
0.01046855
0.01045159
0.01007839
0.009367959
0.008475571
0.007523256
0.006491683
0.005408586
0.00438639
0.003478954
0.002704283
0.002222599
0.002120956
0.002224503
0.002432155
0.0027193
0.002933233
0.002914281
0.002662336
0.002211296
0.001556843
0.0007343649
-0.0002243425
-0.001235861
-0.002087885
-0.002716166
-0.003009656
-0.002791452
-0.00203488
-0.0009442417
7.705818e-05
0.0007015667
0.0008849006
0.0007351131
0.0002624038
-0.0005732537
-0.001651326
-0.00290115
-0.004167113
-0.00519402
-0.005770618
-0.00582948
-0.005492587
-0.004749205
-0.003560796
-0.002047467
-0.0005829217
0.0003933951
0.0006843187
0.0004318139
-0.0001315883
-0.0009721432
-0.002147073
-0.003662919
-0.005298
-0.006751073
-0.007760573
-0.008234769
-0.008274475
-0.007949098
-0.007303546
-0.006462658
-0.00555898
-0.004731799
-0.004215033
-0.004099113
-0.004181792
-0.004252435
-0.004246848
-0.004168918
-0.00402685
-0.003792165
-0.003400568
-0.002902391
-0.002415946
-0.00204157
-0.001867121
-0.001988753
-0.002467999
-0.003278693
-0.004300958
-0.005334983
-0.006218652
-0.006839776
-0.007104322
-0.00697872
-0.006512014
-0.005919796
-0.005288588
-0.004665489
-0.004159635
-0.003871694
-0.003885381
-0.004279727
-0.00485152
-0.005342273
-0.00566027
-0.00577401
-0.005585315
-0.005013238
-0.004167382
-0.003248798
-0.002274798
-0.001239839
-0.0002086259
0.0007344029
0.001440885
0.001897356
0.00201752
0.001824513
0.001547782
0.001364469
0.001366515
0.00162447
0.002144785
0.002807863
0.003399942
0.003729005
0.003834658
0.003846533
0.003860859
0.003780957
0.003495426
0.002992824
0.00225909
0.001461435
0.000854594
0.0004123477
6.478428e-05
4.092696e-05
0.0004642843
0.001402391
0.002902211
0.00483033
0.006846083
0.008755202
0.0103776
0.01152637
0.01209828
0.01199981
0.01124073
0.009995188
0.008551987
0.007128896
0.005799128
0.004513634
0.003289707
0.002288268
0.001830378
0.002055676
0.002746475
0.003603886
0.004362791
0.004929444
0.005308124
0.005534685
0.005754533
0.006088638
0.006526586
0.006935572
0.007192425
0.007119101
0.006590602
0.005763014
0.00488296
0.004193491
0.003900531
0.003976851
0.004314967
0.004920739
0.005614699
0.006154956
0.006391823
0.006377211
0.006188873
0.005800567
0.005194058
0.004373129
0.003315045
0.002095148
0.0008700071
-0.0001146751
-0.0008127624
-0.001317813
-0.001594666
-0.001510158
-0.001162499
-0.0006669231
-0.0001273308
0.0003472816
0.000666512
0.0008207754
0.0007327497
0.0003371603
-0.0002564465
-0.0009192405
-0.001566645
-0.002018756
-0.002132002
-0.001951308
-0.001516262
-0.0008457169
-9.32252e-05
0.0006750414
0.00140809
0.001770211
0.001592054
0.000954149
8.204822e-05
-0.0008351541
-0.001675794
-0.002325099
-0.00266563
-0.002667787
-0.002483857
-0.002215445
-0.001956935
-0.001709374
-0.001442199
-0.001104006
-0.000750807
-0.0005554448
-0.0005445961
-0.0006525
-0.0007893244
-0.001007307
-0.001477184
-0.002167502
-0.002981859
-0.003861695
-0.004719315
-0.005423098
-0.005854968
-0.00615093
-0.006493033
-0.006890778
-0.007225306
-0.007362403
-0.007322353
-0.00720946
-0.007086961
-0.006982662
-0.00680588
-0.006468924
-0.005934831
-0.005193109
-0.004332204
-0.003502943
-0.002877193
-0.002479499
-0.002320492
-0.00238621
-0.002563452
-0.002734181
-0.002753166
-0.002607852
-0.002517277
-0.002559599
-0.00250424
-0.002157826
-0.001524237
-0.0008074573
-0.000236512
6.416073e-05
0.0001860816
0.0002470565
0.0001385149
-0.0002352829
-0.0007941771
-0.00145287
-0.002267902
-0.00313895
-0.00372713
-0.003914959
-0.003958983
-0.00403643
-0.00409166
-0.004035381
-0.003820383
-0.003453017
-0.002938037
-0.002444134
-0.002068926
-0.001833069
-0.001931305
-0.002537495
-0.003646936
-0.005098619
-0.006688725
-0.008289899
-0.009813768
-0.01110879
-0.01206359
-0.01267992
-0.01294935
-0.0129809
-0.0128328
-0.01246438
-0.01180845
-0.01075309
-0.009368837
-0.007880347
-0.006392459
-0.004992298
-0.003768281
-0.002752342
-0.00199027
-0.001507609
-0.001180133
-0.0009351401
-0.0007149661
-0.0005360402
-0.0004467643
-0.000447595
-0.0004779533
-0.0004423194
-0.0003829191
-0.0003184892
-0.0001868887
7.80595e-05
0.0003582939
0.0005212614
0.0006088462
0.0006197879
0.0005194591
0.0004469628
0.0004996772
0.000722933
0.00100926
0.001281203
0.001580762
0.001955494
0.002327641
0.002670176
0.00304197
0.003421837
0.003702867
0.003746846
0.003652291
0.003590475
0.003579693
0.003601415
0.003651616
0.003770492
0.004009287
0.004475018
0.005205424
0.006164522
0.007326348
0.00859736
0.009714011
0.01049318
0.01086397
0.01075952
0.01027339
0.009624015
0.008916407
0.008069182
0.007054679
0.005994014
0.005023823
0.00424745
0.003712448
0.003458875
0.003572962
0.004017303
0.00465935
0.005445648
0.006223381
0.006746969
0.006979596
0.006906764
0.006524104
0.005743753
0.004568613
0.003133277
0.001543736
4.988395e-05
-0.001022113
-0.00166466
-0.001945021
-0.001918673
-0.001654136
-0.001217357
-0.0006612846
-3.449493e-05
0.0006539754
0.001194775
0.001402466
0.001313571
0.001126961
0.0009197677
0.0005891882
8.412521e-05
-0.0004402408
-0.000732128
-0.0008037872
-0.0006925805
-0.0005227139
-0.0004106879
-0.0002847474
-0.0001035249
8.876057e-05
5.58098e-05
-0.0003718315
-0.001193502
-0.002179922
-0.003024761
-0.003534948
-0.003644577
-0.00331851
-0.002572414
-0.001487405
-0.000123753
0.001393541
0.002851425
0.004003613
0.00478804
0.005227558
0.005338586
0.005065676
0.0042362
0.00289397
0.001211226
-0.0005216603
-0.002101248
-0.003370759
-0.004121708
-0.004395115
-0.004447551
-0.004407204
-0.004227016
-0.003867499
-0.003340239
-0.002787437
-0.00233297
-0.001911018
-0.001412631
-0.001087748
-0.001344894
-0.002194192
-0.003383922
-0.004646618
-0.005809648
-0.006727121
-0.007253594
-0.007187319
-0.006519008
-0.005501446
-0.004224682
-0.002685327
-0.0009736858
0.0006367768
0.002052007
0.0033749
0.004444302
0.004948311
0.004538311
0.003054959
0.0006604974
-0.002274575
-0.005341802
-0.00809673
-0.01023928
-0.01170185
-0.01251294
-0.01265268
-0.01208222
-0.01091836
-0.009360287
-0.007637425
-0.006012862
-0.004685103
-0.003824285
-0.00354434
-0.003793211
-0.004350568
-0.004988609
-0.005498483
-0.005868634
-0.006234524
-0.006437376
-0.006101486
-0.005230983
-0.004247326
-0.003392863
-0.002702085
-0.002303463
-0.002359906
-0.002781587
-0.003332936
-0.003660413
-0.003639486
-0.003452061
-0.003135622
-0.002624602
-0.001948148
-0.001169523
-0.0003940759
0.0002392782
0.0007127784
0.00100807
0.001086143
0.0008186976
0.0002010873
-0.0003716325
-0.0006115044
-0.0007830543
-0.001253911
-0.001930521
-0.002238811
-0.001737978
-0.0008472408
-0.0002681797
-2.756291e-05
0.0002602265
0.0007442536
0.00122073
0.001505205
0.001677254
0.001928053
0.002265654
0.002354711
0.002030277
0.001377447
0.0005357356
-0.0003389573
-0.001025991
-0.001428114
-0.001725911
-0.002220303
-0.002984111
-0.00384564
-0.004524725
-0.004894866
-0.005115601
-0.005277685
-0.005255154
-0.004843128
-0.003916436
-0.00259314
-0.001142627
0.0001143075
0.001024675
0.001687129
0.002245532
0.002733186
0.002930112
0.002583443
0.001741857
0.0009369697
0.0005885348
0.0004705815
1.127506e-05
-0.0009460152
-0.002006563
-0.002727895
-0.00301738
-0.003151514
-0.00334819
-0.003447804
-0.003252948
-0.002787815
-0.00245185
-0.002657433
-0.003352064
-0.004141226
-0.004697388
-0.005097706
-0.005635355
-0.006198347
-0.006479527
-0.00659107
-0.006705308
-0.006588243
-0.005784843
-0.004258262
-0.002587495
-0.001276275
-0.0004059945
0.0002459424
0.000830235
0.001170052
0.0009137906
5.181027e-05
-0.0009085694
-0.001513951
-0.001928771
-0.002462592
-0.002967655
-0.003098564
-0.002693188
-0.001797986
-0.0005425823
0.0008649628
0.002225828
0.003401533
0.004325224
0.004985422
0.005282708
0.005144402
0.004556682
0.003678348
0.002802502
0.002092146
0.001594978
0.001065488
0.0003683191
-0.0001970258
-0.0002999414
0.0001280443
0.0006875972
0.0007720091
0.0002945062
-0.0003232991
-0.0006480232
-0.0007041155
-0.0007519162
-0.0008460426
-0.0009477366
-0.001046462
-0.001098516
-0.0009214582
-0.0004256999
0.000153145
0.0006189966
0.001017992
0.001365987
0.001656399
0.001851985
0.001904262
0.00182491
0.001741174
0.001797129
0.001925194
0.002002222
0.002132118
0.002508013
0.003273897
0.004326043
0.005273019
0.005789182
0.005838572
0.005631522
0.005338104
0.005070028
0.004879933
0.004594329
0.004115517
0.00368375
0.003582969
0.003622073
0.003466156
0.003145209
0.003059896
0.003459235
0.004117521
0.004604005
0.004790868
0.004760007
0.00452503
0.004063097
0.003401061
0.00271089
0.002326669
0.002420548
0.002795619
0.003093526
0.003242452
0.003378057
0.003405363
0.003261328
0.003119757
0.002855995
0.002156757
0.0009903028
-0.0003699116
-0.001578703
-0.002509666
-0.003243573
-0.003693156
-0.003798041
-0.003550357
-0.002741713
-0.00119018
0.0008860979
0.003056135
0.004893564
0.00617726
0.006911758
0.007163575
0.006935572
0.006223145
0.005106283
0.003682552
0.002208589
0.0009876123
0.0001461738
-0.0004282126
-0.0009190882
-0.001293117
-0.001372789
-0.001115046
-0.0006158135
-0.0001104675
0.0002683306
0.000577362
0.0009356579
0.001321147
0.001447329
0.001319162
0.001376732
0.00191792
0.002865123
0.003992829
0.005051762
0.005923305
0.006467602
0.006563711
0.006221568
0.005571582
0.00487975
0.004372545
0.004030505
0.003598265
0.002999093
0.002532437
0.002513052
0.002874214
0.003292123
0.003560787
0.003689875
0.003665741
0.00340526
0.00300527
0.002757116
0.002733871
0.002745615
0.002802317
0.002950427
0.003117646
0.003127148
0.002871097
0.00245208
0.002106478
0.001927732
0.00177246
0.001482353
0.001050874
0.0008068144
0.000973202
0.001386164
0.001924127
0.00250202
0.003087775
0.003701902
0.004113059
0.004220586
0.004169019
0.003912795
0.003419245
0.00292159
0.002530748
0.002122752
0.001557093
0.0009432583
0.0005696787
0.0005660714
0.0006421044
0.0005390387
0.0002855308
0.00010501
0.0001340568
0.0003540432
0.0005572071
0.0005476635
0.0004674891
0.000523342
0.0007861181
0.00112067
0.001404981
0.001698077
0.002196971
0.002905717
0.003427516
0.003438771
0.002983044
0.0023565
0.001821137
0.001355321
0.0008140889
0.0001089064
-0.0006973706
-0.001421122
-0.001966302
-0.002339224
-0.002580377
-0.002540992
-0.002127517
-0.001619145
-0.001268233
-0.001161642
-0.001266629
-0.001499096
-0.001865615
-0.002377044
-0.002914732
-0.003367
-0.003608643
-0.00365273
-0.003530118
-0.003185259
-0.002558334
-0.001765953
-0.00110959
-0.0006842491
-0.0004763285
-0.0005085072
-0.0009416937
-0.001894687
-0.003075987
-0.00406638
-0.004848597
-0.005656673
-0.006465303
-0.00699114
-0.007025471
-0.006650364
-0.006086929
-0.005534986
-0.005142905
-0.00492682
-0.004740512
-0.004512029
-0.004336174
-0.004265827
-0.004190045
-0.004017697
-0.003837649
-0.003757503
-0.003652783
-0.003306869
-0.002813094
-0.002339615
-0.001860303
-0.001396932
-0.001225914
-0.001338207
-0.00145706
-0.001457517
-0.001374654
-0.001402427
-0.001537262
-0.001622322
-0.001613521
-0.001515713
-0.001421461
-0.001379938
-0.001315946
-0.001245098
-0.0012625
-0.001324611
-0.001341829
-0.001278206
-0.001089219
-0.0007160994
-0.0001833598
0.0003810907
0.0008451258
0.001128262
0.00115952
0.0008145199
7.908596e-05
-0.0007781272
-0.001377941
-0.001675554
-0.001796444
-0.001794868
-0.001590108
-0.001194648
-0.0007600445
-0.0003968022
-5.994324e-05
0.0002217892
0.0002469004
-0.0001161251
-0.000685481
-0.001283092
-0.001801071
-0.002212645
-0.002605481
-0.00304032
-0.003537214
-0.004044493
-0.004397859
-0.004482952
-0.00439677
-0.004182146
-0.00382195
-0.003482045
-0.003369601
-0.003556004
-0.00411855
-0.004856436
-0.005556977
-0.006231803
-0.006890442
-0.007418061
-0.007753072
-0.007998464
-0.008185023
-0.00812719
-0.007661075
-0.006887866
-0.005956572
-0.005003413
-0.004159072
-0.003412517
-0.002638235
-0.00186287
-0.001275154
-0.0008445921
-0.0003920615
5.03728e-05
0.0002196484
4.350077e-05
-0.0002930928
-0.000740815
-0.001352706
-0.001992825
-0.002400106
-0.002542171
-0.002571419
-0.002437183
-0.002082724
-0.001758358
-0.001576949
-0.001312673
-0.0008797517
-0.0004436151
-0.0002887803
-0.0005032586
-0.0009318952
-0.001404856
-0.001926197
-0.002400842
-0.00254811
-0.002334627
-0.002001314
-0.001699141
-0.001358505
-0.0008062876
-1.273088e-05
0.0007726416
0.001381272
0.001831791
0.00203077
0.001805458
0.001177635
0.0004663291
-8.630015e-05
-0.000495516
-0.0007481717
-0.000807497
-0.0007985444
-0.0008155422
-0.0008441778
-0.0008244998
-0.0006941202
-0.0005510549
-0.0004126933
-0.0004254
-0.0007524771
-0.001343233
-0.00210322
-0.002685079
-0.002941669
-0.003298204
-0.003883365
-0.004318335
-0.004312419
-0.004003971
-0.003637552
-0.003112357
-0.002229521
-0.001114338
-0.0002288438
0.000109184
1.305249e-05
-0.0001364279
-0.0001876119
-0.0003042725
-0.0005525673
-0.0008900826
-0.001052259
-0.0007198627
-1.560897e-05
0.0006660219
0.001189884
0.001689848
0.00219794
0.002491932
0.002307567
0.001771646
0.001111517
0.0004116668
-0.000287651
-0.0008440029
-0.001105962
-0.001025038
-0.0006457186
-0.00010887
0.0004785307
0.001099192
0.001529904
0.001503374
0.001056903
0.0004783281
-0.0001812769
-0.001122628
-0.002265061
-0.003270988
-0.003815181
-0.003786037
-0.003277556
-0.002499597
-0.001478933
-0.0002601065
0.0008393222
0.001554222
0.001833551
0.001658392
0.001015118
5.16147e-05
-0.0009079684
-0.001592259
-0.001905666
-0.002126006
-0.002581937
-0.00326935
-0.003901831
-0.004332785
-0.004675687
-0.005067463
-0.005416757
-0.005488121
-0.005420651
-0.005398618
-0.005187351
-0.004479178
-0.003290989
-0.001909514
-0.0005434252
0.0005975993
0.001356125
0.001784618
0.002047814
0.002300228
0.002572227
0.002634259
0.002315611
0.001711662
0.000837094
-0.0002963088
-0.001456823
-0.002366352
-0.002990194
-0.003554995
-0.004246924
-0.004987514
-0.005556103
-0.005638772
-0.005014433
-0.003916636
-0.002650971
-0.001397589
-0.0001588134
0.0009820473
0.001679481
0.001708422
0.001262237
0.000748553
0.000448013
-7.515799e-06
-0.00107141
-0.002468059
-0.003609466
-0.00421924
-0.004337381
-0.004123912
-0.003829705
-0.003766057
-0.003933528
-0.003846242
-0.00309986
-0.001843953
-0.0006971608
-0.0002253063
-0.0004701427
-0.0008805731
-0.0009990989
-0.0008977924
-0.0008166045
-0.0007806563
-0.0005569239
-6.812839e-05
0.0005280208
0.001217464
0.001977443
0.002663745
0.003176872
0.003674763
0.00435011
0.005060549
0.005440832
0.005393325
0.005313679
0.005668343
0.006329706
0.006845092
0.00702991
0.007025761
0.007018181
0.007028045
0.006962366
0.006761187
0.006494867
0.006228304
0.005808864
0.005033622
0.004010688
0.003147908
0.002674368
0.0024579
0.00221991
0.00199513
0.002020653
0.002323609
0.002633514
0.002898934
0.003292021
0.003882582
0.004623124
0.005355117
0.005790253
0.005813494
0.005572646
0.005233206
0.00488077
0.004595596
0.004362466
0.003976236
0.003315758
0.002607216
0.001987689
0.001264202
0.000350283
-0.0005698105
-0.001292489
-0.001642453
-0.001624272
-0.001428257
-0.001135528
-0.0009298261
-0.000814583
-0.0005797822
-0.0001481732
0.0003423268
0.0005875395
0.0004268712
1.407056e-06
-0.0003528182
-0.0006239981
-0.0009578304
-0.00130322
-0.001662292
-0.001937286
-0.001876898
-0.00135874
-0.0004847123
0.0005800498
0.001666278
0.002654967
0.00355559
0.004255948
0.004571137
0.004536984
0.004354546
0.00411052
0.003809344
0.003545891
0.003319587
0.002999766
0.002597498
0.002407077
0.00253283
0.0027589
0.002922202
0.003030227
0.003129362
0.003211724
0.003333879
0.003516741
0.003750476
0.004042059
0.004534687
0.005297471
0.006180911
0.007002051
0.007704204
0.00837737
0.009019845
0.00946761
0.00958594
0.009353071
0.008832164
0.008127842
0.007347973
0.006456331
0.005360332
0.004222741
0.003397512
0.002985804
0.002744199
0.002432589
0.001875823
0.001215795
0.0008999028
0.001143791
0.001627791
0.001974149
0.00213543
0.002215832
0.002231515
0.002094193
0.00178341
0.001323128
0.0007993835
0.0003791323
7.072373e-05
-0.0003761025
-0.001183364
-0.002210258
-0.003119926
-0.003806663
-0.004263395
-0.004373137
-0.004098251
-0.003604398
-0.003055654
-0.002486989
-0.001939133
-0.001622653
-0.001735625
-0.002210357
-0.002858157
-0.003488702
-0.004019283
-0.004495672
-0.005050254
-0.005693326
-0.006180654
-0.006347563
-0.006204576
-0.005890851
-0.005528086
-0.00507254
-0.004512608
-0.003971012
-0.003639647
-0.003645929
-0.003913495
-0.004179051
-0.004322846
-0.004337352
-0.004264006
-0.004145434
-0.003993321
-0.003735135
-0.003290846
-0.002738828
-0.002197877
-0.001805325
-0.001499406
-0.001256047
-0.001212393
-0.001437561
-0.001972635
-0.002806096
-0.00367899
-0.004214408
-0.004313725
-0.004283191
-0.004294311
-0.004238976
-0.004014521
-0.003591902
-0.003070039
-0.002559641
-0.002054569
-0.001594296
-0.001357474
-0.001451579
-0.001809442
-0.002356961
-0.003029396
-0.003651035
-0.004102365
-0.004339762
-0.004257423
-0.003782136
-0.003046944
-0.00228403
-0.001566017
-0.0007793415
4.245516e-05
0.0006814826
0.001020698
0.001135611
0.001130373
0.0009309977
0.0004183754
-0.0004541816
-0.001585733
-0.00270331
-0.00346441
-0.003926217
-0.004418851
-0.004966532
-0.005243929
-0.005042991
-0.004356492
-0.003259041
-0.001986181
-0.0008236437
2.039641e-05
0.0005426173
0.0008221135
0.0009095784
0.000873716
0.0008242292
0.0006430956
0.00028376
-0.0001292581
-0.0006039064
-0.001190054
-0.001741457
-0.001945702
-0.001732412
-0.001312617
-0.0008927715
-0.0005182916
-6.048167e-05
0.0004807398
0.0009708693
0.001359863
0.00168765
0.001926512
0.001938617
0.001555281
0.0009141594
0.000379693
0.000101749
1.598153e-05
-6.63159e-05
-0.0002280627
-0.0004209316
-0.0003950098
-2.259893e-05
0.0004884186
0.0009185572
0.001227391
0.001453685
0.001554852
0.00137097
0.0007389587
-0.0002711981
-0.001511953
-0.00288979
-0.00423017
-0.005381826
-0.006186788
-0.006565112
-0.006590653
-0.006262262
-0.005571804
-0.004640423
-0.00359008
-0.002505036
-0.001470989
-0.0005494406
0.0002045603
0.0006502154
0.0006081423
7.205008e-05
-0.0008244099
-0.001961632
-0.003130197
-0.003941375
-0.004321012
-0.00449697
-0.004516122
-0.004271655
-0.003720352
-0.002986755
-0.002285762
-0.001735874
-0.001349681
-0.001226566
-0.001423462
-0.001785639
-0.002107901
-0.002372668
-0.002552659
-0.002531732
-0.002164225
-0.001398961
-0.000473227
0.0003415721
0.0009948852
0.001408716
0.001520278
0.001418559
0.001094218
0.0004388148
-0.0006522922
-0.001966936
-0.003129304
-0.003953981
-0.004510918
-0.004794755
-0.004772332
-0.004544062
-0.004166302
-0.003631855
-0.003044392
-0.002500112
-0.002071995
-0.001838243
-0.001830842
-0.002007186
-0.002325433
-0.002793875
-0.003385546
-0.003952369
-0.004237335
-0.004167287
-0.003835855
-0.003251222
-0.002544162
-0.001775971
-0.0008837033
1.534361e-05
0.000762938
0.001318708
0.001763369
0.002102405
0.002367797
0.002649818
0.002895268
0.003026158
0.003002478
0.002892116
0.002765281
0.002701944
0.002890398
0.003342043
0.00382871
0.004230595
0.004641371
0.005120654
0.005609948
0.006062475
0.006495247
0.006937795
0.007373424
0.007608656
0.007531363
0.007254892
0.006903361
0.006521555
0.006121101
0.005760202
0.005550258
0.005576257
0.005738262
0.005994988
0.006354425
0.006695344
0.006833065
0.006698789
0.00628726
0.005636562
0.004972424
0.004384811
0.003723401
0.003020897
0.002514518
0.00220187
0.002062308
0.002183607
0.002567099
0.003026617
0.003414083
0.003586654
0.00349044
0.00323274
0.002935688
0.002673887
0.00250551
0.002509453
0.002686165
0.002919948
0.003115462
0.003296
0.003495197
0.003644996
0.003648132
0.003574171
0.003527037
0.003409307
0.003103222
0.002680058
0.002294514
0.002082475
0.002239965
0.002669555
0.003140054
0.003557808
0.003960961
0.0044164
0.004775666
0.004882757
0.004691077
0.004281002
0.003784382
0.003236953
0.002610683
0.001970402
0.00150771
0.001365337
0.001503008
0.001664018
0.001583804
0.001146889
0.0004980438
-5.018986e-05
-0.0003373176
-0.0004410572
-0.000535775
-0.0007785167
-0.001070444
-0.001278939
-0.001398468
-0.001454373
-0.001576099
-0.001750156
-0.001918484
-0.002119579
-0.002386954
-0.002755533
-0.003216906
-0.003733233
-0.004289018
-0.004787665
-0.005101843
-0.005233456
-0.005233634
-0.005227971
-0.005283616
-0.005245093
-0.004965853
-0.004384959
-0.00348081
-0.00235595
-0.001219868
-0.0002021951
0.000755614
0.001522647
0.001877852
0.001870629
0.00159954
0.001098729
0.0003434159
-0.0005827368
-0.001420219
-0.001958329
-0.002112394
-0.001979106
-0.001763771
-0.00152604
-0.001210176
-0.0008114957
-0.0004254737
-0.0001619535
-0.0001503709
-0.0004796172
-0.001027449
-0.001613811
-0.002147805
-0.002628287
-0.003072113
-0.003305265
-0.003234734
-0.002935647
-0.002504086
-0.00194662
-0.001230276
-0.0004195907
0.0003126564
0.0007537369
0.0008442375
0.0007029669
0.0003526736
-0.0001926046
-0.0009084224
-0.001776299
-0.002557371
-0.003104041
-0.003566332
-0.003905011
-0.003935328
-0.003748279
-0.003492867
-0.003221328
-0.002954697
-0.002599333
-0.002098685
-0.001496494
-0.0009581913
-0.0005761817
-0.0003260953
-0.000158827
-0.000106606
-0.0001261896
-0.0001262767
-4.600921e-05
9.432417e-05
0.0002057954
0.0002357233
0.0001212761
-0.0001328945
-0.000406857
-0.0005683492
-0.0006038498
-0.0005381956
-0.0004118724
-0.0002390991
-4.930598e-05
-4.885117e-05
-0.000308717
-0.0007225148
-0.001161314
-0.001552034
-0.001798879
-0.001782606
-0.001538939
-0.00114362
-0.0006184457
-6.443594e-06
0.0006238071
0.001143964
0.001350851
0.001112765
0.00043339
-0.0004868507
-0.001357844
-0.002173535
-0.00296657
-0.003579958
-0.003941477
-0.004089724
-0.003949765
-0.00347281
-0.002843737
-0.002297487
-0.001883514
-0.001605569
-0.001474847
-0.001433162
-0.001477599
-0.001742357
-0.002209554
-0.002666162
-0.003022245
-0.003305389
-0.003631133
-0.003985745
-0.004234377
-0.004393397
-0.004532691
-0.004655856
-0.004762213
-0.004896913
-0.005022995
-0.00519602
-0.005483077
-0.005864276
-0.006294406
-0.006709497
-0.007070691
-0.00740249
-0.007704428
-0.007835252
-0.007723712
-0.00754919
-0.007484944
-0.007522397
-0.007531868
-0.007509455
-0.00746672
-0.00732042
-0.007052709
-0.006758562
-0.006397619
-0.006010514
-0.005650071
-0.005345436
-0.005078849
-0.004871148
-0.004745679
-0.004625903
-0.004395506
-0.004086296
-0.00362313
-0.002970634
-0.002292578
-0.001693261
-0.001159211
-0.000652311
-0.0003070177
-0.000172284
-0.000169325
-0.0002906128
-0.0005545332
-0.0009042733
-0.001304439
-0.001641311
-0.001809232
-0.001793929
-0.001740514
-0.001619429
-0.001447545
-0.00138831
-0.001460638
-0.001592738
-0.001723431
-0.001791104
-0.001770678
-0.001654938
-0.001315433
-0.000723599
6.53778e-05
0.0009036079
0.001599382
0.002053709
0.002279712
0.002379305
0.002398467
0.002395497
0.002427782
0.002410178
0.002401264
0.002457596
0.002585754
0.002883899
0.00331605
0.003706186
0.003932965
0.003908898
0.003688696
0.003328019
0.002827868
0.002331567
0.002096893
0.002244163
0.002548545
0.002877519
0.003303752
0.003959608
0.004754963
0.005511079
0.006004513
0.006162744
0.006026986
0.005690264
0.00525091
0.004688527
0.003966664
0.003182283
0.00249222
0.001965825
0.001575146
0.001272118
0.001119639
0.001220272
0.001541548
0.002018807
0.002581066
0.002996689
0.003170806
0.003195523
0.00313892
0.002957639
0.002618863
0.002110969
0.001547317
0.001117465
0.0008073311
0.0005118931
0.0003136529
0.0002865006
0.0003803223
0.0005287353
0.0006882445
0.0008600321
0.001003882
0.001133293
0.001379604
0.001785849
0.002316346
0.002897108
0.003531299
0.004241745
0.004878174
0.005373244
0.005819794
0.006258474
0.006599093
0.00679661
0.006852745
0.006810285
0.006776072
0.006686354
0.006426966
0.006041682
0.005612445
0.005180489
0.004784755
0.004473676
0.004310988
0.004386559
0.004620562
0.004892487
0.00520036
0.005524206
0.005784684
0.005912512
0.005863061
0.005718888
0.005447631
0.005082776
0.004747969
0.004396673
0.004030614
0.003694513
0.003550126
0.003625601
0.003819858
0.004120251
0.004533592
0.005068602
0.005599416
0.005938127
0.006022151
0.005936882
0.005849665
0.005810549
0.005710824
0.005419131
0.00494192
0.004422251
0.004137046
0.004066426
0.003949081
0.00379964
0.003688799
0.003606158
0.003579324
0.003544645
0.003383413
0.003184225
0.003036658
0.002927302
0.002862479
0.002846386
0.002762678
0.002451729
0.002013466
0.001616342
0.001192416
0.0005257804
-0.0003252995
-0.001098389
-0.001729403
-0.002232052
-0.002415526
-0.00214604
-0.001691357
-0.001272167
-0.0009350065
-0.0006557359
-0.0004191607
-0.0003420601
-0.0005236579
-0.0008919325
-0.001414841
-0.002067379
-0.002709406
-0.003368537
-0.004018566
-0.004419336
-0.004331774
-0.003795963
-0.00314199
-0.002489921
-0.001823923
-0.001136057
-0.000499399
-0.0001791181
-0.0001905291
-0.0004192608
-0.0008338058
-0.001242905
-0.001425003
-0.001348988
-0.00124022
-0.001155745
-0.0009487906
-0.0007602014
-0.0006642616
-0.0006422487
-0.0006348208
-0.0005693413
-0.0005536566
-0.0007115417
-0.00107832
-0.001592949
-0.002120144
-0.002620353
-0.003027317
-0.003363924
-0.003823265
-0.004459152
-0.005115157
-0.005704917
-0.00616985
-0.006516706
-0.006694994
-0.006652548
-0.006591714
-0.006603226
-0.006660375
-0.006731122
-0.006657191
-0.006420991
-0.006116952
-0.005765405
-0.005391072
-0.005128855
-0.005015075
-0.004921591
-0.004761709
-0.004670056
-0.004797674
-0.005123787
-0.005626449
-0.006302586
-0.007037923
-0.007671135
-0.008112468
-0.008211192
-0.007905655
-0.007330119
-0.006602619
-0.005871284
-0.005315373
-0.004909161
-0.004631073
-0.004463126
-0.004399364
-0.004480967
-0.004811235
-0.005411555
-0.005988463
-0.006243311
-0.006177416
-0.005945363
-0.00547349
-0.004730072
-0.0038499
-0.002905033
-0.001965882
-0.001220669
-0.000802401
-0.0006702402
-0.0006929014
-0.000862438
-0.001233709
-0.001663514
-0.002050515
-0.002387091
-0.002604976
-0.002543654
-0.002272607
-0.001845093
-0.001222844
-0.0004252676
0.0005057381
0.001368782
0.002046743
0.002588726
0.003106877
0.003541179
0.003711348
0.003551048
0.003178979
0.00272664
0.002217692
0.001601861
0.0007942171
-6.944837e-05
-0.0006125436
-0.0007482521
-0.0006726271
-0.0004859362
-0.0001226558
0.0004579463
0.001102272
0.001624089
0.002075788
0.00250355
0.002828979
0.002992931
0.002961356
0.002606952
0.002019572
0.001513172
0.001164888
0.0007527009
0.0002358321
-0.000222626
-0.0004983025
-0.0006303281
-0.0006399137
-0.000448351
-5.247426e-05
0.0004938882
0.001071027
0.001589889
0.002034246
0.002431649
0.002917296
0.003371296
0.003692333
0.003801075
0.003585392
0.003072286
0.002346594
0.001592909
0.0009376051
0.0004726626
0.0002896848
0.0002863927
0.0003370982
0.0004128748
0.0004647914
0.000487282
0.0004258049
0.0001044743
-0.0004539392
-0.001085029
-0.001584554
-0.001897773
-0.002127142
-0.002343079
-0.002467765
-0.002355806
-0.002028337
-0.00162512
-0.001292366
-0.0009236368
-0.0004052451
6.963911e-05
0.0003020229
0.0002611671
4.109961e-05
-0.0002391944
-0.0004578042
-0.0006135485
-0.0007747657
-0.0009161855
-0.001079445
-0.00119634
-0.001256422
-0.001378641
-0.001605613
-0.001917577
-0.002251427
-0.002515983
-0.002578073
-0.002504638
-0.002447659
-0.002416333
-0.002303985
-0.002007734
-0.001527073
-0.001065973
-0.0007401609
-0.0005879932
-0.0006035918
-0.0006788372
-0.0006765791
-0.0007497475
-0.001105456
-0.00162458
-0.002019437
-0.002188922
-0.002232491
-0.002214605
-0.002094655
-0.001949176
-0.001894115
-0.001947284
-0.002027877
-0.002039582
-0.002005803
-0.002065116
-0.002284254
-0.002668013
-0.003072662
-0.003522841
-0.004019265
-0.004446972
-0.004844982
-0.005223882
-0.005525977
-0.005621317
-0.005497716
-0.005240757
-0.004889454
-0.004407388
-0.003735269
-0.002979777
-0.002428843
-0.002165325
-0.002129162
-0.002260827
-0.002474563
-0.002807361
-0.003220115
-0.003599191
-0.003927735
-0.004238705
-0.004537576
-0.004831985
-0.005033138
-0.005070459
-0.005048704
-0.00500608
-0.004847704
-0.004653692
-0.004529962
-0.004520238
-0.004632149
-0.004749152
-0.004848965
-0.004908445
-0.004915374
-0.004844844
-0.004692853
-0.004436237
-0.004115624
-0.003825332
-0.003550113
-0.003226291
-0.002808139
-0.002315042
-0.001785084
-0.00119464
-0.0005132783
0.0001568134
0.0006409002
0.0008045054
0.0007403955
0.0006091791
0.0004361427
0.0001653189
-0.0001825065
-0.0004418124
-0.0005377038
-0.0005453924
-0.0003901368
-7.537499e-06
0.0004419985
0.0008607781
0.001308759
0.001720887
0.002061966
0.002395017
0.002770473
0.003066453
0.00314451
0.003115648
0.003114445
0.003146821
0.003171384
0.003115348
0.002857569
0.002467821
0.002097941
0.001894808
0.001829731
0.001758698
0.001675654
0.001735687
0.002058433
0.002612178
0.003145389
0.003514937
0.003790946
0.003956533
0.003926862
0.003765407
0.003519677
0.003002731
0.002294401
0.001634818
0.001074767
0.0006080509
0.0002464454
-3.397471e-05
-0.0001595537
-0.0001964459
-0.0003344641
-0.0005110151
-0.0004762878
-0.0002784146
-0.000208699
-0.0004082984
-0.000790817
-0.001144649
-0.001393004
-0.001434598
-0.001204979
-0.0007510722
-0.0001229916
0.0005160138
0.00107706
0.001641425
0.0021908
0.002633974
0.002926785
0.003064308
0.003046859
0.002866632
0.002581104
0.002314356
0.002173921
0.002264447
0.002553293
0.002808034
0.002942729
0.002987634
0.003061771
0.003206228
0.003435095
0.003621943
0.003632749
0.003550734
0.003449338
0.003333063
0.003232534
0.003119626
0.003047326
0.00306249
0.002996275
0.002909665
0.002882491
0.002877389
0.002784886
0.002579366
0.002403398
0.002296689
0.002148883
0.001945851
0.00179343
0.001762061
0.001768605
0.00170742
0.001558412
0.001316711
0.0009721377
0.0006463521
0.0004229012
0.0001440944
-0.0002884952
-0.0007522955
-0.001093188
-0.001110528
-0.0008768472
-0.0005744299
-0.0002646782
1.448802e-05
0.0002472535
0.0003754922
0.0003345497
0.0001845683
7.10151e-05
2.931232e-05
0.0001258451
0.0003636913
0.0006613436
0.0009574243
0.001182605
0.00123961
0.001173535
0.001025882
0.0007509761
0.0003441656
-8.357486e-05
-0.0003383222
-0.000336563
-0.0001205643
0.0001162428
0.0002279248
0.0003075789
0.0004791111
0.0006814427
0.0008646252
0.0009439244
0.0009356691
0.0008156579
0.0005377447
0.0002025659
-7.753655e-05
-0.0001982244
-0.0001862915
-5.163003e-05
0.0002616748
0.0007162925
0.001169367
0.001540122
0.001817188
0.00203242
0.002249989
0.002472165
0.002641567
0.002743078
0.002885624
0.003096261
0.003344239
0.003530544
0.00367764
0.003926759
0.004260089
0.004511956
0.004648677
0.004793471
0.004970971
0.005080898
0.005141163
0.005188318
0.005134982
0.004870513
0.004412922
0.003917699
0.003469071
0.003062702
0.002742183
0.002588109
0.002602671
0.002669142
0.002683059
0.0026397
0.002666554
0.002711662
0.002747377
0.002849599
0.002922179
0.002889024
0.002810932
0.002736678
0.002667979
0.00256392
0.002390372
0.002226901
0.002021578
0.001724885
0.001331522
0.0008329137
0.0002465249
-0.0003567161
-0.0008180868
-0.001167182
-0.00143377
-0.001542331
-0.001450312
-0.001152094
-0.0007396249
-0.0003496698
-5.793126e-05
0.000105512
0.0001686188
0.000162645
3.752005e-05
-0.0001147176
-0.0001588541
-0.000175898
-0.0001831671
-7.974506e-05
0.0001463716
0.000379003
0.0006351751
0.0009568767
0.001259082
0.001421032
0.001397329
0.001306823
0.001206085
0.00106852
0.0008131624
0.0004887928
0.0002044954
-1.873658e-05
-0.00022076
-0.0003797602
-0.0004526223
-0.0004593548
-0.0005058442
-0.0006525729
-0.0009019692
-0.001182141
-0.001440835
-0.001555358
-0.001602108
-0.001645783
-0.001655962
-0.001626685
-0.001471
-0.001214544
-0.0008856695
-0.0006095468
-0.0004424325
-0.0004074447
-0.000574351
-0.0008709459
-0.001183911
-0.001429349
-0.001586651
-0.001588415
-0.001454989
-0.001336666
-0.001161517
-0.000843895
-0.0005142384
-0.0002541248
-9.965498e-05
-6.825185e-05
-0.0001736972
-0.0003561301
-0.0005003953
-0.000504312
-0.0003446307
-9.6308e-05
0.0002703434
0.0007592938
0.001303234
0.00186831
0.002291082
0.002365309
0.002205873
0.002040995
0.001827213
0.001508523
0.001139759
0.000778733
0.0005684376
0.0005263315
0.0004488349
0.0003078762
0.0001808971
0.0002249495
0.0004248285
0.0006530721
0.0007622775
0.0006168826
0.0002967083
-0.0001104159
-0.0006314233
-0.001172349
-0.001615852
-0.001923599
-0.002141772
-0.002307262
-0.002459524
-0.002546432
-0.002601792
-0.002651514
-0.002541147
-0.002225673
-0.001799315
-0.001291553
-0.0007161078
-0.000102883
0.0004638918
0.0009338965
0.001371091
0.001703324
0.001704236
0.001330935
0.0008171933
0.0003020136
-0.0003616772
-0.001095908
-0.001695704
-0.002157882
-0.002517768
-0.002837989
-0.003128747
-0.003346441
-0.003380494
-0.003229293
-0.003025785
-0.002871246
-0.002895712
-0.003025254
-0.003196941
-0.003453886
-0.003736828
-0.003929463
-0.003982525
-0.00401213
-0.004089604
-0.004154649
-0.004086336
-0.003920977
-0.003843614
-0.003844389
-0.003905732
-0.003995399
-0.003936174
-0.003616735
-0.003195316
-0.00271311
-0.002186127
-0.001652095
-0.001045282
-0.0004329847
8.748284e-05
0.0004808691
0.0006934938
0.0006762371
0.0004161513
2.216764e-05
-0.00033207
-0.0006507085
-0.001015904
-0.00130664
-0.001409618
-0.001382244
-0.001187822
-0.0007310016
-0.0001528103
0.0004345843
0.0009424088
0.001239215
0.001293028
0.001236081
0.001135756
0.001045578
0.000907766
0.0006381384
0.0002862225
-1.68556e-05
-0.0001425547
-0.0001044689
8.075162e-05
0.0004015193
0.0008527602
0.001431661
0.002034175
0.002633188
0.003206849
0.003629491
0.003808145
0.003870865
0.003903802
0.00378792
0.003423195
0.002903183
0.002410509
0.002066922
0.001920037
0.00188515
0.001908435
0.002008513
0.00230372
0.002771239
0.00328505
0.003739419
0.004132262
0.004456941
0.004701627
0.004956616
0.005100615
0.004976309
0.004685445
0.004397924
0.004111191
0.003662736
0.003147743
0.002802676
0.002571476
0.00231575
0.002183235
0.002109313
0.001994052
0.001943016
0.002015891
0.002111007
0.002115167
0.0021545
0.002226859
0.002273246
0.002233715
0.002136158
0.002107216
0.002147395
0.002247088
0.002334789
0.002305442
0.002254047
0.00227046
0.002341705
0.002360283
0.002244739
0.002046186
0.001814474
0.001589118
0.001326955
0.001072532
0.0009916151
0.00109717
0.001275347
0.00150644
0.001835903
0.002174765
0.002433922
0.002611098
0.0026401
0.002498853
0.002245223
0.001925786
0.001545308
0.001237508
0.001115577
0.00110587
0.001077758
0.001092987
0.001337196
0.00176764
0.002224523
0.002630495
0.002982372
0.003349689
0.003759042
0.004093893
0.004322801
0.004446133
0.004379031
0.004198886
0.004094754
0.004030015
0.003844032
0.003519781
0.003163033
0.002828459
0.00257691
0.002484338
0.002625902
0.002974317
0.00327967
0.003428693
0.003493249
0.003474968
0.003399009
0.003252575
0.003081353
0.002916355
0.002704119
0.002414195
0.001994585
0.001418067
0.0008409202
0.000386093
-1.16138e-06
-0.000390849
-0.0008748474
-0.001431244
-0.001953418
-0.002338216
-0.002620421
-0.002777002
-0.002726325
-0.002534098
-0.002321654
-0.002146194
-0.002121041
-0.002259349
-0.002417211
-0.002464363
-0.00249578
-0.00267331
-0.002938076
-0.003249154
-0.003540045
-0.003747952
-0.003941529
-0.00409686
-0.00409965
-0.003930265
-0.003752288
-0.003673353
-0.00367276
-0.003697973
-0.003780054
-0.003947086
-0.004225761
-0.004515061
-0.004742075
-0.004897287
-0.004954279
-0.004887333
-0.004770028
-0.004595423
-0.004268962
-0.003846947
-0.003440248
-0.003076186
-0.002706902
-0.002235194
-0.001738302
-0.001351251
-0.001052384
-0.0008129634
-0.0006351693
-0.0005650942
-0.0006006292
-0.0007512856
-0.0009311277
-0.0009626815
-0.000864798
-0.0007690226
-0.0007157048
-0.0007150517
-0.0008007723
-0.000945054
-0.00103188
-0.001011156
-0.0009429216
-0.0008990245
-0.0008943666
-0.0009585894
-0.0009319698
-0.0006768484
-0.0003020018
8.568402e-05
0.000506568
0.0009825192
0.001471592
0.001929634
0.002297434
0.002499459
0.002533966
0.002406375
0.002190459
0.001844246
0.001265956
0.0006269789
0.0001310068
-0.0001772847
-0.0003355118
-0.0003725732
-0.0002778557
1.458667e-05
0.0004937479
0.0010587
0.001599867
0.002022953
0.002276235
0.002351384
0.002223597
0.00190884
0.001487039
0.0009092811
0.0001636347
-0.0007049448
-0.001543773
-0.002243651
-0.002747417
-0.002910812
-0.002773241
-0.002454139
-0.00194429
-0.00127759
-0.000534748
0.0002218722
0.0009006298
0.001414917
0.001827848
0.002172538
0.002337503
0.002350008
0.002325505
0.002283321
0.002194258
0.002093144
0.00211071
0.00226298
0.002383376
0.002395416
0.002423585
0.002562265
0.002735907
0.0029315
0.003215332
0.003511869
0.003735671
0.003844956
0.003885492
0.003906699
0.00382517
0.003542285
0.003121523
0.002722261
0.002271281
0.001820892
0.001476913
0.001336316
0.001373447
0.001429534
0.001508481
0.001635344
0.001738925
0.001830588
0.001987406
0.002214638
0.00231882
0.002114369
0.001671611
0.001256619
0.00108039
0.0009880461
0.0009292592
0.00102768
0.001142773
0.001236431
0.001349775
0.001454604
0.001433036
0.001192711
0.0009007891
0.0007091274
0.0005760733
0.0004793056
0.0003708883
0.0002155873
8.990557e-05
-7.756977e-05
-0.0003222898
-0.0006469937
-0.0007238197
-0.0006556733
-0.0005414944
-0.0004817488
-0.0004568855
-0.0004487339
-0.0004925209
-0.0006502846
-0.0009462555
-0.001260774
-0.001524474
-0.001852131
-0.002254255
-0.00262294
-0.00287174
-0.002931303
-0.002890175
-0.002847159
-0.002710528
-0.002496883
-0.002312367
-0.00217937
-0.002102088
-0.00202684
-0.001931485
-0.001899058
-0.00201278
-0.002253342
-0.002472557
-0.002604352
-0.002644628
-0.002569961
-0.002441001
-0.00237252
-0.002365104
-0.002353294
-0.002185019
-0.001783738
-0.00127097
-0.0007699887
-0.0004168474
-0.0002371026
-0.000162928
-0.0002364934
-0.0004717377
-0.0007966029
-0.001181495
-0.001534167
-0.001806164
-0.002048673
-0.00223261
-0.002219479
-0.00200259
-0.001744812
-0.001427818
-0.001089076
-0.0008557589
-0.0007741235
-0.0008202336
-0.0008775923
-0.0008690047
-0.0008954296
-0.001116121
-0.001523177
-0.001947408
-0.002317361
-0.002776967
-0.003245447
-0.003625187
-0.003930678
-0.004132445
-0.00416792
-0.004056924
-0.00380589
-0.003411611
-0.002952891
-0.002437663
-0.00186462
-0.00123397
-0.0007182381
-0.0004709099
-0.0004058829
-0.0003620289
-0.0002187363
2.721586e-06
0.0002038474
0.0003022806
0.0003314123
0.0003749881
0.0004812742
0.0006338521
0.0008198715
0.0009313983
0.0009628863
0.001088348
0.001360178
0.001617183
0.00173874
0.001791265
0.001932283
0.002222779
0.002536432
0.002765017
0.002900697
0.002828075
0.002523604
0.002073415
0.001583375
0.001114269
0.0006628208
0.0002722076
-9.928614e-05
-0.000322101
-0.000322859
-0.0003339867
-0.0004331097
-0.0005032068
-0.0005236195
-0.0006057645
-0.0007876114
-0.001071193
-0.001524776
-0.001923514
-0.002026588
-0.001930448
-0.001776834
-0.001539873
-0.001153748
-0.0005576058
0.000100669
0.0007336252
0.001321071
0.001795003
0.002160287
0.002362536
0.002301243
0.002057435
0.001816841
0.00163165
0.001563539
0.001697592
0.001959126
0.002220745
0.002457404
0.00273325
0.002975012
0.003076777
0.003058515
0.002869907
0.002531013
0.002126899
0.001658968
0.001231088
0.0009817988
0.0009089854
0.0007960956
0.0006303409
0.0005426416
0.0005340979
0.0005452724
0.0005696362
0.0005795546
0.0004963705
0.0003530427
0.0002545227
0.0002554427
0.0002680107
0.0002037693
0.0001367367
8.669718e-05
-2.04325e-05
-0.0002123827
-0.0004970972
-0.0008113121
-0.001109965
-0.001354694
-0.001643293
-0.002100519
-0.002658135
-0.00315858
-0.003425368
-0.003439715
-0.003218627
-0.002902633
-0.002717662
-0.002681376
-0.002676678
-0.002550573
-0.002403074
-0.002267626
-0.002132308
-0.002068591
-0.002029198
-0.001889853
-0.001664286
-0.001504514
-0.001528774
-0.001651207
-0.001801896
-0.001977776
-0.002222697
-0.002580717
-0.003005631
-0.003433521
-0.003837382
-0.004093449
-0.004103108
-0.003846415
-0.003351198
-0.002765269
-0.002270077
-0.001900927
-0.001675234
-0.001554434
-0.001455863
-0.001380426
-0.001321991
-0.0013327
-0.001452715
-0.001714662
-0.0020083
-0.002123992
-0.002145617
-0.002141241
-0.002132674
-0.002147541
-0.002125765
-0.002087531
-0.002100356
-0.002068498
-0.001888893
-0.001494711
-0.0009964387
-0.0005710888
-0.000286574
-0.000106253
6.046307e-05
7.484947e-05
-0.000117242
-0.0004701513
-0.0008811889
-0.001265762
-0.001591775
-0.001916658
-0.002242218
-0.002595535
-0.002984528
-0.003318154
-0.003525907
-0.003604147
-0.003551731
-0.003426387
-0.003337752
-0.00332559
-0.003333892
-0.003350071
-0.003322301
-0.003226962
-0.00305928
-0.002736851
-0.00231459
-0.001925374
-0.001671107
-0.001502785
-0.001378154
-0.001321807
-0.001407598
-0.001570205
-0.001682231
-0.001762557
-0.001917584
-0.002127895
-0.002275677
-0.00227925
-0.002115813
-0.00180924
-0.001339918
-0.0007789296
-0.0002654012
0.0001011024
0.000335784
0.00040426
0.0002996289
0.0001080632
-7.541784e-05
-0.0002542949
-0.0005386855
-0.0009286963
-0.001323669
-0.001630585
-0.001880074
-0.002118278
-0.002390246
-0.00256832
-0.002488891
-0.002255677
-0.002077414
-0.002006187
-0.001945392
-0.001846287
-0.001763157
-0.001729638
-0.001707162
-0.00161258
-0.001493559
-0.001460713
-0.00144467
-0.001427654
-0.001361652
-0.001222841
-0.001145144
-0.001190634
-0.001339102
-0.00148743
-0.001571554
-0.001628355
-0.001638434
-0.001551418
-0.001452731
-0.001416718
-0.001364134
-0.001202717
-0.0009250954
-0.0005450873
-0.0001028851
0.000316787
0.0006662849
0.0009114564
0.001082114
0.001182982
0.001325793
0.001472969
0.001587227
0.001783782
0.002050662
0.002231392
0.002210189
0.002023304
0.00179352
0.001592286
0.001447098
0.001342038
0.001374665
0.001608993
0.001964389
0.002315485
0.002625889
0.002839889
0.002850788
0.002765038
0.002812297
0.003002544
0.003168591
0.003278399
0.003468824
0.003716188
0.003842458
0.003957169
0.004122132
0.004233779
0.004193819
0.004056556
0.003757594
0.003267855
0.002747629
0.002345846
0.002113639
0.001979459
0.002012645
0.002262718
0.00264433
0.003073948
0.003467622
0.003729444
0.003868053
0.003830112
0.003580274
0.003128809
0.002520266
0.001924811
0.001419783
0.0009513989
0.0005186284
0.0001019775
-0.0002858382
-0.0005987404
-0.0008206815
-0.001000826
-0.001172654
-0.001318794
-0.001462377
-0.001615536
-0.00177038
-0.001930671
-0.002024183
-0.00194659
-0.001773469
-0.001559291
-0.001384363
-0.001270339
-0.00114494
-0.001007563
-0.0009824637
-0.001159841
-0.001473257
-0.001722016
-0.001779335
-0.001748316
-0.001763717
-0.001779733
-0.001679129
-0.00145987
-0.001207742
-0.0009354551
-0.0007540069
-0.0006751493
-0.0005821403
-0.0005101733
-0.0005587795
-0.0006147539
-0.0007228392
-0.0009812177
-0.00122336
-0.001316493
-0.001378273
-0.001489786
-0.001552652
-0.001543534
-0.001589535
-0.001730606
-0.001791244
-0.001720436
-0.001681034
-0.001785307
-0.00201444
-0.002236634
-0.002308807
-0.002242587
-0.002141624
-0.002053544
-0.001952251
-0.001798914
-0.00159133
-0.001440903
-0.001347458
-0.001244305
-0.001058462
-0.0008260558
-0.0006657204
-0.0006270112
-0.0006505897
-0.0007408236
-0.0008350823
-0.0008533839
-0.000867736
-0.0009122291
-0.0009784645
-0.001102113
-0.00134632
-0.001729947
-0.002121949
-0.002410347
-0.002635364
-0.002848999
-0.003037358
-0.003134397
-0.003117046
-0.003040374
-0.002943534
-0.002769831
-0.002529438
-0.002280083
-0.001957788
-0.001565127
-0.001139552
-0.0006966795
-0.0003289566
-0.000106839
-9.706131e-05
-0.0002847738
-0.0005724597
-0.0008651295
-0.001129188
-0.001437512
-0.001763727
-0.001980183
-0.00199041
-0.00186037
-0.001683556
-0.001471075
-0.001250794
-0.001049852
-0.0009876536
-0.001041486
-0.001100448
-0.001111805
-0.001095865
-0.001055526
-0.0009156792
-0.0007767955
-0.0006925201
-0.0006148614
-0.0005478943
-0.00045565
-0.0002763058
-0.0001236518
-6.997035e-05
-5.4569e-05
-6.666045e-05
-7.617945e-05
2.617438e-06
0.0001592723
0.0002990376
0.0003596823
0.0003680426
0.000355144
0.0003016061
0.0002220193
0.0001747686
0.0001539569
0.0001138416
9.507917e-05
0.0001564356
0.0002626778
0.0004004437
0.000582047
0.0007824538
0.00101662
0.001226237
0.001318191
0.001297954
0.001177866
0.0009865089
0.0007796687
0.0005707733
0.0004309058
0.0004087958
0.0004658078
0.0005792876
0.0007435732
0.0009299483
0.001112148
0.001262404
0.001404031
0.001474484
0.001422786
0.001367351
0.001333116
0.001264518
0.001181722
0.001204862
0.001355763
0.001491517
0.001575196
0.001717271
0.001897749
0.001984433
0.001994612
0.002000978
0.002008514
0.002066371
0.00223956
0.002486121
0.002680512
0.002764928
0.002838794
0.002965856
0.003094988
0.003169359
0.003161982
0.003049776
0.002886061
0.002737566
0.00264714
0.002631932
0.002667659
0.00273718
0.002824891
0.002905194
0.003014381
0.003166691
0.003313707
0.003385327
0.00335928
0.003210971
0.002928724
0.002557191
0.002157627
0.00177993
0.001444497
0.001117518
0.0008143996
0.0005538192
0.0003416949
0.0001979079
0.000158137
0.00019436
0.0002644269
0.0003350542
0.0004652014
0.0007138207
0.0009868146
0.001252964
0.001476033
0.001596009
0.001587245
0.001549242
0.001516042
0.001374574
0.001108902
0.0008766617
0.0007593238
0.0006488718
0.0005394819
0.0005243552
0.0005832642
0.0006645551
0.0008292041
0.001108727
0.001388719
0.001511722
0.001469311
0.001376699
0.001340795
0.001295134
0.00113507
0.0008712446
0.0006094359
0.00044107
0.0002795296
1.630509e-05
-0.0002619384
-0.0003548747
-0.0003031986
-0.0003004405
-0.0004182614
-0.0005622985
-0.0006258261
-0.000610071
-0.0005877118
-0.0005422221
-0.0004055814
-0.0001937088
-1.834588e-05
4.228375e-05
1.767977e-05
-1.048786e-07
7.546299e-05
0.0002149713
0.0003126118
0.0003282093
0.0003208064
0.0002882673
0.0002392228
0.000204659
0.0002096947
0.0003263612
0.0004898754
0.0006259797
0.0007439837
0.0008177563
0.0008507598
0.0008657473
0.0009224821
0.001071001
0.001237169
0.00136628
0.001463957
0.001526424
0.00146459
0.001284019
0.001099303
0.0009521185
0.0007617693
0.0004909837
0.0001629406
-0.0001191712
-0.0002929294
-0.0003379604
-0.000279621
-0.0002466084
-0.0003033369
-0.000380243
-0.0004537835
-0.000585082
-0.000765758
-0.0009292991
-0.001020189
-0.001093564
-0.001297212
-0.001625478
-0.001924997
-0.002147078
-0.002318036
-0.002397276
-0.00236095
-0.002305296
-0.002330944
-0.002353999
-0.002337822
-0.002309705
-0.002253357
-0.002206018
-0.002181725
-0.002124892
-0.002021196
-0.001910394
-0.001788265
-0.001640633
-0.001506885
-0.001437647
-0.00137809
-0.001268351
-0.001159843
-0.001097777
-0.001072097
-0.001106208
-0.001170022
-0.001201519
-0.001166451
-0.001092139
-0.0009547361
-0.0007427319
-0.0005206771
-0.0003217795
-0.0001547695
-4.395073e-05
-1.709023e-05
-3.665805e-05
-6.258524e-05
-0.0001495473
-0.0002594218
-0.0002841492
-0.0002114192
-8.592274e-05
0.0001414065
0.0004881718
0.00087114
0.001214718
0.001541137
0.001860855
0.002100562
0.002293485
0.00242613
0.002438771
0.002350947
0.002220101
0.002103242
0.002054185
0.002095848
0.002196419
0.002287407
0.002359946
0.002468785
0.002610075
0.002793191
0.003033414
0.00326007
0.003407876
0.003429986
0.003374456
0.003331608
0.003287673
0.003203931
0.003087607
0.002946361
0.002758216
0.002526786
0.002282693
0.002061016
0.001896769
0.001787648
0.001700633
0.001599793
0.001509593
0.001460898
0.001390925
0.001324554
0.001305509
0.001316149
0.001364895
0.001408508
0.001415931
0.0014145
0.001371258
0.00126824
0.001160627
0.001066662
0.0009351504
0.0007452969
0.0005753187
0.0005143241
0.0004919036
0.0004865612
0.0005218707
0.0005674013
0.0005930958
0.0006303486
0.0006696624
0.0006558114
0.0006115951
0.0005829657
0.0005601888
0.0004975208
0.0004116617
0.0003285946
0.0002400439
0.0001786284
0.000182547
0.0002860378
0.0004320677
0.0005992955
0.000777641
0.0009196085
0.001019986
0.001161683
0.00134891
0.001502262
0.001611944
0.00165008
0.001566947
0.001392993
0.001228107
0.001051725
0.0008626425
0.0007596895
0.000764499
0.0007827478
0.0007628781
0.0007468718
0.0008041041
0.0009123726
0.001021795
0.001139155
0.001251339
0.001330851
0.001332626
0.001289591
0.001260372
0.001258157
0.001200362
0.001081093
0.001002378
0.0009515822
0.0008465866
0.0006851479
0.0005777961
0.0005344815
0.0004711807
0.0003986176
0.0003554322
0.0003442002
0.0003897783
0.0005323876
0.0007075828
0.0007671155
0.0007221091
0.0007152497
0.0006881012
0.0005345686
0.0003024649
0.0001116201
-3.243553e-06
-0.0001134176
-0.0002626106
-0.0004034627
-0.0004310806
-0.0003287256
-0.0001732823
-4.936538e-06
0.0001444979
0.0002587962
0.0003870318
0.0005096446
0.0005672804
0.0005262768
0.0003863472
0.0002401644
0.0001473567
6.32537e-05
-2.770754e-05
-8.05879e-05
-8.348155e-05
-6.492332e-05
-2.608797e-05
2.773183e-05
0.0001128854
0.0001895959
0.0002229504
0.0002109283
0.0001599716
8.386541e-05
-1.763724e-05
-0.0001424987
-0.0002704795
-0.0003249426
-0.0002904742
-0.0002310201
-0.0001647279
-6.4287e-05
7.792456e-05
0.000185236
0.0002175504
0.0001919596
0.0001046815
-4.935868e-05
-0.0002105665
-0.0003268714
-0.0003919188
-0.0004115295
-0.0003776633
-0.000297611
-0.0002009564
-9.805861e-05
-9.864001e-06
2.481701e-05
-5.542761e-07
-0.0001041609
-0.0002874338
-0.0005197002
-0.0007444365
-0.0009131985
-0.001023641
-0.001064165
-0.0009896277
-0.0008518575
-0.0007444547
-0.0006784421
-0.0006335659
-0.0006143594
-0.0006205327
-0.0006474006
-0.0006768599
-0.000709077
-0.0007707361
-0.0008142796
-0.0007907625
-0.0007388304
-0.0006963692
-0.000626748
-0.0005159366
-0.0004483552
-0.000479898
-0.0005268039
-0.0005089331
-0.0004654112
-0.000444448
-0.0004295964
-0.0004132101
-0.0003430062
-0.0001822557
2.126947e-06
0.0001299377
0.0002409062
0.0004030823
0.0005719536
0.0007342672
0.0008673781
0.0009352165
0.000937207
0.0008783159
0.0007530735
0.0006388733
0.0005825081
0.0005539009
0.0005395677
0.0005262394
0.0005183387
0.0005328703
0.0005398414
0.0005281252
0.0005624647
0.0006587589
0.0007466871
0.0008076458
0.0008625824
0.0008875203
0.0008604114
0.0007927218
0.0007112529
0.0006186871
0.0004833803
0.0003329355
0.0001942725
2.911079e-05
-0.0001713242
-0.0003439541
-0.0004492679
-0.0004926717
-0.0004961776
-0.0004508714
-0.0003634545
-0.0002822456
-0.0002422258
-0.0002041368
-0.0001461712
-0.0001289563
-0.0001685178
-0.000200967
-0.00019784
-0.000173019
-0.0001672685
-0.0001914352
-0.0002349474
-0.0002450322
-0.0002074918
-0.0001874714
-0.0001680872
-0.0001232495
-9.236581e-05
-0.0001056441
-0.0001417474
-0.0002157219
-0.0003251722
-0.0004044942
-0.0004596824
-0.0004980071
-0.0004992985
-0.0005048711
-0.0004974429
-0.0004340169
-0.0003576928
-0.0003063917
-0.0002877816
-0.0003226865
-0.0003741173
-0.0003894233
-0.0003897626
-0.0004364309
-0.0005563575
-0.00069185
-0.0007932576
-0.0008541452
-0.0009061937
-0.0009338066
-0.0008893522
-0.0007776186
-0.0006341854
-0.0004762197
-0.0003184368
-0.0001974313
-0.0001389279
-0.0001202685
-0.0001194811
-0.0001393518
-0.0001828517
-0.0002319652
-0.0002702455
-0.0003109742
-0.000361183
-0.0004262575
-0.0004801944
-0.0004848432
-0.0004460398
-0.0003513037
-0.0001986296
-3.715404e-05
8.733525e-05
0.000169076
0.000248165
0.0003218047
0.0003593899
0.0003716573
0.0003466576
0.0002929851
0.0002338212
0.0001497715
3.792612e-05
-9.31083e-05
-0.0002033601
-0.0002755614
-0.0003157653
-0.0003218878
-0.0002854137
-0.0002153935
-0.0001108163
4.046354e-05
0.000204398
0.0003485534
0.0004588706
0.000514937
0.0004798788
0.0003935541
0.0003393882
0.0003039874
0.0002723795
0.0002425114
0.0001934994
0.000147663
0.0001628712
0.00023446
0.0003350526
0.0004590744
0.0005826129
0.0006794917
0.0007511234
0.0007867598
0.0007885157
0.0007406619
0.0006337372
0.0004878299
0.0003297398
0.0002041298
9.1088e-05
-3.206448e-05
-0.0001209033
-0.0001394901
-0.000106841
-5.984238e-05
-1.903262e-05
4.543211e-06
1.85846e-05
3.063205e-05
2.257688e-05
-3.09033e-05
-0.0001101341
-0.0002053304
-0.0002954709
-0.0003508296
-0.0004037803
-0.0004636654
-0.0005230592
-0.0005695044
-0.0005596603
-0.0004878011
-0.0004069852
-0.0003601272
-0.0003544462
-0.000366773
-0.000370523
-0.0003700217
-0.0003819731
-0.0003970193
-0.0004046556
-0.0003784502
-0.0003303296
-0.0002856932
-0.0002626525
-0.000263994
-0.000273156
-0.0002644877
-0.000236319
-0.0002223312
-0.0002363005
-0.0002550766
-0.0002674867
-0.0002740899
-0.0002677311
-0.0002449237
-0.0002008679
-0.0001195769
-9.357947e-06
9.44548e-05
0.0001603687
0.0002025361
0.0002483137
0.0003064088
0.0003675944
0.0004061397
0.0004317896
0.0004608127
0.0004913117
0.0005284591
0.0005755959
0.0006261074
0.0006753878
0.000720979
0.0007587668
0.0007843877
0.0008015898
0.000829881
0.0008842007
0.0009638502
0.001024876
0.001054756
0.001083749
0.001098509
0.001078902
0.001029925
0.0009741622
0.0009103833
0.0008312932
0.000738646
0.0006277372
0.0005162008
0.0004087533
0.0003057936
0.0002248135
0.0001737474
0.0001532074
0.0001609687
0.0001808542
0.0001984755
0.000210638
0.0002178811
0.0002285538
0.0002424369
0.000244224
0.0002078495
0.0001474113
9.120278e-05
3.744338e-05
-3.141471e-05
-0.0001120388
-0.0001896276
-0.0002454824
-0.0002581799
-0.0002350882
-0.0002199976
-0.0002103284
-0.0001800813
-0.000130501
-6.985898e-05
-8.875984e-06
4.899434e-05
8.381007e-05
8.02696e-05
3.692941e-05
-2.196629e-05
-8.400409e-05
-0.0001550851
-0.0002157137
-0.0002410335
-0.0002329028
-0.0002139479
-0.0001977248
-0.0001831803
-0.000166236
-0.0001530531
-0.0001334796
-0.0001040133
-8.183806e-05
-8.187031e-05
-9.740577e-05
-0.0001037095
-8.709243e-05
-5.514011e-05
-1.435794e-05
3.418327e-05
9.113792e-05
0.0001546827
0.0002032124
0.0002227033
0.0002243397
0.0002242482
0.000214603
0.0001924903
0.0001558464
9.980502e-05
3.20339e-05
-2.551597e-05
-6.41672e-05
-0.0001014503
-0.0001515847
-0.0002095139
-0.0002509582
-0.0002549217
-0.000227222
-0.0001873171
-0.0001575689
-0.0001420482
-0.000124749
-9.38189e-05
-6.70505e-05
-5.960534e-05
-6.072801e-05
-7.052377e-05
-9.372011e-05
-0.0001306318
-0.0001761882
-0.0002294567
-0.0002930962
-0.0003491876
-0.0003840801
-0.0004020622
-0.0004039278
-0.0003862174
-0.0003624564
-0.0003431222
-0.0003164697
-0.0002784312
-0.0002429217
-0.0002181956
-0.0001982005
-0.0001741335
-0.0001517247
-0.0001436303
-0.0001541676
-0.0001754552
-0.000190146
-0.0001915819
-0.0001839915
-0.0001864511
-0.0002002255
-0.0002222773
-0.0002423518
-0.0002434903
-0.0002347113
-0.0002213392
-0.0001974826
-0.0001659088
-0.0001348161
-9.986729e-05
-6.042054e-05
-2.74273e-05
4.411887e-06
3.937111e-05
7.521024e-05
0.0001060043
0.0001291829
0.00014947
0.0001692074
0.0001812457
0.0001806884
0.0001694195
0.0001491065
0.0001228717
0.0001022715
0.0001011387
0.0001196912
0.0001421152
0.0001727471
0.0002150209
0.0002615889
0.0003116222
0.0003605948
0.0003977413
0.0004180834
0.0004236746
0.0004140359
0.0003896541
0.0003502454
0.000306018
0.000270092
0.0002447893
0.0002336591
0.0002359085
0.000251681
0.0002795893
0.0003064658
0.0003201638
0.0003209847
0.0003155726
0.0003040859
0.0002867708
0.0002620464
0.0002345119
0.0002097709
0.0001880703
0.0001752641
0.0001785432
0.0001955354
0.000214871
0.000240325
0.0002780014
0.0003194154
0.0003509976
0.0003583237
0.000342696
0.0003164296
0.0002891571
0.000260405
0.0002326768
0.0002146626
0.0002078191
0.0002108337
0.0002226669
0.0002369849
0.0002476296
0.0002549367
0.0002592564
0.0002630647
0.0002735552
0.0002860511
0.0002903013
0.0002862993
0.0002764715
0.0002686839
0.0002566279
0.0002322189
0.0002024607
0.0001708875
0.0001391162
0.000111781
9.646821e-05
9.425683e-05
9.842425e-05
0.0001050506
0.0001157396
0.0001280048
0.000136712
0.0001429717
0.0001505231
0.0001588382
0.0001625161
0.0001590998
0.0001516171
0.0001435199
0.0001354637
0.0001315274
0.0001351827
0.0001426434
0.0001494151
0.0001537213
0.0001559254
0.0001526197
0.0001418871
0.0001296655
0.0001170797
0.00010009
7.92063e-05
5.799458e-05
4.081906e-05
3.379604e-05
3.943582e-05
5.306616e-05
7.108831e-05
8.928955e-05
0.0001041948
0.0001163144
0.0001236994
0.0001237751
0.0001149934
9.94686e-05
8.442485e-05
6.836365e-05
4.799576e-05
2.959274e-05
1.534616e-05
5.963953e-06
1.586494e-06
2.258726e-06
6.796216e-06
1.414022e-05
2.420353e-05
3.540696e-05
4.830328e-05
5.894362e-05
6.227886e-05
6.212757e-05
6.196944e-05
6.175397e-05
6.227536e-05
6.501127e-05
6.553052e-05
6.132495e-05
5.529641e-05
4.724518e-05
3.589502e-05
2.29796e-05
1.110337e-05
-8.156167e-07
-1.59239e-05
-3.140613e-05
-4.146089e-05
-4.63568e-05
-4.930018e-05
-4.968119e-05
-4.616715e-05
-4.019601e-05
-3.384307e-05
-2.938998e-05
-2.942442e-05
-3.270111e-05
-3.647488e-05
-4.231557e-05
-4.958998e-05
-5.659846e-05
-6.420785e-05
-7.240848e-05
-8.144152e-05
-9.051902e-05
-9.734207e-05
-0.0001017097
-0.0001046315
-0.0001056024
-0.0001042726
-0.000102103
-9.950848e-05
-9.375931e-05
-8.670566e-05
-8.063254e-05
-7.540479e-05
-7.123719e-05
-6.838651e-05
-6.738187e-05
-6.902604e-05
-7.317526e-05
-7.679251e-05
-8.061724e-05
-8.595877e-05
-9.2375e-05
-9.804637e-05
-0.0001008562
-0.0001013127
-9.982139e-05
-9.758569e-05
-9.456563e-05
-9.221023e-05
-9.125724e-05
-8.928318e-05
-8.596387e-05
-8.362457e-05
-8.45602e-05
-8.742736e-05
-9.103778e-05
-9.447025e-05
-9.687331e-05
-9.882424e-05
-9.961721e-05
-9.821008e-05
-9.518743e-05
-9.140869e-05
-8.76952e-05
-8.420511e-05
-8.181118e-05
-8.129675e-05
-8.333455e-05
-8.715852e-05
-9.15353e-05
-9.694088e-05
-0.0001019205
-0.0001057499
-0.0001082444
-0.0001089359
-0.0001077501
-0.0001046752
-0.0001005402
-9.487035e-05
-8.802689e-05
-8.224453e-05
-7.863793e-05
-7.759142e-05
-7.845956e-05
-7.985578e-05
-8.175621e-05
-8.417834e-05
-8.587115e-05
-8.655803e-05
-8.621745e-05
-8.566841e-05
-8.510013e-05
-8.343789e-05
-8.072239e-05
-7.819053e-05
-7.6297e-05
-7.453309e-05
-7.33382e-05
-7.362634e-05
-7.48971e-05
-7.597636e-05
-7.664487e-05
-7.715415e-05
-7.851888e-05
-8.032683e-05
-8.128888e-05
-8.188642e-05
-8.347848e-05
-8.582606e-05
-8.772322e-05
-8.814456e-05
-8.767921e-05
-8.728798e-05
-8.733621e-05
-8.72441e-05
-8.631451e-05
-8.524131e-05
-8.475425e-05
-8.481124e-05
-8.550367e-05
-8.63182e-05
-8.651423e-05
-8.636348e-05
-8.654349e-05
-8.71734e-05
-8.77523e-05
-8.820213e-05
-8.850218e-05
-8.841275e-05
-8.767595e-05
-8.651555e-05
-8.565319e-05
-8.545705e-05
-8.551004e-05
-8.547388e-05
-8.567876e-05
-8.607288e-05
-8.638308e-05
-8.636775e-05
-8.63932e-05
-8.690245e-05
-8.782297e-05
-8.867097e-05
-8.890561e-05
-8.865849e-05
-8.825583e-05
-8.741039e-05
-8.60142e-05
-8.457529e-05
-8.335158e-05
-8.196457e-05
-8.044915e-05
-7.942488e-05
-7.901251e-05
-7.88929e-05
-7.903855e-05
-7.971223e-05
-8.096087e-05
-8.210158e-05
-8.284978e-05
-8.34101e-05
-8.385615e-05
-8.42735e-05
-8.450351e-05
-8.448419e-05
-8.447946e-05
-8.427967e-05
-8.376107e-05
-8.347211e-05
-8.378347e-05
-8.44673e-05
-8.523217e-05
-8.597313e-05
-8.6751e-05
-8.750053e-05
-8.805132e-05
-8.838197e-05
-8.864039e-05
-8.897314e-05
-8.926354e-05
-8.942173e-05
-8.953407e-05
-8.962083e-05
-8.973254e-05
-9.01477e-05
-9.102277e-05
-9.208205e-05
-9.295128e-05
-9.361905e-05
-9.41461e-05
-9.446701e-05
-9.46806e-05
-9.489117e-05
-9.520241e-05
-9.557144e-05
-9.594227e-05
-9.633534e-05
-9.675437e-05
-9.730067e-05
-9.804028e-05
-9.883454e-05
-9.950793e-05
-0.0001001414
-0.0001008576
-0.0001014832
-0.0001019343
-0.0001023117
-0.0001026457
-0.0001029562
-0.0001032308
-0.0001034911
-0.0001037963
-0.0001042364
-0.000104777
-0.0001053206
-0.0001058606
-0.0001064477
-0.0001069981
-0.0001074701
-0.0001078776
-0.0001082483
-0.0001086264
-0.0001089818
-0.0001092944
-0.0001096219
-0.0001099418
-0.000110249
-0.000110559
-0.0001108437
-0.0001111034
-0.0001113749
-0.0001116395
-0.0001118741
-0.0001121502
-0.0001125028
-0.0001128912
-0.0001132835
-0.000113654
-0.0001139907
-0.0001143076
-0.0001146286
-0.0001149589
-0.0001152774
-0.0001155568
-0.0001158135
-0.0001160824
-0.0001163636
-0.0001166287
-0.0001168667
-0.0001170995
-0.0001173555
-0.0001176399
-0.0001179248
-0.0001181932
-0.0001184606
-0.0001187325
-0.0001190026
-0.000119255
-0.0001194987
-0.0001197489
-0.000119994
-0.0001202279
-0.0001204589
-0.0001206956
-0.0001209305
-0.0001211551
-0.0001213722
-0.0001215831
-0.0001217895
-0.0001219993
-0.0001222163
-0.0001224344
-0.0001226527
-0.0001228733
-0.0001230938
-0.0001233122
-0.0001235293
-0.0001237434
-0.0001239552
-0.0001241663
-0.0001243751
-0.0001245822
-0.0001247839
-0.000124974
-0.0001251586
-0.0001253449
-0.0001255315
-0.000125718
-0.0001259058
-0.000126094
-0.0001262797
-0.0001264624
-0.0001266445
-0.0001268277
-0.0001270125
-0.000127197
-0.0001273798
-0.0001275613
-0.0001277411
-0.0001279184
-0.0001280939
-0.0001282683
-0.0001284424
-0.0001286159
-0.0001287873
-0.0001289561
-0.0001291244
-0.0001292928
-0.0001294612
-0.0001296292
-0.0001297967
-0.000129964
-0.0001301308
-0.0001302968
-0.0001304618
-0.0001306258
-0.0001307889
-0.0001309508
-0.0001311113
-0.0001312702
-0.0001314277
-0.000131584
-0.0001317391
-0.0001318931
-0.000132046
-0.0001321979
-0.0001323487
-0.0001324985
-0.0001326473
-0.0001327951
-0.0001329419
-0.0001330874
-0.0001332318
-0.0001333751
-0.0001335172
-0.0001336581
-0.0001337978
-0.0001339363
-0.0001340737
-0.0001342098
-0.0001343448
-0.0001344786
-0.0001346112
-0.0001347426
-0.0001348728
-0.0001350018
-0.0001351296
-0.0001352561
-0.0001353815
0
0
0
0
0
0
0
0
0
0
0
0
0
0
0
0
0
0
0
0
0
0
0
0
0
0
0
0
0
0
0
0
0
0
0
0
0
0
0
0
0
0
0
0
0
0
0
0
0
0
0
0
0
0
0
0
0
0
0
0
0
0
0
0
0
0
0
0
0
0
0
0
0
0
0
0
0
0
0
0
0
0
0
0
0
0
0
0
0
0
0
0
0
0
0
0
0
0
0
0
0
0
0
0
0
0
0
0
0
0
0
0
0
0
0
0
0
0
0
0
0
0
0
0
0
0
0
0
0
0
0
0
0
0
0
0
0
0
0
0
0
0
0
0
0
0
0
0
0
0
0
0
0
0
0
0
0
0
0
0
0
0
0
0
0
0
0
0
0
0
0
0
0
0
0
0
0
0
0
0
0
0
0
0
0
0
0
0
0
0
0
0
0
0
0
0
0
0
0
0
0
0
0
0
0
0
0
0
0
0
0
0
0
0
0
0
0
0
0
0
0
0
0
0
0
0
0
0
0
0
0
0
0
0
0
0
0
0
0
0
0
0
0
0
0
0
0
0
0
0
0
0
0
0
0
0
0
0
0
0
0
0
0
0
0
0
0
0
0
0
0
0
0
0
0
0
0
0
0
0
0
0
0
0
0
0
0
0
0
0
0
0
0
0
0
0
0
0
0
0
0
0
0
0
0
0
0
0
0
0
0
0
0
0
0
0
0
0
0
0
0
0
0
0
0
0
0
0
0
0
0
0
0
0
0
0
0
0
0
0
0
0
0
0
0
0
0
0
0
0
0
0
0
0
0
0
0
0
0
0
0
0
0
0
0
0
0
0
0
0
0
0
0
0
0
0
0
0
0
0
0
0
0
0
0
0
0
0
0
0
0
0
0
0
0
0
0
0
0
0
0
0
0
0
0
0
0
0
0
0
0
0
0
0
0
0
0
0
0
0
0
0
0
0
0
0
0
0
0
0
0
0
0
0
0
0
0
0
0
0
0
0
0
0
0
0
0
0
0
0
0
0
0
0
0
0
0
0
0
0
0
0
0
0
0
0
0
0
0
0
0
0
0
0
0
0
0
0
0
0
0
0
0
0
0
0
0
0
0
0
0
0
0
0
0
0
0
0
0
0
0
0
0
0
0
0
0
0
0
0
0
0
0
0
0
0
0
0
0
0
0
0
0
0
0
0
0
0
0
0
0
0
0
0
0
0
0
0
0
0
0
0
0
0
0
0
0
0
0
0
0
0
0
0
0
0
0
0
0
0
0
0
0
0
0
0
0
0
0
0
0
0
0
0
0
0
0
0
0
0
0
0
0
0
0
0
0
0
0
0
0
0
0
0
0
0
0
0
0
0
0
0
0
0
0
0
0
0
0
0
0
0
0
0
0
0
0
0
0
0
0
0
0
0
0
0
0
0
0
0
0
0
0
0
0
0
0
0
0
0
0
0
0
0
0
0
0
0
0
0
0
0
0
0
0
0
0
0
0
0
0
0
0
0
0
0
0
0
0
0
0
0
0
0
0
0
0
0
0
0
0
0
0
0
0
0
0
0
0
0
0
0
0
0
0
0
0
0
0
0
0
0
0
0
0
0
0
0
0
0
0
0
0
0
0
0
0
0
0
0
0
0
0
0
0
0
0
0
0
0
0
0
0
0
0
0
0
0
0
0
0
0
0
0
0
0
0
0
0
0
0
0
0
0
0
0
0
0
0
0
0
0
0
0
0
0
0
0
0
0
0
0
0
0
0
0
0
0
0
0
0
0
0
0
0
0
0
0
0
0
0
0
0
0
0
0
0
0
0
0
0
0
0
0
0
0
0
0
0
0
0
0
0
0
0
0
0
0
0
0
0
0
0
0
0
0
0
0
0
0
0
0
0
0
0
0
0
0
0
0
0
0
0
0
0
0
0
0
0
0
0
0
0
0
0
0
0
0
0
0
0
0
0
0
0
0
0
0
0
0
0
0
0
0
0
0
0
0
0
0
0
0
0
0
0
0
0
0
0
0
0
0
0
0
0
0
0
0
0
0
0
0
0
0
0
0
0
0
0
0
0
0
0
0
0
0
0
0
0
0
0
0
0
0
0
0
0
0
0
0
0
0
0
0
0
0
0
0
0
0
0
0
0
0
0
0
0
0
0
0
0
0
0
0
0
0
0
0
0
0
0
0
0
0
0
0
0
0
0
0
0
0
0
0
0
0
0
0
0
0
0
0
0
0
0
0
0
0
0
0
0
0
0
0
0
0
0
0
0
0
0
0
0
0
0
0
0
0
0
0
0
0
0
0
0
0
0
0
0
0
0
0
0
0
0
0
0
0
0
0
0
0
0
0
0
0
0
0
0
0
0
0
0
0
0
0
0
0
0
0
0
0
0
0
0
0
0
0
0
0
0
0
0
0
0
0
0
0
0
0
0
0
0
0
0
0
0
0
0
0
0
0
0
0
0
0
0
0
0
0
0
0
0
0
0
0
0
0
0
0
0
0
0
0
0
0
0
0
0
0
0
0
0
0
0
0
0
0
0
0
0
0
0
0
0
0
0
0
0
0
0
0
0
0
0
0
0
0
0
0
0
0
0
0
0
0
0
0
0
0
0
0
0
0
0
0
0
0
0
0
0
0
0
0
0
0
0
0
0
0
0
0
0
0
0
0
0
0
0
0
0
0
0
0
0
0
0
0
0
0
0
0
0
0
0
0
0
0
0
0
0
0
0
0
0
0
0
0
0
0
0
0
0
0
0
0
0
0
0
0
0
0
0
0
0
0
0
0
0
0
0
0
0
0
0
0
0
0
0
0
0
0
0
0
0
0
0
0
0
0
0
0
0
0
0
0
0
0
0
0
0
0
0
0
0
0
0
0
0
0
0
0
0
0
0
0
0
0
0
0
0
0
0
0
0
0
0
0
0
0
0
0
0
0
0
0
0
0
0
0
0
0
0
0
0
0
0
0
0
0
0
0
0
0
0
0
0
0
0
0
0
0
0
0
0
0
0
0
0
0
0
0
0
0
0
0
0
0
0
0
0
0
0
0
0
0
0
0
0
0
0
0
0
0
0
0
0
0
0
0
0
0
0
0
0
0
0
0
0
0
0
0
0
0
0
0
0
0
0
0
0
0
0
0
0
0
0
0
0
0
0
0
0
0
0
0
0
0
0
0
0
0
0
0
0
0
0
0
0
0
0
0
0
0
0
0
0
0
0
0
0
0
0
0
0
0
0
0
0
0
0
0
0
0
0
0
0
0
0
0
0
0
0
0
0
0
0
0
0
0
0
0
0
0
0
0
0
0
0
0
0
0
0
0
0
0
0
0
0
0
0
0
0
0
0
0
0
0
0
0
0
0
0
0
0
0
0
0
0
0
0
0
0
0
0
0
0
0
0
0
0
0
0
0
0
0
0
0
0
0
0
0
0
0
0
0
0
0
0
0
0
0
0
0
0
0
0
0
0
0
0
0
0
0
0
0
0
0
0
0
0
0
0
0
0
0
0
0
0
0
0
0
0
0
0
0
0
0
0
0
0
0
0
0
0
0
0
0
0
0
0
0
0
0
0
0
0
0
0
0
0
0
0
0
0
0
0
0
0
0
0
0
0
0
0
0
0
0
0
0
0
0
0
0
0
0
0
0
0
0
0
0
0
0
0
0
0
0
0
0
0
0
0
0
0
0
0
0
0
0
0
0
0
0
0
0
0
0
0
0
0
0
0
0
0
0
0
0
0
0
0
0
0
0
0
0
0
0
0
0
0
0
0
0
0
0
0
0
0
0
0
0
0
0
0
0
0
0
0
0
0
0
0
0
0
0
0
0
0
0
0
0
0
0
0
0
0
0
0
0
0
0
0
0
0
0
0
0
0
0
0
0
0
0
0
0
0
0
0
0
0
0
0
0
0
0
0
0
0
0
0
0
0
0
0
0
0
0
0
0
0
0
0
0
0
0
0
0
0
0
0
0
0
0
0
0
0
0
0
0
0
0
0
0
0
0
0
0
0
0
0
0
0
0
0
0
0
0
0
0
0
0
0
0
0
0
0
0
0
0
0
0
0
0
0
0
0
0
0
0
0
0
0
0
0
0
0
0
0
0
0
0
0
0
0
0
0
0
0
0
0
0
0
0
0
0
0
0
0
0
0
0
0
0
0
0
0
0
0
0
0
0
0
0
0
0
0
0
0
0
0
0
0
0
0
0
0
0
0
0
0
0
0
0
0
0
0
0
0
0
0
0
0
0
0
0
0
0
0
0
0
0
0
0
0
0
0
0
0
0
0
0
0
0
0
0
0
0
0
0
0
0
0
0
0
0
0
0
0
0
0
0
0
0
0
0
0
0
0
0
0
0
0
0
0
0
0
0
0
0
0
0
0
0
0
0
0
0
0
0
0
0
0
0
0
0
0
0
0
0
0
0
0
0
0
0
0
0
0
0
0
0
0
0
0
0
0
0
0
0
0
0
0
0
0
0
0
0
0
0
0
0
0
0
0
0
0
0
0
0
0
0
0
0
0
0
0
0
0
0
0
0
0
0
0
0
0
0
0
0
0
0
0
0
0
0
0
0
0
0
0
0
0
0
0
0
0
0
0
0
0
0
0
0
0
0
0
0
0
0
0
0
0
0
0
0
0
0
0
0
0
0
0
0
0
0
0
0
0
0
0
0
0
0
0
0
0
0
0
0
0
0
0
0
0
0
0
0
0
0
0
0
0
0
0
0
0
0
0
0
0
0
0
0
0
0
0
0
0
0
0
0
0
0
0
0
0
0
0
0
0
0
0
0
0
0
0
0
0
0
0
0
0
0
0
0
0
0
0
0
0
0
0
0
0
0
0
0
0
0
0
0
0
0
0
0
0
0
0
0
0
0
0
0
0
0
0
0
0
0
0
0
0
0
0
0
0
0
0
0
0
0
0
0
0
0
0
0
0
0
0
0
0
0
0
0
0
0
0
0
0
0
0
0
0
0
0
0
0
0
0
0
0
0
0
0
0
0
0
0
0
0
0
0
0
0
0
0
0
0
0
0
0
0
0
0
0
0
0
0
0
0
0
0
0
0
0
0
0
0
0
0
0
0
0
0
0
0
0
0
0
0
0
0
0
0
0
0
0
0
0
0
0
0
0
0
0
0
0
0
0
0
0
0
0
0
0
0
0
0
0
0
0
0
0
0
0
0
0
0
0
0
0
0
0
0
0
0
0
0
0
0
0
0
0
0
0
0
0
0
0
0
0
0
0
0
0
0
0
0
0
0
0
0
0
0
0
0
0
0
0
0
0
0
0
0
0
0
0
0
0
0
0
0
0
0
0
0
0
0
0
0
0
0
0
0
0
0
0
0
0
0
0
0
0
0
0
0
0
0
0
0
0
0
0
0
0
0
0
0
0
0
0
0
0
0
0
0
0
0
0
0
0
0
0
0
0
0
0
0
0
0
0
0
0
0
0
0
0
0
0
0
0
0
0
0
0
0
0
0
0
0
0
0
0
0
0
0
0
0
0
0
0
0
0
0
0
0
0
0
0
0
0
0
0
0
0
0
0
0
0
0
0
0
0
0
0
0
0
0
0
0
0
0
0
0
0
0
0
0
0
0
0
0
0
0
0
0
0
0
0
0
0
0
0
0
0
0
0
0
0
0
0
0
0
0
0
0
0
0
0
0
0
0
0
0
0
0
0
0
0
0
0
0
0
0
0
0
0
0
0
0
0
0
0
0
0
0
0
0
0
0
0
0
0
0
0
0
0
0
0
0
0
0
0
0
0
0
0
0
0
0
0
0
0
0
0
0
0
0
0
0
0
0
0
0
0
0
0
0
0
0
0
0
0
0
0
0
0
0
0
0
0
0
0
0
0
0
0
0
0
0
0
0
0
0
0
0
0
0
0
0
0
0
0
0
0
0
0
0
0
0
0
0
0
0
0
0
0
0
0
0
0
0
0
0
0
0
0
0
0
0
0
0
0
0
0
0
0
0
0
0
0
0
0
0
0
0
0
0
0
0
0
0
0
0
0
0
0
0
0
0
0
0
0
0
0
0
0
0
0
0
0
0
0
0
0
0
0
0
0
0
0
0
0
0
0
0
0
0
0
0
0
0
0
0
0
0
0
0
0
0
0
0
0
0
0
0
0
0
0
0
0
0
0
0
0
0
0
0
0
0
0
0
0
0
0
0
0
0
0
0
0
0
0
0
0
0
0
0
0
0
0
0
0
0
0
0
0
0
0
0
0
0
0
0
0
0
0
0
0
0
0
0
0
0
0
0
0
0
0
0
0
0
0
0
0
0
0
0
0
0
0
0
0
0
0
0
0
0
0
0
0
0
0
0
0
0
0
0
0
0
0
0
0
0
0
0
0
0
0
0
0
0
0
0
0
0
0
0
0
0
0
0
0
0
0
0
0
0
0
0
0
0
0
0
0
0
0
0
0
0
0
0
0
0
0
0
0
0
0
0
0
0
0
0
0
0
0
0
0
0
0
0
0
0
0
0
0
0
0
0
0
0
0
0
0
0
0
0
0
0
0
0
0
0
0
0
0
0
0
0
0
0
0
0
0
0
0
0
0
0
0
0
0
0
0
0
0
0
0
0
0
0
0
0
0
0
0
0
0
0
0
0
0
0
0
0
0
0
0
0
0
0
0
0
0
0
0
0
0
0
0
0
0
0
0
0
0
0
0
0
0
0
0
0
0
0
0
0
0
0
0
0
0
0
0
0
0
0
0
0
0
0
0
0
0
0
0
0
0
0
0
0
0
0
0
0
0
0
0
0
0
0
0
0
0
0
0
0
0
0
0
0
0
0
0
0
0
0
0
0
0
0
0
0
0
0
0
0
0
0
0
0
0
0
0
0
0
0
0
0
0
0
0
0
0
0
0
0
0
0
0
0
0
0
0
0
0
0
0
0
0
0
0
0
0
0
0
0
0
0
0
0
0
0
0
0
0
0
0
0
0
0
0
0
0
0
0
0
0
0
0
0
0
0
0
0
0
0
0
0
0
0
0
0
0
0
0
0
0
0
0
0
0
0
0
0
0
0
0
0
0
0
0
0
0
0
0
0
0
0
0
0
0
0
0
0
0
0
0
0
0
0
0
0
0
0
0
0
0
0
0
0
0
0
0
0
0
0
0
0
0
0
0
0
0
0
0
0
0
0
0
0
0
0
0
0
0
0
0
0
0
0
0
0
0
0
0
0
0
0
0
0
0
0
0
0
0
0
0
0
0
0
0
0
0
0
0
0
0
0
0
0
0
0
0
0
0
0
0
0
0
0
0
0
0
0
0
0
0
0
0
0
0
0
0
0
0
0
0
0
0
0
0
0
0
0
0
0
0
0
0
0
0
0
0
0
0
0
0
0
0
0
0
0
0
0
0
0
0
0
0
0
0
0
0
0
0
0
0
0
0
0
0
0
0
0
0
0
0
0
0
0
0
0
0
0
0
0
0
0
0
0
0
0
0
0
0
0
0
0
0
0
0
0
0
0
0
0
0
0
0
0
0
0
0
0
0
0
0
0
0
0
0
0
0
0
0
0
0
0
0
0
0
0
0
0
0
0
0
0
0
0
0
0
0
0
0
0
0
0
0
0
0
0
0
0
0
0
0
0
0
0
0
0
0
0
0
0
0
0
0
0
0
0
0
0
0
0
0
0
0
0
0
0
0
0
0
0
0
0
0
0
0
0
0
0
0
0
0
0
0
0
0
0
0
0
0
0
0
0
0
0
0
0
0
0
0
0
0
0
0
0
0
0
0
0
0
0
0
0
0
0
0
0
0
0
0
0
0
0
0
0
0
0
0
0
0
0
0
0
0
0
0
0
0
0
0
0
0
0
0
0
0
0
0
0
0
0
0
0
0
0
0
0
0
0
0
0
0
0
0
0
0
0
0
0
0
0
0
0
0
0
0
0
0
0
0
0
0
0
0
0
0
0
0
0
0
0
0
0
0
0
0
0
0
0
0
0
0
0
0
0
0
0
0
0
0
0
0
0
0
0
0
0
0
0
0
0
0
0
0
0
0
0
0
0
0
0
0
0
0
0
0
0
0
0
0
0
0
0
0
0
0
0
0
0
0
0
0
0
0
0
0
0
0
0
0
0
0
0
0
0
0
0
0
0
0
0
0
0
0
0
0
0
0
0
0
0
0
0
0
0
0
0
0
0
0
0
0
0
0
0
0
0
0
0
0
0
0
0
0
0
0
0
0
0
0
0
0
0
0
0
0
0
0
0
0
0
0
0
0
0
0
0
0
0
0
0
0
0
0
0
0
0
0
0
0
0
0
0
0
0
0
0
0
0
0
0
0
0
0
0
0
0
0
0
0
0
0
0
0
0
0
0
0
0
0
0
0
0
0
0
0
0
0
0
0
0
0
0
0
0
0
0
0
0
0
0
0
0
0
0
0
0
0
0
0
0
0
0
0
0
0
0
0
0
0
0
0
0
0
0
0
0
0
0
0
0
0
0
0
0
0
0
0
0
0
0
0
0
0
0
0
0
0
0
0
0
0
0
0
0
0
0
0
0
0
0
0
0
0
0
0
0
0
0
0
0
0
0
0
0
0
0
0
0
0
0
0
0
0
0
0
0
0
0
0
0
0
0
0
0
0
0
0
0
0
0
0
0
0
0
0
0
0
0
0
0
0
0
0
0
0
0
0
0
0
0
0
0
0
0
0
0
0
0
0
0
0
0
0
0
0
0
0
0
0
0
0
0
0
0
0
0
0
0
0
0
0
0
0
0
0
0
0
0
0
0
0
0
0
0
0
0
0
0
0
0
0
0
0
0
0
0
0
0
0
0
0
0
0
0
0
0
0
0
0
0
0
0
0
0
0
0
0
0
0
0
0
0
0
0
0
0
0
0
0
0
0
0
0
0
0
0
0
0
0
0
0
0
0
0
0
0
0
0
0
0
0
0
0
0
0
0
0
0
0
0
0
0
0
0
0
0
0
0
0
0
0
0
0
0
0
0
0
0
0
0
0
0
0
0
0
0
0
0
0
0
0
0
0
0
0
0
0
0
0
0
0
0
0
0
0
0
0
0
0
0
0
0
0
0
0
0
0
0
0
0
0
0
0
0
0
0
0
0
0
0
0
0
0
0
0
0
0
0
0
0
0
0
0
0
0
0
0
0
0
0
0
0
0
0
0
0
0
0
0
0
0
0
0
0
0
0
0
0
0
0
0
0
0
0
0
0
0
0
0
0
0
0
0
0
0
0
0
0
0
0
0
0
0
0
0
0
0
0
0
0
0
0
0
0
0
0
0
0
0
0
0
0
0
0
0
0
0
0
0
0
0
0
0
0
0
0
0
0
0
0
0
0
0
0
0
0
0
0
0
0
0
0
0
0
0
0
0
0
0
0
0
0
0
0
0
0
0
0
0
0
0
0
0
0
0
0
0
0
0
0
0
0
0
0
0
0
0
0
0
0
0
0
0
0
0
0
0
0
0
0
0
0
0
0
0
0
0
0
0
0
0
0
0
0
0
0
0
0
0
0
0
0
0
0
0
0
0
0
0
0
0
0
0
0
0
0
0
0
0
0
0
0
0
0
0
0
0
0
0
0
0
0
0
0
0
0
0
0
0
0
0
0
0
0
0
0
0
0
0
0
0
0
0
0
0
0
0
0
0
0
0
0
0
0
0
0
0
0
0
0
0
0
0
0
0
0
0
0
0
0
0
0
0
0
0
0
0
0
0
0
0
0
0
0
0
0
0
0
0
0
0
0
0
0
0
0
0
0
0
0
0
0
0
0
0
0
0
0
0
0
0
0
0
0
0
0
0
0
0
0
0
0
0
0
0
0
0
0
0
0
0
0
0
0
0
0
0
0
0
0
0
0
0
0
0
0
0
0
0
0
0
0
0
0
0
0
0
0
0
0
0
0
0
0
0
0
0
0
0
0
0
0
0
0
0
0
0
0
0
0
0
0
0
0
0
0
0
0
0
0
0
0
0
0
0
0
0
0
0
0
0
0
0
0
0
0
0
0
0
0
0
0
0
0
0
0
0
0
0
0
0
0
0
0
0
0
0
0
0
0
0
0
0
0
0
0
0
0
0
0
0
0
0
0
0
0
0
0
0
0
0
0
0
0
0
0
0
0
0
0
0
0
0
0
0
0
0
0
0
0
0
0
0
0
0
0
0
0
0
0
0
0
0
0
0
0
0
0
0
0
0
0
0
0
0
0
0
0
0
0
0
0
0
0
0
0
0
0
0
0
0
0
0
0
0
0
0
0
0
0
0
0
0
0
0
0
0
0
0
0
0
0
0
0
0
0
0
0
0
0
0
0
0
0
0
0
0
0
0
0
0
0
0
0
0
0
0
0
0
0
0
0
0
0
0
0
0
0
0
0
0
0
0
0
0
0
0
0
0
0
0
0
0
0
0
0
0
0
0
0
0
0
0
0
0
0
0
0
0
0
0
0
0
0
0
0
0
0
0
0
0
0
0
0
0
0
0
0
0
0
0
0
0
0
0
0
0
0
0
0
0
0
0
0
0
0
0
0
0
0
0
0
0
0
0
0
0
0
0
0
0
0
0
0
0
0
0
0
0
0
0
0
0
0
0
0
0
0
0
0
0
0
0
0
0
0
0
0
0
0
0
0
0
0
0
0
0
0
0
0
0
0
0
0
0
0
0
0
0
0
0
0
0
0
0
0
0
0
0
0
0
0
0
0
0
0
0
0
0
0
0
0
0
0
0
0
0
0
0
0
0
0
0
0
0
0
0
0
0
0
0
0
0
0
0
0
0
0
0
0
0
0
0
0
0
0
0
0
0
0
0
0
0
0
0
0
0
0
0
0
0
0
0
0
0
0
0
0
0
0
0
0
0
0
0
0
0
0
0
0
0
0
0
0
0
0
0
0
0
0
0
0
0
0
0
0
0
0
0
0
0
0
0
0
0
0
0
0
0
0
0
0
0
0
0
0
0
0
0
0
0
0
0
0
0
0
0
0
0
0
0
0
0
0
0
0
0
0
0
0
0
0
0
0
0
0
0
0
0
0
0
0
0
0
0
0
0
0
0
0
0
0
0
0
0
0
0
0
0
0
0
0
0
0
0
0
0
0
0
0
0
0
0
0
0
0
0
0
0
0
0
0
0
0
0
0
0
0
0
0
0
0
0
0
0
0
0
0
0
0
0
0
0
0
0
0
0
0
0
0
0
0
0
0
0
0
0
0
0
0
0
0
0
0
0
0
0
0
0
0
0
0
0
0
0
0
0
0
0
0
0
0
0
0
0
0
0
0
0
0
0
0
0
0
0
0
0
0
0
0
0
0
0
0
0
0
0
0
0
0
0
0
0
0
0
0
0
0
0
0
0
0
0
0
0
0
0
0
0
0
0
0
0
0
0
0
0
0
0
0
0
0
0
0
0
0
0
0
0
0
0
0
0
0
0
0
0
0
0
0
0
0
0
0
0
0
0
0
0
0
0
0
0
0
0
0
0
0
0
0
0
0
0
0
0
0
0
0
0
0
0
0
0
0
0
0
0
0
0
0
0
0
0
0
0
0
0
0
0
0
0
0
0
0
0
0
0
0
0
0
0
0
0
0
0
0
0
0
0
0
0
0
0
0
0
0
0
0
0
0
0
0
0
0
0
0
0
0
0
0
0
0
0
0
0
0
0
0
0
0
0
0
0
0
0
0
0
0
0
0
0
0
0
0
0
0
0
0
0
0
0
0
0
0
0
0
0
0
0
0
0
0
0
0
0
0
0
0
0
0
0
0
0
0
0
0
0
0
0
0
0
0
0
0
0
0
0
0
0
0
0
0
0
0
0
0
0
0
0
0
0
0
0
0
0
0
0
0
0
0
0
0
0
0
0
0
0
0
0
0
0
0
0
0
0
0
0
0
0
0
0
0
0
0
0
0
0
0
0
0
0
0
0
0
0
0
0
0
0
0
0
0
0
0
0
0
0
0
0
0
0
0
0
0
0
0
0
0
0
0
0
0
0
0
0
0
0
0
0
0
0
0
0
0
0
0
0
0
0
0
0
0
0
0
0
0
0
0
0
0
0
0
0
0
0
0
0
0
0
0
0
0
0
0
0
0
0
0
0
0
0
0
0
0
0
0
0
0
0
0
0
0
0
0
0
0
0
0
0
0
0
0
0
0
0
0
0
0
0
0
0
0
0
0
0
0
0
0
0
0
0
0
0
0
0
0
0
0
0
0
0
0
0
0
0
0
0
0
0
0
0
0
0
0
0
0
0
0
0
0
0
0
0
0
0
0
0
0
0
0
0
0
0
0
0
0
0
0
0
0
0
0
0
0
0
0
0
0
0
0
0
0
0
0
0
0
0
0
0
0
0
0
0
0
0
0
0
0
0
0
0
0
0
0
0
0
0
0
0
0
0
0
0
0
0
0
0
0
0
0
0
0
0
0
0
0
0
0
0
0
0
0
0
0
0
0
0
0
0
0
0
0
0
0
0
0
0
0
0
0
0
0
0
0
0
0
0
0
0
0
0
0
0
0
0
0
0
0
0
0
0
0
0
0
0
0
0
0
0
0
0
0
0
0
0
0
0
0
0
0
0
0
0
0
0
0
0
0
0
0
0
0
0
0
0
0
0
0
0
0
0
0
0
0
0
0
0
0
0
0
0
0
0
0
0
0
0
0
0
0
0
0
0
0
0
0
0
0
0
0
0
0
0
0
0
0
0
0
0
0
0
0
0
0
0
0
0
0
0
0
0
0
0
0
0
0
0
0
0
0
0
0
0
0
0
0
0
0
0
0
0
0
0
0
0
0
0
0
0
0
0
0
0
0
0
0
0
0
0
0
0
0
0
0
0
0
0
0
0
0
0
0
0
0
0
0
0
0
0
0
0
0
0
0
0
0
0
0
0
0
0
0
0
0
0
0
0
0
0
0
0
0
0
0
0
0
0
0
0
0
0
0
0
0
0
0
0
0
0
0
0
0
0
0
0
0
0
0
0
0
0
0
0
0
0
0
0
0
0
0
0
0
0
0
0
0
0
0
0
0
0
0
0
0
0
0
0
0
0
0
0
0
0
0
0
0
0
0
0
0
0
0
0
0
0
0
0
0
0
0
0
0
0
0
0
0
0
0
0
0
0
0
0
0
0
0
0
0
0
0
0
0
0
0
0
0
0
0
0
0
0
0
0
0
0
0
0
0
0
0
0
0
0
0
0
0
0
0
0
0
0
0
0
0
0
0
0
0
0
0
0
0
0
0
0
0
0
0
0
0
0
0
0
0
0
0
0
0
0
0
0
0
0
0
0
0
0
0
0
0
0
0
0
0
0
0
0
0
0
0
0
0
0
0
0
0
0
0
0
0
0
0
0
0
0
0
0
0
0
0
0
0
0
0
0
0
0
0
0
0
0
0
0
0
0
0
0
0
0
0
0
0
0
0
0
0
0
0
0
0
0
0
0
0
0
0
0
0
0
0
0
0
0
0
0
0
0
0
0
0
0
0
0
0
0
0
0
0
0
0
0
0
0
0
0
0
0
0
0
0
0
0
0
0
0
0
0
0
0
0
0
0
0
0
0
0
0
0
0
0
0
0
0
0
0
0
0
0
0
0
