  -3.2421100e-04
  -5.6814700e-05
   1.2896580e-04
   2.1407300e-04
   2.1307340e-04
   1.7703610e-04
   1.6054000e-04
   2.0325310e-04
   3.2696040e-04
   5.3290020e-04
   7.8760610e-04
   1.0290080e-03
   1.1806410e-03
   1.1885380e-03
   1.0377390e-03
   7.4869160e-04
   3.6788560e-04
  -5.3040810e-05
  -4.6043330e-04
  -8.0987400e-04
  -1.0810610e-03
  -1.2756570e-03
  -1.4270720e-03
  -1.5920690e-03
  -1.8119430e-03
  -2.0842660e-03
  -2.3682890e-03
  -2.5997080e-03
  -2.7143050e-03
  -2.6772890e-03
  -2.4950200e-03
  -2.2151200e-03
  -1.9089380e-03
  -1.6394010e-03
  -1.4336930e-03
  -1.2902040e-03
  -1.1831740e-03
  -1.0798250e-03
  -9.5873510e-04
  -8.2370550e-04
  -6.9627010e-04
  -6.0070190e-04
  -5.6807630e-04
  -6.2615590e-04
  -7.8473720e-04
  -1.0166230e-03
  -1.2478120e-03
  -1.3927190e-03
  -1.3881820e-03
  -1.2219550e-03
  -9.3783930e-04
  -6.0315230e-04
  -2.8052930e-04
  -2.6415250e-05
   1.1166960e-04
   1.0844440e-04
  -3.0544500e-05
  -2.5196580e-04
  -4.6233440e-04
  -5.7039430e-04
  -5.1118970e-04
  -2.5909320e-04
   1.5748130e-04
   6.6617140e-04
   1.1749060e-03
   1.5996430e-03
   1.8820010e-03
   2.0075820e-03
   2.0081710e-03
   1.9379080e-03
   1.8341380e-03
   1.6966830e-03
   1.5080250e-03
   1.2618340e-03
   9.7566900e-04
   6.9535790e-04
   4.8283450e-04
   3.8011470e-04
   3.9786340e-04
   5.2126080e-04
   7.0467150e-04
   8.7897710e-04
   9.7319650e-04
   9.3320790e-04
   7.4052660e-04
   4.3140790e-04
   9.6204630e-05
  -1.4546980e-04
  -2.0241440e-04
  -5.8099530e-05
   2.4973520e-04
   6.5049000e-04
   1.0583710e-03
   1.3918430e-03
   1.5909450e-03
   1.6201280e-03
   1.4789270e-03
   1.2008710e-03
   8.3777920e-04
   4.5413210e-04
   1.3837480e-04
  -7.9808760e-07
   1.0780320e-04
   4.4914720e-04
   9.2574400e-04
   1.3845400e-03
   1.6593980e-03
   1.6224410e-03
   1.2334670e-03
   5.6912920e-04
  -1.9289170e-04
  -8.3789710e-04
  -1.2040460e-03
  -1.2387080e-03
  -1.0019720e-03
  -6.3523210e-04
  -3.0342660e-04
  -1.3468550e-04
  -1.8965190e-04
  -4.5422650e-04
  -8.4281180e-04
  -1.2437460e-03
  -1.5621100e-03
  -1.7364790e-03
  -1.7431290e-03
  -1.6027600e-03
  -1.3746940e-03
  -1.1317360e-03
  -9.3212070e-04
  -8.1668970e-04
  -8.0172330e-04
  -8.7848900e-04
  -1.0190310e-03
  -1.1731810e-03
  -1.2871090e-03
  -1.3158480e-03
  -1.2287310e-03
  -1.0196250e-03
  -7.2139390e-04
  -3.8764000e-04
  -7.5296720e-05
   1.6646290e-04
   3.1375180e-04
   3.5464610e-04
   2.8373620e-04
   1.0298580e-04
  -1.8005930e-04
  -5.4763450e-04
  -9.6991510e-04
  -1.4046840e-03
  -1.7986540e-03
  -2.1053930e-03
  -2.3073840e-03
  -2.3999810e-03
  -2.3856140e-03
  -2.2869090e-03
  -2.1416240e-03
  -1.9899420e-03
  -1.8613940e-03
  -1.7729030e-03
  -1.7288020e-03
  -1.7286850e-03
  -1.7725370e-03
  -1.8537780e-03
  -1.9674450e-03
  -2.1038170e-03
  -2.2526990e-03
  -2.4082750e-03
  -2.5528780e-03
  -2.6561830e-03
  -2.6840740e-03
  -2.6198470e-03
  -2.4745670e-03
  -2.2936930e-03
  -2.1481430e-03
  -2.1079970e-03
  -2.2140590e-03
  -2.4631550e-03
  -2.8034810e-03
  -3.1515860e-03
  -3.4098520e-03
  -3.4811900e-03
  -3.3089840e-03
  -2.8862200e-03
  -2.2382550e-03
  -1.4359410e-03
  -5.9097070e-04
   1.6777040e-04
   7.2558050e-04
   1.0128280e-03
   1.0141220e-03
   7.6493550e-04
   3.4474430e-04
  -1.4392110e-04
  -6.0311480e-04
  -9.5181470e-04
  -1.1449140e-03
  -1.1821460e-03
  -1.1075320e-03
  -1.0044880e-03
  -9.5967210e-04
  -1.0422100e-03
  -1.2649560e-03
  -1.5705090e-03
  -1.8618480e-03
  -2.0409650e-03
  -2.0440360e-03
  -1.8640270e-03
  -1.5487500e-03
  -1.1709220e-03
  -8.1836450e-04
  -5.7851320e-04
  -4.9529680e-04
  -5.5397420e-04
  -6.7718650e-04
  -7.7223270e-04
  -7.6614020e-04
  -6.1501570e-04
  -3.0990860e-04
   1.1393780e-04
   5.8410770e-04
   1.0100120e-03
   1.3021180e-03
   1.3865350e-03
   1.2246180e-03
   8.3642320e-04
   2.9086400e-04
  -3.1395140e-04
  -8.7175990e-04
  -1.2938500e-03
  -1.5123240e-03
  -1.4905320e-03
  -1.2196570e-03
  -7.2319860e-04
  -6.3929530e-05
   6.6633500e-04
   1.3653530e-03
   1.9494520e-03
   2.3775100e-03
   2.6462000e-03
   2.7695020e-03
   2.7736160e-03
   2.6869040e-03
   2.5344650e-03
   2.3462790e-03
   2.1648180e-03
   2.0423970e-03
   1.9875850e-03
   1.9538960e-03
   1.8892220e-03
   1.7648490e-03
   1.5919430e-03
   1.4185570e-03
   1.2947030e-03
   1.2358220e-03
   1.2220970e-03
   1.2280200e-03
   1.2372330e-03
   1.2409300e-03
   1.2366160e-03
   1.2253990e-03
   1.2039310e-03
   1.1563920e-03
   1.0464390e-03
   8.3142890e-04
   4.9586120e-04
   7.6447400e-05
  -3.4747900e-04
  -6.7848590e-04
  -8.2676560e-04
  -7.3462510e-04
  -3.9559380e-04
   1.2755440e-04
   7.0897640e-04
   1.2109400e-03
   1.5182800e-03
   1.5556680e-03
   1.3020810e-03
   8.0920880e-04
   2.0101670e-04
  -3.5361740e-04
  -6.8620200e-04
  -6.8320070e-04
  -3.2496160e-04
   3.1387010e-04
   1.0951400e-03
   1.8573010e-03
   2.4519670e-03
   2.7603430e-03
   2.7076730e-03
   2.3014710e-03
   1.6246880e-03
   8.0528450e-04
  -5.8436360e-06
  -6.5104530e-04
  -1.0076510e-03
  -1.0281190e-03
  -7.5955090e-04
  -3.3106990e-04
   1.0422350e-04
   4.1272450e-04
   5.0872020e-04
   3.6661390e-04
   2.1754420e-05
  -4.2683850e-04
  -8.5174250e-04
  -1.1423460e-03
  -1.2408620e-03
  -1.1539020e-03
  -9.3585610e-04
  -6.7592230e-04
  -4.8524330e-04
  -4.6133930e-04
  -6.6953580e-04
  -1.1440630e-03
  -1.8575940e-03
  -2.7165930e-03
  -3.5857030e-03
  -4.3137950e-03
  -4.7711930e-03
  -4.8978390e-03
  -4.7234630e-03
  -4.3543810e-03
  -3.9348190e-03
  -3.5949070e-03
  -3.4048200e-03
  -3.3547880e-03
  -3.3848810e-03
  -3.4272780e-03
  -3.4257210e-03
  -3.3452820e-03
  -3.1849950e-03
  -2.9727980e-03
  -2.7477580e-03
  -2.5413260e-03
  -2.3723510e-03
  -2.2510790e-03
  -2.1677110e-03
  -2.1007030e-03
  -2.0303110e-03
  -1.9347530e-03
  -1.7916250e-03
  -1.5934880e-03
  -1.3560350e-03
  -1.1155280e-03
  -9.2774120e-04
  -8.4295910e-04
  -8.8550850e-04
  -1.0541450e-03
  -1.3030960e-03
  -1.5421780e-03
  -1.6584060e-03
  -1.5492940e-03
  -1.1568550e-03
  -4.8805900e-04
   3.7219730e-04
   1.2696340e-03
   2.0078740e-03
   2.4218410e-03
   2.4394400e-03
   2.1071840e-03
   1.5664380e-03
   9.8397890e-04
   5.1687220e-04
   2.8491120e-04
   3.2888540e-04
   5.9716600e-04
   9.8052380e-04
   1.3584210e-03
   1.6370580e-03
   1.7607010e-03
   1.7157290e-03
   1.5284580e-03
   1.2391520e-03
   9.0361230e-04
   5.9391490e-04
   3.7167220e-04
   2.8896240e-04
   3.8934870e-04
   6.7780440e-04
   1.1030920e-03
   1.5689080e-03
   1.9563220e-03
   2.1536520e-03
   2.0937030e-03
   1.7712410e-03
   1.2299950e-03
   5.5240180e-04
  -1.4668700e-04
  -7.4138410e-04
  -1.1333570e-03
  -1.2828800e-03
  -1.2037250e-03
  -9.5807610e-04
  -6.4688820e-04
  -3.8712600e-04
  -2.9571780e-04
  -4.7292790e-04
  -9.6379190e-04
  -1.7449560e-03
  -2.7321010e-03
  -3.7799880e-03
  -4.7083270e-03
  -5.3366700e-03
  -5.5232580e-03
  -5.2155180e-03
  -4.4714010e-03
  -3.4440540e-03
  -2.3313190e-03
  -1.3296400e-03
  -6.0075100e-04
  -2.2139730e-04
  -1.5800460e-04
  -2.9081340e-04
  -4.6608740e-04
  -5.5002490e-04
  -4.6066760e-04
  -1.8218240e-04
   2.1891410e-04
   6.0593180e-04
   8.3346880e-04
   8.0998450e-04
   5.3070090e-04
   7.5208140e-05
  -4.1283990e-04
  -7.6893880e-04
  -8.6750390e-04
  -6.4375440e-04
  -1.0294530e-04
   6.8394560e-04
   1.6216800e-03
   2.6182710e-03
   3.5760890e-03
   4.3901990e-03
   4.9619650e-03
   5.2104760e-03
   5.1120250e-03
   4.6997280e-03
   4.0458910e-03
   3.2626400e-03
   2.4704180e-03
   1.7737280e-03
   1.2575330e-03
   9.7240460e-04
   9.1121050e-04
   1.0111240e-03
   1.1903480e-03
   1.3633220e-03
   1.4551390e-03
   1.4225200e-03
   1.2591840e-03
   9.9433020e-04
   6.9402010e-04
   4.4396410e-04
   3.2836820e-04
   4.1269100e-04
   7.2335550e-04
   1.2361800e-03
   1.8747040e-03
   2.5302070e-03
   3.0890290e-03
   3.4405230e-03
   3.4980470e-03
   3.2354930e-03
   2.7027740e-03
   2.0078580e-03
   1.2838130e-03
   6.4495470e-04
   1.6111340e-04
  -1.4108500e-04
  -2.8455420e-04
  -3.2655420e-04
  -3.3451620e-04
  -3.7041690e-04
  -4.8158320e-04
  -6.8747970e-04
  -9.6495240e-04
  -1.2621800e-03
  -1.5225440e-03
  -1.6860010e-03
  -1.6883830e-03
  -1.4843080e-03
  -1.0738120e-03
  -5.1934330e-04
   5.5414860e-05
   5.1251690e-04
   7.3748950e-04
   6.5217720e-04
   2.4305170e-04
  -4.3064570e-04
  -1.2574280e-03
  -2.1007960e-03
  -2.8339830e-03
  -3.3526150e-03
  -3.5945660e-03
  -3.5661780e-03
  -3.3337400e-03
  -2.9977800e-03
  -2.6651240e-03
  -2.4313900e-03
  -2.3713530e-03
  -2.5025890e-03
  -2.7680430e-03
  -3.0681700e-03
  -3.2905600e-03
  -3.3302690e-03
  -3.1239810e-03
  -2.6643630e-03
  -2.0055900e-03
  -1.2572350e-03
  -5.7046810e-04
  -8.9650050e-05
   9.6384970e-05
  -1.7570550e-05
  -3.4714980e-04
  -7.5299080e-04
  -1.0959790e-03
  -1.2621940e-03
  -1.1782520e-03
  -8.3191890e-04
  -2.8181990e-04
   3.6730180e-04
   1.0047650e-03
   1.5365950e-03
   1.9042360e-03
   2.1081050e-03
   2.2066770e-03
   2.2954930e-03
   2.4871410e-03
   2.8647940e-03
   3.4450170e-03
   4.1686550e-03
   4.9220440e-03
   5.5838490e-03
   6.0692910e-03
   6.3564380e-03
   6.4707400e-03
   6.4543260e-03
   6.3481090e-03
   6.1763840e-03
   5.9672720e-03
   5.7581380e-03
   5.5774040e-03
   5.4339260e-03
   5.3060230e-03
   5.1402440e-03
   4.8723330e-03
   4.4464120e-03
   3.8243670e-03
   3.0239690e-03
   2.1305210e-03
   1.2692000e-03
   5.6675170e-04
   1.2655330e-04
  -2.4473510e-06
   1.5780580e-04
   5.2052720e-04
   9.4364780e-04
   1.2711410e-03
   1.3712040e-03
   1.1714600e-03
   6.9082750e-04
   3.1869270e-05
  -6.5136730e-04
  -1.1793020e-03
  -1.4023370e-03
  -1.2594760e-03
  -7.8766840e-04
  -1.0760340e-04
   5.9437800e-04
   1.1079300e-03
   1.2536340e-03
   9.3726000e-04
   1.7593820e-04
  -9.1504660e-04
  -2.1539250e-03
  -3.3373100e-03
  -4.2878600e-03
  -4.8865250e-03
  -5.0868440e-03
  -4.9132270e-03
  -4.4498410e-03
  -3.8258960e-03
  -3.1728470e-03
  -2.5885570e-03
  -2.1229530e-03
  -1.7746530e-03
  -1.4923630e-03
  -1.2002700e-03
  -8.4154180e-04
  -3.8791940e-04
   1.5455850e-04
   7.5105130e-04
   1.3451620e-03
   1.8823500e-03
   2.3286780e-03
   2.6747320e-03
   2.9258840e-03
   3.0878190e-03
   3.1828840e-03
   3.2627710e-03
   3.4001470e-03
   3.6438100e-03
   3.9773420e-03
   4.3220980e-03
   4.5999950e-03
   4.7914530e-03
   4.9371160e-03
   5.0991190e-03
   5.3281310e-03
   5.6327860e-03
   5.9665100e-03
   6.2633120e-03
   6.4712140e-03
   6.5526180e-03
   6.4936960e-03
   6.2989360e-03
   5.9808330e-03
   5.5720650e-03
   5.1054060e-03
   4.6057880e-03
   4.1074110e-03
   3.6459390e-03
   3.2202890e-03
   2.8036100e-03
   2.3710440e-03
   1.8960110e-03
   1.3632510e-03
   7.8133580e-04
   1.8360980e-04
  -3.7117480e-04
  -8.2226320e-04
  -1.1163910e-03
  -1.2075220e-03
  -1.0799470e-03
  -7.7173770e-04
  -3.8901470e-04
  -8.7538930e-05
  -1.5504760e-05
  -2.4813570e-04
  -7.4666870e-04
  -1.3680480e-03
  -1.9267280e-03
  -2.2784720e-03
  -2.3692270e-03
  -2.2321950e-03
  -1.9569430e-03
  -1.6618360e-03
  -1.4772970e-03
  -1.5227820e-03
  -1.8709910e-03
  -2.5180620e-03
  -3.3686330e-03
  -4.2611680e-03
  -5.0084770e-03
  -5.4486580e-03
  -5.4805630e-03
  -5.0870470e-03
  -4.3351590e-03
  -3.3351480e-03
  -2.2141570e-03
  -1.0926480e-03
  -7.1011760e-05
   7.8590270e-04
   1.4525000e-03
   1.9418000e-03
   2.2984390e-03
   2.5735970e-03
   2.8011330e-03
   2.9874410e-03
   3.1153200e-03
   3.1621840e-03
   3.1219010e-03
   3.0195230e-03
   2.9043640e-03
   2.8247120e-03
   2.8078860e-03
   2.8483320e-03
   2.9033580e-03
   2.9164710e-03
   2.8364930e-03
   2.6319260e-03
   2.3203900e-03
   1.9786130e-03
   1.7179840e-03
   1.6563360e-03
   1.8818210e-03
   2.4128850e-03
   3.1886980e-03
   4.0851120e-03
   4.9350240e-03
   5.5796380e-03
   5.9291640e-03
   5.9818150e-03
   5.8049990e-03
   5.4972450e-03
   5.1409050e-03
   4.7925150e-03
   4.4822370e-03
   4.1978140e-03
   3.9147500e-03
   3.6354290e-03
   3.3752930e-03
   3.1415240e-03
   2.9420100e-03
   2.7929090e-03
   2.6983880e-03
   2.6430810e-03
   2.5997140e-03
   2.5342590e-03
   2.4159600e-03
   2.2259220e-03
   1.9582320e-03
   1.6268750e-03
   1.2798990e-03
   9.9671370e-04
   8.6754970e-04
   9.6017500e-04
   1.2791300e-03
   1.7364910e-03
   2.1696180e-03
   2.3980100e-03
   2.2951350e-03
   1.8170990e-03
   1.0054910e-03
  -1.5192310e-05
  -1.0764930e-03
  -2.0043460e-03
  -2.6488750e-03
  -2.9169010e-03
  -2.7906770e-03
  -2.3252920e-03
  -1.6506800e-03
  -9.6043260e-04
  -4.5969410e-04
  -3.1162050e-04
  -5.8412040e-04
  -1.2218160e-03
  -2.0554250e-03
  -2.8405990e-03
  -3.3417210e-03
  -3.4041530e-03
  -2.9912140e-03
  -2.1998790e-03
  -1.2313900e-03
  -3.2893790e-04
   2.7752470e-04
   4.2686570e-04
   6.5200510e-05
  -7.4719800e-04
  -1.8545160e-03
  -3.0442140e-03
  -4.0960630e-03
  -4.8405070e-03
  -5.2139510e-03
  -5.2539120e-03
  -5.0646320e-03
  -4.7793000e-03
  -4.5257180e-03
  -4.3874460e-03
  -4.3805390e-03
  -4.4579200e-03
  -4.5358430e-03
  -4.5385120e-03
  -4.4035210e-03
  -4.0793350e-03
  -3.5459500e-03
  -2.8403870e-03
  -2.0523740e-03
  -1.2810090e-03
  -5.9307300e-04
  -3.4985720e-06
   5.1358230e-04
   9.9175370e-04
   1.4321300e-03
   1.7971590e-03
   2.0454690e-03
   2.1734630e-03
   2.2207710e-03
   2.2512530e-03
   2.3386000e-03
   2.5359170e-03
   2.8507430e-03
   3.2396220e-03
   3.6287260e-03
   3.9326980e-03
   4.0677820e-03
   3.9706870e-03
   3.6237570e-03
   3.0855920e-03
   2.4827020e-03
   1.9718620e-03
   1.7130350e-03
   1.8248840e-03
   2.3540170e-03
   3.2651700e-03
   4.4444910e-03
   5.7175450e-03
   6.8950830e-03
   7.8172610e-03
   8.3840510e-03
   8.5827710e-03
   8.4656240e-03
   8.1207490e-03
   7.6620710e-03
   7.2218370e-03
   6.9173860e-03
   6.8120520e-03
   6.9178400e-03
   7.1971710e-03
   7.5663160e-03
   7.9212380e-03
   8.1681090e-03
   8.2472720e-03
   8.1379350e-03
   7.8525320e-03
   7.4275750e-03
   6.9151370e-03
   6.3780640e-03
   5.8945020e-03
   5.5536250e-03
   5.4184450e-03
   5.5003610e-03
   5.7407960e-03
   6.0147510e-03
   6.1748220e-03
   6.1010190e-03
   5.7301180e-03
   5.0731640e-03
   4.2157080e-03
   3.2789760e-03
   2.3769280e-03
   1.5965400e-03
   9.8894740e-04
   5.7338620e-04
   3.4428140e-04
   2.7739110e-04
   3.2599820e-04
   4.2191190e-04
   4.7922150e-04
   4.0397720e-04
   1.1793850e-04
  -4.1192190e-04
  -1.1581070e-03
  -2.0418280e-03
  -2.9660210e-03
  -3.8648500e-03
  -4.7229090e-03
  -5.5767080e-03
  -6.4862290e-03
  -7.4883720e-03
  -8.5585090e-03
  -9.6040030e-03
  -1.0490050e-02
  -1.1078790e-02
  -1.1279740e-02
  -1.1063250e-02
  -1.0454130e-02
  -9.5439560e-03
  -8.4914440e-03
  -7.4853000e-03
  -6.6909100e-03
  -6.2133230e-03
  -6.0811210e-03
  -6.2271520e-03
  -6.4875210e-03
  -6.6631600e-03
  -6.5798510e-03
  -6.1348790e-03
  -5.3335140e-03
  -4.3025530e-03
  -3.2497380e-03
  -2.3842240e-03
  -1.8417560e-03
  -1.6450820e-03
  -1.7221820e-03
  -1.9509000e-03
  -2.2006970e-03
  -2.3524160e-03
  -2.3068230e-03
  -2.0025930e-03
  -1.4174570e-03
  -5.7612650e-04
   4.4045860e-04
   1.5013450e-03
   2.4437470e-03
   3.1276900e-03
   3.4862790e-03
   3.5342950e-03
   3.3425890e-03
   3.0091820e-03
   2.6266140e-03
   2.2610560e-03
   1.9524840e-03
   1.7047430e-03
   1.4753560e-03
   1.1857830e-03
   7.5460540e-04
   1.4957120e-04
  -5.8680480e-04
  -1.3638130e-03
  -2.0910880e-03
  -2.7089100e-03
  -3.2003220e-03
  -3.5619900e-03
  -3.7887070e-03
  -3.8801150e-03
  -3.8386900e-03
  -3.6611810e-03
  -3.3501600e-03
  -2.9346360e-03
  -2.4772910e-03
  -2.0639800e-03
  -1.7609080e-03
  -1.5863520e-03
  -1.5165240e-03
  -1.5065320e-03
  -1.5077940e-03
  -1.4798570e-03
  -1.3899060e-03
  -1.2139180e-03
  -9.3975010e-04
  -5.7613060e-04
  -1.6612140e-04
   2.2514680e-04
   5.4403050e-04
   7.5991470e-04
   8.6058770e-04
   8.6023140e-04
   7.9111300e-04
   6.9037130e-04
   6.0147260e-04
   5.7149130e-04
   6.3250150e-04
   8.0201540e-04
   1.0930870e-03
   1.5033300e-03
   1.9887460e-03
   2.4671830e-03
   2.8511870e-03
   3.0797390e-03
   3.1394210e-03
   3.0711000e-03
   2.9457100e-03
   2.8401190e-03
   2.8382580e-03
   3.0074580e-03
   3.3700970e-03
   3.8825120e-03
   4.4189660e-03
   4.8091230e-03
   4.9197920e-03
   4.7290730e-03
   4.3484000e-03
   3.9802670e-03
   3.8259370e-03
   3.9919050e-03
   4.4501650e-03
   5.0668780e-03
   5.6490560e-03
   6.0144090e-03
   6.0610770e-03
   5.7810460e-03
   5.2337570e-03
   4.5294990e-03
   3.8188990e-03
   3.2627090e-03
   2.9989060e-03
   3.1137520e-03
   3.6147070e-03
   4.4140480e-03
   5.3503750e-03
   6.2330500e-03
   6.8941880e-03
   7.2210920e-03
   7.1726650e-03
   6.7965140e-03
   6.2168980e-03
   5.6005250e-03
   5.1135130e-03
   4.8990270e-03
   5.0376380e-03
   5.4981370e-03
   6.1238690e-03
   6.6407070e-03
   6.7313300e-03
   6.1664980e-03
   4.8921870e-03
   3.0494300e-03
   9.3239640e-04
  -1.0918120e-03
  -2.6816620e-03
  -3.6087440e-03
  -3.7980980e-03
  -3.3386520e-03
  -2.4585640e-03
  -1.4632060e-03
  -6.5422050e-04
  -2.4936590e-04
  -3.3619300e-04
  -8.7798510e-04
  -1.7558060e-03
  -2.8192350e-03
  -3.9392340e-03
  -5.0292680e-03
  -6.0168280e-03
  -6.8287500e-03
  -7.3810450e-03
  -7.5936320e-03
  -7.4398050e-03
  -6.9781650e-03
  -6.3582990e-03
  -5.7969430e-03
  -5.4978500e-03
  -5.5730200e-03
  -6.0028590e-03
  -6.6268440e-03
  -7.1969420e-03
  -7.4794080e-03
  -7.3603880e-03
  -6.8726250e-03
  -6.1616460e-03
  -5.4291790e-03
  -4.8682810e-03
  -4.6036710e-03
  -4.6564460e-03
  -4.9528580e-03
  -5.3288980e-03
  -5.5654030e-03
  -5.4534400e-03
  -4.8429400e-03
  -3.6792570e-03
  -2.0362000e-03
  -1.3210690e-04
   1.7089200e-03
   3.1411420e-03
   3.8915500e-03
   3.8485990e-03
   3.1114280e-03
   1.9616060e-03
   7.7571970e-04
  -7.0716230e-05
  -3.1215620e-04
   1.2852450e-04
   1.1296930e-03
   2.4189480e-03
   3.6570870e-03
   4.5300840e-03
   4.8281370e-03
   4.4953390e-03
   3.6325660e-03
   2.4564910e-03
   1.2256500e-03
   1.5197140e-04
  -6.4153430e-04
  -1.1205470e-03
  -1.3240750e-03
  -1.3478980e-03
  -1.3179250e-03
  -1.3468600e-03
  -1.5041460e-03
  -1.7939130e-03
  -2.1564710e-03
  -2.4946780e-03
  -2.6705550e-03
  -2.5312860e-03
  -1.9833030e-03
  -1.0481830e-03
   1.2863120e-04
   1.3209800e-03
   2.3082160e-03
   2.9580610e-03
   3.2820750e-03
   3.4004170e-03
   3.4477520e-03
   3.5051790e-03
   3.5725310e-03
   3.5723610e-03
   3.3755630e-03
   2.8567570e-03
   1.9776840e-03
   8.3113110e-04
  -3.7386620e-04
  -1.3638360e-03
  -1.8902710e-03
  -1.8199230e-03
  -1.1982870e-03
  -2.2498340e-04
   8.1041240e-04
   1.6060520e-03
   1.9424650e-03
   1.7494570e-03
   1.1153070e-03
   2.4440230e-04
  -6.1816270e-04
  -1.2744580e-03
  -1.6233800e-03
  -1.6653920e-03
  -1.4961470e-03
  -1.2654030e-03
  -1.1142350e-03
  -1.1293450e-03
  -1.3356160e-03
  -1.7193050e-03
  -2.2295110e-03
  -2.7651760e-03
  -3.1623860e-03
  -3.2204950e-03
  -2.7756620e-03
  -1.7786540e-03
  -3.1321580e-04
   1.3979360e-03
   3.0171860e-03
   4.1896610e-03
   4.6595430e-03
   4.3539090e-03
   3.4133360e-03
   2.1306060e-03
   8.5005950e-04
  -1.1504690e-04
  -5.2623160e-04
  -2.6446330e-04
   6.2457310e-04
   1.9456100e-03
   3.4326630e-03
   4.8472970e-03
   6.0408770e-03
   6.9545810e-03
   7.5717490e-03
   7.8824910e-03
   7.8756870e-03
   7.5413670e-03
   6.8932540e-03
   6.0045020e-03
   5.0161440e-03
   4.0951490e-03
   3.3804660e-03
   2.9535500e-03
   2.8131190e-03
   2.8836730e-03
   3.0745330e-03
   3.3071250e-03
   3.4984360e-03
   3.5736670e-03
   3.4860630e-03
   3.2088880e-03
   2.7192980e-03
   2.0174680e-03
   1.1484180e-03
   2.2160180e-04
  -5.7763690e-04
  -1.0187480e-03
  -8.8435170e-04
  -4.4161180e-05
   1.4752290e-03
   3.4557490e-03
   5.5331980e-03
   7.3075090e-03
   8.4684280e-03
   8.8872200e-03
   8.6514390e-03
   8.0175960e-03
   7.2946790e-03
   6.7499880e-03
   6.5362270e-03
   6.6611790e-03
   7.0249880e-03
   7.4549300e-03
   7.7500350e-03
   7.7372800e-03
   7.3175310e-03
   6.4942860e-03
   5.3835780e-03
   4.1876480e-03
   3.1305020e-03
   2.3933010e-03
   2.0757240e-03
   2.1840910e-03
   2.6343370e-03
   3.2645480e-03
   3.8829280e-03
   4.3021950e-03
   4.3718110e-03
   4.0241970e-03
   3.3090670e-03
   2.3848520e-03
   1.4658320e-03
   7.6503060e-04
   4.4332660e-04
   5.7715060e-04
   1.1317080e-03
   1.9492430e-03
   2.7856890e-03
   3.3887730e-03
   3.5636480e-03
   3.2221860e-03
   2.3885850e-03
   1.1801650e-03
  -2.3265730e-04
  -1.6681700e-03
  -2.9556450e-03
  -3.9726030e-03
  -4.6670040e-03
  -5.0531430e-03
  -5.1957970e-03
  -5.1827610e-03
  -5.0925320e-03
  -4.9764700e-03
  -4.8737960e-03
  -4.8207670e-03
  -4.8679650e-03
  -5.0756590e-03
  -5.4720090e-03
  -6.0265470e-03
  -6.6440870e-03
  -7.1764260e-03
  -7.4504080e-03
  -7.3209550e-03
  -6.7308400e-03
  -5.7476670e-03
  -4.5368160e-03
  -3.2965560e-03
  -2.2124880e-03
  -1.4045930e-03
  -8.9729090e-04
  -6.3687600e-04
  -5.3160570e-04
  -4.9178970e-04
  -4.4363520e-04
  -3.2819580e-04
  -1.1233940e-04
   1.8110120e-04
   4.6657280e-04
   6.1653760e-04
   5.1702690e-04
   1.2550130e-04
  -5.0799280e-04
  -1.2852650e-03
  -2.0940260e-03
  -2.8099510e-03
  -3.3346970e-03
  -3.6286100e-03
  -3.7207770e-03
  -3.6893940e-03
  -3.6243850e-03
  -3.5854610e-03
  -3.5800870e-03
  -3.5855120e-03
  -3.5755890e-03
  -3.5368330e-03
  -3.4691950e-03
  -3.3883810e-03
  -3.3101370e-03
  -3.2669460e-03
  -3.3439210e-03
  -3.6594560e-03
  -4.3017050e-03
  -5.2597450e-03
  -6.3956090e-03
  -7.4768400e-03
  -8.2652700e-03
  -8.5915870e-03
  -8.3839890e-03
  -7.6792760e-03
  -6.5875700e-03
  -5.2458610e-03
  -3.7880820e-03
  -2.3601510e-03
  -1.1198860e-03
  -1.8786740e-04
   3.6654860e-04
   5.2038280e-04
   3.0257570e-04
  -1.9684800e-04
  -8.3370080e-04
  -1.4388000e-03
  -1.8553040e-03
  -1.9807170e-03
  -1.8019290e-03
  -1.3901860e-03
  -8.6255430e-04
  -3.4230770e-04
   8.5602560e-05
   3.9095670e-04
   5.9793890e-04
   7.7337970e-04
   9.9775830e-04
   1.3269590e-03
   1.7539750e-03
   2.2018500e-03
   2.5403660e-03
   2.6290150e-03
   2.3861310e-03
   1.8411400e-03
   1.1440290e-03
   5.1973780e-04
   1.8111230e-04
   2.3921660e-04
   6.4764430e-04
   1.2074690e-03
   1.6409480e-03
   1.7108580e-03
   1.3028570e-03
   4.4812500e-04
  -6.9764650e-04
  -1.8946410e-03
  -2.8876040e-03
  -3.4900650e-03
  -3.6298190e-03
  -3.3546280e-03
  -2.8067790e-03
  -2.1601380e-03
  -1.5610450e-03
  -1.1001180e-03
  -7.9578390e-04
  -5.9340380e-04
  -3.9574050e-04
  -1.0285390e-04
   3.6046450e-04
   1.0128540e-03
   1.7885890e-03
   2.5492850e-03
   3.1477740e-03
   3.4725740e-03
   3.4691890e-03
   3.1522610e-03
   2.5954490e-03
   1.9231220e-03
   1.2880380e-03
   8.2730900e-04
   6.2742360e-04
   7.0532330e-04
   1.0034340e-03
   1.4051370e-03
   1.7723570e-03
   2.0021430e-03
   2.0737260e-03
   2.0471730e-03
   2.0190060e-03
   2.0822450e-03
   2.2882750e-03
   2.6179860e-03
   2.9655330e-03
   3.1543730e-03
   3.0043270e-03
   2.4110060e-03
   1.3913790e-03
   6.8561930e-05
  -1.3835170e-03
  -2.7901370e-03
  -4.0209300e-03
  -5.0191460e-03
  -5.7952800e-03
  -6.4038260e-03
  -6.9313440e-03
  -7.4691450e-03
  -8.0759250e-03
  -8.7634180e-03
  -9.5010500e-03
  -1.0244010e-02
  -1.0949520e-02
  -1.1551400e-02
  -1.1971600e-02
  -1.2141290e-02
  -1.1993630e-02
  -1.1475970e-02
  -1.0578670e-02
  -9.3568590e-03
  -7.9189350e-03
  -6.4039030e-03
  -4.9501540e-03
  -3.6526810e-03
  -2.5460310e-03
  -1.6045590e-03
  -7.3285820e-04
   2.1717280e-04
   1.3840520e-03
   2.8318420e-03
   4.5175180e-03
   6.3104130e-03
   8.0437530e-03
   9.5704590e-03
   1.0798950e-02
   1.1710100e-02
   1.2353960e-02
   1.2820680e-02
   1.3196700e-02
   1.3526760e-02
   1.3826810e-02
   1.4104550e-02
   1.4365930e-02
   1.4616220e-02
   1.4847760e-02
   1.5034240e-02
   1.5145180e-02
   1.5148550e-02
   1.5008370e-02
   1.4675490e-02
   1.4077370e-02
   1.3121320e-02
   1.1751960e-02
   1.0001570e-02
   8.0083640e-03
   5.9880610e-03
   4.1706730e-03
   2.7247600e-03
   1.6923020e-03
   9.8827520e-04
   4.5718590e-04
  -3.8933630e-05
  -5.5449560e-04
  -1.0385530e-03
  -1.3739050e-03
  -1.4444690e-03
  -1.1792930e-03
  -5.8290240e-04
   2.6226290e-04
   1.2151030e-03
   2.1141230e-03
   2.8245110e-03
   3.2683290e-03
   3.4213600e-03
   3.2881010e-03
   2.9028600e-03
   2.3280160e-03
   1.6558380e-03
   1.0044200e-03
   4.8831500e-04
   1.8837580e-04
   1.5441240e-04
   4.1930040e-04
   9.7070160e-04
   1.7054710e-03
   2.4382500e-03
   2.9534500e-03
   3.0731950e-03
   2.7321680e-03
   2.0071340e-03
   1.0988330e-03
   2.7261880e-04
  -2.3520670e-04
  -2.9776910e-04
   7.7357440e-05
   7.4693030e-04
   1.4674690e-03
   1.9660030e-03
   2.0266140e-03
   1.5409200e-03
   5.1736660e-04
  -9.1961610e-04
  -2.5741720e-03
  -4.2386710e-03
  -5.7432790e-03
  -6.9643850e-03
  -7.8232200e-03
  -8.2844120e-03
  -8.3433880e-03
  -8.0305990e-03
  -7.4311840e-03
  -6.6854370e-03
  -5.9426370e-03
  -5.3347500e-03
  -4.9759350e-03
  -4.9617050e-03
  -5.3611100e-03
  -6.2003760e-03
  -7.4314500e-03
  -8.9111880e-03
  -1.0424450e-02
  -1.1737960e-02
  -1.2664160e-02
  -1.3090030e-02
  -1.2990150e-02
  -1.2431600e-02
  -1.1575290e-02
  -1.0662960e-02
  -9.9584040e-03
  -9.6668700e-03
  -9.8832640e-03
  -1.0567790e-02
  -1.1544320e-02
  -1.2539380e-02
  -1.3268740e-02
  -1.3533810e-02
  -1.3269960e-02
  -1.2551490e-02
  -1.1557430e-02
  -1.0497940e-02
  -9.5529890e-03
  -8.8344220e-03
  -8.3529520e-03
  -8.0339020e-03
  -7.7640620e-03
  -7.4467920e-03
  -7.0463460e-03
  -6.5784080e-03
  -6.0862460e-03
  -5.6139960e-03
  -5.1750490e-03
  -4.7497580e-03
  -4.3003030e-03
  -3.7617900e-03
  -3.0500860e-03
  -2.1127500e-03
  -9.5926550e-04
   3.4768790e-04
   1.7087690e-03
   3.0052360e-03
   4.1293300e-03
   5.0107070e-03
   5.6291200e-03
   6.0192240e-03
   6.2447080e-03
   6.3618030e-03
   6.4108090e-03
   6.4141430e-03
   6.3898560e-03
   6.3571170e-03
   6.3249310e-03
   6.2964590e-03
   6.2684310e-03
   6.2240500e-03
   6.1386730e-03
   5.9937960e-03
   5.7887650e-03
   5.5326250e-03
   5.2050030e-03
   4.7299920e-03
   4.0190860e-03
   3.0368920e-03
   1.8317050e-03
   5.3960110e-04
  -6.3045280e-04
  -1.4412070e-03
  -1.7193570e-03
  -1.4271380e-03
  -6.7776160e-04
   3.0882170e-04
   1.2658490e-03
   1.9445880e-03
   2.1776150e-03
   1.9195910e-03
   1.2333490e-03
   2.3439670e-04
  -9.4129620e-04
  -2.1576420e-03
  -3.2877420e-03
  -4.2222530e-03
  -4.8828780e-03
  -5.2225170e-03
  -5.2385500e-03
  -4.9847020e-03
  -4.5677650e-03
  -4.1073460e-03
  -3.6762280e-03
  -3.2971590e-03
  -2.9727620e-03
  -2.7166080e-03
  -2.5573220e-03
  -2.5130350e-03
  -2.5668960e-03
  -2.6661140e-03
  -2.7556470e-03
  -2.7958240e-03
  -2.7678010e-03
  -2.6865250e-03
  -2.6023180e-03
  -2.5751020e-03
  -2.6349470e-03
  -2.7582580e-03
  -2.8852010e-03
  -2.9678490e-03
  -2.9989410e-03
  -3.0189010e-03
  -3.1037210e-03
  -3.3316050e-03
  -3.7462880e-03
  -4.3397980e-03
  -5.0565050e-03
  -5.7875240e-03
  -6.3841820e-03
  -6.6967440e-03
  -6.6221160e-03
  -6.1382720e-03
  -5.3026640e-03
  -4.2326280e-03
  -3.0933180e-03
  -2.0587560e-03
  -1.2565330e-03
  -7.3738120e-04
  -4.8515990e-04
  -4.3087280e-04
  -4.7070830e-04
  -4.9086290e-04
  -3.9011570e-04
  -9.6649700e-05
   4.2356510e-04
   1.1692240e-03
   2.1065200e-03
   3.1633810e-03
   4.2219340e-03
   5.1281110e-03
   5.7320780e-03
   5.9315710e-03
   5.7024690e-03
   5.1194560e-03
   4.3294720e-03
   3.5027740e-03
   2.8089750e-03
   2.3929220e-03
   2.3383290e-03
   2.6402390e-03
   3.1924770e-03
   3.8061610e-03
   4.2525960e-03
   4.3252730e-03
   3.8936950e-03
   2.9261770e-03
   1.4697760e-03
  -3.7878580e-04
  -2.4690760e-03
  -4.6065480e-03
  -6.5845890e-03
  -8.2034700e-03
  -9.2927450e-03
  -9.7672320e-03
  -9.6882950e-03
  -9.2455090e-03
  -8.6846090e-03
  -8.2407430e-03
  -8.0805180e-03
  -8.2628940e-03
  -8.7341830e-03
  -9.3440150e-03
  -9.8854710e-03
  -1.0154120e-02
  -1.0008070e-02
  -9.4115160e-03
  -8.4209930e-03
  -7.1432130e-03
  -5.6841890e-03
  -4.1230580e-03
  -2.5252030e-03
  -9.8468910e-04
   3.5898680e-04
   1.3546690e-03
   1.8676300e-03
   1.8163650e-03
   1.2227800e-03
   2.3622800e-04
  -9.0508640e-04
  -1.9446030e-03
  -2.6646110e-03
  -2.9304400e-03
  -2.7201880e-03
  -2.1301030e-03
  -1.3377140e-03
  -5.5764830e-04
   7.3961350e-06
   2.1481390e-04
   1.5578300e-05
  -5.3206280e-04
  -1.2756410e-03
  -2.0082700e-03
  -2.5269290e-03
  -2.6834870e-03
  -2.4032150e-03
  -1.6871580e-03
  -6.0410210e-04
   7.1956120e-04
   2.1217890e-03
   3.4260700e-03
   4.4626210e-03
   5.1123400e-03
   5.3613400e-03
   5.3066710e-03
   5.1226300e-03
   5.0116730e-03
   5.1505910e-03
   5.6422120e-03
   6.4997700e-03
   7.6762580e-03
   9.0904280e-03
   1.0632670e-02
   1.2178350e-02
   1.3608600e-02
   1.4844710e-02
   1.5862250e-02
   1.6687230e-02
   1.7377100e-02
   1.7992780e-02
   1.8567820e-02
   1.9092830e-02
   1.9519110e-02
   1.9775490e-02
   1.9797680e-02
   1.9542460e-02
   1.8980180e-02
   1.8087090e-02
   1.6838190e-02
   1.5223190e-02
   1.3295550e-02
   1.1210430e-02
   9.1936030e-03
   7.4839100e-03
   6.2764680e-03
   5.6464900e-03
   5.5065380e-03
   5.6402750e-03
   5.7781700e-03
   5.6737420e-03
   5.1595970e-03
   4.1804940e-03
   2.8020420e-03
   1.1877490e-03
  -4.4935880e-04
  -1.9035000e-03
  -3.0107780e-03
  -3.6661660e-03
  -3.8378970e-03
  -3.5711180e-03
  -2.9764720e-03
  -2.2187210e-03
  -1.4856690e-03
  -9.2561360e-04
  -6.1432190e-04
  -5.5827910e-04
  -7.1318910e-04
  -1.0094880e-03
  -1.3699360e-03
  -1.7317890e-03
  -2.0606050e-03
  -2.3320790e-03
  -2.5180700e-03
  -2.5775300e-03
  -2.4559400e-03
  -2.1065800e-03
  -1.5189270e-03
  -7.4246310e-04
   1.0818490e-04
   8.6892840e-04
   1.3661100e-03
   1.4580580e-03
   1.0824500e-03
   3.0203680e-04
  -7.2089730e-04
  -1.7888090e-03
  -2.7268570e-03
  -3.4096000e-03
  -3.7868340e-03
  -3.8838920e-03
  -3.7771210e-03
  -3.5611210e-03
  -3.3116510e-03
  -3.0679060e-03
  -2.8406090e-03
  -2.6343630e-03
  -2.4705420e-03
  -2.3890600e-03
  -2.4297770e-03
  -2.6170620e-03
  -2.9509530e-03
  -3.3944450e-03
  -3.8798850e-03
  -4.3224540e-03
  -4.6370560e-03
  -4.7441780e-03
  -4.5822660e-03
  -4.1271060e-03
  -3.3908740e-03
  -2.4147060e-03
  -1.2757440e-03
  -7.8715460e-05
   1.0763240e-03
   2.1063420e-03
   2.9626940e-03
   3.6236540e-03
   4.0787850e-03
   4.3492010e-03
   4.5002330e-03
   4.6308880e-03
   4.8459620e-03
   5.2149850e-03
   5.7464390e-03
   6.3928030e-03
   7.0754700e-03
   7.7079240e-03
   8.1975060e-03
   8.4640210e-03
   8.4799130e-03
   8.2812600e-03
   7.9736170e-03
   7.6885430e-03
   7.5114280e-03
   7.4233890e-03
   7.2947090e-03
   6.9446050e-03
   6.2258670e-03
   5.0901550e-03
   3.6138170e-03
   1.9715120e-03
   3.8597250e-04
  -9.2322740e-04
  -1.7991710e-03
  -2.2087610e-03
  -2.2648170e-03
  -2.1887490e-03
  -2.2198130e-03
  -2.5430920e-03
  -3.2521440e-03
  -4.3219730e-03
  -5.6261370e-03
  -7.0038150e-03
  -8.3271560e-03
  -9.5334550e-03
  -1.0618900e-02
  -1.1608300e-02
  -1.2514970e-02
  -1.3306080e-02
  -1.3907220e-02
  -1.4242510e-02
  -1.4259830e-02
  -1.3949740e-02
  -1.3353510e-02
  -1.2552050e-02
  -1.1662050e-02
  -1.0797460e-02
  -1.0024830e-02
  -9.3532900e-03
  -8.7642630e-03
  -8.2647110e-03
  -7.9041150e-03
  -7.7432890e-03
  -7.8140350e-03
  -8.1003520e-03
  -8.5249970e-03
  -8.9613790e-03
  -9.2636330e-03
  -9.3160720e-03
  -9.0645640e-03
  -8.5126720e-03
  -7.7173670e-03
  -6.7719230e-03
  -5.7813140e-03
  -4.8416380e-03
  -4.0277060e-03
  -3.3732700e-03
  -2.8629760e-03
  -2.4333650e-03
  -1.9692760e-03
  -1.3308770e-03
  -4.2279330e-04
   7.4970260e-04
   2.0937040e-03
   3.4677780e-03
   4.7096170e-03
   5.6767610e-03
   6.2920670e-03
   6.5976880e-03
   6.7521800e-03
   6.9619200e-03
   7.3937310e-03
   8.1151050e-03
   9.0765070e-03
   1.0148280e-02
   1.1174970e-02
   1.2018230e-02
   1.2610470e-02
   1.2974750e-02
   1.3192450e-02
   1.3354660e-02
   1.3523610e-02
   1.3711360e-02
   1.3897470e-02
   1.4046280e-02
   1.4105100e-02
   1.4005040e-02
   1.3674370e-02
   1.3076750e-02
   1.2245760e-02
   1.1294610e-02
   1.0413670e-02
   9.8194510e-03
   9.6621400e-03
   9.9579590e-03
   1.0567750e-02
   1.1226040e-02
   1.1608720e-02
   1.1420390e-02
   1.0480660e-02
   8.7870670e-03
   6.5267070e-03
   4.0303110e-03
   1.6877440e-03
  -1.6873250e-04
  -1.3552870e-03
  -1.8732860e-03
  -1.9063960e-03
  -1.7522580e-03
  -1.7120010e-03
  -2.0154990e-03
  -2.7541130e-03
  -3.8737400e-03
  -5.2262150e-03
  -6.6208130e-03
  -7.8597080e-03
  -8.7703450e-03
  -9.2362690e-03
  -9.2109430e-03
  -8.7342510e-03
  -7.9098220e-03
  -6.8673870e-03
  -5.7576130e-03
  -4.7380340e-03
  -3.9212650e-03
  -3.3467750e-03
  -2.9964180e-03
  -2.8040930e-03
  -2.6705630e-03
  -2.5047840e-03
  -2.2616680e-03
  -1.9488020e-03
  -1.6111960e-03
  -1.3119400e-03
  -1.1041100e-03
  -1.0108250e-03
  -1.0184570e-03
  -1.1012860e-03
  -1.2306090e-03
  -1.3732030e-03
  -1.4919540e-03
  -1.5483310e-03
  -1.5055650e-03
  -1.3290750e-03
  -1.0102660e-03
  -5.8170060e-04
  -8.8743540e-05
   4.3686280e-04
   9.7382490e-04
   1.4970940e-03
   1.9767500e-03
   2.4032530e-03
   2.7905940e-03
   3.1716930e-03
   3.5950070e-03
   4.1140590e-03
   4.7716040e-03
   5.5616780e-03
   6.3993190e-03
   7.1407590e-03
   7.6267200e-03
   7.7265850e-03
   7.3726470e-03
   6.5808990e-03
   5.4423410e-03
   4.0981920e-03
   2.7243910e-03
   1.5118180e-03
   6.3237380e-04
   2.0307580e-04
   2.6062360e-04
   7.3932060e-04
   1.4616890e-03
   2.1869370e-03
   2.6766780e-03
   2.7678840e-03
   2.4023980e-03
   1.6175110e-03
   5.1344090e-04
  -7.9178420e-04
  -2.1939870e-03
  -3.6027480e-03
  -4.8964410e-03
  -5.9159020e-03
  -6.5343800e-03
  -6.7198000e-03
  -6.5499900e-03
  -6.1839400e-03
  -5.8138390e-03
  -5.6135350e-03
  -5.6916730e-03
  -6.0547280e-03
  -6.6161530e-03
  -7.2384830e-03
  -7.7870210e-03
  -8.1928940e-03
  -8.4602690e-03
  -8.6453930e-03
  -8.8268640e-03
  -9.0868720e-03
  -9.4933280e-03
  -1.0048460e-02
  -1.0669080e-02
  -1.1226800e-02
  -1.1620880e-02
  -1.1825580e-02
  -1.1905290e-02
  -1.1978420e-02
  -1.2155610e-02
  -1.2490180e-02
  -1.2954950e-02
  -1.3429530e-02
  -1.3715940e-02
  -1.3615540e-02
  -1.3005480e-02
  -1.1890710e-02
  -1.0412570e-02
  -8.7949400e-03
  -7.2758360e-03
  -6.0553200e-03
  -5.2508160e-03
  -4.8808220e-03
  -4.8967170e-03
  -5.2028420e-03
  -5.6785670e-03
  -6.2135370e-03
  -6.7204190e-03
  -7.1327730e-03
  -7.4127850e-03
  -7.5758610e-03
  -7.6768580e-03
  -7.7852880e-03
  -7.9591640e-03
  -8.2126740e-03
  -8.5054880e-03
  -8.7446250e-03
  -8.8153620e-03
  -8.6323550e-03
  -8.1664680e-03
  -7.4493640e-03
  -6.5657860e-03
  -5.6269080e-03
  -4.7372020e-03
  -3.9741400e-03
  -3.3590580e-03
  -2.8331770e-03
  -2.2588910e-03
  -1.4763300e-03
  -3.7946970e-04
   1.0458400e-03
   2.7114910e-03
   4.4433690e-03
   6.0175540e-03
   7.2090400e-03
   7.8385130e-03
   7.8203310e-03
   7.1892400e-03
   6.1017010e-03
   4.7937250e-03
   3.5153050e-03
   2.4806350e-03
   1.8248830e-03
   1.6007470e-03
   1.7960930e-03
   2.3575590e-03
   3.2115860e-03
   4.2725300e-03
   5.4341760e-03
   6.5810610e-03
   7.6062780e-03
   8.3956980e-03
   8.8454230e-03
   8.9035880e-03
   8.5882160e-03
   7.9914400e-03
   7.2601020e-03
   6.5921080e-03
   6.2037710e-03
   6.2646160e-03
   6.8378130e-03
   7.8464040e-03
   9.0952520e-03
   1.0327250e-02
   1.1294830e-02
   1.1820270e-02
   1.1841250e-02
   1.1427740e-02
   1.0734680e-02
   9.9260470e-03
   9.1266720e-03
   8.4118670e-03
   7.8177740e-03
   7.3479030e-03
   6.9861720e-03
   6.7085270e-03
   6.4698930e-03
   6.2035390e-03
   5.8373090e-03
   5.3105450e-03
   4.5841420e-03
   3.6480490e-03
   2.5324420e-03
   1.2997330e-03
   2.1308650e-05
  -1.2503240e-03
  -2.4690210e-03
  -3.5777310e-03
  -4.4986040e-03
  -5.1507220e-03
  -5.5091440e-03
  -5.6543050e-03
  -5.7266080e-03
  -5.8725570e-03
  -6.2036460e-03
  -6.7537040e-03
  -7.4481000e-03
  -8.1155940e-03
  -8.5464780e-03
  -8.5712440e-03
  -8.1223990e-03
  -7.2567040e-03
  -6.1175990e-03
  -4.8928230e-03
  -3.8032900e-03
  -3.0409040e-03
  -2.6957880e-03
  -2.7353370e-03
  -3.0360440e-03
  -3.4289370e-03
  -3.7287610e-03
  -3.7953050e-03
  -3.5778910e-03
  -3.1142390e-03
  -2.5189710e-03
  -1.9494460e-03
  -1.5436460e-03
  -1.3860640e-03
  -1.5110440e-03
  -1.9083340e-03
  -2.5239000e-03
  -3.2730020e-03
  -4.0644060e-03
  -4.8182380e-03
  -5.4597780e-03
  -5.9275330e-03
  -6.1875500e-03
  -6.2491680e-03
  -6.1469420e-03
  -5.9090380e-03
  -5.5466840e-03
  -5.0717720e-03
  -4.5195720e-03
  -3.9487140e-03
  -3.4378790e-03
  -3.0728190e-03
  -2.9276160e-03
  -3.0331310e-03
  -3.3617360e-03
  -3.8368840e-03
  -4.3585820e-03
  -4.8333110e-03
  -5.1894130e-03
  -5.3805240e-03
  -5.3870440e-03
  -5.2252740e-03
  -4.9471100e-03
  -4.6280870e-03
  -4.3722160e-03
  -4.3118590e-03
  -4.5583350e-03
  -5.1350660e-03
  -5.9636170e-03
  -6.8908320e-03
  -7.7386840e-03
  -8.3661190e-03
  -8.7316480e-03
  -8.9022520e-03
  -9.0266480e-03
  -9.2861890e-03
  -9.8267350e-03
  -1.0698840e-02
  -1.1825090e-02
  -1.3042410e-02
  -1.4158190e-02
  -1.5003080e-02
  -1.5473440e-02
  -1.5554840e-02
  -1.5326490e-02
  -1.4926850e-02
  -1.4491000e-02
  -1.4094410e-02
  -1.3728660e-02
  -1.3320990e-02
  -1.2797990e-02
  -1.2127840e-02
  -1.1320520e-02
  -1.0417820e-02
  -9.4757030e-03
  -8.5552270e-03
  -7.7083510e-03
  -6.9616070e-03
  -6.3364470e-03
  -5.8761110e-03
  -5.6382210e-03
  -5.6566630e-03
  -5.9152660e-03
  -6.3495960e-03
  -6.8607900e-03
  -7.3222430e-03
  -7.6114100e-03
  -7.6520540e-03
  -7.4423840e-03
  -7.0611310e-03
  -6.6576410e-03
  -6.4186390e-03
  -6.4888460e-03
  -6.9027240e-03
  -7.5847080e-03
  -8.3860070e-03
  -9.1348790e-03
  -9.6885010e-03
  -9.9739190e-03
  -1.0003030e-02
  -9.8723370e-03
  -9.7200440e-03
  -9.6746850e-03
  -9.8170120e-03
  -1.0157050e-02
  -1.0633200e-02
  -1.1128740e-02
  -1.1501420e-02
  -1.1621670e-02
  -1.1417770e-02
  -1.0899390e-02
  -1.0132310e-02
  -9.1873680e-03
  -8.1101810e-03
  -6.9394490e-03
  -5.7251920e-03
  -4.5189150e-03
  -3.3488670e-03
  -2.2072040e-03
  -1.0585020e-03
   1.4422380e-04
   1.4518590e-03
   2.8861290e-03
   4.4317370e-03
   6.0395010e-03
   7.6334210e-03
   9.1379180e-03
   1.0501450e-02
   1.1710330e-02
   1.2783350e-02
   1.3758110e-02
   1.4681990e-02
   1.5596480e-02
   1.6526320e-02
   1.7470540e-02
   1.8396430e-02
   1.9241460e-02
   1.9924980e-02
   2.0375250e-02
   2.0572810e-02
   2.0560310e-02
   2.0428240e-02
   2.0283140e-02
   2.0207370e-02
   2.0225820e-02
   2.0298310e-02
   2.0333020e-02
   2.0229100e-02
   1.9925390e-02
   1.9401050e-02
   1.8655090e-02
   1.7699020e-02
   1.6567130e-02
   1.5319830e-02
   1.4020600e-02
   1.2701700e-02
   1.1360520e-02
   9.9790390e-03
   8.5575900e-03
   7.1332160e-03
   5.7711220e-03
   4.5472670e-03
   3.5254120e-03
   2.7175270e-03
   2.0535780e-03
   1.4033740e-03
   6.3140880e-04
  -3.6736770e-04
  -1.6393100e-03
  -3.1500540e-03
  -4.7942280e-03
  -6.4363720e-03
  -7.9372810e-03
  -9.1908130e-03
  -1.0147890e-02
  -1.0802760e-02
  -1.1177380e-02
  -1.1334190e-02
  -1.1374060e-02
  -1.1403790e-02
  -1.1503430e-02
  -1.1720580e-02
  -1.2075440e-02
  -1.2577810e-02
  -1.3223910e-02
  -1.3976360e-02
  -1.4762980e-02
  -1.5494650e-02
  -1.6067520e-02
  -1.6387360e-02
  -1.6412610e-02
  -1.6158880e-02
  -1.5671180e-02
  -1.5018880e-02
  -1.4304900e-02
  -1.3635250e-02
  -1.3102210e-02
  -1.2779330e-02
  -1.2715470e-02
  -1.2900550e-02
  -1.3263390e-02
  -1.3684860e-02
  -1.4032580e-02
  -1.4205620e-02
  -1.4152710e-02
  -1.3897200e-02
  -1.3522030e-02
  -1.3131150e-02
  -1.2816850e-02
  -1.2659100e-02
  -1.2742780e-02
  -1.3131500e-02
  -1.3830240e-02
  -1.4768310e-02
  -1.5798280e-02
  -1.6719710e-02
  -1.7336150e-02
  -1.7510910e-02
  -1.7200250e-02
  -1.6471330e-02
  -1.5483220e-02
  -1.4446760e-02
  -1.3571970e-02
  -1.2979380e-02
  -1.2665650e-02
  -1.2542240e-02
  -1.2485800e-02
  -1.2371830e-02
  -1.2113930e-02
  -1.1681360e-02
  -1.1101860e-02
  -1.0439860e-02
  -9.7618630e-03
  -9.1245940e-03
  -8.5663280e-03
  -8.0902180e-03
  -7.6414010e-03
  -7.1242260e-03
  -6.4427500e-03
  -5.5360990e-03
  -4.3900280e-03
  -3.0342860e-03
  -1.5404230e-03
   1.6612040e-05
   1.5829470e-03
   3.1291230e-03
   4.6470910e-03
   6.1355190e-03
   7.5831480e-03
   8.9625100e-03
   1.0242450e-02
   1.1413190e-02
   1.2500180e-02
   1.3542730e-02
   1.4567120e-02
   1.5573200e-02
   1.6542410e-02
   1.7471340e-02
   1.8380260e-02
   1.9304800e-02
   2.0258250e-02
   2.1206340e-02
   2.2078370e-02
   2.2788460e-02
   2.3242270e-02
   2.3342200e-02
   2.3016450e-02
   2.2242450e-02
   2.1069690e-02
   1.9620960e-02
   1.8071480e-02
   1.6613130e-02
   1.5392310e-02
   1.4466670e-02
   1.3799430e-02
   1.3278780e-02
   1.2753300e-02
   1.2079730e-02
   1.1180420e-02
   1.0063670e-02
   8.7963450e-03
   7.4558980e-03
   6.1042510e-03
   4.7797880e-03
   3.4955170e-03
   2.2537190e-03
   1.0620230e-03
  -6.3312820e-05
  -1.0949250e-03
  -2.0016390e-03
  -2.7675960e-03
  -3.3919100e-03
  -3.9083190e-03
  -4.3908050e-03
  -4.9318670e-03
  -5.5975870e-03
  -6.3955250e-03
  -7.2857120e-03
  -8.1986450e-03
  -9.0623500e-03
  -9.8210460e-03
  -1.0423150e-02
  -1.0839880e-02
  -1.1092370e-02
  -1.1248260e-02
  -1.1374690e-02
  -1.1518770e-02
  -1.1708280e-02
  -1.1963970e-02
  -1.2311540e-02
  -1.2774540e-02
  -1.3354240e-02
  -1.4020660e-02
  -1.4719150e-02
  -1.5373260e-02
  -1.5904990e-02
  -1.6260330e-02
  -1.6423000e-02
  -1.6418300e-02
  -1.6301060e-02
  -1.6112150e-02
  -1.5862080e-02
  -1.5537710e-02
  -1.5101630e-02
  -1.4495880e-02
  -1.3657450e-02
  -1.2540290e-02
  -1.1125850e-02
  -9.4274440e-03
  -7.5011180e-03
  -5.4400050e-03
  -3.3409100e-03
  -1.2936930e-03
   6.1088340e-04
   2.3044470e-03
   3.7644060e-03
   5.0173710e-03
   6.1237560e-03
   7.1405860e-03
   8.1098250e-03
   9.0439350e-03
   9.9213400e-03
   1.0685740e-02
   1.1253500e-02
   1.1530030e-02
   1.1439550e-02
   1.0951270e-02
   1.0107630e-02
   9.0290770e-03
   7.8794740e-03
   6.8317150e-03
   6.0367630e-03
   5.6040140e-03
   5.5832240e-03
   5.9472080e-03
   6.5774530e-03
   7.2822470e-03
   7.8828100e-03
   8.2863670e-03
   8.5029010e-03
   8.6152450e-03
   8.7192710e-03
   8.8682360e-03
   9.0569560e-03
   9.2330430e-03
   9.3228640e-03
   9.2876280e-03
   9.1525290e-03
   8.9876540e-03
   8.8913470e-03
   8.9476470e-03
   9.1779240e-03
   9.5350540e-03
   9.9277010e-03
   1.0258850e-02
   1.0462250e-02
   1.0511180e-02
   1.0405870e-02
   1.0179460e-02
   9.8883560e-03
   9.5924440e-03
   9.3310080e-03
   9.1087050e-03
   8.8917410e-03
   8.6296800e-03
   8.2668660e-03
   7.7411330e-03
   7.0103550e-03
   6.0942850e-03
   5.0735030e-03
   4.0345990e-03
   3.0413880e-03
   2.1402800e-03
   1.3611760e-03
   7.0648290e-04
   1.3866670e-04
  -3.9679780e-04
  -9.4155190e-04
  -1.5316750e-03
  -2.2047330e-03
  -2.9924460e-03
  -3.9034550e-03
  -4.8982010e-03
  -5.8776450e-03
  -6.7005920e-03
  -7.2235970e-03
  -7.3677210e-03
  -7.1397100e-03
  -6.6135960e-03
  -5.9068550e-03
  -5.1374080e-03
  -4.3922580e-03
  -3.6948540e-03
  -3.0127120e-03
  -2.2971650e-03
  -1.5295720e-03
  -7.3913500e-04
   2.7970610e-05
   7.3972630e-04
   1.3841930e-03
   1.9479560e-03
   2.3984340e-03
   2.7076240e-03
   2.9022150e-03
   3.0648460e-03
   3.3126380e-03
   3.7807220e-03
   4.5749440e-03
   5.7199970e-03
   7.1355010e-03
   8.6552030e-03
   1.0099470e-02
   1.1335110e-02
   1.2304460e-02
   1.3023690e-02
   1.3541930e-02
   1.3892910e-02
   1.4109430e-02
   1.4223270e-02
   1.4259740e-02
   1.4250160e-02
   1.4240720e-02
   1.4295550e-02
   1.4475500e-02
   1.4820990e-02
   1.5336160e-02
   1.5990950e-02
   1.6739790e-02
   1.7527390e-02
   1.8295600e-02
   1.8995800e-02
   1.9603380e-02
   2.0123860e-02
   2.0587500e-02
   2.1034470e-02
   2.1504200e-02
   2.2050140e-02
   2.2724420e-02
   2.3533040e-02
   2.4403750e-02
   2.5209810e-02
   2.5814050e-02
   2.6118240e-02
   2.6077060e-02
   2.5679080e-02
   2.4941230e-02
   2.3929430e-02
   2.2769050e-02
   2.1605950e-02
   2.0564210e-02
   1.9711430e-02
   1.9053010e-02
   1.8547490e-02
   1.8128340e-02
   1.7724850e-02
   1.7292060e-02
   1.6842040e-02
   1.6434380e-02
   1.6142620e-02
   1.6020130e-02
   1.6080220e-02
   1.6285510e-02
   1.6575760e-02
   1.6893130e-02
   1.7168600e-02
   1.7320740e-02
   1.7275700e-02
   1.6996810e-02
   1.6498850e-02
   1.5837920e-02
   1.5093680e-02
   1.4370550e-02
   1.3785490e-02
   1.3421770e-02
   1.3312180e-02
   1.3427400e-02
   1.3697090e-02
   1.4027020e-02
   1.4307470e-02
   1.4442760e-02
   1.4383300e-02
   1.4124970e-02
   1.3712260e-02
   1.3234280e-02
   1.2793900e-02
   1.2464980e-02
   1.2286430e-02
   1.2285430e-02
   1.2499240e-02
   1.2951080e-02
   1.3616080e-02
   1.4397860e-02
   1.5120330e-02
   1.5560910e-02
   1.5498830e-02
   1.4763590e-02
   1.3265050e-02
   1.1010830e-02
   8.1110450e-03
   4.7610590e-03
   1.1979380e-03
  -2.3668620e-03
  -5.8064930e-03
  -9.0799350e-03
  -1.2184550e-02
  -1.5131900e-02
  -1.7927280e-02
  -2.0569790e-02
  -2.3058550e-02
  -2.5399120e-02
  -2.7608250e-02
  -2.9725470e-02
  -3.1802720e-02
  -3.3871290e-02
  -3.5919730e-02
  -3.7902630e-02
  -3.9760450e-02
  -4.1443020e-02
  -4.2902160e-02
  -4.4098840e-02
  -4.5039020e-02
  -4.5795870e-02
  -4.6489590e-02
  -4.7245600e-02
  -4.8141060e-02
  -4.9192580e-02
  -5.0365270e-02
  -5.1593490e-02
  -5.2798220e-02
  -5.3913500e-02
  -5.4899170e-02
  -5.5735240e-02
  -5.6406950e-02
  -5.6889080e-02
  -5.7160400e-02
  -5.7225590e-02
  -5.7117230e-02
  -5.6885590e-02
  -5.6579050e-02
  -5.6233560e-02
  -5.5872980e-02
  -5.5499900e-02
  -5.5092440e-02
  -5.4630430e-02
  -5.4120930e-02
  -5.3590120e-02
  -5.3051420e-02
  -5.2477410e-02
  -5.1816790e-02
  -5.1022510e-02
  -5.0074220e-02
  -4.8979920e-02
  -4.7753040e-02
  -4.6396890e-02
  -4.4913880e-02
  -4.3332980e-02
  -4.1714440e-02
  -4.0128640e-02
  -3.8633110e-02
  -3.7253500e-02
  -3.5977650e-02
  -3.4764350e-02
  -3.3560080e-02
  -3.2324120e-02
  -3.1059580e-02
  -2.9790490e-02
  -2.8529970e-02
  -2.7273600e-02
  -2.5999980e-02
  -2.4702310e-02
  -2.3420090e-02
  -2.2232590e-02
  -2.1224450e-02
  -2.0445530e-02
  -1.9897220e-02
  -1.9528000e-02
  -1.9249040e-02
  -1.8958710e-02
  -1.8570060e-02
  -1.8036830e-02
  -1.7363580e-02
  -1.6596770e-02
  -1.5814950e-02
  -1.5098000e-02
  -1.4515280e-02
  -1.4114850e-02
  -1.3894560e-02
  -1.3796290e-02
  -1.3732700e-02
  -1.3631720e-02
  -1.3466360e-02
  -1.3243530e-02
  -1.2983260e-02
  -1.2715250e-02
  -1.2459600e-02
  -1.2212010e-02
  -1.1963070e-02
  -1.1727250e-02
  -1.1553320e-02
  -1.1496470e-02
  -1.1576600e-02
  -1.1735960e-02
  -1.1840910e-02
  -1.1720600e-02
  -1.1221260e-02
  -1.0264810e-02
  -8.8897730e-03
  -7.2359360e-03
  -5.4849540e-03
  -3.7852450e-03
  -2.1930460e-03
  -6.5976850e-04
   9.1214560e-04
   2.5978050e-03
   4.4029570e-03
   6.2809900e-03
   8.1736220e-03
   1.0039180e-02
   1.1855830e-02
   1.3621310e-02
   1.5350570e-02
   1.7072920e-02
   1.8825480e-02
   2.0641330e-02
   2.2526470e-02
   2.4459280e-02
   2.6400750e-02
   2.8311700e-02
   3.0166200e-02
   3.1945570e-02
   3.3621060e-02
   3.5173330e-02
   3.6605610e-02
   3.7940180e-02
   3.9197050e-02
   4.0381240e-02
   4.1498710e-02
   4.2545550e-02
   4.3492000e-02
   4.4274600e-02
   4.4813930e-02
   4.5036720e-02
   4.4894220e-02
   4.4394460e-02
   4.3604060e-02
   4.2624700e-02
   4.1557090e-02
   4.0466330e-02
   3.9352050e-02
   3.8144330e-02
   3.6728650e-02
   3.4985180e-02
   3.2836790e-02
   3.0271150e-02
   2.7345960e-02
   2.4171800e-02
   2.0894670e-02
   1.7682320e-02
   1.4700610e-02
   1.2077040e-02
   9.8663380e-03
   8.0563260e-03
   6.5914250e-03
   5.3842400e-03
   4.3245080e-03
   3.3006640e-03
   2.2241750e-03
   1.0514920e-03
  -1.9747110e-04
  -1.4637710e-03
  -2.6709700e-03
  -3.7420330e-03
  -4.6163280e-03
  -5.2371010e-03
  -5.5636950e-03
  -5.6055290e-03
  -5.4381510e-03
  -5.1719200e-03
  -4.9009660e-03
  -4.6863850e-03
  -4.5579880e-03
  -4.5097340e-03
  -4.4921570e-03
  -4.4247660e-03
  -4.2184580e-03
  -3.8092950e-03
  -3.1711060e-03
  -2.2945060e-03
  -1.1686350e-03
   2.0570930e-04
   1.7947060e-03
   3.5303280e-03
   5.3441110e-03
   7.1870970e-03
   9.0103630e-03
   1.0780130e-02
   1.2486270e-02
   1.4132810e-02
   1.5713000e-02
   1.7173250e-02
   1.8403030e-02
   1.9264790e-02
   1.9637600e-02
   1.9479830e-02
   1.8867550e-02
   1.7974090e-02
   1.7001260e-02
   1.6107390e-02
   1.5363140e-02
   1.4755880e-02
   1.4204720e-02
   1.3587980e-02
   1.2776060e-02
   1.1664270e-02
   1.0191200e-02
   8.3450870e-03
   6.1569590e-03
   3.6844430e-03
   1.0096980e-03
  -1.7483400e-03
  -4.4337760e-03
  -6.8775790e-03
  -8.9415370e-03
  -1.0535260e-02
  -1.1620890e-02
  -1.2215870e-02
  -1.2403320e-02
  -1.2331690e-02
  -1.2202700e-02
  -1.2219760e-02
  -1.2511590e-02
  -1.3092240e-02
  -1.3873020e-02
  -1.4719130e-02
  -1.5505590e-02
  -1.6141860e-02
  -1.6591300e-02
  -1.6875160e-02
  -1.7052550e-02
  -1.7194040e-02
  -1.7349020e-02
  -1.7519110e-02
  -1.7642850e-02
  -1.7607580e-02
  -1.7283930e-02
  -1.6569130e-02
  -1.5421410e-02
  -1.3847730e-02
  -1.1888680e-02
  -9.6088730e-03
  -7.1039890e-03
  -4.5184920e-03
  -2.0259520e-03
   2.2904630e-04
   2.1739940e-03
   3.8150490e-03
   5.2148990e-03
   6.4581010e-03
   7.6342730e-03
   8.8425660e-03
   1.0167500e-02
   1.1660600e-02
   1.3323790e-02
   1.5093270e-02
   1.6833100e-02
   1.8369290e-02
   1.9539380e-02
   2.0228850e-02
   2.0412270e-02
   2.0184540e-02
   1.9721430e-02
   1.9214380e-02
   1.8833050e-02
   1.8695250e-02
   1.8848770e-02
   1.9278620e-02
   1.9903800e-02
   2.0578250e-02
   2.1108450e-02
   2.1292060e-02
   2.0964710e-02
   2.0038450e-02
   1.8529360e-02
   1.6568260e-02
   1.4376000e-02
   1.2211700e-02
   1.0313520e-02
   8.8569760e-03
   7.9320200e-03
   7.5319020e-03
   7.5584520e-03
   7.8455040e-03
   8.1797470e-03
   8.3487940e-03
   8.1842110e-03
   7.5996730e-03
   6.6140250e-03
   5.3462880e-03
   3.9824390e-03
   2.7098770e-03
   1.6805100e-03
   1.0014830e-03
   7.3353780e-04
   9.0311530e-04
   1.5029620e-03
   2.4756900e-03
   3.7237820e-03
   5.1431570e-03
   6.6429050e-03
   8.1447140e-03
   9.5789390e-03
   1.0904850e-02
   1.2114910e-02
   1.3216520e-02
   1.4210480e-02
   1.5091740e-02
   1.5855490e-02
   1.6477520e-02
   1.6909270e-02
   1.7098130e-02
   1.7018050e-02
   1.6681000e-02
   1.6140610e-02
   1.5488460e-02
   1.4848310e-02
   1.4361040e-02
   1.4146870e-02
   1.4286340e-02
   1.4804140e-02
   1.5647890e-02
   1.6678190e-02
   1.7681150e-02
   1.8426690e-02
   1.8708640e-02
   1.8378370e-02
   1.7382120e-02
   1.5765510e-02
   1.3670310e-02
   1.1301770e-02
   8.8685540e-03
   6.5245110e-03
   4.3574630e-03
   2.4114150e-03
   6.9575480e-04
  -8.1120440e-04
  -2.1554400e-03
  -3.3893760e-03
  -4.5723370e-03
  -5.7729440e-03
  -7.0757200e-03
  -8.5438840e-03
  -1.0175730e-02
  -1.1907070e-02
  -1.3662020e-02
  -1.5395310e-02
  -1.7090960e-02
  -1.8753170e-02
  -2.0401540e-02
  -2.2069130e-02
  -2.3799240e-02
  -2.5644560e-02
  -2.7672400e-02
  -2.9938580e-02
  -3.2462450e-02
  -3.5208680e-02
  -3.8098080e-02
  -4.1018890e-02
  -4.3837040e-02
  -4.6415990e-02
  -4.8656240e-02
  -5.0516300e-02
  -5.2003440e-02
  -5.3162540e-02
  -5.4064000e-02
  -5.4775300e-02
  -5.5331430e-02
  -5.5722600e-02
  -5.5909300e-02
  -5.5846440e-02
  -5.5488890e-02
  -5.4800960e-02
  -5.3763730e-02
  -5.2390410e-02
  -5.0735590e-02
  -4.8866330e-02
  -4.6836110e-02
  -4.4677870e-02
  -4.2403260e-02
  -4.0018290e-02
  -3.7515030e-02
  -3.4849880e-02
  -3.1934390e-02
  -2.8655310e-02
  -2.4911620e-02
  -2.0662690e-02
  -1.5944560e-02
  -1.0866040e-02
  -5.5876990e-03
  -2.7959190e-04
   4.9085310e-03
   9.8473080e-03
   1.4423410e-02
   1.8543550e-02
   2.2148290e-02
   2.5221650e-02
   2.7793560e-02
   2.9916350e-02
   3.1649870e-02
   3.3044970e-02
   3.4130490e-02
   3.4906110e-02
   3.5358480e-02
   3.5476240e-02
   3.5264070e-02
   3.4747710e-02
   3.3978970e-02
   3.3043550e-02
   3.2053560e-02
   3.1124190e-02
   3.0360860e-02
   2.9834710e-02
   2.9583130e-02
   2.9623700e-02
   2.9959650e-02
   3.0579100e-02
   3.1452220e-02
   3.2536470e-02
   3.3785330e-02
   3.5144640e-02
   3.6554830e-02
   3.7963140e-02
   3.9316210e-02
   4.0540820e-02
   4.1542950e-02
   4.2235110e-02
   4.2530010e-02
   4.2333940e-02
   4.1568870e-02
   4.0220710e-02
   3.8378920e-02
   3.6237120e-02
   3.4030670e-02
   3.1964090e-02
   3.0174790e-02
   2.8713390e-02
   2.7549130e-02
   2.6611730e-02
   2.5841630e-02
   2.5208810e-02
   2.4706810e-02
   2.4334600e-02
   2.4077080e-02
   2.3915090e-02
   2.3850550e-02
   2.3915420e-02
   2.4188850e-02
   2.4769640e-02
   2.5742060e-02
   2.7142160e-02
   2.8917050e-02
   3.0931030e-02
   3.2991110e-02
   3.4884070e-02
   3.6410200e-02
   3.7422770e-02
   3.7856970e-02
   3.7757720e-02
   3.7275660e-02
   3.6644070e-02
   3.6118030e-02
   3.5892090e-02
   3.6040940e-02
   3.6506380e-02
   3.7116620e-02
   3.7649370e-02
   3.7920390e-02
   3.7821420e-02
   3.7308710e-02
   3.6374550e-02
   3.5013240e-02
   3.3218500e-02
   3.0983790e-02
   2.8313570e-02
   2.5218570e-02
   2.1716540e-02
   1.7848960e-02
   1.3690260e-02
   9.3417250e-03
   4.9144810e-03
   5.0337780e-04
  -3.8250250e-03
  -8.0506500e-03
  -1.2189990e-02
  -1.6274200e-02
  -2.0325840e-02
  -2.4329750e-02
  -2.8213680e-02
  -3.1858860e-02
  -3.5122140e-02
  -3.7877220e-02
  -4.0060330e-02
  -4.1672690e-02
  -4.2757750e-02
  -4.3387950e-02
  -4.3646790e-02
  -4.3629340e-02
  -4.3449820e-02
  -4.3240230e-02
  -4.3146970e-02
  -4.3320250e-02
  -4.3878240e-02
  -4.4871680e-02
  -4.6263500e-02
  -4.7938840e-02
  -4.9742860e-02
  -5.1528050e-02
  -5.3191400e-02
  -5.4665220e-02
  -5.5922790e-02
  -5.6972770e-02
  -5.7853480e-02
  -5.8623240e-02
  -5.9331720e-02
  -6.0005440e-02
  -6.0638750e-02
  -6.1195300e-02
  -6.1599420e-02
  -6.1737660e-02
  -6.1488790e-02
  -6.0767580e-02
  -5.9553550e-02
  -5.7896810e-02
  -5.5909670e-02
  -5.3733740e-02
  -5.1495880e-02
  -4.9253730e-02
  -4.6996620e-02
  -4.4670600e-02
  -4.2206380e-02
  -3.9546340e-02
  -3.6633470e-02
  -3.3402100e-02
  -2.9810270e-02
  -2.5879020e-02
  -2.1683230e-02
  -1.7315600e-02
  -1.2864870e-02
  -8.3888730e-03
  -3.8975220e-03
   6.2792300e-04
   5.1969650e-03
   9.8169030e-03
   1.4496740e-02
   1.9247030e-02
   2.4071980e-02
   2.8961160e-02
   3.3856230e-02
   3.8603170e-02
   4.2947690e-02
   4.6593470e-02
   4.9313580e-02
   5.1055890e-02
   5.1981260e-02
   5.2405780e-02
   5.2673620e-02
   5.3024310e-02
   5.3519800e-02
   5.4076680e-02
   5.4550250e-02
   5.4819530e-02
   5.4802650e-02
   5.4425920e-02
   5.3590570e-02
   5.2176070e-02
   5.0083170e-02
   4.7281360e-02
   4.3820990e-02
   3.9813880e-02
   3.5437570e-02
   3.0918980e-02
   2.6485690e-02
   2.2310920e-02
   1.8480770e-02
   1.4991090e-02
   1.1762940e-02
   8.6724270e-03
   5.6114570e-03
   2.5470870e-03
  -4.6539180e-04
  -3.3114350e-03
  -5.8573780e-03
  -7.9753760e-03
  -9.5741320e-03
  -1.0633470e-02
  -1.1216560e-02
  -1.1446480e-02
  -1.1453850e-02
  -1.1349180e-02
  -1.1211430e-02
  -1.1089690e-02
  -1.1008040e-02
  -1.0962780e-02
  -1.0924440e-02
  -1.0839770e-02
  -1.0649110e-02
  -1.0306010e-02
  -9.7879990e-03
  -9.0926710e-03
  -8.2327830e-03
  -7.2574080e-03
  -6.2603370e-03
  -5.3582690e-03
  -4.6430060e-03
  -4.1432230e-03
  -3.8271360e-03
  -3.6285190e-03
  -3.4833220e-03
  -3.3463510e-03
  -3.1732960e-03
  -2.8886170e-03
  -2.3734260e-03
  -1.4978870e-03
  -1.8680070e-04
   1.5285160e-03
   3.5108980e-03
   5.5666710e-03
   7.4995430e-03
   9.1658920e-03
   1.0525550e-02
   1.1650830e-02
   1.2691150e-02
   1.3808380e-02
   1.5115540e-02
   1.6635510e-02
   1.8296120e-02
   1.9962780e-02
   2.1494580e-02
   2.2798430e-02
   2.3853460e-02
   2.4714340e-02
   2.5482530e-02
   2.6260050e-02
   2.7119860e-02
   2.8105650e-02
   2.9217500e-02
   3.0407420e-02
   3.1598220e-02
   3.2701420e-02
   3.3626220e-02
   3.4309750e-02
   3.4733100e-02
   3.4921190e-02
   3.4946360e-02
   3.4904200e-02
   3.4851780e-02
   3.4775710e-02
   3.4589570e-02
   3.4159100e-02
   3.3354240e-02
   3.2107090e-02
   3.0454610e-02
   2.8532250e-02
   2.6516480e-02
   2.4560190e-02
   2.2734610e-02
   2.1006960e-02
   1.9269560e-02
   1.7388260e-02
   1.5269410e-02
   1.2881030e-02
   1.0217110e-02
   7.2897160e-03
   4.1594160e-03
   9.3370510e-04
  -2.2451990e-03
  -5.2366210e-03
  -7.9539370e-03
  -1.0399690e-02
  -1.2643250e-02
  -1.4770890e-02
  -1.6844880e-02
  -1.8889480e-02
  -2.0884830e-02
  -2.2761310e-02
  -2.4385190e-02
  -2.5568920e-02
  -2.6141030e-02
  -2.6011420e-02
  -2.5188760e-02
  -2.3766130e-02
  -2.1889700e-02
  -1.9713170e-02
  -1.7350720e-02
  -1.4859020e-02
  -1.2253470e-02
  -9.5544160e-03
  -6.8285890e-03
  -4.2045240e-03
  -1.8418180e-03
   1.3126450e-04
   1.6766160e-03
   2.8616310e-03
   3.8315450e-03
   4.7625680e-03
   5.7924290e-03
   6.9622420e-03
   8.1939860e-03
   9.3339300e-03
   1.0219920e-02
   1.0737230e-02
   1.0848030e-02
   1.0575220e-02
   9.9472290e-03
   8.9353040e-03
   7.4607210e-03
   5.4730660e-03
   3.0174810e-03
   2.5741990e-04
  -2.5645040e-03
  -5.2143620e-03
  -7.5414010e-03
  -9.5121210e-03
  -1.1192910e-02
  -1.2697060e-02
  -1.4143830e-02
  -1.5622300e-02
  -1.7155850e-02
  -1.8697470e-02
  -2.0139120e-02
  -2.1354970e-02
  -2.2250080e-02
  -2.2780170e-02
  -2.2960780e-02
  -2.2856990e-02
  -2.2549700e-02
  -2.2112380e-02
  -2.1601990e-02
  -2.1042660e-02
  -2.0424600e-02
  -1.9714090e-02
  -1.8877220e-02
  -1.7895320e-02
  -1.6746670e-02
  -1.5406420e-02
  -1.3882640e-02
  -1.2257860e-02
  -1.0677750e-02
  -9.2704570e-03
  -8.0814160e-03
  -7.0610100e-03
  -6.1177490e-03
  -5.1766870e-03
  -4.2201450e-03
  -3.3042620e-03
  -2.5282910e-03
  -1.9376220e-03
  -1.4474950e-03
  -8.8799590e-04
  -1.1983330e-04
   8.6206540e-04
   1.8982790e-03
   2.7464010e-03
   3.2091830e-03
   3.2085150e-03
   2.7975020e-03
   2.1267330e-03
   1.3829940e-03
   7.4920540e-04
   3.8573570e-04
   3.9433410e-04
   7.7827570e-04
   1.4418010e-03
   2.2294660e-03
   2.9725030e-03
   3.5249840e-03
   3.7896090e-03
   3.7181650e-03
   3.3221330e-03
   2.6611020e-03
   1.8076750e-03
   8.2457120e-04
  -2.2489470e-04
  -1.2629830e-03
  -2.2043920e-03
  -2.9808640e-03
  -3.5594030e-03
  -3.9425820e-03
  -4.1621560e-03
  -4.2685370e-03
  -4.3041350e-03
  -4.2897860e-03
  -4.2354080e-03
  -4.1610070e-03
  -4.1084400e-03
  -4.1113720e-03
  -4.1611520e-03
  -4.2000190e-03
  -4.1386890e-03
  -3.8848850e-03
  -3.3829660e-03
  -2.6503700e-03
  -1.7747150e-03
  -8.9615930e-04
  -1.6658830e-04
   3.0824750e-04
   4.8757580e-04
   3.8384330e-04
   2.8838110e-05
  -5.4027500e-04
  -1.2672070e-03
  -2.0649810e-03
  -2.7990730e-03
  -3.2964050e-03
  -3.4086990e-03
  -3.0855580e-03
  -2.3743940e-03
  -1.3671580e-03
  -1.4945820e-04
   1.2205810e-03
   2.7237180e-03
   4.3715830e-03
   6.1889790e-03
   8.1791130e-03
   1.0315840e-02
   1.2537090e-02
   1.4748050e-02
   1.6855520e-02
   1.8823520e-02
   2.0701470e-02
   2.2572450e-02
   2.4479290e-02
   2.6387240e-02
   2.8186720e-02
   2.9726580e-02
   3.0853860e-02
   3.1455930e-02
   3.1481580e-02
   3.0926740e-02
   2.9823360e-02
   2.8233630e-02
   2.6239860e-02
   2.3938240e-02
   2.1432590e-02
   1.8826590e-02
   1.6212900e-02
   1.3651760e-02
   1.1159720e-02
   8.7396750e-03
   6.4055720e-03
   4.1847210e-03
   2.1213250e-03
   2.6745820e-04
  -1.3465620e-03
  -2.7286620e-03
  -3.9300590e-03
  -5.0249730e-03
  -6.0775140e-03
  -7.1255740e-03
  -8.1823930e-03
  -9.2602060e-03
  -1.0377460e-02
  -1.1529530e-02
  -1.2673150e-02
  -1.3702290e-02
  -1.4457320e-02
  -1.4764120e-02
  -1.4495700e-02
  -1.3631430e-02
  -1.2264510e-02
  -1.0584750e-02
  -8.8388610e-03
  -7.2543960e-03
  -5.9886610e-03
  -5.1076620e-03
  -4.5673860e-03
  -4.2219660e-03
  -3.8452370e-03
  -3.1787490e-03
  -2.0184600e-03
  -2.8028430e-04
   1.9774970e-03
   4.5731620e-03
   7.2450260e-03
   9.7290070e-03
   1.1834340e-02
   1.3476890e-02
   1.4662840e-02
   1.5469660e-02
   1.6041420e-02
   1.6533600e-02
   1.7042380e-02
   1.7564770e-02
   1.8015120e-02
   1.8272530e-02
   1.8236540e-02
   1.7888860e-02
   1.7318490e-02
   1.6691060e-02
   1.6180350e-02
   1.5914620e-02
   1.5947170e-02
   1.6270180e-02
   1.6830120e-02
   1.7544660e-02
   1.8363500e-02
   1.9301810e-02
   2.0417200e-02
   2.1764370e-02
   2.3345280e-02
   2.5072960e-02
   2.6793710e-02
   2.8348420e-02
   2.9613440e-02
   3.0517590e-02
   3.1055190e-02
   3.1279180e-02
   3.1279760e-02
   3.1191450e-02
   3.1185400e-02
   3.1452130e-02
   3.2170580e-02
   3.3465730e-02
   3.5366410e-02
   3.7773860e-02
   4.0472830e-02
   4.3206860e-02
   4.5755960e-02
   4.7981980e-02
   4.9860640e-02
   5.1452830e-02
   5.2850820e-02
   5.4133570e-02
   5.5345340e-02
   5.6514550e-02
   5.7660270e-02
   5.8787830e-02
   5.9892210e-02
   6.0952920e-02
   6.1920480e-02
   6.2697540e-02
   6.3159300e-02
   6.3186890e-02
   6.2697720e-02
   6.1637640e-02
   5.9964420e-02
   5.7676000e-02
   5.4847340e-02
   5.1619430e-02
   4.8158550e-02
   4.4613090e-02
   4.1079190e-02
   3.7593550e-02
   3.4153870e-02
   3.0741840e-02
   2.7329290e-02
   2.3867730e-02
   2.0279200e-02
   1.6461070e-02
   1.2349700e-02
   7.9808660e-03
   3.5105430e-03
  -8.2602940e-04
  -4.7673850e-03
  -8.0681070e-03
  -1.0521340e-02
  -1.2010980e-02
  -1.2565510e-02
  -1.2345440e-02
  -1.1576700e-02
  -1.0486850e-02
  -9.2580630e-03
  -8.0001130e-03
  -6.7752750e-03
  -5.6631520e-03
  -4.7538340e-03
  -4.0869060e-03
  -3.5952370e-03
  -3.1395840e-03
  -2.6036720e-03
  -1.9660840e-03
  -1.3028990e-03
  -7.3638230e-04
  -3.7083740e-04
  -2.4588550e-04
  -3.0489890e-04
  -3.9230730e-04
  -3.0971270e-04
   9.2935210e-05
   8.5815330e-04
   1.9108100e-03
   3.0903570e-03
   4.2236820e-03
   5.1971940e-03
   5.9958740e-03
   6.6952900e-03
   7.3967090e-03
   8.1589880e-03
   8.9714670e-03
   9.7728350e-03
   1.0480690e-02
   1.1010370e-02
   1.1298380e-02
   1.1317270e-02
   1.1057840e-02
   1.0526300e-02
   9.7578290e-03
   8.8254300e-03
   7.8282820e-03
   6.8610780e-03
   5.9655150e-03
   5.1173670e-03
   4.2591430e-03
   3.3612790e-03
   2.4507420e-03
   1.5864950e-03
   8.2274560e-04
   1.8288120e-04
  -3.2956370e-04
  -6.8373700e-04
  -7.9674460e-04
  -5.6473640e-04
   8.0046260e-05
   1.1254130e-03
   2.4788960e-03
   4.0061380e-03
   5.5784160e-03
   7.0952320e-03
   8.4944040e-03
   9.7627570e-03
   1.0899780e-02
   1.1887320e-02
   1.2677420e-02
   1.3193440e-02
   1.3351810e-02
   1.3089730e-02
   1.2399270e-02
   1.1314110e-02
   9.8715240e-03
   8.1020010e-03
   6.0343500e-03
   3.6797230e-03
   1.0022740e-03
  -2.0647210e-03
  -5.5808870e-03
  -9.5428940e-03
  -1.3857980e-02
  -1.8351070e-02
  -2.2799420e-02
  -2.6979880e-02
  -3.0709470e-02
  -3.3861530e-02
  -3.6397520e-02
  -3.8413810e-02
  -4.0158710e-02
  -4.1983480e-02
  -4.4210950e-02
  -4.6971640e-02
  -5.0122570e-02
  -5.3317620e-02
  -5.6175480e-02
  -5.8426990e-02
  -5.9983490e-02
  -6.0882960e-02
  -6.1178570e-02
  -6.0853430e-02
  -5.9812340e-02
  -5.7947620e-02
  -5.5209770e-02
  -5.1649430e-02
  -4.7440630e-02
  -4.2857290e-02
  -3.8187370e-02
  -3.3646910e-02
  -2.9347890e-02
  -2.5296650e-02
  -2.1419110e-02
  -1.7613060e-02
  -1.3821570e-02
  -1.0064330e-02
  -6.4151820e-03
  -2.9696890e-03
   1.7193890e-04
   2.9025930e-03
   5.1099060e-03
   6.6836430e-03
   7.5400600e-03
   7.6465860e-03
   7.0436000e-03
   5.8502510e-03
   4.2473850e-03
   2.4381340e-03
   5.9701190e-04
  -1.1614440e-03
  -2.8130200e-03
  -4.4269210e-03
  -6.1318730e-03
  -8.0454850e-03
  -1.0208790e-02
  -1.2570490e-02
  -1.5004180e-02
  -1.7371800e-02
  -1.9591450e-02
  -2.1654620e-02
  -2.3602610e-02
  -2.5479560e-02
  -2.7308940e-02
  -2.9094160e-02
  -3.0825290e-02
  -3.2471770e-02
  -3.3986640e-02
  -3.5310890e-02
  -3.6362110e-02
  -3.7043670e-02
  -3.7278040e-02
  -3.7028510e-02
  -3.6305220e-02
  -3.5184580e-02
  -3.3803020e-02
  -3.2316490e-02
  -3.0855410e-02
  -2.9485260e-02
  -2.8222930e-02
  -2.7085660e-02
  -2.6130490e-02
  -2.5462420e-02
  -2.5192520e-02
  -2.5366130e-02
  -2.5923000e-02
  -2.6689920e-02
  -2.7452310e-02
  -2.8052990e-02
  -2.8428170e-02
  -2.8592860e-02
  -2.8586010e-02
  -2.8428700e-02
  -2.8108480e-02
  -2.7580260e-02
  -2.6759230e-02
  -2.5540550e-02
  -2.3831690e-02
  -2.1573950e-02
  -1.8769890e-02
  -1.5477980e-02
  -1.1793660e-02
  -7.8274660e-03
  -3.6708830e-03
   6.0096270e-04
   4.9147120e-03
   9.1921060e-03
   1.3349820e-02
   1.7297290e-02
   2.0951870e-02
   2.4225770e-02
   2.6982450e-02
   2.9038650e-02
   3.0210860e-02
   3.0353960e-02
   2.9390430e-02
   2.7350860e-02
   2.4382400e-02
   2.0711280e-02
   1.6604510e-02
   1.2347650e-02
   8.2239190e-03
   4.4865870e-03
   1.3271480e-03
  -1.1471160e-03
  -2.9197090e-03
  -4.0609790e-03
  -4.7094330e-03
  -5.0323800e-03
  -5.1959090e-03
  -5.3540960e-03
  -5.6610240e-03
  -6.2393100e-03
  -7.1166900e-03
  -8.2119200e-03
  -9.3799280e-03
  -1.0463920e-02
  -1.1353780e-02
  -1.2043960e-02
  -1.2638390e-02
  -1.3288540e-02
  -1.4116070e-02
  -1.5168970e-02
  -1.6412240e-02
  -1.7766660e-02
  -1.9155990e-02
  -2.0525940e-02
  -2.1841830e-02
  -2.3068040e-02
  -2.4155700e-02
  -2.5045530e-02
  -2.5690900e-02
  -2.6079480e-02
  -2.6249800e-02
  -2.6284260e-02
  -2.6273320e-02
  -2.6277740e-02
  -2.6316090e-02
  -2.6375520e-02
  -2.6436280e-02
  -2.6505810e-02
  -2.6622700e-02
  -2.6820320e-02
  -2.7097540e-02
  -2.7413830e-02
  -2.7711500e-02
  -2.7950110e-02
  -2.8137300e-02
  -2.8303530e-02
  -2.8473000e-02
  -2.8658050e-02
  -2.8862380e-02
  -2.9097260e-02
  -2.9386640e-02
  -2.9745130e-02
  -3.0147600e-02
  -3.0501230e-02
  -3.0659000e-02
  -3.0487350e-02
  -2.9907500e-02
  -2.8886130e-02
  -2.7429220e-02
  -2.5595430e-02
  -2.3507660e-02
  -2.1338610e-02
  -1.9270110e-02
  -1.7440360e-02
  -1.5932500e-02
  -1.4789110e-02
  -1.4025340e-02
  -1.3634860e-02
  -1.3599360e-02
  -1.3901200e-02
  -1.4514030e-02
  -1.5398900e-02
  -1.6514490e-02
  -1.7818420e-02
  -1.9274120e-02
  -2.0845360e-02
  -2.2487690e-02
  -2.4151650e-02
  -2.5791600e-02
  -2.7379420e-02
  -2.8927770e-02
  -3.0488170e-02
  -3.2124490e-02
  -3.3876120e-02
  -3.5718040e-02
  -3.7576190e-02
  -3.9380500e-02
  -4.1103150e-02
  -4.2758230e-02
  -4.4380480e-02
  -4.5997170e-02
  -4.7601350e-02
  -4.9156270e-02
  -5.0613550e-02
  -5.1941330e-02
  -5.3132670e-02
  -5.4205570e-02
  -5.5173700e-02
  -5.6039020e-02
  -5.6803440e-02
  -5.7453670e-02
  -5.7983480e-02
  -5.8409360e-02
  -5.8740600e-02
  -5.8953800e-02
  -5.8989240e-02
  -5.8755370e-02
  -5.8154380e-02
  -5.7129550e-02
  -5.5692810e-02
  -5.3915170e-02
  -5.1893010e-02
  -4.9701220e-02
  -4.7378480e-02
  -4.4930340e-02
  -4.2339630e-02
  -3.9599050e-02
  -3.6736100e-02
  -3.3795830e-02
  -3.0825780e-02
  -2.7852160e-02
  -2.4879780e-02
  -2.1905980e-02
  -1.8915680e-02
  -1.5870100e-02
  -1.2700090e-02
  -9.3140870e-03
  -5.6240390e-03
  -1.5761330e-03
   2.8366850e-03
   7.5788760e-03
   1.2546340e-02
   1.7566230e-02
   2.2430950e-02
   2.6956020e-02
   3.1000620e-02
   3.4479460e-02
   3.7366320e-02
   3.9705150e-02
   4.1590270e-02
   4.3119770e-02
   4.4352250e-02
   4.5318570e-02
   4.6057320e-02
   4.6637710e-02
   4.7164800e-02
   4.7756760e-02
   4.8484820e-02
   4.9336270e-02
   5.0211940e-02
   5.0962440e-02
   5.1439020e-02
   5.1529900e-02
   5.1162210e-02
   5.0319960e-02
   4.9060820e-02
   4.7516520e-02
   4.5850110e-02
   4.4201510e-02
   4.2672320e-02
   4.1319710e-02
   4.0157280e-02
   3.9167610e-02
   3.8306270e-02
   3.7498260e-02
   3.6644770e-02
   3.5645650e-02
   3.4425000e-02
   3.2942210e-02
   3.1192670e-02
   2.9215920e-02
   2.7123420e-02
   2.5082370e-02
   2.3282610e-02
   2.1887390e-02
   2.0977430e-02
   2.0531020e-02
   2.0445350e-02
   2.0587710e-02
   2.0850430e-02
   2.1172270e-02
   2.1542150e-02
   2.1980350e-02
   2.2519650e-02
   2.3193110e-02
   2.4022930e-02
   2.5027760e-02
   2.6211460e-02
   2.7553590e-02
   2.9014310e-02
   3.0563020e-02
   3.2190460e-02
   3.3893090e-02
   3.5640120e-02
   3.7355380e-02
   3.8938070e-02
   4.0287810e-02
   4.1333680e-02
   4.2027920e-02
   4.2318790e-02
   4.2158000e-02
   4.1512400e-02
   4.0382580e-02
   3.8831180e-02
   3.6964610e-02
   3.4911690e-02
   3.2819900e-02
   3.0824600e-02
   2.9005080e-02
   2.7370370e-02
   2.5873190e-02
   2.4435050e-02
   2.2952140e-02
   2.1305450e-02
   1.9377430e-02
   1.7084970e-02
   1.4413890e-02
   1.1438480e-02
   8.3054730e-03
   5.1809590e-03
   2.1902200e-03
  -6.1785510e-04
  -3.2394970e-03
  -5.6706290e-03
  -7.9174540e-03
  -1.0008440e-02
  -1.1977760e-02
  -1.3848400e-02
  -1.5635960e-02
  -1.7343830e-02
  -1.8971060e-02
  -2.0507420e-02
  -2.1946160e-02
  -2.3291600e-02
  -2.4553540e-02
  -2.5749220e-02
  -2.6891350e-02
  -2.7961650e-02
  -2.8905890e-02
  -2.9672300e-02
  -3.0240690e-02
  -3.0605960e-02
  -3.0771300e-02
  -3.0764230e-02
  -3.0633630e-02
  -3.0439470e-02
  -3.0250810e-02
  -3.0141540e-02
  -3.0187320e-02
  -3.0446930e-02
  -3.0938940e-02
  -3.1630910e-02
  -3.2455960e-02
  -3.3339790e-02
  -3.4209040e-02
  -3.4987910e-02
  -3.5590010e-02
  -3.5922070e-02
  -3.5896640e-02
  -3.5463550e-02
  -3.4629130e-02
  -3.3443790e-02
  -3.1976870e-02
  -3.0295960e-02
  -2.8453690e-02
  -2.6480970e-02
  -2.4397260e-02
  -2.2224870e-02
  -1.9989560e-02
  -1.7722290e-02
  -1.5449000e-02
  -1.3182580e-02
  -1.0921820e-02
  -8.6602130e-03
  -6.3868680e-03
  -4.1101210e-03
  -1.8682520e-03
   3.0461800e-04
   2.3903860e-03
   4.3654670e-03
   6.1824430e-03
   7.7875720e-03
   9.1411290e-03
   1.0232270e-02
   1.1097480e-02
   1.1799370e-02
   1.2416780e-02
   1.3019660e-02
   1.3656500e-02
   1.4364590e-02
   1.5176450e-02
   1.6111940e-02
   1.7165180e-02
   1.8294000e-02
   1.9427110e-02
   2.0482590e-02
   2.1390840e-02
   2.2101610e-02
   2.2596400e-02
   2.2884080e-02
   2.2976430e-02
   2.2851370e-02
   2.2448700e-02
   2.1711030e-02
   2.0629670e-02
   1.9252380e-02
   1.7684330e-02
   1.6079060e-02
   1.4603100e-02
   1.3393580e-02
   1.2532140e-02
   1.2042440e-02
   1.1910920e-02
   1.2121360e-02
   1.2665490e-02
   1.3528620e-02
   1.4653860e-02
   1.5937170e-02
   1.7264970e-02
   1.8545580e-02
   1.9716640e-02
   2.0737040e-02
   2.1585540e-02
   2.2272530e-02
   2.2848980e-02
   2.3376110e-02
   2.3901390e-02
   2.4454560e-02
   2.5041310e-02
   2.5634620e-02
   2.6180490e-02
   2.6628540e-02
   2.6938270e-02
   2.7092310e-02
   2.7127470e-02
   2.7131920e-02
   2.7218560e-02
   2.7485210e-02
   2.7997240e-02
   2.8775370e-02
   2.9791890e-02
   3.0965930e-02
   3.2179230e-02
   3.3325590e-02
   3.4336150e-02
   3.5185410e-02
   3.5872440e-02
   3.6395970e-02
   3.6731300e-02
   3.6832910e-02
   3.6648370e-02
   3.6129440e-02
   3.5254690e-02
   3.4039030e-02
   3.2528980e-02
   3.0782340e-02
   2.8851170e-02
   2.6781540e-02
   2.4617050e-02
   2.2404710e-02
   2.0194340e-02
   1.8021540e-02
   1.5895520e-02
   1.3811510e-02
   1.1751120e-02
   9.6902080e-03
   7.6216340e-03
   5.5732010e-03
   3.6013770e-03
   1.7688700e-03
   1.2367310e-04
  -1.3037900e-03
  -2.5063170e-03
  -3.4999420e-03
  -4.2936260e-03
  -4.8963540e-03
  -5.3559980e-03
  -5.7614610e-03
  -6.2196410e-03
  -6.8276040e-03
  -7.6662210e-03
  -8.7854880e-03
  -1.0179070e-02
  -1.1765660e-02
  -1.3423620e-02
  -1.5055610e-02
  -1.6609730e-02
  -1.8087530e-02
  -1.9536400e-02
  -2.1020080e-02
  -2.2603140e-02
  -2.4326650e-02
  -2.6189780e-02
  -2.8146120e-02
  -3.0100920e-02
  -3.1916440e-02
  -3.3461490e-02
  -3.4646230e-02
  -3.5441550e-02
  -3.5882420e-02
  -3.6033870e-02
  -3.5963560e-02
  -3.5733420e-02
  -3.5385060e-02
  -3.4931280e-02
  -3.4354990e-02
  -3.3594750e-02
  -3.2549910e-02
  -3.1108230e-02
  -2.9190100e-02
  -2.6787240e-02
  -2.3981990e-02
  -2.0929730e-02
  -1.7806220e-02
  -1.4761250e-02
  -1.1884290e-02
  -9.1874240e-03
  -6.6194720e-03
  -4.0976640e-03
  -1.5435310e-03
   1.0870540e-03
   3.7900050e-03
   6.5173660e-03
   9.1978960e-03
   1.1763990e-02
   1.4164550e-02
   1.6377260e-02
   1.8388740e-02
   2.0152840e-02
   2.1586410e-02
   2.2613580e-02
   2.3198840e-02
   2.3368780e-02
   2.3208810e-02
   2.2843230e-02
   2.2427510e-02
   2.2125970e-02
   2.2074530e-02
   2.2380110e-02
   2.3116370e-02
   2.4311300e-02
   2.5933240e-02
   2.7898620e-02
   3.0073920e-02
   3.2282930e-02
   3.4334910e-02
   3.6069180e-02
   3.7386630e-02
   3.8251270e-02
   3.8692290e-02
   3.8786760e-02
   3.8625520e-02
   3.8285120e-02
   3.7819970e-02
   3.7255930e-02
   3.6597170e-02
   3.5843620e-02
   3.5003220e-02
   3.4118790e-02
   3.3266270e-02
   3.2540270e-02
   3.2038710e-02
   3.1842810e-02
   3.1992550e-02
   3.2468890e-02
   3.3198190e-02
   3.4082020e-02
   3.5027210e-02
   3.5956380e-02
   3.6821340e-02
   3.7591830e-02
   3.8239850e-02
   3.8738440e-02
   3.9062770e-02
   3.9199770e-02
   3.9160900e-02
   3.8961260e-02
   3.8603580e-02
   3.8078600e-02
   3.7349540e-02
   3.6367980e-02
   3.5113610e-02
   3.3599660e-02
   3.1875310e-02
   3.0012910e-02
   2.8080210e-02
   2.6119800e-02
   2.4132160e-02
   2.2090260e-02
   1.9983050e-02
   1.7829860e-02
   1.5684470e-02
   1.3620760e-02
   1.1700410e-02
   9.9544190e-03
   8.3748910e-03
   6.9286940e-03
   5.5823780e-03
   4.3195020e-03
   3.1576270e-03
   2.1297270e-03
   1.2475490e-03
   4.8788380e-04
  -1.7869700e-04
  -7.7392650e-04
  -1.3196110e-03
  -1.8467660e-03
  -2.3920190e-03
  -2.9806070e-03
  -3.6196610e-03
  -4.3108080e-03
  -5.0548970e-03
  -5.8393770e-03
  -6.6330800e-03
  -7.3903490e-03
  -8.0494680e-03
  -8.5662720e-03
  -8.9373400e-03
  -9.2007800e-03
  -9.4118540e-03
  -9.6072730e-03
  -9.8040720e-03
  -1.0003750e-02
  -1.0199810e-02
  -1.0394770e-02
  -1.0602710e-02
  -1.0847300e-02
  -1.1160010e-02
  -1.1579710e-02
  -1.2137210e-02
  -1.2848560e-02
  -1.3718070e-02
  -1.4743780e-02
  -1.5922760e-02
  -1.7257630e-02
  -1.8756330e-02
  -2.0421470e-02
  -2.2237300e-02
  -2.4155990e-02
  -2.6099320e-02
  -2.7971650e-02
  -2.9668330e-02
  -3.1082130e-02
  -3.2109780e-02
  -3.2660910e-02
  -3.2667690e-02
  -3.2093330e-02
  -3.0941380e-02
  -2.9267670e-02
  -2.7177190e-02
  -2.4823280e-02
  -2.2385090e-02
  -2.0036520e-02
  -1.7907690e-02
  -1.6045810e-02
  -1.4419170e-02
  -1.2938420e-02
  -1.1491190e-02
  -9.9755220e-03
  -8.3234290e-03
  -6.5094380e-03
  -4.5606100e-03
  -2.5576290e-03
  -6.0650420e-04
   1.1980000e-03
   2.7873590e-03
   4.1257830e-03
   5.2187630e-03
   6.1167570e-03
   6.8989170e-03
   7.6408150e-03
   8.3744790e-03
   9.0756820e-03
   9.6779750e-03
   1.0114590e-02
   1.0354810e-02
   1.0405290e-02
   1.0277960e-02
   9.9868950e-03
   9.5492320e-03
   8.9793900e-03
   8.2932260e-03
   7.5133160e-03
   6.6823900e-03
   5.8648070e-03
   5.1380340e-03
   4.5664750e-03
   4.1751060e-03
   3.9353160e-03
   3.7705910e-03
   3.5822950e-03
   3.2804330e-03
   2.7845860e-03
   2.0363770e-03
   1.0168990e-03
  -2.5706060e-04
  -1.7378140e-03
  -3.3616790e-03
  -5.0904890e-03
  -6.9110760e-03
  -8.8067470e-03
  -1.0725570e-02
  -1.2576200e-02
  -1.4251210e-02
  -1.5671370e-02
  -1.6801730e-02
  -1.7632990e-02
  -1.8171990e-02
  -1.8447010e-02
  -1.8503290e-02
  -1.8385260e-02
  -1.8129730e-02
  -1.7765650e-02
  -1.7319070e-02
  -1.6825180e-02
  -1.6318590e-02
  -1.5823390e-02
  -1.5355780e-02
  -1.4934030e-02
  -1.4560330e-02
  -1.4207090e-02
  -1.3828610e-02
  -1.3384260e-02
  -1.2851090e-02
  -1.2222010e-02
  -1.1517290e-02
  -1.0777140e-02
  -1.0038730e-02
  -9.3331040e-03
  -8.6888110e-03
  -8.1199590e-03
  -7.6269880e-03
  -7.2204530e-03
  -6.9260300e-03
  -6.7734120e-03
  -6.7743720e-03
  -6.9210830e-03
  -7.1865460e-03
  -7.5437060e-03
  -7.9919160e-03
  -8.5689130e-03
  -9.3398590e-03
  -1.0370060e-02
  -1.1684400e-02
  -1.3260390e-02
  -1.5046320e-02
  -1.6986630e-02
  -1.9027310e-02
  -2.1113100e-02
  -2.3196330e-02
  -2.5248940e-02
  -2.7255010e-02
  -2.9198480e-02
  -3.1057780e-02
  -3.2809050e-02
  -3.4421340e-02
  -3.5854870e-02
  -3.7074330e-02
  -3.8065690e-02
  -3.8845380e-02
  -3.9448590e-02
  -3.9914520e-02
  -4.0277040e-02
  -4.0555840e-02
  -4.0751800e-02
  -4.0851080e-02
  -4.0828080e-02
  -4.0653030e-02
  -4.0303930e-02
  -3.9773970e-02
  -3.9062730e-02
  -3.8161060e-02
  -3.7064720e-02
  -3.5797640e-02
  -3.4421150e-02
  -3.3028910e-02
  -3.1709360e-02
  -3.0512790e-02
  -2.9438800e-02
  -2.8437680e-02
  -2.7421180e-02
  -2.6292460e-02
  -2.4976540e-02
  -2.3432150e-02
  -2.1642610e-02
  -1.9608860e-02
  -1.7341830e-02
  -1.4868980e-02
  -1.2231770e-02
  -9.4763450e-03
  -6.6555510e-03
  -3.8337000e-03
  -1.1060110e-03
   1.4071010e-03
   3.5994080e-03
   5.3939540e-03
   6.7319880e-03
   7.5620810e-03
   7.8473850e-03
   7.5779670e-03
   6.7804620e-03
   5.5169830e-03
   3.8761850e-03
   1.9697650e-03
  -1.0000750e-04
  -2.2703930e-03
  -4.4965410e-03
  -6.7230950e-03
  -8.8799360e-03
  -1.0905340e-02
  -1.2765520e-02
  -1.4456600e-02
  -1.5990140e-02
  -1.7385730e-02
  -1.8670060e-02
  -1.9864820e-02
  -2.0981350e-02
  -2.2020970e-02
  -2.2977240e-02
  -2.3830630e-02
  -2.4573700e-02
  -2.5234020e-02
  -2.5853840e-02
  -2.6473540e-02
  -2.7124670e-02
  -2.7825500e-02
  -2.8575600e-02
  -2.9357020e-02
  -3.0147460e-02
  -3.0921700e-02
  -3.1644190e-02
  -3.2278560e-02
  -3.2797480e-02
  -3.3190060e-02
  -3.3464080e-02
  -3.3646090e-02
  -3.3785320e-02
  -3.3941160e-02
  -3.4151160e-02
  -3.4413870e-02
  -3.4698390e-02
  -3.4980100e-02
  -3.5254710e-02
  -3.5519290e-02
  -3.5750270e-02
  -3.5921600e-02
  -3.6009580e-02
  -3.5995290e-02
  -3.5861670e-02
  -3.5580700e-02
  -3.5117670e-02
  -3.4444910e-02
  -3.3549330e-02
  -3.2443820e-02
  -3.1168640e-02
  -2.9756480e-02
  -2.8208470e-02
  -2.6514260e-02
  -2.4683610e-02
  -2.2747120e-02
  -2.0740970e-02
  -1.8706320e-02
  -1.6682320e-02
  -1.4697710e-02
  -1.2778450e-02
  -1.0956480e-02
  -9.2675970e-03
  -7.7612290e-03
  -6.4771250e-03
  -5.4323070e-03
  -4.6167050e-03
  -3.9945260e-03
  -3.5174210e-03
  -3.1368640e-03
  -2.8184150e-03
  -2.5549120e-03
  -2.3473860e-03
  -2.1929840e-03
  -2.0830010e-03
  -1.9987230e-03
  -1.9322380e-03
  -1.9117470e-03
  -1.9774220e-03
  -2.1628840e-03
  -2.4971160e-03
  -3.0028580e-03
  -3.6706760e-03
  -4.4557250e-03
  -5.2958480e-03
  -6.1252490e-03
  -6.8803320e-03
  -7.5046680e-03
  -7.9643150e-03
  -8.2611950e-03
  -8.4081490e-03
  -8.4039020e-03
  -8.2293790e-03
  -7.8560030e-03
  -7.2689910e-03
  -6.4983670e-03
  -5.6040820e-03
  -4.6496630e-03
  -3.6688140e-03
  -2.6701630e-03
  -1.6529910e-03
  -6.1575990e-04
   4.4623980e-04
   1.5551350e-03
   2.7333950e-03
   3.9803980e-03
   5.2780210e-03
   6.5853900e-03
   7.8446540e-03
   8.9907870e-03
   9.9729450e-03
   1.0767950e-02
   1.1371950e-02
   1.1781940e-02
   1.2000460e-02
   1.2050630e-02
   1.1980790e-02
   1.1868620e-02
   1.1799530e-02
   1.1853260e-02
   1.2097060e-02
   1.2589980e-02
   1.3377810e-02
   1.4466140e-02
   1.5815420e-02
   1.7339150e-02
   1.8934590e-02
   2.0517280e-02
   2.2041770e-02
   2.3493560e-02
   2.4887110e-02
   2.6247780e-02
   2.7596230e-02
   2.8935710e-02
   3.0244540e-02
   3.1491000e-02
   3.2656000e-02
   3.3710020e-02
   3.4599170e-02
   3.5260350e-02
   3.5622940e-02
   3.5614050e-02
   3.5194810e-02
   3.4380910e-02
   3.3234800e-02
   3.1844270e-02
   3.0304160e-02
   2.8711640e-02
   2.7152720e-02
   2.5686280e-02
   2.4340620e-02
   2.3116140e-02
   2.2004130e-02
   2.1011150e-02
   2.0155430e-02
   1.9448280e-02
   1.8882650e-02
   1.8435340e-02
   1.8065650e-02
   1.7717140e-02
   1.7322150e-02
   1.6841360e-02
   1.6299990e-02
   1.5766650e-02
   1.5315820e-02
   1.5005690e-02
   1.4873090e-02
   1.4923190e-02
   1.5116230e-02
   1.5383900e-02
   1.5658320e-02
   1.5887330e-02
   1.6043780e-02
   1.6123970e-02
   1.6136930e-02
   1.6094110e-02
   1.5990850e-02
   1.5823470e-02
   1.5595620e-02
   1.5310990e-02
   1.4986440e-02
   1.4634650e-02
   1.4259630e-02
   1.3855990e-02
   1.3418970e-02
   1.2948700e-02
   1.2448140e-02
   1.1920920e-02
   1.1370440e-02
   1.0810730e-02
   1.0252180e-02
   9.6705480e-03
   9.0209690e-03
   8.2604090e-03
   7.3685700e-03
   6.3671330e-03
   5.3316800e-03
   4.3736060e-03
   3.5880560e-03
   3.0259220e-03
   2.6772410e-03
   2.4661090e-03
   2.2812020e-03
   2.0219960e-03
   1.6194160e-03
   1.0498390e-03
   3.3016640e-04
  -5.0865640e-04
  -1.4248300e-03
  -2.3520420e-03
  -3.2102100e-03
  -3.9224470e-03
  -4.4240140e-03
  -4.6610010e-03
  -4.5829180e-03
  -4.1602920e-03
  -3.4056200e-03
  -2.3748120e-03
  -1.1515960e-03
   1.7664240e-04
   1.5423220e-03
   2.8960170e-03
   4.1917130e-03
   5.3819590e-03
   6.4165070e-03
   7.2539620e-03
   7.8721200e-03
   8.2820040e-03
   8.5139660e-03
   8.5814180e-03
   8.4628050e-03
   8.0979890e-03
   7.4192350e-03
   6.3892990e-03
   5.0179280e-03
   3.3569320e-03
   1.4945360e-03
  -4.5573230e-04
  -2.3771890e-03
  -4.1619250e-03
  -5.7289110e-03
  -7.0286390e-03
  -8.0385040e-03
  -8.7638040e-03
  -9.2419330e-03
  -9.5276600e-03
  -9.6657410e-03
  -9.6599280e-03
  -9.4676150e-03
  -9.0256490e-03
  -8.2598580e-03
  -7.1041940e-03
  -5.5325050e-03
  -3.5853570e-03
  -1.3720390e-03
   9.5587710e-04
   3.2378950e-03
   5.3294830e-03
   7.1179750e-03
   8.5460610e-03
   9.6154160e-03
   1.0379420e-02
   1.0919290e-02
   1.1317300e-02
   1.1647720e-02
   1.1951490e-02
   1.2237640e-02
   1.2499040e-02
   1.2726450e-02
   1.2919510e-02
   1.3090020e-02
   1.3247240e-02
   1.3390960e-02
   1.3520910e-02
   1.3639670e-02
   1.3755890e-02
   1.3885790e-02
   1.4044010e-02
   1.4222850e-02
   1.4392780e-02
   1.4521840e-02
   1.4589960e-02
   1.4604990e-02
   1.4606310e-02
   1.4656570e-02
   1.4811990e-02
   1.5096800e-02
   1.5494210e-02
   1.5952030e-02
   1.6412000e-02
   1.6818290e-02
   1.7119310e-02
   1.7266800e-02
   1.7225500e-02
   1.6982960e-02
   1.6563660e-02
   1.6029150e-02
   1.5453510e-02
   1.4913180e-02
   1.4493140e-02
   1.4261590e-02
   1.4244240e-02
   1.4427130e-02
   1.4754750e-02
   1.5152090e-02
   1.5550830e-02
   1.5906380e-02
   1.6199060e-02
   1.6419910e-02
   1.6566590e-02
   1.6626050e-02
   1.6574390e-02
   1.6392820e-02
   1.6065840e-02
   1.5589980e-02
   1.4983830e-02
   1.4280880e-02
   1.3518360e-02
   1.2736230e-02
   1.1971350e-02
   1.1255710e-02
   1.0611700e-02
   1.0034670e-02
   9.5037570e-03
   9.0007690e-03
   8.5177750e-03
   8.0523910e-03
   7.6127210e-03
   7.2102220e-03
   6.8584640e-03
   6.5705100e-03
   6.3488110e-03
   6.1809770e-03
   6.0505590e-03
   5.9446510e-03
   5.8482620e-03
   5.7441560e-03
   5.6140360e-03
   5.4442600e-03
   5.2256350e-03
   4.9394710e-03
   4.5521250e-03
   4.0304000e-03
   3.3711900e-03
   2.5955480e-03
   1.7202210e-03
   7.5188880e-04
  -3.0402830e-04
  -1.4456710e-03
  -2.6781990e-03
  -4.0085900e-03
  -5.4422030e-03
  -6.9809700e-03
  -8.6163410e-03
  -1.0336330e-02
  -1.2149120e-02
  -1.4096720e-02
  -1.6211000e-02
  -1.8479930e-02
  -2.0851870e-02
  -2.3260260e-02
  -2.5651730e-02
  -2.7986640e-02
  -3.0224190e-02
  -3.2327230e-02
  -3.4266400e-02
  -3.6028120e-02
  -3.7598700e-02
  -3.8961630e-02
  -4.0111880e-02
  -4.1068960e-02
  -4.1869850e-02
  -4.2556010e-02
  -4.3177120e-02
  -4.3770040e-02
  -4.4331190e-02
  -4.4821440e-02
  -4.5197720e-02
  -4.5428600e-02
  -4.5500040e-02
  -4.5438750e-02
  -4.5308090e-02
  -4.5185920e-02
  -4.5150700e-02
  -4.5259680e-02
  -4.5521980e-02
  -4.5900930e-02
  -4.6339870e-02
  -4.6780440e-02
  -4.7173790e-02
  -4.7480570e-02
  -4.7669600e-02
  -4.7722170e-02
  -4.7633050e-02
  -4.7406010e-02
  -4.7049270e-02
  -4.6582700e-02
  -4.6044440e-02
  -4.5484280e-02
  -4.4939690e-02
  -4.4433860e-02
  -4.3991040e-02
  -4.3639470e-02
  -4.3397610e-02
  -4.3261600e-02
  -4.3211730e-02
  -4.3202900e-02
  -4.3175900e-02
  -4.3090990e-02
  -4.2942340e-02
  -4.2740890e-02
  -4.2493530e-02
  -4.2193910e-02
  -4.1812620e-02
  -4.1299640e-02
  -4.0597830e-02
  -3.9659450e-02
  -3.8464280e-02
  -3.7013130e-02
  -3.5322150e-02
  -3.3429390e-02
  -3.1398520e-02
  -2.9293340e-02
  -2.7171480e-02
  -2.5092990e-02
  -2.3119550e-02
  -2.1308360e-02
  -1.9710650e-02
  -1.8360030e-02
  -1.7260710e-02
  -1.6399550e-02
  -1.5758180e-02
  -1.5321870e-02
  -1.5078020e-02
  -1.5006580e-02
  -1.5076360e-02
  -1.5260290e-02
  -1.5548260e-02
  -1.5929380e-02
  -1.6387870e-02
  -1.6914360e-02
  -1.7496250e-02
  -1.8100240e-02
  -1.8683490e-02
  -1.9212800e-02
  -1.9677790e-02
  -2.0093010e-02
  -2.0484230e-02
  -2.0870900e-02
  -2.1253650e-02
  -2.1611890e-02
  -2.1914470e-02
  -2.2125390e-02
  -2.2218640e-02
  -2.2190040e-02
  -2.2052720e-02
  -2.1810200e-02
  -2.1452440e-02
  -2.0951400e-02
  -2.0261980e-02
  -1.9345300e-02
  -1.8202950e-02
  -1.6865580e-02
  -1.5366250e-02
  -1.3742160e-02
  -1.2031100e-02
  -1.0251550e-02
  -8.4082400e-03
  -6.5039200e-03
  -4.5513720e-03
  -2.5616660e-03
  -5.3366870e-04
   1.5424380e-03
   3.6677630e-03
   5.8227830e-03
   7.9693690e-03
   1.0071580e-02
   1.2089820e-02
   1.3993990e-02
   1.5764290e-02
   1.7398520e-02
   1.8911220e-02
   2.0326720e-02
   2.1677810e-02
   2.3009750e-02
   2.4386020e-02
   2.5877710e-02
   2.7535070e-02
   2.9370000e-02
   3.1349380e-02
   3.3417910e-02
   3.5520530e-02
   3.7613400e-02
   3.9650090e-02
   4.1584320e-02
   4.3367970e-02
   4.4956210e-02
   4.6315240e-02
   4.7432520e-02
   4.8321440e-02
   4.8998330e-02
   4.9474910e-02
   4.9781800e-02
   4.9980980e-02
   5.0148050e-02
   5.0333810e-02
   5.0555580e-02
   5.0822330e-02
   5.1149060e-02
   5.1535120e-02
   5.1946150e-02
   5.2333410e-02
   5.2662650e-02
   5.2916230e-02
   5.3086210e-02
   5.3173350e-02
   5.3185590e-02
   5.3130040e-02
   5.3008020e-02
   5.2813440e-02
   5.2527550e-02
   5.2111500e-02
   5.1507990e-02
   5.0646220e-02
   4.9449650e-02
   4.7859820e-02
   4.5876440e-02
   4.3580500e-02
   4.1115010e-02
   3.8630810e-02
   3.6252580e-02
   3.4070040e-02
   3.2130390e-02
   3.0445920e-02
   2.9005900e-02
   2.7792010e-02
   2.6784560e-02
   2.5967050e-02
   2.5321030e-02
   2.4822940e-02
   2.4463850e-02
   2.4260280e-02
   2.4252000e-02
   2.4483540e-02
   2.4980040e-02
   2.5741390e-02
   2.6742280e-02
   2.7931560e-02
   2.9255090e-02
   3.0666500e-02
   3.2104720e-02
   3.3491590e-02
   3.4747110e-02
   3.5811660e-02
   3.6654500e-02
   3.7267280e-02
   3.7652430e-02
   3.7816610e-02
   3.7772110e-02
   3.7537390e-02
   3.7121960e-02
   3.6516660e-02
   3.5707510e-02
   3.4691060e-02
   3.3483300e-02
   3.2112480e-02
   3.0617820e-02
   2.9048180e-02
   2.7460760e-02
   2.5922160e-02
   2.4490830e-02
   2.3216960e-02
   2.2142150e-02
   2.1292680e-02
   2.0673240e-02
   2.0257220e-02
   1.9985790e-02
   1.9778700e-02
   1.9549370e-02
   1.9218760e-02
   1.8745660e-02
   1.8123320e-02
   1.7366930e-02
   1.6507330e-02
   1.5580930e-02
   1.4616030e-02
   1.3621940e-02
   1.2607480e-02
   1.1598630e-02
   1.0643890e-02
   9.8073260e-03
   9.1493940e-03
   8.7107600e-03
   8.5069280e-03
   8.5283180e-03
   8.7525000e-03
   9.1537450e-03
   9.6977350e-03
   1.0335340e-02
   1.1016520e-02
   1.1699210e-02
   1.2364390e-02
   1.3028340e-02
   1.3737060e-02
   1.4522770e-02
   1.5379450e-02
   1.6282370e-02
   1.7203620e-02
   1.8117620e-02
   1.9013960e-02
   1.9894230e-02
   2.0754610e-02
   2.1582410e-02
   2.2358520e-02
   2.3060620e-02
   2.3664730e-02
   2.4141300e-02
   2.4464130e-02
   2.4625370e-02
   2.4635530e-02
   2.4513010e-02
   2.4274880e-02
   2.3937930e-02
   2.3514950e-02
   2.3021960e-02
   2.2482000e-02
   2.1915630e-02
   2.1324760e-02
   2.0672530e-02
   1.9887930e-02
   1.8902050e-02
   1.7685840e-02
   1.6252840e-02
   1.4641170e-02
   1.2896060e-02
   1.1058380e-02
   9.1620480e-03
   7.2394200e-03
   5.3184580e-03
   3.4094970e-03
   1.4850200e-03
  -5.0064040e-04
  -2.5869930e-03
  -4.7978270e-03
  -7.1437160e-03
  -9.6264070e-03
  -1.2220930e-02
  -1.4868120e-02
  -1.7470540e-02
  -1.9903900e-02
  -2.2053100e-02
  -2.3839950e-02
  -2.5240450e-02
  -2.6271300e-02
  -2.6976840e-02
  -2.7432360e-02
  -2.7730540e-02
  -2.7945780e-02
  -2.8105340e-02
  -2.8200010e-02
  -2.8209170e-02
  -2.8124710e-02
  -2.7950830e-02
  -2.7687210e-02
  -2.7331260e-02
  -2.6887350e-02
  -2.6358540e-02
  -2.5746970e-02
  -2.5066290e-02
  -2.4335700e-02
  -2.3568840e-02
  -2.2761790e-02
  -2.1912110e-02
  -2.1026390e-02
  -2.0115820e-02
  -1.9194120e-02
  -1.8276400e-02
  -1.7374320e-02
  -1.6493070e-02
  -1.5634660e-02
  -1.4809800e-02
  -1.4042660e-02
  -1.3349080e-02
  -1.2733100e-02
  -1.2184920e-02
  -1.1692020e-02
  -1.1248380e-02
  -1.0854300e-02
  -1.0506790e-02
  -1.0192910e-02
  -9.8865150e-03
  -9.5439650e-03
  -9.1150780e-03
  -8.5423670e-03
  -7.7581950e-03
  -6.6921420e-03
  -5.2927080e-03
  -3.5635960e-03
  -1.5558940e-03
   6.5432180e-04
   2.9818770e-03
   5.3460750e-03
   7.6694960e-03
   9.8872660e-03
   1.1959390e-02
   1.3868840e-02
   1.5614200e-02
   1.7213840e-02
   1.8708710e-02
   2.0160810e-02
   2.1634410e-02
   2.3163070e-02
   2.4723710e-02
   2.6246230e-02
   2.7644490e-02
   2.8838610e-02
   2.9765050e-02
   3.0383870e-02
   3.0697370e-02
   3.0744040e-02
   3.0564360e-02
   3.0186910e-02
   2.9643390e-02
   2.8978680e-02
   2.8237570e-02
   2.7454610e-02
   2.6649660e-02
   2.5829230e-02
   2.4991370e-02
   2.4136420e-02
   2.3268810e-02
   2.2393220e-02
   2.1513200e-02
   2.0627830e-02
   1.9734700e-02
   1.8834380e-02
   1.7939340e-02
   1.7079270e-02
   1.6302240e-02
   1.5653160e-02
   1.5150080e-02
   1.4777120e-02
   1.4485050e-02
   1.4218960e-02
   1.3941780e-02
   1.3643000e-02
   1.3329790e-02
   1.3008660e-02
   1.2673550e-02
   1.2302530e-02
   1.1864330e-02
   1.1345300e-02
   1.0759070e-02
   1.0134750e-02
   9.5066430e-03
   8.9003480e-03
   8.3278190e-03
   7.7860660e-03
   7.2598510e-03
   6.7294760e-03
   6.1598880e-03
   5.5095770e-03
   4.7617780e-03
   3.9433560e-03
   3.1012450e-03
   2.2774760e-03
   1.4917100e-03
   7.5581730e-04
   8.4092330e-05
  -5.0962460e-04
  -1.0099340e-03
  -1.4133230e-03
  -1.7378300e-03
  -2.0393050e-03
  -2.3886340e-03
  -2.8384990e-03
  -3.4123020e-03
  -4.1079020e-03
  -4.8994650e-03
  -5.7313870e-03
  -6.5183150e-03
  -7.1582360e-03
  -7.5637990e-03
  -7.6818780e-03
  -7.5013390e-03
  -7.0448670e-03
  -6.3587660e-03
  -5.5028540e-03
  -4.5399190e-03
  -3.5226250e-03
  -2.4916850e-03
  -1.4893490e-03
  -5.8088210e-04
   1.5845240e-04
   6.6732620e-04
   9.0996060e-04
   8.7937850e-04
   6.0875010e-04
   1.6254840e-04
  -3.6825830e-04
  -8.7348040e-04
  -1.2606980e-03
  -1.4852490e-03
  -1.5421560e-03
  -1.4513960e-03
  -1.2445430e-03
  -9.5136310e-04
  -5.9633540e-04
  -2.0052320e-04
   2.1876440e-04
   6.5403350e-04
   1.1159410e-03
   1.6283730e-03
   2.2246660e-03
   2.9377030e-03
   3.7872430e-03
   4.7736530e-03
   5.8709220e-03
   7.0359430e-03
   8.2270030e-03
   9.4093890e-03
   1.0559300e-02
   1.1686420e-02
   1.2816340e-02
   1.3962490e-02
   1.5120780e-02
   1.6279900e-02
   1.7431370e-02
   1.8565200e-02
   1.9651880e-02
   2.0638650e-02
   2.1472840e-02
   2.2117950e-02
   2.2555390e-02
   2.2781190e-02
   2.2807690e-02
   2.2663320e-02
   2.2379390e-02
   2.1985470e-02
   2.1499890e-02
   2.0934770e-02
   2.0299880e-02
   1.9597300e-02
   1.8829310e-02
   1.8012410e-02
   1.7177450e-02
   1.6347980e-02
   1.5522360e-02
   1.4679070e-02
   1.3796900e-02
   1.2858690e-02
   1.1851660e-02
   1.0777480e-02
   9.6602340e-03
   8.5453850e-03
   7.4929180e-03
   6.5666610e-03
   5.8104400e-03
   5.2204830e-03
   4.7520390e-03
   4.3196250e-03
   3.8178100e-03
   3.1804840e-03
   2.3953640e-03
   1.4841040e-03
   4.9009770e-04
  -5.3312200e-04
  -1.5306370e-03
  -2.4529700e-03
  -3.2551080e-03
  -3.8965980e-03
  -4.3506570e-03
  -4.6168730e-03
  -4.7251760e-03
  -4.7267100e-03
  -4.6760620e-03
  -4.6175940e-03
  -4.5798350e-03
  -4.5777790e-03
  -4.6161420e-03
  -4.7012200e-03
  -4.8437260e-03
  -5.0476340e-03
  -5.2951440e-03
  -5.5632170e-03
  -5.8316830e-03
  -6.0841420e-03
  -6.3077850e-03
  -6.4915190e-03
  -6.6247370e-03
  -6.6969320e-03
  -6.7126880e-03
  -6.6973920e-03
  -6.6934680e-03
  -6.7416110e-03
  -6.8681500e-03
  -7.0721130e-03
  -7.3350090e-03
  -7.6344570e-03
  -7.9528330e-03
  -8.2842050e-03
  -8.6282470e-03
  -8.9811390e-03
  -9.3252670e-03
  -9.6335830e-03
  -9.8784290e-03
  -1.0037020e-02
  -1.0092630e-02
  -1.0034130e-02
  -9.8569170e-03
  -9.5560670e-03
  -9.1241550e-03
  -8.5643500e-03
  -7.8987980e-03
  -7.1628740e-03
  -6.3942480e-03
  -5.6300670e-03
  -4.8943910e-03
  -4.2013390e-03
  -3.5671390e-03
  -3.0204760e-03
  -2.6061130e-03
  -2.3743860e-03
  -2.3595550e-03
  -2.5672920e-03
  -2.9720070e-03
  -3.5102710e-03
  -4.0851400e-03
  -4.5855630e-03
  -4.9247530e-03
  -5.0514960e-03
  -4.9551720e-03
  -4.6647470e-03
  -4.2431980e-03
  -3.7770970e-03
  -3.3525650e-03
  -3.0278790e-03
  -2.8213280e-03
  -2.7085090e-03
  -2.6230380e-03
  -2.4831760e-03
  -2.2402550e-03
  -1.8908250e-03
  -1.4670440e-03
  -1.0136250e-03
  -5.6538870e-04
  -1.5378300e-04
   1.9516540e-04
   4.7330880e-04
   6.9026480e-04
   8.6398800e-04
   1.0159740e-03
   1.1646390e-03
   1.3191710e-03
   1.4757250e-03
   1.6302050e-03
   1.7969460e-03
   1.9939250e-03
   2.2263670e-03
   2.4963850e-03
   2.8061340e-03
   3.1607440e-03
   3.5741240e-03
   4.0686260e-03
   4.6628210e-03
   5.3618180e-03
   6.1509600e-03
   6.9968560e-03
   7.8530900e-03
   8.6685010e-03
   9.4032190e-03
   1.0041480e-02
   1.0598010e-02
   1.1108550e-02
   1.1611700e-02
   1.2137340e-02
   1.2698720e-02
   1.3294770e-02
   1.3921130e-02
   1.4568090e-02
   1.5220020e-02
   1.5856570e-02
   1.6460180e-02
   1.7007240e-02
   1.7479020e-02
   1.7865420e-02
   1.8162220e-02
   1.8365980e-02
   1.8454830e-02
   1.8403320e-02
   1.8196170e-02
   1.7829530e-02
   1.7309890e-02
   1.6649620e-02
   1.5860240e-02
   1.4967870e-02
   1.4020790e-02
   1.3082220e-02
   1.2204350e-02
   1.1422370e-02
   1.0752470e-02
   1.0166730e-02
   9.5961950e-03
   8.9617710e-03
   8.2018300e-03
   7.2889690e-03
   6.2363890e-03
   5.0895790e-03
   3.9069780e-03
   2.7485520e-03
   1.6620200e-03
   6.8302720e-04
  -1.6189180e-04
  -8.6652540e-04
  -1.4541900e-03
  -1.9720230e-03
  -2.4726110e-03
  -3.0064180e-03
  -3.6221430e-03
  -4.3366720e-03
  -5.1282260e-03
  -5.9564560e-03
  -6.7835070e-03
  -7.5804020e-03
  -8.3238980e-03
  -8.9922830e-03
  -9.5586470e-03
  -9.9816460e-03
  -1.0222400e-02
  -1.0257440e-02
  -1.0078180e-02
  -9.6928300e-03
  -9.1169530e-03
  -8.3809560e-03
  -7.5218870e-03
  -6.5806460e-03
  -5.5915670e-03
  -4.5596770e-03
  -3.4669060e-03
  -2.2905840e-03
  -1.0304710e-03
   2.8524160e-04
   1.6055480e-03
   2.8754580e-03
   4.0447880e-03
   5.0714390e-03
   5.9424050e-03
   6.6738940e-03
   7.2930700e-03
   7.8229160e-03
   8.2752880e-03
   8.6537630e-03
   8.9638460e-03
   9.2161220e-03
   9.4215260e-03
   9.5977940e-03
   9.7607430e-03
   9.9250980e-03
   1.0096010e-02
   1.0246970e-02
   1.0337490e-02
   1.0336670e-02
   1.0228750e-02
   1.0012740e-02
   9.6990740e-03
   9.3073020e-03
   8.8755250e-03
   8.4542250e-03
   8.0935220e-03
   7.8245180e-03
   7.6529020e-03
   7.5658930e-03
   7.5573250e-03
   7.6297920e-03
   7.7907570e-03
   8.0535010e-03
   8.4203350e-03
   8.8788360e-03
   9.4077770e-03
   9.9919810e-03
   1.0622370e-02
   1.1284320e-02
   1.1957680e-02
   1.2628500e-02
   1.3288530e-02
   1.3931290e-02
   1.4558450e-02
   1.5180160e-02
   1.5796180e-02
   1.6385110e-02
   1.6908240e-02
   1.7319000e-02
   1.7578970e-02
   1.7675910e-02
   1.7629820e-02
   1.7483500e-02
   1.7291880e-02
   1.7106820e-02
   1.6948750e-02
   1.6800860e-02
   1.6615980e-02
   1.6336770e-02
   1.5931730e-02
   1.5412480e-02
   1.4837920e-02
   1.4283720e-02
   1.3826170e-02
   1.3521370e-02
   1.3389290e-02
   1.3408600e-02
   1.3522870e-02
   1.3673660e-02
   1.3814070e-02
   1.3896450e-02
   1.3875360e-02
   1.3719130e-02
   1.3412410e-02
   1.2949290e-02
   1.2326430e-02
   1.1554500e-02
   1.0651360e-02
   9.6337690e-03
   8.5244680e-03
   7.3546120e-03
   6.1527680e-03
   4.9399800e-03
   3.7225340e-03
   2.4937610e-03
   1.2425740e-03
  -3.4347410e-05
  -1.3446360e-03
  -2.7118910e-03
  -4.1927190e-03
  -5.8316870e-03
  -7.6267870e-03
  -9.5462680e-03
  -1.1546930e-02
  -1.3571440e-02
  -1.5562380e-02
  -1.7476750e-02
  -1.9294700e-02
  -2.1019960e-02
  -2.2658590e-02
  -2.4218140e-02
  -2.5717570e-02
  -2.7173040e-02
  -2.8582030e-02
  -2.9917280e-02
  -3.1137820e-02
  -3.2209820e-02
  -3.3130000e-02
  -3.3916990e-02
  -3.4604890e-02
  -3.5226070e-02
  -3.5795420e-02
  -3.6302420e-02
  -3.6718970e-02
  -3.7008280e-02
  -3.7145710e-02
  -3.7137420e-02
  -3.7020970e-02
  -3.6862890e-02
  -3.6727660e-02
  -3.6656750e-02
  -3.6672790e-02
  -3.6774680e-02
  -3.6928100e-02
  -3.7062970e-02
  -3.7091160e-02
  -3.6930320e-02
  -3.6522810e-02
  -3.5838690e-02
  -3.4879390e-02
  -3.3670730e-02
  -3.2254540e-02
  -3.0688510e-02
  -2.9034040e-02
  -2.7352840e-02
  -2.5705320e-02
  -2.4140610e-02
  -2.2668670e-02
  -2.1253440e-02
  -1.9837240e-02
  -1.8372320e-02
  -1.6847790e-02
  -1.5278210e-02
  -1.3692270e-02
  -1.2121260e-02
  -1.0600580e-02
  -9.1709520e-03
  -7.8759090e-03
  -6.7603780e-03
  -5.8628690e-03
  -5.1930980e-03
  -4.7143220e-03
  -4.3456740e-03
  -3.9985110e-03
  -3.6183190e-03
  -3.2053280e-03
  -2.7846910e-03
  -2.3933060e-03
  -2.0874710e-03
  -1.9366420e-03
  -1.9818210e-03
  -2.1978020e-03
  -2.5181850e-03
  -2.8710670e-03
  -3.2023500e-03
  -3.4933420e-03
  -3.7616920e-03
  -4.0652790e-03
  -4.4837400e-03
  -5.0747080e-03
  -5.8519880e-03
  -6.7826650e-03
  -7.8178460e-03
  -8.9125380e-03
  -1.0027310e-02
  -1.1130480e-02
  -1.2205330e-02
  -1.3254760e-02
  -1.4293320e-02
  -1.5334330e-02
  -1.6370220e-02
  -1.7372150e-02
  -1.8306520e-02
  -1.9146780e-02
  -1.9884890e-02
  -2.0540490e-02
  -2.1154790e-02
  -2.1757200e-02
  -2.2337860e-02
  -2.2859730e-02
  -2.3292850e-02
  -2.3635380e-02
  -2.3910030e-02
  -2.4148660e-02
  -2.4375430e-02
  -2.4597280e-02
  -2.4803520e-02
  -2.4974360e-02
  -2.5087780e-02
  -2.5110270e-02
  -2.5003550e-02
  -2.4750960e-02
  -2.4352790e-02
  -2.3813330e-02
  -2.3151550e-02
  -2.2402020e-02
  -2.1609330e-02
  -2.0824730e-02
  -2.0099580e-02
  -1.9466790e-02
  -1.8928140e-02
  -1.8457870e-02
  -1.8017310e-02
  -1.7574550e-02
  -1.7099470e-02
  -1.6562850e-02
  -1.5946820e-02
  -1.5252660e-02
  -1.4493530e-02
  -1.3669310e-02
  -1.2762220e-02
  -1.1748080e-02
  -1.0617950e-02
  -9.3892350e-03
  -8.1035380e-03
  -6.8171080e-03
  -5.5964930e-03
  -4.5142000e-03
  -3.6300970e-03
  -2.9683820e-03
  -2.5026760e-03
  -2.1576940e-03
  -1.8389670e-03
  -1.4788340e-03
  -1.0629540e-03
  -6.1673480e-04
  -1.8594070e-04
   1.8382560e-04
   4.5670770e-04
   6.2166410e-04
   6.7974060e-04
   6.3531210e-04
   4.9361690e-04
   2.6265560e-04
  -4.3184240e-05
  -4.1207570e-04
  -8.3563590e-04
  -1.3043170e-03
  -1.7873320e-03
  -2.2390160e-03
  -2.6171290e-03
  -2.8923680e-03
  -3.0456920e-03
  -3.0615410e-03
  -2.9448030e-03
  -2.7121090e-03
  -2.3817480e-03
  -1.9766410e-03
  -1.5330910e-03
  -1.0792740e-03
  -6.2762570e-04
  -1.9070490e-04
   2.2433930e-04
   6.2363400e-04
   1.0279910e-03
   1.4685060e-03
   1.9710310e-03
   2.5428270e-03
   3.1724550e-03
   3.8303200e-03
   4.4798490e-03
   5.0890810e-03
   5.6348800e-03
   6.1097020e-03
   6.5107740e-03
   6.8523710e-03
   7.1643900e-03
   7.4788540e-03
   7.8231140e-03
   8.2180970e-03
   8.6754290e-03
   9.1970740e-03
   9.7722740e-03
   1.0382490e-02
   1.1019850e-02
   1.1677820e-02
   1.2338580e-02
   1.2969360e-02
   1.3532020e-02
   1.4008770e-02
   1.4408960e-02
   1.4761080e-02
   1.5079750e-02
   1.5365620e-02
   1.5609140e-02
   1.5791680e-02
   1.5889700e-02
   1.5877440e-02
   1.5738930e-02
   1.5482210e-02
   1.5136330e-02
   1.4723250e-02
   1.4247570e-02
   1.3704450e-02
   1.3096090e-02
   1.2434000e-02
   1.1725170e-02
   1.0985070e-02
   1.0235500e-02
   9.4938980e-03
   8.7766500e-03
   8.0979470e-03
   7.4682700e-03
   6.8831340e-03
   6.3003470e-03
   5.6664090e-03
   4.9598280e-03
   4.1837980e-03
   3.3419850e-03
   2.4374130e-03
   1.4828710e-03
   5.0233120e-04
  -4.7790210e-04
  -1.4381340e-03
  -2.3673030e-03
  -3.2723460e-03
  -4.1773230e-03
  -5.1185170e-03
  -6.1359080e-03
  -7.2537870e-03
  -8.4764180e-03
  -9.7896990e-03
  -1.1158330e-02
  -1.2528110e-02
  -1.3846210e-02
  -1.5087510e-02
  -1.6246670e-02
  -1.7319720e-02
  -1.8288710e-02
  -1.9136480e-02
  -1.9874620e-02
  -2.0547270e-02
  -2.1211360e-02
  -2.1897530e-02
  -2.2597030e-02
  -2.3280880e-02
  -2.3925190e-02
  -2.4517220e-02
  -2.5048390e-02
  -2.5517930e-02
  -2.5927160e-02
  -2.6259820e-02
  -2.6482960e-02
  -2.6566480e-02
  -2.6512190e-02
  -2.6361740e-02
  -2.6165240e-02
  -2.5959370e-02
  -2.5759140e-02
  -2.5551120e-02
  -2.5295040e-02
  -2.4945040e-02
  -2.4474790e-02
  -2.3885590e-02
  -2.3206250e-02
  -2.2470560e-02
  -2.1704800e-02
  -2.0929770e-02
  -2.0160320e-02
  -1.9417290e-02
  -1.8730130e-02
  -1.8136120e-02
  -1.7677760e-02
  -1.7382160e-02
  -1.7236560e-02
  -1.7195980e-02
  -1.7199340e-02
  -1.7192830e-02
  -1.7154470e-02
  -1.7092550e-02
  -1.7033920e-02
  -1.7005300e-02
  -1.7027440e-02
  -1.7107250e-02
  -1.7232690e-02
  -1.7379290e-02
  -1.7525680e-02
  -1.7644670e-02
  -1.7699930e-02
  -1.7668480e-02
  -1.7549510e-02
  -1.7359130e-02
  -1.7131050e-02
  -1.6902560e-02
  -1.6711150e-02
  -1.6596330e-02
  -1.6581510e-02
  -1.6660940e-02
  -1.6796730e-02
  -1.6936570e-02
  -1.7034910e-02
  -1.7061070e-02
  -1.6997230e-02
  -1.6833330e-02
  -1.6566610e-02
  -1.6203340e-02
  -1.5758950e-02
  -1.5258710e-02
  -1.4733380e-02
  -1.4213610e-02
  -1.3725760e-02
  -1.3291170e-02
  -1.2924270e-02
  -1.2630220e-02
  -1.2409630e-02
  -1.2260430e-02
  -1.2176860e-02
  -1.2153100e-02
  -1.2183370e-02
  -1.2248340e-02
  -1.2315580e-02
  -1.2363020e-02
  -1.2404500e-02
  -1.2492860e-02
  -1.2704050e-02
  -1.3104840e-02
  -1.3718880e-02
  -1.4510880e-02
  -1.5385140e-02
  -1.6215480e-02
  -1.6890570e-02
  -1.7346490e-02
  -1.7579360e-02
  -1.7633760e-02
  -1.7573500e-02
  -1.7448640e-02
  -1.7298070e-02
  -1.7144500e-02
  -1.6997440e-02
  -1.6866480e-02
  -1.6759880e-02
  -1.6675150e-02
  -1.6604450e-02
  -1.6544180e-02
  -1.6483120e-02
  -1.6391950e-02
  -1.6240060e-02
  -1.6012480e-02
  -1.5710330e-02
  -1.5353710e-02
  -1.4976380e-02
  -1.4618760e-02
  -1.4323760e-02
  -1.4115060e-02
  -1.3983540e-02
  -1.3899710e-02
  -1.3831470e-02
  -1.3755140e-02
  -1.3664420e-02
  -1.3554570e-02
  -1.3413390e-02
  -1.3228030e-02
  -1.3001510e-02
  -1.2752940e-02
  -1.2503260e-02
  -1.2266300e-02
  -1.2049190e-02
  -1.1874200e-02
  -1.1780740e-02
  -1.1808400e-02
  -1.1976100e-02
  -1.2261750e-02
  -1.2600380e-02
  -1.2910190e-02
  -1.3116770e-02
  -1.3174220e-02
  -1.3080500e-02
  -1.2874110e-02
  -1.2604310e-02
  -1.2316490e-02
  -1.2055780e-02
  -1.1871660e-02
  -1.1798900e-02
  -1.1837270e-02
  -1.1963270e-02
  -1.2142740e-02
  -1.2339170e-02
  -1.2525180e-02
  -1.2695220e-02
  -1.2857250e-02
  -1.3028000e-02
  -1.3227720e-02
  -1.3470330e-02
  -1.3757810e-02
  -1.4078170e-02
  -1.4409350e-02
  -1.4723880e-02
  -1.5006640e-02
  -1.5262180e-02
  -1.5505850e-02
  -1.5748470e-02
  -1.5986330e-02
  -1.6212030e-02
  -1.6421090e-02
  -1.6610460e-02
  -1.6780740e-02
  -1.6948550e-02
  -1.7135850e-02
  -1.7364780e-02
  -1.7648570e-02
  -1.7994290e-02
  -1.8405980e-02
  -1.8886530e-02
  -1.9436970e-02
  -2.0052670e-02
  -2.0716910e-02
  -2.1401160e-02
  -2.2091790e-02
  -2.2787290e-02
  -2.3484990e-02
  -2.4163320e-02
  -2.4792620e-02
  -2.5360020e-02
  -2.5855990e-02
  -2.6270040e-02
  -2.6581790e-02
  -2.6763680e-02
  -2.6794900e-02
  -2.6675200e-02
  -2.6420500e-02
  -2.6052320e-02
  -2.5586510e-02
  -2.5034030e-02
  -2.4406990e-02
  -2.3722700e-02
  -2.3007960e-02
  -2.2275400e-02
  -2.1514620e-02
  -2.0712210e-02
  -1.9859920e-02
  -1.8953710e-02
  -1.7998020e-02
  -1.7018110e-02
  -1.6043940e-02
  -1.5096490e-02
  -1.4186350e-02
  -1.3324110e-02
  -1.2517480e-02
  -1.1757540e-02
  -1.1014720e-02
  -1.0250210e-02
  -9.4357200e-03
  -8.5542210e-03
  -7.6078330e-03
  -6.6257710e-03
  -5.6604390e-03
  -4.7634460e-03
  -3.9599840e-03
  -3.2646410e-03
  -2.6819920e-03
  -2.1960660e-03
  -1.7773930e-03
  -1.3956660e-03
  -1.0263100e-03
  -6.5611650e-04
  -2.8456830e-04
   7.2034250e-05
   4.0639980e-04
   7.4309350e-04
   1.1176710e-03
   1.5508970e-03
   2.0501900e-03
   2.6151340e-03
   3.2208560e-03
   3.8314960e-03
   4.4180180e-03
   4.9631020e-03
   5.4547310e-03
   5.8802940e-03
   6.2389550e-03
   6.5439630e-03
   6.8138190e-03
   7.0575500e-03
   7.2866890e-03
   7.5217960e-03
   7.7756130e-03
   8.0471150e-03
   8.3289230e-03
   8.6148920e-03
   8.8989510e-03
   9.1772440e-03
   9.4497540e-03
   9.7137460e-03
   9.9758330e-03
   1.0245020e-02
   1.0522580e-02
   1.0802340e-02
   1.1080850e-02
   1.1351230e-02
   1.1599710e-02
   1.1816320e-02
   1.2000570e-02
   1.2170220e-02
   1.2354310e-02
   1.2566790e-02
   1.2801310e-02
   1.3045320e-02
   1.3286130e-02
   1.3511950e-02
   1.3722610e-02
   1.3931100e-02
   1.4148740e-02
   1.4376360e-02
   1.4603380e-02
   1.4810060e-02
   1.4986520e-02
   1.5145120e-02
   1.5320270e-02
   1.5546050e-02
   1.5839340e-02
   1.6201490e-02
   1.6608090e-02
   1.7014310e-02
   1.7377370e-02
   1.7676390e-02
   1.7915610e-02
   1.8116870e-02
   1.8315010e-02
   1.8543420e-02
   1.8819490e-02
   1.9143870e-02
   1.9504590e-02
   1.9875350e-02
   2.0214800e-02
   2.0473770e-02
   2.0613720e-02
   2.0621630e-02
   2.0504210e-02
   2.0272620e-02
   1.9942030e-02
   1.9532970e-02
   1.9054720e-02
   1.8518750e-02
   1.7943630e-02
   1.7351740e-02
   1.6760640e-02
   1.6175960e-02
   1.5597430e-02
   1.5014440e-02
   1.4401230e-02
   1.3727040e-02
   1.2974690e-02
   1.2137580e-02
   1.1223260e-02
   1.0268530e-02
   9.3298560e-03
   8.4626610e-03
   7.6982160e-03
   7.0321980e-03
   6.4326310e-03
   5.8762070e-03
   5.3735320e-03
   4.9453750e-03
   4.5880010e-03
   4.2760420e-03
   3.9835840e-03
   3.6963370e-03
   3.4105680e-03
   3.1237500e-03
   2.8308760e-03
   2.5329270e-03
   2.2433650e-03
   1.9779650e-03
   1.7467900e-03
   1.5485140e-03
   1.3724210e-03
   1.2082340e-03
   1.0525560e-03
   9.1477700e-04
   8.1039180e-04
   7.5238500e-04
   7.4592530e-04
   7.8541940e-04
   8.4862270e-04
   9.0996850e-04
   9.5849970e-04
   9.8969430e-04
   1.0020830e-03
   9.8450770e-04
   9.2956900e-04
   8.3491960e-04
   6.9811700e-04
   5.4141680e-04
   3.9963930e-04
   2.8681850e-04
   2.0904360e-04
   1.8658540e-04
   2.3777910e-04
   3.5217900e-04
   4.8740670e-04
   6.0147560e-04
   6.7164100e-04
   6.8936640e-04
   6.5423220e-04
   5.5540010e-04
   3.7249460e-04
   8.5308820e-05
  -3.0787160e-04
  -7.8253560e-04
  -1.2925620e-03
  -1.7801320e-03
  -2.1959070e-03
  -2.5205680e-03
  -2.7669430e-03
  -2.9562630e-03
  -3.1035840e-03
  -3.2089380e-03
  -3.2627130e-03
  -3.2748740e-03
  -3.2733990e-03
  -3.2926950e-03
  -3.3505790e-03
  -3.4339450e-03
  -3.5100160e-03
  -3.5448400e-03
  -3.5198250e-03
  -3.4326420e-03
  -3.2901390e-03
  -3.0981400e-03
  -2.8631850e-03
  -2.6062390e-03
  -2.3542240e-03
  -2.1144860e-03
  -1.8862700e-03
  -1.6748600e-03
  -1.4852190e-03
  -1.3137540e-03
  -1.1492020e-03
  -9.7258030e-04
  -7.5092230e-04
  -4.6521260e-04
  -1.2129490e-04
   2.5925900e-04
   6.5426220e-04
   1.0582700e-03
   1.4830760e-03
   1.9341200e-03
   2.4075840e-03
   2.8982360e-03
   3.3992990e-03
   3.8913470e-03
   4.3480580e-03
   4.7450820e-03
   5.0650150e-03
   5.3049960e-03
   5.4895730e-03
   5.6645780e-03
   5.8762310e-03
   6.1553510e-03
   6.5104830e-03
   6.9311920e-03
   7.3819340e-03
   7.8117710e-03
   8.1696460e-03
   8.4153640e-03
   8.5308940e-03
   8.5215460e-03
   8.4049670e-03
   8.2153820e-03
   7.9986850e-03
   7.7883730e-03
   7.6153090e-03
   7.5048740e-03
   7.4665150e-03
   7.4959210e-03
   7.5803180e-03
   7.6962760e-03
   7.8088720e-03
   7.8854510e-03
   7.9120460e-03
   7.8913740e-03
   7.8320530e-03
   7.7503160e-03
   7.6674190e-03
   7.6096190e-03
   7.6040710e-03
   7.6554470e-03
   7.7515460e-03
   7.8832140e-03
   8.0552310e-03
   8.2823670e-03
   8.5730030e-03
   8.9166350e-03
   9.2907600e-03
   9.6696120e-03
   1.0043020e-02
   1.0423310e-02
   1.0830500e-02
   1.1280020e-02
   1.1782750e-02
   1.2336210e-02
   1.2912890e-02
   1.3480250e-02
   1.4021350e-02
   1.4540880e-02
   1.5057180e-02
   1.5587300e-02
   1.6134150e-02
   1.6689470e-02
   1.7258330e-02
   1.7860010e-02
   1.8523080e-02
   1.9267840e-02
   2.0084250e-02
   2.0933230e-02
   2.1773200e-02
   2.2575320e-02
   2.3314420e-02
   2.3965030e-02
   2.4510740e-02
   2.4951150e-02
   2.5288770e-02
   2.5519600e-02
   2.5656800e-02
   2.5734630e-02
   2.5807730e-02
   2.5935300e-02
   2.6154490e-02
   2.6460580e-02
   2.6815160e-02
   2.7169540e-02
   2.7482600e-02
   2.7729390e-02
   2.7905390e-02
   2.8016950e-02
   2.8063540e-02
   2.8032800e-02
   2.7903500e-02
   2.7658020e-02
   2.7302350e-02
   2.6878360e-02
   2.6440730e-02
   2.6030050e-02
   2.5667810e-02
   2.5366960e-02
   2.5126510e-02
   2.4926000e-02
   2.4747650e-02
   2.4585190e-02
   2.4430210e-02
   2.4263410e-02
   2.4048400e-02
   2.3732530e-02
   2.3271330e-02
   2.2670600e-02
   2.1998110e-02
   2.1356800e-02
   2.0822310e-02
   2.0404110e-02
   2.0072680e-02
   1.9803540e-02
   1.9583480e-02
   1.9386190e-02
   1.9168900e-02
   1.8891450e-02
   1.8540820e-02
   1.8126250e-02
   1.7665430e-02
   1.7175290e-02
   1.6668640e-02
   1.6150590e-02
   1.5618850e-02
   1.5071220e-02
   1.4505370e-02
   1.3910800e-02
   1.3280620e-02
   1.2630620e-02
   1.1989690e-02
   1.1381630e-02
   1.0818680e-02
   1.0303340e-02
   9.8256870e-03
   9.3681050e-03
   8.9176770e-03
   8.4692970e-03
   8.0181670e-03
   7.5545150e-03
   7.0699090e-03
   6.5628120e-03
   6.0258540e-03
   5.4605310e-03
   4.8865870e-03
   4.3235280e-03
   3.7881930e-03
   3.3017380e-03
   2.8674950e-03
   2.4710440e-03
   2.0998210e-03
   1.7522690e-03
   1.4344140e-03
   1.1639820e-03
   9.7259540e-04
   8.8297340e-04
   8.9338790e-04
   9.8379120e-04
   1.1266390e-03
   1.2910380e-03
   1.4530880e-03
   1.5903810e-03
   1.6792930e-03
   1.7169200e-03
   1.7139050e-03
   1.6725800e-03
   1.5758900e-03
   1.4004210e-03
   1.1300170e-03
   7.7550070e-04
   3.7546390e-04
  -3.3054650e-05
  -4.2834560e-04
  -7.9908700e-04
  -1.1427120e-03
  -1.4630900e-03
  -1.7662310e-03
  -2.0536420e-03
  -2.3265670e-03
  -2.5904940e-03
  -2.8558830e-03
  -3.1391790e-03
  -3.4548110e-03
  -3.7951970e-03
  -4.1431760e-03
  -4.4994860e-03
  -4.8801770e-03
  -5.3014490e-03
  -5.7669010e-03
  -6.2625670e-03
  -6.7589890e-03
  -7.2289820e-03
  -7.6639590e-03
  -8.0701140e-03
  -8.4553260e-03
  -8.8210000e-03
  -9.1702620e-03
  -9.5196780e-03
  -9.8926340e-03
  -1.0300930e-02
  -1.0740600e-02
  -1.1201840e-02
  -1.1677850e-02
  -1.2159350e-02
  -1.2626050e-02
  -1.3052900e-02
  -1.3421470e-02
  -1.3727820e-02
  -1.3983830e-02
  -1.4203540e-02
  -1.4398880e-02
  -1.4585670e-02
  -1.4775720e-02
  -1.4966080e-02
  -1.5144360e-02
  -1.5294340e-02
  -1.5385550e-02
  -1.5375040e-02
  -1.5232760e-02
  -1.4962390e-02
  -1.4592490e-02
  -1.4153530e-02
  -1.3672730e-02
  -1.3185100e-02
  -1.2716260e-02
  -1.2272980e-02
  -1.1852020e-02
  -1.1444430e-02
  -1.1039050e-02
  -1.0629540e-02
  -1.0222180e-02
  -9.8292940e-03
  -9.4603690e-03
  -9.1196840e-03
  -8.8055310e-03
  -8.5104010e-03
  -8.2290820e-03
  -7.9644300e-03
  -7.7209750e-03
  -7.5076200e-03
  -7.3337860e-03
  -7.2092870e-03
  -7.1337900e-03
  -7.1008570e-03
  -7.1020260e-03
  -7.1341630e-03
  -7.2007880e-03
  -7.3020860e-03
  -7.4244030e-03
  -7.5448990e-03
  -7.6432720e-03
  -7.6998490e-03
  -7.6987020e-03
  -7.6445220e-03
  -7.5633850e-03
  -7.4813380e-03
  -7.4111770e-03
  -7.3466380e-03
  -7.2769280e-03
  -7.2037330e-03
  -7.1304800e-03
  -7.0583700e-03
  -6.9866230e-03
  -6.9093310e-03
  -6.8089590e-03
  -6.6599900e-03
  -6.4452070e-03
  -6.1705890e-03
  -5.8676390e-03
  -5.5705980e-03
  -5.3081070e-03
  -5.1015400e-03
  -4.9540720e-03
  -4.8427590e-03
  -4.7254640e-03
  -4.5611330e-03
  -4.3154720e-03
  -3.9642760e-03
  -3.4942470e-03
  -2.9081570e-03
  -2.2258790e-03
  -1.4744340e-03
  -6.7447390e-04
   1.5654540e-04
   9.9553530e-04
   1.8095730e-03
   2.5696790e-03
   3.2576780e-03
   3.8704040e-03
   4.4275660e-03
   4.9638450e-03
   5.5146890e-03
   6.1069450e-03
   6.7553220e-03
   7.4443870e-03
   8.1423270e-03
   8.8311710e-03
   9.5094720e-03
   1.0182340e-02
   1.0845500e-02
   1.1484640e-02
   1.2091750e-02
   1.2661580e-02
   1.3185180e-02
   1.3660230e-02
   1.4103660e-02
   1.4547380e-02
   1.5019320e-02
   1.5532600e-02
   1.6076950e-02
   1.6619560e-02
   1.7114440e-02
   1.7532630e-02
   1.7865930e-02
   1.8112620e-02
   1.8270410e-02
   1.8344710e-02
   1.8346870e-02
   1.8293170e-02
   1.8209270e-02
   1.8131450e-02
   1.8109530e-02
   1.8187360e-02
   1.8375600e-02
   1.8657340e-02
   1.9004570e-02
   1.9381130e-02
   1.9738370e-02
   2.0032500e-02
   2.0242640e-02
   2.0380780e-02
   2.0478230e-02
   2.0562340e-02
   2.0645200e-02
   2.0722790e-02
   2.0789830e-02
   2.0854440e-02
   2.0926590e-02
   2.1008970e-02
   2.1098210e-02
   2.1186360e-02
   2.1261180e-02
   2.1309810e-02
   2.1339350e-02
   2.1366380e-02
   2.1395070e-02
   2.1421420e-02
   2.1436530e-02
   2.1430280e-02
   2.1387660e-02
   2.1287670e-02
   2.1115190e-02
   2.0865340e-02
   2.0541840e-02
   2.0151400e-02
   1.9698690e-02
   1.9184940e-02
   1.8603290e-02
   1.7942440e-02
   1.7198450e-02
   1.6380010e-02
   1.5513830e-02
   1.4648180e-02
   1.3839530e-02
   1.3129510e-02
   1.2524080e-02
   1.2002070e-02
   1.1529000e-02
   1.1067940e-02
   1.0592750e-02
   1.0101950e-02
   9.6102800e-03
   9.1314080e-03
   8.6719770e-03
   8.2196190e-03
   7.7569470e-03
   7.2733050e-03
   6.7671820e-03
   6.2389900e-03
   5.6934190e-03
   5.1408580e-03
   4.5880670e-03
   4.0228560e-03
   3.4179830e-03
   2.7499000e-03
   2.0206220e-03
   1.2675860e-03
   5.3794660e-04
  -1.4199360e-04
  -7.7147630e-04
  -1.3647430e-03
  -1.9265430e-03
  -2.4437580e-03
  -2.9097640e-03
  -3.3275430e-03
  -3.6990500e-03
  -4.0316860e-03
  -4.3314360e-03
  -4.6014670e-03
  -4.8503160e-03
  -5.0918130e-03
  -5.3420990e-03
  -5.6147010e-03
  -5.9176250e-03
  -6.2483380e-03
  -6.5899300e-03
  -6.9189010e-03
  -7.2236120e-03
  -7.5228250e-03
  -7.8313940e-03
  -8.1362000e-03
  -8.4186950e-03
  -8.6790100e-03
  -8.9188610e-03
  -9.1310210e-03
  -9.3052410e-03
  -9.4409220e-03
  -9.5551560e-03
  -9.6681410e-03
  -9.7969420e-03
  -9.9536770e-03
  -1.0140820e-02
  -1.0352860e-02
  -1.0590080e-02
  -1.0852330e-02
  -1.1138370e-02
  -1.1448540e-02
  -1.1776640e-02
  -1.2106350e-02
  -1.2428470e-02
  -1.2744340e-02
  -1.3061500e-02
  -1.3391440e-02
  -1.3745780e-02
  -1.4131480e-02
  -1.4560710e-02
  -1.5039150e-02
  -1.5553360e-02
  -1.6072280e-02
  -1.6557570e-02
  -1.6982630e-02
  -1.7331050e-02
  -1.7597330e-02
  -1.7791360e-02
  -1.7927110e-02
  -1.8024810e-02
  -1.8106580e-02
  -1.8177790e-02
  -1.8219330e-02
  -1.8222610e-02
  -1.8199280e-02
  -1.8171800e-02
  -1.8168290e-02
  -1.8205360e-02
  -1.8285340e-02
  -1.8404340e-02
  -1.8533390e-02
  -1.8634180e-02
  -1.8688770e-02
  -1.8694810e-02
  -1.8650630e-02
  -1.8562120e-02
  -1.8440800e-02
  -1.8286900e-02
  -1.8094810e-02
  -1.7865550e-02
  -1.7611230e-02
  -1.7351710e-02
  -1.7103790e-02
  -1.6866540e-02
  -1.6624140e-02
  -1.6364490e-02
  -1.6078300e-02
  -1.5750270e-02
  -1.5363460e-02
  -1.4907620e-02
  -1.4377770e-02
  -1.3775570e-02
  -1.3103880e-02
  -1.2367970e-02
  -1.1581450e-02
  -1.0761130e-02
  -9.9223590e-03
  -9.0785060e-03
  -8.2476460e-03
  -7.4493460e-03
  -6.7022810e-03
  -6.0166660e-03
  -5.3855180e-03
  -4.7889580e-03
  -4.2075610e-03
  -3.6350300e-03
  -3.0728560e-03
  -2.5185800e-03
  -1.9539800e-03
  -1.3484010e-03
  -6.7321200e-04
   7.7162820e-05
   8.8505410e-04
   1.7183520e-03
   2.5436020e-03
   3.3338870e-03
   4.0665180e-03
   4.7271950e-03
   5.3164150e-03
   5.8430630e-03
   6.3234180e-03
   6.7677990e-03
   7.1806800e-03
   7.5640100e-03
   7.9162240e-03
   8.2306360e-03
   8.5038900e-03
   8.7399350e-03
   8.9391200e-03
   9.0900420e-03
   9.1793410e-03
   9.2039730e-03
   9.1617940e-03
   9.0438300e-03
   8.8388650e-03
   8.5401090e-03
   8.1532510e-03
   7.6983270e-03
   7.1988090e-03
   6.6728600e-03
   6.1302540e-03
   5.5787950e-03
   5.0259520e-03
   4.4719520e-03
   3.8986870e-03
   3.2789920e-03
   2.5972880e-03
   1.8514630e-03
   1.0506980e-03
   2.0366690e-04
  -6.8594090e-04
  -1.6119950e-03
  -2.5493710e-03
  -3.4643330e-03
  -4.3416470e-03
  -5.1723340e-03
  -5.9405630e-03
  -6.6390240e-03
  -7.2695660e-03
  -7.8449560e-03
  -8.3819410e-03
  -8.8900710e-03
  -9.3717930e-03
  -9.8232540e-03
  -1.0228560e-02
  -1.0565250e-02
  -1.0808360e-02
  -1.0945230e-02
  -1.0981260e-02
  -1.0930160e-02
  -1.0804330e-02
  -1.0607470e-02
  -1.0339060e-02
  -1.0001970e-02
  -9.6059910e-03
  -9.1634200e-03
  -8.6843580e-03
  -8.1724270e-03
  -7.6189480e-03
  -7.0160470e-03
  -6.3682270e-03
  -5.6978440e-03
  -5.0245630e-03
  -4.3593780e-03
  -3.7044540e-03
  -3.0589310e-03
  -2.4163940e-03
  -1.7761050e-03
  -1.1456890e-03
  -5.2811630e-04
   8.3570590e-05
   7.0551570e-04
   1.3465010e-03
   1.9952170e-03
   2.6317330e-03
   3.2378240e-03
   3.7988030e-03
   4.3195350e-03
   4.8212040e-03
   5.3218670e-03
   5.8245360e-03
   6.3135580e-03
   6.7761420e-03
   7.2072210e-03
   7.5993350e-03
   7.9477290e-03
   8.2567680e-03
   8.5485800e-03
   8.8454220e-03
   9.1618660e-03
   9.5218750e-03
   9.9505280e-03
   1.0456970e-02
   1.1037300e-02
   1.1676930e-02
   1.2351790e-02
   1.3032930e-02
   1.3693080e-02
   1.4317550e-02
   1.4904140e-02
   1.5457400e-02
   1.5975830e-02
   1.6437980e-02
   1.6830810e-02
   1.7148820e-02
   1.7379980e-02
   1.7502450e-02
   1.7497230e-02
   1.7353970e-02
   1.7077740e-02
   1.6690450e-02
   1.6221960e-02
   1.5706110e-02
   1.5174020e-02
   1.4640110e-02
   1.4092030e-02
   1.3519850e-02
   1.2935850e-02
   1.2365750e-02
   1.1837260e-02
   1.1362200e-02
   1.0933340e-02
   1.0541600e-02
   1.0197920e-02
   9.9275370e-03
   9.7579200e-03
   9.6918380e-03
   9.7010650e-03
   9.7454780e-03
   9.7862490e-03
   9.8025630e-03
   9.7925080e-03
   9.7612920e-03
   9.7125360e-03
   9.6359410e-03
   9.5076710e-03
   9.3077630e-03
   9.0355960e-03
   8.7079120e-03
   8.3464100e-03
   7.9662220e-03
   7.5692810e-03
   7.1435930e-03
   6.6887110e-03
   6.2201080e-03
   5.7486950e-03
   5.2776750e-03
   4.8108760e-03
   4.3523760e-03
   3.9220250e-03
   3.5595250e-03
   3.2936220e-03
   3.1234080e-03
   3.0159500e-03
   2.9379720e-03
   2.8694380e-03
   2.8080830e-03
   2.7642110e-03
   2.7405760e-03
   2.7224760e-03
   2.6797540e-03
   2.5882380e-03
   2.4392090e-03
   2.2418980e-03
   2.0140630e-03
   1.7645250e-03
   1.4892250e-03
   1.1675660e-03
   7.7917310e-04
   3.2853850e-04
  -1.5838420e-04
  -6.5450700e-04
  -1.1401100e-03
  -1.6034210e-03
  -2.0374840e-03
  -2.4329820e-03
  -2.7834070e-03
  -3.0967500e-03
  -3.3985030e-03
  -3.7076500e-03
  -4.0211920e-03
  -4.3243360e-03
  -4.5995120e-03
  -4.8277500e-03
  -5.0045230e-03
  -5.1399630e-03
  -5.2532800e-03
  -5.3632390e-03
  -5.4756250e-03
  -5.5910390e-03
  -5.7066540e-03
  -5.8157240e-03
  -5.9239290e-03
  -6.0471220e-03
  -6.2008700e-03
  -6.4057170e-03
  -6.6759050e-03
  -7.0128210e-03
  -7.4090460e-03
  -7.8422120e-03
  -8.2860100e-03
  -8.7214240e-03
  -9.1347090e-03
  -9.5059850e-03
  -9.8141940e-03
  -1.0045340e-02
  -1.0203200e-02
  -1.0304970e-02
  -1.0371040e-02
  -1.0423600e-02
  -1.0476290e-02
  -1.0533760e-02
  -1.0602170e-02
  -1.0685690e-02
  -1.0776870e-02
  -1.0858050e-02
  -1.0916290e-02
  -1.0951860e-02
  -1.0971640e-02
  -1.0978460e-02
  -1.0968090e-02
  -1.0934190e-02
  -1.0876560e-02
  -1.0811040e-02
  -1.0760820e-02
  -1.0743110e-02
  -1.0761970e-02
  -1.0815480e-02
  -1.0905520e-02
  -1.1037870e-02
  -1.1212430e-02
  -1.1409770e-02
  -1.1593210e-02
  -1.1729140e-02
  -1.1799980e-02
  -1.1807090e-02
  -1.1754020e-02
  -1.1629580e-02
  -1.1416280e-02
  -1.1111770e-02
  -1.0730130e-02
  -1.0298370e-02
  -9.8429380e-03
  -9.3927630e-03
  -8.9683500e-03
  -8.5793060e-03
  -8.2267640e-03
  -7.8954670e-03
  -7.5550620e-03
  -7.1861190e-03
  -6.8052290e-03
  -6.4452000e-03
  -6.1181610e-03
  -5.8203600e-03
  -5.5474430e-03
  -5.2927440e-03
  -5.0466380e-03
  -4.7991940e-03
  -4.5344330e-03
  -4.2294560e-03
  -3.8739090e-03
  -3.4681170e-03
  -3.0134420e-03
  -2.5035330e-03
  -1.9232080e-03
  -1.2714520e-03
  -5.8411720e-04
   9.3972270e-05
   7.3448380e-04
   1.3187760e-03
   1.8447220e-03
   2.3300810e-03
   2.7984220e-03
   3.2726920e-03
   3.7742550e-03
   4.3192060e-03
   4.9119270e-03
   5.5412280e-03
   6.1864330e-03
   6.8231900e-03
   7.4334350e-03
   8.0125450e-03
   8.5710100e-03
   9.1196380e-03
   9.6780160e-03
   1.0260000e-02
   1.0853910e-02
   1.1433880e-02
   1.1969180e-02
   1.2431620e-02
   1.2815590e-02
   1.3143730e-02
   1.3449210e-02
   1.3755160e-02
   1.4071020e-02
   1.4397240e-02
   1.4721150e-02
   1.5017360e-02
   1.5273110e-02
   1.5489650e-02
   1.5672080e-02
   1.5812540e-02
   1.5886730e-02
   1.5881600e-02
   1.5814000e-02
   1.5718730e-02
   1.5628910e-02
   1.5572470e-02
   1.5561090e-02
   1.5586560e-02
   1.5629290e-02
   1.5674240e-02
   1.5710400e-02
   1.5727720e-02
   1.5721680e-02
   1.5690710e-02
   1.5625960e-02
   1.5513370e-02
   1.5354670e-02
   1.5168710e-02
   1.4972970e-02
   1.4765270e-02
   1.4534790e-02
   1.4279160e-02
   1.3996660e-02
   1.3678100e-02
   1.3312130e-02
   1.2892280e-02
   1.2415290e-02
   1.1887410e-02
   1.1321780e-02
   1.0728050e-02
   1.0110310e-02
   9.4739650e-03
   8.8250390e-03
   8.1743750e-03
   7.5519500e-03
   6.9790570e-03
   6.4565690e-03
   5.9881620e-03
   5.5763590e-03
   5.2131200e-03
   4.8833940e-03
   4.5797670e-03
   4.3086360e-03
   4.0717980e-03
   3.8676910e-03
   3.6901550e-03
   3.5248190e-03
   3.3492630e-03
   3.1434400e-03
   2.8939080e-03
   2.5878180e-03
   2.2083680e-03
   1.7527610e-03
   1.2429090e-03
   7.1001410e-04
   1.8430030e-04
  -3.0984140e-04
  -7.6212020e-04
  -1.1786180e-03
  -1.5630320e-03
  -1.9120370e-03
  -2.2168070e-03
  -2.4660780e-03
  -2.6599230e-03
  -2.8090500e-03
  -2.9199610e-03
  -2.9958280e-03
  -3.0509690e-03
  -3.1014130e-03
  -3.1652820e-03
  -3.2617880e-03
  -3.4122550e-03
  -3.6413710e-03
  -3.9711570e-03
  -4.4111220e-03
  -4.9395200e-03
  -5.5134870e-03
  -6.0960750e-03
  -6.6630360e-03
  -7.2074960e-03
  -7.7389550e-03
  -8.2599590e-03
  -8.7653170e-03
  -9.2641970e-03
  -9.7793910e-03
  -1.0320010e-02
  -1.0874430e-02
  -1.1413150e-02
  -1.1899530e-02
  -1.2307270e-02
  -1.2623530e-02
  -1.2859580e-02
  -1.3036670e-02
  -1.3164660e-02
  -1.3240290e-02
  -1.3249630e-02
  -1.3175330e-02
  -1.3001730e-02
  -1.2722830e-02
  -1.2335170e-02
  -1.1843250e-02
  -1.1262990e-02
  -1.0621860e-02
  -9.9552190e-03
  -9.2873900e-03
  -8.6252860e-03
  -7.9691710e-03
  -7.3146470e-03
  -6.6518840e-03
  -5.9770590e-03
  -5.2852500e-03
  -4.5694670e-03
  -3.8325800e-03
  -3.0911050e-03
  -2.3652710e-03
  -1.6750590e-03
  -1.0330550e-03
  -4.3871090e-04
   1.1289680e-04
   6.2738870e-04
   1.1106050e-03
   1.5739260e-03
   2.0303520e-03
   2.4833700e-03
   2.9349400e-03
   3.3870170e-03
   3.8274220e-03
   4.2308000e-03
   4.5762530e-03
   4.8530880e-03
   5.0631920e-03
   5.2103860e-03
   5.2852610e-03
   5.2740400e-03
   5.1733630e-03
   4.9880420e-03
   4.7314190e-03
   4.4299870e-03
   4.1140750e-03
   3.8072700e-03
   3.5174840e-03
   3.2460750e-03
   2.9881100e-03
   2.7151880e-03
   2.4017890e-03
   2.0548580e-03
   1.7054590e-03
   1.3836650e-03
   1.1063700e-03
   8.8191470e-04
   7.0105410e-04
   5.4717470e-04
   4.0701500e-04
   2.7276490e-04
   1.5150160e-04
   6.5583600e-05
   3.3690070e-05
   5.6027390e-05
   1.0605230e-04
   1.3681920e-04
   1.1005360e-04
   2.5481470e-05
  -7.5250550e-05
  -1.4338330e-04
  -1.5402960e-04
  -1.1168960e-04
  -3.2411700e-05
   5.0735180e-05
   1.0191370e-04
   1.0543870e-04
   6.1693940e-05
  -2.0042690e-05
  -1.2992520e-04
  -2.5881260e-04
  -4.0022410e-04
  -5.5577730e-04
  -7.3659660e-04
  -9.4896350e-04
  -1.1914070e-03
  -1.4665190e-03
  -1.7754860e-03
  -2.0982690e-03
  -2.4011400e-03
  -2.6585960e-03
  -2.8600960e-03
  -3.0089670e-03
  -3.1102270e-03
  -3.1728430e-03
  -3.2071480e-03
  -3.2109880e-03
  -3.1686160e-03
  -3.0639380e-03
  -2.8955350e-03
  -2.6714570e-03
  -2.4106380e-03
  -2.1377860e-03
  -1.8660350e-03
  -1.5940410e-03
  -1.3126480e-03
  -1.0290330e-03
  -7.7514410e-04
  -5.7557730e-04
  -4.3485470e-04
  -3.4736750e-04
  -2.9683690e-04
  -2.6488520e-04
  -2.4131350e-04
  -2.3001430e-04
  -2.4317200e-04
  -2.8555620e-04
  -3.5713350e-04
  -4.6022240e-04
  -6.0056950e-04
  -7.8648050e-04
  -1.0340700e-03
  -1.3674070e-03
  -1.7929480e-03
  -2.2797270e-03
  -2.7832050e-03
  -3.2680480e-03
  -3.7109870e-03
  -4.1048150e-03
  -4.4562880e-03
  -4.7772360e-03
  -5.0774730e-03
  -5.3591040e-03
  -5.6167500e-03
  -5.8436580e-03
  -6.0360240e-03
  -6.1875430e-03
  -6.2939820e-03
  -6.3633930e-03
  -6.4109280e-03
  -6.4573640e-03
  -6.5233360e-03
  -6.6215030e-03
  -6.7504240e-03
  -6.8894880e-03
  -7.0067260e-03
  -7.0856890e-03
  -7.1362960e-03
  -7.1743190e-03
  -7.2110260e-03
  -7.2646970e-03
  -7.3541850e-03
  -7.4745660e-03
  -7.5993470e-03
  -7.6946890e-03
  -7.7341530e-03
  -7.7197790e-03
  -7.6718020e-03
  -7.6167530e-03
  -7.5790060e-03
  -7.5626000e-03
  -7.5546790e-03
  -7.5373120e-03
  -7.4892900e-03
  -7.3981690e-03
  -7.2736570e-03
  -7.1336360e-03
  -6.9868780e-03
  -6.8329970e-03
  -6.6736460e-03
  -6.5169680e-03
  -6.3698900e-03
  -6.2344730e-03
  -6.1016810e-03
  -5.9456900e-03
  -5.7414560e-03
  -5.4752910e-03
  -5.1471860e-03
  -4.7790830e-03
  -4.4073460e-03
  -4.0716500e-03
  -3.8087670e-03
  -3.6467790e-03
  -3.5910430e-03
  -3.6148770e-03
  -3.6613200e-03
  -3.6813110e-03
  -3.6573020e-03
  -3.5839620e-03
  -3.4691350e-03
  -3.3322220e-03
  -3.2016460e-03
  -3.0971310e-03
  -3.0047860e-03
  -2.9068900e-03
  -2.8099340e-03
  -2.7184420e-03
  -2.6230340e-03
  -2.5141050e-03
  -2.3855630e-03
  -2.2400400e-03
  -2.0798010e-03
  -1.9066690e-03
  -1.7319540e-03
  -1.5730010e-03
  -1.4411350e-03
  -1.3450680e-03
  -1.2920740e-03
  -1.2763680e-03
  -1.2788300e-03
  -1.2748460e-03
  -1.2406890e-03
  -1.1610040e-03
  -1.0323410e-03
  -8.5738730e-04
  -6.3819490e-04
  -3.7973680e-04
  -9.4650160e-05
   2.0014140e-04
   4.9400370e-04
   7.8678860e-04
   1.0906460e-03
   1.4196780e-03
   1.7795920e-03
   2.1641770e-03
   2.5544070e-03
   2.9344300e-03
   3.3004430e-03
   3.6649520e-03
   4.0439710e-03
   4.4481000e-03
   4.8778860e-03
   5.3240840e-03
   5.7771800e-03
   6.2287440e-03
   6.6707680e-03
   7.0963710e-03
   7.5034950e-03
   7.8853420e-03
   8.2381570e-03
   8.5733090e-03
   8.9126510e-03
   9.2621180e-03
   9.5913250e-03
   9.8480380e-03
   1.0002590e-02
   1.0072800e-02
   1.0109360e-02
   1.0147280e-02
   1.0185450e-02
   1.0200470e-02
   1.0174290e-02
   1.0100870e-02
   9.9786310e-03
   9.8091940e-03
   9.6002910e-03
   9.3719260e-03
   9.1541470e-03
   8.9634030e-03
   8.7897920e-03
   8.6197010e-03
   8.4508000e-03
   8.2894790e-03
   8.1370820e-03
   7.9838330e-03
   7.8209720e-03
   7.6488760e-03
   7.4749460e-03
   7.3071550e-03
   7.1540740e-03
   7.0158490e-03
   6.8881130e-03
   6.7755300e-03
   6.6945100e-03
   6.6563450e-03
   6.6666160e-03
   6.7260080e-03
   6.8198650e-03
   6.9249250e-03
   7.0293480e-03
   7.1372900e-03
   7.2609970e-03
   7.4130210e-03
   7.5956780e-03
   7.7931250e-03
   7.9822200e-03
   8.1511450e-03
   8.3003130e-03
   8.4263640e-03
   8.5119110e-03
   8.5434090e-03
   8.5329670e-03
   8.5012370e-03
   8.4632510e-03
   8.4250180e-03
   8.3776650e-03
   8.3068860e-03
   8.1990870e-03
   8.0440220e-03
   7.8312090e-03
   7.5572750e-03
   7.2313320e-03
   6.8670790e-03
   6.4719070e-03
   6.0535390e-03
   5.6310720e-03
   5.2198460e-03
   4.8110850e-03
   4.3890010e-03
   3.9351870e-03
   3.4231650e-03
   2.8389160e-03
   2.1895870e-03
   1.5010210e-03
   8.0767400e-04
   1.3935090e-04
  -4.8743270e-04
  -1.0773290e-03
  -1.6393630e-03
  -2.1773240e-03
  -2.6900440e-03
  -3.1636220e-03
  -3.5734690e-03
  -3.9024690e-03
  -4.1574750e-03
  -4.3723030e-03
  -4.5846610e-03
  -4.8082560e-03
  -5.0247690e-03
  -5.2126420e-03
  -5.3573040e-03
  -5.4410930e-03
  -5.4494350e-03
  -5.3867430e-03
  -5.2776010e-03
  -5.1552960e-03
  -5.0517220e-03
  -4.9941230e-03
  -4.9953710e-03
  -5.0496220e-03
  -5.1462760e-03
  -5.2798020e-03
  -5.4458560e-03
  -5.6292140e-03
  -5.8089820e-03
  -5.9601210e-03
  -6.0674010e-03
  -6.1288000e-03
  -6.1551550e-03
  -6.1679080e-03
  -6.1970800e-03
  -6.2632480e-03
  -6.3579990e-03
  -6.4730300e-03
  -6.6225700e-03
  -6.8337240e-03
  -7.1149980e-03
  -7.4453270e-03
  -7.7922040e-03
  -8.1279850e-03
  -8.4349800e-03
  -8.7148420e-03
  -8.9836600e-03
  -9.2595940e-03
  -9.5610550e-03
  -9.8964710e-03
  -1.0264980e-02
  -1.0655580e-02
  -1.1053590e-02
  -1.1444680e-02
  -1.1822310e-02
  -1.2193650e-02
  -1.2569570e-02
  -1.2954280e-02
  -1.3332130e-02
  -1.3687200e-02
  -1.4014050e-02
  -1.4306030e-02
  -1.4565830e-02
  -1.4803570e-02
  -1.5033340e-02
  -1.5253810e-02
  -1.5444410e-02
  -1.5584750e-02
  -1.5661700e-02
  -1.5666820e-02
  -1.5603180e-02
  -1.5489380e-02
  -1.5364760e-02
  -1.5272720e-02
  -1.5224960e-02
  -1.5194490e-02
  -1.5133140e-02
  -1.5010850e-02
  -1.4826050e-02
  -1.4590330e-02
  -1.4313740e-02
  -1.4009010e-02
  -1.3695790e-02
  -1.3388130e-02
  -1.3087930e-02
  -1.2789840e-02
  -1.2490020e-02
  -1.2178660e-02
  -1.1841330e-02
  -1.1475690e-02
  -1.1094970e-02
  -1.0719940e-02
  -1.0366500e-02
  -1.0045850e-02
  -9.7596820e-03
  -9.5009720e-03
  -9.2568160e-03
  -9.0109540e-03
  -8.7540200e-03
  -8.4891580e-03
  -8.2282020e-03
  -7.9823760e-03
  -7.7626140e-03
  -7.5681190e-03
  -7.3784450e-03
  -7.1702520e-03
  -6.9296540e-03
  -6.6586260e-03
  -6.3708250e-03
  -6.0717310e-03
  -5.7613960e-03
  -5.4416120e-03
  -5.1121540e-03
  -4.7771120e-03
  -4.4361620e-03
  -4.0740200e-03
  -3.6785550e-03
  -3.2540630e-03
  -2.8218350e-03
  -2.4211800e-03
  -2.0862790e-03
  -1.8317770e-03
  -1.6512170e-03
  -1.5168400e-03
  -1.4003570e-03
  -1.2781650e-03
  -1.1306650e-03
  -9.5178410e-04
  -7.5510610e-04
  -5.5899440e-04
  -3.6720230e-04
  -1.6822990e-04
   4.3599650e-05
   2.5299170e-04
   4.4211670e-04
   6.0123790e-04
   7.2487750e-04
   8.0979470e-04
   8.5249090e-04
   8.5380590e-04
   8.2742420e-04
   7.9954150e-04
   7.8837380e-04
   7.9761580e-04
   8.1845830e-04
   8.3060580e-04
   8.0982880e-04
   7.4688100e-04
   6.5163000e-04
   5.5061500e-04
   4.7109950e-04
   4.2523310e-04
   4.1263930e-04
   4.1985930e-04
   4.2597250e-04
   4.1450740e-04
   3.8619010e-04
   3.5081640e-04
   3.1971800e-04
   3.0191030e-04
   2.9911590e-04
   3.1232540e-04
   3.4024480e-04
   3.7465750e-04
   3.9805560e-04
   3.9122430e-04
   3.5122330e-04
   2.8972100e-04
   2.0978860e-04
   1.0638420e-04
  -1.8566290e-05
  -1.6160620e-04
  -3.0268840e-04
  -4.0519050e-04
  -4.4903650e-04
  -4.4289780e-04
  -4.1014640e-04
  -3.6971170e-04
  -3.3866580e-04
  -3.3752560e-04
  -3.9213550e-04
  -5.2000350e-04
  -7.1473780e-04
  -9.4861570e-04
  -1.1925020e-03
  -1.4347710e-03
  -1.6689240e-03
  -1.8863440e-03
  -2.0739290e-03
  -2.2197730e-03
  -2.3281190e-03
  -2.4313710e-03
  -2.5524150e-03
  -2.6801370e-03
  -2.8069360e-03
  -2.9413920e-03
  -3.0745340e-03
  -3.1806210e-03
  -3.2500470e-03
  -3.2868790e-03
  -3.2857180e-03
  -3.2413230e-03
  -3.1629070e-03
  -3.0694660e-03
  -2.9742750e-03
  -2.8689720e-03
  -2.7326130e-03
  -2.5566890e-03
  -2.3420650e-03
  -2.0975330e-03
  -1.8487810e-03
  -1.6237800e-03
  -1.4327150e-03
  -1.2730400e-03
  -1.1394570e-03
  -1.0243710e-03
  -9.1256450e-04
  -7.8212310e-04
  -6.0702650e-04
  -3.7279780e-04
  -1.0643570e-04
   1.3496500e-04
   3.0342040e-04
   3.8102410e-04
   3.7935440e-04
   3.2503240e-04
   2.5263020e-04
   1.9703020e-04
   1.8066260e-04
   2.2292180e-04
   3.4489790e-04
   5.6221850e-04
   8.7168470e-04
   1.2409540e-03
   1.6245450e-03
   2.0013290e-03
   2.3901200e-03
   2.8124790e-03
   3.2687010e-03
   3.7568660e-03
   4.2776060e-03
   4.8175760e-03
   5.3545890e-03
   5.8660400e-03
   6.3369990e-03
   6.7606790e-03
   7.1401880e-03
   7.4810730e-03
   7.7881130e-03
   8.0722920e-03
   8.3414570e-03
   8.5990940e-03
   8.8534390e-03
   9.1035150e-03
   9.3346590e-03
   9.5377200e-03
   9.7099200e-03
   9.8481510e-03
   9.9465790e-03
   1.0006900e-02
   1.0049730e-02
   1.0096980e-02
   1.0145240e-02
   1.0181340e-02
   1.0207870e-02
   1.0241560e-02
   1.0296870e-02
   1.0378230e-02
   1.0479130e-02
   1.0592080e-02
   1.0706760e-02
   1.0815960e-02
   1.0913740e-02
   1.1000830e-02
   1.1082210e-02
   1.1163430e-02
   1.1252540e-02
   1.1343720e-02
   1.1426280e-02
   1.1504260e-02
   1.1597970e-02
   1.1726440e-02
   1.1881560e-02
   1.2042360e-02
   1.2190910e-02
   1.2318030e-02
   1.2419250e-02
   1.2488550e-02
   1.2528050e-02
   1.2552820e-02
   1.2584320e-02
   1.2635120e-02
   1.2702050e-02
   1.2775950e-02
   1.2853010e-02
   1.2932470e-02
   1.3007720e-02
   1.3071400e-02
   1.3122170e-02
   1.3166830e-02
   1.3212020e-02
   1.3254260e-02
   1.3279860e-02
   1.3271980e-02
   1.3219500e-02
   1.3118790e-02
   1.2968860e-02
   1.2770250e-02
   1.2524460e-02
   1.2236100e-02
   1.1917280e-02
   1.1589220e-02
   1.1277650e-02
   1.1007130e-02
   1.0781940e-02
   1.0573150e-02
   1.0342740e-02
   1.0060100e-02
   9.7153150e-03
   9.3308290e-03
   8.9426250e-03
   8.5663050e-03
   8.1919270e-03
   7.8083920e-03
   7.4161520e-03
   7.0320800e-03
   6.6822500e-03
   6.3950260e-03
   6.1907500e-03
   6.0612550e-03
   5.9791030e-03
   5.9106890e-03
   5.8199780e-03
   5.6715060e-03
   5.4426280e-03
   5.1477160e-03
   4.8372640e-03
   4.5499530e-03
   4.2918440e-03
   4.0591650e-03
   3.8506720e-03
   3.6662800e-03
   3.5149310e-03
   3.4243140e-03
   3.4200870e-03
   3.5013160e-03
   3.6310660e-03
   3.7631080e-03
   3.8644590e-03
   3.9217570e-03
   3.9513540e-03
   3.9843000e-03
   4.0477700e-03
   4.1457430e-03
   4.2704070e-03
   4.4174720e-03
   4.5928900e-03
   4.8097660e-03
   5.0836430e-03
   5.4165120e-03
   5.7825070e-03
   6.1527400e-03
   6.5184880e-03
   6.8728580e-03
   7.1894000e-03
   7.4358350e-03
   7.5959130e-03
   7.6743170e-03
   7.6914190e-03
   7.6712050e-03
   7.6328950e-03
   7.5870260e-03
   7.5360070e-03
   7.4709960e-03
   7.3813120e-03
   7.2596410e-03
   7.0992200e-03
   6.8990410e-03
   6.6655700e-03
   6.4049610e-03
   6.1244680e-03
   5.8368100e-03
   5.5487480e-03
   5.2479150e-03
   4.9160220e-03
   4.5395600e-03
   4.1231590e-03
   3.6848430e-03
   3.2408620e-03
   2.8043760e-03
   2.3931890e-03
   2.0272250e-03
   1.7142640e-03
   1.4588390e-03
   1.2550200e-03
   1.0826120e-03
   9.1005850e-04
   7.0440210e-04
   4.5979440e-04
   2.0370080e-04
  -2.7470420e-05
  -2.0809640e-04
  -3.3689310e-04
  -4.2560960e-04
  -4.9472720e-04
  -5.7479790e-04
  -6.8289930e-04
  -8.0675900e-04
  -9.1953140e-04
  -9.9627330e-04
  -1.0298730e-03
  -1.0322580e-03
  -1.0165050e-03
  -9.9488830e-04
  -9.8108920e-04
  -9.8394870e-04
  -1.0013620e-03
  -1.0344330e-03
  -1.0863400e-03
  -1.1511020e-03
  -1.2187690e-03
  -1.2872300e-03
  -1.3527800e-03
  -1.4091250e-03
  -1.4603850e-03
  -1.5248990e-03
  -1.6225420e-03
  -1.7542350e-03
  -1.9063680e-03
  -2.0661470e-03
  -2.2259580e-03
  -2.3841100e-03
  -2.5383480e-03
  -2.6906560e-03
  -2.8458100e-03
  -3.0017440e-03
  -3.1466430e-03
  -3.2752000e-03
  -3.3956650e-03
  -3.5186200e-03
  -3.6510880e-03
  -3.8025820e-03
  -3.9826030e-03
  -4.1798480e-03
  -4.3684860e-03
  -4.5353390e-03
  -4.6869460e-03
  -4.8365120e-03
  -4.9905860e-03
  -5.1505400e-03
  -5.3249710e-03
  -5.5205910e-03
  -5.7245420e-03
  -5.9093150e-03
  -6.0546090e-03
  -6.1597330e-03
  -6.2418210e-03
  -6.3184480e-03
  -6.4050920e-03
  -6.5102610e-03
  -6.6255890e-03
  -6.7310620e-03
  -6.8121320e-03
  -6.8685010e-03
  -6.9037210e-03
  -6.9160560e-03
  -6.8897700e-03
  -6.8009830e-03
  -6.6296290e-03
  -6.3638960e-03
  -6.0022870e-03
  -5.5467450e-03
  -5.0123910e-03
  -4.4358660e-03
  -3.8706640e-03
  -3.3511960e-03
  -2.8689010e-03
  -2.3960620e-03
  -1.9169170e-03
  -1.4308600e-03
  -9.3504640e-04
  -4.2330600e-04
   9.9251320e-05
   6.2194250e-04
   1.1341150e-03
   1.6202310e-03
   2.0706280e-03
   2.4828500e-03
   2.8609460e-03
   3.2135930e-03
   3.5479830e-03
   3.8710060e-03
   4.1891890e-03
   4.5055510e-03
   4.8153310e-03
   5.1158110e-03
   5.4053400e-03
   5.6771370e-03
   5.9233720e-03
   6.1450420e-03
   6.3469530e-03
   6.5239380e-03
   6.6630510e-03
   6.7526810e-03
   6.7953670e-03
   6.8107540e-03
   6.8250500e-03
   6.8543500e-03
   6.9053650e-03
   6.9751450e-03
   7.0369170e-03
   7.0510830e-03
   6.9966160e-03
   6.8842490e-03
   6.7384300e-03
   6.5879540e-03
   6.4564290e-03
   6.3453820e-03
   6.2333930e-03
   6.1020040e-03
   5.9569940e-03
   5.8136400e-03
   5.6857000e-03
   5.5924280e-03
   5.5530130e-03
   5.5620150e-03
   5.5862300e-03
   5.5785460e-03
   5.5016980e-03
   5.3555300e-03
   5.1673730e-03
   4.9738690e-03
   4.7986370e-03
   4.6513530e-03
   4.5329920e-03
   4.4428940e-03
   4.3816260e-03
   4.3525960e-03
   4.3606770e-03
   4.4073510e-03
   4.4855190e-03
   4.5737270e-03
   4.6529150e-03
   4.7186160e-03
   4.7777330e-03
   4.8409850e-03
   4.9103680e-03
   4.9776180e-03
   5.0326390e-03
   5.0725440e-03
   5.0974460e-03
   5.1047550e-03
   5.0903470e-03
   5.0595010e-03
   5.0248540e-03
   5.0036970e-03
   5.0102600e-03
   5.0336440e-03
   5.0523740e-03
   5.0595890e-03
   5.0529720e-03
   5.0339730e-03
   5.0106030e-03
   4.9933540e-03
   4.9953110e-03
   5.0289590e-03
   5.1055050e-03
   5.2466060e-03
   5.4708910e-03
   5.7694100e-03
   6.1016870e-03
   6.4241360e-03
   6.7150750e-03
   6.9700240e-03
   7.1845580e-03
   7.3473280e-03
   7.4483980e-03
   7.4932210e-03
   7.5060330e-03
   7.5165090e-03
   7.5449950e-03
   7.5964290e-03
   7.6531230e-03
   7.6860530e-03
   7.6747640e-03
   7.6169080e-03
   7.5308650e-03
   7.4488400e-03
   7.3906500e-03
   7.3501110e-03
   7.3090840e-03
   7.2382680e-03
   7.1222460e-03
   6.9686790e-03
   6.7980630e-03
   6.6301550e-03
   6.4782350e-03
   6.3521180e-03
   6.2624950e-03
   6.2097330e-03
   6.1809070e-03
   6.1481450e-03
   6.0770070e-03
   5.9471900e-03
   5.7584010e-03
   5.5236120e-03
   5.2525710e-03
   4.9407980e-03
   4.5873820e-03
   4.2132340e-03
   3.8490150e-03
   3.5159040e-03
   3.2228350e-03
   2.9555250e-03
   2.6868340e-03
   2.3956360e-03
   2.0914910e-03
   1.8136210e-03
   1.5983540e-03
   1.4413050e-03
   1.2978260e-03
   1.1168050e-03
   8.7311910e-04
   5.8214710e-04
   2.8693980e-04
   2.7858350e-05
  -1.8226110e-04
  -3.5715320e-04
  -5.1698380e-04
  -6.8675350e-04
  -8.9056970e-04
  -1.1330370e-03
  -1.4067180e-03
  -1.7140550e-03
  -2.0573250e-03
  -2.4126270e-03
  -2.7387050e-03
  -3.0070830e-03
  -3.2135940e-03
  -3.3637530e-03
  -3.4756660e-03
  -3.5723030e-03
  -3.6828400e-03
  -3.8298430e-03
  -4.0101570e-03
  -4.1978040e-03
  -4.3654660e-03
  -4.5090100e-03
  -4.6365940e-03
  -4.7563660e-03
  -4.8776690e-03
  -5.0085970e-03
  -5.1469320e-03
  -5.2903500e-03
  -5.4417670e-03
  -5.6048430e-03
  -5.7760600e-03
  -5.9426570e-03
  -6.0897050e-03
  -6.2096100e-03
  -6.3075740e-03
  -6.3876180e-03
  -6.4517240e-03
  -6.5095180e-03
  -6.5799080e-03
  -6.6788910e-03
  -6.8039240e-03
  -6.9326980e-03
  -7.0450980e-03
  -7.1442730e-03
  -7.2428470e-03
  -7.3559240e-03
  -7.4873800e-03
  -7.6173740e-03
  -7.7189240e-03
  -7.7805220e-03
  -7.8148790e-03
  -7.8447880e-03
  -7.8914640e-03
  -7.9555120e-03
  -8.0191330e-03
  -8.0552170e-03
  -8.0504680e-03
  -8.0176940e-03
  -7.9758380e-03
  -7.9418560e-03
  -7.9243160e-03
  -7.9195420e-03
  -7.9199300e-03
  -7.9353940e-03
  -7.9840730e-03
  -8.0710530e-03
  -8.1762400e-03
  -8.2662140e-03
  -8.3138850e-03
  -8.3056760e-03
  -8.2385030e-03
  -8.1220520e-03
  -7.9831280e-03
  -7.8414240e-03
  -7.7044760e-03
  -7.5776250e-03
  -7.4603470e-03
  -7.3441250e-03
  -7.2176330e-03
  -7.0729440e-03
  -6.9074880e-03
  -6.7214550e-03
  -6.5112980e-03
  -6.2787270e-03
  -6.0292420e-03
  -5.7678940e-03
  -5.4938420e-03
  -5.2089270e-03
  -4.9153370e-03
  -4.6126580e-03
  -4.3079440e-03
  -4.0142220e-03
  -3.7479500e-03
  -3.5143120e-03
  -3.3039690e-03
  -3.1081220e-03
  -2.9207620e-03
  -2.7275520e-03
  -2.5125970e-03
  -2.2778340e-03
  -2.0341930e-03
  -1.7903340e-03
  -1.5381200e-03
  -1.2576410e-03
  -9.2857020e-04
  -5.4974340e-04
  -1.4079820e-04
   2.7744990e-04
   6.8460800e-04
   1.0640100e-03
   1.4150360e-03
   1.7579780e-03
   2.1084600e-03
   2.4625700e-03
   2.8054540e-03
   3.1204810e-03
   3.3978830e-03
   3.6331050e-03
   3.8238540e-03
   3.9740400e-03
   4.0887640e-03
   4.1664090e-03
   4.2122470e-03
   4.2518210e-03
   4.3175510e-03
   4.4237110e-03
   4.5608790e-03
   4.7053380e-03
   4.8348920e-03
   4.9391940e-03
   5.0191480e-03
   5.0798240e-03
   5.1153440e-03
   5.1141670e-03
   5.0726550e-03
   5.0022210e-03
   4.9178920e-03
   4.8182360e-03
   4.6998440e-03
   4.5756630e-03
   4.4585660e-03
   4.3497230e-03
   4.2438520e-03
   4.1334990e-03
   4.0062530e-03
   3.8457110e-03
   3.6458180e-03
   3.4220520e-03
   3.1913230e-03
   2.9619950e-03
   2.7428810e-03
   2.5506090e-03
   2.4005430e-03
   2.2949000e-03
   2.2224270e-03
   2.1631360e-03
   2.1029210e-03
   2.0442890e-03
   1.9909010e-03
   1.9409290e-03
   1.8912410e-03
   1.8305200e-03
   1.7421360e-03
   1.6386230e-03
   1.5439800e-03
   1.4623850e-03
   1.3919920e-03
   1.3377400e-03
   1.3015100e-03
   1.2677310e-03
   1.2262910e-03
   1.1822530e-03
   1.1413960e-03
   1.0985040e-03
   1.0409060e-03
   9.5265040e-04
   8.1525550e-04
   6.1346690e-04
   3.5208540e-04
   5.5873620e-05
  -2.4084000e-04
  -5.1931370e-04
  -7.8617550e-04
  -1.0503710e-03
  -1.3088590e-03
  -1.5416300e-03
  -1.7338350e-03
  -1.8999520e-03
  -2.0666440e-03
  -2.2511380e-03
  -2.4517190e-03
  -2.6586110e-03
  -2.8605190e-03
  -3.0510350e-03
  -3.2303150e-03
  -3.4072960e-03
  -3.6046220e-03
  -3.8459600e-03
  -4.1425890e-03
  -4.4815580e-03
  -4.8370320e-03
  -5.1882790e-03
  -5.5168670e-03
  -5.7997520e-03
  -6.0226730e-03
  -6.1882750e-03
  -6.3078530e-03
  -6.4004000e-03
  -6.4936020e-03
  -6.6076710e-03
  -6.7393350e-03
  -6.8701630e-03
  -6.9777880e-03
  -7.0397260e-03
  -7.0556810e-03
  -7.0429280e-03
  -7.0191810e-03
  -6.9990610e-03
  -6.9822630e-03
  -6.9611660e-03
  -6.9312410e-03
  -6.8949750e-03
  -6.8620400e-03
  -6.8377590e-03
  -6.8200360e-03
  -6.7932570e-03
  -6.7294880e-03
  -6.6184490e-03
  -6.4802800e-03
  -6.3487730e-03
  -6.2498630e-03
  -6.1891970e-03
  -6.1426060e-03
  -6.0856170e-03
  -6.0205850e-03
  -5.9615170e-03
  -5.9122190e-03
  -5.8679580e-03
  -5.8228470e-03
  -5.7720920e-03
  -5.7289280e-03
  -5.7185350e-03
  -5.7595300e-03
  -5.8493660e-03
  -5.9635020e-03
  -6.0759110e-03
  -6.1773120e-03
  -6.2789440e-03
  -6.4134900e-03
  -6.6136800e-03
  -6.8920380e-03
  -7.2409270e-03
  -7.6338000e-03
  -8.0488350e-03
  -8.4689340e-03
  -8.8826510e-03
  -9.2881370e-03
  -9.6894410e-03
  -1.0086640e-02
  -1.0470490e-02
  -1.0826390e-02
  -1.1137840e-02
  -1.1391690e-02
  -1.1571550e-02
  -1.1667240e-02
  -1.1688520e-02
  -1.1653740e-02
  -1.1581960e-02
  -1.1488050e-02
  -1.1383960e-02
  -1.1272550e-02
  -1.1144800e-02
  -1.0986680e-02
  -1.0786370e-02
  -1.0546700e-02
  -1.0280880e-02
  -9.9975540e-03
  -9.7111530e-03
  -9.4413920e-03
  -9.1947710e-03
  -8.9522220e-03
  -8.6835480e-03
  -8.3824820e-03
  -8.0704860e-03
  -7.7663510e-03
  -7.4679930e-03
  -7.1577010e-03
  -6.8234140e-03
  -6.4741490e-03
  -6.1298580e-03
  -5.7979640e-03
  -5.4769780e-03
  -5.1764760e-03
  -4.9045260e-03
  -4.6498010e-03
  -4.3945500e-03
  -4.1372510e-03
  -3.8795360e-03
  -3.6269910e-03
  -3.3928120e-03
  -3.1822170e-03
  -2.9850090e-03
  -2.8005000e-03
  -2.6498960e-03
  -2.5534120e-03
  -2.5124870e-03
  -2.5085250e-03
  -2.5093540e-03
  -2.4798740e-03
  -2.4058250e-03
  -2.2935460e-03
  -2.1637070e-03
  -2.0418960e-03
  -1.9379490e-03
  -1.8441510e-03
  -1.7643910e-03
  -1.7070500e-03
  -1.6719000e-03
  -1.6534330e-03
  -1.6336410e-03
  -1.5857070e-03
  -1.4971080e-03
  -1.3730540e-03
  -1.2288360e-03
  -1.0815420e-03
  -9.4116980e-04
  -8.0156450e-04
  -6.4963600e-04
  -4.7741410e-04
  -2.7845300e-04
  -3.5222310e-05
   2.6185530e-04
   5.9020580e-04
   9.1375100e-04
   1.2100720e-03
   1.4756990e-03
   1.7172860e-03
   1.9438370e-03
   2.1561410e-03
   2.3519690e-03
   2.5265190e-03
   2.6815160e-03
   2.8313960e-03
   2.9974190e-03
   3.1866160e-03
   3.3811010e-03
   3.5610210e-03
   3.7247140e-03
   3.8897770e-03
   4.0764930e-03
   4.2927460e-03
   4.5268260e-03
   4.7678040e-03
   5.0090470e-03
   5.2329070e-03
   5.4240170e-03
   5.5789230e-03
   5.7165890e-03
   5.8654780e-03
   6.0277570e-03
   6.1898930e-03
   6.3468620e-03
   6.5021330e-03
   6.6551410e-03
   6.8002310e-03
   6.9224380e-03
   7.0171080e-03
   7.0937730e-03
   7.1560650e-03
   7.2033590e-03
   7.2477390e-03
   7.3039700e-03
   7.3622080e-03
   7.3996140e-03
   7.3985940e-03
   7.3521730e-03
   7.2611760e-03
   7.1391730e-03
   7.0084000e-03
   6.8816390e-03
   6.7539320e-03
   6.6104140e-03
   6.4390040e-03
   6.2343240e-03
   6.0031350e-03
   5.7480090e-03
   5.4685150e-03
   5.1642000e-03
   4.8251980e-03
   4.4531370e-03
   4.0627060e-03
   3.6637120e-03
   3.2565000e-03
   2.8451150e-03
   2.4485410e-03
   2.1014350e-03
   1.8392500e-03
   1.6699050e-03
   1.5782900e-03
   1.5342620e-03
   1.5010390e-03
   1.4459200e-03
   1.3494100e-03
   1.2055660e-03
   1.0144420e-03
   7.8595410e-04
   5.4457430e-04
   3.1089060e-04
   9.9125340e-05
  -8.1957240e-05
  -2.3517540e-04
  -3.6549060e-04
  -4.7196210e-04
  -5.4357090e-04
  -5.6018290e-04
  -5.0261750e-04
  -3.6821690e-04
  -1.9038990e-04
  -2.4416410e-05
   8.5997630e-05
   1.2327670e-04
   9.3019740e-05
   2.3064780e-05
  -5.8394570e-05
  -1.3653790e-04
  -1.9825600e-04
  -2.1492730e-04
  -1.7356910e-04
  -1.0592700e-04
  -5.3716850e-05
  -3.4319360e-05
  -3.8937370e-05
  -5.7153780e-05
  -9.7832970e-05
  -1.8050580e-04
  -3.1153820e-04
  -4.7207420e-04
  -6.3279050e-04
  -7.7467560e-04
  -8.9126200e-04
  -9.7587070e-04
  -1.0230640e-03
  -1.0348070e-03
  -1.0288780e-03
  -1.0262160e-03
  -1.0472540e-03
  -1.1166510e-03
  -1.2471560e-03
  -1.4360700e-03
  -1.6816260e-03
  -1.9826020e-03
  -2.3235840e-03
  -2.6639960e-03
  -2.9503040e-03
  -3.1638620e-03
  -3.3239520e-03
  -3.4579800e-03
  -3.5813110e-03
  -3.6891640e-03
  -3.7717080e-03
  -3.8285740e-03
  -3.8663940e-03
  -3.8900920e-03
  -3.9099130e-03
  -3.9522990e-03
  -4.0319280e-03
  -4.1396730e-03
  -4.2510280e-03
  -4.3387720e-03
  -4.3968330e-03
  -4.4421520e-03
  -4.4839190e-03
  -4.5135170e-03
  -4.5232930e-03
  -4.5164950e-03
  -4.4966820e-03
  -4.4662530e-03
  -4.4306530e-03
  -4.3960490e-03
  -4.3596340e-03
  -4.3100810e-03
  -4.2394340e-03
  -4.1404550e-03
  -4.0106050e-03
  -3.8587870e-03
  -3.6922830e-03
  -3.5067690e-03
  -3.2884450e-03
  -3.0319640e-03
  -2.7543920e-03
  -2.4885440e-03
  -2.2626100e-03
  -2.0908340e-03
  -1.9682270e-03
  -1.8718430e-03
  -1.7791490e-03
  -1.6814820e-03
  -1.5907130e-03
  -1.5281670e-03
  -1.5024940e-03
  -1.5178470e-03
  -1.5789520e-03
  -1.6793920e-03
  -1.8051840e-03
  -1.9480690e-03
  -2.1071210e-03
  -2.2874770e-03
  -2.4958640e-03
  -2.7437460e-03
  -3.0285320e-03
  -3.3273440e-03
  -3.6267570e-03
  -3.9293210e-03
  -4.2386940e-03
  -4.5489670e-03
  -4.8445820e-03
  -5.1184620e-03
  -5.3817500e-03
  -5.6453160e-03
  -5.9190080e-03
  -6.2135460e-03
  -6.5320400e-03
  -6.8777340e-03
  -7.2454390e-03
  -7.6133110e-03
  -7.9574820e-03
  -8.2679390e-03
  -8.5547050e-03
  -8.8354760e-03
  -9.1236250e-03
  -9.4229570e-03
  -9.7319060e-03
  -1.0045160e-02
  -1.0349890e-02
  -1.0632270e-02
  -1.0885750e-02
  -1.1098160e-02
  -1.1259410e-02
  -1.1376690e-02
  -1.1460930e-02
  -1.1511190e-02
  -1.1524240e-02
  -1.1498790e-02
  -1.1441390e-02
  -1.1372980e-02
  -1.1324200e-02
  -1.1312260e-02
  -1.1327040e-02
  -1.1348280e-02
  -1.1362600e-02
  -1.1371340e-02
  -1.1386530e-02
  -1.1411470e-02
  -1.1421650e-02
  -1.1388270e-02
  -1.1304020e-02
  -1.1176810e-02
  -1.1020960e-02
  -1.0845000e-02
  -1.0651890e-02
  -1.0446930e-02
  -1.0235360e-02
  -1.0022400e-02
  -9.8078830e-03
  -9.5910560e-03
  -9.3870410e-03
  -9.2166610e-03
  -9.0859620e-03
  -8.9861660e-03
  -8.9031980e-03
  -8.8322080e-03
  -8.7772520e-03
  -8.7417940e-03
  -8.7108350e-03
  -8.6555090e-03
  -8.5563900e-03
  -8.4115190e-03
  -8.2272140e-03
  -8.0106190e-03
  -7.7736450e-03
  -7.5325580e-03
  -7.2902380e-03
  -7.0356540e-03
  -6.7657530e-03
  -6.4968840e-03
  -6.2455450e-03
  -6.0153670e-03
  -5.7949260e-03
  -5.5644830e-03
  -5.3083170e-03
  -5.0200590e-03
  -4.7024860e-03
  -4.3608640e-03
  -4.0029500e-03
  -3.6365370e-03
  -3.2653000e-03
  -2.8801160e-03
  -2.4635120e-03
  -2.0006830e-03
  -1.4958880e-03
  -9.7455240e-04
  -4.7234340e-04
  -9.2091050e-06
   4.2042990e-04
   8.2374950e-04
   1.1996900e-03
   1.5449250e-03
   1.8585410e-03
   2.1384990e-03
   2.3959740e-03
   2.6410870e-03
   2.8611270e-03
   3.0414350e-03
   3.1766410e-03
   3.2697940e-03
   3.3291220e-03
   3.3635360e-03
   3.3823740e-03
   3.3905830e-03
   3.3832050e-03
   3.3492770e-03
   3.2892720e-03
   3.2137990e-03
   3.1383040e-03
   3.0780580e-03
   3.0268350e-03
   2.9662410e-03
   2.8793510e-03
   2.7526590e-03
   2.5761430e-03
   2.3520330e-03
   2.0911630e-03
   1.7971370e-03
   1.4670000e-03
   1.1097380e-03
   7.4857230e-04
   3.9521130e-04
   5.1880990e-05
  -2.8722760e-04
  -6.4009390e-04
  -1.0216780e-03
  -1.4349470e-03
  -1.8735620e-03
  -2.3222440e-03
  -2.7590670e-03
  -3.1740690e-03
  -3.5686160e-03
  -3.9431850e-03
  -4.2960430e-03
  -4.6172480e-03
  -4.8968450e-03
  -5.1512470e-03
  -5.4074860e-03
  -5.6805320e-03
  -5.9624030e-03
  -6.2261280e-03
  -6.4567780e-03
  -6.6631640e-03
  -6.8574430e-03
  -7.0579040e-03
  -7.2855340e-03
  -7.5423490e-03
  -7.8107590e-03
  -8.0666850e-03
  -8.2900450e-03
  -8.4614240e-03
  -8.5670410e-03
  -8.6248940e-03
  -8.6767780e-03
  -8.7572180e-03
  -8.8670700e-03
  -8.9842330e-03
  -9.0806050e-03
  -9.1322410e-03
  -9.1311870e-03
  -9.0809260e-03
  -8.9863450e-03
  -8.8597010e-03
  -8.7243300e-03
  -8.5963510e-03
  -8.4717320e-03
  -8.3413050e-03
  -8.2059330e-03
  -8.0694780e-03
  -7.9345670e-03
  -7.7949100e-03
  -7.6466440e-03
  -7.5128410e-03
  -7.4253770e-03
  -7.3964800e-03
  -7.4082480e-03
  -7.4284970e-03
  -7.4247770e-03
  -7.3807400e-03
  -7.2859530e-03
  -7.1348870e-03
  -6.9385960e-03
  -6.7275890e-03
  -6.5448510e-03
  -6.4164640e-03
  -6.3378180e-03
  -6.2848620e-03
  -6.2314820e-03
  -6.1548100e-03
  -6.0422530e-03
  -5.9042820e-03
  -5.7628640e-03
  -5.6339620e-03
  -5.5235540e-03
  -5.4304050e-03
  -5.3450680e-03
  -5.2588300e-03
  -5.1800340e-03
  -5.1254970e-03
  -5.1063170e-03
  -5.1192000e-03
  -5.1502460e-03
  -5.1806350e-03
  -5.1911130e-03
  -5.1755990e-03
  -5.1574040e-03
  -5.1707770e-03
  -5.2346880e-03
  -5.3483820e-03
  -5.5021180e-03
  -5.6880320e-03
  -5.8959490e-03
  -6.1029730e-03
  -6.2913840e-03
  -6.4686020e-03
  -6.6551830e-03
  -6.8714080e-03
  -7.1244950e-03
  -7.4137580e-03
  -7.7300300e-03
  -8.0515750e-03
  -8.3525630e-03
  -8.6168970e-03
  -8.8417420e-03
  -9.0447590e-03
  -9.2563050e-03
  -9.4908120e-03
  -9.7407580e-03
  -9.9810640e-03
  -1.0178110e-02
  -1.0305910e-02
  -1.0368760e-02
  -1.0391620e-02
  -1.0406600e-02
  -1.0441520e-02
  -1.0510780e-02
  -1.0618020e-02
  -1.0760680e-02
  -1.0920270e-02
  -1.1066360e-02
  -1.1179380e-02
  -1.1257970e-02
  -1.1304740e-02
  -1.1321090e-02
  -1.1313190e-02
  -1.1295000e-02
  -1.1268270e-02
  -1.1218380e-02
  -1.1126870e-02
  -1.0987480e-02
  -1.0819550e-02
  -1.0643330e-02
  -1.0461830e-02
  -1.0276790e-02
  -1.0095130e-02
  -9.9120360e-03
  -9.7167190e-03
  -9.5115310e-03
  -9.3162820e-03
  -9.1524700e-03
  -9.0229900e-03
  -8.9059400e-03
  -8.7636890e-03
  -8.5711640e-03
  -8.3310990e-03
  -8.0499640e-03
  -7.7357290e-03
  -7.3915400e-03
  -7.0173620e-03
  -6.6318660e-03
  -6.2607670e-03
  -5.9145880e-03
  -5.5968710e-03
  -5.3129620e-03
  -5.0657260e-03
  -4.8579410e-03
  -4.6885980e-03
  -4.5464380e-03
  -4.4061270e-03
  -4.2445100e-03
  -4.0555700e-03
  -3.8491370e-03
  -3.6359450e-03
  -3.4251850e-03
  -3.2176370e-03
  -3.0059650e-03
  -2.7906280e-03
  -2.5909310e-03
  -2.4326950e-03
  -2.3337820e-03
  -2.2922250e-03
  -2.2744690e-03
  -2.2325890e-03
  -2.1327080e-03
  -1.9657140e-03
  -1.7513380e-03
  -1.5203890e-03
  -1.3019560e-03
  -1.1133520e-03
  -9.4944750e-04
  -7.7811250e-04
  -5.6160620e-04
  -2.7005980e-04
   9.9415710e-05
   5.1096070e-04
   9.2058530e-04
   1.3110110e-03
   1.6940880e-03
   2.0881470e-03
   2.5042030e-03
   2.9443430e-03
   3.4012120e-03
   3.8613970e-03
   4.3106980e-03
   4.7378730e-03
   5.1390210e-03
   5.5246780e-03
   5.9073250e-03
   6.2916360e-03
   6.6777250e-03
   7.0580640e-03
   7.4213080e-03
   7.7670340e-03
   8.1038510e-03
   8.4398960e-03
   8.7927670e-03
   9.1770070e-03
   9.5887530e-03
   9.9977820e-03
   1.0371010e-02
   1.0693470e-02
   1.0965660e-02
   1.1195870e-02
   1.1390710e-02
   1.1554660e-02
   1.1690190e-02
   1.1788320e-02
   1.1831530e-02
   1.1808090e-02
   1.1723140e-02
   1.1602400e-02
   1.1484410e-02
   1.1406680e-02
   1.1383490e-02
   1.1399450e-02
   1.1419000e-02
   1.1409970e-02
   1.1366800e-02
   1.1299940e-02
   1.1224280e-02
   1.1161040e-02
   1.1140150e-02
   1.1180360e-02
   1.1258780e-02
   1.1338610e-02
   1.1404960e-02
   1.1471650e-02
   1.1548920e-02
   1.1650350e-02
   1.1790840e-02
   1.1967550e-02
   1.2174000e-02
   1.2398550e-02
   1.2622860e-02
   1.2824040e-02
   1.2982110e-02
   1.3092310e-02
   1.3173180e-02
   1.3242210e-02
   1.3307640e-02
   1.3378540e-02
   1.3470320e-02
   1.3584590e-02
   1.3690080e-02
   1.3752040e-02
   1.3758410e-02
   1.3727550e-02
   1.3689520e-02
   1.3678250e-02
   1.3719820e-02
   1.3814650e-02
   1.3925210e-02
   1.4006310e-02
   1.4033950e-02
   1.4006180e-02
   1.3940930e-02
   1.3866790e-02
   1.3805380e-02
   1.3768040e-02
   1.3756240e-02
   1.3756310e-02
   1.3754390e-02
   1.3751660e-02
   1.3750930e-02
   1.3748350e-02
   1.3734180e-02
   1.3703630e-02
   1.3658790e-02
   1.3597130e-02
   1.3507120e-02
   1.3372770e-02
   1.3178020e-02
   1.2921650e-02
   1.2631910e-02
   1.2357090e-02
   1.2128070e-02
   1.1943550e-02
   1.1790220e-02
   1.1662400e-02
   1.1560930e-02
   1.1483160e-02
   1.1431360e-02
   1.1414610e-02
   1.1436110e-02
   1.1482960e-02
   1.1533410e-02
   1.1575140e-02
   1.1606820e-02
   1.1638370e-02
   1.1678460e-02
   1.1730470e-02
   1.1796530e-02
   1.1876410e-02
   1.1961190e-02
   1.2030730e-02
   1.2079820e-02
   1.2118280e-02
   1.2157320e-02
   1.2200980e-02
   1.2247740e-02
   1.2290720e-02
   1.2333000e-02
   1.2387030e-02
   1.2454930e-02
   1.2527410e-02
   1.2589480e-02
   1.2633350e-02
   1.2660860e-02
   1.2675390e-02
   1.2679980e-02
   1.2672450e-02
   1.2644710e-02
   1.2581370e-02
   1.2466380e-02
   1.2301350e-02
   1.2109500e-02
   1.1911280e-02
   1.1709410e-02
   1.1510520e-02
   1.1327030e-02
   1.1152060e-02
   1.0966590e-02
   1.0765310e-02
   1.0554240e-02
   1.0338360e-02
   1.0122320e-02
   9.9121920e-03
   9.7165700e-03
   9.5350870e-03
   9.3507300e-03
   9.1387120e-03
   8.8930060e-03
   8.6294420e-03
   8.3478070e-03
   8.0366400e-03
   7.6940530e-03
   7.3268380e-03
   6.9453260e-03
   6.5661030e-03
   6.2146600e-03
   5.9185250e-03
   5.6973130e-03
   5.5585650e-03
   5.4867980e-03
   5.4381880e-03
   5.3663290e-03
   5.2531900e-03
   5.1035960e-03
   4.9288450e-03
   4.7386700e-03
   4.5316290e-03
   4.3053580e-03
   4.0603110e-03
   3.7911880e-03
   3.4968110e-03
   3.1825900e-03
   2.8632210e-03
   2.5596140e-03
   2.2895400e-03
   2.0606620e-03
   1.8720000e-03
   1.7138740e-03
   1.5644510e-03
   1.3968590e-03
   1.1971180e-03
   9.7431080e-04
   7.5036330e-04
   5.4109640e-04
   3.4962180e-04
   1.7372320e-04
   6.6978570e-06
  -1.6044200e-04
  -3.4240320e-04
  -5.4591360e-04
  -7.6292860e-04
  -9.7468520e-04
  -1.1660320e-03
  -1.3443470e-03
  -1.5236280e-03
  -1.7166450e-03
  -1.9293490e-03
  -2.1581360e-03
  -2.3893670e-03
  -2.6130300e-03
  -2.8239560e-03
  -3.0113770e-03
  -3.1578370e-03
  -3.2494870e-03
  -3.2941600e-03
  -3.3053230e-03
  -3.2845780e-03
  -3.2327370e-03
  -3.1631660e-03
  -3.0909850e-03
  -3.0207370e-03
  -2.9470020e-03
  -2.8680660e-03
  -2.8001430e-03
  -2.7625150e-03
  -2.7581270e-03
  -2.7719740e-03
  -2.7861480e-03
  -2.7892260e-03
  -2.7794590e-03
  -2.7593020e-03
  -2.7223280e-03
  -2.6619920e-03
  -2.5816600e-03
  -2.5008390e-03
  -2.4397950e-03
  -2.4032380e-03
  -2.3717740e-03
  -2.3126290e-03
  -2.2063090e-03
  -2.0519180e-03
  -1.8639210e-03
  -1.6693170e-03
  -1.4960750e-03
  -1.3620840e-03
  -1.2746990e-03
  -1.2154710e-03
  -1.1524730e-03
  -1.0675490e-03
  -9.6222900e-04
  -8.4918590e-04
  -7.3591980e-04
  -6.2900570e-04
  -5.2693320e-04
  -4.2158720e-04
  -3.0908890e-04
  -1.8581370e-04
  -4.4316970e-05
   1.1767180e-04
   2.8723040e-04
   4.4491390e-04
   5.8135100e-04
   6.9955620e-04
   8.1288450e-04
   9.3573270e-04
   1.0647690e-03
   1.1816290e-03
   1.2785870e-03
   1.3602060e-03
   1.4257860e-03
   1.4608550e-03
   1.4581160e-03
   1.4268460e-03
   1.3874700e-03
   1.3562900e-03
   1.3418660e-03
   1.3531110e-03
   1.3945810e-03
   1.4545790e-03
   1.5150700e-03
   1.5641890e-03
   1.6028880e-03
   1.6434090e-03
   1.6919090e-03
   1.7418670e-03
   1.7834320e-03
   1.8170990e-03
   1.8515860e-03
   1.8983130e-03
   1.9630820e-03
   2.0417720e-03
   2.1279310e-03
   2.2251080e-03
   2.3431810e-03
   2.4774770e-03
   2.6185770e-03
   2.7628310e-03
   2.9105470e-03
   3.0630050e-03
   3.2200810e-03
   3.3748640e-03
   3.5108500e-03
   3.6082380e-03
   3.6563600e-03
   3.6644340e-03
   3.6491990e-03
   3.6277940e-03
   3.6197170e-03
   3.6369600e-03
   3.6767150e-03
   3.7226000e-03
   3.7536400e-03
   3.7564710e-03
   3.7337900e-03
   3.7023560e-03
   3.6813330e-03
   3.6799060e-03
   3.6954360e-03
   3.7258660e-03
   3.7754120e-03
   3.8516930e-03
   3.9619850e-03
   4.1035620e-03
   4.2619490e-03
   4.4353120e-03
   4.6290660e-03
   4.8322770e-03
   5.0277610e-03
   5.2082090e-03
   5.3649690e-03
   5.4948620e-03
   5.6012010e-03
   5.6814370e-03
   5.7311370e-03
   5.7538180e-03
   5.7732200e-03
   5.8089670e-03
   5.8445910e-03
   5.8529090e-03
   5.8360160e-03
   5.8226300e-03
   5.8405130e-03
   5.9003310e-03
   6.0040660e-03
   6.1435920e-03
   6.2927580e-03
   6.4224550e-03
   6.5290530e-03
   6.6286250e-03
   6.7293740e-03
   6.8234440e-03
   6.9155310e-03
   7.0191500e-03
   7.1277760e-03
   7.2320390e-03
   7.3412830e-03
   7.4720290e-03
   7.6281890e-03
   7.7958970e-03
   7.9506540e-03
   8.0712710e-03
   8.1444720e-03
   8.1752620e-03
   8.1863380e-03
   8.2048080e-03
   8.2564840e-03
   8.3610530e-03
   8.5202430e-03
   8.7132970e-03
   8.9199960e-03
   9.1332250e-03
   9.3398340e-03
   9.5243820e-03
   9.6782130e-03
   9.8101670e-03
   9.9441890e-03
   1.0094080e-02
   1.0253740e-02
   1.0414440e-02
   1.0565240e-02
   1.0702700e-02
   1.0829200e-02
   1.0947960e-02
   1.1068060e-02
   1.1194450e-02
   1.1315680e-02
   1.1406860e-02
   1.1452700e-02
   1.1447190e-02
   1.1391180e-02
   1.1300100e-02
   1.1209390e-02
   1.1148270e-02
   1.1105710e-02
   1.1044380e-02
   1.0940870e-02
   1.0797620e-02
   1.0624480e-02
   1.0430700e-02
   1.0235940e-02
   1.0068320e-02
   9.9433720e-03
   9.8456640e-03
   9.7474400e-03
   9.6294100e-03
   9.4812670e-03
   9.3029050e-03
   9.1022500e-03
   8.8929860e-03
   8.6912690e-03
   8.5052660e-03
   8.3388280e-03
   8.1946640e-03
   8.0765380e-03
   7.9753830e-03
   7.8647750e-03
   7.7285550e-03
   7.5668030e-03
   7.3886950e-03
   7.2108070e-03
   7.0516230e-03
   6.9255360e-03
   6.8372430e-03
   6.7726980e-03
   6.7003270e-03
   6.5959030e-03
   6.4533810e-03
   6.2795870e-03
   6.0899760e-03
   5.8956140e-03
   5.7027820e-03
   5.5167240e-03
   5.3456750e-03
   5.2023120e-03
   5.1025650e-03
   5.0494420e-03
   5.0213780e-03
   4.9913000e-03
   4.9465800e-03
   4.8921180e-03
   4.8379880e-03
   4.7915730e-03
   4.7560780e-03
   4.7362680e-03
   4.7344700e-03
   4.7471550e-03
   4.7560370e-03
   4.7427460e-03
   4.7059110e-03
   4.6547950e-03
   4.5905180e-03
   4.5159030e-03
   4.4407540e-03
   4.3743450e-03
   4.3138830e-03
   4.2395150e-03
   4.1333540e-03
   3.9930170e-03
   3.8333000e-03
   3.6685820e-03
   3.5109000e-03
   3.3742240e-03
   3.2701760e-03
   3.1935960e-03
   3.1332060e-03
   3.0871910e-03
   3.0504910e-03
   3.0205050e-03
   3.0002170e-03
   2.9857890e-03
   2.9599110e-03
   2.8994800e-03
   2.7859590e-03
   2.6157390e-03
   2.3921390e-03
   2.1216650e-03
   1.8143340e-03
   1.4823660e-03
   1.1432750e-03
   8.0012330e-04
   4.4803470e-04
   8.7327490e-05
  -2.8001020e-04
  -6.4963290e-04
  -1.0145780e-03
  -1.3675130e-03
  -1.6948900e-03
  -1.9885640e-03
  -2.2624220e-03
  -2.5293450e-03
  -2.7764370e-03
  -2.9776880e-03
  -3.1229000e-03
  -3.2300270e-03
  -3.3248730e-03
  -3.4223340e-03
  -3.5222980e-03
  -3.6247800e-03
  -3.7266200e-03
  -3.8172410e-03
  -3.8762700e-03
  -3.8883970e-03
  -3.8667850e-03
  -3.8317440e-03
  -3.7964240e-03
  -3.7683740e-03
  -3.7543610e-03
  -3.7542280e-03
  -3.7694870e-03
  -3.8002040e-03
  -3.8405510e-03
  -3.8881640e-03
  -3.9327140e-03
  -3.9595700e-03
  -3.9689580e-03
  -3.9836550e-03
  -4.0275180e-03
  -4.0990130e-03
  -4.1818020e-03
  -4.2546560e-03
  -4.3034000e-03
  -4.3363270e-03
  -4.3718310e-03
  -4.4185190e-03
  -4.4791350e-03
  -4.5558460e-03
  -4.6477860e-03
  -4.7438770e-03
  -4.8277510e-03
  -4.8964220e-03
  -4.9644860e-03
  -5.0403340e-03
  -5.1120590e-03
  -5.1703640e-03
  -5.2234380e-03
  -5.2887730e-03
  -5.3744980e-03
  -5.4791260e-03
  -5.6014210e-03
  -5.7422630e-03
  -5.9115660e-03
  -6.1237650e-03
  -6.3797350e-03
  -6.6549490e-03
  -6.9158050e-03
  -7.1402450e-03
  -7.3306730e-03
  -7.4955920e-03
  -7.6445280e-03
  -7.7956700e-03
  -7.9538550e-03
  -8.1202000e-03
  -8.2958190e-03
  -8.4789170e-03
  -8.6590880e-03
  -8.8233480e-03
  -8.9710740e-03
  -9.1073020e-03
  -9.2367200e-03
  -9.3624320e-03
  -9.4859320e-03
  -9.6043080e-03
  -9.7088460e-03
  -9.7875290e-03
  -9.8468240e-03
  -9.9046770e-03
  -9.9707200e-03
  -1.0043710e-02
  -1.0117110e-02
  -1.0190630e-02
  -1.0274330e-02
  -1.0367740e-02
  -1.0454170e-02
  -1.0520870e-02
  -1.0562540e-02
  -1.0582230e-02
  -1.0585710e-02
  -1.0569550e-02
  -1.0534050e-02
  -1.0491890e-02
  -1.0466560e-02
  -1.0490370e-02
  -1.0583640e-02
  -1.0738640e-02
  -1.0923540e-02
  -1.1094570e-02
  -1.1216420e-02
  -1.1283930e-02
  -1.1310630e-02
  -1.1312820e-02
  -1.1299770e-02
  -1.1277200e-02
  -1.1248130e-02
  -1.1205020e-02
  -1.1135340e-02
  -1.1043690e-02
  -1.0953000e-02
  -1.0877430e-02
  -1.0814460e-02
  -1.0750550e-02
  -1.0671220e-02
  -1.0573810e-02
  -1.0469010e-02
  -1.0366260e-02
  -1.0266760e-02
  -1.0170680e-02
  -1.0069220e-02
  -9.9451280e-03
  -9.7906670e-03
  -9.6278030e-03
  -9.4948830e-03
  -9.4150050e-03
  -9.3745140e-03
  -9.3449340e-03
  -9.3041850e-03
  -9.2295350e-03
  -9.1050320e-03
  -8.9402990e-03
  -8.7597370e-03
  -8.5820070e-03
  -8.4043290e-03
  -8.2170620e-03
  -8.0174160e-03
  -7.7979970e-03
  -7.5562070e-03
  -7.3138400e-03
  -7.0908130e-03
  -6.8834670e-03
  -6.6721730e-03
  -6.4367840e-03
  -6.1710470e-03
  -5.8840880e-03
  -5.5868610e-03
  -5.2973820e-03
  -5.0400860e-03
  -4.8301020e-03
  -4.6653660e-03
  -4.5240890e-03
  -4.3773330e-03
  -4.2120730e-03
  -4.0362690e-03
  -3.8608770e-03
  -3.6956740e-03
  -3.5431600e-03
  -3.3954200e-03
  -3.2401240e-03
  -3.0611720e-03
  -2.8465320e-03
  -2.5994350e-03
  -2.3333510e-03
  -2.0565800e-03
  -1.7786070e-03
  -1.5074630e-03
  -1.2494850e-03
  -1.0043500e-03
  -7.5896260e-04
  -5.0220560e-04
  -2.4296360e-04
   1.0505790e-06
   2.1565550e-04
   4.0321170e-04
   5.8156790e-04
   7.5479360e-04
   9.2229500e-04
   1.0817850e-03
   1.2192170e-03
   1.3274760e-03
   1.4278490e-03
   1.5402340e-03
   1.6528840e-03
   1.7511410e-03
   1.8347600e-03
   1.9163060e-03
   2.0088100e-03
   2.1098970e-03
   2.2176090e-03
   2.3390800e-03
   2.4748180e-03
   2.6117590e-03
   2.7390150e-03
   2.8521780e-03
   2.9459730e-03
   3.0119290e-03
   3.0472490e-03
   3.0502630e-03
   3.0224200e-03
   2.9727100e-03
   2.9187640e-03
   2.8756420e-03
   2.8372300e-03
   2.7964140e-03
   2.7606340e-03
   2.7424080e-03
   2.7470320e-03
   2.7717780e-03
   2.8077260e-03
   2.8516370e-03
   2.9059710e-03
   2.9612300e-03
   3.0019380e-03
   3.0185190e-03
   3.0141090e-03
   2.9927060e-03
   2.9596990e-03
   2.9357830e-03
   2.9462590e-03
   3.0002440e-03
   3.0872000e-03
   3.1889940e-03
   3.2872310e-03
   3.3707690e-03
   3.4367650e-03
   3.4947350e-03
   3.5561590e-03
   3.6214320e-03
   3.6949660e-03
   3.7776520e-03
   3.8578110e-03
   3.9215390e-03
   3.9648290e-03
   3.9988820e-03
   4.0373890e-03
   4.0854710e-03
   4.1311050e-03
   4.1584960e-03
   4.1629910e-03
   4.1477490e-03
   4.1185560e-03
   4.0781170e-03
   4.0230760e-03
   3.9516510e-03
   3.8643690e-03
   3.7656910e-03
   3.6576350e-03
   3.5421140e-03
   3.4215950e-03
   3.2977920e-03
   3.1767690e-03
   3.0661280e-03
   2.9793690e-03
   2.9255170e-03
   2.8852980e-03
   2.8277300e-03
   2.7338300e-03
   2.6065250e-03
   2.4629280e-03
   2.3166220e-03
   2.1799660e-03
   2.0564640e-03
   1.9370630e-03
   1.8143940e-03
   1.6940880e-03
   1.5786110e-03
   1.4666340e-03
   1.3516540e-03
   1.2307710e-03
   1.1055560e-03
   9.8302780e-04
   8.8276660e-04
   8.1368920e-04
   7.6191700e-04
   7.0983280e-04
   6.5021840e-04
   5.8734900e-04
   5.3352020e-04
   5.0627670e-04
   5.1003140e-04
   5.2889160e-04
   5.4267650e-04
   5.3411840e-04
   5.0463290e-04
   4.6472440e-04
   4.0994250e-04
   3.2999880e-04
   2.2092590e-04
   8.5647480e-05
  -6.8563880e-05
  -2.2216470e-04
  -3.5293090e-04
  -4.5139100e-04
  -5.1972730e-04
  -5.6541870e-04
  -6.0050170e-04
  -6.4471750e-04
  -7.2105980e-04
  -8.4676130e-04
  -1.0251320e-03
  -1.2466240e-03
  -1.4835180e-03
  -1.7028600e-03
  -1.8866550e-03
  -2.0128250e-03
  -2.0661770e-03
  -2.0594900e-03
  -2.0291710e-03
  -2.0086150e-03
  -2.0174190e-03
  -2.0634630e-03
  -2.1442780e-03
  -2.2445930e-03
  -2.3457630e-03
  -2.4363740e-03
  -2.5130550e-03
  -2.5881900e-03
  -2.6767670e-03
  -2.7832290e-03
  -2.9052480e-03
  -3.0304940e-03
  -3.1431640e-03
  -3.2368930e-03
  -3.3050370e-03
  -3.3339450e-03
  -3.3133680e-03
  -3.2449160e-03
  -3.1370570e-03
  -3.0096570e-03
  -2.8888210e-03
  -2.7866720e-03
  -2.6945890e-03
  -2.5800310e-03
  -2.4102460e-03
  -2.1813920e-03
  -1.9015800e-03
  -1.5856930e-03
  -1.2578740e-03
  -9.4552450e-04
  -6.5837830e-04
  -3.8428970e-04
  -1.0502320e-04
   1.8398360e-04
   4.7902700e-04
   7.7307400e-04
   1.0580330e-03
   1.3249760e-03
   1.5642220e-03
   1.7726490e-03
   1.9513480e-03
   2.1126820e-03
   2.2756480e-03
   2.4478440e-03
   2.6243880e-03
   2.7961130e-03
   2.9558670e-03
   3.0951870e-03
   3.2071210e-03
   3.2941970e-03
   3.3677840e-03
   3.4433690e-03
   3.5362480e-03
   3.6463450e-03
   3.7750430e-03
   3.9324960e-03
   4.1180570e-03
   4.3178250e-03
   4.5145440e-03
   4.6970490e-03
   4.8570790e-03
   4.9932340e-03
   5.1097100e-03
   5.2035920e-03
   5.2750070e-03
   5.3307000e-03
   5.3819730e-03
   5.4389090e-03
   5.5032800e-03
   5.5696670e-03
   5.6442120e-03
   5.7438030e-03
   5.8793940e-03
   6.0477310e-03
   6.2348550e-03
   6.4155170e-03
   6.5671680e-03
   6.6910330e-03
   6.8011770e-03
   6.9092410e-03
   7.0212200e-03
   7.1475020e-03
   7.3016130e-03
   7.4898400e-03
   7.7198060e-03
   7.9959430e-03
   8.3114340e-03
   8.6531090e-03
   9.0015890e-03
   9.3393630e-03
   9.6578300e-03
   9.9526680e-03
   1.0220030e-02
   1.0461250e-02
   1.0680540e-02
   1.0880930e-02
   1.1056450e-02
   1.1195040e-02
   1.1298250e-02
   1.1382320e-02
   1.1453730e-02
   1.1510480e-02
   1.1547090e-02
   1.1563170e-02
   1.1561780e-02
   1.1534740e-02
   1.1476840e-02
   1.1391090e-02
   1.1281630e-02
   1.1154860e-02
   1.1025720e-02
   1.0899330e-02
   1.0769720e-02
   1.0629370e-02
   1.0485870e-02
   1.0348850e-02
   1.0208100e-02
   1.0051770e-02
   9.8722430e-03
   9.6616270e-03
   9.4224150e-03
   9.1632130e-03
   8.8843040e-03
   8.5881670e-03
   8.2909350e-03
   8.0131670e-03
   7.7645460e-03
   7.5417140e-03
   7.3282000e-03
   7.0921880e-03
   6.8115900e-03
   6.4981530e-03
   6.1801640e-03
   5.8762880e-03
   5.5956150e-03
   5.3451470e-03
   5.1271280e-03
   4.9337640e-03
   4.7500290e-03
   4.5684980e-03
   4.3979860e-03
   4.2539570e-03
   4.1430520e-03
   4.0622190e-03
   4.0049170e-03
   3.9579700e-03
   3.9017560e-03
   3.8208670e-03
   3.7199620e-03
   3.6220010e-03
   3.5463620e-03
   3.4940610e-03
   3.4451290e-03
   3.3801590e-03
   3.2945820e-03
   3.1912570e-03
   3.0734100e-03
   2.9482040e-03
   2.8308400e-03
   2.7374990e-03
   2.6703470e-03
   2.6205290e-03
   2.5814670e-03
   2.5477130e-03
   2.5107210e-03
   2.4699470e-03
   2.4357230e-03
   2.4117170e-03
   2.3882420e-03
   2.3549870e-03
   2.3244570e-03
   2.3180820e-03
   2.3370610e-03
   2.3739050e-03
   2.4242040e-03
   2.4912830e-03
   2.5688580e-03
   2.6333450e-03
   2.6671910e-03
   2.6745640e-03
   2.6748460e-03
   2.6832160e-03
   2.7062120e-03
   2.7403180e-03
   2.7702750e-03
   2.7864100e-03
   2.7939050e-03
   2.7976830e-03
   2.8029090e-03
   2.8108640e-03
   2.8303320e-03
   2.8820310e-03
   2.9640870e-03
   3.0510300e-03
   3.1175910e-03
   3.1539460e-03
   3.1645120e-03
   3.1643210e-03
   3.1758470e-03
   3.2129910e-03
   3.2744710e-03
   3.3491220e-03
   3.4130530e-03
   3.4433580e-03
   3.4315030e-03
   3.3809190e-03
   3.3025420e-03
   3.2112910e-03
   3.1235790e-03
   3.0542060e-03
   3.0092850e-03
   2.9821050e-03
   2.9536800e-03
   2.8959360e-03
   2.7798500e-03
   2.6012500e-03
   2.3793250e-03
   2.1489910e-03
   1.9434500e-03
   1.7702000e-03
   1.6225230e-03
   1.4956900e-03
   1.3764950e-03
   1.2439870e-03
   1.0927800e-03
   9.3227390e-04
   7.6536840e-04
   5.7495950e-04
   3.4332150e-04
   7.2798070e-05
  -2.1026580e-04
  -4.7237860e-04
  -6.9955700e-04
  -8.9491300e-04
  -1.0696170e-03
  -1.2358610e-03
  -1.4027480e-03
  -1.5802770e-03
  -1.7778780e-03
  -2.0131390e-03
  -2.2960960e-03
  -2.6112130e-03
  -2.9332880e-03
  -3.2462750e-03
  -3.5473370e-03
  -3.8545210e-03
  -4.1848230e-03
  -4.5419180e-03
  -4.9205890e-03
  -5.3146910e-03
  -5.7121240e-03
  -6.0867620e-03
  -6.4182170e-03
  -6.7182150e-03
  -7.0219900e-03
  -7.3471010e-03
  -7.6871140e-03
  -8.0263610e-03
  -8.3524740e-03
  -8.6650340e-03
  -8.9691750e-03
  -9.2635990e-03
  -9.5455690e-03
  -9.8215500e-03
  -1.0098570e-02
  -1.0372370e-02
  -1.0628790e-02
  -1.0865620e-02
  -1.1085920e-02
  -1.1291370e-02
  -1.1492160e-02
  -1.1689560e-02
  -1.1883960e-02
  -1.2081570e-02
  -1.2286290e-02
  -1.2493010e-02
  -1.2683740e-02
  -1.2850710e-02
  -1.3004730e-02
  -1.3166300e-02
  -1.3346610e-02
  -1.3537720e-02
  -1.3722280e-02
  -1.3886310e-02
  -1.4017460e-02
  -1.4115110e-02
  -1.4188600e-02
  -1.4247290e-02
  -1.4302950e-02
  -1.4370410e-02
  -1.4469420e-02
  -1.4607960e-02
  -1.4765840e-02
  -1.4916310e-02
  -1.5043720e-02
  -1.5140960e-02
  -1.5210440e-02
  -1.5247240e-02
  -1.5251280e-02
  -1.5241520e-02
  -1.5236110e-02
  -1.5247340e-02
  -1.5280090e-02
  -1.5329890e-02
  -1.5388160e-02
  -1.5437120e-02
  -1.5453570e-02
  -1.5421700e-02
  -1.5351590e-02
  -1.5273760e-02
  -1.5201360e-02
  -1.5119020e-02
  -1.5017160e-02
  -1.4906090e-02
  -1.4807910e-02
  -1.4729590e-02
  -1.4662850e-02
  -1.4581820e-02
  -1.4458440e-02
  -1.4297870e-02
  -1.4129650e-02
  -1.3984800e-02
  -1.3880710e-02
  -1.3812680e-02
  -1.3757270e-02
  -1.3689630e-02
  -1.3591570e-02
  -1.3466670e-02
  -1.3336560e-02
  -1.3216340e-02
  -1.3099610e-02
  -1.2965790e-02
  -1.2799020e-02
  -1.2601140e-02
  -1.2385580e-02
  -1.2165740e-02
  -1.1949300e-02
  -1.1732430e-02
  -1.1504850e-02
  -1.1269680e-02
  -1.1037990e-02
  -1.0819540e-02
  -1.0614230e-02
  -1.0417360e-02
  -1.0224390e-02
  -1.0010220e-02
  -9.7373370e-03
  -9.3900470e-03
  -8.9891000e-03
  -8.5750810e-03
  -8.1917910e-03
  -7.8644880e-03
  -7.5908790e-03
  -7.3583180e-03
  -7.1486330e-03
  -6.9397660e-03
  -6.7154350e-03
  -6.4850840e-03
  -6.2608230e-03
  -6.0371510e-03
  -5.8065440e-03
  -5.5771620e-03
  -5.3607000e-03
  -5.1647730e-03
  -4.9878230e-03
  -4.8219360e-03
  -4.6542060e-03
  -4.4681260e-03
  -4.2551440e-03
  -4.0209820e-03
  -3.7748700e-03
  -3.5111240e-03
  -3.2211420e-03
  -2.9111790e-03
  -2.5964810e-03
  -2.2842310e-03
  -1.9761970e-03
  -1.6794540e-03
  -1.4012020e-03
  -1.1445040e-03
  -9.0431460e-04
  -6.7713010e-04
  -4.6361450e-04
  -2.5434270e-04
  -4.4398020e-05
   1.5011830e-04
   3.0648100e-04
   4.1808820e-04
   4.9130850e-04
   5.4136710e-04
   5.9218420e-04
   6.6427220e-04
   7.4969010e-04
   8.2255360e-04
   8.6300050e-04
   8.7341960e-04
   8.6600380e-04
   8.4440170e-04
   8.0385970e-04
   7.4420700e-04
   6.6556980e-04
   5.6291390e-04
   4.4201630e-04
   3.0500010e-04
   1.5642890e-04
   8.9881690e-06
  -1.3027580e-04
  -2.6315640e-04
  -3.8536800e-04
  -4.9016900e-04
  -5.6957290e-04
  -6.2111590e-04
  -6.7158960e-04
  -7.5754840e-04
  -8.8361550e-04
  -1.0220680e-03
  -1.1385700e-03
  -1.2018590e-03
  -1.1944590e-03
  -1.1299960e-03
  -1.0420220e-03
  -9.6652890e-04
  -9.0480880e-04
  -8.3899890e-04
  -7.5550030e-04
  -6.4018110e-04
  -4.9452550e-04
  -3.2927240e-04
  -1.4452280e-04
   5.8285090e-05
   2.5880910e-04
   4.4095520e-04
   5.9454320e-04
   7.1809230e-04
   8.2396110e-04
   9.2950800e-04
   1.0469890e-03
   1.1662220e-03
   1.2706270e-03
   1.3588900e-03
   1.4405300e-03
   1.5256090e-03
   1.6148100e-03
   1.6909860e-03
   1.7300000e-03
   1.7120830e-03
   1.6352430e-03
   1.5187000e-03
   1.3907870e-03
   1.2675420e-03
   1.1388050e-03
   9.9570980e-04
   8.4653090e-04
   7.0276520e-04
   5.7339880e-04
   4.6282160e-04
   3.6858890e-04
   2.7839590e-04
   1.8131510e-04
   7.0732990e-05
  -6.0282790e-05
  -2.1505220e-04
  -3.8631080e-04
  -5.5752060e-04
  -7.1849530e-04
  -8.6766630e-04
  -1.0077710e-03
  -1.1457160e-03
  -1.2982090e-03
  -1.4750280e-03
  -1.6681570e-03
  -1.8637440e-03
  -2.0551460e-03
  -2.2398150e-03
  -2.4199140e-03
  -2.5975040e-03
  -2.7605390e-03
  -2.8972330e-03
  -3.0089950e-03
  -3.1016730e-03
  -3.1800140e-03
  -3.2494610e-03
  -3.3141660e-03
  -3.3687820e-03
  -3.4045160e-03
  -3.4226740e-03
  -3.4350840e-03
  -3.4530520e-03
  -3.4847620e-03
  -3.5310850e-03
  -3.5854160e-03
  -3.6402540e-03
  -3.7012370e-03
  -3.7856130e-03
  -3.9063430e-03
  -4.0594610e-03
  -4.2125170e-03
  -4.3280180e-03
  -4.3978980e-03
  -4.4481170e-03
  -4.5120780e-03
  -4.6052370e-03
  -4.7233400e-03
  -4.8490060e-03
  -4.9649090e-03
  -5.0623100e-03
  -5.1432840e-03
  -5.2205860e-03
  -5.3085690e-03
  -5.4238640e-03
  -5.5684100e-03
  -5.7149020e-03
  -5.8412390e-03
  -5.9353490e-03
  -5.9874780e-03
  -6.0021600e-03
  -6.0014850e-03
  -6.0117920e-03
  -6.0449930e-03
  -6.0985060e-03
  -6.1641100e-03
  -6.2298110e-03
  -6.2927380e-03
  -6.3676790e-03
  -6.4633820e-03
  -6.5707730e-03
  -6.6692490e-03
  -6.7284410e-03
  -6.7269510e-03
  -6.6788100e-03
  -6.6264130e-03
  -6.5927200e-03
  -6.5686800e-03
  -6.5452720e-03
  -6.5391600e-03
  -6.5696240e-03
  -6.6353920e-03
  -6.7216410e-03
  -6.8084830e-03
  -6.8753450e-03
  -6.9094710e-03
  -6.9163490e-03
  -6.9150420e-03
  -6.9293580e-03
  -6.9741560e-03
  -7.0468790e-03
  -7.1300590e-03
  -7.2012820e-03
  -7.2502870e-03
  -7.2913040e-03
  -7.3463120e-03
  -7.4150180e-03
  -7.4765510e-03
  -7.5136660e-03
  -7.5182170e-03
  -7.4823220e-03
  -7.4115330e-03
  -7.3248560e-03
  -7.2311510e-03
  -7.1367210e-03
  -7.0521560e-03
  -6.9876230e-03
  -6.9408280e-03
  -6.8934770e-03
  -6.8172240e-03
  -6.6939100e-03
  -6.5361760e-03
  -6.3743640e-03
  -6.2371340e-03
  -6.1322530e-03
  -6.0403040e-03
  -5.9273230e-03
  -5.7806870e-03
  -5.6128340e-03
  -5.4372760e-03
  -5.2622860e-03
  -5.0873650e-03
  -4.9031890e-03
  -4.7063410e-03
  -4.5071630e-03
  -4.3168420e-03
  -4.1348850e-03
  -3.9525210e-03
  -3.7622280e-03
  -3.5483450e-03
  -3.2961860e-03
  -3.0095820e-03
  -2.7058700e-03
  -2.4048080e-03
  -2.1232360e-03
  -1.8733840e-03
  -1.6573740e-03
  -1.4644780e-03
  -1.2774730e-03
  -1.0745530e-03
  -8.4127970e-04
  -5.9480790e-04
  -3.7732710e-04
  -2.0911030e-04
  -8.6241340e-05
   1.0813560e-05
   1.0837430e-04
   2.2812750e-04
   3.7095650e-04
   5.2309280e-04
   6.7125150e-04
   8.0367270e-04
   9.1789590e-04
   1.0116470e-03
   1.0801000e-03
   1.1252810e-03
   1.1604710e-03
   1.2016930e-03
   1.2509940e-03
   1.3030410e-03
   1.3408810e-03
   1.3503520e-03
   1.3320020e-03
   1.2959430e-03
   1.2547520e-03
   1.2134950e-03
   1.1629490e-03
   1.0933700e-03
   1.0155530e-03
   9.5799170e-04
   9.4285090e-04
   9.6368280e-04
   9.9450120e-04
   1.0109810e-03
   1.0049910e-03
   9.8949110e-04
   9.8964570e-04
   1.0141690e-03
   1.0446110e-03
   1.0631380e-03
   1.0694920e-03
   1.0651350e-03
   1.0408070e-03
   1.0018590e-03
   9.6630170e-04
   9.5514970e-04
   9.7342310e-04
   1.0112770e-03
   1.0658170e-03
   1.1408970e-03
   1.2370530e-03
   1.3469780e-03
   1.4620180e-03
   1.5875090e-03
   1.7357260e-03
   1.9142810e-03
   2.1254190e-03
   2.3615430e-03
   2.6055000e-03
   2.8415050e-03
   3.0631160e-03
   3.2722450e-03
   3.4744610e-03
   3.6790600e-03
   3.8894900e-03
   4.1096720e-03
   4.3429220e-03
   4.5800850e-03
   4.8122870e-03
   5.0330230e-03
   5.2221870e-03
   5.3665030e-03
   5.4810560e-03
   5.5994780e-03
   5.7282930e-03
   5.8409250e-03
   5.9237660e-03
   5.9830750e-03
   6.0357490e-03
   6.0983120e-03
   6.1690140e-03
   6.2391880e-03
   6.3069520e-03
   6.3796120e-03
   6.4722970e-03
   6.5879470e-03
   6.7049500e-03
   6.8033830e-03
   6.8882090e-03
   6.9725300e-03
   7.0620240e-03
   7.1594000e-03
   7.2644250e-03
   7.3768310e-03
   7.4934270e-03
   7.6051500e-03
   7.7039180e-03
   7.7866480e-03
   7.8523020e-03
   7.9008110e-03
   7.9375440e-03
   7.9696830e-03
   7.9998700e-03
   8.0360160e-03
   8.0918860e-03
   8.1757650e-03
   8.2766900e-03
   8.3811920e-03
   8.4790700e-03
   8.5640730e-03
   8.6325180e-03
   8.6869010e-03
   8.7301740e-03
   8.7542860e-03
   8.7536640e-03
   8.7412520e-03
   8.7390070e-03
   8.7497440e-03
   8.7585200e-03
   8.7577070e-03
   8.7456790e-03
   8.7238300e-03
   8.6997550e-03
   8.6792910e-03
   8.6574920e-03
   8.6286810e-03
   8.5961770e-03
   8.5589580e-03
   8.5124480e-03
   8.4559960e-03
   8.3865230e-03
   8.3088700e-03
   8.2365030e-03
   8.1877110e-03
   8.1706530e-03
   8.1754180e-03
   8.1948510e-03
   8.2190830e-03
   8.2328870e-03
   8.2301080e-03
   8.2219930e-03
   8.2243440e-03
   8.2353180e-03
   8.2413470e-03
   8.2276940e-03
   8.1852020e-03
   8.1152050e-03
   8.0307310e-03
   7.9509740e-03
   7.8887300e-03
   7.8454120e-03
   7.8016640e-03
   7.7362420e-03
   7.6394660e-03
   7.5120700e-03
   7.3528840e-03
   7.1671850e-03
   6.9707510e-03
   6.7699520e-03
   6.5588270e-03
   6.3251270e-03
   6.0620190e-03
   5.7555200e-03
   5.3992570e-03
   5.0088930e-03
   4.6050560e-03
   4.1913360e-03
   3.7700770e-03
   3.3566900e-03
   2.9557730e-03
   2.5632620e-03
   2.1653930e-03
   1.7533080e-03
   1.3320840e-03
   9.1513310e-04
   5.1511420e-04
   1.4258910e-04
  -1.9653840e-04
  -5.0691780e-04
  -7.9664810e-04
  -1.0680160e-03
  -1.3181480e-03
  -1.5480800e-03
  -1.7605840e-03
  -1.9600430e-03
  -2.1493110e-03
  -2.3247260e-03
  -2.4725360e-03
  -2.5767430e-03
  -2.6427640e-03
  -2.6862800e-03
  -2.7167330e-03
  -2.7397760e-03
  -2.7610410e-03
  -2.7863470e-03
  -2.8180660e-03
  -2.8511480e-03
  -2.8793740e-03
  -2.8947300e-03
  -2.9048110e-03
  -2.9245550e-03
  -2.9582580e-03
  -2.9981930e-03
  -3.0225270e-03
  -3.0168890e-03
  -2.9910360e-03
  -2.9705520e-03
  -2.9670610e-03
  -2.9688400e-03
  -2.9699120e-03
  -2.9685400e-03
  -2.9577070e-03
  -2.9342540e-03
  -2.8972370e-03
  -2.8488570e-03
  -2.7946320e-03
  -2.7283570e-03
  -2.6407770e-03
  -2.5432150e-03
  -2.4471030e-03
  -2.3516490e-03
  -2.2549790e-03
  -2.1606940e-03
  -2.0687480e-03
  -1.9581900e-03
  -1.8096960e-03
  -1.6189440e-03
  -1.3967770e-03
  -1.1588290e-03
  -9.1548990e-04
  -6.6653160e-04
  -4.0798400e-04
  -1.4026370e-04
   1.3345790e-04
   4.0465860e-04
   6.6148880e-04
   8.9938750e-04
   1.1280820e-03
   1.3479920e-03
   1.5533950e-03
   1.7544630e-03
   1.9636470e-03
   2.1743710e-03
   2.3720750e-03
   2.5513990e-03
   2.7261060e-03
   2.9148820e-03
   3.1115440e-03
   3.3010030e-03
   3.4713010e-03
   3.6111740e-03
   3.7141560e-03
   3.7776100e-03
   3.8152250e-03
   3.8474920e-03
   3.8875150e-03
   3.9411760e-03
   4.0041140e-03
   4.0722860e-03
   4.1537380e-03
   4.2654860e-03
   4.4074740e-03
   4.5600940e-03
   4.7049060e-03
   4.8298880e-03
   4.9343340e-03
   5.0244180e-03
   5.1060200e-03
   5.1873080e-03
   5.2826600e-03
   5.3987020e-03
   5.5248400e-03
   5.6504950e-03
   5.7712700e-03
   5.8803250e-03
   5.9608230e-03
   6.0045870e-03
   6.0215140e-03
   6.0203140e-03
   6.0001280e-03
   5.9554860e-03
   5.8864860e-03
   5.8001430e-03
   5.7061960e-03
   5.6136880e-03
   5.5195310e-03
   5.4140950e-03
   5.2976500e-03
   5.1794590e-03
   5.0646640e-03
   4.9466490e-03
   4.8257080e-03
   4.7090040e-03
   4.5944120e-03
   4.4682730e-03
   4.3217270e-03
   4.1614700e-03
   3.9939900e-03
   3.8320490e-03
   3.6927930e-03
   3.5803410e-03
   3.4947970e-03
   3.4298480e-03
   3.3684280e-03
   3.2997610e-03
   3.2213330e-03
   3.1336630e-03
   3.0400210e-03
   2.9455980e-03
   2.8473820e-03
   2.7461070e-03
   2.6474080e-03
   2.5500200e-03
   2.4416360e-03
   2.3177830e-03
   2.1877670e-03
   2.0658380e-03
   1.9681750e-03
   1.8983390e-03
   1.8464800e-03
   1.8090300e-03
   1.7835220e-03
   1.7676970e-03
   1.7578510e-03
   1.7523270e-03
   1.7555180e-03
   1.7568170e-03
   1.7424830e-03
   1.7117500e-03
   1.6748000e-03
   1.6504660e-03
   1.6548240e-03
   1.6912380e-03
   1.7452680e-03
   1.7954450e-03
   1.8335570e-03
   1.8646390e-03
   1.8864760e-03
   1.8923630e-03
   1.8887290e-03
   1.8914520e-03
   1.9109800e-03
   1.9362450e-03
   1.9499260e-03
   1.9397840e-03
   1.8959930e-03
   1.8241850e-03
   1.7460880e-03
   1.6803300e-03
   1.6265150e-03
   1.5770160e-03
   1.5303140e-03
   1.4944550e-03
   1.4796780e-03
   1.4840170e-03
   1.4839630e-03
   1.4676940e-03
   1.4502920e-03
   1.4525630e-03
   1.4843420e-03
   1.5352110e-03
   1.5822430e-03
   1.5998340e-03
   1.5770940e-03
   1.5220860e-03
   1.4517240e-03
   1.3865910e-03
   1.3473050e-03
   1.3414840e-03
   1.3481420e-03
   1.3450740e-03
   1.3323620e-03
   1.3236260e-03
   1.3251640e-03
   1.3338720e-03
   1.3452440e-03
   1.3580910e-03
   1.3751520e-03
   1.3932360e-03
   1.3978660e-03
   1.3768120e-03
   1.3304350e-03
   1.2661340e-03
   1.1977320e-03
   1.1475300e-03
   1.1258570e-03
   1.1279170e-03
   1.1399770e-03
   1.1388790e-03
   1.1092190e-03
   1.0433070e-03
   9.3823950e-04
   7.9824400e-04
   6.3070440e-04
   4.4037180e-04
   2.4047240e-04
   4.8856600e-05
  -1.2972340e-04
  -3.0683860e-04
  -4.8768550e-04
  -6.5833270e-04
  -8.1322280e-04
  -9.5907430e-04
  -1.1059090e-03
  -1.2550030e-03
  -1.3970390e-03
  -1.5238930e-03
  -1.6377560e-03
  -1.7535980e-03
  -1.8904400e-03
  -2.0573950e-03
  -2.2407670e-03
  -2.4079540e-03
  -2.5359620e-03
  -2.6223710e-03
  -2.6675660e-03
  -2.6679430e-03
  -2.6292140e-03
  -2.5754750e-03
  -2.5313320e-03
  -2.5111810e-03
  -2.5091070e-03
  -2.5181630e-03
  -2.5413430e-03
  -2.5809530e-03
  -2.6275130e-03
  -2.6752620e-03
  -2.7319750e-03
  -2.8036230e-03
  -2.8893460e-03
  -2.9853960e-03
  -3.0806570e-03
  -3.1687520e-03
  -3.2668160e-03
  -3.3934090e-03
  -3.5431830e-03
  -3.6969090e-03
  -3.8408670e-03
  -3.9662950e-03
  -4.0722720e-03
  -4.1656550e-03
  -4.2518840e-03
  -4.3410030e-03
  -4.4470560e-03
  -4.5721230e-03
  -4.7063110e-03
  -4.8402110e-03
  -4.9673910e-03
  -5.0858060e-03
  -5.2010490e-03
  -5.3228150e-03
  -5.4616660e-03
  -5.6190480e-03
  -5.7803180e-03
  -5.9187100e-03
  -6.0163260e-03
  -6.0765140e-03
  -6.1033260e-03
  -6.0947160e-03
  -6.0559220e-03
  -6.0006820e-03
  -5.9493930e-03
  -5.9266910e-03
  -5.9423340e-03
  -5.9792390e-03
  -6.0139660e-03
  -6.0394630e-03
  -6.0551220e-03
  -6.0566870e-03
  -6.0411300e-03
  -6.0102800e-03
  -5.9675130e-03
  -5.9237350e-03
  -5.8969760e-03
  -5.8856580e-03
  -5.8626080e-03
  -5.8094310e-03
  -5.7281870e-03
  -5.6312770e-03
  -5.5364710e-03
  -5.4646150e-03
  -5.4234900e-03
  -5.4086240e-03
  -5.4160940e-03
  -5.4416830e-03
  -5.4776520e-03
  -5.5155120e-03
  -5.5448030e-03
  -5.5552190e-03
  -5.5365620e-03
  -5.4860430e-03
  -5.4157400e-03
  -5.3416620e-03
  -5.2740350e-03
  -5.2236550e-03
  -5.1969580e-03
  -5.1934310e-03
  -5.2116370e-03
  -5.2482390e-03
  -5.2958320e-03
  -5.3369760e-03
  -5.3538020e-03
  -5.3399670e-03
  -5.2922250e-03
  -5.2199250e-03
  -5.1452790e-03
  -5.0901310e-03
  -5.0638460e-03
  -5.0632310e-03
  -5.0757850e-03
  -5.0897300e-03
  -5.0985010e-03
  -5.1008480e-03
  -5.0977670e-03
  -5.0892660e-03
  -5.0736090e-03
  -5.0568460e-03
  -5.0518870e-03
  -5.0670660e-03
  -5.0963840e-03
  -5.1404000e-03
  -5.2062580e-03
  -5.3011120e-03
  -5.4228120e-03
  -5.5550560e-03
  -5.6736660e-03
  -5.7595390e-03
  -5.8122550e-03
  -5.8391330e-03
  -5.8545220e-03
  -5.8703400e-03
  -5.8968610e-03
  -5.9496830e-03
  -6.0411250e-03
  -6.1664700e-03
  -6.3096970e-03
  -6.4422050e-03
  -6.5484930e-03
  -6.6451830e-03
  -6.7545010e-03
  -6.8784810e-03
  -7.0003040e-03
  -7.0989760e-03
  -7.1605390e-03
  -7.1869250e-03
  -7.2018740e-03
  -7.2358430e-03
  -7.3030130e-03
  -7.3965530e-03
  -7.5038090e-03
  -7.6109390e-03
  -7.6977420e-03
  -7.7455440e-03
  -7.7507140e-03
  -7.7285710e-03
  -7.7055570e-03
  -7.6914950e-03
  -7.6714730e-03
  -7.6307530e-03
  -7.5679640e-03
  -7.4833590e-03
  -7.3740510e-03
  -7.2334820e-03
  -7.0574010e-03
  -6.8566130e-03
  -6.6533050e-03
  -6.4682540e-03
  -6.3013690e-03
  -6.1326620e-03
  -5.9549870e-03
  -5.7778250e-03
  -5.6083380e-03
  -5.4490910e-03
  -5.2949180e-03
  -5.1332140e-03
  -4.9536720e-03
  -4.7384680e-03
  -4.4790130e-03
  -4.2068420e-03
  -3.9553490e-03
  -3.7268830e-03
  -3.5056570e-03
  -3.2818110e-03
  -3.0549630e-03
  -2.8264210e-03
  -2.5931390e-03
  -2.3495120e-03
  -2.0880500e-03
  -1.8101780e-03
  -1.5247650e-03
  -1.2436330e-03
  -9.7378350e-04
  -7.1311830e-04
  -4.6012330e-04
  -2.1671400e-04
   1.9629220e-05
   2.5975970e-04
   5.0337110e-04
   7.4374230e-04
   9.8598300e-04
   1.2379110e-03
   1.5038670e-03
   1.7790950e-03
   2.0515720e-03
   2.2964910e-03
   2.4962360e-03
   2.6595870e-03
   2.7974640e-03
   2.9166880e-03
   3.0202460e-03
   3.1111990e-03
   3.1963600e-03
   3.2834410e-03
   3.3749240e-03
   3.4608870e-03
   3.5292220e-03
   3.5731020e-03
   3.5870970e-03
   3.5700070e-03
   3.5423980e-03
   3.5248880e-03
   3.5216920e-03
   3.5256540e-03
   3.5319230e-03
   3.5487120e-03
   3.5884960e-03
   3.6482180e-03
   3.7141380e-03
   3.7780170e-03
   3.8387770e-03
   3.8978270e-03
   3.9561360e-03
   4.0188620e-03
   4.0857210e-03
   4.1431820e-03
   4.1867200e-03
   4.2350300e-03
   4.3045690e-03
   4.3839830e-03
   4.4658010e-03
   4.5485530e-03
   4.6291150e-03
   4.6975820e-03
   4.7441980e-03
   4.7674530e-03
   4.7761330e-03
   4.7871160e-03
   4.8230440e-03
   4.8961630e-03
   4.9841490e-03
   5.0508210e-03
   5.0797300e-03
   5.0818700e-03
   5.0760760e-03
   5.0755970e-03
   5.0837040e-03
   5.1010450e-03
   5.1218450e-03
   5.1334650e-03
   5.1418830e-03
   5.1522850e-03
   5.1613090e-03
   5.1669750e-03
   5.1649060e-03
   5.1555160e-03
   5.1380680e-03
   5.1028010e-03
   5.0473750e-03
   4.9750790e-03
   4.8886090e-03
   4.7942360e-03
   4.6901380e-03
   4.5790840e-03
   4.4699890e-03
   4.3630360e-03
   4.2589150e-03
   4.1692070e-03
   4.0990300e-03
   4.0349430e-03
   3.9559420e-03
   3.8561780e-03
   3.7426730e-03
   3.6189330e-03
   3.4882100e-03
   3.3555530e-03
   3.2281310e-03
   3.1069160e-03
   2.9802780e-03
   2.8391200e-03
   2.6924160e-03
   2.5623230e-03
   2.4631920e-03
   2.3896200e-03
   2.3139710e-03
   2.2125970e-03
   2.0911880e-03
   1.9725230e-03
   1.8770020e-03
   1.8109710e-03
   1.7696720e-03
   1.7404030e-03
   1.7061040e-03
   1.6564000e-03
   1.5870710e-03
   1.5025650e-03
   1.4090140e-03
   1.3070230e-03
   1.2004380e-03
   1.0965540e-03
   9.9788540e-04
   9.0276980e-04
   8.0638680e-04
   6.9683080e-04
   5.5880070e-04
   3.8280220e-04
   1.7528440e-04
  -4.3117970e-05
  -2.5234670e-04
  -4.4980830e-04
  -6.4475770e-04
  -8.3553820e-04
  -1.0195200e-03
  -1.2042530e-03
  -1.3991680e-03
  -1.6054190e-03
  -1.8141400e-03
  -2.0092640e-03
  -2.1857540e-03
  -2.3605580e-03
  -2.5448380e-03
  -2.7300490e-03
  -2.9115640e-03
  -3.0849130e-03
  -3.2421490e-03
  -3.3813820e-03
  -3.5090220e-03
  -3.6309870e-03
  -3.7471890e-03
  -3.8542690e-03
  -3.9544570e-03
  -4.0554790e-03
  -4.1627520e-03
  -4.2751200e-03
  -4.3854010e-03
  -4.4958350e-03
  -4.6086810e-03
  -4.7179960e-03
  -4.8152700e-03
  -4.8995740e-03
  -4.9785630e-03
  -5.0562990e-03
  -5.1231190e-03
  -5.1586090e-03
  -5.1544740e-03
  -5.1254580e-03
  -5.0966620e-03
  -5.0824110e-03
  -5.0797450e-03
  -5.0812280e-03
  -5.0820620e-03
  -5.0773540e-03
  -5.0634870e-03
  -5.0403760e-03
  -5.0070120e-03
  -4.9624950e-03
  -4.9083150e-03
  -4.8568410e-03
  -4.8202520e-03
  -4.7952840e-03
  -4.7755010e-03
  -4.7577290e-03
  -4.7407130e-03
  -4.7237160e-03
  -4.6966220e-03
  -4.6500600e-03
  -4.5860890e-03
  -4.4987010e-03
  -4.3764960e-03
  -4.2202210e-03
  -4.0345200e-03
  -3.8239450e-03
  -3.6031300e-03
  -3.3944540e-03
  -3.2099600e-03
  -3.0452510e-03
  -2.8856480e-03
  -2.7231880e-03
  -2.5654890e-03
  -2.4166380e-03
  -2.2694830e-03
  -2.1200050e-03
  -1.9791410e-03
  -1.8450340e-03
  -1.6975740e-03
  -1.5302180e-03
  -1.3452250e-03
  -1.1499450e-03
  -9.6342020e-04
  -8.0361030e-04
  -6.7748200e-04
  -5.7610120e-04
  -4.8495490e-04
  -3.9528080e-04
  -3.0196880e-04
  -2.0181800e-04
  -8.7087260e-05
   4.1661080e-05
   1.8081320e-04
   3.2427670e-04
   4.6576840e-04
   6.0219870e-04
   7.2965350e-04
   8.4481250e-04
   9.4518220e-04
   1.0307070e-03
   1.1096810e-03
   1.1920220e-03
   1.2845350e-03
   1.3832190e-03
   1.4827390e-03
   1.5849140e-03
   1.6851920e-03
   1.7676970e-03
   1.8104150e-03
   1.8028720e-03
   1.7555010e-03
   1.6933950e-03
   1.6369560e-03
   1.5975200e-03
   1.5754210e-03
   1.5593300e-03
   1.5394000e-03
   1.5089500e-03
   1.4601070e-03
   1.3917980e-03
   1.3113460e-03
   1.2251570e-03
   1.1448460e-03
   1.0776180e-03
   1.0111440e-03
   9.2727300e-04
   8.0991730e-04
   6.5492890e-04
   4.7843300e-04
   3.0309510e-04
   1.4893840e-04
   3.4711810e-05
  -3.3000410e-05
  -7.1153360e-05
  -1.0115950e-04
  -1.3115890e-04
  -1.5566500e-04
  -1.6902290e-04
  -1.7498050e-04
  -1.7598590e-04
  -1.7182010e-04
  -1.5718220e-04
  -1.3215210e-04
  -1.0417080e-04
  -7.9566780e-05
  -5.8616820e-05
  -3.9763980e-05
  -2.6878180e-05
  -2.4443400e-05
  -2.6999920e-05
  -1.9182270e-05
   1.0039510e-05
   6.6633720e-05
   1.5299360e-04
   2.7010320e-04
   4.0773390e-04
   5.3880870e-04
   6.4562850e-04
   7.2808460e-04
   7.9653940e-04
   8.6581170e-04
   9.5073580e-04
   1.0491060e-03
   1.1448400e-03
   1.2266530e-03
   1.3047300e-03
   1.4088470e-03
   1.5598270e-03
   1.7482400e-03
   1.9400100e-03
   2.1002530e-03
   2.2172300e-03
   2.2923030e-03
   2.3257180e-03
   2.3206830e-03
   2.2912000e-03
   2.2598380e-03
   2.2375310e-03
   2.2108060e-03
   2.1675740e-03
   2.1106910e-03
   2.0572120e-03
   2.0168320e-03
   1.9799950e-03
   1.9252150e-03
   1.8495560e-03
   1.7731000e-03
   1.6995560e-03
   1.6154100e-03
   1.5064260e-03
   1.3742830e-03
   1.2390220e-03
   1.1251320e-03
   1.0402990e-03
   9.8555090e-04
   9.5545100e-04
   9.2870460e-04
   8.8391560e-04
   8.1513170e-04
   7.3225240e-04
   6.5262890e-04
   5.9416690e-04
   5.6817630e-04
   5.6983960e-04
   5.8245790e-04
   5.9796450e-04
   6.1771380e-04
   6.3682570e-04
   6.4598420e-04
   6.4083940e-04
   6.2983140e-04
   6.2693440e-04
   6.4658320e-04
   7.0205920e-04
   7.9683240e-04
   9.2402110e-04
   1.0732520e-03
   1.2306000e-03
   1.3762980e-03
   1.4852520e-03
   1.5482580e-03
   1.5745270e-03
   1.5750270e-03
   1.5643120e-03
   1.5566520e-03
   1.5667780e-03
   1.6056830e-03
   1.6656910e-03
   1.7345690e-03
   1.8034320e-03
   1.8602420e-03
   1.9013530e-03
   1.9236500e-03
   1.9154700e-03
   1.8652110e-03
   1.7741520e-03
   1.6607100e-03
   1.5555380e-03
   1.4839250e-03
   1.4402590e-03
   1.3882860e-03
   1.3064430e-03
   1.2074910e-03
   1.1040040e-03
   1.0054340e-03
   9.1851280e-04
   8.4921900e-04
   7.9313480e-04
   7.2852250e-04
   6.3404520e-04
   5.1070060e-04
   3.7958690e-04
   2.5516310e-04
   1.4844690e-04
   6.8750950e-05
   1.4543730e-05
  -1.6853650e-05
  -1.9104310e-05
   1.5122700e-05
   8.9068050e-05
   1.9758400e-04
   3.2556260e-04
   4.5493890e-04
   5.7489490e-04
   6.8220270e-04
   7.7745400e-04
   8.6910910e-04
   9.6380130e-04
   1.0698950e-03
   1.1952460e-03
   1.3329540e-03
   1.4663040e-03
   1.5839670e-03
   1.6804060e-03
   1.7579770e-03
   1.8312990e-03
   1.9088590e-03
   1.9889310e-03
   2.0767420e-03
   2.1821950e-03
   2.2926790e-03
   2.3944750e-03
   2.4882960e-03
   2.5737380e-03
   2.6539990e-03
   2.7414940e-03
   2.8491440e-03
   2.9764410e-03
   3.1087640e-03
   3.2305580e-03
   3.3329350e-03
   3.4019100e-03
   3.4242220e-03
   3.4037140e-03
   3.3678700e-03
   3.3470620e-03
   3.3558900e-03
   3.3936330e-03
   3.4384360e-03
   3.4659520e-03
   3.4650030e-03
   3.4450330e-03
   3.4310200e-03
   3.4456940e-03
   3.4925830e-03
   3.5613810e-03
   3.6374730e-03
   3.7110240e-03
   3.7813340e-03
   3.8522460e-03
   3.9259830e-03
   4.0055420e-03
   4.0996510e-03
   4.2179570e-03
   4.3618750e-03
   4.5212330e-03
   4.6856790e-03
   4.8504700e-03
   5.0114350e-03
   5.1658170e-03
   5.3215090e-03
   5.4998030e-03
   5.7133850e-03
   5.9579910e-03
   6.2176810e-03
   6.4660400e-03
   6.6879640e-03
   6.8863890e-03
   7.0731500e-03
   7.2533080e-03
   7.4300320e-03
   7.5986020e-03
   7.7565000e-03
   7.9096440e-03
   8.0554630e-03
   8.1946840e-03
   8.3441750e-03
   8.5176060e-03
   8.7050470e-03
   8.8911650e-03
   9.0669520e-03
   9.2304800e-03
   9.3845330e-03
   9.5267860e-03
   9.6460710e-03
   9.7386430e-03
   9.8109930e-03
   9.8661690e-03
   9.9072740e-03
   9.9311440e-03
   9.9398620e-03
   9.9407860e-03
   9.9383260e-03
   9.9374880e-03
   9.9453040e-03
   9.9600260e-03
   9.9712250e-03
   9.9693140e-03
   9.9535910e-03
   9.9413790e-03
   9.9440780e-03
   9.9592550e-03
   9.9801560e-03
   9.9930290e-03
   9.9794860e-03
   9.9352560e-03
   9.8733950e-03
   9.8052140e-03
   9.7321780e-03
   9.6578670e-03
   9.5867840e-03
   9.5163640e-03
   9.4441850e-03
   9.3769670e-03
   9.3230990e-03
   9.2856780e-03
   9.2668430e-03
   9.2583120e-03
   9.2488220e-03
   9.2240940e-03
   9.1670420e-03
   9.0781110e-03
   8.9711100e-03
   8.8694110e-03
   8.7903740e-03
   8.7320010e-03
   8.6851360e-03
   8.6442000e-03
   8.6112650e-03
   8.5868520e-03
   8.5591380e-03
   8.5097390e-03
   8.4448580e-03
   8.3846370e-03
   8.3519880e-03
   8.3592810e-03
   8.3932130e-03
   8.4317420e-03
   8.4569840e-03
   8.4591660e-03
   8.4422260e-03
   8.4184170e-03
   8.3901540e-03
   8.3544930e-03
   8.3122510e-03
   8.2699330e-03
   8.2381070e-03
   8.2216740e-03
   8.2161090e-03
   8.2176300e-03
   8.2287680e-03
   8.2486750e-03
   8.2710070e-03
   8.2912960e-03
   8.3054910e-03
   8.3137680e-03
   8.3330310e-03
   8.3825490e-03
   8.4539750e-03
   8.5191400e-03
   8.5559080e-03
   8.5707260e-03
   8.5812900e-03
   8.5857810e-03
   8.5649410e-03
   8.5055830e-03
   8.4084800e-03
   8.2863220e-03
   8.1606200e-03
   8.0483250e-03
   7.9506650e-03
   7.8519330e-03
   7.7460660e-03
   7.6340320e-03
   7.5104560e-03
   7.3815820e-03
   7.2532600e-03
   7.1276860e-03
   7.0097870e-03
   6.9048800e-03
   6.8092590e-03
   6.7181580e-03
   6.6301480e-03
   6.5411710e-03
   6.4448940e-03
   6.3448910e-03
   6.2519100e-03
   6.1789070e-03
   6.1303650e-03
   6.0945570e-03
   6.0461470e-03
   5.9664580e-03
   5.8610220e-03
   5.7498360e-03
   5.6542550e-03
   5.5879050e-03
   5.5409840e-03
   5.4980100e-03
   5.4535690e-03
   5.4122260e-03
   5.3771330e-03
   5.3521880e-03
   5.3313000e-03
   5.3007210e-03
   5.2508870e-03
   5.1950140e-03
   5.1502140e-03
   5.1112700e-03
   5.0658390e-03
   5.0081020e-03
   4.9431600e-03
   4.8728300e-03
   4.7989980e-03
   4.7212990e-03
   4.6419690e-03
   4.5658570e-03
   4.4949480e-03
   4.4229150e-03
   4.3437480e-03
   4.2532610e-03
   4.1503410e-03
   4.0417320e-03
   3.9414090e-03
   3.8665780e-03
   3.8257820e-03
   3.8150180e-03
   3.8222680e-03
   3.8313110e-03
   3.8211420e-03
   3.7742080e-03
   3.6914000e-03
   3.5998330e-03
   3.5375600e-03
   3.5245820e-03
   3.5532420e-03
   3.5944800e-03
   3.6220910e-03
   3.6214820e-03
   3.5819990e-03
   3.5032840e-03
   3.4028600e-03
   3.3055720e-03
   3.2237410e-03
   3.1497320e-03
   3.0682320e-03
   2.9783500e-03
   2.8870480e-03
   2.7942630e-03
   2.6954950e-03
   2.5842020e-03
   2.4585080e-03
   2.3189420e-03
   2.1603650e-03
   1.9906630e-03
   1.8305740e-03
   1.6813370e-03
   1.5378380e-03
   1.3982460e-03
   1.2488560e-03
   1.0799170e-03
   8.9565260e-04
   7.1331130e-04
   5.5206060e-04
   4.1281190e-04
   2.8779350e-04
   1.7501350e-04
   6.8070730e-05
  -4.5417200e-05
  -1.7452920e-04
  -3.2350290e-04
  -4.9115390e-04
  -6.6711030e-04
  -8.3585230e-04
  -9.8976080e-04
  -1.1325840e-03
  -1.2698680e-03
  -1.3962130e-03
  -1.5067340e-03
  -1.6106870e-03
  -1.7267140e-03
  -1.8583890e-03
  -1.9854270e-03
  -2.0957620e-03
  -2.1907390e-03
  -2.2775950e-03
  -2.3527680e-03
  -2.4129870e-03
  -2.4704840e-03
  -2.5375650e-03
  -2.6162360e-03
  -2.7048420e-03
  -2.7923000e-03
  -2.8641760e-03
  -2.9193300e-03
  -2.9651560e-03
  -3.0112180e-03
  -3.0691270e-03
  -3.1586300e-03
  -3.2906190e-03
  -3.4604490e-03
  -3.6539420e-03
  -3.8458560e-03
  -4.0150030e-03
  -4.1594010e-03
  -4.2926930e-03
  -4.4235980e-03
  -4.5486020e-03
  -4.6612230e-03
  -4.7580390e-03
  -4.8369610e-03
  -4.9008780e-03
  -4.9539230e-03
  -4.9993420e-03
  -5.0572770e-03
  -5.1395110e-03
  -5.2357950e-03
  -5.3295830e-03
  -5.4071670e-03
  -5.4587020e-03
  -5.4773910e-03
  -5.4670180e-03
  -5.4245930e-03
  -5.3412930e-03
  -5.2297900e-03
  -5.1159830e-03
  -5.0201210e-03
  -4.9531870e-03
  -4.9112640e-03
  -4.8874430e-03
  -4.8689570e-03
  -4.8401750e-03
  -4.8031750e-03
  -4.7641810e-03
  -4.7171420e-03
  -4.6487530e-03
  -4.5481300e-03
  -4.4144580e-03
  -4.2579530e-03
  -4.0969700e-03
  -3.9415690e-03
  -3.7906790e-03
  -3.6386430e-03
  -3.4843810e-03
  -3.3322080e-03
  -3.1830430e-03
  -3.0320800e-03
  -2.8756180e-03
  -2.7089710e-03
  -2.5403960e-03
  -2.3800170e-03
  -2.2264050e-03
  -2.0732980e-03
  -1.9217850e-03
  -1.7865480e-03
  -1.6739540e-03
  -1.5821910e-03
  -1.5075850e-03
  -1.4347390e-03
  -1.3479740e-03
  -1.2516190e-03
  -1.1562200e-03
  -1.0555370e-03
  -9.4202700e-04
  -8.2565120e-04
  -7.2428930e-04
  -6.5044470e-04
  -6.1873840e-04
  -6.3699680e-04
  -6.9847680e-04
  -7.8211900e-04
  -8.6135540e-04
  -9.1599660e-04
  -9.3305480e-04
  -9.1230140e-04
  -8.7305050e-04
  -8.5385180e-04
  -8.8549160e-04
  -9.7040460e-04
  -1.1097710e-03
  -1.2642810e-03
  -1.4221120e-03
  -1.5513420e-03
  -1.6240600e-03
  -1.6543720e-03
  -1.6740280e-03
  -1.6959820e-03
  -1.7349300e-03
  -1.8030390e-03
  -1.8922340e-03
  -1.9789040e-03
  -2.0347930e-03
  -2.0475900e-03
  -2.0331810e-03
  -2.0213680e-03
  -2.0341470e-03
  -2.0765360e-03
  -2.1355900e-03
  -2.1942600e-03
  -2.2447490e-03
  -2.2860580e-03
  -2.3255540e-03
  -2.3805140e-03
  -2.4687970e-03
  -2.6004870e-03
  -2.7686730e-03
  -2.9506750e-03
  -3.1265190e-03
  -3.2889510e-03
  -3.4284660e-03
  -3.5294460e-03
  -3.5845260e-03
  -3.6052300e-03
  -3.6070650e-03
  -3.6000230e-03
  -3.6029530e-03
  -3.6460760e-03
  -3.7442400e-03
  -3.8769210e-03
  -4.0092070e-03
  -4.1139000e-03
  -4.1865430e-03
  -4.2393520e-03
  -4.2903230e-03
  -4.3619350e-03
  -4.4679970e-03
  -4.6027470e-03
  -4.7514740e-03
  -4.8958750e-03
  -5.0227940e-03
  -5.1259760e-03
  -5.2122540e-03
  -5.3054590e-03
  -5.4234120e-03
  -5.5675750e-03
  -5.7226320e-03
  -5.8598980e-03
  -5.9609680e-03
  -6.0362620e-03
  -6.1077430e-03
  -6.1839320e-03
  -6.2623440e-03
  -6.3436180e-03
  -6.4318000e-03
  -6.5362190e-03
  -6.6646540e-03
  -6.8104530e-03
  -6.9538160e-03
  -7.0717400e-03
  -7.1510200e-03
  -7.1925340e-03
  -7.2168090e-03
  -7.2486550e-03
  -7.2994430e-03
  -7.3618750e-03
  -7.4183370e-03
  -7.4666360e-03
  -7.5091570e-03
  -7.5461410e-03
  -7.5821450e-03
  -7.6258620e-03
  -7.6809780e-03
  -7.7456110e-03
  -7.8098150e-03
  -7.8603010e-03
  -7.8918870e-03
  -7.9140490e-03
  -7.9332870e-03
  -7.9443180e-03
  -7.9495400e-03
  -7.9539850e-03
  -7.9588070e-03
  -7.9630960e-03
  -7.9665330e-03
  -7.9730590e-03
  -7.9762390e-03
  -7.9638330e-03
  -7.9370700e-03
  -7.9074520e-03
  -7.8775760e-03
  -7.8330870e-03
  -7.7612840e-03
  -7.6651300e-03
  -7.5516260e-03
  -7.4295020e-03
  -7.3160270e-03
  -7.2204990e-03
  -7.1387240e-03
  -7.0629390e-03
  -6.9885290e-03
  -6.9104990e-03
  -6.8332190e-03
  -6.7705570e-03
  -6.7261670e-03
  -6.6912780e-03
  -6.6481850e-03
  -6.5753690e-03
  -6.4626090e-03
  -6.3198170e-03
  -6.1628880e-03
  -6.0032150e-03
  -5.8385220e-03
  -5.6579050e-03
  -5.4653260e-03
  -5.2858860e-03
  -5.1451280e-03
  -5.0534080e-03
  -5.0041100e-03
  -4.9793100e-03
  -4.9579330e-03
  -4.9272450e-03
  -4.8883910e-03
  -4.8461450e-03
  -4.8062360e-03
  -4.7643640e-03
  -4.7042070e-03
  -4.6294290e-03
  -4.5566470e-03
  -4.4995430e-03
  -4.4634050e-03
  -4.4403690e-03
  -4.4156720e-03
  -4.3738450e-03
  -4.2914980e-03
  -4.1601710e-03
  -3.9892060e-03
  -3.7958680e-03
  -3.6061480e-03
  -3.4521910e-03
  -3.3585590e-03
  -3.3236950e-03
  -3.3174750e-03
  -3.3056090e-03
  -3.2652600e-03
  -3.1978250e-03
  -3.1226660e-03
  -3.0602830e-03
  -3.0159790e-03
  -2.9774030e-03
  -2.9197670e-03
  -2.8341220e-03
  -2.7309750e-03
  -2.6345670e-03
  -2.5625650e-03
  -2.5123120e-03
  -2.4722020e-03
  -2.4261790e-03
  -2.3582440e-03
  -2.2619720e-03
  -2.1473460e-03
  -2.0331080e-03
  -1.9222160e-03
  -1.8084040e-03
  -1.6905990e-03
  -1.5711950e-03
  -1.4542400e-03
  -1.3324150e-03
  -1.1942910e-03
  -1.0432120e-03
  -8.8816240e-04
  -7.4418050e-04
  -6.1950720e-04
  -5.1051430e-04
  -4.1219220e-04
  -3.2348630e-04
  -2.4176440e-04
  -1.6999290e-04
  -1.1935580e-04
  -9.4863070e-05
  -9.1780030e-05
  -1.0057690e-04
  -1.1098410e-04
  -1.1604560e-04
  -1.1448130e-04
  -1.0533870e-04
  -8.6007210e-05
  -5.0513620e-05
   1.4375330e-05
   1.0715680e-04
   2.0866460e-04
   3.0075290e-04
   3.7637510e-04
   4.4849920e-04
   5.2828070e-04
   6.0797830e-04
   6.7610960e-04
   7.3696640e-04
   8.0721240e-04
   8.9256840e-04
   9.8131150e-04
   1.0708540e-03
   1.1552110e-03
   1.2216370e-03
   1.2585510e-03
   1.2611630e-03
   1.2323070e-03
   1.1812060e-03
   1.1218100e-03
   1.0674090e-03
   1.0327240e-03
   1.0352720e-03
   1.0824200e-03
   1.1598030e-03
   1.2417000e-03
   1.2954200e-03
   1.3069710e-03
   1.2918930e-03
   1.2716810e-03
   1.2624970e-03
   1.2631620e-03
   1.2590500e-03
   1.2374440e-03
   1.1965580e-03
   1.1469240e-03
   1.1116190e-03
   1.1121210e-03
   1.1475480e-03
   1.2105380e-03
   1.2937880e-03
   1.3883380e-03
   1.4806130e-03
   1.5454420e-03
   1.5594930e-03
   1.5209830e-03
   1.4481910e-03
   1.3632490e-03
   1.2867080e-03
   1.2362540e-03
   1.2199040e-03
   1.2274340e-03
   1.2414190e-03
   1.2517480e-03
   1.2537850e-03
   1.2479450e-03
   1.2404200e-03
   1.2373560e-03
   1.2324480e-03
   1.2121510e-03
   1.1654770e-03
   1.0876140e-03
   9.7645630e-04
   8.3530350e-04
   6.8689290e-04
   5.6577730e-04
   4.8862820e-04
   4.4147390e-04
   3.9211590e-04
   3.1615990e-04
   2.1422000e-04
   1.0450900e-04
   4.9722910e-06
  -7.5544080e-05
  -1.4334810e-04
  -2.1046580e-04
  -2.8480230e-04
  -3.6155780e-04
  -4.2864920e-04
  -4.8297420e-04
  -5.2585970e-04
  -5.6112200e-04
  -5.9079270e-04
  -6.0909020e-04
  -6.1438720e-04
  -6.1116580e-04
  -6.0792510e-04
  -6.1316110e-04
  -6.2334490e-04
  -6.3369570e-04
  -6.5732090e-04
  -7.0390090e-04
  -7.6338470e-04
  -8.1950150e-04
  -8.6180930e-04
  -8.8719940e-04
  -8.8730110e-04
  -8.7007810e-04
  -8.4806750e-04
  -8.2737200e-04
  -8.0585130e-04
  -7.8280950e-04
  -7.6908730e-04
  -7.7064860e-04
  -7.7499820e-04
  -7.6200250e-04
  -7.2960110e-04
  -6.9959150e-04
  -6.9434990e-04
  -7.2675850e-04
  -7.9063440e-04
  -8.6635430e-04
  -9.3924520e-04
  -1.0055620e-03
  -1.0598370e-03
  -1.0979740e-03
  -1.1306410e-03
  -1.1759690e-03
  -1.2325130e-03
  -1.2901390e-03
  -1.3412270e-03
  -1.3859880e-03
  -1.4272020e-03
  -1.4655930e-03
  -1.4992850e-03
  -1.5260040e-03
  -1.5503140e-03
  -1.5756760e-03
  -1.5941300e-03
  -1.5960960e-03
  -1.5847640e-03
  -1.5655490e-03
  -1.5435500e-03
  -1.5244500e-03
  -1.5052420e-03
  -1.4814700e-03
  -1.4553960e-03
  -1.4259560e-03
  -1.3899400e-03
  -1.3495580e-03
  -1.3109180e-03
  -1.2756350e-03
  -1.2427670e-03
  -1.2126210e-03
  -1.1864690e-03
  -1.1674430e-03
  -1.1616470e-03
  -1.1676050e-03
  -1.1859110e-03
  -1.2141670e-03
  -1.2463200e-03
  -1.2748520e-03
  -1.2952070e-03
  -1.3171040e-03
  -1.3576490e-03
  -1.4198130e-03
  -1.4894900e-03
  -1.5543150e-03
  -1.6078080e-03
  -1.6436340e-03
  -1.6630950e-03
  -1.6793660e-03
  -1.6967500e-03
  -1.7133190e-03
  -1.7243230e-03
  -1.7383780e-03
  -1.7690920e-03
  -1.8136210e-03
  -1.8502820e-03
  -1.8562860e-03
  -1.8276580e-03
  -1.7718440e-03
  -1.7063110e-03
  -1.6482650e-03
  -1.6032550e-03
  -1.5641280e-03
  -1.5242350e-03
  -1.4884380e-03
  -1.4693500e-03
  -1.4739480e-03
  -1.4981060e-03
  -1.5357980e-03
  -1.5859620e-03
  -1.6435930e-03
  -1.6866470e-03
  -1.6985540e-03
  -1.6807470e-03
  -1.6397640e-03
  -1.5859480e-03
  -1.5367850e-03
  -1.5208830e-03
  -1.5564820e-03
  -1.6309840e-03
  -1.7112180e-03
  -1.7746700e-03
  -1.8188870e-03
  -1.8463410e-03
  -1.8619440e-03
  -1.8742730e-03
  -1.8954150e-03
  -1.9307260e-03
  -1.9692010e-03
  -1.9988300e-03
  -2.0259160e-03
  -2.0522570e-03
  -2.0718820e-03
  -2.0869060e-03
  -2.0995210e-03
  -2.0985510e-03
  -2.0743710e-03
  -2.0335840e-03
  -1.9949650e-03
  -1.9815190e-03
  -2.0023680e-03
  -2.0522030e-03
  -2.1144660e-03
  -2.1688620e-03
  -2.2023940e-03
  -2.2133340e-03
  -2.2000960e-03
  -2.1631230e-03
  -2.1116940e-03
  -2.0568790e-03
  -2.0003700e-03
  -1.9383880e-03
  -1.8761590e-03
  -1.8329280e-03
  -1.8243650e-03
  -1.8449330e-03
  -1.8689060e-03
  -1.8745730e-03
  -1.8575740e-03
  -1.8293260e-03
  -1.7994980e-03
  -1.7680260e-03
  -1.7284720e-03
  -1.6836350e-03
  -1.6454140e-03
  -1.6300990e-03
  -1.6532860e-03
  -1.7098590e-03
  -1.7832660e-03
  -1.8546800e-03
  -1.9110970e-03
  -1.9489020e-03
  -1.9679720e-03
  -1.9681390e-03
  -1.9548480e-03
  -1.9312150e-03
  -1.8994900e-03
  -1.8724450e-03
  -1.8621480e-03
  -1.8707690e-03
  -1.8980890e-03
  -1.9405090e-03
  -1.9869170e-03
  -2.0246580e-03
  -2.0479150e-03
  -2.0531820e-03
  -2.0348450e-03
  -1.9934360e-03
  -1.9390010e-03
  -1.8806640e-03
  -1.8266630e-03
  -1.7791010e-03
  -1.7428080e-03
  -1.7329820e-03
  -1.7600190e-03
  -1.8124040e-03
  -1.8722130e-03
  -1.9252920e-03
  -1.9617040e-03
  -1.9751960e-03
  -1.9629830e-03
  -1.9291290e-03
  -1.8840210e-03
  -1.8467560e-03
  -1.8276220e-03
  -1.8192180e-03
  -1.8103570e-03
  -1.7955690e-03
  -1.7758870e-03
  -1.7538320e-03
  -1.7356130e-03
  -1.7246290e-03
  -1.7185570e-03
  -1.7120600e-03
  -1.7019710e-03
  -1.6855450e-03
  -1.6608450e-03
  -1.6282530e-03
  -1.5903060e-03
  -1.5452200e-03
  -1.4949990e-03
  -1.4586580e-03
  -1.4482880e-03
  -1.4491420e-03
  -1.4362660e-03
  -1.3957350e-03
  -1.3320270e-03
  -1.2556000e-03
  -1.1786540e-03
  -1.1140080e-03
  -1.0689660e-03
  -1.0370250e-03
  -1.0101050e-03
  -9.8536140e-04
  -9.6206790e-04
  -9.4569160e-04
  -9.4399730e-04
  -9.5618330e-04
  -9.7593580e-04
  -9.9885900e-04
  -1.0284720e-03
  -1.0693330e-03
  -1.1148060e-03
  -1.1526380e-03
  -1.1728780e-03
  -1.1732710e-03
  -1.1597650e-03
  -1.1415980e-03
  -1.1251120e-03
  -1.1076220e-03
  -1.0834680e-03
  -1.0479900e-03
  -1.0072570e-03
  -9.7371870e-04
  -9.5237330e-04
  -9.3844580e-04
  -9.2490110e-04
  -9.0424890e-04
  -8.7261540e-04
  -8.3281710e-04
  -7.9425060e-04
  -7.5897690e-04
  -7.2272160e-04
  -6.9440820e-04
  -6.8045490e-04
  -6.8079790e-04
  -6.8476520e-04
  -6.7367930e-04
  -6.3160290e-04
  -5.6055840e-04
  -4.8261980e-04
  -4.1277090e-04
  -3.4940600e-04
  -2.8682130e-04
  -2.2182360e-04
  -1.5297860e-04
  -8.6769920e-05
  -3.8129210e-05
  -1.4868630e-05
  -9.6207840e-06
  -6.5708430e-06
   5.9944280e-06
   3.7180090e-05
   9.6051360e-05
   1.7821040e-04
   2.7230140e-04
   3.7126960e-04
   4.6210660e-04
   5.2893120e-04
   5.6181110e-04
   5.6162060e-04
   5.3615440e-04
   4.9684080e-04
   4.5732420e-04
   4.2600830e-04
   4.1160840e-04
   4.1939120e-04
   4.4631550e-04
   4.7571340e-04
   4.9023800e-04
   4.8525490e-04
   4.7271040e-04
   4.6625590e-04
   4.6760470e-04
   4.7417230e-04
   4.8178900e-04
   4.8555500e-04
   4.7653700e-04
   4.4844380e-04
   3.9747290e-04
   3.2511280e-04
   2.4536740e-04
   1.7311420e-04
   1.1237120e-04
   6.1604060e-05
   1.6925590e-05
  -3.2497960e-05
  -9.4116010e-05
  -1.6213890e-04
  -2.1562550e-04
  -2.3606860e-04
  -2.2435480e-04
  -1.9520560e-04
  -1.6496570e-04
  -1.4918260e-04
  -1.5909620e-04
  -1.9404350e-04
  -2.4259640e-04
  -2.8235770e-04
  -2.9472560e-04
  -2.8096200e-04
  -2.4512650e-04
  -1.9295690e-04
  -1.3478380e-04
  -8.6703170e-05
  -6.1631720e-05
  -5.7368860e-05
  -5.7690180e-05
  -4.2339490e-05
  -6.3125330e-06
   4.2946190e-05
   9.0207310e-05
   1.1783300e-04
   1.1757250e-04
   9.5138790e-05
   7.1063080e-05
   6.7599720e-05
   9.4335230e-05
   1.4449590e-04
   1.9173680e-04
   2.1211680e-04
   2.0870490e-04
   1.9912300e-04
   1.9337950e-04
   1.8820620e-04
   1.7952660e-04
   1.6213810e-04
   1.2521720e-04
   5.8374350e-05
  -3.0660530e-05
  -1.2038070e-04
  -1.8281960e-04
  -1.9581330e-04
  -1.5725640e-04
  -8.2376500e-05
   9.9526410e-06
   1.0312930e-04
   1.8426170e-04
   2.4531000e-04
   2.7470530e-04
   2.6392690e-04
   2.1961320e-04
   1.6601310e-04
   1.3067580e-04
   1.2698440e-04
   1.5894190e-04
   2.1821680e-04
   2.8862630e-04
   3.5755960e-04
   4.1951700e-04
   4.6980460e-04
   5.0311330e-04
   5.2437410e-04
   5.4275270e-04
   5.6312010e-04
   5.9131060e-04
   6.3386370e-04
   6.9981390e-04
   7.9351310e-04
   9.0458780e-04
   1.0155760e-03
   1.1133880e-03
   1.1972190e-03
   1.2757450e-03
   1.3562910e-03
   1.4402860e-03
   1.5140360e-03
   1.5572670e-03
   1.5653000e-03
   1.5523450e-03
   1.5374340e-03
   1.5292660e-03
   1.5198210e-03
   1.4974980e-03
   1.4562980e-03
   1.4042670e-03
   1.3599920e-03
   1.3358880e-03
   1.3364830e-03
   1.3571940e-03
   1.3964960e-03
   1.4558990e-03
   1.5236990e-03
   1.5811250e-03
   1.6202090e-03
   1.6436600e-03
   1.6557670e-03
   1.6544310e-03
   1.6371040e-03
   1.6159070e-03
   1.6023360e-03
   1.6000830e-03
   1.6139000e-03
   1.6518080e-03
   1.7183890e-03
   1.8079040e-03
   1.9078950e-03
   2.0032680e-03
   2.0863490e-03
   2.1546220e-03
   2.2081060e-03
   2.2502670e-03
   2.2848100e-03
   2.3150510e-03
   2.3455290e-03
   2.3867150e-03
   2.4505060e-03
   2.5411640e-03
   2.6536150e-03
   2.7773010e-03
   2.8990390e-03
   3.0068020e-03
   3.0969560e-03
   3.1696680e-03
   3.2278520e-03
   3.2815880e-03
   3.3440210e-03
   3.4176440e-03
   3.4996530e-03
   3.5866310e-03
   3.6717640e-03
   3.7513250e-03
   3.8236840e-03
   3.8894450e-03
   3.9539650e-03
   4.0199150e-03
   4.0785450e-03
   4.1202980e-03
   4.1436030e-03
   4.1560690e-03
   4.1710170e-03
   4.2015250e-03
   4.2474490e-03
   4.2893560e-03
   4.3061530e-03
   4.2940540e-03
   4.2652390e-03
   4.2363080e-03
   4.2200920e-03
   4.2236730e-03
   4.2482470e-03
   4.2925550e-03
   4.3446450e-03
   4.3810730e-03
   4.3860210e-03
   4.3538200e-03
   4.2966580e-03
   4.2362940e-03
   4.1874880e-03
   4.1507570e-03
   4.1189010e-03
   4.0812810e-03
   4.0287310e-03
   3.9662810e-03
   3.8996050e-03
   3.8313070e-03
   3.7649420e-03
   3.7043650e-03
   3.6456920e-03
   3.5826170e-03
   3.5143980e-03
   3.4478840e-03
   3.3881190e-03
   3.3345580e-03
   3.2822300e-03
   3.2266890e-03
   3.1671300e-03
   3.1052470e-03
   3.0465510e-03
   3.0014480e-03
   2.9770040e-03
   2.9673960e-03
   2.9571400e-03
   2.9312390e-03
   2.8850140e-03
   2.8228070e-03
   2.7533770e-03
   2.6849080e-03
   2.6186480e-03
   2.5503560e-03
   2.4778930e-03
   2.4081610e-03
   2.3509430e-03
   2.3053280e-03
   2.2606210e-03
   2.2067220e-03
   2.1415580e-03
   2.0697380e-03
   1.9958660e-03
   1.9200140e-03
   1.8414540e-03
   1.7612140e-03
   1.6815760e-03
   1.6022570e-03
   1.5177920e-03
   1.4310120e-03
   1.3554790e-03
   1.3020570e-03
   1.2749900e-03
   1.2641410e-03
   1.2512530e-03
   1.2264750e-03
   1.1877170e-03
   1.1347860e-03
   1.0686160e-03
   9.9819700e-04
   9.4133600e-04
   9.1135730e-04
   9.0515490e-04
   9.1204770e-04
   9.2307740e-04
   9.3315200e-04
   9.3987500e-04
   9.4285570e-04
   9.4373120e-04
   9.3858260e-04
   9.1830960e-04
   8.8150840e-04
   8.3626110e-04
   7.9460870e-04
   7.6552490e-04
   7.5153960e-04
   7.4814310e-04
   7.4433450e-04
   7.3086620e-04
   7.0707050e-04
   6.7828170e-04
   6.4337060e-04
   5.9604900e-04
   5.3361410e-04
   4.6380860e-04
   4.0263660e-04
   3.6287100e-04
   3.5246390e-04
   3.6410340e-04
   3.8009350e-04
   3.8641920e-04
   3.8108530e-04
   3.7319770e-04
   3.6460400e-04
   3.4756090e-04
   3.1554300e-04
   2.6480560e-04
   1.9408750e-04
   1.1105600e-04
   3.2585670e-05
  -2.2729430e-05
  -4.3498750e-05
  -3.6227970e-05
  -1.3805160e-05
   8.6054040e-06
   2.3287670e-05
   2.9343700e-05
   2.6103090e-05
   1.1064410e-05
  -1.8146930e-05
  -5.8262330e-05
  -1.0166950e-04
  -1.4083260e-04
  -1.7034210e-04
  -1.9102600e-04
  -2.0369230e-04
  -2.0625980e-04
  -1.9724760e-04
  -1.8261380e-04
  -1.7178200e-04
  -1.7721820e-04
  -2.0740590e-04
  -2.5567570e-04
  -3.0950590e-04
  -3.5974120e-04
  -4.0560460e-04
  -4.4913440e-04
  -4.9087600e-04
  -5.3154650e-04
  -5.7261020e-04
  -6.1950240e-04
  -6.7506920e-04
  -7.3281690e-04
  -7.8228050e-04
  -8.1475990e-04
  -8.2872140e-04
  -8.2555700e-04
  -8.1082860e-04
  -7.9320420e-04
  -7.7898580e-04
  -7.7270340e-04
  -7.7714270e-04
  -7.8995620e-04
  -8.0312690e-04
  -8.0539470e-04
  -7.8847940e-04
  -7.5793230e-04
  -7.2621720e-04
  -6.9874620e-04
  -6.7152170e-04
  -6.3959350e-04
  -6.0509400e-04
  -5.7819840e-04
  -5.7230910e-04
  -5.9165880e-04
  -6.2068010e-04
  -6.3873480e-04
  -6.3885970e-04
  -6.2438180e-04
  -5.9373620e-04
  -5.4560060e-04
  -4.8777540e-04
  -4.3213310e-04
  -3.8626310e-04
  -3.4797060e-04
  -3.1081510e-04
  -2.6625920e-04
  -2.1072500e-04
  -1.4894450e-04
  -9.2976040e-05
  -5.3686870e-05
  -3.2803770e-05
  -2.1187230e-05
  -6.4899990e-06
   1.6522360e-05
   4.5681660e-05
   7.6383930e-05
   1.0618580e-04
   1.3587920e-04
   1.6853380e-04
   2.0598020e-04
   2.4904030e-04
   2.9708530e-04
   3.5016310e-04
   4.0659210e-04
   4.5799920e-04
   4.9743540e-04
   5.2460940e-04
   5.4555840e-04
   5.6818720e-04
   5.9757510e-04
   6.3387250e-04
   6.7548840e-04
   7.1824000e-04
   7.5477630e-04
   7.8326910e-04
   8.0605430e-04
   8.2246070e-04
   8.2947400e-04
   8.2627600e-04
