   7.0084500e-02
   7.2458000e-02
   7.5610300e-02
   7.8597500e-02
   7.9111800e-02
   7.4567000e-02
   6.4789600e-02
   5.1383000e-02
   3.5992200e-02
   1.9868500e-02
   4.6866900e-03
  -7.2353200e-03
  -1.4296800e-02
  -1.6198300e-02
  -1.3739900e-02
  -8.2554900e-03
  -1.7092300e-03
   3.8317400e-03
   7.1582100e-03
   8.5252000e-03
   9.0036000e-03
   9.8143100e-03
   1.1932600e-02
   1.5481200e-02
   1.9233000e-02
   2.0960200e-02
   1.8938100e-02
   1.3020700e-02
   3.9388300e-03
  -7.0459800e-03
  -1.8035000e-02
  -2.7257100e-02
  -3.3236800e-02
  -3.5193300e-02
  -3.3795900e-02
  -2.9910600e-02
  -2.4307800e-02
  -1.8408900e-02
  -1.3412300e-02
  -9.7595300e-03
  -7.2359200e-03
  -5.2086300e-03
  -2.9334900e-03
  -4.9654100e-05
   3.2431600e-03
   6.2514700e-03
   8.3150800e-03
   9.3112400e-03
   9.9576000e-03
   1.1870500e-02
   1.6652800e-02
   2.5598500e-02
   3.8659400e-02
   5.3997600e-02
   6.8968700e-02
   8.1625900e-02
   9.1047100e-02
   9.6132200e-02
   9.6293300e-02
   9.2085900e-02
   8.4668200e-02
   7.5241100e-02
   6.5184700e-02
   5.5610700e-02
   4.6984600e-02
   3.8866800e-02
   3.0966400e-02
   2.3116100e-02
   1.4978500e-02
   6.1787400e-03
  -2.3991600e-03
  -9.2024000e-03
  -1.3636800e-02
  -1.6030900e-02
  -1.6256800e-02
  -1.3403600e-02
  -8.4119200e-03
  -3.9553600e-03
  -1.8745300e-03
  -2.9656400e-03
  -8.1259300e-03
  -1.7401400e-02
  -2.9021200e-02
  -4.0394200e-02
  -4.9567500e-02
  -5.5415500e-02
  -5.7365900e-02
  -5.5323500e-02
  -4.9370700e-02
  -4.0092700e-02
  -2.9748900e-02
  -2.0924100e-02
  -1.4856500e-02
  -1.1849700e-02
  -1.2279500e-02
  -1.5643900e-02
  -2.0148800e-02
  -2.4353300e-02
  -2.6714900e-02
  -2.5782900e-02
  -2.0799500e-02
  -1.2111800e-02
  -1.0276600e-03
   1.0858700e-02
   2.2228000e-02
   3.2064800e-02
   4.0706800e-02
   4.8556400e-02
   5.5273900e-02
   6.1290100e-02
   6.7359100e-02
   7.3947100e-02
   8.0876300e-02
   8.7610400e-02
   9.3303200e-02
   9.6223800e-02
   9.3959900e-02
   8.5032700e-02
   6.9282400e-02
   4.7566000e-02
   2.1737600e-02
  -6.2635500e-03
  -3.4139500e-02
  -5.9207200e-02
  -7.9259100e-02
  -9.2918900e-02
  -9.9918800e-02
  -1.0125500e-01
  -9.8424100e-02
  -9.3599400e-02
  -8.8783200e-02
  -8.5555900e-02
  -8.4609700e-02
  -8.5443200e-02
  -8.7471300e-02
  -9.0175200e-02
  -9.3126200e-02
  -9.5564100e-02
  -9.7293500e-02
  -9.8674100e-02
  -9.9944200e-02
  -1.0098600e-01
  -1.0175300e-01
  -1.0215700e-01
  -1.0229500e-01
  -1.0248200e-01
  -1.0197200e-01
  -9.9849300e-02
  -9.5558200e-02
  -8.8893700e-02
  -8.0043800e-02
  -6.9078100e-02
  -5.6349700e-02
  -4.2891300e-02
  -2.9278300e-02
  -1.6106000e-02
  -4.7766000e-03
   3.9006100e-03
   1.0392700e-02
   1.4853900e-02
   1.6677700e-02
   1.5828100e-02
   1.3193400e-02
   9.9688300e-03
   7.4457100e-03
   6.0384000e-03
   5.5359400e-03
   6.0196900e-03
   8.1899000e-03
   1.2749700e-02
   1.9813500e-02
   2.8693800e-02
   3.8028500e-02
   4.6473400e-02
   5.2897900e-02
   5.6286200e-02
   5.5489800e-02
   5.0646100e-02
   4.2939600e-02
   3.4392100e-02
   2.7274000e-02
   2.2840800e-02
   2.1714200e-02
   2.3832800e-02
   2.8384000e-02
   3.4096600e-02
   3.9893900e-02
   4.5399200e-02
   5.0450800e-02
   5.4740400e-02
   5.8396600e-02
   6.2235200e-02
   6.7087600e-02
   7.3368900e-02
   8.0868400e-02
   8.8294700e-02
   9.3719800e-02
   9.4697600e-02
   8.8509400e-02
   7.4271700e-02
   5.3071400e-02
   2.6298100e-02
  -4.2554600e-03
  -3.5192500e-02
  -6.3567400e-02
  -8.7808900e-02
  -1.0616000e-01
  -1.1732100e-01
  -1.2140200e-01
  -1.1947300e-01
  -1.1280400e-01
  -1.0340600e-01
  -9.4712100e-02
  -8.9324800e-02
  -8.7751200e-02
  -8.9299600e-02
  -9.2764600e-02
  -9.6712700e-02
  -9.9164600e-02
  -9.8896900e-02
  -9.6488400e-02
  -9.3640400e-02
  -9.1462700e-02
  -9.0313600e-02
  -9.0960200e-02
  -9.3310800e-02
  -9.6522000e-02
  -1.0023300e-01
  -1.0402800e-01
  -1.0788000e-01
  -1.1155000e-01
  -1.1392500e-01
  -1.1358300e-01
  -1.0972500e-01
  -1.0241200e-01
  -9.2278600e-02
  -8.0421400e-02
  -6.7657700e-02
  -5.4488200e-02
  -4.2013800e-02
  -3.1580100e-02
  -2.4452300e-02
  -2.1216000e-02
  -2.1504800e-02
  -2.4223100e-02
  -2.8678900e-02
  -3.3555700e-02
  -3.7105600e-02
  -3.8131200e-02
  -3.5650600e-02
  -2.9557400e-02
  -2.0256200e-02
  -8.3205600e-03
   5.0882900e-03
   1.8626100e-02
   3.1044900e-02
   4.1681200e-02
   5.0166000e-02
   5.5625900e-02
   5.7359800e-02
   5.6144900e-02
   5.3657400e-02
   5.1021500e-02
   4.8787900e-02
   4.7343500e-02
   4.6562900e-02
   4.6153200e-02
   4.6336800e-02
   4.6656700e-02
   4.5645800e-02
   4.1973400e-02
   3.5457000e-02
   2.6735600e-02
   1.6799200e-02
   6.5444500e-03
  -3.0374200e-03
  -1.0164600e-02
  -1.3271200e-02
  -1.2579000e-02
  -9.1713900e-03
  -3.8383700e-03
   2.8109300e-03
   9.7419000e-03
   1.5706200e-02
   1.9711300e-02
   2.1471700e-02
   2.1550700e-02
   2.0402900e-02
   1.8750800e-02
   1.7471800e-02
   1.7088600e-02
   1.8199000e-02
   2.1455200e-02
   2.7340200e-02
   3.5763300e-02
   4.5470700e-02
   5.4298900e-02
   6.1005700e-02
   6.5078200e-02
   6.6556200e-02
   6.5405500e-02
   6.1695800e-02
   5.6677800e-02
   5.1856200e-02
   4.8229400e-02
   4.6465300e-02
   4.6357900e-02
   4.7479500e-02
   4.9139400e-02
   4.9762500e-02
   4.8724300e-02
   4.6125200e-02
   4.2450400e-02
   3.9175800e-02
   3.7529100e-02
   3.7953400e-02
   4.0379200e-02
   4.4985200e-02
   5.1424900e-02
   5.8607600e-02
   6.5406400e-02
   7.0715600e-02
   7.3808200e-02
   7.4673700e-02
   7.4047700e-02
   7.2858400e-02
   7.2002900e-02
   7.1763000e-02
   7.2144700e-02
   7.3201900e-02
   7.4773600e-02
   7.5404700e-02
   7.2632600e-02
   6.4970000e-02
   5.3144300e-02
   3.9514300e-02
   2.6358200e-02
   1.5060100e-02
   6.9158900e-03
   3.3545700e-03
   4.8352100e-03
   1.0655500e-02
   1.9767000e-02
   3.0456900e-02
   4.0603700e-02
   4.8479900e-02
   5.2951300e-02
   5.2924900e-02
   4.8515500e-02
   4.1183800e-02
   3.2578300e-02
   2.4433600e-02
   1.7500300e-02
   1.1322400e-02
   4.8685800e-03
  -2.1453000e-03
  -9.5054200e-03
  -1.7117200e-02
  -2.5000700e-02
  -3.3338700e-02
  -4.2140700e-02
  -5.1266600e-02
  -6.0267200e-02
  -6.9363700e-02
  -7.9060100e-02
  -8.9231600e-02
  -9.8900900e-02
  -1.0650400e-01
  -1.1103400e-01
  -1.1221700e-01
  -1.0979500e-01
  -1.0440700e-01
  -9.7748100e-02
  -9.1013600e-02
  -8.3938400e-02
  -7.5501500e-02
  -6.4345200e-02
  -4.9566800e-02
  -3.1220400e-02
  -1.0582900e-02
   1.0644800e-02
   3.1444200e-02
   5.1278700e-02
   6.9411700e-02
   8.4527600e-02
   9.5583100e-02
   1.0258400e-01
   1.0637100e-01
   1.0777200e-01
   1.0713400e-01
   1.0438300e-01
   1.0013100e-01
   9.5959900e-02
   9.2363100e-02
   8.8412900e-02
   8.3879500e-02
   7.8898500e-02
   7.2407800e-02
   6.3687400e-02
   5.3273000e-02
   4.2463500e-02
   3.2667700e-02
   2.5592800e-02
   2.2698100e-02
   2.4114800e-02
   2.8021400e-02
   3.2776500e-02
   3.6865300e-02
   3.8326400e-02
   3.6293900e-02
   3.1222200e-02
   2.4056700e-02
   1.6445300e-02
   9.9299300e-03
   4.9393600e-03
   1.9328800e-03
   1.3762000e-03
   3.3109000e-03
   6.6139600e-03
   9.6264700e-03
   1.2047700e-02
   1.3812500e-02
   1.4279500e-02
   1.3539300e-02
   1.2375700e-02
   1.1118800e-02
   9.6295600e-03
   8.5259500e-03
   8.5547000e-03
   1.0086300e-02
   1.3075900e-02
   1.7509300e-02
   2.3158200e-02
   2.9287700e-02
   3.5291300e-02
   4.1384200e-02
   4.7604800e-02
   5.3485100e-02
   5.8192700e-02
   6.0761600e-02
   6.0260900e-02
   5.5937400e-02
   4.7097000e-02
   3.4287400e-02
   1.9328400e-02
   3.9239300e-03
  -1.1204400e-02
  -2.5455700e-02
  -3.7339400e-02
  -4.6015400e-02
  -5.1798800e-02
  -5.5399400e-02
  -5.7413400e-02
  -5.8882300e-02
  -6.0727300e-02
  -6.3153800e-02
  -6.6295700e-02
  -7.0065700e-02
  -7.4202500e-02
  -7.7967800e-02
  -8.0423800e-02
  -8.1013500e-02
  -8.0195000e-02
  -7.8552500e-02
  -7.6429000e-02
  -7.3889100e-02
  -7.1286900e-02
  -6.8964200e-02
  -6.7025700e-02
  -6.5046500e-02
  -6.2410200e-02
  -5.9423400e-02
  -5.6107800e-02
  -5.2260500e-02
  -4.7612800e-02
  -4.1758300e-02
  -3.4900100e-02
  -2.8001800e-02
  -2.1650200e-02
  -1.6166200e-02
  -1.1852200e-02
  -8.6736400e-03
  -6.8072700e-03
  -6.3316500e-03
  -7.2114100e-03
  -9.4399000e-03
  -1.2754000e-02
  -1.6544100e-02
  -2.0047300e-02
  -2.2909400e-02
  -2.5130900e-02
  -2.6644300e-02
  -2.7285400e-02
  -2.6448900e-02
  -2.3644200e-02
  -1.9089400e-02
  -1.3354600e-02
  -7.3901300e-03
  -2.3496000e-03
   7.0259100e-04
   1.0578700e-03
  -1.3289100e-03
  -5.9279700e-03
  -1.2083200e-02
  -1.9729700e-02
  -2.8574300e-02
  -3.7979100e-02
  -4.7200100e-02
  -5.5568900e-02
  -6.2289000e-02
  -6.6440600e-02
  -6.7659000e-02
  -6.6874200e-02
  -6.5262300e-02
  -6.3509700e-02
  -6.1842400e-02
  -6.1161800e-02
  -6.2047200e-02
  -6.4732200e-02
  -6.9100300e-02
  -7.4287400e-02
  -7.8742100e-02
  -8.1619000e-02
  -8.2485000e-02
  -8.0748600e-02
  -7.6521100e-02
  -7.0298600e-02
  -6.3273500e-02
  -5.7090900e-02
  -5.3258700e-02
  -5.2508900e-02
  -5.4933600e-02
  -5.9713500e-02
  -6.5805100e-02
  -7.1686200e-02
  -7.5025800e-02
  -7.3530000e-02
  -6.6002800e-02
  -5.3001600e-02
  -3.6029200e-02
  -1.7239800e-02
   1.3097100e-03
   1.8744500e-02
   3.4708900e-02
   4.8501000e-02
   5.9633400e-02
   6.8077500e-02
   7.3696300e-02
   7.6086100e-02
   7.5524800e-02
   7.3499500e-02
   7.1958600e-02
   7.2083000e-02
   7.3870500e-02
   7.6798800e-02
   7.9735100e-02
   8.1544300e-02
   8.1763700e-02
   8.0973400e-02
   7.9244400e-02
   7.6589200e-02
   7.3551500e-02
   7.0936300e-02
   6.8714800e-02
   6.6717700e-02
   6.4454000e-02
   6.1916800e-02
   5.9556100e-02
   5.7680900e-02
   5.6332900e-02
   5.5550000e-02
   5.5303700e-02
   5.4865000e-02
   5.3328300e-02
   4.9471000e-02
   4.2300000e-02
   3.1917600e-02
   1.9102900e-02
   4.4234700e-03
  -1.1770500e-02
  -2.8291200e-02
  -4.3006300e-02
  -5.4196300e-02
  -6.1924000e-02
  -6.6392400e-02
  -6.6825500e-02
  -6.3162300e-02
  -5.6609000e-02
  -4.8843700e-02
  -4.1401500e-02
  -3.5881400e-02
  -3.3336300e-02
  -3.3374100e-02
  -3.4428700e-02
  -3.5260400e-02
  -3.5411000e-02
  -3.4418900e-02
  -3.2178700e-02
  -2.9486600e-02
  -2.6649500e-02
  -2.3725200e-02
  -2.1349700e-02
  -2.0294400e-02
  -2.1272600e-02
  -2.4265500e-02
  -2.8389800e-02
  -3.3353200e-02
  -3.9017900e-02
  -4.4380800e-02
  -4.9242500e-02
  -5.3935200e-02
  -5.8034900e-02
  -6.1487100e-02
  -6.4770200e-02
  -6.7819600e-02
  -7.0163100e-02
  -7.2014600e-02
  -7.3752800e-02
  -7.5116700e-02
  -7.6160100e-02
  -7.8049200e-02
  -8.2022200e-02
  -8.7091400e-02
  -9.0882200e-02
  -9.2003100e-02
  -9.0453700e-02
  -8.6749600e-02
  -8.1938400e-02
  -7.7587100e-02
  -7.4473800e-02
  -7.1898000e-02
  -6.7736500e-02
  -5.9955400e-02
  -4.8547000e-02
  -3.4439600e-02
  -1.8418800e-02
  -5.4940700e-04
   1.9136700e-02
   3.9393400e-02
   5.7455300e-02
   7.0189500e-02
   7.6038400e-02
   7.5187300e-02
   6.9415400e-02
   6.1805900e-02
   5.5028700e-02
   5.0658000e-02
   4.9567800e-02
   5.2009400e-02
   5.7902500e-02
   6.6864800e-02
   7.7773700e-02
   8.8607100e-02
   9.6488800e-02
   9.9863100e-02
   9.8783200e-02
   9.4432500e-02
   8.8436000e-02
   8.2155800e-02
   7.6383900e-02
   7.0995500e-02
   6.5924400e-02
   6.1352900e-02
   5.7779400e-02
   5.5306400e-02
   5.3379400e-02
   5.1883900e-02
   5.1069600e-02
   5.1177600e-02
   5.2143100e-02
   5.3640600e-02
   5.5800500e-02
   5.8480200e-02
   6.1054500e-02
   6.2813100e-02
   6.3481800e-02
   6.2794000e-02
   5.9878000e-02
   5.5152100e-02
   5.0613000e-02
   4.7935000e-02
   4.7398000e-02
   4.9519400e-02
   5.5483200e-02
   6.5085700e-02
   7.6991500e-02
   8.9386300e-02
   1.0054800e-01
   1.0891700e-01
   1.1293800e-01
   1.1147000e-01
   1.0452200e-01
   9.2682500e-02
   7.7484900e-02
   6.1865600e-02
   4.8767000e-02
   4.0503300e-02
   3.8605900e-02
   4.4333500e-02
   5.7853600e-02
   7.7285700e-02
   9.9509300e-02
   1.2096400e-01
   1.3833400e-01
   1.4964900e-01
   1.5408700e-01
   1.5065800e-01
   1.3920300e-01
   1.2154000e-01
   1.0078000e-01
   7.9827100e-02
   6.0190500e-02
   4.2363500e-02
   2.7193600e-02
   1.5656400e-02
   7.8266600e-03
   3.2754700e-03
   7.6026600e-04
  -1.5200700e-03
  -4.7165800e-03
  -8.7503400e-03
  -1.3311000e-02
  -1.8792900e-02
  -2.5357700e-02
  -3.2316200e-02
  -3.8933800e-02
  -4.4722600e-02
  -4.9458700e-02
  -5.3144900e-02
  -5.5914100e-02
  -5.7782700e-02
  -5.7772000e-02
  -5.4668200e-02
  -4.8626100e-02
  -4.1186100e-02
  -3.4223000e-02
  -2.9002500e-02
  -2.6805100e-02
  -2.8246300e-02
  -3.2439000e-02
  -3.7716900e-02
  -4.2321700e-02
  -4.4822700e-02
  -4.5268900e-02
  -4.4117100e-02
  -4.1202700e-02
  -3.6646300e-02
  -3.2224800e-02
  -3.0004700e-02
  -3.0394300e-02
  -3.2483100e-02
  -3.5082700e-02
  -3.7451400e-02
  -3.8618500e-02
  -3.7570100e-02
  -3.4042800e-02
  -2.9213300e-02
  -2.4531600e-02
  -2.0507100e-02
  -1.7234800e-02
  -1.5237100e-02
  -1.4686800e-02
  -1.4935100e-02
  -1.4743300e-02
  -1.3222900e-02
  -9.9388700e-03
  -4.6409300e-03
   2.8789200e-03
   1.2252500e-02
   2.2040300e-02
   3.0225400e-02
   3.5078600e-02
   3.6331900e-02
   3.4870500e-02
   3.1989300e-02
   2.8295100e-02
   2.3650100e-02
   1.8298100e-02
   1.2374700e-02
   5.6014200e-03
  -2.0804600e-03
  -9.9550600e-03
  -1.7017500e-02
  -2.2780500e-02
  -2.7281500e-02
  -3.0834400e-02
  -3.3248500e-02
  -3.3785500e-02
  -3.2137100e-02
  -2.9253700e-02
  -2.6024700e-02
  -2.2371900e-02
  -1.8253200e-02
  -1.3668000e-02
  -8.0451900e-03
  -1.0805100e-03
   6.5978700e-03
   1.4574300e-02
   2.2611800e-02
   2.9742400e-02
   3.4558800e-02
   3.6682200e-02
   3.6836600e-02
   3.6705800e-02
   3.7652400e-02
   3.9859700e-02
   4.2929100e-02
   4.6477400e-02
   4.9856500e-02
   5.2127300e-02
   5.3497400e-02
   5.4930800e-02
   5.6935100e-02
   5.9486400e-02
   6.2451600e-02
   6.6053800e-02
   7.1034000e-02
   7.7650700e-02
   8.4750800e-02
   9.0121700e-02
   9.1958800e-02
   8.8898800e-02
   8.0201600e-02
   6.6878800e-02
   5.1437900e-02
   3.5902700e-02
   2.0969500e-02
   6.8481400e-03
  -5.7791500e-03
  -1.6113100e-02
  -2.3889800e-02
  -2.9855900e-02
  -3.4766800e-02
  -3.9063300e-02
  -4.3179800e-02
  -4.7283000e-02
  -5.1148800e-02
  -5.4824700e-02
  -5.8649300e-02
  -6.2409600e-02
  -6.5624700e-02
  -6.8267000e-02
  -7.0590700e-02
  -7.2607400e-02
  -7.4706100e-02
  -7.6773800e-02
  -7.8288300e-02
  -7.9376200e-02
  -8.0247200e-02
  -8.0894800e-02
  -8.1250500e-02
  -8.2436800e-02
  -8.5531700e-02
  -9.1131800e-02
  -9.9692400e-02
  -1.1140400e-01
  -1.2549600e-01
  -1.3941900e-01
  -1.4948900e-01
  -1.5257700e-01
  -1.4728300e-01
  -1.3455600e-01
  -1.1693500e-01
  -9.7107500e-02
  -7.7506100e-02
  -6.1086200e-02
  -5.0398400e-02
  -4.7154400e-02
  -5.1302000e-02
  -6.1005300e-02
  -7.3595100e-02
  -8.6165300e-02
  -9.6503900e-02
  -1.0292300e-01
  -1.0400600e-01
  -9.9144100e-02
  -8.8679400e-02
  -7.4151800e-02
  -5.7260700e-02
  -3.9903800e-02
  -2.3844400e-02
  -1.0966300e-02
  -2.8417100e-03
  -2.8069000e-04
  -2.8620000e-03
  -9.1606000e-03
  -1.7653800e-02
  -2.6941100e-02
  -3.6077100e-02
  -4.4488600e-02
  -5.1103900e-02
  -5.4244300e-02
  -5.2763900e-02
  -4.6367500e-02
  -3.5402400e-02
  -2.1010500e-02
  -4.5441000e-03
   1.2607100e-02
   2.9130400e-02
   4.3628600e-02
   5.4630300e-02
   6.1078000e-02
   6.1965300e-02
   5.7187100e-02
   4.8392300e-02
   3.8534100e-02
   3.0375800e-02
   2.5918400e-02
   2.6354400e-02
   3.2052100e-02
   4.2039200e-02
   5.3810400e-02
   6.4676900e-02
   7.2726300e-02
   7.7658600e-02
   8.0392600e-02
   8.2737100e-02
   8.6488000e-02
   9.1947400e-02
   9.8636900e-02
   1.0600000e-01
   1.1278800e-01
   1.1736100e-01
   1.1869100e-01
   1.1634900e-01
   1.1066500e-01
   1.0296700e-01
   9.4354800e-02
   8.4864700e-02
   7.4621400e-02
   6.4030400e-02
   5.2650800e-02
   3.9101200e-02
   2.1819100e-02
   1.2458000e-03
  -2.0463200e-02
  -4.1364600e-02
  -6.0438600e-02
  -7.7525500e-02
  -9.2218500e-02
  -1.0342000e-01
  -1.1028700e-01
  -1.1247800e-01
  -1.1014400e-01
  -1.0402300e-01
  -9.5679500e-02
  -8.7273900e-02
  -8.1080700e-02
  -7.8618500e-02
  -7.9971100e-02
  -8.3756000e-02
  -8.6651300e-02
  -8.4806700e-02
  -7.5832000e-02
  -5.9863800e-02
  -3.9072500e-02
  -1.6046400e-02
   6.8649400e-03
   2.7071900e-02
   4.2321600e-02
   5.1800500e-02
   5.5627000e-02
   5.4689900e-02
   4.9983500e-02
   4.3016000e-02
   3.6161500e-02
   3.1729200e-02
   3.1064000e-02
   3.4173100e-02
   4.0659400e-02
   4.9819800e-02
   5.9135000e-02
   6.5097800e-02
   6.5583400e-02
   6.1292300e-02
   5.4846800e-02
   4.9493800e-02
   4.7622100e-02
   5.0662300e-02
   5.9222800e-02
   7.2631900e-02
   8.7992100e-02
   1.0134600e-01
   1.0873800e-01
   1.0641400e-01
   9.2553000e-02
   6.8544700e-02
   3.8739800e-02
   7.8373900e-03
  -2.1592000e-02
  -4.8494700e-02
  -7.1103200e-02
  -8.6908500e-02
  -9.4194600e-02
  -9.3705200e-02
  -8.7937900e-02
  -7.8813700e-02
  -6.8129400e-02
  -5.8616600e-02
  -5.3724900e-02
  -5.4760600e-02
  -6.0236800e-02
  -6.8791300e-02
  -7.9745900e-02
  -9.1962300e-02
  -1.0367700e-01
  -1.1324600e-01
  -1.1970500e-01
  -1.2198600e-01
  -1.1923400e-01
  -1.1161700e-01
  -1.0016000e-01
  -8.5961400e-02
  -7.0699000e-02
  -5.6537200e-02
  -4.5614400e-02
  -3.9645300e-02
  -3.9944500e-02
  -4.6911600e-02
  -5.7959100e-02
  -6.7766800e-02
  -7.2120700e-02
  -7.0677200e-02
  -6.6023400e-02
  -6.0696500e-02
  -5.5647200e-02
  -5.0436600e-02
  -4.5344800e-02
  -4.2261000e-02
  -4.3498300e-02
  -5.0306700e-02
  -6.1869100e-02
  -7.5483400e-02
  -8.7742200e-02
  -9.6160400e-02
  -9.9501800e-02
  -9.7764200e-02
  -9.1752200e-02
  -8.1476600e-02
  -6.5910400e-02
  -4.5273700e-02
  -2.1815000e-02
   1.1177600e-03
   2.0364600e-02
   3.3862400e-02
   4.1425500e-02
   4.3703900e-02
   4.1503300e-02
   3.5581700e-02
   2.7394200e-02
   1.8500800e-02
   1.0291100e-02
   4.3559200e-03
   1.9139600e-03
   3.7662600e-03
   1.0011700e-02
   2.0214500e-02
   3.3055100e-02
   4.6352900e-02
   5.8407200e-02
   6.8328400e-02
   7.5728600e-02
   8.0969200e-02
   8.4596700e-02
   8.6764100e-02
   8.6690200e-02
   8.3673500e-02
   7.8385900e-02
   7.2388200e-02
   6.7166000e-02
   6.3826800e-02
   6.2491800e-02
   6.2390700e-02
   6.2381200e-02
   6.1862000e-02
   6.0675100e-02
   5.8668300e-02
   5.5329200e-02
   5.0916000e-02
   4.7185600e-02
   4.5494600e-02
   4.5254300e-02
   4.4976000e-02
   4.4895200e-02
   4.6769700e-02
   5.0171400e-02
   5.2642400e-02
   5.2299300e-02
   4.9150200e-02
   4.4359000e-02
   3.8522400e-02
   3.1107000e-02
   2.2208300e-02
   1.3340600e-02
   7.2572700e-03
   7.2652200e-03
   1.5065100e-02
   2.9307200e-02
   4.6474700e-02
   6.2179400e-02
   7.2642900e-02
   7.5760900e-02
   7.1505500e-02
   6.1372600e-02
   4.7408200e-02
   3.1879200e-02
   1.5837400e-02
  -8.7001800e-04
  -1.8334300e-02
  -3.5308700e-02
  -5.0297000e-02
  -6.2444700e-02
  -7.1504400e-02
  -7.7748000e-02
  -8.2034000e-02
  -8.4787900e-02
  -8.5184600e-02
  -8.1886400e-02
  -7.3914000e-02
  -6.1856000e-02
  -4.7436900e-02
  -3.2497900e-02
  -1.8590300e-02
  -7.1827500e-03
   1.7695200e-04
   2.3332700e-03
  -1.4880100e-03
  -1.1089400e-02
  -2.4470700e-02
  -3.8091900e-02
  -4.8524300e-02
  -5.4559300e-02
  -5.6581000e-02
  -5.6172800e-02
  -5.6069300e-02
  -5.7944500e-02
  -6.1301300e-02
  -6.4324700e-02
  -6.6295000e-02
  -6.8940300e-02
  -7.4679600e-02
  -8.4000500e-02
  -9.4604000e-02
  -1.0222300e-01
  -1.0276800e-01
  -9.4888700e-02
  -8.0257300e-02
  -6.2695800e-02
  -4.6708000e-02
  -3.5625600e-02
  -3.1437900e-02
  -3.5792800e-02
  -4.8867400e-02
  -6.9444200e-02
  -9.5110800e-02
  -1.2157300e-01
  -1.4387100e-01
  -1.5801400e-01
  -1.6092800e-01
  -1.5092100e-01
  -1.2899800e-01
  -9.9552300e-02
  -6.9330400e-02
  -4.3779800e-02
  -2.5081500e-02
  -1.3235600e-02
  -7.3621900e-03
  -5.9551500e-03
  -7.0073400e-03
  -8.7551400e-03
  -9.8436800e-03
  -9.2462600e-03
  -6.3924600e-03
  -2.2391100e-03
   1.5390800e-03
   4.0273200e-03
   5.4626200e-03
   7.5825200e-03
   1.2472000e-02
   2.0744100e-02
   3.1082900e-02
   4.1693100e-02
   5.1545500e-02
   6.0791200e-02
   6.9719800e-02
   7.8162100e-02
   8.5351100e-02
   8.9954400e-02
   9.1422400e-02
   9.0382100e-02
   8.8490100e-02
   8.6895800e-02
   8.5566500e-02
   8.4089000e-02
   8.2214600e-02
   7.9633700e-02
   7.5929500e-02
   7.1642100e-02
   6.7442900e-02
   6.3489500e-02
   5.9442400e-02
   5.5437800e-02
   5.2755500e-02
   5.2870400e-02
   5.6917700e-02
   6.4914100e-02
   7.5324900e-02
   8.6314500e-02
   9.6594700e-02
   1.0443100e-01
   1.0864300e-01
   1.0898100e-01
   1.0438500e-01
   9.4000700e-02
   7.9187000e-02
   6.4264700e-02
   5.3591300e-02
   4.9390300e-02
   5.1987200e-02
   6.0750400e-02
   7.4668400e-02
   9.1290400e-02
   1.0712600e-01
   1.1874400e-01
   1.2299100e-01
   1.1885700e-01
   1.0888700e-01
   9.7152700e-02
   8.6747900e-02
   7.9487400e-02
   7.6649200e-02
   8.0377800e-02
   9.2681300e-02
   1.1248300e-01
   1.3526300e-01
   1.5552000e-01
   1.6913900e-01
   1.7373900e-01
   1.6853700e-01
   1.5463600e-01
   1.3520700e-01
   1.1424600e-01
   9.5021200e-02
   7.9076600e-02
   6.6762600e-02
   5.7785700e-02
   5.0331900e-02
   4.2104700e-02
   3.2331400e-02
   2.1881000e-02
   1.0900500e-02
  -1.5749600e-03
  -1.5763200e-02
  -3.1852500e-02
  -4.9939000e-02
  -6.9027100e-02
  -8.6899300e-02
  -1.0107200e-01
  -1.1018800e-01
  -1.1407300e-01
  -1.1324300e-01
  -1.0933400e-01
  -1.0415300e-01
  -9.9188200e-02
  -9.4859600e-02
  -9.0900000e-02
  -8.7003200e-02
  -8.3351900e-02
  -8.1050300e-02
  -8.1796900e-02
  -8.8377400e-02
  -1.0331900e-01
  -1.2652100e-01
  -1.5531200e-01
  -1.8606000e-01
  -2.1547000e-01
  -2.4112700e-01
  -2.6113000e-01
  -2.7445000e-01
  -2.8147100e-01
  -2.8287900e-01
  -2.7976200e-01
  -2.7306100e-01
  -2.6271000e-01
  -2.4866400e-01
  -2.3197000e-01
  -2.1504800e-01
  -2.0005800e-01
  -1.8658600e-01
  -1.7134000e-01
  -1.5195800e-01
  -1.2970600e-01
  -1.0859400e-01
  -9.2779500e-02
  -8.3648700e-02
  -7.9238500e-02
  -7.6198700e-02
  -7.1286600e-02
  -6.2437500e-02
  -4.9281200e-02
  -3.2744600e-02
  -1.3904200e-02
   5.7706000e-03
   2.4625600e-02
   4.1362500e-02
   5.4387400e-02
   6.2521600e-02
   6.6229500e-02
   6.6871000e-02
   6.5925300e-02
   6.4878700e-02
   6.3877100e-02
   6.2136900e-02
   5.9365300e-02
   5.6620800e-02
   5.4392300e-02
   5.0880100e-02
   4.4568700e-02
   3.6596300e-02
   2.9006000e-02
   2.2682700e-02
   1.7272700e-02
   1.2889500e-02
   9.8407400e-03
   7.7397600e-03
   5.6463400e-03
   3.2597900e-03
   1.0760200e-03
  -1.0275600e-03
  -4.3627900e-03
  -1.0097000e-02
  -1.9069100e-02
  -3.1900600e-02
  -4.8051800e-02
  -6.5312600e-02
  -7.9786500e-02
  -8.8332600e-02
  -9.0223800e-02
  -8.5689500e-02
  -7.4737000e-02
  -5.7662200e-02
  -3.6825200e-02
  -1.6474400e-02
  -1.5283000e-03
   4.0538200e-03
  -7.0049700e-04
  -1.3262700e-02
  -3.0338500e-02
  -4.9935400e-02
  -7.0319200e-02
  -8.9738500e-02
  -1.0650400e-01
  -1.1898400e-01
  -1.2518800e-01
  -1.2384100e-01
  -1.1579800e-01
  -1.0334800e-01
  -8.9720300e-02
  -7.7972900e-02
  -6.9568500e-02
  -6.3701400e-02
  -5.8627800e-02
  -5.3102300e-02
  -4.6375900e-02
  -3.8394100e-02
  -2.9332500e-02
  -2.0009600e-02
  -1.1647500e-02
  -5.6584700e-03
  -2.8458200e-03
  -3.1355300e-03
  -6.4032300e-03
  -1.3046100e-02
  -2.2556000e-02
  -3.2720500e-02
  -4.1546000e-02
  -4.8049300e-02
  -5.2200500e-02
  -5.3672700e-02
  -5.2160900e-02
  -4.8347700e-02
  -4.3520000e-02
  -3.8566300e-02
  -3.3803300e-02
  -2.9914800e-02
  -2.6523500e-02
  -2.1299300e-02
  -1.1398900e-02
   4.4829500e-03
   2.5115400e-02
   4.8295100e-02
   7.1841700e-02
   9.3153300e-02
   1.0946500e-01
   1.1917600e-01
   1.2234300e-01
   1.2016800e-01
   1.1484400e-01
   1.0881300e-01
   1.0308600e-01
   9.7707300e-02
   9.2615500e-02
   8.7365200e-02
   8.1336500e-02
   7.4861800e-02
   6.9549900e-02
   6.6623800e-02
   6.5929000e-02
   6.5692300e-02
   6.3490000e-02
   5.8264500e-02
   5.0974400e-02
   4.2762800e-02
   3.3835500e-02
   2.4727600e-02
   1.6124800e-02
   8.1414900e-03
   1.2541800e-03
  -3.2758600e-03
  -4.1956900e-03
  -1.2860700e-03
   4.9723500e-03
   1.4030000e-02
   2.4805200e-02
   3.4916800e-02
   4.2078200e-02
   4.5473200e-02
   4.5748800e-02
   4.4649400e-02
   4.3645700e-02
   4.3638700e-02
   4.5049300e-02
   4.8576400e-02
   5.5098900e-02
   6.4568500e-02
   7.6278400e-02
   8.9594000e-02
   1.0463000e-01
   1.2223700e-01
   1.4281100e-01
   1.6350900e-01
   1.7634800e-01
   1.7355500e-01
   1.5442700e-01
   1.2443700e-01
   8.9498400e-02
   5.2489400e-02
   1.5794800e-02
  -1.7935800e-02
  -4.7182300e-02
  -7.1503800e-02
  -9.0369500e-02
  -1.0178800e-01
  -1.0379500e-01
  -9.7243700e-02
  -8.4994600e-02
  -6.8911500e-02
  -5.0440200e-02
  -3.2698500e-02
  -1.9335400e-02
  -1.2184800e-02
  -1.1268700e-02
  -1.5001900e-02
  -2.1151100e-02
  -2.7811500e-02
  -3.3609800e-02
  -3.7766200e-02
  -3.9355600e-02
  -3.7065300e-02
  -3.0970600e-02
  -2.2341500e-02
  -1.2097100e-02
  -1.1886400e-03
   8.0928400e-03
   1.3207600e-02
   1.3639200e-02
   1.0870800e-02
   6.2510500e-03
   4.3103200e-04
  -6.1127300e-03
  -1.2449300e-02
  -1.7470900e-02
  -2.0842200e-02
  -2.3043000e-02
  -2.4964300e-02
  -2.7729000e-02
  -3.1884300e-02
  -3.7342000e-02
  -4.3985000e-02
  -5.1898200e-02
  -6.0620100e-02
  -6.9732100e-02
  -7.8934800e-02
  -8.7649000e-02
  -9.5010100e-02
  -1.0058700e-01
  -1.0483800e-01
  -1.0780400e-01
  -1.0930800e-01
  -1.0971900e-01
  -1.0916500e-01
  -1.0759300e-01
  -1.0535900e-01
  -1.0322200e-01
  -1.0226000e-01
  -1.0324900e-01
  -1.0646800e-01
  -1.1205800e-01
  -1.1949400e-01
  -1.2738600e-01
  -1.3438100e-01
  -1.4023200e-01
  -1.4445900e-01
  -1.4622500e-01
  -1.4537100e-01
  -1.4249700e-01
  -1.3866900e-01
  -1.3481600e-01
  -1.3083200e-01
  -1.2643000e-01
  -1.2161500e-01
  -1.1633000e-01
  -1.1026400e-01
  -1.0326100e-01
  -9.5526200e-02
  -8.7221200e-02
  -7.8717400e-02
  -7.0798600e-02
  -6.4640300e-02
  -6.1239000e-02
  -6.0588800e-02
  -6.2052000e-02
  -6.5100500e-02
  -6.9044900e-02
  -7.3560900e-02
  -7.9190200e-02
  -8.5856600e-02
  -9.2587800e-02
  -9.8065200e-02
  -1.0087800e-01
  -1.0045900e-01
  -9.6615100e-02
  -8.9187300e-02
  -7.8077500e-02
  -6.3565300e-02
  -4.6521600e-02
  -2.8178300e-02
  -1.0410600e-02
   4.2042200e-03
   1.3860300e-02
   1.7843100e-02
   1.6372900e-02
   1.0078700e-02
  -6.6670600e-04
  -1.4586100e-02
  -2.9434400e-02
  -4.3008200e-02
  -5.3779600e-02
  -6.0494000e-02
  -6.2416200e-02
  -6.0232600e-02
  -5.6192300e-02
  -5.2652200e-02
  -5.0375900e-02
  -4.9259000e-02
  -4.9175000e-02
  -5.0072500e-02
  -5.1996800e-02
  -5.5147200e-02
  -5.9324400e-02
  -6.4003400e-02
  -6.9394500e-02
  -7.6107000e-02
  -8.5474000e-02
  -1.0124900e-01
  -1.2749300e-01
  -1.6053900e-01
  -1.8594000e-01
  -1.8910200e-01
  -1.6837600e-01
  -1.3174800e-01
  -8.4835400e-02
  -3.1221400e-02
   2.1810000e-02
   6.6865400e-02
   1.0284400e-01
   1.3480900e-01
   1.6687500e-01
   1.9861700e-01
   2.2798100e-01
   2.5427000e-01
   2.7701100e-01
   2.9519600e-01
   3.0838000e-01
   3.1669800e-01
   3.2009100e-01
   3.1884200e-01
   3.1504600e-01
   3.1104400e-01
   3.0874100e-01
   3.1000600e-01
   3.1609600e-01
   3.2726700e-01
   3.4278900e-01
   3.6068400e-01
   3.7907200e-01
   3.9698700e-01
   4.1413900e-01
   4.3023800e-01
   4.4434000e-01
   4.5503200e-01
   4.6203800e-01
   4.6702200e-01
   4.7205900e-01
   4.7753900e-01
   4.8206900e-01
   4.8374000e-01
   4.8213400e-01
   4.7852400e-01
   4.7411900e-01
   4.6861400e-01
   4.6031000e-01
   4.4847500e-01
   4.3405100e-01
   4.1803700e-01
   4.0055500e-01
   3.8245600e-01
   3.6554700e-01
   3.5103000e-01
   3.3977900e-01
   3.3361900e-01
   3.3512700e-01
   3.4638600e-01
   3.6497600e-01
   3.8108000e-01
   3.8182600e-01
   3.6191600e-01
   3.2660300e-01
   2.8395500e-01
   2.3748000e-01
   1.8851500e-01
   1.3972900e-01
   9.4060800e-02
   5.1725000e-02
   1.0778600e-02
  -2.8995100e-02
  -6.5459700e-02
  -9.6435300e-02
  -1.2088400e-01
  -1.3790800e-01
  -1.4674700e-01
  -1.4798400e-01
  -1.4415600e-01
  -1.3884100e-01
  -1.3431500e-01
  -1.3140500e-01
  -1.3022700e-01
  -1.3078200e-01
  -1.3301700e-01
  -1.3684200e-01
  -1.4112600e-01
  -1.4245900e-01
  -1.3550900e-01
  -1.1702900e-01
  -9.0669700e-02
  -6.4841400e-02
  -4.6279700e-02
  -3.7087900e-02
  -3.6682600e-02
  -4.3473800e-02
  -5.4902400e-02
  -6.7578900e-02
  -7.9298800e-02
  -8.9415300e-02
  -9.7830800e-02
  -1.0397200e-01
  -1.0832100e-01
  -1.1267500e-01
  -1.1822500e-01
  -1.2494700e-01
  -1.3227300e-01
  -1.3882000e-01
  -1.4277000e-01
  -1.4385400e-01
  -1.4298000e-01
  -1.4087800e-01
  -1.3825500e-01
  -1.3610900e-01
  -1.3470800e-01
  -1.3305700e-01
  -1.2981300e-01
  -1.2493000e-01
  -1.1993100e-01
  -1.1603600e-01
  -1.1303000e-01
  -1.0996800e-01
  -1.0627600e-01
  -1.0240900e-01
  -9.8914500e-02
  -9.5590000e-02
  -9.0942700e-02
  -8.3039600e-02
  -7.0801600e-02
  -5.4844200e-02
  -3.7550200e-02
  -2.1076400e-02
  -6.5157300e-03
   5.1597200e-03
   1.2839900e-02
   1.5071000e-02
   1.1613500e-02
   3.9573200e-03
  -6.2022200e-03
  -1.6610000e-02
  -2.4913200e-02
  -3.0184800e-02
  -3.2599900e-02
  -3.2632900e-02
  -3.1184500e-02
  -2.9735900e-02
  -2.9375500e-02
  -2.9965800e-02
  -2.9649800e-02
  -2.4680700e-02
  -1.1370300e-02
   1.0324800e-02
   3.6279300e-02
   6.1446800e-02
   8.2888500e-02
   1.0004000e-01
   1.1356700e-01
   1.2597800e-01
   1.4175400e-01
   1.6271500e-01
   1.8478200e-01
   2.0045100e-01
   2.0409400e-01
   1.9423800e-01
   1.7055100e-01
   1.3303700e-01
   8.6293900e-02
   3.9756200e-02
   7.7717000e-04
  -2.8994700e-02
  -5.0167800e-02
  -6.2956800e-02
  -6.8013300e-02
  -6.7495800e-02
  -6.4269200e-02
  -6.0747000e-02
  -6.0054200e-02
  -6.4851200e-02
  -7.5218400e-02
  -8.9338900e-02
  -1.0571800e-01
  -1.2289200e-01
  -1.3910800e-01
  -1.5245400e-01
  -1.6134900e-01
  -1.6469300e-01
  -1.6296600e-01
  -1.5799300e-01
  -1.5109600e-01
  -1.4234300e-01
  -1.3214100e-01
  -1.2269600e-01
  -1.1601000e-01
  -1.1085000e-01
  -1.0412800e-01
  -9.3256500e-02
  -7.7095900e-02
  -5.6088400e-02
  -3.1961800e-02
  -6.7084700e-03
   1.8861500e-02
   4.5655500e-02
   7.4322800e-02
   1.0312100e-01
   1.2978100e-01
   1.5368300e-01
   1.7444400e-01
   1.9038600e-01
   2.0034100e-01
   2.0464900e-01
   2.0391400e-01
   1.9789600e-01
   1.8642400e-01
   1.7038200e-01
   1.5130700e-01
   1.3065800e-01
   1.1044300e-01
   9.3325800e-02
   8.0839500e-02
   7.3369300e-02
   7.1401800e-02
   7.5233300e-02
   8.4316800e-02
   9.7329200e-02
   1.1208000e-01
   1.2645000e-01
   1.3932500e-01
   1.5121200e-01
   1.6276300e-01
   1.7357500e-01
   1.8302500e-01
   1.9142800e-01
   1.9916500e-01
   2.0575700e-01
   2.1116300e-01
   2.1616700e-01
   2.2186000e-01
   2.2912900e-01
   2.3792700e-01
   2.4425600e-01
   2.3966700e-01
   2.1854900e-01
   1.8366100e-01
   1.4195000e-01
   9.8201400e-02
   5.4550900e-02
   1.3264400e-02
  -2.3305000e-02
  -5.4602000e-02
  -8.0865600e-02
  -1.0100500e-01
  -1.1406500e-01
  -1.2010100e-01
  -1.1940500e-01
  -1.1168900e-01
  -9.6505300e-02
  -7.6098200e-02
  -5.4642200e-02
  -3.4874500e-02
  -1.7663600e-02
  -3.4922000e-03
   6.5992200e-03
   1.2048500e-02
   1.3954300e-02
   1.3265900e-02
   9.6781700e-03
   2.8588000e-03
  -6.7533500e-03
  -1.8240300e-02
  -3.1050900e-02
  -4.4883300e-02
  -5.9933600e-02
  -7.6026400e-02
  -9.2029900e-02
  -1.0662800e-01
  -1.1871600e-01
  -1.2789500e-01
  -1.3443300e-01
  -1.3967500e-01
  -1.4555300e-01
  -1.5281700e-01
  -1.6140900e-01
  -1.7077500e-01
  -1.8007200e-01
  -1.8856600e-01
  -1.9623800e-01
  -2.0310000e-01
  -2.0850200e-01
  -2.1233700e-01
  -2.1485300e-01
  -2.1620500e-01
  -2.1600000e-01
  -2.1392600e-01
  -2.0920000e-01
  -2.0140500e-01
  -1.9202400e-01
  -1.8289300e-01
  -1.7441900e-01
  -1.6612200e-01
  -1.5840600e-01
  -1.5201400e-01
  -1.4698300e-01
  -1.4240200e-01
  -1.3741300e-01
  -1.3208900e-01
  -1.2690500e-01
  -1.2231600e-01
  -1.1911200e-01
  -1.1851200e-01
  -1.2138800e-01
  -1.2763700e-01
  -1.3619100e-01
  -1.4625500e-01
  -1.5766500e-01
  -1.6877100e-01
  -1.7717700e-01
  -1.8197600e-01
  -1.8345600e-01
  -1.8173500e-01
  -1.7585200e-01
  -1.6525800e-01
  -1.5136700e-01
  -1.3631200e-01
  -1.2159700e-01
  -1.0791200e-01
  -9.6502900e-02
  -9.0020300e-02
  -9.1527600e-02
  -1.0250800e-01
  -1.2147700e-01
  -1.4473900e-01
  -1.6731900e-01
  -1.8323300e-01
  -1.8604500e-01
  -1.7170300e-01
  -1.4148100e-01
  -1.0138500e-01
  -5.8697900e-02
  -1.8661600e-02
   1.5582700e-02
   4.2060600e-02
   6.0200900e-02
   7.1234600e-02
   7.6743300e-02
   7.7516100e-02
   7.4890400e-02
   7.1146200e-02
   6.7903000e-02
   6.5999000e-02
   6.5909300e-02
   6.8257900e-02
   7.4178600e-02
   8.3719700e-02
   9.5999400e-02
   1.0979400e-01
   1.2397000e-01
   1.3721200e-01
   1.4807500e-01
   1.5527400e-01
   1.5870200e-01
   1.5897000e-01
   1.5669600e-01
   1.5252900e-01
   1.4708600e-01
   1.4081700e-01
   1.3488300e-01
   1.3087900e-01
   1.2981300e-01
   1.3183300e-01
   1.3669100e-01
   1.4392500e-01
   1.5298500e-01
   1.6390600e-01
   1.7694300e-01
   1.9213600e-01
   2.0877200e-01
   2.2527500e-01
   2.4017700e-01
   2.5307500e-01
   2.6419800e-01
   2.7306200e-01
   2.7963000e-01
   2.8454600e-01
   2.8746200e-01
   2.8674100e-01
   2.8203300e-01
   2.7436500e-01
   2.6458200e-01
   2.5336700e-01
   2.4200600e-01
   2.3231700e-01
   2.2554900e-01
   2.2157800e-01
   2.1994400e-01
   2.2118900e-01
   2.2524300e-01
   2.3047500e-01
   2.3528300e-01
   2.3853100e-01
   2.3886200e-01
   2.3517600e-01
   2.2699700e-01
   2.1443400e-01
   1.9898800e-01
   1.8318800e-01
   1.6907300e-01
   1.5716100e-01
   1.4635500e-01
   1.3605600e-01
   1.2700600e-01
   1.1956800e-01
   1.1209100e-01
   1.0337500e-01
   9.4250800e-02
   8.5959200e-02
   7.9431900e-02
   7.5106100e-02
   7.3464700e-02
   7.4803900e-02
   7.8960600e-02
   8.5069400e-02
   9.2724600e-02
   1.0132700e-01
   1.0877400e-01
   1.1287500e-01
   1.1326000e-01
   1.1122500e-01
   1.0787600e-01
   1.0343400e-01
   9.8211600e-02
   9.2930400e-02
   8.8215100e-02
   8.4635100e-02
   8.3053800e-02
   8.4138200e-02
   8.7915700e-02
   9.3504700e-02
   9.9600600e-02
   1.0520100e-01
   1.0960800e-01
   1.1204400e-01
   1.1227300e-01
   1.1091600e-01
   1.0901200e-01
   1.0745200e-01
   1.0660000e-01
   1.0671900e-01
   1.0852600e-01
   1.1245700e-01
   1.1760500e-01
   1.2239200e-01
   1.2505700e-01
   1.2379700e-01
   1.1732600e-01
   1.0626400e-01
   9.2667300e-02
   7.8681900e-02
   6.6033800e-02
   5.5821200e-02
   4.8088000e-02
   4.1895500e-02
   3.6441400e-02
   3.1523300e-02
   2.6933800e-02
   2.2038200e-02
   1.6565800e-02
   1.0481000e-02
   3.9521900e-03
  -2.4561200e-03
  -8.5524200e-03
  -1.4410500e-02
  -1.9930100e-02
  -2.5605100e-02
  -3.1893300e-02
  -3.8533000e-02
  -4.5298000e-02
  -5.1988700e-02
  -5.7970500e-02
  -6.2251600e-02
  -6.3534300e-02
  -6.0988600e-02
  -5.5214000e-02
  -4.7735000e-02
  -4.0241800e-02
  -3.4839400e-02
  -3.3168000e-02
  -3.5937600e-02
  -4.3326600e-02
  -5.4732500e-02
  -6.8816700e-02
  -8.4223900e-02
  -1.0007300e-01
  -1.1561000e-01
  -1.2970800e-01
  -1.4143100e-01
  -1.5039200e-01
  -1.5650900e-01
  -1.5986000e-01
  -1.6114900e-01
  -1.6088900e-01
  -1.5950900e-01
  -1.5767500e-01
  -1.5637600e-01
  -1.5603800e-01
  -1.5679700e-01
  -1.5832600e-01
  -1.6033200e-01
  -1.6256000e-01
  -1.6490800e-01
  -1.6768900e-01
  -1.7105900e-01
  -1.7533900e-01
  -1.8056400e-01
  -1.8559400e-01
  -1.8838000e-01
  -1.8686100e-01
  -1.7966200e-01
  -1.6662600e-01
  -1.4894900e-01
  -1.2823200e-01
  -1.0559800e-01
  -8.2214800e-02
  -5.9322800e-02
  -3.7810500e-02
  -1.8545000e-02
  -2.3261300e-03
   1.0396500e-02
   1.9563600e-02
   2.5391600e-02
   2.8572400e-02
   3.0096500e-02
   3.0782700e-02
   3.1377400e-02
   3.2766000e-02
   3.5463300e-02
   3.9020600e-02
   4.2623700e-02
   4.6024200e-02
   4.9237700e-02
   5.1988900e-02
   5.4120400e-02
   5.5360300e-02
   5.6065600e-02
   5.7749500e-02
   6.0540400e-02
   6.2066100e-02
   6.1309800e-02
   6.0051300e-02
   5.9727100e-02
   5.9851700e-02
   5.9568800e-02
   5.9403000e-02
   6.0606100e-02
   6.2982200e-02
   6.5172000e-02
   6.6504700e-02
   6.7349300e-02
   6.8469400e-02
   7.0143700e-02
   7.2161700e-02
   7.4528600e-02
   7.6774300e-02
   7.7986300e-02
   7.8199000e-02
   7.8229800e-02
   7.8422400e-02
   7.8172100e-02
   7.6336600e-02
   7.2535100e-02
   6.7597600e-02
   6.2156200e-02
   5.6182500e-02
   4.9360900e-02
   4.1857700e-02
   3.5142500e-02
   3.0702600e-02
   2.8426300e-02
   2.7627500e-02
   2.8262400e-02
   3.0251000e-02
   3.3058900e-02
   3.5428700e-02
   3.5576900e-02
   3.2908900e-02
   2.8307200e-02
   2.2654700e-02
   1.6375800e-02
   9.8626400e-03
   3.7060200e-03
  -2.0861700e-03
  -7.2256000e-03
  -1.0962400e-02
  -1.3214500e-02
  -1.3686900e-02
  -1.1937700e-02
  -8.6829100e-03
  -5.1563900e-03
  -1.8963600e-03
   6.3683100e-04
   2.3688400e-03
   3.8447800e-03
   5.3314700e-03
   6.1166700e-03
   5.2719500e-03
   2.8354800e-03
  -8.4832100e-04
  -5.7852700e-03
  -1.1680500e-02
  -1.7740300e-02
  -2.4109200e-02
  -3.1650100e-02
  -4.0607600e-02
  -5.0703200e-02
  -6.1529600e-02
  -7.2969900e-02
  -8.4909800e-02
  -9.6902800e-02
  -1.0834900e-01
  -1.1869300e-01
  -1.2707600e-01
  -1.3265100e-01
  -1.3565800e-01
  -1.3647600e-01
  -1.3557900e-01
  -1.3404800e-01
  -1.3325100e-01
  -1.3406900e-01
  -1.3680200e-01
  -1.4153700e-01
  -1.4852200e-01
  -1.5761700e-01
  -1.6753400e-01
  -1.7695300e-01
  -1.8501200e-01
  -1.9110700e-01
  -1.9460100e-01
  -1.9478100e-01
  -1.9205700e-01
  -1.8789700e-01
  -1.8329600e-01
  -1.7914500e-01
  -1.7655600e-01
  -1.7559900e-01
  -1.7573200e-01
  -1.7530900e-01
  -1.7099300e-01
  -1.5921200e-01
  -1.3979800e-01
  -1.1770200e-01
  -9.7880200e-02
  -8.2385400e-02
  -7.4919300e-02
  -8.3017400e-02
  -1.1246100e-01
  -1.5996900e-01
  -2.1544200e-01
  -2.7057900e-01
  -3.2330000e-01
  -3.7218300e-01
  -4.1000900e-01
  -4.2734200e-01
  -4.2065800e-01
  -3.9351000e-01
  -3.5260400e-01
  -3.0436600e-01
  -2.5508300e-01
  -2.1159800e-01
  -1.7915400e-01
  -1.5964400e-01
  -1.5191600e-01
  -1.5370600e-01
  -1.6283300e-01
  -1.7667200e-01
  -1.9265300e-01
  -2.0890500e-01
  -2.2478300e-01
  -2.4039500e-01
  -2.5581000e-01
  -2.7108200e-01
  -2.8579200e-01
  -2.9932000e-01
  -3.1126400e-01
  -3.2105500e-01
  -3.2737300e-01
  -3.2876700e-01
  -3.2415200e-01
  -3.1281700e-01
  -2.9511800e-01
  -2.7241700e-01
  -2.4685000e-01
  -2.2048800e-01
  -1.9481900e-01
  -1.7113500e-01
  -1.5079200e-01
  -1.3510300e-01
  -1.2531900e-01
  -1.2155200e-01
  -1.2245800e-01
  -1.2656700e-01
  -1.3225400e-01
  -1.3766400e-01
  -1.4067400e-01
  -1.3977500e-01
  -1.3461400e-01
  -1.2565100e-01
  -1.1434300e-01
  -1.0212400e-01
  -9.0338300e-02
  -8.0395600e-02
  -7.2705400e-02
  -6.7249100e-02
  -6.4024200e-02
  -6.2933300e-02
  -6.4343200e-02
  -6.8390600e-02
  -7.4821100e-02
  -8.2530800e-02
  -8.9619600e-02
  -9.4633200e-02
  -9.6886000e-02
  -9.5877800e-02
  -9.1915500e-02
  -8.5922900e-02
  -7.8753500e-02
  -7.1230200e-02
  -6.4128400e-02
  -5.8338400e-02
  -5.4099900e-02
  -5.1318000e-02
  -5.0045100e-02
  -5.0008000e-02
  -5.1320100e-02
  -5.4017300e-02
  -5.7567100e-02
  -6.1949600e-02
  -6.7097200e-02
  -7.2714000e-02
  -7.8291700e-02
  -8.3397200e-02
  -8.7559700e-02
  -9.0815400e-02
  -9.3340200e-02
  -9.4636400e-02
  -9.4558500e-02
  -9.3738300e-02
  -9.2477000e-02
  -9.0310000e-02
  -8.7258600e-02
  -8.3883300e-02
  -8.0196900e-02
  -7.6130600e-02
  -7.1684400e-02
  -6.7081300e-02
  -6.3222000e-02
  -6.0760300e-02
  -5.9820000e-02
  -6.0693700e-02
  -6.3726300e-02
  -6.8717500e-02
  -7.5154100e-02
  -8.2057900e-02
  -8.8459100e-02
  -9.4072500e-02
  -9.8684800e-02
  -1.0181400e-01
  -1.0334600e-01
  -1.0349000e-01
  -1.0300400e-01
  -1.0282600e-01
  -1.0359900e-01
  -1.0491200e-01
  -1.0589700e-01
  -1.0648200e-01
  -1.0706000e-01
  -1.0777000e-01
  -1.0846900e-01
  -1.0925600e-01
  -1.1046900e-01
  -1.1193000e-01
  -1.1342200e-01
  -1.1512500e-01
  -1.1724200e-01
  -1.1925300e-01
  -1.2067200e-01
  -1.2144800e-01
  -1.2170800e-01
  -1.2125000e-01
  -1.2011100e-01
  -1.1826100e-01
  -1.1492200e-01
  -1.0879600e-01
  -9.9344700e-02
  -8.7047700e-02
  -7.2607200e-02
  -5.6378600e-02
  -3.9300700e-02
  -2.2895700e-02
  -8.0083100e-03
   4.7766400e-03
   1.4326600e-02
   1.9893500e-02
   2.1141800e-02
   1.7946500e-02
   1.1363300e-02
   3.5034100e-03
  -3.7203400e-03
  -8.9449200e-03
  -1.1000800e-02
  -9.2530700e-03
  -4.3108900e-03
   2.3395000e-03
   9.2198800e-03
   1.4914500e-02
   1.8208800e-02
   1.8578900e-02
   1.6311000e-02
   1.2212500e-02
   7.2170300e-03
   1.7448000e-03
  -3.9097300e-03
  -9.1988000e-03
  -1.4059200e-02
  -1.8980000e-02
  -2.3606100e-02
  -2.7640100e-02
  -3.1567000e-02
  -3.5677600e-02
  -3.9141200e-02
  -4.1260900e-02
  -4.2134700e-02
  -4.1920100e-02
  -4.1060300e-02
  -4.0237500e-02
  -3.9695500e-02
  -3.9834500e-02
  -4.0947800e-02
  -4.3278600e-02
  -4.6984700e-02
  -5.1873500e-02
  -5.7470700e-02
  -6.2911800e-02
  -6.7187800e-02
  -6.9142200e-02
  -6.7455200e-02
  -6.1462900e-02
  -5.1725400e-02
  -3.9795300e-02
  -2.7602100e-02
  -1.6328400e-02
  -6.7583100e-03
   6.2090300e-04
   5.3189600e-03
   7.3430600e-03
   6.8572900e-03
   4.4930100e-03
   1.7465500e-03
  -1.9322500e-04
  -4.3316200e-04
   1.2145900e-03
   4.3280000e-03
   8.3083200e-03
   1.2586300e-02
   1.6862000e-02
   2.0674300e-02
   2.3687500e-02
   2.5784500e-02
   2.6970800e-02
   2.7483900e-02
   2.7610800e-02
   2.7627500e-02
   2.7738500e-02
   2.8269000e-02
   2.9575200e-02
   3.1615600e-02
   3.4114100e-02
   3.7085100e-02
   4.0578500e-02
   4.4004900e-02
   4.7146100e-02
   4.9898400e-02
   5.1712200e-02
   5.2552600e-02
   5.2856600e-02
   5.2814900e-02
   5.2367200e-02
   5.1847000e-02
   5.1808500e-02
   5.2008000e-02
   5.1863400e-02
   5.0986500e-02
   4.9420700e-02
   4.7319300e-02
   4.4606700e-02
   4.1542400e-02
   3.8505800e-02
   3.5796800e-02
   3.3940800e-02
   3.3020500e-02
   3.2630500e-02
   3.2749900e-02
   3.3706500e-02
   3.5040000e-02
   3.6045800e-02
   3.6740800e-02
   3.7590300e-02
   3.8099700e-02
   3.7567100e-02
   3.5776500e-02
   3.2734300e-02
   2.8253700e-02
   2.2502000e-02
   1.6197200e-02
   9.7177000e-03
   2.6232500e-03
  -5.2005700e-03
  -1.3413000e-02
  -2.1170100e-02
  -2.7661100e-02
  -3.2262600e-02
  -3.4577900e-02
  -3.4535000e-02
  -3.2361400e-02
  -2.9520100e-02
  -2.7349700e-02
  -2.5696400e-02
  -2.4079900e-02
  -2.2879900e-02
  -2.2443600e-02
  -2.2757000e-02
  -2.3859400e-02
  -2.5241800e-02
  -2.6129400e-02
  -2.5625900e-02
  -2.3491900e-02
  -2.0525700e-02
  -1.7715500e-02
  -1.5757600e-02
  -1.4800900e-02
  -1.4670800e-02
  -1.5339600e-02
  -1.6328000e-02
  -1.7474700e-02
  -1.9002700e-02
  -2.0025300e-02
  -1.9581700e-02
  -1.7766600e-02
  -1.4494600e-02
  -9.7361400e-03
  -3.6763900e-03
   3.1476000e-03
   9.7134600e-03
   1.5503500e-02
   2.0325500e-02
   2.4383400e-02
   2.8186200e-02
   3.1700000e-02
   3.4590600e-02
   3.7194800e-02
   3.9695400e-02
   4.1930800e-02
   4.4002600e-02
   4.5758700e-02
   4.7105100e-02
   4.8063400e-02
   4.8444500e-02
   4.7666100e-02
   4.5448400e-02
   4.2394200e-02
   3.9326000e-02
   3.6446900e-02
   3.3801800e-02
   3.1878700e-02
   3.0656700e-02
   2.9796300e-02
   2.9233300e-02
   2.8855300e-02
   2.8491600e-02
   2.8003500e-02
   2.7325500e-02
   2.6646800e-02
   2.5990600e-02
   2.5569900e-02
   2.5889000e-02
   2.6979500e-02
   2.8644200e-02
   3.0811700e-02
   3.3148700e-02
   3.5306200e-02
   3.6721300e-02
   3.7222000e-02
   3.7233300e-02
   3.7054600e-02
   3.6453800e-02
   3.5306500e-02
   3.3683100e-02
   3.2020400e-02
   3.0659700e-02
   2.9781500e-02
   2.9578900e-02
   2.9816800e-02
   3.0542400e-02
   3.2448700e-02
   3.5652000e-02
   3.9874700e-02
   4.4721500e-02
   4.9602900e-02
   5.4171500e-02
   5.8516900e-02
   6.2296100e-02
   6.5510500e-02
   6.8490100e-02
   7.1218800e-02
   7.3999900e-02
   7.6868600e-02
   7.9682500e-02
   8.2701700e-02
   8.6252200e-02
   9.0289000e-02
   9.4450700e-02
   9.8505700e-02
   1.0248700e-01
   1.0647100e-01
   1.1038000e-01
   1.1412200e-01
   1.1815100e-01
   1.2243200e-01
   1.2631900e-01
   1.2975400e-01
   1.3289800e-01
   1.3588300e-01
   1.3857700e-01
   1.4108100e-01
   1.4341700e-01
   1.4517100e-01
   1.4570300e-01
   1.4463400e-01
   1.4218300e-01
   1.3869600e-01
   1.3378000e-01
   1.2711900e-01
   1.1872400e-01
   1.0918400e-01
   9.9173500e-02
   8.9347600e-02
   8.0201500e-02
   7.2142000e-02
   6.5716500e-02
   6.1060400e-02
   5.7940200e-02
   5.6152700e-02
   5.5434600e-02
   5.5220400e-02
   5.4770800e-02
   5.3562800e-02
   5.1225800e-02
   4.7647000e-02
   4.2834700e-02
   3.6986300e-02
   3.0597100e-02
   2.4228700e-02
   1.8327100e-02
   1.2940000e-02
   7.9708500e-03
   3.7288800e-03
   2.2491700e-04
  -2.6543200e-03
  -4.9221500e-03
  -6.8643300e-03
  -9.0935100e-03
  -1.1539000e-02
  -1.3675300e-02
  -1.5076900e-02
  -1.5806000e-02
  -1.6693300e-02
  -1.9114600e-02
  -2.3206800e-02
  -2.8006900e-02
  -3.2604500e-02
  -3.5327100e-02
  -3.3418200e-02
  -2.4280900e-02
  -7.7941200e-03
   1.2389100e-02
   3.1005100e-02
   4.4908300e-02
   5.3119500e-02
   5.4545200e-02
   4.8115400e-02
   3.4851400e-02
   1.8402100e-02
   3.6355300e-03
  -6.1594200e-03
  -1.0184200e-02
  -8.2432400e-03
  -5.4048600e-04
   1.1835200e-02
   2.6580800e-02
   4.1097400e-02
   5.3591000e-02
   6.2706300e-02
   6.7747900e-02
   6.9222900e-02
   6.8325600e-02
   6.5937900e-02
   6.2688000e-02
   5.9364200e-02
   5.7079000e-02
   5.6210700e-02
   5.6740200e-02
   5.8566700e-02
   6.1625200e-02
   6.5664000e-02
   6.9931000e-02
   7.3664700e-02
   7.6213100e-02
   7.6949900e-02
   7.5875900e-02
   7.3070800e-02
   6.8860500e-02
   6.3700800e-02
   5.7902700e-02
   5.2213800e-02
   4.7391300e-02
   4.3697200e-02
   4.1715700e-02
   4.1934200e-02
   4.4181200e-02
   4.7985800e-02
   5.2993600e-02
   5.8753500e-02
   6.4847200e-02
   7.0855100e-02
   7.6145800e-02
   8.0319500e-02
   8.3339400e-02
   8.5135600e-02
   8.5835200e-02
   8.5861400e-02
   8.5621100e-02
   8.5601700e-02
   8.6002500e-02
   8.6442700e-02
   8.6930300e-02
   8.7861300e-02
   8.9350000e-02
   9.0873400e-02
   9.1856200e-02
   9.2463500e-02
   9.2797800e-02
   9.2713200e-02
   9.2129400e-02
   9.1296600e-02
   9.0396200e-02
   8.9819000e-02
   8.9425900e-02
   8.9280100e-02
   8.9654800e-02
   9.0443200e-02
   9.1766800e-02
   9.3515700e-02
   9.5171400e-02
   9.7007400e-02
   9.9262500e-02
   1.0189600e-01
   1.0459100e-01
   1.0738000e-01
   1.1054500e-01
   1.1390100e-01
   1.1687600e-01
   1.1928700e-01
   1.2120500e-01
   1.2216600e-01
   1.2234900e-01
   1.2235900e-01
   1.2206800e-01
   1.2145200e-01
   1.2107500e-01
   1.2134200e-01
   1.2211500e-01
   1.2306300e-01
   1.2424000e-01
   1.2584900e-01
   1.2761900e-01
   1.2907700e-01
   1.3016700e-01
   1.3093800e-01
   1.3119200e-01
   1.3065500e-01
   1.2933500e-01
   1.2728300e-01
   1.2468200e-01
   1.2180300e-01
   1.1843400e-01
   1.1446200e-01
   1.1025800e-01
   1.0638200e-01
   1.0337300e-01
   1.0119000e-01
   9.9757600e-02
   9.8988500e-02
   9.8937100e-02
   9.9130600e-02
   9.9180400e-02
   9.9264200e-02
   9.9486900e-02
   1.0000300e-01
   1.0066400e-01
   1.0141000e-01
   1.0219200e-01
   1.0294600e-01
   1.0424400e-01
   1.0589000e-01
   1.0625100e-01
   1.0409200e-01
   9.9948700e-02
   9.4630100e-02
   8.8056600e-02
   8.0740300e-02
   7.3687300e-02
   6.7699000e-02
   6.2493900e-02
   5.8034300e-02
   5.5097000e-02
   5.4233700e-02
   5.4596000e-02
   5.5219000e-02
   5.6647800e-02
   5.9025700e-02
   6.1079100e-02
   6.1805400e-02
   6.1527200e-02
   6.1146600e-02
   6.0583700e-02
   5.9408800e-02
   5.7907700e-02
   5.6364200e-02
   5.4435800e-02
   5.2065000e-02
   4.9793000e-02
   4.8173000e-02
   4.7084900e-02
   4.6215600e-02
   4.5493900e-02
   4.5029800e-02
   4.4905900e-02
   4.5228700e-02
   4.5719500e-02
   4.6255400e-02
   4.6887800e-02
   4.7640700e-02
   4.8561200e-02
   4.9464300e-02
   5.0550600e-02
   5.2234800e-02
   5.4189700e-02
   5.6219600e-02
   5.8423400e-02
   6.0306400e-02
   6.1494600e-02
   6.2316000e-02
   6.2846800e-02
   6.2821700e-02
   6.2586400e-02
   6.2715500e-02
   6.3432600e-02
   6.4316300e-02
   6.5315300e-02
   6.6995100e-02
   6.9290700e-02
   7.1187700e-02
   7.2244600e-02
   7.2874700e-02
   7.3089200e-02
   7.2601800e-02
   7.1191900e-02
   6.8935100e-02
   6.6220300e-02
   6.3104000e-02
   5.9682700e-02
   5.6252400e-02
   5.2859600e-02
   4.9250300e-02
   4.5357100e-02
   4.1211900e-02
   3.7018000e-02
   3.3174700e-02
   2.9933400e-02
   2.7170000e-02
   2.4826600e-02
   2.3463000e-02
   2.2913200e-02
   2.2335100e-02
   2.1261100e-02
   2.0084100e-02
   1.9446300e-02
   1.9051300e-02
   1.8559700e-02
   1.8490600e-02
   1.9226300e-02
   2.0490400e-02
   2.2010400e-02
   2.4334400e-02
   2.7768500e-02
   3.1714300e-02
   3.5837300e-02
   4.0777700e-02
   4.7185700e-02
   5.4482000e-02
   6.1716000e-02
   6.8412400e-02
   7.4674600e-02
   7.9849700e-02
   8.3038000e-02
   8.4317000e-02
   8.4234400e-02
   8.3163000e-02
   8.1213200e-02
   7.8882400e-02
   7.7261900e-02
   7.6840400e-02
   7.7514100e-02
   7.9055500e-02
   8.1546900e-02
   8.4802300e-02
   8.8214700e-02
   9.1461300e-02
   9.4554600e-02
   9.7417700e-02
   1.0001500e-01
   1.0224900e-01
   1.0405200e-01
   1.0563300e-01
   1.0731400e-01
   1.0923700e-01
   1.1109200e-01
   1.1263700e-01
   1.1378300e-01
   1.1451300e-01
   1.1505600e-01
   1.1544300e-01
   1.1490900e-01
   1.1283300e-01
   1.0939400e-01
   1.0476700e-01
   9.8765500e-02
   9.1400500e-02
   8.3097500e-02
   7.3959100e-02
   6.4073900e-02
   5.3789000e-02
   4.3414700e-02
   3.2975700e-02
   2.2733600e-02
   1.3059000e-02
   4.0340700e-03
  -4.3916700e-03
  -1.1919800e-02
  -1.8202700e-02
  -2.3321800e-02
  -2.7083100e-02
  -2.9114500e-02
  -2.9444200e-02
  -2.8581100e-02
  -2.6538900e-02
  -2.3142600e-02
  -1.8639100e-02
  -1.3957600e-02
  -9.7705400e-03
  -6.4040500e-03
  -3.8876400e-03
  -1.9589700e-03
  -7.2252400e-04
  -1.4946600e-04
  -1.2665200e-04
  -3.8311300e-04
  -6.2029700e-04
  -7.2037200e-04
  -4.9541500e-04
   2.3047800e-04
   1.5533300e-03
   3.6108500e-03
   6.2729100e-03
   9.1449900e-03
   1.2226500e-02
   1.5694600e-02
   1.9401700e-02
   2.2903200e-02
   2.5871500e-02
   2.8390100e-02
   3.0108200e-02
   3.0833300e-02
   3.0382500e-02
   2.9028100e-02
   2.7376100e-02
   2.5384500e-02
   2.3125500e-02
   2.0992800e-02
   1.9065700e-02
   1.7408500e-02
   1.6036700e-02
   1.5207100e-02
   1.4744500e-02
   1.4304300e-02
   1.3617000e-02
   1.2286200e-02
   9.9950300e-03
   6.7832500e-03
   2.5069300e-03
  -2.3186900e-03
  -7.2888100e-03
  -1.1836700e-02
  -1.5707100e-02
  -1.8676600e-02
  -2.0256300e-02
  -2.0506400e-02
  -1.9378700e-02
  -1.6813300e-02
  -1.3349100e-02
  -9.7827600e-03
  -7.1831500e-03
  -6.1439200e-03
  -6.5977800e-03
  -8.6462900e-03
  -1.1795300e-02
  -1.5144800e-02
  -1.8365600e-02
  -2.1067400e-02
  -2.2776200e-02
  -2.3297600e-02
  -2.2641300e-02
  -2.1109400e-02
  -1.8823300e-02
  -1.5818500e-02
  -1.2641600e-02
  -9.5577100e-03
  -6.8708800e-03
  -5.0895500e-03
  -4.1792200e-03
  -3.9449500e-03
  -4.0401000e-03
  -4.2979500e-03
  -4.4170600e-03
  -4.3547200e-03
  -4.1739800e-03
  -3.8645000e-03
  -3.6833600e-03
  -3.8878000e-03
  -4.2893200e-03
  -5.1491900e-03
  -6.4675600e-03
  -8.5076600e-03
  -1.1315700e-02
  -1.4703500e-02
  -1.8248200e-02
  -2.1550800e-02
  -2.4738000e-02
  -2.8003000e-02
  -3.1570000e-02
  -3.5291300e-02
  -3.9056200e-02
  -4.2986400e-02
  -4.6991400e-02
  -5.0459600e-02
  -5.3381200e-02
  -5.5914500e-02
  -5.8200300e-02
  -6.0441700e-02
  -6.2784600e-02
  -6.5392400e-02
  -6.8045200e-02
  -7.0220000e-02
  -7.2289300e-02
  -7.5131300e-02
  -7.8723100e-02
  -8.2193900e-02
  -8.5330500e-02
  -8.8375600e-02
  -9.0699800e-02
  -9.2207400e-02
  -9.3391900e-02
  -9.3955500e-02
  -9.3616300e-02
  -9.2788300e-02
  -9.2105800e-02
  -9.1470900e-02
  -9.0849000e-02
  -9.0895000e-02
  -9.1752100e-02
  -9.3293400e-02
  -9.5697400e-02
  -9.9053600e-02
  -1.0309100e-01
  -1.0745300e-01
  -1.1189700e-01
  -1.1608100e-01
  -1.1938200e-01
  -1.2164100e-01
  -1.2310200e-01
  -1.2391300e-01
  -1.2407300e-01
  -1.2372800e-01
  -1.2297800e-01
  -1.2209700e-01
  -1.2123800e-01
  -1.2050300e-01
  -1.2007400e-01
  -1.2010700e-01
  -1.2053400e-01
  -1.2169700e-01
  -1.2345800e-01
  -1.2557900e-01
  -1.2789900e-01
  -1.3023400e-01
  -1.3237400e-01
  -1.3390900e-01
  -1.3457300e-01
  -1.3417600e-01
  -1.3300900e-01
  -1.3150800e-01
  -1.2937300e-01
  -1.2681100e-01
  -1.2457900e-01
  -1.2262800e-01
  -1.2107900e-01
  -1.2004700e-01
  -1.1950700e-01
  -1.1971700e-01
  -1.2088100e-01
  -1.2276500e-01
  -1.2499600e-01
  -1.2730600e-01
  -1.2943600e-01
  -1.3101000e-01
  -1.3216600e-01
  -1.3324300e-01
  -1.3424200e-01
  -1.3528600e-01
  -1.3649400e-01
  -1.3761900e-01
  -1.3811300e-01
  -1.3789500e-01
  -1.3741200e-01
  -1.3673200e-01
  -1.3566400e-01
  -1.3426600e-01
  -1.3284600e-01
  -1.3201600e-01
  -1.3154900e-01
  -1.3110800e-01
  -1.3132200e-01
  -1.3246400e-01
  -1.3375400e-01
  -1.3432900e-01
  -1.3424400e-01
  -1.3349700e-01
  -1.3172300e-01
  -1.2937000e-01
  -1.2747400e-01
  -1.2657100e-01
  -1.2648400e-01
  -1.2712000e-01
  -1.2863100e-01
  -1.3065500e-01
  -1.3223400e-01
  -1.3273600e-01
  -1.3175000e-01
  -1.2904300e-01
  -1.2470800e-01
  -1.1935000e-01
  -1.1339300e-01
  -1.0697500e-01
  -1.0047000e-01
  -9.4306500e-02
  -8.8526800e-02
  -8.2954200e-02
  -7.7358200e-02
  -7.1700600e-02
  -6.5811500e-02
  -5.9661000e-02
  -5.2863700e-02
  -4.5320300e-02
  -3.7492600e-02
  -2.9850400e-02
  -2.3430200e-02
  -1.9003100e-02
  -1.6199800e-02
  -1.4393300e-02
  -1.3015100e-02
  -1.2033500e-02
  -1.2086800e-02
  -1.3242200e-02
  -1.4533100e-02
  -1.5356000e-02
  -1.5643000e-02
  -1.5265800e-02
  -1.4065100e-02
  -1.1908000e-02
  -9.1000800e-03
  -5.8451000e-03
  -2.4133200e-03
   8.8015500e-04
   4.4588900e-03
   8.6247300e-03
   1.2613800e-02
   1.5475600e-02
   1.7648000e-02
   2.0144400e-02
   2.3022000e-02
   2.5403200e-02
   2.6776600e-02
   2.7873000e-02
   2.8988800e-02
   2.9740300e-02
   2.9951600e-02
   3.0287300e-02
   3.1162500e-02
   3.2475300e-02
   3.4241100e-02
   3.6743800e-02
   3.9762000e-02
   4.2482700e-02
   4.4845100e-02
   4.6881600e-02
   4.8084700e-02
   4.8555900e-02
   4.8746900e-02
   4.8998500e-02
   4.9382000e-02
   4.9646800e-02
   5.0260000e-02
   5.1431400e-02
   5.2856800e-02
   5.4636200e-02
   5.6767600e-02
   5.8878800e-02
   6.0551500e-02
   6.1778000e-02
   6.3017600e-02
   6.4134300e-02
   6.4650600e-02
   6.4830300e-02
   6.5255500e-02
   6.6538900e-02
   6.7885500e-02
   6.7906900e-02
   6.6530300e-02
   6.4976400e-02
   6.4082300e-02
   6.3286600e-02
   6.2169400e-02
   6.0905800e-02
   5.9709400e-02
   5.8105300e-02
   5.5445100e-02
   5.1795800e-02
   4.7838900e-02
   4.4268000e-02
   4.1457400e-02
   3.8676700e-02
   3.4941000e-02
   2.9672600e-02
   2.3132900e-02
   1.6003000e-02
   8.7362000e-03
   1.4512800e-03
  -6.3543800e-03
  -1.4793600e-02
  -2.3241700e-02
  -3.0578100e-02
  -3.6671800e-02
  -4.2051800e-02
  -4.6419500e-02
  -4.8854800e-02
  -4.8908400e-02
  -4.7206100e-02
  -4.4758400e-02
  -4.1856100e-02
  -3.8927900e-02
  -3.7133000e-02
  -3.7062100e-02
  -3.8532400e-02
  -4.1087700e-02
  -4.4852100e-02
  -4.9739300e-02
  -5.4612000e-02
  -5.8486800e-02
  -6.1307700e-02
  -6.3309200e-02
  -6.4975600e-02
  -6.6224900e-02
  -6.6645700e-02
  -6.6579600e-02
  -6.6570600e-02
  -6.6854600e-02
  -6.7691800e-02
  -6.9351900e-02
  -7.2038600e-02
  -7.5775700e-02
  -8.0592600e-02
  -8.5890000e-02
  -9.1019400e-02
  -9.5622300e-02
  -9.9695100e-02
  -1.0324800e-01
  -1.0625100e-01
  -1.0846900e-01
  -1.0992700e-01
  -1.1053700e-01
  -1.1033700e-01
  -1.0967200e-01
  -1.0886800e-01
  -1.0780300e-01
  -1.0636900e-01
  -1.0488700e-01
  -1.0355600e-01
  -1.0247900e-01
  -1.0136300e-01
  -1.0039000e-01
  -9.9483800e-02
  -9.7531800e-02
  -9.4017200e-02
  -8.9399500e-02
  -8.4062900e-02
  -7.8313400e-02
  -7.2666800e-02
  -6.7472200e-02
  -6.2864400e-02
  -5.8902200e-02
  -5.5893100e-02
  -5.3597300e-02
  -5.1815900e-02
  -5.0277400e-02
  -4.8708500e-02
  -4.6736900e-02
  -4.4269900e-02
  -4.1134500e-02
  -3.7259200e-02
  -3.3181100e-02
  -2.9295000e-02
  -2.5924700e-02
  -2.3308500e-02
  -2.1441700e-02
  -2.0110700e-02
  -1.9626800e-02
  -2.0195400e-02
  -2.1274000e-02
  -2.2458300e-02
  -2.3703500e-02
  -2.4854700e-02
  -2.5467600e-02
  -2.5771100e-02
  -2.6639800e-02
  -2.8452100e-02
  -3.0931000e-02
  -3.3394900e-02
  -3.5485600e-02
  -3.7233400e-02
  -3.8841600e-02
  -4.0413400e-02
  -4.1611100e-02
  -4.2135500e-02
  -4.2346400e-02
  -4.2243300e-02
  -4.1596200e-02
  -4.0665600e-02
  -3.9738600e-02
  -3.8654900e-02
  -3.7292600e-02
  -3.5564900e-02
  -3.3516800e-02
  -3.1467600e-02
  -2.9562800e-02
  -2.7899800e-02
  -2.6085000e-02
  -2.3825600e-02
  -2.1232300e-02
  -1.8344500e-02
  -1.4802700e-02
  -1.0945100e-02
  -7.1016700e-03
  -2.6851200e-03
   2.3812800e-03
   7.4283800e-03
   1.1928500e-02
   1.5818100e-02
   1.9283700e-02
   2.2469900e-02
   2.5154900e-02
   2.7508800e-02
   3.0017800e-02
   3.2585000e-02
   3.4805400e-02
   3.6460200e-02
   3.7982700e-02
   3.9750100e-02
   4.1609100e-02
   4.3470400e-02
   4.5325100e-02
   4.6697300e-02
   4.7634800e-02
   4.8452600e-02
   4.9090400e-02
   4.9254600e-02
   4.9183500e-02
   4.9006200e-02
   4.8419800e-02
   4.7376600e-02
   4.6396900e-02
   4.5647300e-02
   4.4774300e-02
   4.3936300e-02
   4.3530100e-02
   4.3563700e-02
   4.4074700e-02
   4.4964100e-02
   4.6247500e-02
   4.8166600e-02
   5.0421900e-02
   5.2377000e-02
   5.3985000e-02
   5.5516600e-02
   5.6817600e-02
   5.7658900e-02
   5.8043900e-02
   5.7759300e-02
   5.7260300e-02
   5.7071300e-02
   5.6873000e-02
   5.6660500e-02
   5.6550200e-02
   5.6622100e-02
   5.6829600e-02
   5.7176300e-02
   5.8001300e-02
   5.9234800e-02
   6.0481600e-02
   6.1532800e-02
   6.2299100e-02
   6.2896300e-02
   6.3365000e-02
   6.3358700e-02
   6.2871700e-02
   6.1971900e-02
   6.0413500e-02
   5.8122100e-02
   5.5583200e-02
   5.3808600e-02
   5.2818500e-02
   5.1155200e-02
   4.8293500e-02
   4.5172200e-02
   4.1775000e-02
   3.8057000e-02
   3.4693900e-02
   3.1851500e-02
   2.8754800e-02
   2.5194900e-02
   2.1958200e-02
   1.9686000e-02
   1.8296000e-02
   1.7520300e-02
   1.7220200e-02
   1.7667100e-02
   1.8736500e-02
   2.0074700e-02
   2.1444500e-02
   2.2869900e-02
   2.4334200e-02
   2.5300900e-02
   2.5883500e-02
   2.6612200e-02
   2.7379500e-02
   2.7673800e-02
   2.7788400e-02
   2.8446900e-02
   2.9581300e-02
   3.0435300e-02
   3.0918900e-02
   3.1435900e-02
   3.2219000e-02
   3.2622100e-02
   3.2263700e-02
   3.1078400e-02
   2.8740600e-02
   2.5328800e-02
   2.1435400e-02
   1.7280500e-02
   1.3108700e-02
   9.0504400e-03
   4.9006300e-03
   8.5405600e-04
  -2.6705700e-03
  -5.5612100e-03
  -7.9487400e-03
  -9.8038600e-03
  -1.1042900e-02
  -1.2072100e-02
  -1.3093300e-02
  -1.3947600e-02
  -1.4534400e-02
  -1.5178100e-02
  -1.6051000e-02
  -1.6986100e-02
  -1.7779800e-02
  -1.8346900e-02
  -1.8979700e-02
  -1.9828300e-02
  -2.0674100e-02
  -2.0993100e-02
  -2.0362200e-02
  -1.9318200e-02
  -1.8164500e-02
  -1.6482200e-02
  -1.4246700e-02
  -1.1749500e-02
  -9.1437700e-03
  -6.3051600e-03
  -3.3576100e-03
  -5.3668100e-04
   2.3752900e-03
   5.2958300e-03
   8.3811700e-03
   1.1813000e-02
   1.5578200e-02
   1.9383800e-02
   2.2885400e-02
   2.5971900e-02
   2.8607700e-02
   3.0999800e-02
   3.3022800e-02
   3.4177800e-02
   3.4034500e-02
   3.2984600e-02
   3.1580100e-02
   3.0170200e-02
   2.8841900e-02
   2.7926100e-02
   2.7718700e-02
   2.7950900e-02
   2.8238400e-02
   2.8998800e-02
   3.0295300e-02
   3.1287300e-02
   3.1326100e-02
   3.0425500e-02
   2.8605200e-02
   2.5787000e-02
   2.1770800e-02
   1.6936400e-02
   1.1597600e-02
   5.8863500e-03
   2.4384500e-04
  -4.9756900e-03
  -9.4537000e-03
  -1.2775700e-02
  -1.4521600e-02
  -1.4856700e-02
  -1.4361900e-02
  -1.3666900e-02
  -1.3073000e-02
  -1.2537200e-02
  -1.1971800e-02
  -1.1452100e-02
  -1.1269500e-02
  -1.1566400e-02
  -1.2132600e-02
  -1.2961500e-02
  -1.4118600e-02
  -1.5245500e-02
  -1.6053900e-02
  -1.6522400e-02
  -1.6846600e-02
  -1.7133000e-02
  -1.7259800e-02
  -1.7493500e-02
  -1.8173000e-02
  -1.9133900e-02
  -1.9968300e-02
  -2.0519300e-02
  -2.1055000e-02
  -2.1514000e-02
  -2.1488800e-02
  -2.1057000e-02
  -2.0959300e-02
  -2.1378400e-02
  -2.1851600e-02
  -2.2242400e-02
  -2.2840000e-02
  -2.3839100e-02
  -2.5294100e-02
  -2.6958800e-02
  -2.8905700e-02
  -3.1109300e-02
  -3.2963100e-02
  -3.4067200e-02
  -3.4833000e-02
  -3.5314100e-02
  -3.5123500e-02
  -3.4121300e-02
  -3.2698400e-02
  -3.1114000e-02
  -2.9509800e-02
  -2.8075600e-02
  -2.6747800e-02
  -2.5880500e-02
  -2.5887000e-02
  -2.6373800e-02
  -2.6705400e-02
  -2.6557500e-02
  -2.5837600e-02
  -2.4308100e-02
  -2.1979200e-02
  -1.9464700e-02
  -1.7157800e-02
  -1.5281100e-02
  -1.3946600e-02
  -1.3408300e-02
  -1.3482700e-02
  -1.3812700e-02
  -1.4191100e-02
  -1.4627100e-02
  -1.5305800e-02
  -1.6264600e-02
  -1.7471600e-02
  -1.8955000e-02
  -2.0875600e-02
  -2.2906600e-02
  -2.4782200e-02
  -2.6791700e-02
  -2.9051300e-02
  -3.1342700e-02
  -3.3608500e-02
  -3.6031800e-02
  -3.8411800e-02
  -4.0592200e-02
  -4.2541500e-02
  -4.4092000e-02
  -4.5294700e-02
  -4.5914900e-02
  -4.5812400e-02
  -4.4876600e-02
  -4.3524500e-02
  -4.2328100e-02
  -4.1094900e-02
  -3.9983600e-02
  -3.9036000e-02
  -3.7843100e-02
  -3.6472100e-02
  -3.4776100e-02
  -3.2732000e-02
  -3.0233600e-02
  -2.7185700e-02
  -2.3999000e-02
  -2.1029000e-02
  -1.7851000e-02
  -1.4247400e-02
  -1.0574600e-02
  -6.9754200e-03
  -3.3130700e-03
  -6.9665000e-05
   2.2413000e-03
   3.8477800e-03
   4.6309500e-03
   4.4976800e-03
   4.0921200e-03
   3.8990600e-03
   4.2132100e-03
   5.3194700e-03
   7.3356100e-03
   9.7048200e-03
   1.1966500e-02
   1.4082800e-02
   1.6102800e-02
   1.7616400e-02
   1.8719200e-02
   1.9632200e-02
   2.0303000e-02
   2.0997700e-02
   2.1763900e-02
   2.2018900e-02
   2.1472300e-02
   2.0359400e-02
   1.8854700e-02
   1.6977100e-02
   1.4850200e-02
   1.2507200e-02
   9.9667500e-03
   7.1619600e-03
   4.3490100e-03
   1.8690100e-03
  -8.2815600e-04
  -3.9469300e-03
  -7.1175900e-03
  -9.6563000e-03
  -1.1235700e-02
  -1.2316300e-02
  -1.3183000e-02
  -1.3837000e-02
  -1.4828700e-02
  -1.6431000e-02
  -1.8069500e-02
  -1.9168200e-02
  -1.9442500e-02
  -1.9442200e-02
  -1.9557100e-02
  -1.9376500e-02
  -1.8970200e-02
  -1.8765700e-02
  -1.9044600e-02
  -1.9622500e-02
  -2.0041200e-02
  -2.0627300e-02
  -2.1200300e-02
  -2.1371200e-02
  -2.1679900e-02
  -2.2592700e-02
  -2.4151700e-02
  -2.5982100e-02
  -2.7882300e-02
  -3.0141400e-02
  -3.2500700e-02
  -3.4346600e-02
  -3.5457000e-02
  -3.5731800e-02
  -3.5119200e-02
  -3.3742500e-02
  -3.1800600e-02
  -2.9804600e-02
  -2.8207200e-02
  -2.7213000e-02
  -2.6844000e-02
  -2.7538700e-02
  -2.9299000e-02
  -3.1467100e-02
  -3.3363300e-02
  -3.4900300e-02
  -3.5905100e-02
  -3.5755300e-02
  -3.4634800e-02
  -3.2953300e-02
  -3.0852500e-02
  -2.8557500e-02
  -2.6376900e-02
  -2.4523600e-02
  -2.2958600e-02
  -2.1512000e-02
  -1.9639000e-02
  -1.7103800e-02
  -1.4201800e-02
  -1.0783900e-02
  -6.4756900e-03
  -1.3424100e-03
   4.4717300e-03
   1.0667800e-02
   1.6278000e-02
   2.0591200e-02
   2.4047800e-02
   2.7110500e-02
   2.9821700e-02
   3.1897300e-02
   3.3316000e-02
   3.4592200e-02
   3.6289200e-02
   3.8582700e-02
   4.1291400e-02
   4.4304300e-02
   4.8022500e-02
   5.2248000e-02
   5.6217900e-02
   5.9711700e-02
   6.2897600e-02
   6.5976600e-02
   6.8988100e-02
   7.1800100e-02
   7.4646900e-02
   7.7595500e-02
   8.0540300e-02
   8.3901900e-02
   8.7660800e-02
   9.1454500e-02
   9.5081500e-02
   9.8613900e-02
   1.0182500e-01
   1.0445500e-01
   1.0616000e-01
   1.0706600e-01
   1.0764100e-01
   1.0785300e-01
   1.0756900e-01
   1.0678200e-01
   1.0586600e-01
   1.0486600e-01
   1.0349000e-01
   1.0191500e-01
   1.0049500e-01
   9.8863000e-02
   9.6823100e-02
   9.4688700e-02
   9.2688200e-02
   9.0732800e-02
   8.8831300e-02
   8.7029800e-02
   8.5091500e-02
   8.3124800e-02
   8.1141800e-02
   7.9374400e-02
   7.7959200e-02
   7.6603900e-02
   7.5575800e-02
   7.5998100e-02
   7.7340500e-02
   7.7704500e-02
   7.6294200e-02
   7.4248700e-02
   7.2363300e-02
   7.0219700e-02
   6.7482900e-02
   6.4495000e-02
   6.1696400e-02
   5.9269600e-02
   5.6904100e-02
   5.4062200e-02
   5.0968500e-02
   4.7639300e-02
   4.3629000e-02
   3.9399700e-02
   3.5423300e-02
   3.1727700e-02
   2.8219500e-02
   2.5098900e-02
   2.2761600e-02
   2.1317800e-02
   2.1016700e-02
   2.2125100e-02
   2.4335400e-02
   2.6807600e-02
   2.9226800e-02
   3.1986400e-02
   3.4895900e-02
   3.7159000e-02
   3.8159600e-02
   3.7764100e-02
   3.5971300e-02
   3.3062100e-02
   2.9277900e-02
   2.5060400e-02
   2.1043700e-02
   1.7685100e-02
   1.4834500e-02
   1.2278300e-02
   1.0213600e-02
   8.9571100e-03
   8.3846200e-03
   7.9511100e-03
   7.6027500e-03
   7.9080300e-03
   8.7556800e-03
   1.0123400e-02
   1.2551700e-02
   1.5883400e-02
   1.9452300e-02
   2.2780800e-02
   2.5276400e-02
   2.7102200e-02
   2.8576400e-02
   2.9705600e-02
   3.0279800e-02
   3.0464000e-02
   3.0664700e-02
   3.0842000e-02
   3.0507200e-02
   2.9711100e-02
   2.8848200e-02
   2.7739900e-02
   2.5921500e-02
   2.3706500e-02
   2.1804700e-02
   2.0402400e-02
   1.9591400e-02
   1.9347300e-02
   1.9315800e-02
   1.9136700e-02
   1.8694800e-02
   1.8392000e-02
   1.8522900e-02
   1.8594700e-02
   1.8197600e-02
   1.7759600e-02
   1.7546000e-02
   1.7178100e-02
   1.6523300e-02
   1.5816500e-02
   1.5215500e-02
   1.4497100e-02
   1.3441900e-02
   1.2658400e-02
   1.2395500e-02
   1.2512400e-02
   1.2610700e-02
   1.2502100e-02
   1.2266500e-02
   1.1769000e-02
   1.0764400e-02
   9.2142300e-03
   7.2402900e-03
   5.2179800e-03
   3.4305300e-03
   1.8605900e-03
   7.0556000e-04
  -2.0041000e-04
  -7.5085600e-04
  -1.0714900e-03
  -1.6399600e-03
  -2.8486100e-03
  -4.3910700e-03
  -5.6226500e-03
  -6.5151500e-03
  -7.3428500e-03
  -7.8847500e-03
  -7.6988700e-03
  -7.0566200e-03
  -6.3954800e-03
  -5.6971600e-03
  -5.0328000e-03
  -4.6693100e-03
  -4.7507400e-03
  -4.7696800e-03
  -4.6003400e-03
  -4.5897100e-03
  -4.9643000e-03
  -5.5362700e-03
  -6.1270000e-03
  -6.9099400e-03
  -7.8477900e-03
  -8.5427000e-03
  -8.9679400e-03
  -9.2920600e-03
  -9.5860400e-03
  -9.9940000e-03
  -1.0023400e-02
  -9.4005200e-03
  -8.5491200e-03
  -7.9093800e-03
  -6.5157100e-03
  -3.5280900e-03
   2.9583500e-04
   4.1906600e-03
   8.3427100e-03
   1.2805500e-02
   1.6653100e-02
   1.9504700e-02
   2.1973700e-02
   2.4239900e-02
   2.5942700e-02
   2.7347100e-02
   2.8503300e-02
   2.8823700e-02
   2.8385000e-02
   2.7685400e-02
   2.6980900e-02
   2.6364300e-02
   2.6058100e-02
   2.6286400e-02
   2.6922300e-02
   2.7452100e-02
   2.7697400e-02
   2.7892900e-02
   2.8106500e-02
   2.7958000e-02
   2.6984200e-02
   2.5264600e-02
   2.3011700e-02
   2.0250100e-02
   1.7316000e-02
   1.4314600e-02
   1.0763300e-02
   6.3869100e-03
   2.1903500e-03
  -1.2084800e-03
  -3.9985400e-03
  -6.2430400e-03
  -8.0755700e-03
  -9.6223800e-03
  -1.1113300e-02
  -1.2789300e-02
  -1.4512100e-02
  -1.6140600e-02
  -1.7377700e-02
  -1.8243000e-02
  -1.9007400e-02
  -1.9479300e-02
  -1.9175600e-02
  -1.8152600e-02
  -1.6974700e-02
  -1.5875300e-02
  -1.4705300e-02
  -1.3996500e-02
  -1.4588300e-02
  -1.6542600e-02
  -1.9385600e-02
  -2.2801600e-02
  -2.6827900e-02
  -3.1072000e-02
  -3.4685300e-02
  -3.7360500e-02
  -3.9031600e-02
  -3.9074600e-02
  -3.6856500e-02
  -3.2753700e-02
  -2.7607600e-02
  -2.1850400e-02
  -1.5961600e-02
  -1.0776100e-02
  -6.7668300e-03
  -3.9203100e-03
  -2.3335600e-03
  -2.1638700e-03
  -3.1329000e-03
  -4.7116200e-03
  -6.4557200e-03
  -7.7257700e-03
  -8.3098900e-03
  -8.4423700e-03
  -7.9216800e-03
  -6.7902100e-03
  -5.3621300e-03
  -3.8230100e-03
  -1.9928700e-03
   2.8169700e-04
   2.7732200e-03
   5.1210600e-03
   7.1352900e-03
   8.8000900e-03
   1.0033700e-02
   1.1146700e-02
   1.2468300e-02
   1.3682500e-02
   1.4132100e-02
   1.4159200e-02
   1.4344300e-02
   1.4405300e-02
   1.3955900e-02
   1.3142200e-02
   1.2215300e-02
   1.1374800e-02
   1.0409500e-02
   9.0016600e-03
   7.4021000e-03
   6.1763000e-03
   5.5834200e-03
   5.5133400e-03
   5.8998600e-03
   6.5460500e-03
   6.9881700e-03
   7.4176200e-03
   7.8258800e-03
   7.5057100e-03
   6.1002100e-03
   3.8171800e-03
   7.2059000e-04
  -2.9241000e-03
  -6.7914400e-03
  -1.0715100e-02
  -1.4477800e-02
  -1.7622100e-02
  -2.0066600e-02
  -2.2222000e-02
  -2.4161000e-02
  -2.5571200e-02
  -2.6061000e-02
  -2.5715700e-02
  -2.5081300e-02
  -2.4005800e-02
  -2.2406700e-02
  -2.0782500e-02
  -1.9562100e-02
  -1.8614800e-02
  -1.7623400e-02
  -1.6623200e-02
  -1.5890300e-02
  -1.5473900e-02
  -1.5376600e-02
  -1.5753200e-02
  -1.6451800e-02
  -1.6882200e-02
  -1.7010100e-02
  -1.7044100e-02
  -1.6743200e-02
  -1.5384500e-02
  -1.3067600e-02
  -1.0118100e-02
  -6.4319200e-03
  -2.0362000e-03
   2.7722900e-03
   7.5854300e-03
   1.1914900e-02
   1.5471600e-02
   1.8468200e-02
   2.0937100e-02
   2.2699500e-02
   2.3765100e-02
   2.4743700e-02
   2.5860800e-02
   2.6747100e-02
   2.8104600e-02
   3.0681700e-02
   3.3515300e-02
   3.5765600e-02
   3.7789100e-02
   4.0362300e-02
   4.3489300e-02
   4.5887500e-02
   4.6858800e-02
   4.6778200e-02
   4.6531500e-02
   4.6240100e-02
   4.5126000e-02
   4.2589500e-02
   3.8859800e-02
   3.4692100e-02
   3.0849500e-02
   2.7705900e-02
   2.5504000e-02
   2.4613200e-02
   2.5331700e-02
   2.7693800e-02
   3.0975100e-02
   3.4302800e-02
   3.7143200e-02
   3.8789300e-02
   3.8871200e-02
   3.7313800e-02
   3.4035400e-02
   2.8852200e-02
   2.2174400e-02
   1.4664500e-02
   6.9097900e-03
  -4.6619600e-04
  -7.5992800e-03
  -1.4794500e-02
  -2.1824800e-02
  -2.8563400e-02
  -3.5145400e-02
  -4.1366300e-02
  -4.6789600e-02
  -5.1337400e-02
  -5.5117500e-02
  -5.8129300e-02
  -6.0128700e-02
  -6.1167500e-02
  -6.1451800e-02
  -6.1142200e-02
  -6.0486800e-02
  -5.9949200e-02
  -5.9672900e-02
  -5.9438200e-02
  -5.9195700e-02
  -5.9189800e-02
  -5.9419500e-02
  -5.9720300e-02
  -6.0277300e-02
  -6.1217700e-02
  -6.2202200e-02
  -6.3047500e-02
  -6.3369200e-02
  -6.2764800e-02
  -6.1321800e-02
  -5.9117800e-02
  -5.6061400e-02
  -5.2317700e-02
  -4.8128700e-02
  -4.3612700e-02
  -3.9010500e-02
  -3.4858500e-02
  -3.1428700e-02
  -2.8445200e-02
  -2.6352900e-02
  -2.5632300e-02
  -2.6068200e-02
  -2.7389200e-02
  -2.9406500e-02
  -3.1449700e-02
  -3.2816000e-02
  -3.3271400e-02
  -3.3050800e-02
  -3.2399900e-02
  -3.1322900e-02
  -2.9808500e-02
  -2.8124200e-02
  -2.6425100e-02
  -2.4673900e-02
  -2.3213900e-02
  -2.2301000e-02
  -2.1904400e-02
  -2.1764400e-02
  -2.2157000e-02
  -2.3153600e-02
  -2.4542100e-02
  -2.6303400e-02
  -2.8614800e-02
  -3.1757400e-02
  -3.5843600e-02
  -4.0521300e-02
  -4.5342800e-02
  -5.0278400e-02
  -5.5308000e-02
  -5.9946800e-02
  -6.3793800e-02
  -6.7027900e-02
  -6.9874800e-02
  -7.2598100e-02
  -7.5321400e-02
  -7.7935200e-02
  -8.0063500e-02
  -8.1890500e-02
  -8.3310500e-02
  -8.4191300e-02
  -8.4714500e-02
  -8.5003700e-02
  -8.4813800e-02
  -8.4292400e-02
  -8.3949500e-02
  -8.3667900e-02
  -8.3325500e-02
  -8.3518800e-02
  -8.4772300e-02
  -8.6606500e-02
  -8.8123100e-02
  -8.9571600e-02
  -9.1338600e-02
  -9.2949000e-02
  -9.3986900e-02
  -9.4593500e-02
  -9.4707900e-02
  -9.3985600e-02
  -9.1731300e-02
  -8.7445700e-02
  -8.1041100e-02
  -7.2696600e-02
  -6.3118700e-02
  -5.2730900e-02
  -4.1618700e-02
  -2.9859100e-02
  -1.7841600e-02
  -6.0872000e-03
   4.8549600e-03
   1.4739800e-02
   2.3792000e-02
   3.1916700e-02
   3.8587200e-02
   4.4084200e-02
   4.8884400e-02
   5.2655000e-02
   5.5551800e-02
   5.8005700e-02
   5.9944700e-02
   6.1355800e-02
   6.2020000e-02
   6.1471900e-02
   5.9587800e-02
   5.6538600e-02
   5.2538100e-02
   4.7291400e-02
   4.0774800e-02
   3.3579400e-02
   2.6029200e-02
   1.7862100e-02
   9.0591500e-03
   2.2977600e-04
  -7.7064100e-03
  -1.4264600e-02
  -1.9794000e-02
  -2.4582200e-02
  -2.8450400e-02
  -3.1438400e-02
  -3.4301700e-02
  -3.7406600e-02
  -4.0421200e-02
  -4.3303600e-02
  -4.6123900e-02
  -4.9144900e-02
  -5.2501500e-02
  -5.5960000e-02
  -5.9516600e-02
  -6.2954300e-02
  -6.6084600e-02
  -6.8535200e-02
  -7.0368100e-02
  -7.1766600e-02
  -7.2525300e-02
  -7.2413900e-02
  -7.1328300e-02
  -6.9532000e-02
  -6.6910800e-02
  -6.3166100e-02
  -5.8555900e-02
  -5.3806300e-02
  -4.8787500e-02
  -4.2945000e-02
  -3.6799200e-02
  -3.1549400e-02
  -2.7061900e-02
  -2.2534400e-02
  -1.8471600e-02
  -1.5635900e-02
  -1.3584000e-02
  -1.1533500e-02
  -9.9286800e-03
  -9.2016200e-03
  -8.8914800e-03
  -8.8055500e-03
  -9.4468400e-03
  -1.1142400e-02
  -1.3561200e-02
  -1.6431600e-02
  -1.9813700e-02
  -2.3257800e-02
  -2.6131000e-02
  -2.8401000e-02
  -3.0365900e-02
  -3.1848600e-02
  -3.2564200e-02
  -3.2496700e-02
  -3.2242800e-02
  -3.2518100e-02
  -3.3177400e-02
  -3.4193700e-02
  -3.5649900e-02
  -3.7177500e-02
  -3.8623100e-02
  -3.9792300e-02
  -4.0235100e-02
  -3.9910500e-02
  -3.9067000e-02
  -3.7971300e-02
  -3.6843600e-02
  -3.5639700e-02
  -3.4761700e-02
  -3.4454800e-02
  -3.5151300e-02
  -3.6847200e-02
  -3.9161100e-02
  -4.1926700e-02
  -4.4768200e-02
  -4.7243500e-02
  -4.9102600e-02
  -5.0433300e-02
  -5.1354400e-02
  -5.2006000e-02
  -5.2093500e-02
  -5.1489600e-02
  -5.0330400e-02
  -4.8692900e-02
  -4.6402300e-02
  -4.3610400e-02
  -4.0340700e-02
  -3.6667900e-02
  -3.2480700e-02
  -2.7805000e-02
  -2.2292800e-02
  -1.6054000e-02
  -9.3447400e-03
  -1.9524000e-03
   5.7437800e-03
   1.3128900e-02
   1.9974600e-02
   2.6216100e-02
   3.1756800e-02
   3.6891800e-02
   4.1910200e-02
   4.6351700e-02
   4.9834000e-02
   5.2625100e-02
   5.4685700e-02
   5.5792300e-02
   5.5867800e-02
   5.5372200e-02
   5.4629500e-02
   5.3639100e-02
   5.2673600e-02
   5.2125000e-02
   5.2431700e-02
   5.3304600e-02
   5.4282800e-02
   5.5598100e-02
   5.7330500e-02
   5.8981900e-02
   6.0053400e-02
   6.0920500e-02
   6.1902900e-02
   6.2370500e-02
   6.1835200e-02
   6.0690300e-02
   5.8978100e-02
   5.6169800e-02
   5.2388100e-02
   4.8011800e-02
   4.2885100e-02
   3.7084000e-02
   3.0778000e-02
   2.4384900e-02
   1.8620400e-02
   1.3832800e-02
   1.0195200e-02
   7.6518600e-03
   5.7954800e-03
   4.4188500e-03
   3.6696100e-03
   3.3270400e-03
   3.0270600e-03
   2.9388100e-03
   3.2476300e-03
   3.6192900e-03
   3.9830500e-03
   4.4634300e-03
   5.1486700e-03
   6.3267600e-03
   7.8821300e-03
   9.5734600e-03
   1.1596700e-02
   1.3630200e-02
   1.4901100e-02
   1.5305800e-02
   1.5133000e-02
   1.4346500e-02
   1.2745200e-02
   1.0173700e-02
   6.9509300e-03
   3.2931200e-03
  -6.0612800e-04
  -4.4417200e-03
  -7.7277800e-03
  -9.9990400e-03
  -1.1575300e-02
  -1.2883800e-02
  -1.3827100e-02
  -1.4356200e-02
  -1.4911400e-02
  -1.5872700e-02
  -1.7413500e-02
  -1.9417800e-02
  -2.1964600e-02
  -2.5017000e-02
  -2.7943000e-02
  -3.0240200e-02
  -3.1716000e-02
  -3.1895500e-02
  -3.0555800e-02
  -2.7409900e-02
  -2.1718800e-02
  -1.3031200e-02
  -2.0069700e-03
   9.6880200e-03
   2.0787300e-02
   3.0638200e-02
   3.8731900e-02
   4.4412600e-02
   4.7711300e-02
   4.9390000e-02
   5.0169000e-02
   5.0405700e-02
   5.0319200e-02
   5.0393100e-02
   5.0980300e-02
   5.1689300e-02
   5.1814400e-02
   5.1358700e-02
   5.0605900e-02
   4.9340100e-02
   4.7171200e-02
   4.4632700e-02
   4.2448100e-02
   4.0649700e-02
   3.9015100e-02
   3.8137100e-02
   3.8182800e-02
   3.8983500e-02
   4.0416300e-02
   4.2154200e-02
   4.4460600e-02
   4.7606300e-02
   5.1203800e-02
   5.4666600e-02
   5.7984800e-02
   6.1215600e-02
   6.4307500e-02
   6.7342400e-02
   7.0238800e-02
   7.2690500e-02
   7.4888800e-02
   7.6951700e-02
   7.8652300e-02
   8.0033100e-02
   8.0940400e-02
   8.1082000e-02
   8.0902500e-02
   8.0340500e-02
   7.9001800e-02
   7.7219100e-02
   7.5774300e-02
   7.4759200e-02
   7.4075700e-02
   7.3926500e-02
   7.4771700e-02
   7.6336200e-02
   7.8506300e-02
   8.1391200e-02
   8.4776800e-02
   8.8321800e-02
   9.1958000e-02
   9.5345800e-02
   9.8212300e-02
   1.0130400e-01
   1.0465800e-01
   1.0730000e-01
   1.0858300e-01
   1.0877900e-01
   1.0897500e-01
   1.0947600e-01
   1.0976900e-01
   1.0930300e-01
   1.0816500e-01
   1.0668200e-01
   1.0449200e-01
   1.0147400e-01
   9.8149300e-02
   9.4617000e-02
   9.0465100e-02
   8.5991300e-02
   8.2141100e-02
   7.9144300e-02
   7.6383100e-02
   7.3470700e-02
   7.0416700e-02
   6.7256100e-02
   6.4058500e-02
   6.0500900e-02
   5.6124000e-02
   5.0866500e-02
   4.5557700e-02
   4.0462600e-02
   3.5150700e-02
   2.9785900e-02
   2.4510100e-02
   1.9004300e-02
   1.3508600e-02
   8.1638800e-03
   2.6525200e-03
  -3.4429100e-03
  -9.8531800e-03
  -1.5944800e-02
  -2.1463100e-02
  -2.6108500e-02
  -2.9753100e-02
  -3.2193300e-02
  -3.3230300e-02
  -3.3037500e-02
  -3.2048300e-02
  -3.0674100e-02
  -2.8885700e-02
  -2.6680600e-02
  -2.4276500e-02
  -2.1951500e-02
  -1.9756300e-02
  -1.7707000e-02
  -1.5318800e-02
  -1.2552900e-02
  -9.6545400e-03
  -6.6636200e-03
  -3.3501800e-03
   4.0691100e-04
   4.3590800e-03
   8.0912500e-03
   1.1281500e-02
   1.4308700e-02
   1.7360000e-02
   1.9603600e-02
   2.0629200e-02
   2.1036200e-02
   2.0999000e-02
   2.0051000e-02
   1.8106100e-02
   1.5802300e-02
   1.3602900e-02
   1.1203200e-02
   8.3755200e-03
   5.5528900e-03
   3.1069800e-03
   9.4802200e-04
  -1.2474600e-03
  -3.6216800e-03
  -6.5798000e-03
  -1.0142900e-02
  -1.4058300e-02
  -1.8263700e-02
  -2.2689700e-02
  -2.7284000e-02
  -3.1676000e-02
  -3.5527200e-02
  -3.8496400e-02
  -4.0077600e-02
  -4.0731400e-02
  -4.0734300e-02
  -3.9667600e-02
  -3.7422500e-02
  -3.4816000e-02
  -3.2389900e-02
  -3.0201700e-02
  -2.8194500e-02
  -2.6583000e-02
  -2.5680700e-02
  -2.5278500e-02
  -2.5085100e-02
  -2.5041200e-02
  -2.5201000e-02
  -2.5233700e-02
  -2.4789100e-02
  -2.4204000e-02
  -2.4199200e-02
  -2.4696800e-02
  -2.5320700e-02
  -2.6291100e-02
  -2.7741400e-02
  -2.9428900e-02
  -3.1077900e-02
  -3.2987200e-02
  -3.5287900e-02
  -3.7579300e-02
  -3.9559100e-02
  -4.1408800e-02
  -4.2843700e-02
  -4.3350800e-02
  -4.2969600e-02
  -4.1762300e-02
  -3.9189300e-02
  -3.4686700e-02
  -2.8764100e-02
  -2.1987100e-02
  -1.4662200e-02
  -7.2465100e-03
  -3.4991500e-04
   5.7269300e-03
   1.1100000e-02
   1.5361900e-02
   1.8228900e-02
   1.9985100e-02
   2.0851300e-02
   2.0924300e-02
   2.0627300e-02
   2.0474700e-02
   2.0680500e-02
   2.1218600e-02
   2.2221000e-02
   2.3719900e-02
   2.5608700e-02
   2.7287100e-02
   2.8588900e-02
   2.9986000e-02
   3.1377300e-02
   3.2285100e-02
   3.2345000e-02
   3.1194400e-02
   2.9242200e-02
   2.6968800e-02
   2.3998700e-02
   1.9903900e-02
   1.5571700e-02
   1.2044400e-02
   8.9100500e-03
   5.5654400e-03
   2.2928200e-03
  -7.4130200e-04
  -3.9267300e-03
  -7.3885500e-03
  -1.0870000e-02
  -1.4243300e-02
  -1.7569800e-02
  -2.0851200e-02
  -2.3727000e-02
  -2.5855900e-02
  -2.7403500e-02
  -2.8491900e-02
  -2.9212400e-02
  -2.9661700e-02
  -2.9897200e-02
  -2.9955200e-02
  -3.0084300e-02
  -3.0561200e-02
  -3.1528700e-02
  -3.2731600e-02
  -3.4212700e-02
  -3.5940400e-02
  -3.7331000e-02
  -3.7845200e-02
  -3.7508700e-02
  -3.6466800e-02
  -3.4822200e-02
  -3.2819200e-02
  -3.1014700e-02
  -2.9742000e-02
  -2.8793000e-02
  -2.8160300e-02
  -2.8304700e-02
  -2.9415200e-02
  -3.0908200e-02
  -3.2397900e-02
  -3.4199800e-02
  -3.6133800e-02
  -3.7504400e-02
  -3.8067400e-02
  -3.8488100e-02
  -3.9228300e-02
  -4.0086000e-02
  -4.0974200e-02
  -4.2327200e-02
  -4.4046200e-02
  -4.5725400e-02
  -4.7759400e-02
  -5.0126600e-02
  -5.2453800e-02
  -5.4729300e-02
  -5.6494000e-02
  -5.6988600e-02
  -5.6014800e-02
  -5.3348800e-02
  -4.8588100e-02
  -4.1798300e-02
  -3.3160800e-02
  -2.3216600e-02
  -1.2849200e-02
  -2.9385500e-03
   5.9688200e-03
   1.3632100e-02
   1.9564900e-02
   2.3123600e-02
   2.4208800e-02
   2.3524900e-02
   2.1848200e-02
   1.9549700e-02
   1.7468600e-02
   1.6735400e-02
   1.7466500e-02
   1.9452600e-02
   2.2236100e-02
   2.5294400e-02
   2.8575900e-02
   3.1560800e-02
   3.3450900e-02
   3.3886900e-02
   3.3268200e-02
   3.2196400e-02
   3.0454500e-02
   2.7903800e-02
   2.5224300e-02
   2.3297200e-02
   2.2157400e-02
   2.1321100e-02
   2.0974800e-02
   2.1513600e-02
   2.2463200e-02
   2.3118800e-02
   2.3727600e-02
   2.4759500e-02
   2.5788900e-02
   2.6358300e-02
   2.6723400e-02
   2.6789300e-02
   2.6159200e-02
   2.4592200e-02
   2.2040400e-02
   1.8469500e-02
   1.3625000e-02
   7.4351600e-03
   2.8348600e-04
  -7.6670700e-03
  -1.5900700e-02
  -2.3561800e-02
  -3.0432300e-02
  -3.6222900e-02
  -4.0153300e-02
  -4.1743700e-02
  -4.1348800e-02
  -3.9277500e-02
  -3.5360300e-02
  -2.9634600e-02
  -2.2923400e-02
  -1.5924900e-02
  -8.7791600e-03
  -1.7840400e-03
   4.5819800e-03
   1.0061800e-02
   1.4612900e-02
   1.7848000e-02
   1.9683600e-02
   2.0474600e-02
   2.0330100e-02
   1.9111400e-02
   1.7326900e-02
   1.5558700e-02
   1.3724400e-02
   1.1604100e-02
   9.3033400e-03
   7.3849200e-03
   5.8650300e-03
   4.1404000e-03
   2.0888200e-03
  -5.0805200e-05
  -2.3237600e-03
  -4.7803100e-03
  -7.1909800e-03
  -9.2884700e-03
  -1.0942600e-02
  -1.1766700e-02
  -1.1571400e-02
  -1.0251200e-02
  -7.8865200e-03
  -4.7913800e-03
  -1.1221000e-03
   2.9105700e-03
   7.0288800e-03
   1.0664000e-02
   1.3474200e-02
   1.5365200e-02
   1.6431300e-02
   1.7014000e-02
   1.7100800e-02
   1.6534600e-02
   1.5547200e-02
   1.4685200e-02
   1.4254300e-02
   1.4376300e-02
   1.4965600e-02
   1.6171300e-02
   1.8356100e-02
   2.1395800e-02
   2.4571500e-02
   2.7510300e-02
   2.9963000e-02
   3.1620600e-02
   3.2264300e-02
   3.2285500e-02
   3.2054400e-02
   3.1390300e-02
   2.9918000e-02
   2.7839200e-02
   2.5879100e-02
   2.4277400e-02
   2.2605900e-02
   2.0323600e-02
   1.7541000e-02
   1.4481200e-02
   1.1050000e-02
   7.0318900e-03
   2.3815800e-03
  -2.2774200e-03
  -6.3778600e-03
  -1.0072700e-02
  -1.3425400e-02
  -1.6080800e-02
  -1.7822700e-02
  -1.8515800e-02
  -1.8443300e-02
  -1.8218800e-02
  -1.8141300e-02
  -1.8048600e-02
  -1.7715000e-02
  -1.7411400e-02
  -1.7267800e-02
  -1.6881300e-02
  -1.5895100e-02
  -1.4418600e-02
  -1.2680700e-02
  -1.0585800e-02
  -8.3141300e-03
  -5.9745800e-03
  -3.6738100e-03
  -1.9921400e-03
  -1.3396000e-03
  -1.5250600e-03
  -2.3790700e-03
  -3.8275600e-03
  -5.8462500e-03
  -8.4477900e-03
  -1.1068900e-02
  -1.3236600e-02
  -1.5263800e-02
  -1.7230900e-02
  -1.8762600e-02
  -1.9670800e-02
  -2.0112700e-02
  -2.0436100e-02
  -2.0690800e-02
  -2.0397200e-02
  -1.9399500e-02
  -1.8244500e-02
  -1.7420000e-02
  -1.6628100e-02
  -1.5663400e-02
  -1.4795200e-02
  -1.3960100e-02
  -1.2890300e-02
  -1.1555700e-02
  -1.0179800e-02
  -8.6019000e-03
  -6.9891200e-03
  -5.8402700e-03
  -5.4015200e-03
  -5.7307800e-03
  -6.7706400e-03
  -8.5401500e-03
  -1.0891800e-02
  -1.3332700e-02
  -1.5341600e-02
  -1.6753500e-02
  -1.7520700e-02
  -1.7306200e-02
  -1.6325700e-02
  -1.5422300e-02
  -1.4969500e-02
  -1.4905200e-02
  -1.5327000e-02
  -1.6502100e-02
  -1.8343400e-02
  -2.0198000e-02
  -2.1478100e-02
  -2.2397400e-02
  -2.2976500e-02
  -2.2956100e-02
  -2.2275400e-02
  -2.0793700e-02
  -1.8479200e-02
  -1.5723800e-02
  -1.2951500e-02
  -1.0615600e-02
  -8.7545500e-03
  -7.3129900e-03
  -6.5645000e-03
  -6.4824800e-03
  -6.6031600e-03
  -6.5306700e-03
  -6.2652800e-03
  -6.4055400e-03
  -7.3178100e-03
  -8.8105200e-03
  -1.0647200e-02
  -1.2513900e-02
  -1.4233500e-02
  -1.6076000e-02
  -1.7949100e-02
  -1.9981100e-02
  -2.2301700e-02
  -2.4693500e-02
  -2.7009200e-02
  -2.9072400e-02
  -3.0369800e-02
  -3.0982400e-02
  -3.1123700e-02
  -3.0326800e-02
  -2.8396900e-02
  -2.6054500e-02
  -2.3822400e-02
  -2.1691200e-02
  -2.0079100e-02
  -1.9181600e-02
  -1.8954800e-02
  -1.9316600e-02
  -2.0171500e-02
  -2.1424400e-02
  -2.2766300e-02
  -2.3735700e-02
  -2.4180200e-02
  -2.4420300e-02
  -2.4611900e-02
  -2.4215400e-02
  -2.2924100e-02
  -2.1445400e-02
  -2.0308700e-02
  -1.9455200e-02
  -1.9100600e-02
  -1.9292500e-02
  -1.9663000e-02
  -2.0632600e-02
  -2.2659000e-02
  -2.5197100e-02
  -2.7509000e-02
  -2.9438000e-02
  -3.1444700e-02
  -3.3582300e-02
  -3.5244400e-02
  -3.6395200e-02
  -3.7378200e-02
  -3.7860500e-02
  -3.7359600e-02
  -3.6118400e-02
  -3.4782100e-02
  -3.3538200e-02
  -3.2144700e-02
  -3.0757500e-02
  -2.9500300e-02
  -2.8081400e-02
  -2.6280600e-02
  -2.3932500e-02
  -2.1317500e-02
  -1.8993300e-02
  -1.6988200e-02
  -1.5127900e-02
  -1.3825200e-02
  -1.3589900e-02
  -1.4340000e-02
  -1.5389300e-02
  -1.6300500e-02
  -1.6905700e-02
  -1.6784900e-02
  -1.5933800e-02
  -1.4493600e-02
  -1.2411000e-02
  -9.7633500e-03
  -7.3440400e-03
  -5.8729000e-03
  -5.5760700e-03
  -6.1014200e-03
  -7.1170200e-03
  -8.7719900e-03
  -1.1132400e-02
  -1.3939100e-02
  -1.6831400e-02
  -1.9572700e-02
  -2.1950300e-02
  -2.3735100e-02
  -2.4724900e-02
  -2.5015800e-02
  -2.4768700e-02
  -2.3707700e-02
  -2.1434700e-02
  -1.8307900e-02
  -1.5022700e-02
  -1.1745800e-02
  -8.7058900e-03
  -6.4719000e-03
  -5.3670900e-03
  -5.2425600e-03
  -5.7890900e-03
  -7.0684600e-03
  -9.2625300e-03
  -1.2107400e-02
  -1.4988300e-02
  -1.7469100e-02
  -1.9624000e-02
  -2.1412900e-02
  -2.2483600e-02
  -2.2721000e-02
  -2.2258800e-02
  -2.1379000e-02
  -1.9912900e-02
  -1.7600900e-02
  -1.4795800e-02
  -1.1833600e-02
  -8.8254500e-03
  -5.6789100e-03
  -2.1056600e-03
   1.5316100e-03
   4.7513100e-03
   7.8130500e-03
   1.0787900e-02
   1.3273700e-02
   1.4671800e-02
   1.4688400e-02
   1.4071300e-02
   1.3206100e-02
   1.1892900e-02
   1.0292100e-02
   8.6572200e-03
   7.0066700e-03
   5.6676600e-03
   4.7845700e-03
   4.2935300e-03
   4.2372200e-03
   4.5607000e-03
   4.7408600e-03
   4.4060500e-03
   3.7286700e-03
   2.8806200e-03
   1.7775200e-03
   2.1517700e-04
  -1.5458800e-03
  -3.3293100e-03
  -5.3293900e-03
  -7.8868200e-03
  -1.0903300e-02
  -1.4144700e-02
  -1.7391800e-02
  -2.0354900e-02
  -2.3136100e-02
  -2.6097600e-02
  -2.8863600e-02
  -3.0636500e-02
  -3.1551300e-02
  -3.1849500e-02
  -3.1377900e-02
  -3.0020000e-02
  -2.7732800e-02
  -2.4806900e-02
  -2.1575500e-02
  -1.8468000e-02
  -1.5337500e-02
  -1.2201300e-02
  -9.4985400e-03
  -7.4371000e-03
  -5.9102100e-03
  -4.8990100e-03
  -4.6207800e-03
  -5.0586700e-03
  -5.9910200e-03
  -7.2789500e-03
  -8.6410100e-03
  -9.8438300e-03
  -1.1304700e-02
  -1.3054000e-02
  -1.4229300e-02
  -1.4274200e-02
  -1.3528700e-02
  -1.2349400e-02
  -1.0472600e-02
  -7.6159500e-03
  -4.0959800e-03
  -5.0321100e-04
   2.9405600e-03
   6.2023200e-03
   8.8478300e-03
   1.0418400e-02
   1.1022300e-02
   1.1183400e-02
   1.0896200e-02
   1.0027100e-02
   8.9026700e-03
   7.8113900e-03
   6.4797500e-03
   4.7431400e-03
   2.8244000e-03
   4.2549200e-04
  -2.5797000e-03
  -5.9033800e-03
  -9.3450800e-03
  -1.2845600e-02
  -1.6012700e-02
  -1.8685300e-02
  -2.0966200e-02
  -2.2675000e-02
  -2.3418100e-02
  -2.3540200e-02
  -2.3651700e-02
  -2.3546100e-02
  -2.2847900e-02
  -2.2170800e-02
  -2.2044700e-02
  -2.2265100e-02
  -2.2499400e-02
  -2.3300000e-02
  -2.4893200e-02
  -2.6593900e-02
  -2.8093900e-02
  -2.9426000e-02
  -3.0530800e-02
  -3.0901600e-02
  -3.0087400e-02
  -2.8586300e-02
  -2.6810400e-02
  -2.4518000e-02
  -2.1783100e-02
  -1.9117100e-02
  -1.6913200e-02
  -1.5293200e-02
  -1.3958900e-02
  -1.2465800e-02
  -1.1205100e-02
  -1.0427000e-02
  -9.9033000e-03
  -8.9326900e-03
  -7.6581700e-03
  -6.7257600e-03
  -5.8676700e-03
  -4.5306700e-03
  -2.7908500e-03
  -8.5388700e-04
   1.1563500e-03
   3.3663100e-03
   6.2580600e-03
   9.4942500e-03
   1.2586700e-02
   1.5658500e-02
   1.8778500e-02
   2.1928900e-02
   2.5007700e-02
   2.8142100e-02
   3.1437600e-02
   3.4756400e-02
   3.8022800e-02
   4.1043100e-02
   4.3232400e-02
   4.4258400e-02
   4.3960600e-02
   4.2609000e-02
   4.0484300e-02
   3.7545300e-02
   3.4063900e-02
   3.0631100e-02
   2.7416400e-02
   2.4638800e-02
   2.2593100e-02
   2.1384500e-02
   2.0859600e-02
   2.0589900e-02
   1.9989100e-02
   1.9057600e-02
   1.7724500e-02
   1.5857600e-02
   1.3684900e-02
   1.1267000e-02
   8.4794900e-03
   5.4751600e-03
   2.5795900e-03
   1.5816000e-04
  -1.3923000e-03
  -1.8971700e-03
  -1.3147700e-03
   3.4130200e-04
   2.5840600e-03
   4.9782100e-03
   7.5507300e-03
   1.0575800e-02
   1.3746100e-02
   1.6615100e-02
   1.9084100e-02
   2.1313100e-02
   2.3317400e-02
   2.5145800e-02
   2.6945300e-02
   2.8777500e-02
   3.0668500e-02
   3.2860400e-02
   3.5498700e-02
   3.8347900e-02
   4.1047800e-02
   4.3475700e-02
   4.5875900e-02
   4.8312200e-02
   5.0708700e-02
   5.2713400e-02
   5.4325200e-02
   5.5694200e-02
   5.6318200e-02
   5.6012800e-02
   5.5053100e-02
   5.3614500e-02
   5.2041000e-02
   5.0496400e-02
   4.9164300e-02
   4.8316900e-02
   4.8034400e-02
   4.8188900e-02
   4.8476900e-02
   4.8716700e-02
   4.8724000e-02
   4.7713200e-02
   4.4923900e-02
   4.0652800e-02
   3.5499500e-02
   2.9709100e-02
   2.3595200e-02
   1.7815200e-02
   1.3259300e-02
   1.0029700e-02
   7.9663100e-03
   7.3407100e-03
   8.3819000e-03
   1.0553400e-02
   1.3411200e-02
   1.6961900e-02
   2.0958800e-02
   2.5154500e-02
   2.9348500e-02
   3.3198900e-02
   3.6535600e-02
   3.9577200e-02
   4.2269400e-02
   4.4293800e-02
   4.5789700e-02
   4.7056400e-02
   4.8160200e-02
   4.9138800e-02
   5.0291500e-02
   5.1468600e-02
   5.2867600e-02
   5.4680800e-02
   5.6336300e-02
   5.7751600e-02
   5.9253600e-02
   6.0899600e-02
   6.2384200e-02
   6.3362200e-02
   6.4035400e-02
   6.4291200e-02
   6.3593500e-02
   6.1972100e-02
   6.0124800e-02
   5.8197500e-02
   5.6232100e-02
   5.4437200e-02
   5.3117300e-02
   5.2580400e-02
   5.2769700e-02
   5.3369300e-02
   5.4064000e-02
   5.4690500e-02
   5.5434800e-02
   5.6381400e-02
   5.6330400e-02
   5.4641300e-02
   5.2131500e-02
   4.9792200e-02
   4.7851800e-02
   4.5918500e-02
   4.3900500e-02
   4.1852300e-02
   3.9954200e-02
   3.8116100e-02
   3.5730500e-02
   3.2639000e-02
   2.9197600e-02
   2.5464200e-02
   2.1669600e-02
   1.8120000e-02
   1.5075300e-02
   1.2800900e-02
   1.1319300e-02
   1.0587400e-02
   1.0561200e-02
   1.1150300e-02
   1.1808600e-02
   1.2276100e-02
   1.2828500e-02
   1.3406200e-02
   1.3743500e-02
   1.3799800e-02
   1.3939100e-02
   1.4323000e-02
   1.4756100e-02
   1.5179400e-02
   1.5899500e-02
   1.7045600e-02
   1.8145800e-02
   1.9031300e-02
   2.0023800e-02
   2.1047800e-02
   2.1824400e-02
   2.2246200e-02
   2.2494400e-02
   2.2713600e-02
   2.2656100e-02
   2.2120500e-02
   2.1414400e-02
   2.1042700e-02
   2.0820900e-02
   2.0142300e-02
   1.9141600e-02
   1.8096400e-02
   1.6939200e-02
   1.5423400e-02
   1.3372800e-02
   1.0890600e-02
   8.1337700e-03
   5.0092000e-03
   1.7719900e-03
  -1.1162400e-03
  -3.4373600e-03
  -5.4251500e-03
  -6.8741500e-03
  -7.7986700e-03
  -8.5737600e-03
  -9.2900000e-03
  -1.0089400e-02
  -1.1045500e-02
  -1.2041300e-02
  -1.3052300e-02
  -1.4304900e-02
  -1.5636700e-02
  -1.6522700e-02
  -1.7169300e-02
  -1.8013100e-02
  -1.8933400e-02
  -1.9549500e-02
  -1.9883800e-02
  -2.0238500e-02
  -2.0468800e-02
  -2.0062600e-02
  -1.9443600e-02
  -1.8979900e-02
  -1.8511300e-02
  -1.7997900e-02
  -1.7860000e-02
  -1.8422800e-02
  -1.9157500e-02
  -1.9673900e-02
  -2.0243400e-02
  -2.0831900e-02
  -2.1277900e-02
  -2.1430200e-02
  -2.0844900e-02
  -1.9533100e-02
  -1.7630300e-02
  -1.5289300e-02
  -1.3097400e-02
  -1.1437700e-02
  -1.0204900e-02
  -9.4042400e-03
  -9.2088500e-03
  -1.0005100e-02
  -1.1358100e-02
  -1.2810000e-02
  -1.4499400e-02
  -1.6443700e-02
  -1.8270300e-02
  -1.9487000e-02
  -2.0263100e-02
  -2.0923500e-02
  -2.1195600e-02
  -2.1046400e-02
  -2.0843400e-02
  -2.0761000e-02
  -2.0709500e-02
  -2.0557900e-02
  -2.0001800e-02
  -1.8673500e-02
  -1.6606100e-02
  -1.4140300e-02
  -1.1471200e-02
  -8.2919300e-03
  -4.4015100e-03
  -1.1046500e-04
   4.0562700e-03
   8.1753000e-03
   1.2313200e-02
   1.6009600e-02
   1.9018400e-02
   2.1187600e-02
   2.2911200e-02
   2.4845600e-02
   2.6720000e-02
   2.7995500e-02
   2.9178500e-02
   3.0557200e-02
   3.1963900e-02
   3.3421300e-02
   3.4873700e-02
   3.6416300e-02
   3.7976300e-02
   3.9046000e-02
   3.9597200e-02
   3.9650900e-02
   3.8937200e-02
   3.7598000e-02
   3.5519900e-02
   3.2984200e-02
   3.0355900e-02
   2.7775400e-02
   2.5503300e-02
   2.3836000e-02
   2.2989100e-02
   2.2765700e-02
   2.2759800e-02
   2.2776000e-02
   2.2311900e-02
   2.0818400e-02
   1.8279700e-02
   1.5117900e-02
   1.1397300e-02
   6.2916400e-03
  -7.1914800e-04
  -8.6448100e-03
  -1.5973100e-02
  -2.2646400e-02
  -2.9339900e-02
  -3.5459200e-02
  -3.9956900e-02
  -4.2742100e-02
  -4.4323500e-02
  -4.4756100e-02
  -4.3783900e-02
  -4.1773300e-02
  -3.9673800e-02
  -3.7719000e-02
  -3.5723100e-02
  -3.4000100e-02
  -3.3166600e-02
  -3.3323100e-02
  -3.3970700e-02
  -3.4995500e-02
  -3.6244600e-02
  -3.7412900e-02
  -3.8671900e-02
  -3.9673100e-02
  -3.9753400e-02
  -3.9041300e-02
  -3.8193100e-02
  -3.7525700e-02
  -3.6897700e-02
  -3.6480200e-02
  -3.7075200e-02
  -3.8590000e-02
  -4.0570000e-02
  -4.3334200e-02
  -4.6947900e-02
  -5.0723500e-02
  -5.4040100e-02
  -5.7043000e-02
  -5.9879100e-02
  -6.1964600e-02
  -6.2936600e-02
  -6.2804500e-02
  -6.1841100e-02
  -6.0104500e-02
  -5.7572700e-02
  -5.4470100e-02
  -5.0626900e-02
  -4.5963400e-02
  -4.0837900e-02
  -3.5599000e-02
  -3.0343700e-02
  -2.5570000e-02
  -2.1865600e-02
  -1.9242400e-02
  -1.7344600e-02
  -1.6039400e-02
  -1.5060900e-02
  -1.4149100e-02
  -1.3340000e-02
  -1.2551900e-02
  -1.1787600e-02
  -1.0852100e-02
  -9.5625100e-03
  -8.2945500e-03
  -7.2125500e-03
  -6.0919100e-03
  -5.2774100e-03
  -5.1750400e-03
  -5.6357500e-03
  -6.1996200e-03
  -6.7294300e-03
  -7.3519000e-03
  -7.5705800e-03
  -6.7992700e-03
  -5.2729300e-03
  -3.5895800e-03
  -1.6876300e-03
   8.9585900e-04
   3.9401400e-03
   6.9951600e-03
   1.0136700e-02
   1.3476100e-02
   1.6784500e-02
   1.9758600e-02
   2.2472500e-02
   2.5132600e-02
   2.7387700e-02
   2.8651600e-02
   2.9106700e-02
   2.9099700e-02
   2.8801900e-02
   2.8247500e-02
   2.7461900e-02
   2.6438700e-02
   2.5112700e-02
   2.3415000e-02
   2.1857200e-02
   2.0869000e-02
   2.0443500e-02
   2.0261900e-02
   2.0730900e-02
   2.2319100e-02
   2.4786800e-02
   2.7953200e-02
   3.1881200e-02
   3.6178200e-02
   4.0465000e-02
   4.4719700e-02
   4.8665500e-02
   5.2071100e-02
   5.4885100e-02
   5.7153100e-02
   5.8670600e-02
   5.9495200e-02
   5.9796500e-02
   5.9688900e-02
   5.9022600e-02
   5.7605800e-02
   5.5600600e-02
   5.3793000e-02
   5.2433800e-02
   5.0659600e-02
   4.7506500e-02
   4.3600400e-02
   4.0403400e-02
   3.8177500e-02
   3.6298600e-02
   3.4847200e-02
   3.4338400e-02
   3.4522500e-02
   3.4706400e-02
   3.5035500e-02
   3.5668600e-02
   3.6223600e-02
   3.6731200e-02
   3.7378100e-02
   3.8197300e-02
   3.9027900e-02
   3.9329200e-02
   3.9119600e-02
   3.8691300e-02
   3.8284100e-02
   3.7099700e-02
   3.4568200e-02
   3.1044300e-02
   2.6841700e-02
   2.2397400e-02
   1.8060200e-02
   1.4231100e-02
   1.1195300e-02
   8.9114500e-03
   7.2277900e-03
   6.5750800e-03
   7.0062900e-03
   7.9279100e-03
   8.9142000e-03
   9.9984700e-03
   1.0912800e-02
   1.0991300e-02
   1.0072900e-02
   8.6378800e-03
   6.7904900e-03
   4.1295600e-03
   1.9637300e-04
  -4.6169300e-03
  -9.8445100e-03
  -1.5226000e-02
  -2.0659400e-02
  -2.6210500e-02
  -3.1614500e-02
  -3.6394700e-02
  -4.0301900e-02
  -4.3410700e-02
  -4.5931700e-02
  -4.8245600e-02
  -5.0343700e-02
  -5.2352400e-02
  -5.4487300e-02
  -5.6757600e-02
  -5.9253000e-02
  -6.1833700e-02
  -6.4225200e-02
  -6.6463300e-02
  -6.8374200e-02
  -6.9928200e-02
  -7.1358700e-02
  -7.2533100e-02
  -7.3336500e-02
  -7.4066600e-02
  -7.4936200e-02
  -7.6103500e-02
  -7.7500300e-02
  -7.9077000e-02
  -8.0597100e-02
  -8.2106700e-02
  -8.3436800e-02
  -8.4231800e-02
  -8.4172700e-02
  -8.3291700e-02
  -8.1290700e-02
  -7.7959900e-02
  -7.3711900e-02
  -6.9109400e-02
  -6.4289300e-02
  -5.9720000e-02
  -5.5940300e-02
  -5.3193600e-02
  -5.1838200e-02
  -5.2041800e-02
  -5.3265400e-02
  -5.5302200e-02
  -5.7740600e-02
  -6.0272200e-02
  -6.2619000e-02
  -6.4359500e-02
  -6.5696500e-02
  -6.6471000e-02
  -6.6581200e-02
  -6.5747700e-02
  -6.4321800e-02
  -6.3003600e-02
  -6.1768600e-02
  -6.0923000e-02
  -6.0512100e-02
  -6.0024900e-02
  -5.9395500e-02
  -5.8659700e-02
  -5.7898400e-02
  -5.7164500e-02
  -5.5950300e-02
  -5.4396300e-02
  -5.2841200e-02
  -5.1158100e-02
  -4.9749100e-02
  -4.8715400e-02
  -4.7874200e-02
  -4.6964700e-02
  -4.5546100e-02
  -4.3647000e-02
  -4.1358700e-02
  -3.8486200e-02
  -3.5090000e-02
  -3.1141200e-02
  -2.6658700e-02
  -2.1988500e-02
  -1.7491300e-02
  -1.3406500e-02
  -9.9294300e-03
  -7.1705700e-03
  -4.9887300e-03
  -3.6784000e-03
  -3.4096900e-03
  -3.7181300e-03
  -4.3345000e-03
  -5.0281900e-03
  -5.8192000e-03
  -6.6051300e-03
  -6.9848900e-03
  -7.0925600e-03
  -7.1389600e-03
  -6.9720200e-03
  -6.3163000e-03
  -5.4387000e-03
  -4.5370000e-03
  -3.4834900e-03
  -2.2485800e-03
  -1.4040900e-03
  -1.3242300e-03
  -1.9156100e-03
  -3.1019000e-03
  -4.7398100e-03
  -6.8693200e-03
  -9.1884600e-03
  -1.0912800e-02
  -1.1856800e-02
  -1.2502700e-02
  -1.2978600e-02
  -1.2993900e-02
  -1.2491600e-02
  -1.1736400e-02
  -1.0875100e-02
  -1.0126700e-02
  -9.5669300e-03
  -8.9916800e-03
  -7.9802500e-03
  -6.1688200e-03
  -3.5668100e-03
  -3.1979400e-04
   3.2723900e-03
   7.0611200e-03
   1.0886700e-02
   1.4444100e-02
   1.7672400e-02
   2.0549600e-02
   2.2945900e-02
   2.4862600e-02
   2.6653600e-02
   2.8697500e-02
   3.0593200e-02
   3.1935500e-02
   3.3470700e-02
   3.5364300e-02
   3.6879400e-02
   3.7719500e-02
   3.8262600e-02
   3.8543200e-02
   3.8109500e-02
   3.6951000e-02
   3.5612800e-02
   3.4420000e-02
   3.3305400e-02
   3.2142400e-02
   3.1034200e-02
   3.0009100e-02
   2.8313600e-02
   2.5342100e-02
   2.1253500e-02
   1.6223200e-02
   1.0194200e-02
   3.5648200e-03
  -3.1516100e-03
  -9.5543900e-03
  -1.5323200e-02
  -2.0270200e-02
  -2.4361000e-02
  -2.7443800e-02
  -2.9529900e-02
  -3.0463500e-02
  -3.0062100e-02
  -2.8825300e-02
  -2.7510000e-02
  -2.6385600e-02
  -2.5286300e-02
  -2.4333100e-02
  -2.4141000e-02
  -2.4612000e-02
  -2.5026200e-02
  -2.4930900e-02
  -2.4141800e-02
  -2.2323300e-02
  -1.9102800e-02
  -1.4229900e-02
  -8.2941300e-03
  -1.6588200e-03
   5.4329600e-03
   1.2140700e-02
   1.7969200e-02
   2.3274300e-02
   2.8618600e-02
   3.3407700e-02
   3.6272200e-02
   3.7184800e-02
   3.7487900e-02
   3.7818600e-02
   3.7794200e-02
   3.7180800e-02
   3.6408300e-02
   3.5942300e-02
   3.5377400e-02
   3.3999300e-02
   3.1720100e-02
   2.8662500e-02
   2.4709800e-02
   1.9898000e-02
   1.4680900e-02
   9.4795100e-03
   4.7217400e-03
   5.1146300e-04
  -3.0021500e-03
  -5.6010300e-03
  -7.4502600e-03
  -8.8965700e-03
  -1.0250000e-02
  -1.1631400e-02
  -1.3094900e-02
  -1.4728300e-02
  -1.6296100e-02
  -1.7651700e-02
  -1.8814900e-02
  -1.9310200e-02
  -1.8570400e-02
  -1.6789500e-02
  -1.4271300e-02
  -1.0836400e-02
  -6.1913200e-03
  -7.9512200e-04
   4.3516500e-03
   8.6321800e-03
   1.1657900e-02
   1.3322000e-02
   1.3899700e-02
   1.3364400e-02
   1.2223500e-02
   1.1356500e-02
   1.1026900e-02
   1.1353900e-02
   1.2625900e-02
   1.4749800e-02
   1.7018100e-02
   1.9200100e-02
   2.1461500e-02
   2.3881600e-02
   2.6397600e-02
   2.8617600e-02
   3.0667800e-02
   3.2794600e-02
   3.4775500e-02
   3.6432500e-02
   3.7770900e-02
   3.8958700e-02
   4.0159800e-02
   4.1395800e-02
   4.2489500e-02
   4.3040100e-02
   4.3112700e-02
   4.2721000e-02
   4.1420100e-02
   3.9030300e-02
   3.5759900e-02
   3.2105400e-02
   2.8057400e-02
   2.3578700e-02
   1.8675100e-02
   1.4144400e-02
   1.0564000e-02
   7.8147800e-03
   6.0298500e-03
   5.4775500e-03
   6.2421600e-03
   8.2196100e-03
   1.1187900e-02
   1.4433800e-02
   1.7568900e-02
   2.0291200e-02
   2.2096300e-02
   2.3182700e-02
   2.3968500e-02
   2.4336300e-02
   2.3980600e-02
   2.3191100e-02
   2.2466100e-02
   2.1809200e-02
   2.0955300e-02
   2.0105400e-02
   1.9403400e-02
   1.8528500e-02
   1.7396500e-02
   1.6227200e-02
   1.5213100e-02
   1.4477900e-02
   1.4062100e-02
   1.4221800e-02
   1.5011800e-02
   1.6006600e-02
   1.6961500e-02
   1.8090600e-02
   1.9524000e-02
   2.1175500e-02
   2.2572000e-02
   2.3144200e-02
   2.3001300e-02
   2.2508100e-02
   2.1382900e-02
   1.9687000e-02
   1.7816200e-02
   1.5597300e-02
   1.3075400e-02
   1.0695700e-02
   8.4541900e-03
   6.3727200e-03
   4.6756500e-03
   3.2388600e-03
   1.8599400e-03
   6.6526100e-04
  -3.0605900e-04
  -1.3078700e-03
  -2.6191000e-03
  -4.1557100e-03
  -5.5974800e-03
  -6.7034900e-03
  -7.5896200e-03
  -8.4964600e-03
  -9.4568400e-03
  -1.0416700e-02
  -1.1270800e-02
  -1.1997300e-02
  -1.3025600e-02
  -1.4543700e-02
  -1.6240200e-02
  -1.7505900e-02
  -1.8243100e-02
  -1.8630200e-02
  -1.8607300e-02
  -1.8202600e-02
  -1.7792700e-02
  -1.7391600e-02
  -1.6848800e-02
  -1.6226000e-02
  -1.5764900e-02
  -1.5926900e-02
  -1.6689000e-02
  -1.7522000e-02
  -1.8539500e-02
  -1.9892300e-02
  -2.1418500e-02
  -2.2965000e-02
  -2.4221600e-02
  -2.5206900e-02
  -2.5766000e-02
  -2.5813100e-02
  -2.5875400e-02
  -2.6087000e-02
  -2.5940200e-02
  -2.5413700e-02
  -2.4540000e-02
  -2.3344200e-02
  -2.1725100e-02
  -1.9454500e-02
  -1.6786200e-02
  -1.4237500e-02
  -1.2081000e-02
  -1.0212200e-02
  -8.6327000e-03
  -7.5347600e-03
  -6.9842300e-03
  -7.0059800e-03
  -7.7451300e-03
  -9.2434700e-03
  -1.1418500e-02
  -1.3965800e-02
  -1.6698400e-02
  -1.9542000e-02
  -2.2307400e-02
  -2.4903700e-02
  -2.7717600e-02
  -3.0619200e-02
  -3.3104000e-02
  -3.5236700e-02
  -3.7382000e-02
  -3.9497300e-02
  -4.1011700e-02
  -4.1864800e-02
  -4.2623600e-02
  -4.3075000e-02
  -4.2725900e-02
  -4.2109700e-02
  -4.1715200e-02
  -4.1312600e-02
  -4.0810100e-02
  -4.0260100e-02
  -3.9778100e-02
  -3.9284300e-02
  -3.8937700e-02
  -3.8948400e-02
  -3.8894100e-02
  -3.8333400e-02
  -3.7477400e-02
  -3.6632000e-02
  -3.5501300e-02
  -3.3570100e-02
  -3.0862900e-02
  -2.7639000e-02
  -2.3709900e-02
  -1.8986500e-02
  -1.4066000e-02
  -9.2960500e-03
  -4.7969000e-03
  -8.3221300e-04
   2.2431900e-03
   4.3185700e-03
   5.7039400e-03
   6.5323300e-03
   6.4097000e-03
   5.4877400e-03
   4.5774000e-03
   3.6665500e-03
   2.1750700e-03
   3.4399000e-04
  -1.5742900e-03
  -3.7067900e-03
  -5.8998900e-03
  -8.1418500e-03
  -1.0365100e-02
  -1.2109800e-02
  -1.3337600e-02
  -1.4133700e-02
  -1.4340500e-02
  -1.3939200e-02
  -1.2841300e-02
  -1.1493300e-02
  -1.0362200e-02
  -9.4462900e-03
  -8.8728500e-03
  -9.0419300e-03
  -9.9029300e-03
  -1.1003500e-02
  -1.2221600e-02
  -1.3587800e-02
  -1.4860500e-02
  -1.5507800e-02
  -1.5386200e-02
  -1.4734000e-02
  -1.3748200e-02
  -1.2560000e-02
  -1.1196900e-02
  -1.0002000e-02
  -9.2034400e-03
  -8.5500900e-03
  -8.0859300e-03
  -7.7005400e-03
  -7.1873000e-03
  -6.5247500e-03
  -5.6290700e-03
  -4.5688700e-03
  -3.4317000e-03
  -2.2263600e-03
  -1.3373600e-03
  -9.2354500e-04
  -8.3330300e-04
  -9.0301400e-04
  -1.3317000e-03
  -2.4652200e-03
  -3.9597200e-03
  -5.1993000e-03
  -6.4151400e-03
  -8.0291500e-03
  -9.6425300e-03
  -1.0649100e-02
  -1.1145200e-02
  -1.1611400e-02
  -1.2015400e-02
  -1.2427800e-02
  -1.2638800e-02
  -1.2532000e-02
  -1.2277700e-02
  -1.1784100e-02
  -1.0793600e-02
  -9.3098200e-03
  -7.7286200e-03
  -6.4982700e-03
  -5.4630200e-03
  -4.3532800e-03
  -3.7938000e-03
  -4.1904700e-03
  -5.3433400e-03
  -7.4397800e-03
  -1.0549800e-02
  -1.4205900e-02
  -1.8078900e-02
  -2.1703100e-02
  -2.4796100e-02
  -2.7150900e-02
  -2.8522300e-02
  -2.8849900e-02
  -2.8250200e-02
  -2.7033800e-02
  -2.5312000e-02
  -2.3034700e-02
  -2.0625000e-02
  -1.8611700e-02
  -1.7168200e-02
  -1.5975400e-02
  -1.5039300e-02
  -1.4564500e-02
  -1.4607900e-02
  -1.4872100e-02
  -1.5406300e-02
  -1.6264600e-02
  -1.7116600e-02
  -1.7629600e-02
  -1.7822600e-02
  -1.7849100e-02
  -1.7935000e-02
  -1.7842700e-02
  -1.6928200e-02
  -1.4894400e-02
  -1.1897600e-02
  -8.4558000e-03
  -5.1862400e-03
  -2.4304600e-03
  -5.4600700e-04
   2.5440500e-04
  -2.3943800e-04
  -1.8850200e-03
  -4.3772500e-03
  -7.0968900e-03
  -9.8026300e-03
  -1.2510200e-02
  -1.5021500e-02
  -1.7219800e-02
  -1.9190100e-02
  -2.1122800e-02
  -2.2759200e-02
  -2.3872200e-02
  -2.4393300e-02
  -2.4528800e-02
  -2.4366400e-02
  -2.3825700e-02
  -2.3069100e-02
  -2.2344900e-02
  -2.1748700e-02
  -2.1487900e-02
  -2.1592300e-02
  -2.1799200e-02
  -2.2048300e-02
  -2.2075100e-02
  -2.2257700e-02
  -2.2651200e-02
  -2.2662300e-02
  -2.2064100e-02
  -2.1186300e-02
  -2.0096900e-02
  -1.8564100e-02
  -1.6392600e-02
  -1.3611900e-02
  -1.0559000e-02
  -7.0171400e-03
  -2.9011600e-03
   1.5308900e-03
   6.0014500e-03
   1.0471600e-02
   1.5159500e-02
   1.9981000e-02
   2.4515900e-02
   2.8759600e-02
   3.2757000e-02
   3.6119800e-02
   3.8833500e-02
   4.0608100e-02
   4.1320400e-02
   4.1190100e-02
   4.0496000e-02
   3.9351300e-02
   3.7880400e-02
   3.6487100e-02
   3.5553000e-02
   3.5453200e-02
   3.5982400e-02
   3.6747100e-02
   3.7614600e-02
   3.8804900e-02
   4.0318000e-02
   4.1526900e-02
   4.2111200e-02
   4.2106500e-02
   4.1625800e-02
   4.0335300e-02
   3.8242900e-02
   3.5864500e-02
   3.3409200e-02
   3.0698300e-02
   2.7506800e-02
   2.4186900e-02
   2.1254100e-02
   1.8963900e-02
   1.7190400e-02
   1.5891000e-02
   1.4993000e-02
   1.4289100e-02
   1.3724800e-02
   1.3973400e-02
   1.5093800e-02
   1.6665400e-02
   1.8795100e-02
   2.1540700e-02
   2.4638300e-02
   2.8126400e-02
   3.2000100e-02
   3.6146700e-02
   4.0322900e-02
   4.4130300e-02
   4.7411600e-02
   5.0405700e-02
   5.3055300e-02
   5.5097200e-02
   5.6873100e-02
   5.8557600e-02
   5.9895400e-02
   6.0956800e-02
   6.1938800e-02
   6.2818700e-02
   6.3606500e-02
   6.4122300e-02
   6.4397400e-02
   6.4311300e-02
   6.3969900e-02
   6.3844800e-02
   6.4080000e-02
   6.4596800e-02
   6.5289400e-02
   6.6233800e-02
   6.7208300e-02
   6.7748100e-02
   6.7735800e-02
   6.6513900e-02
   6.3479700e-02
   5.8237400e-02
   5.1039100e-02
   4.2611200e-02
   3.4095800e-02
   2.6481000e-02
   1.9459200e-02
   1.2471500e-02
   5.9011200e-03
   1.2338400e-03
  -8.7495800e-04
  -1.2985200e-03
  -1.0024900e-03
   6.2194200e-06
   1.5100300e-03
   2.7197400e-03
   3.2300900e-03
   3.1682700e-03
   2.6919200e-03
   1.7585000e-03
   4.5492000e-04
  -8.2787400e-04
  -2.0977900e-03
  -3.4472500e-03
  -4.6669100e-03
  -6.0288300e-03
  -8.0068700e-03
  -1.0275900e-02
  -1.2544600e-02
  -1.4784800e-02
  -1.6762700e-02
  -1.8058600e-02
  -1.8337900e-02
  -1.7908400e-02
  -1.6966600e-02
  -1.5522600e-02
  -1.3858300e-02
  -1.2264900e-02
  -1.0748100e-02
  -9.3581300e-03
  -8.5255000e-03
  -8.5127200e-03
  -9.3071100e-03
  -1.0723200e-02
  -1.2465000e-02
  -1.3996900e-02
  -1.4953700e-02
  -1.5197100e-02
  -1.4463400e-02
  -1.2788200e-02
  -1.0369400e-02
  -7.3714200e-03
  -4.0483300e-03
  -8.5794700e-04
   1.9898800e-03
   4.4591200e-03
   6.3837200e-03
   7.5914700e-03
   8.3358000e-03
   8.8718200e-03
   9.2458400e-03
   9.4036700e-03
   9.7642300e-03
   1.0843200e-02
   1.2538200e-02
   1.4610800e-02
   1.6821100e-02
   1.9267000e-02
   2.1793400e-02
   2.4145200e-02
   2.6453300e-02
   2.8975100e-02
   3.1405700e-02
   3.3346700e-02
   3.4921400e-02
   3.6215500e-02
   3.7130100e-02
   3.7748100e-02
   3.8122800e-02
   3.8360000e-02
   3.8458200e-02
   3.8073300e-02
   3.7335100e-02
   3.6847900e-02
   3.6564600e-02
   3.5781900e-02
   3.4543700e-02
   3.3424600e-02
   3.2094000e-02
   3.0188500e-02
   2.8141300e-02
   2.6235800e-02
   2.4434200e-02
   2.2637800e-02
   2.1228700e-02
   2.0551800e-02
   2.0398100e-02
   2.0490400e-02
   2.0992700e-02
   2.2030300e-02
   2.3406700e-02
   2.4446700e-02
   2.5279800e-02
   2.6115500e-02
   2.6540500e-02
   2.6025700e-02
   2.4495000e-02
   2.2248700e-02
   1.9289000e-02
   1.5569900e-02
   1.1738000e-02
   8.0826200e-03
   4.1967000e-03
   4.6192400e-04
  -2.1577100e-03
  -3.5523800e-03
  -4.7035600e-03
  -5.6805700e-03
  -6.1301100e-03
  -6.0703800e-03
  -5.6430300e-03
  -5.1497600e-03
  -4.9434000e-03
  -5.0502000e-03
  -5.4758800e-03
  -6.3529200e-03
  -7.8243800e-03
  -9.9835800e-03
  -1.2489300e-02
  -1.4989900e-02
  -1.7696800e-02
  -2.0797300e-02
  -2.3939200e-02
  -2.6991500e-02
  -2.9755000e-02
  -3.1918000e-02
  -3.3879000e-02
  -3.5939400e-02
  -3.7535200e-02
  -3.8454100e-02
  -3.9217500e-02
  -3.9813000e-02
  -4.0016100e-02
  -3.9786600e-02
  -3.9099500e-02
  -3.7932700e-02
  -3.6204000e-02
  -3.3805100e-02
  -3.1044000e-02
  -2.8411600e-02
  -2.6160900e-02
  -2.4251500e-02
  -2.3028600e-02
  -2.3011600e-02
  -2.3965800e-02
  -2.5354600e-02
  -2.7012300e-02
  -2.8696400e-02
