  -1.6722180e-05
  -2.5151690e-04
  -4.9119540e-04
  -4.4827570e-04
  -3.0163420e-04
   1.5890870e-04
   9.2451910e-04
   1.6218360e-03
   1.4612840e-03
   9.7526770e-04
   6.4482100e-04
   1.9676320e-04
  -2.8127860e-04
  -7.1422090e-04
  -5.7514790e-04
  -5.6139160e-04
  -6.5873070e-04
  -5.9367120e-04
  -7.0248960e-04
  -5.9224440e-04
  -8.4342210e-04
  -1.0513920e-03
  -9.9679340e-04
  -5.9648160e-04
   1.4684090e-04
   4.9788630e-04
   9.0173400e-04
   1.2047230e-03
   1.1004400e-03
   1.0752970e-03
   1.4127280e-03
   1.8655870e-03
   1.5864390e-03
   1.0271070e-03
   8.4531770e-04
   8.4536070e-04
   5.9690940e-04
   1.8441390e-04
  -1.4674260e-04
  -3.5863250e-04
  -2.0642090e-04
  -6.0317200e-05
  -7.6848340e-05
  -2.4956710e-04
  -4.3775860e-04
  -6.1687020e-04
  -8.7415220e-04
  -8.4223120e-04
  -4.0284390e-04
  -4.5976050e-05
   6.4529720e-04
   1.4094680e-03
   1.7406360e-03
   1.7253450e-03
   1.7979920e-03
   1.4735800e-03
   8.3196240e-04
   1.2600470e-04
  -4.5218540e-04
  -8.4288950e-04
  -1.0116260e-03
  -1.1393880e-03
  -9.5426570e-04
  -6.5584480e-04
   3.8694750e-05
   7.2077340e-04
   1.4098550e-03
   2.1706950e-03
   2.1993480e-03
   1.7559460e-03
   1.3364020e-03
   1.0270530e-03
   6.0156080e-04
  -9.6060140e-06
  -5.5790400e-04
  -8.6074230e-04
  -1.1150720e-03
  -1.4049040e-03
  -1.4152290e-03
  -1.3582730e-03
  -1.2770070e-03
  -1.0022420e-03
  -7.2668370e-04
  -2.0361340e-04
   4.3005650e-04
   9.4989720e-04
   1.4176230e-03
   1.9870580e-03
   2.0069110e-03
   2.0199650e-03
   2.4127400e-03
   2.2630250e-03
   1.6339080e-03
   8.4239830e-04
   2.4469140e-04
  -1.4040120e-04
  -8.6219660e-04
  -1.6484910e-03
  -2.1574790e-03
  -2.5642560e-03
  -2.5101040e-03
  -2.0962170e-03
  -1.5137590e-03
  -7.6768020e-04
  -1.6456850e-04
   6.9516480e-04
   1.7305650e-03
   2.6479890e-03
   2.6953910e-03
   2.4848800e-03
   2.3783850e-03
   1.8729460e-03
   7.9509650e-04
  -2.6063700e-04
  -1.0399990e-03
  -1.6041350e-03
  -1.9514680e-03
  -1.9728840e-03
  -1.8310400e-03
  -1.4785530e-03
  -1.0480400e-03
  -5.4837270e-04
  -8.6972690e-05
   1.9283120e-04
   7.1063160e-04
   1.1546830e-03
   1.5191800e-03
   1.8812490e-03
   1.8825640e-03
   1.5775960e-03
   1.5220250e-03
   1.8153790e-03
   1.9469500e-03
   1.7071240e-03
   7.6620310e-04
  -8.3776820e-04
  -2.3500840e-03
  -3.6642950e-03
  -3.7824450e-03
  -2.6484110e-03
  -1.6496440e-03
  -8.0331720e-04
   4.8307390e-04
   1.9347450e-03
   2.9967880e-03
   3.5109490e-03
   3.4943920e-03
   3.2641100e-03
   2.5111000e-03
   1.5660930e-03
   6.1058340e-04
  -4.4082900e-04
  -1.8412840e-03
  -3.2378410e-03
  -3.9207590e-03
  -3.7883780e-03
  -2.8815810e-03
  -1.2879200e-03
   9.0773550e-04
   3.1611440e-03
   4.8784020e-03
   5.9683790e-03
   6.5886720e-03
   6.8781750e-03
   6.8481900e-03
   6.3026670e-03
   5.4063460e-03
   4.9021340e-03
   3.6044710e-03
   1.8204860e-03
   7.3312150e-04
  -1.4868910e-04
  -1.5217940e-03
  -2.4479840e-03
  -2.6458630e-03
  -2.6206770e-03
  -2.2697500e-03
  -2.0947950e-03
  -2.1833630e-03
  -2.1727760e-03
  -2.1181980e-03
  -1.3743510e-03
   1.2164770e-05
   1.6797300e-03
   2.9422810e-03
   3.5703610e-03
   3.5514460e-03
   3.4576220e-03
   3.2898750e-03
   3.2310450e-03
   3.3442730e-03
   2.9790280e-03
   2.0768020e-03
   8.9549090e-04
  -5.5134220e-04
  -1.6558400e-03
  -2.0279310e-03
  -1.7129200e-03
  -6.7812070e-04
   6.5053230e-04
   2.0875150e-03
   3.5702050e-03
   4.2818950e-03
   4.2509200e-03
   3.7242360e-03
   3.0965590e-03
   2.4396220e-03
   1.4536620e-03
  -3.7897480e-04
  -2.8082390e-03
  -5.0174250e-03
  -6.9072430e-03
  -8.3048600e-03
  -8.7415940e-03
  -8.2396360e-03
  -7.3462000e-03
  -6.5255550e-03
  -5.5700320e-03
  -4.7707590e-03
  -4.0891730e-03
  -3.1360780e-03
  -1.8188990e-03
  -3.3609600e-04
   5.5705620e-04
   9.6375880e-04
   6.5719530e-04
  -4.3085960e-04
  -1.7065900e-03
  -3.5195070e-03
  -5.6419520e-03
  -6.6981620e-03
  -7.2470500e-03
  -7.3494240e-03
  -6.7698720e-03
  -5.3895270e-03
  -3.5427800e-03
  -1.2935260e-03
   1.5788470e-03
   5.0619990e-03
   8.4687060e-03
   1.0918740e-02
   1.2630240e-02
   1.3900780e-02
   1.4402880e-02
   1.3716650e-02
   1.1478280e-02
   7.5405320e-03
   2.2189060e-03
  -3.7085920e-03
  -9.5506350e-03
  -1.3837290e-02
  -1.6518460e-02
  -1.7615390e-02
  -1.7254930e-02
  -1.5224620e-02
  -1.2209680e-02
  -8.5458920e-03
  -4.5422620e-03
  -5.9916240e-04
   3.4544260e-03
   6.8415220e-03
   8.7632600e-03
   8.9258710e-03
   7.5352200e-03
   4.6501140e-03
   1.3247930e-03
  -1.8401880e-03
  -4.3945310e-03
  -6.0585990e-03
  -7.0277900e-03
  -6.5917010e-03
  -4.0464170e-03
   1.7900670e-04
   5.3678180e-03
   1.0232340e-02
   1.3615410e-02
   1.5430260e-02
   1.5241200e-02
   1.3193640e-02
   1.0162710e-02
   6.4848770e-03
   2.5950730e-03
  -1.4582310e-03
  -4.9595920e-03
  -7.6291380e-03
  -9.5465000e-03
  -1.0059260e-02
  -8.3171770e-03
  -5.5710160e-03
  -2.8596570e-03
  -2.7128560e-05
   2.6384280e-03
   4.8450930e-03
   6.4950810e-03
   7.7743680e-03
   7.4039680e-03
   4.7226790e-03
   4.5087830e-04
  -3.6356340e-03
  -7.1296910e-03
  -1.0032070e-02
  -1.2629970e-02
  -1.4854930e-02
  -1.6041580e-02
  -1.5406060e-02
  -1.2939870e-02
  -8.4906370e-03
  -2.8166790e-03
   2.2398990e-03
   6.0525070e-03
   8.9464260e-03
   1.0625570e-02
   1.1328310e-02
   1.1673020e-02
   1.1622450e-02
   1.0209490e-02
   7.5400820e-03
   4.1580410e-03
   1.1379080e-03
  -9.6642950e-04
  -2.4729340e-03
  -3.7719150e-03
  -4.1671620e-03
  -3.6715720e-03
  -2.2648770e-03
   7.2768550e-04
   4.8098140e-03
   8.1755110e-03
   9.5589630e-03
   9.6018910e-03
   9.2400880e-03
   7.7690160e-03
   5.0947160e-03
   1.7228680e-03
  -1.4874700e-03
  -4.8800360e-03
  -8.7507230e-03
  -1.2136180e-02
  -1.3569880e-02
  -1.2945210e-02
  -1.0381280e-02
  -6.1733090e-03
  -1.5358560e-03
   2.4299360e-03
   5.5627990e-03
   7.6493090e-03
   8.4602180e-03
   8.3073740e-03
   6.4355280e-03
   3.7595630e-03
   7.2275100e-04
  -2.0625210e-03
  -3.8338010e-03
  -3.8559470e-03
  -1.4732300e-03
   1.6325400e-03
   5.1350700e-03
   8.6351380e-03
   1.2230320e-02
   1.5154310e-02
   1.6813180e-02
   1.7101900e-02
   1.6765980e-02
   1.5620590e-02
   1.3116940e-02
   9.2556660e-03
   4.7242120e-03
  -1.7362180e-04
  -5.5230290e-03
  -9.1905880e-03
  -1.0360280e-02
  -9.6735590e-03
  -8.1143780e-03
  -5.3713410e-03
  -1.8010060e-03
   1.6669270e-03
   5.0388860e-03
   7.5032660e-03
   8.9135570e-03
   9.0115490e-03
   7.0795780e-03
   3.9560900e-03
   9.1741830e-04
  -1.9186640e-03
  -4.7438970e-03
  -6.8717990e-03
  -7.7323090e-03
  -6.7990480e-03
  -5.0727170e-03
  -3.0532100e-03
  -6.2026480e-04
   1.3898610e-03
   2.5047280e-03
   3.2146800e-03
   3.9760380e-03
   4.9153370e-03
   5.8094250e-03
   6.8798420e-03
   7.6805980e-03
   8.3568990e-03
   9.7067680e-03
   1.1198840e-02
   1.2222150e-02
   1.3533970e-02
   1.4513810e-02
   1.4524020e-02
   1.4456050e-02
   1.4949980e-02
   1.5544610e-02
   1.5634190e-02
   1.4932100e-02
   1.2812470e-02
   9.7067150e-03
   6.0814280e-03
   1.7127600e-03
  -2.8792510e-03
  -7.2786980e-03
  -1.0911290e-02
  -1.3408100e-02
  -1.4738910e-02
  -1.4263220e-02
  -1.2558070e-02
  -9.4802310e-03
  -5.1909360e-03
  -4.3409170e-04
   3.7117420e-03
   6.4003930e-03
   7.8765050e-03
   8.3938610e-03
   8.0758120e-03
   7.2344020e-03
   5.1880230e-03
   2.3770230e-03
  -3.8266680e-04
  -3.1099020e-03
  -5.8745130e-03
  -8.6794440e-03
  -1.0663410e-02
  -1.1765770e-02
  -1.2665550e-02
  -1.2296480e-02
  -1.0569190e-02
  -7.1880760e-03
  -2.4149310e-03
   1.9030900e-03
   5.4176890e-03
   8.2254230e-03
   1.0575230e-02
   1.2161670e-02
   1.2360020e-02
   1.1808600e-02
   9.5823610e-03
   5.1860170e-03
  -9.9523660e-04
  -8.1743550e-03
  -1.4728450e-02
  -1.9644540e-02
  -2.2977330e-02
  -2.5501400e-02
  -2.7358920e-02
  -2.9192540e-02
  -3.0921300e-02
  -3.2097130e-02
  -3.2373120e-02
  -3.0000150e-02
  -2.5582050e-02
  -1.9888050e-02
  -1.3273250e-02
  -6.8294360e-03
  -6.8577010e-04
   4.6367830e-03
   8.0402110e-03
   8.9713660e-03
   8.0499530e-03
   5.7209500e-03
   2.4478290e-03
  -1.0025730e-03
  -4.2524870e-03
  -7.1277760e-03
  -9.3559290e-03
  -9.8896830e-03
  -8.8064210e-03
  -5.6612310e-03
  -1.6936400e-03
   2.3614280e-03
   6.0975700e-03
   9.1564180e-03
   1.0842160e-02
   1.0563260e-02
   9.3240270e-03
   8.1175990e-03
   7.0600300e-03
   5.8141280e-03
   4.1041150e-03
   2.1795940e-03
   7.9719920e-04
  -1.1872450e-03
  -3.8238760e-03
  -6.9382080e-03
  -9.6726900e-03
  -1.1164600e-02
  -1.0141640e-02
  -6.6006590e-03
  -2.2031980e-03
   1.3936440e-03
   3.6568170e-03
   5.1746740e-03
   6.3618620e-03
   6.2382830e-03
   4.0662030e-03
   1.0005620e-03
  -3.3549710e-03
  -8.2463610e-03
  -1.1422470e-02
  -1.1361430e-02
  -7.8716270e-03
  -2.3479050e-03
   3.5627460e-03
   8.9314690e-03
   1.2900240e-02
   1.6141180e-02
   1.9061800e-02
   2.1451150e-02
   2.2534470e-02
   2.2746410e-02
   2.2640430e-02
   2.2461840e-02
   2.1460290e-02
   1.8687460e-02
   1.4747180e-02
   1.0446820e-02
   6.5685770e-03
   3.5407030e-03
   2.1359260e-03
   1.8048020e-03
   1.0567020e-03
  -8.2878420e-04
  -4.1337170e-03
  -7.6507820e-03
  -1.0622200e-02
  -1.2578060e-02
  -1.3502290e-02
  -1.3917470e-02
  -1.4352370e-02
  -1.5751530e-02
  -1.8573740e-02
  -2.1532550e-02
  -2.2730610e-02
  -2.1849520e-02
  -1.8924760e-02
  -1.4849470e-02
  -1.0862630e-02
  -7.0293680e-03
  -3.1860220e-03
   9.1865450e-04
   5.1701400e-03
   8.6035470e-03
   1.0795410e-02
   1.1650550e-02
   1.1101240e-02
   9.6930170e-03
   8.7882190e-03
   9.2697700e-03
   9.9968630e-03
   9.3381680e-03
   7.1253820e-03
   4.2737560e-03
   1.6432680e-03
  -1.2456600e-03
  -4.3161770e-03
  -6.2529190e-03
  -7.0107270e-03
  -6.8589130e-03
  -6.0318880e-03
  -4.7856850e-03
  -4.0193700e-03
  -4.1088420e-03
  -4.7666640e-03
  -4.3868570e-03
  -1.8062940e-03
   3.0177190e-03
   9.7910660e-03
   1.6244660e-02
   2.0739850e-02
   2.2693560e-02
   2.3006930e-02
   2.3619930e-02
   2.4940580e-02
   2.6194770e-02
   2.6952490e-02
   2.6380320e-02
   2.3533550e-02
   1.7705000e-02
   1.0120660e-02
   2.6787870e-03
  -3.2376710e-03
  -6.9738730e-03
  -8.2967000e-03
  -6.9759260e-03
  -3.5377640e-03
   1.2706140e-03
   6.5759030e-03
   1.2405610e-02
   1.8640340e-02
   2.4070400e-02
   2.8466790e-02
   3.1940770e-02
   3.5074170e-02
   3.7282430e-02
   3.8458850e-02
   3.8797890e-02
   3.7052360e-02
   3.2088280e-02
   2.3683600e-02
   1.3107240e-02
   2.2600070e-03
  -7.2089660e-03
  -1.4912050e-02
  -2.0433220e-02
  -2.3461350e-02
  -2.5443210e-02
  -2.7554370e-02
  -2.9095320e-02
  -2.8234270e-02
  -2.4806300e-02
  -2.0571530e-02
  -1.7523070e-02
  -1.4898910e-02
  -1.2097280e-02
  -8.1706130e-03
  -4.0629700e-03
  -5.7666550e-04
   1.2816620e-03
   1.2189110e-03
  -6.8766750e-04
  -4.2732240e-03
  -8.0672890e-03
  -1.0864190e-02
  -1.3196310e-02
  -1.6852580e-02
  -2.2279990e-02
  -2.7968400e-02
  -3.1492690e-02
  -3.0897100e-02
  -2.6489090e-02
  -2.0584830e-02
  -1.5988670e-02
  -1.4113150e-02
  -1.4598830e-02
  -1.5428000e-02
  -1.5718720e-02
  -1.6710610e-02
  -1.8455650e-02
  -2.0192370e-02
  -2.1203120e-02
  -2.1354950e-02
  -2.0101110e-02
  -1.6959110e-02
  -1.1989720e-02
  -6.2067710e-03
  -9.5087600e-04
   2.6385540e-03
   5.4125810e-03
   7.7558240e-03
   8.5289660e-03
   6.1569760e-03
   7.9841680e-04
  -6.2478730e-03
  -1.3606390e-02
  -1.9238800e-02
  -2.2276200e-02
  -2.3581000e-02
  -2.4161890e-02
  -2.3820340e-02
  -2.2218770e-02
  -1.8507420e-02
  -1.1531960e-02
  -1.2381120e-03
   1.0681230e-02
   2.2506500e-02
   3.3202940e-02
   4.1866180e-02
   4.6671140e-02
   4.6577880e-02
   4.2767490e-02
   3.6259290e-02
   2.7089170e-02
   1.4753580e-02
   6.2475690e-04
  -1.2718510e-02
  -2.3982660e-02
  -3.1760310e-02
  -3.4645090e-02
  -3.3612660e-02
  -3.2314630e-02
  -3.2950130e-02
  -3.4882130e-02
  -3.4510270e-02
  -3.1117160e-02
  -2.7140100e-02
  -2.3828960e-02
  -2.0067520e-02
  -1.5778860e-02
  -1.1023170e-02
  -6.2130280e-03
  -3.8771980e-04
   7.2679790e-03
   1.5621820e-02
   2.1511720e-02
   2.3949770e-02
   2.5487390e-02
   2.6923740e-02
   2.7618000e-02
   2.7857650e-02
   2.8649440e-02
   2.9316200e-02
   2.9322510e-02
   2.8410620e-02
   2.6386140e-02
   2.2477340e-02
   1.7811640e-02
   1.3162640e-02
   8.5109420e-03
   3.1809680e-03
  -3.9219580e-03
  -1.1772390e-02
  -1.9500060e-02
  -2.5176810e-02
  -2.7891130e-02
  -2.7284850e-02
  -2.4431110e-02
  -2.2024510e-02
  -2.2002930e-02
  -2.4031810e-02
  -2.5347660e-02
  -2.4483230e-02
  -2.1174730e-02
  -1.5831760e-02
  -9.0854910e-03
  -6.3246340e-04
   9.1697570e-03
   1.8520030e-02
   2.4797340e-02
   2.6475910e-02
   2.1956250e-02
   1.2025910e-02
   7.2796320e-04
  -9.1564550e-03
  -1.7489400e-02
  -2.3471760e-02
  -2.5839270e-02
  -2.7592600e-02
  -3.1812560e-02
  -3.6444270e-02
  -3.6122280e-02
  -2.9076210e-02
  -1.8741290e-02
  -7.4623870e-03
   5.6932890e-03
   2.0900160e-02
   3.5415600e-02
   4.7027340e-02
   5.4831780e-02
   5.8679470e-02
   5.8306900e-02
   5.5083410e-02
   5.0744240e-02
   4.6050060e-02
   4.0344350e-02
   3.4731400e-02
   3.0441710e-02
   2.6425930e-02
   2.1598280e-02
   1.6347340e-02
   1.2333240e-02
   1.0303630e-02
   8.9586230e-03
   7.5737680e-03
   6.7635650e-03
   6.3964660e-03
   6.1765730e-03
   5.8242730e-03
   5.2130580e-03
   5.1594020e-03
   5.3105710e-03
   5.6134630e-03
   5.5447220e-03
   3.3495170e-03
  -1.4746850e-03
  -7.1962000e-03
  -1.2101970e-02
  -1.6237390e-02
  -1.9475800e-02
  -2.1130390e-02
  -2.0682070e-02
  -1.8766120e-02
  -1.6953380e-02
  -1.6069110e-02
  -1.6977740e-02
  -1.9160560e-02
  -2.1070580e-02
  -2.2347890e-02
  -2.3064280e-02
  -2.3768120e-02
  -2.4950150e-02
  -2.5363170e-02
  -2.3340390e-02
  -1.8854570e-02
  -1.3884410e-02
  -8.4536950e-03
  -3.0373980e-03
   1.1894930e-03
   3.7387310e-03
   5.6575750e-03
   7.3806840e-03
   9.0909640e-03
   1.0913310e-02
   1.2148390e-02
   1.1641730e-02
   8.6033080e-03
   4.0254560e-03
  -6.8402210e-04
  -4.8805680e-03
  -8.3179760e-03
  -1.0612590e-02
  -1.0586140e-02
  -6.9411250e-03
   4.0957500e-04
   8.5329440e-03
   1.5136840e-02
   2.0382510e-02
   2.4033370e-02
   2.5025320e-02
   2.3179290e-02
   1.9290600e-02
   1.4509110e-02
   9.4675150e-03
   4.6818240e-03
   7.8302710e-04
  -7.6941900e-04
  -6.0229110e-04
  -1.4233960e-03
  -3.7707420e-03
  -7.4208850e-03
  -1.0709200e-02
  -1.2681960e-02
  -1.3155790e-02
  -1.1930040e-02
  -8.6624560e-03
  -3.4368880e-03
   4.2971910e-03
   1.2570160e-02
   1.9846230e-02
   2.5544440e-02
   2.9063830e-02
   3.1662830e-02
   3.4600520e-02
   3.8635350e-02
   4.3622610e-02
   4.8409690e-02
   5.1552820e-02
   5.1643600e-02
   4.8689660e-02
   4.3579470e-02
   3.7532880e-02
   3.0809700e-02
   2.2888480e-02
   1.3548410e-02
   2.3607400e-03
  -1.0123740e-02
  -2.1917960e-02
  -3.2240850e-02
  -4.1015240e-02
  -4.7605520e-02
  -5.2635260e-02
  -5.7359970e-02
  -6.1849740e-02
  -6.6094710e-02
  -7.0021460e-02
  -7.3915090e-02
  -7.7887920e-02
  -8.1610680e-02
  -8.4357400e-02
  -8.5143920e-02
  -8.3700020e-02
  -8.0302930e-02
  -7.5424960e-02
  -6.9413730e-02
  -6.1767140e-02
  -5.2940650e-02
  -4.2452100e-02
  -3.1310900e-02
  -2.0149860e-02
  -8.6074000e-03
   2.7901690e-03
   1.3006370e-02
   2.1644240e-02
   2.8880400e-02
   3.4892110e-02
   3.8517610e-02
   3.8674440e-02
   3.5780480e-02
   3.1464470e-02
   2.6813560e-02
   2.2191550e-02
   1.6842100e-02
   1.1298260e-02
   6.3858400e-03
   1.8974660e-03
  -1.5376450e-03
  -3.1780000e-03
  -2.6297440e-03
  -7.1151800e-05
   3.9669760e-03
   8.8959480e-03
   1.3921200e-02
   1.8050370e-02
   2.0016980e-02
   1.9648910e-02
   1.7507120e-02
   1.4098650e-02
   9.8753130e-03
   5.1871000e-03
   4.7985160e-04
  -4.3338570e-03
  -9.6649480e-03
  -1.5303900e-02
  -2.0953030e-02
  -2.7660630e-02
  -3.4538350e-02
  -3.8529760e-02
  -3.7904570e-02
  -3.3084060e-02
  -2.6745520e-02
  -2.1979370e-02
  -1.9349790e-02
  -1.7347440e-02
  -1.4457900e-02
  -1.0223250e-02
  -4.7993110e-03
   1.8608280e-03
   8.9778840e-03
   1.6896840e-02
   2.5936190e-02
   3.5020970e-02
   4.2546230e-02
   4.7277380e-02
   4.8850370e-02
   4.7929220e-02
   4.5502710e-02
   4.3003910e-02
   3.9238700e-02
   3.3392680e-02
   2.6466780e-02
   1.9608970e-02
   1.3760830e-02
   9.1775390e-03
   6.2589220e-03
   4.2809520e-03
   2.9153050e-03
   2.2560470e-03
   2.4980090e-03
   3.1664320e-03
   3.0433590e-03
   1.5897520e-03
  -8.1849790e-04
  -3.2689160e-03
  -5.3546820e-03
  -7.8461490e-03
  -1.0099280e-02
  -1.1895780e-02
  -1.3188760e-02
  -1.4300130e-02
  -1.4886390e-02
  -1.3375650e-02
  -9.5313640e-03
  -3.9700290e-03
   3.2233430e-03
   1.1847060e-02
   2.0425270e-02
   2.6734590e-02
   3.0089700e-02
   3.0437940e-02
   2.8324150e-02
   2.5747790e-02
   2.3980850e-02
   2.2579990e-02
   2.0135000e-02
   1.5792110e-02
   1.0940900e-02
   7.6005540e-03
   5.9993880e-03
   5.8860530e-03
   6.9235430e-03
   8.8166000e-03
   9.9010510e-03
   9.3806640e-03
   7.3276790e-03
   4.3227940e-03
   6.0811920e-04
  -3.8547630e-03
  -8.8495710e-03
  -1.3624670e-02
  -1.6968590e-02
  -1.7516270e-02
  -1.5407120e-02
  -1.1634740e-02
  -7.1134880e-03
  -3.3436940e-03
  -1.4494720e-04
   3.3157580e-03
   6.9156460e-03
   9.9203750e-03
   1.2535370e-02
   1.4055110e-02
   1.4258210e-02
   1.3016930e-02
   1.0094170e-02
   5.7111610e-03
   8.6899370e-04
  -4.0608650e-03
  -7.5410530e-03
  -8.6474450e-03
  -7.5941200e-03
  -5.9141900e-03
  -4.2861830e-03
  -2.1355240e-03
   1.6362790e-03
   7.9326230e-03
   1.7018750e-02
   2.8077760e-02
   3.9104960e-02
   4.8043090e-02
   5.3872390e-02
   5.6167350e-02
   5.5142630e-02
   5.1662400e-02
   4.7385470e-02
   4.2815080e-02
   3.7683620e-02
   3.0599900e-02
   2.1638330e-02
   1.2463160e-02
   5.5485780e-03
   1.0211480e-03
  -2.7364140e-03
  -6.6719180e-03
  -1.1286510e-02
  -1.6304490e-02
  -2.1853340e-02
  -2.8211970e-02
  -3.4717330e-02
  -4.0489650e-02
  -4.5580380e-02
  -4.9706900e-02
  -5.2357190e-02
  -5.3051380e-02
  -5.3167000e-02
  -5.4692310e-02
  -5.8355030e-02
  -6.3724710e-02
  -7.0072720e-02
  -7.6730460e-02
  -8.2526180e-02
  -8.5682620e-02
  -8.5551780e-02
  -8.2291510e-02
  -7.5988060e-02
  -6.7958370e-02
  -5.7705310e-02
  -4.5903040e-02
  -3.3929120e-02
  -2.3104780e-02
  -1.4316590e-02
  -7.3563260e-03
  -2.8052560e-03
   3.6173340e-04
   3.5318530e-03
   6.2830660e-03
   7.4322060e-03
   7.0214520e-03
   6.6424810e-03
   7.4430580e-03
   9.7531250e-03
   1.3429210e-02
   1.7512090e-02
   1.9697800e-02
   1.8991790e-02
   1.7545010e-02
   1.8590580e-02
   2.2907860e-02
   2.7045570e-02
   2.9534910e-02
   3.1181470e-02
   3.1801150e-02
   2.9647220e-02
   2.3493580e-02
   1.5384100e-02
   8.3445920e-03
   3.3689810e-03
  -4.5780970e-04
  -4.1313630e-03
  -6.8606240e-03
  -7.9256620e-03
  -6.9159160e-03
  -4.2009150e-03
  -9.4401970e-04
   1.3695850e-03
   1.7851240e-03
   1.5288700e-04
  -1.7363890e-03
  -3.4756170e-03
  -5.1983000e-03
  -6.7142780e-03
  -8.1296840e-03
  -9.8835920e-03
  -1.2350180e-02
  -1.5183420e-02
  -1.7302040e-02
  -1.8104440e-02
  -1.7313210e-02
  -1.5107120e-02
  -1.1143900e-02
  -6.1486560e-03
  -3.8602110e-04
   6.1617060e-03
   1.3856220e-02
   2.1962400e-02
   2.8244500e-02
   3.1867960e-02
   3.3200400e-02
   3.1278940e-02
   2.6215820e-02
   2.0103490e-02
   1.3265410e-02
   5.7129430e-03
  -2.3181520e-03
  -9.0931330e-03
  -1.3262670e-02
  -1.5249610e-02
  -1.6193600e-02
  -1.7510960e-02
  -1.9550230e-02
  -2.1895140e-02
  -2.4145550e-02
  -2.5972790e-02
  -2.6278840e-02
  -2.5133040e-02
  -2.2479910e-02
  -1.8671130e-02
  -1.4601490e-02
  -1.1234390e-02
  -8.2450960e-03
  -4.5214920e-03
  -6.1445850e-06
   3.9014250e-03
   5.6668690e-03
   5.4274060e-03
   5.2475670e-03
   7.0067250e-03
   1.0988540e-02
   1.6341000e-02
   2.1857450e-02
   2.6835030e-02
   3.1017610e-02
   3.4758780e-02
   3.8179240e-02
   4.0481590e-02
   3.9937560e-02
   3.7457630e-02
   3.3944490e-02
   2.8781680e-02
   2.1863670e-02
   1.5246240e-02
   1.0551130e-02
   8.4872960e-03
   9.0148960e-03
   1.1120300e-02
   1.3644910e-02
   1.5702900e-02
   1.7551150e-02
   1.9180590e-02
   2.0178680e-02
   1.9240030e-02
   1.5717330e-02
   1.0518610e-02
   5.8954320e-03
   2.7542790e-03
   1.2073590e-03
   7.8958640e-04
   9.2102190e-04
   8.2501020e-04
   4.4748850e-04
   8.9912790e-04
   1.3311870e-03
   8.0448720e-04
  -3.9237680e-04
  -1.8770780e-03
  -3.0680040e-03
  -4.4648860e-03
  -5.7854460e-03
  -5.9574330e-03
  -4.2361630e-03
  -5.9622990e-04
   2.7140820e-03
   4.3627720e-03
   3.7374260e-03
   1.5079140e-03
  -1.3408380e-03
  -3.6140970e-03
  -4.4439770e-03
  -4.1212580e-03
  -3.0939220e-03
  -6.2690470e-04
   2.6177630e-03
   5.4963520e-03
   7.6116780e-03
   9.0988960e-03
   1.0614400e-02
   1.1704120e-02
   1.1541660e-02
   9.8789540e-03
   6.0883050e-03
   3.8340590e-04
  -6.3191790e-03
  -1.3346700e-02
  -1.9071720e-02
  -2.2618100e-02
  -2.4095820e-02
  -2.3765830e-02
  -2.0785960e-02
  -1.6291000e-02
  -1.0932590e-02
  -4.3438700e-03
   3.3693360e-03
   1.0706460e-02
   1.6016950e-02
   1.9621460e-02
   2.1382730e-02
   2.0904310e-02
   1.8017400e-02
   1.4027170e-02
   9.5820220e-03
   4.4356760e-03
  -5.9013820e-04
  -4.1250950e-03
  -6.1386390e-03
  -7.2913060e-03
  -9.3933220e-03
  -1.2525330e-02
  -1.5007960e-02
  -1.5642740e-02
  -1.4765930e-02
  -1.3136380e-02
  -1.1835230e-02
  -1.1979080e-02
  -1.4102370e-02
  -1.7080140e-02
  -1.9872820e-02
  -2.1814410e-02
  -2.1901480e-02
  -2.0712280e-02
  -1.9024030e-02
  -1.8659140e-02
  -1.9609610e-02
  -2.0691480e-02
  -2.0697680e-02
  -1.9405990e-02
  -1.7849960e-02
  -1.6093620e-02
  -1.2898170e-02
  -8.9718990e-03
  -5.6318320e-03
  -3.0331960e-03
  -1.1984300e-03
  -4.6124230e-04
   9.3211080e-05
   6.7634750e-04
   1.7664800e-03
   3.4637110e-03
   5.4384570e-03
   7.7355270e-03
   1.0075660e-02
   1.2246810e-02
   1.4181750e-02
   1.5581200e-02
   1.6028580e-02
   1.6252180e-02
   1.6139030e-02
   1.6203920e-02
   1.6622820e-02
   1.7299940e-02
   1.8026840e-02
   1.9380030e-02
   2.1138390e-02
   2.2428080e-02
   2.2356190e-02
   2.1405400e-02
   1.9715800e-02
   1.7321950e-02
   1.4898380e-02
   1.3343950e-02
   1.3325220e-02
   1.4860450e-02
   1.6742490e-02
   1.8346010e-02
   1.9055850e-02
   1.8658260e-02
   1.7028660e-02
   1.4891850e-02
   1.2741660e-02
   1.0142110e-02
   6.4427630e-03
   1.2450510e-03
  -4.9833520e-03
  -1.1747730e-02
  -1.7922510e-02
  -2.3351400e-02
  -2.7557290e-02
  -3.0320070e-02
  -3.1021110e-02
  -2.9485770e-02
  -2.5451710e-02
  -1.9049670e-02
  -1.2215600e-02
  -7.1419750e-03
  -4.5328710e-03
  -3.5216010e-03
  -3.0305950e-03
  -2.2305650e-03
   5.2344830e-04
   4.8831980e-03
   9.8860050e-03
   1.4634820e-02
   1.8376880e-02
   2.1399800e-02
   2.4558270e-02
   2.8167370e-02
   3.1254240e-02
   3.4544300e-02
   3.8689010e-02
   4.2226170e-02
   4.3582770e-02
   4.2284460e-02
   3.8336210e-02
   3.2263730e-02
   2.5289640e-02
   1.8709800e-02
   1.2399690e-02
   6.8235830e-03
   2.6244910e-03
  -6.8408840e-05
  -1.8344650e-03
  -3.4846900e-03
  -5.3763090e-03
  -7.1453960e-03
  -8.1835330e-03
  -8.4844240e-03
  -8.7468470e-03
  -9.3237160e-03
  -1.0272980e-02
  -1.2632400e-02
  -1.6189810e-02
  -1.9089640e-02
  -2.0282160e-02
  -2.0824410e-02
  -2.0675250e-02
  -1.9368720e-02
  -1.8313870e-02
  -1.7825220e-02
  -1.6906850e-02
  -1.5699430e-02
  -1.5260610e-02
  -1.5566860e-02
  -1.5998620e-02
  -1.6119990e-02
  -1.5321190e-02
  -1.3251780e-02
  -1.0625800e-02
  -8.4850200e-03
  -7.2802690e-03
  -6.2716170e-03
  -4.3634900e-03
  -1.5036480e-03
   2.1635370e-03
   6.0616420e-03
   1.0294000e-02
   1.4346660e-02
   1.7992330e-02
   2.1610180e-02
   2.5257340e-02
   2.7829630e-02
   2.8070660e-02
   2.5444280e-02
   2.0327030e-02
   1.3596190e-02
   6.2901870e-03
  -1.9209510e-04
  -5.2486360e-03
  -8.9902680e-03
  -1.1333960e-02
  -1.2299440e-02
  -1.2681830e-02
  -1.2336620e-02
  -1.1856320e-02
  -1.1831480e-02
  -1.1858310e-02
  -1.2075690e-02
  -1.2843330e-02
  -1.4079690e-02
  -1.5220090e-02
  -1.6783900e-02
  -1.8499400e-02
  -1.9410040e-02
  -1.9484530e-02
  -1.9339010e-02
  -1.9310210e-02
  -1.9094400e-02
  -1.7467130e-02
  -1.4468670e-02
  -1.1118100e-02
  -7.7498770e-03
  -3.8580780e-03
   1.0387860e-03
   7.0724540e-03
   1.3540980e-02
   1.9653630e-02
   2.4832960e-02
   2.8194940e-02
   2.9404900e-02
   2.9249270e-02
   2.8298040e-02
   2.6061190e-02
   2.3441370e-02
   2.1648400e-02
   2.0700240e-02
   2.0310450e-02
   1.9707650e-02
   1.8873740e-02
   1.7902860e-02
   1.7013030e-02
   1.7093710e-02
   1.7675050e-02
   1.9200950e-02
   2.0322880e-02
   1.9352160e-02
   1.5786030e-02
   1.0455550e-02
   5.4002500e-03
   1.7378880e-03
  -5.8883040e-04
  -2.9672590e-03
  -5.5152300e-03
  -8.2961690e-03
  -1.1119140e-02
  -1.3849140e-02
  -1.6928110e-02
  -2.0615690e-02
  -2.4310540e-02
  -2.7831790e-02
  -3.0760390e-02
  -3.2977010e-02
  -3.4598530e-02
  -3.5169010e-02
  -3.5034520e-02
  -3.4860660e-02
  -3.4911620e-02
  -3.4922090e-02
  -3.4487120e-02
  -3.3088000e-02
  -3.0701560e-02
  -2.8029820e-02
  -2.5689870e-02
  -2.3572810e-02
  -2.1673180e-02
  -1.9644950e-02
  -1.7488280e-02
  -1.5168450e-02
  -1.1759800e-02
  -7.1761480e-03
  -1.1276610e-03
   5.5647200e-03
   1.2130710e-02
   1.8002860e-02
   2.3133260e-02
   2.7443210e-02
   3.0662120e-02
   3.2498130e-02
   3.2173260e-02
   3.0770340e-02
   2.8829270e-02
   2.6583430e-02
   2.5546870e-02
   2.5020820e-02
   2.4296560e-02
   2.3362730e-02
   2.1606970e-02
   1.9092760e-02
   1.6789210e-02
   1.5733630e-02
   1.6050360e-02
   1.7640520e-02
   1.9753200e-02
   2.1447140e-02
   2.2054230e-02
   2.1027140e-02
   1.9553720e-02
   1.8644650e-02
   1.9126410e-02
   2.0776970e-02
   2.3291130e-02
   2.5209300e-02
   2.5633560e-02
   2.4523540e-02
   2.2279040e-02
   2.0136580e-02
   1.8729770e-02
   1.7885800e-02
   1.7195220e-02
   1.6490560e-02
   1.5850230e-02
   1.4655320e-02
   1.2498870e-02
   9.1566600e-03
   4.6968180e-03
  -8.6879540e-04
  -6.9510500e-03
  -1.2394860e-02
  -1.7290610e-02
  -2.1594440e-02
  -2.4485240e-02
  -2.6500940e-02
  -2.8008270e-02
  -2.8272800e-02
  -2.7161100e-02
  -2.5148360e-02
  -2.3271950e-02
  -2.2263530e-02
  -2.2419930e-02
  -2.4779700e-02
  -2.9235600e-02
  -3.4808440e-02
  -4.0265980e-02
  -4.4527410e-02
  -4.7395690e-02
  -4.8568050e-02
  -4.8240200e-02
  -4.6610250e-02
  -4.5275330e-02
  -4.4140030e-02
  -4.2294140e-02
  -3.9575870e-02
  -3.5500230e-02
  -2.9269860e-02
  -2.1343850e-02
  -1.2048920e-02
  -2.0063690e-03
   8.5304540e-03
   1.9222670e-02
   2.9724570e-02
   3.9528380e-02
   4.8476600e-02
   5.7107550e-02
   6.4879910e-02
   7.1414150e-02
   7.6387610e-02
   7.9981020e-02
   8.2859990e-02
   8.3923440e-02
   8.3003040e-02
   8.0995320e-02
   7.7745450e-02
   7.2687780e-02
   6.6901230e-02
   6.1690010e-02
   5.7010610e-02
   5.2783880e-02
   4.8712980e-02
   4.3809960e-02
   3.7103250e-02
   2.9789940e-02
   2.3796280e-02
   1.8975900e-02
   1.4339400e-02
   9.8256990e-03
   5.9738530e-03
   3.1082980e-03
   1.4709930e-03
   8.8521580e-04
   1.5589640e-03
   3.9238430e-03
   6.6851680e-03
   9.2959670e-03
   1.1932450e-02
   1.5658870e-02
   2.0020780e-02
   2.4781080e-02
   3.0017370e-02
   3.5215850e-02
   4.0223400e-02
   4.4721470e-02
   4.8409320e-02
   5.1507130e-02
   5.3508850e-02
   5.4528060e-02
   5.5200200e-02
   5.5018540e-02
   5.3805480e-02
   5.0670850e-02
   4.5092640e-02
   3.6744930e-02
   2.6050340e-02
   1.4653750e-02
   4.3243380e-03
  -4.8196660e-03
  -1.3808980e-02
  -2.3182150e-02
  -3.2671020e-02
  -4.2347880e-02
  -5.1902550e-02
  -6.0225810e-02
  -6.5871430e-02
  -6.9218560e-02
  -7.1041770e-02
  -7.1547140e-02
  -7.0857550e-02
  -6.8976320e-02
  -6.6596150e-02
  -6.4092740e-02
  -6.0665730e-02
  -5.5922760e-02
  -5.0898970e-02
  -4.6888640e-02
  -4.4794300e-02
  -4.4632840e-02
  -4.5831740e-02
  -4.7615040e-02
  -5.0178220e-02
  -5.3775790e-02
  -5.7676660e-02
  -6.1295690e-02
  -6.4379940e-02
  -6.6372890e-02
  -6.6568600e-02
  -6.4295200e-02
  -6.0417320e-02
  -5.5621220e-02
  -4.9968490e-02
  -4.3565200e-02
  -3.5963980e-02
  -2.5995840e-02
  -1.4913890e-02
  -3.9526170e-03
   5.7644740e-03
   1.4623460e-02
   2.2643110e-02
   3.0033720e-02
   3.6902530e-02
   4.3224250e-02
   4.9972950e-02
   5.7008630e-02
   6.3159670e-02
   6.7445310e-02
   6.9995010e-02
   7.1421680e-02
   7.1809590e-02
   7.0885870e-02
   6.8878560e-02
   6.5321670e-02
   6.0407990e-02
   5.4146970e-02
   4.6185520e-02
   3.6382760e-02
   2.5568790e-02
   1.4150530e-02
   2.1434950e-03
  -9.9068690e-03
  -2.0739950e-02
  -2.8279790e-02
  -3.1723020e-02
  -3.2183210e-02
  -3.2051770e-02
  -3.1358300e-02
  -2.8532310e-02
  -2.3291070e-02
  -1.6574530e-02
  -1.0478800e-02
  -5.7592520e-03
  -2.4961950e-03
  -1.9145890e-04
   1.3378090e-03
   2.0688340e-03
   2.3874300e-03
   2.5962010e-03
   3.5013360e-03
   6.4487240e-03
   1.0557540e-02
   1.4589810e-02
   1.8044390e-02
   2.0836640e-02
   2.2671900e-02
   2.2231580e-02
   1.9945880e-02
   1.6658870e-02
   1.2702340e-02
   7.6013970e-03
   1.1246970e-03
  -5.7656850e-03
  -1.2749160e-02
  -1.8680210e-02
  -2.2832590e-02
  -2.5706590e-02
  -2.7454440e-02
  -2.8100510e-02
  -2.8363800e-02
  -2.8831560e-02
  -3.0265600e-02
  -3.2235990e-02
  -3.3878320e-02
  -3.4485920e-02
  -3.3946840e-02
  -3.3073470e-02
  -3.3280780e-02
  -3.5765600e-02
  -3.9615870e-02
  -4.3033930e-02
  -4.5175060e-02
  -4.6136410e-02
  -4.6531420e-02
  -4.6676270e-02
  -4.6163100e-02
  -4.5585020e-02
  -4.5794810e-02
  -4.7289060e-02
  -4.9952820e-02
  -5.3329130e-02
  -5.6291060e-02
  -5.8413570e-02
  -5.8774260e-02
  -5.5439810e-02
  -4.6078940e-02
  -2.9288570e-02
  -8.8200300e-03
   8.5692480e-03
   2.0028840e-02
   2.8309550e-02
   3.7862420e-02
   4.7433380e-02
   5.4420100e-02
   5.8252580e-02
   5.7779410e-02
   4.9608660e-02
   3.4190740e-02
   1.6830820e-02
   1.2399580e-03
  -1.3160760e-02
  -2.7873270e-02
  -4.0844340e-02
  -5.0591440e-02
  -5.8437090e-02
  -6.5717240e-02
  -7.2035080e-02
  -7.8067860e-02
  -8.4903990e-02
  -9.2285930e-02
  -9.8648850e-02
  -1.0124410e-01
  -9.7005160e-02
  -8.3816090e-02
  -6.0031940e-02
  -2.8896030e-02
  -7.4613520e-05
   2.0811660e-02
   3.6381800e-02
   5.0159690e-02
   6.1573950e-02
   6.9452750e-02
   7.5071060e-02
   7.9839850e-02
   8.2483240e-02
   8.1457770e-02
   7.7408900e-02
   7.1313160e-02
   6.5777280e-02
   6.2379960e-02
   6.1391230e-02
   6.2745290e-02
   6.6279670e-02
   7.1514980e-02
   7.8089640e-02
   8.4435830e-02
   8.6813220e-02
   8.2867760e-02
   7.1230550e-02
   5.2123910e-02
   2.7697250e-02
   2.4409440e-03
  -1.7508180e-02
  -2.8827240e-02
  -3.2347400e-02
  -2.9598320e-02
  -2.2176510e-02
  -1.1523490e-02
   1.4524190e-03
   1.4282540e-02
   2.4098490e-02
   2.9781010e-02
   3.1994960e-02
   3.0491180e-02
   2.4115710e-02
   1.3798320e-02
   1.7002590e-04
  -1.7092240e-02
  -3.6134780e-02
  -5.3707670e-02
  -6.8793640e-02
  -8.2952480e-02
  -9.6686240e-02
  -1.0783710e-01
  -1.1464740e-01
  -1.1766040e-01
  -1.1782550e-01
  -1.1588390e-01
  -1.1227520e-01
  -1.0807320e-01
  -1.0348450e-01
  -9.8002310e-02
  -9.0239100e-02
  -7.9087070e-02
  -6.3501400e-02
  -4.4048940e-02
  -2.3346350e-02
  -4.9369820e-03
   9.9485630e-03
   2.0971010e-02
   2.8282480e-02
   3.3283210e-02
   3.7146260e-02
   4.0547280e-02
   4.1952090e-02
   4.0867820e-02
   3.7917860e-02
   3.3981020e-02
   2.9048330e-02
   2.3925530e-02
   2.0319400e-02
   1.8735030e-02
   1.8302110e-02
   1.7882050e-02
   1.6477180e-02
   1.2205450e-02
   2.9167250e-03
  -1.1047620e-02
  -2.6300860e-02
  -4.0536380e-02
  -5.4089440e-02
  -6.6219640e-02
  -7.4396220e-02
  -7.8209050e-02
  -7.9093870e-02
  -7.7278230e-02
  -7.3544710e-02
  -7.0328900e-02
  -6.9393130e-02
  -6.9530720e-02
  -6.8532900e-02
  -6.6000540e-02
  -6.3464920e-02
  -6.1487990e-02
  -5.9126460e-02
  -5.5124110e-02
  -5.0503310e-02
  -4.5619200e-02
  -3.9539910e-02
  -3.3039260e-02
  -2.7028430e-02
  -2.2793200e-02
  -1.9930830e-02
  -1.8170880e-02
  -1.6752090e-02
  -1.4324080e-02
  -9.6681580e-03
  -3.4669870e-03
   2.9046830e-03
   8.5630370e-03
   1.3277270e-02
   1.6318400e-02
   1.7236940e-02
   1.6321430e-02
   1.5171000e-02
   1.4050560e-02
   1.2252240e-02
   8.9079140e-03
   4.3369740e-03
  -9.2782460e-04
  -7.4445970e-03
  -1.5391350e-02
  -2.4046060e-02
  -3.2292730e-02
  -3.9985060e-02
  -4.7421940e-02
  -5.4341530e-02
  -5.9853240e-02
  -6.3813540e-02
  -6.7916880e-02
  -7.2648990e-02
  -7.7390330e-02
  -8.0755550e-02
  -8.1612080e-02
  -7.9344600e-02
  -7.3625060e-02
  -6.4439840e-02
  -5.1976280e-02
  -3.6652190e-02
  -1.8959820e-02
  -1.1408260e-03
   1.5416520e-02
   3.0341620e-02
   4.4360690e-02
   5.7795940e-02
   7.0246470e-02
   8.0923420e-02
   8.8993830e-02
   9.4091220e-02
   9.7126050e-02
   1.0012730e-01
   1.0366670e-01
   1.0700930e-01
   1.0915940e-01
   1.1100590e-01
   1.1186710e-01
   1.1066760e-01
   1.0775860e-01
   1.0391410e-01
   9.9264650e-02
   9.2123310e-02
   8.2443410e-02
   7.0982040e-02
   5.9143390e-02
   4.8270590e-02
   3.8274420e-02
   2.7756100e-02
   1.5268910e-02
   9.5716130e-04
  -1.3773940e-02
  -2.7192800e-02
  -3.8421920e-02
  -4.7032350e-02
  -5.3874200e-02
  -5.9278460e-02
  -6.4029120e-02
  -6.8367600e-02
  -7.1156020e-02
  -7.2166920e-02
  -7.2920480e-02
  -7.4550600e-02
  -7.7069700e-02
  -7.8999930e-02
  -7.9282600e-02
  -7.7331450e-02
  -7.3868220e-02
  -7.0428850e-02
  -6.7393540e-02
  -6.4463720e-02
  -6.0769910e-02
  -5.6324850e-02
  -5.1471250e-02
  -4.5019620e-02
  -3.7716930e-02
  -2.9723910e-02
  -2.0886160e-02
  -1.2389730e-02
  -5.2675920e-03
   6.8959340e-04
   6.0675800e-03
   1.0708890e-02
   1.4914870e-02
   1.8579880e-02
   2.2126930e-02
   2.5400360e-02
   2.8793920e-02
   3.2778670e-02
   3.7280150e-02
   4.1631430e-02
   4.5082380e-02
   4.7564830e-02
   4.9530280e-02
   5.0622260e-02
   5.0680620e-02
   5.0077630e-02
   5.0143560e-02
   5.0423670e-02
   5.0031200e-02
   4.8659750e-02
   4.6234780e-02
   4.2744810e-02
   3.8924080e-02
   3.4654260e-02
   3.0602350e-02
   2.7489550e-02
   2.4496990e-02
   2.1890330e-02
   1.9841950e-02
   1.8483520e-02
   1.7702720e-02
   1.7313630e-02
   1.7660650e-02
   1.8890250e-02
   2.0089630e-02
   2.1664430e-02
   2.3911130e-02
   2.6496030e-02
   2.9708920e-02
   3.3754360e-02
   3.8758190e-02
   4.3977130e-02
   4.9172700e-02
   5.4684170e-02
   6.0122020e-02
   6.5971530e-02
   7.1450110e-02
   7.7492810e-02
   8.3494540e-02
   8.7821960e-02
   9.0215490e-02
   9.1045150e-02
   9.0527690e-02
   8.8488630e-02
   8.3368820e-02
   7.4286260e-02
   6.2179580e-02
   4.9317540e-02
   3.8458130e-02
   2.9478910e-02
   1.9489950e-02
   8.7914440e-03
  -6.9165660e-05
  -8.1265400e-03
  -1.6040960e-02
  -2.4134710e-02
  -3.1524110e-02
  -3.8192680e-02
  -4.4269540e-02
  -4.9668740e-02
  -5.3977220e-02
  -5.6509790e-02
  -5.6095360e-02
  -5.2930480e-02
  -4.7972810e-02
  -4.1318800e-02
  -3.3830910e-02
  -2.6969190e-02
  -2.1132030e-02
  -1.6234030e-02
  -1.1906650e-02
  -8.1866920e-03
  -5.4323740e-03
  -3.9077480e-03
  -4.0466230e-03
  -5.4760170e-03
  -7.2195310e-03
  -9.3508590e-03
  -1.0960460e-02
  -1.1575470e-02
  -1.2669080e-02
  -1.4192580e-02
  -1.5535330e-02
  -1.6573800e-02
  -1.8299510e-02
  -2.0026620e-02
  -2.0996800e-02
  -2.1922780e-02
  -2.3558010e-02
  -2.5517290e-02
  -2.7350720e-02
  -2.8988200e-02
  -3.0538000e-02
  -3.1958090e-02
  -3.3244830e-02
  -3.4696270e-02
  -3.5493660e-02
  -3.6058530e-02
  -3.7059520e-02
  -3.9371070e-02
  -4.3158910e-02
  -4.7113330e-02
  -5.0070790e-02
  -5.1857210e-02
  -5.2956170e-02
  -5.3927030e-02
  -5.3739350e-02
  -5.1931840e-02
  -4.8166940e-02
  -4.2485360e-02
  -3.5165380e-02
  -2.6293590e-02
  -1.6887860e-02
  -7.8852990e-03
   7.8195970e-04
   8.7306030e-03
   1.6664660e-02
   2.3214890e-02
   2.8315930e-02
   3.1900150e-02
   3.3521030e-02
   3.3982510e-02
   3.3139810e-02
   3.0456280e-02
   2.5497730e-02
   1.8449320e-02
   9.9714040e-03
   7.2008510e-04
  -8.9199230e-03
  -1.9531070e-02
  -3.0021000e-02
  -4.0751170e-02
  -5.0847250e-02
  -5.9345930e-02
  -6.5899140e-02
  -7.0272400e-02
  -7.3672140e-02
  -7.6287240e-02
  -7.7896640e-02
  -7.9164630e-02
  -8.0194220e-02
  -8.1079110e-02
  -8.2015350e-02
  -8.2412480e-02
  -8.2407930e-02
  -8.1469800e-02
  -7.8998730e-02
  -7.5924690e-02
  -7.2462340e-02
  -6.7679090e-02
  -6.1175410e-02
  -5.4133540e-02
  -4.7439050e-02
  -4.0950610e-02
  -3.3944900e-02
  -2.6435050e-02
  -1.8736920e-02
  -1.1000960e-02
  -3.2925790e-03
   4.3857860e-03
   1.1107240e-02
   1.5969520e-02
   1.9616370e-02
   2.2857030e-02
   2.4785190e-02
   2.5936600e-02
   2.7398300e-02
   2.9045080e-02
   3.0637580e-02
   3.2524640e-02
   3.4971150e-02
   3.7710820e-02
   4.0220700e-02
   4.2411940e-02
   4.4610010e-02
   4.7308330e-02
   5.0207370e-02
   5.2508180e-02
   5.4112090e-02
   5.4635300e-02
   5.4135180e-02
   5.2221900e-02
   4.9397440e-02
   4.7407380e-02
   4.6194530e-02
   4.5900950e-02
   4.7360290e-02
   4.9676300e-02
   5.1245490e-02
   5.2774160e-02
   5.5241690e-02
   5.7530630e-02
   6.0275900e-02
   6.3720370e-02
   6.8060060e-02
   7.3156260e-02
   7.8505340e-02
   8.4517930e-02
   9.0819760e-02
   9.6975960e-02
   1.0309330e-01
   1.0928910e-01
   1.1562560e-01
   1.2185300e-01
   1.2659830e-01
   1.2988040e-01
   1.3151530e-01
   1.3111110e-01
   1.2974320e-01
   1.2861420e-01
   1.2760520e-01
   1.2470040e-01
   1.1851810e-01
   1.0895330e-01
   9.6551880e-02
   8.1896470e-02
   6.7025350e-02
   5.4862090e-02
   4.6138890e-02
   3.9728860e-02
   3.4368090e-02
   2.9087180e-02
   2.3778360e-02
   1.8628070e-02
   1.3214310e-02
   9.2559520e-03
   7.6930160e-03
   8.5381450e-03
   1.1715570e-02
   1.6964010e-02
   2.3738710e-02
   3.1181040e-02
   3.8698720e-02
   4.5824540e-02
   5.1947760e-02
   5.6804190e-02
   6.0742660e-02
   6.4678080e-02
   6.8673780e-02
   7.2312620e-02
   7.4952510e-02
   7.6712460e-02
   7.8067470e-02
   7.8605340e-02
   7.7081850e-02
   7.3417740e-02
   6.8988730e-02
   6.3866500e-02
   5.7031130e-02
   4.9302180e-02
   4.0828450e-02
   3.1431690e-02
   2.1549260e-02
   1.1089980e-02
   1.2859850e-05
  -1.0874170e-02
  -2.1432020e-02
  -3.1300620e-02
  -3.9811320e-02
  -4.7056150e-02
  -5.2669960e-02
  -5.6479860e-02
  -5.8328280e-02
  -5.7763320e-02
  -5.5415920e-02
  -5.1211220e-02
  -4.5351620e-02
  -3.9378890e-02
  -3.4301090e-02
  -2.9419520e-02
  -2.4062220e-02
  -1.8301810e-02
  -1.2526090e-02
  -7.6923240e-03
  -3.9677670e-03
  -1.1074210e-03
   6.7274910e-04
   1.1473260e-03
   3.1253280e-04
  -1.7219120e-03
  -5.2511800e-03
  -9.8229660e-03
  -1.4729550e-02
  -1.9388660e-02
  -2.3286990e-02
  -2.6588680e-02
  -2.9075120e-02
  -3.1548510e-02
  -3.4679860e-02
  -3.8567340e-02
  -4.3110410e-02
  -4.7957500e-02
  -5.2455930e-02
  -5.6374260e-02
  -5.9301290e-02
  -6.0941660e-02
  -6.0769550e-02
  -5.9242940e-02
  -5.6108650e-02
  -5.1642050e-02
  -4.5890440e-02
  -3.8658170e-02
  -3.0444640e-02
  -2.1618860e-02
  -1.3317590e-02
  -5.8443530e-03
   1.2498120e-03
   8.1390450e-03
   1.5480000e-02
   2.2828780e-02
   2.9842570e-02
   3.6189230e-02
   4.1184250e-02
   4.5057050e-02
   4.8380590e-02
   5.0842360e-02
   5.2858140e-02
   5.4796260e-02
   5.6215040e-02
   5.7185390e-02
   5.7912670e-02
   5.8662110e-02
   5.9487440e-02
   5.9955930e-02
   5.9539690e-02
   5.7331360e-02
   5.3266810e-02
   4.6994520e-02
   3.9002040e-02
   3.0574210e-02
   2.2387570e-02
   1.5090290e-02
   9.0064290e-03
   3.6796470e-03
  -8.1249960e-04
  -4.8164600e-03
  -8.4323610e-03
  -1.1657440e-02
  -1.4652490e-02
  -1.7711590e-02
  -2.0558450e-02
  -2.2605420e-02
  -2.3970120e-02
  -2.4805220e-02
  -2.5439950e-02
  -2.5160360e-02
  -2.3438700e-02
  -2.0078570e-02
  -1.5345640e-02
  -9.1265820e-03
  -1.1410280e-03
   7.4772980e-03
   1.6136210e-02
   2.4136670e-02
   3.1636610e-02
   3.8974140e-02
   4.6653170e-02
   5.3910510e-02
   6.0839170e-02
   6.7317030e-02
   7.2877820e-02
   7.7432380e-02
   8.1381660e-02
   8.4992740e-02
   8.7288280e-02
   8.8618220e-02
   8.9412120e-02
   8.9104780e-02
   8.7279410e-02
   8.4041100e-02
   7.9220250e-02
   7.2385990e-02
   6.3647200e-02
   5.4274340e-02
   4.5632040e-02
   3.7794140e-02
   3.0806310e-02
   2.4420470e-02
   1.8608990e-02
   1.3234310e-02
   8.5029510e-03
   4.4162620e-03
   7.6788160e-04
  -1.8000330e-03
  -4.2661230e-03
  -6.7818640e-03
  -8.6602960e-03
  -1.0274750e-02
  -1.2255500e-02
  -1.4053330e-02
  -1.5433370e-02
  -1.6681380e-02
  -1.7812110e-02
  -1.7956540e-02
  -1.6784300e-02
  -1.4532040e-02
  -1.1720580e-02
  -8.9806200e-03
  -6.6479030e-03
  -4.9603770e-03
  -4.1984370e-03
  -4.3579770e-03
  -5.4752650e-03
  -7.3426280e-03
  -1.0438230e-02
  -1.4341140e-02
  -1.8197020e-02
  -2.2036840e-02
  -2.5699690e-02
  -2.8687670e-02
  -3.1009770e-02
  -3.3337580e-02
  -3.5752840e-02
  -3.7989310e-02
  -4.0206350e-02
  -4.1950950e-02
  -4.3022050e-02
  -4.3103980e-02
  -4.2048050e-02
  -3.9812330e-02
  -3.6362770e-02
  -3.1885020e-02
  -2.7147710e-02
  -2.2293340e-02
  -1.7455810e-02
  -1.2336800e-02
  -6.5868210e-03
  -7.5396030e-04
   4.5306020e-03
   9.5029470e-03
   1.3982020e-02
   1.7931540e-02
   2.1490810e-02
   2.4701000e-02
   2.7537630e-02
   3.0375970e-02
   3.3335650e-02
   3.6481120e-02
   3.9375960e-02
   4.1672350e-02
   4.3031340e-02
   4.3576800e-02
   4.3138510e-02
   4.1395820e-02
   3.8299020e-02
   3.4089230e-02
   2.9682540e-02
   2.5360190e-02
   2.2004830e-02
   1.9482230e-02
   1.7807660e-02
   1.7096910e-02
   1.7256330e-02
   1.8015330e-02
   1.9150290e-02
   2.0082940e-02
   2.0682470e-02
   2.0940670e-02
   2.0245090e-02
   1.7956600e-02
   1.4329750e-02
   9.6994500e-03
   5.1345160e-03
   1.3918340e-03
  -2.2048210e-03
  -5.6652400e-03
  -8.7473390e-03
  -1.2199130e-02
  -1.6305960e-02
  -2.0999030e-02
  -2.5756030e-02
  -3.0039650e-02
  -3.3688400e-02
  -3.6446270e-02
  -3.8271400e-02
  -3.9064570e-02
  -3.8885150e-02
  -3.7970760e-02
  -3.6311110e-02
  -3.4193230e-02
  -3.2349280e-02
  -3.0459000e-02
  -2.7961530e-02
  -2.5079680e-02
  -2.2429500e-02
  -1.9679660e-02
  -1.6095550e-02
  -1.2610570e-02
  -9.0538320e-03
  -5.3048330e-03
  -1.4123640e-03
   2.6153420e-03
   7.0307710e-03
   1.1634890e-02
   1.5503440e-02
   1.9058390e-02
   2.1869290e-02
   2.2926200e-02
   2.2969600e-02
   2.1877900e-02
   1.9562820e-02
   1.5761310e-02
   1.1215360e-02
   6.6592310e-03
   2.3642110e-03
  -1.6360080e-03
  -5.3291550e-03
  -8.9668170e-03
  -1.2145650e-02
  -1.4795450e-02
  -1.6751580e-02
  -1.7748450e-02
  -1.8580200e-02
  -1.8948420e-02
  -1.9773550e-02
  -2.1540270e-02
  -2.4193450e-02
  -2.7685070e-02
  -3.1531420e-02
  -3.5558900e-02
  -3.8773190e-02
  -4.1514530e-02
  -4.3811070e-02
  -4.4878090e-02
  -4.4859280e-02
  -4.3464520e-02
  -4.0158020e-02
  -3.5173000e-02
  -2.9227030e-02
  -2.2598190e-02
  -1.5805780e-02
  -9.1002670e-03
  -2.6973640e-03
   3.4947400e-03
   9.4222540e-03
   1.4929200e-02
   2.0525190e-02
   2.5478440e-02
   2.9758040e-02
   3.3093900e-02
   3.5442950e-02
   3.6812650e-02
   3.7338130e-02
   3.6814260e-02
   3.5012270e-02
   3.2176990e-02
   2.9411680e-02
   2.6780690e-02
   2.4244450e-02
   2.2254520e-02
   2.0527120e-02
   1.8643090e-02
   1.6208730e-02
   1.3381460e-02
   1.0045460e-02
   7.1682160e-03
   4.6590790e-03
   2.4742700e-03
   9.9896860e-04
   8.2648310e-04
   1.4846480e-03
   2.5312350e-03
   3.6923940e-03
   4.7293980e-03
   4.5196220e-03
   3.8556060e-03
   3.5155850e-03
   2.5166870e-03
   5.9242250e-04
  -2.0064920e-03
  -4.5271120e-03
  -6.6534610e-03
  -8.3038310e-03
  -9.5291060e-03
  -1.0373340e-02
  -1.0811310e-02
  -1.0992720e-02
  -1.0612810e-02
  -9.6600020e-03
  -8.9699690e-03
  -8.8455200e-03
  -9.7303650e-03
  -1.1574890e-02
  -1.3321460e-02
  -1.5329550e-02
  -1.7324470e-02
  -1.8256580e-02
  -1.8872190e-02
  -2.0071300e-02
  -2.1619770e-02
  -2.3495830e-02
  -2.5641480e-02
  -2.7958270e-02
  -3.0210410e-02
  -3.2420530e-02
  -3.4971130e-02
  -3.7846020e-02
  -4.1023110e-02
  -4.4307580e-02
  -4.7253070e-02
  -4.9618760e-02
  -5.1029570e-02
  -5.1587200e-02
  -5.1496690e-02
  -5.1240950e-02
  -5.1490790e-02
  -5.1718530e-02
  -5.2236820e-02
  -5.3366240e-02
  -5.4544300e-02
  -5.5082890e-02
  -5.5404430e-02
  -5.5435240e-02
  -5.5296030e-02
  -5.5060230e-02
  -5.4690030e-02
  -5.4203880e-02
  -5.3654140e-02
  -5.3223800e-02
  -5.3292040e-02
  -5.4138850e-02
  -5.5425180e-02
  -5.6766010e-02
  -5.7987810e-02
  -5.8905370e-02
  -5.9141510e-02
  -5.8663910e-02
  -5.8168400e-02
  -5.8048500e-02
  -5.8175380e-02
  -5.8215970e-02
  -5.8323610e-02
  -5.8616860e-02
  -5.8582060e-02
  -5.8802350e-02
  -5.8871200e-02
  -5.8954330e-02
  -5.8580920e-02
  -5.8038950e-02
  -5.7486460e-02
  -5.6233990e-02
  -5.5792650e-02
  -5.5396120e-02
  -5.5168060e-02
  -5.5183460e-02
  -5.4993920e-02
  -5.4697080e-02
  -5.4564760e-02
  -5.4633030e-02
  -5.4878750e-02
  -5.5046420e-02
  -5.5013460e-02
  -5.4923640e-02
  -5.4265650e-02
  -5.3419660e-02
  -5.2910920e-02
  -5.2439240e-02
  -5.2128260e-02
  -5.2066570e-02
  -5.2004580e-02
  -5.1948470e-02
  -5.1944230e-02
  -5.1579290e-02
  -5.0536870e-02
  -4.9149740e-02
  -4.7598840e-02
  -4.5663840e-02
  -4.4197300e-02
  -4.3824150e-02
  -4.3949200e-02
  -4.4136090e-02
  -4.4494660e-02
  -4.5058210e-02
  -4.5519620e-02
  -4.5738480e-02
  -4.6137550e-02
  -4.6201120e-02
  -4.5924420e-02
  -4.5511640e-02
  -4.4393960e-02
  -4.3151750e-02
  -4.1873560e-02
  -4.0164380e-02
  -3.8339640e-02
  -3.6803480e-02
  -3.5350330e-02
  -3.3807110e-02
  -3.2550700e-02
  -3.2098170e-02
  -3.1929800e-02
  -3.1805110e-02
  -3.1920580e-02
  -3.2487100e-02
  -3.3553480e-02
  -3.5186860e-02
  -3.7759880e-02
  -4.0672700e-02
  -4.3697590e-02
  -4.6202580e-02
  -4.7876200e-02
  -4.8496680e-02
  -4.7587350e-02
  -4.5685550e-02
  -4.2819180e-02
  -3.9719830e-02
  -3.6390300e-02
  -3.2965370e-02
  -2.9472830e-02
  -2.5908080e-02
  -2.2186470e-02
  -1.8051290e-02
  -1.4124540e-02
  -1.0235030e-02
  -6.7452050e-03
  -3.6412190e-03
  -1.1856840e-03
   4.9939210e-04
   1.0789740e-03
   1.1747820e-03
   6.3827870e-04
  -9.0225600e-05
  -9.6001770e-04
  -1.9832270e-03
  -3.0806760e-03
  -4.3248890e-03
  -5.8760030e-03
  -6.6968900e-03
  -7.2982530e-03
  -7.9102080e-03
  -8.2042730e-03
  -8.0428680e-03
  -8.2705420e-03
  -8.4500810e-03
  -8.6575150e-03
  -9.0476440e-03
  -9.3993420e-03
  -9.2196390e-03
  -8.6119320e-03
  -8.4331280e-03
  -8.8404260e-03
  -9.6671900e-03
  -1.0970990e-02
  -1.2352730e-02
  -1.3777790e-02
  -1.5166390e-02
  -1.6394800e-02
  -1.7120790e-02
  -1.8047920e-02
  -1.9556130e-02
  -2.1839400e-02
  -2.4485710e-02
  -2.7538670e-02
  -3.0683190e-02
  -3.3367670e-02
  -3.5352070e-02
  -3.6381090e-02
  -3.7422780e-02
  -3.7894350e-02
  -3.8054770e-02
  -3.7626510e-02
  -3.6856800e-02
  -3.5655510e-02
  -3.3817930e-02
  -3.1371180e-02
  -2.8581820e-02
  -2.5567700e-02
  -2.1858430e-02
  -1.7955540e-02
  -1.4404010e-02
  -1.0866250e-02
  -7.4051950e-03
  -4.1309750e-03
  -8.9035170e-04
   1.9785390e-03
   4.7325130e-03
   6.8400970e-03
   8.4847110e-03
   9.7423910e-03
   1.0517570e-02
   1.1258460e-02
   1.1807590e-02
   1.2222990e-02
   1.2609020e-02
   1.3698600e-02
   1.4596020e-02
   1.5305310e-02
   1.6734910e-02
   1.8711190e-02
   2.0216630e-02
   2.1402150e-02
   2.2592480e-02
   2.3790740e-02
   2.4343010e-02
   2.4484220e-02
   2.4823500e-02
   2.4842340e-02
   2.4466440e-02
   2.4050840e-02
   2.3541600e-02
   2.2835800e-02
   2.2384330e-02
   2.2159580e-02
   2.1955520e-02
   2.1683790e-02
   2.1263580e-02
   2.0905640e-02
   2.1571400e-02
   2.2598740e-02
   2.3660410e-02
   2.5028560e-02
   2.7222630e-02
   2.9694240e-02
   3.2010430e-02
   3.4820470e-02
   3.7474840e-02
   4.0359140e-02
   4.3596060e-02
   4.6671460e-02
   5.0062800e-02
   5.3187090e-02
   5.6371660e-02
   5.9699480e-02
   6.3153820e-02
   6.6667010e-02
   6.9721320e-02
   7.2183740e-02
   7.4721860e-02
   7.6502190e-02
   7.7670530e-02
   7.8688460e-02
   7.9876100e-02
   8.0998500e-02
   8.2078190e-02
   8.3324150e-02
   8.4502230e-02
   8.5418020e-02
   8.6324460e-02
   8.6694040e-02
   8.6890600e-02
   8.6918750e-02
   8.6906750e-02
   8.7030330e-02
   8.7335720e-02
   8.8018650e-02
   8.8715590e-02
   8.9325020e-02
   9.0232280e-02
   9.0718750e-02
   9.1045990e-02
   9.1309390e-02
   9.1487380e-02
   9.1484820e-02
   9.1000770e-02
   9.0023100e-02
   8.8554810e-02
   8.6731900e-02
   8.4766840e-02
   8.2767870e-02
   8.0917160e-02
   7.9356930e-02
   7.8226320e-02
   7.7460420e-02
   7.7572690e-02
   7.8234040e-02
   7.8679630e-02
   7.8968590e-02
   7.9043630e-02
   7.8721690e-02
   7.8069280e-02
   7.7628110e-02
   7.7447680e-02
   7.7518700e-02
   7.7743110e-02
   7.7707050e-02
   7.7314230e-02
   7.6424850e-02
   7.5242570e-02
   7.3793190e-02
   7.2323750e-02
   7.0792580e-02
   6.8972670e-02
   6.6942210e-02
   6.4831250e-02
   6.2599050e-02
   6.0073460e-02
   5.7902490e-02
   5.6290470e-02
   5.4963600e-02
   5.3673680e-02
   5.2892660e-02
   5.2254090e-02
   5.1751870e-02
   5.1325600e-02
   5.0718590e-02
   5.0045980e-02
   4.9375970e-02
   4.8633150e-02
   4.7986560e-02
   4.7524830e-02
   4.6760030e-02
   4.6081480e-02
   4.5389800e-02
   4.4395250e-02
   4.3241810e-02
   4.1587790e-02
   3.9891220e-02
   3.8285120e-02
   3.6845570e-02
   3.5227510e-02
   3.3430490e-02
   3.1627590e-02
   2.9892320e-02
   2.7771350e-02
   2.5392040e-02
   2.2997550e-02
   2.0453760e-02
   1.7871970e-02
   1.5076720e-02
   1.2203890e-02
   9.3898830e-03
   6.7891250e-03
   4.2960370e-03
   1.9400970e-03
  -2.3418260e-06
  -2.2665490e-03
  -3.9529770e-03
  -5.2852360e-03
  -6.1799600e-03
  -6.8434250e-03
  -7.0104910e-03
  -6.2339500e-03
  -5.5678750e-03
  -5.3559370e-03
  -5.0231670e-03
  -4.9430080e-03
  -5.0641250e-03
  -5.1418840e-03
  -5.1768160e-03
  -4.9636990e-03
  -4.6252950e-03
  -4.1079580e-03
  -3.5954190e-03
  -2.8128320e-03
  -1.8966010e-03
  -1.2900030e-03
  -8.4289050e-04
  -6.3622000e-04
  -1.2015190e-03
  -2.2770010e-03
  -3.9682010e-03
  -5.7914830e-03
  -7.5244090e-03
  -9.6412520e-03
  -1.1655020e-02
  -1.3439500e-02
  -1.5568930e-02
  -1.7565980e-02
  -1.9190030e-02
  -2.1102130e-02
  -2.3091420e-02
  -2.5008960e-02
  -2.7002720e-02
  -2.9400610e-02
  -3.1942610e-02
  -3.4838170e-02
  -3.8107740e-02
  -4.1424770e-02
  -4.4334070e-02
  -4.7170660e-02
  -4.9874860e-02
  -5.2490820e-02
  -5.5182460e-02
  -5.7798550e-02
  -6.0188610e-02
  -6.2440280e-02
  -6.4457630e-02
  -6.6042010e-02
  -6.7326150e-02
  -6.8667330e-02
  -7.0260830e-02
  -7.1883140e-02
  -7.3649500e-02
  -7.5458190e-02
  -7.6577250e-02
  -7.8235890e-02
  -8.0146480e-02
  -8.1112230e-02
  -8.1377220e-02
  -8.1593500e-02
  -8.1380400e-02
  -8.0243010e-02
  -7.8400520e-02
  -7.6760940e-02
  -7.5280230e-02
  -7.4147700e-02
  -7.3376750e-02
  -7.3060810e-02
  -7.2999770e-02
  -7.2884030e-02
  -7.2697110e-02
  -7.2259400e-02
  -7.1744940e-02
  -7.1137460e-02
  -7.0102140e-02
  -6.9632850e-02
  -6.9455750e-02
  -6.9420940e-02
  -7.0045950e-02
  -7.1142200e-02
  -7.2420380e-02
  -7.3028060e-02
  -7.3354040e-02
  -7.3374250e-02
  -7.2942370e-02
  -7.2081630e-02
  -7.0995760e-02
  -7.0068550e-02
  -6.9035200e-02
  -6.7697920e-02
  -6.6156550e-02
  -6.4777320e-02
  -6.3956520e-02
  -6.3309910e-02
  -6.2617470e-02
  -6.1779380e-02
  -6.0796690e-02
  -5.9382720e-02
  -5.7873530e-02
  -5.7385860e-02
  -5.7354270e-02
  -5.6736880e-02
  -5.5882210e-02
  -5.4905180e-02
  -5.4117270e-02
  -5.3124690e-02
  -5.2056030e-02
  -5.0912940e-02
  -4.9751830e-02
  -4.8457780e-02
  -4.6952160e-02
  -4.5710680e-02
  -4.4751550e-02
  -4.3945540e-02
  -4.3033280e-02
  -4.2127810e-02
  -4.1133530e-02
  -3.9558340e-02
  -3.7851470e-02
  -3.6499240e-02
  -3.5100770e-02
  -3.3397520e-02
  -3.1361790e-02
  -2.9206510e-02
  -2.7073790e-02
  -2.4625370e-02
  -2.2826560e-02
  -2.1604030e-02
  -2.0400320e-02
  -1.9352350e-02
  -1.8003200e-02
  -1.6244650e-02
  -1.4909890e-02
  -1.3831690e-02
  -1.2731910e-02
  -1.2618140e-02
  -1.2955260e-02
  -1.3120980e-02
  -1.3071760e-02
  -1.2823270e-02
  -1.1837930e-02
  -9.8439140e-03
  -7.2580570e-03
  -4.2229780e-03
  -1.1019030e-03
   1.8867980e-03
   4.7551540e-03
   7.4400090e-03
   9.8860770e-03
   1.1950780e-02
   1.3674660e-02
   1.5368660e-02
   1.7029300e-02
   1.8481720e-02
   1.9478540e-02
   1.9682800e-02
   1.9322990e-02
   1.8927260e-02
   1.8174860e-02
   1.7702820e-02
   1.7385870e-02
   1.7329800e-02
   1.7081960e-02
   1.7340160e-02
   1.7613320e-02
   1.7908530e-02
   1.8019510e-02
   1.8241550e-02
   1.8231750e-02
   1.7718070e-02
   1.7242820e-02
   1.6800570e-02
   1.6889960e-02
   1.7149200e-02
   1.7210720e-02
   1.7075080e-02
   1.7097360e-02
   1.7747960e-02
   1.8551690e-02
   1.9221590e-02
   1.9955110e-02
   2.0681810e-02
   2.1181040e-02
   2.1348320e-02
   2.1184290e-02
   2.0861910e-02
   2.0200950e-02
   1.9281500e-02
   1.8368630e-02
   1.7448050e-02
   1.6479110e-02
   1.5614320e-02
   1.5018100e-02
   1.4634560e-02
   1.4103220e-02
   1.3413970e-02
   1.2820850e-02
   1.2684800e-02
   1.2879100e-02
   1.3167370e-02
   1.3749300e-02
   1.4675540e-02
   1.5529100e-02
   1.6570160e-02
   1.7468070e-02
   1.8484120e-02
   1.9580760e-02
   2.0701150e-02
   2.2130440e-02
   2.3757920e-02
   2.5742110e-02
   2.7389730e-02
   2.9017930e-02
   3.1077420e-02
   3.3008700e-02
   3.5031050e-02
   3.6916370e-02
   3.9441160e-02
   4.1715150e-02
   4.3298750e-02
   4.4466490e-02
   4.5610210e-02
   4.6357790e-02
   4.7086010e-02
   4.7502570e-02
   4.7705080e-02
   4.8049970e-02
   4.8808560e-02
   4.9499420e-02
   5.0232110e-02
   5.1136390e-02
   5.1697180e-02
   5.1987180e-02
   5.2569840e-02
   5.3247210e-02
   5.3246300e-02
   5.3383210e-02
   5.3719530e-02
   5.3754410e-02
   5.3170540e-02
   5.2169540e-02
   5.0784010e-02
   4.9247970e-02
   4.7603430e-02
   4.5712030e-02
   4.3512000e-02
   4.1013780e-02
   3.8322960e-02
   3.5461720e-02
   3.2520620e-02
   2.9785690e-02
   2.7713160e-02
   2.5970730e-02
   2.4630910e-02
   2.4256020e-02
   2.3628830e-02
   2.2948690e-02
   2.2752350e-02
   2.2529550e-02
   2.2012080e-02
   2.1622390e-02
   2.2136220e-02
   2.3013090e-02
   2.3797280e-02
   2.4409760e-02
   2.4776410e-02
   2.4777980e-02
   2.4096940e-02
   2.2716330e-02
   2.0785510e-02
   1.8397200e-02
   1.6015990e-02
   1.3573070e-02
   1.1575930e-02
   9.5856000e-03
   7.4360110e-03
   5.7420050e-03
   4.7500810e-03
   3.8396730e-03
   2.8729500e-03
   2.1199310e-03
   1.4717940e-03
   7.8675450e-04
  -6.2646310e-04
  -2.6070680e-03
  -4.3561210e-03
  -6.2259530e-03
  -7.8015400e-03
  -8.8273650e-03
  -9.4154410e-03
  -9.3989900e-03
  -9.6560890e-03
  -9.6286120e-03
  -9.6819720e-03
  -9.6574610e-03
  -9.8389740e-03
  -1.0116580e-02
  -9.9752850e-03
  -9.9331460e-03
  -1.0032320e-02
  -1.0241410e-02
  -1.0273240e-02
  -1.0306710e-02
  -1.0451350e-02
  -1.0862740e-02
  -1.1298400e-02
  -1.1599350e-02
  -1.1909370e-02
  -1.2329750e-02
  -1.2824270e-02
  -1.3433820e-02
  -1.3974720e-02
  -1.4297330e-02
  -1.4398830e-02
  -1.3986470e-02
  -1.3250770e-02
  -1.2269340e-02
  -1.0928860e-02
  -9.7168650e-03
  -8.9040100e-03
  -8.0153790e-03
  -6.5791440e-03
  -4.3530380e-03
  -1.9499590e-03
   5.4176910e-04
   3.1711820e-03
   5.6085570e-03
   7.5617950e-03
   9.2193240e-03
   1.0725890e-02
   1.1907530e-02
   1.2869940e-02
   1.3236440e-02
   1.2940180e-02
   1.2446770e-02
   1.1707730e-02
   1.0804130e-02
   1.0373980e-02
   1.0239970e-02
   9.9539390e-03
   9.8756100e-03
   1.0256760e-02
   1.1094210e-02
   1.2274710e-02
   1.3718740e-02
   1.5015070e-02
   1.6169220e-02
   1.7268010e-02
   1.8180270e-02
   1.8869550e-02
   1.8951300e-02
   1.8155640e-02
   1.6936290e-02
   1.4776690e-02
   1.2213360e-02
   9.6118260e-03
   7.1069690e-03
   5.6503950e-03
   4.5214360e-03
   3.2874150e-03
   2.1966730e-03
   1.2179420e-03
  -2.0184280e-04
  -1.9904140e-03
  -3.8231190e-03
  -6.1980990e-03
  -8.6311090e-03
  -1.1169860e-02
  -1.3235930e-02
  -1.4612580e-02
  -1.5857130e-02
  -1.6368570e-02
  -1.5934240e-02
  -1.4715860e-02
  -1.2812180e-02
  -1.0884590e-02
  -9.5147520e-03
  -8.0595770e-03
  -6.5478770e-03
  -5.3601630e-03
  -4.1069620e-03
  -2.8635410e-03
  -1.7202340e-03
  -9.7787170e-04
  -7.3363370e-04
  -1.0582240e-03
  -1.6176570e-03
  -2.3760490e-03
  -3.7885060e-03
  -5.1282290e-03
  -6.9185370e-03
  -8.4519550e-03
  -9.8831910e-03
  -1.1299750e-02
  -1.2383780e-02
  -1.3514870e-02
  -1.4750290e-02
  -1.5340380e-02
  -1.5809150e-02
  -1.6478010e-02
  -1.7167510e-02
  -1.7870560e-02
  -1.8578510e-02
  -1.9640530e-02
  -2.0647800e-02
  -2.1418590e-02
  -2.1797060e-02
  -2.1983900e-02
  -2.1838360e-02
  -2.1207970e-02
  -2.0423930e-02
  -1.9441200e-02
  -1.8656420e-02
  -1.7973590e-02
  -1.7553170e-02
  -1.7561590e-02
  -1.7961940e-02
  -1.8119750e-02
  -1.8638470e-02
  -1.9265410e-02
  -2.0120570e-02
  -2.0773950e-02
  -2.1173190e-02
  -2.1372260e-02
  -2.1550250e-02
  -2.1726470e-02
  -2.1688330e-02
  -2.1099240e-02
  -1.9800740e-02
  -1.8737180e-02
  -1.7574350e-02
  -1.5943030e-02
  -1.4477390e-02
  -1.2679670e-02
  -1.0152990e-02
  -8.3068680e-03
  -7.2546570e-03
  -6.3025020e-03
  -5.9836420e-03
  -6.2907290e-03
  -6.4744640e-03
  -6.2892750e-03
  -6.2368010e-03
  -6.5894770e-03
  -6.9051900e-03
  -6.9651730e-03
  -6.7103370e-03
  -6.3633450e-03
  -6.4673380e-03
  -6.8988870e-03
  -7.7738620e-03
  -9.0014400e-03
  -1.0373190e-02
  -1.1850880e-02
  -1.2368370e-02
  -1.3367730e-02
  -1.4886250e-02
  -1.5629680e-02
  -1.6384820e-02
  -1.7603770e-02
  -1.8606200e-02
  -1.9494610e-02
  -1.9560690e-02
  -1.9533690e-02
  -1.9519660e-02
  -1.9197420e-02
  -1.8835020e-02
  -1.8216470e-02
  -1.8057870e-02
  -1.8265110e-02
  -1.8237280e-02
  -1.7974800e-02
  -1.7738880e-02
  -1.7117580e-02
  -1.6586950e-02
  -1.6324840e-02
  -1.5847280e-02
  -1.4553710e-02
  -1.3238760e-02
  -1.2091180e-02
  -1.0876200e-02
  -9.4506920e-03
  -7.8381700e-03
  -6.3339700e-03
  -4.5309160e-03
  -2.8776310e-03
  -1.6975800e-03
  -1.0685630e-03
  -1.0759620e-03
  -1.0633090e-03
  -1.3990700e-03
  -2.0198080e-03
  -2.5751190e-03
  -2.8015760e-03
  -2.6380920e-03
  -2.6303060e-03
  -2.4391550e-03
  -1.5364520e-03
  -4.9284550e-04
   1.7920010e-04
   5.4311200e-04
   7.3099110e-04
   7.7900370e-04
   9.8568550e-04
   1.7492300e-03
   2.6947570e-03
   3.5265120e-03
   3.8955430e-03
   4.4135690e-03
   5.4490010e-03
   6.5697980e-03
   8.1367800e-03
   9.4111280e-03
   1.0806830e-02
   1.2174860e-02
   1.3144560e-02
   1.4934870e-02
   1.7267740e-02
   1.9410640e-02
   2.1166470e-02
   2.2398900e-02
   2.3373340e-02
   2.4036340e-02
   2.4232200e-02
   2.4282900e-02
   2.4290990e-02
   2.4096640e-02
   2.3629110e-02
   2.2923770e-02
   2.2173710e-02
   2.2010530e-02
   2.2039390e-02
   2.2082810e-02
   2.2098790e-02
   2.1833340e-02
   2.1185820e-02
   2.0680140e-02
   2.0317410e-02
   1.9967690e-02
   1.9436720e-02
   1.8832630e-02
   1.8697880e-02
   1.8142810e-02
   1.7569380e-02
   1.7383420e-02
   1.7583810e-02
   1.8295790e-02
   1.9047210e-02
   1.9514600e-02
   1.9725830e-02
   1.9933820e-02
   2.0096610e-02
   2.0543520e-02
   2.1130880e-02
   2.1837020e-02
   2.2142340e-02
   2.2364120e-02
   2.2772850e-02
   2.3006210e-02
   2.3430170e-02
   2.3060470e-02
   2.2354590e-02
   2.1015320e-02
   1.9336480e-02
   1.7380980e-02
   1.5335870e-02
   1.3644840e-02
   1.1910360e-02
   1.0676860e-02
   9.9943190e-03
   9.5909030e-03
   9.6909300e-03
   1.0067830e-02
   1.0677360e-02
   1.1477320e-02
   1.1872210e-02
   1.2298510e-02
   1.3820600e-02
   1.5394020e-02
   1.6579770e-02
   1.7845070e-02
   1.9182070e-02
   2.0177360e-02
   2.1449510e-02
   2.2349100e-02
   2.2878310e-02
   2.3374360e-02
   2.3734850e-02
   2.3799520e-02
   2.3502980e-02
   2.2433570e-02
   2.0597480e-02
   1.8637260e-02
   1.6199230e-02
   1.3647110e-02
   1.0932280e-02
   8.3506810e-03
   6.2279820e-03
   4.4426660e-03
   2.7502770e-03
   1.2097970e-03
  -2.4392530e-04
  -1.7168780e-03
  -3.3583950e-03
  -5.2583680e-03
  -7.3191250e-03
  -9.4208370e-03
  -1.1273290e-02
  -1.2418850e-02
  -1.3166940e-02
  -1.3448430e-02
  -1.3422760e-02
  -1.2887580e-02
  -1.1782380e-02
  -1.0443030e-02
  -9.2201660e-03
  -8.2473200e-03
  -7.3830090e-03
  -6.7281520e-03
  -6.5268860e-03
  -6.4823820e-03
  -6.3412550e-03
  -6.1860760e-03
  -6.0886670e-03
  -5.8206330e-03
  -5.8494130e-03
  -6.3674850e-03
  -7.2505170e-03
  -8.3234760e-03
  -9.8739870e-03
  -1.1806510e-02
  -1.3770230e-02
  -1.5296580e-02
  -1.6453200e-02
  -1.6870510e-02
  -1.7271860e-02
  -1.7764050e-02
  -1.7890500e-02
  -1.7947360e-02
  -1.8379710e-02
  -1.9167240e-02
  -1.9839120e-02
  -2.0398070e-02
  -2.0990050e-02
  -2.1441860e-02
  -2.1655930e-02
  -2.1507980e-02
  -2.1226200e-02
  -2.0773880e-02
  -2.0438590e-02
  -2.0095720e-02
  -1.9709370e-02
  -1.9181200e-02
  -1.8249960e-02
  -1.6409690e-02
  -1.4445380e-02
  -1.2897850e-02
  -1.0792180e-02
  -8.6321450e-03
  -6.5138890e-03
  -4.4843820e-03
  -2.1113630e-03
  -4.4482220e-05
   1.5060880e-03
   2.4478750e-03
   2.8506130e-03
   2.9416280e-03
   2.8428410e-03
   2.3361660e-03
   1.5623980e-03
   3.1421260e-04
  -1.1095630e-03
  -2.5739560e-03
  -3.8919230e-03
  -5.2822600e-03
  -7.3023280e-03
  -9.0572350e-03
  -1.0248000e-02
  -1.0811130e-02
  -1.1057590e-02
  -1.1103470e-02
  -1.0818660e-02
  -1.0614480e-02
  -1.0640140e-02
  -1.0545140e-02
  -9.7887480e-03
  -8.6613860e-03
  -7.0865460e-03
  -5.2613840e-03
  -3.4118910e-03
  -1.4195580e-03
   4.8913890e-04
   2.4333920e-03
   4.3312710e-03
   5.6069000e-03
   5.8539250e-03
   5.5506790e-03
   5.3698660e-03
   5.1100320e-03
   4.5878660e-03
   4.3130100e-03
   4.4042100e-03
   4.8026970e-03
   5.0747000e-03
   5.1035750e-03
   4.9652890e-03
   4.6634680e-03
   3.9243520e-03
   3.7138370e-03
   3.8252000e-03
   3.8647860e-03
   4.3042680e-03
   4.8935780e-03
   5.9094860e-03
   7.0141080e-03
   7.5630440e-03
   7.5630670e-03
   7.3235780e-03
   6.8213890e-03
   5.9878470e-03
   5.2342810e-03
   4.6981600e-03
   4.6407790e-03
   4.7980910e-03
   4.9635750e-03
   5.5853860e-03
   6.3644490e-03
   7.2385650e-03
   7.8876820e-03
   8.2139920e-03
   8.1328510e-03
   7.8560370e-03
   7.0112240e-03
   5.9331910e-03
   4.8573040e-03
   3.0557330e-03
   1.1614010e-03
  -5.0851070e-04
  -2.4294840e-03
  -4.2957170e-03
  -5.6011470e-03
  -5.9398510e-03
  -5.9209140e-03
  -5.7379430e-03
  -5.4455650e-03
  -5.3693220e-03
  -5.3796790e-03
  -5.5568980e-03
  -6.0514060e-03
  -6.6555280e-03
  -6.9598910e-03
  -7.2131190e-03
  -7.6973540e-03
  -7.6228060e-03
  -6.6679970e-03
  -5.7479580e-03
  -4.5628290e-03
  -2.5914780e-03
  -6.6049530e-04
   1.1446170e-03
   2.9318250e-03
   4.7463920e-03
   6.5997420e-03
   8.4001460e-03
   9.9610660e-03
   1.1517400e-02
   1.2697750e-02
   1.3355280e-02
   1.3613560e-02
   1.3475890e-02
   1.2812290e-02
   1.2032670e-02
   1.1076970e-02
   9.7275010e-03
   8.8267050e-03
   8.1777150e-03
   7.9329650e-03
   8.3564840e-03
   8.7750830e-03
   8.9799880e-03
   9.5064730e-03
   1.0251930e-02
   1.1167690e-02
   1.2192210e-02
   1.3192410e-02
   1.4140390e-02
   1.4653600e-02
   1.4944570e-02
   1.5068640e-02
   1.5075630e-02
   1.5125390e-02
   1.5138530e-02
   1.5123280e-02
   1.5200110e-02
   1.5616600e-02
   1.6108710e-02
   1.6530080e-02
   1.7404190e-02
   1.8715220e-02
   1.9601040e-02
   2.0124990e-02
   2.0639190e-02
   2.1154480e-02
   2.1442020e-02
   2.1635880e-02
   2.1567460e-02
   2.1395180e-02
   2.0761050e-02
   2.0010810e-02
   1.9277530e-02
   1.8437370e-02
   1.7500800e-02
   1.6300230e-02
   1.5126840e-02
   1.3916480e-02
   1.2375240e-02
   1.0688180e-02
   9.3867190e-03
   8.1160480e-03
   6.5823360e-03
   5.0708080e-03
   3.7666660e-03
   2.5059540e-03
   1.5849960e-03
   7.7201920e-04
   1.7739500e-05
  -2.6527420e-04
  -8.5670160e-04
  -1.7691570e-03
  -2.4514860e-03
  -3.1180300e-03
  -3.7834900e-03
  -4.2295060e-03
  -4.3152930e-03
  -4.3682300e-03
  -5.0435540e-03
  -5.5818030e-03
  -5.6586440e-03
  -5.4624540e-03
  -5.2924120e-03
  -4.6597580e-03
  -3.8383290e-03
  -3.2533080e-03
  -2.7991700e-03
  -1.9664470e-03
  -9.2290070e-04
   2.5247330e-04
   1.3768290e-03
   1.9729030e-03
   2.4128130e-03
   2.7565210e-03
   3.4772150e-03
   4.1169800e-03
   4.6787800e-03
   5.6300470e-03
   5.5693890e-03
   5.1185470e-03
   5.2453080e-03
   5.3592820e-03
   4.8877800e-03
   3.9500320e-03
   2.7581370e-03
   1.3767260e-03
  -2.8353570e-04
  -1.9268050e-03
  -3.5757340e-03
  -4.9159810e-03
  -6.2662790e-03
  -7.5384540e-03
  -8.7026630e-03
  -9.7418090e-03
  -1.0905570e-02
  -1.1308050e-02
  -1.0991650e-02
  -1.0555580e-02
  -1.0274780e-02
  -1.0058590e-02
  -9.2320630e-03
  -8.1241540e-03
  -6.7684390e-03
  -5.0291570e-03
  -3.1558150e-03
  -1.2491140e-03
   1.9536120e-04
   1.4482040e-03
   2.4476600e-03
   2.8463450e-03
   2.8810560e-03
   3.2831980e-03
   3.5287330e-03
   3.3018070e-03
   3.1656560e-03
   2.9699710e-03
   3.0815690e-03
   3.6127060e-03
   3.5152700e-03
   3.3146090e-03
   3.1465150e-03
   2.8830870e-03
   2.1051410e-03
   1.6840740e-03
   1.3414850e-03
   7.9561650e-04
   1.6218200e-04
  -5.8983470e-04
  -1.3841070e-03
  -2.2208400e-03
  -2.4271830e-03
  -2.5328090e-03
  -2.4746910e-03
  -2.6107590e-03
  -2.8192670e-03
  -3.1880840e-03
  -3.4013050e-03
  -3.1406640e-03
  -3.1682030e-03
  -2.9923080e-03
  -2.3973050e-03
  -2.0039220e-03
  -2.0382940e-03
  -2.3661890e-03
  -2.4595940e-03
  -2.6865850e-03
  -3.1185750e-03
  -3.4185390e-03
  -3.8023150e-03
  -4.4380320e-03
  -5.2265470e-03
  -6.0660450e-03
  -6.3999730e-03
  -6.4926390e-03
  -5.8347930e-03
  -5.0561110e-03
  -4.2203530e-03
  -3.3585260e-03
  -3.0086440e-03
  -2.8559640e-03
  -2.2739800e-03
  -2.0853950e-03
  -2.6110520e-03
  -3.4502720e-03
  -4.4313870e-03
  -4.8526460e-03
  -4.9307250e-03
  -4.5337540e-03
  -3.8424530e-03
  -3.1837270e-03
  -2.8747320e-03
  -2.7449480e-03
  -2.5801090e-03
  -2.4935240e-03
  -2.5232490e-03
  -2.9189770e-03
  -3.6238950e-03
  -4.7413160e-03
  -6.2659560e-03
  -7.7789080e-03
  -8.2127300e-03
  -8.4758490e-03
  -9.0410740e-03
  -9.7729500e-03
  -1.0680650e-02
  -1.1793520e-02
  -1.3118910e-02
  -1.4294490e-02
  -1.5379460e-02
  -1.6553270e-02
  -1.7820310e-02
  -1.8747870e-02
  -1.9168520e-02
  -1.9046690e-02
  -1.8626250e-02
  -1.8183630e-02
  -1.7848160e-02
  -1.7546240e-02
  -1.7333010e-02
  -1.7339170e-02
  -1.6416230e-02
  -1.5409050e-02
  -1.4434380e-02
  -1.3664080e-02
  -1.2948740e-02
  -1.2215200e-02
  -1.1416510e-02
  -1.0134400e-02
  -8.6214750e-03
  -7.3133510e-03
  -6.2566460e-03
  -5.3410040e-03
  -4.3791500e-03
  -3.8798240e-03
  -3.0717910e-03
  -2.2672510e-03
  -1.7606290e-03
  -1.3078980e-03
  -1.0189170e-03
  -6.4523470e-04
  -2.1434460e-04
   2.0217530e-04
  -1.5783330e-04
  -8.2361390e-04
  -1.5683580e-03
  -2.4720000e-03
  -3.6458700e-03
  -4.4163860e-03
  -4.8083070e-03
  -5.3466810e-03
  -5.8224190e-03
  -5.5419620e-03
  -5.2187020e-03
  -4.6726060e-03
  -3.9463450e-03
  -3.0866850e-03
  -2.1709650e-03
  -1.0714970e-03
  -4.1174090e-04
   9.7344410e-05
   9.3553770e-04
   1.7949600e-03
   1.9133410e-03
   1.9290140e-03
   2.0815220e-03
   2.2488270e-03
   2.0617030e-03
   1.7237320e-03
   1.6158220e-03
   1.4233640e-03
   1.5636920e-03
   1.7725990e-03
   2.0106610e-03
   2.1191110e-03
   2.0287210e-03
   1.9828140e-03
   1.9732790e-03
   2.3577560e-03
   2.5037030e-03
   2.3691530e-03
   2.5739720e-03
   2.7760910e-03
   2.3404680e-03
   1.8670230e-03
   1.3504650e-03
   7.7700680e-04
   2.5213240e-04
  -1.4574570e-04
  -3.4967300e-04
  -2.0877310e-04
  -2.3657720e-04
  -3.7575140e-04
  -6.7766410e-04
  -1.2887330e-03
  -1.8848330e-03
  -2.4740270e-03
  -2.7790720e-03
  -2.1062210e-03
  -1.5812960e-03
  -1.5368180e-03
  -1.4585930e-03
  -1.6715210e-03
  -2.7345880e-03
  -4.1074560e-03
  -5.4884350e-03
  -6.8504240e-03
  -8.2377480e-03
  -9.4101360e-03
  -1.0254520e-02
  -1.0814930e-02
  -1.1165970e-02
  -1.1368570e-02
  -1.1533530e-02
  -1.1417810e-02
  -1.1247700e-02
  -1.0975890e-02
  -1.0028500e-02
  -8.8445930e-03
  -7.9559250e-03
  -7.3657020e-03
  -6.9369560e-03
  -6.9232190e-03
  -7.0029840e-03
  -7.4851930e-03
  -7.5802260e-03
  -7.4683510e-03
  -7.1780540e-03
  -6.0770010e-03
  -4.9311210e-03
  -3.7951030e-03
  -2.8801200e-03
  -2.3127250e-03
  -1.9091590e-03
  -1.9552200e-03
  -2.1938630e-03
  -2.6502280e-03
  -3.4597350e-03
  -4.1153620e-03
  -4.8168560e-03
  -5.1358400e-03
  -4.8824800e-03
  -4.7797110e-03
  -5.1777480e-03
  -5.5691000e-03
  -6.1100470e-03
  -6.7098190e-03
  -7.0992390e-03
  -7.3778320e-03
  -7.3384770e-03
  -7.1433160e-03
  -6.7813470e-03
  -6.1662880e-03
  -5.5717920e-03
  -5.0492820e-03
  -4.5532490e-03
  -4.3042170e-03
  -3.8831590e-03
  -3.6427660e-03
  -3.2560410e-03
  -2.6863150e-03
  -1.8316920e-03
  -1.0513380e-03
  -1.1006350e-03
  -1.5928260e-03
  -1.8928460e-03
  -2.2157890e-03
  -2.8550730e-03
  -3.5683860e-03
  -4.3756000e-03
  -5.0327630e-03
  -5.7884550e-03
  -6.2373780e-03
  -6.3563390e-03
  -6.3390510e-03
  -6.4405880e-03
  -6.6250190e-03
  -6.2019910e-03
  -5.7173400e-03
  -5.2726560e-03
  -5.0023300e-03
  -4.5800780e-03
  -4.1036140e-03
  -4.0305500e-03
  -3.9025730e-03
  -3.8107200e-03
  -4.2491780e-03
  -5.1047330e-03
  -6.4414980e-03
  -7.7250720e-03
  -9.2598090e-03
  -1.0888620e-02
  -1.2440980e-02
  -1.3687840e-02
  -1.4955910e-02
  -1.6296350e-02
  -1.7479690e-02
  -1.8101760e-02
  -1.8166900e-02
  -1.8781970e-02
  -1.9300980e-02
  -1.9350930e-02
  -1.9419860e-02
  -1.9650690e-02
  -1.9791930e-02
  -1.9706540e-02
  -1.9369210e-02
  -1.9094510e-02
  -1.8878540e-02
  -1.8857310e-02
  -1.8747360e-02
  -1.8437420e-02
  -1.8008970e-02
  -1.7473370e-02
  -1.6579550e-02
  -1.5552230e-02
  -1.4851230e-02
  -1.3593200e-02
  -1.2435010e-02
  -1.1427970e-02
  -1.0507500e-02
  -9.6342600e-03
  -9.0613640e-03
  -9.3227980e-03
  -9.7284950e-03
  -9.9385080e-03
  -1.0028100e-02
  -1.0499630e-02
  -1.1050830e-02
  -1.1299720e-02
  -1.1604060e-02
  -1.2087110e-02
  -1.2461860e-02
  -1.2571460e-02
  -1.2469300e-02
  -1.2136990e-02
  -1.1190200e-02
  -9.6998620e-03
  -7.6980170e-03
  -5.7546650e-03
  -4.0137400e-03
  -2.2246020e-03
  -9.0641920e-04
   1.6647740e-04
   1.1673470e-03
   1.8625710e-03
   2.2854220e-03
   2.8871820e-03
   3.3815520e-03
   4.3103300e-03
   5.3058500e-03
   6.2281290e-03
   7.1251520e-03
   7.4454370e-03
   7.2570190e-03
   6.7697750e-03
   5.9070950e-03
   4.8341800e-03
   3.5067500e-03
   1.6741170e-03
  -3.8256530e-05
  -1.5018140e-03
  -2.4084090e-03
  -3.2899130e-03
  -4.1012260e-03
  -4.6337780e-03
  -5.2157900e-03
  -5.7153800e-03
  -5.5182360e-03
  -5.4380690e-03
  -5.4809820e-03
  -5.4022530e-03
  -5.7845840e-03
  -6.1758410e-03
  -6.6681020e-03
  -7.0092040e-03
  -6.3665380e-03
  -5.0648110e-03
  -3.6097730e-03
  -2.3254890e-03
  -1.1664170e-03
   2.4281060e-04
   1.8171610e-03
   3.1757600e-03
   4.3196080e-03
   5.3133660e-03
   6.1460330e-03
   6.7250550e-03
   7.0510670e-03
   7.1028300e-03
   7.1650390e-03
   7.1038060e-03
   7.4137960e-03
   8.0763870e-03
   9.1190670e-03
   1.0409330e-02
   1.1849750e-02
   1.3033210e-02
   1.4751130e-02
   1.5969790e-02
   1.6379600e-02
   1.7364650e-02
   1.8506810e-02
   1.9140770e-02
   1.9173010e-02
   1.9399840e-02
   1.9641770e-02
   1.9351400e-02
   1.8659920e-02
   1.7828120e-02
   1.7074500e-02
   1.6112210e-02
   1.5066340e-02
   1.4343980e-02
   1.3959610e-02
   1.3742420e-02
   1.3770600e-02
   1.3985390e-02
   1.4638780e-02
   1.5241890e-02
   1.5641050e-02
   1.6143900e-02
   1.6249780e-02
   1.6216650e-02
   1.6108760e-02
   1.6244050e-02
   1.6380910e-02
   1.6211720e-02
   1.6244040e-02
   1.6146940e-02
   1.6447920e-02
   1.6548500e-02
   1.6093140e-02
   1.5462540e-02
   1.4478980e-02
   1.2861750e-02
   1.1476720e-02
   1.0178020e-02
   9.1056960e-03
   7.5274490e-03
   6.2727450e-03
   5.8519550e-03
   5.8580550e-03
   6.2730260e-03
   7.3872480e-03
   9.4543370e-03
   1.1700330e-02
   1.3745850e-02
   1.5911490e-02
   1.7688680e-02
   1.9309240e-02
   2.0762620e-02
   2.1342870e-02
   2.1807160e-02
   2.1803240e-02
   2.1784420e-02
   2.1704840e-02
   2.1261540e-02
   2.0718520e-02
   1.9729280e-02
   1.8839000e-02
   1.8260750e-02
   1.7608350e-02
   1.6747620e-02
   1.6138530e-02
   1.5284540e-02
   1.3871740e-02
   1.1999830e-02
   1.0333860e-02
   8.1947310e-03
   5.9035120e-03
   3.9122960e-03
   1.9853720e-03
   2.7529440e-04
  -9.0861180e-04
  -1.9043520e-03
  -2.1992470e-03
  -2.0883900e-03
  -1.2065510e-03
  -4.1286580e-04
   6.6311420e-04
   2.3068720e-03
   3.8493420e-03
   4.9228040e-03
   5.5691260e-03
   6.1325460e-03
   6.4337480e-03
   6.4910440e-03
   6.1886600e-03
   6.4392400e-03
   7.2221720e-03
   7.8950770e-03
   8.2089330e-03
   8.9341120e-03
   9.6064620e-03
   9.7863590e-03
   9.5541300e-03
   9.6609970e-03
   9.7921040e-03
   1.0039930e-02
   1.0139480e-02
   1.0369480e-02
   1.0544680e-02
   1.0258290e-02
   9.9328810e-03
   9.8315010e-03
   9.9303730e-03
   9.9564070e-03
   1.0047560e-02
   1.0454130e-02
   1.1379590e-02
   1.2533990e-02
   1.4071340e-02
   1.5387800e-02
   1.6406100e-02
   1.7270950e-02
   1.8055010e-02
   1.8863100e-02
   1.9576000e-02
   1.9897630e-02
   2.0136040e-02
   2.0314800e-02
   2.0078490e-02
   1.9461000e-02
   1.8673500e-02
   1.7937620e-02
   1.7264490e-02
   1.6723110e-02
   1.6406210e-02
   1.6172490e-02
   1.6046980e-02
   1.5796500e-02
   1.5261030e-02
   1.4573420e-02
   1.3612790e-02
   1.2315050e-02
   1.0744300e-02
   9.2006700e-03
   7.7635900e-03
   6.1885740e-03
   4.6709240e-03
   4.0507440e-03
   3.4954810e-03
   2.8448330e-03
   2.5145420e-03
   2.7247710e-03
   2.9343030e-03
   3.0399550e-03
   3.2314550e-03
   3.7150170e-03
   4.4581600e-03
   4.9173990e-03
   5.0887780e-03
   5.5203580e-03
   5.6299030e-03
   5.4134920e-03
   4.8826950e-03
   4.2641340e-03
   3.6611500e-03
   2.7912870e-03
   1.8331220e-03
   1.5872840e-03
   1.6777760e-03
   1.7407200e-03
   2.2736970e-03
   2.8334630e-03
   3.8200360e-03
   4.8243440e-03
   5.5432770e-03
   6.1642900e-03
   6.7011280e-03
   6.9583640e-03
   6.9457880e-03
   6.7753530e-03
   6.5783820e-03
   6.3532750e-03
   6.1370980e-03
   6.2508170e-03
   6.8606060e-03
   7.0298520e-03
   7.3152770e-03
   8.1112900e-03
   8.7176410e-03
   8.8543910e-03
   8.7669250e-03
   8.7429750e-03
   9.0061460e-03
   9.1033880e-03
   9.2637870e-03
   9.5174750e-03
   9.7608610e-03
   9.9995110e-03
   1.0255110e-02
   1.0545400e-02
   1.0736990e-02
   1.1056380e-02
   1.1192630e-02
   1.1074430e-02
   1.1763360e-02
   1.2056510e-02
   1.1695440e-02
   1.1847970e-02
   1.1819830e-02
   1.1362950e-02
   1.0287350e-02
   9.3647050e-03
   8.1944530e-03
   6.4392210e-03
   4.4827400e-03
   2.7015030e-03
   6.4595100e-04
  -1.4510150e-03
  -3.6310170e-03
  -5.2816280e-03
  -6.7066840e-03
  -7.8197680e-03
  -8.4943170e-03
  -8.9153270e-03
  -8.8469450e-03
  -8.6958640e-03
  -8.7010920e-03
  -8.4661820e-03
  -8.2683820e-03
  -7.8564790e-03
  -7.3567110e-03
  -6.3808690e-03
  -5.2980760e-03
  -4.1069340e-03
  -2.8041610e-03
  -1.6041790e-03
  -6.6275730e-04
  -8.5383760e-05
   1.4502800e-05
  -1.4974860e-04
  -6.5383740e-04
  -1.4377090e-03
  -2.5341310e-03
  -3.7755280e-03
  -5.2559350e-03
  -6.6677940e-03
  -8.2416410e-03
  -8.6547400e-03
  -8.8414320e-03
  -9.0335620e-03
  -8.6902780e-03
  -7.8570600e-03
  -6.6199510e-03
  -5.9085330e-03
  -5.7599380e-03
  -5.9091460e-03
  -6.1837430e-03
  -7.0847790e-03
  -8.2328910e-03
  -9.1856860e-03
  -9.9243400e-03
  -1.0106600e-02
  -1.0176070e-02
  -9.9091140e-03
  -9.5740710e-03
  -9.6087550e-03
  -9.8118580e-03
  -9.5351370e-03
  -9.6018020e-03
  -1.0172810e-02
  -1.0467160e-02
  -1.0980290e-02
  -1.1540810e-02
  -1.2099340e-02
  -1.2876290e-02
  -1.3559490e-02
  -1.4289170e-02
  -1.5319620e-02
  -1.6562820e-02
  -1.7373890e-02
  -1.7309780e-02
  -1.7131970e-02
  -1.6745230e-02
  -1.6418490e-02
  -1.6361090e-02
  -1.6738370e-02
  -1.7454670e-02
  -1.7827240e-02
  -1.8081900e-02
  -1.8671400e-02
  -1.9302830e-02
  -1.9895830e-02
  -2.0397340e-02
  -2.0819980e-02
  -2.0928670e-02
  -2.0904850e-02
  -2.0972790e-02
  -2.0597600e-02
  -2.0262690e-02
  -1.9712830e-02
  -1.8880470e-02
  -1.8425390e-02
  -1.8206550e-02
  -1.8059700e-02
  -1.8084610e-02
  -1.8676220e-02
  -1.9478620e-02
  -2.0205080e-02
  -2.1192420e-02
  -2.2523930e-02
  -2.3499990e-02
  -2.3944800e-02
  -2.4101090e-02
  -2.3816420e-02
  -2.3513070e-02
  -2.3054580e-02
  -2.2254730e-02
  -2.1703520e-02
  -2.1086100e-02
  -2.0630200e-02
  -1.9888780e-02
  -1.9018310e-02
  -1.8591710e-02
  -1.7847050e-02
  -1.7211120e-02
  -1.6979690e-02
  -1.6658190e-02
  -1.6194100e-02
  -1.6107120e-02
  -1.6316760e-02
  -1.6525160e-02
  -1.6760710e-02
  -1.7184690e-02
  -1.7246190e-02
  -1.7442660e-02
  -1.7843720e-02
  -1.8301190e-02
  -1.8702020e-02
  -1.9027400e-02
  -1.9132130e-02
  -1.9336540e-02
  -1.9488540e-02
  -1.9653310e-02
  -1.9785580e-02
  -1.9836030e-02
  -2.0039250e-02
  -2.0252130e-02
  -1.9984450e-02
  -1.9515420e-02
  -1.9197720e-02
  -1.9146970e-02
  -1.8697700e-02
  -1.8312250e-02
  -1.8380220e-02
  -1.8556230e-02
  -1.8690010e-02
  -1.8981380e-02
  -1.9421850e-02
  -1.9899710e-02
  -2.0086330e-02
  -1.9912480e-02
  -1.9335780e-02
  -1.8466520e-02
  -1.7617850e-02
  -1.6381820e-02
  -1.5382580e-02
  -1.4654850e-02
  -1.3671750e-02
  -1.2840250e-02
  -1.2498610e-02
  -1.2109960e-02
  -1.1707300e-02
  -1.1379850e-02
  -1.1153120e-02
  -1.0828440e-02
  -1.0923920e-02
  -1.1352970e-02
  -1.2108490e-02
  -1.3232650e-02
  -1.4053390e-02
  -1.4966800e-02
  -1.5977650e-02
  -1.6697430e-02
  -1.7248990e-02
  -1.7426010e-02
  -1.7815780e-02
  -1.8078110e-02
  -1.7761540e-02
  -1.7290360e-02
  -1.7023200e-02
  -1.6680180e-02
  -1.6229580e-02
  -1.5831250e-02
  -1.5489400e-02
  -1.4919720e-02
  -1.4330630e-02
  -1.3697070e-02
  -1.3109100e-02
  -1.2543070e-02
  -1.2060000e-02
  -1.1644870e-02
  -1.1548900e-02
  -1.1547920e-02
  -1.1778410e-02
  -1.1351350e-02
  -1.1515610e-02
  -1.1915800e-02
  -1.1782650e-02
  -1.1610540e-02
  -1.1718130e-02
  -1.1729330e-02
  -1.1540240e-02
  -1.1361490e-02
  -1.1235610e-02
  -1.0930660e-02
  -1.0389530e-02
  -9.6934490e-03
  -9.1349190e-03
  -8.6861750e-03
  -7.8110050e-03
  -7.1662460e-03
  -6.1311430e-03
  -5.2579100e-03
  -4.6923640e-03
  -3.8603190e-03
  -3.3738670e-03
  -2.9062670e-03
  -2.0032930e-03
  -1.1780500e-03
  -2.3955140e-04
   3.4352530e-04
   1.0539350e-03
   1.6728900e-03
   2.2242300e-03
   2.5197720e-03
   2.7182270e-03
   2.8220340e-03
   3.0199690e-03
   3.3842510e-03
   3.7952010e-03
   3.8835460e-03
   4.2903460e-03
   4.5322500e-03
   4.8632410e-03
   5.3780210e-03
   5.4689900e-03
   4.9483980e-03
   4.8204080e-03
   4.9781810e-03
   4.7787250e-03
   4.7302880e-03
   4.8980060e-03
   5.3458150e-03
   5.7429090e-03
   6.3939490e-03
   7.5099600e-03
   8.8280890e-03
   1.0144080e-02
   1.1512680e-02
   1.2451970e-02
   1.3236260e-02
   1.4220360e-02
   1.5109510e-02
   1.6140120e-02
   1.7597890e-02
   1.8389010e-02
   1.8898980e-02
   1.9718470e-02
   2.0863070e-02
   2.1712350e-02
   2.2356100e-02
   2.3091880e-02
   2.3529340e-02
   2.4003810e-02
   2.4379190e-02
   2.5114390e-02
   2.5831100e-02
   2.6280800e-02
   2.6500570e-02
   2.6833530e-02
   2.7104770e-02
   2.7266260e-02
   2.7345070e-02
   2.7452840e-02
   2.7406140e-02
   2.6957550e-02
   2.6316220e-02
   2.5980480e-02
   2.5514310e-02
   2.4710680e-02
   2.3666900e-02
   2.2844980e-02
   2.2230730e-02
   2.1466580e-02
   2.1184210e-02
   2.0908020e-02
   2.1025490e-02
   2.1058020e-02
   2.1056440e-02
   2.1284980e-02
   2.1482140e-02
   2.2032430e-02
   2.2930750e-02
   2.3747230e-02
   2.4467430e-02
   2.4638430e-02
   2.4429720e-02
   2.4452170e-02
   2.3921740e-02
   2.2772220e-02
   2.1393510e-02
   1.9978260e-02
   1.9020280e-02
   1.7752840e-02
   1.6427050e-02
   1.5784360e-02
   1.5329280e-02
   1.4744940e-02
   1.4118810e-02
   1.3694120e-02
   1.3331900e-02
   1.3455420e-02
   1.3562440e-02
   1.3588080e-02
   1.3624130e-02
   1.3579800e-02
   1.3321160e-02
   1.3411330e-02
   1.3415410e-02
   1.3192680e-02
   1.3160540e-02
   1.3005230e-02
   1.2867190e-02
   1.2749780e-02
   1.2627420e-02
   1.2574480e-02
   1.2302970e-02
   1.1922190e-02
   1.2054470e-02
   1.2153790e-02
   1.2316860e-02
   1.2690990e-02
   1.3233790e-02
   1.3978320e-02
   1.4759070e-02
   1.5180960e-02
   1.6014770e-02
   1.7587400e-02
   1.8848220e-02
   1.9580940e-02
   1.9653370e-02
   2.0201670e-02
   2.0352970e-02
   2.0240130e-02
   1.9959260e-02
   1.9337670e-02
   1.8490080e-02
   1.7509040e-02
   1.6412060e-02
   1.5190670e-02
   1.3974880e-02
   1.2678100e-02
   1.1363080e-02
   1.0165660e-02
   8.8658660e-03
   7.7216370e-03
   6.9129230e-03
   6.7498550e-03
   6.7238810e-03
   6.5642360e-03
   6.6724410e-03
   7.4767090e-03
   8.1906050e-03
   8.6422930e-03
   9.1720610e-03
   9.8539720e-03
   1.0151030e-02
   1.0226520e-02
   9.9567110e-03
   9.5680190e-03
   9.1492630e-03
   8.7901980e-03
   8.4030490e-03
   7.8163320e-03
   7.5621040e-03
   7.3686110e-03
   6.9625200e-03
   6.9447620e-03
   7.2621360e-03
   7.3695890e-03
   7.1463940e-03
   7.0015320e-03
   7.0186550e-03
   7.3799750e-03
   7.8583930e-03
   8.2442260e-03
   8.7741420e-03
   9.2126740e-03
   9.4560440e-03
   9.5105320e-03
   9.4517130e-03
   9.7179580e-03
   9.9016790e-03
   9.7449780e-03
   1.0216530e-02
   1.0189370e-02
   9.7741800e-03
   9.8666910e-03
   9.7009240e-03
   9.0963900e-03
   8.3373610e-03
   7.6461580e-03
   7.2352340e-03
   6.4778400e-03
   5.6574000e-03
   5.3803430e-03
   5.5311150e-03
   5.3748620e-03
   5.1768680e-03
   5.3090480e-03
   5.4745240e-03
   5.4470660e-03
   5.2698610e-03
   5.0423880e-03
   5.0758510e-03
   4.5424110e-03
   4.1285560e-03
   3.9003650e-03
   3.5462150e-03
   2.8952130e-03
   2.1697060e-03
   2.0258740e-03
   1.7390430e-03
   1.4935720e-03
   1.0437040e-03
   7.2532910e-04
   6.5689010e-04
   5.5596320e-04
   4.0357460e-04
   1.3387050e-04
   3.9124470e-05
  -1.2003810e-04
  -1.9110310e-04
  -1.9425580e-04
  -3.6233890e-04
  -8.1610520e-04
  -1.4551490e-03
  -1.7251850e-03
  -2.0774520e-03
  -2.8226020e-03
  -3.3465410e-03
  -3.3221480e-03
  -3.4117940e-03
  -3.5461770e-03
  -3.8677310e-03
  -4.2512830e-03
  -4.3105100e-03
  -4.6173450e-03
  -4.9121440e-03
  -5.1755740e-03
  -5.2123230e-03
  -5.0551270e-03
  -4.6607650e-03
  -4.2726900e-03
  -3.7170150e-03
  -3.4000560e-03
  -3.1934550e-03
  -1.9979000e-03
  -1.1499260e-03
  -8.0021030e-04
  -3.8150960e-04
   1.1046330e-05
  -3.4903700e-05
  -6.4621520e-04
  -9.4678740e-04
  -1.2768110e-03
  -1.5934970e-03
  -1.9051180e-03
  -2.4408340e-03
  -2.9420450e-03
  -3.2981530e-03
  -3.4888220e-03
  -3.6065850e-03
  -3.6689470e-03
  -3.7864430e-03
  -4.2327160e-03
  -4.6826580e-03
  -4.6693770e-03
  -4.8729560e-03
  -5.2624270e-03
  -5.8075560e-03
  -6.3438490e-03
  -6.6750000e-03
  -6.8878040e-03
  -6.6713470e-03
  -6.2272570e-03
  -5.6201560e-03
  -5.0782510e-03
  -4.9458710e-03
  -5.0120430e-03
  -5.1402990e-03
  -5.1775650e-03
  -5.1631700e-03
  -5.2196360e-03
  -5.1009530e-03
  -5.7966450e-03
  -6.7128080e-03
  -7.0349530e-03
  -7.4507090e-03
  -8.1236590e-03
  -8.5490380e-03
  -8.6214620e-03
  -8.5358630e-03
  -8.5114390e-03
  -8.7778410e-03
  -8.8020990e-03
  -8.9863080e-03
  -9.5732200e-03
  -1.0097060e-02
  -1.0485520e-02
  -1.0519160e-02
  -1.0561330e-02
  -1.0437590e-02
  -1.0091220e-02
  -9.8168710e-03
  -9.4838830e-03
  -9.2089690e-03
  -8.8664090e-03
  -8.7300160e-03
  -8.8588230e-03
  -8.9803090e-03
  -8.7907020e-03
  -8.3743880e-03
  -8.1855090e-03
  -8.0554520e-03
  -7.8927610e-03
  -7.9307990e-03
  -7.8856270e-03
  -7.8185180e-03
  -7.8788590e-03
  -7.9454270e-03
  -7.8731060e-03
  -7.7047110e-03
  -7.8184080e-03
  -8.0509940e-03
  -8.5193810e-03
  -9.1827010e-03
  -9.5099810e-03
  -1.0162200e-02
  -1.0840740e-02
  -1.1518410e-02
  -1.1924850e-02
  -1.2267920e-02
  -1.2457720e-02
  -1.2339860e-02
  -1.2088150e-02
  -1.1665150e-02
  -1.1182820e-02
  -1.0549830e-02
  -9.9197200e-03
  -9.6819260e-03
  -9.5572000e-03
  -9.6900670e-03
  -9.6607520e-03
  -9.7706290e-03
  -1.0263800e-02
  -1.0496790e-02
  -1.0209570e-02
  -9.8876840e-03
  -9.6554560e-03
  -9.3397500e-03
  -8.8670530e-03
  -8.2877350e-03
  -7.9140600e-03
  -7.7781970e-03
  -7.2459280e-03
  -7.1228180e-03
  -7.2872960e-03
  -7.3764570e-03
  -7.3486880e-03
  -7.3726310e-03
  -7.2932300e-03
  -7.0610260e-03
  -6.6832230e-03
  -6.8884270e-03
  -7.4010070e-03
  -7.6937230e-03
  -7.6917740e-03
  -7.9595460e-03
  -8.5891360e-03
  -8.7543630e-03
  -8.7866110e-03
  -8.7939270e-03
  -8.8728860e-03
  -8.8286290e-03
  -8.4025380e-03
  -8.0976730e-03
  -7.2838020e-03
  -6.1689640e-03
  -5.0727650e-03
  -3.7909450e-03
  -2.4439650e-03
  -1.4883920e-03
  -6.5390300e-04
   5.8397070e-04
   1.2215120e-03
   1.2686540e-03
   1.7155320e-03
   2.4795010e-03
   2.5024980e-03
   2.1317830e-03
   2.0011350e-03
   1.9524660e-03
   1.8166160e-03
   1.6477420e-03
   1.7598920e-03
   2.0054250e-03
   2.1950330e-03
   2.3070430e-03
   2.2544120e-03
   2.2503360e-03
   2.3753240e-03
   2.4889910e-03
   2.6876730e-03
   3.1615650e-03
   3.4676820e-03
   3.6680760e-03
   4.0045030e-03
   4.1609740e-03
   4.1861410e-03
   4.1606530e-03
   4.3128480e-03
   4.2181970e-03
   3.6901990e-03
   3.3957090e-03
   3.5349070e-03
   3.1019280e-03
   2.8183210e-03
   2.2773680e-03
   1.7501080e-03
   1.4640280e-03
   1.3928050e-03
   1.6425850e-03
   2.3136920e-03
   3.1656830e-03
   3.8327770e-03
   4.6427640e-03
   5.9056290e-03
   6.9458940e-03
   7.8249100e-03
   8.7496060e-03
   9.3785100e-03
   9.6316910e-03
   9.4134310e-03
   9.4883280e-03
   8.9217040e-03
   8.5982250e-03
   8.0938860e-03
   7.6523440e-03
   7.2185750e-03
   6.7490920e-03
   6.0507590e-03
   5.1698280e-03
   4.0261980e-03
   2.6854570e-03
   1.0083130e-03
  -7.0560360e-04
  -1.6898390e-03
  -2.6023520e-03
  -3.3851200e-03
  -4.0858990e-03
  -4.3357830e-03
  -4.3586760e-03
  -4.3200620e-03
  -3.4965100e-03
  -2.4502950e-03
  -1.6479850e-03
  -8.0530460e-04
  -8.1589130e-06
   7.3353070e-04
   1.3213100e-03
   1.6588330e-03
   2.1096160e-03
   2.6366500e-03
   3.1536580e-03
   3.1075960e-03
   2.9269620e-03
   3.2901490e-03
   3.5220050e-03
   3.1211930e-03
   2.6006800e-03
   2.1504700e-03
   1.6157550e-03
   8.0675940e-04
   5.3496690e-04
   5.3904850e-04
   2.4244900e-04
  -7.0531530e-05
  -2.5214850e-04
  -3.6828480e-04
  -6.8653870e-04
  -1.3416690e-03
  -1.9670040e-03
  -2.5001250e-03
  -3.1960470e-03
  -4.0153120e-03
  -4.4246290e-03
  -4.4976760e-03
  -4.4261520e-03
  -4.6927840e-03
  -4.5236920e-03
  -3.7979220e-03
  -3.2966810e-03
  -3.1265230e-03
  -2.9261770e-03
  -2.5876470e-03
  -2.4198320e-03
  -2.7373320e-03
  -3.3687460e-03
  -3.2990540e-03
  -3.2506340e-03
  -3.1075980e-03
  -2.8914320e-03
  -2.0616880e-03
  -1.1299170e-03
  -3.4763650e-04
   8.3464030e-05
   6.4889330e-04
   7.8527260e-04
   3.7093910e-04
   9.8328830e-05
   7.2022240e-05
   2.2415330e-04
  -1.2878560e-04
  -6.0678350e-04
  -7.5069050e-04
  -1.1017120e-03
  -1.5931970e-03
  -1.8958260e-03
  -2.2791580e-03
  -2.6702590e-03
  -2.7763770e-03
  -3.1642440e-03
  -3.6808610e-03
  -4.2053120e-03
  -4.9080090e-03
  -5.7256050e-03
  -6.0621640e-03
  -6.2880040e-03
  -6.7236300e-03
  -7.2092130e-03
  -7.5682260e-03
  -8.0807950e-03
  -8.8335700e-03
  -9.2484520e-03
  -9.3848200e-03
  -9.0545100e-03
  -8.6704330e-03
  -8.1814400e-03
  -7.4607690e-03
  -6.8967940e-03
  -6.6067740e-03
  -6.4693640e-03
  -6.2379850e-03
  -6.1072460e-03
  -6.2370770e-03
  -6.3489790e-03
  -6.0583320e-03
  -5.4228030e-03
  -4.9783010e-03
  -4.9194560e-03
  -4.4889450e-03
  -4.0184810e-03
  -3.4380610e-03
  -2.5550610e-03
  -1.5542700e-03
  -7.1588530e-04
   2.1522130e-04
   9.8421680e-04
   1.6975290e-03
   2.0606580e-03
   2.0214800e-03
   1.9317950e-03
   1.5257790e-03
   9.7128350e-04
   1.7099090e-04
  -1.1088980e-03
  -2.1867910e-03
  -2.9035560e-03
  -3.8237480e-03
  -4.4861710e-03
  -4.8740990e-03
  -4.7759300e-03
  -4.4594370e-03
  -4.2840820e-03
  -4.2096670e-03
  -4.3514780e-03
  -5.0053520e-03
  -5.8044230e-03
  -6.5447230e-03
  -7.2052770e-03
  -7.5034250e-03
  -7.9737130e-03
  -8.5722340e-03
  -8.3348770e-03
  -8.4895570e-03
  -8.8463600e-03
  -8.0681030e-03
  -6.7876650e-03
  -5.8631100e-03
  -4.8843080e-03
  -3.8029680e-03
  -3.1096700e-03
  -2.5794420e-03
  -2.0104700e-03
  -1.4878850e-03
  -1.0885510e-03
  -5.0873900e-04
  -6.3356220e-05
   3.0091600e-04
   7.1653460e-04
   1.1016350e-03
   1.5118360e-03
   1.5166520e-03
   1.1053910e-03
   3.3292390e-04
  -6.4702000e-04
  -1.1324170e-03
  -1.6413560e-03
  -2.0224680e-03
  -2.1504520e-03
  -2.1970800e-03
  -2.0818030e-03
  -2.2781180e-03
  -2.6759300e-03
  -2.5792710e-03
  -2.6359970e-03
  -3.1703510e-03
  -3.6194610e-03
  -3.9022330e-03
  -4.0491640e-03
  -4.1421750e-03
  -4.0497090e-03
  -4.0891420e-03
  -4.1521610e-03
  -4.4257850e-03
  -4.6652420e-03
  -4.4538290e-03
  -4.5316130e-03
  -4.5726700e-03
  -4.9705310e-03
  -5.2921770e-03
  -5.5891980e-03
  -5.8369030e-03
  -6.2703600e-03
  -6.4249820e-03
  -6.6046020e-03
  -6.8942810e-03
  -6.6014560e-03
  -6.0614670e-03
  -5.4758980e-03
  -4.7999780e-03
  -4.3710410e-03
  -3.6327030e-03
  -2.8571110e-03
  -2.1613630e-03
  -1.3967920e-03
  -2.5421850e-04
   5.2916320e-04
   6.8568620e-04
   8.8602400e-04
   9.8978590e-04
   1.0686500e-03
   1.2404820e-03
   1.6708560e-03
   1.9779640e-03
   2.3403910e-03
   2.6481050e-03
   3.2017590e-03
   3.6111240e-03
   3.9512540e-03
   4.1439950e-03
   4.1485920e-03
   4.0092060e-03
   3.6728850e-03
   3.2661470e-03
   2.7589590e-03
   2.7298100e-03
   2.7373410e-03
   2.5034080e-03
   2.4214480e-03
   2.6968460e-03
   3.2025450e-03
   3.4987510e-03
   3.7538490e-03
   3.6677250e-03
   3.6526960e-03
   3.8335280e-03
   3.9040280e-03
   4.0171970e-03
   4.2663870e-03
   4.7576350e-03
   5.3485460e-03
   6.1247530e-03
   6.9731470e-03
   7.2362510e-03
   7.3984060e-03
   7.4767780e-03
   7.8327390e-03
   8.0773580e-03
   8.2689370e-03
   8.3159720e-03
   8.2735890e-03
   7.9418460e-03
   7.6127290e-03
   7.3240350e-03
   6.8836180e-03
   6.2787860e-03
   5.8661760e-03
   5.3983220e-03
   4.5354780e-03
   4.1925490e-03
   4.0118660e-03
   3.8620520e-03
   3.8735440e-03
   3.2414580e-03
   2.5545400e-03
   2.3099170e-03
   2.1276970e-03
   1.9505650e-03
   1.9386300e-03
   2.0169570e-03
   1.9932800e-03
   1.7165420e-03
   1.5040110e-03
   1.3484910e-03
   1.2657350e-03
   1.0290370e-03
   9.8310630e-04
   1.3110570e-03
   1.7909780e-03
   2.7748890e-03
   3.8542220e-03
   5.1141420e-03
   6.2158930e-03
   6.8317490e-03
   7.3162220e-03
   7.8046470e-03
   8.1095380e-03
   8.1131770e-03
   7.8009980e-03
   7.2583350e-03
   6.8300990e-03
   6.5179360e-03
   6.1044110e-03
   5.5972530e-03
   5.0694820e-03
   4.8076090e-03
   4.6292110e-03
   4.6444690e-03
   4.8524610e-03
   5.0262540e-03
   5.4553570e-03
   5.7581920e-03
   5.8931570e-03
   5.3080960e-03
   4.4558280e-03
   3.7648090e-03
   2.7508230e-03
   1.5034220e-03
   5.0427930e-04
  -9.7162420e-05
  -8.3580120e-04
  -1.3663020e-03
  -1.8957890e-03
  -2.2605380e-03
  -2.2714240e-03
  -2.3873940e-03
  -2.5065560e-03
  -2.3281780e-03
  -2.0845190e-03
  -1.8991090e-03
  -1.4663940e-03
  -9.3440620e-04
  -6.6557380e-04
  -3.8706950e-04
   1.2704300e-04
   1.0829580e-03
   2.1302820e-03
   3.2312910e-03
   4.5012400e-03
   5.6821720e-03
   6.3828280e-03
   6.4171140e-03
   6.4585760e-03
   6.2683170e-03
   5.6885080e-03
   5.1614580e-03
   4.4586400e-03
   3.9628380e-03
   3.6364040e-03
   3.3231320e-03
   3.1181200e-03
   2.9095060e-03
   3.5668470e-03
   3.7109550e-03
   3.3135530e-03
   3.5652790e-03
   3.8662850e-03
   3.7409710e-03
   3.2736390e-03
   2.9931390e-03
   2.3001750e-03
   1.5994470e-03
   6.2906640e-04
  -1.1869390e-05
  -5.7612280e-04
  -1.2488870e-03
  -1.7690790e-03
  -2.5796730e-03
  -2.8550560e-03
  -3.2764320e-03
  -3.8769920e-03
  -4.1862590e-03
  -4.2587530e-03
  -4.6701810e-03
  -4.6724830e-03
  -4.5074670e-03
  -4.4726940e-03
  -4.6445260e-03
  -4.6377780e-03
  -4.3574460e-03
  -4.1366470e-03
  -3.8771150e-03
  -3.7641920e-03
  -3.6983360e-03
  -3.8885400e-03
  -3.8693160e-03
  -3.8459230e-03
  -3.7919120e-03
  -3.5491130e-03
  -3.2419530e-03
  -2.8146170e-03
  -2.2057790e-03
  -1.5914500e-03
  -1.2947630e-03
  -1.2857040e-03
  -1.0431370e-03
  -6.8216550e-04
  -7.4258240e-04
  -9.1507990e-04
  -6.8488070e-04
  -3.7565540e-04
  -5.7678470e-05
   3.3962330e-04
   7.4991160e-04
   1.3699880e-03
   1.9046590e-03
   2.7925530e-03
   3.8304850e-03
   4.9543350e-03
   6.3186670e-03
   7.3961820e-03
   8.3385800e-03
   8.9829730e-03
   8.9420570e-03
   8.0681370e-03
   7.2505090e-03
   6.2675460e-03
   4.8414950e-03
   3.2469660e-03
   1.7523860e-03
   1.1034670e-03
   5.1744130e-04
   3.9549620e-04
   6.8375610e-04
   9.4731900e-04
   9.9166670e-04
   1.1335330e-03
   1.0428080e-03
   6.5505660e-04
   1.2060260e-06
  -8.7210500e-04
  -1.7699520e-03
  -2.3242050e-03
  -2.9521680e-03
  -3.8327660e-03
  -4.2944100e-03
  -4.5815490e-03
  -4.6402190e-03
  -4.3504880e-03
  -3.9103800e-03
  -3.0476430e-03
  -2.1719190e-03
  -1.6205020e-03
  -7.6797640e-04
  -2.9896510e-04
  -7.0595700e-05
   3.5465200e-04
   1.0358370e-03
   1.9411690e-03
   2.6792710e-03
   3.1064650e-03
   3.2852710e-03
   3.1712170e-03
   2.6140550e-03
   1.4499850e-03
   2.5923650e-04
  -7.7159760e-04
  -2.1160370e-03
  -2.9525890e-03
  -3.3599240e-03
  -3.6682770e-03
  -3.8575470e-03
  -3.9076640e-03
  -3.8546050e-03
  -4.1646150e-03
  -4.5738970e-03
  -4.4109130e-03
  -3.9674310e-03
  -3.6244340e-03
  -3.0880150e-03
  -2.3743390e-03
  -2.0321150e-03
  -1.4480500e-03
  -1.4031120e-03
  -1.3278950e-03
  -9.0416260e-04
  -9.4026270e-04
  -8.2975950e-04
  -1.2254210e-03
  -1.6940380e-03
  -1.9370850e-03
  -2.6523900e-03
  -3.3410990e-03
  -3.9437130e-03
  -3.9373560e-03
  -3.5891810e-03
  -3.2036020e-03
  -2.7263880e-03
  -1.9928550e-03
  -1.3764200e-03
  -7.1835260e-04
  -2.5749900e-05
   9.2931950e-04
   1.4847860e-03
   2.1740490e-03
   3.1179080e-03
   3.7594280e-03
   4.0998520e-03
   4.8021590e-03
   5.6715120e-03
   6.4050020e-03
   6.8850950e-03
   6.9431670e-03
   7.2230530e-03
   7.5743780e-03
   7.4296750e-03
   7.7608840e-03
   8.0230140e-03
   8.0161860e-03
   7.8390490e-03
   7.8339380e-03
   7.5843270e-03
   7.3059040e-03
   6.7663410e-03
   5.9176750e-03
   5.1820630e-03
   4.1911760e-03
   2.8807250e-03
   1.6834600e-03
   3.0759710e-04
  -1.0451800e-03
  -2.2736930e-03
  -3.3528930e-03
  -3.9253510e-03
  -4.0871660e-03
  -3.7991260e-03
  -3.1788680e-03
  -2.2604280e-03
  -1.4850150e-03
  -1.1544510e-03
  -7.4869530e-04
  -3.6631690e-04
  -4.4475250e-04
  -9.1442410e-04
  -1.1090080e-03
  -1.1075500e-03
  -1.3499860e-03
  -1.6547390e-03
  -1.6557590e-03
  -1.3500950e-03
  -9.8732730e-04
  -5.5084160e-04
   4.5912130e-05
   6.7121960e-04
   1.3266770e-03
   2.0179250e-03
   2.7217160e-03
   3.3738000e-03
   3.9279720e-03
   3.9972660e-03
   3.8576800e-03
   3.5668490e-03
   3.8848920e-03
   3.8883670e-03
   3.3682960e-03
   3.5231500e-03
   3.8932850e-03
   4.0326310e-03
   4.3166830e-03
   4.6305460e-03
   5.0726670e-03
   5.3977670e-03
   5.3933030e-03
   5.8265520e-03
   6.3019760e-03
   6.3718040e-03
   6.1339180e-03
   5.9950080e-03
   5.4563220e-03
   5.0996860e-03
   4.8260550e-03
   4.3752220e-03
   3.9138000e-03
   3.6371030e-03
   3.3654350e-03
   3.2168070e-03
   2.9830890e-03
   2.8127140e-03
   2.6566890e-03
   2.1472990e-03
   1.8201840e-03
   1.3164330e-03
   8.2111850e-04
   9.9203990e-04
   1.0582070e-03
   1.3205910e-03
   1.6442570e-03
   1.8859130e-03
   2.1846400e-03
   2.5057690e-03
   2.6587640e-03
   2.6403440e-03
   2.9023730e-03
   2.9938940e-03
   3.0403300e-03
   3.2890120e-03
   3.5941450e-03
   3.7148320e-03
   3.5888480e-03
   3.6084080e-03
   3.7523240e-03
   3.6811640e-03
   3.8153980e-03
   3.8504870e-03
   3.7774920e-03
   3.3318140e-03
   2.7070240e-03
   2.4663890e-03
   1.8417720e-03
   1.0230150e-03
   2.3590280e-04
  -4.3186070e-04
  -9.2141650e-04
  -1.6054110e-03
  -2.3715010e-03
  -2.7068290e-03
  -3.1140720e-03
  -3.7299290e-03
  -4.4112370e-03
  -4.8696100e-03
  -5.1077900e-03
  -5.3334950e-03
  -5.2468320e-03
  -5.3881260e-03
  -5.4251330e-03
  -5.7101130e-03
  -5.6424910e-03
  -5.3114590e-03
  -4.8298990e-03
  -4.0318720e-03
  -3.3190280e-03
  -2.6645960e-03
  -1.9369990e-03
  -1.4368640e-03
  -5.8172810e-04
   1.2633560e-04
   4.7367060e-04
   6.7786450e-04
   4.4953730e-04
   4.1043670e-05
  -6.5902120e-05
  -5.6065920e-04
  -9.7266110e-04
  -1.6764470e-03
  -2.3631910e-03
  -2.9556460e-03
  -3.6063090e-03
  -4.3266940e-03
  -4.5476500e-03
  -5.1139460e-03
  -5.2655350e-03
  -5.5699130e-03
  -5.5964220e-03
  -5.5454120e-03
  -5.2582610e-03
  -4.6541670e-03
  -4.0269150e-03
  -3.1840370e-03
  -2.4592770e-03
  -1.7553880e-03
  -9.5050690e-04
  -5.9641970e-04
  -2.6122310e-04
  -7.3109580e-05
  -1.1342580e-04
  -2.7808750e-04
  -7.0680560e-04
  -1.0818270e-03
  -1.6822400e-03
  -2.1094800e-03
  -2.6784200e-03
  -3.1255650e-03
  -3.4222500e-03
  -3.9838480e-03
  -4.5732500e-03
  -4.6536300e-03
  -4.6486390e-03
  -4.7586860e-03
  -4.7827550e-03
  -4.7521480e-03
  -4.4799600e-03
  -4.0833980e-03
  -3.3110900e-03
  -2.3310420e-03
  -1.2066660e-03
  -2.9389310e-04
   3.4769590e-04
   1.6639740e-03
   2.3827180e-03
   2.5687060e-03
   2.7785710e-03
   2.5703180e-03
   2.4342010e-03
   2.2956600e-03
   2.1513820e-03
   2.5367780e-03
   2.8700730e-03
   3.0431690e-03
   3.1611560e-03
   3.1143650e-03
   2.7286100e-03
   1.7670910e-03
   8.4994240e-04
   2.8938290e-04
  -1.8045970e-04
  -6.3263730e-04
  -1.0231450e-03
  -1.3200850e-03
  -1.6818740e-03
  -1.7478660e-03
  -2.0615810e-03
  -2.3394380e-03
  -2.5014170e-03
  -2.8224320e-03
  -3.4254450e-03
  -3.9019210e-03
  -4.3629810e-03
  -5.2350260e-03
  -5.8806140e-03
  -6.3519650e-03
  -6.5960620e-03
  -6.4834930e-03
  -6.1663640e-03
  -5.5697810e-03
  -4.6933750e-03
  -3.8749700e-03
  -3.4610080e-03
  -3.0827800e-03
  -2.9841740e-03
  -2.9364920e-03
  -3.1401120e-03
  -3.3941040e-03
  -3.1487780e-03
  -3.3512470e-03
  -3.6718400e-03
  -3.5470470e-03
  -3.4893390e-03
  -3.9743800e-03
  -4.6459430e-03
  -5.0081980e-03
  -5.3299620e-03
  -5.8508210e-03
  -6.2487140e-03
  -6.5901980e-03
  -6.7206990e-03
  -6.9175390e-03
  -7.3120630e-03
  -7.5324740e-03
  -7.9399660e-03
  -8.1638680e-03
  -8.4776870e-03
  -9.1095670e-03
  -8.8931060e-03
  -9.0951260e-03
  -9.7051920e-03
  -9.4698860e-03
  -8.8689300e-03
  -8.4718300e-03
  -8.0305240e-03
  -7.2990820e-03
  -6.0235750e-03
  -4.8012060e-03
  -3.3852320e-03
  -1.9460170e-03
  -6.3261520e-04
   5.5652620e-04
   1.6878970e-03
   2.5006090e-03
   3.1695620e-03
   3.6442550e-03
   3.7226070e-03
   3.9003220e-03
   3.9506840e-03
   3.4783330e-03
   2.9809640e-03
   2.6767940e-03
   2.1921630e-03
   1.3294950e-03
   3.6004090e-04
  -2.3507160e-04
  -1.2111610e-03
  -2.6932340e-03
  -3.4853450e-03
  -4.4195350e-03
  -5.0986050e-03
  -5.6737920e-03
  -6.2367500e-03
  -6.5358870e-03
  -6.6054670e-03
  -6.3458680e-03
  -5.6980740e-03
  -4.8108400e-03
  -3.8164840e-03
  -2.9097460e-03
  -1.8058580e-03
  -7.1744430e-04
   5.2803250e-04
   1.4608350e-03
   2.0041550e-03
   2.6843140e-03
   3.4010170e-03
   3.7186510e-03
   4.0259680e-03
   4.5578230e-03
   5.0109160e-03
   5.3505770e-03
   5.3102690e-03
   5.0566180e-03
   4.5646990e-03
   3.8467780e-03
   3.0942080e-03
   2.2596460e-03
   1.5728340e-03
   1.0942060e-03
   9.0473270e-04
   1.0346340e-03
   1.2065970e-03
   1.1558860e-03
   1.1498310e-03
   1.3398480e-03
   1.3833920e-03
   1.2320400e-03
   1.1921590e-03
   1.1060280e-03
   1.2685870e-03
   1.3945180e-03
   1.2699800e-03
   1.5375990e-03
   2.0331340e-03
   2.1662190e-03
   2.5846950e-03
   2.9441050e-03
   3.2153240e-03
   3.2274880e-03
   3.2934000e-03
   3.7134600e-03
   3.7730740e-03
   3.2217660e-03
   2.9507360e-03
   2.7465430e-03
   1.9466470e-03
   1.5866290e-03
   9.4149260e-04
   3.4539140e-04
  -1.9411370e-04
  -7.2917370e-04
  -9.3347180e-04
  -1.1658280e-03
  -1.3403740e-03
  -1.5547250e-03
  -1.9350910e-03
  -1.9867470e-03
  -2.0577630e-03
  -2.3519010e-03
  -2.9803800e-03
  -3.1876520e-03
  -3.1253120e-03
  -3.1723690e-03
  -3.0119320e-03
  -2.3680040e-03
  -1.3176460e-03
  -2.8161280e-04
   9.3901940e-04
   1.9680660e-03
   3.0287520e-03
   3.9698080e-03
   4.6179390e-03
   5.0789720e-03
   5.2715180e-03
   5.0330180e-03
   4.9008300e-03
   4.6581330e-03
   4.6165750e-03
   4.3876380e-03
   3.9634330e-03
   3.9588100e-03
   4.1367660e-03
   4.1543380e-03
   4.0598120e-03
   4.1755890e-03
   4.5930700e-03
   4.5381400e-03
   4.6168630e-03
   4.7530310e-03
   4.7581860e-03
   4.8722290e-03
   4.8700840e-03
   4.8854270e-03
   5.1700650e-03
   5.4273960e-03
   5.7958190e-03
   6.3267860e-03
   6.7857920e-03
   7.2323730e-03
   7.5803030e-03
   8.2258020e-03
   8.4612810e-03
   8.2032610e-03
   8.0065860e-03
   7.6034560e-03
   7.4636200e-03
   7.0951780e-03
   6.7569050e-03
   6.4039220e-03
   5.7874570e-03
   5.1861070e-03
   4.8052950e-03
   4.5201680e-03
   4.1893470e-03
   3.7285800e-03
   3.4041310e-03
   2.8556090e-03
   2.0224110e-03
   1.1888110e-03
   3.8447120e-04
   3.3595890e-05
  -4.2786800e-04
  -8.5766070e-04
  -9.3720320e-04
  -6.5920460e-04
  -2.9391630e-05
   4.9588880e-04
   1.2072530e-03
   1.9444510e-03
   2.4303310e-03
   3.0596740e-03
   3.6854830e-03
   3.9954910e-03
   4.4159350e-03
   4.4083540e-03
   4.3689850e-03
   4.7762980e-03
   5.2116570e-03
   5.0222540e-03
   4.9826020e-03
   5.1255460e-03
   4.9939910e-03
   4.4485900e-03
   3.7141480e-03
   3.1105990e-03
   2.4224560e-03
   1.4700670e-03
   6.5108320e-04
   6.3893200e-05
  -3.7964060e-04
  -1.1101560e-03
  -2.0098020e-03
  -2.7078070e-03
  -3.4188570e-03
  -3.9039040e-03
  -4.6144420e-03
  -5.5889210e-03
  -5.8270970e-03
  -6.2892690e-03
  -7.2783180e-03
  -7.4904220e-03
  -6.9435930e-03
  -6.8040570e-03
  -6.6341960e-03
  -6.3273590e-03
  -5.6434900e-03
  -5.0015540e-03
  -4.4076600e-03
  -3.7286660e-03
  -3.1804220e-03
  -3.0061900e-03
  -2.9287260e-03
  -2.3280880e-03
  -1.7283580e-03
  -1.4537260e-03
  -1.1277210e-03
  -8.4237940e-04
  -5.1311100e-04
  -3.6237260e-04
  -1.9937570e-04
   6.2503570e-05
   1.6037210e-04
  -4.6471420e-05
  -4.0614320e-04
  -8.2294020e-04
  -9.6176300e-04
  -1.5092580e-03
  -1.9624900e-03
  -2.4724260e-03
  -3.0210040e-03
  -2.9160580e-03
  -2.9706970e-03
  -2.8892150e-03
  -2.8156920e-03
  -2.8678220e-03
  -2.8313900e-03
  -2.6115990e-03
  -2.1638300e-03
  -2.0715630e-03
  -1.9660220e-03
  -1.5274860e-03
  -1.1796650e-03
  -1.0938250e-03
  -8.0693670e-04
  -5.0174300e-04
  -2.3883510e-04
   1.6260150e-04
   2.9887250e-04
   5.5649390e-04
   9.3750350e-04
   1.1308870e-03
   1.4778050e-03
   1.4282970e-03
   1.4331410e-03
   1.5374930e-03
   1.6804220e-03
   1.8440080e-03
   2.1143080e-03
   1.9461400e-03
   1.7071620e-03
   2.0667770e-03
   2.2402930e-03
   1.7159890e-03
   1.0134010e-03
   3.1789200e-04
  -5.2383070e-04
  -1.6864280e-03
  -2.6565310e-03
  -3.7248170e-03
  -4.5039870e-03
  -5.2419930e-03
  -6.2395990e-03
  -6.2748490e-03
  -6.4025930e-03
  -6.5264930e-03
  -6.3856430e-03
  -6.2583860e-03
  -5.7768880e-03
  -5.6005070e-03
  -5.4626920e-03
  -4.7946030e-03
  -3.9641900e-03
  -3.6171380e-03
  -2.8602070e-03
  -2.2304850e-03
  -1.9357380e-03
  -1.8583030e-03
  -1.7625890e-03
  -1.9222400e-03
  -1.5571030e-03
  -1.1577180e-03
  -1.1773760e-03
  -1.1466440e-03
  -1.1404800e-03
  -1.3726220e-03
  -1.1435230e-03
  -7.6962940e-04
  -3.3991270e-04
  -1.6921080e-04
  -2.8201630e-05
   1.9763400e-04
   2.7317550e-04
  -2.9247860e-04
  -1.0612110e-03
  -1.7656680e-03
  -2.3982710e-03
  -3.1735510e-03
  -4.0460910e-03
  -4.6939700e-03
  -5.0297840e-03
  -5.3603360e-03
  -5.6459210e-03
  -5.8373410e-03
  -5.8440590e-03
  -5.8289450e-03
  -5.2845690e-03
  -4.9446870e-03
  -4.6943990e-03
  -4.3664130e-03
  -4.3198530e-03
  -3.7997790e-03
  -3.1885760e-03
  -2.8643520e-03
  -2.3997230e-03
  -1.8304140e-03
  -1.2358470e-03
  -7.3577850e-04
  -3.1381940e-04
  -7.3563440e-05
   6.0018450e-05
   4.1293690e-04
   8.4949790e-04
   1.2758240e-03
   1.5680610e-03
   1.9041020e-03
   2.4087310e-03
   2.6371040e-03
   2.9109950e-03
   2.9834010e-03
   2.8032510e-03
   2.7953410e-03
   2.9275190e-03
   2.9126710e-03
   2.6254460e-03
   2.4291280e-03
   2.1864580e-03
   1.8327450e-03
   1.3795600e-03
   8.0809500e-04
   3.2749270e-04
  -1.4981160e-04
  -6.0799970e-04
  -1.3610840e-03
  -1.5729170e-03
  -1.8776620e-03
  -2.1552760e-03
  -2.0775480e-03
  -1.7783420e-03
  -1.6042610e-03
  -1.3936620e-03
  -8.2416580e-04
  -4.1008950e-04
  -2.2133870e-04
  -1.5767910e-04
   2.6730130e-04
   4.3809900e-04
   5.3665900e-04
   6.5032950e-04
   1.0607090e-03
   1.7798940e-03
   2.0487760e-03
   2.5228300e-03
   2.9389710e-03
   3.4699600e-03
   3.9468930e-03
   4.2195820e-03
   4.8033940e-03
   5.2428360e-03
   5.4250380e-03
   5.7894260e-03
   6.3452910e-03
   6.5060840e-03
   6.2433640e-03
   6.0680410e-03
   5.6895740e-03
   5.4134140e-03
   5.0567310e-03
   4.5807960e-03
   4.1255770e-03
   3.5469920e-03
   3.2220480e-03
   2.7289870e-03
   2.0285600e-03
   1.4846760e-03
   9.5193470e-04
   4.8786980e-04
  -2.0170860e-04
  -2.2151850e-04
  -4.9367810e-04
  -9.0788550e-04
  -5.7640180e-04
  -1.1434820e-04
   1.6192840e-04
   2.4504540e-04
   6.6134330e-04
   1.3272880e-03
   1.8449250e-03
   1.7814150e-03
   1.3891470e-03
   1.7123130e-03
   1.6718990e-03
   1.5632600e-03
   1.7071800e-03
   1.9450080e-03
   2.0000380e-03
   1.8939690e-03
   1.9946620e-03
   2.1426610e-03
   2.1094280e-03
   1.9018150e-03
   2.1188250e-03
   2.3125770e-03
   2.0676280e-03
   1.7617980e-03
   1.6444200e-03
   1.3846470e-03
   7.9866100e-04
   3.5031680e-04
  -1.3308660e-04
  -6.0107450e-04
  -1.1382430e-03
  -1.7988910e-03
  -2.0014680e-03
  -2.2913220e-03
  -2.5441840e-03
  -2.7189750e-03
  -2.6156470e-03
  -2.4497320e-03
  -2.4071930e-03
  -2.6701260e-03
  -1.7236940e-03
  -1.0039610e-03
  -7.6217630e-04
  -6.1246630e-04
  -1.7855550e-04
   2.0475570e-04
   1.5403360e-04
   4.4579920e-04
   4.9805760e-04
   6.0478910e-04
   6.4399610e-04
   3.8456890e-04
   3.3573280e-04
   6.4615440e-05
  -2.5356150e-04
  -4.9920070e-04
  -8.6294040e-04
  -1.0990170e-03
  -1.2414130e-03
  -1.5226600e-03
  -1.6017970e-03
  -1.6486810e-03
  -2.0983870e-03
  -2.7317870e-03
  -3.0819190e-03
  -3.6573840e-03
  -4.2201420e-03
  -4.7169520e-03
  -5.2420070e-03
  -5.5796790e-03
  -5.7900540e-03
  -5.6367510e-03
  -5.3052110e-03
  -4.9100330e-03
  -4.2490930e-03
  -3.2878770e-03
  -2.3969260e-03
  -1.2784310e-03
  -8.2460020e-04
  -5.8385330e-04
  -3.5355390e-04
  -2.1067220e-04
  -3.5468290e-04
  -6.3903530e-04
  -9.6401900e-04
  -1.1238030e-03
  -1.4614750e-03
  -1.8489150e-03
  -2.0076730e-03
  -2.1036590e-03
  -2.3082370e-03
  -2.0335270e-03
  -1.5906410e-03
  -1.4156150e-03
  -1.4056240e-03
  -1.4186420e-03
  -1.5331170e-03
  -1.5217690e-03
  -1.6236030e-03
  -1.9200390e-03
  -1.8249940e-03
  -1.7923580e-03
  -1.5757010e-03
  -1.5654210e-03
  -1.2409450e-03
  -9.2751030e-04
  -9.1166720e-04
  -8.1379970e-04
  -7.9330890e-04
  -7.4417200e-04
  -7.4065580e-04
  -8.5922980e-04
  -1.0535280e-03
  -1.1557890e-03
  -1.0573650e-03
  -1.0412720e-03
  -7.9834800e-04
  -3.7575310e-04
  -4.4616140e-04
  -5.3746290e-04
   1.5788470e-04
   8.5490040e-04
   1.2072220e-03
   1.5854020e-03
   2.1827590e-03
   2.7403000e-03
   3.2921430e-03
   3.8261540e-03
   4.2197930e-03
   4.4881840e-03
   4.4065760e-03
   4.2487370e-03
   3.8439650e-03
   3.4136920e-03
   2.9696580e-03
   2.4497210e-03
   2.2353460e-03
   2.0193450e-03
   1.6862000e-03
   1.4701600e-03
   1.8175800e-03
   2.1242610e-03
   2.0125430e-03
   2.0007360e-03
   2.2569080e-03
   2.4221010e-03
   2.2045590e-03
   1.7433590e-03
   1.1108710e-03
   6.4297010e-04
   2.5437310e-04
   9.8657190e-05
   4.0124690e-06
  -1.8377620e-05
   1.8240760e-06
   1.0359430e-04
   3.0479480e-04
   7.2465190e-04
   9.5792300e-04
   9.2064710e-04
   1.1467000e-03
   1.1433830e-03
   8.0034800e-04
   6.5061550e-04
   4.8548380e-04
   3.5754430e-04
   3.6179850e-04
   2.1985560e-04
   2.0625140e-04
   5.0128370e-04
   3.9483320e-04
   3.3483040e-04
  -4.3355780e-06
  -2.9911410e-04
  -2.7570280e-04
  -4.1516120e-04
  -3.2045400e-04
  -3.8281450e-04
  -6.6177870e-04
  -6.9652700e-04
  -8.5359820e-04
  -9.8436520e-04
  -1.0533930e-03
  -1.2164410e-03
  -1.3658190e-03
  -1.5210510e-03
  -1.3562150e-03
  -1.1733620e-03
  -9.7065040e-04
  -4.5383540e-04
   1.9409430e-04
   1.0120030e-03
   1.7151040e-03
   2.4184160e-03
   3.1278690e-03
   3.5571340e-03
   3.7528090e-03
   4.6097990e-03
   4.9916490e-03
   4.7726050e-03
   5.0373940e-03
   5.3803340e-03
   5.4055750e-03
   5.1365560e-03
   5.0481620e-03
   4.7500840e-03
   4.3347550e-03
   4.3175440e-03
   4.3894830e-03
   4.3839420e-03
   4.4551640e-03
   4.4921930e-03
   4.4711760e-03
   4.6639560e-03
   4.7797850e-03
   4.9746420e-03
   4.8870550e-03
   4.7522430e-03
   4.5596710e-03
   4.2793640e-03
   4.3084920e-03
   4.4675220e-03
   4.5438890e-03
   4.4146440e-03
   4.4849350e-03
   4.3386400e-03
   4.1987190e-03
   4.2070170e-03
   4.0705380e-03
   3.9785900e-03
   4.1794400e-03
   4.2868800e-03
   4.4915070e-03
   4.6380840e-03
   4.9403560e-03
   5.2859210e-03
   5.5055650e-03
   5.8970310e-03
   5.9173630e-03
   5.7282780e-03
   5.8581900e-03
   5.8956830e-03
   5.4464270e-03
   4.9113360e-03
   4.3499930e-03
   3.9367250e-03
   3.3058670e-03
   2.5418640e-03
   1.6510660e-03
   7.7167280e-04
   7.4920490e-05
  -5.2855030e-04
  -1.1922220e-03
  -1.3817010e-03
  -1.6983280e-03
  -1.9086850e-03
  -1.7761610e-03
  -1.4666460e-03
  -1.3710880e-03
  -1.3154480e-03
  -9.1063850e-04
  -6.8110510e-04
  -5.0608240e-04
  -6.0468800e-04
  -7.3051580e-05
   3.6040510e-05
   1.5153080e-04
   3.6724550e-04
   5.4173840e-04
   6.5233070e-04
   8.0840310e-04
   1.0570650e-03
   1.0670090e-03
   1.2986970e-03
   1.3077540e-03
   1.1768190e-03
   1.0642630e-03
   1.4337600e-03
   1.3986640e-03
   1.1021750e-03
   1.1381420e-03
   9.1524420e-04
   4.1456830e-04
  -3.2251840e-06
  -1.9625990e-04
  -3.7196190e-04
  -5.5429230e-04
  -8.1315410e-04
  -1.0255130e-03
  -1.0094330e-03
  -1.0856100e-03
  -8.7226050e-04
  -6.8560970e-04
  -4.7781610e-04
  -3.0659790e-05
   1.3158070e-04
   2.8578180e-04
   3.6948630e-04
   9.4306630e-05
  -2.2498480e-04
  -3.4672660e-05
   7.0868130e-05
   1.6666960e-04
   2.3830940e-04
   2.3334690e-04
   3.6656330e-04
   5.2563890e-04
   6.1944350e-04
   1.0182960e-03
   1.3350390e-03
   1.5269180e-03
   1.7477670e-03
   1.8355010e-03
   2.0612180e-03
   2.1256830e-03
   1.8928940e-03
   1.5636060e-03
   1.2357180e-03
   9.9877730e-04
   7.5588900e-04
   1.0667430e-03
   1.2860590e-03
   1.2089830e-03
   9.6508470e-04
   7.3453240e-04
   5.2558030e-04
   1.3109940e-04
  -2.0672830e-04
  -6.0501100e-04
  -9.9790650e-04
  -1.2747820e-03
  -1.3096190e-03
  -1.1997440e-03
  -1.1484180e-03
  -1.2991940e-03
  -1.1004370e-03
  -1.1175570e-03
  -1.0847000e-03
  -1.5092410e-03
  -1.9782890e-03
  -2.1208410e-03
  -2.4890860e-03
  -3.2512690e-03
  -3.7241530e-03
  -4.4825730e-03
  -4.9132620e-03
  -5.3762370e-03
  -6.0413220e-03
  -6.5511890e-03
  -7.0812310e-03
  -7.3284660e-03
  -7.5293670e-03
  -7.8645420e-03
  -7.8358100e-03
  -7.6222310e-03
  -7.4743690e-03
  -7.2520110e-03
  -6.5432520e-03
  -6.2526960e-03
  -6.2643170e-03
  -5.3403250e-03
  -4.4576400e-03
  -4.0931730e-03
  -3.7438510e-03
  -3.0358480e-03
  -2.3002310e-03
  -2.2339000e-03
  -2.1651490e-03
  -2.2616760e-03
  -2.3807290e-03
  -2.4011120e-03
  -2.8662690e-03
  -3.6152650e-03
  -4.4642430e-03
  -5.1238090e-03
  -5.7097940e-03
  -6.2584920e-03
  -6.5147190e-03
  -7.1829720e-03
  -7.6561430e-03
  -7.6178760e-03
  -7.5437790e-03
  -7.7236920e-03
  -7.7377650e-03
  -7.7828020e-03
  -7.5483980e-03
  -7.4289630e-03
  -7.2900770e-03
  -7.1966190e-03
  -7.0985200e-03
  -6.9611720e-03
  -6.6580050e-03
  -6.4264770e-03
  -6.4719170e-03
  -6.2837640e-03
  -6.2060460e-03
  -6.1919030e-03
  -5.3433200e-03
  -5.1407090e-03
  -5.4773170e-03
  -4.9740000e-03
  -4.3890480e-03
  -4.2927890e-03
  -4.3291600e-03
  -3.9837670e-03
  -3.6676190e-03
  -3.6735620e-03
  -3.6599160e-03
  -3.5695690e-03
  -3.4542620e-03
  -3.2854590e-03
  -3.4406840e-03
  -3.4116570e-03
  -3.5032150e-03
  -3.5305330e-03
  -3.7529500e-03
  -3.7647930e-03
  -3.8259740e-03
  -3.8164130e-03
  -3.7104710e-03
  -3.3802400e-03
  -3.2369630e-03
  -3.2408650e-03
  -3.1911350e-03
  -3.1062530e-03
  -2.9561720e-03
  -2.9211820e-03
  -2.5840730e-03
  -2.1344440e-03
  -1.8498930e-03
  -1.7093190e-03
  -1.2894220e-03
  -9.3290350e-04
  -9.7422040e-04
  -1.0509310e-03
  -1.2298810e-03
  -1.5349480e-03
  -1.6408920e-03
  -2.0007600e-03
  -2.5690310e-03
  -2.7128750e-03
  -3.0970410e-03
  -3.0148680e-03
  -3.3077890e-03
  -3.1552750e-03
  -2.7383180e-03
  -2.3953460e-03
  -2.0820690e-03
  -1.6554710e-03
  -9.2382890e-04
  -1.3118800e-04
   5.3982070e-04
   1.2776520e-03
   2.2445660e-03
   3.2316420e-03
   4.1370720e-03
   4.8795210e-03
   5.4208590e-03
   5.6666060e-03
   5.8535570e-03
   6.1627650e-03
   5.9502110e-03
   5.2168580e-03
   4.7093440e-03
   4.1231800e-03
   3.7402690e-03
   3.0704340e-03
   2.4128910e-03
   1.9617040e-03
   1.7498050e-03
   1.3978920e-03
   1.0407850e-03
   6.9888740e-04
   3.3073590e-04
   3.8697340e-04
   3.1803270e-04
   5.3092990e-04
   9.7746410e-04
   1.0124920e-03
   8.0629970e-04
   1.1364150e-03
   1.5224810e-03
   1.7010000e-03
   1.8856900e-03
   1.9362030e-03
   1.8403180e-03
   1.6147600e-03
   1.1788790e-03
   1.0646430e-03
   9.9379980e-04
   8.1689750e-04
   5.1225450e-04
   4.5429450e-04
   1.2093260e-04
   6.9257750e-05
   3.2549380e-04
   2.0820060e-04
   3.3545750e-04
   3.6954300e-04
   3.4440450e-04
   8.1659160e-04
   1.2812100e-03
   1.2146860e-03
   1.7038940e-03
   2.0515420e-03
   2.3371030e-03
   2.4608820e-03
   2.6524350e-03
   2.8273970e-03
   2.7649050e-03
   2.4080600e-03
   2.4655030e-03
   2.5119040e-03
   2.5440860e-03
   2.6898230e-03
   2.7805160e-03
   2.8821740e-03
   3.3331540e-03
   3.4757060e-03
   3.3483850e-03
   3.5949960e-03
   4.0797230e-03
   4.1967740e-03
   4.0965040e-03
   4.1832130e-03
   4.2232630e-03
   4.3082370e-03
   4.2147390e-03
   4.1364250e-03
   4.0838390e-03
   3.9548150e-03
   3.8465560e-03
   3.6997590e-03
   3.4263540e-03
   3.3374250e-03
   3.1671490e-03
   3.0496570e-03
   3.1605140e-03
   3.0994840e-03
   3.1828060e-03
   3.6307650e-03
   3.9193950e-03
   4.2481670e-03
   4.5195010e-03
   4.7443540e-03
   4.8829030e-03
   4.9238020e-03
   5.0134700e-03
   5.2827430e-03
   5.4409150e-03
   5.6574520e-03
   5.7319230e-03
   5.7315450e-03
   5.7871390e-03
   5.6094640e-03
   5.1741480e-03
   4.8239760e-03
   4.5619250e-03
   3.7714360e-03
   2.9362590e-03
   2.7249660e-03
   2.4384730e-03
   1.9455060e-03
   1.6360710e-03
   1.6490840e-03
   1.6827150e-03
   1.5450200e-03
   1.4820740e-03
   1.4362940e-03
   1.7237050e-03
   1.7274410e-03
   1.8721460e-03
   2.0691410e-03
   2.0638510e-03
   2.2018760e-03
   2.3498340e-03
   2.2720390e-03
   2.4853220e-03
   2.3649140e-03
   1.7766280e-03
   1.5658960e-03
   1.5884200e-03
   1.5094430e-03
   1.2174290e-03
   1.0916410e-03
   1.1451910e-03
   1.1594060e-03
   1.2062680e-03
   1.2148930e-03
   1.3365440e-03
   1.6349780e-03
   1.9498410e-03
   2.2491940e-03
   2.3023990e-03
   2.2128190e-03
   1.9683140e-03
   1.4953020e-03
   1.6194210e-03
   1.2085450e-03
   1.8811260e-04
  -7.2635140e-05
   4.4065310e-05
  -1.1981240e-04
  -1.3376720e-04
  -1.1939610e-05
   5.9838260e-05
   1.0875440e-04
  -6.9153870e-05
  -3.0970180e-04
  -3.7544030e-04
  -5.0524400e-04
  -5.9642620e-04
  -7.1076680e-04
  -1.2595560e-03
  -1.5550460e-03
  -1.7679010e-03
  -1.9661860e-03
  -2.1349990e-03
  -2.5945800e-03
  -3.0230200e-03
  -2.9796970e-03
  -3.2661080e-03
  -3.5804380e-03
  -3.8863530e-03
  -3.9984110e-03
  -4.2055350e-03
  -4.2821390e-03
  -4.2924520e-03
  -4.1996040e-03
  -3.6887230e-03
  -3.3566940e-03
  -2.9967460e-03
  -2.4567700e-03
  -2.0166500e-03
  -1.5348930e-03
  -9.8991720e-04
  -3.6605750e-04
   2.9327630e-04
   4.7071060e-04
   5.0177930e-04
   8.8308940e-04
   9.8555840e-04
   1.0223650e-03
   1.0263730e-03
   9.8194750e-04
   7.6178680e-04
   2.6480110e-04
  -3.6951090e-05
  -4.6829560e-04
  -1.0175030e-03
  -1.6120180e-03
  -2.0806540e-03
  -2.5656760e-03
  -2.3896510e-03
  -2.5283660e-03
  -2.3461150e-03
  -1.9657120e-03
  -1.6933020e-03
  -1.5726880e-03
  -1.7959580e-03
  -1.5091410e-03
  -1.3888810e-03
  -1.4840200e-03
  -1.7769490e-03
  -2.0173580e-03
  -1.9679310e-03
  -1.8947760e-03
  -1.8443300e-03
  -1.7113430e-03
  -1.4198710e-03
  -1.0943420e-03
  -9.4300250e-04
  -9.6059490e-04
  -7.0490690e-04
  -4.1089440e-04
  -9.2519180e-05
   1.2207690e-05
   9.8833770e-05
   6.1068830e-05
   1.1022820e-04
   3.6193260e-04
   4.7403200e-04
   3.0183170e-04
   1.7440390e-04
   1.1242360e-04
  -7.1725320e-05
  -1.2053820e-04
  -2.2217370e-05
  -1.1875720e-04
  -1.9368530e-04
  -3.8373850e-04
  -6.0144570e-04
  -5.1147150e-04
  -6.7655500e-04
  -9.0936620e-04
  -1.1985150e-03
  -1.6167630e-03
  -1.6331430e-03
  -1.9881320e-03
  -2.6085190e-03
  -3.0169840e-03
  -2.8568740e-03
  -3.0921930e-03
  -3.3199390e-03
  -3.2933650e-03
  -3.2556460e-03
  -3.2271900e-03
  -3.0157510e-03
  -2.7415080e-03
  -2.2716210e-03
  -1.9650530e-03
  -1.8932840e-03
  -1.6001080e-03
  -1.2856470e-03
  -1.2975290e-03
  -1.4639260e-03
  -1.3559540e-03
  -1.3510250e-03
  -1.7163270e-03
  -2.0836120e-03
  -2.2029600e-03
  -2.3326230e-03
  -2.6902030e-03
  -2.8762540e-03
  -2.7587620e-03
  -2.5628440e-03
  -2.4073920e-03
  -1.9326990e-03
  -8.9179310e-04
  -2.3246880e-04
   2.2490270e-04
   7.3383750e-04
   1.1366180e-03
   1.4774120e-03
   1.9219610e-03
   2.1491690e-03
   2.4133540e-03
   2.7599790e-03
   3.0812400e-03
   3.1244200e-03
   3.3367250e-03
   3.5384790e-03
   3.4629380e-03
   3.3615090e-03
   3.3928710e-03
   3.3064990e-03
   3.0869500e-03
   2.5669850e-03
   2.1253920e-03
   1.6972320e-03
   1.0327180e-03
   4.8102100e-04
   1.0864380e-04
  -2.4231020e-04
  -6.3463070e-04
  -9.0478510e-04
  -7.5439380e-04
  -8.5770950e-04
  -1.2916090e-03
  -1.4682100e-03
  -1.3594300e-03
  -1.2805990e-03
  -1.2378350e-03
  -1.1596890e-03
  -8.7301420e-04
  -4.1508030e-04
  -1.6877670e-04
   4.5641440e-05
   9.1142810e-04
   1.3835890e-03
   1.7239810e-03
   1.9088870e-03
   2.3607910e-03
   2.8022830e-03
   2.9157950e-03
   3.2410040e-03
   3.7591520e-03
   3.7239290e-03
   3.5328750e-03
   3.5863230e-03
   3.6017490e-03
   3.4002160e-03
   2.9270610e-03
   2.6209060e-03
   2.3553240e-03
   1.9706270e-03
   1.7346950e-03
   1.2932100e-03
   1.0856480e-03
   8.9482030e-04
   6.8909060e-04
   7.5461400e-04
   6.2942940e-04
   7.6264520e-04
   1.1140460e-03
   1.4274040e-03
   1.6080310e-03
   2.1114870e-03
   2.1266460e-03
   1.8297060e-03
   2.3763070e-03
   3.1489510e-03
   3.2463050e-03
   3.2683720e-03
   3.6148720e-03
   4.0612460e-03
   3.9029330e-03
   3.8532700e-03
   4.0526110e-03
   3.6198730e-03
   3.0863790e-03
   2.5644400e-03
   2.1872670e-03
   1.8209210e-03
   1.2753100e-03
   7.8428300e-04
   5.4435400e-04
   2.8837020e-04
  -2.3260770e-04
  -1.0249500e-03
  -1.5309440e-03
  -1.3653270e-03
  -1.7742250e-03
  -1.6364360e-03
  -1.3925400e-03
  -1.4783710e-03
  -1.8426040e-03
  -2.2601960e-03
  -2.3889250e-03
  -2.7046210e-03
  -3.1637370e-03
  -3.1995880e-03
  -3.1089030e-03
  -2.8826020e-03
  -2.5122540e-03
  -1.8294730e-03
  -8.8008490e-04
   1.5480130e-05
   9.3853480e-04
   1.8558580e-03
   3.0743850e-03
   3.9816760e-03
   4.6747610e-03
   5.1965470e-03
   5.4628070e-03
   5.5124170e-03
   5.5799010e-03
   5.2005610e-03
   4.7396890e-03
   4.3925040e-03
   4.2031000e-03
   3.9555300e-03
   3.4734250e-03
   3.1054700e-03
   2.9212800e-03
   2.6702060e-03
   2.5103670e-03
   2.4174200e-03
   1.7642300e-03
   1.2269020e-03
   1.1318660e-03
   6.1270790e-04
  -2.5114980e-06
  -5.7871880e-04
  -1.1956760e-03
  -1.6328870e-03
  -2.2949090e-03
  -2.5297310e-03
  -2.5672550e-03
  -2.4459650e-03
  -2.0221390e-03
  -1.8517750e-03
  -1.7557930e-03
  -1.2500690e-03
  -9.7304520e-04
  -8.0496180e-04
  -4.9536130e-04
  -2.5497910e-04
  -1.2614660e-04
   4.7613400e-05
   3.0384120e-04
   4.7302880e-04
   3.0221810e-04
   4.7805120e-05
   6.1764410e-05
   2.2303270e-04
   2.4859460e-04
   3.4898400e-04
   3.6638970e-04
   1.5985970e-04
   1.7597880e-05
  -3.8106350e-05
  -6.5803320e-04
  -1.1739250e-03
  -1.5992360e-03
  -2.2632780e-03
  -2.6899250e-03
  -2.8816900e-03
  -3.2491410e-03
  -3.2807860e-03
  -2.8504490e-03
  -2.6596240e-03
  -2.2305140e-03
  -1.8849540e-03
  -1.6048000e-03
  -1.2224530e-03
  -7.4092010e-04
  -5.6548590e-04
  -6.6779710e-04
  -5.6534590e-04
  -6.1553600e-04
  -9.8857790e-04
  -1.2207900e-03
  -1.1762220e-03
  -1.3454410e-03
  -1.7230690e-03
  -1.8875140e-03
  -1.8623930e-03
  -1.8641240e-03
  -1.8287880e-03
  -1.8396550e-03
  -1.4075700e-03
  -1.6180210e-03
  -1.7938690e-03
  -1.8374900e-03
  -2.1423080e-03
  -2.4516720e-03
  -2.6281100e-03
  -2.8252620e-03
  -3.1666080e-03
  -3.5082130e-03
  -3.8290350e-03
  -3.8746940e-03
  -4.0859390e-03
  -4.1585280e-03
  -3.9831950e-03
  -3.7838060e-03
  -3.4271940e-03
  -3.1950300e-03
  -2.8501100e-03
  -2.1149820e-03
  -1.6911770e-03
  -1.2441890e-03
  -9.1786080e-04
  -8.0097010e-04
  -8.0739880e-04
  -8.5184830e-04
  -8.7726470e-04
  -1.0289380e-03
  -1.0646840e-03
  -9.6306730e-04
  -7.0171020e-04
  -6.6110810e-04
  -5.6946160e-04
  -4.9041470e-04
  -4.3619680e-04
  -3.7996700e-04
  -2.3810620e-04
  -9.0506280e-05
  -1.6913170e-04
  -2.4117760e-05
   2.0843340e-07
  -1.9492150e-04
  -4.3376600e-04
  -6.1842490e-04
  -8.6337480e-04
  -1.3497550e-03
  -1.9647800e-03
  -2.3811260e-03
  -2.5786610e-03
  -2.9983230e-03
  -3.4782790e-03
  -3.8695840e-03
  -4.3219180e-03
  -4.6027290e-03
  -4.8854990e-03
  -4.7557890e-03
  -4.5529080e-03
  -4.7999100e-03
  -4.6068860e-03
  -4.2072450e-03
  -3.9238320e-03
  -3.7213600e-03
  -3.4362130e-03
  -3.1133390e-03
  -2.6950270e-03
  -2.4563130e-03
  -2.3762110e-03
  -2.0371840e-03
  -1.5779670e-03
  -1.1860310e-03
  -1.1539000e-03
  -1.0489540e-03
  -9.9573300e-04
  -1.0207090e-03
  -1.0186580e-03
  -1.2585450e-03
  -1.1225900e-03
  -1.2916670e-03
  -1.8328790e-03
  -1.7743100e-03
  -1.5484900e-03
  -1.8236490e-03
  -2.0349040e-03
  -1.9462040e-03
  -1.9227810e-03
  -2.1755930e-03
  -2.3010230e-03
  -2.3527150e-03
  -2.1136330e-03
  -2.2480070e-03
  -2.5159260e-03
  -2.7590720e-03
  -3.0509780e-03
  -3.3107550e-03
  -3.8544670e-03
  -4.3950020e-03
  -4.7127430e-03
  -5.3238230e-03
  -5.9757170e-03
  -6.0649890e-03
  -6.0384570e-03
  -6.1240790e-03
  -6.1606670e-03
  -5.6915450e-03
  -4.9546690e-03
  -4.0826770e-03
  -3.3298610e-03
  -2.9086130e-03
  -2.2307150e-03
  -1.6965550e-03
  -1.4330720e-03
  -1.2058260e-03
  -7.0013670e-04
  -3.6038320e-04
  -7.9423200e-05
   3.0979100e-04
   5.2334780e-04
   3.7742800e-04
   3.4001640e-04
   3.7561610e-04
   2.7993430e-04
  -1.7744110e-04
  -5.6637730e-04
  -6.7474230e-04
  -6.1934220e-04
  -6.8024820e-04
  -9.9114650e-04
  -1.0818480e-03
  -1.2152450e-03
  -1.6549860e-03
  -1.6562680e-03
  -2.0365470e-03
  -2.1131020e-03
  -1.9390580e-03
  -1.8669880e-03
  -1.6788690e-03
  -1.2086830e-03
  -1.1991410e-03
  -9.3565900e-04
  -4.3631860e-04
  -1.2644090e-04
   2.3610160e-04
   5.9584100e-04
   9.1861450e-04
   1.2015800e-03
   1.2155320e-03
   1.4037590e-03
   1.8092420e-03
   1.8944470e-03
   2.0012160e-03
   2.2533050e-03
   2.4272610e-03
   2.5023930e-03
   2.6120570e-03
   2.4872940e-03
   2.3319700e-03
   2.1623910e-03
   1.4747510e-03
   1.1509500e-03
   1.1385110e-03
   8.0268520e-04
   4.0292960e-04
   4.5166070e-06
  -1.3758880e-04
  -1.8928910e-04
  -1.9041800e-04
  -8.5712210e-06
   2.9464920e-04
   6.6926440e-04
   1.0214610e-03
   1.2176760e-03
   1.5804350e-03
   1.9973460e-03
   2.2037360e-03
   2.2899010e-03
   2.3983590e-03
   2.7151310e-03
   2.5691690e-03
   2.3027070e-03
   2.3871080e-03
   2.4057620e-03
   2.1620490e-03
   2.2835420e-03
   2.2008600e-03
   2.1342440e-03
   2.2311430e-03
   2.3318330e-03
   2.8520690e-03
   3.0332460e-03
   2.8828660e-03
   3.1435410e-03
   3.3044250e-03
   3.2739410e-03
   3.1787630e-03
   3.1569550e-03
   2.8581120e-03
   2.4527460e-03
   1.9690770e-03
   1.4413940e-03
   1.5988540e-03
   1.4272630e-03
   8.7797480e-04
   5.1356060e-04
   6.9111920e-04
   6.8843480e-04
   7.1077510e-04
   7.2664390e-04
   7.9157970e-04
   9.5851930e-04
   9.7650490e-04
   1.1475830e-03
   1.5192970e-03
   1.9435320e-03
   2.3743650e-03
   2.8579650e-03
   3.4116600e-03
   4.0205750e-03
   4.4466440e-03
   4.5648130e-03
   4.7657510e-03
   5.0430340e-03
   4.7589530e-03
   4.3902600e-03
   4.2577940e-03
   3.8409310e-03
   3.1018560e-03
   2.3781270e-03
   1.7530000e-03
   1.0996750e-03
   5.9640610e-04
   1.7522210e-04
  -6.3208910e-05
  -1.3994130e-04
  -3.0205610e-04
  -3.8644960e-04
  -3.0150480e-04
  -1.3588800e-05
  -1.5230460e-05
  -1.1101730e-04
   9.0521030e-05
   1.3391520e-04
   2.8452240e-04
   4.8360930e-04
   7.9291490e-04
   1.0109560e-03
   9.9449780e-04
   1.1229530e-03
   1.1796610e-03
   1.3686350e-03
   1.4843550e-03
   1.5499150e-03
   1.4228200e-03
   1.4382160e-03
   1.2185030e-03
   1.0320580e-03
   1.2712300e-03
   1.3958750e-03
   1.0877330e-03
   7.9297550e-04
   8.3803460e-04
   7.9204880e-04
   5.3464560e-04
   3.0342660e-04
   3.5613100e-04
   3.5385760e-04
   1.8235300e-04
   1.6928800e-04
   2.9834050e-04
   5.4504570e-04
   7.1872470e-04
   5.4235180e-04
   4.2709490e-04
   5.2180460e-04
   6.3695180e-04
   6.1272110e-04
   4.1133160e-04
   1.0580340e-03
   1.1522440e-03
   8.0311690e-04
   1.3795090e-03
   2.1383920e-03
   2.2396410e-03
   1.8346850e-03
   1.6307640e-03
   1.5250080e-03
   1.2039610e-03
   6.7428540e-04
   2.8432860e-04
   6.7122850e-05
  -1.9272640e-05
  -3.1409390e-04
  -3.5403710e-04
  -1.6883460e-04
  -1.4303700e-04
   3.1211740e-04
   5.7563540e-04
   9.5086260e-04
   1.1537040e-03
   1.2777860e-03
   1.8843990e-03
   2.4867690e-03
   2.6877590e-03
   2.8495500e-03
   3.1802050e-03
   3.5121450e-03
   3.5563320e-03
   3.5045250e-03
   3.3153220e-03
   3.2663970e-03
   2.9313980e-03
   2.5572000e-03
   2.3047220e-03
   1.8865980e-03
   1.5851390e-03
   1.3220770e-03
   7.9696550e-04
   3.5542360e-04
  -7.8884420e-05
  -3.5509850e-04
  -2.1024170e-04
  -3.0324710e-04
  -4.3320850e-04
  -4.4753610e-04
  -3.5613310e-04
   3.3962410e-05
   3.7480430e-04
   8.3097620e-04
   1.4730230e-03
   2.2354320e-03
   2.7458140e-03
   3.3514320e-03
   4.0736360e-03
   4.5136840e-03
   4.8762550e-03
   5.2342730e-03
   5.5504870e-03
   6.1046060e-03
   6.4313370e-03
   6.5709570e-03
   7.0782490e-03
   7.0638910e-03
   6.8998370e-03
   6.6920890e-03
   6.9096620e-03
   6.9194240e-03
   6.8641040e-03
   6.8547000e-03
   6.7362850e-03
   6.3064910e-03
   6.2612240e-03
   6.2846670e-03
   6.0963850e-03
   5.7863290e-03
   5.3690140e-03
   4.9282720e-03
   4.4563480e-03
   4.0122100e-03
   3.5382760e-03
   3.2794320e-03
   3.4311810e-03
   3.5511110e-03
   3.6515890e-03
   4.4473960e-03
   4.8666930e-03
   5.1982100e-03
   5.3375980e-03
   5.4562180e-03
   5.3219130e-03
   5.1715440e-03
   4.8146280e-03
   4.1397730e-03
   3.7865590e-03
   3.7023840e-03
   3.2349460e-03
   2.7933920e-03
   3.0567630e-03
   3.5728120e-03
   3.5560610e-03
   3.3791050e-03
   3.5750240e-03
   4.0341840e-03
   3.6284900e-03
   3.2713370e-03
   3.1114510e-03
   2.6081790e-03
   1.9600360e-03
   1.4372730e-03
   8.0935330e-04
   8.6492640e-05
  -7.7451510e-04
  -1.3044080e-03
  -2.0316190e-03
  -2.6531250e-03
  -3.0648320e-03
  -3.7774820e-03
  -3.6744870e-03
  -3.8691240e-03
  -4.0637340e-03
  -4.0201440e-03
  -3.7370640e-03
  -3.6137550e-03
  -3.6580100e-03
  -3.4399120e-03
  -3.1074980e-03
  -2.6458740e-03
  -2.1887340e-03
  -1.8001170e-03
  -1.5077460e-03
  -1.0686460e-03
  -9.7142590e-04
  -8.6515410e-04
  -5.5920570e-04
  -3.7300200e-04
  -3.1187040e-04
  -3.1608120e-04
  -3.7185320e-04
  -4.9340330e-04
  -9.3321450e-04
  -1.5235100e-03
  -1.5957800e-03
  -1.6055730e-03
  -1.9445840e-03
  -2.1614660e-03
  -2.2477780e-03
  -2.2256780e-03
  -2.2470220e-03
  -2.0328890e-03
  -1.9661460e-03
  -1.9364260e-03
  -1.9403650e-03
  -2.2834140e-03
  -2.1168320e-03
  -2.1258610e-03
  -2.3341660e-03
  -2.4478450e-03
  -2.3887980e-03
  -2.2015910e-03
  -2.2131150e-03
  -2.4422520e-03
  -2.3876270e-03
  -2.2756820e-03
  -2.3742820e-03
  -2.4047490e-03
  -2.4273470e-03
  -2.6022460e-03
  -2.9617900e-03
  -2.9721310e-03
  -3.0964560e-03
  -3.0104980e-03
  -2.8119860e-03
  -2.7572230e-03
  -2.6851210e-03
  -2.6493110e-03
  -2.5488740e-03
  -2.0446260e-03
  -1.6362500e-03
  -1.4293000e-03
  -1.3967320e-03
  -1.2383880e-03
  -1.1038990e-03
  -9.8166760e-04
  -8.0577010e-04
  -7.9921780e-04
  -8.6074080e-04
  -9.2890390e-04
  -9.7638310e-04
  -9.3178850e-04
  -9.1845750e-04
  -8.0022200e-04
  -6.8647190e-04
  -7.3051420e-04
  -7.4757770e-04
  -9.2575300e-04
  -1.1471650e-03
  -1.6368870e-03
  -2.2751670e-03
  -2.1210970e-03
  -2.6239440e-03
  -3.4730960e-03
  -3.5663990e-03
  -3.5336800e-03
  -3.6802320e-03
  -3.9702650e-03
  -3.9716300e-03
  -3.8041970e-03
  -3.7746120e-03
  -3.7514080e-03
  -3.8316800e-03
  -3.8121870e-03
  -3.8384550e-03
  -3.6148640e-03
  -3.3078000e-03
  -3.0476690e-03
  -2.7707970e-03
  -2.6181850e-03
  -2.2736350e-03
  -2.1399530e-03
  -2.5217510e-03
  -2.7932880e-03
  -2.6550650e-03
  -2.9905170e-03
  -3.3523220e-03
  -3.5152730e-03
  -3.8192910e-03
  -3.8206370e-03
  -4.0197350e-03
  -4.1018240e-03
  -3.9182930e-03
  -3.7185370e-03
