   2.1557900e-05
   6.1434690e-05
   1.8323040e-05
  -9.6935170e-05
  -2.5828290e-04
  -4.4358570e-04
  -6.4434420e-04
  -8.5683350e-04
  -1.0716330e-03
  -1.2717530e-03
  -1.4353040e-03
  -1.5504860e-03
  -1.6271570e-03
  -1.6876320e-03
  -1.7469130e-03
  -1.8046920e-03
  -1.8482090e-03
  -1.8629080e-03
  -1.8461310e-03
  -1.7959470e-03
  -1.7068110e-03
  -1.5734480e-03
  -1.3966360e-03
  -1.1947250e-03
  -1.0039580e-03
  -8.6371620e-04
  -7.9600900e-04
  -7.8627790e-04
  -7.9712710e-04
  -7.9040030e-04
  -7.3713130e-04
  -6.1574020e-04
  -4.1874710e-04
  -1.5651650e-04
   1.5160430e-04
   4.8036650e-04
   7.9796270e-04
   1.0639350e-03
   1.2415260e-03
   1.3183700e-03
   1.3067440e-03
   1.2191390e-03
   1.0590470e-03
   8.3376680e-04
   5.6499570e-04
   2.8131080e-04
   1.3017250e-05
  -2.1322270e-04
  -3.8675920e-04
  -5.1333460e-04
  -6.0864270e-04
  -6.8789890e-04
  -7.5469290e-04
  -8.0675020e-04
  -8.4286860e-04
  -8.6494790e-04
  -8.7056640e-04
  -8.5023430e-04
  -7.8758120e-04
  -6.6429330e-04
  -4.6950510e-04
  -2.0203440e-04
   1.1743140e-04
   4.3577540e-04
   6.9397610e-04
   8.4774660e-04
   8.7411130e-04
   7.9455450e-04
   6.6713820e-04
   5.4948550e-04
   4.7788190e-04
   4.7510120e-04
   5.5592410e-04
   7.1091550e-04
   9.0059180e-04
   1.0696130e-03
   1.1766500e-03
   1.2111240e-03
   1.1818700e-03
   1.1099240e-03
   1.0196610e-03
   9.3109260e-04
   8.5801030e-04
   8.0580610e-04
   7.7488950e-04
   7.6114970e-04
   7.5970290e-04
   7.6973530e-04
   7.8494100e-04
   7.8471140e-04
   7.4418570e-04
   6.4650390e-04
   4.8391400e-04
   2.6211660e-04
   9.4371620e-06
  -2.3462190e-04
  -4.4073240e-04
  -5.9996850e-04
  -7.2054210e-04
  -8.1967440e-04
  -9.1372770e-04
  -1.0087240e-03
  -1.0949720e-03
  -1.1492430e-03
  -1.1432410e-03
  -1.0543560e-03
  -8.7648340e-04
  -6.3800560e-04
  -3.9379570e-04
  -2.0618170e-04
  -1.1489120e-04
  -1.2760240e-04
  -2.2905090e-04
  -3.8988660e-04
  -5.8074440e-04
  -7.7190880e-04
  -9.3330580e-04
  -1.0373710e-03
  -1.0717530e-03
  -1.0480430e-03
  -9.8817630e-04
  -9.1935450e-04
  -8.7202520e-04
  -8.7939770e-04
  -9.5632590e-04
  -1.0809750e-03
  -1.2113610e-03
  -1.3034450e-03
  -1.3275560e-03
  -1.2835810e-03
  -1.1867570e-03
  -1.0570020e-03
  -9.1668420e-04
  -7.7827140e-04
  -6.3750040e-04
  -4.8556550e-04
  -3.2022110e-04
  -1.4355510e-04
   3.7809140e-05
   2.1099720e-04
   3.6292230e-04
   4.7788470e-04
   5.3761400e-04
   5.2338610e-04
   4.2220450e-04
   2.4010980e-04
   2.3086560e-06
  -2.4758210e-04
  -4.6491220e-04
  -6.1878100e-04
  -6.9751240e-04
  -7.0991100e-04
  -6.7755670e-04
  -6.2937280e-04
  -5.8726300e-04
  -5.5727850e-04
  -5.2994660e-04
  -4.8873580e-04
  -4.1569320e-04
  -2.9487970e-04
  -1.2996110e-04
   5.5541880e-05
   2.3347100e-04
   3.8387920e-04
   4.9793430e-04
   5.8178580e-04
   6.5577030e-04
   7.4281340e-04
   8.5417540e-04
   9.8256060e-04
   1.1061530e-03
   1.2083100e-03
   1.2862710e-03
   1.3503850e-03
   1.4226450e-03
   1.5367470e-03
   1.7219340e-03
   1.9793610e-03
   2.2857600e-03
   2.6120540e-03
   2.9212130e-03
   3.1744530e-03
   3.3424180e-03
   3.4073000e-03
   3.3636960e-03
   3.2147160e-03
   2.9688060e-03
   2.6408970e-03
   2.2439970e-03
   1.7879450e-03
   1.2960410e-03
   8.0362050e-04
   3.4643160e-04
  -5.2007030e-05
  -3.9190110e-04
  -6.8946600e-04
  -9.5941540e-04
  -1.2027990e-03
  -1.4051600e-03
  -1.5485710e-03
  -1.6271260e-03
  -1.6452510e-03
  -1.6185800e-03
  -1.5678690e-03
  -1.4975710e-03
  -1.4014500e-03
  -1.2753300e-03
  -1.1243590e-03
  -9.6595340e-04
  -8.1840580e-04
  -6.8736020e-04
  -5.6271410e-04
  -4.2872580e-04
  -2.7699150e-04
  -1.1427360e-04
   4.3670670e-05
   1.8260630e-04
   2.9358470e-04
   3.7007910e-04
   4.1324330e-04
   4.2591930e-04
   4.1103140e-04
   3.7741100e-04
   3.4413070e-04
   3.4049550e-04
   3.9796900e-04
   5.3662960e-04
   7.4935920e-04
   9.8809640e-04
   1.1843700e-03
   1.2972470e-03
   1.3376940e-03
   1.3437840e-03
   1.3505010e-03
   1.3747200e-03
   1.4158490e-03
   1.4597760e-03
   1.4806670e-03
   1.4569120e-03
   1.3903820e-03
   1.3027570e-03
   1.2115970e-03
   1.1215750e-03
   1.0415750e-03
   9.9277860e-04
   9.9889330e-04
   1.0774830e-03
   1.2373760e-03
   1.4742330e-03
   1.7609470e-03
   2.0520420e-03
   2.2982270e-03
   2.4541420e-03
   2.4834850e-03
   2.3642340e-03
   2.1011240e-03
   1.7246650e-03
   1.2636510e-03
   7.3897920e-04
   1.6625160e-04
  -4.3523610e-04
  -1.0394340e-03
  -1.6277580e-03
  -2.1914550e-03
  -2.7169000e-03
  -3.1852430e-03
  -3.5855360e-03
  -3.9005080e-03
  -4.1043250e-03
  -4.1843880e-03
  -4.1454620e-03
  -4.0068460e-03
  -3.7992290e-03
  -3.5546670e-03
  -3.3011930e-03
  -3.0562570e-03
  -2.8203320e-03
  -2.5857030e-03
  -2.3405980e-03
  -2.0701140e-03
  -1.7652000e-03
  -1.4310100e-03
  -1.0828180e-03
  -7.4300710e-04
  -4.3213540e-04
  -1.7096820e-04
   2.5616030e-05
   1.5410040e-04
   2.2185080e-04
   2.4663000e-04
   2.5763270e-04
   2.9600000e-04
   3.9225750e-04
   5.3892340e-04
   6.9427900e-04
   8.2083140e-04
   8.9800960e-04
   9.1482840e-04
   8.6953510e-04
   7.7004380e-04
   6.3557070e-04
   4.9542310e-04
   3.8633580e-04
   3.4193410e-04
   3.6817180e-04
   4.4038810e-04
   5.2368930e-04
   5.8771850e-04
   6.1514730e-04
   5.8622490e-04
   4.8921280e-04
   3.2917530e-04
   1.1878050e-04
  -1.2485330e-04
  -3.8045940e-04
  -6.1832830e-04
  -8.0405420e-04
  -9.0217000e-04
  -8.8856050e-04
  -7.6189860e-04
  -5.4566240e-04
  -2.8082070e-04
  -5.3003800e-06
   2.5554500e-04
   4.8163020e-04
   6.5442610e-04
   7.6077160e-04
   8.0278210e-04
   7.9794000e-04
   7.5826720e-04
   6.8165730e-04
   5.6286510e-04
   4.0697860e-04
   2.2285810e-04
   2.3756970e-05
  -1.7021960e-04
  -3.4456200e-04
  -4.9509990e-04
  -6.2075330e-04
  -7.1938370e-04
  -7.9069690e-04
  -8.4221220e-04
  -8.8651170e-04
  -9.3949260e-04
  -1.0168280e-03
  -1.1311250e-03
  -1.2800270e-03
  -1.4394080e-03
  -1.5706160e-03
  -1.6396200e-03
  -1.6319630e-03
  -1.5406840e-03
  -1.3645120e-03
  -1.1135590e-03
  -8.1030900e-04
  -4.8627100e-04
  -1.6647640e-04
   1.2377530e-04
   3.5576020e-04
   5.1438800e-04
   5.9903870e-04
   6.1912190e-04
   5.9190730e-04
   5.2994530e-04
   4.4247450e-04
   3.3924210e-04
   2.3130510e-04
   1.3410580e-04
   6.2514210e-05
   1.6254230e-05
  -1.6132260e-06
   3.1377260e-05
   1.3743510e-04
   3.1414990e-04
   5.3842920e-04
   7.7951720e-04
   1.0014020e-03
   1.1666950e-03
   1.2577460e-03
   1.2822520e-03
   1.2679230e-03
   1.2460950e-03
   1.2360080e-03
   1.2412320e-03
   1.2398600e-03
   1.2030940e-03
   1.1122840e-03
   9.6038320e-04
   7.4854770e-04
   4.8424770e-04
   1.8453670e-04
  -1.2613280e-04
  -4.3414600e-04
  -7.4410540e-04
  -1.0682450e-03
  -1.4108950e-03
  -1.7626530e-03
  -2.1063730e-03
  -2.4140830e-03
  -2.6613500e-03
  -2.8380220e-03
  -2.9444530e-03
  -2.9723710e-03
  -2.8962120e-03
  -2.6909040e-03
  -2.3552300e-03
  -1.9260610e-03
  -1.4597300e-03
  -1.0105950e-03
  -6.2119040e-04
  -3.0818280e-04
  -5.3587190e-05
   1.7936790e-04
   4.1025090e-04
   6.2743020e-04
   8.0283760e-04
   9.2162990e-04
   9.9506060e-04
   1.0605690e-03
   1.1630780e-03
   1.3289950e-03
   1.5632610e-03
   1.8460750e-03
   2.1336160e-03
   2.3770960e-03
   2.5478970e-03
   2.6480070e-03
   2.7032850e-03
   2.7306020e-03
   2.7225800e-03
   2.6617650e-03
   2.5293670e-03
   2.3139660e-03
   2.0161620e-03
   1.6556220e-03
   1.2602450e-03
   8.5620320e-04
   4.5732640e-04
   6.5863110e-05
  -3.1274810e-04
  -6.6110950e-04
  -9.5583430e-04
  -1.1820100e-03
  -1.3302840e-03
  -1.3868230e-03
  -1.3398680e-03
  -1.1973870e-03
  -9.9091610e-04
  -7.5817270e-04
  -5.4135460e-04
  -3.6854210e-04
  -2.3941320e-04
  -1.3393220e-04
  -2.5768830e-05
   1.0309680e-04
   2.5354340e-04
   4.1364510e-04
   5.6534570e-04
   6.9868490e-04
   8.1017040e-04
   8.9588920e-04
   9.4113910e-04
   9.3552990e-04
   8.8623890e-04
   8.1993960e-04
   7.6338100e-04
   7.1311170e-04
   6.5614170e-04
   5.8955270e-04
   5.0763700e-04
   4.0476550e-04
   2.8634190e-04
   1.6335790e-04
   3.8894580e-05
  -9.5843430e-05
  -2.4962070e-04
  -4.2889990e-04
  -6.3641120e-04
  -8.6737460e-04
  -1.1046700e-03
  -1.3168950e-03
  -1.4690040e-03
  -1.5411680e-03
  -1.5419820e-03
  -1.4887500e-03
  -1.3912600e-03
  -1.2549100e-03
  -1.0715080e-03
  -8.2817990e-04
  -5.3299220e-04
  -2.1027220e-04
   1.1938060e-04
   4.3434890e-04
   7.1384120e-04
   9.5088700e-04
   1.1589720e-03
   1.3586080e-03
   1.5588650e-03
   1.7546210e-03
   1.9311680e-03
   2.0707060e-03
   2.1575190e-03
   2.1897860e-03
   2.1896700e-03
   2.1950790e-03
   2.2324890e-03
   2.3104730e-03
   2.4239430e-03
   2.5539810e-03
   2.6726990e-03
   2.7591190e-03
   2.8143840e-03
   2.8444990e-03
   2.8439680e-03
   2.7934300e-03
   2.6696680e-03
   2.4655620e-03
   2.1889720e-03
   1.8495830e-03
   1.4548340e-03
   1.0113650e-03
   5.2498630e-04
   7.9701300e-06
  -5.1328260e-04
  -1.0152610e-03
  -1.4866320e-03
  -1.9219620e-03
  -2.3083820e-03
  -2.6164490e-03
  -2.8184810e-03
  -2.8974070e-03
  -2.8481980e-03
  -2.6837010e-03
  -2.4343600e-03
  -2.1373220e-03
  -1.8286490e-03
  -1.5438330e-03
  -1.3117910e-03
  -1.1534530e-03
  -1.0795300e-03
  -1.0849440e-03
  -1.1491620e-03
  -1.2435040e-03
  -1.3386910e-03
  -1.4119270e-03
  -1.4513630e-03
  -1.4568800e-03
  -1.4342460e-03
  -1.3985950e-03
  -1.3691250e-03
  -1.3578290e-03
  -1.3661750e-03
  -1.3855950e-03
  -1.4014120e-03
  -1.3956330e-03
  -1.3563890e-03
  -1.2785870e-03
  -1.1535050e-03
  -9.7438120e-04
  -7.3806720e-04
  -4.4816170e-04
  -1.1681510e-04
   2.3523120e-04
   5.7287360e-04
   8.5208140e-04
   1.0326730e-03
   1.0891130e-03
   1.0201940e-03
   8.5072220e-04
   6.1719770e-04
   3.5782830e-04
   1.1191240e-04
  -9.4125780e-05
  -2.6577630e-04
  -4.3604970e-04
  -6.2973120e-04
  -8.4487850e-04
  -1.0616220e-03
  -1.2495410e-03
  -1.3736770e-03
  -1.4059830e-03
  -1.3410170e-03
  -1.2055310e-03
  -1.0376440e-03
  -8.6534870e-04
  -7.1002310e-04
  -5.9004680e-04
  -5.2034440e-04
  -5.1161560e-04
  -5.6519760e-04
  -6.7116780e-04
  -8.0288000e-04
  -9.3641760e-04
  -1.0669390e-03
  -1.2072260e-03
  -1.3816390e-03
  -1.6036800e-03
  -1.8563660e-03
  -2.0947070e-03
  -2.2647240e-03
  -2.3291530e-03
  -2.2713740e-03
  -2.0901380e-03
  -1.8002640e-03
  -1.4289390e-03
  -1.0061600e-03
  -5.5004930e-04
  -6.4771830e-05
   4.4776500e-04
   9.7357780e-04
   1.4980420e-03
   2.0093080e-03
   2.4809120e-03
   2.8660680e-03
   3.1089940e-03
   3.1744750e-03
   3.0709350e-03
   2.8389050e-03
   2.5276460e-03
   2.1776820e-03
   1.8111060e-03
   1.4364110e-03
   1.0604640e-03
   7.0355710e-04
   3.9573460e-04
   1.6962920e-04
   5.1987640e-05
   5.7488550e-05
   1.7734060e-04
   3.7069160e-04
   5.8829900e-04
   7.9271750e-04
   9.5884500e-04
   1.0726480e-03
   1.1306350e-03
   1.1323860e-03
   1.0732710e-03
   9.4660620e-04
   7.4656110e-04
   4.8183920e-04
   1.7495710e-04
  -1.5801260e-04
  -5.1064700e-04
  -8.7573980e-04
  -1.2337300e-03
  -1.5486960e-03
  -1.7738730e-03
  -1.8667220e-03
  -1.8122760e-03
  -1.6242330e-03
  -1.3354530e-03
  -9.9080290e-04
  -6.3726540e-04
  -3.0921660e-04
  -2.5156100e-05
   2.0493960e-04
   3.6877690e-04
   4.5306330e-04
   4.5594210e-04
   3.9139330e-04
   2.8626040e-04
   1.7050200e-04
   5.8337290e-05
  -5.8775660e-05
  -1.9924030e-04
  -3.7836070e-04
  -5.9400470e-04
  -8.1982730e-04
  -1.0276050e-03
  -1.2083270e-03
  -1.3596930e-03
  -1.4671750e-03
  -1.5115880e-03
  -1.4823340e-03
  -1.3781390e-03
  -1.2090320e-03
  -1.0003690e-03
  -7.7840350e-04
  -5.5970340e-04
  -3.6042280e-04
  -1.9660730e-04
  -8.1776460e-05
  -2.0125820e-05
  -5.8236180e-06
  -2.6698840e-05
  -6.9636170e-05
  -1.2689660e-04
  -2.0380070e-04
  -3.1832920e-04
  -4.9049160e-04
  -7.1883120e-04
  -9.6756280e-04
  -1.1896610e-03
  -1.3562340e-03
  -1.4586210e-03
  -1.4993360e-03
  -1.4789830e-03
  -1.3970870e-03
  -1.2544630e-03
  -1.0514540e-03
  -7.9829380e-04
  -5.2481120e-04
  -2.8544980e-04
  -1.4543480e-04
  -1.4378280e-04
  -2.8239690e-04
  -5.4616160e-04
  -9.0179870e-04
  -1.2969010e-03
  -1.6724450e-03
  -1.9751720e-03
  -2.1612450e-03
  -2.2132270e-03
  -2.1338590e-03
  -1.9366900e-03
  -1.6413140e-03
  -1.2716840e-03
  -8.5434510e-04
  -4.1746540e-04
   1.6644170e-05
   4.3627610e-04
   8.3225870e-04
   1.1974100e-03
   1.5274820e-03
   1.8283030e-03
   2.1095090e-03
   2.3815410e-03
   2.6419330e-03
   2.8699750e-03
   3.0269450e-03
   3.0608570e-03
   2.9199610e-03
   2.5657920e-03
   1.9946290e-03
   1.2592590e-03
   4.5142440e-04
  -3.2965240e-04
  -9.8779490e-04
  -1.4389690e-03
  -1.6248340e-03
  -1.5203070e-03
  -1.1513210e-03
  -5.8750470e-04
   7.7016480e-05
   7.2924810e-04
   1.2639830e-03
   1.6176210e-03
   1.7816530e-03
   1.7789590e-03
   1.6416410e-03
   1.4094380e-03
   1.1264380e-03
   8.2146930e-04
   4.9439740e-04
   1.3741830e-04
  -2.4482220e-04
  -6.3603820e-04
  -1.0184540e-03
  -1.3679030e-03
  -1.6610110e-03
  -1.8806200e-03
  -2.0156290e-03
  -2.0677700e-03
  -2.0461720e-03
  -1.9576450e-03
  -1.8055430e-03
  -1.5825300e-03
  -1.2740710e-03
  -8.7081840e-04
  -3.7798770e-04
   1.7395130e-04
   7.2393490e-04
   1.1939010e-03
   1.5090690e-03
   1.6279540e-03
   1.5561320e-03
   1.3182390e-03
   9.3593340e-04
   4.2782190e-04
  -1.7848250e-04
  -8.4308440e-04
  -1.5224800e-03
  -2.1679310e-03
  -2.7195330e-03
  -3.1222160e-03
  -3.3523970e-03
  -3.4101290e-03
  -3.2983230e-03
  -3.0230770e-03
  -2.6138800e-03
  -2.1205500e-03
  -1.5832090e-03
  -1.0275980e-03
  -4.7959320e-04
   3.4026990e-05
   4.8932900e-04
   8.6951460e-04
   1.1654410e-03
   1.3709860e-03
   1.4863270e-03
   1.5173430e-03
   1.4715580e-03
   1.3544120e-03
   1.1660830e-03
   9.0183480e-04
   5.5779840e-04
   1.4081980e-04
  -3.2087900e-04
  -7.8224950e-04
  -1.1962920e-03
  -1.5315260e-03
  -1.7843290e-03
  -1.9727020e-03
  -2.1054870e-03
  -2.1667860e-03
  -2.1194900e-03
  -1.9272970e-03
  -1.5921970e-03
  -1.1643430e-03
  -7.2314520e-04
  -3.5310300e-04
  -1.1890600e-04
  -5.0561800e-05
  -1.4061760e-04
  -3.4558960e-04
  -6.0816830e-04
  -8.7671960e-04
  -1.1169380e-03
  -1.3168430e-03
  -1.4757490e-03
  -1.5988670e-03
  -1.6885860e-03
  -1.7436710e-03
  -1.7792510e-03
  -1.8295890e-03
  -1.9229760e-03
  -2.0621600e-03
  -2.2221800e-03
  -2.3523540e-03
  -2.3862340e-03
  -2.2717710e-03
  -1.9874330e-03
  -1.5341900e-03
  -9.3773440e-04
  -2.4878390e-04
   4.6543790e-04
   1.1359230e-03
   1.7000520e-03
   2.0950270e-03
   2.2605470e-03
   2.1765560e-03
   1.8750950e-03
   1.4134510e-03
   8.5287900e-04
   2.4794180e-04
  -3.5904070e-04
  -9.3534970e-04
  -1.4571620e-03
  -1.8972930e-03
  -2.2200640e-03
  -2.3968540e-03
  -2.4107780e-03
  -2.2618840e-03
  -1.9662860e-03
  -1.5542450e-03
  -1.0554370e-03
  -4.8625600e-04
   1.3793960e-04
   7.7685500e-04
   1.3590260e-03
   1.8287940e-03
   2.1725330e-03
   2.3909320e-03
   2.4882800e-03
   2.4801810e-03
   2.3903470e-03
   2.2412350e-03
   2.0542190e-03
   1.8574240e-03
   1.6777630e-03
   1.5276790e-03
   1.4093310e-03
   1.3190220e-03
   1.2532050e-03
   1.2018420e-03
   1.1542400e-03
   1.1062370e-03
   1.0574100e-03
   1.0117660e-03
   9.7610200e-04
   9.6936400e-04
   1.0128960e-03
   1.1060130e-03
   1.2232690e-03
   1.3222270e-03
   1.3577850e-03
   1.2906690e-03
   1.0987050e-03
   7.8413740e-04
   3.7552880e-04
  -8.4459820e-05
  -5.5218650e-04
  -9.8745280e-04
  -1.3632200e-03
  -1.6666200e-03
  -1.8887120e-03
  -2.0113340e-03
  -2.0147150e-03
  -1.8920060e-03
  -1.6378240e-03
  -1.2369590e-03
  -6.7576600e-04
   3.2257630e-05
   8.3696330e-04
   1.6630030e-03
   2.4281530e-03
   3.0612520e-03
   3.5128160e-03
   3.7631410e-03
   3.8231660e-03
   3.7240040e-03
   3.5071910e-03
   3.2083570e-03
   2.8412410e-03
   2.4118180e-03
   1.9399380e-03
   1.4689180e-03
   1.0609880e-03
   7.7385140e-04
   6.3262640e-04
   6.1947770e-04
   6.8958930e-04
   7.9002470e-04
   8.6647650e-04
   8.7011790e-04
   7.7242900e-04
   5.7253960e-04
   2.9066380e-04
  -4.2193270e-05
  -3.8995910e-04
  -7.2457170e-04
  -1.0232890e-03
  -1.2625610e-03
  -1.4214800e-03
  -1.4809190e-03
  -1.4230760e-03
  -1.2424060e-03
  -9.5298600e-04
  -5.9914810e-04
  -2.5191400e-04
   1.3535440e-05
   1.5338850e-04
   1.6614480e-04
   8.3599100e-05
  -4.3874470e-05
  -1.5460970e-04
  -1.9086800e-04
  -1.2311990e-04
   4.5194140e-05
   2.8109580e-04
   5.2713960e-04
   7.1937250e-04
   8.1077900e-04
   7.8366840e-04
   6.5230920e-04
   4.5127290e-04
   2.2015410e-04
   9.3943260e-06
  -1.3068530e-04
  -1.7715220e-04
  -1.2698200e-04
   1.1391210e-05
   2.0647200e-04
   4.0959890e-04
   5.6540860e-04
   6.2003360e-04
   5.3769880e-04
   3.1076970e-04
  -4.3413770e-05
  -4.8375020e-04
  -9.5332260e-04
  -1.3954290e-03
  -1.7680420e-03
  -2.0439680e-03
  -2.2112090e-03
  -2.2684220e-03
  -2.2169600e-03
  -2.0586500e-03
  -1.8020800e-03
  -1.4654280e-03
  -1.0676360e-03
  -6.2237450e-04
  -1.4091970e-04
   3.6262750e-04
   8.7031110e-04
   1.3558970e-03
   1.7742080e-03
   2.0726420e-03
   2.2159080e-03
   2.1990760e-03
   2.0414500e-03
   1.7809090e-03
   1.4588650e-03
   1.1085880e-03
   7.4204030e-04
   3.5180620e-04
  -8.1633340e-05
  -5.7073730e-04
  -1.1018230e-03
  -1.6412680e-03
  -2.1387930e-03
  -2.5409700e-03
  -2.8100140e-03
  -2.9375990e-03
  -2.9521390e-03
  -2.9026510e-03
  -2.8395330e-03
  -2.7989430e-03
  -2.7919340e-03
  -2.8039090e-03
  -2.8122820e-03
  -2.8092400e-03
  -2.8069720e-03
  -2.8242700e-03
  -2.8708710e-03
  -2.9323060e-03
  -2.9589800e-03
  -2.8904940e-03
  -2.7083930e-03
  -2.4421810e-03
  -2.1448030e-03
  -1.8688390e-03
  -1.6471820e-03
  -1.4829980e-03
  -1.3469870e-03
  -1.1907610e-03
  -9.6323010e-04
  -6.2569190e-04
  -1.7339130e-04
   3.6664000e-04
   9.5855800e-04
   1.5653430e-03
   2.1551320e-03
   2.7046970e-03
   3.1902260e-03
   3.5776330e-03
   3.8385330e-03
   3.9590580e-03
   3.9246180e-03
   3.7293950e-03
   3.3887500e-03
   2.9357800e-03
   2.4045600e-03
   1.8103210e-03
   1.1522980e-03
   4.2996510e-04
  -3.4321240e-04
  -1.1295260e-03
  -1.8703290e-03
  -2.4872110e-03
  -2.9003850e-03
  -3.0557910e-03
  -2.9427050e-03
  -2.6014320e-03
  -2.1084700e-03
  -1.5395570e-03
  -9.2712630e-04
  -2.6822290e-04
   4.2838960e-04
   1.1311810e-03
   1.8109470e-03
   2.4540500e-03
   3.0385150e-03
   3.5193900e-03
   3.8439430e-03
   3.9748810e-03
   3.8930160e-03
   3.6006050e-03
   3.1251730e-03
   2.5344500e-03
   1.9297890e-03
   1.4019700e-03
   9.9693100e-04
   7.3056230e-04
   5.9317770e-04
   5.5015870e-04
   5.5511970e-04
   5.6942440e-04
   5.6117320e-04
   4.9740700e-04
   3.5619590e-04
   1.3787940e-04
  -1.4256440e-04
  -4.6448190e-04
  -8.0866870e-04
  -1.1696560e-03
  -1.5509800e-03
  -1.9473830e-03
  -2.3340400e-03
  -2.6673830e-03
  -2.8856800e-03
  -2.9154260e-03
  -2.6837100e-03
  -2.1432190e-03
  -1.2970980e-03
  -1.9414960e-04
   1.0848890e-03
   2.4407200e-03
   3.7660600e-03
   4.9591960e-03
   5.9452270e-03
   6.6926440e-03
   7.2066190e-03
   7.5150160e-03
   7.6538660e-03
   7.6564710e-03
   7.5456980e-03
   7.3282780e-03
   6.9941790e-03
   6.5248480e-03
   5.9066470e-03
   5.1245020e-03
   4.1712610e-03
   3.0645140e-03
   1.8496990e-03
   5.9050930e-04
  -6.4702860e-04
  -1.8015740e-03
  -2.8307120e-03
  -3.7253440e-03
  -4.4967620e-03
  -5.1515920e-03
  -5.6872110e-03
  -6.0894080e-03
  -6.3433490e-03
  -6.4461500e-03
  -6.4129750e-03
  -6.2700770e-03
  -6.0410860e-03
  -5.7354600e-03
  -5.3540780e-03
  -4.9041930e-03
  -4.3976830e-03
  -3.8443450e-03
  -3.2597950e-03
  -2.6671920e-03
  -2.0964080e-03
  -1.5800810e-03
  -1.1499210e-03
  -8.2650310e-04
  -5.9027740e-04
  -3.9270980e-04
  -1.8648820e-04
   5.6805860e-05
   3.4230090e-04
   6.6398190e-04
   1.0177170e-03
   1.4140510e-03
   1.8721620e-03
   2.4007630e-03
   2.9856660e-03
   3.5794480e-03
   4.1127910e-03
   4.5037830e-03
   4.6722860e-03
   4.5621900e-03
   4.1690140e-03
   3.5427380e-03
   2.7597470e-03
   1.9146100e-03
   1.1158440e-03
   4.6472080e-04
   1.7770400e-05
  -2.2699490e-04
  -2.9737670e-04
  -2.3199340e-04
  -7.9657540e-05
   1.0470060e-04
   2.6423920e-04
   3.5297730e-04
   3.4860960e-04
   2.6101710e-04
   1.2518710e-04
  -1.3478470e-05
  -1.1419040e-04
  -1.5608740e-04
  -1.2966320e-04
  -1.8090070e-05
   2.0343890e-04
   5.6444920e-04
   1.0891560e-03
   1.7742390e-03
   2.5685170e-03
   3.3821630e-03
   4.1182420e-03
   4.6966710e-03
   5.0741370e-03
   5.2495380e-03
   5.2560170e-03
   5.1385280e-03
   4.9380920e-03
   4.6904030e-03
   4.4243110e-03
   4.1671790e-03
   3.9444350e-03
   3.7605900e-03
   3.5998170e-03
   3.4389980e-03
   3.2511800e-03
   3.0071820e-03
   2.6854530e-03
   2.2822590e-03
   1.7933710e-03
   1.2025470e-03
   4.9134820e-04
  -3.2965710e-04
  -1.2140270e-03
  -2.1001290e-03
  -2.9085760e-03
  -3.5509780e-03
  -3.9618590e-03
  -4.1149710e-03
  -4.0341790e-03
  -3.7924970e-03
  -3.4833820e-03
  -3.1839910e-03
  -2.9291470e-03
  -2.7096550e-03
  -2.4939590e-03
  -2.2423180e-03
  -1.9236160e-03
  -1.5279030e-03
  -1.0820390e-03
  -6.4323090e-04
  -2.6514320e-04
   2.4987790e-05
   2.3431420e-04
   3.9191900e-04
   5.3881340e-04
   7.2326180e-04
   9.8791160e-04
   1.3548960e-03
   1.8074350e-03
   2.3005320e-03
   2.7852610e-03
   3.2256360e-03
   3.6061300e-03
   3.9189000e-03
   4.1469290e-03
   4.2564860e-03
   4.2272720e-03
   4.0752310e-03
   3.8434940e-03
   3.5841840e-03
   3.3357150e-03
   3.1187600e-03
   2.9369100e-03
   2.7739410e-03
   2.6118610e-03
   2.4433940e-03
   2.2686920e-03
   2.0841030e-03
   1.8746860e-03
   1.6151470e-03
   1.2800080e-03
   8.5459990e-04
   3.4570860e-04
  -2.2151210e-04
  -8.3316750e-04
  -1.4905220e-03
  -2.1898540e-03
  -2.9133230e-03
  -3.6215490e-03
  -4.2495970e-03
  -4.7161370e-03
  -4.9349960e-03
  -4.8410930e-03
  -4.4247660e-03
  -3.7457670e-03
  -2.9168330e-03
  -2.0719070e-03
  -1.3316050e-03
  -7.8163570e-04
  -4.6172780e-04
  -3.6291940e-04
  -4.2600060e-04
  -5.5910940e-04
  -6.6264600e-04
  -6.6326670e-04
  -5.3364150e-04
  -2.9416260e-04
   3.8762370e-06
   3.1019910e-04
   5.9507560e-04
   8.5585140e-04
   1.1227720e-03
   1.4538720e-03
   1.9073340e-03
   2.4995970e-03
   3.1790000e-03
   3.8442390e-03
   4.3718630e-03
   4.6443470e-03
   4.5840120e-03
   4.1755670e-03
   3.4675510e-03
   2.5559540e-03
   1.5764090e-03
   6.8161520e-04
   3.5957300e-06
  -3.6528880e-04
  -3.7946770e-04
  -5.2400420e-05
   5.4285740e-04
   1.3040240e-03
   2.1247490e-03
   2.9169830e-03
   3.6085300e-03
   4.1410590e-03
   4.4865390e-03
   4.6510730e-03
   4.6569370e-03
   4.5369460e-03
   4.3284080e-03
   4.0649900e-03
   3.7719010e-03
   3.4654960e-03
   3.1536940e-03
   2.8371450e-03
   2.5071290e-03
   2.1576200e-03
   1.7978780e-03
   1.4493420e-03
   1.1320410e-03
   8.5141850e-04
   6.0082830e-04
   3.6707970e-04
   1.3912370e-04
  -9.1061380e-05
  -3.3333130e-04
  -6.0396880e-04
  -9.3596480e-04
  -1.3722070e-03
  -1.9412850e-03
  -2.6404820e-03
  -3.4331350e-03
  -4.2517200e-03
  -5.0125230e-03
  -5.6404800e-03
  -6.0779100e-03
  -6.2892470e-03
  -6.2486180e-03
  -5.9444350e-03
  -5.3844800e-03
  -4.5872360e-03
  -3.5936230e-03
  -2.4818040e-03
  -1.3586800e-03
  -3.3874010e-04
   4.6768630e-04
   9.6822650e-04
   1.1218340e-03
   9.4736710e-04
   5.1542230e-04
  -6.6948260e-05
  -6.7367670e-04
  -1.1880440e-03
  -1.5265300e-03
  -1.6430060e-03
  -1.5281530e-03
  -1.2103110e-03
  -7.5033840e-04
  -2.3563330e-04
   2.3271790e-04
   5.6866510e-04
   7.1648390e-04
   6.5073580e-04
   3.7663000e-04
  -7.1634130e-05
  -6.3378030e-04
  -1.2415670e-03
  -1.8425910e-03
  -2.4023840e-03
  -2.8977550e-03
  -3.3079880e-03
  -3.6111100e-03
  -3.7758300e-03
  -3.7600980e-03
  -3.5233770e-03
  -3.0386930e-03
  -2.2915690e-03
  -1.2737970e-03
  -1.8270850e-05
   1.3651980e-03
   2.7017840e-03
   3.8057350e-03
   4.5321210e-03
   4.7952370e-03
   4.5776530e-03
   3.9172920e-03
   2.8912480e-03
   1.6221190e-03
   2.7034870e-04
  -9.9314280e-04
  -2.0192790e-03
  -2.7020470e-03
  -2.9839860e-03
  -2.8549390e-03
  -2.3552240e-03
  -1.5752300e-03
  -6.3490570e-04
   3.4310950e-04
   1.2543150e-03
   2.0210340e-03
   2.5832700e-03
   2.8967430e-03
   2.9398950e-03
   2.7395950e-03
   2.3776170e-03
   1.9554360e-03
   1.5639170e-03
   1.2616180e-03
   1.0645010e-03
   9.4879870e-04
   8.5856650e-04
   7.1168470e-04
   4.1105530e-04
  -1.3114420e-04
  -9.5863770e-04
  -2.0509630e-03
  -3.3214530e-03
  -4.6386930e-03
  -5.8421300e-03
  -6.7695250e-03
  -7.3054770e-03
  -7.3927580e-03
  -7.0278950e-03
  -6.2546840e-03
  -5.1517940e-03
  -3.8202360e-03
  -2.3714230e-03
  -9.1535870e-04
   4.4489980e-04
   1.6087040e-03
   2.4835900e-03
   2.9923430e-03
   3.0806190e-03
   2.7273490e-03
   1.9457830e-03
   7.9057450e-04
  -6.2168970e-04
  -2.1354640e-03
  -3.5994090e-03
  -4.8957100e-03
  -5.9497740e-03
  -6.7261010e-03
  -7.2281030e-03
  -7.4850710e-03
  -7.5303110e-03
  -7.3914860e-03
  -7.0872390e-03
  -6.6471720e-03
  -6.1246510e-03
  -5.5846780e-03
  -5.0841770e-03
  -4.6429420e-03
  -4.2190250e-03
  -3.7166280e-03
  -3.0415990e-03
  -2.1512660e-03
  -1.0446090e-03
   2.4738110e-04
   1.6651810e-03
   3.1139580e-03
   4.4656190e-03
   5.5706860e-03
   6.2674970e-03
   6.4267130e-03
   5.9993170e-03
   5.0274500e-03
   3.6342830e-03
   2.0030270e-03
   3.5320600e-04
  -1.1086810e-03
  -2.2377590e-03
  -2.9593010e-03
  -3.2605890e-03
  -3.1793350e-03
  -2.7908600e-03
  -2.1993170e-03
  -1.5137680e-03
  -8.2687960e-04
  -2.0643070e-04
   2.9944740e-04
   6.5626960e-04
   8.4105250e-04
   8.5589570e-04
   7.3731380e-04
   5.3844720e-04
   3.0763780e-04
   6.8229600e-05
  -1.9045040e-04
  -4.9639400e-04
  -8.6730380e-04
  -1.3007930e-03
  -1.7806500e-03
  -2.2949840e-03
  -2.8396770e-03
  -3.4171470e-03
  -4.0122570e-03
  -4.5625370e-03
  -4.9694620e-03
  -5.1342770e-03
  -4.9981800e-03
  -4.5586850e-03
  -3.8666310e-03
  -3.0039450e-03
  -2.0669910e-03
  -1.1506990e-03
  -3.2879160e-04
   3.5066370e-04
   8.5487870e-04
   1.1807870e-03
   1.3653440e-03
   1.4784800e-03
   1.6043490e-03
   1.8160580e-03
   2.1631540e-03
   2.6691640e-03
   3.3238010e-03
   4.0834800e-03
   4.8888360e-03
   5.6799540e-03
   6.3997890e-03
   6.9952740e-03
   7.4299700e-03
   7.6896120e-03
   7.7765100e-03
   7.7050000e-03
   7.4905830e-03
   7.1551620e-03
   6.7295080e-03
   6.2432200e-03
   5.7239650e-03
   5.2087860e-03
   4.7477810e-03
   4.4022450e-03
   4.2237950e-03
   4.2338540e-03
   4.4230780e-03
   4.7594850e-03
   5.1845180e-03
   5.6023040e-03
   5.8852340e-03
   5.8995970e-03
   5.5358510e-03
   4.7317460e-03
   3.4911310e-03
   1.8826210e-03
   2.3528590e-05
  -1.9419880e-03
  -3.8674620e-03
  -5.6190610e-03
  -7.0774300e-03
  -8.1441340e-03
  -8.7572970e-03
  -8.9017270e-03
  -8.6053120e-03
  -7.9351610e-03
  -7.0069580e-03
  -5.9627160e-03
  -4.9195940e-03
  -3.9358960e-03
  -3.0076250e-03
  -2.0894140e-03
  -1.1078200e-03
   8.2950160e-06
   1.2964930e-03
   2.7407880e-03
   4.2704160e-03
   5.7789720e-03
   7.1485740e-03
   8.2627390e-03
   9.0250670e-03
   9.3648560e-03
   9.2385630e-03
   8.6363640e-03
   7.5856800e-03
   6.1536500e-03
   4.4418510e-03
   2.5774830e-03
   6.9330600e-04
  -1.0792430e-03
  -2.6186280e-03
  -3.8121570e-03
  -4.5539440e-03
  -4.7703500e-03
  -4.4306150e-03
  -3.5621960e-03
  -2.2662560e-03
  -7.0906710e-04
   9.0509490e-04
   2.3723880e-03
   3.5199210e-03
   4.2299950e-03
   4.4637290e-03
   4.2503710e-03
   3.6513700e-03
   2.7290930e-03
   1.5394470e-03
   1.5731010e-04
  -1.3083050e-03
  -2.7304240e-03
  -3.9901800e-03
  -4.9812620e-03
  -5.6245440e-03
  -5.8969020e-03
  -5.8402910e-03
  -5.5499750e-03
  -5.1500040e-03
  -4.7548590e-03
  -4.4440820e-03
  -4.2478610e-03
  -4.1380770e-03
  -4.0559440e-03
  -3.9532020e-03
  -3.8134470e-03
  -3.6530830e-03
  -3.5089870e-03
  -3.4281840e-03
  -3.4536970e-03
  -3.6131650e-03
  -3.9181760e-03
  -4.3629120e-03
  -4.9141620e-03
  -5.5058780e-03
  -6.0391490e-03
  -6.3927360e-03
  -6.4598820e-03
  -6.1710650e-03
  -5.4999480e-03
  -4.4691910e-03
  -3.1266680e-03
  -1.5353550e-03
   2.2509050e-04
   2.0613820e-03
   3.8621640e-03
   5.5161740e-03
   6.9308820e-03
   8.0469300e-03
   8.8519860e-03
   9.3748960e-03
   9.6591350e-03
   9.7389330e-03
   9.6433600e-03
   9.4030140e-03
   9.0531880e-03
   8.6298480e-03
   8.1533880e-03
   7.6174040e-03
   6.9978930e-03
   6.2750780e-03
   5.4365540e-03
   4.4623180e-03
   3.3406740e-03
   2.0865250e-03
   7.4303090e-04
  -6.1100270e-04
  -1.8730720e-03
  -2.9577170e-03
  -3.8253620e-03
  -4.4682690e-03
  -4.9057360e-03
  -5.1847420e-03
  -5.3675370e-03
  -5.5252660e-03
  -5.7271000e-03
  -6.0172370e-03
  -6.4051800e-03
  -6.8570940e-03
  -7.3145360e-03
  -7.7130870e-03
  -7.9846890e-03
  -8.0586500e-03
  -7.8690110e-03
  -7.3802800e-03
  -6.6032100e-03
  -5.5948680e-03
  -4.4640860e-03
  -3.3639740e-03
  -2.4604690e-03
  -1.8900430e-03
  -1.7353320e-03
  -2.0055810e-03
  -2.6270390e-03
  -3.4545810e-03
  -4.3011800e-03
  -4.9975720e-03
  -5.4470130e-03
  -5.6367930e-03
  -5.6196180e-03
  -5.4929170e-03
  -5.3729770e-03
  -5.3594810e-03
  -5.5130500e-03
  -5.8343560e-03
  -6.2495270e-03
  -6.6260040e-03
  -6.8154210e-03
  -6.7076050e-03
  -6.2539020e-03
  -5.4787880e-03
  -4.4763210e-03
  -3.3864260e-03
  -2.3675660e-03
  -1.5389600e-03
  -9.4780970e-04
  -5.7433040e-04
  -3.5801830e-04
  -2.2852330e-04
  -1.1471330e-04
   4.4907830e-05
   2.9278250e-04
   6.4032060e-04
   1.0767200e-03
   1.5828050e-03
   2.1283120e-03
   2.6739030e-03
   3.1763480e-03
   3.5830940e-03
   3.8518860e-03
   3.9787170e-03
   3.9943610e-03
   3.9392590e-03
   3.8476350e-03
   3.7511680e-03
   3.6795530e-03
   3.6635210e-03
   3.7267530e-03
   3.8709040e-03
   4.0620080e-03
   4.2426180e-03
   4.3601980e-03
   4.3800640e-03
   4.2918760e-03
   4.1267470e-03
   3.9507550e-03
   3.8368000e-03
   3.8241710e-03
   3.8901680e-03
   3.9682600e-03
   3.9757770e-03
   3.8247940e-03
   3.4319640e-03
   2.7406990e-03
   1.7441930e-03
   4.8389060e-04
  -9.6536880e-04
  -2.5048810e-03
  -4.0273780e-03
  -5.4149330e-03
  -6.5399740e-03
  -7.2945340e-03
  -7.6184060e-03
  -7.5032140e-03
  -6.9939540e-03
  -6.1826040e-03
  -5.1720190e-03
  -4.0621570e-03
  -2.9505690e-03
  -1.9141240e-03
  -1.0027220e-03
  -2.6704970e-04
   2.3885040e-04
   4.9865980e-04
   5.5144110e-04
   4.7805420e-04
   3.8493030e-04
   3.8106730e-04
   5.5244950e-04
   9.3355110e-04
   1.4858320e-03
   2.1100800e-03
   2.6822790e-03
   3.0967750e-03
   3.2930820e-03
   3.2657860e-03
   3.0835710e-03
   2.8728850e-03
   2.7770140e-03
   2.9320260e-03
   3.4489090e-03
   4.3886600e-03
   5.7221970e-03
   7.3233660e-03
   8.9889230e-03
   1.0471730e-02
   1.1518110e-02
   1.1914340e-02
   1.1539020e-02
   1.0390140e-02
   8.5750490e-03
   6.2806100e-03
   3.7465900e-03
   1.2274930e-03
  -1.0436920e-03
  -2.8902360e-03
  -4.2074830e-03
  -4.9663620e-03
  -5.2148570e-03
  -5.0522990e-03
  -4.6006170e-03
  -3.9888110e-03
  -3.3470490e-03
  -2.7926010e-03
  -2.4029790e-03
  -2.1895260e-03
  -2.1009910e-03
  -2.0420910e-03
  -1.8837090e-03
  -1.4877500e-03
  -7.5355440e-04
   3.4948670e-04
   1.7806290e-03
   3.4442490e-03
   5.2094420e-03
   6.9298910e-03
   8.4576120e-03
   9.6414050e-03
   1.0333520e-02
   1.0435050e-02
   9.9370980e-03
   8.9316640e-03
   7.6064770e-03
   6.2264090e-03
   5.0760540e-03
   4.3777540e-03
   4.2215550e-03
   4.5552090e-03
   5.2226760e-03
   6.0202170e-03
   6.7433790e-03
   7.2173010e-03
   7.3183300e-03
   6.9829340e-03
   6.2036010e-03
   5.0365700e-03
   3.5870720e-03
   1.9613880e-03
   2.4248710e-04
  -1.5108840e-03
  -3.2621290e-03
  -4.9867110e-03
  -6.6607530e-03
  -8.2477440e-03
  -9.6968260e-03
  -1.0952930e-02
  -1.1967570e-02
  -1.2710150e-02
  -1.3180640e-02
  -1.3418530e-02
  -1.3498940e-02
  -1.3510690e-02
  -1.3524590e-02
  -1.3553660e-02
  -1.3534100e-02
  -1.3357540e-02
  -1.2894420e-02
  -1.2022480e-02
  -1.0677220e-02
  -8.8538030e-03
  -6.5923110e-03
  -3.9837580e-03
  -1.1738740e-03
   1.6424350e-03
   4.2496070e-03
   6.4469190e-03
   8.0808830e-03
   9.0716890e-03
   9.4312760e-03
   9.2570100e-03
   8.6943280e-03
   7.8972940e-03
   6.9907300e-03
   6.0614090e-03
   5.1613350e-03
   4.3133730e-03
   3.5462560e-03
   2.9058910e-03
   2.4467500e-03
   2.2273440e-03
   2.2894480e-03
   2.6308070e-03
   3.1946550e-03
   3.9017170e-03
   4.6685270e-03
   5.4123170e-03
   6.0761750e-03
   6.6449900e-03
   7.1338330e-03
   7.5679980e-03
   7.9649200e-03
   8.3135920e-03
   8.5534520e-03
   8.5926590e-03
   8.3364030e-03
   7.7088250e-03
   6.6936450e-03
   5.3514270e-03
   3.8134200e-03
   2.2699930e-03
   9.3240400e-04
  -2.0993200e-05
  -4.9797680e-04
  -4.9811390e-04
  -5.8858710e-05
   7.7922900e-04
   1.9673830e-03
   3.4250810e-03
   5.0369270e-03
   6.6627250e-03
   8.1557500e-03
   9.3880790e-03
   1.0267940e-02
   1.0746320e-02
   1.0823460e-02
   1.0551710e-02
   1.0004260e-02
   9.2267660e-03
   8.2306830e-03
   7.0062570e-03
   5.5417850e-03
   3.8516150e-03
   1.9841380e-03
   1.2274820e-05
  -1.9693230e-03
  -3.8528350e-03
  -5.5339380e-03
  -6.9380690e-03
  -8.0317410e-03
  -8.8219720e-03
  -9.3347300e-03
  -9.6062380e-03
  -9.6902160e-03
  -9.6485220e-03
  -9.5221450e-03
  -9.3091330e-03
  -8.9616980e-03
  -8.4071200e-03
  -7.5882420e-03
  -6.5007290e-03
  -5.1905420e-03
  -3.7416410e-03
  -2.2687840e-03
  -9.0017120e-04
   2.4072670e-04
   1.0455590e-03
   1.4299530e-03
   1.3568880e-03
   8.4975100e-04
  -1.2311440e-05
  -1.1159080e-03
  -2.3422370e-03
  -3.5850130e-03
  -4.7589280e-03
  -5.8039260e-03
  -6.6728460e-03
  -7.3098490e-03
  -7.6480080e-03
  -7.6351380e-03
  -7.2510260e-03
  -6.5143110e-03
  -5.4943140e-03
  -4.3042550e-03
  -3.0729960e-03
  -1.9214670e-03
  -9.5051100e-04
  -2.4218270e-04
   1.4083480e-04
   1.7026730e-04
  -1.4601830e-04
  -7.5503970e-04
  -1.5618030e-03
  -2.4532270e-03
  -3.3176980e-03
  -4.0567740e-03
  -4.5972970e-03
  -4.9134690e-03
  -5.0324670e-03
  -5.0177920e-03
  -4.9368100e-03
  -4.8228460e-03
  -4.6607280e-03
  -4.4015910e-03
  -3.9769770e-03
  -3.3223440e-03
  -2.4173940e-03
  -1.3139510e-03
  -1.3035730e-04
   9.8699840e-04
   1.9004000e-03
   2.5109520e-03
   2.7844760e-03
   2.7602940e-03
   2.5402980e-03
   2.2607100e-03
   2.0644650e-03
   2.0602980e-03
   2.2837310e-03
   2.6922920e-03
   3.1903580e-03
   3.6650360e-03
   4.0130160e-03
   4.1577310e-03
   4.0699170e-03
   3.7851580e-03
   3.3956020e-03
   3.0244880e-03
   2.7930160e-03
   2.7675360e-03
   2.9227030e-03
   3.1485150e-03
   3.3034430e-03
   3.2735940e-03
   3.0158920e-03
   2.5652790e-03
   2.0121470e-03
   1.4776050e-03
   1.0739230e-03
   8.5132950e-04
   7.7820030e-04
   7.4693160e-04
   6.1298450e-04
   2.3921880e-04
  -4.5994850e-04
  -1.4830340e-03
  -2.7333460e-03
  -4.0293550e-03
  -5.1524680e-03
  -5.8989780e-03
  -6.1228360e-03
  -5.7674150e-03
  -4.8862220e-03
  -3.6420420e-03
  -2.2650870e-03
  -1.0039270e-03
  -7.8815500e-05
   3.7662840e-04
   3.4168160e-04
  -1.0460740e-04
  -8.0634910e-04
  -1.5690770e-03
  -2.2233380e-03
  -2.6823690e-03
  -2.9463780e-03
  -3.0634900e-03
  -3.0856190e-03
  -3.0307850e-03
  -2.8837120e-03
  -2.6106280e-03
  -2.1699920e-03
  -1.5385840e-03
  -7.2054060e-04
   2.4006320e-04
   1.2516190e-03
   2.1918650e-03
   2.9303340e-03
   3.3732860e-03
   3.4868350e-03
   3.3014120e-03
   2.9052870e-03
   2.4246310e-03
   1.9754420e-03
   1.6195840e-03
   1.3509830e-03
   1.1047800e-03
   7.8839990e-04
   3.1411490e-04
  -3.7283960e-04
  -1.2696220e-03
  -2.3017530e-03
  -3.3493380e-03
  -4.2926770e-03
  -5.0477590e-03
  -5.5749380e-03
  -5.8818860e-03
  -5.9990410e-03
  -5.9522480e-03
  -5.7624060e-03
  -5.4546000e-03
  -5.0627420e-03
  -4.6351070e-03
  -4.2363210e-03
  -3.9497100e-03
  -3.8627480e-03
  -4.0438140e-03
  -4.5164030e-03
  -5.2437410e-03
  -6.1326950e-03
  -7.0522650e-03
  -7.8717230e-03
  -8.4901370e-03
  -8.8413610e-03
  -8.8860640e-03
  -8.6048050e-03
  -7.9951270e-03
  -7.0788400e-03
  -5.9195800e-03
  -4.6222820e-03
  -3.3178160e-03
  -2.1240620e-03
  -1.1128500e-03
  -3.0882630e-04
   3.0109760e-04
   7.5641330e-04
   1.1177390e-03
   1.4586390e-03
   1.8444890e-03
   2.3164110e-03
   2.8764990e-03
   3.4740800e-03
   4.0260510e-03
   4.4444560e-03
   4.6546080e-03
   4.6084770e-03
   4.2896440e-03
   3.7286780e-03
   3.0041930e-03
   2.2170200e-03
   1.4597830e-03
   8.1055190e-04
   3.3760740e-04
   9.3690110e-05
   1.0254370e-04
   3.6367940e-04
   8.6435060e-04
   1.5820150e-03
   2.4752950e-03
   3.4787750e-03
   4.5172960e-03
   5.5104050e-03
   6.3808540e-03
   7.0805990e-03
   7.5981640e-03
   7.9496910e-03
   8.1734370e-03
   8.3191820e-03
   8.4383240e-03
   8.5837140e-03
   8.7943410e-03
   9.0771110e-03
   9.3959310e-03
   9.6780390e-03
   9.8354070e-03
   9.7912200e-03
   9.5150100e-03
   9.0361720e-03
   8.4305920e-03
   7.7899350e-03
   7.1830480e-03
   6.6336270e-03
   6.1152390e-03
   5.5615620e-03
   4.8907230e-03
   4.0398010e-03
   2.9996390e-03
   1.8242270e-03
   6.1627360e-04
  -5.1695150e-04
  -1.5103060e-03
  -2.3405000e-03
  -3.0060300e-03
  -3.5117430e-03
  -3.8518060e-03
  -4.0044680e-03
  -3.9474140e-03
  -3.6795930e-03
  -3.2178880e-03
  -2.6078580e-03
  -1.9345410e-03
  -1.3106270e-03
  -8.4805500e-04
  -6.2746590e-04
  -6.7269940e-04
  -9.6012450e-04
  -1.4234220e-03
  -1.9445620e-03
  -2.3665830e-03
  -2.5356460e-03
  -2.3389040e-03
  -1.7109050e-03
  -6.4329020e-04
   7.9495040e-04
   2.4541590e-03
   4.1400360e-03
   5.6554860e-03
   6.8464700e-03
   7.6360670e-03
   8.0235810e-03
   8.0549200e-03
   7.7782700e-03
   7.2093520e-03
   6.3351750e-03
   5.1408880e-03
   3.6307620e-03
   1.8468880e-03
  -1.2534330e-04
  -2.1588180e-03
  -4.0908900e-03
  -5.7409640e-03
  -6.9339580e-03
  -7.5355940e-03
  -7.4760430e-03
  -6.7655910e-03
  -5.4828190e-03
  -3.7514880e-03
  -1.7354060e-03
   3.5749030e-04
   2.2922850e-03
   3.8660410e-03
   4.9650100e-03
   5.5867480e-03
   5.8333190e-03
   5.8721730e-03
   5.8646640e-03
   5.8954510e-03
   5.9660000e-03
   6.0240180e-03
   5.9877570e-03
   5.7709510e-03
   5.3130890e-03
   4.6032060e-03
   3.6755420e-03
   2.5904520e-03
   1.4376060e-03
   3.3780530e-04
  -5.7315480e-04
  -1.1548980e-03
  -1.2825070e-03
  -8.6874070e-04
   1.1369660e-04
   1.6176400e-03
   3.5196170e-03
   5.6325650e-03
   7.7238160e-03
   9.5463780e-03
   1.0888340e-02
   1.1609630e-02
   1.1638520e-02
   1.0966670e-02
   9.6697090e-03
   7.9289450e-03
   6.0110950e-03
   4.2012980e-03
   2.7405640e-03
   1.7857610e-03
   1.3891400e-03
   1.4990330e-03
   1.9864030e-03
   2.6802500e-03
   3.4019560e-03
   4.0091760e-03
   4.4187310e-03
   4.6063320e-03
   4.5999630e-03
   4.4725790e-03
   4.3048940e-03
   4.1560560e-03
   4.0517730e-03
   3.9698180e-03
   3.8571500e-03
   3.6597260e-03
   3.3289510e-03
   2.8197140e-03
   2.1053400e-03
   1.1844730e-03
   8.6012840e-05
  -1.1279140e-03
  -2.3720090e-03
  -3.5477890e-03
  -4.5581630e-03
  -5.3126170e-03
  -5.7299500e-03
  -5.7560640e-03
  -5.3725090e-03
  -4.5883990e-03
  -3.4371570e-03
  -1.9815390e-03
  -3.2524820e-04
   1.3781630e-03
   2.9424020e-03
   4.1980750e-03
   5.0337870e-03
   5.4325220e-03
   5.4839350e-03
   5.3587280e-03
   5.2635400e-03
   5.3955290e-03
   5.9124760e-03
   6.8961970e-03
   8.3169500e-03
   1.0038030e-02
   1.1850520e-02
   1.3504530e-02
   1.4750750e-02
   1.5392710e-02
   1.5322040e-02
   1.4527870e-02
   1.3089600e-02
   1.1142870e-02
   8.8498310e-03
   6.3893100e-03
   3.9350760e-03
   1.6462590e-03
  -3.3592680e-04
  -1.8923580e-03
  -2.9314180e-03
  -3.3834650e-03
  -3.1871540e-03
  -2.3094760e-03
  -7.9093070e-04
   1.2270610e-03
   3.5254840e-03
   5.8434700e-03
   7.9133210e-03
   9.5088760e-03
   1.0476050e-02
   1.0753940e-02
   1.0376330e-02
   9.4405670e-03
   8.0765590e-03
   6.4194330e-03
   4.5924960e-03
   2.6959200e-03
   8.0414120e-04
  -1.0299460e-03
  -2.7742270e-03
  -4.3985570e-03
  -5.8543300e-03
  -7.0624430e-03
  -7.9149860e-03
  -8.2965890e-03
  -8.1115380e-03
  -7.3123550e-03
  -5.9309410e-03
  -4.0791390e-03
  -1.9269020e-03
   3.3667310e-04
   2.5330890e-03
   4.5054030e-03
   6.1287180e-03
   7.3046830e-03
   7.9623130e-03
   8.0717100e-03
   7.6564460e-03
   6.7872490e-03
   5.5494720e-03
   4.0387480e-03
   2.3727350e-03
   6.8467280e-04
  -8.9427640e-04
  -2.2473870e-03
  -3.2848180e-03
  -3.9464330e-03
  -4.2021500e-03
  -4.0389470e-03
  -3.4611980e-03
  -2.5085400e-03
  -1.2746800e-03
   1.1555960e-04
   1.5410290e-03
   2.8933170e-03
   4.0582680e-03
   4.8921510e-03
   5.2500550e-03
   5.0304310e-03
   4.2060150e-03
   2.8487590e-03
   1.1255950e-03
  -7.2534530e-04
  -2.4452730e-03
  -3.8276770e-03
  -4.7605420e-03
  -5.2358500e-03
  -5.3343830e-03
  -5.1872340e-03
  -4.9264460e-03
  -4.6452680e-03
  -4.3905590e-03
  -4.1608110e-03
  -3.9056880e-03
  -3.5455000e-03
  -3.0074250e-03
  -2.2643570e-03
  -1.3346160e-03
  -2.6388700e-04
   8.8689300e-04
   2.0538320e-03
   3.1709430e-03
   4.1732610e-03
   5.0005960e-03
   5.6127820e-03
   6.0112520e-03
   6.2331370e-03
   6.3244200e-03
   6.3268460e-03
   6.2874080e-03
   6.2547410e-03
   6.2562230e-03
   6.2866680e-03
   6.3287090e-03
   6.3706910e-03
   6.3954370e-03
   6.3711380e-03
   6.2567760e-03
   6.0036200e-03
   5.5667710e-03
   4.9267480e-03
   4.1054220e-03
   3.1624280e-03
   2.1720660e-03
   1.1961880e-03
   2.6945810e-04
  -6.0981510e-04
  -1.4696800e-03
  -2.3520200e-03
  -3.2975770e-03
  -4.3282020e-03
  -5.4496960e-03
  -6.6495470e-03
  -7.9021990e-03
  -9.1698530e-03
  -1.0394940e-02
  -1.1502550e-02
  -1.2406560e-02
  -1.3023030e-02
  -1.3293870e-02
  -1.3208950e-02
  -1.2804770e-02
  -1.2148920e-02
  -1.1324090e-02
  -1.0411490e-02
  -9.4805780e-03
  -8.5928650e-03
  -7.8061790e-03
  -7.1717980e-03
  -6.7076350e-03
  -6.3847690e-03
  -6.1512670e-03
  -5.9524640e-03
  -5.7391710e-03
  -5.4689890e-03
  -5.1138940e-03
  -4.6697210e-03
  -4.1400200e-03
  -3.5191220e-03
  -2.7923470e-03
  -1.9363710e-03
  -9.0604150e-04
   3.5964780e-04
   1.9083730e-03
   3.7380100e-03
   5.7764610e-03
   7.8878080e-03
   9.8978630e-03
   1.1633030e-02
   1.2944270e-02
   1.3724240e-02
   1.3915560e-02
   1.3498240e-02
   1.2494730e-02
   1.0983400e-02
   9.0902620e-03
   6.9661890e-03
   4.7547370e-03
   2.5737740e-03
   5.0184820e-04
  -1.4220510e-03
  -3.1864920e-03
  -4.7867460e-03
  -6.1941980e-03
  -7.3584800e-03
  -8.2286480e-03
  -8.7763910e-03
  -9.0355870e-03
  -9.0908730e-03
  -9.0412690e-03
  -8.9711650e-03
  -8.9426190e-03
  -8.9972840e-03
  -9.1454870e-03
  -9.3670270e-03
  -9.6451960e-03
  -1.0003550e-02
  -1.0495880e-02
  -1.1173310e-02
  -1.2063840e-02
  -1.3154880e-02
  -1.4389010e-02
  -1.5681770e-02
  -1.6922500e-02
  -1.7982350e-02
  -1.8737770e-02
  -1.9082740e-02
  -1.8940910e-02
  -1.8279830e-02
  -1.7103920e-02
  -1.5451800e-02
  -1.3417230e-02
  -1.1167750e-02
  -8.9189000e-03
  -6.8822880e-03
  -5.2081820e-03
  -3.9563810e-03
  -3.0924070e-03
  -2.5197420e-03
  -2.1386290e-03
  -1.8715350e-03
  -1.6741290e-03
  -1.5345070e-03
  -1.4543120e-03
  -1.4360280e-03
  -1.4813390e-03
  -1.5885780e-03
  -1.7539920e-03
  -1.9767110e-03
  -2.2502020e-03
  -2.5588540e-03
  -2.8821880e-03
  -3.1944710e-03
  -3.4505010e-03
  -3.5911430e-03
  -3.5637820e-03
  -3.3352340e-03
  -2.8998040e-03
  -2.2760140e-03
  -1.5047450e-03
  -6.6103890e-04
   1.2722860e-04
   6.8585110e-04
   8.3542240e-04
   4.4057020e-04
  -5.4436130e-04
  -2.0654380e-03
  -3.9802220e-03
  -6.0779550e-03
  -8.1146290e-03
  -9.8282780e-03
  -1.0972080e-02
  -1.1365590e-02
  -1.0927190e-02
  -9.6831310e-03
  -7.7547980e-03
  -5.3376300e-03
  -2.6645380e-03
   4.7516740e-05
   2.6423860e-03
   5.0262910e-03
   7.1608450e-03
   9.0688790e-03
   1.0803830e-02
   1.2401960e-02
   1.3857330e-02
   1.5123520e-02
   1.6138680e-02
   1.6852840e-02
   1.7235820e-02
   1.7267840e-02
   1.6937770e-02
   1.6248360e-02
   1.5232740e-02
   1.3961810e-02
   1.2537970e-02
   1.1067980e-02
   9.6464280e-03
   8.3417330e-03
   7.1794140e-03
   6.1420050e-03
   5.1731000e-03
   4.1969800e-03
   3.1452430e-03
   1.9704680e-03
   6.5048200e-04
  -7.9876820e-04
  -2.3363780e-03
  -3.9184590e-03
  -5.4886210e-03
  -6.9677260e-03
  -8.2731620e-03
  -9.3399210e-03
  -1.0123240e-02
  -1.0599300e-02
  -1.0775790e-02
  -1.0701660e-02
  -1.0438790e-02
  -1.0041120e-02
  -9.5496920e-03
  -8.9881940e-03
  -8.3685010e-03
  -7.6902540e-03
  -6.9464820e-03
  -6.1389510e-03
  -5.2843340e-03
  -4.4075140e-03
  -3.5260240e-03
  -2.6543200e-03
  -1.8038420e-03
  -9.6596540e-04
  -1.1551160e-04
   7.7536680e-04
   1.7097880e-03
   2.6505260e-03
   3.5306020e-03
   4.2594580e-03
   4.7278840e-03
   4.8202470e-03
   4.4467730e-03
   3.5762790e-03
   2.2452960e-03
   5.4898750e-04
  -1.3742130e-03
  -3.3463490e-03
  -5.1622690e-03
  -6.6256470e-03
  -7.5881200e-03
  -7.9662910e-03
  -7.7556740e-03
  -7.0287680e-03
  -5.9174150e-03
  -4.5932290e-03
  -3.2217610e-03
  -1.9263880e-03
  -7.9544110e-04
   1.1989570e-04
   8.1660200e-04
   1.3370060e-03
   1.7607980e-03
   2.1766710e-03
   2.6406860e-03
   3.1723880e-03
   3.7609980e-03
   4.3722620e-03
   4.9621690e-03
   5.4998090e-03
   5.9833820e-03
   6.4266500e-03
   6.8493810e-03
   7.2789190e-03
   7.7329230e-03
   8.1957560e-03
   8.6159380e-03
   8.9131530e-03
   8.9984500e-03
   8.7955880e-03
   8.2478680e-03
   7.3235300e-03
   6.0279530e-03
   4.4089860e-03
   2.5639000e-03
   6.2885790e-04
  -1.2563910e-03
  -2.9733400e-03
  -4.4129290e-03
  -5.4843070e-03
  -6.1404880e-03
  -6.4032770e-03
  -6.3753670e-03
  -6.1893660e-03
  -5.9644560e-03
  -5.8023560e-03
  -5.7688960e-03
  -5.8656730e-03
  -6.0347150e-03
  -6.1802550e-03
  -6.1937610e-03
  -5.9732550e-03
  -5.4494620e-03
  -4.6065110e-03
  -3.5031810e-03
  -2.2595940e-03
  -1.0002920e-03
   1.9634480e-04
   1.3206100e-03
   2.4192810e-03
   3.5627320e-03
   4.8156370e-03
   6.2098470e-03
   7.7184290e-03
   9.2339920e-03
   1.0570750e-02
   1.1527900e-02
   1.1971900e-02
   1.1867610e-02
   1.1260930e-02
   1.0249990e-02
   8.9628250e-03
   7.5485720e-03
   6.1635770e-03
   4.9238480e-03
   3.8842270e-03
   3.0527080e-03
   2.4002960e-03
   1.8779690e-03
   1.4453860e-03
   1.1018290e-03
   8.9760240e-04
   9.0504830e-04
   1.1698210e-03
   1.6688120e-03
   2.3050220e-03
   2.9488640e-03
   3.4812810e-03
   3.8148800e-03
   3.9088700e-03
   3.7709910e-03
   3.4516430e-03
   3.0157320e-03
   2.5061290e-03
   1.9343480e-03
   1.3020640e-03
   6.2630740e-04
  -5.2612680e-05
  -6.7206300e-04
  -1.1686770e-03
  -1.5069730e-03
  -1.6986390e-03
  -1.8103620e-03
  -1.9200570e-03
  -2.0868580e-03
  -2.3448760e-03
  -2.6940850e-03
  -3.1108730e-03
  -3.5610390e-03
  -4.0131750e-03
  -4.4531260e-03
  -4.8782110e-03
  -5.2816110e-03
  -5.6487790e-03
  -5.9599010e-03
  -6.2015530e-03
  -6.3728660e-03
  -6.4838070e-03
  -6.5420730e-03
  -6.5441180e-03
  -6.4826410e-03
  -6.3610730e-03
  -6.1924160e-03
  -5.9941410e-03
  -5.7943480e-03
  -5.6423170e-03
  -5.6025260e-03
  -5.7286740e-03
  -6.0432540e-03
  -6.5287690e-03
  -7.1382370e-03
  -7.8272730e-03
  -8.5672240e-03
  -9.3232320e-03
  -1.0044440e-02
  -1.0675030e-02
  -1.1176530e-02
  -1.1543970e-02
  -1.1802390e-02
  -1.1994650e-02
  -1.2175590e-02
  -1.2401270e-02
  -1.2713800e-02
  -1.3126320e-02
  -1.3608610e-02
  -1.4095190e-02
  -1.4499040e-02
  -1.4736800e-02
  -1.4755700e-02
  -1.4560100e-02
  -1.4207840e-02
  -1.3773600e-02
  -1.3318200e-02
  -1.2883790e-02
  -1.2476860e-02
  -1.2060840e-02
  -1.1563670e-02
  -1.0903640e-02
  -1.0034330e-02
  -8.9659540e-03
  -7.7587480e-03
  -6.5036870e-03
  -5.2829790e-03
  -4.1422930e-03
  -3.0912610e-03
  -2.1223580e-03
  -1.2196110e-03
  -3.7371780e-04
   3.9779630e-04
   1.0616110e-03
   1.5958360e-03
   1.9970130e-03
   2.2740640e-03
   2.4457460e-03
   2.5280920e-03
   2.5267670e-03
   2.4449530e-03
   2.2947170e-03
   2.0884030e-03
   1.8259990e-03
   1.5091680e-03
   1.1501600e-03
   7.6936030e-04
   4.0083820e-04
   8.1025560e-05
  -1.6501770e-04
  -3.2063970e-04
  -3.8141980e-04
  -3.7021400e-04
  -3.0454520e-04
  -1.6377210e-04
   1.0918040e-04
   5.8900870e-04
   1.3522860e-03
   2.4495320e-03
   3.8841640e-03
   5.6080090e-03
   7.5244560e-03
   9.4960140e-03
   1.1366220e-02
   1.2987580e-02
   1.4245540e-02
   1.5075900e-02
   1.5461090e-02
   1.5403250e-02
   1.4886170e-02
   1.3901190e-02
   1.2500190e-02
   1.0807140e-02
   8.9994150e-03
   7.2788810e-03
   5.8525290e-03
   4.9026570e-03
   4.5458110e-03
   4.8071550e-03
   5.6257800e-03
   6.8715630e-03
   8.3727370e-03
   9.9371010e-03
   1.1374850e-02
   1.2527210e-02
   1.3283700e-02
   1.3587920e-02
   1.3453590e-02
   1.2952800e-02
   1.2175920e-02
   1.1204360e-02
   1.0088660e-02
   8.8478390e-03
   7.4765870e-03
   5.9556570e-03
   4.2823570e-03
   2.4871580e-03
   6.2759220e-04
  -1.2137910e-03
  -2.9381470e-03
  -4.4537490e-03
  -5.6994160e-03
  -6.6572750e-03
  -7.3507630e-03
  -7.8244790e-03
  -8.1301390e-03
  -8.3498590e-03
  -8.5797460e-03
  -8.9025660e-03
  -9.3838870e-03
  -1.0055210e-02
  -1.0893910e-02
  -1.1825900e-02
  -1.2748040e-02
  -1.3548000e-02
  -1.4128640e-02
  -1.4442240e-02
  -1.4491130e-02
  -1.4315720e-02
  -1.3993540e-02
  -1.3641390e-02
  -1.3398580e-02
  -1.3381650e-02
  -1.3640790e-02
  -1.4137840e-02
  -1.4752310e-02
  -1.5315080e-02
  -1.5644300e-02
  -1.5587830e-02
  -1.5064780e-02
  -1.4075160e-02
  -1.2681840e-02
  -1.0996700e-02
  -9.1616010e-03
  -7.3252550e-03
  -5.6137480e-03
  -4.1158020e-03
  -2.8805470e-03
  -1.9195270e-03
  -1.2256080e-03
  -7.7577170e-04
  -5.3174900e-04
  -4.4851040e-04
  -4.7372630e-04
  -5.4606610e-04
  -6.1452210e-04
  -6.5376930e-04
  -6.4240870e-04
  -5.6032100e-04
  -3.9477840e-04
  -1.4604130e-04
   1.7481580e-04
   5.6866560e-04
   1.0429790e-03
   1.5947180e-03
   2.2122220e-03
   2.8772550e-03
   3.5624610e-03
   4.2350860e-03
   4.8636290e-03
   5.4307770e-03
   5.9410210e-03
   6.4088620e-03
   6.8416280e-03
   7.2480740e-03
   7.6456810e-03
   8.0509320e-03
   8.4643970e-03
   8.8589890e-03
   9.1733380e-03
   9.3365040e-03
   9.2887470e-03
   9.0071700e-03
   8.5109640e-03
   7.8526250e-03
   7.1001690e-03
   6.3078560e-03
   5.4897180e-03
   4.6094640e-03
   3.6099780e-03
   2.4554950e-03
   1.1548730e-03
  -2.2177550e-04
  -1.5570580e-03
  -2.7242310e-03
  -3.6070170e-03
  -4.1183180e-03
  -4.1902140e-03
  -3.7719380e-03
  -2.8456180e-03
  -1.4271530e-03
   4.2672610e-04
   2.6205590e-03
   5.0232530e-03
   7.4720980e-03
   9.8037960e-03
   1.1894430e-02
   1.3687280e-02
   1.5186230e-02
   1.6436930e-02
   1.7512990e-02
   1.8490590e-02
   1.9415300e-02
   2.0276010e-02
   2.1023820e-02
   2.1594110e-02
   2.1921610e-02
   2.1957990e-02
   2.1669820e-02
   2.1049500e-02
   2.0137440e-02
   1.9016670e-02
   1.7789370e-02
   1.6551000e-02
   1.5383080e-02
   1.4342720e-02
   1.3445500e-02
   1.2669000e-02
   1.1961140e-02
   1.1262450e-02
   1.0533830e-02
   9.7620590e-03
   8.9551990e-03
   8.1336730e-03
   7.3161170e-03
   6.5181080e-03
   5.7696410e-03
   5.1155710e-03
   4.5838650e-03
   4.1692310e-03
   3.8437460e-03
   3.5788450e-03
   3.3453210e-03
   3.1040660e-03
   2.8155520e-03
   2.4499730e-03
   2.0133000e-03
   1.5505470e-03
   1.1224340e-03
   7.8741640e-04
   5.8424200e-04
   5.3799330e-04
   6.6709110e-04
   9.8256130e-04
   1.4830080e-03
   2.1435070e-03
   2.9116850e-03
   3.7139470e-03
   4.4687800e-03
   5.0974360e-03
   5.5373870e-03
   5.7632400e-03
   5.7835360e-03
   5.6206930e-03
   5.2967730e-03
   4.8413060e-03
   4.2946860e-03
   3.6963290e-03
   3.0709840e-03
   2.4353060e-03
   1.8077070e-03
   1.2063700e-03
   6.4492040e-04
   1.4585720e-04
  -2.5021400e-04
  -4.9089240e-04
  -5.3547500e-04
  -3.7732050e-04
  -3.4147920e-05
   4.6559850e-04
   1.0998370e-03
   1.8461190e-03
   2.6641070e-03
   3.5045170e-03
   4.3218330e-03
   5.0980660e-03
   5.8445660e-03
   6.5856740e-03
   7.3611850e-03
   8.2197720e-03
   9.2051320e-03
   1.0341430e-02
   1.1611420e-02
   1.2958330e-02
   1.4306170e-02
   1.5569440e-02
   1.6663300e-02
   1.7524080e-02
   1.8110470e-02
   1.8387310e-02
   1.8330620e-02
   1.7952470e-02
   1.7308790e-02
   1.6482350e-02
   1.5553650e-02
   1.4589000e-02
   1.3643960e-02
   1.2742910e-02
   1.1869940e-02
   1.0985360e-02
   1.0035250e-02
   8.9798890e-03
   7.8228270e-03
   6.6078570e-03
   5.4051620e-03
   4.2846970e-03
   3.2854880e-03
   2.4261980e-03
   1.7217740e-03
   1.1680310e-03
   7.3657720e-04
   3.8641650e-04
   5.6915880e-05
  -3.3368510e-04
  -8.5498170e-04
  -1.5188750e-03
  -2.2631040e-03
  -2.9803190e-03
  -3.5663280e-03
  -3.9439900e-03
  -4.0755060e-03
  -3.9561080e-03
  -3.6036170e-03
  -3.0537380e-03
  -2.3661910e-03
  -1.6122850e-03
  -8.5809970e-04
  -1.4877410e-04
   4.8834130e-04
   1.0347580e-03
   1.4956250e-03
   1.9078000e-03
   2.3287880e-03
   2.8108640e-03
   3.3895070e-03
   4.0825140e-03
   4.8863600e-03
   5.7859130e-03
   6.7569980e-03
   7.7630200e-03
   8.7465870e-03
   9.6316460e-03
   1.0347280e-02
   1.0832080e-02
   1.1037360e-02
   1.0935870e-02
   1.0523670e-02
   9.8132410e-03
   8.8169850e-03
   7.5328240e-03
   5.9619040e-03
   4.1244820e-03
   2.0581630e-03
  -1.6992370e-04
  -2.4488210e-03
  -4.6472430e-03
  -6.6488560e-03
  -8.3701140e-03
  -9.7694210e-03
  -1.0844250e-02
  -1.1620540e-02
  -1.2139020e-02
  -1.2434190e-02
  -1.2518720e-02
  -1.2368310e-02
  -1.1923720e-02
  -1.1129180e-02
  -9.9525970e-03
  -8.3994020e-03
  -6.5313480e-03
  -4.4616510e-03
  -2.3253980e-03
  -2.7709020e-04
   1.5140210e-03
   2.9137050e-03
   3.8738850e-03
   4.4457250e-03
   4.7494990e-03
   4.9363230e-03
   5.1516550e-03
   5.5058510e-03
   6.0480060e-03
   6.7676860e-03
   7.6142270e-03
   8.5234330e-03
   9.4354450e-03
   1.0303140e-02
   1.1096620e-02
   1.1803700e-02
   1.2425750e-02
   1.2971350e-02
   1.3448140e-02
   1.3855230e-02
   1.4173480e-02
   1.4364300e-02
   1.4384630e-02
   1.4200670e-02
   1.3782760e-02
   1.3115240e-02
   1.2219760e-02
   1.1146800e-02
   9.9577680e-03
   8.7172780e-03
   7.4783660e-03
   6.2709430e-03
   5.1068010e-03
   3.9898750e-03
   2.9273300e-03
   1.9297970e-03
   1.0019900e-03
   1.2850160e-04
  -7.2869230e-04
  -1.6005000e-03
  -2.4900190e-03
  -3.3668110e-03
  -4.1734400e-03
  -4.8558600e-03
  -5.3845420e-03
  -5.7620490e-03
  -6.0017710e-03
  -6.1143550e-03
  -6.0987880e-03
  -5.9591230e-03
  -5.7264730e-03
  -5.4475920e-03
  -5.1603400e-03
  -4.8806930e-03
  -4.6044810e-03
  -4.3221710e-03
  -4.0354770e-03
  -3.7604510e-03
  -3.5222170e-03
  -3.3673370e-03
  -3.3461200e-03
  -3.4829510e-03
  -3.7739080e-03
  -4.2072010e-03
  -4.7717730e-03
  -5.4411910e-03
  -6.1751900e-03
  -6.9338390e-03
  -7.6762100e-03
  -8.3610090e-03
  -8.9465350e-03
  -9.3976390e-03
  -9.7016410e-03
  -9.8597170e-03
  -9.8757150e-03
  -9.7699360e-03
  -9.5886620e-03
  -9.3960140e-03
  -9.2503800e-03
  -9.1935540e-03
  -9.2422180e-03
  -9.3805640e-03
  -9.5811570e-03
  -9.8342020e-03
  -1.0147270e-02
  -1.0522840e-02
  -1.0940200e-02
  -1.1356480e-02
  -1.1713350e-02
  -1.1957760e-02
  -1.2070390e-02
  -1.2072100e-02
  -1.2004420e-02
  -1.1897690e-02
  -1.1755740e-02
  -1.1558240e-02
  -1.1258070e-02
  -1.0781960e-02
  -1.0048430e-02
  -9.0171440e-03
  -7.7042620e-03
  -6.1614610e-03
  -4.4534160e-03
  -2.6487840e-03
  -8.2964930e-04
   9.1669150e-04
   2.5025410e-03
   3.8474170e-03
   4.8908150e-03
   5.5984520e-03
   5.9612900e-03
   6.0000010e-03
   5.7701230e-03
   5.3664200e-03
   4.9112630e-03
   4.5185130e-03
   4.2682770e-03
   4.2028250e-03
   4.3294600e-03
   4.6194680e-03
   5.0120930e-03
   5.4269600e-03
   5.8091190e-03
   6.1509980e-03
   6.4736350e-03
   6.8014030e-03
   7.1372600e-03
   7.4653800e-03
   7.7510690e-03
   7.9403990e-03
   7.9827050e-03
   7.8285650e-03
   7.4224420e-03
   6.7189750e-03
   5.7283470e-03
   4.5384370e-03
   3.2924070e-03
   2.1710770e-03
   1.3659210e-03
   1.0157720e-03
   1.1551740e-03
   1.7191650e-03
   2.5789240e-03
   3.5868440e-03
   4.6107930e-03
   5.5426750e-03
   6.2983030e-03
   6.8096230e-03
   7.0232040e-03
   6.9034420e-03
   6.4394170e-03
   5.6447060e-03
   4.5570370e-03
   3.2456180e-03
   1.8126910e-03
   3.7118950e-04
  -9.9513930e-04
  -2.2456880e-03
  -3.3692170e-03
  -4.3795690e-03
  -5.3094120e-03
  -6.1879930e-03
  -7.0280170e-03
  -7.8342610e-03
  -8.6111430e-03
  -9.3626400e-03
  -1.0097100e-02
  -1.0822050e-02
  -1.1552660e-02
  -1.2315260e-02
  -1.3140550e-02
  -1.4053130e-02
  -1.5060860e-02
  -1.6156060e-02
  -1.7317630e-02
  -1.8533110e-02
  -1.9788080e-02
  -2.1039920e-02
  -2.2218820e-02
  -2.3240250e-02
  -2.4026440e-02
  -2.4533920e-02
  -2.4758860e-02
  -2.4725630e-02
  -2.4460610e-02
  -2.3985950e-02
  -2.3328080e-02
  -2.2530580e-02
  -2.1658850e-02
  -2.0792640e-02
  -2.0006340e-02
  -1.9350870e-02
  -1.8847570e-02
  -1.8499800e-02
  -1.8302690e-02
  -1.8245490e-02
  -1.8307400e-02
  -1.8439630e-02
  -1.8566340e-02
  -1.8612090e-02
  -1.8524000e-02
  -1.8277510e-02
  -1.7879830e-02
  -1.7372090e-02
  -1.6806140e-02
  -1.6218820e-02
  -1.5635850e-02
  -1.5086070e-02
  -1.4620060e-02
  -1.4297200e-02
  -1.4173870e-02
  -1.4298670e-02
  -1.4705310e-02
  -1.5407470e-02
  -1.6386920e-02
  -1.7604860e-02
  -1.9022130e-02
  -2.0601230e-02
  -2.2299570e-02
  -2.4063050e-02
  -2.5836340e-02
  -2.7567530e-02
  -2.9202580e-02
  -3.0694270e-02
  -3.2017070e-02
  -3.3164180e-02
  -3.4125560e-02
  -3.4885950e-02
  -3.5433550e-02
  -3.5772930e-02
  -3.5928960e-02
  -3.5944100e-02
  -3.5877190e-02
  -3.5790660e-02
  -3.5732810e-02
  -3.5753470e-02
  -3.5900500e-02
  -3.6197830e-02
  -3.6632100e-02
  -3.7147490e-02
  -3.7665460e-02
  -3.8110310e-02
  -3.8430960e-02
  -3.8603690e-02
  -3.8616630e-02
  -3.8465370e-02
  -3.8153990e-02
  -3.7688620e-02
  -3.7072570e-02
  -3.6286560e-02
  -3.5299420e-02
  -3.4084050e-02
  -3.2627030e-02
  -3.0932620e-02
  -2.9026030e-02
  -2.6963590e-02
  -2.4823740e-02
  -2.2673780e-02
  -2.0557980e-02
  -1.8516740e-02
  -1.6594690e-02
  -1.4813670e-02
  -1.3164490e-02
  -1.1615640e-02
  -1.0116140e-02
  -8.5926510e-03
  -6.9553940e-03
  -5.1081300e-03
  -2.9729500e-03
  -5.0247130e-04
   2.3025840e-03
   5.4006450e-03
   8.7185600e-03
   1.2168890e-02
   1.5661590e-02
   1.9098980e-02
   2.2371510e-02
   2.5368570e-02
   2.8004090e-02
   3.0227660e-02
   3.2018520e-02
   3.3375350e-02
   3.4303310e-02
   3.4815140e-02
   3.4938100e-02
   3.4713280e-02
   3.4186440e-02
   3.3408880e-02
   3.2430940e-02
   3.1299500e-02
   3.0056180e-02
   2.8735330e-02
   2.7372900e-02
   2.6016550e-02
   2.4720520e-02
   2.3525650e-02
   2.2455120e-02
   2.1533070e-02
   2.0793240e-02
   2.0280440e-02
   2.0041100e-02
   2.0115390e-02
   2.0527870e-02
   2.1279400e-02
   2.2342900e-02
   2.3656860e-02
   2.5133360e-02
   2.6670090e-02
   2.8163960e-02
   2.9530600e-02
   3.0714560e-02
   3.1681920e-02
   3.2409540e-02
   3.2899580e-02
   3.3186790e-02
   3.3318260e-02
   3.3329580e-02
   3.3228450e-02
   3.2998330e-02
   3.2619520e-02
   3.2091930e-02
   3.1455310e-02
   3.0790940e-02
   3.0196750e-02
   2.9751340e-02
   2.9480350e-02
   2.9335330e-02
   2.9207590e-02
   2.8959790e-02
   2.8451020e-02
   2.7572950e-02
   2.6280900e-02
   2.4596580e-02
   2.2600620e-02
   2.0433830e-02
   1.8267000e-02
   1.6246470e-02
   1.4471170e-02
   1.3003260e-02
   1.1865270e-02
   1.1026720e-02
   1.0393180e-02
   9.8352900e-03
   9.2363890e-03
   8.5254480e-03
   7.6742810e-03
   6.6900620e-03
   5.5977890e-03
   4.4335670e-03
   3.2477360e-03
   2.0991960e-03
   1.0394380e-03
   1.0056100e-04
  -6.9919450e-04
  -1.3411300e-03
  -1.7997880e-03
  -2.0687140e-03
  -2.1492930e-03
  -2.0348590e-03
  -1.7234870e-03
  -1.2334360e-03
  -5.8983310e-04
   1.8781400e-04
   1.0760000e-03
   2.0463190e-03
   3.0531990e-03
   4.0124870e-03
   4.8175640e-03
   5.3731510e-03
   5.6274290e-03
   5.5877080e-03
   5.3089910e-03
   4.8576170e-03
   4.2934660e-03
   3.6757580e-03
   3.0501810e-03
   2.4501730e-03
   1.9291900e-03
   1.5921960e-03
   1.5761920e-03
   1.9921700e-03
   2.8887560e-03
   4.2423670e-03
   5.9653170e-03
   7.9454710e-03
   1.0090090e-02
   1.2335430e-02
   1.4628840e-02
   1.6914540e-02
   1.9128180e-02
   2.1204750e-02
   2.3090710e-02
   2.4744900e-02
   2.6142710e-02
   2.7281940e-02
   2.8180980e-02
   2.8852320e-02
   2.9309590e-02
   2.9581500e-02
   2.9698350e-02
   2.9693200e-02
   2.9600850e-02
   2.9453550e-02
   2.9279660e-02
   2.9111000e-02
   2.8994790e-02
   2.8985180e-02
   2.9118040e-02
   2.9388800e-02
   2.9754640e-02
   3.0157890e-02
   3.0540820e-02
   3.0854910e-02
   3.1075590e-02
   3.1218350e-02
   3.1323040e-02
   3.1417830e-02
   3.1504530e-02
   3.1560050e-02
   3.1546370e-02
   3.1421700e-02
   3.1144280e-02
   3.0682450e-02
   2.9996700e-02
   2.9018220e-02
   2.7673920e-02
   2.5920050e-02
   2.3757850e-02
   2.1237300e-02
   1.8441780e-02
   1.5470450e-02
   1.2415990e-02
   9.3759780e-03
   6.4598540e-03
   3.7835160e-03
   1.4423780e-03
  -5.1401800e-04
  -2.0707620e-03
  -3.2271790e-03
  -3.9969930e-03
  -4.4043560e-03
  -4.4831280e-03
  -4.2837170e-03
  -3.8760090e-03
  -3.3275890e-03
  -2.6887930e-03
  -2.0070070e-03
  -1.3308610e-03
  -7.0000640e-04
  -1.4238220e-04
   3.3005070e-04
   7.3034040e-04
   1.0968850e-03
   1.4938160e-03
   1.9995870e-03
   2.6652890e-03
   3.4948470e-03
   4.4653160e-03
   5.5387370e-03
   6.6697940e-03
   7.8105600e-03
   8.9071030e-03
   9.9035660e-03
   1.0748270e-02
   1.1400530e-02
   1.1832060e-02
   1.2019520e-02
   1.1949080e-02
   1.1619170e-02
   1.1036490e-02
   1.0217820e-02
   9.1883550e-03
   7.9855530e-03
   6.6505950e-03
   5.2310460e-03
   3.7772230e-03
   2.3249810e-03
   8.9106410e-04
  -5.1492320e-04
  -1.9036610e-03
  -3.3179100e-03
  -4.8147720e-03
  -6.4437060e-03
  -8.2441900e-03
  -1.0225630e-02
  -1.2352400e-02
  -1.4553010e-02
  -1.6758710e-02
  -1.8932200e-02
  -2.1060240e-02
  -2.3147650e-02
  -2.5213820e-02
  -2.7271520e-02
  -2.9317670e-02
  -3.1327690e-02
  -3.3265540e-02
  -3.5107220e-02
  -3.6850450e-02
  -3.8497910e-02
  -4.0041660e-02
  -4.1475750e-02
  -4.2799670e-02
  -4.3995200e-02
  -4.5025860e-02
  -4.5843980e-02
  -4.6408490e-02
  -4.6704290e-02
  -4.6734170e-02
  -4.6506290e-02
  -4.6024260e-02
  -4.5291700e-02
  -4.4316980e-02
  -4.3103210e-02
  -4.1641530e-02
  -3.9916440e-02
  -3.7936150e-02
  -3.5741260e-02
  -3.3383220e-02
  -3.0904830e-02
  -2.8343870e-02
  -2.5736310e-02
  -2.3105860e-02
  -2.0457660e-02
  -1.7784380e-02
  -1.5090880e-02
  -1.2406800e-02
  -9.7816990e-03
  -7.2798640e-03
  -4.9740580e-03
  -2.9289240e-03
  -1.1944020e-03
   1.9769350e-04
   1.2401560e-03
   1.9563500e-03
   2.4076730e-03
   2.6756560e-03
   2.8231650e-03
   2.8872330e-03
   2.8987730e-03
   2.8870320e-03
   2.8619400e-03
   2.8015880e-03
   2.6652090e-03
   2.4188840e-03
   2.0429470e-03
   1.5280890e-03
   8.6883160e-04
   5.8031230e-05
  -9.0843910e-04
  -2.0224990e-03
  -3.2702780e-03
  -4.6452170e-03
  -6.1423920e-03
  -7.7478830e-03
  -9.4302030e-03
  -1.1156360e-02
  -1.2895950e-02
  -1.4625720e-02
  -1.6338330e-02
  -1.8042720e-02
  -1.9767880e-02
  -2.1552910e-02
  -2.3431130e-02
  -2.5423540e-02
  -2.7535270e-02
  -2.9748460e-02
  -3.2021090e-02
  -3.4313800e-02
  -3.6581510e-02
  -3.8763380e-02
  -4.0790550e-02
  -4.2597230e-02
  -4.4129840e-02
  -4.5358150e-02
  -4.6269710e-02
  -4.6874210e-02
  -4.7206230e-02
  -4.7290090e-02
  -4.7110380e-02
  -4.6633000e-02
  -4.5840520e-02
  -4.4728600e-02
  -4.3300110e-02
  -4.1574720e-02
  -3.9584670e-02
  -3.7358410e-02
  -3.4911540e-02
  -3.2231260e-02
  -2.9272500e-02
  -2.5985020e-02
  -2.2339850e-02
  -1.8332410e-02
  -1.4000450e-02
  -9.4336880e-03
  -4.7665490e-03
  -1.7175620e-04
   4.1634540e-03
   8.0805630e-03
   1.1466130e-02
   1.4237310e-02
   1.6342290e-02
   1.7761210e-02
   1.8495210e-02
   1.8564930e-02
   1.8011140e-02
   1.6901900e-02
   1.5334250e-02
   1.3418150e-02
   1.1274940e-02
   9.0289310e-03
   6.7980440e-03
   4.6981420e-03
   2.8352170e-03
   1.2833620e-03
   6.5817550e-05
  -8.4636300e-04
  -1.5077970e-03
  -1.9568980e-03
  -2.1946700e-03
  -2.1813140e-03
  -1.8575520e-03
  -1.1904810e-03
  -2.2024510e-04
   9.2942200e-04
   2.0774870e-03
   3.0359730e-03
   3.6679150e-03
   3.9301820e-03
   3.8707330e-03
   3.5897040e-03
   3.1915500e-03
   2.7569790e-03
   2.3344580e-03
   1.9353480e-03
   1.5417890e-03
   1.1108150e-03
   5.7153740e-04
  -1.6112610e-04
  -1.1527880e-03
  -2.4285830e-03
  -3.9576640e-03
  -5.6378970e-03
  -7.3092110e-03
  -8.7975920e-03
  -9.9680640e-03
  -1.0763110e-02
  -1.1214640e-02
  -1.1426710e-02
  -1.1528510e-02
  -1.1620820e-02
  -1.1751890e-02
  -1.1930760e-02
  -1.2130160e-02
  -1.2279170e-02
  -1.2277180e-02
  -1.2028040e-02
  -1.1465210e-02
  -1.0553320e-02
  -9.2980220e-03
  -7.7502550e-03
  -5.9831430e-03
  -4.0596330e-03
  -2.0161700e-03
   1.3443110e-04
   2.3976940e-03
   4.8012880e-03
   7.3976600e-03
   1.0266290e-02
   1.3487120e-02
   1.7101510e-02
   2.1074450e-02
   2.5284890e-02
   2.9557450e-02
   3.3709460e-02
   3.7592790e-02
   4.1122420e-02
   4.4279000e-02
   4.7086120e-02
   4.9569390e-02
   5.1729200e-02
   5.3546370e-02
   5.4995840e-02
   5.6031880e-02
   5.6590790e-02
   5.6622440e-02
   5.6114590e-02
   5.5091170e-02
   5.3612740e-02
   5.1765250e-02
   4.9624230e-02
   4.7236170e-02
   4.4624140e-02
   4.1813290e-02
   3.8863180e-02
   3.5884000e-02
   3.3013310e-02
   3.0360680e-02
   2.7964430e-02
   2.5795440e-02
   2.3779500e-02
   2.1831550e-02
   1.9895270e-02
   1.7961160e-02
   1.6049640e-02
   1.4178190e-02
   1.2349660e-02
   1.0572630e-02
   8.8750160e-03
   7.3046060e-03
   5.9244600e-03
   4.7974060e-03
   3.9634390e-03
   3.4126860e-03
   3.0844820e-03
   2.9058000e-03
   2.8147260e-03
   2.7618360e-03
   2.7050540e-03
   2.6023140e-03
   2.3974350e-03
   2.0231500e-03
   1.4274870e-03
   6.1924600e-04
  -3.0793430e-04
  -1.1995840e-03
  -1.8945670e-03
  -2.2899450e-03
  -2.3844710e-03
  -2.2545640e-03
  -1.9957920e-03
  -1.6768000e-03
  -1.3259690e-03
  -9.5435850e-04
  -5.8498560e-04
  -2.3433780e-04
   9.5382870e-05
   3.9343490e-04
   6.4287140e-04
   8.4031520e-04
   9.9433710e-04
   1.1204280e-03
   1.2397960e-03
   1.3804010e-03
   1.5715600e-03
   1.8427190e-03
   2.2287140e-03
   2.7716750e-03
   3.5175680e-03
   4.4935810e-03
   5.7023420e-03
   7.1383990e-03
   8.7887590e-03
   1.0635100e-02
   1.2641610e-02
   1.4740700e-02
   1.6827210e-02
   1.8770280e-02
   2.0457340e-02
   2.1821750e-02
   2.2829400e-02
   2.3449870e-02
   2.3677770e-02
   2.3542910e-02
   2.3073530e-02
   2.2280130e-02
   2.1168030e-02
   1.9771140e-02
   1.8183080e-02
   1.6539500e-02
   1.4992790e-02
   1.3700080e-02
   1.2815860e-02
   1.2462380e-02
   1.2696540e-02
   1.3518650e-02
   1.4876610e-02
   1.6652360e-02
   1.8672030e-02
   2.0730160e-02
   2.2624370e-02
   2.4198050e-02
   2.5358760e-02
   2.6082230e-02
   2.6392710e-02
   2.6332180e-02
   2.5932550e-02
   2.5214880e-02
   2.4197210e-02
   2.2884770e-02
   2.1286190e-02
   1.9412860e-02
   1.7258710e-02
   1.4801760e-02
   1.2041890e-02
   9.0390020e-03
   5.9105790e-03
   2.7976030e-03
  -1.7125710e-04
  -2.9069090e-03
  -5.3705180e-03
  -7.5617740e-03
  -9.5021690e-03
  -1.1214480e-02
  -1.2709050e-02
  -1.3989830e-02
  -1.5087500e-02
  -1.6051020e-02
  -1.6928340e-02
  -1.7762430e-02
  -1.8587960e-02
  -1.9438200e-02
  -2.0334760e-02
  -2.1266370e-02
  -2.2189770e-02
  -2.3035020e-02
  -2.3719420e-02
  -2.4164260e-02
  -2.4293330e-02
  -2.4022850e-02
  -2.3250310e-02
  -2.1864020e-02
  -1.9770990e-02
  -1.6930690e-02
  -1.3372290e-02
  -9.1836770e-03
  -4.4894520e-03
   5.7322140e-04
   5.8568760e-03
   1.1186000e-02
   1.6368050e-02
   2.1217450e-02
   2.5585690e-02
   2.9369560e-02
   3.2499890e-02
   3.4927260e-02
   3.6617740e-02
   3.7553130e-02
   3.7738400e-02
   3.7217540e-02
   3.6064420e-02
   3.4345170e-02
   3.2120880e-02
   2.9454090e-02
   2.6408120e-02
   2.3052360e-02
   1.9443240e-02
   1.5620300e-02
   1.1615650e-02
   7.4595650e-03
   3.1784250e-03
  -1.1948430e-03
  -5.6117730e-03
  -1.0003380e-02
  -1.4291380e-02
  -1.8399170e-02
  -2.2255940e-02
  -2.5790780e-02
  -2.8931990e-02
  -3.1627660e-02
  -3.3853560e-02
  -3.5605960e-02
  -3.6884740e-02
  -3.7680400e-02
  -3.7969590e-02
  -3.7726980e-02
  -3.6971970e-02
  -3.5797850e-02
  -3.4348920e-02
  -3.2770850e-02
  -3.1175280e-02
  -2.9632370e-02
  -2.8186270e-02
  -2.6889020e-02
  -2.5818330e-02
  -2.5041750e-02
  -2.4601750e-02
  -2.4517290e-02
  -2.4777090e-02
  -2.5335940e-02
  -2.6134500e-02
  -2.7109190e-02
  -2.8174010e-02
  -2.9236230e-02
  -3.0245030e-02
  -3.1207200e-02
  -3.2177820e-02
  -3.3226310e-02
  -3.4410820e-02
  -3.5745150e-02
  -3.7182840e-02
  -3.8634280e-02
  -4.0003770e-02
  -4.1216700e-02
  -4.2225990e-02
  -4.3019780e-02
  -4.3621390e-02
  -4.4074690e-02
  -4.4417840e-02
  -4.4656670e-02
  -4.4760400e-02
  -4.4696050e-02
  -4.4453470e-02
  -4.4031200e-02
  -4.3428060e-02
  -4.2645770e-02
  -4.1678780e-02
  -4.0515300e-02
  -3.9148450e-02
  -3.7593780e-02
  -3.5897540e-02
  -3.4128200e-02
  -3.2364530e-02
  -3.0676720e-02
  -2.9094440e-02
  -2.7571950e-02
  -2.6003600e-02
  -2.4275880e-02
  -2.2314690e-02
  -2.0123790e-02
  -1.7781660e-02
  -1.5420930e-02
  -1.3184260e-02
  -1.1201100e-02
  -9.5782480e-03
  -8.3859920e-03
  -7.6311130e-03
  -7.2440680e-03
  -7.0944190e-03
  -7.0332410e-03
  -6.9281260e-03
  -6.6760900e-03
  -6.2197230e-03
  -5.5557780e-03
  -4.7027310e-03
  -3.6684770e-03
  -2.4605330e-03
  -1.1077070e-03
   3.3705670e-04
   1.8210340e-03
   3.2981810e-03
   4.7186880e-03
   6.0197740e-03
   7.1160010e-03
   7.9188720e-03
   8.3706640e-03
   8.4675670e-03
   8.2574990e-03
   7.8151680e-03
   7.2096520e-03
   6.4800320e-03
   5.6309510e-03
   4.6673090e-03
   3.6327580e-03
   2.6024200e-03
   1.6401940e-03
   7.6988370e-04
  -2.2275210e-05
  -7.6042340e-04
  -1.4641240e-03
  -2.1491190e-03
  -2.8227360e-03
  -3.4741100e-03
  -4.0924970e-03
  -4.6945070e-03
  -5.3113500e-03
  -5.9737520e-03
  -6.7178520e-03
  -7.5960820e-03
  -8.6675100e-03
  -9.9798350e-03
  -1.1549390e-02
  -1.3354260e-02
  -1.5344640e-02
  -1.7439100e-02
  -1.9536380e-02
  -2.1539730e-02
  -2.3360120e-02
  -2.4905480e-02
  -2.6093850e-02
  -2.6891670e-02
  -2.7307100e-02
  -2.7361460e-02
  -2.7071000e-02
  -2.6458300e-02
  -2.5555430e-02
  -2.4403930e-02
  -2.3067640e-02
  -2.1655750e-02
  -2.0336720e-02
  -1.9314700e-02
  -1.8781950e-02
  -1.8867680e-02
  -1.9614510e-02
  -2.0983140e-02
  -2.2885020e-02
  -2.5225170e-02
  -2.7913360e-02
  -3.0849850e-02
  -3.3915050e-02
  -3.6974260e-02
  -3.9893890e-02
  -4.2543160e-02
  -4.4796230e-02
  -4.6550870e-02
  -4.7752360e-02
  -4.8393590e-02
  -4.8488320e-02
  -4.8047170e-02
  -4.7061100e-02
  -4.5505010e-02
  -4.3361100e-02
  -4.0634230e-02
  -3.7361160e-02
  -3.3601340e-02
  -2.9421300e-02
  -2.4900530e-02
  -2.0142820e-02
  -1.5246230e-02
  -1.0289370e-02
  -5.3599250e-03
  -5.7554480e-04
   3.9339660e-03
   8.0580640e-03
   1.1738460e-02
   1.4979400e-02
   1.7828500e-02
   2.0345550e-02
   2.2588290e-02
   2.4604420e-02
   2.6431100e-02
   2.8097730e-02
   2.9625190e-02
   3.1015070e-02
   3.2251620e-02
   3.3303700e-02
   3.4137000e-02
   3.4734380e-02
   3.5114360e-02
   3.5322870e-02
   3.5409670e-02
   3.5408980e-02
   3.5337160e-02
   3.5187690e-02
   3.4922190e-02
   3.4494390e-02
   3.3881860e-02
   3.3096580e-02
   3.2162190e-02
   3.1085580e-02
   2.9853490e-02
   2.8446500e-02
   2.6876010e-02
   2.5196720e-02
   2.3474250e-02
   2.1750280e-02
   2.0043420e-02
   1.8362750e-02
   1.6741420e-02
   1.5262340e-02
   1.4030630e-02
   1.3120420e-02
   1.2556970e-02
   1.2341380e-02
   1.2474570e-02
   1.2965770e-02
   1.3814560e-02
   1.4984070e-02
   1.6397100e-02
   1.7943510e-02
   1.9492240e-02
   2.0921140e-02
   2.2143700e-02
   2.3110740e-02
   2.3805070e-02
   2.4228840e-02
   2.4377930e-02
   2.4238400e-02
   2.3793020e-02
   2.3019430e-02
   2.1894510e-02
   2.0413850e-02
   1.8617020e-02
   1.6599890e-02
   1.4498890e-02
   1.2456870e-02
   1.0588590e-02
   8.9507760e-03
   7.5201680e-03
   6.1943990e-03
   4.8197900e-03
   3.2427050e-03
   1.3475820e-03
  -9.1231590e-04
  -3.5016360e-03
  -6.3192140e-03
  -9.2311520e-03
  -1.2113480e-02
  -1.4875790e-02
  -1.7458180e-02
  -1.9824210e-02
  -2.1949420e-02
  -2.3803090e-02
  -2.5334270e-02
  -2.6474450e-02
  -2.7139710e-02
  -2.7230920e-02
  -2.6648760e-02
  -2.5339850e-02
  -2.3326960e-02
  -2.0714230e-02
  -1.7675680e-02
  -1.4424400e-02
  -1.1176980e-02
  -8.1290030e-03
  -5.4365400e-03
  -3.2069630e-03
  -1.4986920e-03
  -3.2880890e-04
   3.1931950e-04
   4.8192870e-04
   2.1168780e-04
  -4.1550100e-04
  -1.2939700e-03
  -2.2909460e-03
  -3.2547180e-03
  -4.0296500e-03
  -4.4925380e-03
  -4.5762620e-03
  -4.2759670e-03
  -3.6453880e-03
  -2.7733530e-03
  -1.7474270e-03
  -6.3536630e-04
   5.1962400e-04
   1.7151150e-03
   2.9628930e-03
   4.2436910e-03
   5.5088550e-03
   6.6927210e-03
   7.7174910e-03
   8.4913020e-03
   8.9221620e-03
   8.9311280e-03
   8.4583210e-03
   7.4764720e-03
   5.9999450e-03
   4.0733060e-03
   1.7745190e-03
  -7.9024400e-04
  -3.4959510e-03
  -6.2038410e-03
  -8.7837050e-03
  -1.1142360e-02
  -1.3236420e-02
  -1.5054700e-02
  -1.6605940e-02
  -1.7905110e-02
  -1.8950910e-02
  -1.9724320e-02
  -2.0206090e-02
  -2.0387870e-02
  -2.0281010e-02
  -1.9917980e-02
  -1.9343160e-02
  -1.8603980e-02
  -1.7761110e-02
  -1.6877690e-02
  -1.5995000e-02
  -1.5146730e-02
  -1.4359060e-02
  -1.3647810e-02
  -1.3023380e-02
  -1.2487500e-02
  -1.2039870e-02
  -1.1673750e-02
  -1.1383770e-02
  -1.1168020e-02
  -1.0998160e-02
  -1.0819680e-02
  -1.0582870e-02
  -1.0265910e-02
  -9.8664920e-03
  -9.3804690e-03
  -8.7798160e-03
  -8.0130330e-03
  -7.0232970e-03
  -5.7845840e-03
  -4.3066960e-03
  -2.6352100e-03
  -8.4776990e-04
   9.5484480e-04
   2.6464670e-03
   4.0758690e-03
   5.0918820e-03
   5.5871070e-03
   5.5202280e-03
   4.9112320e-03
   3.8523030e-03
   2.4992290e-03
   1.0317140e-03
  -3.8338910e-04
  -1.6114650e-03
  -2.5448190e-03
  -3.0993980e-03
  -3.2203820e-03
  -2.8703610e-03
  -2.0274710e-03
  -6.8835170e-04
   1.1224030e-03
   3.3509980e-03
   5.9156500e-03
   8.7122450e-03
   1.1631770e-02
   1.4569980e-02
   1.7436640e-02
   2.0154880e-02
   2.2653940e-02
   2.4886620e-02
   2.6840930e-02
   2.8546280e-02
   3.0053260e-02
   3.1393020e-02
   3.2569110e-02
   3.3579230e-02
   3.4430050e-02
   3.5127860e-02
   3.5677120e-02
   3.6092500e-02
   3.6375550e-02
   3.6498400e-02
   3.6422180e-02
   3.6113890e-02
   3.5541080e-02
   3.4674810e-02
   3.3487740e-02
   3.1944020e-02
   3.0013890e-02
   2.7720200e-02
   2.5154900e-02
   2.2451870e-02
   1.9740340e-02
   1.7119180e-02
   1.4657540e-02
   1.2395320e-02
   1.0364790e-02
   8.5973410e-03
   7.1199200e-03
   5.9592130e-03
   5.1430070e-03
   4.7012780e-03
   4.6701240e-03
   5.0684140e-03
   5.8837580e-03
   7.0855400e-03
   8.6377380e-03
   1.0492700e-02
   1.2583680e-02
   1.4830580e-02
   1.7151590e-02
   1.9465220e-02
   2.1698950e-02
   2.3803180e-02
   2.5743170e-02
   2.7479680e-02
   2.8984120e-02
   3.0246020e-02
   3.1268300e-02
   3.2059980e-02
   3.2616650e-02
   3.2896600e-02
   3.2821620e-02
   3.2299100e-02
   3.1265610e-02
   2.9710600e-02
   2.7689040e-02
   2.5311040e-02
   2.2719610e-02
   2.0076000e-02
   1.7525370e-02
   1.5170250e-02
   1.3058840e-02
   1.1178520e-02
   9.4706850e-03
   7.8453720e-03
   6.2112080e-03
   4.5020080e-03
   2.6858780e-03
   7.5851060e-04
  -1.2753720e-03
  -3.4294760e-03
  -5.7462820e-03
  -8.2823660e-03
  -1.1084390e-02
  -1.4171070e-02
  -1.7508290e-02
  -2.1022350e-02
  -2.4618490e-02
  -2.8190230e-02
  -3.1643270e-02
  -3.4922380e-02
  -3.8000490e-02
  -4.0852710e-02
  -4.3437670e-02
  -4.5709250e-02
  -4.7639150e-02
  -4.9230750e-02
  -5.0526150e-02
  -5.1582260e-02
  -5.2439330e-02
  -5.3120050e-02
  -5.3644900e-02
  -5.4048140e-02
  -5.4372410e-02
  -5.4646320e-02
  -5.4861540e-02
  -5.4988010e-02
  -5.5013470e-02
  -5.4944340e-02
  -5.4787750e-02
  -5.4538350e-02
  -5.4171030e-02
  -5.3636300e-02
  -5.2867110e-02
  -5.1801290e-02
  -5.0396940e-02
  -4.8623770e-02
  -4.6454610e-02
  -4.3870770e-02
  -4.0862710e-02
  -3.7439440e-02
  -3.3633100e-02
  -2.9494550e-02
  -2.5110000e-02
  -2.0613770e-02
  -1.6160170e-02
  -1.1896210e-02
  -7.9627460e-03
  -4.4848010e-03
  -1.5497750e-03
   7.8916510e-04
   2.4979470e-03
   3.5766000e-03
   4.0553620e-03
   3.9735110e-03
   3.3845400e-03
   2.3740240e-03
   1.0530570e-03
  -4.6973550e-04
  -2.1039450e-03
  -3.7623280e-03
  -5.3483640e-03
  -6.7770590e-03
  -7.9939600e-03
  -8.9583520e-03
  -9.6339770e-03
  -1.0005470e-02
  -1.0068200e-02
  -9.8137060e-03
  -9.2344280e-03
  -8.3160820e-03
  -7.0464740e-03
  -5.4232180e-03
  -3.4695650e-03
  -1.2569470e-03
   1.0923250e-03
   3.4247590e-03
   5.5786420e-03
   7.4195170e-03
   8.8657220e-03
   9.8931800e-03
   1.0522860e-02
   1.0808750e-02
   1.0814460e-02
   1.0601700e-02
   1.0226650e-02
   9.7300000e-03
   9.1306970e-03
   8.4232840e-03
   7.6072030e-03
   6.7144460e-03
   5.8070210e-03
   4.9794890e-03
   4.3467060e-03
   4.0203740e-03
   4.0843740e-03
   4.5802910e-03
   5.5029330e-03
   6.7993890e-03
   8.3752700e-03
   1.0142780e-02
   1.2061230e-02
   1.4133570e-02
   1.6370250e-02
   1.8755660e-02
   2.1242120e-02
   2.3745030e-02
   2.6161990e-02
   2.8399650e-02
   3.0393480e-02
   3.2108450e-02
   3.3530010e-02
   3.4676970e-02
   3.5598130e-02
   3.6356020e-02
   3.7014620e-02
   3.7633170e-02
   3.8269840e-02
   3.8979990e-02
   3.9797860e-02
   4.0727720e-02
   4.1745930e-02
   4.2816130e-02
   4.3903060e-02
   4.4987450e-02
   4.6072330e-02
   4.7165600e-02
   4.8259460e-02
   4.9333830e-02
   5.0351470e-02
   5.1221140e-02
   5.1793570e-02
   5.1884400e-02
   5.1307070e-02
   4.9923460e-02
   4.7687040e-02
   4.4661330e-02
   4.1018280e-02
   3.6990670e-02
   3.2810900e-02
   2.8679470e-02
   2.4730430e-02
   2.1020990e-02
   1.7541630e-02
   1.4244680e-02
   1.1075730e-02
   7.9893900e-03
   4.9641950e-03
   2.0042750e-03
  -8.4294100e-04
  -3.4970570e-03
  -5.8772570e-03
  -7.9222130e-03
  -9.5901210e-03
  -1.0865750e-02
  -1.1761680e-02
  -1.2319550e-02
  -1.2607870e-02
  -1.2706180e-02
  -1.2694620e-02
  -1.2637570e-02
  -1.2579480e-02
  -1.2552890e-02
  -1.2570210e-02
  -1.2611510e-02
  -1.2628160e-02
  -1.2582460e-02
  -1.2480490e-02
  -1.2353040e-02
  -1.2243040e-02
  -1.2225060e-02
  -1.2408310e-02
  -1.2895830e-02
  -1.3737980e-02
  -1.4910960e-02
  -1.6327720e-02
  -1.7880090e-02
  -1.9470020e-02
  -2.1032060e-02
  -2.2543370e-02
  -2.4017390e-02
  -2.5477060e-02
  -2.6921400e-02
  -2.8299550e-02
  -2.9519280e-02
  -3.0479830e-02
  -3.1114990e-02
  -3.1425050e-02
  -3.1454510e-02
  -3.1256590e-02
  -3.0881660e-02
  -3.0365050e-02
  -2.9730080e-02
  -2.9008360e-02
  -2.8239900e-02
  -2.7464920e-02
  -2.6720130e-02
  -2.6039260e-02
  -2.5445400e-02
  -2.4955370e-02
  -2.4583970e-02
  -2.4325240e-02
  -2.4146650e-02
  -2.3995500e-02
  -2.3792290e-02
  -2.3450220e-02
  -2.2919580e-02
  -2.2195230e-02
  -2.1294680e-02
  -2.0243050e-02
  -1.9070900e-02
  -1.7815120e-02
  -1.6511530e-02
  -1.5180340e-02
  -1.3820720e-02
  -1.2413950e-02
  -1.0939690e-02
  -9.3937270e-03
  -7.7913740e-03
  -6.1663490e-03
  -4.5627990e-03
  -3.0079880e-03
  -1.5001570e-03
  -9.4661280e-06
   1.5038990e-03
   3.0500860e-03
   4.5973740e-03
   6.0845510e-03
   7.4453510e-03
   8.6365150e-03
   9.6385340e-03
   1.0421890e-02
   1.0945810e-02
   1.1174280e-02
   1.1077080e-02
   1.0627930e-02
   9.8151570e-03
   8.6608600e-03
   7.2303630e-03
   5.6130760e-03
   3.8862190e-03
   2.1070010e-03
   3.2244550e-04
  -1.4357650e-03
  -3.1480650e-03
  -4.7871840e-03
  -6.3263390e-03
  -7.7517050e-03
  -9.0539220e-03
  -1.0210990e-02
  -1.1187540e-02
  -1.1949010e-02
  -1.2467810e-02
  -1.2724320e-02
  -1.2710180e-02
  -1.2421970e-02
  -1.1870860e-02
  -1.1099280e-02
  -1.0172420e-02
  -9.1622470e-03
  -8.1189280e-03
  -7.0437610e-03
  -5.8961300e-03
  -4.6359980e-03
  -3.2427060e-03
  -1.7282650e-03
  -1.4406820e-04
   1.4349690e-03
   2.9453990e-03
   4.3608620e-03
   5.6899570e-03
   6.9637770e-03
   8.2271720e-03
   9.5107630e-03
   1.0827470e-02
   1.2187230e-02
   1.3607090e-02
   1.5116050e-02
   1.6752040e-02
   1.8545400e-02
   2.0492960e-02
   2.2560450e-02
   2.4696650e-02
   2.6847610e-02
   2.8976920e-02
   3.1075020e-02
   3.3150480e-02
   3.5193610e-02
   3.7155260e-02
   3.8943900e-02
   4.0446540e-02
   4.1563940e-02
   4.2258450e-02
   4.2564440e-02
   4.2575490e-02
   4.2408310e-02
   4.2166090e-02
   4.1915590e-02
   4.1674090e-02
   4.1415870e-02
   4.1088630e-02
   4.0636270e-02
   4.0023490e-02
   3.9241410e-02
   3.8312070e-02
   3.7277110e-02
   3.6159980e-02
   3.4952680e-02
   3.3634620e-02
   3.2197190e-02
   3.0642450e-02
   2.8967750e-02
   2.7164850e-02
   2.5233690e-02
   2.3192300e-02
   2.1082710e-02
   1.8990670e-02
   1.7030790e-02
   1.5297470e-02
   1.3830290e-02
   1.2599300e-02
   1.1514640e-02
   1.0463300e-02
   9.3472900e-03
   8.0966590e-03
   6.6833370e-03
   5.1225850e-03
   3.4574520e-03
   1.7433310e-03
   4.5872480e-05
  -1.5858140e-03
  -3.1063860e-03
  -4.4605970e-03
  -5.6071740e-03
  -6.5143670e-03
  -7.1449620e-03
  -7.4547240e-03
  -7.3906720e-03
  -6.9030060e-03
  -5.9684900e-03
  -4.6185290e-03
  -2.9525320e-03
  -1.1271470e-03
   6.8505990e-04
   2.3528160e-03
   3.8179330e-03
   5.0764650e-03
   6.1480610e-03
   7.0547730e-03
   7.8167670e-03
   8.4364070e-03
   8.8900940e-03
   9.1378050e-03
   9.1280430e-03
   8.8241820e-03
   8.2105890e-03
   7.2931170e-03
   6.1110670e-03
   4.7140050e-03
   3.1563590e-03
   1.5094430e-03
  -1.3801610e-04
  -1.7032150e-03
  -3.1374090e-03
  -4.4296140e-03
  -5.6023750e-03
  -6.7063990e-03
  -7.7998090e-03
  -8.9342810e-03
  -1.0124150e-02
  -1.1338420e-02
  -1.2520720e-02
  -1.3609360e-02
  -1.4555830e-02
  -1.5347190e-02
  -1.6005780e-02
  -1.6562410e-02
  -1.7037780e-02
  -1.7440680e-02
  -1.7756340e-02
  -1.7972100e-02
  -1.8100930e-02
  -1.8167320e-02
  -1.8193740e-02
  -1.8199020e-02
  -1.8199410e-02
  -1.8205690e-02
  -1.8223910e-02
  -1.8238440e-02
  -1.8201940e-02
  -1.8059790e-02
  -1.7769860e-02
  -1.7298090e-02
  -1.6618030e-02
  -1.5705410e-02
  -1.4541000e-02
  -1.3125290e-02
  -1.1476930e-02
  -9.6454370e-03
  -7.7180900e-03
  -5.8011450e-03
  -3.9920920e-03
  -2.3524720e-03
  -9.0400690e-04
   3.7996450e-04
   1.5514580e-03
   2.6691730e-03
   3.7853440e-03
   4.9336770e-03
   6.1289640e-03
   7.3692110e-03
   8.6352430e-03
   9.9019390e-03
   1.1144790e-02
   1.2338190e-02
   1.3455770e-02
   1.4498240e-02
   1.5500090e-02
   1.6512800e-02
   1.7597320e-02
   1.8803290e-02
   2.0158160e-02
   2.1648530e-02
   2.3204620e-02
   2.4736800e-02
   2.6180810e-02
   2.7497640e-02
   2.8648330e-02
   2.9596910e-02
   3.0323920e-02
   3.0816860e-02
   3.1074200e-02
   3.1107670e-02
   3.0933640e-02
   3.0562460e-02
   2.9992990e-02
   2.9220910e-02
   2.8240870e-02
   2.7043860e-02
   2.5626180e-02
   2.3994420e-02
   2.2166710e-02
   2.0153690e-02
   1.7941240e-02
   1.5499200e-02
   1.2809390e-02
   9.8661720e-03
   6.6616190e-03
   3.1935930e-03
  -5.1884470e-04
  -4.4380290e-03
  -8.5099700e-03
  -1.2672870e-02
  -1.6858420e-02
  -2.1001120e-02
  -2.5035870e-02
  -2.8899350e-02
  -3.2535230e-02
  -3.5897910e-02
  -3.8955590e-02
  -4.1690980e-02
  -4.4105840e-02
  -4.6212950e-02
  -4.8028100e-02
  -4.9565920e-02
  -5.0828920e-02
  -5.1805750e-02
  -5.2478760e-02
  -5.2830580e-02
  -5.2841110e-02
  -5.2493010e-02
  -5.1787200e-02
  -5.0742150e-02
  -4.9391380e-02
  -4.7779590e-02
  -4.5942790e-02
  -4.3893620e-02
  -4.1643500e-02
  -3.9225780e-02
  -3.6689270e-02
  -3.4087110e-02
  -3.1474450e-02
  -2.8902500e-02
  -2.6426710e-02
  -2.4101320e-02
  -2.1964600e-02
  -2.0036240e-02
  -1.8326440e-02
  -1.6828210e-02
  -1.5516820e-02
  -1.4366640e-02
  -1.3348170e-02
  -1.2407020e-02
  -1.1475580e-02
  -1.0494500e-02
  -9.4312560e-03
  -8.2886930e-03
  -7.1055790e-03
  -5.9504910e-03
  -4.9065070e-03
  -4.0488670e-03
  -3.4144760e-03
  -2.9869290e-03
  -2.7029010e-03
  -2.4734990e-03
  -2.2122220e-03
  -1.8509740e-03
  -1.3524830e-03
  -6.9115800e-04
   1.5848820e-04
   1.1914360e-03
   2.3786330e-03
   3.6823090e-03
   5.0459640e-03
   6.4023250e-03
   7.6869290e-03
   8.8452480e-03
   9.8463280e-03
   1.0688290e-02
   1.1401740e-02
   1.2031550e-02
   1.2609160e-02
   1.3143920e-02
   1.3620680e-02
   1.4020250e-02
   1.4331320e-02
   1.4541670e-02
   1.4633810e-02
   1.4589480e-02
   1.4381220e-02
   1.3977020e-02
   1.3342590e-02
   1.2415590e-02
   1.1117240e-02
   9.3849340e-03
   7.1970760e-03
   4.5895870e-03
   1.6622250e-03
  -1.4448210e-03
  -4.5895720e-03
  -7.6599220e-03
  -1.0579880e-02
  -1.3313660e-02
  -1.5862800e-02
  -1.8235720e-02
  -2.0428510e-02
  -2.2416600e-02
  -2.4150340e-02
  -2.5551910e-02
  -2.6534060e-02
  -2.7025990e-02
  -2.6977600e-02
  -2.6366400e-02
  -2.5196250e-02
  -2.3491540e-02
  -2.1309180e-02
  -1.8732460e-02
  -1.5864030e-02
  -1.2820810e-02
  -9.7156600e-03
  -6.6428160e-03
  -3.6694270e-03
  -8.3946970e-04
   1.8153670e-03
   4.2657840e-03
   6.4753930e-03
   8.3952280e-03
   9.9759300e-03
   1.1183530e-02
   1.2021650e-02
   1.2543130e-02
   1.2832850e-02
   1.2979460e-02
   1.3036680e-02
   1.3021530e-02
   1.2935300e-02
   1.2771550e-02
   1.2517580e-02
   1.2160230e-02
   1.1679410e-02
   1.1032000e-02
   1.0176670e-02
   9.0943630e-03
   7.7841820e-03
   6.2670960e-03
   4.5877460e-03
   2.7989770e-03
   9.4769000e-04
  -9.3458500e-04
  -2.8422160e-03
  -4.7972730e-03
  -6.8147650e-03
  -8.8837960e-03
  -1.0965590e-02
  -1.2991980e-02
  -1.4880450e-02
  -1.6554760e-02
  -1.7959640e-02
  -1.9066410e-02
  -1.9865320e-02
  -2.0367460e-02
  -2.0606140e-02
  -2.0628270e-02
  -2.0485980e-02
  -2.0226760e-02
  -1.9885270e-02
  -1.9482710e-02
  -1.9030290e-02
  -1.8529630e-02
  -1.7964700e-02
  -1.7318900e-02
  -1.6573260e-02
  -1.5708190e-02
  -1.4714880e-02
  -1.3583820e-02
  -1.2326460e-02
  -1.0986980e-02
  -9.6279680e-03
  -8.3049920e-03
  -7.0522520e-03
  -5.8893610e-03
  -4.8276850e-03
  -3.8775620e-03
  -3.0493450e-03
  -2.3255280e-03
  -1.6565210e-03
  -9.8614990e-04
  -2.7657850e-04
   4.8491220e-04
   1.2826160e-03
   2.0699490e-03
   2.7926860e-03
   3.4137570e-03
   3.9198510e-03
   4.3095850e-03
   4.5707760e-03
   4.6797720e-03
   4.6194090e-03
   4.3823730e-03
   3.9723730e-03
   3.4079970e-03
   2.7212320e-03
   1.9503750e-03
   1.1366380e-03
   3.1745660e-04
  -4.6197700e-04
  -1.1533120e-03
  -1.7249630e-03
  -2.1744460e-03
  -2.5312430e-03
  -2.8546510e-03
  -3.2295020e-03
  -3.7345090e-03
  -4.4234250e-03
  -5.3199130e-03
  -6.4146220e-03
  -7.6719100e-03
  -9.0364010e-03
  -1.0437420e-02
  -1.1811870e-02
  -1.3109780e-02
  -1.4294130e-02
  -1.5352160e-02
  -1.6285220e-02
  -1.7096120e-02
  -1.7789540e-02
  -1.8367720e-02
  -1.8828970e-02
  -1.9157070e-02
  -1.9311140e-02
  -1.9238730e-02
  -1.8899410e-02
  -1.8286320e-02
  -1.7415610e-02
  -1.6317040e-02
  -1.5022180e-02
  -1.3566490e-02
  -1.1993790e-02
  -1.0347530e-02
  -8.6690440e-03
  -6.9839700e-03
  -5.3162280e-03
  -3.7176830e-03
  -2.2647950e-03
  -1.0274910e-03
  -4.7009010e-05
   6.6155350e-04
   1.0896240e-03
   1.2340190e-03
   1.1051420e-03
   7.1953560e-04
   8.7106740e-05
  -7.8271670e-04
  -1.8571620e-03
  -3.0817190e-03
  -4.4012500e-03
  -5.7547350e-03
  -7.0734270e-03
  -8.2874620e-03
  -9.3403440e-03
  -1.0202400e-02
  -1.0869760e-02
  -1.1357540e-02
  -1.1694610e-02
  -1.1910240e-02
  -1.2025070e-02
  -1.2055460e-02
  -1.2020340e-02
  -1.1941160e-02
  -1.1843690e-02
  -1.1763990e-02
  -1.1733020e-02
  -1.1756730e-02
  -1.1812340e-02
  -1.1868940e-02
  -1.1910740e-02
  -1.1925180e-02
  -1.1892470e-02
  -1.1784790e-02
  -1.1561660e-02
  -1.1172960e-02
  -1.0577230e-02
  -9.7480160e-03
  -8.6811290e-03
  -7.3962740e-03
  -5.9231750e-03
  -4.2976250e-03
  -2.5690520e-03
  -7.8587300e-04
   1.0086050e-03
   2.7588210e-03
   4.3952800e-03
   5.8525780e-03
   7.0861180e-03
   8.0717990e-03
   8.8077400e-03
   9.3219920e-03
   9.6583730e-03
   9.8467180e-03
   9.8959680e-03
   9.7923620e-03
   9.5123380e-03
   9.0212320e-03
   8.2729090e-03
   7.2426910e-03
   5.9522970e-03
   4.4767130e-03
   2.9337550e-03
   1.4560040e-03
   1.5485570e-04
  -9.1164960e-04
  -1.7388820e-03
  -2.3572850e-03
  -2.8193780e-03
  -3.1938510e-03
  -3.5621870e-03
  -4.0072690e-03
  -4.6073840e-03
  -5.4230120e-03
  -6.4758930e-03
  -7.7510960e-03
  -9.2057940e-03
  -1.0768630e-02
  -1.2354900e-02
  -1.3890940e-02
  -1.5329350e-02
  -1.6661060e-02
  -1.7918080e-02
  -1.9151270e-02
  -2.0403750e-02
  -2.1695310e-02
  -2.3033170e-02
  -2.4410330e-02
  -2.5804400e-02
  -2.7185580e-02
  -2.8526030e-02
  -2.9805270e-02
  -3.1001490e-02
  -3.2094890e-02
  -3.3072970e-02
  -3.3931640e-02
  -3.4678350e-02
  -3.5330230e-02
  -3.5917520e-02
  -3.6476830e-02
  -3.7043220e-02
  -3.7644950e-02
  -3.8298110e-02
  -3.8998290e-02
  -3.9708610e-02
  -4.0362540e-02
  -4.0873090e-02
  -4.1144420e-02
  -4.1085710e-02
  -4.0619290e-02
  -3.9688510e-02
  -3.8254630e-02
  -3.6286790e-02
  -3.3762610e-02
  -3.0689200e-02
  -2.7115350e-02
  -2.3139230e-02
  -1.8904760e-02
  -1.4588020e-02
  -1.0359680e-02
  -6.3556010e-03
  -2.6709140e-03
   6.3249190e-04
   3.5201310e-03
   5.9811030e-03
   8.0086760e-03
   9.5993000e-03
   1.0758750e-02
   1.1496680e-02
   1.1816650e-02
   1.1702110e-02
   1.1125950e-02
   1.0074510e-02
   8.5709430e-03
   6.6781140e-03
   4.4790050e-03
   2.0665370e-03
  -4.6066210e-04
  -3.0109350e-03
  -5.4986980e-03
  -7.8362740e-03
  -9.9514910e-03
  -1.1810070e-02
  -1.3403940e-02
  -1.4740390e-02
  -1.5841770e-02
  -1.6748710e-02
  -1.7515220e-02
  -1.8199230e-02
  -1.8854620e-02
  -1.9523940e-02
  -2.0226950e-02
  -2.0959370e-02
  -2.1694300e-02
  -2.2375050e-02
  -2.2922360e-02
  -2.3254290e-02
  -2.3302900e-02
  -2.3030310e-02
  -2.2430500e-02
  -2.1507390e-02
  -2.0275210e-02
  -1.8780770e-02
  -1.7086320e-02
  -1.5260600e-02
  -1.3367740e-02
  -1.1450800e-02
  -9.5254180e-03
  -7.5807380e-03
  -5.5873210e-03
  -3.5095540e-03
  -1.3114610e-03
   1.0272730e-03
   3.5041260e-03
   6.0919980e-03
   8.7448430e-03
   1.1404440e-02
   1.4005300e-02
   1.6482000e-02
   1.8791180e-02
   2.0917340e-02
   2.2870920e-02
   2.4670050e-02
   2.6331590e-02
   2.7861700e-02
   2.9252390e-02
   3.0487860e-02
   3.1558160e-02
   3.2465870e-02
   3.3216270e-02
   3.3803260e-02
   3.4211360e-02
   3.4408790e-02
   3.4353060e-02
   3.4000420e-02
   3.3312340e-02
   3.2264150e-02
   3.0838910e-02
   2.9033100e-02
   2.6876770e-02
   2.4443220e-02
   2.1846580e-02
   1.9233930e-02
   1.6770590e-02
   1.4611760e-02
   1.2866420e-02
   1.1575180e-02
   1.0714030e-02
   1.0211090e-02
   9.9569580e-03
   9.8166080e-03
   9.6699660e-03
   9.4411600e-03
   9.0988680e-03
   8.6482110e-03
   8.1244290e-03
   7.5899030e-03
   7.0974980e-03
   6.6803170e-03
   6.3659760e-03
   6.1869530e-03
   6.1838660e-03
   6.3931390e-03
   6.8446220e-03
   7.5776430e-03
   8.6351530e-03
   1.0025850e-02
   1.1700040e-02
   1.3569810e-02
   1.5517790e-02
   1.7407770e-02
   1.9116400e-02
   2.0543100e-02
   2.1608690e-02
   2.2265520e-02
   2.2515840e-02
   2.2414050e-02
   2.2050700e-02
   2.1527780e-02
   2.0944090e-02
   2.0387860e-02
   1.9918090e-02
   1.9547380e-02
   1.9263940e-02
   1.9052930e-02
   1.8891110e-02
   1.8730880e-02
   1.8522070e-02
   1.8248330e-02
   1.7938690e-02
   1.7657590e-02
   1.7484350e-02
   1.7485540e-02
   1.7700790e-02
   1.8136750e-02
   1.8756480e-02
   1.9475920e-02
   2.0179330e-02
   2.0770980e-02
   2.1205720e-02
   2.1486390e-02
   2.1644870e-02
   2.1711580e-02
   2.1710890e-02
   2.1663620e-02
   2.1569900e-02
   2.1407800e-02
   2.1137750e-02
   2.0693820e-02
   1.9984640e-02
   1.8944660e-02
   1.7574340e-02
   1.5953580e-02
   1.4246520e-02
   1.2671340e-02
   1.1446460e-02
   1.0730830e-02
   1.0567390e-02
   1.0881410e-02
   1.1507440e-02
   1.2231510e-02
   1.2847100e-02
   1.3200340e-02
   1.3215890e-02
   1.2891510e-02
   1.2267790e-02
   1.1411850e-02
   1.0409480e-02
   9.3485310e-03
   8.3102800e-03
   7.3714610e-03
   6.5978770e-03
   6.0404640e-03
   5.7247280e-03
   5.6411360e-03
   5.7454170e-03
   5.9700360e-03
   6.2487290e-03
   6.5410880e-03
   6.8418450e-03
   7.1699270e-03
   7.5569890e-03
   8.0347290e-03
   8.6308280e-03
   9.3683200e-03
   1.0253290e-02
   1.1273110e-02
   1.2405240e-02
   1.3625550e-02
   1.4898910e-02
   1.6188290e-02
   1.7461990e-02
   1.8687860e-02
   1.9836700e-02
   2.0876510e-02
   2.1762640e-02
   2.2444910e-02
   2.2869730e-02
   2.2983040e-02
   2.2759900e-02
   2.2222150e-02
   2.1419690e-02
   2.0412900e-02
   1.9284140e-02
   1.8143550e-02
   1.7114260e-02
   1.6304740e-02
   1.5779750e-02
   1.5560530e-02
   1.5638080e-02
   1.5978800e-02
   1.6549580e-02
   1.7333850e-02
   1.8323750e-02
   1.9503190e-02
   2.0837790e-02
   2.2286140e-02
   2.3810080e-02
   2.5371910e-02
   2.6933980e-02
   2.8462680e-02
   2.9918040e-02
   3.1233260e-02
   3.2337620e-02
   3.3193290e-02
   3.3810330e-02
   3.4241040e-02
   3.4556370e-02
   3.4804900e-02
   3.4977880e-02
   3.5020240e-02
   3.4865490e-02
   3.4467900e-02
   3.3816360e-02
   3.2925660e-02
   3.1826550e-02
   3.0550550e-02
   2.9113090e-02
   2.7526690e-02
   2.5804800e-02
   2.3974960e-02
   2.2070150e-02
   2.0097810e-02
   1.8056700e-02
   1.5967150e-02
   1.3866810e-02
   1.1791340e-02
   9.7434610e-03
   7.6876620e-03
   5.5645000e-03
   3.3105960e-03
   8.9638560e-04
  -1.6584030e-03
  -4.2917910e-03
  -6.9094400e-03
  -9.4131030e-03
  -1.1718600e-02
  -1.3759610e-02
  -1.5490970e-02
  -1.6895080e-02
  -1.7968350e-02
  -1.8717820e-02
  -1.9170310e-02
  -1.9364870e-02
  -1.9337460e-02
  -1.9109540e-02
  -1.8687210e-02
  -1.8065160e-02
  -1.7244390e-02
  -1.6252720e-02
  -1.5139080e-02
  -1.3977780e-02
  -1.2857240e-02
  -1.1869830e-02
  -1.1112560e-02
  -1.0648760e-02
  -1.0478670e-02
  -1.0551780e-02
  -1.0782610e-02
  -1.1072100e-02
  -1.1322840e-02
  -1.1448190e-02
  -1.1380390e-02
  -1.1085790e-02
  -1.0576010e-02
  -9.9106050e-03
  -9.1807940e-03
  -8.4725030e-03
  -7.8343680e-03
  -7.2836600e-03
  -6.8121760e-03
  -6.3933410e-03
  -5.9967930e-03
  -5.5899990e-03
  -5.1543850e-03
  -4.6878720e-03
  -4.1982550e-03
  -3.6955760e-03
  -3.1944470e-03
  -2.7134010e-03
  -2.2777310e-03
  -1.9224200e-03
  -1.7010070e-03
  -1.6763700e-03
  -1.9119010e-03
  -2.4654730e-03
  -3.3746610e-03
  -4.6440460e-03
  -6.2306660e-03
  -8.0506870e-03
  -9.9940610e-03
  -1.1939450e-02
  -1.3775380e-02
  -1.5413000e-02
  -1.6802110e-02
  -1.7935990e-02
  -1.8824810e-02
  -1.9484630e-02
  -1.9943250e-02
  -2.0234580e-02
  -2.0375760e-02
  -2.0355480e-02
  -2.0150990e-02
  -1.9728520e-02
  -1.9050340e-02
  -1.8080940e-02
  -1.6797730e-02
  -1.5209230e-02
  -1.3352830e-02
  -1.1292510e-02
  -9.1078360e-03
  -6.8741240e-03
  -4.6449200e-03
  -2.4500920e-03
  -3.1529720e-04
   1.7474150e-03
   3.7443110e-03
   5.6834730e-03
   7.5678260e-03
   9.3942080e-03
   1.1155710e-02
   1.2840940e-02
   1.4429150e-02
   1.5903550e-02
   1.7248400e-02
   1.8452810e-02
   1.9522650e-02
   2.0484970e-02
   2.1375840e-02
   2.2223130e-02
   2.3034730e-02
   2.3810490e-02
   2.4558660e-02
   2.5287920e-02
   2.6006960e-02
   2.6722540e-02
   2.7433270e-02
   2.8116470e-02
   2.8723450e-02
   2.9208420e-02
   2.9546530e-02
   2.9734890e-02
   2.9781150e-02
   2.9696180e-02
   2.9493900e-02
   2.9192800e-02
   2.8819420e-02
   2.8403720e-02
   2.7971520e-02
   2.7531940e-02
   2.7074170e-02
   2.6585720e-02
   2.6063590e-02
   2.5506540e-02
   2.4913410e-02
   2.4300060e-02
   2.3693080e-02
   2.3118280e-02
   2.2604770e-02
   2.2177860e-02
   2.1868980e-02
   2.1703240e-02
   2.1673260e-02
   2.1748480e-02
   2.1888990e-02
   2.2058670e-02
   2.2227440e-02
   2.2366400e-02
   2.2453570e-02
   2.2475080e-02
   2.2414730e-02
   2.2253470e-02
   2.1977820e-02
   2.1579400e-02
   2.1066240e-02
   2.0476100e-02
   1.9878590e-02
   1.9351090e-02
   1.8949220e-02
   1.8715540e-02
   1.8680110e-02
   1.8846260e-02
   1.9183280e-02
   1.9636340e-02
   2.0154280e-02
   2.0700410e-02
   2.1243350e-02
   2.1759260e-02
   2.2248730e-02
   2.2725160e-02
   2.3189070e-02
   2.3622960e-02
   2.3998300e-02
   2.4291330e-02
   2.4495210e-02
   2.4619440e-02
   2.4680940e-02
   2.4690800e-02
   2.4647590e-02
   2.4540290e-02
   2.4383410e-02
   2.4210450e-02
   2.4039130e-02
   2.3863420e-02
   2.3659830e-02
   2.3387980e-02
   2.2994180e-02
   2.2429150e-02
   2.1667750e-02
   2.0704800e-02
   1.9545120e-02
   1.8202280e-02
   1.6698730e-02
   1.5077460e-02
   1.3393600e-02
   1.1698030e-02
   1.0027560e-02
   8.3992750e-03
   6.8213070e-03
   5.2919420e-03
   3.8163420e-03
   2.4087860e-03
   1.0736040e-03
  -1.8852510e-04
  -1.3691810e-03
  -2.4526950e-03
  -3.4106870e-03
  -4.2077640e-03
  -4.8019330e-03
  -5.1637990e-03
  -5.2902390e-03
  -5.2011780e-03
  -4.9410830e-03
  -4.5743450e-03
  -4.1672190e-03
  -3.7708930e-03
  -3.4124370e-03
  -3.0936610e-03
  -2.8037330e-03
  -2.5305740e-03
  -2.2555850e-03
  -1.9515520e-03
  -1.5902050e-03
  -1.1436230e-03
  -5.9862260e-04
   4.3103400e-05
   7.7952570e-04
   1.6125610e-03
   2.5460740e-03
   3.5840700e-03
   4.7187800e-03
   5.9231070e-03
   7.1504850e-03
   8.3306740e-03
   9.3818170e-03
   1.0227310e-02
   1.0808670e-02
   1.1087130e-02
   1.1055620e-02
   1.0745050e-02
   1.0209670e-02
   9.5035050e-03
   8.6737090e-03
   7.7711160e-03
   6.8541140e-03
   5.9788710e-03
   5.1632310e-03
   4.3883070e-03
   3.6408260e-03
   2.9157060e-03
   2.2173940e-03
   1.5607410e-03
   9.6569600e-04
   4.5551270e-04
   4.0724660e-05
  -2.7573770e-04
  -4.8732440e-04
  -5.8486730e-04
  -5.6316640e-04
  -4.2240470e-04
  -1.6826840e-04
   1.7166300e-04
   5.4303890e-04
   8.7194130e-04
   1.0746060e-03
   1.0819450e-03
   8.5136200e-04
   3.6276950e-04
  -3.7128260e-04
  -1.3137470e-03
  -2.4190890e-03
  -3.6398280e-03
  -4.9353350e-03
  -6.2748110e-03
  -7.6271330e-03
  -8.9574680e-03
  -1.0227530e-02
  -1.1401210e-02
  -1.2449940e-02
  -1.3356750e-02
  -1.4118720e-02
  -1.4736170e-02
  -1.5213930e-02
  -1.5553230e-02
  -1.5740810e-02
  -1.5758070e-02
  -1.5603210e-02
  -1.5296320e-02
  -1.4863820e-02
  -1.4337920e-02
  -1.3749980e-02
  -1.3127950e-02
  -1.2499370e-02
  -1.1893480e-02
  -1.1351150e-02
  -1.0909860e-02
  -1.0594630e-02
  -1.0418920e-02
  -1.0379130e-02
  -1.0447180e-02
  -1.0573980e-02
  -1.0714770e-02
  -1.0847150e-02
  -1.0953800e-02
  -1.1009930e-02
  -1.0988140e-02
  -1.0858970e-02
  -1.0598620e-02
  -1.0201700e-02
  -9.6864960e-03
  -9.0913410e-03
  -8.4653400e-03
  -7.8496260e-03
  -7.2601960e-03
  -6.6993800e-03
  -6.1629450e-03
  -5.6405830e-03
  -5.1250330e-03
  -4.6280890e-03
  -4.1865150e-03
  -3.8386490e-03
  -3.6076090e-03
  -3.5095530e-03
  -3.5508640e-03
  -3.7195040e-03
  -3.9861590e-03
  -4.3136280e-03
  -4.6667420e-03
  -5.0192610e-03
  -5.3526420e-03
  -5.6463760e-03
  -5.8731460e-03
  -6.0120070e-03
  -6.0607380e-03
  -6.0338130e-03
  -5.9523510e-03
  -5.8285860e-03
  -5.6723080e-03
  -5.4895050e-03
  -5.2845830e-03
  -5.0738080e-03
  -4.8834580e-03
  -4.7477940e-03
  -4.6949890e-03
  -4.7323970e-03
  -4.8444600e-03
  -4.9952140e-03
  -5.1409190e-03
  -5.2385940e-03
  -5.2303490e-03
  -5.0451520e-03
  -4.6278350e-03
  -3.9652190e-03
  -3.0762640e-03
  -1.9985820e-03
  -7.7711990e-04
   5.4835990e-04
   1.9406560e-03
   3.3607980e-03
   4.7770800e-03
   6.1726270e-03
   7.5413200e-03
   8.8726320e-03
   1.0159370e-02
   1.1390140e-02
   1.2535590e-02
   1.3560510e-02
   1.4444820e-02
   1.5189330e-02
   1.5814080e-02
   1.6349880e-02
   1.6840970e-02
   1.7344190e-02
   1.7915060e-02
   1.8592980e-02
   1.9399500e-02
   2.0343220e-02
   2.1400130e-02
   2.2524850e-02
   2.3685150e-02
   2.4867490e-02
   2.6060700e-02
   2.7247650e-02
   2.8415570e-02
   2.9556930e-02
   3.0651790e-02
   3.1665430e-02
   3.2559320e-02
   3.3296120e-02
   3.3849910e-02
   3.4212320e-02
   3.4385960e-02
   3.4366840e-02
   3.4142320e-02
   3.3694790e-02
   3.3012550e-02
   3.2094900e-02
   3.0969380e-02
   2.9689880e-02
   2.8297130e-02
   2.6831070e-02
   2.5342290e-02
   2.3868890e-02
   2.2437000e-02
   2.1074390e-02
   1.9804190e-02
   1.8644500e-02
   1.7610100e-02
   1.6717080e-02
   1.5972450e-02
   1.5362820e-02
   1.4855650e-02
   1.4401760e-02
   1.3947760e-02
   1.3449690e-02
   1.2878810e-02
   1.2225120e-02
   1.1495110e-02
   1.0701750e-02
   9.8579290e-03
   8.9854860e-03
   8.1122520e-03
   7.2664240e-03
   6.4721340e-03
   5.7521430e-03
   5.1249600e-03
   4.6064850e-03
   4.2120370e-03
   3.9508210e-03
   3.8231830e-03
   3.8276640e-03
   3.9675350e-03
   4.2393600e-03
   4.6288450e-03
   5.1075840e-03
   5.6201820e-03
   6.0835400e-03
   6.4018470e-03
   6.4900740e-03
   6.3037710e-03
   5.8536780e-03
   5.1851010e-03
   4.3510670e-03
   3.4012500e-03
   2.3849910e-03
   1.3474950e-03
   3.2928860e-04
  -6.3789620e-04
  -1.5282550e-03
  -2.3366790e-03
  -3.0855340e-03
  -3.7918770e-03
  -4.4518470e-03
  -5.0485760e-03
  -5.5471570e-03
  -5.9026490e-03
  -6.0775000e-03
  -6.0427200e-03
  -5.7740650e-03
  -5.2473260e-03
  -4.4386940e-03
  -3.3360940e-03
  -1.9514000e-03
  -3.2132420e-04
   1.4999190e-03
   3.4440330e-03
   5.4364820e-03
   7.3916690e-03
   9.2218110e-03
   1.0848340e-02
   1.2212030e-02
   1.3282800e-02
   1.4056060e-02
   1.4559830e-02
   1.4854360e-02
   1.5015390e-02
   1.5117680e-02
   1.5215950e-02
   1.5332610e-02
   1.5467030e-02
   1.5601670e-02
   1.5706080e-02
   1.5738420e-02
   1.5660510e-02
   1.5455900e-02
   1.5123060e-02
   1.4661630e-02
   1.4057340e-02
   1.3295200e-02
   1.2385290e-02
   1.1372270e-02
   1.0325320e-02
   9.3233340e-03
   8.4416340e-03
   7.7318390e-03
   7.2173570e-03
   6.8947750e-03
   6.7344110e-03
   6.7063340e-03
   6.8034530e-03
   7.0302300e-03
   7.3798000e-03
   7.8306200e-03
   8.3579900e-03
   8.9427580e-03
   9.5668430e-03
   1.0222620e-02
   1.0903850e-02
   1.1591100e-02
   1.2261560e-02
   1.2904910e-02
   1.3523300e-02
   1.4122500e-02
   1.4694740e-02
   1.5220970e-02
   1.5679310e-02
   1.6056260e-02
   1.6342260e-02
   1.6522730e-02
   1.6586960e-02
   1.6533100e-02
   1.6355460e-02
   1.6037580e-02
   1.5564450e-02
   1.4931300e-02
   1.4135200e-02
   1.3179570e-02
   1.2089380e-02
   1.0905290e-02
   9.6705290e-03
   8.4290970e-03
   7.2207480e-03
   6.0753160e-03
   5.0102770e-03
   4.0309130e-03
   3.1307180e-03
   2.2872800e-03
   1.4602720e-03
   6.0705140e-04
  -3.0767680e-04
  -1.3128120e-03
  -2.4345520e-03
  -3.6814730e-03
  -5.0288210e-03
  -6.4326090e-03
  -7.8445480e-03
  -9.2188270e-03
  -1.0507060e-02
  -1.1661620e-02
  -1.2652740e-02
  -1.3464770e-02
  -1.4081710e-02
  -1.4482200e-02
  -1.4644000e-02
  -1.4550280e-02
  -1.4199390e-02
  -1.3598600e-02
  -1.2763140e-02
  -1.1725180e-02
  -1.0537190e-02
  -9.2740020e-03
  -8.0384080e-03
  -6.9512480e-03
  -6.1209720e-03
  -5.6098490e-03
  -5.4292030e-03
  -5.5661110e-03
  -5.9931190e-03
  -6.6705390e-03
  -7.5519210e-03
  -8.5901300e-03
  -9.7376840e-03
  -1.0943670e-02
  -1.2153670e-02
  -1.3314830e-02
  -1.4375490e-02
  -1.5287770e-02
  -1.6007810e-02
  -1.6499180e-02
  -1.6743990e-02
  -1.6744870e-02
  -1.6507150e-02
  -1.6052330e-02
  -1.5433020e-02
  -1.4710330e-02
  -1.3936870e-02
  -1.3154450e-02
  -1.2385280e-02
  -1.1632460e-02
  -1.0892210e-02
  -1.0152940e-02
  -9.3932360e-03
  -8.5909240e-03
  -7.7380430e-03
  -6.8464310e-03
  -5.9434030e-03
  -5.0675190e-03
  -4.2625430e-03
  -3.5487700e-03
  -2.9152920e-03
  -2.3232040e-03
  -1.7360970e-03
  -1.1664330e-03
  -6.4565500e-04
  -1.7647500e-04
   2.6113390e-04
   6.9820480e-04
   1.1656210e-03
   1.7008300e-03
   2.3511120e-03
   3.1612570e-03
   4.1635450e-03
   5.3670680e-03
   6.7415840e-03
   8.2191170e-03
   9.7082080e-03
   1.1113500e-02
   1.2343820e-02
   1.3316410e-02
   1.3978180e-02
   1.4314580e-02
   1.4340860e-02
   1.4099740e-02
   1.3661660e-02
   1.3114760e-02
   1.2536110e-02
   1.1965070e-02
   1.1406070e-02
   1.0842290e-02
   1.0243180e-02
   9.5776570e-03
   8.8234650e-03
   7.9765100e-03
   7.0488310e-03
   6.0697310e-03
   5.0806130e-03
   4.1247310e-03
   3.2370440e-03
   2.4363140e-03
   1.7282140e-03
   1.1072490e-03
   5.5655530e-04
   4.9534280e-05
  -4.3386540e-04
  -8.8711910e-04
  -1.2792170e-03
  -1.5670590e-03
  -1.7070520e-03
  -1.6604580e-03
  -1.4011520e-03
  -9.3219530e-04
  -2.8091210e-04
   5.2178260e-04
   1.4515470e-03
   2.4809890e-03
   3.5648130e-03
   4.6284790e-03
   5.5733590e-03
   6.3227950e-03
   6.8528250e-03
   7.1831640e-03
   7.3660940e-03
   7.4681460e-03
   7.5533850e-03
   7.6759750e-03
   7.8662430e-03
   8.1354110e-03
   8.4897810e-03
   8.9329720e-03
   9.4719840e-03
   1.0105950e-02
   1.0816400e-02
   1.1569860e-02
   1.2312710e-02
   1.2984430e-02
   1.3534710e-02
   1.3935430e-02
   1.4179380e-02
   1.4268330e-02
   1.4203110e-02
   1.3974080e-02
   1.3559020e-02
   1.2934260e-02
   1.2084530e-02
   1.1005020e-02
   9.7016130e-03
   8.1876960e-03
   6.4876850e-03
   4.6522450e-03
   2.7580800e-03
   8.7966590e-04
  -9.1938690e-04
  -2.5957580e-03
  -4.1231260e-03
  -5.4989880e-03
  -6.7502450e-03
  -7.9137490e-03
  -9.0253010e-03
  -1.0106330e-02
  -1.1144050e-02
  -1.2095880e-02
  -1.2926400e-02
  -1.3629860e-02
  -1.4217320e-02
  -1.4694400e-02
  -1.5050470e-02
  -1.5267070e-02
  -1.5333570e-02
  -1.5249090e-02
  -1.5012700e-02
  -1.4625250e-02
  -1.4086130e-02
  -1.3398830e-02
  -1.2570130e-02
  -1.1598140e-02
  -1.0482890e-02
  -9.2428650e-03
  -7.9314810e-03
  -6.6131720e-03
  -5.3443350e-03
  -4.1818420e-03
  -3.1700940e-03
  -2.3308650e-03
  -1.6642310e-03
  -1.1679000e-03
  -8.5746560e-04
  -7.5707010e-04
  -8.8113590e-04
  -1.2319710e-03
  -1.7990410e-03
  -2.5620580e-03
  -3.4965540e-03
  -4.5768610e-03
  -5.7762580e-03
  -7.0662210e-03
  -8.4246460e-03
  -9.8309930e-03
  -1.1257390e-02
  -1.2663270e-02
  -1.3989110e-02
  -1.5153450e-02
  -1.6078390e-02
  -1.6721450e-02
  -1.7085520e-02
  -1.7192770e-02
  -1.7067830e-02
  -1.6743090e-02
  -1.6259170e-02
  -1.5663990e-02
  -1.5008620e-02
  -1.4340910e-02
  -1.3706060e-02
  -1.3147260e-02
  -1.2696690e-02
  -1.2365060e-02
  -1.2140170e-02
  -1.1991040e-02
  -1.1874830e-02
  -1.1753860e-02
  -1.1596740e-02
  -1.1374840e-02
  -1.1073620e-02
  -1.0695940e-02
  -1.0242430e-02
  -9.7014160e-03
  -9.0533130e-03
  -8.2752000e-03
  -7.3379040e-03
  -6.2145060e-03
  -4.8917100e-03
  -3.3826890e-03
  -1.7358140e-03
  -2.8055890e-05
   1.6530110e-03
   3.2344700e-03
   4.6590190e-03
   5.8797650e-03
   6.8561220e-03
   7.5486190e-03
   7.9301650e-03
   8.0088520e-03
   7.8084030e-03
   7.3515220e-03
   6.6719800e-03
   5.8257070e-03
   4.8823860e-03
   3.9182070e-03
   3.0117530e-03
   2.2368810e-03
   1.6589510e-03
   1.3237110e-03
   1.2473990e-03
   1.4152780e-03
   1.8015030e-03
   2.3849350e-03
   3.1488680e-03
   4.0725210e-03
   5.1278140e-03
   6.2758240e-03
   7.4638690e-03
   8.6370430e-03
   9.7348260e-03
   1.0682360e-02
   1.1414040e-02
   1.1889160e-02
   1.2080850e-02
   1.1981870e-02
   1.1621310e-02
   1.1059820e-02
   1.0366540e-02
   9.6040460e-03
   8.8241270e-03
   8.0654140e-03
   7.3516690e-03
   6.7051270e-03
   6.1465200e-03
   5.6841870e-03
   5.3172720e-03
   5.0431620e-03
   4.8799370e-03
   4.8697900e-03
   5.0445470e-03
   5.4093440e-03
   5.9475480e-03
   6.6253110e-03
   7.3861130e-03
   8.1495670e-03
   8.8353330e-03
   9.3830760e-03
   9.7591040e-03
   9.9539990e-03
   9.9751310e-03
   9.8304930e-03
   9.5324410e-03
   9.1004390e-03
   8.5675560e-03
   7.9850240e-03
   7.4039390e-03
   6.8632920e-03
   6.3946340e-03
   6.0322920e-03
   5.8065740e-03
   5.7419120e-03
   5.8651710e-03
   6.2001000e-03
   6.7587820e-03
   7.5326630e-03
   8.4848810e-03
   9.5700160e-03
   1.0746220e-02
   1.1971360e-02
   1.3191630e-02
   1.4355250e-02
   1.5423730e-02
   1.6374280e-02
   1.7209060e-02
   1.7952540e-02
   1.8640730e-02
   1.9313420e-02
   2.0006660e-02
   2.0727860e-02
   2.1452910e-02
   2.2141870e-02
   2.2769030e-02
   2.3334880e-02
   2.3844450e-02
   2.4303240e-02
   2.4723160e-02
   2.5120580e-02
   2.5499450e-02
   2.5853150e-02
   2.6165180e-02
   2.6404930e-02
   2.6540220e-02
   2.6537970e-02
   2.6373490e-02
   2.6047040e-02
   2.5580490e-02
   2.5007750e-02
   2.4365330e-02
   2.3691070e-02
   2.3016630e-02
   2.2360480e-02
   2.1732470e-02
   2.1134470e-02
   2.0564760e-02
   2.0017590e-02
   1.9493350e-02
   1.9005880e-02
   1.8569970e-02
   1.8191350e-02
   1.7866590e-02
   1.7601400e-02
   1.7424420e-02
   1.7378980e-02
   1.7492990e-02
   1.7759430e-02
   1.8152760e-02
   1.8641460e-02
   1.9198770e-02
   1.9800380e-02
   2.0408860e-02
   2.0977130e-02
   2.1472340e-02
   2.1886840e-02
   2.2225280e-02
   2.2489720e-02
   2.2678380e-02
   2.2794230e-02
   2.2847590e-02
   2.2853260e-02
   2.2823830e-02
   2.2775600e-02
   2.2728610e-02
   2.2698420e-02
   2.2678840e-02
   2.2657350e-02
   2.2630770e-02
   2.2595370e-02
   2.2553650e-02
   2.2520010e-02
   2.2514890e-02
   2.2563480e-02
   2.2690540e-02
   2.2914750e-02
   2.3241510e-02
   2.3659040e-02
   2.4144350e-02
   2.4674670e-02
   2.5237140e-02
   2.5824220e-02
   2.6428250e-02
   2.7046310e-02
   2.7680710e-02
   2.8338150e-02
   2.9010250e-02
   2.9671610e-02
   3.0301550e-02
   3.0897330e-02
   3.1481390e-02
   3.2096100e-02
   3.2778420e-02
   3.3537820e-02
   3.4351970e-02
   3.5187170e-02
   3.5999550e-02
   3.6740540e-02
   3.7374440e-02
   3.7871100e-02
   3.8201210e-02
   3.8325660e-02
   3.8195090e-02
   3.7766540e-02
   3.7006690e-02
   3.5897370e-02
   3.4433640e-02
   3.2621740e-02
   3.0480250e-02
   2.8037800e-02
   2.5329460e-02
   2.2405840e-02
   1.9323240e-02
   1.6127090e-02
   1.2847370e-02
   9.4989990e-03
   6.0858070e-03
   2.6164180e-03
  -8.8685740e-04
  -4.3894060e-03
  -7.8580270e-03
  -1.1275000e-02
  -1.4639320e-02
  -1.7957650e-02
  -2.1223790e-02
  -2.4404990e-02
  -2.7464260e-02
  -3.0367330e-02
  -3.3076520e-02
  -3.5560720e-02
  -3.7816620e-02
  -3.9850000e-02
  -4.1661860e-02
  -4.3252750e-02
  -4.4627380e-02
  -4.5789350e-02
  -4.6738770e-02
  -4.7472480e-02
  -4.7985510e-02
  -4.8267430e-02
  -4.8296430e-02
  -4.8042670e-02
  -4.7485950e-02
  -4.6626800e-02
  -4.5489710e-02
  -4.4102980e-02
  -4.2493450e-02
  -4.0691910e-02
  -3.8741010e-02
  -3.6703250e-02
  -3.4657270e-02
  -3.2661550e-02
  -3.0748560e-02
  -2.8949730e-02
  -2.7297080e-02
  -2.5814690e-02
  -2.4523180e-02
  -2.3430430e-02
  -2.2521580e-02
  -2.1763640e-02
  -2.1116920e-02
  -2.0564010e-02
  -2.0110850e-02
  -1.9754640e-02
  -1.9478860e-02
  -1.9260990e-02
  -1.9078340e-02
  -1.8905520e-02
  -1.8707710e-02
  -1.8453280e-02
  -1.8122780e-02
  -1.7711890e-02
  -1.7229350e-02
  -1.6694410e-02
  -1.6126310e-02
  -1.5529660e-02
  -1.4896950e-02
  -1.4223710e-02
  -1.3518740e-02
  -1.2801310e-02
  -1.2099780e-02
  -1.1443400e-02
  -1.0846030e-02
  -1.0302950e-02
  -9.8080980e-03
  -9.3636480e-03
  -8.9756520e-03
  -8.6444410e-03
  -8.3656180e-03
  -8.1411720e-03
  -7.9842880e-03
  -7.9081570e-03
  -7.9289740e-03
  -8.0582170e-03
  -8.2932940e-03
  -8.6182770e-03
  -9.0041900e-03
  -9.4260350e-03
  -9.8769920e-03
  -1.0363820e-02
  -1.0897430e-02
  -1.1490170e-02
  -1.2152410e-02
  -1.2895070e-02
  -1.3730880e-02
  -1.4667650e-02
  -1.5705420e-02
  -1.6841710e-02
  -1.8073590e-02
  -1.9385600e-02
  -2.0742840e-02
  -2.2089120e-02
  -2.3365750e-02
  -2.4527510e-02
  -2.5551260e-02
  -2.6432570e-02
  -2.7193920e-02
  -2.7868100e-02
  -2.8483060e-02
  -2.9047890e-02
  -2.9554140e-02
  -2.9988090e-02
  -3.0340360e-02
  -3.0608520e-02
  -3.0798970e-02
  -3.0927320e-02
  -3.1010520e-02
  -3.1062340e-02
  -3.1090390e-02
  -3.1100060e-02
  -3.1086080e-02
  -3.1027500e-02
  -3.0898810e-02
  -3.0681440e-02
  -3.0367560e-02
  -2.9961690e-02
  -2.9479110e-02
  -2.8941130e-02
  -2.8369870e-02
  -2.7781890e-02
  -2.7190790e-02
  -2.6607150e-02
  -2.6041540e-02
  -2.5497060e-02
  -2.4967670e-02
  -2.4445550e-02
  -2.3922090e-02
  -2.3394550e-02
  -2.2870240e-02
  -2.2351210e-02
  -2.1827390e-02
  -2.1277890e-02
  -2.0689450e-02
  -2.0075580e-02
  -1.9450750e-02
  -1.8812340e-02
  -1.8155430e-02
  -1.7488710e-02
  -1.6826540e-02
  -1.6183600e-02
  -1.5576140e-02
  -1.5010960e-02
  -1.4488160e-02
  -1.4010380e-02
  -1.3590550e-02
  -1.3241340e-02
  -1.2967940e-02
  -1.2761270e-02
  -1.2598550e-02
  -1.2458110e-02
  -1.2327100e-02
  -1.2200340e-02
  -1.2087090e-02
  -1.2007650e-02
  -1.1988660e-02
  -1.2056870e-02
  -1.2233450e-02
  -1.2544220e-02
  -1.3019030e-02
  -1.3683140e-02
  -1.4557380e-02
  -1.5644180e-02
  -1.6917170e-02
  -1.8326920e-02
  -1.9801290e-02
  -2.1251030e-02
  -2.2595910e-02
  -2.3798410e-02
  -2.4852460e-02
  -2.5763790e-02
  -2.6538170e-02
  -2.7172140e-02
  -2.7649670e-02
  -2.7948770e-02
  -2.8054620e-02
  -2.7962910e-02
  -2.7674230e-02
  -2.7194390e-02
  -2.6530860e-02
  -2.5688050e-02
  -2.4669580e-02
  -2.3482030e-02
  -2.2146720e-02
  -2.0699000e-02
  -1.9188100e-02
  -1.7680300e-02
  -1.6245140e-02
  -1.4939190e-02
  -1.3795280e-02
  -1.2815360e-02
  -1.1972330e-02
  -1.1224080e-02
  -1.0538560e-02
  -9.8938400e-03
  -9.2689500e-03
  -8.6460800e-03
  -8.0177950e-03
  -7.3897340e-03
  -6.7741170e-03
  -6.1846640e-03
  -5.6399250e-03
  -5.1622230e-03
  -4.7726700e-03
  -4.4828290e-03
  -4.2932110e-03
  -4.1980920e-03
  -4.1849440e-03
  -4.2440600e-03
  -4.3773090e-03
  -4.5932700e-03
  -4.8903130e-03
  -5.2594420e-03
  -5.7104160e-03
  -6.2601460e-03
  -6.9097830e-03
  -7.6403620e-03
  -8.4242210e-03
  -9.2223370e-03
  -9.9858420e-03
  -1.0668050e-02
  -1.1238110e-02
  -1.1681730e-02
  -1.1994890e-02
  -1.2182280e-02
  -1.2247250e-02
  -1.2188940e-02
  -1.1999500e-02
  -1.1665520e-02
  -1.1178890e-02
  -1.0550070e-02
  -9.8122910e-03
  -8.9841350e-03
  -8.0591290e-03
  -7.0352790e-03
  -5.9238950e-03
  -4.7422230e-03
  -3.5095170e-03
  -2.2603350e-03
  -1.0431410e-03
   9.9993900e-05
   1.1397680e-03
   2.0640530e-03
   2.8804450e-03
   3.6073330e-03
   4.2584650e-03
   4.8269760e-03
   5.2934500e-03
   5.6279140e-03
   5.7948350e-03
   5.7656240e-03
   5.5271740e-03
   5.0801210e-03
   4.4321750e-03
   3.5951720e-03
   2.5908440e-03
   1.4500670e-03
   2.0814710e-04
  -1.0976310e-03
  -2.4340020e-03
  -3.7625220e-03
  -5.0317550e-03
  -6.1886290e-03
  -7.2042570e-03
  -8.0643020e-03
  -8.7583430e-03
  -9.2769630e-03
  -9.6099910e-03
  -9.7467940e-03
  -9.6815790e-03
  -9.4161670e-03
  -8.9624290e-03
  -8.3437780e-03
  -7.6078900e-03
  -6.8226650e-03
  -6.0507240e-03
  -5.3257810e-03
  -4.6472550e-03
  -3.9925370e-03
  -3.3420880e-03
  -2.6937070e-03
  -2.0646790e-03
  -1.4843110e-03
  -9.8276470e-04
  -5.7896130e-04
  -2.6912090e-04
  -3.7313860e-05
   1.4971280e-04
   3.2601710e-04
   5.2723430e-04
   7.8866850e-04
   1.1296340e-03
   1.5408150e-03
   1.9711200e-03
   2.3518020e-03
   2.6260940e-03
   2.7415980e-03
   2.6661560e-03
   2.4001900e-03
   1.9714440e-03
   1.4205260e-03
   7.8640840e-04
   9.5049350e-05
  -6.4058500e-04
  -1.4165010e-03
  -2.2222870e-03
  -3.0365000e-03
  -3.8434510e-03
  -4.6310520e-03
  -5.3807500e-03
  -6.0695080e-03
  -6.6711430e-03
  -7.1461350e-03
  -7.4555610e-03
  -7.5905700e-03
  -7.5610420e-03
  -7.3789790e-03
  -7.0687850e-03
  -6.6749780e-03
  -6.2559930e-03
  -5.8619800e-03
  -5.5209360e-03
  -5.2329900e-03
  -4.9779000e-03
  -4.7330190e-03
  -4.4805050e-03
  -4.2162330e-03
  -3.9508370e-03
  -3.7003900e-03
  -3.4834070e-03
  -3.3171220e-03
  -3.2043160e-03
  -3.1193890e-03
  -3.0219610e-03
  -2.8775550e-03
  -2.6605940e-03
  -2.3533280e-03
  -1.9384530e-03
  -1.4079370e-03
  -7.5738690e-04
   1.2886440e-05
   8.9632940e-04
   1.8846140e-03
   2.9668840e-03
   4.1261940e-03
   5.3479170e-03
   6.6172210e-03
   7.9078300e-03
   9.1934230e-03
   1.0459760e-02
   1.1706770e-02
   1.2941900e-02
   1.4169890e-02
   1.5378020e-02
   1.6519620e-02
   1.7537540e-02
   1.8378100e-02
   1.8999030e-02
   1.9372050e-02
   1.9488330e-02
   1.9355140e-02
   1.8991970e-02
   1.8427740e-02
   1.7700220e-02
   1.6843330e-02
   1.5894230e-02
   1.4900440e-02
   1.3907110e-02
   1.2950090e-02
   1.2046900e-02
   1.1190380e-02
   1.0359110e-02
   9.5333140e-03
   8.6923920e-03
   7.8027240e-03
   6.8265850e-03
   5.7488590e-03
   4.5772440e-03
   3.3319850e-03
   2.0340220e-03
   6.9928960e-04
  -6.7743280e-04
  -2.1129660e-03
  -3.6164880e-03
  -5.1826200e-03
  -6.7985520e-03
  -8.4420170e-03
  -1.0080540e-02
  -1.1673200e-02
  -1.3176840e-02
  -1.4541240e-02
  -1.5709270e-02
  -1.6627270e-02
  -1.7270610e-02
  -1.7645970e-02
  -1.7764250e-02
  -1.7634940e-02
  -1.7278380e-02
  -1.6732480e-02
  -1.6054080e-02
  -1.5301730e-02
  -1.4524770e-02
  -1.3767990e-02
  -1.3067240e-02
  -1.2449210e-02
  -1.1926120e-02
  -1.1489300e-02
  -1.1120160e-02
  -1.0799930e-02
  -1.0521820e-02
  -1.0272480e-02
  -1.0019450e-02
  -9.7102500e-03
  -9.2848530e-03
  -8.7106910e-03
  -8.0008000e-03
  -7.1958650e-03
  -6.3478520e-03
  -5.5142340e-03
  -4.7545660e-03
  -4.1211190e-03
  -3.6479930e-03
  -3.3488400e-03
  -3.2278590e-03
  -3.2951490e-03
  -3.5662760e-03
  -4.0519150e-03
  -4.7451860e-03
  -5.6139290e-03
  -6.6069770e-03
  -7.6806180e-03
  -8.8187670e-03
  -1.0009620e-02
  -1.1233820e-02
  -1.2478870e-02
  -1.3741730e-02
  -1.5011190e-02
  -1.6271830e-02
  -1.7501290e-02
  -1.8682130e-02
  -1.9803390e-02
  -2.0865890e-02
  -2.1877920e-02
  -2.2844360e-02
  -2.3760290e-02
  -2.4617540e-02
  -2.5413830e-02
  -2.6153720e-02
  -2.6847540e-02
  -2.7504010e-02
  -2.8129620e-02
  -2.8728690e-02
  -2.9296580e-02
  -2.9826940e-02
  -3.0319530e-02
  -3.0771880e-02
  -3.1175050e-02
  -3.1523940e-02
  -3.1818440e-02
  -3.2057510e-02
  -3.2234510e-02
  -3.2340880e-02
  -3.2370820e-02
  -3.2323120e-02
  -3.2211450e-02
  -3.2059320e-02
  -3.1888630e-02
  -3.1712400e-02
  -3.1539990e-02
  -3.1380250e-02
  -3.1232900e-02
  -3.1093930e-02
  -3.0969470e-02
  -3.0870390e-02
  -3.0802010e-02
  -3.0764230e-02
  -3.0752970e-02
  -3.0766170e-02
  -3.0804420e-02
  -3.0870620e-02
  -3.0974690e-02
  -3.1131460e-02
  -3.1356290e-02
  -3.1647310e-02
  -3.1973460e-02
  -3.2284300e-02
  -3.2529680e-02
  -3.2684960e-02
  -3.2752370e-02
  -3.2747350e-02
  -3.2674800e-02
  -3.2528440e-02
  -3.2309870e-02
  -3.2025650e-02
  -3.1690050e-02
  -3.1320270e-02
  -3.0936940e-02
  -3.0564310e-02
  -3.0226810e-02
  -2.9940680e-02
  -2.9714400e-02
  -2.9552520e-02
  -2.9453800e-02
  -2.9407750e-02
  -2.9394260e-02
  -2.9397930e-02
  -2.9398810e-02
  -2.9387240e-02
  -2.9356570e-02
  -2.9296170e-02
  -2.9205000e-02
  -2.9091630e-02
  -2.8960660e-02
  -2.8809030e-02
  -2.8630740e-02
  -2.8417420e-02
  -2.8162270e-02
  -2.7856240e-02
  -2.7495320e-02
  -2.7082480e-02
  -2.6623490e-02
  -2.6121030e-02
  -2.5574170e-02
  -2.4976740e-02
  -2.4321400e-02
  -2.3602340e-02
  -2.2818600e-02
  -2.1969270e-02
  -2.1056350e-02
  -2.0081750e-02
  -1.9044880e-02
  -1.7936520e-02
  -1.6744730e-02
  -1.5470490e-02
  -1.4126400e-02
  -1.2731390e-02
  -1.1316660e-02
  -9.9188550e-03
  -8.5684940e-03
  -7.2824450e-03
  -6.0679370e-03
  -4.9232090e-03
  -3.8494620e-03
  -2.8476080e-03
  -1.9132390e-03
  -1.0660370e-03
  -3.4584320e-04
   1.9984770e-04
   5.4056000e-04
   6.7894890e-04
   6.4321420e-04
   4.7005600e-04
   1.9455830e-04
  -1.6287100e-04
  -5.9955590e-04
  -1.1108960e-03
  -1.6862170e-03
  -2.3120680e-03
  -2.9796400e-03
  -3.6925830e-03
  -4.4592210e-03
  -5.2833370e-03
  -6.1688240e-03
  -7.1226600e-03
  -8.1529240e-03
  -9.2586360e-03
  -1.0413510e-02
  -1.1566930e-02
  -1.2663750e-02
  -1.3663260e-02
  -1.4554600e-02
  -1.5336690e-02
  -1.6007840e-02
  -1.6574610e-02
  -1.7058220e-02
  -1.7482170e-02
  -1.7861310e-02
  -1.8199420e-02
  -1.8494900e-02
  -1.8744010e-02
  -1.8946830e-02
  -1.9108410e-02
  -1.9231120e-02
  -1.9311400e-02
  -1.9343110e-02
  -1.9316220e-02
  -1.9216230e-02
  -1.9028920e-02
  -1.8750080e-02
  -1.8390810e-02
  -1.7976700e-02
  -1.7533130e-02
  -1.7076110e-02
  -1.6618830e-02
  -1.6175850e-02
  -1.5759930e-02
  -1.5379270e-02
  -1.5039140e-02
  -1.4749020e-02
  -1.4509240e-02
  -1.4306900e-02
  -1.4127010e-02
  -1.3964660e-02
  -1.3836080e-02
  -1.3755650e-02
  -1.3721140e-02
  -1.3727010e-02
  -1.3768680e-02
  -1.3840050e-02
  -1.3930880e-02
  -1.4036560e-02
  -1.4159100e-02
  -1.4301780e-02
  -1.4474720e-02
  -1.4693220e-02
  -1.4951360e-02
  -1.5231570e-02
  -1.5524660e-02
  -1.5832220e-02
  -1.6153920e-02
  -1.6474800e-02
  -1.6771680e-02
  -1.7025350e-02
  -1.7219250e-02
  -1.7334650e-02
  -1.7357910e-02
  -1.7283910e-02
  -1.7109220e-02
  -1.6832660e-02
  -1.6458240e-02
  -1.6008480e-02
  -1.5526080e-02
  -1.5047110e-02
  -1.4583320e-02
  -1.4135530e-02
  -1.3702760e-02
  -1.3282420e-02
  -1.2872920e-02
  -1.2484800e-02
  -1.2120800e-02
  -1.1754810e-02
  -1.1350000e-02
  -1.0881640e-02
  -1.0350490e-02
  -9.7719840e-03
  -9.1643200e-03
  -8.5527540e-03
  -7.9717130e-03
  -7.4507470e-03
  -7.0112510e-03
  -6.6795220e-03
  -6.4695180e-03
  -6.3784500e-03
  -6.4043460e-03
  -6.5511550e-03
  -6.8093290e-03
  -7.1509330e-03
  -7.5420290e-03
  -7.9622970e-03
  -8.4009940e-03
  -8.8452600e-03
  -9.2816930e-03
  -9.6957100e-03
  -1.0065240e-02
  -1.0358950e-02
  -1.0544970e-02
  -1.0602510e-02
  -1.0528710e-02
  -1.0334100e-02
  -1.0026080e-02
  -9.6033830e-03
  -9.0617370e-03
  -8.4049890e-03
  -7.6524490e-03
  -6.8406880e-03
  -6.0083130e-03
  -5.1834190e-03
  -4.3838630e-03
  -3.6191990e-03
  -2.8870840e-03
  -2.1816740e-03
  -1.5086580e-03
  -8.8285820e-04
  -3.2647620e-04
   1.4064180e-04
   5.1182870e-04
   7.9329860e-04
   9.9097320e-04
   1.0944420e-03
   1.0768000e-03
   9.2238190e-04
   6.5010470e-04
   3.0640030e-04
  -6.0943700e-05
  -4.3367780e-04
  -8.0357360e-04
  -1.1563020e-03
  -1.4792430e-03
  -1.7641420e-03
  -2.0128920e-03
  -2.2402530e-03
  -2.4635850e-03
  -2.6998260e-03
  -2.9739390e-03
  -3.3088400e-03
  -3.7198710e-03
  -4.2234860e-03
  -4.8245350e-03
  -5.5059600e-03
  -6.2315240e-03
  -6.9665870e-03
  -7.6849550e-03
  -8.3572260e-03
  -8.9444840e-03
  -9.4114450e-03
  -9.7327480e-03
  -9.8870460e-03
  -9.8645820e-03
  -9.6846600e-03
  -9.3848020e-03
  -9.0050830e-03
  -8.5899340e-03
  -8.1813840e-03
  -7.8178270e-03
  -7.5265130e-03
  -7.3160260e-03
  -7.1857530e-03
  -7.1383140e-03
  -7.1820660e-03
  -7.3381570e-03
  -7.6272300e-03
  -8.0498840e-03
  -8.5774480e-03
  -9.1709330e-03
  -9.8111820e-03
  -1.0482480e-02
  -1.1162180e-02
  -1.1824170e-02
  -1.2443860e-02
  -1.2999730e-02
  -1.3472680e-02
  -1.3849250e-02
  -1.4128220e-02
  -1.4304370e-02
  -1.4356330e-02
  -1.4257340e-02
  -1.3985680e-02
  -1.3521430e-02
  -1.2848480e-02
  -1.1978290e-02
  -1.0947800e-02
  -9.8078050e-03
  -8.6033950e-03
  -7.3692170e-03
  -6.1382670e-03
  -4.9299180e-03
  -3.7435860e-03
  -2.5620930e-03
  -1.3680600e-03
  -1.4753960e-04
   1.1120360e-03
   2.4163950e-03
   3.7567290e-03
   5.1184830e-03
   6.4706310e-03
   7.7747770e-03
   9.0016140e-03
   1.0147590e-02
   1.1226000e-02
   1.2253890e-02
   1.3241590e-02
   1.4203800e-02
   1.5156570e-02
   1.6117840e-02
   1.7104140e-02
   1.8138600e-02
   1.9242480e-02
   2.0415010e-02
   2.1630710e-02
   2.2850200e-02
   2.4031000e-02
   2.5143350e-02
   2.6182520e-02
   2.7163920e-02
   2.8106920e-02
   2.9022500e-02
   2.9901360e-02
   3.0714380e-02
   3.1443650e-02
   3.2097380e-02
   3.2697630e-02
   3.3276210e-02
   3.3859140e-02
   3.4459090e-02
   3.5068200e-02
   3.5674840e-02
   3.6283040e-02
   3.6907960e-02
   3.7550130e-02
   3.8189570e-02
   3.8807980e-02
   3.9395490e-02
   3.9935660e-02
   4.0415980e-02
   4.0839640e-02
   4.1226530e-02
   4.1586510e-02
   4.1902540e-02
   4.2149750e-02
   4.2313230e-02
   4.2391510e-02
   4.2378420e-02
   4.2262790e-02
   4.2041610e-02
   4.1722670e-02
   4.1315930e-02
   4.0816180e-02
   4.0196060e-02
   3.9432120e-02
   3.8526070e-02
   3.7507670e-02
   3.6417700e-02
   3.5286960e-02
   3.4132420e-02
   3.2963330e-02
   3.1780770e-02
   3.0577430e-02
   2.9342390e-02
   2.8076280e-02
   2.6793340e-02
   2.5513480e-02
   2.4254930e-02
   2.3036060e-02
   2.1868450e-02
   2.0742480e-02
   1.9629660e-02
   1.8508420e-02
   1.7370410e-02
   1.6221030e-02
   1.5073460e-02
   1.3939830e-02
   1.2828760e-02
   1.1745400e-02
   1.0695860e-02
   9.6796290e-03
   8.6825400e-03
   7.6891210e-03
   6.6869060e-03
   5.6631770e-03
   4.6041500e-03
   3.4915140e-03
   2.3089760e-03
   1.0544240e-03
  -2.5755440e-04
  -1.6087910e-03
  -2.9807990e-03
  -4.3541830e-03
  -5.7166400e-03
  -7.0674630e-03
  -8.4083210e-03
  -9.7339810e-03
  -1.1038180e-02
  -1.2323010e-02
  -1.3592140e-02
  -1.4846020e-02
  -1.6070550e-02
  -1.7231050e-02
  -1.8288800e-02
  -1.9214300e-02
  -1.9995360e-02
  -2.0635720e-02
  -2.1128980e-02
  -2.1449590e-02
  -2.1583950e-02
  -2.1556030e-02
  -2.1418230e-02
  -2.1222670e-02
  -2.1012070e-02
  -2.0810270e-02
  -2.0612790e-02
  -2.0394150e-02
  -2.0119920e-02
  -1.9756130e-02
  -1.9280820e-02
  -1.8698890e-02
  -1.8037380e-02
  -1.7329660e-02
  -1.6606880e-02
  -1.5886310e-02
  -1.5175300e-02
  -1.4473280e-02
  -1.3773310e-02
  -1.3073260e-02
  -1.2382030e-02
  -1.1713970e-02
  -1.1079750e-02
  -1.0485430e-02
  -9.9447720e-03
  -9.4689800e-03
  -9.0558390e-03
  -8.7095780e-03
  -8.4399500e-03
  -8.2594170e-03
  -8.1625520e-03
  -8.1240700e-03
  -8.1164790e-03
  -8.1222040e-03
  -8.1362140e-03
  -8.1572060e-03
  -8.1853680e-03
  -8.2163900e-03
  -8.2300230e-03
  -8.2002500e-03
  -8.1173680e-03
  -7.9984840e-03
  -7.8674660e-03
  -7.7359940e-03
  -7.6015950e-03
  -7.4549260e-03
  -7.2852570e-03
  -7.0900710e-03
  -6.8814730e-03
  -6.6796060e-03
  -6.5007470e-03
  -6.3452980e-03
  -6.2149830e-03
  -6.1211670e-03
  -6.0760620e-03
  -6.0855650e-03
  -6.1487270e-03
  -6.2604940e-03
  -6.4020550e-03
  -6.5385560e-03
  -6.6380890e-03
  -6.6891160e-03
  -6.7049800e-03
  -6.7011440e-03
  -6.6804100e-03
  -6.6387550e-03
  -6.5738110e-03
  -6.4878470e-03
  -6.3873580e-03
  -6.2767830e-03
  -6.1695600e-03
  -6.0799630e-03
  -6.0186830e-03
  -5.9874190e-03
  -5.9787800e-03
  -5.9876190e-03
  -6.0113960e-03
  -6.0506930e-03
  -6.1056770e-03
  -6.1740730e-03
  -6.2615880e-03
  -6.3853290e-03
  -6.5475110e-03
  -6.7314760e-03
  -6.9138340e-03
  -7.0840980e-03
  -7.2523430e-03
  -7.4355040e-03
  -7.6492350e-03
  -7.9004350e-03
  -8.1759570e-03
  -8.4457550e-03
  -8.6723950e-03
  -8.8301040e-03
  -8.9171460e-03
  -8.9488470e-03
  -8.9446300e-03
  -8.9301850e-03
  -8.9284050e-03
  -8.9425640e-03
  -8.9775290e-03
  -9.0366220e-03
  -9.1051530e-03
  -9.1518380e-03
  -9.1429410e-03
  -9.0602730e-03
  -8.9056500e-03
  -8.6900800e-03
  -8.4281880e-03
  -8.1315250e-03
  -7.8073090e-03
  -7.4567100e-03
  -7.0767990e-03
  -6.6634290e-03
  -6.2167500e-03
  -5.7417420e-03
  -5.2350820e-03
  -4.6837460e-03
  -4.0742040e-03
  -3.4055660e-03
  -2.6898750e-03
  -1.9351050e-03
  -1.1283720e-03
  -2.4768750e-04
   7.1488130e-04
   1.7424070e-03
   2.8109100e-03
   3.9004230e-03
   4.9946020e-03
   6.0706830e-03
   7.1051380e-03
   8.0819310e-03
   8.9971930e-03
   9.8490080e-03
   1.0620280e-02
   1.1279590e-02
   1.1795000e-02
   1.2151330e-02
   1.2361380e-02
   1.2457680e-02
   1.2476380e-02
   1.2443620e-02
   1.2383330e-02
   1.2330260e-02
   1.2319050e-02
   1.2361490e-02
   1.2447920e-02
   1.2553540e-02
   1.2649230e-02
   1.2713510e-02
   1.2735510e-02
   1.2714200e-02
   1.2648890e-02
   1.2537700e-02
   1.2375110e-02
   1.2156800e-02
   1.1894130e-02
   1.1606650e-02
   1.1308070e-02
   1.1020210e-02
   1.0765100e-02
   1.0550240e-02
   1.0367100e-02
   1.0213520e-02
   1.0105160e-02
   1.0050010e-02
   1.0041530e-02
   1.0070280e-02
   1.0128240e-02
   1.0211450e-02
   1.0314500e-02
   1.0424110e-02
   1.0529810e-02
   1.0618730e-02
   1.0671380e-02
   1.0679230e-02
   1.0647580e-02
   1.0589780e-02
   1.0531500e-02
   1.0500900e-02
   1.0503990e-02
   1.0526500e-02
   1.0562430e-02
   1.0622390e-02
   1.0724280e-02
   1.0884300e-02
   1.1093500e-02
   1.1317140e-02
   1.1506720e-02
   1.1617870e-02
   1.1627340e-02
   1.1530750e-02
   1.1334020e-02
   1.1051010e-02
   1.0697530e-02
   1.0290540e-02
   9.8456330e-03
   9.3789040e-03
   8.9103590e-03
   8.4695050e-03
   8.0819530e-03
   7.7680740e-03
   7.5484410e-03
   7.4262910e-03
   7.3777910e-03
   7.3550150e-03
   7.3094100e-03
   7.2040190e-03
   7.0153170e-03
   6.7328220e-03
   6.3629240e-03
   5.9251020e-03
   5.4434000e-03
   4.9321220e-03
   4.3794570e-03
   3.7687770e-03
   3.1063300e-03
   2.4233870e-03
   1.7654850e-03
   1.1817000e-03
   7.1188960e-04
   3.6377920e-04
   1.1876550e-04
  -6.4444530e-05
  -2.3377630e-04
  -4.3524890e-04
  -7.1240360e-04
  -1.0909180e-03
  -1.5757060e-03
  -2.1529490e-03
  -2.7942370e-03
  -3.4622530e-03
  -4.1206670e-03
  -4.7538260e-03
  -5.3585610e-03
  -5.9416370e-03
  -6.5233310e-03
  -7.1250920e-03
  -7.7453370e-03
  -8.3420720e-03
  -8.8564890e-03
  -9.2525700e-03
  -9.5322190e-03
  -9.7133750e-03
  -9.8198230e-03
  -9.8844830e-03
  -9.9350140e-03
  -9.9796550e-03
  -1.0007560e-02
  -1.0001480e-02
  -9.9488140e-03
  -9.8502740e-03
  -9.7135350e-03
  -9.5551130e-03
  -9.3988600e-03
  -9.2658830e-03
  -9.1675720e-03
  -9.1039620e-03
  -9.0688800e-03
  -9.0538740e-03
  -9.0642420e-03
  -9.1214280e-03
  -9.2430350e-03
  -9.4254350e-03
  -9.6402970e-03
  -9.8454750e-03
  -9.9943680e-03
  -1.0034360e-02
  -9.9125120e-03
  -9.6058390e-03
  -9.1213350e-03
  -8.4823590e-03
  -7.7253120e-03
  -6.8908840e-03
  -6.0161320e-03
  -5.1298010e-03
  -4.2474530e-03
  -3.3755260e-03
  -2.5082380e-03
  -1.6352160e-03
  -7.5323540e-04
   1.1782180e-04
   9.5061340e-04
   1.7289200e-03
   2.4516330e-03
   3.1345440e-03
   3.8137690e-03
   4.5381780e-03
   5.3455250e-03
   6.2414420e-03
   7.2115280e-03
   8.2466940e-03
   9.3510780e-03
   1.0516970e-02
   1.1722800e-02
   1.2947980e-02
   1.4177190e-02
   1.5395750e-02
   1.6586280e-02
   1.7727210e-02
   1.8788190e-02
   1.9735460e-02
   2.0553540e-02
   2.1249810e-02
   2.1835480e-02
   2.2314190e-02
   2.2682460e-02
   2.2933070e-02
   2.3053950e-02
   2.3023750e-02
   2.2820810e-02
   2.2434110e-02
   2.1876420e-02
   2.1185330e-02
   2.0414720e-02
   1.9630820e-02
   1.8901560e-02
   1.8271980e-02
   1.7757440e-02
   1.7350730e-02
   1.7032440e-02
   1.6782580e-02
   1.6593200e-02
   1.6458890e-02
   1.6369280e-02
   1.6309360e-02
   1.6269880e-02
   1.6253650e-02
   1.6274040e-02
   1.6342240e-02
   1.6450820e-02
   1.6579600e-02
   1.6699640e-02
   1.6795830e-02
   1.6876400e-02
   1.6955210e-02
   1.7036960e-02
   1.7096920e-02
   1.7107890e-02
   1.7070150e-02
   1.6999910e-02
   1.6908490e-02
   1.6799070e-02
   1.6673850e-02
   1.6542960e-02
   1.6422880e-02
   1.6327850e-02
   1.6257410e-02
   1.6197910e-02
   1.6129200e-02
   1.6029700e-02
   1.5887680e-02
   1.5710480e-02
   1.5516940e-02
   1.5333750e-02
   1.5177610e-02
   1.5040500e-02
   1.4902630e-02
   1.4748310e-02
   1.4578250e-02
   1.4400990e-02
   1.4217920e-02
   1.4030770e-02
   1.3849330e-02
   1.3683560e-02
   1.3539550e-02
   1.3425380e-02
   1.3350470e-02
   1.3317940e-02
   1.3320950e-02
   1.3350020e-02
   1.3398140e-02
   1.3464460e-02
   1.3548670e-02
   1.3657690e-02
   1.3812100e-02
   1.4028700e-02
   1.4301830e-02
   1.4622090e-02
   1.4990640e-02
   1.5404040e-02
   1.5833050e-02
   1.6229870e-02
   1.6558830e-02
   1.6802450e-02
   1.6955200e-02
   1.7023980e-02
   1.7022860e-02
   1.6965160e-02
   1.6849790e-02
   1.6672990e-02
   1.6434940e-02
   1.6144440e-02
   1.5819370e-02
   1.5489810e-02
   1.5192230e-02
   1.4948540e-02
   1.4746420e-02
   1.4562270e-02
   1.4375960e-02
   1.4181190e-02
   1.3976820e-02
   1.3762480e-02
   1.3544790e-02
   1.3335830e-02
   1.3147380e-02
   1.2982880e-02
   1.2829740e-02
   1.2680990e-02
   1.2544270e-02
   1.2443500e-02
   1.2404390e-02
   1.2433250e-02
   1.2533550e-02
   1.2716800e-02
   1.2990530e-02
   1.3361100e-02
   1.3832660e-02
   1.4400430e-02
   1.5044740e-02
   1.5739170e-02
   1.6458090e-02
   1.7183150e-02
   1.7905550e-02
   1.8625480e-02
   1.9345320e-02
   2.0054190e-02
   2.0719330e-02
   2.1303150e-02
   2.1773410e-02
   2.2115070e-02
   2.2345690e-02
   2.2503430e-02
   2.2633540e-02
   2.2776030e-02
   2.2937130e-02
   2.3094670e-02
   2.3219250e-02
   2.3290380e-02
   2.3317240e-02
   2.3329170e-02
   2.3349590e-02
   2.3394610e-02
   2.3467600e-02
   2.3552600e-02
   2.3622240e-02
   2.3649650e-02
   2.3620490e-02
   2.3540010e-02
   2.3430600e-02
   2.3311160e-02
   2.3182470e-02
   2.3026020e-02
   2.2820900e-02
   2.2556890e-02
   2.2243500e-02
   2.1910880e-02
   2.1594920e-02
   2.1319660e-02
   2.1093800e-02
   2.0904860e-02
   2.0727150e-02
   2.0546640e-02
   2.0370960e-02
   2.0220890e-02
   2.0120680e-02
   2.0088130e-02
   2.0137570e-02
   2.0270410e-02
   2.0475380e-02
   2.0734930e-02
   2.1037950e-02
   2.1382580e-02
   2.1763490e-02
   2.2172520e-02
   2.2601680e-02
   2.3036370e-02
   2.3470470e-02
   2.3914260e-02
   2.4383940e-02
   2.4883740e-02
   2.5389690e-02
   2.5871550e-02
   2.6309080e-02
   2.6691340e-02
   2.7014440e-02
   2.7288340e-02
   2.7534290e-02
   2.7781140e-02
   2.8048580e-02
   2.8327790e-02
   2.8601080e-02
   2.8851460e-02
   2.9062910e-02
   2.9217300e-02
   2.9299300e-02
   2.9306460e-02
   2.9256210e-02
   2.9174490e-02
   2.9083380e-02
   2.8997000e-02
   2.8914460e-02
   2.8832270e-02
   2.8749400e-02
   2.8653870e-02
   2.8523830e-02
   2.8329470e-02
   2.8044260e-02
   2.7658940e-02
   2.7193330e-02
   2.6682170e-02
   2.6155300e-02
   2.5632440e-02
   2.5119340e-02
   2.4616050e-02
   2.4124900e-02
   2.3644900e-02
   2.3172050e-02
   2.2695490e-02
   2.2217270e-02
   2.1753680e-02
   2.1321100e-02
   2.0932360e-02
   2.0594970e-02
   2.0302690e-02
   2.0041840e-02
   1.9809660e-02
   1.9618720e-02
   1.9481280e-02
   1.9387440e-02
   1.9304640e-02
   1.9205270e-02
   1.9078170e-02
   1.8920710e-02
   1.8728000e-02
   1.8499640e-02
   1.8245540e-02
   1.7986300e-02
   1.7742910e-02
   1.7524570e-02
   1.7313300e-02
   1.7072610e-02
   1.6780860e-02
   1.6440220e-02
   1.6068720e-02
   1.5695970e-02
   1.5350850e-02
   1.5050250e-02
   1.4799160e-02
   1.4592170e-02
   1.4415970e-02
   1.4271790e-02
   1.4170670e-02
   1.4119690e-02
   1.4120890e-02
   1.4161450e-02
   1.4222600e-02
   1.4292000e-02
   1.4366210e-02
   1.4467510e-02
   1.4622250e-02
   1.4817950e-02
   1.5018020e-02
   1.5197190e-02
   1.5348600e-02
   1.5481510e-02
   1.5614720e-02
   1.5760330e-02
   1.5917130e-02
   1.6067730e-02
   1.6193260e-02
   1.6288340e-02
   1.6356010e-02
   1.6408350e-02
   1.6465680e-02
   1.6554450e-02
   1.6691330e-02
   1.6881160e-02
   1.7129340e-02
   1.7441300e-02
   1.7806260e-02
   1.8173530e-02
   1.8475990e-02
   1.8673760e-02
   1.8762260e-02
   1.8753900e-02
   1.8671920e-02
   1.8540680e-02
   1.8363490e-02
   1.8140020e-02
   1.7877770e-02
   1.7592850e-02
   1.7301280e-02
   1.7018280e-02
   1.6751550e-02
   1.6497140e-02
   1.6239560e-02
   1.5962730e-02
   1.5656880e-02
   1.5319060e-02
   1.4957210e-02
   1.4583390e-02
   1.4197620e-02
   1.3791680e-02
   1.3358220e-02
   1.2892740e-02
   1.2394600e-02
   1.1868620e-02
   1.1324020e-02
   1.0773550e-02
   1.0231030e-02
   9.7192560e-03
   9.2601700e-03
   8.8593670e-03
   8.5084810e-03
   8.1917060e-03
   7.8952810e-03
   7.6043250e-03
   7.3074640e-03
   6.9992980e-03
   6.6802120e-03
   6.3588120e-03
   6.0573990e-03
   5.7963840e-03
   5.5726830e-03
   5.3704880e-03
   5.1802480e-03
   5.0041480e-03
   4.8413990e-03
   4.6811020e-03
   4.5111500e-03
   4.3242870e-03
   4.1178590e-03
   3.8899120e-03
   3.6353770e-03
   3.3553930e-03
   3.0531750e-03
   2.7201040e-03
   2.3447240e-03
   1.9301810e-03
   1.4869140e-03
   1.0205410e-03
   5.4728310e-04
   1.0025910e-04
  -2.8997570e-04
  -6.1019910e-04
  -8.5658430e-04
  -1.0355910e-03
  -1.1639960e-03
  -1.2639940e-03
  -1.3575570e-03
  -1.4651230e-03
  -1.6075170e-03
  -1.8060660e-03
  -2.0746070e-03
  -2.4045480e-03
  -2.7774270e-03
  -3.1807100e-03
  -3.6104210e-03
  -4.0698810e-03
  -4.5600500e-03
  -5.0778030e-03
  -5.6087540e-03
  -6.1248800e-03
  -6.5970020e-03
  -7.0067340e-03
  -7.3409690e-03
  -7.5993010e-03
  -7.7954220e-03
  -7.9472610e-03
  -8.0754540e-03
  -8.1888040e-03
  -8.2822990e-03
  -8.3489200e-03
  -8.3916070e-03
  -8.4250310e-03
  -8.4682660e-03
  -8.5282280e-03
  -8.5930530e-03
  -8.6403660e-03
  -8.6663160e-03
  -8.6932730e-03
  -8.7528520e-03
  -8.8613970e-03
  -9.0220720e-03
  -9.2358870e-03
  -9.4964010e-03
  -9.7893270e-03
  -1.0098630e-02
  -1.0415280e-02
  -1.0738080e-02
  -1.1076550e-02
  -1.1438500e-02
  -1.1824330e-02
  -1.2230000e-02
  -1.2651820e-02
  -1.3073900e-02
  -1.3468040e-02
  -1.3809200e-02
  -1.4081200e-02
  -1.4288240e-02
  -1.4448110e-02
  -1.4570230e-02
  -1.4647380e-02
  -1.4653170e-02
  -1.4560390e-02
  -1.4356980e-02
  -1.4040470e-02
  -1.3615630e-02
  -1.3084390e-02
  -1.2453400e-02
  -1.1728780e-02
  -1.0912970e-02
  -1.0015420e-02
  -9.0594860e-03
  -8.0752520e-03
  -7.0885180e-03
  -6.1172370e-03
  -5.1664780e-03
  -4.2155270e-03
  -3.2388610e-03
  -2.2283730e-03
  -1.1824160e-03
  -9.8429820e-05
   1.0211720e-03
   2.1603960e-03
   3.3065500e-03
   4.4523880e-03
   5.5903810e-03
   6.7117590e-03
   7.7959330e-03
   8.8200780e-03
   9.7669630e-03
   1.0620370e-02
   1.1377520e-02
   1.2046490e-02
   1.2633930e-02
   1.3135940e-02
   1.3542270e-02
   1.3875480e-02
   1.4183120e-02
   1.4501000e-02
   1.4837320e-02
   1.5185100e-02
   1.5535020e-02
   1.5879260e-02
   1.6210310e-02
   1.6523580e-02
   1.6812840e-02
   1.7070340e-02
   1.7300020e-02
   1.7508250e-02
   1.7690880e-02
   1.7838460e-02
   1.7942550e-02
   1.7997930e-02
   1.8008700e-02
   1.7983780e-02
   1.7929080e-02
   1.7860360e-02
   1.7800700e-02
   1.7762150e-02
   1.7743180e-02
   1.7723020e-02
   1.7668360e-02
   1.7546620e-02
   1.7347080e-02
   1.7092040e-02
   1.6824300e-02
   1.6586340e-02
   1.6389500e-02
   1.6229860e-02
   1.6107580e-02
   1.6018980e-02
   1.5949890e-02
   1.5878920e-02
   1.5784550e-02
   1.5661560e-02
   1.5518180e-02
   1.5365580e-02
   1.5210690e-02
   1.5062390e-02
   1.4940080e-02
   1.4861060e-02
   1.4831910e-02
   1.4848500e-02
   1.4895830e-02
   1.4952490e-02
   1.4995730e-02
   1.5008590e-02
   1.4980380e-02
   1.4912590e-02
   1.4818250e-02
   1.4709200e-02
   1.4593740e-02
   1.4481840e-02
   1.4380840e-02
   1.4295320e-02
   1.4222110e-02
   1.4162650e-02
   1.4115360e-02
   1.4067450e-02
   1.4006040e-02
   1.3911520e-02
   1.3764820e-02
   1.3549630e-02
   1.3251150e-02
   1.2863500e-02
   1.2372880e-02
   1.1763550e-02
   1.1022610e-02
   1.0138870e-02
   9.1132770e-03
   7.9753230e-03
   6.7765400e-03
   5.5847700e-03
   4.4585150e-03
   3.4290140e-03
   2.5075670e-03
   1.7016070e-03
   1.0157210e-03
   4.4914070e-04
   7.0784590e-06
  -2.9934660e-04
  -4.6871760e-04
  -5.1595680e-04
  -4.6923590e-04
  -3.5238680e-04
  -1.8373800e-04
   1.5887640e-05
   2.2359450e-04
   4.1608520e-04
   5.7354600e-04
   6.7501700e-04
   6.9853480e-04
   6.2530750e-04
   4.4280240e-04
   1.5213190e-04
  -2.3737070e-04
  -7.0078660e-04
  -1.2134310e-03
  -1.7613260e-03
  -2.3276170e-03
  -2.8888280e-03
  -3.4284070e-03
  -3.9385730e-03
  -4.4319080e-03
  -4.9346010e-03
  -5.4710130e-03
  -6.0501420e-03
  -6.6642930e-03
  -7.2950440e-03
  -7.9270980e-03
  -8.5562530e-03
  -9.1895120e-03
  -9.8333900e-03
  -1.0495830e-02
  -1.1185720e-02
  -1.1907380e-02
  -1.2648800e-02
  -1.3390300e-02
  -1.4115800e-02
  -1.4811380e-02
  -1.5467670e-02
  -1.6086870e-02
  -1.6675160e-02
  -1.7227880e-02
  -1.7721070e-02
  -1.8121380e-02
  -1.8398960e-02
  -1.8540040e-02
  -1.8556220e-02
  -1.8461970e-02
  -1.8260180e-02
  -1.7952690e-02
  -1.7553540e-02
  -1.7094260e-02
  -1.6619220e-02
  -1.6170280e-02
  -1.5776450e-02
  -1.5462820e-02
  -1.5247050e-02
  -1.5127030e-02
  -1.5084620e-02
  -1.5104920e-02
  -1.5173800e-02
  -1.5273220e-02
  -1.5393310e-02
  -1.5537780e-02
  -1.5710090e-02
  -1.5915070e-02
  -1.6154970e-02
  -1.6429400e-02
  -1.6737630e-02
  -1.7074380e-02
  -1.7424980e-02
  -1.7770620e-02
  -1.8105680e-02
  -1.8432010e-02
  -1.8753220e-02
  -1.9076590e-02
  -1.9410800e-02
  -1.9755570e-02
  -2.0096140e-02
  -2.0413550e-02
  -2.0685820e-02
  -2.0893240e-02
  -2.1021160e-02
  -2.1068780e-02
  -2.1046450e-02
  -2.0958540e-02
  -2.0803590e-02
  -2.0585620e-02
  -2.0323580e-02
  -2.0040000e-02
  -1.9752000e-02
  -1.9472850e-02
  -1.9205820e-02
  -1.8942050e-02
  -1.8671970e-02
  -1.8392600e-02
  -1.8103200e-02
  -1.7795050e-02
  -1.7460340e-02
  -1.7110440e-02
  -1.6759820e-02
  -1.6411490e-02
  -1.6058890e-02
  -1.5692400e-02
  -1.5304690e-02
  -1.4900810e-02
  -1.4491970e-02
  -1.4079770e-02
  -1.3656850e-02
  -1.3222990e-02
  -1.2789220e-02
  -1.2365120e-02
  -1.1954540e-02
  -1.1555320e-02
  -1.1154380e-02
  -1.0742550e-02
  -1.0324170e-02
  -9.9115710e-03
  -9.5097290e-03
  -9.1163680e-03
  -8.7319450e-03
  -8.3617180e-03
  -8.0096200e-03
  -7.6714300e-03
  -7.3407980e-03
  -7.0209690e-03
  -6.7192770e-03
  -6.4401020e-03
  -6.1899920e-03
  -5.9881660e-03
  -5.8483830e-03
  -5.7654300e-03
  -5.7246640e-03
  -5.7142250e-03
  -5.7159510e-03
  -5.7157180e-03
  -5.7244910e-03
  -5.7645560e-03
  -5.8486200e-03
  -5.9785100e-03
  -6.1509650e-03
  -6.3589320e-03
  -6.5903160e-03
  -6.8307350e-03
  -7.0709440e-03
  -7.2997900e-03
  -7.5073910e-03
  -7.6945420e-03
  -7.8647820e-03
  -8.0234380e-03
  -8.1692130e-03
  -8.2940900e-03
  -8.4010570e-03
  -8.4906410e-03
  -8.5510240e-03
  -8.5708850e-03
  -8.5468970e-03
  -8.4851130e-03
  -8.3951390e-03
  -8.2859630e-03
  -8.1559000e-03
  -8.0012120e-03
  -7.8223080e-03
  -7.6266010e-03
  -7.4367490e-03
  -7.2823910e-03
  -7.1840320e-03
  -7.1468210e-03
  -7.1580250e-03
  -7.1885810e-03
  -7.2005670e-03
  -7.1697170e-03
  -7.1020000e-03
  -7.0126520e-03
  -6.9163920e-03
  -6.8330330e-03
  -6.7783860e-03
  -6.7503770e-03
  -6.7360710e-03
  -6.7249100e-03
  -6.7112010e-03
  -6.6938670e-03
  -6.6779720e-03
  -6.6648660e-03
  -6.6541910e-03
  -6.6495530e-03
  -6.6631410e-03
  -6.7131120e-03
  -6.8125100e-03
  -6.9631280e-03
  -7.1541580e-03
  -7.3643500e-03
  -7.5782240e-03
  -7.7821090e-03
  -7.9624850e-03
  -8.1248210e-03
  -8.2921980e-03
  -8.4835110e-03
  -8.6983020e-03
  -8.9182240e-03
  -9.1318910e-03
  -9.3379720e-03
  -9.5348580e-03
  -9.7180020e-03
  -9.8886740e-03
  -1.0059990e-02
  -1.0246070e-02
  -1.0446350e-02
  -1.0644190e-02
  -1.0824540e-02
  -1.0988560e-02
  -1.1151300e-02
  -1.1322440e-02
  -1.1500020e-02
  -1.1678730e-02
  -1.1861130e-02
  -1.2053180e-02
  -1.2250140e-02
  -1.2437830e-02
  -1.2609250e-02
  -1.2783120e-02
  -1.2988590e-02
  -1.3243210e-02
  -1.3548660e-02
  -1.3903380e-02
  -1.4305620e-02
  -1.4738710e-02
  -1.5174080e-02
  -1.5587240e-02
  -1.5966260e-02
  -1.6310740e-02
  -1.6629600e-02
  -1.6931920e-02
  -1.7221330e-02
  -1.7496600e-02
  -1.7757630e-02
  -1.8012070e-02
  -1.8260080e-02
  -1.8488470e-02
  -1.8684740e-02
  -1.8843390e-02
  -1.8973650e-02
  -1.9082810e-02
  -1.9178910e-02
  -1.9273770e-02
  -1.9375020e-02
  -1.9482020e-02
  -1.9575470e-02
  -1.9632890e-02
  -1.9647750e-02
  -1.9627850e-02
  -1.9584120e-02
  -1.9523070e-02
  -1.9456490e-02
  -1.9388170e-02
  -1.9321000e-02
  -1.9273320e-02
  -1.9256380e-02
  -1.9258830e-02
  -1.9262010e-02
  -1.9250820e-02
  -1.9218190e-02
  -1.9158150e-02
  -1.9065780e-02
  -1.8942530e-02
  -1.8793190e-02
  -1.8619090e-02
  -1.8422550e-02
  -1.8213360e-02
  -1.7998810e-02
  -1.7780310e-02
  -1.7559720e-02
  -1.7338090e-02
  -1.7107880e-02
  -1.6864770e-02
  -1.6624360e-02
  -1.6422050e-02
  -1.6295810e-02
  -1.6273710e-02
  -1.6369270e-02
  -1.6564120e-02
  -1.6816360e-02
  -1.7077030e-02
  -1.7301000e-02
  -1.7458960e-02
  -1.7534000e-02
  -1.7520780e-02
  -1.7421700e-02
  -1.7244580e-02
  -1.7006360e-02
  -1.6730730e-02
  -1.6432410e-02
  -1.6111480e-02
  -1.5762500e-02
  -1.5390560e-02
  -1.5014760e-02
  -1.4667410e-02
  -1.4383220e-02
  -1.4185640e-02
  -1.4084020e-02
  -1.4066930e-02
  -1.4108480e-02
  -1.4181290e-02
  -1.4261250e-02
  -1.4338150e-02
  -1.4422170e-02
  -1.4528820e-02
  -1.4662860e-02
  -1.4806680e-02
  -1.4933670e-02
  -1.5029510e-02
  -1.5092270e-02
  -1.5130920e-02
  -1.5159530e-02
  -1.5174210e-02
  -1.5158700e-02
  -1.5111440e-02
  -1.5046480e-02
  -1.4981630e-02
  -1.4929690e-02
  -1.4900180e-02
  -1.4899050e-02
  -1.4913730e-02
  -1.4913450e-02
  -1.4865230e-02
  -1.4753600e-02
  -1.4594600e-02
  -1.4423290e-02
  -1.4276790e-02
  -1.4186730e-02
  -1.4159350e-02
  -1.4175690e-02
  -1.4217250e-02
  -1.4279290e-02
  -1.4341460e-02
  -1.4370190e-02
  -1.4340960e-02
  -1.4245810e-02
  -1.4097460e-02
  -1.3914430e-02
  -1.3709700e-02
  -1.3485050e-02
  -1.3236140e-02
  -1.2956420e-02
  -1.2639520e-02
  -1.2280180e-02
  -1.1890680e-02
  -1.1493390e-02
  -1.1110200e-02
  -1.0763230e-02
  -1.0473090e-02
  -1.0266930e-02
  -1.0160980e-02
  -1.0149320e-02
  -1.0210870e-02
  -1.0314100e-02
  -1.0434080e-02
  -1.0556650e-02
  -1.0667410e-02
  -1.0748530e-02
  -1.0788240e-02
  -1.0779120e-02
  -1.0716270e-02
  -1.0599620e-02
  -1.0431460e-02
  -1.0216610e-02
  -9.9547140e-03
  -9.6455240e-03
  -9.2970120e-03
  -8.9212180e-03
  -8.5338540e-03
  -8.1468060e-03
  -7.7641220e-03
  -7.3775530e-03
  -6.9794040e-03
  -6.5754360e-03
  -6.1811570e-03
  -5.7992740e-03
  -5.4176360e-03
  -5.0197450e-03
  -4.5877450e-03
  -4.1056790e-03
  -3.5659960e-03
  -2.9677200e-03
  -2.3136360e-03
  -1.6167420e-03
  -9.0189710e-04
  -1.9619470e-04
   4.9135150e-04
   1.1686700e-03
   1.8528190e-03
   2.5497740e-03
   3.2367610e-03
   3.8872570e-03
   4.4868050e-03
   5.0346560e-03
   5.5358710e-03
   6.0000370e-03
   6.4334310e-03
   6.8358470e-03
   7.1956780e-03
   7.4911950e-03
   7.7082770e-03
   7.8486530e-03
   7.9208520e-03
   7.9292340e-03
   7.8770580e-03
   7.7670840e-03
   7.6103490e-03
   7.4278990e-03
   7.2361510e-03
   7.0366610e-03
   6.8114640e-03
   6.5441510e-03
   6.2363640e-03
   5.8990660e-03
   5.5441170e-03
   5.1688240e-03
   4.7601440e-03
   4.3032070e-03
   3.7900390e-03
   3.2327930e-03
   2.6461250e-03
   2.0355400e-03
   1.4009610e-03
   7.4233730e-04
   7.0364510e-05
  -6.0238940e-04
  -1.2705870e-03
  -1.9296550e-03
  -2.5764270e-03
  -3.2136260e-03
  -3.8433790e-03
  -4.4593110e-03
  -5.0483300e-03
  -5.6000550e-03
  -6.1151950e-03
  -6.6048050e-03
  -7.0708110e-03
  -7.5051930e-03
  -7.8986230e-03
  -8.2425060e-03
  -8.5342850e-03
  -8.7795830e-03
  -8.9840900e-03
  -9.1441700e-03
  -9.2532880e-03
  -9.3108210e-03
  -9.3144680e-03
  -9.2598770e-03
  -9.1502120e-03
  -8.9996350e-03
  -8.8339940e-03
  -8.6839680e-03
  -8.5592900e-03
  -8.4547620e-03
  -8.3621190e-03
  -8.2651410e-03
  -8.1392220e-03
  -7.9649310e-03
  -7.7368710e-03
  -7.4616320e-03
  -7.1580240e-03
  -6.8396280e-03
  -6.5091930e-03
  -6.1611040e-03
  -5.7914350e-03
  -5.4008940e-03
  -4.9899830e-03
  -4.5634470e-03
  -4.1349330e-03
  -3.7222010e-03
  -3.3426650e-03
  -2.9997210e-03
  -2.6744760e-03
  -2.3582890e-03
  -2.0528970e-03
  -1.7520350e-03
  -1.4404410e-03
  -1.1128860e-03
  -7.8857010e-04
  -4.8185710e-04
  -1.9218870e-04
   9.2850410e-05
   3.9159430e-04
   6.9908530e-04
   9.9617870e-04
   1.2564820e-03
   1.4481410e-03
   1.5544400e-03
   1.5767110e-03
   1.5322890e-03
   1.4497590e-03
   1.3615610e-03
   1.3033670e-03
   1.2909440e-03
   1.3166400e-03
   1.3686210e-03
   1.4388680e-03
   1.5226590e-03
   1.6129610e-03
   1.7021760e-03
   1.7821060e-03
   1.8437700e-03
   1.8864010e-03
   1.9162450e-03
   1.9406430e-03
   1.9639780e-03
   1.9782170e-03
   1.9733340e-03
   1.9417580e-03
   1.8721530e-03
   1.7551620e-03
   1.5951160e-03
   1.4177870e-03
   1.2506750e-03
   1.1029910e-03
   9.7785180e-04
   8.8174930e-04
   8.1770620e-04
   7.8854610e-04
   8.0815520e-04
   9.0536070e-04
   1.1053730e-03
   1.4054390e-03
   1.7757080e-03
   2.1826330e-03
   2.5982180e-03
   3.0029970e-03
   3.3905700e-03
   3.7609640e-03
   4.1165160e-03
   4.4457530e-03
   4.7259740e-03
   4.9514820e-03
   5.1311560e-03
   5.2632170e-03
   5.3487230e-03
   5.4069000e-03
   5.4627640e-03
   5.5292830e-03
   5.6111530e-03
   5.7131120e-03
   5.8417380e-03
   6.0062480e-03
   6.2138390e-03
   6.4602950e-03
   6.7274130e-03
   6.9884310e-03
   7.2212740e-03
   7.4092100e-03
   7.5398460e-03
   7.6104890e-03
   7.6273230e-03
   7.6093350e-03
   7.5733300e-03
   7.5178010e-03
   7.4387210e-03
   7.3358450e-03
   7.2145850e-03
   7.0839350e-03
   6.9526450e-03
   6.8308680e-03
   6.7292760e-03
   6.6653210e-03
   6.6553830e-03
   6.7013710e-03
   6.7889390e-03
   6.8949160e-03
   7.0068980e-03
   7.1286940e-03
   7.2676580e-03
   7.4268950e-03
   7.6020950e-03
   7.7793630e-03
   7.9329600e-03
   8.0364840e-03
   8.0776310e-03
   8.0607090e-03
   7.9964850e-03
   7.9007180e-03
   7.7802060e-03
   7.6345020e-03
   7.4642990e-03
   7.2751620e-03
   7.0810530e-03
   6.8878740e-03
   6.6891230e-03
   6.4739320e-03
   6.2329460e-03
   5.9672580e-03
   5.6856800e-03
   5.4000170e-03
   5.1291040e-03
   4.8973830e-03
   4.7231560e-03
   4.6092130e-03
   4.5421310e-03
   4.5032190e-03
   4.4720060e-03
   4.4337290e-03
   4.3780710e-03
   4.3002470e-03
   4.1989490e-03
   4.0674700e-03
   3.9004750e-03
   3.6949470e-03
   3.4492970e-03
   3.1711270e-03
   2.8692340e-03
   2.5399270e-03
   2.1756650e-03
   1.7810040e-03
   1.3753420e-03
   9.8933060e-04
   6.4731020e-04
   3.4779880e-04
   8.0529290e-05
  -1.6327030e-04
  -3.9488880e-04
  -6.2400270e-04
  -8.5948380e-04
  -1.1107830e-03
  -1.3759060e-03
  -1.6501320e-03
  -1.9323610e-03
  -2.2221290e-03
  -2.5180480e-03
  -2.8159110e-03
  -3.1147010e-03
  -3.4071320e-03
  -3.6788710e-03
  -3.9170950e-03
  -4.1152120e-03
  -4.2708430e-03
  -4.3875040e-03
  -4.4721260e-03
  -4.5224730e-03
  -4.5364250e-03
  -4.5342130e-03
  -4.5402510e-03
  -4.5676030e-03
  -4.6206820e-03
  -4.7025090e-03
  -4.8241140e-03
  -4.9988150e-03
  -5.2351060e-03
  -5.5267280e-03
  -5.8480280e-03
  -6.1525060e-03
  -6.3901830e-03
  -6.5358650e-03
  -6.5899970e-03
  -6.5600960e-03
  -6.4463610e-03
  -6.2495160e-03
  -5.9816130e-03
  -5.6714360e-03
  -5.3521530e-03
  -5.0500960e-03
  -4.7805340e-03
  -4.5484040e-03
  -4.3543730e-03
  -4.1972580e-03
  -4.0826330e-03
  -4.0218880e-03
  -4.0281220e-03
  -4.1082040e-03
  -4.2442240e-03
  -4.4050080e-03
  -4.5690660e-03
  -4.7155840e-03
  -4.8290000e-03
  -4.9082300e-03
  -4.9602050e-03
  -4.9935330e-03
  -5.0257300e-03
  -5.0632690e-03
  -5.0804600e-03
  -5.0363400e-03
  -4.8972900e-03
  -4.6448390e-03
  -4.2878900e-03
  -3.8578270e-03
  -3.3902020e-03
  -2.9207300e-03
  -2.4813520e-03
  -2.0897890e-03
  -1.7635760e-03
  -1.5122150e-03
  -1.3340940e-03
  -1.2249130e-03
  -1.1742610e-03
  -1.1600370e-03
  -1.1506890e-03
  -1.1264350e-03
  -1.0847630e-03
  -1.0240700e-03
  -9.3120140e-04
  -7.9712430e-04
  -6.3152840e-04
  -4.4484010e-04
  -2.4260460e-04
  -2.6784250e-05
   2.0687630e-04
   4.6753660e-04
   7.6431200e-04
   1.0983450e-03
   1.4604070e-03
   1.8403430e-03
   2.2313500e-03
   2.6229070e-03
   2.9907940e-03
   3.3203440e-03
   3.6093060e-03
   3.8535850e-03
   4.0607010e-03
   4.2467960e-03
   4.4206140e-03
   4.5838290e-03
   4.7382240e-03
   4.8930340e-03
   5.0585350e-03
   5.2355550e-03
   5.4193390e-03
   5.6007890e-03
   5.7639660e-03
   5.8937040e-03
   5.9773280e-03
   6.0088130e-03
   5.9931420e-03
   5.9482090e-03
   5.8911470e-03
   5.8237130e-03
   5.7462780e-03
   5.6530700e-03
   5.5235900e-03
   5.3435410e-03
   5.1242140e-03
   4.8920570e-03
   4.6567660e-03
   4.4137130e-03
   4.1651710e-03
   3.9242950e-03
   3.7075430e-03
   3.5218750e-03
   3.3647030e-03
   3.2306550e-03
   3.1144190e-03
   3.0194390e-03
   2.9512580e-03
   2.9174070e-03
   2.9278800e-03
   2.9924180e-03
   3.1248420e-03
   3.3323620e-03
   3.6007330e-03
   3.9044540e-03
   4.2162970e-03
   4.5147810e-03
   4.7772070e-03
   4.9772710e-03
   5.0927490e-03
   5.1074680e-03
   5.0250340e-03
   4.8615440e-03
   4.6298240e-03
   4.3337820e-03
   3.9631170e-03
   3.5036350e-03
   2.9506880e-03
   2.3154290e-03
   1.6265580e-03
   9.3026410e-04
   2.7750830e-04
  -3.1028810e-04
  -8.4128740e-04
  -1.3380860e-03
  -1.8229620e-03
  -2.3070980e-03
  -2.7975760e-03
  -3.2827180e-03
  -3.7434800e-03
  -4.1714030e-03
  -4.5650350e-03
  -4.9303300e-03
  -5.2823180e-03
  -5.6344850e-03
  -5.9874310e-03
  -6.3315820e-03
  -6.6505970e-03
  -6.9343710e-03
  -7.1882640e-03
  -7.4145890e-03
  -7.6009370e-03
  -7.7376820e-03
  -7.8264340e-03
  -7.8623930e-03
  -7.8312670e-03
  -7.7315280e-03
  -7.5894320e-03
  -7.4342640e-03
  -7.2768240e-03
  -7.1100680e-03
  -6.9252160e-03
  -6.7283380e-03
  -6.5268590e-03
  -6.3219660e-03
  -6.1040500e-03
  -5.8566180e-03
  -5.5745530e-03
  -5.2656780e-03
  -4.9434380e-03
  -4.6145280e-03
  -4.2696960e-03
  -3.8985080e-03
  -3.5094430e-03
  -3.1170270e-03
  -2.7276730e-03
  -2.3410430e-03
  -1.9488710e-03
  -1.5337310e-03
  -1.0736870e-03
  -5.6792980e-04
  -4.4443770e-05
   4.6149920e-04
   9.1601530e-04
   1.2934540e-03
   1.5918770e-03
   1.8253730e-03
   2.0058730e-03
   2.1497360e-03
   2.2826930e-03
   2.4369350e-03
   2.6385140e-03
   2.8915320e-03
   3.1818770e-03
   3.4967720e-03
   3.8297640e-03
   4.1747750e-03
   4.5275370e-03
   4.8905530e-03
   5.2737550e-03
   5.6842130e-03
   6.1232480e-03
   6.5979470e-03
   7.1206780e-03
   7.6952300e-03
   8.3139860e-03
   8.9613590e-03
   9.6201770e-03
   1.0271170e-02
   1.0887820e-02
   1.1447650e-02
   1.1946110e-02
   1.2398950e-02
   1.2829240e-02
   1.3251750e-02
   1.3662970e-02
   1.4057270e-02
   1.4429930e-02
   1.4779730e-02
   1.5107740e-02
   1.5410070e-02
   1.5687850e-02
   1.5946850e-02
   1.6190030e-02
   1.6416600e-02
   1.6622080e-02
   1.6803620e-02
   1.6963790e-02
   1.7100050e-02
   1.7207890e-02
   1.7284130e-02
   1.7333590e-02
   1.7368140e-02
   1.7379990e-02
   1.7361390e-02
   1.7319440e-02
   1.7266310e-02
   1.7214170e-02
   1.7162180e-02
   1.7091060e-02
   1.6978870e-02
   1.6810040e-02
   1.6578820e-02
   1.6286630e-02
   1.5939570e-02
   1.5547330e-02
   1.5118270e-02
   1.4663110e-02
   1.4192140e-02
   1.3707100e-02
   1.3206570e-02
   1.2686100e-02
   1.2146560e-02
   1.1588970e-02
   1.1017470e-02
   1.0458130e-02
   9.9337380e-03
   9.4575000e-03
   9.0391730e-03
   8.6782290e-03
   8.3692460e-03
   8.1094360e-03
   7.8952020e-03
   7.7257070e-03
   7.6017070e-03
   7.5234000e-03
   7.4958770e-03
   7.5250440e-03
   7.6053590e-03
   7.7099710e-03
   7.8157520e-03
   7.9170630e-03
   8.0201600e-03
   8.1336880e-03
   8.2585420e-03
   8.3899870e-03
   8.5250330e-03
   8.6633350e-03
   8.8084940e-03
   8.9676340e-03
   9.1465570e-03
   9.3512130e-03
   9.5895440e-03
   9.8570670e-03
   1.0124980e-02
   1.0358950e-02
   1.0534230e-02
   1.0639050e-02
   1.0669000e-02
   1.0624890e-02
   1.0520090e-02
   1.0390940e-02
   1.0273980e-02
   1.0177940e-02
   1.0093640e-02
   1.0008550e-02
   9.9133100e-03
   9.8054300e-03
   9.6885150e-03
   9.5727080e-03
   9.4731010e-03
   9.3992870e-03
   9.3431450e-03
   9.2897470e-03
   9.2270740e-03
   9.1483410e-03
   9.0492070e-03
   8.9222750e-03
   8.7661450e-03
   8.5817820e-03
   8.3802950e-03
   8.1769150e-03
   7.9750930e-03
   7.7723250e-03
   7.5711410e-03
   7.3801190e-03
   7.2103930e-03
   7.0673580e-03
   6.9419320e-03
   6.8177040e-03
   6.6739970e-03
   6.4942470e-03
   6.2749530e-03
   6.0236620e-03
   5.7466110e-03
   5.4503790e-03
   5.1455890e-03
   4.8501590e-03
   4.5808780e-03
   4.3391860e-03
   4.1220240e-03
   3.9308940e-03
   3.7679010e-03
   3.6312160e-03
   3.5116180e-03
   3.3960070e-03
   3.2746100e-03
   3.1426180e-03
   2.9966360e-03
   2.8259570e-03
   2.6210750e-03
   2.3736560e-03
   2.0765160e-03
   1.7437430e-03
   1.4085610e-03
   1.1062380e-03
   8.5478610e-04
   6.3787490e-04
   4.2057780e-04
   1.7602590e-04
  -9.7680680e-05
  -3.8181810e-04
  -6.5352970e-04
  -8.9622840e-04
  -1.0968620e-03
  -1.2407650e-03
  -1.3222780e-03
  -1.3572900e-03
  -1.3646100e-03
  -1.3547720e-03
  -1.3272090e-03
  -1.2811410e-03
  -1.2208720e-03
  -1.1502640e-03
  -1.0804800e-03
  -1.0290390e-03
  -1.0029870e-03
  -9.8946000e-04
  -9.7289250e-04
  -9.5497510e-04
  -9.4893090e-04
  -9.6687980e-04
  -1.0204960e-03
  -1.1220230e-03
  -1.2694170e-03
  -1.4457890e-03
  -1.6265910e-03
  -1.7887900e-03
  -1.9139830e-03
  -1.9940550e-03
  -2.0393190e-03
  -2.0734220e-03
  -2.1196260e-03
  -2.1922070e-03
  -2.2850680e-03
  -2.3756800e-03
  -2.4426910e-03
  -2.4756170e-03
  -2.4729660e-03
  -2.4372970e-03
  -2.3777880e-03
  -2.3024130e-03
  -2.2189220e-03
  -2.1457030e-03
  -2.0997700e-03
  -2.0825090e-03
  -2.0947770e-03
  -2.1532790e-03
  -2.2704990e-03
  -2.4394410e-03
  -2.6372640e-03
  -2.8323030e-03
  -2.9844010e-03
  -3.0613010e-03
  -3.0585670e-03
  -2.9879690e-03
  -2.8759900e-03
  -2.7555540e-03
  -2.6514920e-03
  -2.5707690e-03
  -2.5027560e-03
  -2.4200450e-03
  -2.2943740e-03
  -2.1178540e-03
  -1.8947600e-03
  -1.6456790e-03
  -1.4027570e-03
  -1.1888240e-03
  -1.0036130e-03
  -8.3029080e-04
  -6.5446500e-04
  -4.7340550e-04
  -3.0075210e-04
  -1.5810730e-04
  -5.7482190e-05
  -3.7439190e-06
   6.2078810e-07
  -4.4454250e-05
  -1.4712660e-04
  -3.0921310e-04
  -5.1584910e-04
  -7.4254970e-04
  -9.6172390e-04
  -1.1584470e-03
  -1.3345890e-03
  -1.4923590e-03
  -1.6321820e-03
  -1.7478240e-03
  -1.8347670e-03
  -1.9058260e-03
  -1.9809450e-03
  -2.0703600e-03
  -2.1787940e-03
  -2.3168360e-03
  -2.4964530e-03
  -2.7217730e-03
  -2.9838950e-03
  -3.2583350e-03
  -3.5279060e-03
  -3.7824170e-03
  -4.0049350e-03
  -4.1674390e-03
  -4.2587460e-03
  -4.3048000e-03
  -4.3398380e-03
  -4.3831670e-03
  -4.4377200e-03
  -4.4959630e-03
  -4.5482970e-03
  -4.5831090e-03
  -4.5894250e-03
  -4.5626000e-03
  -4.5046080e-03
  -4.4187150e-03
  -4.3053620e-03
  -4.1637740e-03
  -4.0031550e-03
  -3.8359780e-03
  -3.6636070e-03
  -3.4796320e-03
  -3.2648630e-03
  -3.0043960e-03
  -2.7111590e-03
  -2.4161320e-03
  -2.1466380e-03
  -1.9159290e-03
  -1.7279790e-03
  -1.5850480e-03
  -1.4869150e-03
  -1.4319830e-03
  -1.4198850e-03
  -1.4529330e-03
  -1.5276820e-03
  -1.6404230e-03
  -1.7936740e-03
  -1.9881380e-03
  -2.2219420e-03
  -2.4921750e-03
  -2.7898090e-03
  -3.1039960e-03
  -3.4361460e-03
  -3.7855650e-03
  -4.1393820e-03
  -4.4938160e-03
  -4.8576790e-03
  -5.2403710e-03
  -5.6549640e-03
  -6.1084600e-03
  -6.5959830e-03
  -7.0972220e-03
  -7.5806590e-03
  -8.0138760e-03
  -8.3747540e-03
  -8.6677080e-03
  -8.9080570e-03
  -9.1142510e-03
  -9.3091460e-03
  -9.5106420e-03
  -9.7221820e-03
  -9.9271470e-03
  -1.0099510e-02
  -1.0208740e-02
  -1.0238280e-02
  -1.0211230e-02
  -1.0159100e-02
  -1.0097330e-02
  -1.0038860e-02
  -9.9960960e-03
  -9.9713240e-03
  -9.9571000e-03
  -9.9368540e-03
  -9.8908060e-03
  -9.8081980e-03
  -9.6923490e-03
  -9.5590890e-03
  -9.4299350e-03
  -9.3260600e-03
  -9.2697410e-03
  -9.2768440e-03
  -9.3522850e-03
  -9.4933510e-03
  -9.6904850e-03
  -9.9372240e-03
  -1.0225520e-02
  -1.0538910e-02
  -1.0853430e-02
  -1.1153150e-02
  -1.1435900e-02
  -1.1708750e-02
  -1.1989640e-02
  -1.2288500e-02
  -1.2596030e-02
  -1.2890810e-02
  -1.3159310e-02
  -1.3400860e-02
  -1.3625420e-02
  -1.3848360e-02
  -1.4083730e-02
  -1.4340220e-02
  -1.4618560e-02
  -1.4910620e-02
  -1.5206310e-02
  -1.5500900e-02
  -1.5792150e-02
  -1.6068850e-02
  -1.6310340e-02
  -1.6500540e-02
  -1.6633770e-02
  -1.6718880e-02
  -1.6768670e-02
  -1.6789000e-02
  -1.6783560e-02
  -1.6759210e-02
  -1.6720060e-02
  -1.6672130e-02
  -1.6627760e-02
  -1.6601510e-02
  -1.6600430e-02
  -1.6612290e-02
  -1.6623970e-02
  -1.6625890e-02
  -1.6607500e-02
  -1.6572590e-02
  -1.6535520e-02
  -1.6511010e-02
  -1.6514480e-02
  -1.6551000e-02
  -1.6619530e-02
  -1.6714510e-02
  -1.6819000e-02
  -1.6908280e-02
  -1.6966280e-02
  -1.6992680e-02
  -1.6986290e-02
  -1.6943770e-02
  -1.6865000e-02
  -1.6753300e-02
  -1.6611570e-02
  -1.6430440e-02
  -1.6191610e-02
  -1.5872460e-02
  -1.5449620e-02
  -1.4924740e-02
  -1.4336960e-02
  -1.3732670e-02
  -1.3145760e-02
  -1.2596570e-02
  -1.2093870e-02
  -1.1632130e-02
  -1.1200960e-02
  -1.0795470e-02
  -1.0412450e-02
  -1.0051060e-02
  -9.7166320e-03
  -9.4137310e-03
  -9.1416580e-03
  -8.8958550e-03
  -8.6792460e-03
  -8.4978520e-03
  -8.3513340e-03
  -8.2264490e-03
  -8.1016130e-03
  -7.9593620e-03
  -7.7965120e-03
  -7.6094220e-03
  -7.3896440e-03
  -7.1303550e-03
  -6.8370890e-03
  -6.5308080e-03
  -6.2329710e-03
  -5.9609850e-03
  -5.7264020e-03
  -5.5328260e-03
  -5.3776330e-03
  -5.2580740e-03
  -5.1701960e-03
  -5.1055340e-03
  -5.0552250e-03
  -5.0075760e-03
  -4.9444700e-03
  -4.8376690e-03
  -4.6597020e-03
  -4.4099090e-03
  -4.1002870e-03
  -3.7411970e-03
  -3.3407020e-03
  -2.8985150e-03
  -2.4152910e-03
  -1.8935170e-03
  -1.3367720e-03
  -7.5922130e-04
  -1.8308910e-04
   3.8232610e-04
   9.4740210e-04
   1.5228270e-03
   2.1008630e-03
   2.6711670e-03
   3.2234760e-03
   3.7376440e-03
   4.1980180e-03
   4.6026630e-03
   4.9659850e-03
   5.3091860e-03
   5.6407530e-03
   5.9656800e-03
   6.2974370e-03
   6.6400130e-03
   6.9713980e-03
   7.2706360e-03
   7.5281940e-03
   7.7427940e-03
   7.9225930e-03
   8.0782800e-03
   8.2162220e-03
   8.3470100e-03
   8.4828100e-03
   8.6298580e-03
   8.7905830e-03
   8.9614030e-03
   9.1339780e-03
   9.3052690e-03
   9.4846580e-03
   9.6791490e-03
   9.8746670e-03
   1.0051190e-02
   1.0194730e-02
   1.0296320e-02
   1.0353720e-02
   1.0377440e-02
   1.0390210e-02
   1.0417120e-02
   1.0474010e-02
   1.0562510e-02
   1.0667670e-02
   1.0776940e-02
   1.0892780e-02
   1.1026950e-02
   1.1183240e-02
   1.1361670e-02
   1.1568450e-02
   1.1815340e-02
   1.2117000e-02
   1.2485140e-02
   1.2904870e-02
   1.3345030e-02
   1.3787370e-02
   1.4227530e-02
   1.4661400e-02
   1.5079320e-02
   1.5475540e-02
   1.5843630e-02
   1.6179540e-02
   1.6484920e-02
   1.6755480e-02
   1.6983200e-02
   1.7163440e-02
   1.7293050e-02
   1.7375660e-02
   1.7423070e-02
   1.7447310e-02
   1.7458860e-02
   1.7456130e-02
   1.7428280e-02
   1.7361560e-02
   1.7247850e-02
   1.7092790e-02
   1.6907500e-02
   1.6709390e-02
   1.6504620e-02
   1.6281850e-02
   1.6023580e-02
   1.5706870e-02
   1.5315560e-02
   1.4855740e-02
   1.4356530e-02
   1.3848330e-02
   1.3343730e-02
   1.2839610e-02
   1.2329980e-02
   1.1808900e-02
   1.1276490e-02
   1.0742180e-02
   1.0214020e-02
   9.6975310e-03
   9.2091910e-03
   8.7767200e-03
   8.4273540e-03
   8.1709200e-03
   7.9948650e-03
   7.8733040e-03
   7.7832020e-03
   7.7155860e-03
   7.6639640e-03
   7.6234430e-03
   7.5889410e-03
   7.5468820e-03
   7.4843300e-03
   7.3992640e-03
   7.2930710e-03
   7.1657540e-03
   7.0136500e-03
   6.8365930e-03
   6.6366750e-03
   6.4092160e-03
   6.1543380e-03
   5.8897850e-03
   5.6421390e-03
   5.4255230e-03
   5.2330190e-03
   5.0504690e-03
   4.8584730e-03
   4.6389150e-03
   4.3805040e-03
   4.0765450e-03
   3.7314510e-03
   3.3599650e-03
   2.9751640e-03
   2.5806830e-03
   2.1786750e-03
   1.7755740e-03
   1.3813710e-03
   1.0107800e-03
   6.7789440e-04
   3.7710490e-04
   7.8550780e-05
  -2.4771160e-04
  -6.1877800e-04
  -1.0339530e-03
  -1.4723050e-03
  -1.9137920e-03
  -2.3510350e-03
  -2.7855470e-03
  -3.2220050e-03
  -3.6555160e-03
  -4.0711130e-03
  -4.4468470e-03
  -4.7647540e-03
  -5.0185380e-03
  -5.2092120e-03
  -5.3453400e-03
  -5.4357470e-03
  -5.4855670e-03
  -5.5088460e-03
  -5.5226370e-03
  -5.5365270e-03
  -5.5478240e-03
  -5.5455880e-03
  -5.5307470e-03
  -5.5119170e-03
  -5.4932500e-03
  -5.4715450e-03
  -5.4327790e-03
  -5.3646390e-03
  -5.2655050e-03
  -5.1440600e-03
  -5.0064030e-03
  -4.8572130e-03
  -4.7020420e-03
  -4.5418870e-03
  -4.3711520e-03
  -4.1854930e-03
  -3.9912050e-03
  -3.8033360e-03
  -3.6347720e-03
  -3.4850720e-03
  -3.3373070e-03
  -3.1663930e-03
  -2.9632690e-03
  -2.7292910e-03
  -2.4657940e-03
  -2.1844150e-03
  -1.9070440e-03
  -1.6527040e-03
  -1.4295230e-03
  -1.2287410e-03
  -1.0372820e-03
  -8.5132420e-04
  -6.7458630e-04
  -5.1948210e-04
  -4.0397900e-04
  -3.4055070e-04
  -3.2160290e-04
  -3.3078450e-04
  -3.5464820e-04
  -3.8362720e-04
  -4.0553360e-04
  -4.0191150e-04
  -3.7986560e-04
  -3.6849630e-04
  -3.8382910e-04
  -4.3302270e-04
  -5.1153400e-04
  -5.9240480e-04
  -6.3649620e-04
  -6.1831000e-04
  -5.5059970e-04
  -4.6956530e-04
  -4.0210070e-04
  -3.5671590e-04
  -3.2169400e-04
  -2.7116820e-04
  -1.7561210e-04
  -1.9189130e-05
   1.8988390e-04
   4.3541270e-04
   7.0045360e-04
   9.6760050e-04
   1.2211420e-03
   1.4528660e-03
   1.6702330e-03
   1.8927890e-03
   2.1309410e-03
   2.3786560e-03
   2.6340030e-03
   2.9070970e-03
   3.2025150e-03
   3.5158730e-03
   3.8442710e-03
   4.1806860e-03
   4.5132680e-03
   4.8401880e-03
   5.1868220e-03
   5.5883380e-03
   6.0497300e-03
   6.5420800e-03
   7.0284300e-03
   7.4780600e-03
   7.8715960e-03
   8.2082440e-03
   8.4984640e-03
   8.7565230e-03
   8.9952980e-03
   9.2229740e-03
   9.4400730e-03
   9.6389220e-03
   9.8094590e-03
   9.9414850e-03
   1.0029180e-02
   1.0072200e-02
   1.0073220e-02
   1.0032280e-02
   9.9715170e-03
   9.9208450e-03
   9.8737290e-03
   9.8036620e-03
   9.7003420e-03
   9.5718540e-03
   9.4295940e-03
   9.2860830e-03
   9.1541100e-03
   9.0372500e-03
   8.9230090e-03
   8.7908290e-03
   8.6217240e-03
   8.4057780e-03
   8.1484730e-03
   7.8636340e-03
   7.5735970e-03
   7.3031910e-03
   7.0570780e-03
   6.8174470e-03
   6.5712020e-03
   6.3125350e-03
   6.0310880e-03
   5.7197580e-03
   5.3856100e-03
   5.0443440e-03
   4.7240370e-03
   4.4586500e-03
   4.2763510e-03
   4.1933060e-03
   4.1992800e-03
   4.2712810e-03
   4.3971930e-03
   4.5790190e-03
   4.8263390e-03
   5.1564190e-03
   5.5711670e-03
   6.0428420e-03
   6.5362450e-03
   7.0244920e-03
   7.4916330e-03
   7.9372160e-03
   8.3655020e-03
   8.7877290e-03
   9.2126680e-03
   9.6187090e-03
   9.9684760e-03
   1.0229480e-02
   1.0393370e-02
   1.0492290e-02
   1.0578530e-02
   1.0695610e-02
   1.0867120e-02
   1.1083300e-02
   1.1313960e-02
   1.1531590e-02
   1.1720130e-02
   1.1876140e-02
   1.2002940e-02
   1.2110090e-02
   1.2212560e-02
   1.2317240e-02
   1.2409250e-02
   1.2472980e-02
   1.2506470e-02
   1.2507410e-02
   1.2468650e-02
   1.2389860e-02
   1.2282760e-02
   1.2157300e-02
   1.2008310e-02
   1.1818340e-02
   1.1568490e-02
   1.1249790e-02
   1.0867480e-02
   1.0429340e-02
   9.9479970e-03
   9.4419220e-03
   8.9273350e-03
   8.4174620e-03
   7.9308590e-03
   7.4829640e-03
   7.0741180e-03
   6.6895150e-03
   6.3282090e-03
   5.9968570e-03
   5.6849180e-03
   5.3786460e-03
   5.0696640e-03
   4.7560310e-03
   4.4539220e-03
   4.1882190e-03
   3.9749980e-03
   3.8141490e-03
   3.6934700e-03
   3.5965620e-03
   3.5079240e-03
   3.4164010e-03
   3.3121270e-03
   3.1882440e-03
   3.0480030e-03
   2.8951450e-03
   2.7200460e-03
   2.5095750e-03
   2.2608550e-03
   1.9788240e-03
   1.6666590e-03
   1.3246090e-03
   9.5692410e-04
   5.7468830e-04
   1.9693580e-04
  -1.5860490e-04
  -4.8688160e-04
  -7.8661290e-04
  -1.0533280e-03
  -1.2854360e-03
  -1.4928590e-03
  -1.6947880e-03
  -1.9040500e-03
  -2.1265310e-03
  -2.3648100e-03
  -2.6213910e-03
  -2.9006600e-03
  -3.1998450e-03
  -3.5061530e-03
  -3.7914510e-03
  -4.0237850e-03
  -4.1852300e-03
  -4.2795810e-03
  -4.3417330e-03
  -4.4131540e-03
  -4.5226420e-03
  -4.6812460e-03
  -4.8724150e-03
  -5.0677750e-03
  -5.2499620e-03
  -5.4170940e-03
  -5.5862120e-03
  -5.7796240e-03
  -6.0081290e-03
  -6.2632800e-03
  -6.5210640e-03
  -6.7663040e-03
  -6.9939760e-03
  -7.1911200e-03
  -7.3501070e-03
  -7.4793740e-03
  -7.5865460e-03
  -7.6723270e-03
  -7.7367180e-03
  -7.7783870e-03
  -7.7922400e-03
  -7.7800570e-03
  -7.7522340e-03
  -7.7210460e-03
  -7.7000050e-03
  -7.6989440e-03
  -7.7169320e-03
  -7.7475530e-03
  -7.7862150e-03
  -7.8214990e-03
  -7.8463050e-03
  -7.8661560e-03
  -7.8827200e-03
  -7.8934730e-03
  -7.8991590e-03
  -7.9025860e-03
  -7.9061920e-03
  -7.9039290e-03
  -7.8850620e-03
  -7.8504830e-03
  -7.8154790e-03
  -7.7937740e-03
  -7.7866750e-03
  -7.7876960e-03
  -7.7953330e-03
  -7.8044920e-03
  -7.8046890e-03
  -7.7891880e-03
  -7.7492700e-03
  -7.6764180e-03
  -7.5769290e-03
  -7.4736120e-03
  -7.3836660e-03
  -7.3128360e-03
  -7.2603670e-03
  -7.2237690e-03
  -7.1979320e-03
  -7.1755750e-03
  -7.1498920e-03
  -7.1159490e-03
  -7.0672930e-03
  -7.0032160e-03
  -6.9244820e-03
  -6.8361800e-03
  -6.7585590e-03
  -6.7075500e-03
  -6.6786390e-03
  -6.6514970e-03
  -6.6069930e-03
  -6.5283500e-03
  -6.4014540e-03
  -6.2270940e-03
  -6.0073530e-03
  -5.7413940e-03
  -5.4393170e-03
  -5.1296670e-03
  -4.8482910e-03
  -4.6204500e-03
  -4.4471280e-03
  -4.3095730e-03
  -4.1830740e-03
  -4.0495120e-03
  -3.9052190e-03
  -3.7572820e-03
  -3.6260490e-03
  -3.5243940e-03
  -3.4499120e-03
  -3.3999230e-03
  -3.3820180e-03
  -3.4041210e-03
  -3.4684590e-03
  -3.5796510e-03
  -3.7411550e-03
  -3.9518780e-03
  -4.2075330e-03
  -4.4980910e-03
  -4.8072360e-03
  -5.1173510e-03
  -5.4044090e-03
  -5.6435100e-03
  -5.8198630e-03
  -5.9275950e-03
  -5.9611450e-03
  -5.9185400e-03
  -5.8206350e-03
  -5.7013970e-03
  -5.5849250e-03
  -5.4764950e-03
  -5.3703300e-03
  -5.2536500e-03
  -5.1181090e-03
  -4.9656070e-03
  -4.8027290e-03
  -4.6337360e-03
  -4.4569480e-03
  -4.2669140e-03
  -4.0552430e-03
  -3.8167110e-03
  -3.5479740e-03
  -3.2526460e-03
  -2.9501130e-03
  -2.6634240e-03
  -2.4051920e-03
  -2.1791770e-03
  -1.9808880e-03
  -1.7889560e-03
  -1.5846290e-03
  -1.3710430e-03
  -1.1578620e-03
  -9.5017240e-04
  -7.6088250e-04
  -6.1222640e-04
  -5.1949000e-04
  -4.7623460e-04
  -4.6300140e-04
  -4.6756640e-04
  -4.9132520e-04
  -5.3744710e-04
  -6.0386400e-04
  -6.7911370e-04
  -7.4248220e-04
  -7.7630250e-04
  -7.7519580e-04
  -7.4956410e-04
  -7.2072050e-04
  -7.0536030e-04
  -7.0629680e-04
  -7.1873760e-04
  -7.3246590e-04
  -7.2921090e-04
  -7.0238230e-04
  -6.6048910e-04
  -6.1042970e-04
  -5.5728200e-04
  -5.0813330e-04
  -4.7828960e-04
  -4.8596070e-04
  -5.3395750e-04
  -6.0917440e-04
  -6.9739060e-04
  -8.0118950e-04
  -9.2781420e-04
  -1.0817050e-03
  -1.2655260e-03
  -1.4723170e-03
  -1.6853940e-03
  -1.8909220e-03
  -2.0892770e-03
  -2.2947330e-03
  -2.5130800e-03
  -2.7307840e-03
  -2.9326060e-03
  -3.1117530e-03
  -3.2570930e-03
  -3.3528170e-03
  -3.4019150e-03
  -3.4317330e-03
  -3.4808790e-03
  -3.5791160e-03
  -3.7359470e-03
  -3.9395940e-03
  -4.1619230e-03
  -4.3724090e-03
  -4.5619050e-03
  -4.7390610e-03
  -4.9191500e-03
  -5.1201580e-03
  -5.3547130e-03
  -5.6234250e-03
  -5.9092370e-03
  -6.1975140e-03
  -6.4928030e-03
  -6.8035330e-03
  -7.1254380e-03
  -7.4352250e-03
  -7.6965740e-03
  -7.8803620e-03
  -7.9820380e-03
  -8.0143590e-03
  -7.9911150e-03
  -7.9222350e-03
  -7.8076590e-03
  -7.6348510e-03
  -7.3965790e-03
  -7.1100740e-03
  -6.8103260e-03
  -6.5327180e-03
  -6.2989600e-03
  -6.1158790e-03
  -5.9756400e-03
  -5.8645410e-03
  -5.7763100e-03
  -5.7120440e-03
  -5.6681810e-03
  -5.6396090e-03
  -5.6308430e-03
  -5.6514350e-03
  -5.7018590e-03
  -5.7679160e-03
  -5.8262730e-03
  -5.8547810e-03
  -5.8447410e-03
  -5.7861980e-03
  -5.6704300e-03
  -5.5022320e-03
  -5.2881980e-03
  -5.0272130e-03
  -4.7168030e-03
  -4.3531950e-03
  -3.9367150e-03
  -3.4852570e-03
  -3.0240920e-03
  -2.5784130e-03
  -2.1650170e-03
  -1.7875330e-03
  -1.4488580e-03
  -1.1580780e-03
  -9.2619010e-04
  -7.4642750e-04
  -5.9671120e-04
  -4.4492240e-04
  -2.6257100e-04
  -4.2392300e-05
   2.1663750e-04
   5.1081620e-04
   8.2480920e-04
   1.1329790e-03
   1.4067320e-03
   1.6396040e-03
   1.8550250e-03
   2.0821930e-03
   2.3290360e-03
   2.5807000e-03
   2.8168180e-03
   3.0190050e-03
   3.1726730e-03
   3.2707140e-03
   3.3140820e-03
   3.3112900e-03
   3.2728750e-03
   3.2050820e-03
   3.1088920e-03
   2.9817990e-03
   2.8265300e-03
   2.6418610e-03
   2.4237940e-03
   2.1753430e-03
   1.9037240e-03
   1.6100940e-03
   1.3118500e-03
   1.0425200e-03
   8.1689470e-04
   6.3457150e-04
   4.9894500e-04
   3.9774920e-04
   2.8817370e-04
   1.3171880e-04
  -8.4899440e-05
  -3.4444400e-04
  -6.1046120e-04
  -8.4328140e-04
  -1.0123890e-03
  -1.1130630e-03
  -1.1642900e-03
  -1.1948540e-03
  -1.2297890e-03
  -1.2779000e-03
  -1.3307960e-03
  -1.3686180e-03
  -1.3604200e-03
  -1.2921170e-03
  -1.1883450e-03
  -1.0936600e-03
  -1.0466250e-03
  -1.0712210e-03
  -1.1717840e-03
  -1.3291540e-03
  -1.5227360e-03
  -1.7461580e-03
  -1.9950090e-03
  -2.2605210e-03
  -2.5345000e-03
  -2.8147020e-03
  -3.0994650e-03
  -3.3856430e-03
  -3.6776880e-03
  -3.9862620e-03
  -4.3256830e-03
  -4.7039230e-03
  -5.1074980e-03
  -5.5070300e-03
  -5.8815660e-03
  -6.2398640e-03
  -6.5961120e-03
  -6.9576010e-03
  -7.3351060e-03
  -7.7272470e-03
  -8.1141420e-03
  -8.4708930e-03
  -8.7742920e-03
  -9.0069740e-03
  -9.1689900e-03
  -9.2736390e-03
  -9.3411420e-03
  -9.3859130e-03
  -9.4004190e-03
  -9.3748260e-03
  -9.3135630e-03
  -9.2180820e-03
  -9.0819790e-03
  -8.9113500e-03
  -8.7268750e-03
  -8.5531520e-03
  -8.4129620e-03
  -8.3153540e-03
  -8.2521720e-03
  -8.1952610e-03
  -8.1085940e-03
  -7.9585340e-03
  -7.7279950e-03
  -7.4256920e-03
  -7.0750810e-03
  -6.7036450e-03
  -6.3329960e-03
  -5.9715880e-03
  -5.6203720e-03
  -5.2799120e-03
  -4.9441750e-03
  -4.6005770e-03
  -4.2368680e-03
  -3.8460630e-03
  -3.4341440e-03
  -3.0180670e-03
  -2.6107440e-03
  -2.2234930e-03
  -1.8686440e-03
  -1.5513550e-03
  -1.2638370e-03
  -9.9000860e-04
  -7.1695420e-04
  -4.4512720e-04
  -1.8934190e-04
   2.9809740e-05
   2.0627430e-04
   3.4796150e-04
   4.6038970e-04
   5.4641560e-04
   6.1451670e-04
   6.7933160e-04
   7.5090510e-04
   8.2448280e-04
   8.8388890e-04
   9.2020710e-04
   9.3356620e-04
   9.2307640e-04
   8.8950980e-04
   8.4178790e-04
   7.8960110e-04
   7.3405110e-04
   6.8092730e-04
   6.4166570e-04
   6.1969290e-04
   6.1817670e-04
   6.5031160e-04
   7.3736760e-04
   8.8732350e-04
   1.0806500e-03
   1.2886880e-03
   1.4939340e-03
   1.6906890e-03
   1.8801310e-03
   2.0652580e-03
   2.2536060e-03
   2.4596050e-03
   2.6824430e-03
   2.8988880e-03
   3.0722580e-03
   3.1746560e-03
   3.2040440e-03
   3.1710930e-03
   3.0907130e-03
   2.9793840e-03
   2.8500930e-03
   2.7204230e-03
   2.6115970e-03
   2.5336580e-03
   2.4841990e-03
   2.4520490e-03
   2.4321280e-03
   2.4383460e-03
   2.4847660e-03
   2.5596280e-03
   2.6456690e-03
   2.7455430e-03
   2.8670810e-03
   3.0025240e-03
   3.1337230e-03
   3.2558650e-03
   3.3844330e-03
   3.5279090e-03
   3.6808590e-03
   3.8302980e-03
   3.9732280e-03
   4.1191840e-03
   4.2782500e-03
   4.4557160e-03
   4.6578460e-03
   4.8880310e-03
   5.1418850e-03
   5.4117810e-03
   5.6832210e-03
   5.9422070e-03
   6.1792250e-03
   6.3918720e-03
   6.5868080e-03
   6.7786350e-03
   6.9821650e-03
   7.2050890e-03
   7.4542140e-03
   7.7298660e-03
   8.0142740e-03
   8.2824140e-03
   8.5152530e-03
   8.7028170e-03
   8.8445680e-03
   8.9466380e-03
   9.0136980e-03
   9.0438020e-03
   9.0405270e-03
   9.0124300e-03
   8.9615280e-03
   8.8836440e-03
   8.7765400e-03
   8.6395780e-03
   8.4725790e-03
   8.2768860e-03
   8.0602210e-03
   7.8326770e-03
   7.6035660e-03
   7.3814070e-03
   7.1748910e-03
   7.0006430e-03
   6.8754220e-03
   6.8032090e-03
   6.7784170e-03
   6.7935990e-03
   6.8412800e-03
   6.9188900e-03
   7.0238490e-03
   7.1603020e-03
   7.3282410e-03
   7.5075130e-03
   7.6643700e-03
   7.7687530e-03
   7.7972940e-03
   7.7425620e-03
   7.6235820e-03
   7.4781890e-03
   7.3462790e-03
   7.2515450e-03
   7.1939530e-03
   7.1637020e-03
   7.1516650e-03
   7.1468130e-03
   7.1382320e-03
   7.1214850e-03
   7.0969280e-03
   7.0610250e-03
   7.0241110e-03
   7.0123990e-03
   7.0410450e-03
   7.0944530e-03
   7.1475180e-03
   7.1877880e-03
   7.2130060e-03
   7.2265220e-03
   7.2376410e-03
   7.2595820e-03
   7.3013770e-03
   7.3687730e-03
   7.4597370e-03
   7.5651100e-03
   7.6865730e-03
   7.8240540e-03
   7.9686680e-03
   8.1086440e-03
   8.2328310e-03
   8.3364960e-03
   8.4214070e-03
   8.4989640e-03
   8.5770080e-03
   8.6501890e-03
   8.7186710e-03
   8.7869910e-03
   8.8532580e-03
   8.9115920e-03
   8.9529980e-03
   8.9699880e-03
   8.9584350e-03
   8.9118760e-03
   8.8304330e-03
   8.7256140e-03
   8.6097330e-03
   8.4856100e-03
   8.3457590e-03
   8.1873570e-03
   8.0148720e-03
   7.8348740e-03
   7.6608820e-03
   7.5141270e-03
   7.4053970e-03
   7.3266730e-03
   7.2704410e-03
   7.2379200e-03
   7.2268920e-03
   7.2345220e-03
   7.2650190e-03
   7.3187750e-03
   7.3873850e-03
   7.4599220e-03
   7.5292690e-03
   7.5841400e-03
   7.6039190e-03
   7.5614810e-03
   7.4361050e-03
   7.2351240e-03
   6.9775000e-03
   6.6812650e-03
   6.3781710e-03
   6.1039610e-03
   5.8745170e-03
   5.6680570e-03
   5.4549180e-03
   5.2203570e-03
   4.9622470e-03
   4.6885690e-03
   4.4073160e-03
   4.1211420e-03
   3.8331820e-03
   3.5570580e-03
   3.3124230e-03
   3.0982430e-03
   2.8922580e-03
   2.6713680e-03
   2.4217620e-03
   2.1432870e-03
   1.8414440e-03
   1.5188620e-03
   1.1836180e-03
   8.5433080e-04
   5.4876360e-04
   2.7299440e-04
   2.3175990e-05
  -1.9979530e-04
  -3.8768590e-04
  -5.3121570e-04
  -6.1816930e-04
  -6.3399510e-04
  -5.7933940e-04
  -4.7755550e-04
  -3.5945250e-04
  -2.4852060e-04
  -1.5660800e-04
  -8.2025360e-05
  -1.2493070e-05
   7.2212090e-05
   1.8710700e-04
   3.2374630e-04
   4.6359520e-04
   5.9494680e-04
   7.0681940e-04
   7.8998080e-04
   8.5059960e-04
   9.0732520e-04
   9.6978770e-04
   1.0293300e-03
   1.0763730e-03
   1.1089950e-03
   1.1269010e-03
   1.1327490e-03
   1.1307410e-03
   1.1316850e-03
   1.1477490e-03
   1.1802440e-03
   1.2168110e-03
   1.2402100e-03
   1.2452640e-03
   1.2333010e-03
   1.2058970e-03
   1.1696580e-03
   1.1365990e-03
   1.1108610e-03
   1.0891090e-03
   1.0800250e-03
   1.0965110e-03
   1.1295980e-03
   1.1628290e-03
   1.1873260e-03
   1.1951310e-03
   1.1825880e-03
   1.1478860e-03
   1.0867590e-03
   1.0010180e-03
   9.0515870e-04
   8.1348560e-04
   7.2096230e-04
   6.1914470e-04
   5.0154900e-04
   3.6666400e-04
   2.2723700e-04
   9.5558880e-05
  -3.4720830e-05
  -1.7610290e-04
  -3.3060490e-04
  -4.9101830e-04
  -6.4681100e-04
  -7.8615850e-04
  -8.9183810e-04
  -9.5642790e-04
  -9.9035650e-04
  -1.0145350e-03
  -1.0415440e-03
  -1.0729740e-03
  -1.1087870e-03
  -1.1567070e-03
  -1.2291330e-03
  -1.3293570e-03
  -1.4447600e-03
  -1.5522000e-03
  -1.6368970e-03
  -1.6999900e-03
  -1.7520820e-03
  -1.8007070e-03
  -1.8477090e-03
  -1.8885980e-03
  -1.9138600e-03
  -1.9168190e-03
  -1.8989140e-03
  -1.8699860e-03
  -1.8371620e-03
  -1.7990350e-03
  -1.7500620e-03
  -1.6925080e-03
  -1.6494420e-03
  -1.6418580e-03
  -1.6714810e-03
  -1.7235560e-03
  -1.7792600e-03
  -1.8293850e-03
  -1.8558370e-03
  -1.8300890e-03
  -1.7387030e-03
  -1.5841640e-03
  -1.3826980e-03
  -1.1527480e-03
  -9.1696470e-04
  -6.9882470e-04
  -5.1187550e-04
  -3.5884460e-04
  -2.3877430e-04
  -1.5640060e-04
  -1.1213210e-04
  -1.0003350e-04
  -1.1784520e-04
  -1.5720850e-04
  -2.0078650e-04
  -2.4630980e-04
  -3.0189920e-04
  -3.6678620e-04
  -4.2969200e-04
  -4.8294370e-04
  -5.3105410e-04
  -5.7948990e-04
  -6.2412970e-04
  -6.5845540e-04
  -6.8054270e-04
  -6.9031520e-04
  -6.8802320e-04
  -6.7530840e-04
  -6.4792980e-04
  -6.0192610e-04
  -5.4584110e-04
  -4.9602940e-04
  -4.6436650e-04
  -4.5628600e-04
  -4.7945910e-04
  -5.4750020e-04
  -6.7079360e-04
  -8.3818460e-04
  -1.0107960e-03
  -1.1497970e-03
  -1.2479560e-03
  -1.3116250e-03
  -1.3414960e-03
  -1.3491710e-03
  -1.3530500e-03
  -1.3595390e-03
  -1.3619820e-03
  -1.3516270e-03
  -1.3216800e-03
  -1.2680110e-03
  -1.1964810e-03
  -1.1194030e-03
  -1.0379520e-03
  -9.5082300e-04
  -8.5833820e-04
  -7.5094870e-04
  -6.1331170e-04
  -4.2979240e-04
  -1.9828210e-04
   7.1347470e-05
   3.6490890e-04
   6.6449550e-04
   9.5455860e-04
   1.2246100e-03
   1.4686410e-03
   1.6802610e-03
   1.8568540e-03
   1.9969880e-03
   2.1067730e-03
   2.2077100e-03
   2.3279280e-03
   2.4817950e-03
   2.6650200e-03
   2.8565320e-03
   3.0324810e-03
   3.1857270e-03
   3.3278290e-03
   3.4817130e-03
   3.6653650e-03
   3.8814980e-03
   4.1145070e-03
   4.3433540e-03
   4.5516730e-03
   4.7265390e-03
   4.8618960e-03
   4.9728240e-03
   5.0838340e-03
   5.2084070e-03
   5.3521780e-03
   5.5161180e-03
   5.6960560e-03
   5.8837770e-03
   6.0654200e-03
   6.2273680e-03
   6.3586250e-03
   6.4511440e-03
   6.4940460e-03
   6.4782150e-03
   6.4192000e-03
   6.3429470e-03
   6.2615400e-03
   6.1801890e-03
   6.1150430e-03
   6.0860800e-03
   6.0952210e-03
   6.1328440e-03
   6.1892500e-03
   6.2490910e-03
   6.2971170e-03
   6.3240290e-03
   6.3277010e-03
   6.3126710e-03
   6.2847350e-03
   6.2450080e-03
   6.1841630e-03
   6.0883860e-03
   5.9533590e-03
   5.7933520e-03
   5.6379990e-03
   5.5078410e-03
   5.3952160e-03
   5.2864330e-03
   5.1807330e-03
   5.0795070e-03
   4.9723290e-03
   4.8394730e-03
   4.6729320e-03
   4.4834120e-03
   4.2942150e-03
   4.1289840e-03
   3.9935750e-03
   3.8805410e-03
   3.7734660e-03
   3.6610790e-03
   3.5379900e-03
   3.3954050e-03
   3.2260930e-03
   3.0340600e-03
   2.8397440e-03
   2.6660560e-03
   2.5210040e-03
   2.4033420e-03
   2.3116340e-03
   2.2427760e-03
   2.1888660e-03
   2.1375390e-03
   2.0784790e-03
   2.0092250e-03
   1.9291150e-03
   1.8390820e-03
   1.7451990e-03
   1.6532460e-03
   1.5682200e-03
   1.4865610e-03
   1.3971470e-03
   1.2890640e-03
   1.1555780e-03
   1.0004080e-03
   8.3590910e-04
   6.7002110e-04
   4.9275990e-04
   2.9868860e-04
   9.3600850e-05
  -1.2250360e-04
  -3.5853880e-04
  -6.2091250e-04
  -9.0175280e-04
  -1.1838400e-03
  -1.4441630e-03
  -1.6605370e-03
  -1.8157180e-03
  -1.9100810e-03
  -1.9654000e-03
  -2.0124410e-03
  -2.0780280e-03
  -2.1754090e-03
  -2.2938940e-03
  -2.4047190e-03
  -2.4905210e-03
  -2.5596470e-03
  -2.6362470e-03
  -2.7374390e-03
  -2.8588790e-03
  -2.9847000e-03
  -3.0989210e-03
  -3.1825070e-03
  -3.2188630e-03
  -3.2056210e-03
  -3.1599230e-03
  -3.1033420e-03
  -3.0471730e-03
  -2.9864450e-03
  -2.9155480e-03
  -2.8474970e-03
  -2.7917330e-03
  -2.7464740e-03
  -2.7146560e-03
  -2.7027970e-03
  -2.7093330e-03
  -2.7323680e-03
  -2.7853460e-03
  -2.8741530e-03
  -2.9847720e-03
  -3.1035160e-03
  -3.2181790e-03
  -3.3179990e-03
  -3.4033970e-03
  -3.4807620e-03
  -3.5582130e-03
  -3.6483790e-03
  -3.7629090e-03
  -3.9038810e-03
  -4.0687670e-03
  -4.2585670e-03
  -4.4744740e-03
  -4.7041350e-03
  -4.9414050e-03
  -5.1902970e-03
  -5.4529930e-03
  -5.7269970e-03
  -6.0078090e-03
  -6.2963260e-03
  -6.5886470e-03
  -6.8787830e-03
  -7.1641170e-03
  -7.4332400e-03
  -7.6673750e-03
  -7.8544740e-03
  -7.9930510e-03
  -8.0994180e-03
  -8.1856300e-03
  -8.2485670e-03
  -8.2851140e-03
  -8.3027150e-03
  -8.3024360e-03
  -8.2781960e-03
  -8.2300750e-03
  -8.1571440e-03
  -8.0598310e-03
  -7.9558540e-03
  -7.8704720e-03
  -7.8141050e-03
  -7.7800690e-03
  -7.7473640e-03
  -7.6831620e-03
  -7.5606300e-03
  -7.3829220e-03
  -7.1776630e-03
  -6.9731880e-03
  -6.7881730e-03
  -6.6316330e-03
  -6.5053430e-03
  -6.4015260e-03
  -6.2990440e-03
  -6.1821630e-03
  -6.0570520e-03
  -5.9404840e-03
  -5.8497320e-03
  -5.7860630e-03
  -5.7388040e-03
  -5.7051500e-03
  -5.6877710e-03
  -5.6885700e-03
  -5.7025310e-03
  -5.7244390e-03
  -5.7575680e-03
  -5.8050210e-03
  -5.8605490e-03
  -5.9129760e-03
  -5.9518550e-03
  -5.9594470e-03
  -5.9152470e-03
  -5.8159440e-03
  -5.6705030e-03
  -5.4984360e-03
  -5.3332420e-03
  -5.2050600e-03
  -5.1240560e-03
  -5.0722390e-03
  -5.0198200e-03
  -4.9499850e-03
  -4.8538600e-03
  -4.7245840e-03
  -4.5704710e-03
  -4.4143240e-03
  -4.2736130e-03
  -4.1616060e-03
  -4.1001710e-03
  -4.0987970e-03
  -4.1422090e-03
  -4.1957070e-03
  -4.2318050e-03
  -4.2554500e-03
  -4.2808300e-03
  -4.3160960e-03
  -4.3657880e-03
  -4.4334430e-03
  -4.5170120e-03
  -4.6090170e-03
  -4.7055390e-03
  -4.8106420e-03
  -4.9250080e-03
  -5.0456120e-03
  -5.1721290e-03
  -5.3019480e-03
  -5.4299630e-03
  -5.5539110e-03
  -5.6699160e-03
  -5.7729260e-03
  -5.8626730e-03
  -5.9442100e-03
  -6.0166020e-03
  -6.0745980e-03
  -6.1177460e-03
  -6.1457670e-03
  -6.1598170e-03
  -6.1650840e-03
  -6.1647050e-03
  -6.1612000e-03
  -6.1638270e-03
  -6.1845950e-03
  -6.2304030e-03
  -6.3089110e-03
  -6.4321380e-03
  -6.6042270e-03
  -6.8146340e-03
  -7.0305650e-03
  -7.2079890e-03
  -7.3265360e-03
  -7.3914690e-03
  -7.4189340e-03
  -7.4216470e-03
  -7.4126490e-03
  -7.4145900e-03
  -7.4456540e-03
  -7.5118290e-03
  -7.6138930e-03
  -7.7470850e-03
  -7.8969080e-03
  -8.0502040e-03
  -8.2102400e-03
  -8.3886440e-03
  -8.5867410e-03
  -8.7975460e-03
  -9.0183390e-03
  -9.2539660e-03
  -9.5036150e-03
  -9.7569110e-03
  -1.0004670e-02
  -1.0238910e-02
  -1.0445140e-02
  -1.0609270e-02
  -1.0723910e-02
  -1.0795750e-02
  -1.0841610e-02
  -1.0876450e-02
  -1.0912410e-02
  -1.0950570e-02
  -1.0969300e-02
  -1.0939970e-02
  -1.0858690e-02
  -1.0747350e-02
  -1.0627180e-02
  -1.0513770e-02
  -1.0437300e-02
  -1.0434250e-02
  -1.0521400e-02
  -1.0683930e-02
  -1.0888010e-02
  -1.1104410e-02
  -1.1318360e-02
  -1.1528090e-02
  -1.1731430e-02
  -1.1931260e-02
  -1.2132790e-02
  -1.2337270e-02
  -1.2552230e-02
  -1.2773050e-02
  -1.2980140e-02
  -1.3171040e-02
  -1.3368510e-02
  -1.3598160e-02
  -1.3873970e-02
  -1.4197930e-02
  -1.4566750e-02
  -1.4966060e-02
  -1.5370440e-02
  -1.5746840e-02
  -1.6069830e-02
  -1.6333350e-02
  -1.6543480e-02
  -1.6708940e-02
  -1.6843550e-02
  -1.6965400e-02
  -1.7093580e-02
  -1.7232040e-02
  -1.7365020e-02
  -1.7464870e-02
  -1.7491940e-02
  -1.7426560e-02
  -1.7295060e-02
  -1.7135880e-02
  -1.6969270e-02
  -1.6801280e-02
  -1.6630940e-02
  -1.6458380e-02
  -1.6279250e-02
  -1.6087670e-02
  -1.5886840e-02
  -1.5686980e-02
  -1.5492010e-02
  -1.5297130e-02
  -1.5093630e-02
  -1.4876520e-02
  -1.4662120e-02
  -1.4465290e-02
  -1.4283590e-02
  -1.4106020e-02
  -1.3914240e-02
  -1.3687810e-02
  -1.3424610e-02
  -1.3131250e-02
  -1.2812390e-02
  -1.2478730e-02
  -1.2154580e-02
  -1.1880670e-02
  -1.1688270e-02
  -1.1584110e-02
  -1.1553660e-02
  -1.1568890e-02
  -1.1581200e-02
  -1.1543750e-02
  -1.1452320e-02
  -1.1333090e-02
  -1.1215290e-02
  -1.1125160e-02
  -1.1075760e-02
  -1.1054110e-02
  -1.1032290e-02
  -1.0980840e-02
  -1.0883060e-02
  -1.0736270e-02
  -1.0550570e-02
  -1.0353090e-02
  -1.0178320e-02
  -1.0040850e-02
  -9.9356220e-03
  -9.8522360e-03
  -9.7757070e-03
  -9.6937760e-03
  -9.5994080e-03
  -9.4889850e-03
  -9.3643390e-03
  -9.2356770e-03
  -9.1098550e-03
  -8.9772510e-03
  -8.8216410e-03
  -8.6290910e-03
  -8.3966720e-03
  -8.1289030e-03
  -7.8348050e-03
  -7.5207620e-03
  -7.1809580e-03
  -6.8083010e-03
  -6.4017010e-03
  -5.9671460e-03
  -5.5213380e-03
  -5.0771070e-03
  -4.6421820e-03
  -4.2228090e-03
  -3.8268540e-03
  -3.4622930e-03
  -3.1248570e-03
  -2.7968600e-03
  -2.4604080e-03
  -2.1179340e-03
  -1.7850350e-03
  -1.4688820e-03
  -1.1585410e-03
  -8.3274440e-04
  -4.8280190e-04
  -1.1960570e-04
   2.3947640e-04
   5.8119910e-04
   8.9969330e-04
   1.1982650e-03
   1.4843490e-03
   1.7682890e-03
   2.0595680e-03
   2.3689110e-03
   2.6968430e-03
   3.0271170e-03
   3.3441600e-03
   3.6482630e-03
   3.9561600e-03
   4.2779820e-03
   4.5984870e-03
   4.8907700e-03
   5.1344100e-03
   5.3198490e-03
   5.4416220e-03
   5.5063140e-03
   5.5378490e-03
   5.5663350e-03
   5.6136520e-03
   5.6968050e-03
   5.8206310e-03
   5.9795450e-03
   6.1549430e-03
   6.3222350e-03
   6.4656890e-03
   6.5795690e-03
   6.6676450e-03
   6.7406980e-03
   6.8028190e-03
   6.8481800e-03
   6.8670350e-03
   6.8521590e-03
   6.8051110e-03
   6.7243250e-03
   6.6055170e-03
   6.4587590e-03
   6.3142770e-03
   6.2023450e-03
   6.1380490e-03
   6.1199520e-03
   6.1286690e-03
   6.1392930e-03
   6.1365520e-03
   6.1136220e-03
   6.0759910e-03
   6.0340030e-03
   5.9846300e-03
   5.9173790e-03
   5.8369750e-03
   5.7708400e-03
   5.7391940e-03
   5.7375780e-03
   5.7493950e-03
   5.7553310e-03
   5.7472350e-03
   5.7318320e-03
   5.7127620e-03
   5.6897850e-03
   5.6659190e-03
   5.6416760e-03
   5.6130230e-03
   5.5689170e-03
   5.4967640e-03
   5.3951590e-03
   5.2780500e-03
   5.1608130e-03
   5.0511220e-03
   4.9506760e-03
   4.8514480e-03
   4.7387830e-03
   4.6044180e-03
   4.4534290e-03
   4.3031030e-03
   4.1636690e-03
   4.0180600e-03
   3.8478990e-03
   3.6537680e-03
   3.4451040e-03
   3.2309390e-03
   3.0373300e-03
   2.9015390e-03
   2.8361110e-03
   2.8146040e-03
   2.8035480e-03
   2.7937040e-03
   2.8011250e-03
   2.8460740e-03
   2.9278990e-03
   3.0315390e-03
   3.1364110e-03
   3.2202190e-03
   3.2717340e-03
   3.2897100e-03
   3.2766260e-03
   3.2338490e-03
   3.1628720e-03
   3.0738790e-03
   2.9823950e-03
   2.8982600e-03
   2.8238000e-03
   2.7668360e-03
   2.7301420e-03
   2.7017040e-03
   2.6652890e-03
   2.6071050e-03
   2.5125520e-03
   2.3729850e-03
   2.1904410e-03
   1.9818760e-03
   1.7788640e-03
   1.6104210e-03
   1.4791330e-03
   1.3750090e-03
   1.2952720e-03
   1.2310880e-03
   1.1700750e-03
   1.1128960e-03
   1.0742330e-03
   1.0656390e-03
   1.0818750e-03
   1.1124560e-03
   1.1505720e-03
   1.1871600e-03
   1.2165020e-03
   1.2425660e-03
   1.2767330e-03
   1.3310610e-03
   1.4057160e-03
   1.4890600e-03
   1.5668250e-03
   1.6312450e-03
   1.6813250e-03
   1.7046300e-03
   1.6917610e-03
   1.6479370e-03
   1.5923450e-03
   1.5464460e-03
   1.5139570e-03
   1.4897380e-03
   1.4652010e-03
   1.4185150e-03
   1.3204910e-03
   1.1514290e-03
   9.0622480e-04
   5.9317860e-04
   2.4000590e-04
  -1.1928310e-04
  -4.6691310e-04
  -8.0443140e-04
  -1.1397760e-03
  -1.4770590e-03
  -1.8113820e-03
  -2.1307260e-03
  -2.4296620e-03
  -2.7123500e-03
  -2.9867620e-03
  -3.2577950e-03
  -3.5248260e-03
  -3.7791200e-03
  -4.0100730e-03
  -4.2128600e-03
  -4.3927980e-03
  -4.5629730e-03
  -4.7238710e-03
  -4.8642970e-03
  -4.9789070e-03
  -5.0695270e-03
  -5.1336690e-03
  -5.1578810e-03
  -5.1289940e-03
  -5.0486660e-03
  -4.9237610e-03
  -4.7554330e-03
  -4.5423210e-03
  -4.2848150e-03
  -3.9878500e-03
  -3.6616300e-03
  -3.3204150e-03
  -2.9799660e-03
  -2.6501500e-03
  -2.3397490e-03
  -2.0598130e-03
  -1.8225140e-03
  -1.6400000e-03
  -1.5210750e-03
  -1.4557970e-03
  -1.4088720e-03
  -1.3432240e-03
  -1.2534370e-03
  -1.1534200e-03
  -1.0478210e-03
  -9.2784930e-04
  -7.7965550e-04
  -5.9881320e-04
  -3.8832400e-04
  -1.4802030e-04
   1.2163200e-04
   4.1544380e-04
   7.1586760e-04
   1.0035940e-03
   1.2637420e-03
   1.4862230e-03
   1.6772950e-03
   1.8569840e-03
   2.0390320e-03
   2.2195480e-03
   2.3866270e-03
   2.5338370e-03
   2.6571250e-03
   2.7508840e-03
   2.8186290e-03
   2.8730590e-03
   2.9342800e-03
   3.0174450e-03
   3.1155320e-03
   3.2158970e-03
   3.3134380e-03
   3.4071150e-03
   3.4970580e-03
   3.5858630e-03
   3.6787170e-03
   3.7729070e-03
   3.8583580e-03
   3.9283840e-03
   3.9760520e-03
   3.9929750e-03
   3.9759910e-03
   3.9327940e-03
   3.8737890e-03
   3.7988510e-03
   3.6945140e-03
   3.5470220e-03
   3.3628120e-03
   3.1594510e-03
   2.9403310e-03
   2.7070830e-03
   2.4733760e-03
   2.2593090e-03
   2.0867360e-03
   1.9661520e-03
   1.8898490e-03
   1.8418350e-03
   1.7998530e-03
   1.7460080e-03
   1.6788110e-03
   1.6172260e-03
   1.5903440e-03
   1.6106100e-03
   1.6671550e-03
   1.7354440e-03
   1.7906340e-03
   1.8196110e-03
   1.8263430e-03
   1.8249940e-03
   1.8279490e-03
   1.8405150e-03
   1.8596320e-03
   1.8730570e-03
   1.8739530e-03
   1.8703400e-03
   1.8758110e-03
   1.9007210e-03
   1.9510070e-03
   2.0407050e-03
   2.1938190e-03
   2.4241250e-03
   2.7265060e-03
   3.0748030e-03
   3.4357710e-03
   3.7868030e-03
   4.1181080e-03
   4.4277030e-03
   4.7241620e-03
   5.0156590e-03
   5.3004000e-03
   5.5678210e-03
   5.8126040e-03
   6.0324590e-03
   6.2199090e-03
   6.3736850e-03
   6.5037100e-03
   6.6187430e-03
   6.7218950e-03
   6.8183800e-03
   6.9079770e-03
   6.9853140e-03
   7.0440760e-03
   7.0826370e-03
   7.1009680e-03
   7.1033700e-03
   7.1134230e-03
   7.1682090e-03
   7.2860040e-03
   7.4544740e-03
   7.6451760e-03
   7.8288700e-03
   7.9775780e-03
   8.0769880e-03
   8.1394850e-03
   8.1875740e-03
   8.2370740e-03
   8.2967420e-03
   8.3692320e-03
   8.4502050e-03
   8.5237860e-03
   8.5708460e-03
   8.5807610e-03
   8.5471750e-03
   8.4667250e-03
   8.3401020e-03
   8.1738170e-03
   7.9812540e-03
   7.7933470e-03
   7.6453110e-03
   7.5432970e-03
   7.4687490e-03
   7.4051630e-03
   7.3452600e-03
   7.2858910e-03
   7.2302060e-03
   7.1838920e-03
   7.1513380e-03
   7.1526380e-03
   7.2131920e-03
   7.3395560e-03
   7.5057460e-03
   7.6757680e-03
   7.8206120e-03
   7.9202100e-03
   7.9720270e-03
   7.9919380e-03
   8.0035270e-03
   8.0300120e-03
   8.0817500e-03
   8.1464230e-03
   8.2010640e-03
   8.2228510e-03
   8.1933140e-03
   8.1096720e-03
   7.9899280e-03
   7.8638460e-03
   7.7568470e-03
   7.6819720e-03
   7.6406940e-03
   7.6205360e-03
   7.5983340e-03
   7.5545390e-03
   7.4819060e-03
   7.3794440e-03
   7.2480880e-03
   7.0945910e-03
   6.9379550e-03
   6.8091780e-03
   6.7243560e-03
   6.6761180e-03
   6.6511790e-03
   6.6399980e-03
   6.6299260e-03
   6.6013620e-03
   6.5473540e-03
   6.4839930e-03
   6.4330190e-03
   6.3943800e-03
   6.3556440e-03
   6.3154140e-03
   6.2801240e-03
   6.2443710e-03
   6.1937080e-03
   6.1202930e-03
   6.0142040e-03
   5.8781700e-03
   5.7354490e-03
   5.6220560e-03
   5.5572340e-03
   5.5172110e-03
   5.4693540e-03
   5.4054490e-03
   5.3414220e-03
   5.2974230e-03
   5.2774900e-03
   5.2756720e-03
   5.2864260e-03
   5.2988870e-03
   5.3081030e-03
   5.3202010e-03
   5.3463980e-03
   5.3965040e-03
   5.4783530e-03
   5.5971820e-03
   5.7447940e-03
   5.8995600e-03
   6.0420420e-03
   6.1684860e-03
   6.2865820e-03
   6.4032000e-03
   6.5228420e-03
   6.6526720e-03
   6.7938670e-03
   6.9361720e-03
   7.0655680e-03
   7.1736610e-03
   7.2644920e-03
   7.3433140e-03
   7.4215310e-03
   7.5220400e-03
   7.6716990e-03
   7.8802120e-03
   8.1234820e-03
   8.3643520e-03
   8.5835160e-03
   8.7840900e-03
   8.9828670e-03
   9.1875380e-03
   9.3904290e-03
   9.5843410e-03
   9.7749390e-03
   9.9765290e-03
   1.0194310e-02
   1.0430090e-02
   1.0681300e-02
   1.0931420e-02
   1.1150940e-02
   1.1316310e-02
   1.1425040e-02
   1.1494350e-02
   1.1541250e-02
   1.1572590e-02
   1.1589130e-02
   1.1587480e-02
   1.1561400e-02
   1.1508050e-02
   1.1438430e-02
   1.1378280e-02
   1.1346500e-02
   1.1353200e-02
   1.1403910e-02
   1.1495860e-02
   1.1611060e-02
   1.1727450e-02
   1.1830600e-02
   1.1918200e-02
   1.2002010e-02
   1.2096140e-02
   1.2208690e-02
   1.2349010e-02
   1.2516000e-02
   1.2689900e-02
   1.2848850e-02
   1.2979930e-02
   1.3080260e-02
   1.3149750e-02
   1.3186600e-02
   1.3196620e-02
   1.3189850e-02
   1.3168310e-02
   1.3138730e-02
   1.3115750e-02
   1.3108220e-02
   1.3106070e-02
   1.3097380e-02
   1.3080220e-02
   1.3057510e-02
   1.3035120e-02
   1.3023000e-02
   1.3024830e-02
   1.3035120e-02
   1.3058680e-02
   1.3093040e-02
   1.3114950e-02
   1.3110360e-02
   1.3084320e-02
   1.3054270e-02
   1.3040890e-02
   1.3063040e-02
   1.3123940e-02
   1.3214120e-02
   1.3313050e-02
   1.3395030e-02
   1.3443430e-02
   1.3445610e-02
   1.3397440e-02
   1.3306600e-02
   1.3187920e-02
   1.3069290e-02
   1.2984610e-02
   1.2943570e-02
   1.2918040e-02
   1.2873680e-02
   1.2795010e-02
   1.2677600e-02
   1.2525050e-02
   1.2353070e-02
   1.2184520e-02
   1.2036940e-02
   1.1915940e-02
   1.1817040e-02
   1.1733450e-02
   1.1655180e-02
   1.1568860e-02
   1.1462740e-02
   1.1322050e-02
   1.1134340e-02
   1.0899820e-02
   1.0630630e-02
   1.0347320e-02
   1.0065480e-02
   9.7791350e-03
   9.4778940e-03
   9.1552700e-03
   8.8121790e-03
   8.4556670e-03
   8.0831580e-03
   7.7061570e-03
   7.3496270e-03
   7.0136540e-03
   6.6780740e-03
   6.3368950e-03
   5.9983500e-03
   5.6770690e-03
   5.3823460e-03
   5.1152790e-03
   4.8779840e-03
   4.6658930e-03
   4.4666870e-03
   4.2713430e-03
   4.0803810e-03
   3.9057270e-03
   3.7621310e-03
   3.6507580e-03
   3.5571280e-03
   3.4656400e-03
   3.3748820e-03
   3.2965520e-03
   3.2323840e-03
   3.1543040e-03
   3.0282680e-03
   2.8451830e-03
   2.6171570e-03
   2.3629530e-03
   2.0993940e-03
   1.8442710e-03
   1.6127860e-03
   1.4048060e-03
   1.2205210e-03
   1.0583620e-03
   9.0956950e-04
   7.6846630e-04
   6.3519350e-04
   5.1520200e-04
   4.1380080e-04
   3.2826270e-04
   2.5557620e-04
   2.0465990e-04
   1.8236770e-04
   1.8789700e-04
   2.2649340e-04
   3.0572260e-04
   4.2002510e-04
   5.4801900e-04
   6.6264720e-04
   7.4691020e-04
   7.9510770e-04
   8.0911600e-04
   7.9855240e-04
   7.8017360e-04
   7.7682810e-04
   8.0072990e-04
   8.3801290e-04
   8.7607380e-04
   9.0785080e-04
   9.2641230e-04
   9.2610100e-04
   9.1446650e-04
   9.1549880e-04
   9.5096960e-04
   1.0290920e-03
   1.1452540e-03
   1.2890330e-03
   1.4416090e-03
   1.5820040e-03
   1.7007250e-03
   1.8043080e-03
   1.9058670e-03
   2.0089850e-03
   2.1059580e-03
   2.1885840e-03
   2.2626900e-03
   2.3414190e-03
   2.4174520e-03
   2.4672590e-03
   2.4763750e-03
   2.4448170e-03
   2.3862700e-03
   2.3211350e-03
   2.2719190e-03
   2.2611330e-03
   2.3004810e-03
   2.3858990e-03
   2.5013140e-03
   2.6206310e-03
   2.7198410e-03
   2.7879390e-03
   2.8311130e-03
   2.8587580e-03
   2.8728000e-03
   2.8776650e-03
   2.8782940e-03
   2.8753930e-03
   2.8676410e-03
   2.8501830e-03
   2.8256530e-03
   2.8111950e-03
   2.8298380e-03
   2.8843240e-03
   2.9557730e-03
   3.0260330e-03
   3.0880100e-03
   3.1458020e-03
   3.2185000e-03
   3.3247080e-03
   3.4630980e-03
   3.6083480e-03
   3.7429640e-03
   3.8637110e-03
   3.9661940e-03
   4.0510910e-03
   4.1290570e-03
   4.2115170e-03
   4.3029310e-03
   4.4041510e-03
   4.5093470e-03
   4.6056990e-03
   4.6946940e-03
   4.7823930e-03
   4.8591220e-03
   4.9145930e-03
   4.9574780e-03
   5.0102640e-03
   5.0825320e-03
   5.1494010e-03
   5.1773470e-03
   5.1559040e-03
   5.0974350e-03
   5.0208710e-03
   4.9364150e-03
   4.8509990e-03
   4.7632100e-03
   4.6610460e-03
   4.5341270e-03
   4.3805090e-03
   4.2032650e-03
   4.0012180e-03
   3.7757280e-03
   3.5417060e-03
   3.3105550e-03
   3.0871290e-03
   2.8750460e-03
   2.6696400e-03
   2.4652330e-03
   2.2613310e-03
   2.0606030e-03
   1.8731900e-03
   1.7134470e-03
   1.6014150e-03
   1.5555310e-03
   1.5741860e-03
   1.6333980e-03
   1.7031980e-03
   1.7677010e-03
   1.8246360e-03
   1.8711370e-03
   1.9083000e-03
   1.9502120e-03
   2.0094080e-03
   2.0812520e-03
   2.1504820e-03
   2.2099390e-03
   2.2542550e-03
   2.2709230e-03
   2.2602030e-03
   2.2429310e-03
   2.2447470e-03
   2.2773480e-03
   2.3332080e-03
   2.3960450e-03
   2.4434550e-03
   2.4643740e-03
   2.4634250e-03
   2.4479470e-03
   2.4201090e-03
   2.3891980e-03
   2.3666890e-03
   2.3491490e-03
   2.3172920e-03
   2.2442470e-03
   2.1169120e-03
   1.9486650e-03
   1.7622930e-03
   1.5822210e-03
   1.4269170e-03
   1.2883280e-03
   1.1411370e-03
   9.6710840e-04
   7.6643880e-04
   5.5215020e-04
   3.4601110e-04
   1.6832020e-04
   1.9670670e-05
  -1.1678580e-04
  -2.5154590e-04
  -3.9038030e-04
  -5.5366770e-04
  -7.5268010e-04
  -9.8295790e-04
  -1.2394460e-03
  -1.5133800e-03
  -1.7913840e-03
  -2.0627040e-03
  -2.3306860e-03
  -2.5996930e-03
  -2.8666130e-03
  -3.1350030e-03
  -3.4161360e-03
  -3.7143610e-03
  -4.0119320e-03
  -4.2772770e-03
  -4.4917800e-03
  -4.6615340e-03
  -4.8089480e-03
  -4.9663120e-03
  -5.1634240e-03
  -5.4037320e-03
  -5.6538380e-03
  -5.8748000e-03
  -6.0538110e-03
  -6.2053590e-03
  -6.3410880e-03
  -6.4594760e-03
  -6.5647610e-03
  -6.6742870e-03
  -6.8037840e-03
  -6.9610140e-03
  -7.1393830e-03
  -7.3256500e-03
  -7.5122310e-03
  -7.6898550e-03
  -7.8428390e-03
  -7.9641780e-03
  -8.0651680e-03
  -8.1597150e-03
  -8.2602270e-03
  -8.3788250e-03
  -8.5131020e-03
  -8.6475740e-03
  -8.7731280e-03
  -8.8864050e-03
  -8.9910060e-03
  -9.1047530e-03
  -9.2424120e-03
  -9.4042280e-03
  -9.5759390e-03
  -9.7420780e-03
  -9.9001450e-03
  -1.0057580e-02
  -1.0220750e-02
  -1.0387080e-02
  -1.0546500e-02
  -1.0689890e-02
  -1.0818440e-02
  -1.0950180e-02
  -1.1100080e-02
  -1.1266720e-02
  -1.1422170e-02
  -1.1531280e-02
  -1.1585180e-02
  -1.1596700e-02
  -1.1589610e-02
  -1.1597920e-02
  -1.1653920e-02
  -1.1766710e-02
  -1.1905050e-02
  -1.2025520e-02
  -1.2105490e-02
  -1.2142270e-02
  -1.2147970e-02
  -1.2129230e-02
  -1.2087260e-02
  -1.2031620e-02
  -1.1982770e-02
  -1.1963880e-02
  -1.1988700e-02
  -1.2054380e-02
  -1.2137790e-02
  -1.2209680e-02
  -1.2256090e-02
  -1.2289250e-02
  -1.2325240e-02
  -1.2369940e-02
  -1.2416920e-02
  -1.2454940e-02
  -1.2474750e-02
  -1.2476530e-02
  -1.2469700e-02
  -1.2460280e-02
  -1.2448830e-02
  -1.2441990e-02
  -1.2445830e-02
  -1.2457450e-02
  -1.2465050e-02
  -1.2457040e-02
  -1.2439910e-02
  -1.2427720e-02
  -1.2433960e-02
  -1.2460160e-02
  -1.2492390e-02
  -1.2506750e-02
  -1.2481270e-02
  -1.2412620e-02
  -1.2316970e-02
  -1.2210140e-02
  -1.2093350e-02
  -1.1956320e-02
  -1.1791790e-02
  -1.1601740e-02
  -1.1391070e-02
  -1.1160230e-02
  -1.0905050e-02
  -1.0628460e-02
  -1.0338470e-02
  -1.0045950e-02
  -9.7671630e-03
  -9.5111120e-03
  -9.2619790e-03
  -8.9945680e-03
  -8.6974450e-03
  -8.3741430e-03
  -8.0340830e-03
  -7.6754280e-03
  -7.2927740e-03
  -6.8882770e-03
  -6.4716170e-03
  -6.0514870e-03
  -5.6271180e-03
  -5.1913350e-03
  -4.7395320e-03
  -4.2804220e-03
  -3.8226210e-03
  -3.3668820e-03
  -2.9164170e-03
  -2.4871970e-03
  -2.0982660e-03
  -1.7545400e-03
  -1.4423510e-03
  -1.1460800e-03
  -8.6603540e-04
  -6.0322100e-04
  -3.4653280e-04
  -9.5433830e-05
   1.2330110e-04
   2.9252560e-04
   4.2700940e-04
   5.5143330e-04
   6.8475630e-04
   8.4042570e-04
   1.0183010e-03
   1.2082920e-03
   1.3952990e-03
   1.5663100e-03
   1.7158320e-03
   1.8460920e-03
   1.9567270e-03
   2.0572780e-03
   2.1673190e-03
   2.2883820e-03
   2.4085520e-03
   2.5190460e-03
   2.6147830e-03
   2.6834240e-03
   2.7164860e-03
   2.7186940e-03
   2.7083450e-03
   2.7076460e-03
   2.7233880e-03
   2.7531790e-03
   2.7940940e-03
   2.8425560e-03
   2.8848680e-03
   2.9104370e-03
   2.9251580e-03
   2.9459890e-03
   2.9848130e-03
   3.0452360e-03
   3.1203760e-03
   3.2045580e-03
   3.2996710e-03
   3.4129450e-03
   3.5502230e-03
   3.7061030e-03
   3.8696920e-03
   4.0309140e-03
   4.1803100e-03
   4.3121020e-03
   4.4240290e-03
   4.5094880e-03
   4.5517950e-03
   4.5387170e-03
   4.4695380e-03
   4.3513740e-03
   4.1932370e-03
   4.0004410e-03
   3.7818800e-03
   3.5446660e-03
   3.2927300e-03
   3.0368990e-03
   2.7908310e-03
   2.5660680e-03
   2.3753980e-03
   2.2194340e-03
   2.0797210e-03
   1.9332660e-03
   1.7657180e-03
   1.5671770e-03
   1.3339690e-03
   1.0715940e-03
   7.9663310e-04
   5.2836590e-04
   2.7685240e-04
   4.8619200e-05
  -1.5298070e-04
  -3.3570040e-04
  -5.1892260e-04
  -7.1525830e-04
  -9.1422240e-04
  -1.0941190e-03
  -1.2462610e-03
  -1.3742000e-03
  -1.4818030e-03
  -1.5751230e-03
  -1.6632500e-03
  -1.7514040e-03
  -1.8372830e-03
  -1.9226590e-03
  -2.0253370e-03
  -2.1684120e-03
  -2.3614530e-03
  -2.5935450e-03
  -2.8472940e-03
  -3.1037640e-03
  -3.3486660e-03
  -3.5713560e-03
  -3.7614650e-03
  -3.9190340e-03
  -4.0500480e-03
  -4.1656400e-03
  -4.2795230e-03
  -4.3945630e-03
  -4.5022180e-03
  -4.5978330e-03
  -4.6862370e-03
  -4.7786130e-03
  -4.8804930e-03
  -4.9896750e-03
  -5.1009970e-03
  -5.2056410e-03
  -5.2976160e-03
  -5.3785990e-03
  -5.4528220e-03
  -5.5345990e-03
  -5.6451580e-03
  -5.7889760e-03
  -5.9533900e-03
  -6.1190620e-03
  -6.2651700e-03
  -6.3748210e-03
  -6.4362780e-03
  -6.4428800e-03
  -6.4002190e-03
  -6.3204250e-03
  -6.2134270e-03
  -6.0861360e-03
  -5.9395470e-03
  -5.7788790e-03
  -5.6246090e-03
  -5.5015410e-03
  -5.4177790e-03
  -5.3611070e-03
  -5.3147260e-03
  -5.2714770e-03
  -5.2324010e-03
  -5.2025510e-03
  -5.1796580e-03
  -5.1497570e-03
  -5.0895690e-03
  -4.9857140e-03
  -4.8604270e-03
  -4.7465180e-03
  -4.6584070e-03
  -4.5924420e-03
  -4.5376100e-03
  -4.4851290e-03
  -4.4316590e-03
  -4.3804040e-03
  -4.3509140e-03
  -4.3726640e-03
  -4.4550380e-03
  -4.5666820e-03
  -4.6566630e-03
  -4.6877790e-03
  -4.6509890e-03
  -4.5650420e-03
  -4.4679580e-03
  -4.3914670e-03
  -4.3478470e-03
  -4.3355330e-03
  -4.3535830e-03
  -4.4016290e-03
  -4.4696280e-03
  -4.5446610e-03
  -4.6162760e-03
  -4.6759160e-03
  -4.7241590e-03
  -4.7694480e-03
  -4.8247210e-03
  -4.9090070e-03
  -5.0356640e-03
  -5.2054910e-03
  -5.4053750e-03
  -5.6095310e-03
  -5.7909760e-03
  -5.9373460e-03
  -6.0608530e-03
  -6.1830380e-03
  -6.3164780e-03
  -6.4617630e-03
  -6.6168580e-03
  -6.7860760e-03
  -6.9740650e-03
  -7.1765190e-03
  -7.3864050e-03
  -7.6000320e-03
  -7.8110630e-03
  -8.0142740e-03
  -8.2180340e-03
  -8.4275420e-03
  -8.6285350e-03
  -8.8044450e-03
  -8.9592060e-03
  -9.1173790e-03
  -9.2967320e-03
  -9.4981880e-03
  -9.7106740e-03
  -9.9128240e-03
  -1.0085130e-02
  -1.0223640e-02
  -1.0342810e-02
  -1.0456770e-02
  -1.0564810e-02
  -1.0663300e-02
  -1.0753510e-02
  -1.0834020e-02
  -1.0895580e-02
  -1.0933030e-02
  -1.0950910e-02
  -1.0949200e-02
  -1.0920630e-02
  -1.0867390e-02
  -1.0798090e-02
  -1.0706360e-02
  -1.0583750e-02
  -1.0438630e-02
  -1.0292170e-02
  -1.0164960e-02
  -1.0062350e-02
  -9.9770550e-03
  -9.9011930e-03
  -9.8228080e-03
  -9.7324000e-03
  -9.6298860e-03
  -9.5269920e-03
  -9.4354250e-03
  -9.3543490e-03
  -9.2730400e-03
  -9.1826980e-03
  -9.0910110e-03
  -9.0098900e-03
  -8.9392700e-03
  -8.8764550e-03
  -8.8177710e-03
  -8.7589830e-03
  -8.6964100e-03
  -8.6288490e-03
  -8.5579210e-03
  -8.4793680e-03
  -8.3964630e-03
  -8.3257590e-03
  -8.2780800e-03
  -8.2565880e-03
  -8.2601320e-03
  -8.2854130e-03
  -8.3264080e-03
  -8.3644800e-03
  -8.3761930e-03
  -8.3528920e-03
  -8.2971870e-03
  -8.2232780e-03
  -8.1473670e-03
  -8.0816750e-03
  -8.0312430e-03
  -7.9957230e-03
  -7.9767950e-03
  -7.9782460e-03
  -8.0040880e-03
  -8.0402240e-03
  -8.0588730e-03
  -8.0492470e-03
  -8.0190280e-03
  -7.9769510e-03
  -7.9313980e-03
  -7.8928190e-03
  -7.8711810e-03
  -7.8684590e-03
  -7.8780550e-03
  -7.8932060e-03
  -7.9096750e-03
  -7.9243940e-03
  -7.9395080e-03
  -7.9588090e-03
  -7.9911330e-03
  -8.0460640e-03
  -8.1280980e-03
  -8.2349570e-03
  -8.3469740e-03
  -8.4282920e-03
  -8.4534710e-03
  -8.4418120e-03
  -8.4312550e-03
  -8.4410830e-03
  -8.4716780e-03
  -8.5071070e-03
  -8.5212980e-03
  -8.4914100e-03
  -8.4032990e-03
  -8.2621210e-03
  -8.0845520e-03
  -7.8863180e-03
  -7.6829230e-03
  -7.4888740e-03
  -7.3065500e-03
  -7.1219700e-03
  -6.9128420e-03
  -6.6587640e-03
  -6.3508450e-03
  -5.9941150e-03
  -5.6023470e-03
  -5.2099250e-03
  -4.8604120e-03
  -4.5751590e-03
  -4.3446190e-03
  -4.1372870e-03
  -3.9215000e-03
  -3.6964080e-03
  -3.4793420e-03
  -3.2825340e-03
  -3.1159740e-03
  -2.9860350e-03
  -2.8881090e-03
  -2.8061800e-03
  -2.7158450e-03
  -2.5952380e-03
  -2.4451840e-03
  -2.2941740e-03
  -2.1656350e-03
  -2.0680100e-03
  -2.0052700e-03
  -1.9759400e-03
  -1.9653600e-03
  -1.9463760e-03
  -1.8922840e-03
  -1.8029300e-03
  -1.6977730e-03
  -1.5947090e-03
  -1.5016660e-03
  -1.4175710e-03
  -1.3428160e-03
  -1.2808500e-03
  -1.2268190e-03
  -1.1690310e-03
  -1.0921020e-03
  -9.8342880e-04
  -8.4302450e-04
  -6.9184550e-04
  -5.5983000e-04
  -4.6353390e-04
  -4.0232070e-04
  -3.6046190e-04
  -3.1538280e-04
  -2.4198140e-04
  -1.2208840e-04
   3.2193480e-05
   1.8818040e-04
   3.1699730e-04
   4.0646980e-04
   4.6317250e-04
   5.0924140e-04
   5.6844240e-04
   6.5493960e-04
   7.6396540e-04
   8.6987750e-04
   9.4179940e-04
   9.6077130e-04
   9.2182790e-04
   8.3450400e-04
   7.2323820e-04
   6.1722950e-04
   5.3406510e-04
   4.7011240e-04
   4.0893810e-04
   3.3307390e-04
   2.2833720e-04
   9.9827590e-05
  -1.5222060e-05
  -6.9863830e-05
  -4.4309270e-05
   4.0963250e-05
   1.5089310e-04
   2.6215840e-04
   3.7359390e-04
   5.0146820e-04
   6.6010920e-04
   8.4981590e-04
   1.0597570e-03
   1.2782900e-03
   1.4966240e-03
   1.7062140e-03
   1.8966310e-03
   2.0692860e-03
   2.2405800e-03
   2.4201680e-03
   2.6010680e-03
   2.7635480e-03
   2.9010060e-03
   3.0271870e-03
   3.1634760e-03
   3.3237270e-03
   3.4952400e-03
   3.6576840e-03
   3.7957380e-03
   3.9031960e-03
   3.9835820e-03
   4.0463880e-03
   4.0983070e-03
   4.1419480e-03
   4.1809660e-03
   4.2165050e-03
   4.2349960e-03
   4.2212640e-03
   4.1783740e-03
   4.1176290e-03
   4.0467010e-03
   3.9657110e-03
   3.8690540e-03
   3.7541430e-03
   3.6246410e-03
   3.4935600e-03
   3.3797910e-03
   3.2896290e-03
   3.2103480e-03
   3.1168960e-03
   2.9831590e-03
   2.7965770e-03
   2.5625590e-03
   2.3045390e-03
   2.0571070e-03
   1.8443720e-03
   1.6728950e-03
   1.5438540e-03
   1.4594110e-03
   1.4099930e-03
   1.3761450e-03
   1.3515250e-03
   1.3412080e-03
   1.3458140e-03
   1.3440860e-03
   1.3166710e-03
   1.2647030e-03
   1.1985590e-03
   1.1311270e-03
   1.0777330e-03
   1.0483890e-03
   1.0384750e-03
   1.0377470e-03
   1.0525450e-03
   1.0856990e-03
   1.1122240e-03
   1.1082760e-03
   1.0733820e-03
   1.0235630e-03
   9.7865860e-04
   9.5041090e-04
   9.4386320e-04
   9.5966210e-04
   9.9207730e-04
   1.0338490e-03
   1.0812510e-03
   1.1331990e-03
   1.1910070e-03
   1.2539900e-03
   1.3194240e-03
   1.3788620e-03
   1.4282520e-03
   1.4529270e-03
   1.4334970e-03
   1.3790100e-03
   1.3165110e-03
   1.2633930e-03
   1.2227450e-03
   1.1865120e-03
   1.1457040e-03
   1.0963220e-03
   1.0408920e-03
   9.9053480e-04
   9.5655890e-04
   9.3979020e-04
   9.2850360e-04
   9.0597030e-04
   8.6530410e-04
   8.0993870e-04
   7.4685600e-04
   6.8436050e-04
   6.2449780e-04
   5.6464280e-04
   5.0224600e-04
   4.3846450e-04
   3.7643260e-04
   3.0940680e-04
   2.2038810e-04
   1.0112090e-04
  -4.2213660e-05
  -1.8994700e-04
  -3.1163780e-04
  -3.8649470e-04
  -4.1715470e-04
  -4.1886870e-04
  -4.0630280e-04
  -3.9339290e-04
  -3.9171570e-04
  -4.0600580e-04
  -4.3210960e-04
  -4.6348800e-04
  -4.9621740e-04
  -5.2537940e-04
  -5.3792300e-04
  -5.1642440e-04
  -4.5388280e-04
  -3.6622060e-04
  -2.8177790e-04
  -2.2028630e-04
  -1.9151420e-04
  -2.0211360e-04
  -2.5195760e-04
  -3.2657120e-04
  -4.0247330e-04
  -4.5822990e-04
  -4.8092160e-04
  -4.6960410e-04
  -4.4194890e-04
  -4.2381370e-04
  -4.3172530e-04
  -4.6884980e-04
  -5.2983430e-04
  -6.0356370e-04
  -6.7339530e-04
  -7.2065000e-04
  -7.3492600e-04
  -7.2825610e-04
  -7.2034340e-04
  -7.2047950e-04
  -7.2704880e-04
  -7.3399480e-04
  -7.3937300e-04
  -7.4815140e-04
  -7.6094580e-04
  -7.7354960e-04
  -7.8267660e-04
  -7.8546540e-04
  -7.8618010e-04
  -7.9663180e-04
  -8.2907220e-04
  -8.8126450e-04
  -9.4009880e-04
  -9.8433590e-04
  -9.9219680e-04
  -9.5109040e-04
  -8.6602440e-04
  -7.7350090e-04
  -7.1217720e-04
  -6.9224370e-04
  -7.0493410e-04
  -7.3767520e-04
  -7.7783890e-04
  -8.1218270e-04
  -8.2377520e-04
  -7.9849540e-04
  -7.4083170e-04
  -6.6540080e-04
  -5.9400900e-04
  -5.5250320e-04
  -5.5199620e-04
  -5.9239910e-04
  -6.6738870e-04
  -7.6305710e-04
  -8.6216260e-04
  -9.5423750e-04
  -1.0376490e-03
  -1.1236250e-03
  -1.2275590e-03
  -1.3588250e-03
  -1.5176680e-03
  -1.7007220e-03
  -1.8959150e-03
  -2.0899100e-03
  -2.2731710e-03
  -2.4413230e-03
  -2.5963480e-03
  -2.7349260e-03
  -2.8455110e-03
  -2.9169870e-03
  -2.9435910e-03
  -2.9246140e-03
  -2.8570750e-03
  -2.7380630e-03
  -2.5800300e-03
  -2.4034860e-03
  -2.2385670e-03
  -2.1067640e-03
  -2.0024960e-03
  -1.9069670e-03
  -1.8071980e-03
  -1.7026750e-03
  -1.6055430e-03
  -1.5339460e-03
  -1.5047000e-03
  -1.5245690e-03
  -1.5807490e-03
  -1.6451710e-03
  -1.6954000e-03
  -1.7349690e-03
  -1.7812160e-03
  -1.8522210e-03
  -1.9603250e-03
  -2.1040690e-03
  -2.2631840e-03
  -2.4059000e-03
  -2.5068910e-03
  -2.5547250e-03
  -2.5553150e-03
  -2.5216250e-03
  -2.4659640e-03
  -2.4005270e-03
  -2.3358350e-03
  -2.2877000e-03
  -2.2725470e-03
  -2.2953790e-03
  -2.3490260e-03
  -2.4201330e-03
  -2.4942440e-03
  -2.5698570e-03
  -2.6600250e-03
  -2.7785950e-03
  -2.9289450e-03
  -3.0984420e-03
  -3.2601950e-03
  -3.3841750e-03
  -3.4498690e-03
  -3.4610160e-03
  -3.4373290e-03
  -3.3971640e-03
  -3.3558720e-03
  -3.3253730e-03
  -3.3038530e-03
  -3.2769120e-03
  -3.2284300e-03
  -3.1561280e-03
  -3.0610740e-03
  -2.9368870e-03
  -2.7730180e-03
  -2.5688960e-03
  -2.3362610e-03
  -2.0926210e-03
  -1.8638350e-03
  -1.6632350e-03
  -1.4854210e-03
  -1.3213970e-03
  -1.1656120e-03
  -1.0088860e-03
  -8.3543890e-04
  -6.3483170e-04
  -4.1072440e-04
  -1.7092020e-04
   8.0182500e-05
   3.3604620e-04
   5.8827290e-04
   8.2542020e-04
   1.0357850e-03
   1.2114060e-03
   1.3519000e-03
   1.4635970e-03
   1.5562050e-03
   1.6457890e-03
   2.0031150e-03
   2.1556220e-03
   2.3452710e-03
   2.5560410e-03
   2.7547980e-03
   2.9015980e-03
   2.9770900e-03
   2.9941250e-03
   2.9813130e-03
   2.9626630e-03
   2.9523560e-03
   2.9538640e-03
   2.9639870e-03
   2.9746620e-03
   2.9702440e-03
   2.9342620e-03
   2.8525660e-03
   2.7312340e-03
   2.5930310e-03
   2.4602000e-03
   2.3412530e-03
   2.2243390e-03
   2.0876470e-03
   1.9228780e-03
   1.7389110e-03
   1.5502410e-03
   1.3755650e-03
   1.2275390e-03
   1.1016860e-03
   9.8532550e-04
   8.6831900e-04
   7.4855170e-04
   6.2814390e-04
   5.1331570e-04
   4.1149900e-04
   3.3220890e-04
   2.7724280e-04
   2.3172540e-04
   1.7576430e-04
   9.9475070e-05
   7.9902830e-06
  -7.6952170e-05
  -1.3117360e-04
  -1.3807880e-04
  -1.0594850e-04
  -5.8593850e-05
  -4.5779620e-06
   6.5442580e-05
   1.6488960e-04
   2.9388870e-04
   4.3049560e-04
   5.4512640e-04
   6.2253350e-04
   6.6509530e-04
   6.9178780e-04
   7.2884210e-04
   7.9270740e-04
   8.9180680e-04
   1.0322160e-03
   1.2142320e-03
   1.4241170e-03
   1.6316450e-03
   1.8165190e-03
   1.9872880e-03
   2.1641530e-03
   2.3530980e-03
   2.5478130e-03
   2.7430470e-03
   2.9254750e-03
   3.0743240e-03
   3.1736290e-03
   3.2224800e-03
   3.2333930e-03
   3.2311800e-03
   3.2459570e-03
   3.2905000e-03
   3.3578100e-03
   3.4254650e-03
   3.4708250e-03
   3.4885550e-03
   3.4863710e-03
   3.4717240e-03
   3.4521670e-03
   3.4335090e-03
   3.4233470e-03
   3.4357570e-03
   3.4840540e-03
   3.5863650e-03
   3.7536120e-03
   3.9773470e-03
   4.2381770e-03
   4.5176810e-03
   4.8104500e-03
   5.1192600e-03
   5.4340800e-03
   5.7363900e-03
   6.0159670e-03
   6.2660880e-03
   6.4819010e-03
   6.6642250e-03
   6.8223500e-03
   6.9688420e-03
   7.1165530e-03
   7.2759290e-03
   7.4517390e-03
   7.6394170e-03
   7.8268400e-03
   7.9983570e-03
   8.1434450e-03
   8.2622520e-03
   8.3634550e-03
   8.4539010e-03
   8.5388880e-03
   8.6302030e-03
   8.7465650e-03
   8.9028980e-03
   9.0926980e-03
   9.2888970e-03
   9.4529320e-03
   9.5631540e-03
   9.6249250e-03
   9.6462640e-03
   9.6409480e-03
   9.6334530e-03
   9.6438780e-03
   9.6779470e-03
   9.7286770e-03
   9.7949390e-03
   9.8817810e-03
   9.9859830e-03
   1.0097260e-02
   1.0205830e-02
   1.0305750e-02
   1.0390920e-02
   1.0455900e-02
   1.0500890e-02
   1.0533740e-02
   1.0569270e-02
   1.0626010e-02
   1.0712800e-02
   1.0817640e-02
   1.0917170e-02
   1.0992450e-02
   1.1040580e-02
   1.1071170e-02
   1.1097050e-02
   1.1132780e-02
   1.1187740e-02
   1.1259710e-02
   1.1332550e-02
   1.1383070e-02
   1.1392670e-02
   1.1348850e-02
   1.1254580e-02
   1.1129260e-02
   1.0994400e-02
   1.0865830e-02
   1.0757100e-02
   1.0669000e-02
   1.0585140e-02
   1.0480940e-02
   1.0341670e-02
   1.0176500e-02
   1.0015930e-02
   9.8881670e-03
   9.8011870e-03
   9.7514270e-03
   9.7272520e-03
   9.7166710e-03
   9.7101210e-03
   9.7045490e-03
   9.7077060e-03
   9.7248770e-03
   9.7477400e-03
   9.7687170e-03
   9.7897710e-03
   9.8123910e-03
   9.8379380e-03
   9.8679660e-03
   9.8924340e-03
   9.8940710e-03
   9.8758110e-03
   9.8575140e-03
   9.8539470e-03
   9.8677400e-03
   9.8892730e-03
   9.9118230e-03
   9.9385710e-03
   9.9730970e-03
   1.0021140e-02
   1.0086110e-02
   1.0162040e-02
   1.0239120e-02
   1.0314220e-02
   1.0387160e-02
   1.0453540e-02
   1.0509060e-02
   1.0550050e-02
   1.0572420e-02
   1.0578840e-02
   1.0576220e-02
   1.0563750e-02
   1.0531070e-02
   1.0478560e-02
   1.0420300e-02
   1.0362430e-02
   1.0300440e-02
   1.0238480e-02
   1.0189640e-02
   1.0158790e-02
   1.0146720e-02
   1.0156860e-02
   1.0197270e-02
   1.0270890e-02
   1.0367430e-02
   1.0476650e-02
   1.0589170e-02
   1.0697010e-02
   1.0793070e-02
   1.0868310e-02
   1.0917510e-02
   1.0942660e-02
   1.0954370e-02
   1.0969770e-02
   1.0996380e-02
   1.1024960e-02
   1.1040520e-02
   1.1030100e-02
   1.0980170e-02
   1.0879410e-02
   1.0731410e-02
   1.0558340e-02
   1.0390770e-02
   1.0257750e-02
   1.0176680e-02
   1.0149320e-02
   1.0159840e-02
   1.0180450e-02
   1.0183900e-02
   1.0153590e-02
   1.0086860e-02
   9.9942940e-03
   9.9018430e-03
   9.8406540e-03
   9.8218360e-03
   9.8340220e-03
   9.8556880e-03
   9.8645630e-03
   9.8390130e-03
   9.7685100e-03
   9.6677320e-03
   9.5634930e-03
   9.4766330e-03
   9.4215110e-03
   9.4058350e-03
   9.4153940e-03
   9.4075500e-03
   9.3419440e-03
   9.2086790e-03
   9.0247430e-03
   8.8181610e-03
   8.6140500e-03
   8.4270720e-03
   8.2650210e-03
   8.1309670e-03
   8.0152450e-03
   7.9000030e-03
   7.7760480e-03
   7.6407820e-03
   7.4829680e-03
   7.2837830e-03
   7.0390060e-03
   6.7634220e-03
   6.4855540e-03
   6.2321230e-03
   6.0054230e-03
   5.7878650e-03
   5.5610860e-03
   5.3099190e-03
   5.0248710e-03
   4.7044670e-03
   4.3581300e-03
   4.0059560e-03
   3.6765840e-03
   3.3930150e-03
   3.1498560e-03
   2.9240080e-03
   2.7001730e-03
   2.4792080e-03
   2.2744420e-03
   2.0985360e-03
   1.9611650e-03
   1.8721950e-03
   1.8385800e-03
   1.8600360e-03
   1.9275690e-03
   2.0283200e-03
   2.1463920e-03
   2.2562830e-03
   2.3303230e-03
   2.3542330e-03
   2.3296480e-03
   2.2748370e-03
   2.2265200e-03
   2.2108660e-03
   2.2168030e-03
   2.2176280e-03
   2.2005030e-03
   2.1664940e-03
   2.1273100e-03
   2.0903780e-03
   2.0496920e-03
   1.9974000e-03
   1.9319650e-03
   1.8611230e-03
   1.8003320e-03
   1.7687650e-03
   1.7741730e-03
   1.8037330e-03
   1.8376360e-03
   1.8602460e-03
   1.8585020e-03
   1.8363160e-03
   1.8064780e-03
   1.7685280e-03
   1.7095880e-03
   1.6170860e-03
   1.4888950e-03
   1.3344680e-03
   1.1796600e-03
   1.0585560e-03
   9.9617250e-04
   9.9835920e-04
   1.0526340e-03
   1.1360160e-03
   1.2199750e-03
   1.2795260e-03
   1.3069540e-03
   1.3133360e-03
   1.3223550e-03
   1.3509480e-03
   1.3956560e-03
   1.4555960e-03
   1.5430910e-03
   1.6675640e-03
   1.8230480e-03
   1.9861790e-03
   2.1294910e-03
   2.2373260e-03
   2.3198170e-03
   2.4002740e-03
   2.4935250e-03
   2.5965470e-03
   2.6980470e-03
   2.7856850e-03
   2.8494610e-03
   2.8895040e-03
   2.9106480e-03
   2.9201940e-03
   2.9192900e-03
   2.8992480e-03
   2.8512630e-03
   2.7662940e-03
   2.6374820e-03
   2.4616120e-03
   2.2418830e-03
   2.0021540e-03
   1.7919050e-03
   1.6610240e-03
   1.6280430e-03
   1.6712120e-03
   1.7457860e-03
   1.8093050e-03
   1.8318330e-03
   1.8012720e-03
   1.7307850e-03
   1.6509220e-03
   1.5877620e-03
   1.5508020e-03
   1.5351280e-03
   1.5283580e-03
   1.5195750e-03
   1.5004180e-03
   1.4585990e-03
   1.3809640e-03
   1.2677630e-03
   1.1346060e-03
   9.9809680e-04
   8.6485670e-04
   7.3748870e-04
   6.1488460e-04
   4.9270330e-04
   3.6967460e-04
   2.5684010e-04
   1.6509700e-04
   9.1582030e-05
   1.6636320e-05
  -8.3797650e-05
  -2.1991330e-04
  -3.8702940e-04
  -5.7270620e-04
  -7.6530400e-04
  -9.5957130e-04
  -1.1357190e-03
  -1.2671360e-03
  -1.3552300e-03
  -1.4262820e-03
  -1.5217940e-03
  -1.6708160e-03
  -1.8738050e-03
  -2.1122420e-03
  -2.3588130e-03
  -2.5915900e-03
  -2.7985060e-03
  -2.9641200e-03
  -3.0765930e-03
  -3.1374830e-03
  -3.1610930e-03
  -3.1763750e-03
  -3.2079770e-03
  -3.2620120e-03
  -3.3260280e-03
  -3.3803770e-03
  -3.4118650e-03
  -3.4140750e-03
  -3.3853100e-03
  -3.3318990e-03
  -3.2667990e-03
  -3.1990480e-03
  -3.1283460e-03
  -3.0494990e-03
  -2.9637120e-03
  -2.8797830e-03
  -2.8091290e-03
  -2.7579660e-03
  -2.7273280e-03
  -2.7156730e-03
  -2.7193670e-03
  -2.7406630e-03
  -2.7819390e-03
  -2.8291450e-03
  -2.8641960e-03
  -2.8742650e-03
  -2.8509890e-03
  -2.8022520e-03
  -2.7545220e-03
  -2.7302590e-03
  -2.7323410e-03
  -2.7519550e-03
  -2.7763950e-03
  -2.7881270e-03
  -2.7666680e-03
  -2.6988580e-03
  -2.5927170e-03
  -2.4723920e-03
  -2.3601960e-03
  -2.2729780e-03
  -2.2226820e-03
  -2.2157410e-03
  -2.2415250e-03
  -2.2775470e-03
  -2.3043200e-03
  -2.3061890e-03
  -2.2665010e-03
  -2.1769630e-03
  -2.0462160e-03
  -1.8947710e-03
  -1.7437750e-03
  -1.6093200e-03
  -1.5049780e-03
  -1.4404210e-03
  -1.4207200e-03
  -1.4428630e-03
  -1.4978160e-03
  -1.5749940e-03
  -1.6610270e-03
  -1.7451530e-03
  -1.8276870e-03
  -1.9143720e-03
  -2.0034010e-03
  -2.0883400e-03
  -2.1670700e-03
  -2.2403420e-03
  -2.3064440e-03
  -2.3633570e-03
  -2.4203470e-03
  -2.5013300e-03
  -2.6252330e-03
  -2.7871480e-03
  -2.9681150e-03
  -3.1468480e-03
  -3.3052360e-03
  -3.4351330e-03
  -3.5305210e-03
  -3.5837030e-03
  -3.5888750e-03
  -3.5495280e-03
  -3.4850750e-03
  -3.4196590e-03
  -3.3788620e-03
  -3.3799420e-03
  -3.4240530e-03
  -3.4998710e-03
  -3.5879930e-03
  -3.6701210e-03
  -3.7346570e-03
  -3.7753520e-03
  -3.7860550e-03
  -3.7658630e-03
  -3.7275920e-03
  -3.6906310e-03
  -3.6652660e-03
  -3.6476800e-03
  -3.6232660e-03
  -3.5744070e-03
  -3.5007830e-03
  -3.4143280e-03
  -3.3308960e-03
  -3.2646940e-03
  -3.2232870e-03
  -3.2079840e-03
  -3.2128980e-03
  -3.2264620e-03
  -3.2361480e-03
  -3.2352140e-03
  -3.2330070e-03
  -3.2415560e-03
  -3.2621750e-03
  -3.2876670e-03
  -3.3063990e-03
  -3.3086090e-03
  -3.2965240e-03
  -3.2803900e-03
  -3.2666460e-03
  -3.2536680e-03
  -3.2353120e-03
  -3.2176140e-03
  -3.2178910e-03
  -3.2541260e-03
  -3.3311240e-03
  -3.4365860e-03
  -3.5460310e-03
  -3.6209540e-03
  -3.6274540e-03
  -3.5586900e-03
  -3.4382170e-03
  -3.2979720e-03
  -3.1605350e-03
  -3.0391050e-03
  -2.9375130e-03
  -2.8506220e-03
  -2.7715550e-03
  -2.6971860e-03
  -2.6245020e-03
  -2.5490290e-03
  -2.4726670e-03
  -2.4112720e-03
  -2.3839150e-03
  -2.3998790e-03
  -2.4586160e-03
  -2.5526400e-03
  -2.6714840e-03
  -2.7983150e-03
  -2.9072040e-03
  -2.9813250e-03
  -3.0189850e-03
  -3.0379070e-03
  -3.0660150e-03
  -3.1204750e-03
  -3.2041750e-03
  -3.3076500e-03
  -3.4143370e-03
  -3.5039190e-03
  -3.5598830e-03
  -3.5776820e-03
  -3.5576100e-03
  -3.5051540e-03
  -3.4346200e-03
  -3.3631230e-03
  -3.3054540e-03
  -3.2670730e-03
  -3.2381690e-03
  -3.2091440e-03
  -3.1801410e-03
  -3.1616830e-03
  -3.1681810e-03
  -3.2099880e-03
  -3.2826600e-03
  -3.3653220e-03
  -3.4420200e-03
  -3.5047200e-03
  -3.5476040e-03
  -3.5709900e-03
  -3.5785680e-03
  -3.5727800e-03
  -3.5569990e-03
  -3.5422260e-03
  -3.5399510e-03
  -3.5565190e-03
  -3.5952480e-03
  -3.6546040e-03
  -3.7318430e-03
  -3.8338210e-03
  -3.9584420e-03
  -4.0820860e-03
  -4.1804350e-03
  -4.2442130e-03
  -4.2821090e-03
  -4.3076700e-03
  -4.3301400e-03
  -4.3561030e-03
  -4.3874280e-03
  -4.4269980e-03
  -4.4836900e-03
  -4.5656940e-03
  -4.6755400e-03
  -4.8082340e-03
  -4.9491200e-03
  -5.0811680e-03
  -5.1926480e-03
  -5.2844030e-03
  -5.3611210e-03
  -5.4179490e-03
  -5.4442850e-03
  -5.4389580e-03
  -5.4194010e-03
  -5.4031250e-03
  -5.3922500e-03
  -5.3801610e-03
  -5.3535440e-03
  -5.2976180e-03
  -5.2107230e-03
  -5.1071110e-03
  -5.0040810e-03
  -4.9136300e-03
  -4.8364000e-03
  -4.7652950e-03
  -4.6918430e-03
  -4.6107680e-03
  -4.5267860e-03
  -4.4506990e-03
  -4.3954370e-03
  -4.3692780e-03
  -4.3653460e-03
  -4.3723430e-03
  -4.3838230e-03
  -4.3947030e-03
  -4.3930250e-03
  -4.3636010e-03
  -4.3035180e-03
  -4.2246250e-03
  -4.1485400e-03
  -4.0959860e-03
  -4.0743630e-03
  -4.0726570e-03
  -4.0693130e-03
  -4.0469080e-03
  -3.9999650e-03
  -3.9396080e-03
  -3.8828390e-03
  -3.8419500e-03
  -3.8220100e-03
  -3.8138930e-03
  -3.7981050e-03
  -3.7655700e-03
  -3.7257610e-03
  -3.6942570e-03
  -3.6753030e-03
  -3.6621290e-03
  -3.6440530e-03
  -3.6153530e-03
  -3.5839860e-03
  -3.5591530e-03
  -3.5391600e-03
  -3.5147740e-03
  -3.4743260e-03
  -3.4126510e-03
  -3.3330070e-03
  -3.2435770e-03
  -3.1559910e-03
  -3.0753230e-03
  -2.9973180e-03
  -2.9113970e-03
  -2.8063260e-03
  -2.6830150e-03
  -2.5568060e-03
  -2.4476580e-03
  -2.3698320e-03
  -2.3251560e-03
  -2.3075420e-03
  -2.3065160e-03
  -2.3100540e-03
  -2.3114030e-03
  -2.3156760e-03
  -2.3314870e-03
  -2.3643940e-03
  -2.4148540e-03
  -2.4756370e-03
  -2.5335160e-03
  -2.5718350e-03
  -2.5728800e-03
  -2.5250750e-03
  -2.4341210e-03
  -2.3214770e-03
  -2.2197920e-03
  -2.1568820e-03
  -2.1380840e-03
  -2.1487680e-03
  -2.1679700e-03
  -2.1801640e-03
  -2.1817790e-03
  -2.1765800e-03
  -2.1688370e-03
  -2.1652060e-03
  -2.1684300e-03
  -2.1776090e-03
  -2.1906760e-03
  -2.2024710e-03
  -2.2035680e-03
  -2.1856680e-03
  -2.1520320e-03
  -2.1150000e-03
  -2.0833870e-03
  -2.0589510e-03
  -2.0395460e-03
  -2.0210390e-03
  -1.9934670e-03
  -1.9421880e-03
  -1.8596030e-03
  -1.7516060e-03
  -1.6382730e-03
  -1.5387170e-03
  -1.4622290e-03
  -1.4115010e-03
  -1.3833290e-03
  -1.3706710e-03
  -1.3654460e-03
  -1.3566010e-03
  -1.3351530e-03
  -1.2989550e-03
  -1.2580460e-03
  -1.2311110e-03
  -1.2316110e-03
  -1.2587650e-03
  -1.3039070e-03
  -1.3585790e-03
  -1.4132490e-03
  -1.4584400e-03
  -1.4926850e-03
  -1.5265530e-03
  -1.5688250e-03
  -1.6183300e-03
  -1.6664720e-03
  -1.7047320e-03
  -1.7297750e-03
  -1.7465180e-03
  -1.7543950e-03
  -1.7435770e-03
  -1.7110540e-03
  -1.6703620e-03
  -1.6432600e-03
  -1.6449370e-03
  -1.6716580e-03
  -1.7030400e-03
  -1.7233850e-03
  -1.7325310e-03
  -1.7414680e-03
  -1.7614790e-03
  -1.7951350e-03
  -1.8402280e-03
  -1.8913990e-03
  -1.9382670e-03
  -1.9716050e-03
  -1.9906300e-03
  -2.0049470e-03
  -2.0240860e-03
  -2.0473120e-03
  -2.0703590e-03
  -2.0899420e-03
  -2.1026090e-03
  -2.1074880e-03
  -2.1068030e-03
  -2.1027950e-03
  -2.0873110e-03
  -2.0538840e-03
  -2.0037910e-03
  -1.9435110e-03
  -1.8809590e-03
  -1.8225900e-03
  -1.7724560e-03
  -1.7293900e-03
  -1.6932400e-03
  -1.6665270e-03
  -1.6511170e-03
  -1.6478390e-03
  -1.6588140e-03
  -1.6858950e-03
  -1.7300930e-03
  -1.7853340e-03
  -1.8372920e-03
  -1.8707200e-03
  -1.8769620e-03
  -1.8591430e-03
  -1.8242850e-03
  -1.7842570e-03
  -1.7550830e-03
  -1.7433150e-03
  -1.7387960e-03
  -1.7258140e-03
  -1.6989720e-03
  -1.6646380e-03
  -1.6309260e-03
  -1.6070910e-03
  -1.5999810e-03
  -1.6117800e-03
  -1.6424410e-03
  -1.6919560e-03
  -1.7583690e-03
  -1.8356470e-03
  -1.9193320e-03
  -2.0101990e-03
  -2.1108210e-03
  -2.2211990e-03
  -2.3356350e-03
  -2.4454710e-03
  -2.5436280e-03
  -2.6253230e-03
  -2.6855500e-03
  -2.7148790e-03
  -2.7052700e-03
  -2.6585330e-03
  -2.5893710e-03
  -2.5250810e-03
  -2.4872220e-03
  -2.4763650e-03
  -2.4794390e-03
  -2.4790350e-03
  -2.4610100e-03
  -2.4220810e-03
  -2.3674230e-03
  -2.3087570e-03
  -2.2662980e-03
  -2.2580100e-03
  -2.2826740e-03
  -2.3243860e-03
  -2.3691810e-03
  -2.4026490e-03
  -2.4080180e-03
  -2.3794130e-03
  -2.3267280e-03
  -2.2737130e-03
  -2.2418150e-03
  -2.2417780e-03
  -2.2743070e-03
  -2.3274960e-03
  -2.3796390e-03
  -2.4105190e-03
  -2.4063420e-03
  -2.3682630e-03
  -2.3141700e-03
  -2.2662690e-03
  -2.2433070e-03
  -2.2539510e-03
  -2.2951600e-03
  -2.3569150e-03
  -2.4268890e-03
  -2.4923930e-03
  -2.5414950e-03
  -2.5701640e-03
  -2.5855570e-03
  -2.5987380e-03
  -2.6176370e-03
  -2.6450750e-03
  -2.6822620e-03
  -2.7299600e-03
  -2.7887910e-03
  -2.8557700e-03
  -2.9208360e-03
  -2.9704430e-03
  -2.9929830e-03
  -2.9866830e-03
  -2.9648440e-03
  -2.9441560e-03
  -2.9322920e-03
  -2.9302420e-03
  -2.9335740e-03
  -2.9329630e-03
  -2.9178040e-03
  -2.8838740e-03
  -2.8385540e-03
  -2.7936830e-03
  -2.7572030e-03
  -2.7312720e-03
  -2.7141730e-03
  -2.7014050e-03
  -2.6864110e-03
  -2.6624090e-03
  -2.6230520e-03
  -2.5713640e-03
  -2.5200380e-03
  -2.4772100e-03
  -2.4431990e-03
  -2.4128610e-03
  -2.3788280e-03
  -2.3367450e-03
  -2.2890230e-03
  -2.2389860e-03
  -2.1838180e-03
  -2.1212400e-03
  -2.0553220e-03
  -1.9912980e-03
  -1.9322520e-03
  -1.8834020e-03
  -1.8560060e-03
  -1.8578580e-03
  -1.8865040e-03
  -1.9294280e-03
  -1.9713470e-03
  -1.9997200e-03
  -2.0073220e-03
  -1.9963360e-03
  -1.9760400e-03
  -1.9575080e-03
  -1.9481650e-03
  -1.9513460e-03
  -1.9667040e-03
  -1.9858020e-03
  -1.9998210e-03
  -2.0052370e-03
  -2.0042130e-03
  -2.0010100e-03
  -1.9996360e-03
  -2.0059340e-03
  -2.0276300e-03
  -2.0689360e-03
  -2.1239390e-03
  -2.1778400e-03
  -2.2107580e-03
  -2.2061790e-03
  -2.1595850e-03
  -2.0836230e-03
  -2.0051770e-03
  -1.9548260e-03
  -1.9444900e-03
  -1.9665870e-03
  -2.0091740e-03
  -2.0583540e-03
  -2.0971860e-03
  -2.1095490e-03
  -2.0852620e-03
  -2.0307910e-03
  -1.9624640e-03
  -1.8914280e-03
  -1.8222300e-03
  -1.7559620e-03
  -1.6947430e-03
  -1.6422280e-03
  -1.5988050e-03
  -1.5601250e-03
  -1.5198220e-03
  -1.4738980e-03
  -1.4264010e-03
  -1.3838360e-03
  -1.3483670e-03
  -1.3189960e-03
  -1.2927330e-03
  -1.2656750e-03
  -1.2348040e-03
  -1.1984950e-03
  -1.1613740e-03
  -1.1281560e-03
  -1.1000900e-03
  -1.0791910e-03
  -1.0663600e-03
  -1.0612900e-03
  -1.0581570e-03
  -1.0485830e-03
  -1.0311090e-03
  -1.0078590e-03
  -9.7913900e-04
  -9.4522820e-04
  -9.0325740e-04
  -8.4669590e-04
  -7.7201630e-04
  -6.8419080e-04
  -5.9197160e-04
  -5.0326770e-04
  -4.2691530e-04
  -3.6741920e-04
  -3.1815870e-04
  -2.6488390e-04
  -1.9594920e-04
  -1.1137690e-04
  -2.2240310e-05
   5.6083680e-05
   1.1277900e-04
   1.4434180e-04
   1.5320380e-04
   1.4962810e-04
   1.4926810e-04
   1.6564360e-04
   1.9856500e-04
   2.3583770e-04
   2.6759160e-04
   2.9098240e-04
   3.0479270e-04
   3.1010540e-04
   3.1075520e-04
   3.1308540e-04
   3.2592560e-04
   3.5873470e-04
   4.1699830e-04
   4.9436600e-04
   5.7283850e-04
   6.3218390e-04
   6.6375740e-04
   6.7299780e-04
   6.7025410e-04
   6.6692080e-04
   6.7063740e-04
   6.8157450e-04
   6.9766950e-04
   7.1888060e-04
   7.4835350e-04
   7.8917070e-04
   8.4020090e-04
   8.9611410e-04
   9.4977700e-04
   9.9553270e-04
   1.0328680e-03
   1.0628500e-03
   1.0835270e-03
   1.0920570e-03
   1.0872670e-03
   1.0715280e-03
   1.0494190e-03
   1.0254500e-03
   1.0021310e-03
   9.7852240e-04
   9.5076170e-04
   9.1452180e-04
   8.6740320e-04
   8.1053700e-04
   7.4708670e-04
   6.7936620e-04
   6.1076530e-04
   5.4709800e-04
   4.9602110e-04
   4.6400650e-04
   4.5192490e-04
   4.5443970e-04
   4.6456220e-04
   4.7695880e-04
   4.8657720e-04
   4.8952260e-04
   4.8380950e-04
   4.6731640e-04
   4.4057060e-04
   4.0617700e-04
   3.6662720e-04
   3.2301210e-04
   2.7691500e-04
   2.3337420e-04
   1.9838040e-04
   1.7383760e-04
   1.5606340e-04
   1.4133050e-04
   1.2977710e-04
   1.2165910e-04
