  -3.6481100e-04
  -4.5340210e-04
  -5.6690980e-04
  -7.0179960e-04
  -8.4596770e-04
  -9.7956260e-04
  -1.0816660e-03
  -1.1350270e-03
  -1.1285780e-03
  -1.0609600e-03
  -9.4385040e-04
  -7.9947420e-04
  -6.5214330e-04
  -5.1943740e-04
  -4.0810330e-04
  -3.1710680e-04
  -2.4319440e-04
  -1.8322810e-04
  -1.3205920e-04
  -8.3044680e-05
  -3.1509880e-05
   2.3463610e-05
   7.8242230e-05
   1.2392760e-04
   1.5034440e-04
   1.5179200e-04
   1.2713090e-04
   8.1170860e-05
   2.1246430e-05
  -4.8618270e-05
  -1.2677970e-04
  -2.1277950e-04
  -3.0419790e-04
  -3.9242390e-04
  -4.6324200e-04
  -5.0234740e-04
  -5.0445980e-04
  -4.7393790e-04
  -4.1886050e-04
  -3.4805860e-04
  -2.7088300e-04
  -1.9788230e-04
  -1.3979120e-04
  -1.0484590e-04
  -9.3590640e-05
  -1.0178070e-04
  -1.2668170e-04
  -1.6880570e-04
  -2.2913840e-04
  -3.0517010e-04
  -3.9335040e-04
  -4.9337610e-04
  -6.0595600e-04
  -7.2576190e-04
  -8.3954640e-04
  -9.3056320e-04
  -9.8391130e-04
  -9.9390490e-04
  -9.6553700e-04
  -9.1274860e-04
  -8.4673480e-04
  -7.7164280e-04
  -6.8713280e-04
  -5.9147140e-04
  -4.8321330e-04
  -3.6539710e-04
  -2.4733000e-04
  -1.4276590e-04
  -6.5196700e-05
  -2.2429300e-05
  -1.4670370e-05
  -3.4306840e-05
  -6.8758590e-05
  -1.0146880e-04
  -1.1708300e-04
  -1.0681920e-04
  -6.8908520e-05
  -5.9907080e-06
   7.6615770e-05
   1.6905820e-04
   2.5866610e-04
   3.3774930e-04
   4.0460730e-04
   4.5924840e-04
   5.0024750e-04
   5.2878620e-04
   5.5361830e-04
   5.9081740e-04
   6.5494330e-04
   7.5089630e-04
   8.7335690e-04
   1.0114270e-03
   1.1495270e-03
   1.2670890e-03
   1.3394600e-03
   1.3409520e-03
   1.2528490e-03
   1.0729120e-03
   8.1753380e-04
   5.1381770e-04
   1.9613460e-04
  -9.7515000e-05
  -3.3197080e-04
  -4.8216570e-04
  -5.4035040e-04
  -5.2007270e-04
  -4.5043940e-04
  -3.6623950e-04
  -3.0060870e-04
  -2.7529670e-04
  -2.9901740e-04
  -3.7032160e-04
  -4.7502500e-04
  -5.8689250e-04
  -6.7542300e-04
  -7.1485140e-04
  -6.8617940e-04
  -5.7975110e-04
  -3.9788960e-04
  -1.5443700e-04
   1.2263350e-04
   3.9173930e-04
   6.1037350e-04
   7.4710390e-04
   7.9263540e-04
   7.6540850e-04
   7.0582780e-04
   6.5997110e-04
   6.6176460e-04
   7.2130510e-04
   8.2324290e-04
   9.3384180e-04
   1.0101070e-03
   1.0131210e-03
   9.1652110e-04
   7.1275620e-04
   4.1855500e-04
   7.1022690e-05
  -2.7715740e-04
  -5.6766950e-04
  -7.5379040e-04
  -8.1242190e-04
  -7.4661650e-04
  -5.7911550e-04
  -3.4329730e-04
  -7.4920600e-05
   1.9813480e-04
   4.6052730e-04
   7.1029110e-04
   9.5638400e-04
   1.2121540e-03
   1.4841190e-03
   1.7658260e-03
   2.0398450e-03
   2.2802480e-03
   2.4544740e-03
   2.5299050e-03
   2.4807430e-03
   2.2920630e-03
   1.9613200e-03
   1.4979740e-03
   9.2616120e-04
   2.8675090e-04
  -3.7124610e-04
  -1.0026080e-03
  -1.5722570e-03
  -2.0576310e-03
  -2.4458600e-03
  -2.7310580e-03
  -2.9122410e-03
  -2.9892450e-03
  -2.9615240e-03
  -2.8323950e-03
  -2.6088990e-03
  -2.3015600e-03
  -1.9248970e-03
  -1.4954020e-03
  -1.0299040e-03
  -5.4549690e-04
  -6.3858490e-05
   3.8782510e-04
   7.8288010e-04
   1.0991320e-03
   1.3203260e-03
   1.4380570e-03
   1.4546920e-03
   1.3842720e-03
   1.2477860e-03
   1.0680590e-03
   8.6568480e-04
   6.5402400e-04
   4.3578480e-04
   2.0725880e-04
  -3.5420230e-05
  -2.9294100e-04
  -5.6108260e-04
  -8.3064390e-04
  -1.0898700e-03
  -1.3320250e-03
  -1.5616910e-03
  -1.7905380e-03
  -2.0312740e-03
  -2.2897490e-03
  -2.5608010e-03
  -2.8300480e-03
  -3.0772700e-03
  -3.2790040e-03
  -3.4127990e-03
  -3.4606050e-03
  -3.4064430e-03
  -3.2392920e-03
  -2.9582130e-03
  -2.5724280e-03
  -2.0992190e-03
  -1.5648780e-03
  -1.0042850e-03
  -4.5371630e-04
   5.8680010e-05
   5.1689890e-04
   9.1783530e-04
   1.2718850e-03
   1.6005250e-03
   1.9292070e-03
   2.2759910e-03
   2.6446020e-03
   3.0233710e-03
   3.3864950e-03
   3.6997600e-03
   3.9288930e-03
   4.0462600e-03
   4.0329870e-03
   3.8821440e-03
   3.6034530e-03
   3.2222900e-03
   2.7728250e-03
   2.2901230e-03
   1.8010220e-03
   1.3227110e-03
   8.6401890e-04
   4.2661290e-04
   8.0880310e-06
  -3.9232040e-04
  -7.7036160e-04
  -1.1176750e-03
  -1.4284850e-03
  -1.7032830e-03
  -1.9431700e-03
  -2.1444730e-03
  -2.3004260e-03
  -2.4051110e-03
  -2.4605290e-03
  -2.4834580e-03
  -2.4963140e-03
  -2.5095380e-03
  -2.5189100e-03
  -2.5098240e-03
  -2.4605870e-03
  -2.3480590e-03
  -2.1564210e-03
  -1.8827700e-03
  -1.5389480e-03
  -1.1484610e-03
  -7.4507440e-04
  -3.7054300e-04
  -7.1097100e-05
   1.1095360e-04
   1.5146650e-04
   5.5190390e-05
  -1.4464400e-04
  -3.9372360e-04
  -6.3386060e-04
  -8.2080230e-04
  -9.3149080e-04
  -9.6732700e-04
  -9.5384200e-04
  -9.3085330e-04
  -9.3811850e-04
  -1.0058150e-03
  -1.1466990e-03
  -1.3510600e-03
  -1.5909170e-03
  -1.8287140e-03
  -2.0236270e-03
  -2.1408500e-03
  -2.1592650e-03
  -2.0707220e-03
  -1.8769450e-03
  -1.5921280e-03
  -1.2437230e-03
  -8.7109390e-04
  -5.1843540e-04
  -2.2648260e-04
  -2.4377060e-05
   7.5896350e-05
   7.7485070e-05
  -6.8745670e-06
  -1.5839220e-04
  -3.4955260e-04
  -5.4132930e-04
  -6.9214260e-04
  -7.7188550e-04
  -7.6893500e-04
  -6.9188370e-04
  -5.6316520e-04
  -4.0995320e-04
  -2.5583490e-04
  -1.1543080e-04
   6.9609670e-06
   1.1450180e-04
   2.1429050e-04
   3.1666890e-04
   4.3711800e-04
   5.9402440e-04
   8.0595470e-04
   1.0880720e-03
   1.4484920e-03
   1.8836010e-03
   2.3725790e-03
   2.8786390e-03
   3.3490450e-03
   3.7204210e-03
   3.9385210e-03
   3.9714690e-03
   3.8151680e-03
   3.4950500e-03
   3.0566490e-03
   2.5486570e-03
   2.0126170e-03
   1.4804450e-03
   9.7452270e-04
   5.1049180e-04
   1.0016300e-04
  -2.4727460e-04
  -5.2518550e-04
  -7.3379870e-04
  -8.8257340e-04
  -9.8490090e-04
  -1.0500730e-03
  -1.0790000e-03
  -1.0670220e-03
  -1.0049020e-03
  -8.8528450e-04
  -7.0956670e-04
  -4.8682850e-04
  -2.3496400e-04
   2.2034220e-05
   2.5943860e-04
   4.5275380e-04
   5.7979240e-04
   6.2440750e-04
   5.8433280e-04
   4.7010170e-04
   3.0332970e-04
   1.1753110e-04
  -4.6031650e-05
  -1.4358480e-04
  -1.3809520e-04
  -8.6959190e-06
   2.4951020e-04
   6.2422550e-04
   1.0843750e-03
   1.5861530e-03
   2.0763580e-03
   2.4966030e-03
   2.7946260e-03
   2.9364860e-03
   2.9122020e-03
   2.7342460e-03
   2.4349520e-03
   2.0622450e-03
   1.6692460e-03
   1.3010150e-03
   9.8665610e-04
   7.3935980e-04
   5.6439330e-04
   4.6341530e-04
   4.3534880e-04
   4.7596190e-04
   5.7682630e-04
   7.2598880e-04
   9.0895630e-04
   1.1091770e-03
   1.3097260e-03
   1.4910520e-03
   1.6292080e-03
   1.7055480e-03
   1.7125000e-03
   1.6522700e-03
   1.5361010e-03
   1.3834090e-03
   1.2180340e-03
   1.0638560e-03
   9.3770840e-04
   8.4880670e-04
   7.9791950e-04
   7.7016370e-04
   7.3850370e-04
   6.7377130e-04
   5.5372810e-04
   3.6899000e-04
   1.2800450e-04
  -1.3886280e-04
  -3.8266170e-04
  -5.4971790e-04
  -5.9635380e-04
  -4.9826490e-04
  -2.5861130e-04
   9.0216310e-05
   4.9195540e-04
   8.7601220e-04
   1.1694720e-03
   1.3155770e-03
   1.2923750e-03
   1.1189910e-03
   8.4892480e-04
   5.5693160e-04
   3.2460450e-04
   2.1776220e-04
   2.6407250e-04
   4.4896080e-04
   7.2795250e-04
   1.0420100e-03
   1.3294850e-03
   1.5392530e-03
   1.6438770e-03
   1.6444480e-03
   1.5637980e-03
   1.4315640e-03
   1.2707840e-03
   1.0984790e-03
   9.2765940e-04
   7.6401960e-04
   6.0323450e-04
   4.3307230e-04
   2.4839420e-04
   5.6675180e-05
  -1.2077620e-04
  -2.5100910e-04
  -3.0200250e-04
  -2.5713170e-04
  -1.2307840e-04
   6.9574120e-05
   2.7683390e-04
   4.5748620e-04
   5.8924710e-04
   6.7360700e-04
   7.3113320e-04
   7.9333580e-04
   8.8972900e-04
   1.0364780e-03
   1.2318100e-03
   1.4556780e-03
   1.6774260e-03
   1.8645550e-03
   1.9885420e-03
   2.0290160e-03
   1.9775710e-03
   1.8425530e-03
   1.6459610e-03
   1.4163870e-03
   1.1826910e-03
   9.7043720e-04
   8.0352230e-04
   7.0299810e-04
   6.8538130e-04
   7.5648500e-04
   9.0627830e-04
   1.1123460e-03
   1.3443800e-03
   1.5691740e-03
   1.7584210e-03
   1.8965340e-03
   1.9830150e-03
   2.0268850e-03
   2.0344760e-03
   2.0047050e-03
   1.9294090e-03
   1.7932870e-03
   1.5766280e-03
   1.2631590e-03
   8.4742120e-04
   3.4171660e-04
  -2.2475800e-04
  -8.1445510e-04
  -1.3856120e-03
  -1.8998250e-03
  -2.3272240e-03
  -2.6474180e-03
  -2.8484890e-03
  -2.9201440e-03
  -2.8522290e-03
  -2.6428770e-03
  -2.3046440e-03
  -1.8698770e-03
  -1.3922400e-03
  -9.3478830e-04
  -5.5781610e-04
  -3.0833070e-04
  -2.0416260e-04
  -2.2829650e-04
  -3.3688520e-04
  -4.7566000e-04
  -5.9903580e-04
  -6.7946950e-04
  -7.0798980e-04
  -6.9191620e-04
  -6.4673590e-04
  -5.8938850e-04
  -5.3297120e-04
  -4.8654300e-04
  -4.5794630e-04
  -4.5480220e-04
  -4.8412920e-04
  -5.4843620e-04
  -6.4479100e-04
  -7.6917640e-04
  -9.1271200e-04
  -1.0614350e-03
  -1.2026020e-03
  -1.3287770e-03
  -1.4407550e-03
  -1.5461090e-03
  -1.6504730e-03
  -1.7508050e-03
  -1.8344310e-03
  -1.8803070e-03
  -1.8663780e-03
  -1.7773820e-03
  -1.6131500e-03
  -1.3947310e-03
  -1.1623610e-03
  -9.6866630e-04
  -8.6382240e-04
  -8.7869440e-04
  -1.0134650e-03
  -1.2358050e-03
  -1.4883790e-03
  -1.6979040e-03
  -1.7920380e-03
  -1.7240430e-03
  -1.4839490e-03
  -1.0975720e-03
  -6.1975780e-04
  -1.2251450e-04
   3.2183310e-04
   6.5854480e-04
   8.6141930e-04
   9.3340990e-04
   9.0615860e-04
   8.3202560e-04
   7.6741660e-04
   7.5915860e-04
   8.3548260e-04
   1.0026030e-03
   1.2415860e-03
   1.5140600e-03
   1.7790310e-03
   2.0045090e-03
   2.1726930e-03
   2.2842920e-03
   2.3602330e-03
   2.4330400e-03
   2.5312670e-03
   2.6720650e-03
   2.8576760e-03
   3.0693350e-03
   3.2665630e-03
   3.3954790e-03
   3.3990300e-03
   3.2305680e-03
   2.8703420e-03
   2.3372210e-03
   1.6867760e-03
   9.9623760e-04
   3.3844360e-04
  -2.4040540e-04
  -7.2087310e-04
  -1.1072520e-03
  -1.4244790e-03
  -1.7085900e-03
  -1.9935300e-03
  -2.2949190e-03
  -2.6000780e-03
  -2.8697320e-03
  -3.0504150e-03
  -3.0912780e-03
  -2.9599580e-03
  -2.6483410e-03
  -2.1689160e-03
  -1.5542060e-03
  -8.5134350e-04
  -1.1271070e-04
   6.1549090e-04
   1.3016060e-03
   1.9329330e-03
   2.5113270e-03
   3.0475330e-03
   3.5511420e-03
   4.0136810e-03
   4.3984530e-03
   4.6501910e-03
   4.7107390e-03
   4.5371390e-03
   4.1201870e-03
   3.4922420e-03
   2.7215520e-03
   1.8962220e-03
   1.1070290e-03
   4.2893090e-04
  -9.7708990e-05
  -4.7380090e-04
  -7.3143530e-04
  -9.1903990e-04
  -1.0856960e-03
  -1.2680200e-03
  -1.4865600e-03
  -1.7468320e-03
  -2.0376990e-03
  -2.3323320e-03
  -2.5909230e-03
  -2.7646070e-03
  -2.8018790e-03
  -2.6629920e-03
  -2.3332750e-03
  -1.8290270e-03
  -1.1957820e-03
  -5.0251410e-04
   1.7011710e-04
   7.5430110e-04
   1.2142750e-03
   1.5467440e-03
   1.7710770e-03
   1.9209370e-03
   2.0328320e-03
   2.1360350e-03
   2.2522800e-03
   2.3943530e-03
   2.5617300e-03
   2.7496020e-03
   2.9559280e-03
   3.1824750e-03
   3.4277710e-03
   3.6792960e-03
   3.9165060e-03
   4.1180730e-03
   4.2653890e-03
   4.3403910e-03
   4.3265410e-03
   4.2125410e-03
   3.9926440e-03
   3.6647580e-03
   3.2327900e-03
   2.7095840e-03
   2.1225100e-03
   1.5149680e-03
   9.4163010e-04
   4.5937490e-04
   1.2026890e-04
  -4.3422750e-05
  -3.3078760e-05
   1.1353210e-04
   3.2890620e-04
   5.2978690e-04
   6.3637730e-04
   5.9205110e-04
   3.7241230e-04
  -9.4889650e-06
  -5.0360200e-04
  -1.0374450e-03
  -1.5379060e-03
  -1.9480220e-03
  -2.2383200e-03
  -2.4163820e-03
  -2.5275020e-03
  -2.6398690e-03
  -2.8187400e-03
  -3.1046500e-03
  -3.4967600e-03
  -3.9468200e-03
  -4.3685170e-03
  -4.6587460e-03
  -4.7238560e-03
  -4.5020600e-03
  -3.9765930e-03
  -3.1769180e-03
  -2.1696460e-03
  -1.0471290e-03
   8.4686220e-05
   1.1281940e-03
   2.0180420e-03
   2.7295660e-03
   3.2732410e-03
   3.6808520e-03
   3.9891660e-03
   4.2269300e-03
   4.4037980e-03
   4.5056940e-03
   4.4998380e-03
   4.3493040e-03
   4.0276020e-03
   3.5300880e-03
   2.8771170e-03
   2.1125910e-03
   1.2997090e-03
   5.0863640e-04
  -1.9964660e-04
  -7.8366420e-04
  -1.2302180e-03
  -1.5572990e-03
  -1.8091400e-03
  -2.0356230e-03
  -2.2738050e-03
  -2.5390870e-03
  -2.8165180e-03
  -3.0583210e-03
  -3.1937660e-03
  -3.1494820e-03
  -2.8732270e-03
  -2.3514190e-03
  -1.6199650e-03
  -7.6657650e-04
   8.2978460e-05
   7.9512590e-04
   1.2552070e-03
   1.3950530e-03
   1.2130430e-03
   7.8053030e-04
   2.2799530e-04
  -2.8715790e-04
  -6.1696550e-04
  -6.5790930e-04
  -3.7967390e-04
   1.6876230e-04
   8.7768250e-04
   1.6029570e-03
   2.1986910e-03
   2.5532320e-03
   2.6138480e-03
   2.3963700e-03
   1.9792170e-03
   1.4855220e-03
   1.0557290e-03
   8.1527390e-04
   8.4502640e-04
   1.1622680e-03
   1.7134960e-03
   2.3844120e-03
   3.0270150e-03
   3.4972530e-03
   3.6925480e-03
   3.5810150e-03
   3.2104090e-03
   2.6852800e-03
   2.1300290e-03
   1.6524840e-03
   1.3099070e-03
   1.0930980e-03
   9.3452720e-04
   7.3608250e-04
   4.0867130e-04
  -9.4493020e-05
  -7.6375680e-04
  -1.5372640e-03
  -2.3123640e-03
  -2.9661050e-03
  -3.3848320e-03
  -3.4908120e-03
  -3.2559390e-03
  -2.7078530e-03
  -1.9262480e-03
  -1.0227730e-03
  -1.1604980e-04
   6.8892040e-04
   1.3159250e-03
   1.7218470e-03
   1.8943680e-03
   1.8478900e-03
   1.6155910e-03
   1.2492460e-03
   8.1977480e-04
   4.0727970e-04
   9.2457430e-05
  -5.2738520e-05
   2.2411650e-05
   3.3882620e-04
   8.8139700e-04
   1.5982750e-03
   2.4057830e-03
   3.2008520e-03
   3.8748000e-03
   4.3223240e-03
   4.4556900e-03
   4.2276390e-03
   3.6427420e-03
   2.7554760e-03
   1.6601260e-03
   4.7916830e-04
  -6.4993170e-04
  -1.6008130e-03
  -2.2887200e-03
  -2.6879790e-03
  -2.8323520e-03
  -2.7959690e-03
  -2.6662770e-03
  -2.5167270e-03
  -2.3857610e-03
  -2.2721990e-03
  -2.1434930e-03
  -1.9524120e-03
  -1.6577280e-03
  -1.2416650e-03
  -7.1568340e-04
  -1.1735300e-04
   5.0335900e-04
   1.0969600e-03
   1.6225270e-03
   2.0504360e-03
   2.3616340e-03
   2.5424300e-03
   2.5849000e-03
   2.4877180e-03
   2.2519260e-03
   1.8809220e-03
   1.3865390e-03
   7.9145380e-04
   1.2636200e-04
  -5.6902550e-04
  -1.2416610e-03
  -1.8303910e-03
  -2.2793030e-03
  -2.5500220e-03
  -2.6267100e-03
  -2.5211510e-03
  -2.2759560e-03
  -1.9615000e-03
  -1.6632390e-03
  -1.4585800e-03
  -1.3941170e-03
  -1.4736090e-03
  -1.6598380e-03
  -1.8867410e-03
  -2.0780330e-03
  -2.1681670e-03
  -2.1258550e-03
  -1.9679510e-03
  -1.7548380e-03
  -1.5647250e-03
  -1.4633200e-03
  -1.4829100e-03
  -1.6172250e-03
  -1.8291830e-03
  -2.0650030e-03
  -2.2751760e-03
  -2.4300290e-03
  -2.5259350e-03
  -2.5813520e-03
  -2.6193850e-03
  -2.6518550e-03
  -2.6755230e-03
  -2.6798840e-03
  -2.6545450e-03
  -2.5972630e-03
  -2.5165550e-03
  -2.4290520e-03
  -2.3505580e-03
  -2.2837350e-03
  -2.2151240e-03
  -2.1183920e-03
  -1.9612230e-03
  -1.7076910e-03
  -1.3214740e-03
  -7.7192540e-04
  -4.0753130e-05
   8.7319300e-04
   1.9473970e-03
   3.1342780e-03
   4.3659230e-03
   5.5592100e-03
   6.6292280e-03
   7.5028210e-03
   8.1279950e-03
   8.4787320e-03
   8.5545350e-03
   8.3778950e-03
   7.9865810e-03
   7.4211330e-03
   6.7161440e-03
   5.9020030e-03
   5.0076890e-03
   4.0618380e-03
   3.0941020e-03
   2.1298530e-03
   1.1809760e-03
   2.4813410e-04
  -6.7067350e-04
  -1.5764210e-03
  -2.4596960e-03
  -3.2888540e-03
  -4.0150990e-03
  -4.5804270e-03
  -4.9288510e-03
  -5.0171040e-03
  -4.8246590e-03
  -4.3661770e-03
  -3.6950110e-03
  -2.8977710e-03
  -2.0842960e-03
  -1.3740590e-03
  -8.7695520e-04
  -6.6990860e-04
  -7.7534040e-04
  -1.1529920e-03
  -1.7086200e-03
  -2.3193730e-03
  -2.8667970e-03
  -3.2580270e-03
  -3.4447370e-03
  -3.4318820e-03
  -3.2743570e-03
  -3.0580850e-03
  -2.8698880e-03
  -2.7701710e-03
  -2.7783820e-03
  -2.8698240e-03
  -2.9809150e-03
  -3.0276400e-03
  -2.9292200e-03
  -2.6272570e-03
  -2.1032400e-03
  -1.3818650e-03
  -5.1901440e-04
   4.1620750e-04
   1.3567010e-03
   2.2538110e-03
   3.0865240e-03
   3.8505830e-03
   4.5402510e-03
   5.1347110e-03
   5.5984260e-03
   5.8911000e-03
   5.9788440e-03
   5.8492420e-03
   5.5200570e-03
   5.0371610e-03
   4.4667690e-03
   3.8810560e-03
   3.3471150e-03
   2.9157110e-03
   2.6144810e-03
   2.4455420e-03
   2.3832920e-03
   2.3771160e-03
   2.3607770e-03
   2.2653630e-03
   2.0302820e-03
   1.6166840e-03
   1.0201420e-03
   2.7560510e-04
  -5.4887310e-04
  -1.3634700e-03
  -2.0735100e-03
  -2.5986600e-03
  -2.8836900e-03
  -2.9065850e-03
  -2.6841970e-03
  -2.2703030e-03
  -1.7460350e-03
  -1.2081210e-03
  -7.5039520e-04
  -4.4314290e-04
  -3.2151460e-04
  -3.8088180e-04
  -5.8186010e-04
  -8.6094860e-04
  -1.1410460e-03
  -1.3444190e-03
  -1.4046580e-03
  -1.2781360e-03
  -9.5866580e-04
  -4.8509760e-04
   6.9676550e-05
   6.2110770e-04
   1.0900640e-03
   1.4147570e-03
   1.5623800e-03
   1.5353000e-03
   1.3663040e-03
   1.1068110e-03
   8.0770220e-04
   5.0233280e-04
   2.0207100e-04
  -9.4125040e-05
  -3.9099050e-04
  -6.9083430e-04
  -9.9165020e-04
  -1.2837560e-03
  -1.5439230e-03
  -1.7330550e-03
  -1.8058150e-03
  -1.7300290e-03
  -1.5011050e-03
  -1.1479840e-03
  -7.3057800e-04
  -3.2883610e-04
  -2.0951940e-05
   1.3953030e-04
   1.3147610e-04
  -3.7067130e-05
  -3.3666640e-04
  -7.2272820e-04
  -1.1406010e-03
  -1.5303390e-03
  -1.8341410e-03
  -2.0054180e-03
  -2.0191570e-03
  -1.8821120e-03
  -1.6358130e-03
  -1.3482710e-03
  -1.0986120e-03
  -9.6301770e-04
  -1.0033150e-03
  -1.2475870e-03
  -1.6742790e-03
  -2.2169420e-03
  -2.7786040e-03
  -3.2502570e-03
  -3.5323610e-03
  -3.5555440e-03
  -3.2923590e-03
  -2.7608130e-03
  -2.0187370e-03
  -1.1485650e-03
  -2.4377830e-04
   6.0862850e-04
   1.3431700e-03
   1.9223990e-03
   2.3391380e-03
   2.6146500e-03
   2.7905480e-03
   2.9116240e-03
   3.0102380e-03
   3.0977760e-03
   3.1580090e-03
   3.1480520e-03
   3.0106190e-03
   2.6937250e-03
   2.1698330e-03
   1.4493160e-03
   5.8507670e-04
  -3.3580240e-04
  -1.2096550e-03
  -1.9352820e-03
  -2.4357800e-03
  -2.6730050e-03
  -2.6559790e-03
  -2.4363000e-03
  -2.0897840e-03
  -1.7007810e-03
  -1.3510000e-03
  -1.1030890e-03
  -9.9170160e-04
  -1.0213370e-03
  -1.1706590e-03
  -1.4008860e-03
  -1.6682470e-03
  -1.9341930e-03
  -2.1654580e-03
  -2.3342210e-03
  -2.4174130e-03
  -2.3983660e-03
  -2.2649610e-03
  -2.0084080e-03
  -1.6268650e-03
  -1.1339280e-03
  -5.6599180e-04
   2.3244570e-05
   5.7203010e-04
   1.0196380e-03
   1.3155660e-03
   1.4305270e-03
   1.3650380e-03
   1.1492040e-03
   8.3682560e-04
   4.9554070e-04
   1.9491110e-04
  -4.4325710e-06
  -5.5385130e-05
   7.1503570e-05
   3.8651430e-04
   8.8353900e-04
   1.5420880e-03
   2.3232510e-03
   3.1680040e-03
   4.0064410e-03
   4.7621450e-03
   5.3581240e-03
   5.7299560e-03
   5.8299050e-03
   5.6327230e-03
   5.1373680e-03
   4.3625860e-03
   3.3507290e-03
   2.1717080e-03
   9.2006920e-04
  -2.9034320e-04
  -1.3329890e-03
  -2.0916570e-03
  -2.4907130e-03
  -2.5203770e-03
  -2.2429250e-03
  -1.7776050e-03
  -1.2716640e-03
  -8.6269560e-04
  -6.4497860e-04
  -6.4734340e-04
  -8.3445140e-04
  -1.1286200e-03
  -1.4365490e-03
  -1.6794820e-03
  -1.8158830e-03
  -1.8457950e-03
  -1.8063120e-03
  -1.7580490e-03
  -1.7618640e-03
  -1.8562570e-03
  -2.0460300e-03
  -2.3032670e-03
  -2.5767810e-03
  -2.8096360e-03
  -2.9537100e-03
  -2.9812190e-03
  -2.8874120e-03
  -2.6852670e-03
  -2.4025680e-03
  -2.0775180e-03
  -1.7505430e-03
  -1.4524590e-03
  -1.1993820e-03
  -9.9470130e-04
  -8.3002310e-04
  -6.9450750e-04
  -5.8314750e-04
  -5.0381000e-04
  -4.7765080e-04
  -5.2502470e-04
  -6.5513780e-04
  -8.6708530e-04
  -1.1494820e-03
  -1.4824220e-03
  -1.8438060e-03
  -2.2112040e-03
  -2.5623460e-03
  -2.8721370e-03
  -3.1096700e-03
  -3.2395620e-03
  -3.2281130e-03
  -3.0515850e-03
  -2.7036370e-03
  -2.2014630e-03
  -1.5851270e-03
  -9.1209580e-04
  -2.4563010e-04
   3.5997040e-04
   8.6771770e-04
   1.2580660e-03
   1.5300230e-03
   1.6950270e-03
   1.7651000e-03
   1.7470080e-03
   1.6401040e-03
   1.4447240e-03
   1.1752030e-03
   8.6637220e-04
   5.7248030e-04
   3.5884910e-04
   2.8179520e-04
   3.7106110e-04
   6.1651240e-04
   9.6226200e-04
   1.3219100e-03
   1.6033760e-03
   1.7302470e-03
   1.6571620e-03
   1.3831200e-03
   9.6007710e-04
   4.8545430e-04
   8.1995370e-05
  -1.2743220e-04
  -4.7960230e-05
   3.6594610e-04
   1.1020690e-03
   2.0946100e-03
   3.2417320e-03
   4.4268030e-03
   5.5377610e-03
   6.4839560e-03
   7.2136860e-03
   7.7180470e-03
   8.0222390e-03
   8.1663720e-03
   8.1870980e-03
   8.1051340e-03
   7.9177820e-03
   7.6000980e-03
   7.1167880e-03
   6.4379770e-03
   5.5544240e-03
   4.4936130e-03
   3.3280800e-03
   2.1680050e-03
   1.1411490e-03
   3.6744020e-04
  -6.6105210e-05
  -1.2348420e-04
   1.6903790e-04
   7.2950300e-04
   1.4381380e-03
   2.1607690e-03
   2.7746450e-03
   3.1905250e-03
   3.3669040e-03
   3.3149580e-03
   3.0878990e-03
   2.7536960e-03
   2.3692120e-03
   1.9659870e-03
   1.5448990e-03
   1.0857020e-03
   5.6374940e-04
  -3.2420430e-05
  -6.8652650e-04
  -1.3543520e-03
  -1.9764720e-03
  -2.4933170e-03
  -2.8578930e-03
  -3.0470720e-03
  -3.0683670e-03
  -2.9595070e-03
  -2.7801900e-03
  -2.5954280e-03
  -2.4624740e-03
  -2.4242530e-03
  -2.5018750e-03
  -2.6864730e-03
  -2.9379970e-03
  -3.1927840e-03
  -3.3777490e-03
  -3.4252670e-03
  -3.2874160e-03
  -2.9468820e-03
  -2.4185920e-03
  -1.7438680e-03
  -9.8095910e-04
  -1.9355310e-04
   5.5813560e-04
   1.2192940e-03
   1.7484340e-03
   2.1262030e-03
   2.3562720e-03
   2.4587700e-03
   2.4617030e-03
   2.3928260e-03
   2.2734120e-03
   2.1138860e-03
   1.9166400e-03
   1.6800210e-03
   1.4016810e-03
   1.0809220e-03
   7.1996660e-04
   3.2498950e-04
  -9.7828000e-05
  -5.4661870e-04
  -1.0242490e-03
  -1.5345310e-03
  -2.0809630e-03
  -2.6658880e-03
  -3.2854740e-03
  -3.9271480e-03
  -4.5662670e-03
  -5.1622960e-03
  -5.6619920e-03
  -6.0078310e-03
  -6.1489950e-03
  -6.0503320e-03
  -5.6952730e-03
  -5.0854470e-03
  -4.2448480e-03
  -3.2231270e-03
  -2.0937480e-03
  -9.4146480e-04
   1.5349130e-04
   1.1229300e-03
   1.9199440e-03
   2.5242760e-03
   2.9390790e-03
   3.1910350e-03
   3.3305990e-03
   3.4221580e-03
   3.5299540e-03
   3.7044430e-03
   3.9728360e-03
   4.3326570e-03
   4.7512210e-03
   5.1789500e-03
   5.5636210e-03
   5.8547950e-03
   6.0052330e-03
   5.9813620e-03
   5.7733650e-03
   5.3945970e-03
   4.8756430e-03
   4.2588220e-03
   3.5871130e-03
   2.8979920e-03
   2.2234180e-03
   1.5864140e-03
   9.9882220e-04
   4.6686490e-04
  -8.5209420e-06
  -4.3427280e-04
  -8.2585520e-04
  -1.2023310e-03
  -1.5839640e-03
  -1.9909060e-03
  -2.4398310e-03
  -2.9387700e-03
  -3.4828290e-03
  -4.0532130e-03
  -4.6155950e-03
  -5.1263960e-03
  -5.5499780e-03
  -5.8741340e-03
  -6.1156890e-03
  -6.3140940e-03
  -6.5133740e-03
  -6.7372290e-03
  -6.9709650e-03
  -7.1626400e-03
  -7.2337940e-03
  -7.1024420e-03
  -6.7123130e-03
  -6.0522230e-03
  -5.1627610e-03
  -4.1260740e-03
  -3.0477430e-03
  -2.0358280e-03
  -1.1773360e-03
  -5.2405270e-04
  -8.9538870e-05
   1.4504500e-04
   2.1779410e-04
   1.6716570e-04
   2.4524790e-05
  -1.8285810e-04
  -4.2726610e-04
  -6.7284060e-04
  -8.7237760e-04
  -9.7652120e-04
  -9.4842970e-04
  -7.7926950e-04
  -4.9611490e-04
  -1.6009820e-04
   1.4997730e-04
   3.6271860e-04
   4.3526110e-04
   3.6130760e-04
   1.6942880e-04
  -8.9894130e-05
  -3.6352520e-04
  -6.1114980e-04
  -8.1392830e-04
  -9.6951750e-04
  -1.0789240e-03
  -1.1360310e-03
  -1.1226270e-03
  -1.0145390e-03
  -7.9208750e-04
  -4.5006080e-04
  -4.6314720e-06
   5.0496670e-04
   1.0255650e-03
   1.5035670e-03
   1.8962480e-03
   2.1784380e-03
   2.3460920e-03
   2.4146690e-03
   2.4142550e-03
   2.3814520e-03
   2.3494860e-03
   2.3429050e-03
   2.3790320e-03
   2.4702550e-03
   2.6256980e-03
   2.8507700e-03
   3.1406770e-03
   3.4739850e-03
   3.8191580e-03
   4.1434570e-03
   4.4193700e-03
   4.6265070e-03
   4.7565100e-03
   4.8156980e-03
   4.8177010e-03
   4.7712810e-03
   4.6711430e-03
   4.5009420e-03
   4.2450300e-03
   3.8990600e-03
   3.4746770e-03
   3.0014850e-03
   2.5220720e-03
   2.0778580e-03
   1.6955640e-03
   1.3792630e-03
   1.1112100e-03
   8.6082020e-04
   5.9589390e-04
   2.9099190e-04
  -7.0157570e-05
  -4.9076730e-04
  -9.6088460e-04
  -1.4615140e-03
  -1.9703330e-03
  -2.4598900e-03
  -2.9010420e-03
  -3.2637960e-03
  -3.5181930e-03
  -3.6394550e-03
  -3.6111820e-03
  -3.4320980e-03
  -3.1188490e-03
  -2.7019150e-03
  -2.2237370e-03
  -1.7344130e-03
  -1.2823600e-03
  -9.0923700e-04
  -6.4667630e-04
  -5.1344080e-04
  -5.1656980e-04
  -6.5162880e-04
  -8.9926850e-04
  -1.2251840e-03
  -1.5897340e-03
  -1.9576940e-03
  -2.3078190e-03
  -2.6325460e-03
  -2.9297210e-03
  -3.1920500e-03
  -3.4019140e-03
  -3.5389400e-03
  -3.5922680e-03
  -3.5683840e-03
  -3.4950250e-03
  -3.4145090e-03
  -3.3646490e-03
  -3.3624580e-03
  -3.3926470e-03
  -3.4063680e-03
  -3.3308430e-03
  -3.0965750e-03
  -2.6672980e-03
  -2.0486550e-03
  -1.2800090e-03
  -4.2204030e-04
   4.6021610e-04
   1.3102750e-03
   2.0869960e-03
   2.7611640e-03
   3.3117940e-03
   3.7231900e-03
   3.9840180e-03
   4.0917400e-03
   4.0548950e-03
   3.8913550e-03
   3.6249110e-03
   3.2835460e-03
   2.8949000e-03
   2.4840150e-03
   2.0724610e-03
   1.6765370e-03
   1.3046150e-03
   9.5763200e-04
   6.3675200e-04
   3.4511430e-04
   7.9499480e-05
  -1.7374630e-04
  -4.3703680e-04
  -7.3836870e-04
  -1.1073430e-03
  -1.5707910e-03
  -2.1409400e-03
  -2.8068490e-03
  -3.5322460e-03
  -4.2559030e-03
  -4.8996130e-03
  -5.3808810e-03
  -5.6263330e-03
  -5.5861270e-03
  -5.2440450e-03
  -4.6229200e-03
  -3.7757680e-03
  -2.7770320e-03
  -1.7143020e-03
  -6.7643780e-04
   2.5685080e-04
   1.0239100e-03
   1.5919210e-03
   1.9608930e-03
   2.1555080e-03
   2.2104730e-03
   2.1552640e-03
   2.0069230e-03
   1.7693690e-03
   1.4426540e-03
   1.0374690e-03
   5.8288900e-04
   1.2804570e-04
  -2.6947490e-04
  -5.6002150e-04
  -7.1611730e-04
  -7.4003610e-04
  -6.5810090e-04
  -5.1375760e-04
  -3.6436330e-04
  -2.6986460e-04
  -2.7960550e-04
  -4.2457930e-04
  -7.1316640e-04
  -1.1272710e-03
  -1.6211250e-03
  -2.1313830e-03
  -2.5939140e-03
  -2.9542210e-03
  -3.1782710e-03
  -3.2607440e-03
  -3.2222340e-03
  -3.1031740e-03
  -2.9528590e-03
  -2.8221110e-03
  -2.7584300e-03
  -2.7969240e-03
  -2.9536630e-03
  -3.2251150e-03
  -3.5865510e-03
  -3.9930030e-03
  -4.3821860e-03
  -4.6806450e-03
  -4.8217030e-03
  -4.7703490e-03
  -4.5341750e-03
  -4.1580270e-03
  -3.7024510e-03
  -3.2225330e-03
  -2.7532110e-03
  -2.2998620e-03
  -1.8399540e-03
  -1.3345000e-03
  -7.4733270e-04
  -6.0588400e-05
   7.1553300e-04
   1.5458430e-03
   2.3824950e-03
   3.1804390e-03
   3.9090700e-03
   4.5522720e-03
   5.1006980e-03
   5.5376920e-03
   5.8333020e-03
   5.9490860e-03
   5.8461120e-03
   5.4957900e-03
   4.8879530e-03
   4.0398890e-03
   2.9974560e-03
   1.8281770e-03
   6.1007540e-04
  -5.8025490e-04
  -1.6722350e-03
  -2.6024190e-03
  -3.3204310e-03
  -3.7889720e-03
  -3.9898260e-03
  -3.9296110e-03
  -3.6323130e-03
  -3.1309900e-03
  -2.4681000e-03
  -1.6928810e-03
  -8.5346880e-04
   9.2053700e-06
   8.6464310e-04
   1.6952290e-03
   2.4901460e-03
   3.2363840e-03
   3.9195410e-03
   4.5301460e-03
   5.0617460e-03
   5.5070250e-03
   5.8602020e-03
   6.1170390e-03
   6.2722180e-03
   6.3186380e-03
   6.2465500e-03
   6.0435780e-03
   5.6961890e-03
   5.1921530e-03
   4.5274630e-03
   3.7247460e-03
   2.8391400e-03
   1.9452510e-03
   1.1139810e-03
   3.9407620e-04
  -1.9022650e-04
  -6.3831490e-04
  -9.7047680e-04
  -1.2261050e-03
  -1.4575780e-03
  -1.7089780e-03
  -1.9986150e-03
  -2.3185840e-03
  -2.6414660e-03
  -2.9286750e-03
  -3.1432700e-03
  -3.2591840e-03
  -3.2633170e-03
  -3.1555530e-03
  -2.9483210e-03
  -2.6676860e-03
  -2.3501800e-03
  -2.0367300e-03
  -1.7681500e-03
  -1.5801610e-03
  -1.4972050e-03
  -1.5278870e-03
  -1.6546770e-03
  -1.8307350e-03
  -1.9900330e-03
  -2.0642330e-03
  -1.9986870e-03
  -1.7598110e-03
  -1.3377290e-03
  -7.4735760e-04
  -2.8429610e-05
   7.5637170e-04
   1.5271460e-03
   2.1998720e-03
   2.7017900e-03
   2.9835090e-03
   3.0313910e-03
   2.8748030e-03
   2.5818380e-03
   2.2409850e-03
   1.9371910e-03
   1.7361520e-03
   1.6761520e-03
   1.7658280e-03
   1.9880600e-03
   2.3048550e-03
   2.6690760e-03
   3.0381060e-03
   3.3806630e-03
   3.6778940e-03
   3.9255950e-03
   4.1323780e-03
   4.3142620e-03
   4.4943340e-03
   4.6983930e-03
   4.9436930e-03
   5.2304410e-03
   5.5487000e-03
   5.8850040e-03
   6.2194100e-03
   6.5207440e-03
   6.7467280e-03
   6.8483110e-03
   6.7799570e-03
   6.5091730e-03
   6.0235150e-03
   5.3395320e-03
   4.5043600e-03
   3.5916180e-03
   2.6931120e-03
   1.9022560e-03
   1.2907020e-03
   8.9684000e-04
   7.2334540e-04
   7.4103700e-04
   8.9831500e-04
   1.1342500e-03
   1.3907630e-03
   1.6231510e-03
   1.8070300e-03
   1.9406470e-03
   2.0423180e-03
   2.1428960e-03
   2.2729130e-03
   2.4473020e-03
   2.6528740e-03
   2.8507160e-03
   2.9828150e-03
   2.9812340e-03
   2.7845940e-03
   2.3545030e-03
   1.6856680e-03
   8.1346880e-04
  -1.8891780e-04
  -1.2261610e-03
  -2.2041510e-03
  -3.0445770e-03
  -3.7003130e-03
  -4.1675590e-03
  -4.4783730e-03
  -4.6846430e-03
  -4.8423900e-03
  -5.0027540e-03
  -5.2043350e-03
  -5.4635370e-03
  -5.7685060e-03
  -6.0821070e-03
  -6.3590260e-03
  -6.5675830e-03
  -6.7028500e-03
  -6.7878580e-03
  -6.8597370e-03
  -6.9496060e-03
  -7.0685320e-03
  -7.2035320e-03
  -7.3228330e-03
  -7.3923490e-03
  -7.3864480e-03
  -7.2940700e-03
  -7.1183830e-03
  -6.8733390e-03
  -6.5804300e-03
  -6.2584280e-03
  -5.9222850e-03
  -5.5843550e-03
  -5.2412320e-03
  -4.8699100e-03
  -4.4384330e-03
  -3.9176000e-03
  -3.2896480e-03
  -2.5543320e-03
  -1.7308980e-03
  -8.5635140e-04
   1.4344480e-05
   8.1129590e-04
   1.4616780e-03
   1.9014000e-03
   2.0883660e-03
   2.0178700e-03
   1.7292630e-03
   1.2995580e-03
   8.3113940e-04
   4.3117880e-04
   1.8629910e-04
   1.3766650e-04
   2.7263760e-04
   5.3330850e-04
   8.3441350e-04
   1.0805110e-03
   1.1864760e-03
   1.1032870e-03
   8.2927170e-04
   4.0676040e-04
  -8.3373810e-05
  -5.3850440e-04
  -8.6294540e-04
  -9.9226930e-04
  -9.0893390e-04
  -6.4448070e-04
  -2.6517110e-04
   1.4636300e-04
   5.1086540e-04
   7.7130320e-04
   9.0252100e-04
   9.0806920e-04
   8.1326930e-04
   6.6264660e-04
   5.1166760e-04
   4.1040940e-04
   3.9394430e-04
   4.8344630e-04
   6.9086070e-04
   1.0180410e-03
   1.4506920e-03
   1.9603680e-03
   2.5124920e-03
   3.0707240e-03
   3.6028260e-03
   4.0838790e-03
   4.4932440e-03
   4.8121650e-03
   5.0269040e-03
   5.1354400e-03
   5.1565960e-03
   5.1299670e-03
   5.1058030e-03
   5.1317970e-03
   5.2380120e-03
   5.4249460e-03
   5.6627140e-03
   5.8964810e-03
   6.0563590e-03
   6.0747570e-03
   5.9120230e-03
   5.5750430e-03
   5.1153850e-03
   4.6098860e-03
   4.1337760e-03
   3.7464440e-03
   3.4840620e-03
   3.3517590e-03
   3.3279120e-03
   3.3794640e-03
   3.4758930e-03
   3.5959940e-03
   3.7276060e-03
   3.8651150e-03
   4.0021270e-03
   4.1260890e-03
   4.2198510e-03
   4.2614810e-03
   4.2281240e-03
   4.1039840e-03
   3.8873690e-03
   3.5952910e-03
   3.2662380e-03
   2.9517510e-03
   2.7020850e-03
   2.5546440e-03
   2.5236550e-03
   2.5992830e-03
   2.7560800e-03
   2.9630810e-03
   3.1886320e-03
   3.4005680e-03
   3.5719540e-03
   3.6864430e-03
   3.7437880e-03
   3.7598390e-03
   3.7612700e-03
   3.7724930e-03
   3.8090030e-03
   3.8862470e-03
   4.0197990e-03
   4.2208920e-03
   4.4906920e-03
   4.8154240e-03
   5.1674090e-03
   5.5150570e-03
   5.8304680e-03
   6.0910240e-03
   6.2833930e-03
   6.4102340e-03
   6.4903350e-03
   6.5489800e-03
   6.6077810e-03
   6.6786020e-03
   6.7655540e-03
   6.8704180e-03
   6.9929960e-03
   7.1282440e-03
   7.2642680e-03
   7.3816890e-03
   7.4543890e-03
   7.4531960e-03
   7.3551760e-03
   7.1528940e-03
   6.8595670e-03
   6.5120330e-03
   6.1611910e-03
   5.8572080e-03
   5.6309100e-03
   5.4805130e-03
   5.3725610e-03
   5.2526880e-03
   5.0637100e-03
   4.7630710e-03
   4.3349830e-03
   3.7952420e-03
   3.1878310e-03
   2.5770970e-03
   2.0346200e-03
   1.6256670e-03
   1.3961720e-03
   1.3643280e-03
   1.5132870e-03
   1.7939990e-03
   2.1405380e-03
   2.4881210e-03
   2.7848490e-03
   2.9969470e-03
   3.1079460e-03
   3.1181510e-03
   3.0389630e-03
   2.8825140e-03
   2.6582090e-03
   2.3751420e-03
   2.0402460e-03
   1.6602440e-03
   1.2461240e-03
   8.1664800e-04
   3.9748190e-04
   1.4536940e-05
  -3.1161510e-04
  -5.6574790e-04
  -7.3570620e-04
  -8.1283650e-04
  -7.9651360e-04
  -6.9592030e-04
  -5.2717740e-04
  -3.0762650e-04
  -4.7848310e-05
   2.4867460e-04
   5.7732760e-04
   9.2946950e-04
   1.2884870e-03
   1.6264740e-03
   1.9034910e-03
   2.0710610e-03
   2.0862580e-03
   1.9199600e-03
   1.5651960e-03
   1.0441800e-03
   4.0656230e-04
  -2.8268770e-04
  -9.4943890e-04
  -1.5179060e-03
  -1.9280360e-03
  -2.1444580e-03
  -2.1627320e-03
  -2.0125560e-03
  -1.7507100e-03
  -1.4458180e-03
  -1.1643820e-03
  -9.5845260e-04
  -8.5946650e-04
  -8.7588740e-04
  -9.9123310e-04
  -1.1710850e-03
  -1.3709920e-03
  -1.5439380e-03
  -1.6522330e-03
  -1.6767910e-03
  -1.6195580e-03
  -1.5038380e-03
  -1.3682310e-03
  -1.2543640e-03
  -1.1952630e-03
  -1.2078340e-03
  -1.2912250e-03
  -1.4231710e-03
  -1.5695370e-03
  -1.6995150e-03
  -1.7929580e-03
  -1.8449830e-03
  -1.8622420e-03
  -1.8565920e-03
  -1.8450760e-03
  -1.8459410e-03
  -1.8699740e-03
  -1.9140680e-03
  -1.9612710e-03
  -1.9811070e-03
  -1.9370090e-03
  -1.8017930e-03
  -1.5689560e-03
  -1.2564040e-03
  -9.0520890e-04
  -5.6928500e-04
  -2.9440560e-04
  -1.0541610e-04
  -5.2802400e-06
   1.6471230e-05
  -2.4740920e-05
  -1.2063370e-04
  -2.6924450e-04
  -4.6519620e-04
  -6.9534340e-04
  -9.4290650e-04
  -1.1901610e-03
  -1.4152420e-03
  -1.5919690e-03
  -1.6986380e-03
  -1.7280180e-03
  -1.6926500e-03
  -1.6224980e-03
  -1.5543140e-03
  -1.5195300e-03
  -1.5409310e-03
  -1.6322340e-03
  -1.8012140e-03
  -2.0562430e-03
  -2.4016600e-03
  -2.8333240e-03
  -3.3406100e-03
  -3.9052100e-03
  -4.4960240e-03
  -5.0684970e-03
  -5.5697460e-03
  -5.9474910e-03
  -6.1575780e-03
  -6.1748350e-03
  -6.0053360e-03
  -5.6922760e-03
  -5.3092580e-03
  -4.9419430e-03
  -4.6651790e-03
  -4.5190720e-03
  -4.5009930e-03
  -4.5709010e-03
  -4.6620850e-03
  -4.7024270e-03
  -4.6394750e-03
  -4.4567430e-03
  -4.1785790e-03
  -3.8694050e-03
  -3.6154290e-03
  -3.4943240e-03
  -3.5536810e-03
  -3.8003840e-03
  -4.1987430e-03
  -4.6766850e-03
  -5.1456740e-03
  -5.5267320e-03
  -5.7663800e-03
  -5.8406490e-03
  -5.7532290e-03
  -5.5275140e-03
  -5.1987860e-03
  -4.8063260e-03
  -4.3888050e-03
  -3.9819490e-03
  -3.6178530e-03
  -3.3210520e-03
  -3.1044400e-03
  -2.9676960e-03
  -2.9022660e-03
  -2.8980440e-03
  -2.9425310e-03
  -3.0243770e-03
  -3.1408370e-03
  -3.2942920e-03
  -3.4837520e-03
  -3.7011670e-03
  -3.9278970e-03
  -4.1375590e-03
  -4.3041500e-03
  -4.3997760e-03
  -4.3979890e-03
  -4.2874340e-03
  -4.0772150e-03
  -3.7936930e-03
  -3.4764950e-03
  -3.1686630e-03
  -2.9074850e-03
  -2.7116540e-03
  -2.5739870e-03
  -2.4675650e-03
  -2.3585310e-03
  -2.2202980e-03
  -2.0378910e-03
  -1.8127650e-03
  -1.5630490e-03
  -1.3192330e-03
  -1.1196220e-03
  -1.0047200e-03
  -1.0077020e-03
  -1.1463540e-03
  -1.4207720e-03
  -1.8123910e-03
  -2.2908980e-03
  -2.8186450e-03
  -3.3499990e-03
  -3.8394390e-03
  -4.2507360e-03
  -4.5652750e-03
  -4.7858870e-03
  -4.9339550e-03
  -5.0409410e-03
  -5.1396940e-03
  -5.2562380e-03
  -5.4028880e-03
  -5.5782210e-03
  -5.7641340e-03
  -5.9317210e-03
  -6.0520840e-03
  -6.1048660e-03
  -6.0811800e-03
  -5.9870150e-03
  -5.8428980e-03
  -5.6733190e-03
  -5.4943170e-03
  -5.3091580e-03
  -5.1083560e-03
  -4.8720670e-03
  -4.5799220e-03
  -4.2207380e-03
  -3.7965800e-03
  -3.3198470e-03
  -2.8117450e-03
  -2.3020010e-03
  -1.8194020e-03
  -1.3847560e-03
  -1.0067840e-03
  -6.7921870e-04
  -3.8522270e-04
  -1.0621540e-04
   1.7175480e-04
   4.5545500e-04
   7.3901650e-04
   9.9998910e-04
   1.2039240e-03
   1.3169430e-03
   1.3192210e-03
   1.2096520e-03
   1.0015650e-03
   7.2618060e-04
   4.3147510e-04
   1.7180500e-04
  -3.3297140e-06
  -6.1060070e-05
   9.7705100e-06
   1.9858450e-04
   4.7846280e-04
   8.1521360e-04
   1.1728110e-03
   1.5179700e-03
   1.8234940e-03
   2.0711880e-03
   2.2541520e-03
   2.3771690e-03
   2.4528620e-03
   2.4935470e-03
   2.5014930e-03
   2.4644660e-03
   2.3596820e-03
   2.1622750e-03
   1.8570460e-03
   1.4494590e-03
   9.7150930e-04
   4.7728720e-04
   3.0036200e-05
  -3.1135920e-04
  -5.0460340e-04
  -5.3999000e-04
  -4.5258380e-04
  -3.1063620e-04
  -1.9485410e-04
  -1.8122750e-04
  -3.2358840e-04
  -6.3915700e-04
  -1.1064990e-03
  -1.6739610e-03
  -2.2784540e-03
  -2.8676290e-03
  -3.4092680e-03
  -3.8904240e-03
  -4.3078070e-03
  -4.6581670e-03
  -4.9382100e-03
  -5.1461290e-03
  -5.2823990e-03
  -5.3492870e-03
  -5.3511250e-03
  -5.2953620e-03
  -5.1914410e-03
  -5.0505150e-03
  -4.8825570e-03
  -4.6931870e-03
  -4.4853010e-03
  -4.2613750e-03
  -4.0298240e-03
  -3.8076410e-03
  -3.6189740e-03
  -3.4909980e-03
  -3.4406400e-03
  -3.4630200e-03
  -3.5353670e-03
  -3.6288800e-03
  -3.7179940e-03
  -3.7870490e-03
  -3.8351260e-03
  -3.8764420e-03
  -3.9360560e-03
  -4.0410690e-03
  -4.2077280e-03
  -4.4306690e-03
  -4.6802430e-03
  -4.9113920e-03
  -5.0759140e-03
  -5.1345440e-03
  -5.0697630e-03
  -4.8875360e-03
  -4.6166430e-03
  -4.3069360e-03
  -4.0136400e-03
  -3.7765660e-03
  -3.6077170e-03
  -3.4903240e-03
  -3.3803130e-03
  -3.2127860e-03
  -2.9196650e-03
  -2.4497690e-03
  -1.7821940e-03
  -9.3353310e-04
   4.2856220e-05
   1.0671190e-03
   2.0496980e-03
   2.9079070e-03
   3.5788630e-03
   4.0252570e-03
   4.2328490e-03
   4.2133800e-03
   4.0002080e-03
   3.6373810e-03
   3.1707960e-03
   2.6445500e-03
   2.1021040e-03
   1.5807820e-03
   1.1067290e-03
   7.0001790e-04
   3.7786740e-04
   1.4659650e-04
  -1.0512700e-06
  -7.7054880e-05
  -8.8298540e-05
  -3.0362950e-05
   1.1056170e-04
   3.5524420e-04
   7.2498090e-04
   1.2281940e-03
   1.8483950e-03
   2.5475540e-03
   3.2721650e-03
   3.9597620e-03
   4.5551610e-03
   5.0231230e-03
   5.3533730e-03
   5.5530320e-03
   5.6364540e-03
   5.6217070e-03
   5.5269040e-03
   5.3680120e-03
   5.1573500e-03
   4.9054240e-03
   4.6260260e-03
   4.3431600e-03
   4.0908490e-03
   3.9014920e-03
   3.7931370e-03
   3.7630310e-03
   3.7842420e-03
   3.8094890e-03
   3.7779270e-03
   3.6325940e-03
   3.3388800e-03
   2.8944470e-03
   2.3305140e-03
   1.7110080e-03
   1.1222540e-03
   6.5123840e-04
   3.6126400e-04
   2.7967900e-04
   4.0063390e-04
   6.8975160e-04
   1.0896570e-03
   1.5363290e-03
   1.9757290e-03
   2.3734990e-03
   2.7179540e-03
   3.0187230e-03
   3.3016260e-03
   3.5929450e-03
   3.9012810e-03
   4.2108830e-03
   4.4917310e-03
   4.7100990e-03
   4.8364550e-03
   4.8533370e-03
   4.7565170e-03
   4.5474810e-03
   4.2214430e-03
   3.7660220e-03
   3.1698460e-03
   2.4334440e-03
   1.5786290e-03
   6.5204230e-04
  -2.8182680e-04
  -1.1553000e-03
  -1.9196590e-03
  -2.5541810e-03
  -3.0636040e-03
  -3.4724830e-03
  -3.8189050e-03
  -4.1441130e-03
  -4.4803020e-03
  -4.8446800e-03
  -5.2386210e-03
  -5.6458160e-03
  -6.0378450e-03
  -6.3841520e-03
  -6.6599670e-03
  -6.8497970e-03
  -6.9497320e-03
  -6.9714160e-03
  -6.9375690e-03
  -6.8825910e-03
  -6.8564690e-03
  -6.9212790e-03
  -7.1383150e-03
  -7.5507870e-03
  -8.1679410e-03
  -8.9548060e-03
  -9.8409130e-03
  -1.0734800e-02
  -1.1541390e-02
  -1.2180310e-02
  -1.2603430e-02
  -1.2805710e-02
  -1.2825670e-02
  -1.2733820e-02
  -1.2610460e-02
  -1.2523760e-02
  -1.2513590e-02
  -1.2588180e-02
  -1.2727360e-02
  -1.2892670e-02
  -1.3039470e-02
  -1.3127090e-02
  -1.3130330e-02
  -1.3046560e-02
  -1.2889810e-02
  -1.2673850e-02
  -1.2407350e-02
  -1.2099370e-02
  -1.1760190e-02
  -1.1398040e-02
  -1.1016870e-02
  -1.0616390e-02
  -1.0186770e-02
  -9.7090160e-03
  -9.1633710e-03
  -8.5403530e-03
  -7.8468120e-03
  -7.1043160e-03
  -6.3425560e-03
  -5.5913870e-03
  -4.8697870e-03
  -4.1821590e-03
  -3.5151000e-03
  -2.8397390e-03
  -2.1207860e-03
  -1.3294050e-03
  -4.5498870e-04
   4.8549580e-04
   1.4495560e-03
   2.3775460e-03
   3.2097540e-03
   3.8988100e-03
   4.4193470e-03
   4.7832680e-03
   5.0433560e-03
   5.2783440e-03
   5.5689750e-03
   5.9699890e-03
   6.4908610e-03
   7.0910660e-03
   7.6948220e-03
   8.2177270e-03
   8.5947740e-03
   8.8021440e-03
   8.8649650e-03
   8.8437560e-03
   8.8085010e-03
   8.8169940e-03
   8.9111760e-03
   9.1216430e-03
   9.4619120e-03
   9.9219360e-03
   1.0473930e-02
   1.1082500e-02
   1.1714000e-02
   1.2339840e-02
   1.2934140e-02
   1.3467760e-02
   1.3906430e-02
   1.4211100e-02
   1.4341110e-02
   1.4267890e-02
   1.3993480e-02
   1.3555140e-02
   1.3018330e-02
   1.2474610e-02
   1.2025800e-02
   1.1751460e-02
   1.1681320e-02
   1.1785060e-02
   1.1985260e-02
   1.2179780e-02
   1.2271500e-02
   1.2193570e-02
   1.1919230e-02
   1.1460250e-02
   1.0856280e-02
   1.0152860e-02
   9.3884490e-03
   8.5919200e-03
   7.7839010e-03
   6.9784790e-03
   6.1827750e-03
   5.3991760e-03
   4.6314550e-03
   3.8887610e-03
   3.1837540e-03
   2.5334780e-03
   1.9550700e-03
   1.4634030e-03
   1.0708630e-03
   7.8192760e-04
   5.8927260e-04
   4.7234530e-04
   3.9548730e-04
   3.1257560e-04
   1.7470230e-04
  -5.7742810e-05
  -4.0203360e-04
  -8.4688060e-04
  -1.3579300e-03
  -1.8871480e-03
  -2.3835580e-03
  -2.8058400e-03
  -3.1285270e-03
  -3.3461990e-03
  -3.4766220e-03
  -3.5546590e-03
  -3.6204930e-03
  -3.7054410e-03
  -3.8201220e-03
  -3.9502740e-03
  -4.0594680e-03
  -4.1006470e-03
  -4.0355720e-03
  -3.8536600e-03
  -3.5792660e-03
  -3.2654500e-03
  -2.9823730e-03
  -2.7942900e-03
  -2.7430180e-03
  -2.8386100e-03
  -3.0607480e-03
  -3.3713160e-03
  -3.7272820e-03
  -4.0920220e-03
  -4.4406470e-03
  -4.7619480e-03
  -5.0583590e-03
  -5.3374790e-03
  -5.6079190e-03
  -5.8777480e-03
  -6.1498780e-03
  -6.4201580e-03
  -6.6775560e-03
  -6.9070440e-03
  -7.0961600e-03
  -7.2404450e-03
  -7.3462880e-03
  -7.4297880e-03
  -7.5068750e-03
  -7.5817640e-03
  -7.6410130e-03
  -7.6564990e-03
  -7.5872470e-03
  -7.3870820e-03
  -7.0225920e-03
  -6.4888400e-03
  -5.8131630e-03
  -5.0516330e-03
  -4.2791160e-03
  -3.5722220e-03
  -2.9864030e-03
  -2.5329340e-03
  -2.1711970e-03
  -1.8225550e-03
  -1.3950280e-03
  -8.0792780e-04
  -1.2357930e-05
   9.9597420e-04
   2.1765190e-03
   3.4492710e-03
   4.7088710e-03
   5.8453130e-03
   6.7717840e-03
   7.4433530e-03
   7.8619690e-03
   8.0683850e-03
   8.1330160e-03
   8.1368950e-03
   8.1447690e-03
   8.1812530e-03
   8.2318490e-03
   8.2650110e-03
   8.2532980e-03
   8.1953280e-03
   8.1222090e-03
   8.0821560e-03
   8.1173890e-03
   8.2422820e-03
   8.4313610e-03
   8.6308900e-03
   8.7825970e-03
   8.8456450e-03
   8.8153810e-03
   8.7284570e-03
   8.6499630e-03
   8.6492950e-03
   8.7722000e-03
   9.0212160e-03
   9.3568040e-03
   9.7104820e-03
   1.0001490e-02
   1.0157690e-02
   1.0131780e-02
   9.9132710e-03
   9.5302600e-03
   9.0415770e-03
   8.5211210e-03
   8.0394900e-03
   7.6543350e-03
   7.4020530e-03
   7.2914210e-03
   7.2992620e-03
   7.3733410e-03
   7.4454660e-03
   7.4495710e-03
   7.3375090e-03
   7.0910250e-03
   6.7243710e-03
   6.2771830e-03
   5.7984100e-03
   5.3340870e-03
   4.9213650e-03
   4.5818620e-03
   4.3157430e-03
   4.0970230e-03
   3.8788600e-03
   3.5999180e-03
   3.1959330e-03
   2.6158910e-03
   1.8305460e-03
   8.3667750e-04
  -3.3698520e-04
  -1.6302420e-03
  -2.9576450e-03
  -4.2225830e-03
  -5.3305530e-03
  -6.2015750e-03
  -6.7836690e-03
  -7.0665670e-03
  -7.0843650e-03
  -6.9031580e-03
  -6.6041230e-03
  -6.2650310e-03
  -5.9453930e-03
  -5.6776240e-03
  -5.4648410e-03
  -5.2913660e-03
  -5.1352880e-03
  -4.9729260e-03
  -4.7802760e-03
  -4.5367890e-03
  -4.2280220e-03
  -3.8451840e-03
  -3.3869570e-03
  -2.8631330e-03
  -2.2961980e-03
  -1.7152610e-03
  -1.1398900e-03
  -5.7026250e-04
   6.6315860e-06
   6.0809670e-04
   1.2500540e-03
   1.9401680e-03
   2.6731220e-03
   3.4321880e-03
   4.1888240e-03
   4.9069030e-03
   5.5546980e-03
   6.1096390e-03
   6.5566830e-03
   6.8922120e-03
   7.1239860e-03
   7.2700220e-03
   7.3648320e-03
   7.4605830e-03
   7.6135700e-03
   7.8711590e-03
   8.2658480e-03
   8.8092820e-03
   9.4876710e-03
   1.0263500e-02
   1.1085880e-02
   1.1896880e-02
   1.2634580e-02
   1.3239880e-02
   1.3671510e-02
   1.3916600e-02
   1.3992850e-02
   1.3947850e-02
   1.3850850e-02
   1.3776430e-02
   1.3786220e-02
   1.3912240e-02
   1.4149630e-02
   1.4456460e-02
   1.4761620e-02
   1.4990970e-02
   1.5094520e-02
   1.5053650e-02
   1.4878040e-02
   1.4597530e-02
   1.4247150e-02
   1.3850930e-02
   1.3416570e-02
   1.2943760e-02
   1.2433540e-02
   1.1892520e-02
   1.1336630e-02
   1.0791900e-02
   1.0283650e-02
   9.8241090e-03
   9.4093940e-03
   9.0209090e-03
   8.6289270e-03
   8.2013400e-03
   7.7127300e-03
   7.1579360e-03
   6.5576580e-03
   5.9462290e-03
   5.3599810e-03
   4.8256910e-03
   4.3498490e-03
   3.9137720e-03
   3.4871480e-03
   3.0437860e-03
   2.5746780e-03
   2.0961490e-03
   1.6472920e-03
   1.2750860e-03
   1.0180790e-03
   9.0060650e-04
   9.3052060e-04
   1.0924060e-03
   1.3485820e-03
   1.6444920e-03
   1.9222050e-03
   2.1363460e-03
   2.2658840e-03
   2.3147270e-03
   2.3030710e-03
   2.2607240e-03
   2.2185170e-03
   2.1944320e-03
   2.1816590e-03
   2.1475210e-03
   2.0454800e-03
   1.8333770e-03
   1.4867120e-03
   1.0048730e-03
   4.1156370e-04
  -2.5774300e-04
  -9.6536870e-04
  -1.6743890e-03
  -2.3513210e-03
  -2.9641900e-03
  -3.4829530e-03
  -3.8848270e-03
  -4.1550920e-03
  -4.2881930e-03
  -4.2900540e-03
  -4.1860660e-03
  -4.0217320e-03
  -3.8502720e-03
  -3.7161050e-03
  -3.6502540e-03
  -3.6705120e-03
  -3.7811240e-03
  -3.9741350e-03
  -4.2321050e-03
  -4.5335470e-03
  -4.8609040e-03
  -5.1983500e-03
  -5.5282070e-03
  -5.8320960e-03
  -6.0923300e-03
  -6.2918470e-03
  -6.4164490e-03
  -6.4603520e-03
  -6.4320150e-03
  -6.3586230e-03
  -6.2788850e-03
  -6.2275490e-03
  -6.2254690e-03
  -6.2811160e-03
  -6.3979620e-03
  -6.5789700e-03
  -6.8289430e-03
  -7.1537810e-03
  -7.5598210e-03
  -8.0499040e-03
  -8.6227360e-03
  -9.2725510e-03
  -9.9839190e-03
  -1.0728860e-02
  -1.1470060e-02
  -1.2169110e-02
  -1.2793900e-02
  -1.3321080e-02
  -1.3733590e-02
  -1.4021890e-02
  -1.4191620e-02
  -1.4261800e-02
  -1.4257780e-02
  -1.4207430e-02
  -1.4135110e-02
  -1.4052800e-02
  -1.3954860e-02
  -1.3816710e-02
  -1.3604730e-02
  -1.3296270e-02
  -1.2893830e-02
  -1.2426080e-02
  -1.1937870e-02
  -1.1480250e-02
  -1.1099260e-02
  -1.0822210e-02
  -1.0647850e-02
  -1.0544940e-02
  -1.0461560e-02
  -1.0339470e-02
  -1.0133520e-02
  -9.8246420e-03
  -9.4194760e-03
  -8.9438270e-03
  -8.4309240e-03
  -7.9075770e-03
  -7.3858460e-03
  -6.8698420e-03
  -6.3680970e-03
  -5.8961910e-03
  -5.4725410e-03
  -5.1150590e-03
  -4.8401800e-03
  -4.6593680e-03
  -4.5745920e-03
  -4.5756060e-03
  -4.6409590e-03
  -4.7403370e-03
  -4.8400360e-03
  -4.9082040e-03
  -4.9159040e-03
  -4.8416630e-03
  -4.6831180e-03
  -4.4646440e-03
  -4.2318650e-03
  -4.0420050e-03
  -3.9478930e-03
  -3.9821390e-03
  -4.1475020e-03
  -4.4138870e-03
  -4.7227570e-03
  -5.0031090e-03
  -5.1965000e-03
  -5.2752460e-03
  -5.2437820e-03
  -5.1294030e-03
  -4.9686440e-03
  -4.7888640e-03
  -4.5937830e-03
  -4.3688760e-03
  -4.0957820e-03
  -3.7608350e-03
  -3.3520340e-03
  -2.8587690e-03
  -2.2728030e-03
  -1.5873710e-03
  -7.9653380e-04
   9.9927450e-05
   1.0878190e-03
   2.1364140e-03
   3.1967020e-03
   4.1986160e-03
   5.0585980e-03
   5.6989150e-03
   6.0714010e-03
   6.1664160e-03
   6.0102240e-03
   5.6580800e-03
   5.1849350e-03
   4.6693480e-03
   4.1782280e-03
   3.7552510e-03
   3.4150650e-03
   3.1499930e-03
   2.9421380e-03
   2.7738090e-03
   2.6341750e-03
   2.5219710e-03
   2.4459220e-03
   2.4243250e-03
   2.4818490e-03
   2.6413680e-03
   2.9136900e-03
   3.2936190e-03
   3.7584280e-03
   4.2660850e-03
   4.7641680e-03
   5.2046280e-03
   5.5527320e-03
   5.7947870e-03
   5.9428240e-03
   6.0321280e-03
   6.1117470e-03
   6.2329520e-03
   6.4413880e-03
   6.7658070e-03
   7.2106800e-03
   7.7538900e-03
   8.3506240e-03
   8.9432260e-03
   9.4725600e-03
   9.8896480e-03
   1.0162800e-02
   1.0283010e-02
   1.0265140e-02
   1.0148250e-02
   9.9877750e-03
   9.8396360e-03
   9.7467380e-03
   9.7296390e-03
   9.7829820e-03
   9.8777820e-03
   9.9658780e-03
   9.9881050e-03
   9.8883290e-03
   9.6228380e-03
   9.1620680e-03
   8.4939790e-03
   7.6280500e-03
   6.5935230e-03
   5.4304930e-03
   4.1765980e-03
   2.8642330e-03
   1.5274270e-03
   2.0317290e-04
  -1.0682360e-03
  -2.2436800e-03
  -3.2849150e-03
  -4.1641480e-03
  -4.8642540e-03
  -5.3786890e-03
  -5.7110540e-03
  -5.8811190e-03
  -5.9201250e-03
  -5.8590260e-03
  -5.7173180e-03
  -5.5048510e-03
  -5.2287990e-03
  -4.8975360e-03
  -4.5186660e-03
  -4.0986870e-03
  -3.6501690e-03
  -3.2001910e-03
  -2.7888010e-03
  -2.4630900e-03
  -2.2716320e-03
  -2.2527460e-03
  -2.4253270e-03
  -2.7875080e-03
  -3.3174850e-03
  -3.9760150e-03
  -4.7181980e-03
  -5.5070980e-03
  -6.3184230e-03
  -7.1378530e-03
  -7.9543450e-03
  -8.7582990e-03
  -9.5439280e-03
  -1.0307270e-02
  -1.1042950e-02
  -1.1745560e-02
  -1.2409730e-02
  -1.3031040e-02
  -1.3602610e-02
  -1.4115520e-02
  -1.4562860e-02
  -1.4943230e-02
  -1.5258580e-02
  -1.5506520e-02
  -1.5681210e-02
  -1.5778440e-02
  -1.5798450e-02
  -1.5749000e-02
  -1.5644490e-02
  -1.5504300e-02
  -1.5349430e-02
  -1.5200030e-02
  -1.5072630e-02
  -1.4984500e-02
  -1.4951460e-02
  -1.4979570e-02
  -1.5065410e-02
  -1.5197180e-02
  -1.5355150e-02
  -1.5514140e-02
  -1.5648730e-02
  -1.5742170e-02
  -1.5792780e-02
  -1.5811420e-02
  -1.5811810e-02
  -1.5803710e-02
  -1.5788020e-02
  -1.5757510e-02
  -1.5698610e-02
  -1.5597780e-02
  -1.5451770e-02
  -1.5274500e-02
  -1.5096750e-02
  -1.4956420e-02
  -1.4886440e-02
  -1.4905630e-02
  -1.5014660e-02
  -1.5200280e-02
  -1.5440090e-02
  -1.5702960e-02
  -1.5957040e-02
  -1.6179470e-02
  -1.6359780e-02
  -1.6503940e-02
  -1.6634560e-02
  -1.6780600e-02
  -1.6965880e-02
  -1.7205570e-02
  -1.7507030e-02
  -1.7872950e-02
  -1.8301390e-02
  -1.8776630e-02
  -1.9269870e-02
  -1.9744640e-02
  -2.0163340e-02
  -2.0492280e-02
  -2.0703920e-02
  -2.0784210e-02
  -2.0735610e-02
  -2.0566430e-02
  -2.0283480e-02
  -1.9894360e-02
  -1.9412890e-02
  -1.8857610e-02
  -1.8244530e-02
  -1.7576190e-02
  -1.6841950e-02
  -1.6029760e-02
  -1.5139660e-02
  -1.4183500e-02
  -1.3183470e-02
  -1.2169870e-02
  -1.1173920e-02
  -1.0218850e-02
  -9.3183650e-03
  -8.4765950e-03
  -7.6866420e-03
  -6.9286060e-03
  -6.1735430e-03
  -5.3930020e-03
  -4.5704550e-03
  -3.7015480e-03
  -2.7889400e-03
  -1.8358770e-03
  -8.4982220e-04
   1.5526070e-04
   1.1623520e-03
   2.1597110e-03
   3.1460700e-03
   4.1297530e-03
   5.1196820e-03
   6.1226710e-03
   7.1407410e-03
   8.1684980e-03
   9.1937900e-03
   1.0204180e-02
   1.1187790e-02
   1.2134800e-02
   1.3043660e-02
   1.3926290e-02
   1.4796300e-02
   1.5665720e-02
   1.6545570e-02
   1.7446330e-02
   1.8377500e-02
   1.9351750e-02
   2.0384430e-02
   2.1487100e-02
   2.2654610e-02
   2.3862700e-02
   2.5073660e-02
   2.6245740e-02
   2.7341140e-02
   2.8332100e-02
   2.9206550e-02
   2.9969150e-02
   3.0639280e-02
   3.1249440e-02
   3.1836610e-02
   3.2428840e-02
   3.3037560e-02
   3.3655430e-02
   3.4255280e-02
   3.4795780e-02
   3.5231050e-02
   3.5522960e-02
   3.5644560e-02
   3.5582820e-02
   3.5339540e-02
   3.4934970e-02
   3.4407500e-02
   3.3811700e-02
   3.3208850e-02
   3.2654510e-02
   3.2192210e-02
   3.1844910e-02
   3.1605720e-02
   3.1439610e-02
   3.1296710e-02
   3.1123890e-02
   3.0880180e-02
   3.0545350e-02
   3.0121220e-02
   2.9627090e-02
   2.9092910e-02
   2.8554790e-02
   2.8050320e-02
   2.7609810e-02
   2.7251510e-02
   2.6982280e-02
   2.6802570e-02
   2.6712280e-02
   2.6705120e-02
   2.6766290e-02
   2.6874690e-02
   2.7003750e-02
   2.7119520e-02
   2.7178950e-02
   2.7134370e-02
   2.6939720e-02
   2.6560390e-02
   2.5978250e-02
   2.5199300e-02
   2.4256850e-02
   2.3206890e-02
   2.2117970e-02
   2.1062490e-02
   2.0103450e-02
   1.9285290e-02
   1.8626690e-02
   1.8120250e-02
   1.7735340e-02
   1.7430740e-02
   1.7161710e-02
   1.6883900e-02
   1.6559950e-02
   1.6165310e-02
   1.5689820e-02
   1.5138280e-02
   1.4525040e-02
   1.3865260e-02
   1.3164660e-02
   1.2421640e-02
   1.1630250e-02
   1.0781780e-02
   9.8616900e-03
   8.8467680e-03
   7.7083840e-03
   6.4229440e-03
   4.9790190e-03
   3.3876970e-03
   1.6866700e-03
  -6.4125480e-05
  -1.7899350e-03
  -3.4103900e-03
  -4.8578030e-03
  -6.0877360e-03
  -7.0830080e-03
  -7.8486450e-03
  -8.4062170e-03
  -8.7861790e-03
  -9.0183320e-03
  -9.1242830e-03
  -9.1170310e-03
  -9.0091910e-03
  -8.8194180e-03
  -8.5707420e-03
  -8.2844970e-03
  -7.9749260e-03
  -7.6525760e-03
  -7.3203250e-03
  -6.9703660e-03
  -6.5907090e-03
  -6.1790190e-03
  -5.7517510e-03
  -5.3434440e-03
  -4.9998560e-03
  -4.7682450e-03
  -4.6866500e-03
  -4.7745500e-03
  -5.0215960e-03
  -5.3896980e-03
  -5.8224880e-03
  -6.2570450e-03
  -6.6431450e-03
  -6.9601080e-03
  -7.2153120e-03
  -7.4373790e-03
  -7.6643510e-03
  -7.9314130e-03
  -8.2597590e-03
  -8.6516240e-03
  -9.0901590e-03
  -9.5418980e-03
  -9.9590190e-03
  -1.0285800e-02
  -1.0466300e-02
  -1.0453610e-02
  -1.0218510e-02
  -9.7628560e-03
  -9.1217580e-03
  -8.3524190e-03
  -7.5238920e-03
  -6.7066440e-03
  -5.9571550e-03
  -5.3043990e-03
  -4.7506600e-03
  -4.2818540e-03
  -3.8722740e-03
  -3.4882910e-03
  -3.0987480e-03
  -2.6850350e-03
  -2.2448090e-03
  -1.7897520e-03
  -1.3421990e-03
  -9.3114720e-04
  -5.8064160e-04
  -3.0367550e-04
  -1.0609060e-04
   1.2707580e-05
   5.6037890e-05
   2.6282590e-05
  -7.6333380e-05
  -2.5433560e-04
  -5.1455310e-04
  -8.6470760e-04
  -1.3066900e-03
  -1.8346950e-03
  -2.4325160e-03
  -3.0768000e-03
  -3.7455970e-03
  -4.4263520e-03
  -5.1227100e-03
  -5.8523890e-03
  -6.6353790e-03
  -7.4854320e-03
  -8.4063320e-03
  -9.3920040e-03
  -1.0429750e-02
  -1.1508990e-02
  -1.2632060e-02
  -1.3809730e-02
  -1.5047780e-02
  -1.6345220e-02
  -1.7700660e-02
  -1.9117040e-02
  -2.0592600e-02
  -2.2114390e-02
  -2.3659570e-02
  -2.5198560e-02
  -2.6696040e-02
  -2.8117970e-02
  -2.9435230e-02
  -3.0620170e-02
  -3.1643750e-02
  -3.2483770e-02
  -3.3134760e-02
  -3.3608150e-02
  -3.3917190e-02
  -3.4070470e-02
  -3.4076530e-02
  -3.3948000e-02
  -3.3702860e-02
  -3.3362950e-02
  -3.2950580e-02
  -3.2482570e-02
  -3.1966980e-02
  -3.1400530e-02
  -3.0763630e-02
  -3.0025150e-02
  -2.9157920e-02
  -2.8153470e-02
  -2.7031160e-02
  -2.5836330e-02
  -2.4625350e-02
  -2.3444210e-02
  -2.2312610e-02
  -2.1215480e-02
  -2.0107450e-02
  -1.8925470e-02
  -1.7610990e-02
  -1.6132950e-02
  -1.4502050e-02
  -1.2763110e-02
  -1.0980990e-02
  -9.2262380e-03
  -7.5626080e-03
  -6.0347560e-03
  -4.6635310e-03
  -3.4482690e-03
  -2.3724070e-03
  -1.4089280e-03
  -5.2763030e-04
   3.0242620e-04
   1.1081830e-03
   1.9066340e-03
   2.7023070e-03
   3.4931640e-03
   4.2744660e-03
   5.0445260e-03
   5.8106800e-03
   6.5905140e-03
   7.4093370e-03
   8.2928380e-03
   9.2555540e-03
   1.0297460e-02
   1.1407220e-02
   1.2564650e-02
   1.3740790e-02
   1.4906170e-02
   1.6036870e-02
   1.7112650e-02
   1.8109130e-02
   1.9000790e-02
   1.9764000e-02
   2.0376740e-02
   2.0813520e-02
   2.1044470e-02
   2.1041390e-02
   2.0784200e-02
   2.0267500e-02
   1.9502590e-02
   1.8515150e-02
   1.7345920e-02
   1.6045040e-02
   1.4666360e-02
   1.3259840e-02
   1.1864960e-02
   1.0508320e-02
   9.2104550e-03
   7.9943560e-03
   6.8885470e-03
   5.9285210e-03
   5.1515600e-03
   4.5942370e-03
   4.2886960e-03
   4.2530070e-03
   4.4804590e-03
   4.9342070e-03
   5.5432650e-03
   6.2131990e-03
   6.8458460e-03
   7.3682190e-03
   7.7550970e-03
   8.0303070e-03
   8.2504240e-03
   8.4800040e-03
   8.7728750e-03
   9.1568430e-03
   9.6237300e-03
   1.0129430e-02
   1.0607170e-02
   1.0987420e-02
   1.1215640e-02
   1.1265520e-02
   1.1144000e-02
   1.0884760e-02
   1.0535820e-02
   1.0142370e-02
   9.7293550e-03
   9.2934070e-03
   8.8024970e-03
   8.2062690e-03
   7.4521020e-03
   6.4982810e-03
   5.3200640e-03
   3.9085470e-03
   2.2619680e-03
   3.8135430e-04
  -1.7282520e-03
  -4.0543350e-03
  -6.5761460e-03
  -9.2637330e-03
  -1.2074910e-02
  -1.4950840e-02
  -1.7813840e-02
  -2.0570120e-02
  -2.3120870e-02
  -2.5381230e-02
  -2.7300210e-02
  -2.8868750e-02
  -3.0119830e-02
  -3.1109810e-02
  -3.1900310e-02
  -3.2543420e-02
  -3.3070460e-02
  -3.3487600e-02
  -3.3776680e-02
  -3.3900250e-02
  -3.3812040e-02
  -3.3474760e-02
  -3.2876770e-02
  -3.2043070e-02
  -3.1030770e-02
  -2.9918220e-02
  -2.8785970e-02
  -2.7693570e-02
  -2.6667480e-02
  -2.5696640e-02
  -2.4738000e-02
  -2.3732740e-02
  -2.2618580e-02
  -2.1343860e-02
  -1.9877070e-02
  -1.8215660e-02
  -1.6385470e-02
  -1.4432030e-02
  -1.2407000e-02
  -1.0355140e-02
  -8.3040560e-03
  -6.2710700e-03
  -4.2713060e-03
  -2.3234540e-03
  -4.5097540e-04
   1.3167830e-03
   2.9501150e-03
   4.4246780e-03
   5.7354220e-03
   6.8972280e-03
   7.9375730e-03
   8.8826520e-03
   9.7514770e-03
   1.0557960e-02
   1.1315530e-02
   1.2038410e-02
   1.2742720e-02
   1.3442820e-02
   1.4152120e-02
   1.4881410e-02
   1.5637160e-02
   1.6422240e-02
   1.7238220e-02
   1.8083460e-02
   1.8957610e-02
   1.9862410e-02
   2.0800810e-02
   2.1772880e-02
   2.2772070e-02
   2.3780710e-02
   2.4772080e-02
   2.5713440e-02
   2.6576330e-02
   2.7343620e-02
   2.8010690e-02
   2.8580030e-02
   2.9058300e-02
   2.9460040e-02
   2.9808630e-02
   3.0121490e-02
   3.0402590e-02
   3.0648670e-02
   3.0850570e-02
   3.0991830e-02
   3.1048580e-02
   3.0991670e-02
   3.0792560e-02
   3.0425610e-02
   2.9865280e-02
   2.9097820e-02
   2.8136650e-02
   2.7021350e-02
   2.5812520e-02
   2.4591280e-02
   2.3451320e-02
   2.2481340e-02
   2.1745450e-02
   2.1271610e-02
   2.1040190e-02
   2.0976700e-02
   2.0964960e-02
   2.0874420e-02
   2.0589630e-02
   2.0038090e-02
   1.9205450e-02
   1.8131780e-02
   1.6887680e-02
   1.5554510e-02
   1.4208250e-02
   1.2906010e-02
   1.1678860e-02
   1.0537060e-02
   9.4793870e-03
   8.5011880e-03
   7.5994700e-03
   6.7765260e-03
   6.0385610e-03
   5.3963440e-03
   4.8595990e-03
   4.4328900e-03
   4.1152780e-03
   3.9021430e-03
   3.7880210e-03
   3.7680450e-03
   3.8306610e-03
   3.9525700e-03
   4.0907080e-03
   4.1787590e-03
   4.1345150e-03
   3.8777230e-03
   3.3498110e-03
   2.5316810e-03
   1.4498880e-03
   1.7377960e-04
  -1.2012080e-03
  -2.5755730e-03
  -3.8629760e-03
  -4.9988950e-03
  -5.9445110e-03
  -6.6839550e-03
  -7.2195900e-03
  -7.5665900e-03
  -7.7464010e-03
  -7.7814960e-03
  -7.6938280e-03
  -7.5037650e-03
  -7.2259620e-03
  -6.8672130e-03
  -6.4267750e-03
  -5.8975280e-03
  -5.2697200e-03
  -4.5311880e-03
  -3.6699610e-03
  -2.6762770e-03
  -1.5470790e-03
  -2.9495720e-04
   1.0519300e-03
   2.4539040e-03
   3.8650360e-03
   5.2429370e-03
   6.5534240e-03
   7.7670050e-03
   8.8595730e-03
   9.8116450e-03
   1.0613030e-02
   1.1268070e-02
   1.1799680e-02
   1.2245380e-02
   1.2649240e-02
   1.3057760e-02
   1.3513170e-02
   1.4042490e-02
   1.4657290e-02
   1.5362290e-02
   1.6158240e-02
   1.7048500e-02
   1.8040360e-02
   1.9140620e-02
   2.0350840e-02
   2.1659280e-02
   2.3035170e-02
   2.4430340e-02
   2.5784820e-02
   2.7034970e-02
   2.8125240e-02
   2.9016510e-02
   2.9684740e-02
   3.0112440e-02
   3.0284210e-02
   3.0187880e-02
   2.9817250e-02
   2.9177890e-02
   2.8290560e-02
   2.7197220e-02
   2.5960030e-02
   2.4657050e-02
   2.3371960e-02
   2.2183130e-02
   2.1150670e-02
   2.0305910e-02
   1.9642300e-02
   1.9119810e-02
   1.8678210e-02
   1.8256070e-02
   1.7802880e-02
   1.7284870e-02
   1.6684290e-02
   1.5995620e-02
   1.5220880e-02
   1.4365410e-02
   1.3427240e-02
   1.2397990e-02
   1.1268600e-02
   1.0032140e-02
   8.6837920e-03
   7.2256260e-03
   5.6628070e-03
   3.9999310e-03
   2.2371040e-03
   3.6972580e-04
  -1.6012580e-03
  -3.6586760e-03
  -5.7736450e-03
  -7.9115920e-03
  -1.0039350e-02
  -1.2129240e-02
  -1.4164550e-02
  -1.6136930e-02
  -1.8048090e-02
  -1.9914190e-02
  -2.1772110e-02
  -2.3670350e-02
  -2.5655750e-02
  -2.7755710e-02
  -2.9970770e-02
  -3.2272400e-02
  -3.4609820e-02
  -3.6916510e-02
  -3.9123870e-02
  -4.1170410e-02
  -4.3008770e-02
  -4.4606430e-02
  -4.5942050e-02
  -4.7003970e-02
  -4.7791100e-02
  -4.8308720e-02
  -4.8559150e-02
  -4.8533430e-02
  -4.8210510e-02
  -4.7558140e-02
  -4.6543190e-02
  -4.5143840e-02
  -4.3359070e-02
  -4.1215550e-02
  -3.8769620e-02
  -3.6100720e-02
  -3.3307430e-02
  -3.0503300e-02
  -2.7804520e-02
  -2.5317010e-02
  -2.3128700e-02
  -2.1302970e-02
  -1.9875990e-02
  -1.8860790e-02
  -1.8248650e-02
  -1.8009570e-02
  -1.8093730e-02
  -1.8442720e-02
  -1.9003700e-02
  -1.9738880e-02
  -2.0629990e-02
  -2.1676970e-02
  -2.2893180e-02
  -2.4292670e-02
  -2.5877090e-02
  -2.7636250e-02
  -2.9550020e-02
  -3.1586140e-02
  -3.3702110e-02
  -3.5848240e-02
  -3.7968690e-02
  -4.0006550e-02
  -4.1913350e-02
  -4.3652240e-02
  -4.5195210e-02
  -4.6521310e-02
  -4.7612660e-02
  -4.8453990e-02
  -4.9036530e-02
  -4.9351180e-02
  -4.9385400e-02
  -4.9128910e-02
  -4.8573230e-02
  -4.7710010e-02
  -4.6532490e-02
  -4.5032820e-02
  -4.3200780e-02
  -4.1029550e-02
  -3.8520470e-02
  -3.5692890e-02
  -3.2592640e-02
  -2.9295730e-02
  -2.5902030e-02
  -2.2523950e-02
  -1.9266400e-02
  -1.6213490e-02
  -1.3424800e-02
  -1.0937830e-02
  -8.7683320e-03
  -6.9093840e-03
  -5.3351480e-03
  -4.0097000e-03
  -2.8930450e-03
  -1.9489090e-03
  -1.1479150e-03
  -4.6432580e-04
   1.3270970e-04
   6.7762000e-04
   1.2018340e-03
   1.7277660e-03
   2.2718170e-03
   2.8399680e-03
   3.4255510e-03
   4.0153730e-03
   4.5958710e-03
   5.1565820e-03
   5.6915590e-03
   6.1951270e-03
   6.6642750e-03
   7.0989100e-03
   7.4982820e-03
   7.8577440e-03
   8.1743660e-03
   8.4474860e-03
   8.6754340e-03
   8.8518770e-03
   8.9680360e-03
   9.0148900e-03
   8.9834310e-03
   8.8651230e-03
   8.6564720e-03
   8.3562930e-03
   7.9642690e-03
   7.4790810e-03
   6.8992180e-03
   6.2248580e-03
   5.4574870e-03
   4.5987300e-03
   3.6490250e-03
   2.6078310e-03
   1.4794280e-03
   2.8014690e-04
  -9.5739890e-04
  -2.1846180e-03
  -3.3447080e-03
  -4.3794730e-03
  -5.2395760e-03
  -5.8953390e-03
  -6.3394100e-03
  -6.5839070e-03
  -6.6558600e-03
  -6.5898770e-03
  -6.4214650e-03
  -6.1795510e-03
  -5.8845230e-03
  -5.5507870e-03
  -5.1843460e-03
  -4.7801860e-03
  -4.3223840e-03
  -3.7912420e-03
  -3.1734070e-03
  -2.4701190e-03
  -1.6955750e-03
  -8.7423040e-04
  -3.8777420e-05
   7.7673580e-04
   1.5469570e-03
   2.2601200e-03
   2.9219150e-03
   3.5475680e-03
   4.1522950e-03
   4.7504670e-03
   5.3531510e-03
   5.9616870e-03
   6.5603370e-03
   7.1162000e-03
   7.5870300e-03
   7.9301190e-03
   8.1115540e-03
   8.1165390e-03
   7.9540840e-03
   7.6580660e-03
   7.2862620e-03
   6.9125710e-03
   6.6113650e-03
   6.4442790e-03
   6.4505660e-03
   6.6398860e-03
   6.9912280e-03
   7.4581370e-03
   7.9804720e-03
   8.4934240e-03
   8.9338770e-03
   9.2496260e-03
   9.4052040e-03
   9.3864980e-03
   9.1970410e-03
   8.8492600e-03
   8.3593880e-03
   7.7477730e-03
   7.0352010e-03
   6.2382750e-03
   5.3695830e-03
   4.4390480e-03
   3.4557740e-03
   2.4326440e-03
   1.3885940e-03
   3.4567560e-04
  -6.7948560e-04
  -1.6771310e-03
  -2.6430350e-03
  -3.5809400e-03
  -4.4986620e-03
  -5.4010620e-03
  -6.2865180e-03
  -7.1401010e-03
  -7.9276790e-03
  -8.6023210e-03
  -9.1137170e-03
  -9.4152310e-03
  -9.4745920e-03
  -9.2769860e-03
  -8.8190790e-03
  -8.1075540e-03
  -7.1582230e-03
  -5.9930150e-03
  -4.6364340e-03
  -3.1161090e-03
  -1.4644370e-03
   2.8109540e-04
   2.0799820e-03
   3.8910240e-03
   5.6709350e-03
   7.3760520e-03
   8.9677290e-03
   1.0411910e-02
   1.1686320e-02
   1.2786820e-02
   1.3723450e-02
   1.4520360e-02
   1.5214460e-02
   1.5843770e-02
   1.6431900e-02
   1.6982700e-02
   1.7485390e-02
   1.7921320e-02
   1.8272680e-02
   1.8526900e-02
   1.8678020e-02
   1.8726700e-02
   1.8680440e-02
   1.8550780e-02
   1.8349150e-02
   1.8085840e-02
   1.7765100e-02
   1.7383040e-02
   1.6931950e-02
   1.6410100e-02
   1.5831720e-02
   1.5227760e-02
   1.4640360e-02
   1.4112540e-02
   1.3675720e-02
   1.3343990e-02
   1.3117300e-02
   1.2978490e-02
   1.2885960e-02
   1.2781200e-02
   1.2603460e-02
   1.2306250e-02
   1.1864800e-02
   1.1279790e-02
   1.0575140e-02
   9.7928180e-03
   8.9817730e-03
   8.1836770e-03
   7.4238560e-03
   6.7064160e-03
   6.0103180e-03
   5.3024370e-03
   4.5543170e-03
   3.7469250e-03
   2.8675190e-03
   1.9113400e-03
   8.7844620e-04
  -2.2774830e-04
  -1.3990990e-03
  -2.6204700e-03
  -3.8722920e-03
  -5.1355770e-03
  -6.4039220e-03
  -7.6850910e-03
  -9.0000800e-03
  -1.0377030e-02
  -1.1844990e-02
  -1.3424750e-02
  -1.5126190e-02
  -1.6948930e-02
  -1.8883810e-02
  -2.0907790e-02
  -2.2987070e-02
  -2.5080930e-02
  -2.7148600e-02
  -2.9150560e-02
  -3.1049300e-02
  -3.2804840e-02
  -3.4375290e-02
  -3.5724180e-02
  -3.6824490e-02
  -3.7660300e-02
  -3.8223950e-02
  -3.8512600e-02
  -3.8531510e-02
  -3.8297830e-02
  -3.7840170e-02
  -3.7194130e-02
  -3.6396300e-02
  -3.5478390e-02
  -3.4466080e-02
  -3.3383090e-02
  -3.2250960e-02
  -3.1090160e-02
  -2.9919610e-02
  -2.8757170e-02
  -2.7614230e-02
  -2.6492460e-02
  -2.5386900e-02
  -2.4293890e-02
  -2.3213630e-02
  -2.2150370e-02
  -2.1114720e-02
  -2.0121400e-02
  -1.9188470e-02
  -1.8338520e-02
  -1.7596260e-02
  -1.6985700e-02
  -1.6527900e-02
  -1.6239320e-02
  -1.6129520e-02
  -1.6198000e-02
  -1.6433720e-02
  -1.6817010e-02
  -1.7324700e-02
  -1.7931560e-02
  -1.8607940e-02
  -1.9318470e-02
  -2.0021320e-02
  -2.0672980e-02
  -2.1231630e-02
  -2.1657210e-02
  -2.1915050e-02
  -2.1984110e-02
  -2.1859680e-02
  -2.1549970e-02
  -2.1069700e-02
  -2.0437920e-02
  -1.9673780e-02
  -1.8799030e-02
  -1.7838910e-02
  -1.6819610e-02
  -1.5767600e-02
  -1.4710490e-02
  -1.3676820e-02
  -1.2692180e-02
  -1.1777820e-02
  -1.0952520e-02
  -1.0229160e-02
  -9.6120760e-03
  -9.0946730e-03
  -8.6646930e-03
  -8.3049280e-03
  -7.9951950e-03
  -7.7137990e-03
  -7.4384140e-03
  -7.1474800e-03
  -6.8240170e-03
  -6.4592600e-03
  -6.0498920e-03
  -5.5928220e-03
  -5.0856880e-03
  -4.5242220e-03
  -3.8996620e-03
  -3.1998770e-03
  -2.4166270e-03
  -1.5465050e-03
  -5.9632150e-04
   4.1634950e-04
   1.4622600e-03
   2.5026810e-03
   3.4937810e-03
   4.3893290e-03
   5.1447160e-03
   5.7271860e-03
   6.1228630e-03
   6.3377460e-03
   6.3900160e-03
   6.3018330e-03
   6.0941730e-03
   5.7902010e-03
   5.4184910e-03
   5.0105070e-03
   4.5972040e-03
   4.2123420e-03
   3.8913270e-03
   3.6691670e-03
   3.5757720e-03
   3.6316690e-03
   3.8450290e-03
   4.2087860e-03
   4.7004560e-03
   5.2872960e-03
   5.9222620e-03
   6.5428820e-03
   7.0854770e-03
   7.4977360e-03
   7.7426270e-03
   7.8013910e-03
   7.6754850e-03
   7.3862470e-03
   6.9722950e-03
   6.4804210e-03
   5.9531540e-03
   5.4201460e-03
   4.8941360e-03
   4.3692340e-03
   3.8276690e-03
   3.2492610e-03
   2.6198010e-03
   1.9388060e-03
   1.2140060e-03
   4.5634090e-04
  -3.1890970e-04
  -1.0931260e-03
  -1.8453360e-03
  -2.5506400e-03
  -3.1842040e-03
  -3.7301280e-03
  -4.1857340e-03
  -4.5644460e-03
  -4.8930180e-03
  -5.1984300e-03
  -5.5016180e-03
  -5.8150180e-03
  -6.1424360e-03
  -6.4810790e-03
  -6.8226500e-03
  -7.1535880e-03
  -7.4587850e-03
  -7.7227740e-03
  -7.9259810e-03
  -8.0498600e-03
  -8.0819670e-03
  -8.0115240e-03
  -7.8293300e-03
  -7.5301840e-03
  -7.1184050e-03
  -6.6122760e-03
  -6.0416280e-03
  -5.4412230e-03
  -4.8471670e-03
  -4.2923460e-03
  -3.8016940e-03
  -3.3871780e-03
  -3.0411050e-03
  -2.7405640e-03
  -2.4626940e-03
  -2.1894280e-03
  -1.9030510e-03
  -1.5824720e-03
  -1.2071470e-03
  -7.5846100e-04
  -2.1976760e-04
   4.2484250e-04
   1.1844510e-03
   2.0603670e-03
   3.0462180e-03
   4.1292990e-03
   5.2854940e-03
   6.4814770e-03
   7.6863920e-03
   8.8790400e-03
   1.0045850e-02
   1.1178530e-02
   1.2274610e-02
   1.3340800e-02
   1.4387480e-02
   1.5417110e-02
   1.6416460e-02
   1.7357220e-02
   1.8203280e-02
   1.8919760e-02
   1.9477580e-02
   1.9858600e-02
   2.0057500e-02
   2.0078110e-02
   1.9928710e-02
   1.9622370e-02
   1.9173230e-02
   1.8597810e-02
   1.7913630e-02
   1.7134440e-02
   1.6271740e-02
   1.5340730e-02
   1.4361460e-02
   1.3354110e-02
   1.2337330e-02
   1.1329350e-02
   1.0350300e-02
   9.4195270e-03
   8.5505060e-03
   7.7527010e-03
   7.0346350e-03
   6.4018970e-03
   5.8554130e-03
   5.3934530e-03
   5.0112220e-03
   4.7050700e-03
   4.4711980e-03
   4.3064390e-03
   4.2087230e-03
   4.1781660e-03
   4.2180020e-03
   4.3321190e-03
   4.5210440e-03
   4.7772390e-03
   5.0869610e-03
   5.4356380e-03
   5.8119610e-03
   6.2145730e-03
   6.6543150e-03
   7.1491550e-03
   7.7218160e-03
   8.3995340e-03
   9.2087230e-03
   1.0166620e-02
   1.1276850e-02
   1.2532210e-02
   1.3915680e-02
   1.5404680e-02
   1.6972680e-02
   1.8594640e-02
   2.0246990e-02
   2.1904590e-02
   2.3539960e-02
   2.5125150e-02
   2.6636700e-02
   2.8053100e-02
   2.9350900e-02
   3.0503920e-02
   3.1485410e-02
   3.2277760e-02
   3.2871030e-02
   3.3259030e-02
   3.3438770e-02
   3.3411900e-02
   3.3184830e-02
   3.2770380e-02
   3.2187170e-02
   3.1463990e-02
   3.0638990e-02
   2.9752570e-02
   2.8837890e-02
   2.7920550e-02
   2.7024760e-02
   2.6171010e-02
   2.5371750e-02
   2.4638250e-02
   2.3983220e-02
   2.3414450e-02
   2.2927550e-02
   2.2507630e-02
   2.2139630e-02
   2.1815180e-02
   2.1533110e-02
   2.1300100e-02
   2.1127550e-02
   2.1030090e-02
   2.1025960e-02
   2.1134870e-02
   2.1373510e-02
   2.1744340e-02
   2.2235440e-02
   2.2827310e-02
   2.3500930e-02
   2.4240480e-02
   2.5035770e-02
   2.5880560e-02
   2.6768380e-02
   2.7687530e-02
   2.8616740e-02
   2.9527140e-02
   3.0384570e-02
   3.1149810e-02
   3.1780390e-02
   3.2238210e-02
   3.2496690e-02
   3.2545240e-02
   3.2386390e-02
   3.2033360e-02
   3.1509220e-02
   3.0845510e-02
   3.0078830e-02
   2.9242040e-02
   2.8358040e-02
   2.7442240e-02
   2.6507100e-02
   2.5559440e-02
   2.4596870e-02
   2.3610710e-02
   2.2596070e-02
   2.1556570e-02
   2.0509560e-02
   1.9485210e-02
   1.8519510e-02
   1.7644550e-02
   1.6885260e-02
   1.6258060e-02
   1.5769210e-02
   1.5414180e-02
   1.5186350e-02
   1.5079430e-02
   1.5085840e-02
   1.5196900e-02
   1.5403420e-02
   1.5694500e-02
   1.6056430e-02
   1.6471980e-02
   1.6921640e-02
   1.7383710e-02
   1.7835990e-02
   1.8260200e-02
   1.8646570e-02
   1.8995580e-02
   1.9319690e-02
   1.9642690e-02
   1.9990300e-02
   2.0380850e-02
   2.0819880e-02
   2.1294430e-02
   2.1777710e-02
   2.2235640e-02
   2.2630210e-02
   2.2925080e-02
   2.3092720e-02
   2.3117560e-02
   2.3000300e-02
   2.2758660e-02
   2.2421300e-02
   2.2016950e-02
   2.1568290e-02
   2.1090670e-02
   2.0591970e-02
   2.0073420e-02
   1.9530430e-02
   1.8949290e-02
   1.8309100e-02
   1.7588320e-02
   1.6776700e-02
   1.5876150e-02
   1.4894870e-02
   1.3840020e-02
   1.2719720e-02
   1.1542000e-02
   1.0318200e-02
   9.0666610e-03
   7.8156430e-03
   6.5905000e-03
   5.4002770e-03
   4.2373920e-03
   3.0865060e-03
   1.9322850e-03
   7.6753680e-04
  -4.0474510e-04
  -1.5749930e-03
  -2.7323480e-03
  -3.8620140e-03
  -4.9408110e-03
  -5.9420950e-03
  -6.8486740e-03
  -7.6456850e-03
  -8.3154170e-03
  -8.8478940e-03
  -9.2518230e-03
  -9.5474230e-03
  -9.7605110e-03
  -9.9161150e-03
  -1.0035260e-02
  -1.0131070e-02
  -1.0205300e-02
  -1.0249110e-02
  -1.0250810e-02
  -1.0196640e-02
  -1.0072990e-02
  -9.8709110e-03
  -9.5901600e-03
  -9.2431220e-03
  -8.8540530e-03
  -8.4520980e-03
  -8.0666200e-03
  -7.7236780e-03
  -7.4453080e-03
  -7.2463320e-03
  -7.1359660e-03
  -7.1181760e-03
  -7.1907720e-03
  -7.3492200e-03
  -7.5848450e-03
  -7.8828420e-03
  -8.2215370e-03
  -8.5720800e-03
  -8.9033540e-03
  -9.1837300e-03
  -9.3805700e-03
  -9.4656690e-03
  -9.4215870e-03
  -9.2466990e-03
  -8.9625130e-03
  -8.6155570e-03
  -8.2612990e-03
  -7.9467590e-03
  -7.6993320e-03
  -7.5240930e-03
  -7.4106900e-03
  -7.3389980e-03
  -7.2886660e-03
  -7.2489840e-03
  -7.2232030e-03
  -7.2245900e-03
  -7.2682880e-03
  -7.3623040e-03
  -7.5037490e-03
  -7.6852940e-03
  -7.9013040e-03
  -8.1467520e-03
  -8.4237060e-03
  -8.7420960e-03
  -9.1161200e-03
  -9.5603470e-03
  -1.0086500e-02
  -1.0697740e-02
  -1.1387300e-02
  -1.2140190e-02
  -1.2933760e-02
  -1.3733960e-02
  -1.4501550e-02
  -1.5201130e-02
  -1.5808940e-02
  -1.6312920e-02
  -1.6711540e-02
  -1.7015780e-02
  -1.7251550e-02
  -1.7450150e-02
  -1.7633230e-02
  -1.7803030e-02
  -1.7945630e-02
  -1.8040490e-02
  -1.8067760e-02
  -1.8014360e-02
  -1.7875550e-02
  -1.7654980e-02
  -1.7368240e-02
  -1.7040380e-02
  -1.6703060e-02
  -1.6392600e-02
  -1.6141840e-02
  -1.5973750e-02
  -1.5897130e-02
  -1.5905950e-02
  -1.5984100e-02
  -1.6110130e-02
  -1.6264920e-02
  -1.6434320e-02
  -1.6607370e-02
  -1.6774710e-02
  -1.6926020e-02
  -1.7050390e-02
  -1.7137720e-02
  -1.7181320e-02
  -1.7181810e-02
  -1.7146050e-02
  -1.7082920e-02
  -1.6997600e-02
  -1.6887450e-02
  -1.6742340e-02
  -1.6544930e-02
  -1.6274910e-02
  -1.5920170e-02
  -1.5483030e-02
  -1.4975140e-02
  -1.4409770e-02
  -1.3794730e-02
  -1.3131170e-02
  -1.2416160e-02
  -1.1649670e-02
  -1.0838960e-02
  -9.9992150e-03
  -9.1543160e-03
  -8.3381460e-03
  -7.5863210e-03
  -6.9264830e-03
  -6.3740040e-03
  -5.9350020e-03
  -5.6089760e-03
  -5.3900000e-03
  -5.2699730e-03
  -5.2415570e-03
  -5.2984180e-03
  -5.4356640e-03
  -5.6459780e-03
  -5.9131630e-03
  -6.2099650e-03
  -6.5069770e-03
  -6.7752420e-03
  -6.9828210e-03
  -7.0958630e-03
  -7.0859100e-03
  -6.9389000e-03
  -6.6602150e-03
  -6.2727360e-03
  -5.8084360e-03
  -5.3038920e-03
  -4.7995270e-03
  -4.3349340e-03
  -3.9455350e-03
  -3.6619820e-03
  -3.5037490e-03
  -3.4763960e-03
  -3.5749980e-03
  -3.7876180e-03
  -4.1020640e-03
  -4.5072950e-03
  -4.9900650e-03
  -5.5324990e-03
  -6.1109440e-03
  -6.6984670e-03
  -7.2676330e-03
  -7.7931550e-03
  -8.2551090e-03
  -8.6454150e-03
  -8.9684600e-03
  -9.2364400e-03
  -9.4629470e-03
  -9.6572000e-03
  -9.8203880e-03
  -9.9454460e-03
  -1.0022780e-02
  -1.0042820e-02
  -9.9994000e-03
  -9.8977910e-03
  -9.7509280e-03
  -9.5698250e-03
  -9.3631330e-03
  -9.1381600e-03
  -8.9003830e-03
  -8.6524220e-03
  -8.3964720e-03
  -8.1333110e-03
  -7.8645100e-03
  -7.5963600e-03
  -7.3419190e-03
  -7.1242000e-03
  -6.9683020e-03
  -6.8843520e-03
  -6.8621900e-03
  -6.8825720e-03
  -6.9260530e-03
  -6.9741650e-03
  -7.0104830e-03
  -7.0244720e-03
  -7.0155690e-03
  -6.9909070e-03
  -6.9624840e-03
  -6.9429430e-03
  -6.9412740e-03
  -6.9618630e-03
  -7.0013730e-03
  -7.0478790e-03
  -7.0848110e-03
  -7.0965760e-03
  -7.0654450e-03
  -6.9689910e-03
  -6.7839580e-03
  -6.4867480e-03
  -6.0578370e-03
  -5.4884490e-03
  -4.7866010e-03
  -3.9742750e-03
  -3.0827950e-03
  -2.1456040e-03
  -1.1922790e-03
  -2.4614690e-04
   6.7638460e-04
   1.5652370e-03
   2.4073440e-03
   3.1855230e-03
   3.8805320e-03
   4.4721240e-03
   4.9435800e-03
   5.2864820e-03
   5.5039500e-03
   5.6085990e-03
   5.6161840e-03
   5.5441120e-03
   5.4121390e-03
   5.2431880e-03
   5.0609850e-03
   4.8832580e-03
   4.7183440e-03
   4.5630130e-03
   4.4025910e-03
   4.2209800e-03
   4.0058320e-03
   3.7528270e-03
   3.4723260e-03
   3.1885820e-03
   2.9319190e-03
   2.7309990e-03
   2.6069850e-03
   2.5686320e-03
   2.6171330e-03
   2.7491360e-03
   2.9538950e-03
   3.2161300e-03
   3.5274980e-03
   3.8932580e-03
   4.3262310e-03
   4.8411720e-03
   5.4484940e-03
   6.1511740e-03
   6.9433790e-03
   7.8111340e-03
   8.7377000e-03
   9.7116910e-03
   1.0726050e-02
   1.1776090e-02
   1.2857560e-02
   1.3966930e-02
   1.5099580e-02
   1.6252240e-02
   1.7429510e-02
   1.8640160e-02
   1.9891120e-02
   2.1185650e-02
   2.2517410e-02
   2.3865580e-02
   2.5199910e-02
   2.6490780e-02
   2.7714470e-02
   2.8855570e-02
   2.9903760e-02
   3.0849420e-02
   3.1682300e-02
   3.2392850e-02
   3.2971880e-02
   3.3412930e-02
   3.3714420e-02
   3.3880370e-02
   3.3918620e-02
   3.3837990e-02
   3.3646700e-02
   3.3351030e-02
   3.2953150e-02
   3.2451680e-02
   3.1841670e-02
   3.1112780e-02
   3.0252370e-02
   2.9244900e-02
   2.8073630e-02
   2.6725950e-02
   2.5197610e-02
   2.3495980e-02
   2.1643370e-02
   1.9674810e-02
   1.7634960e-02
   1.5568490e-02
   1.3513810e-02
   1.1499380e-02
   9.5430600e-03
   7.6481560e-03
   5.8051150e-03
   3.9940550e-03
   2.1931520e-03
   3.8616050e-04
  -1.4288870e-03
  -3.2380460e-03
  -5.0139740e-03
  -6.7254270e-03
  -8.3415580e-03
  -9.8363320e-03
  -1.1194430e-02
  -1.2414590e-02
  -1.3507930e-02
  -1.4498730e-02
  -1.5419580e-02
  -1.6308930e-02
  -1.7203910e-02
  -1.8130050e-02
  -1.9096050e-02
  -2.0098340e-02
  -2.1120920e-02
  -2.2138720e-02
  -2.3121720e-02
  -2.4038470e-02
  -2.4860260e-02
  -2.5566000e-02
  -2.6144740e-02
  -2.6598460e-02
  -2.6934630e-02
  -2.7163490e-02
  -2.7295610e-02
  -2.7341140e-02
  -2.7309960e-02
  -2.7213360e-02
  -2.7062200e-02
  -2.6868100e-02
  -2.6639990e-02
  -2.6383560e-02
  -2.6102110e-02
  -2.5800620e-02
  -2.5489120e-02
  -2.5185960e-02
  -2.4920850e-02
  -2.4727870e-02
  -2.4630540e-02
  -2.4635560e-02
  -2.4732970e-02
  -2.4898820e-02
  -2.5105120e-02
  -2.5329100e-02
  -2.5555880e-02
  -2.5778710e-02
  -2.5996710e-02
  -2.6212060e-02
  -2.6427230e-02
  -2.6643600e-02
  -2.6861300e-02
  -2.7081230e-02
  -2.7309190e-02
  -2.7555910e-02
  -2.7832230e-02
  -2.8148840e-02
  -2.8511810e-02
  -2.8921570e-02
  -2.9374840e-02
  -2.9867140e-02
  -3.0390050e-02
  -3.0932050e-02
  -3.1483140e-02
  -3.2033690e-02
  -3.2573270e-02
  -3.3087340e-02
  -3.3557210e-02
  -3.3963910e-02
  -3.4289280e-02
  -3.4519590e-02
  -3.4648300e-02
  -3.4676220e-02
  -3.4605520e-02
  -3.4437150e-02
  -3.4172950e-02
  -3.3815500e-02
  -3.3371470e-02
  -3.2852760e-02
  -3.2274070e-02
  -3.1643700e-02
  -3.0967180e-02
  -3.0252410e-02
  -2.9506920e-02
  -2.8732340e-02
  -2.7924130e-02
  -2.7074030e-02
  -2.6173250e-02
  -2.5213660e-02
  -2.4192140e-02
  -2.3114010e-02
  -2.1996190e-02
  -2.0864740e-02
  -1.9753230e-02
  -1.8701930e-02
  -1.7746140e-02
  -1.6905560e-02
  -1.6188690e-02
  -1.5597170e-02
  -1.5123470e-02
  -1.4749570e-02
  -1.4452310e-02
  -1.4210930e-02
  -1.4009860e-02
  -1.3839270e-02
  -1.3698060e-02
  -1.3590780e-02
  -1.3525370e-02
  -1.3509710e-02
  -1.3550550e-02
  -1.3651830e-02
  -1.3815480e-02
  -1.4039080e-02
  -1.4313540e-02
  -1.4623220e-02
  -1.4947480e-02
  -1.5266470e-02
  -1.5572760e-02
  -1.5868020e-02
  -1.6155200e-02
  -1.6439020e-02
  -1.6724190e-02
  -1.7010930e-02
  -1.7294440e-02
  -1.7564550e-02
  -1.7808160e-02
  -1.8015160e-02
  -1.8182970e-02
  -1.8315910e-02
  -1.8423080e-02
  -1.8516770e-02
  -1.8609270e-02
  -1.8710810e-02
  -1.8826900e-02
  -1.8954520e-02
  -1.9082540e-02
  -1.9192350e-02
  -1.9260660e-02
  -1.9254670e-02
  -1.9134700e-02
  -1.8861020e-02
  -1.8400910e-02
  -1.7734180e-02
  -1.6856880e-02
  -1.5783110e-02
  -1.4544540e-02
  -1.3183580e-02
  -1.1748800e-02
  -1.0285890e-02
  -8.8313860e-03
  -7.4130070e-03
  -6.0510860e-03
  -4.7506120e-03
  -3.5034900e-03
  -2.2963830e-03
  -1.1126000e-03
   6.6731610e-05
   1.2548500e-03
   2.4546170e-03
   3.6571480e-03
   4.8458030e-03
   5.9972720e-03
   7.0870840e-03
   8.0915060e-03
   8.9911750e-03
   9.7756660e-03
   1.0441530e-02
   1.0988460e-02
   1.1424880e-02
   1.1762080e-02
   1.2001430e-02
   1.2133810e-02
   1.2143160e-02
   1.2010300e-02
   1.1718600e-02
   1.1261390e-02
   1.0647850e-02
   9.9009080e-03
   9.0510700e-03
   8.1296170e-03
   7.1634490e-03
   6.1750470e-03
   5.1843700e-03
   4.2074010e-03
   3.2560650e-03
   2.3420700e-03
   1.4803590e-03
   6.8702460e-04
  -2.5943540e-05
  -6.5192150e-04
  -1.1888440e-03
  -1.6416140e-03
  -2.0219390e-03
  -2.3468850e-03
  -2.6390560e-03
  -2.9191100e-03
  -3.2016300e-03
  -3.5001650e-03
  -3.8209890e-03
  -4.1584400e-03
  -4.4999140e-03
  -4.8295040e-03
  -5.1258940e-03
  -5.3670850e-03
  -5.5333000e-03
  -5.6098440e-03
  -5.5923210e-03
  -5.4862780e-03
  -5.3055470e-03
  -5.0725160e-03
  -4.8090310e-03
  -4.5273700e-03
  -4.2329220e-03
  -3.9314920e-03
  -3.6292390e-03
  -3.3336670e-03
  -3.0537220e-03
  -2.7968310e-03
  -2.5611090e-03
  -2.3329640e-03
  -2.0912290e-03
  -1.8167500e-03
  -1.4977830e-03
  -1.1323580e-03
  -7.2860440e-04
  -3.0191430e-04
   1.3395530e-04
   5.7227880e-04
   1.0155880e-03
   1.4680840e-03
   1.9287150e-03
   2.3896600e-03
   2.8368890e-03
   3.2514370e-03
   3.6104880e-03
   3.8887600e-03
   4.0547910e-03
   4.0724260e-03
   3.9151360e-03
   3.5765300e-03
   3.0753130e-03
   2.4523450e-03
   1.7630080e-03
   1.0673880e-03
   4.1649220e-04
  -1.5727450e-04
  -6.3982790e-04
  -1.0335060e-03
  -1.3555180e-03
  -1.6322930e-03
  -1.8888020e-03
  -2.1389730e-03
  -2.3797060e-03
  -2.5961600e-03
  -2.7654230e-03
  -2.8629350e-03
  -2.8714400e-03
  -2.7879930e-03
  -2.6223540e-03
  -2.3871760e-03
  -2.0935280e-03
  -1.7532670e-03
  -1.3805700e-03
  -9.9248430e-04
  -6.0655230e-04
  -2.3534620e-04
   1.1439070e-04
   4.3945350e-04
   7.3919520e-04
   1.0168990e-03
   1.2816380e-03
   1.5451130e-03
   1.8186600e-03
   2.1074730e-03
   2.4134420e-03
   2.7396700e-03
   3.0900710e-03
   3.4592840e-03
   3.8302430e-03
   4.1814490e-03
   4.5013350e-03
   4.7941600e-03
   5.0723970e-03
   5.3501970e-03
   5.6426600e-03
   5.9603770e-03
   6.3062640e-03
   6.6756090e-03
   7.0586400e-03
   7.4374030e-03
   7.7884220e-03
   8.0892440e-03
   8.3244310e-03
   8.4851970e-03
   8.5637430e-03
   8.5592380e-03
   8.4829790e-03
   8.3497410e-03
   8.1725060e-03
   7.9584180e-03
   7.7048990e-03
   7.3991650e-03
   7.0234610e-03
   6.5680420e-03
   6.0365310e-03
   5.4436320e-03
   4.8133050e-03
   4.1751050e-03
   3.5585070e-03
   2.9871070e-03
   2.4775410e-03
   2.0376050e-03
   1.6674310e-03
   1.3604300e-03
   1.1059820e-03
   8.9315270e-04
   7.1162720e-04
   5.5110500e-04
   3.9921870e-04
   2.4146230e-04
   6.9524170e-05
  -1.1400290e-04
  -2.9780660e-04
  -4.6585870e-04
  -6.0005140e-04
  -6.8510420e-04
  -7.1802890e-04
  -7.0958780e-04
  -6.7809560e-04
  -6.3892180e-04
  -5.9670800e-04
  -5.4553520e-04
  -4.7273860e-04
  -3.6464410e-04
  -2.1161520e-04
  -9.2380180e-06
   2.4058370e-04
   5.2769850e-04
   8.3940680e-04
   1.1630640e-03
   1.4854090e-03
   1.7915220e-03
   2.0671310e-03
   2.2977750e-03
   2.4729860e-03
   2.5928060e-03
   2.6669470e-03
   2.7093900e-03
   2.7332760e-03
   2.7456250e-03
   2.7522280e-03
   2.7565130e-03
   2.7552220e-03
   2.7413490e-03
   2.7070830e-03
   2.6481580e-03
   2.5645580e-03
   2.4605560e-03
   2.3447720e-03
   2.2258610e-03
   2.1159220e-03
   2.0317260e-03
   1.9915640e-03
   2.0091120e-03
   2.0897070e-03
   2.2338760e-03
   2.4407660e-03
   2.7038070e-03
   3.0126560e-03
   3.3561780e-03
   3.7266460e-03
   4.1227850e-03
   4.5482900e-03
   5.0118460e-03
   5.5299460e-03
   6.1239660e-03
   6.8123790e-03
   7.6041200e-03
   8.4998630e-03
   9.4954000e-03
   1.0579340e-02
   1.1726990e-02
   1.2903310e-02
   1.4067430e-02
   1.5181930e-02
   1.6217260e-02
   1.7153360e-02
   1.7980630e-02
   1.8694460e-02
   1.9287850e-02
   1.9751570e-02
   2.0075210e-02
   2.0248640e-02
   2.0265130e-02
   2.0124110e-02
   1.9831210e-02
   1.9396750e-02
   1.8832430e-02
   1.8151400e-02
   1.7366560e-02
   1.6487270e-02
   1.5521010e-02
   1.4479830e-02
   1.3387600e-02
   1.2275510e-02
   1.1178560e-02
   1.0133150e-02
   9.1739300e-03
   8.3289460e-03
   7.6116270e-03
   7.0186320e-03
   6.5317500e-03
   6.1200960e-03
   5.7475720e-03
   5.3807020e-03
   4.9927050e-03
   4.5658830e-03
   4.0929570e-03
   3.5797250e-03
   3.0481770e-03
   2.5329960e-03
   2.0735500e-03
   1.7045440e-03
   1.4494030e-03
   1.3181770e-03
   1.3071620e-03
   1.4024110e-03
   1.5820520e-03
   1.8167810e-03
   2.0732930e-03
   2.3189140e-03
   2.5267610e-03
   2.6762700e-03
   2.7504540e-03
   2.7359470e-03
   2.6286430e-03
   2.4352470e-03
   2.1703820e-03
   1.8540110e-03
   1.5109310e-03
   1.1675620e-03
   8.4390800e-04
   5.5106010e-04
   2.9681230e-04
   8.4525340e-05
  -9.1357300e-05
  -2.4680820e-04
  -4.0045260e-04
  -5.6298060e-04
  -7.3390060e-04
  -9.0312100e-04
  -1.0560750e-03
  -1.1791310e-03
  -1.2616420e-03
  -1.2985640e-03
  -1.2899100e-03
  -1.2344310e-03
  -1.1283690e-03
  -9.6719050e-04
  -7.4817990e-04
  -4.6712190e-04
  -1.1612790e-04
   3.1210340e-04
   8.1931670e-04
   1.4018320e-03
   2.0515190e-03
   2.7582590e-03
   3.5073520e-03
   4.2754560e-03
   5.0325410e-03
   5.7506800e-03
   6.4075070e-03
   6.9896410e-03
   7.4952860e-03
   7.9361150e-03
   8.3318040e-03
   8.6958490e-03
   9.0315860e-03
   9.3393410e-03
   9.6243370e-03
   9.8986430e-03
   1.0169570e-02
   1.0435070e-02
   1.0690130e-02
   1.0935070e-02
   1.1176750e-02
   1.1429390e-02
   1.1713170e-02
   1.2048340e-02
   1.2448570e-02
   1.2918650e-02
   1.3454430e-02
   1.4048080e-02
   1.4689070e-02
   1.5361610e-02
   1.6052160e-02
   1.6752020e-02
   1.7451790e-02
   1.8142130e-02
   1.8813600e-02
   1.9457090e-02
   2.0062450e-02
   2.0619540e-02
   2.1116310e-02
   2.1540470e-02
   2.1879080e-02
   2.2123620e-02
   2.2270440e-02
   2.2317270e-02
   2.2264430e-02
   2.2116160e-02
   2.1883150e-02
   2.1581530e-02
   2.1224930e-02
   2.0825390e-02
   2.0398300e-02
   1.9963700e-02
   1.9543200e-02
   1.9156280e-02
   1.8816090e-02
   1.8526810e-02
   1.8286690e-02
   1.8090790e-02
   1.7937030e-02
   1.7822020e-02
   1.7732750e-02
   1.7646580e-02
   1.7536870e-02
   1.7380720e-02
   1.7164970e-02
   1.6884110e-02
   1.6538690e-02
   1.6133670e-02
   1.5678360e-02
   1.5188100e-02
   1.4682390e-02
   1.4180260e-02
   1.3694530e-02
   1.3229830e-02
   1.2785250e-02
   1.2352430e-02
   1.1918880e-02
   1.1471130e-02
   1.1001770e-02
   1.0513030e-02
   1.0016230e-02
   9.5270270e-03
   9.0637110e-03
   8.6450210e-03
   8.2869130e-03
   7.9997190e-03
   7.7895780e-03
   7.6612430e-03
   7.6128310e-03
   7.6279630e-03
   7.6772860e-03
   7.7223000e-03
   7.7177150e-03
   7.6226700e-03
   7.4118890e-03
   7.0788110e-03
   6.6321280e-03
   6.0898760e-03
   5.4721660e-03
   4.7956060e-03
   4.0762250e-03
   3.3299370e-03
   2.5678670e-03
   1.7940040e-03
   1.0072420e-03
   2.0761550e-04
  -5.9791360e-04
  -1.3964420e-03
  -2.1682300e-03
  -2.8931450e-03
  -3.5553000e-03
  -4.1492240e-03
  -4.6787430e-03
  -5.1481310e-03
  -5.5572680e-03
  -5.9013480e-03
  -6.1740890e-03
  -6.3754320e-03
  -6.5100470e-03
  -6.5821590e-03
  -6.5936060e-03
  -6.5420300e-03
  -6.4195510e-03
  -6.2182400e-03
  -5.9362990e-03
  -5.5785580e-03
  -5.1576470e-03
  -4.6904930e-03
  -4.1989500e-03
  -3.7089350e-03
  -3.2447630e-03
  -2.8272190e-03
  -2.4724600e-03
  -2.1880770e-03
  -1.9730760e-03
  -1.8210340e-03
  -1.7214250e-03
  -1.6609610e-03
  -1.6234160e-03
  -1.5934260e-03
  -1.5589320e-03
  -1.5101060e-03
  -1.4411610e-03
  -1.3532890e-03
  -1.2482770e-03
  -1.1203710e-03
  -9.6020090e-04
  -7.6236960e-04
  -5.2604030e-04
  -2.5029730e-04
   6.6983600e-05
   4.3051250e-04
   8.4655390e-04
   1.3182170e-03
   1.8437730e-03
   2.4145030e-03
   3.0108940e-03
   3.6097630e-03
   4.1937070e-03
   4.7510550e-03
   5.2710950e-03
   5.7495920e-03
   6.1925490e-03
   6.6147380e-03
   7.0354610e-03
   7.4732860e-03
   7.9434060e-03
   8.4543390e-03
   9.0093250e-03
   9.6095300e-03
   1.0254420e-02
   1.0942380e-02
   1.1669100e-02
   1.2431990e-02
   1.3231690e-02
   1.4070780e-02
   1.4942030e-02
   1.5820470e-02
   1.6668130e-02
   1.7444950e-02
   1.8118590e-02
   1.8669220e-02
   1.9090270e-02
   1.9390250e-02
   1.9590840e-02
   1.9721080e-02
   1.9807230e-02
   1.9863920e-02
   1.9893470e-02
   1.9886750e-02
   1.9829920e-02
   1.9711810e-02
   1.9524040e-02
   1.9259620e-02
   1.8918640e-02
   1.8510210e-02
   1.8048220e-02
   1.7549460e-02
   1.7022130e-02
   1.6463640e-02
   1.5871660e-02
   1.5249440e-02
   1.4604110e-02
   1.3938260e-02
   1.3243280e-02
   1.2505050e-02
   1.1714210e-02
   1.0871470e-02
   9.9884310e-03
   9.0873270e-03
   8.1973350e-03
   7.3486500e-03
   6.5667350e-03
   5.8693070e-03
   5.2676930e-03
   4.7685710e-03
   4.3695090e-03
   4.0551940e-03
   3.8010420e-03
   3.5796140e-03
   3.3682360e-03
   3.1552310e-03
   2.9467880e-03
   2.7699960e-03
   2.6661640e-03
   2.6771680e-03
   2.8320220e-03
   3.1384760e-03
   3.5832540e-03
   4.1331180e-03
   4.7440710e-03
   5.3735690e-03
   5.9831670e-03
   6.5401170e-03
   7.0187690e-03
   7.4029310e-03
   7.6875490e-03
   7.8773220e-03
   7.9805660e-03
   8.0023650e-03
   7.9465100e-03
   7.8213060e-03
   7.6443290e-03
   7.4408100e-03
   7.2373960e-03
   7.0585690e-03
   6.9237600e-03
   6.8443410e-03
   6.8214570e-03
   6.8477920e-03
   6.9089920e-03
   6.9898990e-03
   7.0783160e-03
   7.1665030e-03
   7.2539590e-03
   7.3470680e-03
   7.4546660e-03
   7.5858860e-03
   7.7479320e-03
   7.9409920e-03
   8.1614210e-03
   8.4059810e-03
   8.6745450e-03
   8.9701070e-03
   9.2956780e-03
   9.6504370e-03
   1.0029670e-02
   1.0423700e-02
   1.0814880e-02
   1.1181870e-02
   1.1500670e-02
   1.1744390e-02
   1.1889430e-02
   1.1922130e-02
   1.1836590e-02
   1.1629510e-02
   1.1304460e-02
   1.0877820e-02
   1.0381190e-02
   9.8590160e-03
   9.3581880e-03
   8.9188800e-03
   8.5703060e-03
   8.3252430e-03
   8.1753770e-03
   8.0994440e-03
   8.0734830e-03
   8.0758760e-03
   8.0870720e-03
   8.0917840e-03
   8.0811260e-03
   8.0448720e-03
   7.9659110e-03
   7.8237020e-03
   7.5991000e-03
   7.2788860e-03
   6.8564580e-03
   6.3289380e-03
   5.6986210e-03
   4.9753700e-03
   4.1798580e-03
   3.3410210e-03
   2.4948000e-03
   1.6825850e-03
   9.4659190e-04
   3.2381190e-04
  -1.5390610e-04
  -4.6267440e-04
  -5.9290260e-04
  -5.4860330e-04
  -3.4023050e-04
   1.4547570e-05
   4.8963520e-04
   1.0550930e-03
   1.6778120e-03
   2.3217400e-03
   2.9560130e-03
   3.5606280e-03
   4.1279650e-03
   4.6603260e-03
   5.1645870e-03
   5.6463400e-03
   6.1109160e-03
   6.5604710e-03
   6.9905500e-03
   7.3895900e-03
   7.7440450e-03
   8.0414530e-03
   8.2721480e-03
   8.4322520e-03
   8.5245260e-03
   8.5573910e-03
   8.5397310e-03
   8.4767320e-03
   8.3659890e-03
   8.1903280e-03
   7.9237810e-03
   7.5436220e-03
   7.0381650e-03
   6.4102740e-03
   5.6776040e-03
   4.8693270e-03
   4.0213010e-03
   3.1722110e-03
   2.3633550e-03
   1.6336330e-03
   1.0078330e-03
   4.9527390e-04
   9.5966540e-05
  -1.9804060e-04
  -4.0374270e-04
  -5.4278190e-04
  -6.3372640e-04
  -6.8926020e-04
  -7.1513710e-04
  -7.1401830e-04
  -6.9089790e-04
  -6.5101400e-04
  -5.9621000e-04
  -5.2461970e-04
  -4.3072070e-04
  -3.0970600e-04
  -1.6072480e-04
   1.3192450e-05
   2.0480400e-04
   4.0242020e-04
   5.9567810e-04
   7.8107690e-04
   9.5915510e-04
   1.1292880e-03
   1.2900250e-03
   1.4391670e-03
   1.5774830e-03
   1.7079090e-03
   1.8310350e-03
   1.9437110e-03
   2.0422680e-03
   2.1234970e-03
   2.1798240e-03
   2.2002520e-03
   2.1790550e-03
   2.1170510e-03
   2.0168640e-03
   1.8789590e-03
   1.7016230e-03
   1.4879440e-03
   1.2512750e-03
   1.0119090e-03
   7.9015800e-04
   6.0413330e-04
   4.7042720e-04
   4.0196310e-04
   4.0579450e-04
   4.8675440e-04
   6.4967870e-04
   8.9833610e-04
   1.2320750e-03
   1.6420450e-03
   2.1171800e-03
   2.6469760e-03
   3.2209550e-03
   3.8293810e-03
   4.4658580e-03
   5.1292620e-03
   5.8158790e-03
   6.5134950e-03
   7.2020870e-03
   7.8589820e-03
   8.4622970e-03
   8.9930430e-03
   9.4398550e-03
   9.7991310e-03
   1.0065410e-02
   1.0228610e-02
   1.0285730e-02
   1.0242720e-02
   1.0106250e-02
   9.8776250e-03
   9.5549810e-03
   9.1371520e-03
   8.6254330e-03
   8.0261940e-03
   7.3542900e-03
   6.6268630e-03
   5.8570650e-03
   5.0540930e-03
   4.2250670e-03
   3.3725730e-03
   2.4937450e-03
   1.5772100e-03
   6.1396580e-04
  -3.9354940e-04
  -1.4307780e-03
  -2.4744840e-03
  -3.4942760e-03
  -4.4565470e-03
  -5.3339090e-03
  -6.1111330e-03
  -6.7872290e-03
  -7.3711790e-03
  -7.8730020e-03
  -8.3011720e-03
  -8.6606780e-03
  -8.9534560e-03
  -9.1799010e-03
  -9.3386650e-03
  -9.4255520e-03
  -9.4372260e-03
  -9.3751410e-03
  -9.2435880e-03
  -9.0461940e-03
  -8.7861220e-03
  -8.4651880e-03
  -8.0853170e-03
  -7.6498850e-03
  -7.1624350e-03
  -6.6268260e-03
  -6.0434270e-03
  -5.4076190e-03
  -4.7137960e-03
  -3.9615940e-03
  -3.1599630e-03
  -2.3246790e-03
  -1.4785130e-03
  -6.5258250e-04
   1.1307220e-04
   7.7672430e-04
   1.3075510e-03
   1.6907690e-03
   1.9239860e-03
   2.0124810e-03
   1.9654480e-03
   1.7982360e-03
   1.5402670e-03
   1.2318590e-03
   9.1181850e-04
   6.1302220e-04
   3.5948800e-04
   1.6229560e-04
   1.6791200e-05
  -9.6100500e-05
  -2.0877030e-04
  -3.5995700e-04
  -5.8159510e-04
  -8.9138980e-04
  -1.2958820e-03
  -1.7869250e-03
  -2.3427570e-03
  -2.9379740e-03
  -3.5528980e-03
  -4.1744300e-03
  -4.7899170e-03
  -5.3808230e-03
  -5.9227230e-03
  -6.3907640e-03
  -6.7665490e-03
  -7.0418160e-03
  -7.2124180e-03
  -7.2777900e-03
  -7.2418170e-03
  -7.1145820e-03
  -6.9152630e-03
  -6.6662170e-03
  -6.3898600e-03
  -6.1091160e-03
  -5.8451640e-03
  -5.6157160e-03
  -5.4387110e-03
  -5.3326410e-03
  -5.3115700e-03
  -5.3796310e-03
  -5.5312380e-03
  -5.7476790e-03
  -5.9993910e-03
  -6.2503900e-03
  -6.4614220e-03
  -6.5955260e-03
  -6.6234840e-03
  -6.5282220e-03
  -6.3049650e-03
  -5.9595000e-03
  -5.5105650e-03
  -4.9898820e-03
  -4.4349490e-03
  -3.8814060e-03
  -3.3637560e-03
  -2.9135750e-03
  -2.5558060e-03
  -2.3092130e-03
  -2.1901380e-03
  -2.2092420e-03
  -2.3670420e-03
  -2.6522730e-03
  -3.0430240e-03
  -3.5050120e-03
  -3.9910830e-03
  -4.4469140e-03
  -4.8183120e-03
  -5.0609880e-03
  -5.1508430e-03
  -5.0875640e-03
  -4.8933630e-03
  -4.6095280e-03
  -4.2877470e-03
  -3.9837800e-03
  -3.7474390e-03
  -3.6156010e-03
  -3.6131720e-03
  -3.7522340e-03
  -4.0328100e-03
  -4.4404000e-03
  -4.9479320e-03
  -5.5202730e-03
  -6.1165430e-03
  -6.6973550e-03
  -7.2318070e-03
  -7.7009930e-03
  -8.0994280e-03
  -8.4304880e-03
  -8.7056740e-03
  -8.9452790e-03
  -9.1776190e-03
  -9.4299350e-03
  -9.7221250e-03
  -1.0065540e-02
  -1.0461430e-02
  -1.0899820e-02
  -1.1364770e-02
  -1.1835090e-02
  -1.2280660e-02
  -1.2665520e-02
  -1.2959200e-02
  -1.3147720e-02
  -1.3229430e-02
  -1.3207230e-02
  -1.3087740e-02
  -1.2881690e-02
  -1.2605670e-02
  -1.2282500e-02
  -1.1938180e-02
  -1.1597340e-02
  -1.1277960e-02
  -1.0990330e-02
  -1.0735060e-02
  -1.0502430e-02
  -1.0275040e-02
  -1.0032210e-02
  -9.7574660e-03
  -9.4463250e-03
  -9.1040150e-03
  -8.7444420e-03
  -8.3861250e-03
  -8.0482660e-03
  -7.7445830e-03
  -7.4775440e-03
  -7.2435660e-03
  -7.0405430e-03
  -6.8655940e-03
  -6.7127870e-03
  -6.5742620e-03
  -6.4411340e-03
  -6.3054100e-03
  -6.1608730e-03
  -6.0001330e-03
  -5.8169940e-03
  -5.6076410e-03
  -5.3727150e-03
  -5.1141700e-03
  -4.8323650e-03
  -4.5251410e-03
  -4.1880680e-03
  -3.8172310e-03
  -3.4146030e-03
  -2.9875830e-03
  -2.5433000e-03
  -2.0834100e-03
  -1.6065330e-03
  -1.1140070e-03
  -6.0941980e-04
  -9.5582530e-05
   4.2472770e-04
   9.5133110e-04
   1.4883860e-03
   2.0439400e-03
   2.6250670e-03
   3.2332980e-03
   3.8616910e-03
   4.4967850e-03
   5.1184410e-03
   5.6973080e-03
   6.2033010e-03
   6.6208290e-03
   6.9486930e-03
   7.1942870e-03
   7.3712550e-03
   7.4945580e-03
   7.5727630e-03
   7.6085220e-03
   7.6016590e-03
   7.5480680e-03
   7.4398530e-03
   7.2723990e-03
   7.0512530e-03
   6.7919060e-03
   6.5151570e-03
   6.2394890e-03
   5.9766660e-03
   5.7304520e-03
   5.4956560e-03
   5.2611350e-03
   5.0164310e-03
   4.7569860e-03
   4.4825500e-03
   4.1950370e-03
   3.9015420e-03
   3.6131320e-03
   3.3389730e-03
   3.0837330e-03
   2.8495500e-03
   2.6354590e-03
   2.4345180e-03
   2.2373090e-03
   2.0352290e-03
   1.8216200e-03
   1.5975860e-03
   1.3772500e-03
   1.1834070e-03
   1.0374650e-03
   9.5314290e-04
   9.3306440e-04
   9.7329290e-04
   1.0696720e-03
   1.2160570e-03
   1.4046520e-03
   1.6276810e-03
   1.8771370e-03
   2.1464700e-03
   2.4334100e-03
   2.7386710e-03
   3.0629100e-03
   3.4060550e-03
   3.7688900e-03
   4.1489070e-03
   4.5345620e-03
   4.9068850e-03
   5.2457150e-03
   5.5304930e-03
   5.7426970e-03
   5.8730090e-03
   5.9220510e-03
   5.9011480e-03
   5.8320260e-03
   5.7383010e-03
   5.6388610e-03
   5.5500470e-03
   5.4886550e-03
   5.4729900e-03
   5.5187770e-03
   5.6317490e-03
   5.8047670e-03
   6.0229460e-03
   6.2672190e-03
   6.5190560e-03
   6.7632040e-03
   6.9862720e-03
   7.1776280e-03
   7.3307270e-03
   7.4406210e-03
   7.5061010e-03
   7.5341940e-03
   7.5390640e-03
   7.5394630e-03
   7.5502490e-03
   7.5815890e-03
   7.6404390e-03
   7.7299220e-03
   7.8513520e-03
   8.0030300e-03
   8.1788810e-03
   8.3698570e-03
   8.5678190e-03
   8.7677530e-03
   8.9673240e-03
   9.1668650e-03
   9.3680180e-03
   9.5675770e-03
   9.7578580e-03
   9.9297730e-03
   1.0071950e-02
   1.0169020e-02
   1.0205720e-02
   1.0169950e-02
   1.0052000e-02
   9.8469780e-03
   9.5581620e-03
   9.1963050e-03
   8.7776650e-03
   8.3221820e-03
   7.8533080e-03
   7.3974490e-03
   6.9798660e-03
   6.6244460e-03
   6.3541270e-03
   6.1849580e-03
   6.1177640e-03
   6.1388020e-03
   6.2270910e-03
   6.3570940e-03
   6.4977860e-03
   6.6155260e-03
   6.6848040e-03
   6.6936560e-03
   6.6419510e-03
   6.5386230e-03
   6.3986420e-03
   6.2370030e-03
   6.0657590e-03
   5.8936690e-03
   5.7266230e-03
   5.5672920e-03
   5.4133630e-03
   5.2614990e-03
   5.1109580e-03
   4.9641080e-03
   4.8272570e-03
   4.7061110e-03
   4.6062110e-03
   4.5300010e-03
   4.4754650e-03
   4.4371950e-03
   4.4062860e-03
   4.3664000e-03
   4.2972920e-03
   4.1858890e-03
   4.0280820e-03
   3.8242860e-03
   3.5840840e-03
   3.3276880e-03
   3.0739460e-03
   2.8290650e-03
   2.5876390e-03
   2.3395650e-03
   2.0780680e-03
   1.8021540e-03
   1.5138570e-03
   1.2175630e-03
   9.2354790e-04
   6.4827930e-04
   4.0963730e-04
   2.1813360e-04
   7.7110890e-05
  -1.7569870e-05
  -7.6534150e-05
  -1.1147290e-04
  -1.3232970e-04
  -1.4844110e-04
  -1.6638200e-04
  -1.8752020e-04
  -2.0927180e-04
  -2.2890380e-04
  -2.4939030e-04
  -2.8336860e-04
  -3.4829990e-04
  -4.6230870e-04
  -6.3936040e-04
  -8.8748680e-04
  -1.2128880e-03
  -1.6192190e-03
  -2.1078200e-03
  -2.6732020e-03
  -3.2973920e-03
  -3.9557100e-03
  -4.6278570e-03
  -5.3029770e-03
  -5.9724620e-03
  -6.6216210e-03
  -7.2361020e-03
  -7.8098470e-03
  -8.3383600e-03
  -8.8151970e-03
  -9.2360980e-03
  -9.6032370e-03
  -9.9226110e-03
  -1.0200800e-02
  -1.0444040e-02
  -1.0654970e-02
  -1.0829890e-02
  -1.0957150e-02
  -1.1025260e-02
  -1.1029600e-02
  -1.0966840e-02
  -1.0835470e-02
  -1.0639670e-02
  -1.0390390e-02
  -1.0102750e-02
  -9.7932290e-03
  -9.4736970e-03
  -9.1534250e-03
  -8.8413490e-03
  -8.5387310e-03
  -8.2378010e-03
  -7.9295710e-03
  -7.6109940e-03
  -7.2813390e-03
  -6.9420370e-03
  -6.5980370e-03
  -6.2566100e-03
  -5.9225020e-03
  -5.5953510e-03
  -5.2679000e-03
  -4.9284660e-03
  -4.5684240e-03
  -4.1853300e-03
  -3.7797740e-03
  -3.3553350e-03
  -2.9247930e-03
  -2.5091100e-03
  -2.1301930e-03
  -1.8052600e-03
  -1.5447120e-03
  -1.3513200e-03
  -1.2126450e-03
  -1.0978720e-03
  -9.6222970e-04
  -7.5736880e-04
  -4.3806790e-04
   2.8655340e-05
   6.5828200e-04
   1.4447030e-03
   2.3631810e-03
   3.3774250e-03
   4.4446100e-03
   5.5175250e-03
   6.5507600e-03
   7.5074550e-03
   8.3649790e-03
   9.1165670e-03
   9.7654000e-03
   1.0314900e-02
   1.0768090e-02
   1.1129930e-02
   1.1408440e-02
   1.1614370e-02
   1.1756490e-02
   1.1839960e-02
   1.1872450e-02
   1.1863130e-02
   1.1817300e-02
   1.1733660e-02
   1.1609590e-02
   1.1443400e-02
   1.1234590e-02
   1.0986600e-02
   1.0710770e-02
   1.0424780e-02
   1.0142050e-02
   9.8679360e-03
   9.6016450e-03
   9.3398420e-03
   9.0788760e-03
   8.8188960e-03
   8.5670010e-03
   8.3387350e-03
   8.1545420e-03
   8.0344770e-03
   7.9928350e-03
   8.0299980e-03
   8.1307900e-03
   8.2720860e-03
   8.4328820e-03
   8.5966520e-03
   8.7470460e-03
   8.8726090e-03
   8.9703280e-03
   9.0445180e-03
   9.1047440e-03
   9.1644150e-03
   9.2388770e-03
   9.3409690e-03
   9.4717170e-03
   9.6168970e-03
   9.7575010e-03
   9.8792500e-03
   9.9735700e-03
   1.0036850e-02
   1.0069230e-02
   1.0078250e-02
   1.0073870e-02
   1.0059430e-02
   1.0031350e-02
   9.9827410e-03
   9.9047440e-03
   9.7871150e-03
   9.6205580e-03
   9.4007990e-03
   9.1293320e-03
   8.8157660e-03
   8.4756210e-03
   8.1241780e-03
   7.7691120e-03
   7.4159920e-03
   7.0752210e-03
   6.7649690e-03
   6.5063830e-03
   6.3182820e-03
   6.2105280e-03
   6.1819830e-03
   6.2241280e-03
   6.3268300e-03
   6.4826100e-03
   6.6842150e-03
   6.9182690e-03
   7.1627330e-03
   7.3902890e-03
   7.5755470e-03
   7.7018590e-03
   7.7632670e-03
   7.7614690e-03
   7.7057290e-03
   7.6054320e-03
   7.4668780e-03
   7.2921300e-03
   7.0778970e-03
   6.8155730e-03
   6.4965810e-03
   6.1201960e-03
   5.6962220e-03
   5.2423910e-03
   4.7813320e-03
   4.3343440e-03
   3.9227470e-03
   3.5663190e-03
   3.2783220e-03
   3.0610910e-03
   2.9072380e-03
   2.8040150e-03
   2.7404300e-03
   2.7102520e-03
   2.7108550e-03
   2.7434200e-03
   2.8155490e-03
   2.9384930e-03
   3.1192510e-03
   3.3540390e-03
   3.6329350e-03
   3.9411790e-03
   4.2572350e-03
   4.5576530e-03
   4.8259560e-03
   5.0539840e-03
   5.2409230e-03
   5.3902870e-03
   5.5063580e-03
   5.5930110e-03
   5.6544560e-03
   5.6930270e-03
   5.7098870e-03
   5.6995260e-03
   5.6479200e-03
   5.5409110e-03
   5.3732570e-03
   5.1507380e-03
   4.8849720e-03
   4.5882650e-03
   4.2693190e-03
   3.9350920e-03
   3.5996630e-03
   3.2861380e-03
   3.0248140e-03
   2.8448520e-03
   2.7665070e-03
   2.7940420e-03
   2.9117500e-03
   3.0900120e-03
   3.2955110e-03
   3.4927670e-03
   3.6427970e-03
   3.7124520e-03
   3.6864890e-03
   3.5684220e-03
   3.3754450e-03
   3.1306270e-03
   2.8546270e-03
   2.5616450e-03
   2.2645150e-03
   1.9769000e-03
   1.7090960e-03
   1.4666190e-03
   1.2532560e-03
   1.0714800e-03
   9.2520850e-04
   8.2152190e-04
   7.6277120e-04
   7.3786360e-04
   7.2742870e-04
   7.1110560e-04
   6.7203220e-04
   5.9804870e-04
   4.8322610e-04
   3.2695990e-04
   1.3278310e-04
  -9.5476340e-05
  -3.5407970e-04
  -6.3679880e-04
  -9.3279450e-04
  -1.2275030e-03
  -1.5024620e-03
  -1.7366350e-03
  -1.9134030e-03
  -2.0259230e-03
  -2.0792030e-03
  -2.0872170e-03
  -2.0666010e-03
  -2.0342080e-03
  -2.0062110e-03
  -1.9964930e-03
  -2.0177440e-03
  -2.0813410e-03
  -2.1933410e-03
  -2.3549650e-03
  -2.5648120e-03
  -2.8169910e-03
  -3.1016110e-03
  -3.4064350e-03
  -3.7193490e-03
  -4.0296480e-03
  -4.3283970e-03
  -4.6079190e-03
  -4.8615630e-03
  -5.0836260e-03
  -5.2671760e-03
  -5.4004250e-03
  -5.4669550e-03
  -5.4509010e-03
  -5.3427650e-03
  -5.1440310e-03
  -4.8668080e-03
  -4.5305950e-03
  -4.1549090e-03
  -3.7549330e-03
  -3.3392700e-03
  -2.9138390e-03
  -2.4840830e-03
  -2.0533080e-03
  -1.6183220e-03
  -1.1683250e-03
  -6.9310280e-04
  -1.8809630e-04
   3.4400460e-04
   8.9235790e-04
   1.4403860e-03
   1.9732750e-03
   2.4811500e-03
   2.9579440e-03
   3.4021670e-03
   3.8137980e-03
   4.1895520e-03
   4.5241640e-03
   4.8156020e-03
   5.0659680e-03
   5.2805960e-03
   5.4674180e-03
   5.6306680e-03
   5.7679280e-03
   5.8739110e-03
   5.9467020e-03
   5.9888490e-03
   6.0068160e-03
   6.0130880e-03
   6.0219050e-03
   6.0436460e-03
   6.0836040e-03
   6.1418290e-03
   6.2155340e-03
   6.3065570e-03
   6.4241900e-03
   6.5792610e-03
   6.7760460e-03
   7.0079200e-03
   7.2602090e-03
   7.5183690e-03
   7.7702200e-03
   8.0080720e-03
   8.2242220e-03
   8.4016760e-03
   8.5164690e-03
   8.5476220e-03
   8.4815540e-03
   8.3120300e-03
   8.0402280e-03
   7.6731550e-03
   7.2225740e-03
   6.7054060e-03
   6.1422070e-03
   5.5554100e-03
   4.9676130e-03
   4.4006490e-03
   3.8722010e-03
   3.3914750e-03
   2.9547310e-03
   2.5506200e-03
   2.1660690e-03
   1.7874460e-03
   1.4017910e-03
   1.0022020e-03
   5.9085420e-04
   1.7656830e-04
  -2.3256010e-04
  -6.2757260e-04
  -1.0008550e-03
  -1.3522430e-03
  -1.6869990e-03
  -2.0090490e-03
  -2.3166960e-03
  -2.6060760e-03
  -2.8704450e-03
  -3.0969060e-03
  -3.2708110e-03
  -3.3784720e-03
  -3.4076760e-03
  -3.3527460e-03
  -3.2188220e-03
  -3.0177880e-03
  -2.7650840e-03
  -2.4777910e-03
  -2.1732330e-03
  -1.8664070e-03
  -1.5697220e-03
  -1.2933680e-03
  -1.0431020e-03
  -8.1876800e-04
  -6.1846510e-04
  -4.4416260e-04
  -2.9967800e-04
  -1.8410480e-04
  -8.8428380e-05
  -2.0125790e-06
   8.5439050e-05
   1.8713460e-04
   3.1440110e-04
   4.7155300e-04
   6.5709210e-04
   8.6455820e-04
   1.0842820e-03
   1.3094800e-03
   1.5372910e-03
   1.7686860e-03
   2.0026940e-03
   2.2298910e-03
   2.4357370e-03
   2.6072260e-03
   2.7377060e-03
   2.8281160e-03
   2.8835200e-03
   2.9100320e-03
   2.9103380e-03
   2.8836160e-03
   2.8290500e-03
   2.7476760e-03
   2.6396000e-03
   2.5030040e-03
   2.3411770e-03
   2.1657820e-03
   1.9932600e-03
   1.8375530e-03
   1.7045950e-03
   1.5903370e-03
   1.4849160e-03
   1.3797610e-03
   1.2715740e-03
   1.1646740e-03
   1.0675810e-03
   9.8551950e-04
   9.1454410e-04
   8.4558300e-04
   7.7161740e-04
   6.9135130e-04
   6.0383930e-04
   5.0369740e-04
   3.8427840e-04
   2.4270070e-04
   7.7520540e-05
  -1.1489250e-04
  -3.4209400e-04
  -6.1311820e-04
  -9.3389220e-04
  -1.3036750e-03
  -1.7148670e-03
  -2.1544610e-03
  -2.6093850e-03
  -3.0631620e-03
  -3.4955490e-03
  -3.8861250e-03
  -4.2202440e-03
  -4.4899370e-03
  -4.6947390e-03
  -4.8402140e-03
  -4.9328470e-03
  -4.9766400e-03
  -4.9745780e-03
  -4.9288030e-03
  -4.8413200e-03
  -4.7115790e-03
  -4.5366550e-03
  -4.3153290e-03
  -4.0532480e-03
  -3.7643020e-03
  -3.4655940e-03
  -3.1743360e-03
  -2.9082590e-03
  -2.6856630e-03
  -2.5200090e-03
  -2.4160140e-03
  -2.3744600e-03
  -2.3928260e-03
  -2.4631410e-03
  -2.5717800e-03
  -2.7010380e-03
  -2.8337820e-03
  -2.9585260e-03
  -3.0713180e-03
  -3.1744980e-03
  -3.2729560e-03
  -3.3705630e-03
  -3.4701440e-03
  -3.5778360e-03
  -3.6998380e-03
  -3.8391960e-03
  -3.9923740e-03
  -4.1508670e-03
  -4.3028290e-03
  -4.4388870e-03
  -4.5560230e-03
  -4.6575070e-03
  -4.7523370e-03
  -4.8518650e-03
  -4.9649470e-03
  -5.0960970e-03
  -5.2450810e-03
  -5.4112050e-03
  -5.5943950e-03
  -5.7942720e-03
  -6.0111570e-03
  -6.2474980e-03
  -6.5029890e-03
  -6.7746320e-03
  -7.0616370e-03
  -7.3658680e-03
  -7.6866820e-03
  -8.0207420e-03
  -8.3607170e-03
  -8.6956890e-03
  -9.0128400e-03
  -9.3024820e-03
  -9.5584740e-03
  -9.7757120e-03
  -9.9473760e-03
  -1.0064210e-02
  -1.0117250e-02
  -1.0103380e-02
  -1.0028120e-02
  -9.9048410e-03
  -9.7496040e-03
  -9.5752910e-03
  -9.3863720e-03
  -9.1810780e-03
  -8.9558580e-03
  -8.7106500e-03
  -8.4546570e-03
  -8.1997140e-03
  -7.9543840e-03
  -7.7225370e-03
  -7.5096980e-03
  -7.3284100e-03
  -7.1898630e-03
  -7.0988790e-03
  -7.0574090e-03
  -7.0626460e-03
  -7.1000780e-03
  -7.1445070e-03
  -7.1685150e-03
  -7.1522920e-03
  -7.0890900e-03
  -6.9818430e-03
  -6.8419640e-03
  -6.6902540e-03
  -6.5443790e-03
  -6.4124500e-03
  -6.2951460e-03
  -6.1937320e-03
  -6.1149810e-03
  -6.0636540e-03
  -6.0390420e-03
  -6.0367410e-03
  -6.0466120e-03
  -6.0576970e-03
  -6.0661050e-03
  -6.0766560e-03
  -6.0975420e-03
  -6.1361070e-03
  -6.1988610e-03
  -6.2911550e-03
  -6.4156790e-03
  -6.5745280e-03
  -6.7724320e-03
  -7.0119900e-03
  -7.2886390e-03
  -7.5907210e-03
  -7.9024640e-03
  -8.2080460e-03
  -8.4913510e-03
  -8.7368380e-03
  -8.9307010e-03
  -9.0618390e-03
  -9.1253080e-03
  -9.1252630e-03
  -9.0723960e-03
  -8.9821430e-03
  -8.8724100e-03
  -8.7586160e-03
  -8.6476560e-03
  -8.5398000e-03
  -8.4343480e-03
  -8.3271260e-03
  -8.2129500e-03
  -8.0893800e-03
  -7.9562060e-03
  -7.8187820e-03
  -7.6881540e-03
  -7.5791440e-03
  -7.5072970e-03
  -7.4886360e-03
  -7.5380680e-03
  -7.6622450e-03
  -7.8551350e-03
  -8.1051420e-03
  -8.3997000e-03
  -8.7225280e-03
  -9.0539250e-03
  -9.3770890e-03
  -9.6779180e-03
  -9.9445630e-03
  -1.0170800e-02
  -1.0357110e-02
  -1.0512340e-02
  -1.0651790e-02
  -1.0788210e-02
  -1.0926260e-02
  -1.1060650e-02
  -1.1180960e-02
  -1.1276690e-02
  -1.1346260e-02
  -1.1399690e-02
  -1.1449010e-02
  -1.1499550e-02
  -1.1550260e-02
  -1.1598760e-02
  -1.1644040e-02
  -1.1687390e-02
  -1.1732890e-02
  -1.1784780e-02
  -1.1846680e-02
  -1.1923290e-02
  -1.2018230e-02
  -1.2133660e-02
  -1.2271280e-02
  -1.2431180e-02
  -1.2612340e-02
  -1.2813420e-02
  -1.3033080e-02
  -1.3264760e-02
  -1.3498170e-02
  -1.3723960e-02
  -1.3933510e-02
  -1.4113500e-02
  -1.4248530e-02
  -1.4332910e-02
  -1.4375870e-02
  -1.4396040e-02
  -1.4416290e-02
  -1.4459150e-02
  -1.4540270e-02
  -1.4662100e-02
  -1.4811870e-02
  -1.4962980e-02
  -1.5081850e-02
  -1.5133910e-02
  -1.5088410e-02
  -1.4927900e-02
  -1.4656970e-02
  -1.4295990e-02
  -1.3871080e-02
  -1.3410080e-02
  -1.2944130e-02
  -1.2501930e-02
  -1.2104050e-02
  -1.1764790e-02
  -1.1495030e-02
  -1.1294920e-02
  -1.1152770e-02
  -1.1050540e-02
  -1.0965620e-02
  -1.0877600e-02
  -1.0774590e-02
  -1.0655360e-02
  -1.0529180e-02
  -1.0411420e-02
  -1.0319080e-02
  -1.0266890e-02
  -1.0264400e-02
  -1.0317830e-02
  -1.0436460e-02
  -1.0628340e-02
  -1.0888360e-02
  -1.1197210e-02
  -1.1525300e-02
  -1.1839620e-02
  -1.2109380e-02
  -1.2312420e-02
  -1.2440740e-02
  -1.2498190e-02
  -1.2492000e-02
  -1.2432260e-02
  -1.2331700e-02
  -1.2204120e-02
  -1.2062590e-02
  -1.1919500e-02
  -1.1783040e-02
  -1.1654860e-02
  -1.1528000e-02
  -1.1386570e-02
  -1.1216570e-02
  -1.1012220e-02
  -1.0772300e-02
  -1.0495000e-02
  -1.0177060e-02
  -9.8165130e-03
  -9.4198490e-03
  -9.0031000e-03
  -8.5928160e-03
  -8.2248440e-03
  -7.9366230e-03
  -7.7624270e-03
  -7.7208610e-03
  -7.8056120e-03
  -7.9900650e-03
  -8.2385670e-03
  -8.5140880e-03
  -8.7881550e-03
  -9.0479970e-03
  -9.2892400e-03
  -9.5101490e-03
  -9.7130050e-03
  -9.9019360e-03
  -1.0080950e-02
  -1.0253260e-02
  -1.0420040e-02
  -1.0581140e-02
  -1.0737240e-02
  -1.0887650e-02
  -1.1029970e-02
  -1.1161490e-02
  -1.1283010e-02
  -1.1397900e-02
  -1.1506310e-02
  -1.1601160e-02
  -1.1673010e-02
  -1.1714940e-02
  -1.1728000e-02
  -1.1721910e-02
  -1.1708600e-02
  -1.1699060e-02
  -1.1700020e-02
  -1.1709580e-02
  -1.1715110e-02
  -1.1695940e-02
  -1.1633890e-02
  -1.1522750e-02
  -1.1368570e-02
  -1.1185430e-02
  -1.0992510e-02
  -1.0809520e-02
  -1.0653720e-02
  -1.0542960e-02
  -1.0491870e-02
  -1.0507670e-02
  -1.0591200e-02
  -1.0739800e-02
  -1.0947610e-02
  -1.1209180e-02
  -1.1518900e-02
  -1.1870350e-02
  -1.2257130e-02
  -1.2666520e-02
  -1.3075470e-02
  -1.3462850e-02
  -1.3820170e-02
  -1.4149910e-02
  -1.4455530e-02
  -1.4736940e-02
  -1.4992920e-02
  -1.5222880e-02
  -1.5428260e-02
  -1.5611710e-02
  -1.5772000e-02
  -1.5902750e-02
  -1.5998020e-02
  -1.6055830e-02
  -1.6076170e-02
  -1.6055780e-02
  -1.5989500e-02
  -1.5874780e-02
  -1.5717040e-02
  -1.5529980e-02
  -1.5331910e-02
  -1.5140420e-02
  -1.4971010e-02
  -1.4831920e-02
  -1.4719490e-02
  -1.4623860e-02
  -1.4535170e-02
  -1.4444620e-02
  -1.4346240e-02
  -1.4237940e-02
  -1.4124290e-02
  -1.4015660e-02
  -1.3919830e-02
  -1.3837110e-02
  -1.3760740e-02
  -1.3679840e-02
  -1.3582900e-02
  -1.3464720e-02
  -1.3329620e-02
  -1.3187920e-02
  -1.3050420e-02
  -1.2926430e-02
  -1.2822800e-02
  -1.2739530e-02
  -1.2665840e-02
  -1.2584720e-02
  -1.2482190e-02
  -1.2351670e-02
  -1.2193540e-02
  -1.2010260e-02
  -1.1801500e-02
  -1.1562730e-02
  -1.1290040e-02
  -1.0981990e-02
  -1.0642000e-02
  -1.0278400e-02
  -9.9002300e-03
  -9.5158020e-03
  -9.1296810e-03
  -8.7430370e-03
  -8.3578900e-03
  -7.9790840e-03
  -7.6151940e-03
  -7.2745860e-03
  -6.9623050e-03
  -6.6763780e-03
  -6.4131700e-03
  -6.1765220e-03
  -5.9782860e-03
  -5.8318360e-03
  -5.7463040e-03
  -5.7238740e-03
  -5.7604530e-03
  -5.8496940e-03
  -5.9861520e-03
  -6.1683230e-03
  -6.3989990e-03
  -6.6813790e-03
  -7.0173980e-03
  -7.4011200e-03
  -7.8129940e-03
  -8.2245470e-03
  -8.6138210e-03
  -8.9736220e-03
  -9.3036690e-03
  -9.6045320e-03
  -9.8765970e-03
  -1.0119150e-02
  -1.0330500e-02
  -1.0510820e-02
  -1.0662980e-02
  -1.0789720e-02
  -1.0894690e-02
  -1.0980790e-02
  -1.1049260e-02
  -1.1105410e-02
  -1.1152960e-02
  -1.1189760e-02
  -1.1213590e-02
  -1.1225480e-02
  -1.1228250e-02
  -1.1226930e-02
  -1.1230950e-02
  -1.1251400e-02
  -1.1299290e-02
  -1.1380340e-02
  -1.1490640e-02
  -1.1612550e-02
  -1.1716330e-02
  -1.1773310e-02
  -1.1765080e-02
  -1.1689960e-02
  -1.1559750e-02
  -1.1391050e-02
  -1.1202450e-02
  -1.1011990e-02
  -1.0832850e-02
  -1.0670190e-02
  -1.0522490e-02
  -1.0386950e-02
  -1.0261770e-02
  -1.0151710e-02
  -1.0069310e-02
  -1.0024430e-02
  -1.0015310e-02
  -1.0032020e-02
  -1.0062210e-02
  -1.0096850e-02
  -1.0134840e-02
  -1.0173800e-02
  -1.0204810e-02
  -1.0217260e-02
  -1.0205890e-02
  -1.0172710e-02
  -1.0123710e-02
  -1.0061950e-02
  -9.9872430e-03
  -9.9002650e-03
  -9.8041800e-03
  -9.7047840e-03
  -9.6130560e-03
  -9.5424780e-03
  -9.5068830e-03
  -9.5161720e-03
  -9.5775960e-03
  -9.6984990e-03
  -9.8810620e-03
  -1.0118110e-02
  -1.0391990e-02
  -1.0680850e-02
  -1.0964410e-02
  -1.1224850e-02
  -1.1451220e-02
  -1.1644790e-02
  -1.1817760e-02
  -1.1985880e-02
  -1.2160440e-02
  -1.2350770e-02
  -1.2568440e-02
  -1.2822950e-02
  -1.3116960e-02
  -1.3443330e-02
  -1.3790680e-02
  -1.4149600e-02
  -1.4512730e-02
  -1.4870630e-02
  -1.5214150e-02
  -1.5534950e-02
  -1.5823810e-02
  -1.6076670e-02
  -1.6298470e-02
  -1.6500570e-02
  -1.6694110e-02
  -1.6882980e-02
  -1.7064030e-02
  -1.7228670e-02
  -1.7363840e-02
  -1.7454810e-02
  -1.7493510e-02
  -1.7482140e-02
  -1.7430780e-02
  -1.7353920e-02
  -1.7264310e-02
  -1.7167630e-02
  -1.7064300e-02
  -1.6950310e-02
  -1.6814450e-02
  -1.6640060e-02
  -1.6417440e-02
  -1.6144360e-02
  -1.5823500e-02
  -1.5464110e-02
  -1.5079530e-02
  -1.4684420e-02
  -1.4291720e-02
  -1.3910580e-02
  -1.3545620e-02
  -1.3198380e-02
  -1.2865860e-02
  -1.2542000e-02
  -1.2223930e-02
  -1.1908360e-02
  -1.1592590e-02
  -1.1275830e-02
  -1.0956470e-02
  -1.0631570e-02
  -1.0300640e-02
  -9.9644870e-03
  -9.6260340e-03
  -9.2915960e-03
  -8.9694090e-03
  -8.6683220e-03
  -8.3979850e-03
  -8.1673130e-03
  -7.9827940e-03
  -7.8447050e-03
  -7.7468970e-03
  -7.6767420e-03
  -7.6212850e-03
  -7.5724660e-03
  -7.5298100e-03
  -7.5003180e-03
  -7.4973790e-03
  -7.5333360e-03
  -7.6124310e-03
  -7.7306750e-03
  -7.8794170e-03
  -8.0474050e-03
  -8.2208260e-03
  -8.3805810e-03
  -8.5062630e-03
  -8.5795200e-03
  -8.5908460e-03
  -8.5419550e-03
  -8.4439510e-03
  -8.3120460e-03
  -8.1603430e-03
  -7.9963620e-03
  -7.8193730e-03
  -7.6228790e-03
  -7.4014230e-03
  -7.1588000e-03
  -6.9114760e-03
  -6.6797730e-03
  -6.4767300e-03
  -6.3047550e-03
  -6.1571900e-03
  -6.0230630e-03
  -5.8937340e-03
  -5.7642700e-03
  -5.6356950e-03
  -5.5105400e-03
  -5.3890600e-03
  -5.2653320e-03
  -5.1261700e-03
  -4.9583560e-03
  -4.7583240e-03
  -4.5304830e-03
  -4.2806470e-03
  -4.0087480e-03
  -3.7071220e-03
  -3.3652570e-03
  -2.9805170e-03
  -2.5581990e-03
  -2.1102390e-03
  -1.6514010e-03
  -1.1958560e-03
  -7.5741730e-04
  -3.4674000e-04
   3.0336850e-05
   3.6719160e-04
   6.5810700e-04
   9.0175230e-04
   1.1049230e-03
   1.2805430e-03
   1.4447580e-03
   1.6104450e-03
   1.7825100e-03
   1.9564120e-03
   2.1223290e-03
   2.2735980e-03
   2.4125750e-03
   2.5496940e-03
   2.6982950e-03
   2.8634250e-03
   3.0402970e-03
   3.2191950e-03
   3.3882730e-03
   3.5346350e-03
   3.6506230e-03
   3.7372000e-03
   3.8023700e-03
   3.8582830e-03
   3.9195590e-03
   3.9933720e-03
   4.0732090e-03
   4.1480360e-03
   4.2162910e-03
   4.2878840e-03
   4.3766000e-03
   4.4935330e-03
   4.6454820e-03
   4.8298310e-03
   5.0417650e-03
   5.2780980e-03
   5.5378230e-03
   5.8206300e-03
   6.1237710e-03
   6.4385200e-03
   6.7535770e-03
   7.0559080e-03
   7.3317320e-03
   7.5684320e-03
   7.7543230e-03
   7.8802900e-03
   7.9408790e-03
   7.9367100e-03
   7.8749330e-03
   7.7680790e-03
   7.6346280e-03
   7.4935540e-03
   7.3578690e-03
   7.2322470e-03
   7.1138180e-03
   6.9999520e-03
   6.8945970e-03
   6.8036040e-03
   6.7323750e-03
   6.6839820e-03
   6.6604290e-03
   6.6636680e-03
   6.6927740e-03
   6.7444930e-03
   6.8130750e-03
   6.8876080e-03
   6.9547290e-03
   7.0029430e-03
   7.0231120e-03
   7.0080580e-03
   6.9563370e-03
   6.8709360e-03
   6.7533770e-03
   6.6020050e-03
   6.4149190e-03
   6.1917250e-03
   5.9364250e-03
   5.6551170e-03
   5.3538640e-03
   5.0439530e-03
   4.7393470e-03
   4.4506400e-03
   4.1843370e-03
   3.9404050e-03
   3.7126280e-03
   3.4950980e-03
   3.2854880e-03
   3.0841720e-03
   2.8937790e-03
   2.7225460e-03
   2.5805010e-03
   2.4788050e-03
   2.4281390e-03
   2.4315170e-03
   2.4878560e-03
   2.5937080e-03
   2.7433910e-03
   2.9295500e-03
   3.1462190e-03
   3.3875610e-03
   3.6503490e-03
   3.9354680e-03
   4.2456890e-03
   4.5795260e-03
   4.9315620e-03
   5.2923920e-03
   5.6506190e-03
   5.9976960e-03
   6.3281940e-03
   6.6381150e-03
   6.9287420e-03
   7.2048210e-03
   7.4713050e-03
   7.7324260e-03
   7.9923720e-03
   8.2529330e-03
   8.5154810e-03
   8.7823500e-03
   9.0573830e-03
   9.3452370e-03
   9.6460410e-03
   9.9572820e-03
   1.0276880e-02
   1.0602660e-02
   1.0930990e-02
   1.1259850e-02
   1.1592420e-02
   1.1934660e-02
   1.2291200e-02
   1.2660430e-02
   1.3035530e-02
   1.3404790e-02
   1.3750020e-02
   1.4053910e-02
   1.4304850e-02
   1.4495720e-02
   1.4625310e-02
   1.4699180e-02
   1.4724980e-02
   1.4709070e-02
   1.4658150e-02
   1.4578030e-02
   1.4472860e-02
   1.4345440e-02
   1.4198540e-02
   1.4035030e-02
   1.3857180e-02
   1.3670450e-02
   1.3481290e-02
   1.3292250e-02
   1.3099280e-02
   1.2898040e-02
   1.2693380e-02
   1.2497680e-02
   1.2324950e-02
   1.2184950e-02
   1.2077770e-02
   1.1993790e-02
   1.1917850e-02
   1.1835030e-02
   1.1737640e-02
   1.1624860e-02
   1.1500090e-02
   1.1370300e-02
   1.1245250e-02
   1.1131030e-02
   1.1029240e-02
   1.0938640e-02
   1.0850970e-02
   1.0750680e-02
   1.0621930e-02
   1.0454740e-02
   1.0246710e-02
   1.0003850e-02
   9.7365930e-03
   9.4519120e-03
   9.1529490e-03
   8.8394580e-03
   8.5070900e-03
   8.1489490e-03
   7.7610370e-03
   7.3456030e-03
   6.9115270e-03
   6.4741160e-03
   6.0516160e-03
   5.6616250e-03
   5.3182010e-03
   5.0304590e-03
   4.8007290e-03
   4.6200690e-03
   4.4684060e-03
   4.3233580e-03
   4.1645820e-03
   3.9746890e-03
   3.7422970e-03
   3.4630270e-03
   3.1431950e-03
   2.7997990e-03
   2.4539880e-03
   2.1254600e-03
   1.8283530e-03
   1.5730410e-03
   1.3685370e-03
   1.2207570e-03
   1.1299520e-03
   1.0921910e-03
   1.1048480e-03
   1.1669720e-03
   1.2770380e-03
   1.4267980e-03
   1.6029320e-03
   1.8003070e-03
   2.0197380e-03
   2.2567530e-03
   2.5020680e-03
   2.7456610e-03
   2.9798340e-03
   3.1981330e-03
   3.3943380e-03
   3.5657550e-03
   3.7171120e-03
   3.8579720e-03
   4.0008730e-03
   4.1595330e-03
   4.3447900e-03
   4.5574150e-03
   4.7808560e-03
   4.9898110e-03
   5.1679280e-03
   5.3129100e-03
   5.4331590e-03
   5.5422580e-03
   5.6528720e-03
   5.7714280e-03
   5.8960660e-03
   6.0164370e-03
   6.1197600e-03
   6.1940980e-03
   6.2327780e-03
   6.2361100e-03
   6.2097410e-03
   6.1621150e-03
   6.1043100e-03
   6.0505620e-03
   6.0122470e-03
   5.9939320e-03
   5.9940150e-03
   6.0109130e-03
   6.0479140e-03
   6.1118220e-03
   6.2072090e-03
   6.3332750e-03
   6.4802670e-03
   6.6335440e-03
   6.7817480e-03
   6.9171530e-03
   7.0381820e-03
   7.1506680e-03
   7.2628300e-03
   7.3828770e-03
   7.5154110e-03
   7.6566110e-03
   7.7927190e-03
   7.9045230e-03
   7.9725630e-03
   7.9798300e-03
   7.9140270e-03
   7.7752920e-03
   7.5812160e-03
   7.3631980e-03
   7.1613830e-03
   7.0152640e-03
   6.9529000e-03
   6.9821100e-03
   7.0872740e-03
   7.2355310e-03
   7.3829480e-03
   7.4834030e-03
   7.4960340e-03
   7.3969120e-03
   7.1851920e-03
   6.8827180e-03
   6.5282040e-03
   6.1661270e-03
   5.8353700e-03
   5.5659880e-03
   5.3798870e-03
   5.2893050e-03
   5.2915330e-03
   5.3683570e-03
   5.4895070e-03
   5.6221440e-03
   5.7381860e-03
   5.8190480e-03
   5.8552120e-03
   5.8395580e-03
   5.7672440e-03
   5.6426320e-03
   5.4764440e-03
   5.2785970e-03
   5.0551230e-03
   4.8092860e-03
   4.5413380e-03
   4.2486440e-03
   3.9289630e-03
   3.5827150e-03
   3.2165840e-03
   2.8438350e-03
   2.4779920e-03
   2.1293950e-03
   1.8044960e-03
   1.5049200e-03
   1.2307520e-03
   9.8300400e-04
   7.6020690e-04
   5.5627180e-04
   3.6439950e-04
   1.8262790e-04
   1.4752610e-05
  -1.3013130e-04
  -2.3881900e-04
  -2.9877320e-04
  -3.0339920e-04
  -2.5671910e-04
  -1.7362930e-04
  -7.2410870e-05
   2.6951190e-05
   1.0780610e-04
   1.6153350e-04
   1.8436830e-04
   1.7651890e-04
   1.4371080e-04
   9.4084530e-05
   3.4447840e-05
  -3.2088520e-05
  -1.0793010e-04
  -1.9605410e-04
  -2.9509520e-04
  -4.0015990e-04
  -5.0720160e-04
  -6.0907580e-04
  -6.9359380e-04
  -7.4865970e-04
  -7.6236130e-04
  -7.2144890e-04
  -6.1807710e-04
  -4.5134100e-04
  -2.2534440e-04
   5.1932020e-05
   3.6951040e-04
   7.1554140e-04
   1.0747840e-03
   1.4271770e-03
   1.7539140e-03
   2.0428500e-03
   2.2894630e-03
   2.4956150e-03
   2.6659610e-03
   2.8055750e-03
   2.9185490e-03
   3.0084890e-03
   3.0767280e-03
   3.1233000e-03
   3.1466640e-03
   3.1452030e-03
   3.1193760e-03
   3.0727120e-03
   3.0131080e-03
   2.9514020e-03
   2.8986810e-03
   2.8637820e-03
   2.8546930e-03
   2.8757350e-03
   2.9225050e-03
   2.9839420e-03
   3.0520250e-03
   3.1243800e-03
   3.2033400e-03
   3.2906290e-03
   3.3794340e-03
   3.4584380e-03
   3.5160780e-03
   3.5391520e-03
   3.5164400e-03
   3.4436180e-03
   3.3296670e-03
   3.1971970e-03
   3.0727680e-03
   2.9754990e-03
   2.9123690e-03
   2.8814820e-03
   2.8798220e-03
   2.9096350e-03
   2.9769160e-03
   3.0848910e-03
   3.2280600e-03
   3.3935650e-03
   3.5633260e-03
   3.7195190e-03
   3.8485380e-03
   3.9425060e-03
   4.0030670e-03
   4.0406670e-03
   4.0710310e-03
   4.1120050e-03
   4.1738330e-03
   4.2575310e-03
   4.3608670e-03
   4.4787550e-03
   4.6013080e-03
   4.7167470e-03
   4.8198160e-03
   4.9127320e-03
   4.9960660e-03
   5.0651940e-03
   5.1174820e-03
   5.1553920e-03
   5.1829720e-03
   5.2027760e-03
   5.2146870e-03
   5.2153640e-03
   5.1985190e-03
   5.1587330e-03
   5.0965300e-03
   5.0158180e-03
   4.9179190e-03
   4.7976930e-03
   4.6478790e-03
   4.4728680e-03
   4.2869870e-03
   4.1025940e-03
   3.9291490e-03
   3.7733100e-03
   3.6336070e-03
   3.5035310e-03
   3.3732210e-03
   3.2324170e-03
   3.0763050e-03
   2.9070050e-03
   2.7297150e-03
   2.5499880e-03
   2.3739760e-03
   2.2062400e-03
   2.0482970e-03
   1.9040570e-03
   1.7789650e-03
   1.6757770e-03
   1.5923760e-03
   1.5214670e-03
   1.4528480e-03
   1.3769960e-03
   1.2875670e-03
   1.1834690e-03
   1.0712420e-03
   9.6371840e-04
   8.7861950e-04
   8.3510740e-04
   8.4380820e-04
   9.0149150e-04
   9.9707790e-04
   1.1170510e-03
   1.2516470e-03
   1.3960370e-03
   1.5450010e-03
   1.6881200e-03
   1.8155650e-03
   1.9235470e-03
   2.0153580e-03
   2.0957940e-03
   2.1653860e-03
   2.2266340e-03
   2.2855100e-03
   2.3469920e-03
   2.4113610e-03
   2.4799270e-03
   2.5555250e-03
   2.6394760e-03
   2.7320840e-03
   2.8328060e-03
   2.9373750e-03
   3.0382880e-03
   3.1277180e-03
   3.2014840e-03
   3.2608850e-03
   3.3108670e-03
   3.3545980e-03
   3.3914600e-03
   3.4195130e-03
   3.4359480e-03
   3.4374000e-03
   3.4192560e-03
   3.3785120e-03
   3.3158950e-03
   3.2358100e-03
   3.1437970e-03
   3.0449500e-03
   2.9473350e-03
   2.8624880e-03
   2.8009900e-03
   2.7689770e-03
   2.7701010e-03
   2.8061410e-03
   2.8770560e-03
   2.9842040e-03
   3.1276550e-03
   3.3061080e-03
   3.5183940e-03
   3.7607100e-03
   4.0251020e-03
   4.3012370e-03
   4.5820850e-03
   4.8677580e-03
   5.1616630e-03
   5.4665030e-03
   5.7878580e-03
   6.1317890e-03
   6.4991080e-03
   6.8806250e-03
   7.2609340e-03
   7.6251170e-03
   7.9609320e-03
   8.2587220e-03
   8.5120400e-03
   8.7234930e-03
   8.9101000e-03
   9.0960910e-03
   9.3031260e-03
   9.5415400e-03
   9.8083740e-03
   1.0092660e-02
   1.0380040e-02
   1.0655950e-02
   1.0910680e-02
   1.1139580e-02
   1.1340950e-02
   1.1515280e-02
   1.1663450e-02
   1.1786640e-02
   1.1886070e-02
   1.1962500e-02
   1.2017020e-02
   1.2050850e-02
   1.2065050e-02
   1.2059560e-02
   1.2035790e-02
   1.1999000e-02
   1.1952930e-02
   1.1900510e-02
   1.1845570e-02
   1.1792740e-02
   1.1747340e-02
   1.1710990e-02
   1.1678480e-02
   1.1642510e-02
   1.1601770e-02
   1.1561940e-02
   1.1533260e-02
   1.1524410e-02
   1.1537980e-02
   1.1570960e-02
   1.1619790e-02
   1.1684580e-02
   1.1767730e-02
   1.1872020e-02
   1.1997980e-02
   1.2143390e-02
   1.2302160e-02
   1.2466190e-02
   1.2626460e-02
   1.2769710e-02
   1.2883860e-02
   1.2963810e-02
   1.3011510e-02
   1.3035240e-02
   1.3050150e-02
   1.3073820e-02
   1.3116430e-02
   1.3173860e-02
   1.3226340e-02
   1.3250460e-02
   1.3233100e-02
   1.3176320e-02
   1.3092270e-02
   1.3000280e-02
   1.2925400e-02
   1.2890880e-02
   1.2912360e-02
   1.2995080e-02
   1.3134970e-02
   1.3317840e-02
   1.3526030e-02
   1.3743460e-02
   1.3956520e-02
   1.4155920e-02
   1.4335340e-02
   1.4491180e-02
   1.4622560e-02
   1.4729020e-02
   1.4806730e-02
   1.4851740e-02
   1.4864760e-02
   1.4849880e-02
   1.4812900e-02
   1.4758490e-02
   1.4688270e-02
   1.4603400e-02
   1.4505720e-02
   1.4393490e-02
   1.4257390e-02
   1.4086310e-02
   1.3880530e-02
   1.3657670e-02
   1.3440020e-02
   1.3240660e-02
   1.3065220e-02
   1.2913660e-02
   1.2779870e-02
   1.2653770e-02
   1.2526090e-02
   1.2391010e-02
   1.2245050e-02
   1.2086160e-02
   1.1912900e-02
   1.1725520e-02
   1.1528010e-02
   1.1327870e-02
   1.1130070e-02
   1.0941220e-02
   1.0770150e-02
   1.0623820e-02
   1.0505130e-02
   1.0413040e-02
   1.0344370e-02
   1.0299070e-02
   1.0280510e-02
   1.0294700e-02
   1.0345460e-02
   1.0434310e-02
   1.0559340e-02
   1.0712960e-02
   1.0883000e-02
   1.1052400e-02
   1.1199920e-02
   1.1304820e-02
   1.1350130e-02
   1.1324780e-02
   1.1228200e-02
   1.1070460e-02
   1.0867230e-02
   1.0634900e-02
   1.0386390e-02
   1.0129620e-02
   9.8656530e-03
   9.5870610e-03
   9.2840430e-03
   8.9510800e-03
   8.5871890e-03
   8.1972000e-03
   7.7933650e-03
   7.3910630e-03
   7.0002350e-03
   6.6251390e-03
   6.2652970e-03
   5.9165300e-03
   5.5730990e-03
   5.2312800e-03
   4.8933210e-03
   4.5671580e-03
   4.2646390e-03
   3.9937120e-03
   3.7526240e-03
   3.5346690e-03
   3.3349380e-03
   3.1549760e-03
   3.0003400e-03
   2.8776070e-03
   2.7887460e-03
   2.7272940e-03
   2.6799260e-03
   2.6330320e-03
   2.5777170e-03
   2.5096200e-03
   2.4239530e-03
   2.3164360e-03
   2.1887810e-03
   2.0518310e-03
   1.9230680e-03
   1.8216640e-03
   1.7586640e-03
   1.7338400e-03
   1.7384950e-03
   1.7633540e-03
   1.8033100e-03
   1.8547820e-03
   1.9124240e-03
   1.9725660e-03
   2.0337260e-03
   2.0935280e-03
   2.1463800e-03
   2.1840650e-03
   2.1982100e-03
   2.1829440e-03
   2.1322160e-03
   2.0415840e-03
   1.9127850e-03
   1.7542290e-03
   1.5753490e-03
   1.3815230e-03
   1.1739780e-03
   9.4828820e-04
   6.9871240e-04
   4.2480630e-04
   1.3132240e-04
  -1.7217180e-04
  -4.7604330e-04
  -7.7081560e-04
  -1.0465100e-03
  -1.2955500e-03
  -1.5191780e-03
  -1.7266910e-03
  -1.9280620e-03
  -2.1315660e-03
  -2.3422660e-03
  -2.5605670e-03
  -2.7837540e-03
  -3.0079660e-03
  -3.2272190e-03
  -3.4347790e-03
  -3.6311050e-03
  -3.8244340e-03
  -4.0235160e-03
  -4.2346610e-03
  -4.4634310e-03
  -4.7151210e-03
  -4.9928840e-03
  -5.2922100e-03
  -5.5982770e-03
  -5.8875540e-03
  -6.1358490e-03
  -6.3274600e-03
  -6.4575420e-03
  -6.5306240e-03
  -6.5599900e-03
  -6.5614250e-03
  -6.5499750e-03
  -6.5389440e-03
  -6.5375490e-03
  -6.5503660e-03
  -6.5777920e-03
  -6.6150080e-03
  -6.6558330e-03
  -6.6931550e-03
  -6.7194420e-03
  -6.7272750e-03
  -6.7140860e-03
  -6.6885060e-03
  -6.6649700e-03
  -6.6551050e-03
  -6.6638540e-03
  -6.6913400e-03
  -6.7360090e-03
  -6.7934840e-03
  -6.8547970e-03
  -6.9111770e-03
  -6.9597180e-03
  -7.0018170e-03
  -7.0396790e-03
  -7.0705350e-03
  -7.0874290e-03
  -7.0835540e-03
  -7.0544810e-03
  -6.9979430e-03
  -6.9154300e-03
  -6.8106510e-03
  -6.6913240e-03
  -6.5656480e-03
  -6.4394920e-03
  -6.3177330e-03
  -6.2030250e-03
  -6.0935800e-03
  -5.9874770e-03
  -5.8861630e-03
  -5.7912890e-03
  -5.7027550e-03
  -5.6217920e-03
  -5.5509590e-03
  -5.4932680e-03
  -5.4499320e-03
  -5.4200170e-03
  -5.3978840e-03
  -5.3753960e-03
  -5.3493110e-03
  -5.3242590e-03
  -5.3072190e-03
  -5.3036930e-03
  -5.3157440e-03
  -5.3402700e-03
  -5.3702840e-03
  -5.3988400e-03
  -5.4285280e-03
  -5.4707520e-03
  -5.5332750e-03
  -5.6154070e-03
  -5.7086870e-03
  -5.7997720e-03
  -5.8746970e-03
  -5.9246590e-03
  -5.9482140e-03
  -5.9484070e-03
  -5.9258410e-03
  -5.8729820e-03
  -5.7775230e-03
  -5.6342140e-03
  -5.4495450e-03
  -5.2371470e-03
  -5.0104600e-03
  -4.7809690e-03
  -4.5600870e-03
  -4.3566640e-03
  -4.1768210e-03
  -4.0263760e-03
  -3.9074520e-03
  -3.8160930e-03
  -3.7455870e-03
  -3.6886830e-03
  -3.6400980e-03
  -3.6012850e-03
  -3.5709890e-03
  -3.5373780e-03
  -3.4854130e-03
  -3.4028880e-03
  -3.2811320e-03
  -3.1148110e-03
  -2.9022050e-03
  -2.6464100e-03
  -2.3538770e-03
  -2.0329200e-03
  -1.6908140e-03
  -1.3322150e-03
  -9.6025420e-04
  -5.8135220e-04
  -2.0756540e-04
   1.4973930e-04
   4.8234060e-04
   7.8664940e-04
   1.0606550e-03
   1.3028280e-03
   1.5124550e-03
   1.6900500e-03
   1.8361420e-03
   1.9524690e-03
   2.0432470e-03
   2.1146510e-03
   2.1713640e-03
   2.2180900e-03
   2.2610360e-03
   2.3056630e-03
   2.3528120e-03
   2.3994210e-03
   2.4396890e-03
   2.4640870e-03
   2.4616250e-03
   2.4249640e-03
   2.3499730e-03
   2.2384170e-03
   2.0993250e-03
   1.9474450e-03
   1.8025480e-03
   1.6824340e-03
   1.5944930e-03
   1.5322990e-03
   1.4809320e-03
   1.4240410e-03
   1.3478080e-03
   1.2453510e-03
   1.1177650e-03
   9.6936330e-04
   8.0427890e-04
   6.2782800e-04
   4.4861700e-04
   2.7904850e-04
   1.2957860e-04
   3.1973300e-06
  -1.0381320e-04
  -1.9771730e-04
  -2.8861550e-04
  -3.8823820e-04
  -5.0562220e-04
  -6.4412180e-04
  -8.0370580e-04
  -9.8191060e-04
  -1.1724460e-03
  -1.3653080e-03
  -1.5476980e-03
  -1.7058050e-03
  -1.8284290e-03
  -1.9109560e-03
  -1.9547690e-03
  -1.9649020e-03
  -1.9442520e-03
  -1.8890210e-03
  -1.7942790e-03
  -1.6594620e-03
  -1.4890460e-03
  -1.2929900e-03
  -1.0842110e-03
  -8.7621850e-04
  -6.8230750e-04
  -5.1259970e-04
  -3.7020020e-04
  -2.5162460e-04
  -1.4742380e-04
  -4.6108870e-05
   5.9082350e-05
   1.6399090e-04
   2.5856830e-04
   3.3677930e-04
   3.9711880e-04
   4.4168260e-04
   4.7419420e-04
   4.9997000e-04
   5.2631220e-04
   5.5733960e-04
   5.8992800e-04
   6.1779600e-04
   6.3738780e-04
   6.5215350e-04
   6.7098940e-04
   7.0036930e-04
   7.4366890e-04
   8.0564410e-04
   8.8955660e-04
   9.9498540e-04
   1.1213430e-03
   1.2704760e-03
   1.4447200e-03
   1.6439140e-03
   1.8642300e-03
   2.0934620e-03
   2.3154090e-03
   2.5209860e-03
   2.7078670e-03
   2.8770260e-03
   3.0325290e-03
   3.1801120e-03
   3.3197210e-03
   3.4488140e-03
   3.5682670e-03
   3.6798560e-03
   3.7818480e-03
   3.8717490e-03
   3.9509610e-03
   4.0236840e-03
   4.0931140e-03
   4.1600500e-03
   4.2234500e-03
   4.2838470e-03
   4.3399330e-03
   4.3851790e-03
   4.4115470e-03
   4.4134930e-03
   4.3876620e-03
   4.3316000e-03
   4.2420280e-03
   4.1195490e-03
   3.9698780e-03
   3.8013160e-03
   3.6245490e-03
   3.4523310e-03
   3.2952160e-03
   3.1610720e-03
   3.0589440e-03
   2.9930420e-03
   2.9617490e-03
   2.9612270e-03
   2.9869460e-03
   3.0306740e-03
   3.0834360e-03
   3.1384510e-03
   3.1886700e-03
   3.2296920e-03
   3.2605240e-03
   3.2808720e-03
   3.2910440e-03
   3.2916050e-03
   3.2848180e-03
   3.2725870e-03
   3.2534880e-03
   3.2247600e-03
   3.1867990e-03
   3.1449680e-03
   3.1087400e-03
   3.0879170e-03
   3.0899320e-03
   3.1182750e-03
   3.1737080e-03
   3.2541580e-03
   3.3517110e-03
   3.4542740e-03
   3.5501520e-03
   3.6314670e-03
   3.6962660e-03
   3.7486750e-03
   3.7939290e-03
   3.8378770e-03
   3.8860460e-03
   3.9426820e-03
   4.0098180e-03
   4.0854000e-03
   4.1637100e-03
   4.2410300e-03
   4.3238460e-03
   4.4246400e-03
   4.5480650e-03
   4.6845670e-03
   4.8192290e-03
   4.9371540e-03
   5.0256360e-03
   5.0773100e-03
   5.0924560e-03
   5.0768710e-03
   5.0360900e-03
   4.9753270e-03
   4.9006060e-03
   4.8187050e-03
   4.7371390e-03
   4.6593760e-03
   4.5871370e-03
   4.5229340e-03
   4.4695750e-03
   4.4299430e-03
   4.4039580e-03
   4.3854780e-03
   4.3641620e-03
   4.3365440e-03
   4.3115140e-03
   4.3023140e-03
   4.3180060e-03
   4.3634160e-03
   4.4418460e-03
   4.5523130e-03
   4.6846230e-03
   4.8205180e-03
   4.9427000e-03
   5.0385360e-03
   5.0988290e-03
   5.1200840e-03
   5.1052400e-03
   5.0607950e-03
   4.9930230e-03
   4.9072300e-03
   4.8118150e-03
   4.7208380e-03
   4.6489210e-03
   4.6061220e-03
   4.5993300e-03
   4.6309070e-03
   4.6952070e-03
   4.7826820e-03
   4.8876900e-03
   5.0077770e-03
   5.1423030e-03
   5.2927460e-03
   5.4617190e-03
   5.6497540e-03
   5.8535910e-03
   6.0652010e-03
   6.2766980e-03
   6.4817700e-03
   6.6742510e-03
   6.8499230e-03
   7.0057990e-03
   7.1407730e-03
   7.2559060e-03
   7.3513170e-03
   7.4292020e-03
   7.4948440e-03
   7.5562770e-03
   7.6202610e-03
   7.6906160e-03
   7.7674720e-03
   7.8461200e-03
   7.9166490e-03
   7.9660580e-03
   7.9831560e-03
   7.9616460e-03
   7.9019330e-03
   7.8131420e-03
   7.7049750e-03
   7.5845330e-03
   7.4588090e-03
   7.3345510e-03
   7.2135230e-03
   7.0924200e-03
   6.9699430e-03
   6.8449130e-03
   6.7165490e-03
   6.5873820e-03
   6.4613710e-03
   6.3421930e-03
   6.2315590e-03
   6.1271330e-03
   6.0207990e-03
   5.9024560e-03
   5.7668960e-03
   5.6170200e-03
   5.4572130e-03
   5.2928930e-03
   5.1307080e-03
   4.9717470e-03
   4.8086930e-03
   4.6332520e-03
   4.4423680e-03
   4.2418090e-03
   4.0436880e-03
   3.8642640e-03
   3.7207930e-03
   3.6189660e-03
   3.5499490e-03
   3.4999950e-03
   3.4574940e-03
   3.4158500e-03
   3.3730350e-03
   3.3341090e-03
   3.3075150e-03
   3.2982480e-03
   3.3078680e-03
   3.3367840e-03
   3.3819500e-03
   3.4360200e-03
   3.4907060e-03
   3.5424900e-03
   3.5901420e-03
   3.6292470e-03
   3.6504890e-03
   3.6401000e-03
   3.5861040e-03
   3.4847640e-03
   3.3393460e-03
   3.1572570e-03
   2.9474320e-03
   2.7209220e-03
   2.4900940e-03
   2.2641410e-03
   2.0445930e-03
   1.8295720e-03
   1.6158210e-03
   1.3986630e-03
   1.1723910e-03
   9.3238750e-04
   6.7762360e-04
   4.1681650e-04
   1.6657070e-04
  -5.5159510e-05
  -2.3798570e-04
  -3.8588950e-04
  -5.1378420e-04
  -6.3704860e-04
  -7.6624320e-04
  -9.0433020e-04
  -1.0515790e-03
  -1.2108820e-03
  -1.3863430e-03
  -1.5831990e-03
  -1.8064540e-03
  -2.0587200e-03
  -2.3354070e-03
  -2.6262340e-03
  -2.9251820e-03
  -3.2318820e-03
  -3.5476580e-03
  -3.8706210e-03
  -4.1955860e-03
  -4.5135780e-03
  -4.8150140e-03
  -5.0984290e-03
  -5.3708480e-03
  -5.6407920e-03
  -5.9131460e-03
  -6.1851660e-03
  -6.4526160e-03
  -6.7162910e-03
  -6.9839520e-03
  -7.2655170e-03
  -7.5678950e-03
  -7.8914900e-03
  -8.2326250e-03
  -8.5848500e-03
  -8.9427230e-03
  -9.3029550e-03
  -9.6614280e-03
  -1.0013950e-02
  -1.0355940e-02
  -1.0681390e-02
  -1.0988140e-02
  -1.1279000e-02
  -1.1555190e-02
  -1.1811820e-02
  -1.2040090e-02
  -1.2234240e-02
  -1.2395630e-02
  -1.2527870e-02
  -1.2637600e-02
  -1.2735010e-02
  -1.2830900e-02
  -1.2931480e-02
  -1.3034020e-02
  -1.3131110e-02
  -1.3215930e-02
  -1.3285510e-02
  -1.3342110e-02
  -1.3384510e-02
  -1.3404910e-02
  -1.3394980e-02
  -1.3351460e-02
  -1.3275310e-02
  -1.3170640e-02
  -1.3043080e-02
  -1.2899510e-02
  -1.2746470e-02
  -1.2586920e-02
  -1.2418880e-02
  -1.2237530e-02
  -1.2038920e-02
  -1.1823750e-02
  -1.1599800e-02
  -1.1382450e-02
  -1.1184590e-02
  -1.1006230e-02
  -1.0836050e-02
  -1.0661390e-02
  -1.0476990e-02
  -1.0283780e-02
  -1.0086950e-02
  -9.8935490e-03
  -9.7100930e-03
  -9.5413640e-03
  -9.3889130e-03
  -9.2505510e-03
  -9.1210210e-03
  -8.9931820e-03
  -8.8600060e-03
  -8.7155430e-03
  -8.5593110e-03
  -8.3976180e-03
  -8.2403960e-03
  -8.0953710e-03
  -7.9678920e-03
  -7.8615620e-03
  -7.7771050e-03
  -7.7129990e-03
  -7.6659650e-03
  -7.6328690e-03
  -7.6141170e-03
  -7.6138610e-03
  -7.6346030e-03
  -7.6758130e-03
  -7.7382930e-03
  -7.8210030e-03
  -7.9188850e-03
  -8.0258790e-03
  -8.1379100e-03
  -8.2497860e-03
  -8.3496460e-03
  -8.4200900e-03
  -8.4448370e-03
  -8.4135920e-03
  -8.3262010e-03
  -8.1954140e-03
  -8.0385390e-03
  -7.8701700e-03
  -7.7033570e-03
  -7.5475610e-03
  -7.4074440e-03
  -7.2820860e-03
  -7.1686330e-03
  -7.0620890e-03
  -6.9574320e-03
  -6.8522250e-03
  -6.7478080e-03
  -6.6432190e-03
  -6.5361900e-03
  -6.4278120e-03
  -6.3255800e-03
  -6.2393620e-03
  -6.1714860e-03
  -6.1168950e-03
  -6.0669330e-03
  -6.0126150e-03
  -5.9487360e-03
  -5.8742640e-03
  -5.7894260e-03
  -5.6948010e-03
  -5.5945350e-03
  -5.4941640e-03
  -5.3990540e-03
  -5.3136400e-03
  -5.2387030e-03
  -5.1766850e-03
  -5.1346290e-03
  -5.1190470e-03
  -5.1302050e-03
  -5.1613370e-03
  -5.2026830e-03
  -5.2447550e-03
  -5.2802300e-03
  -5.3041730e-03
  -5.3110030e-03
  -5.2956410e-03
  -5.2553810e-03
  -5.1898160e-03
  -5.0991380e-03
  -4.9825940e-03
  -4.8407090e-03
  -4.6754910e-03
  -4.4931940e-03
  -4.3017890e-03
  -4.1040080e-03
  -3.8987890e-03
  -3.6835530e-03
  -3.4593780e-03
  -3.2355520e-03
  -3.0244640e-03
  -2.8346520e-03
  -2.6678490e-03
  -2.5200040e-03
  -2.3827610e-03
  -2.2456260e-03
  -2.1016630e-03
  -1.9501910e-03
  -1.7940960e-03
  -1.6361550e-03
  -1.4815480e-03
  -1.3383230e-03
  -1.2102360e-03
  -1.0915470e-03
  -9.7124800e-04
  -8.4129990e-04
  -6.9954270e-04
  -5.4950540e-04
  -3.9528210e-04
  -2.4131940e-04
  -9.1180600e-05
   5.5468030e-05
   1.9947480e-04
   3.3873450e-04
   4.6775170e-04
   5.8144500e-04
   6.7861640e-04
   7.6319960e-04
   8.4388360e-04
   9.3078440e-04
   1.0280450e-03
   1.1252170e-03
   1.2072690e-03
   1.2675480e-03
   1.3114810e-03
   1.3500580e-03
   1.3931080e-03
   1.4433830e-03
   1.4908690e-03
   1.5234870e-03
   1.5392900e-03
   1.5452870e-03
   1.5512500e-03
   1.5649230e-03
   1.5894150e-03
   1.6235880e-03
   1.6656460e-03
   1.7139830e-03
   1.7656860e-03
   1.8138040e-03
   1.8495800e-03
   1.8667370e-03
   1.8633850e-03
   1.8376900e-03
   1.7859030e-03
   1.7040050e-03
   1.5904640e-03
   1.4504120e-03
   1.2985540e-03
   1.1536920e-03
   1.0311350e-03
   9.3844110e-04
   8.7645080e-04
   8.4132890e-04
   8.2530290e-04
   8.2051460e-04
   8.2155800e-04
   8.2391000e-04
   8.2564100e-04
   8.2623130e-04
   8.2833600e-04
   8.3671710e-04
   8.5627740e-04
   8.8774170e-04
   9.2908340e-04
   9.7730940e-04
   1.0310430e-03
   1.0869420e-03
   1.1366450e-03
   1.1732930e-03
   1.1979380e-03
   1.2189370e-03
   1.2467340e-03
   1.2886480e-03
   1.3481680e-03
   1.4245520e-03
   1.5117010e-03
   1.5963390e-03
   1.6667790e-03
   1.7229150e-03
   1.7754470e-03
   1.8329930e-03
   1.8958330e-03
   1.9603390e-03
   2.0212750e-03
   2.0741100e-03
   2.1187970e-03
   2.1599550e-03
   2.2066520e-03
   2.2705020e-03
   2.3622090e-03
   2.4880850e-03
   2.6466860e-03
   2.8266510e-03
   3.0049270e-03
   3.1591870e-03
   3.2802530e-03
   3.3697970e-03
   3.4325900e-03
   3.4714570e-03
   3.4855870e-03
   3.4734650e-03
   3.4380480e-03
   3.3902050e-03
   3.3449870e-03
   3.3177380e-03
   3.3203690e-03
   3.3564160e-03
   3.4213080e-03
   3.5084610e-03
   3.6103790e-03
   3.7177330e-03
   3.8193350e-03
   3.9062950e-03
   3.9782960e-03
   4.0441010e-03
   4.1111330e-03
   4.1835270e-03
   4.2634180e-03
   4.3465890e-03
   4.4244710e-03
   4.4898790e-03
   4.5418180e-03
   4.5818200e-03
   4.6099520e-03
   4.6225810e-03
   4.6175320e-03
   4.5947870e-03
   4.5552620e-03
   4.5037130e-03
   4.4490490e-03
   4.3987920e-03
   4.3531980e-03
   4.3058030e-03
   4.2497090e-03
   4.1825990e-03
   4.1082350e-03
   4.0335250e-03
   3.9667670e-03
   3.9148130e-03
   3.8799510e-03
   3.8597690e-03
   3.8517800e-03
   3.8546520e-03
   3.8691150e-03
   3.8966600e-03
   3.9386080e-03
   3.9983560e-03
   4.0827640e-03
   4.1974080e-03
   4.3396510e-03
   4.4990010e-03
   4.6662140e-03
   4.8356200e-03
   5.0013700e-03
   5.1567490e-03
   5.2953540e-03
   5.4131620e-03
   5.5119990e-03
   5.5986510e-03
   5.6813610e-03
   5.7651320e-03
   5.8510010e-03
   5.9375190e-03
   6.0207690e-03
   6.0950380e-03
   6.1561160e-03
   6.2029100e-03
   6.2351640e-03
   6.2553360e-03
   6.2687150e-03
   6.2766400e-03
   6.2767240e-03
   6.2686960e-03
   6.2551020e-03
   6.2373220e-03
   6.2156210e-03
   6.1922690e-03
   6.1718310e-03
   6.1608300e-03
   6.1657910e-03
   6.1876700e-03
   6.2183940e-03
   6.2482570e-03
   6.2710370e-03
   6.2816060e-03
   6.2772510e-03
   6.2573150e-03
   6.2246900e-03
   6.1842760e-03
   6.1387810e-03
   6.0861180e-03
   6.0206160e-03
   5.9371860e-03
   5.8321890e-03
   5.7064910e-03
   5.5667590e-03
   5.4239580e-03
   5.2893320e-03
   5.1728010e-03
   5.0855020e-03
   5.0384980e-03
   5.0344380e-03
   5.0608470e-03
   5.1001980e-03
   5.1408840e-03
   5.1781670e-03
   5.2129670e-03
   5.2473850e-03
   5.2812450e-03
   5.3140570e-03
   5.3448250e-03
   5.3739840e-03
   5.4065560e-03
   5.4505030e-03
   5.5146550e-03
   5.6014750e-03
   5.7035820e-03
   5.8119090e-03
   5.9205420e-03
   6.0243220e-03
   6.1184350e-03
   6.1987750e-03
   6.2630070e-03
   6.3115690e-03
   6.3450330e-03
   6.3619880e-03
   6.3588720e-03
   6.3365490e-03
   6.3024550e-03
   6.2661560e-03
   6.2329600e-03
   6.2027660e-03
   6.1710650e-03
   6.1303480e-03
   6.0724440e-03
   5.9914480e-03
   5.8855010e-03
   5.7558540e-03
   5.6078220e-03
   5.4492710e-03
   5.2876110e-03
   5.1252230e-03
   4.9562320e-03
   4.7741940e-03
   4.5794900e-03
   4.3805200e-03
   4.1884790e-03
   4.0122000e-03
   3.8580560e-03
   3.7291440e-03
   3.6244970e-03
   3.5412070e-03
   3.4774060e-03
   3.4303010e-03
   3.3986130e-03
   3.3813110e-03
   3.3747420e-03
   3.3766470e-03
   3.3852540e-03
   3.3960860e-03
   3.4055030e-03
   3.4086770e-03
   3.3977640e-03
   3.3683670e-03
   3.3227320e-03
   3.2665330e-03
   3.2073660e-03
   3.1509790e-03
   3.0984750e-03
   3.0481900e-03
   2.9977820e-03
   2.9504030e-03
   2.9122630e-03
   2.8884170e-03
   2.8779820e-03
   2.8697680e-03
   2.8496420e-03
   2.8113740e-03
   2.7622730e-03
   2.7128710e-03
   2.6647760e-03
   2.6134170e-03
   2.5525040e-03
   2.4761390e-03
   2.3825080e-03
   2.2768610e-03
   2.1686040e-03
   2.0650020e-03
   1.9703580e-03
   1.8867070e-03
   1.8171640e-03
   1.7656100e-03
   1.7329160e-03
   1.7088250e-03
   1.6812440e-03
   1.6461790e-03
   1.6035350e-03
   1.5510290e-03
   1.4841730e-03
   1.3997760e-03
   1.3009880e-03
   1.1958170e-03
   1.0956530e-03
   1.0113500e-03
   9.4947750e-04
   9.1259880e-04
   9.0162680e-04
   9.1943230e-04
   9.6907370e-04
   1.0490290e-03
   1.1493280e-03
   1.2555630e-03
   1.3526060e-03
   1.4285810e-03
   1.4808240e-03
   1.5103890e-03
   1.5184700e-03
   1.5094500e-03
   1.4898920e-03
   1.4627090e-03
   1.4264650e-03
   1.3791980e-03
   1.3237340e-03
   1.2647140e-03
   1.2026820e-03
   1.1384200e-03
   1.0762270e-03
   1.0234660e-03
   9.8685260e-04
   9.6684600e-04
   9.5482770e-04
   9.3655040e-04
   8.9832260e-04
   8.3164560e-04
   7.3631920e-04
   6.1709880e-04
   4.8020150e-04
   3.3400050e-04
   1.8833020e-04
   5.3188910e-05
  -6.3146410e-05
  -1.5829210e-04
  -2.3398020e-04
  -2.9299380e-04
  -3.3700050e-04
  -3.6347310e-04
  -3.6459740e-04
  -3.3396860e-04
  -2.7421200e-04
  -1.9520000e-04
  -1.0992070e-04
  -3.2620800e-05
   2.4315140e-05
   5.5182900e-05
   6.3668750e-05
   5.8897120e-05
   5.0477900e-05
   4.0988080e-05
   2.5401560e-05
  -4.5723980e-06
  -5.7625410e-05
  -1.3992160e-04
  -2.5690820e-04
  -4.1155210e-04
  -6.0120450e-04
  -8.2117020e-04
  -1.0646640e-03
  -1.3226700e-03
  -1.5872190e-03
  -1.8527680e-03
  -2.1172710e-03
  -2.3815860e-03
  -2.6446170e-03
  -2.9042730e-03
  -3.1576640e-03
  -3.4024430e-03
  -3.6376000e-03
  -3.8596630e-03
  -4.0633030e-03
  -4.2456180e-03
  -4.4079130e-03
  -4.5557890e-03
  -4.6978160e-03
  -4.8403140e-03
  -4.9831840e-03
  -5.1242430e-03
  -5.2636040e-03
  -5.4052600e-03
  -5.5550200e-03
  -5.7150790e-03
  -5.8838620e-03
  -6.0591170e-03
  -6.2347530e-03
  -6.4010680e-03
  -6.5475140e-03
  -6.6672000e-03
  -6.7564530e-03
  -6.8165390e-03
  -6.8509880e-03
  -6.8637260e-03
  -6.8588230e-03
  -6.8409430e-03
  -6.8144550e-03
  -6.7807120e-03
  -6.7411850e-03
  -6.6996410e-03
  -6.6622730e-03
  -6.6376150e-03
  -6.6298170e-03
  -6.6355000e-03
  -6.6486240e-03
  -6.6661440e-03
  -6.6872440e-03
  -6.7131730e-03
  -6.7431940e-03
  -6.7760620e-03
  -6.8129030e-03
  -6.8545700e-03
  -6.9026090e-03
  -6.9566010e-03
  -7.0123510e-03
  -7.0624610e-03
  -7.1033460e-03
  -7.1398030e-03
  -7.1775610e-03
  -7.2191260e-03
  -7.2633220e-03
  -7.3064580e-03
  -7.3478310e-03
  -7.3930080e-03
  -7.4454570e-03
  -7.5019640e-03
  -7.5538930e-03
  -7.5909900e-03
  -7.6035240e-03
  -7.5864870e-03
  -7.5427580e-03
  -7.4782900e-03
  -7.3961220e-03
  -7.2968630e-03
  -7.1803880e-03
  -7.0468860e-03
  -6.8982390e-03
  -6.7414630e-03
  -6.5907220e-03
  -6.4639890e-03
  -6.3778710e-03
  -6.3419830e-03
  -6.3563720e-03
  -6.4153100e-03
  -6.5095240e-03
  -6.6290700e-03
  -6.7673140e-03
  -6.9203100e-03
  -7.0873330e-03
  -7.2670850e-03
  -7.4567800e-03
  -7.6547730e-03
  -7.8578900e-03
  -8.0619340e-03
  -8.2625260e-03
  -8.4550800e-03
  -8.6361990e-03
  -8.8020240e-03
  -8.9466900e-03
  -9.0665410e-03
  -9.1630200e-03
  -9.2418690e-03
  -9.3116590e-03
  -9.3819350e-03
  -9.4605980e-03
  -9.5530090e-03
  -9.6622310e-03
  -9.7879990e-03
  -9.9269960e-03
  -1.0077420e-02
  -1.0240300e-02
  -1.0415650e-02
  -1.0593830e-02
  -1.0758700e-02
  -1.0901820e-02
  -1.1026810e-02
  -1.1143220e-02
  -1.1263780e-02
  -1.1399850e-02
  -1.1556390e-02
  -1.1729210e-02
  -1.1909550e-02
  -1.2089460e-02
  -1.2261840e-02
  -1.2418860e-02
  -1.2553560e-02
  -1.2664090e-02
  -1.2757470e-02
  -1.2843420e-02
  -1.2924540e-02
  -1.2999380e-02
  -1.3069620e-02
  -1.3136860e-02
  -1.3205100e-02
  -1.3281920e-02
  -1.3371080e-02
  -1.3472060e-02
  -1.3582520e-02
  -1.3699110e-02
  -1.3819280e-02
  -1.3939390e-02
  -1.4053090e-02
  -1.4155510e-02
  -1.4246010e-02
  -1.4322680e-02
  -1.4380340e-02
  -1.4413240e-02
  -1.4423220e-02
  -1.4418560e-02
  -1.4411800e-02
  -1.4414660e-02
  -1.4431390e-02
  -1.4455670e-02
  -1.4474180e-02
  -1.4477120e-02
  -1.4460830e-02
  -1.4429010e-02
  -1.4385730e-02
  -1.4329890e-02
  -1.4258520e-02
  -1.4168090e-02
  -1.4056800e-02
  -1.3926950e-02
  -1.3782450e-02
  -1.3629040e-02
  -1.3474190e-02
  -1.3323340e-02
  -1.3176360e-02
  -1.3030420e-02
  -1.2883120e-02
  -1.2733250e-02
  -1.2580460e-02
  -1.2425190e-02
  -1.2271570e-02
  -1.2126220e-02
  -1.1994640e-02
  -1.1878670e-02
  -1.1777980e-02
  -1.1689550e-02
  -1.1606850e-02
  -1.1522800e-02
  -1.1432770e-02
  -1.1336240e-02
  -1.1234680e-02
  -1.1129420e-02
  -1.1020700e-02
  -1.0905140e-02
  -1.0774150e-02
  -1.0620980e-02
  -1.0446150e-02
  -1.0261390e-02
  -1.0084960e-02
  -9.9317580e-03
  -9.8095000e-03
  -9.7216400e-03
  -9.6697980e-03
  -9.6509210e-03
  -9.6567600e-03
  -9.6760860e-03
  -9.6990700e-03
  -9.7206620e-03
  -9.7398380e-03
  -9.7596040e-03
  -9.7810840e-03
  -9.7990060e-03
  -9.8076650e-03
  -9.8081170e-03
  -9.8084550e-03
  -9.8160180e-03
  -9.8310900e-03
  -9.8517530e-03
  -9.8766590e-03
  -9.9012480e-03
  -9.9133870e-03
  -9.8986150e-03
  -9.8503240e-03
  -9.7685940e-03
  -9.6579870e-03
  -9.5267990e-03
  -9.3827680e-03
  -9.2288000e-03
  -9.0610710e-03
  -8.8708420e-03
  -8.6491300e-03
  -8.3930550e-03
  -8.1052780e-03
  -7.7911620e-03
  -7.4578980e-03
  -7.1137440e-03
  -6.7680310e-03
  -6.4303260e-03
  -6.1128760e-03
  -5.8272620e-03
  -5.5844420e-03
  -5.3923800e-03
  -5.2525690e-03
  -5.1619790e-03
  -5.1106690e-03
  -5.0837190e-03
  -5.0664880e-03
  -5.0452270e-03
  -5.0082770e-03
  -4.9474790e-03
  -4.8580670e-03
  -4.7376730e-03
  -4.5862170e-03
  -4.4071320e-03
  -4.2076620e-03
  -3.9984170e-03
  -3.7913850e-03
  -3.5949200e-03
  -3.4068230e-03
  -3.2188060e-03
  -3.0207930e-03
  -2.8070850e-03
  -2.5808070e-03
  -2.3512330e-03
  -2.1299710e-03
  -1.9274350e-03
  -1.7481460e-03
  -1.5899280e-03
  -1.4478170e-03
  -1.3160550e-03
  -1.1873760e-03
  -1.0544980e-03
  -9.1188520e-04
  -7.5692530e-04
  -5.9017490e-04
  -4.1589780e-04
  -2.3892510e-04
  -6.4949870e-05
   1.0078560e-04
   2.5348610e-04
   3.9006730e-04
   5.1133420e-04
   6.2067170e-04
   7.1886580e-04
   8.0545790e-04
   8.8173220e-04
   9.5105970e-04
   1.0129730e-03
   1.0662330e-03
   1.1078190e-03
   1.1334390e-03
   1.1406820e-03
   1.1335530e-03
   1.1164390e-03
   1.0873200e-03
   1.0461020e-03
   9.9649940e-04
   9.4125730e-04
   8.8215240e-04
   8.2353360e-04
   7.7048340e-04
   7.2190010e-04
   6.7359530e-04
   6.2686960e-04
   5.8963740e-04
   5.6803430e-04
   5.5932560e-04
   5.5829770e-04
   5.6435120e-04
   5.8083800e-04
   6.1254350e-04
   6.6190050e-04
   7.2542940e-04
   7.9435020e-04
   8.6092770e-04
   9.1795930e-04
   9.5495660e-04
   9.6379350e-04
   9.4962330e-04
   9.2417710e-04
   8.9339720e-04
   8.5619990e-04
   8.1140670e-04
   7.6091890e-04
   7.1035440e-04
   6.6748460e-04
   6.3742940e-04
   6.2212450e-04
   6.2222790e-04
   6.3509250e-04
   6.5536500e-04
   6.7547770e-04
   6.8629380e-04
   6.7770750e-04
   6.3957120e-04
   5.6841550e-04
   4.6840010e-04
   3.4677670e-04
   2.1162880e-04
   6.7935710e-05
  -8.2426730e-05
  -2.3863220e-04
  -3.9691960e-04
  -5.5002410e-04
  -6.8955460e-04
  -8.0773560e-04
  -8.9764900e-04
  -9.5594140e-04
  -9.8501720e-04
  -9.9444090e-04
  -9.9756860e-04
  -1.0056420e-03
  -1.0258620e-03
  -1.0630370e-03
  -1.1170650e-03
  -1.1827220e-03
  -1.2535780e-03
  -1.3223770e-03
  -1.3783030e-03
  -1.4072180e-03
  -1.3992820e-03
  -1.3542670e-03
  -1.2801190e-03
  -1.1862660e-03
  -1.0811480e-03
  -9.7071750e-04
  -8.5797180e-04
  -7.4210690e-04
  -6.2279050e-04
  -5.0330220e-04
  -3.8735090e-04
  -2.7713030e-04
  -1.7151080e-04
  -7.2289720e-05
   1.1175390e-05
   6.8784180e-05
   9.6162680e-05
   9.6954470e-05
   7.9654180e-05
   5.4565280e-05
   2.9571290e-05
   3.7466970e-06
  -2.6507680e-05
  -6.0990810e-05
  -9.0502670e-05
  -1.0383350e-04
  -9.7026130e-05
  -7.2745220e-05
  -3.7585570e-05
  -1.7420050e-06
   2.0846730e-05
   2.0020800e-05
   4.4756130e-09
  -2.1983890e-05
  -2.8599970e-05
  -1.2329830e-05
   2.5223140e-05
   7.6911150e-05
   1.3425190e-04
   1.8931330e-04
   2.3893970e-04
   2.8410820e-04
   3.2598330e-04
   3.6462930e-04
   4.0251700e-04
   4.4264910e-04
   4.8630110e-04
   5.3321160e-04
   5.7690360e-04
   6.0759350e-04
   6.1683960e-04
   6.0317660e-04
   5.7211530e-04
   5.3308900e-04
   4.9802260e-04
   4.7483780e-04
   4.6281900e-04
   4.5725170e-04
   4.5613170e-04
   4.5845020e-04
   4.6285520e-04
   4.7037320e-04
   4.8394020e-04
   5.0771860e-04
   5.4641290e-04
   5.9993360e-04
   6.6474300e-04
   7.3578860e-04
   8.0915710e-04
   8.8227170e-04
   9.5332240e-04
   1.0236080e-03
   1.0963320e-03
   1.1700200e-03
   1.2353930e-03
   1.2838350e-03
   1.3146740e-03
   1.3323910e-03
   1.3452670e-03
   1.3603470e-03
   1.3764320e-03
   1.3845280e-03
   1.3749550e-03
   1.3431760e-03
   1.2898200e-03
   1.2227750e-03
   1.1537920e-03
   1.0934570e-03
   1.0516650e-03
   1.0339060e-03
   1.0426150e-03
   1.0789830e-03
   1.1437270e-03
   1.2392350e-03
   1.3658730e-03
   1.5191820e-03
   1.6912210e-03
   1.8690390e-03
   2.0390590e-03
   2.1945040e-03
   2.3368710e-03
   2.4685350e-03
   2.5915280e-03
   2.7111420e-03
   2.8343750e-03
   2.9638210e-03
   3.0971390e-03
   3.2325720e-03
   3.3693810e-03
   3.5028170e-03
   3.6291760e-03
   3.7470620e-03
   3.8527020e-03
   3.9414300e-03
   4.0124630e-03
   4.0655840e-03
   4.0999310e-03
   4.1120770e-03
   4.0994820e-03
   4.0666090e-03
   4.0229640e-03
   3.9773990e-03
   3.9313530e-03
   3.8787100e-03
   3.8119740e-03
   3.7262610e-03
   3.6171860e-03
   3.4867420e-03
   3.3469070e-03
   3.2094520e-03
   3.0813420e-03
   2.9640890e-03
   2.8554550e-03
   2.7546650e-03
   2.6618450e-03
   2.5772460e-03
   2.5011350e-03
   2.4340840e-03
   2.3766250e-03
   2.3262440e-03
   2.2785000e-03
   2.2335080e-03
   2.1941650e-03
   2.1624980e-03
   2.1372520e-03
   2.1114120e-03
   2.0781880e-03
   2.0370510e-03
   1.9945040e-03
   1.9576950e-03
   1.9295260e-03
   1.9132250e-03
   1.9124340e-03
   1.9272630e-03
   1.9555860e-03
   1.9947350e-03
   2.0394780e-03
   2.0838570e-03
   2.1286560e-03
   2.1794570e-03
   2.2386040e-03
   2.3043320e-03
   2.3720080e-03
   2.4341830e-03
   2.4850690e-03
   2.5210550e-03
   2.5409800e-03
   2.5454580e-03
   2.5389520e-03
   2.5283540e-03
   2.5185470e-03
   2.5134690e-03
   2.5188990e-03
   2.5384120e-03
   2.5663170e-03
   2.5938630e-03
   2.6184380e-03
   2.6409720e-03
   2.6591310e-03
   2.6681620e-03
   2.6664960e-03
   2.6569960e-03
   2.6445710e-03
   2.6355520e-03
   2.6373200e-03
   2.6551180e-03
   2.6909500e-03
   2.7393290e-03
   2.7889090e-03
   2.8327190e-03
   2.8720100e-03
   2.9111310e-03
   2.9525670e-03
   2.9958390e-03
   3.0379200e-03
   3.0750260e-03
   3.1060360e-03
   3.1308140e-03
   3.1524130e-03
   3.1765480e-03
   3.2037690e-03
   3.2302530e-03
   3.2500220e-03
   3.2581870e-03
   3.2552770e-03
   3.2437880e-03
   3.2267350e-03
   3.2085860e-03
   3.1988460e-03
   3.2077560e-03
   3.2357790e-03
   3.2767020e-03
   3.3241520e-03
   3.3717620e-03
   3.4148530e-03
   3.4521710e-03
   3.4837790e-03
   3.5096160e-03
   3.5271520e-03
   3.5304650e-03
   3.5088940e-03
   3.4509400e-03
   3.3484710e-03
   3.2001610e-03
   3.0108660e-03
   2.7883140e-03
   2.5451510e-03
   2.2994240e-03
   2.0641910e-03
   1.8431370e-03
   1.6339090e-03
   1.4317700e-03
   1.2352790e-03
   1.0466950e-03
   8.7168290e-04
   7.1823390e-04
   5.9077920e-04
   4.8868440e-04
   4.0738230e-04
   3.3787540e-04
   2.6885380e-04
   1.9236750e-04
   1.0942300e-04
   2.6309260e-05
  -5.4940780e-05
  -1.3811240e-04
  -2.2889900e-04
  -3.3536210e-04
  -4.6649280e-04
  -6.2579060e-04
  -8.0824000e-04
  -1.0029090e-03
  -1.1982190e-03
  -1.3856650e-03
  -1.5614370e-03
  -1.7224250e-03
  -1.8627640e-03
  -1.9784820e-03
  -2.0693090e-03
  -2.1348080e-03
  -2.1768010e-03
  -2.2034810e-03
  -2.2283390e-03
  -2.2637760e-03
  -2.3168740e-03
  -2.3892770e-03
  -2.4744070e-03
  -2.5576850e-03
  -2.6275140e-03
  -2.6813700e-03
  -2.7213690e-03
  -2.7504450e-03
  -2.7736100e-03
  -2.7984010e-03
  -2.8309330e-03
  -2.8718690e-03
  -2.9166740e-03
  -2.9572000e-03
  -2.9875060e-03
  -3.0064810e-03
  -3.0175860e-03
  -3.0289900e-03
  -3.0504070e-03
  -3.0883480e-03
  -3.1444190e-03
  -3.2168240e-03
  -3.3046970e-03
  -3.4075590e-03
  -3.5196180e-03
  -3.6311400e-03
  -3.7346540e-03
  -3.8259760e-03
  -3.9026010e-03
  -3.9642740e-03
  -4.0126550e-03
  -4.0472250e-03
  -4.0620520e-03
  -4.0478930e-03
  -3.9971760e-03
  -3.9077440e-03
  -3.7840700e-03
  -3.6354760e-03
  -3.4712830e-03
  -3.3001870e-03
  -3.1300900e-03
  -2.9673270e-03
  -2.8135810e-03
  -2.6652160e-03
  -2.5176510e-03
  -2.3702380e-03
  -2.2270350e-03
  -2.0963570e-03
  -1.9832770e-03
  -1.8886480e-03
  -1.8104420e-03
  -1.7416840e-03
  -1.6763350e-03
  -1.6121920e-03
  -1.5465470e-03
  -1.4749770e-03
  -1.3927780e-03
  -1.2995010e-03
  -1.2031290e-03
  -1.1153740e-03
  -1.0434980e-03
  -9.8691490e-04
  -9.3701600e-04
  -8.8513130e-04
  -8.2956170e-04
  -7.6918740e-04
  -7.0150320e-04
  -6.2708870e-04
  -5.5084270e-04
  -4.7791950e-04
  -4.0977950e-04
  -3.4351190e-04
  -2.7481910e-04
  -2.0214470e-04
  -1.2798420e-04
  -5.5286440e-05
   1.5168580e-05
   8.4781300e-05
   1.5768530e-04
   2.4034230e-04
   3.3807220e-04
   4.5317770e-04
   5.8681250e-04
   7.3826680e-04
   9.0593540e-04
   1.0891870e-03
   1.2873650e-03
   1.4996730e-03
   1.7242240e-03
   1.9575990e-03
   2.1993920e-03
   2.4491370e-03
   2.7014010e-03
   2.9457530e-03
   3.1725910e-03
   3.3788890e-03
   3.5637760e-03
   3.7203940e-03
   3.8407970e-03
   3.9199070e-03
   3.9563600e-03
   3.9524230e-03
   3.9142080e-03
   3.8492880e-03
   3.7632360e-03
   3.6595490e-03
   3.5413720e-03
   3.4141090e-03
   3.2842020e-03
   3.1548640e-03
   3.0234760e-03
   2.8901890e-03
   2.7645030e-03
   2.6592810e-03
   2.5836790e-03
   2.5388860e-03
   2.5198220e-03
   2.5198250e-03
   2.5359870e-03
   2.5668830e-03
   2.6094330e-03
   2.6593710e-03
   2.7151220e-03
   2.7746690e-03
   2.8308360e-03
   2.8757400e-03
   2.9056430e-03
   2.9234470e-03
   2.9336320e-03
   2.9373860e-03
   2.9327570e-03
   2.9188690e-03
   2.8997870e-03
   2.8833620e-03
   2.8775640e-03
   2.8853040e-03
   2.9034960e-03
   2.9244590e-03
   2.9426300e-03
   2.9574500e-03
   2.9671760e-03
   2.9707030e-03
   2.9714060e-03
   2.9747180e-03
   2.9847350e-03
   2.9979900e-03
   3.0075180e-03
   3.0081090e-03
   2.9968860e-03
   2.9731320e-03
   2.9356720e-03
   2.8839450e-03
   2.8214290e-03
   2.7550740e-03
   2.6925420e-03
   2.6387980e-03
   2.5986290e-03
   2.5735390e-03
   2.5613830e-03
   2.5604180e-03
   2.5725530e-03
   2.6023020e-03
   2.6525280e-03
   2.7181470e-03
   2.7907050e-03
   2.8656640e-03
   2.9424590e-03
   3.0211160e-03
   3.0999300e-03
   3.1768040e-03
   3.2493090e-03
   3.3166490e-03
   3.3814400e-03
   3.4472500e-03
   3.5172300e-03
   3.5944730e-03
   3.6792080e-03
   3.7655080e-03
   3.8450740e-03
   3.9094810e-03
   3.9538160e-03
   3.9797180e-03
   3.9933020e-03
   4.0006460e-03
   4.0042870e-03
   4.0016310e-03
   3.9867010e-03
   3.9540270e-03
   3.9009990e-03
   3.8299970e-03
   3.7491580e-03
   3.6713870e-03
   3.6112390e-03
   3.5786560e-03
   3.5730670e-03
   3.5849150e-03
   3.6034570e-03
   3.6206760e-03
   3.6349270e-03
   3.6471880e-03
   3.6557670e-03
   3.6555100e-03
   3.6438070e-03
   3.6212280e-03
   3.5874410e-03
   3.5428830e-03
   3.4893260e-03
   3.4318910e-03
   3.3807220e-03
   3.3483400e-03
   3.3463140e-03
   3.3797390e-03
   3.4466740e-03
   3.5405280e-03
   3.6480290e-03
   3.7516140e-03
   3.8351450e-03
   3.8904240e-03
   3.9166630e-03
   3.9168040e-03
   3.8964300e-03
   3.8634760e-03
   3.8274860e-03
   3.7935700e-03
   3.7590610e-03
   3.7177000e-03
   3.6621640e-03
   3.5880080e-03
   3.4966230e-03
   3.3936670e-03
   3.2891550e-03
   3.1942480e-03
   3.1151580e-03
   3.0521620e-03
   3.0044150e-03
   2.9712600e-03
   2.9531640e-03
   2.9524010e-03
   2.9687670e-03
   3.0011750e-03
   3.0497100e-03
   3.1091040e-03
   3.1698270e-03
   3.2218500e-03
   3.2571910e-03
   3.2716290e-03
   3.2655360e-03
   3.2451550e-03
   3.2215290e-03
   3.2059860e-03
   3.2061370e-03
   3.2258000e-03
   3.2680730e-03
   3.3358370e-03
   3.4277420e-03
   3.5366790e-03
   3.6522940e-03
   3.7649910e-03
   3.8678810e-03
   3.9553280e-03
   4.0259240e-03
   4.0796440e-03
   4.1178320e-03
   4.1458540e-03
   4.1686880e-03
   4.1895120e-03
   4.2067400e-03
   4.2159180e-03
   4.2151010e-03
   4.2058760e-03
   4.1933310e-03
   4.1822190e-03
   4.1719650e-03
   4.1562850e-03
   4.1296750e-03
   4.0914930e-03
   4.0444410e-03
   3.9919060e-03
   3.9397440e-03
   3.8940490e-03
   3.8574210e-03
   3.8302900e-03
   3.8098930e-03
   3.7928780e-03
   3.7787150e-03
   3.7688650e-03
   3.7625900e-03
   3.7565080e-03
   3.7488350e-03
   3.7411180e-03
   3.7334670e-03
   3.7221880e-03
   3.7029470e-03
   3.6717300e-03
   3.6293470e-03
   3.5839390e-03
   3.5450000e-03
   3.5186690e-03
   3.5069640e-03
   3.5083930e-03
   3.5213170e-03
   3.5456010e-03
   3.5818150e-03
   3.6289850e-03
   3.6838370e-03
   3.7425770e-03
   3.8011050e-03
   3.8564180e-03
   3.9097770e-03
   3.9655970e-03
   4.0265850e-03
   4.0948630e-03
   4.1762030e-03
   4.2715780e-03
   4.3741400e-03
   4.4768890e-03
   4.5750110e-03
   4.6670530e-03
   4.7522950e-03
   4.8295940e-03
   4.8962520e-03
   4.9490970e-03
   4.9875150e-03
   5.0167000e-03
   5.0460680e-03
   5.0827490e-03
   5.1306370e-03
   5.1887820e-03
   5.2476270e-03
   5.2960710e-03
   5.3320820e-03
   5.3608120e-03
   5.3925740e-03
   5.4392270e-03
   5.5098050e-03
   5.6072680e-03
   5.7237390e-03
   5.8422750e-03
   5.9453450e-03
   6.0217400e-03
   6.0686330e-03
   6.0925850e-03
   6.1050380e-03
   6.1182250e-03
   6.1445440e-03
   6.1922270e-03
   6.2628440e-03
   6.3533510e-03
   6.4575090e-03
   6.5658100e-03
   6.6673100e-03
   6.7550240e-03
   6.8293300e-03
   6.8967720e-03
   6.9660240e-03
   7.0442890e-03
   7.1371610e-03
   7.2472620e-03
   7.3736830e-03
   7.5099260e-03
   7.6444860e-03
   7.7636340e-03
   7.8573380e-03
   7.9232630e-03
   7.9694760e-03
   8.0110580e-03
   8.0603610e-03
   8.1209150e-03
   8.1883280e-03
   8.2539500e-03
   8.3087180e-03
   8.3446890e-03
   8.3570950e-03
   8.3482990e-03
   8.3276220e-03
   8.3044080e-03
   8.2852160e-03
   8.2691250e-03
   8.2504450e-03
   8.2233310e-03
   8.1843840e-03
   8.1356030e-03
   8.0822760e-03
   8.0308330e-03
   7.9878440e-03
   7.9567740e-03
   7.9390150e-03
   7.9377470e-03
   7.9529930e-03
   7.9793060e-03
   8.0076800e-03
   8.0323830e-03
   8.0533100e-03
   8.0736490e-03
   8.0955340e-03
   8.1169520e-03
   8.1347010e-03
   8.1468500e-03
   8.1505770e-03
   8.1427610e-03
   8.1212770e-03
   8.0839170e-03
   8.0346500e-03
   7.9789780e-03
   7.9165830e-03
   7.8462000e-03
   7.7674610e-03
   7.6796720e-03
   7.5810730e-03
   7.4732060e-03
   7.3611900e-03
   7.2495550e-03
   7.1414660e-03
   7.0400790e-03
   6.9471820e-03
   6.8636270e-03
   6.7876630e-03
   6.7172210e-03
   6.6465340e-03
   6.5693530e-03
   6.4823570e-03
   6.3860650e-03
   6.2802480e-03
   6.1609870e-03
   6.0262680e-03
   5.8814400e-03
   5.7353100e-03
   5.5951550e-03
   5.4636030e-03
   5.3385700e-03
   5.2194170e-03
   5.1098320e-03
   5.0153720e-03
   4.9373450e-03
   4.8739280e-03
   4.8241900e-03
   4.7870970e-03
   4.7602260e-03
   4.7398650e-03
   4.7238410e-03
   4.7103450e-03
   4.6955630e-03
   4.6738090e-03
   4.6403900e-03
   4.5944680e-03
   4.5354710e-03
   4.4564530e-03
   4.3485590e-03
   4.2091180e-03
   4.0443800e-03
   3.8643220e-03
   3.6769630e-03
   3.4859140e-03
   3.2952060e-03
   3.1098450e-03
   2.9311290e-03
   2.7591490e-03
   2.5955780e-03
   2.4434450e-03
   2.3024410e-03
   2.1695520e-03
   2.0428140e-03
   1.9229500e-03
   1.8146360e-03
   1.7246000e-03
   1.6547500e-03
   1.5997660e-03
   1.5519690e-03
   1.5040990e-03
   1.4528780e-03
   1.4002960e-03
   1.3547410e-03
   1.3293520e-03
   1.3332230e-03
   1.3675590e-03
   1.4286030e-03
   1.5109540e-03
   1.6094740e-03
   1.7188980e-03
   1.8335320e-03
   1.9498630e-03
   2.0703250e-03
   2.1979450e-03
   2.3274260e-03
   2.4463910e-03
   2.5443630e-03
   2.6170540e-03
   2.6634490e-03
   2.6853330e-03
   2.6885470e-03
   2.6825190e-03
   2.6745710e-03
   2.6619200e-03
   2.6396370e-03
   2.6128660e-03
   2.5904300e-03
   2.5743570e-03
   2.5599810e-03
   2.5406720e-03
   2.5132200e-03
   2.4794590e-03
   2.4461680e-03
   2.4218130e-03
   2.4128650e-03
   2.4204320e-03
   2.4383300e-03
   2.4592260e-03
   2.4811230e-03
   2.5055360e-03
   2.5311730e-03
   2.5499930e-03
   2.5563220e-03
   2.5520470e-03
   2.5447570e-03
   2.5411320e-03
   2.5424480e-03
   2.5467260e-03
   2.5500190e-03
   2.5529360e-03
   2.5594650e-03
   2.5709260e-03
   2.5881660e-03
   2.6120870e-03
   2.6439860e-03
   2.6852860e-03
   2.7370310e-03
   2.7974300e-03
   2.8616770e-03
   2.9258840e-03
   2.9878650e-03
   3.0475130e-03
   3.1078290e-03
   3.1723100e-03
   3.2428760e-03
   3.3182480e-03
   3.3946600e-03
   3.4678540e-03
   3.5339820e-03
   3.5895100e-03
   3.6323200e-03
   3.6630690e-03
   3.6817490e-03
   3.6844460e-03
   3.6686330e-03
   3.6338170e-03
   3.5837820e-03
   3.5296740e-03
   3.4835630e-03
   3.4510800e-03
   3.4302490e-03
   3.4133410e-03
   3.3921580e-03
   3.3613390e-03
   3.3222140e-03
   3.2845920e-03
   3.2606350e-03
   3.2564270e-03
   3.2700330e-03
   3.2922890e-03
   3.3092430e-03
   3.3109020e-03
   3.2937600e-03
   3.2591120e-03
   3.2134870e-03
   3.1649710e-03
   3.1182810e-03
   3.0732770e-03
   3.0256930e-03
   2.9699220e-03
   2.9044260e-03
   2.8327750e-03
   2.7632410e-03
   2.7023850e-03
   2.6488820e-03
   2.5977000e-03
   2.5447520e-03
   2.4888900e-03
   2.4332110e-03
   2.3811940e-03
   2.3339120e-03
   2.2913880e-03
   2.2526090e-03
   2.2165630e-03
   2.1833040e-03
   2.1514920e-03
   2.1181850e-03
   2.0802620e-03
   2.0378740e-03
   1.9933000e-03
   1.9467860e-03
   1.8958840e-03
   1.8391490e-03
   1.7762080e-03
   1.7094190e-03
   1.6467140e-03
   1.5973160e-03
   1.5633670e-03
   1.5402470e-03
   1.5223380e-03
   1.5017780e-03
   1.4680250e-03
   1.4146740e-03
   1.3454490e-03
   1.2697400e-03
   1.1939640e-03
   1.1239110e-03
   1.0589530e-03
   9.9193430e-04
   9.1583870e-04
   8.2803340e-04
   7.2853410e-04
   6.1813930e-04
   4.9739940e-04
   3.7073470e-04
   2.4730100e-04
   1.3476680e-04
   3.5129790e-05
  -5.3076120e-05
  -1.3252530e-04
  -2.0266830e-04
  -2.6146940e-04
  -3.0556760e-04
  -3.2817840e-04
  -3.2857800e-04
  -3.1567550e-04
  -2.9795680e-04
  -2.8055810e-04
  -2.6417960e-04
  -2.4589270e-04
  -2.2079530e-04
  -1.8637430e-04
  -1.4619310e-04
  -1.0433770e-04
  -6.3761430e-05
  -2.7595520e-05
   1.7501910e-07
   1.4621540e-05
   1.0304700e-05
  -1.7368020e-05
  -6.7607720e-05
  -1.3325020e-04
  -2.0344420e-04
  -2.6801220e-04
  -3.2275050e-04
  -3.6707690e-04
  -3.9857050e-04
  -4.1516670e-04
  -4.2064920e-04
  -4.2128440e-04
  -4.2351170e-04
  -4.2933390e-04
  -4.3637120e-04
  -4.4247330e-04
  -4.4840490e-04
  -4.5908400e-04
  -4.7908480e-04
  -5.0822340e-04
  -5.4296900e-04
  -5.7998050e-04
  -6.1529380e-04
  -6.4468670e-04
  -6.6666210e-04
  -6.8633730e-04
  -7.0761050e-04
  -7.2956370e-04
  -7.5022320e-04
  -7.7353700e-04
  -8.0632210e-04
  -8.5293450e-04
  -9.1222310e-04
  -9.7994070e-04
  -1.0517670e-03
  -1.1226020e-03
  -1.1907310e-03
  -1.2583820e-03
  -1.3257250e-03
  -1.3920080e-03
  -1.4590210e-03
  -1.5264420e-03
  -1.5935930e-03
  -1.6625700e-03
  -1.7374170e-03
  -1.8227330e-03
  -1.9202760e-03
  -2.0278850e-03
  -2.1434520e-03
  -2.2668070e-03
  -2.3983180e-03
  -2.5376390e-03
  -2.6850510e-03
  -2.8418500e-03
  -3.0075800e-03
  -3.1836050e-03
  -3.3728850e-03
  -3.5743620e-03
  -3.7807860e-03
  -3.9860390e-03
  -4.1886640e-03
  -4.3880000e-03
  -4.5795800e-03
  -4.7569980e-03
  -4.9152200e-03
  -5.0529980e-03
  -5.1754650e-03
  -5.2929540e-03
  -5.4156710e-03
  -5.5502260e-03
  -5.6975780e-03
  -5.8527500e-03
  -6.0085170e-03
  -6.1632090e-03
  -6.3163770e-03
  -6.4594260e-03
  -6.5792830e-03
  -6.6710360e-03
  -6.7386780e-03
  -6.7905260e-03
  -6.8332890e-03
  -6.8673220e-03
  -6.8894940e-03
  -6.9000360e-03
  -6.9036650e-03
  -6.9042610e-03
  -6.9013580e-03
  -6.8915160e-03
  -6.8719580e-03
  -6.8430980e-03
  -6.8069160e-03
  -6.7667860e-03
  -6.7293890e-03
  -6.7019100e-03
  -6.6869630e-03
  -6.6847910e-03
  -6.6941410e-03
  -6.7133170e-03
  -6.7417440e-03
  -6.7774820e-03
  -6.8136010e-03
  -6.8425190e-03
  -6.8595600e-03
  -6.8666120e-03
  -6.8721600e-03
  -6.8829800e-03
  -6.8990820e-03
  -6.9160340e-03
  -6.9278890e-03
  -6.9294570e-03
  -6.9202800e-03
  -6.9058140e-03
  -7.3465850e-03
  -7.3568990e-03
  -7.3830400e-03
  -7.4184200e-03
  -7.4522960e-03
  -7.4751820e-03
  -7.4828880e-03
  -7.4751590e-03
  -7.4584710e-03
  -7.4403860e-03
  -7.4246320e-03
  -7.4117120e-03
  -7.4014070e-03
  -7.3943480e-03
  -7.3896000e-03
  -7.3872090e-03
  -7.3890210e-03
  -7.3986670e-03
  -7.4218500e-03
  -7.4656940e-03
  -7.5345380e-03
  -7.6275560e-03
  -7.7377950e-03
  -7.8533770e-03
  -7.9606810e-03
  -8.0464080e-03
  -8.1044130e-03
  -8.1410290e-03
  -8.1668790e-03
  -8.1884370e-03
  -8.2076400e-03
  -8.2242220e-03
  -8.2388290e-03
  -8.2513310e-03
  -8.2591190e-03
  -8.2595770e-03
  -8.2509290e-03
  -8.2381730e-03
  -8.2355990e-03
  -8.2552680e-03
  -8.2960200e-03
  -8.3461620e-03
  -8.3902700e-03
  -8.4180080e-03
  -8.4281000e-03
  -8.4266490e-03
  -8.4203240e-03
  -8.4127910e-03
  -8.4052720e-03
  -8.3961170e-03
  -8.3843170e-03
  -8.3729220e-03
  -8.3636870e-03
  -8.3574960e-03
  -8.3538890e-03
  -8.3519750e-03
  -8.3508280e-03
  -8.3477660e-03
  -8.3394140e-03
  -8.3246150e-03
  -8.3055630e-03
  -8.2888050e-03
  -8.2830910e-03
  -8.2953690e-03
  -8.3259590e-03
  -8.3661600e-03
  -8.4006950e-03
  -8.4163010e-03
  -8.4092470e-03
  -8.3852630e-03
  -8.3562160e-03
  -8.3347470e-03
  -8.3300910e-03
  -8.3466300e-03
  -8.3820370e-03
  -8.4319550e-03
  -8.4944370e-03
  -8.5674100e-03
  -8.6464410e-03
  -8.7243310e-03
  -8.7934200e-03
  -8.8502130e-03
  -8.8972450e-03
  -8.9437520e-03
  -8.9996230e-03
  -9.0693310e-03
  -9.1507020e-03
  -9.2346440e-03
  -9.3116590e-03
  -9.3789670e-03
  -9.4371350e-03
  -9.4874860e-03
  -9.5269140e-03
  -9.5517740e-03
  -9.5647880e-03
  -9.5722200e-03
  -9.5789750e-03
  -9.5876420e-03
  -9.6000500e-03
  -9.6178210e-03
  -9.6397700e-03
  -9.6637480e-03
  -9.6844330e-03
  -9.6962800e-03
  -9.6984070e-03
  -9.6918080e-03
  -9.6758330e-03
  -9.6488810e-03
  -9.6093680e-03
  -9.5560280e-03
  -9.4896190e-03
  -9.4101210e-03
  -9.3152670e-03
  -9.2032820e-03
  -9.0722020e-03
  -8.9199820e-03
  -8.7490060e-03
  -8.5662850e-03
  -8.3780700e-03
  -8.1924730e-03
  -8.0184370e-03
  -7.8605670e-03
  -7.7171540e-03
  -7.5834820e-03
  -7.4593730e-03
  -7.3486350e-03
  -7.2559090e-03
  -7.1840970e-03
  -7.1316950e-03
  -7.0901740e-03
  -7.0485630e-03
  -6.9977020e-03
  -6.9323870e-03
  -6.8537480e-03
  -6.7648870e-03
  -6.6674310e-03
  -6.5598150e-03
  -6.4401870e-03
  -6.3096600e-03
  -6.1717340e-03
  -6.0323740e-03
  -5.8970030e-03
  -5.7680560e-03
  -5.6462230e-03
  -5.5301500e-03
  -5.4148090e-03
  -5.2975560e-03
  -5.1836480e-03
  -5.0818780e-03
  -4.9961510e-03
  -4.9235350e-03
  -4.8566410e-03
  -4.7882770e-03
  -4.7172700e-03
  -4.6504100e-03
  -4.5959470e-03
  -4.5575250e-03
  -4.5337780e-03
  -4.5198870e-03
  -4.5082500e-03
  -4.4923360e-03
  -4.4717100e-03
  -4.4490000e-03
  -4.4226390e-03
  -4.3880800e-03
  -4.3422160e-03
  -4.2842650e-03
  -4.2153870e-03
  -4.1389520e-03
  -4.0571250e-03
  -3.9691440e-03
  -3.8733940e-03
  -3.7699240e-03
  -3.6632300e-03
  -3.5599350e-03
  -3.4632320e-03
  -3.3741640e-03
  -3.2925960e-03
  -3.2161430e-03
  -3.1418390e-03
  -3.0687230e-03
  -3.0001580e-03
  -2.9398560e-03
  -2.8876450e-03
  -2.8420230e-03
  -2.8020580e-03
  -2.7641460e-03
  -2.7244400e-03
  -2.6838010e-03
  -2.6493610e-03
  -2.6310150e-03
  -2.6350230e-03
  -2.6627400e-03
  -2.7123860e-03
  -2.7769180e-03
  -2.8447610e-03
  -2.9066810e-03
  -2.9581440e-03
  -2.9986910e-03
  -3.0271330e-03
  -3.0421640e-03
  -3.0483250e-03
  -3.0527530e-03
  -3.0620710e-03
  -3.0815970e-03
  -3.1141870e-03
  -3.1584310e-03
  -3.2105060e-03
  -3.2647430e-03
  -3.3132490e-03
  -3.3502770e-03
  -3.3720080e-03
  -3.3765260e-03
  -3.3657940e-03
  -3.3445250e-03
  -3.3156800e-03
  -3.2827070e-03
  -3.2515430e-03
  -3.2285560e-03
  -3.2186120e-03
  -3.2244330e-03
  -3.2439520e-03
  -3.2725290e-03
  -3.3069500e-03
  -3.3448620e-03
  -3.3855930e-03
  -3.4320550e-03
  -3.4879370e-03
  -3.5536770e-03
  -3.6260080e-03
  -3.7021810e-03
  -3.7838330e-03
  -3.8752760e-03
  -3.9804090e-03
  -4.0994730e-03
  -4.2276820e-03
  -4.3557940e-03
  -4.4694090e-03
  -4.5534220e-03
  -4.6020080e-03
  -4.6215150e-03
  -4.6228810e-03
  -4.6147740e-03
  -4.6034500e-03
  -4.5938670e-03
  -4.5897330e-03
  -4.5902980e-03
  -4.5878290e-03
  -4.5706410e-03
  -4.5287320e-03
  -4.4599290e-03
  -4.3683590e-03
  -4.2617460e-03
  -4.1505600e-03
  -4.0418180e-03
  -3.9351860e-03
  -3.8248810e-03
  -3.7039070e-03
  -3.5707700e-03
  -3.4305610e-03
  -3.2913980e-03
  -3.1618950e-03
  -3.0485600e-03
  -2.9567180e-03
  -2.8891700e-03
  -2.8409170e-03
  -2.7998110e-03
  -2.7551020e-03
  -2.7028810e-03
  -2.6447460e-03
  -2.5847530e-03
  -2.5240180e-03
  -2.4599980e-03
  -2.3892370e-03
  -2.3117610e-03
  -2.2292620e-03
  -2.1420270e-03
  -2.0495070e-03
  -1.9502370e-03
  -1.8450780e-03
  -1.7357550e-03
  -1.6225360e-03
  -1.5028850e-03
  -1.3742900e-03
  -1.2414390e-03
  -1.1149070e-03
  -1.0047830e-03
  -9.1750710e-04
  -8.5675360e-04
  -8.2261250e-04
  -8.0984420e-04
  -8.1114310e-04
  -8.2251390e-04
  -8.4501340e-04
  -8.7986430e-04
  -9.2634980e-04
  -9.8184100e-04
  -1.0419490e-03
  -1.1014800e-03
  -1.1559490e-03
  -1.2004350e-03
  -1.2315550e-03
  -1.2507860e-03
  -1.2637240e-03
  -1.2775310e-03
  -1.2957310e-03
  -1.3166170e-03
  -1.3368050e-03
  -1.3534360e-03
  -1.3628150e-03
  -1.3618470e-03
  -1.3495570e-03
  -1.3267070e-03
  -1.2953090e-03
  -1.2578960e-03
  -1.2191730e-03
  -1.1845760e-03
  -1.1581340e-03
  -1.1409450e-03
  -1.1300900e-03
  -1.1188590e-03
  -1.0985400e-03
  -1.0612780e-03
  -1.0083830e-03
  -9.5096060e-04
  -8.9720520e-04
  -8.4771270e-04
  -8.0148790e-04
  -7.5845620e-04
  -7.1737270e-04
  -6.7923010e-04
  -6.4658180e-04
  -6.2198840e-04
  -6.0531520e-04
  -5.9617880e-04
  -5.9433230e-04
  -5.9667810e-04
  -5.9805800e-04
  -5.9480190e-04
  -5.8779870e-04
  -5.8068040e-04
  -5.7821160e-04
  -5.8459500e-04
  -6.0422120e-04
  -6.4041550e-04
  -6.8813320e-04
  -7.3629120e-04
  -7.7388270e-04
  -7.9283230e-04
  -7.8837140e-04
  -7.5993960e-04
  -7.1058830e-04
  -6.4550060e-04
  -5.7155910e-04
  -4.9600190e-04
  -4.2363170e-04
  -3.5620810e-04
  -2.9251900e-04
  -2.2923160e-04
  -1.6486530e-04
  -1.0423310e-04
  -5.5062510e-05
  -1.6584160e-05
   2.1145930e-05
   6.4953980e-05
   1.1401360e-04
   1.6507370e-04
   2.1448040e-04
   2.5847890e-04
   2.9582170e-04
   3.2889960e-04
   3.6326260e-04
   4.0336120e-04
   4.5149000e-04
   5.0776500e-04
   5.7029080e-04
   6.3361830e-04
   6.9146170e-04
   7.4091420e-04
   7.8330000e-04
   8.2204690e-04
   8.5999120e-04
   8.9746420e-04
   9.3497400e-04
   9.7339570e-04
   1.0119780e-03
   1.0494490e-03
   1.0871460e-03
   1.1252120e-03
   1.1614500e-03
   1.1924140e-03
   1.2152320e-03
   1.2271330e-03
   1.2266380e-03
   1.2148280e-03
   1.1970460e-03
   1.1839880e-03
   1.1876130e-03
   1.2142200e-03
   1.2621130e-03
   1.3244200e-03
   1.3942260e-03
   1.4670100e-03
   1.5406480e-03
   1.6133950e-03
   1.6825360e-03
   1.7474510e-03
   1.8115310e-03
   1.8798400e-03
   1.9570000e-03
   2.0432830e-03
   2.1344680e-03
   2.2255780e-03
   2.3119470e-03
   2.3906500e-03
   2.4602910e-03
   2.5199060e-03
   2.5697980e-03
   2.6113860e-03
   2.6469880e-03
   2.6783110e-03
   2.7060230e-03
   2.7325830e-03
   2.7606150e-03
   2.7899290e-03
   2.8156890e-03
   2.8337460e-03
   2.8427830e-03
   2.8432020e-03
   2.8334140e-03
   2.8086650e-03
   2.7670830e-03
   2.7109100e-03
   2.6474770e-03
   2.5867300e-03
   2.5371090e-03
   2.5040070e-03
   2.4894600e-03
   2.4897390e-03
   2.4966190e-03
   2.5029720e-03
   2.5038590e-03
   2.4979700e-03
   2.4872690e-03
   2.4719940e-03
   2.4502440e-03
   2.4194040e-03
   2.3772210e-03
   2.3250810e-03
   2.2702430e-03
   2.2204250e-03
   2.1785060e-03
   2.1446040e-03
   2.1178370e-03
   2.0949070e-03
   2.0728700e-03
   2.0515760e-03
   2.0322680e-03
   2.0151970e-03
   2.0020040e-03
   1.9967370e-03
   2.0024770e-03
   2.0202490e-03
   2.0469050e-03
   2.0760150e-03
   2.1027840e-03
   2.1270030e-03
   2.1486030e-03
   2.1656770e-03
   2.1758600e-03
   2.1775190e-03
   2.1722780e-03
   2.1646870e-03
   2.1576650e-03
   2.1524530e-03
   2.1505640e-03
   2.1527150e-03
   2.1573420e-03
   2.1604270e-03
   2.1583020e-03
   2.1475280e-03
   2.1252740e-03
   2.0927940e-03
   2.0553160e-03
   2.0177870e-03
   1.9811640e-03
   1.9443450e-03
   1.9044490e-03
   1.8574360e-03
   1.8009450e-03
   1.7364410e-03
   1.6676650e-03
   1.5957990e-03
   1.5225240e-03
   1.4497650e-03
   1.3782850e-03
   1.3109420e-03
   1.2514730e-03
   1.2003220e-03
   1.1561720e-03
   1.1200360e-03
   1.0945210e-03
   1.0778100e-03
   1.0648490e-03
   1.0524790e-03
   1.0407840e-03
   1.0305040e-03
   1.0218700e-03
   1.0143920e-03
   1.0061580e-03
   9.9532780e-04
   9.8256750e-04
   9.7029250e-04
   9.6071420e-04
   9.5596350e-04
   9.5710800e-04
   9.6071650e-04
   9.6259050e-04
   9.6142110e-04
   9.5892830e-04
   9.5800210e-04
   9.6192560e-04
   9.7350570e-04
   9.9136050e-04
   1.0097580e-03
   1.0228060e-03
   1.0270180e-03
   1.0226630e-03
   1.0148960e-03
   1.0101240e-03
   1.0087640e-03
   1.0062300e-03
   9.9981850e-04
   9.9156180e-04
   9.8491180e-04
   9.8250780e-04
   9.8400590e-04
   9.8764730e-04
   9.9253380e-04
   9.9789500e-04
   1.0017750e-03
   1.0010740e-03
   9.9377430e-04
   9.7856560e-04
   9.5764980e-04
   9.4023660e-04
   9.3424500e-04
   9.3907170e-04
   9.4724140e-04
   9.5008150e-04
   9.4288270e-04
   9.2594890e-04
   9.0229080e-04
   8.7661620e-04
   8.5200510e-04
   8.2851200e-04
   8.0402420e-04
   7.7440430e-04
   7.3707590e-04
   6.9264600e-04
   6.4459110e-04
   5.9613680e-04
   5.5079310e-04
   5.1628030e-04
   4.9839340e-04
   4.9733120e-04
   5.0994410e-04
   5.3177770e-04
   5.5706590e-04
   5.7884600e-04
   5.9165580e-04
   5.9354780e-04
   5.8537580e-04
   5.6846320e-04
   5.4620620e-04
   5.2228850e-04
   4.9806770e-04
   4.7449090e-04
   4.5304100e-04
   4.3656530e-04
   4.2953880e-04
   4.3460210e-04
   4.5141090e-04
   4.7841390e-04
   5.1264630e-04
   5.4991780e-04
   5.8790960e-04
   6.2654500e-04
   6.6570280e-04
   7.0486130e-04
   7.4579660e-04
   7.9157300e-04
   8.4157920e-04
   8.9113760e-04
   9.3428970e-04
   9.6720890e-04
   9.8769270e-04
   9.9489460e-04
   9.8981130e-04
   9.7710360e-04
   9.6436220e-04
   9.5699370e-04
   9.5444230e-04
   9.5046520e-04
   9.3878750e-04
   9.1693730e-04
   8.8735340e-04
   8.5649810e-04
   8.3115150e-04
   8.1509820e-04
   8.0996090e-04
   8.1486490e-04
   8.2752210e-04
   8.4602620e-04
   8.6620900e-04
   8.8246310e-04
   8.9157960e-04
   8.9568150e-04
   8.9901750e-04
   9.0601140e-04
   9.2193050e-04
   9.5013130e-04
   9.9144030e-04
   1.0437260e-03
   1.1015170e-03
   1.1595680e-03
   1.2162780e-03
   1.2723590e-03
   1.3280440e-03
   1.3836440e-03
   1.4412210e-03
   1.5047240e-03
   1.5768170e-03
   1.6573730e-03
   1.7441970e-03
   1.8337040e-03
   1.9224510e-03
   2.0082960e-03
   2.0909380e-03
   2.1727890e-03
   2.2574100e-03
   2.3460050e-03
   2.4356480e-03
   2.5225660e-03
   2.6053900e-03
   2.6854270e-03
   2.7656920e-03
   2.8512010e-03
   2.9462920e-03
   3.0512300e-03
   3.1605640e-03
   3.2663360e-03
   3.3616270e-03
   3.4445670e-03
   3.5179030e-03
   3.5848990e-03
   3.6467290e-03
   3.7038390e-03
   3.7560830e-03
   3.8028230e-03
   3.8432020e-03
   3.8782650e-03
   3.9121620e-03
   3.9484730e-03
   3.9868920e-03
   4.0247970e-03
   4.0609530e-03
   4.0984610e-03
   4.1423620e-03
   4.1953380e-03
   4.2558900e-03
   4.3201560e-03
   4.3827640e-03
   4.4382390e-03
   4.4856030e-03
   4.5278630e-03
   4.5689730e-03
   4.6114980e-03
   4.6539080e-03
   4.6907360e-03
   4.7159490e-03
   4.7286830e-03
   4.7324340e-03
   4.7318290e-03
   4.7310570e-03
   4.7338900e-03
   4.7421590e-03
   4.7551270e-03
   4.7701070e-03
   4.7853010e-03
   4.8011730e-03
   4.8167070e-03
   4.8270360e-03
   4.8283810e-03
   4.8210260e-03
   4.8092330e-03
   4.7987290e-03
   4.7948160e-03
   4.8016400e-03
   4.8202870e-03
   4.8477840e-03
   4.8796890e-03
   4.9103300e-03
   4.9346990e-03
   4.9506190e-03
   4.9575540e-03
   4.9556220e-03
   4.9451100e-03
   4.9284620e-03
   4.9091300e-03
   4.8880230e-03
   4.8651820e-03
   4.8425280e-03
   4.8232700e-03
   4.8084930e-03
   4.7951760e-03
   4.7776760e-03
   4.7522010e-03
   4.7174350e-03
   4.6756070e-03
   4.6306850e-03
   4.5842360e-03
   4.5351430e-03
   4.4816380e-03
   4.4232340e-03
   4.3620820e-03
   4.3016950e-03
   4.2443880e-03
   4.1902180e-03
   4.1385170e-03
   4.0897160e-03
   4.0453510e-03
   4.0060930e-03
   3.9731840e-03
   3.9477500e-03
   3.9279490e-03
   3.9104020e-03
   3.8927880e-03
   3.8747040e-03
   3.8581020e-03
   3.8463150e-03
   3.8419080e-03
   3.8433220e-03
   3.8461040e-03
   3.8469060e-03
   3.8467100e-03
   3.8477700e-03
   3.8488090e-03
   3.8460460e-03
   3.8362030e-03
   3.8193970e-03
   3.7979500e-03
   3.7751920e-03
   3.7548770e-03
   3.7390790e-03
   3.7276420e-03
   3.7181790e-03
   3.7079380e-03
   3.6959290e-03
   3.6831230e-03
   3.6705970e-03
   3.6573300e-03
   3.6417900e-03
   3.6231910e-03
   3.6003570e-03
   3.5723960e-03
   3.5398070e-03
   3.5045070e-03
   3.4681520e-03
   3.4305160e-03
   3.3906310e-03
   3.3475380e-03
   3.3011090e-03
   3.2525610e-03
   3.2017310e-03
   3.1473820e-03
   3.0904140e-03
   3.0327010e-03
   2.9753760e-03
   2.9203250e-03
   2.8700100e-03
   2.8264110e-03
   2.7904630e-03
   2.7607280e-03
   2.7343620e-03
   2.7076780e-03
   2.6767680e-03
   2.6389850e-03
   2.5929570e-03
   2.5391000e-03
   2.4795570e-03
   2.4168570e-03
   2.3531070e-03
   2.2910670e-03
   2.2347970e-03
   2.1871690e-03
   2.1478640e-03
   2.1135610e-03
   2.0809220e-03
   2.0463800e-03
   2.0077050e-03
   1.9665080e-03
   1.9250480e-03
   1.8821110e-03
   1.8346060e-03
   1.7805490e-03
   1.7209040e-03
   1.6603070e-03
   1.6032580e-03
   1.5514280e-03
   1.5037330e-03
   1.4575220e-03
   1.4109320e-03
   1.3644190e-03
   1.3213870e-03
   1.2865790e-03
   1.2641320e-03
   1.2539750e-03
   1.2511860e-03
   1.2501070e-03
   1.2463810e-03
   1.2388030e-03
   1.2284980e-03
   1.2158120e-03
   1.2002320e-03
   1.1801370e-03
   1.1534360e-03
   1.1200550e-03
   1.0819730e-03
   1.0426780e-03
   1.0057680e-03
   9.7209920e-04
   9.4096940e-04
   9.1135440e-04
   8.8301080e-04
   8.5641810e-04
   8.3174250e-04
   8.0848990e-04
   7.8568540e-04
   7.6280750e-04
   7.3856600e-04
   7.1215790e-04
   6.8451990e-04
   6.5578790e-04
   6.2560740e-04
   5.9537030e-04
   5.6662800e-04
   5.4036280e-04
   5.1716260e-04
   4.9821700e-04
   4.8319030e-04
   4.6995790e-04
   4.5591910e-04
   4.3968980e-04
   4.2136940e-04
   4.0195950e-04
   3.8250650e-04
   3.6299590e-04
   3.4391060e-04
   3.2650170e-04
   3.1157230e-04
   2.9991010e-04
   2.9260190e-04
   2.8905240e-04
   2.8682610e-04
   2.8353010e-04
   2.7815830e-04
   2.7139270e-04
   2.6524000e-04
   2.6297910e-04
   2.6764400e-04
   2.8067420e-04
   3.0205100e-04
   3.2970420e-04
   3.6052590e-04
   3.9211850e-04
   4.2176280e-04
   4.4880700e-04
   4.7627050e-04
   5.0708240e-04
   5.4194120e-04
   5.8057150e-04
   6.2323530e-04
   6.7117690e-04
   7.2446170e-04
   7.8127890e-04
   8.3973620e-04
   8.9743950e-04
   9.5210790e-04
   1.0037390e-03
   1.0539330e-03
   1.1036140e-03
   1.1524650e-03
   1.2009740e-03
   1.2505450e-03
   1.3013290e-03
   1.3519480e-03
   1.4011880e-03
   1.4489830e-03
   1.4960380e-03
   1.5419140e-03
   1.5848290e-03
   1.6238760e-03
   1.6602660e-03
   1.6958240e-03
   1.7309720e-03
   1.7648750e-03
   1.7965580e-03
   1.8256540e-03
   1.8516970e-03
   1.8741490e-03
   1.8932030e-03
   1.9099470e-03
   1.9252680e-03
   1.9394010e-03
   1.9524960e-03
   1.9648870e-03
   1.9769170e-03
   1.9882700e-03
   1.9975720e-03
   2.0044800e-03
   2.0099660e-03
   2.0147450e-03
   2.0197620e-03
   2.0260650e-03
   2.0332170e-03
   2.0392350e-03
   2.0419240e-03
   2.0397360e-03
   2.0318770e-03
   2.0184120e-03
   2.0002520e-03
   1.9799640e-03
   1.9608520e-03
   1.9455260e-03
   1.9355850e-03
   1.9303610e-03
   1.9278760e-03
   1.9268950e-03
   1.9264780e-03
   1.9261510e-03
   1.9265000e-03
   1.9279190e-03
   1.9287010e-03
   1.9268140e-03
   1.9230310e-03
   1.9196750e-03
   1.9169990e-03
   1.9131680e-03
   1.9063550e-03
   1.8954220e-03
   1.8808400e-03
   1.8643160e-03
   1.8471630e-03
   1.8291250e-03
   1.8087280e-03
   1.7841670e-03
   1.7549120e-03
   1.7218170e-03
   1.6870000e-03
   1.6523850e-03
   1.6180060e-03
   1.5837270e-03
   1.5504150e-03
   1.5188230e-03
   1.4886270e-03
   1.4592090e-03
   1.4303650e-03
   1.4019880e-03
   1.3738200e-03
   1.3456940e-03
   1.3174010e-03
   1.2889390e-03
   1.2595480e-03
   1.2276740e-03
   1.1923130e-03
   1.1542290e-03
   1.1155470e-03
   1.0784560e-03
   1.0440160e-03
   1.0123920e-03
   9.8318420e-04
   9.5599320e-04
   9.3018940e-04
   9.0477940e-04
   8.7836600e-04
   8.4961370e-04
   8.1775650e-04
   7.8260930e-04
   7.4442180e-04
   7.0394010e-04
   6.6251750e-04
   6.2183930e-04
   5.8280550e-04
   5.4549460e-04
   5.1035490e-04
   4.7822610e-04
   4.4934270e-04
   4.2275690e-04
   3.9693130e-04
   3.7050660e-04
   3.4247180e-04
   3.1282410e-04
   2.8242480e-04
   2.5249260e-04
   2.2355250e-04
   1.9519420e-04
   1.6620270e-04
   1.3562070e-04
   1.0365800e-04
   7.1266160e-05
   3.9260810e-05
   8.9669190e-06
  -1.7585280e-05
  -3.9595010e-05
  -5.8726080e-05
  -7.7983150e-05
  -9.8900520e-05
  -1.2100080e-04
  -1.4307660e-04
  -1.6491500e-04
  -1.8660610e-04
  -2.0735180e-04
  -2.2617500e-04
  -2.4306810e-04
  -2.5918670e-04
  -2.7574640e-04
  -2.9312010e-04
  -3.1091980e-04
  -3.2908690e-04
  -3.4783120e-04
  -3.6688350e-04
  -3.8576900e-04
  -4.0469120e-04
  -4.2405970e-04
  -4.4394620e-04
  -4.6382280e-04
  -4.8300800e-04
  -5.0088090e-04
  -5.1678030e-04
  -5.3023930e-04
  -5.4168250e-04
  -5.5276750e-04
  -5.6527150e-04
  -5.7971050e-04
  -5.9563190e-04
  -6.1235790e-04
  -6.2955530e-04
  -6.4730570e-04
  -6.6578600e-04
  -6.8498400e-04
  -7.0476510e-04
  -7.2494470e-04
  -7.4505940e-04
  -7.6442850e-04
  -7.8216910e-04
  -7.9752780e-04
  -8.1094200e-04
  -8.2330090e-04
  -8.3536640e-04
  -8.4801550e-04
  -8.6185860e-04
  -8.7699380e-04
  -8.9327800e-04
  -9.1050840e-04
  -9.2825980e-04
  -9.4574930e-04
  -9.6234490e-04
  -9.7784420e-04
  -9.9234060e-04
  -1.0063800e-03
  -1.0211360e-03
  -1.0376000e-03
  -1.0554500e-03
  -1.0736900e-03
  -1.0918430e-03
  -1.1096640e-03
  -1.1271780e-03
  -1.1443470e-03
  -1.1609490e-03
  -1.1769650e-03
  -1.1928030e-03
  -1.2083530e-03
  -1.2229150e-03
  -1.2355530e-03
  -1.2456010e-03
  -1.2533000e-03
  -1.2594110e-03
  -1.2647470e-03
  -1.2699930e-03
  -1.2755420e-03
  -1.2817180e-03
  -1.2888160e-03
  -1.2971820e-03
  -1.3068720e-03
  -1.3173590e-03
  -1.3274200e-03
  -1.3355680e-03
  -1.3410680e-03
  -1.3445870e-03
  -1.3474690e-03
  -1.3507380e-03
  -1.3545180e-03
  -1.3582350e-03
  -1.3614940e-03
  -1.3646870e-03
  -1.3682570e-03
  -1.3720690e-03
  -1.3756320e-03
  -1.3787840e-03
  -1.3817850e-03
  -1.3851170e-03
  -1.3891990e-03
  -1.3944210e-03
  -1.4008100e-03
  -1.4076970e-03
  -1.4141170e-03
  -1.4192360e-03
  -1.4228260e-03
  -1.4250570e-03
  -1.4259110e-03
  -1.4252580e-03
  -1.4231230e-03
  -1.4194980e-03
  -1.4145060e-03
  -1.4086500e-03
  -1.4027320e-03
  -1.3973540e-03
  -1.3926030e-03
  -1.3881690e-03
  -1.3835650e-03
  -1.3784280e-03
  -1.3726150e-03
  -1.3667180e-03
  -1.3617290e-03
  -1.3583420e-03
  -1.3569570e-03
  -1.3574000e-03
  -1.3585330e-03
  -1.3587800e-03
  -1.3571810e-03
  -1.3538230e-03
  -1.3496560e-03
  -1.3458880e-03
  -1.3432260e-03
  -1.3414960e-03
  -1.3402100e-03
  -1.3392410e-03
  -1.3388050e-03
  -1.3391110e-03
  -1.3400740e-03
  -1.3413430e-03
  -1.3423820e-03
  -1.3428820e-03
  -1.3429920e-03
  -1.3432800e-03
  -1.3442650e-03
  -1.3459690e-03
  -1.3480130e-03
  -1.3498810e-03
  -1.3511140e-03
  -1.3519160e-03
  -1.3526610e-03
  -1.3532650e-03
  -1.3533250e-03
  -1.3526190e-03
  -1.3511970e-03
  -1.3494600e-03
  -1.3480460e-03
  -1.3473990e-03
  -1.3475710e-03
  -1.3483540e-03
  -1.3495370e-03
  -1.3508260e-03
  -1.3517610e-03
  -1.3519460e-03
  -1.3512860e-03
  -1.3499060e-03
  -1.3480110e-03
  -1.3456680e-03
  -1.3428440e-03
  -1.3396550e-03
  -1.3363260e-03
  -1.3329540e-03
  -1.3292400e-03
  -1.3247030e-03
  -1.3192150e-03
  -1.3129810e-03
  -1.3063220e-03
  -1.2994550e-03
  -1.2924420e-03
  -1.2854080e-03
  -1.2784050e-03
  -1.2713560e-03
  -1.2641330e-03
  -1.2565170e-03
  -1.2482020e-03
  -1.2389880e-03
  -1.2291680e-03
  -1.2193740e-03
  -1.2101030e-03
  -1.2014400e-03
  -1.1931760e-03
  -1.1849560e-03
  -1.1765020e-03
  -1.1677190e-03
  -1.1584790e-03
  -1.1488080e-03
  -1.1391030e-03
  -1.1296920e-03
  -1.1205140e-03
  -1.1113640e-03
  -1.1021430e-03
  -1.0928460e-03
  -1.0833530e-03
  -1.0735420e-03
  -1.0636150e-03
  -1.0539440e-03
  -1.0446570e-03
  -1.0357000e-03
  -1.0270270e-03
  -1.0186780e-03
  -1.0106550e-03
  -1.0028890e-03
  -9.9521120e-04
  -9.8748900e-04
  -9.7975050e-04
  -9.7214360e-04
  -9.6475830e-04
  -9.5756980e-04
  -9.5053260e-04
  -9.4364260e-04
  -9.3686370e-04
  -9.3012880e-04
  -9.2332890e-04
  -9.1636450e-04
  -9.0927810e-04
  -9.0216580e-04
  -8.9500370e-04
  -8.8776800e-04
  -8.8045570e-04
  -8.7317940e-04
  -8.6595660e-04
  -8.5870010e-04
  -8.5142620e-04
  -8.4422260e-04
  -8.3715220e-04
  -8.3019190e-04
  -8.2329090e-04
  -8.1647220e-04
  -8.0971880e-04
  -8.0299260e-04
  -7.9626850e-04
  -7.8956800e-04
  -7.8300060e-04
  -7.7664740e-04
  -7.7051160e-04
  -7.6451630e-04
  -7.5855180e-04
  -7.5262730e-04
  -7.4690210e-04
  -7.4151530e-04
  -7.3641870e-04
  -7.3144410e-04
  -7.2652670e-04
  -7.2177240e-04
  -7.1724230e-04
  -7.1284340e-04
  -7.0842880e-04
  -7.0388370e-04
  -6.9915250e-04
  -6.9426060e-04
  -6.8930100e-04
  -6.8444500e-04
  -6.7993420e-04
  -6.7584830e-04
  -6.7204910e-04
  -6.6828480e-04
  -6.6434270e-04
  -6.6018780e-04
  -6.5583760e-04
  -6.5130280e-04
  -6.4661860e-04
  -6.4188090e-04
  -6.3721690e-04
  -6.3271970e-04
  -6.2836670e-04
  -6.2406100e-04
  -6.1975730e-04
  -6.1548320e-04
  -6.1127140e-04
  -6.0707520e-04
  -6.0286320e-04
  -5.9869470e-04
  -5.9462530e-04
  -5.9070170e-04
  -5.8694930e-04
  -5.8336840e-04
  -5.7994620e-04
  -5.7662310e-04
  -5.7330450e-04
  -5.6994900e-04
  -5.6660000e-04
  -5.6332170e-04
  -5.6017290e-04
  -5.5722400e-04
  -5.5448930e-04
  -5.5191570e-04
  -5.4939950e-04
  -5.4682070e-04
  -5.4410040e-04
  -5.4119080e-04
  -5.3808430e-04
  -5.3485450e-04
  -5.3162720e-04
  -5.2850880e-04
  -5.2551440e-04
  -5.2257220e-04
  -5.1957850e-04
  -5.1644660e-04
  -5.1311130e-04
  -5.0958560e-04
  -5.0590720e-04
  -5.0209180e-04
  -4.9818800e-04
  -4.9428540e-04
  -4.9047120e-04
  -4.8678850e-04
  -4.8320270e-04
  -4.7960660e-04
  -4.7588480e-04
  -4.7200110e-04
  -4.6800690e-04
  -4.6401010e-04
  -4.6009620e-04
  -4.5627390e-04
  -4.5250350e-04
  -4.4876830e-04
  -4.4507230e-04
  -4.4142860e-04
  -4.3784930e-04
  -4.3434140e-04
  -4.3092370e-04
  -4.2761000e-04
  -4.2437050e-04
  -4.2112560e-04
  -4.1781870e-04
  -4.1445290e-04
  -4.1105190e-04
  -4.0763570e-04
  -4.0421540e-04
  -4.0079670e-04
  -3.9738480e-04
  -3.9401100e-04
  -3.9073120e-04
  -3.8758740e-04
  -3.8457690e-04
  -3.8166340e-04
  -3.7880140e-04
  -3.7593490e-04
  -3.7302350e-04
  -3.7008320e-04
  -3.6715240e-04
  -3.6423970e-04
  -3.6133910e-04
  -3.5843550e-04
  -3.5552090e-04
  -3.5260270e-04
  -3.4967820e-04
  -3.4673710e-04
  -3.4377920e-04
  -3.4081600e-04
  -3.3786900e-04
  -3.3496870e-04
  -3.3215060e-04
  -3.2942540e-04
  -3.2676950e-04
  -3.2414740e-04
  -3.2154190e-04
  -3.1897300e-04
  -3.1648060e-04
  -3.1409700e-04
  -3.1181840e-04
  -3.0960050e-04
  -3.0738980e-04
  -3.0514610e-04
  -3.0285810e-04
  -3.0054330e-04
  -2.9823000e-04
  -2.9594660e-04
  -2.9371370e-04
  -2.9154140e-04
  -2.8942500e-04
  -2.8735030e-04
  -2.8530220e-04
  -2.8326530e-04
  -2.8121850e-04
  -2.7914640e-04
  -2.7705080e-04
  -2.7493920e-04
  -2.7282060e-04
  -2.7070940e-04
  -2.6861440e-04
  -2.6653350e-04
  -2.6446530e-04
  -2.6241060e-04
  -2.6036710e-04
  -2.5833130e-04
  -2.5629550e-04
  -2.5425140e-04
  -2.5219860e-04
  -2.5014810e-04
  -2.4811050e-04
  -2.4608790e-04
  -2.4407300e-04
  -2.4205700e-04
  -2.4003680e-04
  -2.3801730e-04
  -2.3600960e-04
  -2.3401820e-04
  -2.3203680e-04
  -2.3005350e-04
  -2.2805800e-04
  -2.2604850e-04
  -2.2403270e-04
  -2.2201990e-04
  -2.2001710e-04
  -2.1803230e-04
  -2.1607050e-04
  -2.1413370e-04
  -2.1222110e-04
  -2.1032370e-04
  -2.0842960e-04
  -2.0653140e-04
  -2.0463050e-04
  -2.0273540e-04
  -2.0085930e-04
  -1.9901300e-04
  -1.9719720e-04
  -1.9540510e-04
  -1.9363140e-04
  -1.9187240e-04
  -1.9012110e-04
  -1.8836810e-04
  -1.8660740e-04
  -1.8484020e-04
  -1.8306990e-04
  -1.8129710e-04
  -1.7952060e-04
  -1.7774090e-04
  -1.7596060e-04
  -1.7418170e-04
  -1.7240460e-04
  -1.7062920e-04
  -1.6885520e-04
  -1.6708190e-04
  -1.6530920e-04
  -1.6353740e-04
  -1.6176640e-04
  -1.5999670e-04
  -1.5823020e-04
  -1.5646930e-04
  -1.5471560e-04
  -1.5297060e-04
  -1.5123460e-04
  -1.4950690e-04
  -1.4778530e-04
  -1.4606740e-04
  -1.4435170e-04
  -1.4263700e-04
  -1.4092380e-04
  -1.3921380e-04
  -1.3750840e-04
  -1.3580760e-04
  -1.3410920e-04
  -1.3240980e-04
  -1.3070620e-04
  -1.2899720e-04
  -1.2728410e-04
  -1.2556950e-04
  -1.2385610e-04
  -1.2214530e-04
  -1.2043720e-04
  -1.1873150e-04
  -1.1702760e-04
  -1.1532520e-04
  -1.1362420e-04
  -1.1192430e-04
  -1.1022590e-04
  -1.0852920e-04
  -1.0683480e-04
  -1.0514280e-04
  -1.0345320e-04
  -1.0176630e-04
  -1.0008190e-04
  -9.8399900e-05
  -9.6720010e-05
  -9.5042050e-05
  -9.3366140e-05
  -9.1692420e-05
  -9.0020880e-05
  -8.8351390e-05
  -8.6683830e-05
  -8.5017940e-05
  -8.3353620e-05
  -8.1690850e-05
  -8.0029690e-05
  -7.8370340e-05
  -7.6713020e-05
  -7.5057840e-05
  -7.3404900e-05
  -7.1754180e-05
  -7.0105570e-05
  -6.8458810e-05
  -6.6813730e-05
  -6.5170320e-05
  -6.3528620e-05
  -6.1888680e-05
  -6.0250550e-05
  -5.8614320e-05
  -5.6979990e-05
  -5.5347490e-05
  -5.3716750e-05
  -5.2087690e-05
  -5.0460270e-05
  -4.8834490e-05
  -4.7210360e-05
  -4.5587910e-05
  -4.3967160e-05
  -4.2348180e-05
  -4.0731010e-05
  -3.9115670e-05
  -3.7502150e-05
  -3.5890420e-05
  -3.4280460e-05
  -3.2672270e-05
  -3.1065860e-05
  -2.9461240e-05
  -2.7858430e-05
  -2.6257450e-05
  -2.4658290e-05
  -2.3060990e-05
  -2.1465560e-05
  -1.9872010e-05
  -1.8280350e-05
  -1.6690590e-05
  -1.5102750e-05
  -1.3516840e-05
  -1.1932880e-05
  -1.0350860e-05
  -8.7708150e-06
  -7.1927470e-06
  -5.6166710e-06
  -4.0425970e-06
  -2.4705400e-06
  -9.0050990e-07
   6.6748150e-07
   2.2334230e-06
   3.7973030e-06
   5.3591100e-06
