  -3.9889900e-04
  -5.8245010e-04
  -7.7505290e-04
  -9.8449070e-04
  -1.1838100e-03
  -1.3325000e-03
  -1.4214290e-03
  -1.4638440e-03
  -1.4585720e-03
  -1.3751770e-03
  -1.1827880e-03
  -8.7500620e-04
  -4.8389390e-04
  -1.0029810e-04
   1.9700480e-04
   3.9124040e-04
   4.9642710e-04
   5.1813540e-04
   4.4318360e-04
   2.7706510e-04
   6.0962190e-05
  -1.7796160e-04
  -4.4517400e-04
  -7.2708650e-04
  -9.9734780e-04
  -1.2431140e-03
  -1.4539080e-03
  -1.6068920e-03
  -1.6887180e-03
  -1.7422680e-03
  -1.7934680e-03
  -1.7889880e-03
  -1.6625470e-03
  -1.4066440e-03
  -1.0523860e-03
  -6.4104690e-04
  -1.9375970e-04
   2.6566580e-04
   7.1339020e-04
   1.1370110e-03
   1.5120610e-03
   1.7900960e-03
   1.9374240e-03
   1.9528590e-03
   1.8657860e-03
   1.7000160e-03
   1.4689290e-03
   1.1986730e-03
   9.1502170e-04
   6.2972840e-04
   3.5779190e-04
   1.2545400e-04
  -7.2816780e-05
  -2.8162660e-04
  -5.3263690e-04
  -8.0655040e-04
  -1.0621990e-03
  -1.2662770e-03
  -1.3936980e-03
  -1.4326060e-03
  -1.3771240e-03
  -1.2139470e-03
  -9.6374990e-04
  -7.1408900e-04
  -5.3644960e-04
  -4.2094250e-04
  -3.0885880e-04
  -1.6713770e-04
  -1.2216840e-05
   1.1647980e-04
   1.8509130e-04
   2.0687860e-04
   1.9830420e-04
   1.2017620e-04
  -3.1294640e-05
  -1.9159510e-04
  -3.1157430e-04
  -3.7104990e-04
  -3.6672570e-04
  -3.0170940e-04
  -1.8262810e-04
  -3.6280910e-05
   9.6735490e-05
   1.6487810e-04
   1.3737340e-04
   6.0856500e-06
  -2.0612670e-04
  -4.6770500e-04
  -7.7355460e-04
  -1.1008340e-03
  -1.3633840e-03
  -1.4590740e-03
  -1.4011310e-03
  -1.2767620e-03
  -1.1767750e-03
  -1.1291100e-03
  -1.0975480e-03
  -1.0313390e-03
  -8.9378390e-04
  -6.5168870e-04
  -2.9025580e-04
   1.3704900e-04
   5.5921900e-04
   9.8337360e-04
   1.4648920e-03
   1.9934130e-03
   2.4773100e-03
   2.8302210e-03
   3.0235710e-03
   3.0606080e-03
   2.9348280e-03
   2.6685430e-03
   2.3213600e-03
   1.9337030e-03
   1.5263370e-03
   1.1258060e-03
   7.6923320e-04
   4.7786480e-04
   2.4783610e-04
   7.4530410e-05
  -3.0966910e-05
  -5.9287580e-05
  -1.5152820e-05
   9.7080420e-05
   2.8373270e-04
   5.3309330e-04
   8.0899440e-04
   1.0765280e-03
   1.3283670e-03
   1.5511730e-03
   1.6625860e-03
   1.6301810e-03
   1.5151790e-03
   1.3543940e-03
   1.1431120e-03
   9.2861200e-04
   7.9395550e-04
   7.5293220e-04
   7.3882390e-04
   6.6929350e-04
   4.9446080e-04
   2.0555410e-04
  -1.7540990e-04
  -6.0431480e-04
  -1.0262620e-03
  -1.4000480e-03
  -1.6938650e-03
  -1.8808420e-03
  -1.9546320e-03
  -1.9679730e-03
  -1.9651420e-03
  -1.9095900e-03
  -1.7649170e-03
  -1.5950210e-03
  -1.4860770e-03
  -1.4610370e-03
  -1.4997710e-03
  -1.5725580e-03
  -1.6253710e-03
  -1.6028200e-03
  -1.4842770e-03
  -1.3027110e-03
  -1.0959000e-03
  -8.9489350e-04
  -7.4414770e-04
  -6.3861330e-04
  -5.1074550e-04
  -2.9891330e-04
  -5.2679500e-06
   3.4329900e-04
   7.3735270e-04
   1.2006030e-03
   1.7445490e-03
   2.3008960e-03
   2.7727900e-03
   3.1148720e-03
   3.3010490e-03
   3.2938170e-03
   3.1024890e-03
   2.8158790e-03
   2.5322230e-03
   2.3168390e-03
   2.1791920e-03
   2.0994860e-03
   2.0468470e-03
   1.9842810e-03
   1.8891420e-03
   1.7521110e-03
   1.5639200e-03
   1.3278580e-03
   1.0774760e-03
   8.9141370e-04
   8.2232060e-04
   8.3579640e-04
   8.8338100e-04
   9.5374210e-04
   1.0415640e-03
   1.0809800e-03
   9.8405590e-04
   7.3045320e-04
   3.6228010e-04
  -7.5310610e-05
  -5.5366060e-04
  -1.0419020e-03
  -1.5216610e-03
  -1.9977970e-03
  -2.4721150e-03
  -2.9428520e-03
  -3.4284390e-03
  -3.9640460e-03
  -4.5500300e-03
  -5.0943180e-03
  -5.4819410e-03
  -5.6608240e-03
  -5.6046090e-03
  -5.3016540e-03
  -4.7819760e-03
  -4.1137760e-03
  -3.3608340e-03
  -2.5800710e-03
  -1.8365400e-03
  -1.1826390e-03
  -6.3960660e-04
  -1.9010650e-04
   2.0388580e-04
   5.7199220e-04
   9.3051660e-04
   1.2823510e-03
   1.6113380e-03
   1.8598610e-03
   1.9934040e-03
   2.0256430e-03
   1.9675660e-03
   1.8064060e-03
   1.5403200e-03
   1.2250500e-03
   9.4064170e-04
   7.1566640e-04
   5.3769950e-04
   3.7298970e-04
   2.0931280e-04
   2.0567920e-05
  -2.3702980e-04
  -5.7128470e-04
  -9.4956950e-04
  -1.2855190e-03
  -1.4485130e-03
  -1.3511750e-03
  -1.0402870e-03
  -6.3681560e-04
  -2.0577510e-04
   2.6837980e-04
   7.6353230e-04
   1.1732350e-03
   1.4427910e-03
   1.6372290e-03
   1.8231990e-03
   1.9866660e-03
   2.0748400e-03
   2.0963970e-03
   2.0996840e-03
   2.0929000e-03
   2.0229270e-03
   1.8104560e-03
   1.4309070e-03
   9.2384810e-04
   3.4000780e-04
  -2.6798810e-04
  -8.4113670e-04
  -1.3199260e-03
  -1.6337530e-03
  -1.7235140e-03
  -1.6121090e-03
  -1.4017830e-03
  -1.1859240e-03
  -1.0007130e-03
  -8.4366360e-04
  -7.0816040e-04
  -5.7501730e-04
  -4.2177670e-04
  -2.5160150e-04
  -8.5174920e-05
   5.2652710e-05
   1.3193050e-04
   1.4650280e-04
   9.0186550e-05
  -4.1095990e-05
  -2.2869080e-04
  -4.5727590e-04
  -7.3632820e-04
  -1.0778210e-03
  -1.4407690e-03
  -1.7761530e-03
  -2.0695280e-03
  -2.2867870e-03
  -2.3681240e-03
  -2.3146610e-03
  -2.1794410e-03
  -1.9929900e-03
  -1.7540360e-03
  -1.4693300e-03
  -1.1967030e-03
  -9.9381940e-04
  -8.3155330e-04
  -6.2727800e-04
  -3.6893360e-04
  -1.2455160e-04
   7.0628420e-05
   2.6208610e-04
   5.0307560e-04
   7.8118410e-04
   1.0796030e-03
   1.3868990e-03
   1.6812910e-03
   1.9501750e-03
   2.1985770e-03
   2.4359450e-03
   2.6614750e-03
   2.8553010e-03
   2.9857410e-03
   3.0315230e-03
   2.9812380e-03
   2.8407000e-03
   2.6153200e-03
   2.3063030e-03
   1.9177520e-03
   1.4782590e-03
   1.0332620e-03
   6.3967690e-04
   3.2732750e-04
   6.3736730e-05
  -1.3302030e-04
  -1.8203420e-04
  -7.4676140e-05
   1.2438310e-04
   3.5653930e-04
   5.6792520e-04
   6.9124180e-04
   7.0996220e-04
   6.7195430e-04
   6.4277720e-04
   6.5318690e-04
   6.9976360e-04
   7.7618900e-04
   8.7813200e-04
   1.0038320e-03
   1.1320720e-03
   1.2384660e-03
   1.3086860e-03
   1.3306250e-03
   1.3016360e-03
   1.2450640e-03
   1.1807930e-03
   1.0816290e-03
   8.9845660e-04
   6.1310310e-04
   2.4073430e-04
  -1.8567460e-04
  -6.0656110e-04
  -9.6979030e-04
  -1.2824410e-03
  -1.5810470e-03
  -1.9009430e-03
  -2.2456360e-03
  -2.5781650e-03
  -2.8755430e-03
  -3.1230790e-03
  -3.2943740e-03
  -3.3755210e-03
  -3.3808630e-03
  -3.3290100e-03
  -3.2098330e-03
  -3.0025310e-03
  -2.7383450e-03
  -2.4375180e-03
  -2.0831790e-03
  -1.6587240e-03
  -1.1720030e-03
  -6.4262890e-04
  -8.8992360e-05
   4.4921330e-04
   9.1506600e-04
   1.2649120e-03
   1.4881910e-03
   1.6010770e-03
   1.6190510e-03
   1.5869020e-03
   1.5683690e-03
   1.5979860e-03
   1.6625580e-03
   1.7490340e-03
   1.8746940e-03
   2.0345940e-03
   2.1694020e-03
   2.2538200e-03
   2.3063720e-03
   2.3290470e-03
   2.3136630e-03
   2.2556090e-03
   2.1424010e-03
   1.9424890e-03
   1.6183130e-03
   1.1741540e-03
   6.6375040e-04
   1.5707600e-04
  -2.8197950e-04
  -5.9317040e-04
  -7.5593120e-04
  -8.2876440e-04
  -9.1440370e-04
  -1.0794770e-03
  -1.3145750e-03
  -1.5831810e-03
  -1.8711320e-03
  -2.1620660e-03
  -2.4173680e-03
  -2.6194670e-03
  -2.7455690e-03
  -2.7419960e-03
  -2.5586500e-03
  -2.2052570e-03
  -1.7602070e-03
  -1.3308180e-03
  -9.8971310e-04
  -7.6871510e-04
  -6.7110570e-04
  -6.9638450e-04
  -8.6352740e-04
  -1.1615900e-03
  -1.5458410e-03
  -1.9640680e-03
  -2.3127960e-03
  -2.5068750e-03
  -2.5766500e-03
  -2.5961800e-03
  -2.6114820e-03
  -2.6553450e-03
  -2.7513360e-03
  -2.8724540e-03
  -2.9395470e-03
  -2.8874280e-03
  -2.6730940e-03
  -2.2625800e-03
  -1.6278050e-03
  -7.8140410e-04
   1.9221090e-04
   1.2070280e-03
   2.1894740e-03
   3.0681280e-03
   3.7758990e-03
   4.2790690e-03
   4.6141690e-03
   4.8528620e-03
   5.0168640e-03
   5.0813340e-03
   5.0137910e-03
   4.8042920e-03
   4.4518060e-03
   3.9742320e-03
   3.4110480e-03
   2.7942710e-03
   2.1573880e-03
   1.5533120e-03
   1.0554020e-03
   7.2956170e-04
   5.9081380e-04
   5.9415490e-04
   6.8270810e-04
   8.3151310e-04
   1.0332940e-03
   1.2907150e-03
   1.6387600e-03
   2.0699380e-03
   2.4823850e-03
   2.7592830e-03
   2.8336480e-03
   2.6910110e-03
   2.3584490e-03
   1.8677890e-03
   1.2369310e-03
   5.1026790e-04
  -2.3902170e-04
  -9.4369480e-04
  -1.5594340e-03
  -2.0698470e-03
  -2.4917980e-03
  -2.8538250e-03
  -3.1657990e-03
  -3.4200700e-03
  -3.6318300e-03
  -3.8414670e-03
  -4.0315830e-03
  -4.1533310e-03
  -4.2046480e-03
  -4.2125590e-03
  -4.1742800e-03
  -4.0595260e-03
  -3.8402260e-03
  -3.5185030e-03
  -3.1385560e-03
  -2.7898070e-03
  -2.5542810e-03
  -2.4520890e-03
  -2.4382360e-03
  -2.4417130e-03
  -2.3865970e-03
  -2.2094650e-03
  -1.8891910e-03
  -1.4426900e-03
  -9.2806240e-04
  -4.0352770e-04
   1.2367250e-04
   6.5576280e-04
   1.1452060e-03
   1.5597150e-03
   1.9224120e-03
   2.2301760e-03
   2.4599540e-03
   2.5764280e-03
   2.5523230e-03
   2.3998160e-03
   2.1421340e-03
   1.8055840e-03
   1.4255100e-03
   1.0323940e-03
   6.5246190e-04
   3.0422470e-04
  -1.0215340e-05
  -3.0101710e-04
  -5.6344540e-04
  -7.7101670e-04
  -8.6134830e-04
  -7.9931010e-04
  -6.3828710e-04
  -4.2578200e-04
  -1.3973380e-04
   2.3685060e-04
   6.6702720e-04
   1.0986860e-03
   1.5038770e-03
   1.8473610e-03
   2.0655820e-03
   2.1106520e-03
   1.9836680e-03
   1.7357290e-03
   1.4158400e-03
   1.0454040e-03
   6.4892410e-04
   2.4307130e-04
  -1.7315230e-04
  -5.9201070e-04
  -9.8024570e-04
  -1.3288280e-03
  -1.6744990e-03
  -2.0489230e-03
  -2.4571170e-03
  -2.8667360e-03
  -3.2395090e-03
  -3.5432000e-03
  -3.7203880e-03
  -3.7027260e-03
  -3.4520200e-03
  -2.9762540e-03
  -2.3517560e-03
  -1.6627060e-03
  -9.4887290e-04
  -2.2906110e-04
   4.6162110e-04
   1.0590480e-03
   1.4908880e-03
   1.7195090e-03
   1.7705180e-03
   1.6996600e-03
   1.4938720e-03
   1.1214390e-03
   6.3642780e-04
   1.3870940e-04
  -3.0153610e-04
  -6.3540330e-04
  -8.2919540e-04
  -8.9355050e-04
  -8.9748740e-04
  -9.1890550e-04
  -1.0032420e-03
  -1.1559310e-03
  -1.3538980e-03
  -1.5626450e-03
  -1.7302650e-03
  -1.7984900e-03
  -1.7227030e-03
  -1.4969610e-03
  -1.1114110e-03
  -5.6232370e-04
   1.1043240e-04
   8.2915480e-04
   1.5055090e-03
   2.0918870e-03
   2.5778790e-03
   2.9742420e-03
   3.3110360e-03
   3.5801590e-03
   3.7608510e-03
   3.8467820e-03
   3.8331020e-03
   3.7421500e-03
   3.5867750e-03
   3.3408070e-03
   2.9863390e-03
   2.5208630e-03
   1.9588210e-03
   1.3211430e-03
   6.5396730e-04
   1.7174480e-05
  -5.6878860e-04
  -1.1020210e-03
  -1.5618060e-03
  -1.9392600e-03
  -2.2409550e-03
  -2.4643520e-03
  -2.5960450e-03
  -2.6012780e-03
  -2.4394280e-03
  -2.1088210e-03
  -1.6188310e-03
  -9.7008950e-04
  -1.7174710e-04
   7.3631060e-04
   1.6668830e-03
   2.4852400e-03
   3.0824280e-03
   3.4412210e-03
   3.6451890e-03
   3.7708440e-03
   3.7870330e-03
   3.6443750e-03
   3.3582620e-03
   2.9597600e-03
   2.4474300e-03
   1.8322070e-03
   1.1244140e-03
   3.1814420e-04
  -5.7255610e-04
  -1.4922600e-03
  -2.3675750e-03
  -3.1340460e-03
  -3.7266940e-03
  -4.1053810e-03
  -4.2722070e-03
  -4.2864570e-03
  -4.2458270e-03
  -4.2305490e-03
  -4.2404100e-03
  -4.2305550e-03
  -4.1681460e-03
  -3.9952880e-03
  -3.6021570e-03
  -2.8968760e-03
  -1.8798540e-03
  -6.2480340e-04
   7.5990080e-04
   2.1485810e-03
   3.4165130e-03
   4.4683670e-03
   5.2381530e-03
   5.6821230e-03
   5.7794670e-03
   5.5373040e-03
   4.9904670e-03
   4.1741620e-03
   3.1163580e-03
   1.8553740e-03
   4.9163190e-04
  -8.3651510e-04
  -2.0407040e-03
  -3.0737320e-03
  -3.8726830e-03
  -4.3936840e-03
  -4.6154670e-03
  -4.5373690e-03
  -4.1690670e-03
  -3.5314870e-03
  -2.7235580e-03
  -1.8704640e-03
  -1.0552860e-03
  -2.9912410e-04
   4.2008190e-04
   1.1272260e-03
   1.8184370e-03
   2.4519500e-03
   2.9736380e-03
   3.3534890e-03
   3.6138960e-03
   3.7971570e-03
   3.8946490e-03
   3.8449630e-03
   3.6015750e-03
   3.1693530e-03
   2.5890770e-03
   1.9168790e-03
   1.2315230e-03
   6.1628910e-04
   9.7357790e-05
  -3.5376790e-04
  -7.5880950e-04
  -1.1124970e-03
  -1.4120820e-03
  -1.6851770e-03
  -1.9575130e-03
  -2.2390040e-03
  -2.5405120e-03
  -2.8736370e-03
  -3.2101410e-03
  -3.5020440e-03
  -3.7306600e-03
  -3.8736490e-03
  -3.8977770e-03
  -3.7945310e-03
  -3.5832920e-03
  -3.2601840e-03
  -2.7678380e-03
  -2.0718720e-03
  -1.2401060e-03
  -3.8432510e-04
   4.4540370e-04
   1.2420610e-03
   1.9868870e-03
   2.6422510e-03
   3.1488890e-03
   3.4127900e-03
   3.3208370e-03
   2.8723140e-03
   2.2150750e-03
   1.5093000e-03
   8.2208410e-04
   1.5467470e-04
  -4.8102090e-04
  -1.0608250e-03
  -1.5781680e-03
  -2.0561620e-03
  -2.5254290e-03
  -2.9876770e-03
  -3.4063030e-03
  -3.7151100e-03
  -3.8398810e-03
  -3.7323290e-03
  -3.3686000e-03
  -2.7539280e-03
  -1.9295310e-03
  -9.6983730e-04
   2.6261430e-05
   9.7443730e-04
   1.8332580e-03
   2.5539770e-03
   3.0660400e-03
   3.3620120e-03
   3.5453480e-03
   3.7385960e-03
   3.9964320e-03
   4.2838880e-03
   4.5504040e-03
   4.7738140e-03
   4.9281790e-03
   4.9742820e-03
   4.8929710e-03
   4.6771840e-03
   4.3136290e-03
   3.7999900e-03
   3.1452070e-03
   2.3682120e-03
   1.4757230e-03
   5.1091310e-04
  -4.2999930e-04
  -1.2649970e-03
  -1.9675250e-03
  -2.5152870e-03
  -2.8685880e-03
  -3.0375260e-03
  -3.0599380e-03
  -2.9456780e-03
  -2.6646630e-03
  -2.1863410e-03
  -1.5234970e-03
  -7.1171510e-04
   2.2783940e-04
   1.2547280e-03
   2.2735010e-03
   3.2002940e-03
   3.9897950e-03
   4.5995560e-03
   4.9883800e-03
   5.1257390e-03
   5.0274540e-03
   4.7172780e-03
   4.1615720e-03
   3.3116500e-03
   2.1764840e-03
   8.2173230e-04
  -6.7209080e-04
  -2.2235330e-03
  -3.7443640e-03
  -5.1537900e-03
  -6.3707710e-03
  -7.3203130e-03
  -7.9717890e-03
  -8.3233420e-03
  -8.3946880e-03
  -8.2306170e-03
  -7.8768230e-03
  -7.3572550e-03
  -6.6673720e-03
  -5.7889020e-03
  -4.6835330e-03
  -3.3452260e-03
  -1.8435030e-03
  -2.8310430e-04
   1.2508470e-03
   2.6793560e-03
   3.9192040e-03
   4.8978450e-03
   5.5793520e-03
   5.9713190e-03
   6.0644910e-03
   5.8399060e-03
   5.3160370e-03
   4.5737330e-03
   3.6787260e-03
   2.6440550e-03
   1.4946290e-03
   3.1038280e-04
  -8.0002110e-04
  -1.7234320e-03
  -2.3671980e-03
  -2.7048940e-03
  -2.7782420e-03
  -2.6536320e-03
  -2.3915000e-03
  -2.0498280e-03
  -1.6615480e-03
  -1.2346510e-03
  -7.6746860e-04
  -2.8080310e-04
   1.7072050e-04
   5.2057090e-04
   7.3587280e-04
   7.9471850e-04
   7.1521780e-04
   5.7152140e-04
   4.4890520e-04
   4.0245190e-04
   4.6571530e-04
   6.5995270e-04
   9.8460430e-04
   1.3705150e-03
   1.6687400e-03
   1.7666680e-03
   1.6527960e-03
   1.3615790e-03
   9.2975420e-04
   4.0976890e-04
  -1.1800830e-04
  -6.1175400e-04
  -1.0991410e-03
  -1.6324000e-03
  -2.2298270e-03
  -2.8650180e-03
  -3.4829010e-03
  -4.0297590e-03
  -4.4944280e-03
  -4.8412260e-03
  -5.0037480e-03
  -4.9065950e-03
  -4.4899100e-03
  -3.7698110e-03
  -2.8719090e-03
  -1.9410390e-03
  -1.0399260e-03
  -2.0527260e-04
   4.9482500e-04
   1.0113710e-03
   1.3386720e-03
   1.4882460e-03
   1.4677750e-03
   1.2904460e-03
   9.5766100e-04
   4.8641190e-04
  -2.7298840e-05
  -4.4695240e-04
  -6.8312090e-04
  -7.2047400e-04
  -6.1086970e-04
  -4.5521400e-04
  -3.7194280e-04
  -4.4358160e-04
  -6.9314800e-04
  -1.0379180e-03
  -1.3463880e-03
  -1.5669330e-03
  -1.7018630e-03
  -1.7366370e-03
  -1.6343790e-03
  -1.3709780e-03
  -9.7877860e-04
  -5.5030290e-04
  -1.6067870e-04
   2.0762090e-04
   6.4412930e-04
   1.2377890e-03
   2.0273300e-03
   2.9863220e-03
   4.0263730e-03
   5.0494740e-03
   5.9788860e-03
   6.7330830e-03
   7.1762870e-03
   7.1660600e-03
   6.6602750e-03
   5.7254320e-03
   4.4915350e-03
   3.1208050e-03
   1.7445870e-03
   4.0077240e-04
  -9.6533980e-04
  -2.4066160e-03
  -3.8881870e-03
  -5.2955300e-03
  -6.4919380e-03
  -7.3674520e-03
  -7.8642710e-03
  -7.9820150e-03
  -7.7553760e-03
  -7.2016000e-03
  -6.2958140e-03
  -5.0809610e-03
  -3.7259060e-03
  -2.3893910e-03
  -1.1076030e-03
   1.3913420e-04
   1.3545100e-03
   2.4778250e-03
   3.4444460e-03
   4.2172330e-03
   4.7297470e-03
   4.9066120e-03
   4.7466980e-03
   4.2951040e-03
   3.6026100e-03
   2.7292540e-03
   1.7372900e-03
   6.9763440e-04
  -2.8545880e-04
  -1.1034430e-03
  -1.6946600e-03
  -2.0667000e-03
  -2.2800730e-03
  -2.3771510e-03
  -2.3392930e-03
  -2.1238600e-03
  -1.7287130e-03
  -1.1957010e-03
  -5.9762200e-04
   3.8109050e-06
   5.8259420e-04
   1.1432780e-03
   1.6851930e-03
   2.1287800e-03
   2.3778490e-03
   2.4082550e-03
   2.2563040e-03
   1.9653630e-03
   1.5757840e-03
   1.1408660e-03
   7.3461430e-04
   4.0045800e-04
   1.2849690e-04
  -1.0249200e-04
  -2.9677560e-04
  -4.7461190e-04
  -6.8417180e-04
  -9.5927500e-04
  -1.2961960e-03
  -1.6436350e-03
  -1.9044850e-03
  -2.0169580e-03
  -2.0079000e-03
  -1.9208000e-03
  -1.7574050e-03
  -1.5063390e-03
  -1.1863360e-03
  -8.4598490e-04
  -5.5417410e-04
  -3.7130330e-04
  -3.3056250e-04
  -4.3483730e-04
  -6.8088750e-04
  -1.0556340e-03
  -1.4932390e-03
  -1.8825350e-03
  -2.1183540e-03
  -2.1080510e-03
  -1.7892300e-03
  -1.1599770e-03
  -2.7365990e-04
   7.8478440e-04
   1.9296160e-03
   3.0893570e-03
   4.2123800e-03
   5.2843950e-03
   6.2802630e-03
   7.0874330e-03
   7.5645540e-03
   7.6219290e-03
   7.2771230e-03
   6.6155210e-03
   5.7101360e-03
   4.6535630e-03
   3.5830410e-03
   2.6116620e-03
   1.7815870e-03
   1.0930690e-03
   5.1625560e-04
  -2.2147760e-05
  -6.3084540e-04
  -1.4159110e-03
  -2.4348090e-03
  -3.6404540e-03
  -4.8938400e-03
  -6.0483850e-03
  -6.9560130e-03
  -7.4723920e-03
  -7.5123990e-03
  -7.0458130e-03
  -6.1068630e-03
  -4.8411550e-03
  -3.5050840e-03
  -2.3406300e-03
  -1.4696470e-03
  -8.8969190e-04
  -5.3006190e-04
  -2.7288740e-04
   2.5018780e-05
   5.0732080e-04
   1.2574670e-03
   2.2455770e-03
   3.3552330e-03
   4.4339940e-03
   5.3452900e-03
   6.0065590e-03
   6.3692860e-03
   6.3769980e-03
   5.9578770e-03
   5.0944410e-03
   3.8862530e-03
   2.4486270e-03
   8.3082570e-04
  -9.1118840e-04
  -2.6860090e-03
  -4.4155480e-03
  -6.0140020e-03
  -7.3564360e-03
  -8.3091660e-03
  -8.7813440e-03
  -8.7472640e-03
  -8.2454230e-03
  -7.3522500e-03
  -6.1599740e-03
  -4.7775250e-03
  -3.3190300e-03
  -1.8998510e-03
  -6.1042710e-04
   5.0472730e-04
   1.4549790e-03
   2.2981900e-03
   3.0652970e-03
   3.6832580e-03
   4.0626940e-03
   4.2104150e-03
   4.1945210e-03
   4.0654570e-03
   3.8316150e-03
   3.4852660e-03
   3.0367810e-03
   2.5359490e-03
   2.0557300e-03
   1.6582550e-03
   1.3486700e-03
   1.0568410e-03
   7.1543120e-04
   3.1777260e-04
  -1.3876570e-04
  -7.0177680e-04
  -1.3936640e-03
  -2.1638070e-03
  -2.9221160e-03
  -3.5966050e-03
  -4.1273930e-03
  -4.4456640e-03
  -4.5057630e-03
  -4.3008560e-03
  -3.8467630e-03
  -3.1515230e-03
  -2.2005830e-03
  -9.8953280e-04
   4.4024130e-04
   2.0356330e-03
   3.7429900e-03
   5.4896500e-03
   7.1812130e-03
   8.6966220e-03
   9.8893380e-03
   1.0610030e-02
   1.0782860e-02
   1.0441650e-02
   9.6611460e-03
   8.4928910e-03
   7.0193310e-03
   5.4069190e-03
   3.8540490e-03
   2.4883720e-03
   1.3861390e-03
   5.9216080e-04
   6.9435370e-05
  -3.0565130e-04
  -6.8786550e-04
  -1.2254980e-03
  -2.0381390e-03
  -3.1531900e-03
  -4.4727430e-03
  -5.8106210e-03
  -7.0010890e-03
  -7.9197760e-03
  -8.4166610e-03
  -8.2883670e-03
  -7.4310180e-03
  -5.9306510e-03
  -3.9868700e-03
  -1.7817640e-03
   5.0965510e-04
   2.6570890e-03
   4.4238470e-03
   5.6630000e-03
   6.3517240e-03
   6.5135490e-03
   6.2012770e-03
   5.4825910e-03
   4.4153750e-03
   3.0676120e-03
   1.5241270e-03
  -1.7575920e-04
  -2.0479400e-03
  -4.0973160e-03
  -6.2510150e-03
  -8.3624550e-03
  -1.0284590e-02
  -1.1941130e-02
  -1.3298450e-02
  -1.4298690e-02
  -1.4883840e-02
  -1.5049040e-02
  -1.4818950e-02
  -1.4209120e-02
  -1.3234190e-02
  -1.1920960e-02
  -1.0324600e-02
  -8.5355000e-03
  -6.6522640e-03
  -4.7092390e-03
  -2.6909350e-03
  -5.7845760e-04
   1.6097690e-03
   3.7997970e-03
   5.9172740e-03
   7.9281040e-03
   9.7658750e-03
   1.1267120e-02
   1.2286070e-02
   1.2780690e-02
   1.2796540e-02
   1.2381850e-02
   1.1559490e-02
   1.0370270e-02
   8.8662960e-03
   7.0810020e-03
   5.0325120e-03
   2.7753640e-03
   4.3327100e-04
  -1.7881490e-03
  -3.6579590e-03
  -5.0159770e-03
  -5.8131220e-03
  -6.0727340e-03
  -5.8323810e-03
  -5.1336240e-03
  -4.0626470e-03
  -2.7630230e-03
  -1.3859390e-03
  -1.9737440e-05
   1.3225760e-03
   2.6690280e-03
   4.0163980e-03
   5.2672970e-03
   6.2979190e-03
   6.9819490e-03
   7.2143470e-03
   6.9531630e-03
   6.2361590e-03
   5.1739860e-03
   3.9144890e-03
   2.6193820e-03
   1.3953060e-03
   2.7419740e-04
  -7.3494640e-04
  -1.6342540e-03
  -2.4847660e-03
  -3.3795300e-03
  -4.3685910e-03
  -5.3927240e-03
  -6.2969390e-03
  -6.9279990e-03
  -7.2001660e-03
  -7.1115990e-03
  -6.7492450e-03
  -6.2129880e-03
  -5.5703760e-03
  -4.8827440e-03
  -4.2199880e-03
  -3.6365420e-03
  -3.1308820e-03
  -2.6234380e-03
  -2.0006080e-03
  -1.1773980e-03
  -1.1255800e-04
   1.2019240e-03
   2.7123080e-03
   4.2443760e-03
   5.5469240e-03
   6.4238030e-03
   6.8065630e-03
   6.7217760e-03
   6.2458790e-03
   5.5176990e-03
   4.7401520e-03
   4.0960560e-03
   3.6756660e-03
   3.4826360e-03
   3.4817830e-03
   3.5944060e-03
   3.7058040e-03
   3.6550820e-03
   3.2978430e-03
   2.6052280e-03
   1.6645100e-03
   6.2200590e-04
  -3.6947950e-04
  -1.1966580e-03
  -1.7483300e-03
  -1.9175320e-03
  -1.7045600e-03
  -1.2327220e-03
  -6.9730870e-04
  -2.6027660e-04
   1.3548430e-05
   1.5295610e-04
   2.8590630e-04
   5.6845430e-04
   1.0900770e-03
   1.8313550e-03
   2.6682000e-03
   3.4360330e-03
   3.9971220e-03
   4.3064280e-03
   4.4317440e-03
   4.4644930e-03
   4.3869330e-03
   4.1276640e-03
   3.6816200e-03
   3.1349180e-03
   2.6039040e-03
   2.1421600e-03
   1.7218070e-03
   1.2652870e-03
   6.6900460e-04
  -1.4337050e-04
  -1.2088410e-03
  -2.4786790e-03
  -3.7965260e-03
  -4.9761000e-03
  -5.8940370e-03
  -6.5337650e-03
  -6.9650250e-03
  -7.2411660e-03
  -7.3636890e-03
  -7.2796840e-03
  -6.9648330e-03
  -6.4792000e-03
  -5.8933690e-03
  -5.2187650e-03
  -4.4080830e-03
  -3.4131350e-03
  -2.2058840e-03
  -7.8658840e-04
   7.7818630e-04
   2.3219020e-03
   3.6445490e-03
   4.5976780e-03
   5.0824390e-03
   5.0135310e-03
   4.3634040e-03
   3.1988080e-03
   1.6734380e-03
   1.4899440e-05
  -1.5246240e-03
  -2.7441860e-03
  -3.5828770e-03
  -4.1633250e-03
  -4.6725530e-03
  -5.2269790e-03
  -5.8318820e-03
  -6.3769580e-03
  -6.6861200e-03
  -6.6048660e-03
  -6.0510530e-03
  -5.0212030e-03
  -3.5984180e-03
  -1.9425470e-03
  -2.5997350e-04
   1.2477630e-03
   2.4433780e-03
   3.2642260e-03
   3.7060660e-03
   3.8399630e-03
   3.8368090e-03
   3.9230860e-03
   4.2460980e-03
   4.7903840e-03
   5.4783110e-03
   6.2326420e-03
   6.9459910e-03
   7.4873410e-03
   7.7672710e-03
   7.7911040e-03
   7.6403440e-03
   7.4159140e-03
   7.2367960e-03
   7.1923380e-03
   7.2336270e-03
   7.2235010e-03
   7.0029470e-03
   6.4542000e-03
   5.5195800e-03
   4.1933160e-03
   2.5406820e-03
   7.2261150e-04
  -1.0464680e-03
  -2.5805330e-03
  -3.7399330e-03
  -4.4467980e-03
  -4.7014890e-03
  -4.5688890e-03
  -4.1228090e-03
  -3.4567240e-03
  -2.7069950e-03
  -1.9987130e-03
  -1.4427720e-03
  -1.1211670e-03
  -1.0492140e-03
  -1.1700600e-03
  -1.3735510e-03
  -1.5347960e-03
  -1.5784390e-03
  -1.4969840e-03
  -1.3070040e-03
  -1.0104640e-03
  -5.9049930e-04
  -5.0566230e-05
   5.9761510e-04
   1.3546580e-03
   2.1719570e-03
   2.9295640e-03
   3.4979340e-03
   3.7921730e-03
   3.7563420e-03
   3.3563710e-03
   2.6138460e-03
   1.5863100e-03
   3.2432460e-04
  -1.1061670e-03
  -2.6100750e-03
  -4.0854270e-03
  -5.4614010e-03
  -6.6827590e-03
  -7.6689910e-03
  -8.3004260e-03
  -8.4708720e-03
  -8.1492640e-03
  -7.3567180e-03
  -6.1390520e-03
  -4.5850020e-03
  -2.8352610e-03
  -1.0277080e-03
   7.6406850e-04
   2.5428050e-03
   4.3157110e-03
   6.0089410e-03
   7.4489970e-03
   8.4253630e-03
   8.7953240e-03
   8.5423540e-03
   7.7294560e-03
   6.4158860e-03
   4.6586700e-03
   2.5672290e-03
   3.2088400e-04
  -1.8833770e-03
  -3.8849410e-03
  -5.5891510e-03
  -6.9926800e-03
  -8.1559620e-03
  -9.1041420e-03
  -9.7988600e-03
  -1.0206080e-02
  -1.0318150e-02
  -1.0153830e-02
  -9.7205840e-03
  -8.9794810e-03
  -7.8979010e-03
  -6.5129920e-03
  -4.9339140e-03
  -3.2900200e-03
  -1.6998850e-03
  -2.8575890e-04
   8.4097740e-04
   1.5994850e-03
   1.9549150e-03
   1.9238390e-03
   1.6246710e-03
   1.2582420e-03
   9.9896720e-04
   9.1379970e-04
   9.9602740e-04
   1.2039500e-03
   1.4946640e-03
   1.8494270e-03
   2.2640170e-03
   2.7079220e-03
   3.1582220e-03
   3.6129310e-03
   4.0613440e-03
   4.4952470e-03
   4.8607600e-03
   5.0444900e-03
   4.9601790e-03
   4.6205950e-03
   4.1102740e-03
   3.5395530e-03
   3.0281570e-03
   2.6620120e-03
   2.4279910e-03
   2.2694850e-03
   2.1612320e-03
   2.1107730e-03
   2.1755630e-03
   2.4480290e-03
   2.9871860e-03
   3.7829590e-03
   4.7611890e-03
   5.8130810e-03
   6.8370570e-03
   7.7393680e-03
   8.3815750e-03
   8.5860950e-03
   8.2354960e-03
   7.3384700e-03
   5.9562800e-03
   4.1341900e-03
   1.9546730e-03
  -4.3113940e-04
  -2.8399750e-03
  -5.1182250e-03
  -7.1583180e-03
  -8.8741550e-03
  -1.0195170e-02
  -1.1100050e-02
  -1.1635040e-02
  -1.1849350e-02
  -1.1752370e-02
  -1.1338990e-02
  -1.0629420e-02
  -9.6968040e-03
  -8.6234750e-03
  -7.4519740e-03
  -6.1840220e-03
  -4.7547350e-03
  -3.0842160e-03
  -1.1755550e-03
   8.9280640e-04
   3.0238190e-03
   5.1003560e-03
   6.9724670e-03
   8.4883490e-03
   9.5422690e-03
   1.0066430e-02
   1.0021710e-02
   9.4014530e-03
   8.2263290e-03
   6.5655700e-03
   4.5201700e-03
   2.2162040e-03
  -1.9064650e-04
  -2.5285370e-03
  -4.6505580e-03
  -6.4195790e-03
  -7.7147920e-03
  -8.4781060e-03
  -8.6979500e-03
  -8.3415330e-03
  -7.3797320e-03
  -5.8463700e-03
  -3.8632710e-03
  -1.6210500e-03
   7.0299390e-04
   2.9786590e-03
   5.0749010e-03
   6.8625530e-03
   8.2445860e-03
   9.1924740e-03
   9.7964550e-03
   1.0269780e-02
   1.0776530e-02
   1.1289880e-02
   1.1680870e-02
   1.1851990e-02
   1.1846030e-02
   1.1755470e-02
   1.1510920e-02
   1.0895570e-02
   9.7684740e-03
   8.1323740e-03
   6.0907240e-03
   3.8219300e-03
   1.5490850e-03
  -4.9636310e-04
  -2.1257970e-03
  -3.2537740e-03
  -3.8742720e-03
  -4.0232770e-03
  -3.7499850e-03
  -3.1217590e-03
  -2.2658170e-03
  -1.3288910e-03
  -4.6965080e-04
   1.6511130e-04
   5.3490910e-04
   6.9678100e-04
   7.1937940e-04
   6.7162840e-04
   6.1855330e-04
   5.2457820e-04
   2.7876580e-04
  -1.7929140e-04
  -8.0901510e-04
  -1.5544050e-03
  -2.3935420e-03
  -3.2648940e-03
  -4.0480350e-03
  -4.6409890e-03
  -4.9647680e-03
  -4.9368740e-03
  -4.4695740e-03
  -3.5340490e-03
  -2.2171830e-03
  -6.8939070e-04
   9.0930180e-04
   2.4697200e-03
   3.8339950e-03
   4.8322740e-03
   5.3721930e-03
   5.4679140e-03
   5.1971140e-03
   4.6710140e-03
   4.0094030e-03
   3.3177960e-03
   2.6454340e-03
   1.9946350e-03
   1.3568130e-03
   7.2406700e-04
   1.2304790e-04
  -4.1763460e-04
  -8.9476880e-04
  -1.3442850e-03
  -1.7996790e-03
  -2.2177320e-03
  -2.4649070e-03
  -2.4140430e-03
  -2.0341740e-03
  -1.3207940e-03
  -2.4254950e-04
   1.1777400e-03
   2.8425140e-03
   4.5735330e-03
   6.1180510e-03
   7.2395890e-03
   7.7892220e-03
   7.7401700e-03
   7.1917290e-03
   6.2917040e-03
   5.1950700e-03
   4.0124940e-03
   2.7684680e-03
   1.4620200e-03
   1.0752390e-04
  -1.2862180e-03
  -2.7067770e-03
  -4.1400050e-03
  -5.6163740e-03
  -7.1837860e-03
  -8.8403500e-03
  -1.0510770e-02
  -1.2060550e-02
  -1.3330860e-02
  -1.4203740e-02
  -1.4640660e-02
  -1.4685750e-02
  -1.4417920e-02
  -1.3887140e-02
  -1.3096910e-02
  -1.1992750e-02
  -1.0509030e-02
  -8.6287070e-03
  -6.3785170e-03
  -3.8278230e-03
  -1.0549450e-03
   1.8535000e-03
   4.7057940e-03
   7.2238100e-03
   9.1651180e-03
   1.0381410e-02
   1.0809810e-02
   1.0490280e-02
   9.5710920e-03
   8.2489970e-03
   6.7381690e-03
   5.2504590e-03
   3.9733750e-03
   3.0880340e-03
   2.7249820e-03
   2.8957880e-03
   3.5037580e-03
   4.3418340e-03
   5.0982640e-03
   5.4942810e-03
   5.3775500e-03
   4.7237760e-03
   3.6008990e-03
   2.1061170e-03
   3.5644060e-04
  -1.4967360e-03
  -3.3001840e-03
  -4.9475670e-03
  -6.3510060e-03
  -7.3970550e-03
  -7.9595000e-03
  -7.8927940e-03
  -7.0323460e-03
  -5.2276290e-03
  -2.4017000e-03
   1.3587340e-03
   5.7306610e-03
   1.0196990e-02
   1.4215920e-02
   1.7316400e-02
   1.9153160e-02
   1.9589200e-02
   1.8682250e-02
   1.6653170e-02
   1.3857400e-02
   1.0677040e-02
   7.3720870e-03
   4.0088750e-03
   5.1770810e-04
  -3.2036270e-03
  -7.1794080e-03
  -1.1325440e-02
  -1.5463400e-02
  -1.9339780e-02
  -2.2644230e-02
  -2.5088520e-02
  -2.6408970e-02
  -2.6388950e-02
  -2.4907970e-02
  -2.1996590e-02
  -1.7882240e-02
  -1.2986240e-02
  -7.8760500e-03
  -3.1837570e-03
   5.6527460e-04
   3.1303190e-03
   4.5756600e-03
   5.1923970e-03
   5.3719580e-03
   5.4837380e-03
   5.7451240e-03
   6.1864150e-03
   6.7250620e-03
   7.2462520e-03
   7.6267940e-03
   7.7363930e-03
   7.4965640e-03
   6.9406940e-03
   6.1958760e-03
   5.3784290e-03
   4.5712720e-03
   3.8822060e-03
   3.3568240e-03
   2.9053140e-03
   2.3717440e-03
   1.5929260e-03
   4.6434780e-04
  -9.3997800e-04
  -2.3246160e-03
  -3.2913620e-03
  -3.5286600e-03
  -2.9019570e-03
  -1.4330970e-03
   7.4134810e-04
   3.3880610e-03
   6.1974370e-03
   8.8232530e-03
   1.0933640e-02
   1.2323280e-02
   1.2934470e-02
   1.2785540e-02
   1.2074280e-02
   1.1122180e-02
   1.0206710e-02
   9.5999450e-03
   9.5856510e-03
   1.0265450e-02
   1.1426190e-02
   1.2639100e-02
   1.3440400e-02
   1.3500360e-02
   1.2636510e-02
   1.0797910e-02
   8.1167600e-03
   4.8509810e-03
   1.2995050e-03
  -2.2361980e-03
  -5.5140170e-03
  -8.3994290e-03
  -1.0827930e-02
  -1.2745960e-02
  -1.4081500e-02
  -1.4784660e-02
  -1.4885380e-02
  -1.4464790e-02
  -1.3642860e-02
  -1.2606200e-02
  -1.1579170e-02
  -1.0764150e-02
  -1.0257210e-02
  -9.9957420e-03
  -9.7853240e-03
  -9.3571390e-03
  -8.4051820e-03
  -6.6516690e-03
  -3.9946140e-03
  -6.5034350e-04
   2.8831770e-03
   6.0221740e-03
   8.3091040e-03
   9.5454590e-03
   9.7633320e-03
   9.0714260e-03
   7.5777280e-03
   5.4703030e-03
   3.0564540e-03
   6.7827440e-04
  -1.4523060e-03
  -3.2535060e-03
  -4.6710810e-03
  -5.6657310e-03
  -6.2385040e-03
  -6.4094880e-03
  -6.2024900e-03
  -5.6535310e-03
  -4.8261940e-03
  -3.7825190e-03
  -2.5891200e-03
  -1.3520500e-03
  -1.9067330e-04
   8.2829180e-04
   1.7089270e-03
   2.4635560e-03
   3.0889500e-03
   3.6237830e-03
   4.1565380e-03
   4.7605930e-03
   5.4548940e-03
   6.1980660e-03
   6.8295540e-03
   7.0541120e-03
   6.5411200e-03
   5.0972380e-03
   2.7654390e-03
  -1.7740860e-04
  -3.3645410e-03
  -6.4406420e-03
  -9.0842780e-03
  -1.1052040e-02
  -1.2239800e-02
  -1.2707270e-02
  -1.2638630e-02
  -1.2271140e-02
  -1.1848030e-02
  -1.1523480e-02
  -1.1300880e-02
  -1.1066340e-02
  -1.0655470e-02
  -9.8882370e-03
  -8.6428200e-03
  -6.9122470e-03
  -4.8155440e-03
  -2.5312290e-03
  -2.2228520e-04
   2.0154410e-03
   4.1565670e-03
   6.2494720e-03
   8.3399700e-03
   1.0376370e-02
   1.2222150e-02
   1.3673860e-02
   1.4473830e-02
   1.4360510e-02
   1.3116750e-02
   1.0647000e-02
   7.0777420e-03
   2.7660710e-03
  -1.7471220e-03
  -5.8521320e-03
  -9.0192820e-03
  -1.0904060e-02
  -1.1378710e-02
  -1.0508710e-02
  -8.5270930e-03
  -5.7772180e-03
  -2.6672530e-03
   3.9849190e-04
   3.0912030e-03
   5.1530220e-03
   6.4296490e-03
   6.9294160e-03
   6.8299070e-03
   6.3779930e-03
   5.7252210e-03
   4.9121110e-03
   3.9411210e-03
   2.8290990e-03
   1.6903250e-03
   7.5686690e-04
   3.1180080e-04
   5.6348950e-04
   1.5602880e-03
   3.2029940e-03
   5.2947130e-03
   7.6107720e-03
   9.9498920e-03
   1.2147020e-02
   1.4114240e-02
   1.5831030e-02
   1.7244060e-02
   1.8208280e-02
   1.8544240e-02
   1.8050930e-02
   1.6502950e-02
   1.3753270e-02
   9.8329930e-03
   4.9973560e-03
  -3.7131950e-04
  -5.8410990e-03
  -1.0903510e-02
  -1.5014610e-02
  -1.7715730e-02
  -1.8752120e-02
  -1.8102380e-02
  -1.5929690e-02
  -1.2535290e-02
  -8.3217760e-03
  -3.7816590e-03
   5.3563660e-04
   4.1194680e-03
   6.5731990e-03
   7.6890570e-03
   7.4453290e-03
   6.0136550e-03
   3.8373470e-03
   1.5843250e-03
  -8.7555750e-05
  -7.8622320e-04
  -4.4081660e-04
   8.3111560e-04
   2.8410440e-03
   5.3145030e-03
   7.8268490e-03
   9.8977260e-03
   1.1180370e-02
   1.1592930e-02
   1.1319330e-02
   1.0694240e-02
   1.0020310e-02
   9.4237350e-03
   8.8497000e-03
   8.1583560e-03
   7.1244690e-03
   5.4815680e-03
   3.1311540e-03
   2.4399580e-04
  -2.8473050e-03
  -5.8140380e-03
  -8.4136810e-03
  -1.0496710e-02
  -1.1990440e-02
  -1.2905010e-02
  -1.3322090e-02
  -1.3368330e-02
  -1.3179380e-02
  -1.2829330e-02
  -1.2271740e-02
  -1.1352780e-02
  -9.8965640e-03
  -7.8503740e-03
  -5.3693160e-03
  -2.6690870e-03
   2.3052520e-05
   2.4126260e-03
   4.2039260e-03
   5.2108010e-03
   5.3628510e-03
   4.5963680e-03
   2.8896280e-03
   3.4394990e-04
  -2.8118500e-03
  -6.2548030e-03
  -9.6320330e-03
  -1.2641190e-02
  -1.5042420e-02
  -1.6630290e-02
  -1.7250880e-02
  -1.6888930e-02
  -1.5700790e-02
  -1.3951080e-02
  -1.1914240e-02
  -9.7711190e-03
  -7.6362370e-03
  -5.6076120e-03
  -3.7091110e-03
  -1.8764760e-03
  -4.4853440e-05
   1.8070550e-03
   3.6582400e-03
   5.4473630e-03
   7.0726290e-03
   8.3901740e-03
   9.2627450e-03
   9.5912950e-03
   9.3279930e-03
   8.4812000e-03
   7.1012720e-03
   5.2970140e-03
   3.2842320e-03
   1.3280380e-03
  -4.3303590e-04
  -2.0189700e-03
  -3.5402660e-03
  -5.0819380e-03
  -6.6545550e-03
  -8.2298260e-03
  -9.7609230e-03
  -1.1172160e-02
  -1.2315010e-02
  -1.2948690e-02
  -1.2781260e-02
  -1.1641020e-02
  -9.5838760e-03
  -6.8381370e-03
  -3.7267900e-03
  -5.6908490e-04
   2.4147980e-03
   5.0905340e-03
   7.3453390e-03
   9.1005840e-03
   1.0342060e-02
   1.1137470e-02
   1.1550900e-02
   1.1534110e-02
   1.0993440e-02
   9.9105390e-03
   8.3649790e-03
   6.5279230e-03
   4.6521780e-03
   3.0365030e-03
   1.9339280e-03
   1.4209160e-03
   1.3563430e-03
   1.4762120e-03
   1.5102830e-03
   1.2427120e-03
   5.2949480e-04
  -6.8838710e-04
  -2.3328200e-03
  -4.1651370e-03
  -5.8380020e-03
  -6.9858570e-03
  -7.3511840e-03
  -6.8822380e-03
  -5.6989740e-03
  -3.9818000e-03
  -1.8966120e-03
   4.3793930e-04
   2.9290430e-03
   5.4790700e-03
   7.9807620e-03
   1.0342720e-02
   1.2542940e-02
   1.4623430e-02
   1.6604030e-02
   1.8389570e-02
   1.9744690e-02
   2.0343870e-02
   1.9881380e-02
   1.8184190e-02
   1.5270700e-02
   1.1328800e-02
   6.6551440e-03
   1.6032950e-03
  -3.4400330e-03
  -8.0987060e-03
  -1.2091060e-02
  -1.5258140e-02
  -1.7515660e-02
  -1.8834190e-02
  -1.9277520e-02
  -1.9021960e-02
  -1.8331700e-02
  -1.7453830e-02
  -1.6486760e-02
  -1.5316220e-02
  -1.3706060e-02
  -1.1500280e-02
  -8.7635360e-03
  -5.8331300e-03
  -3.2074700e-03
  -1.2632370e-03
  -9.9405480e-05
   4.2297190e-04
   5.5099100e-04
   5.5018300e-04
   6.9208180e-04
   1.2128650e-03
   2.2444550e-03
   3.7472850e-03
   5.5622890e-03
   7.5261660e-03
   9.5089250e-03
   1.1430810e-02
   1.3269170e-02
   1.5013230e-02
   1.6623860e-02
   1.7997750e-02
   1.8935570e-02
   1.9176570e-02
   1.8538100e-02
   1.7005230e-02
   1.4632980e-02
   1.1466940e-02
   7.6388960e-03
   3.4732650e-03
  -5.9967330e-04
  -4.1790040e-03
  -6.9913570e-03
  -8.8707360e-03
  -9.7078580e-03
  -9.5287700e-03
  -8.5425940e-03
  -7.0895750e-03
  -5.5489930e-03
  -4.2539240e-03
  -3.4133290e-03
  -3.0542820e-03
  -3.0389390e-03
  -3.1789180e-03
  -3.3092800e-03
  -3.3071760e-03
  -3.1531620e-03
  -2.9481110e-03
  -2.8463420e-03
  -2.9303220e-03
  -3.2103880e-03
  -3.6736520e-03
  -4.3214020e-03
  -5.1236590e-03
  -5.9790170e-03
  -6.7178830e-03
  -7.1515000e-03
  -7.1400750e-03
  -6.5904760e-03
  -5.4674840e-03
  -3.8210520e-03
  -1.7924590e-03
   3.6822560e-04
   2.3433010e-03
   3.9109390e-03
   5.0331380e-03
   5.7151330e-03
   5.8859260e-03
   5.4664550e-03
   4.4759120e-03
   2.9907990e-03
   1.0740990e-03
  -1.2108580e-03
  -3.7395960e-03
  -6.3080810e-03
  -8.6703430e-03
  -1.0608020e-02
  -1.1963470e-02
  -1.2627460e-02
  -1.2508910e-02
  -1.1528950e-02
  -9.6398810e-03
  -6.8770240e-03
  -3.4502470e-03
   1.9394260e-04
   3.4893000e-03
   5.9174820e-03
   7.1713150e-03
   7.2860060e-03
   6.6080840e-03
   5.5531780e-03
   4.4333530e-03
   3.4458210e-03
   2.6966970e-03
   2.2221820e-03
   2.0078620e-03
   1.9977800e-03
   2.1136410e-03
   2.2872410e-03
   2.5020430e-03
   2.7482370e-03
   2.9446400e-03
   2.9620040e-03
   2.7018080e-03
   2.1746060e-03
   1.5046460e-03
   8.3013240e-04
   1.8202700e-04
  -5.0201400e-04
  -1.2695550e-03
  -2.0867250e-03
  -2.8821290e-03
  -3.5694660e-03
  -4.0290140e-03
  -4.1397270e-03
  -3.8407110e-03
  -3.1132710e-03
  -1.9671770e-03
  -4.8008340e-04
   1.1820550e-03
   2.7923660e-03
   4.1565730e-03
   5.1878360e-03
   5.9093760e-03
   6.4247790e-03
   6.8299790e-03
   7.0868980e-03
   7.0468060e-03
   6.6040820e-03
   5.7665340e-03
   4.6449650e-03
   3.4509990e-03
   2.4590990e-03
   1.9236790e-03
   1.9981690e-03
   2.7106910e-03
   3.9940050e-03
   5.7045950e-03
   7.6260950e-03
   9.4792040e-03
   1.0957930e-02
   1.1763830e-02
   1.1660130e-02
   1.0525080e-02
   8.3916840e-03
   5.4721170e-03
   2.0943790e-03
  -1.4015790e-03
  -4.6456220e-03
  -7.2387410e-03
  -8.9013820e-03
  -9.5965700e-03
  -9.5258150e-03
  -9.0229880e-03
  -8.3968550e-03
  -7.8423030e-03
  -7.4434950e-03
  -7.2435730e-03
  -7.2689490e-03
  -7.5194330e-03
  -7.9532640e-03
  -8.4810680e-03
  -9.0096560e-03
  -9.4413520e-03
  -9.6817420e-03
  -9.6655800e-03
  -9.3892710e-03
  -8.9146710e-03
  -8.3053300e-03
  -7.5819130e-03
  -6.6894800e-03
  -5.5640860e-03
  -4.1790300e-03
  -2.5292240e-03
  -6.4965750e-04
   1.3843770e-03
   3.4491290e-03
   5.3984040e-03
   7.1274650e-03
   8.5883330e-03
   9.7716030e-03
   1.0679490e-02
   1.1299270e-02
   1.1597530e-02
   1.1531890e-02
   1.1053810e-02
   1.0091580e-02
   8.5440390e-03
   6.3777760e-03
   3.7413100e-03
   9.6750400e-04
  -1.5387990e-03
  -3.4365530e-03
  -4.5144890e-03
  -4.7179600e-03
  -4.1012480e-03
  -2.8355220e-03
  -1.2322460e-03
   3.3763060e-04
   1.5533190e-03
   2.2466400e-03
   2.4473020e-03
   2.3441590e-03
   2.2123250e-03
   2.2999370e-03
   2.7643180e-03
   3.6282680e-03
   4.7983980e-03
   6.1517200e-03
   7.6135260e-03
   9.1051710e-03
   1.0466170e-02
   1.1442420e-02
   1.1750350e-02
   1.1174060e-02
   9.6126030e-03
   7.1607660e-03
   4.0915990e-03
   7.0236320e-04
  -2.8006860e-03
  -6.2881390e-03
  -9.6348990e-03
  -1.2683480e-02
  -1.5255050e-02
  -1.7106120e-02
  -1.7992280e-02
  -1.7851830e-02
  -1.6882650e-02
  -1.5380780e-02
  -1.3558450e-02
  -1.1546360e-02
  -9.4789840e-03
  -7.5138960e-03
  -5.7438730e-03
  -4.1946660e-03
  -2.8530430e-03
  -1.6053810e-03
  -2.4233290e-04
   1.4311800e-03
   3.4573380e-03
   5.6833580e-03
   7.8554940e-03
   9.7362610e-03
   1.1140190e-02
   1.1966950e-02
   1.2207010e-02
   1.1924560e-02
   1.1252340e-02
   1.0333490e-02
   9.2721050e-03
   8.1010890e-03
   6.7600780e-03
   5.1323310e-03
   3.1574650e-03
   8.7130200e-04
  -1.6110310e-03
  -4.1142030e-03
  -6.4616550e-03
  -8.5110170e-03
  -1.0149420e-02
  -1.1242460e-02
  -1.1618530e-02
  -1.1131170e-02
  -9.7765130e-03
  -7.6724400e-03
  -4.9288660e-03
  -1.6854820e-03
   1.7828900e-03
   5.0951850e-03
   7.8907580e-03
   9.9100200e-03
   1.1004620e-02
   1.1138240e-02
   1.0384150e-02
   8.8833680e-03
   6.7620900e-03
   4.0941840e-03
   9.3830520e-04
  -2.5859430e-03
  -6.2295790e-03
  -9.6292120e-03
  -1.2381870e-02
  -1.4132460e-02
  -1.4693330e-02
  -1.4136690e-02
  -1.2687940e-02
  -1.0638170e-02
  -8.3378980e-03
  -6.1293810e-03
  -4.2512020e-03
  -2.8080200e-03
  -1.7557070e-03
  -9.1039550e-04
  -8.7879330e-05
   7.3065200e-04
   1.4198060e-03
   1.8615500e-03
   2.0426100e-03
   2.0409720e-03
   1.9037180e-03
   1.6069790e-03
   1.1519190e-03
   5.7312920e-04
  -1.0082570e-04
  -8.5710130e-04
  -1.6561400e-03
  -2.4407550e-03
  -3.2037710e-03
  -3.9663720e-03
  -4.7002370e-03
  -5.3463610e-03
  -5.8948970e-03
  -6.3810070e-03
  -6.8547390e-03
  -7.3476380e-03
  -7.8189880e-03
  -8.1576520e-03
  -8.2392860e-03
  -7.9618860e-03
  -7.2714420e-03
  -6.1326200e-03
  -4.5565240e-03
  -2.6980910e-03
  -7.5808220e-04
   1.1295660e-03
   2.9256060e-03
   4.6423180e-03
   6.2717960e-03
   7.7649000e-03
   9.0410740e-03
   9.9805020e-03
   1.0424830e-02
   1.0237880e-02
   9.3309780e-03
   7.6629090e-03
   5.2863040e-03
   2.3741460e-03
  -7.8599280e-04
  -3.9223510e-03
  -6.8798790e-03
  -9.5456080e-03
  -1.1831960e-02
  -1.3703080e-02
  -1.5132880e-02
  -1.6053710e-02
  -1.6330770e-02
  -1.5826290e-02
  -1.4430110e-02
  -1.2086330e-02
  -8.8584650e-03
  -5.0011050e-03
  -9.4722750e-04
   2.8691270e-03
   6.1686780e-03
   8.8222110e-03
   1.0796540e-02
   1.2123500e-02
   1.2863620e-02
   1.3082500e-02
   1.2808540e-02
   1.2004040e-02
   1.0648300e-02
   8.8364810e-03
   6.7865240e-03
   4.7212020e-03
   2.7617280e-03
   9.2745450e-04
  -8.2703860e-04
  -2.4992890e-03
  -4.0081850e-03
  -5.2542840e-03
  -6.1812580e-03
  -6.7860590e-03
  -7.0456710e-03
  -6.9140860e-03
  -6.3868750e-03
  -5.5152140e-03
  -4.4078790e-03
  -3.1810490e-03
  -1.9360280e-03
  -7.7238930e-04
   2.2111510e-04
   9.4790630e-04
   1.3046790e-03
   1.2108180e-03
   6.7054270e-04
  -1.9814900e-04
  -1.2171110e-03
  -2.1849840e-03
  -2.9112800e-03
  -3.2636450e-03
  -3.1862050e-03
  -2.7008290e-03
  -1.8938620e-03
  -8.7508770e-04
   2.5298630e-04
   1.4176100e-03
   2.6412290e-03
   3.9710510e-03
   5.3269250e-03
   6.4762670e-03
   7.1700340e-03
   7.2376660e-03
   6.6224440e-03
   5.3822310e-03
   3.6552810e-03
   1.6083710e-03
  -5.8043190e-04
  -2.7029890e-03
  -4.5234500e-03
  -5.8127970e-03
  -6.4730540e-03
  -6.5227920e-03
  -6.0209610e-03
  -5.0572390e-03
  -3.7570790e-03
  -2.2324640e-03
  -5.7256760e-04
   1.0996350e-03
   2.6462850e-03
   3.9415050e-03
   4.8899230e-03
   5.4191400e-03
   5.4932700e-03
   5.1503940e-03
   4.5169920e-03
   3.7418220e-03
   2.9198370e-03
   2.1090310e-03
   1.3534410e-03
   6.4667150e-04
  -8.4757440e-05
  -9.2147970e-04
  -1.8739360e-03
  -2.8394370e-03
  -3.6121710e-03
  -3.9332820e-03
  -3.6214450e-03
  -2.6485050e-03
  -1.1009090e-03
   8.6821670e-04
   3.0586440e-03
   5.2343520e-03
   7.1967780e-03
   8.8860550e-03
   1.0373020e-02
   1.1737460e-02
   1.2965890e-02
   1.3993910e-02
   1.4780770e-02
   1.5321080e-02
   1.5601260e-02
   1.5594160e-02
   1.5270810e-02
   1.4581250e-02
   1.3441340e-02
   1.1766490e-02
   9.5559810e-03
   6.9398040e-03
   4.1270740e-03
   1.3335240e-03
  -1.2408180e-03
  -3.3777390e-03
  -4.8269930e-03
  -5.3583960e-03
  -4.8093490e-03
  -3.2243830e-03
  -9.0967830e-04
   1.6882930e-03
   4.1286280e-03
   6.0681900e-03
   7.3038970e-03
   7.7613300e-03
   7.5014330e-03
   6.7158930e-03
   5.6713410e-03
   4.6198250e-03
   3.7270380e-03
   3.0449090e-03
   2.5109510e-03
   1.9707760e-03
   1.2500440e-03
   2.3059190e-04
  -1.1447300e-03
  -2.9401360e-03
  -5.1158990e-03
  -7.4703550e-03
  -9.7879270e-03
  -1.1903060e-02
  -1.3643210e-02
  -1.4857350e-02
  -1.5469570e-02
  -1.5450340e-02
  -1.4781440e-02
  -1.3467220e-02
  -1.1551300e-02
  -9.1263600e-03
  -6.3457670e-03
  -3.4190380e-03
  -5.9250270e-04
   1.9035430e-03
   3.9109060e-03
   5.3475210e-03
   6.1977980e-03
   6.5215460e-03
   6.4584860e-03
   6.1263510e-03
   5.5370810e-03
   4.6727010e-03
   3.5870280e-03
   2.3538990e-03
   9.8998650e-04
  -5.3135590e-04
  -2.2389580e-03
  -4.1335420e-03
  -6.1646430e-03
  -8.2023010e-03
  -1.0043540e-02
  -1.1470510e-02
  -1.2311500e-02
  -1.2469900e-02
  -1.1939070e-02
  -1.0789520e-02
  -9.1603790e-03
  -7.2247380e-03
  -5.1598920e-03
  -3.1457640e-03
  -1.3572480e-03
   1.2092630e-04
   1.3538220e-03
   2.4408160e-03
   3.4337240e-03
   4.3308610e-03
   5.1259350e-03
   5.8141820e-03
   6.3531860e-03
   6.6934950e-03
   6.7878330e-03
   6.6126970e-03
   6.2115340e-03
   5.6829880e-03
   5.1573150e-03
   4.7377680e-03
   4.4405270e-03
   4.2238170e-03
   4.0433650e-03
   3.8700500e-03
   3.6818300e-03
   3.4703830e-03
   3.2287980e-03
   2.9105180e-03
   2.4769340e-03
   1.9874830e-03
   1.5473080e-03
   1.1835190e-03
   8.5938610e-04
   5.3443750e-04
   2.0241330e-04
  -1.2742820e-04
  -4.4887150e-04
  -7.2367010e-04
  -8.7639160e-04
  -8.3876730e-04
  -5.7025650e-04
  -4.2519710e-05
   7.4296550e-04
   1.7392690e-03
   2.8828990e-03
   4.1340350e-03
   5.4817280e-03
   6.9284690e-03
   8.4246130e-03
   9.8730020e-03
   1.1184330e-02
   1.2265510e-02
   1.2956560e-02
   1.3048230e-02
   1.2390940e-02
   1.1009410e-02
   9.1101490e-03
   7.0020570e-03
   4.9777210e-03
   3.2426020e-03
   1.9241340e-03
   1.0719370e-03
   6.8018330e-04
   6.5333030e-04
   8.2461850e-04
   1.0390050e-03
   1.2417800e-03
   1.4698860e-03
   1.7747600e-03
   2.1848190e-03
   2.7119820e-03
   3.3158970e-03
   3.9465780e-03
   4.6178540e-03
   5.3787680e-03
   6.2516530e-03
   7.1829890e-03
   8.0418390e-03
   8.6792190e-03
   9.0004170e-03
   8.9869420e-03
   8.6832190e-03
   8.1805210e-03
   7.5538080e-03
   6.8386780e-03
   6.1007850e-03
   5.4398880e-03
   4.9228730e-03
   4.5609290e-03
   4.3300620e-03
   4.1974750e-03
   4.1281570e-03
   4.0939960e-03
   4.0952850e-03
   4.1891080e-03
   4.4474200e-03
   4.8840570e-03
   5.4314870e-03
   5.9615620e-03
   6.3380330e-03
   6.4479640e-03
   6.2005040e-03
   5.5566270e-03
   4.5457190e-03
   3.2359520e-03
   1.7384810e-03
   1.9035970e-04
  -1.3349850e-03
  -2.8453150e-03
  -4.3738460e-03
  -5.8659410e-03
  -7.1624330e-03
  -8.1359600e-03
  -8.7158190e-03
  -8.8569470e-03
  -8.5178670e-03
  -7.6897450e-03
  -6.4453920e-03
  -4.9150690e-03
  -3.2272450e-03
  -1.5111470e-03
   5.7340190e-05
   1.3268360e-03
   2.2495610e-03
   2.8998690e-03
   3.4484420e-03
   4.0466630e-03
   4.7275300e-03
   5.4411330e-03
   6.1237510e-03
   6.7174250e-03
   7.1720290e-03
   7.4449250e-03
   7.4698290e-03
   7.1860310e-03
   6.6064940e-03
   5.8395990e-03
   5.0370150e-03
   4.3581400e-03
   3.9195440e-03
   3.7401620e-03
   3.7683640e-03
   3.9842360e-03
   4.3541600e-03
   4.7410610e-03
   4.9718850e-03
   4.9430430e-03
   4.6129610e-03
   3.9694120e-03
   3.0431410e-03
   1.9253910e-03
   7.7499980e-04
  -2.1469420e-04
  -8.7762990e-04
  -1.1551540e-03
  -1.1139700e-03
  -8.9319790e-04
  -6.3745650e-04
  -4.4751030e-04
  -3.6399090e-04
  -3.8979820e-04
  -5.4614680e-04
  -7.3753130e-04
  -7.7624030e-04
  -5.7497780e-04
  -1.5489680e-04
   4.7066350e-04
   1.2800880e-03
   2.1789330e-03
   3.0600050e-03
   3.8744610e-03
   4.5841350e-03
   5.1317030e-03
   5.5035200e-03
   5.7150610e-03
   5.7656300e-03
   5.6537220e-03
   5.4060830e-03
   5.0837920e-03
   4.7457980e-03
   4.4053250e-03
   4.0332960e-03
   3.6060980e-03
   3.1121080e-03
   2.5282130e-03
   1.8281440e-03
   1.0341150e-03
   2.1870790e-04
  -5.3426420e-04
  -1.1295730e-03
  -1.4764760e-03
  -1.5712000e-03
  -1.4972770e-03
  -1.3545560e-03
  -1.2218800e-03
  -1.1518540e-03
  -1.1869200e-03
  -1.3484800e-03
  -1.6250960e-03
  -1.9541910e-03
  -2.2684460e-03
  -2.5433250e-03
  -2.7633940e-03
  -2.9270520e-03
  -3.0666820e-03
  -3.2092480e-03
  -3.3442560e-03
  -3.4732340e-03
  -3.5869140e-03
  -3.6472330e-03
  -3.6209540e-03
  -3.4736590e-03
  -3.1977760e-03
  -2.8260450e-03
  -2.3622390e-03
  -1.7902560e-03
  -1.1466400e-03
  -5.0375990e-04
   5.9274950e-05
   5.0076150e-04
   8.5161360e-04
   1.2092480e-03
   1.7002780e-03
   2.3596900e-03
   3.0724250e-03
   3.6606080e-03
   4.0237970e-03
   4.1206450e-03
   3.8703310e-03
   3.2315320e-03
   2.2114820e-03
   8.1202050e-04
  -9.3321760e-04
  -2.9321760e-03
  -5.0512520e-03
  -7.1236910e-03
  -8.9920440e-03
  -1.0504300e-02
  -1.1482270e-02
  -1.1744870e-02
  -1.1182110e-02
  -9.8435990e-03
  -7.9427720e-03
  -5.7818540e-03
  -3.6876970e-03
  -1.8835630e-03
  -4.1751260e-04
   7.5729880e-04
   1.6958900e-03
   2.3988960e-03
   2.8285470e-03
   2.9378280e-03
   2.7011010e-03
   2.1517440e-03
   1.3636330e-03
   4.2446960e-04
  -5.9125930e-04
  -1.6212970e-03
  -2.5908420e-03
  -3.4078070e-03
  -4.0081530e-03
  -4.3943330e-03
  -4.6075210e-03
  -4.6942730e-03
  -4.7037420e-03
  -4.6863300e-03
  -4.6915570e-03
  -4.8000820e-03
  -5.0966110e-03
  -5.6021870e-03
  -6.2371230e-03
  -6.8564200e-03
  -7.3161600e-03
  -7.5083950e-03
  -7.4052850e-03
  -7.0564920e-03
  -6.5284670e-03
  -5.8962790e-03
  -5.2586340e-03
  -4.7203820e-03
  -4.3527160e-03
  -4.1644260e-03
  -4.0778280e-03
  -3.9698290e-03
  -3.7105740e-03
  -3.2009600e-03
  -2.3980260e-03
  -1.3340230e-03
  -1.0873560e-04
   1.1598060e-03
   2.3484810e-03
   3.3497500e-03
   4.0981270e-03
   4.5514650e-03
   4.6789810e-03
   4.4690370e-03
   3.9518290e-03
   3.2205790e-03
   2.3833460e-03
   1.5088120e-03
   5.7379090e-04
  -4.7360190e-04
  -1.6314870e-03
  -2.8220030e-03
  -3.9534060e-03
  -4.9579790e-03
  -5.7951570e-03
  -6.4407980e-03
  -6.8883000e-03
  -7.1460010e-03
  -7.2677020e-03
  -7.3726090e-03
  -7.5705520e-03
  -7.8903730e-03
  -8.2570880e-03
  -8.5214560e-03
  -8.5209770e-03
  -8.1364980e-03
  -7.3230290e-03
  -6.1479390e-03
  -4.8036030e-03
  -3.5484460e-03
  -2.5893120e-03
  -2.0494960e-03
  -1.9977980e-03
  -2.4165610e-03
  -3.1745100e-03
  -4.1174200e-03
  -5.1453960e-03
  -6.1879750e-03
  -7.1192810e-03
  -7.7802720e-03
  -8.0670080e-03
  -7.9802610e-03
  -7.5975030e-03
  -6.9969350e-03
  -6.2501320e-03
  -5.4083690e-03
  -4.4784490e-03
  -3.4874690e-03
  -2.5717980e-03
  -1.9149430e-03
  -1.5791030e-03
  -1.4790100e-03
  -1.5209820e-03
  -1.6410550e-03
  -1.7643830e-03
  -1.7831050e-03
  -1.5636230e-03
  -9.9080310e-04
  -3.9747910e-05
   1.2023930e-03
   2.5876590e-03
   3.9738730e-03
   5.2425200e-03
   6.2839980e-03
   7.0434940e-03
   7.5428490e-03
   7.8465670e-03
   8.0212670e-03
   8.0829510e-03
   7.9732800e-03
   7.6904430e-03
   7.3105490e-03
   6.8757940e-03
   6.3918940e-03
   5.8565050e-03
   5.2350050e-03
   4.4858700e-03
   3.6404750e-03
   2.8195450e-03
   2.1476980e-03
   1.6927930e-03
   1.4447750e-03
   1.3325230e-03
   1.3004760e-03
   1.3088600e-03
   1.3360200e-03
   1.3703250e-03
   1.3665330e-03
   1.2633990e-03
   1.0495180e-03
   8.1136060e-04
   7.0207030e-04
   8.4686480e-04
   1.2929420e-03
   2.0017000e-03
   2.8579950e-03
   3.6806960e-03
   4.3042040e-03
   4.6383550e-03
   4.6453800e-03
   4.3077660e-03
   3.6319200e-03
   2.6602760e-03
   1.4862800e-03
   2.1295170e-04
  -1.0788010e-03
  -2.3344140e-03
  -3.5058590e-03
  -4.5490240e-03
  -5.3955120e-03
  -5.9341930e-03
  -6.0605560e-03
  -5.7325240e-03
  -4.9825060e-03
  -3.9331560e-03
  -2.8036960e-03
  -1.8509360e-03
  -1.2570750e-03
  -1.0661390e-03
  -1.2173430e-03
  -1.5632580e-03
  -1.9106390e-03
  -2.1202550e-03
  -2.1610450e-03
  -2.0846930e-03
  -1.9876240e-03
  -1.9937640e-03
  -2.2313390e-03
  -2.8090790e-03
  -3.7653360e-03
  -5.0155650e-03
  -6.4207790e-03
  -7.8675820e-03
  -9.2034350e-03
  -1.0244080e-02
  -1.0929290e-02
  -1.1326700e-02
  -1.1500240e-02
  -1.1469920e-02
  -1.1246490e-02
  -1.0846040e-02
  -1.0291990e-02
  -9.6468990e-03
  -9.0302150e-03
  -8.5570920e-03
  -8.2933750e-03
  -8.2681740e-03
  -8.4639850e-03
  -8.8262860e-03
  -9.2724050e-03
  -9.6646150e-03
  -9.8593440e-03
  -9.7861100e-03
  -9.4620270e-03
  -8.9451160e-03
  -8.2759020e-03
  -7.4979910e-03
  -6.6968310e-03
  -5.9316520e-03
  -5.2243090e-03
  -4.5960220e-03
  -4.0729510e-03
  -3.6393640e-03
  -3.2598980e-03
  -2.9436600e-03
  -2.7044920e-03
  -2.5052390e-03
  -2.2925980e-03
  -2.0472870e-03
  -1.7358680e-03
  -1.3095550e-03
  -7.3453300e-04
  -8.6448610e-06
   8.6273970e-04
   1.8992630e-03
   3.1109420e-03
   4.4480580e-03
   5.8293690e-03
   7.2279170e-03
   8.6721270e-03
   1.0168990e-02
   1.1705730e-02
   1.3260520e-02
   1.4797080e-02
   1.6242100e-02
   1.7492820e-02
   1.8420350e-02
   1.8857360e-02
   1.8678340e-02
   1.7864460e-02
   1.6494710e-02
   1.4659080e-02
   1.2386370e-02
   9.6989810e-03
   6.7015580e-03
   3.5591070e-03
   4.3469390e-04
  -2.5011420e-03
  -5.0692790e-03
  -7.1272160e-03
  -8.5639880e-03
  -9.2732110e-03
  -9.1886370e-03
  -8.3389850e-03
  -6.8079030e-03
  -4.6833480e-03
  -2.0938360e-03
   7.6735080e-04
   3.7092660e-03
   6.5943470e-03
   9.3427520e-03
   1.1858100e-02
   1.3943230e-02
   1.5353930e-02
   1.5927210e-02
   1.5604440e-02
   1.4405600e-02
   1.2413240e-02
   9.7819310e-03
   6.7200450e-03
   3.4362270e-03
   1.4407760e-04
  -2.9170650e-03
  -5.5234860e-03
  -7.5326870e-03
  -8.9474780e-03
  -9.9282140e-03
  -1.0690160e-02
  -1.1385060e-02
  -1.2047590e-02
  -1.2594390e-02
  -1.2892580e-02
  -1.2818750e-02
  -1.2306750e-02
  -1.1388930e-02
  -1.0163010e-02
  -8.7418150e-03
  -7.2475800e-03
  -5.8103400e-03
  -4.5299250e-03
  -3.4547230e-03
  -2.6026140e-03
  -1.9748580e-03
  -1.5520400e-03
  -1.3199100e-03
  -1.2642410e-03
  -1.3587750e-03
  -1.5921380e-03
  -2.0033880e-03
  -2.6299470e-03
  -3.3779300e-03
  -4.0958350e-03
  -4.7037580e-03
  -5.1643960e-03
  -5.4465830e-03
  -5.5415130e-03
  -5.4530510e-03
  -5.1791610e-03
  -4.7163870e-03
  -4.0742900e-03
  -3.3029480e-03
  -2.4971090e-03
  -1.7643880e-03
  -1.1932250e-03
  -8.1809790e-04
  -6.0086470e-04
  -4.2123510e-04
  -1.1182630e-04
   4.4727460e-04
   1.2386560e-03
   2.2176100e-03
   3.3505870e-03
   4.4859500e-03
   5.3869650e-03
   5.8429660e-03
   5.7252590e-03
   5.0211580e-03
   3.8831470e-03
   2.5767680e-03
   1.2917620e-03
  -2.0004950e-06
  -1.4111040e-03
  -2.9275420e-03
  -4.4335250e-03
  -5.8330710e-03
  -7.0843460e-03
  -8.1714110e-03
  -9.0953550e-03
  -9.8554220e-03
  -1.0430160e-02
  -1.0745820e-02
  -1.0730450e-02
  -1.0389350e-02
  -9.8183240e-03
  -9.1663520e-03
  -8.5349710e-03
  -7.9482020e-03
  -7.3739410e-03
  -6.7927700e-03
  -6.2183240e-03
  -5.6427650e-03
  -5.0026830e-03
  -4.1931780e-03
  -3.1296320e-03
  -1.8047820e-03
  -2.8375550e-04
   1.3343340e-03
   2.8889780e-03
   4.1809260e-03
   5.0455530e-03
   5.4190030e-03
   5.3091680e-03
   4.7457970e-03
   3.8041800e-03
   2.5659670e-03
   1.0263490e-03
  -8.1410490e-04
  -2.8238030e-03
  -4.7560930e-03
  -6.3355890e-03
  -7.3819390e-03
  -7.8938520e-03
  -8.0363990e-03
  -8.0102520e-03
  -7.9240270e-03
  -7.7951010e-03
  -7.5439730e-03
  -7.0413680e-03
  -6.2383820e-03
  -5.1777860e-03
  -3.9272040e-03
  -2.5932370e-03
  -1.3328740e-03
  -2.5589310e-04
   6.2264690e-04
   1.3146030e-03
   1.8296300e-03
   2.2010030e-03
   2.4683010e-03
   2.6887860e-03
   2.9439490e-03
   3.3192180e-03
   3.8680820e-03
   4.6010690e-03
   5.4855840e-03
   6.4593790e-03
   7.4730300e-03
   8.5100350e-03
   9.5891030e-03
   1.0745640e-02
   1.1995830e-02
   1.3281560e-02
   1.4442790e-02
   1.5311310e-02
   1.5791470e-02
   1.5837110e-02
   1.5405090e-02
   1.4510950e-02
   1.3273970e-02
   1.1857920e-02
   1.0394670e-02
   8.9620350e-03
   7.5852350e-03
   6.2050290e-03
   4.7267340e-03
   3.0869030e-03
   1.2690610e-03
  -6.9336140e-04
  -2.7080990e-03
  -4.6330760e-03
  -6.2991120e-03
  -7.5966230e-03
  -8.4556730e-03
  -8.8274660e-03
  -8.7228910e-03
  -8.1999090e-03
  -7.3516900e-03
  -6.2649930e-03
  -4.9978760e-03
  -3.5934100e-03
  -2.1195690e-03
  -6.6215230e-04
   6.9922310e-04
   1.9322060e-03
   3.0623200e-03
   4.1287350e-03
   5.1596950e-03
   6.1360880e-03
   6.9502710e-03
   7.4571800e-03
   7.5492970e-03
   7.1642720e-03
   6.2735600e-03
   4.9391880e-03
   3.3659720e-03
   1.8163550e-03
   4.7864410e-04
  -5.8609870e-04
  -1.3994610e-03
  -2.0067740e-03
  -2.4992750e-03
  -2.9973970e-03
  -3.5889550e-03
  -4.2725730e-03
  -4.9505630e-03
  -5.4767780e-03
  -5.7378590e-03
  -5.7137210e-03
  -5.4800860e-03
  -5.1628070e-03
  -4.8900100e-03
  -4.7907780e-03
  -5.0006960e-03
  -5.6055650e-03
  -6.5771280e-03
  -7.8016130e-03
  -9.0981940e-03
  -1.0254740e-02
  -1.1118570e-02
  -1.1640220e-02
  -1.1799830e-02
  -1.1551240e-02
  -1.0855350e-02
  -9.7034310e-03
  -8.1198520e-03
  -6.1618930e-03
  -3.9483900e-03
  -1.6360870e-03
   6.0142220e-04
   2.5755790e-03
   4.1684020e-03
   5.3772120e-03
   6.2499270e-03
   6.8559650e-03
   7.2831320e-03
   7.6031760e-03
   7.8383350e-03
   7.9913790e-03
   8.1323810e-03
   8.3849430e-03
   8.8200750e-03
   9.4156910e-03
   1.0067490e-02
   1.0578730e-02
   1.0734150e-02
   1.0433040e-02
   9.7424720e-03
   8.8158240e-03
   7.7464890e-03
   6.5841340e-03
   5.4314080e-03
   4.3777040e-03
   3.4050510e-03
   2.4448140e-03
   1.4531060e-03
   3.9604190e-04
  -7.3721060e-04
  -1.9059590e-03
  -3.0131840e-03
  -3.9468640e-03
  -4.6422800e-03
  -5.0682150e-03
  -5.2085460e-03
  -5.0921030e-03
  -4.8060960e-03
  -4.4768510e-03
  -4.2044120e-03
  -3.9824380e-03
  -3.7404150e-03
  -3.4568270e-03
  -3.1121770e-03
  -2.6624790e-03
  -2.1002160e-03
  -1.4336830e-03
  -5.8380270e-04
   5.9849470e-04
   2.2242350e-03
   4.3018670e-03
   6.7339800e-03
   9.3273640e-03
   1.1853200e-02
   1.4114870e-02
   1.5978140e-02
   1.7392240e-02
   1.8380820e-02
   1.9017740e-02
   1.9372830e-02
   1.9466550e-02
   1.9306290e-02
   1.8937920e-02
   1.8445930e-02
   1.7865280e-02
   1.7141780e-02
   1.6240420e-02
   1.5230250e-02
   1.4215920e-02
   1.3229140e-02
   1.2281490e-02
   1.1391840e-02
   1.0549460e-02
   9.7276950e-03
   8.8934160e-03
   8.0501470e-03
   7.2574360e-03
   6.5769800e-03
   6.0525810e-03
   5.7145110e-03
   5.5665750e-03
   5.5908910e-03
   5.7658500e-03
   6.0881800e-03
   6.5109300e-03
   6.8758560e-03
   7.0091300e-03
   6.8214840e-03
   6.3061330e-03
   5.4960350e-03
   4.4837030e-03
   3.4434080e-03
   2.5465020e-03
   1.8553170e-03
   1.2968860e-03
   7.3779470e-04
   1.4248660e-05
  -1.0784460e-03
  -2.7244190e-03
  -4.9735780e-03
  -7.7021970e-03
  -1.0679830e-02
  -1.3683720e-02
  -1.6529240e-02
  -1.9052200e-02
  -2.1103030e-02
  -2.2560250e-02
  -2.3355710e-02
  -2.3482590e-02
  -2.2977780e-02
  -2.1865580e-02
  -2.0174890e-02
  -1.7980650e-02
  -1.5428020e-02
  -1.2727800e-02
  -1.0070140e-02
  -7.5569100e-03
  -5.2640940e-03
  -3.2818260e-03
  -1.6313040e-03
  -2.4037350e-04
   9.9601060e-04
   2.1732280e-03
   3.3477530e-03
   4.4997330e-03
   5.5399130e-03
   6.3445760e-03
   6.8559070e-03
   7.1266300e-03
   7.2319590e-03
   7.1906650e-03
   6.9564260e-03
   6.4391280e-03
   5.5676110e-03
   4.3805500e-03
   2.9851860e-03
   1.4515200e-03
  -1.6558390e-04
  -1.7404530e-03
  -3.0723170e-03
  -3.9646110e-03
  -4.3110660e-03
  -4.1234690e-03
  -3.5016490e-03
  -2.5918890e-03
  -1.5617240e-03
  -5.4335390e-04
   4.0859670e-04
   1.2923880e-03
   2.1362680e-03
   2.9992110e-03
   3.9270660e-03
   4.8919620e-03
   5.7990810e-03
   6.5749580e-03
   7.2203450e-03
   7.8035700e-03
   8.4485130e-03
   9.3268030e-03
   1.0558730e-02
   1.2129710e-02
   1.3875020e-02
   1.5528170e-02
   1.6821500e-02
   1.7565180e-02
   1.7688000e-02
   1.7303270e-02
   1.6651530e-02
   1.5959390e-02
   1.5333730e-02
   1.4792430e-02
   1.4395760e-02
   1.4271840e-02
   1.4527940e-02
   1.5174480e-02
   1.6105940e-02
   1.7137700e-02
   1.8047810e-02
   1.8662640e-02
   1.8882710e-02
   1.8702560e-02
   1.8178510e-02
   1.7404040e-02
   1.6458480e-02
   1.5331230e-02
   1.3923530e-02
   1.2151500e-02
   1.0013770e-02
   7.5825670e-03
   5.0168710e-03
   2.5581010e-03
   4.5924050e-04
  -1.1178290e-03
  -2.1690670e-03
  -2.7729670e-03
  -2.9778300e-03
  -2.7940440e-03
  -2.2449050e-03
  -1.3801570e-03
  -2.8634050e-04
   9.0703180e-04
   2.0658850e-03
   3.0926460e-03
   3.9640150e-03
   4.7018070e-03
   5.2861410e-03
   5.6758770e-03
   5.8394560e-03
   5.7206390e-03
   5.2364840e-03
   4.3308030e-03
   3.0401290e-03
   1.5269350e-03
   2.3255850e-05
  -1.2900320e-03
  -2.3451410e-03
  -3.1071730e-03
  -3.5598520e-03
  -3.7643360e-03
  -3.8514300e-03
  -3.9723500e-03
  -4.2268270e-03
  -4.5844680e-03
  -4.8720270e-03
  -4.9532480e-03
  -4.8519180e-03
  -4.6514280e-03
  -4.3851310e-03
  -4.0488760e-03
  -3.6359580e-03
  -3.1583450e-03
  -2.6527060e-03
  -2.1630520e-03
  -1.7444490e-03
  -1.4472250e-03
  -1.3287360e-03
  -1.4634830e-03
  -1.8997760e-03
  -2.6524530e-03
  -3.7287770e-03
  -5.1220740e-03
  -6.7952570e-03
  -8.6757330e-03
  -1.0572590e-02
  -1.2292130e-02
  -1.3806580e-02
  -1.5203660e-02
  -1.6537230e-02
  -1.7833910e-02
  -1.9148750e-02
  -2.0517950e-02
  -2.1879330e-02
  -2.3097750e-02
  -2.4042250e-02
  -2.4627940e-02
  -2.4829840e-02
  -2.4663570e-02
  -2.4153340e-02
  -2.3326800e-02
  -2.2268760e-02
  -2.1131640e-02
  -2.0056720e-02
  -1.9127850e-02
  -1.8385110e-02
  -1.7866700e-02
  -1.7583430e-02
  -1.7473780e-02
  -1.7383800e-02
  -1.7123550e-02
  -1.6588860e-02
  -1.5744480e-02
  -1.4608550e-02
  -1.3228070e-02
  -1.1666210e-02
  -1.0014510e-02
  -8.3672130e-03
  -6.8401310e-03
  -5.5721710e-03
  -4.6723550e-03
  -4.2097380e-03
  -4.2040970e-03
  -4.5962710e-03
  -5.2402620e-03
  -5.9197300e-03
  -6.4360490e-03
  -6.6780890e-03
  -6.6092870e-03
  -6.2328470e-03
  -5.6250260e-03
  -4.9566140e-03
  -4.3689960e-03
  -3.8970880e-03
  -3.5157800e-03
  -3.2210250e-03
  -3.0219810e-03
  -2.8969230e-03
  -2.7441480e-03
  -2.3893310e-03
  -1.6647770e-03
  -5.0535070e-04
   1.0292270e-03
   2.8141450e-03
   4.7395100e-03
   6.7040210e-03
   8.5334350e-03
   1.0013050e-02
   1.0999180e-02
   1.1484530e-02
   1.1567940e-02
   1.1355970e-02
   1.0934920e-02
   1.0423500e-02
   9.9857770e-03
   9.7911120e-03
   9.9584560e-03
   1.0552470e-02
   1.1525750e-02
   1.2697590e-02
   1.3891340e-02
   1.4969030e-02
   1.5824570e-02
   1.6440510e-02
   1.6869320e-02
   1.7178170e-02
   1.7345220e-02
   1.7247720e-02
   1.6789420e-02
   1.5965130e-02
   1.4755830e-02
   1.3056520e-02
   1.0772030e-02
   7.9198240e-03
   4.6650020e-03
   1.2787260e-03
  -1.9381500e-03
  -4.7502160e-03
  -7.0635550e-03
  -8.8710350e-03
  -1.0173900e-02
  -1.0990440e-02
  -1.1394440e-02
  -1.1452840e-02
  -1.1132460e-02
  -1.0323360e-02
  -8.9905690e-03
  -7.3002630e-03
  -5.5111810e-03
  -3.7963880e-03
  -2.1902610e-03
  -6.7332750e-04
   7.5144560e-04
   2.0675790e-03
   3.2938230e-03
   4.4704900e-03
   5.6177010e-03
   6.6703100e-03
   7.4858360e-03
   7.9134440e-03
   7.8644220e-03
   7.3676760e-03
   6.5504490e-03
   5.5756860e-03
   4.6205380e-03
   3.8326340e-03
   3.2703430e-03
   2.8658020e-03
   2.4927040e-03
   2.0513070e-03
   1.4836620e-03
   7.5538630e-04
  -1.8377390e-04
  -1.3875870e-03
  -2.9103830e-03
  -4.7725430e-03
  -6.8799410e-03
  -9.0452000e-03
  -1.1067510e-02
  -1.2768740e-02
  -1.4033550e-02
  -1.4828690e-02
  -1.5187240e-02
  -1.5189630e-02
  -1.4915260e-02
  -1.4398660e-02
  -1.3671300e-02
  -1.2789460e-02
  -1.1816380e-02
  -1.0791300e-02
  -9.7279760e-03
  -8.6370890e-03
  -7.5414370e-03
  -6.4281970e-03
  -5.2473880e-03
  -3.9827730e-03
  -2.6544890e-03
  -1.3098230e-03
   5.3959870e-06
   1.2902000e-03
   2.5706520e-03
   3.8564490e-03
   5.0966470e-03
   6.2403180e-03
   7.2841990e-03
   8.2682640e-03
   9.1815860e-03
   9.8866540e-03
   1.0218340e-02
   1.0104690e-02
   9.5651040e-03
   8.6415230e-03
   7.3940500e-03
   5.9282820e-03
   4.3582530e-03
   2.7746390e-03
   1.2125240e-03
  -3.5414030e-04
  -1.9476160e-03
  -3.5611730e-03
  -5.1683570e-03
  -6.7056800e-03
  -8.0505840e-03
  -9.0785170e-03
  -9.6842770e-03
  -9.7931090e-03
  -9.4600330e-03
  -8.8816040e-03
  -8.2829350e-03
  -7.8187540e-03
  -7.5720540e-03
  -7.5874240e-03
  -7.8630770e-03
  -8.3380260e-03
  -8.9086240e-03
  -9.4479920e-03
  -9.8537920e-03
  -1.0085520e-02
  -1.0180650e-02
  -1.0218100e-02
  -1.0265290e-02
  -1.0376810e-02
  -1.0594510e-02
  -1.0958330e-02
  -1.1527390e-02
  -1.2253330e-02
  -1.2954170e-02
  -1.3504730e-02
  -1.3892550e-02
  -1.4118160e-02
  -1.4173710e-02
  -1.4083870e-02
  -1.3893570e-02
  -1.3637350e-02
  -1.3402160e-02
  -1.3328430e-02
  -1.3546800e-02
  -1.4132130e-02
  -1.5058010e-02
  -1.6243270e-02
  -1.7583730e-02
  -1.8933210e-02
  -2.0130980e-02
  -2.1045920e-02
  -2.1611750e-02
  -2.1819600e-02
  -2.1747610e-02
  -2.1537260e-02
  -2.1309540e-02
  -2.1124790e-02
  -2.1011650e-02
  -2.0994610e-02
  -2.1068040e-02
  -2.1168080e-02
  -2.1211670e-02
  -2.1157230e-02
  -2.0999000e-02
  -2.0740100e-02
  -2.0375530e-02
  -1.9895860e-02
  -1.9314420e-02
  -1.8678060e-02
  -1.7999990e-02
  -1.7253440e-02
  -1.6400040e-02
  -1.5381370e-02
  -1.4146110e-02
  -1.2690570e-02
  -1.1058960e-02
  -9.3041110e-03
  -7.4638850e-03
  -5.5623140e-03
  -3.6014290e-03
  -1.6050010e-03
   3.7886820e-04
   2.3025380e-03
   4.1215380e-03
   5.8060940e-03
   7.3198190e-03
   8.5747600e-03
   9.4587710e-03
   9.9061260e-03
   9.9482750e-03
   9.6922470e-03
   9.2947740e-03
   8.9395190e-03
   8.7847390e-03
   8.9150950e-03
   9.3534690e-03
   1.0107350e-02
   1.1191500e-02
   1.2597120e-02
   1.4290990e-02
   1.6237500e-02
   1.8387360e-02
   2.0635180e-02
   2.2812590e-02
   2.4798560e-02
   2.6552160e-02
   2.8041050e-02
   2.9236180e-02
   3.0140970e-02
   3.0742260e-02
   3.0991870e-02
   3.0853810e-02
   3.0390590e-02
   2.9742920e-02
   2.9017550e-02
   2.8226800e-02
   2.7362450e-02
   2.6432260e-02
   2.5431180e-02
   2.4318720e-02
   2.3049010e-02
   2.1613370e-02
   2.0055460e-02
   1.8434340e-02
   1.6773030e-02
   1.5050730e-02
   1.3215570e-02
   1.1251180e-02
   9.2291160e-03
   7.2644400e-03
   5.4656200e-03
   3.9106440e-03
   2.6178000e-03
   1.5066520e-03
   4.3375790e-04
  -6.4591310e-04
  -1.6126580e-03
  -2.2990350e-03
  -2.5982810e-03
  -2.4400220e-03
  -1.7654680e-03
  -5.7885510e-04
   1.0784200e-03
   3.1609400e-03
   5.6065360e-03
   8.3570450e-03
   1.1374490e-02
   1.4598910e-02
   1.7919580e-02
   2.1207570e-02
   2.4376730e-02
   2.7410000e-02
   3.0354540e-02
   3.3285300e-02
   3.6253290e-02
   3.9280590e-02
   4.2337500e-02
   4.5328650e-02
   4.8067520e-02
   5.0291300e-02
   5.1761840e-02
   5.2342820e-02
   5.2013220e-02
   5.0843760e-02
   4.8971210e-02
   4.6569530e-02
   4.3840960e-02
   4.0948460e-02
   3.7964490e-02
   3.4881220e-02
   3.1654950e-02
   2.8274440e-02
   2.4794450e-02
   2.1251200e-02
   1.7611820e-02
   1.3874780e-02
   1.0154280e-02
   6.6235740e-03
   3.4086980e-03
   5.5271840e-04
  -1.9242120e-03
  -4.0341590e-03
  -5.8139780e-03
  -7.3147460e-03
  -8.5452420e-03
  -9.4560320e-03
  -1.0009740e-02
  -1.0290930e-02
  -1.0524000e-02
  -1.0904170e-02
  -1.1396080e-02
  -1.1699640e-02
  -1.1417710e-02
  -1.0325040e-02
  -8.5491420e-03
  -6.5293690e-03
  -4.7993650e-03
  -3.7559580e-03
  -3.5337400e-03
  -4.0091170e-03
  -4.9278890e-03
  -6.0602950e-03
  -7.3199070e-03
  -8.7690340e-03
  -1.0470260e-02
  -1.2345810e-02
  -1.4192050e-02
  -1.5756600e-02
  -1.6760260e-02
  -1.6915520e-02
  -1.6052250e-02
  -1.4211350e-02
  -1.1585220e-02
  -8.5089570e-03
  -5.4460880e-03
  -2.7652710e-03
  -4.9407930e-04
   1.6415600e-03
   3.9762780e-03
   6.6639520e-03
   9.5744010e-03
   1.2371200e-02
   1.4720440e-02
   1.6516310e-02
   1.7894520e-02
   1.9073630e-02
   2.0177400e-02
   2.1192490e-02
   2.2066350e-02
   2.2797460e-02
   2.3380800e-02
   2.3745400e-02
   2.3898520e-02
   2.3939610e-02
   2.3910530e-02
   2.3749240e-02
   2.3332600e-02
   2.2499460e-02
   2.1083030e-02
   1.9062590e-02
   1.6599710e-02
   1.3912200e-02
   1.1144070e-02
   8.3581040e-03
   5.6231940e-03
   3.0638900e-03
   8.5488820e-04
  -8.6358470e-04
  -2.1300220e-03
  -3.1938420e-03
  -4.4242060e-03
  -6.1282140e-03
  -8.4002430e-03
  -1.1129270e-02
  -1.4085390e-02
  -1.6948980e-02
  -1.9401730e-02
  -2.1281290e-02
  -2.2671810e-02
  -2.3824830e-02
  -2.5003980e-02
  -2.6427370e-02
  -2.8234830e-02
  -3.0459130e-02
  -3.3015150e-02
  -3.5673210e-02
  -3.8132900e-02
  -4.0127100e-02
  -4.1407570e-02
  -4.1751800e-02
  -4.1090990e-02
  -3.9553580e-02
  -3.7394220e-02
  -3.4915890e-02
  -3.2405770e-02
  -3.0079870e-02
  -2.8034650e-02
  -2.6244100e-02
  -2.4597980e-02
  -2.2918760e-02
  -2.0985570e-02
  -1.8652490e-02
  -1.5969510e-02
  -1.3139940e-02
  -1.0357370e-02
  -7.7069790e-03
  -5.2194150e-03
  -2.9381010e-03
  -9.5665030e-04
   5.2100720e-04
   1.2097090e-03
   8.9849780e-04
  -3.8507150e-04
  -2.4153330e-03
  -4.9593460e-03
  -7.8156580e-03
  -1.0734070e-02
  -1.3452400e-02
  -1.5776860e-02
  -1.7615740e-02
  -1.8944330e-02
  -1.9764710e-02
  -2.0109690e-02
  -1.9988770e-02
  -1.9341040e-02
  -1.8028440e-02
  -1.5867880e-02
  -1.2739880e-02
  -8.6939020e-03
  -3.9323630e-03
   1.2772970e-03
   6.7355910e-03
   1.2318320e-02
   1.7864860e-02
   2.3087050e-02
   2.7643400e-02
   3.1296930e-02
   3.3968910e-02
   3.5700470e-02
   3.6630410e-02
   3.6936280e-02
   3.6755070e-02
   3.6110970e-02
   3.4958450e-02
   3.3262670e-02
   3.1038710e-02
   2.8349160e-02
   2.5312710e-02
   2.2151130e-02
   1.9144030e-02
   1.6562680e-02
   1.4627000e-02
   1.3426890e-02
   1.2871700e-02
   1.2692400e-02
   1.2556130e-02
   1.2189540e-02
   1.1408270e-02
   1.0131860e-02
   8.4101630e-03
   6.3481230e-03
   4.0080120e-03
   1.3675730e-03
  -1.6466180e-03
  -5.1191900e-03
  -9.1423490e-03
  -1.3777770e-02
  -1.8983620e-02
  -2.4598980e-02
  -3.0392480e-02
  -3.6122700e-02
  -4.1567670e-02
  -4.6548220e-02
  -5.0899840e-02
  -5.4459080e-02
  -5.7040460e-02
  -5.8412060e-02
  -5.8339450e-02
  -5.6698550e-02
  -5.3579420e-02
  -4.9284090e-02
  -4.4257670e-02
  -3.8964130e-02
  -3.3753210e-02
  -2.8802070e-02
  -2.4169140e-02
  -1.9863500e-02
  -1.5855590e-02
  -1.2063990e-02
  -8.3563320e-03
  -4.6514660e-03
  -1.0576860e-03
   2.1791350e-03
   4.8719580e-03
   7.0089760e-03
   8.7396170e-03
   1.0306260e-02
   1.1945470e-02
   1.3767210e-02
   1.5758820e-02
   1.7878540e-02
   2.0084120e-02
   2.2300440e-02
   2.4422680e-02
   2.6349290e-02
   2.7985770e-02
   2.9195620e-02
   2.9855090e-02
   2.9923600e-02
   2.9446500e-02
   2.8503350e-02
   2.7134950e-02
   2.5379360e-02
   2.3319260e-02
   2.1095350e-02
   1.8919840e-02
   1.7020920e-02
   1.5588480e-02
   1.4690530e-02
   1.4164110e-02
   1.3695290e-02
   1.2984650e-02
   1.1883820e-02
   1.0452750e-02
   8.8755700e-03
   7.3270730e-03
   5.8688980e-03
   4.4138030e-03
   2.7923890e-03
   8.3568980e-04
  -1.5535510e-03
  -4.3571220e-03
  -7.4009480e-03
  -1.0546050e-02
  -1.3901310e-02
  -1.7738960e-02
  -2.2232870e-02
  -2.7323340e-02
  -3.2741270e-02
  -3.8102580e-02
  -4.3035350e-02
  -4.7252740e-02
  -5.0519630e-02
  -5.2632540e-02
  -5.3509800e-02
  -5.3301860e-02
  -5.2376140e-02
  -5.1188390e-02
  -5.0097090e-02
  -4.9258490e-02
  -4.8675100e-02
  -4.8263800e-02
  -4.7809260e-02
  -4.7009970e-02
  -4.5591550e-02
  -4.3343910e-02
  -4.0142600e-02
  -3.6000770e-02
  -3.1167160e-02
  -2.6176700e-02
  -2.1734740e-02
  -1.8503850e-02
  -1.6812690e-02
  -1.6334850e-02
  -1.6173740e-02
  -1.5442300e-02
  -1.3924670e-02
  -1.2189460e-02
  -1.0899540e-02
  -1.0080760e-02
  -9.0922910e-03
  -7.2165550e-03
  -4.2086340e-03
  -4.0085840e-04
   3.6083530e-03
   7.4184060e-03
   1.0908060e-02
   1.3991440e-02
   1.6465350e-02
   1.8122110e-02
   1.9002420e-02
   1.9543540e-02
   2.0401060e-02
   2.2070870e-02
   2.4610010e-02
   2.7554300e-02
   3.0154680e-02
   3.1797120e-02
   3.2307780e-02
   3.1913940e-02
   3.0928930e-02
   2.9559040e-02
   2.7957790e-02
   2.6265710e-02
   2.4583480e-02
   2.2986850e-02
   2.1619510e-02
   2.0659920e-02
   2.0144200e-02
   1.9938520e-02
   1.9797140e-02
   1.9418580e-02
   1.8482180e-02
   1.6716030e-02
   1.4001390e-02
   1.0506690e-02
   6.6999330e-03
   3.0881670e-03
  -4.5998410e-05
  -2.6295430e-03
  -4.6816620e-03
  -6.2474080e-03
  -7.4250810e-03
  -8.4395430e-03
  -9.6368160e-03
  -1.1250730e-02
  -1.3118110e-02
  -1.4681210e-02
  -1.5279280e-02
  -1.4465930e-02
  -1.2148250e-02
  -8.5337000e-03
  -4.0170760e-03
   9.1956460e-04
   5.7646470e-03
   9.9497520e-03
   1.2926640e-02
   1.4392590e-02
   1.4507790e-02
   1.3867090e-02
   1.3172380e-02
   1.2918570e-02
   1.3306500e-02
   1.4287900e-02
   1.5667860e-02
   1.7329960e-02
   1.9329350e-02
   2.1788920e-02
   2.4775380e-02
   2.8215220e-02
   3.1907430e-02
   3.5616670e-02
   3.9164860e-02
   4.2441310e-02
   4.5384210e-02
   4.8001670e-02
   5.0334870e-02
   5.2382630e-02
   5.4080370e-02
   5.5318490e-02
   5.5989350e-02
   5.6116060e-02
   5.5893120e-02
   5.5540630e-02
   5.5198170e-02
   5.4973350e-02
   5.5054040e-02
   5.5614810e-02
   5.6544620e-02
   5.7360410e-02
   5.7400380e-02
   5.6143580e-02
   5.3387470e-02
   4.9179450e-02
   4.3716420e-02
   3.7321540e-02
   3.0415380e-02
   2.3420410e-02
   1.6630600e-02
   1.0123660e-02
   3.8108000e-03
  -2.4554380e-03
  -8.7868840e-03
  -1.5213060e-02
  -2.1632980e-02
  -2.7788170e-02
  -3.3294510e-02
  -3.7814580e-02
  -4.1221770e-02
  -4.3566330e-02
  -4.4930160e-02
  -4.5341640e-02
  -4.4838450e-02
  -4.3580280e-02
  -4.1848330e-02
  -3.9912800e-02
  -3.7923710e-02
  -3.5865470e-02
  -3.3604600e-02
  -3.1011610e-02
  -2.8056590e-02
  -2.4751380e-02
  -2.1011010e-02
  -1.6663950e-02
  -1.1585040e-02
  -5.7064460e-03
   1.0110640e-03
   8.5249750e-03
   1.6616880e-02
   2.4917100e-02
   3.2924130e-02
   4.0035660e-02
   4.5729530e-02
   4.9731050e-02
   5.2029300e-02
   5.2744950e-02
   5.1960510e-02
   4.9682270e-02
   4.5845890e-02
   4.0366290e-02
   3.3377820e-02
   2.5451110e-02
   1.7466940e-02
   1.0203570e-02
   4.0206650e-03
  -1.0712270e-03
  -5.2413090e-03
  -8.8343800e-03
  -1.2310410e-02
  -1.5907960e-02
  -1.9306850e-02
  -2.1824200e-02
  -2.3071380e-02
  -2.3378160e-02
  -2.3526720e-02
  -2.4111060e-02
  -2.5188160e-02
  -2.6468030e-02
  -2.7700890e-02
  -2.8796000e-02
  -2.9611370e-02
  -2.9672340e-02
  -2.8257590e-02
  -2.4918140e-02
  -1.9879990e-02
  -1.3912540e-02
  -7.9050910e-03
  -2.4941550e-03
   2.1959740e-03
   6.5289340e-03
   1.0962290e-02
   1.5661330e-02
   2.0496540e-02
   2.5286800e-02
   2.9927900e-02
   3.4234970e-02
   3.7744010e-02
   3.9796550e-02
   3.9875050e-02
   3.7898350e-02
   3.4267610e-02
   2.9665460e-02
   2.4844700e-02
   2.0355590e-02
   1.6329890e-02
   1.2614810e-02
   9.1075790e-03
   5.8591930e-03
   2.9273830e-03
   2.8891130e-04
  -2.1535630e-03
  -4.5368010e-03
  -6.9939070e-03
  -9.6266000e-03
  -1.2523220e-02
  -1.5742510e-02
  -1.9317430e-02
  -2.3240010e-02
  -2.7397110e-02
  -3.1580820e-02
  -3.5529290e-02
  -3.8960960e-02
  -4.1621950e-02
  -4.3471580e-02
  -4.4811500e-02
  -4.6100740e-02
  -4.7576640e-02
  -4.9026640e-02
  -4.9856950e-02
  -4.9376880e-02
  -4.7065380e-02
  -4.2792000e-02
  -3.6935110e-02
  -3.0337900e-02
  -2.4065940e-02
  -1.8986370e-02
  -1.5438390e-02
  -1.3185250e-02
  -1.1673700e-02
  -1.0439170e-02
  -9.3848150e-03
  -8.7451810e-03
  -8.8101850e-03
  -9.7043980e-03
  -1.1294560e-02
  -1.3179130e-02
  -1.4810150e-02
  -1.5663740e-02
  -1.5382530e-02
  -1.3987080e-02
  -1.1957350e-02
  -9.9744160e-03
  -8.5529550e-03
  -7.8879750e-03
  -7.9678870e-03
  -8.7136030e-03
  -1.0042570e-02
  -1.1898030e-02
  -1.4156930e-02
  -1.6532990e-02
  -1.8636590e-02
  -2.0157100e-02
  -2.0982730e-02
  -2.1194720e-02
  -2.0909340e-02
  -2.0102750e-02
  -1.8682400e-02
  -1.6620130e-02
  -1.3892240e-02
  -1.0425300e-02
  -6.1427120e-03
  -1.1149630e-03
   4.2785820e-03
   9.3248510e-03
   1.3152610e-02
   1.5099480e-02
   1.5033140e-02
   1.3357590e-02
   1.0670340e-02
   7.3839460e-03
   3.6027670e-03
  -6.7691200e-04
  -5.3491250e-03
  -1.0225260e-02
  -1.5163240e-02
  -2.0046400e-02
  -2.4697070e-02
  -2.8946530e-02
  -3.2752500e-02
  -3.6172420e-02
  -3.9228670e-02
  -4.1785760e-02
  -4.3573730e-02
  -4.4352010e-02
  -4.4116990e-02
  -4.3214070e-02
  -4.2228390e-02
  -4.1695170e-02
  -4.1881300e-02
  -4.2735720e-02
  -4.3970510e-02
  -4.5164600e-02
  -4.5922470e-02
  -4.6133280e-02
  -4.6071070e-02
  -4.6066880e-02
  -4.6099790e-02
  -4.5706750e-02
  -4.4263300e-02
  -4.1316970e-02
  -3.6750460e-02
  -3.0795090e-02
  -2.3898320e-02
  -1.6537170e-02
  -9.1251420e-03
  -1.9189440e-03
   5.1076390e-03
   1.2245550e-02
   1.9828630e-02
   2.7900230e-02
   3.6007650e-02
   4.3326260e-02
   4.9042840e-02
   5.2768580e-02
   5.4691990e-02
   5.5366740e-02
   5.5233370e-02
   5.4304060e-02
   5.2293830e-02
   4.9097500e-02
   4.5091950e-02
   4.0917370e-02
   3.6937180e-02
   3.2896860e-02
   2.8101330e-02
   2.1954030e-02
   1.4372660e-02
   5.8282910e-03
  -2.8709220e-03
  -1.0886020e-02
  -1.7626560e-02
  -2.2919020e-02
  -2.6881440e-02
  -2.9670060e-02
  -3.1453230e-02
  -3.2528320e-02
  -3.3302110e-02
  -3.4134960e-02
  -3.5138150e-02
  -3.6103750e-02
  -3.6675130e-02
  -3.6595200e-02
  -3.5883050e-02
  -3.4865480e-02
  -3.3991660e-02
  -3.3623340e-02
  -3.3982190e-02
  -3.5167610e-02
  -3.7181270e-02
  -3.9935330e-02
  -4.3331350e-02
  -4.7305460e-02
  -5.1733180e-02
  -5.6297140e-02
  -6.0350220e-02
  -6.2928860e-02
  -6.3054760e-02
  -6.0246750e-02
  -5.4902590e-02
  -4.8203810e-02
  -4.1543930e-02
  -3.5865990e-02
  -3.1376420e-02
  -2.7745980e-02
  -2.4554500e-02
  -2.1532460e-02
  -1.8508540e-02
  -1.5283910e-02
  -1.1630080e-02
  -7.4210790e-03
  -2.7316400e-03
   2.2546730e-03
   7.4883870e-03
   1.3070740e-02
   1.9018310e-02
   2.5130540e-02
   3.1077570e-02
   3.6529400e-02
   4.1207270e-02
   4.4883160e-02
   4.7403390e-02
   4.8712310e-02
   4.8827320e-02
   4.7758790e-02
   4.5429110e-02
   4.1725170e-02
   3.6780540e-02
   3.1283200e-02
   2.6433480e-02
   2.3414640e-02
   2.2697700e-02
   2.3770660e-02
   2.5543590e-02
   2.6867930e-02
   2.6824130e-02
   2.5011610e-02
   2.1804130e-02
   1.8130360e-02
   1.4865080e-02
   1.2421960e-02
   1.0800550e-02
   9.7763430e-03
   9.0323980e-03
   8.2368130e-03
   7.2187920e-03
   6.0745530e-03
   5.0303820e-03
   4.2166990e-03
   3.5709320e-03
   2.8873470e-03
   1.9792950e-03
   8.6522430e-04
  -1.5509270e-04
  -6.0806260e-04
  -1.6126890e-04
   1.1481990e-03
   2.8640510e-03
   4.2331540e-03
   4.4733000e-03
   3.0890410e-03
   2.9621960e-05
  -4.3827690e-03
  -9.6021460e-03
  -1.4965170e-02
  -1.9818910e-02
  -2.3616810e-02
  -2.5972270e-02
  -2.6754730e-02
  -2.6225360e-02
  -2.5007410e-02
  -2.3842280e-02
  -2.3218100e-02
  -2.3130010e-02
  -2.3235840e-02
  -2.3212940e-02
  -2.2988170e-02
  -2.2699240e-02
  -2.2502140e-02
  -2.2431950e-02
  -2.2415990e-02
  -2.2344060e-02
  -2.2106170e-02
  -2.1694830e-02
  -2.1282110e-02
  -2.1198770e-02
  -2.1719660e-02
  -2.2867280e-02
  -2.4424240e-02
  -2.6033680e-02
  -2.7354850e-02
  -2.8177720e-02
  -2.8392470e-02
  -2.7837860e-02
  -2.6211240e-02
  -2.3238540e-02
  -1.8962020e-02
  -1.3841790e-02
  -8.5984460e-03
  -3.8979650e-03
  -1.0993430e-04
   2.6781460e-03
   4.5314240e-03
   5.5998080e-03
   6.1051350e-03
   6.2984760e-03
   6.4042840e-03
   6.5999550e-03
   7.0220370e-03
   7.7472020e-03
   8.7499420e-03
   9.8576920e-03
   1.0772710e-02
   1.1193610e-02
   1.0889520e-02
   9.7596600e-03
   7.9614140e-03
   5.8957510e-03
   4.1154090e-03
   3.1705190e-03
   3.3665890e-03
   4.5651920e-03
   6.1885260e-03
   7.4838790e-03
   7.8950940e-03
   7.2536460e-03
   5.7159080e-03
   3.5107400e-03
   7.7139210e-04
  -2.4144640e-03
  -5.8252510e-03
  -8.9973760e-03
  -1.1333150e-02
  -1.2363100e-02
  -1.2014820e-02
  -1.0664080e-02
  -8.8336550e-03
  -6.8362580e-03
  -4.7160100e-03
  -2.4800920e-03
  -3.2496250e-04
   1.4032560e-03
   2.4108440e-03
   2.5992810e-03
   2.0829780e-03
   1.1157070e-03
  -8.1618340e-05
  -1.5128040e-03
  -3.3666020e-03
  -5.8048170e-03
  -8.7315490e-03
  -1.1675520e-02
  -1.3928890e-02
  -1.4975410e-02
  -1.4940010e-02
  -1.4605210e-02
  -1.4882990e-02
  -1.6140810e-02
  -1.7899560e-02
  -1.9134870e-02
  -1.8867760e-02
  -1.6660840e-02
  -1.2769250e-02
  -7.8976130e-03
  -2.7904450e-03
   2.0813670e-03
   6.5816610e-03
   1.0790850e-02
   1.4850670e-02
   1.8757920e-02
   2.2263250e-02
   2.5072260e-02
   2.7141280e-02
   2.8765160e-02
   3.0280180e-02
   3.1745400e-02
   3.2977580e-02
   3.3799440e-02
   3.4237850e-02
   3.4520420e-02
   3.4902150e-02
   3.5456660e-02
   3.6041750e-02
   3.6430830e-02
   3.6441760e-02
   3.6028150e-02
   3.5290380e-02
   3.4369120e-02
   3.3296220e-02
   3.2001940e-02
   3.0492450e-02
   2.8939910e-02
   2.7579890e-02
   2.6567130e-02
   2.5882480e-02
   2.5307130e-02
   2.4532980e-02
   2.3265290e-02
   2.1309770e-02
   1.8659790e-02
   1.5560320e-02
   1.2425280e-02
   9.6188100e-03
   7.3230820e-03
   5.4862680e-03
   3.9091420e-03
   2.4720280e-03
   1.2939650e-03
   6.8320760e-04
   9.4077310e-04
   2.1385090e-03
   3.9985300e-03
   6.0016050e-03
   7.6819590e-03
   8.7573490e-03
   9.1324750e-03
   8.9331870e-03
   8.4395070e-03
   7.8853180e-03
   7.3372710e-03
   6.7839320e-03
   6.2832810e-03
   5.9822760e-03
   5.9863980e-03
   6.2071180e-03
   6.3610410e-03
   6.1061430e-03
   5.1919510e-03
   3.5673190e-03
   1.3958860e-03
  -1.0243280e-03
  -3.4217450e-03
  -5.7156180e-03
  -7.9871410e-03
  -1.0476120e-02
  -1.3555580e-02
  -1.7481310e-02
  -2.2188230e-02
  -2.7416460e-02
  -3.2948980e-02
  -3.8619200e-02
  -4.4085160e-02
  -4.8719230e-02
  -5.1847210e-02
  -5.3129620e-02
  -5.2739870e-02
  -5.1265050e-02
  -4.9357480e-02
  -4.7362860e-02
  -4.5240750e-02
  -4.2795100e-02
  -3.9913470e-02
  -3.6587960e-02
  -3.2871440e-02
  -2.8913510e-02
  -2.5018410e-02
  -2.1609960e-02
  -1.9056430e-02
  -1.7566580e-02
  -1.7103900e-02
  -1.7314780e-02
  -1.7632250e-02
  -1.7556390e-02
  -1.6839750e-02
  -1.5539490e-02
  -1.3962250e-02
  -1.2485870e-02
  -1.1407320e-02
  -1.0884760e-02
  -1.0944970e-02
  -1.1540580e-02
  -1.2598830e-02
  -1.3982230e-02
  -1.5435120e-02
  -1.6643740e-02
  -1.7377670e-02
  -1.7543970e-02
  -1.7181360e-02
  -1.6318860e-02
  -1.4876750e-02
  -1.2713570e-02
  -9.7746630e-03
  -6.2781690e-03
  -2.7255480e-03
   3.4168840e-04
   2.6544390e-03
   4.3215370e-03
   5.6636890e-03
   6.9392000e-03
   8.1668000e-03
   9.1297520e-03
   9.5497490e-03
   9.2516190e-03
   8.2169670e-03
   6.5761660e-03
   4.5741350e-03
   2.5137100e-03
   6.8175680e-04
  -7.4898260e-04
  -1.7451470e-03
  -2.3176230e-03
  -2.4386780e-03
  -2.0378940e-03
  -9.5247600e-04
   1.1022840e-03
   4.3711440e-03
   8.8571710e-03
   1.4204220e-02
   1.9786320e-02
   2.4964330e-02
   2.9368860e-02
   3.3044600e-02
   3.6334430e-02
   3.9613560e-02
   4.3045070e-02
   4.6546650e-02
   4.9919790e-02
   5.2933270e-02
   5.5318990e-02
   5.6812130e-02
   5.7269280e-02
   5.6774480e-02
   5.5616150e-02
   5.4183350e-02
   5.2845710e-02
   5.1763680e-02
   5.0744870e-02
   4.9273060e-02
   4.6734860e-02
   4.2677770e-02
   3.7062580e-02
   3.0411310e-02
   2.3743370e-02
   1.8196730e-02
   1.4521120e-02
   1.2836260e-02
   1.2803840e-02
   1.3952730e-02
   1.5937170e-02
   1.8613150e-02
   2.1889470e-02
   2.5492340e-02
   2.8906650e-02
   3.1496010e-02
   3.2725430e-02
   3.2402930e-02
   3.0738650e-02
   2.8210390e-02
   2.5362060e-02
   2.2633250e-02
   2.0253850e-02
   1.8253300e-02
   1.6562150e-02
   1.5150080e-02
   1.4028630e-02
   1.3124530e-02
   1.2223710e-02
   1.1036440e-02
   9.2749380e-03
   6.7609730e-03
   3.5021950e-03
  -2.9977470e-04
  -4.2831550e-03
  -7.9808550e-03
  -1.0923590e-02
  -1.2776590e-02
  -1.3446910e-02
  -1.3105370e-02
  -1.2118180e-02
  -1.0893550e-02
  -9.7331210e-03
  -8.7912690e-03
  -8.1341250e-03
  -7.7474510e-03
  -7.5937950e-03
  -7.6885380e-03
  -8.0398540e-03
  -8.5900280e-03
  -9.3352990e-03
  -1.0493600e-02
  -1.2431940e-02
  -1.5334910e-02
  -1.8972000e-02
  -2.2814850e-02
  -2.6388150e-02
  -2.9471350e-02
  -3.2025970e-02
  -3.4074760e-02
  -3.5669090e-02
  -3.6856760e-02
  -3.7652520e-02
  -3.8037110e-02
  -3.8004850e-02
  -3.7599650e-02
  -3.6844950e-02
  -3.5623430e-02
  -3.3661650e-02
  -3.0752330e-02
  -2.7059560e-02
  -2.3182820e-02
  -1.9868360e-02
  -1.7524440e-02
  -1.5959930e-02
  -1.4559250e-02
  -1.2707210e-02
  -1.0130790e-02
  -7.0015120e-03
  -3.7616320e-03
  -8.4946740e-04
   1.4344240e-03
   2.8778000e-03
   3.3628870e-03
   3.0433230e-03
   2.4593950e-03
   2.3514220e-03
   3.3119250e-03
   5.5911160e-03
   9.1212520e-03
   1.3657140e-02
   1.8898080e-02
   2.4508320e-02
   3.0017560e-02
   3.4794730e-02
   3.8288600e-02
   4.0329800e-02
   4.1211620e-02
   4.1479300e-02
   4.1585250e-02
   4.1699550e-02
   4.1865870e-02
   4.2286500e-02
   4.3360700e-02
   4.5448200e-02
   4.8647170e-02
   5.2655070e-02
   5.6755630e-02
   6.0117780e-02
   6.2124980e-02
   6.2437710e-02
   6.0970100e-02
   5.7995020e-02
   5.4128510e-02
   5.0121240e-02
   4.6604280e-02
   4.3952710e-02
   4.2289630e-02
   4.1473500e-02
   4.1185500e-02
   4.1061850e-02
   4.0839010e-02
   4.0362570e-02
   3.9481000e-02
   3.8021530e-02
   3.5917560e-02
   3.3260700e-02
   3.0226620e-02
   2.7042980e-02
   2.3889730e-02
   2.0724360e-02
   1.7317870e-02
   1.3481230e-02
   9.2555030e-03
   4.9272120e-03
   8.9454010e-04
  -2.5185160e-03
  -5.2449950e-03
  -7.4827620e-03
  -9.5631240e-03
  -1.1767020e-02
  -1.4209350e-02
  -1.6865580e-02
  -1.9642670e-02
  -2.2420110e-02
  -2.5031770e-02
  -2.7340270e-02
  -2.9286910e-02
  -3.0810910e-02
  -3.1816030e-02
  -3.2252090e-02
  -3.2190720e-02
  -3.1775270e-02
  -3.1099110e-02
  -3.0152860e-02
  -2.8818610e-02
  -2.6881900e-02
  -2.4113460e-02
  -2.0430680e-02
  -1.6001390e-02
  -1.1192420e-02
  -6.4581320e-03
  -2.1694570e-03
   1.5042110e-03
   4.6022070e-03
   7.3317960e-03
   9.9538410e-03
   1.2669160e-02
   1.5613600e-02
   1.8843280e-02
   2.2261160e-02
   2.5601760e-02
   2.8569820e-02
   3.0946280e-02
   3.2526130e-02
   3.2956780e-02
   3.1762030e-02
   2.8642330e-02
   2.3784620e-02
   1.7944560e-02
   1.2143180e-02
   7.1681500e-03
   3.2710150e-03
   2.8312090e-04
  -2.0146410e-03
  -3.6239870e-03
  -4.3561120e-03
  -4.0958000e-03
  -2.9678610e-03
  -1.2434280e-03
   7.6533550e-04
   2.7232840e-03
   4.3948400e-03
   5.7915290e-03
   7.1505150e-03
   8.7649240e-03
   1.0885360e-02
   1.3662820e-02
   1.7035510e-02
   2.0632790e-02
   2.3848340e-02
   2.6035120e-02
   2.6614230e-02
   2.5152350e-02
   2.1532640e-02
   1.6139760e-02
   9.8080490e-03
   3.4854710e-03
  -2.1057190e-03
  -6.5857860e-03
  -9.8080480e-03
  -1.1765510e-02
  -1.2645390e-02
  -1.2866810e-02
  -1.2955220e-02
  -1.3315900e-02
  -1.4075680e-02
  -1.5053580e-02
  -1.5938550e-02
  -1.6511250e-02
  -1.6786930e-02
  -1.6948950e-02
  -1.7198990e-02
  -1.7674790e-02
  -1.8386270e-02
  -1.9177490e-02
  -1.9811710e-02
  -2.0149600e-02
  -2.0195100e-02
  -2.0018960e-02
  -1.9670410e-02
  -1.9171750e-02
  -1.8549470e-02
  -1.7882170e-02
  -1.7330390e-02
  -1.7109540e-02
  -1.7354300e-02
  -1.8001600e-02
  -1.8782760e-02
  -1.9335420e-02
  -1.9397230e-02
  -1.8940060e-02
  -1.8166160e-02
  -1.7355630e-02
  -1.6664360e-02
  -1.5996140e-02
  -1.5079040e-02
  -1.3672860e-02
  -1.1683740e-02
  -9.1466840e-03
  -6.2036460e-03
  -3.0964430e-03
  -1.4136890e-04
   2.3342330e-03
   4.0543390e-03
   4.8508660e-03
   4.7162460e-03
   3.7757400e-03
   2.2042070e-03
   1.8508950e-04
  -2.1234640e-03
  -4.5976530e-03
  -7.1523510e-03
  -9.7447970e-03
  -1.2359900e-02
  -1.4973800e-02
  -1.7524670e-02
  -1.9892630e-02
  -2.1902520e-02
  -2.3362210e-02
  -2.4110030e-02
  -2.4048820e-02
  -2.3176220e-02
  -2.1655750e-02
  -1.9717480e-02
  -1.7530710e-02
  -1.5186460e-02
  -1.2694050e-02
  -1.0032680e-02
  -7.2652950e-03
  -4.6195640e-03
  -2.4160410e-03
  -8.7489790e-04
  -9.4857310e-06
   3.2309920e-04
   2.4971100e-04
  -3.6180070e-04
  -1.8626740e-03
  -4.4796150e-03
  -8.0701040e-03
  -1.2171150e-02
  -1.6270440e-02
  -2.0042340e-02
  -2.3363450e-02
  -2.6194250e-02
  -2.8469530e-02
  -3.0088330e-02
  -3.0974040e-02
  -3.1136580e-02
  -3.0662790e-02
  -2.9644650e-02
  -2.8128930e-02
  -2.6113120e-02
  -2.3625930e-02
  -2.0795150e-02
  -1.7701530e-02
  -1.4333240e-02
  -1.0699170e-02
  -6.8570880e-03
  -2.8742770e-03
   1.1552880e-03
   5.0667590e-03
   8.6649390e-03
   1.1777350e-02
   1.4260140e-02
   1.6075510e-02
   1.7324260e-02
   1.8200570e-02
   1.8865420e-02
   1.9368390e-02
   1.9675810e-02
   1.9714620e-02
   1.9382530e-02
   1.8563870e-02
   1.7185890e-02
   1.5238660e-02
   1.2748530e-02
   9.7597580e-03
   6.3674790e-03
   2.6908970e-03
  -1.2175200e-03
  -5.3989480e-03
  -9.9124990e-03
  -1.4723200e-02
  -1.9658470e-02
  -2.4447090e-02
  -2.8799910e-02
  -3.2515010e-02
  -3.5551470e-02
  -3.7983190e-02
  -3.9890680e-02
  -4.1317050e-02
  -4.2278330e-02
  -4.2757550e-02
  -4.2698310e-02
  -4.2013780e-02
  -4.0632460e-02
  -3.8584230e-02
  -3.6015810e-02
  -3.3164270e-02
  -3.0261600e-02
  -2.7495950e-02
  -2.4971590e-02
  -2.2713280e-02
  -2.0734830e-02
  -1.9022760e-02
  -1.7542550e-02
  -1.6268480e-02
  -1.5200960e-02
  -1.4368680e-02
  -1.3776080e-02
  -1.3364460e-02
  -1.3065780e-02
  -1.2830190e-02
  -1.2630580e-02
  -1.2425950e-02
  -1.2149200e-02
  -1.1756130e-02
  -1.1245700e-02
  -1.0648280e-02
  -1.0007920e-02
  -9.3845080e-03
  -8.8356870e-03
  -8.3574970e-03
  -7.8829330e-03
  -7.3139620e-03
  -6.5304630e-03
  -5.4899750e-03
  -4.3021080e-03
  -3.1405040e-03
  -2.1231220e-03
  -1.2737310e-03
  -5.6850910e-04
   2.9825080e-05
   5.5582810e-04
   1.0455730e-03
   1.5100740e-03
   1.9552310e-03
   2.4393610e-03
   3.0638140e-03
   3.8752600e-03
   4.8198480e-03
   5.8093470e-03
   6.8168710e-03
   7.8691150e-03
   8.9584240e-03
   1.0018330e-02
   1.0983510e-02
   1.1814780e-02
   1.2504410e-02
   1.3026620e-02
   1.3293770e-02
   1.3172170e-02
   1.2506570e-02
   1.1217740e-02
   9.3556460e-03
   7.0221220e-03
   4.2827230e-03
   1.1751410e-03
  -2.2201410e-03
  -5.7793270e-03
  -9.3753200e-03
  -1.2901550e-02
  -1.6247170e-02
  -1.9303000e-02
  -2.2012700e-02
  -2.4416480e-02
  -2.6589410e-02
  -2.8540000e-02
  -3.0187270e-02
  -3.1431260e-02
  -3.2248460e-02
  -3.2677800e-02
  -3.2776180e-02
  -3.2565540e-02
  -3.2001860e-02
  -3.1054380e-02
  -2.9782890e-02
  -2.8278860e-02
  -2.6598480e-02
  -2.4788120e-02
  -2.2908380e-02
  -2.0993720e-02
  -1.9038030e-02
  -1.7014770e-02
  -1.4891490e-02
  -1.2641410e-02
  -1.0240010e-02
  -7.6666590e-03
  -4.9057970e-03
  -1.9553310e-03
   1.1208560e-03
   4.1818710e-03
   7.0897320e-03
   9.7762470e-03
   1.2258060e-02
   1.4564150e-02
   1.6679010e-02
   1.8601350e-02
   2.0435240e-02
   2.2362210e-02
   2.4492830e-02
   2.6814950e-02
   2.9244440e-02
   3.1677030e-02
   3.4046340e-02
   3.6331450e-02
   3.8511260e-02
   4.0543310e-02
   4.2405030e-02
   4.4123480e-02
   4.5782510e-02
   4.7492910e-02
   4.9292310e-02
   5.1162200e-02
   5.3067640e-02
   5.4935360e-02
   5.6668400e-02
   5.8229180e-02
   5.9677860e-02
   6.1088480e-02
   6.2453680e-02
   6.3705630e-02
   6.4735890e-02
   6.5442740e-02
   6.5794060e-02
   6.5833530e-02
   6.5652140e-02
   6.5383100e-02
   6.5182720e-02
   6.5163880e-02
   6.5330810e-02
   6.5562930e-02
   6.5648810e-02
   6.5383300e-02
   6.4700150e-02
   6.3673530e-02
   6.2383020e-02
   6.0817360e-02
   5.8882310e-02
   5.6432780e-02
   5.3329580e-02
   4.9523550e-02
   4.5075480e-02
   4.0066800e-02
   3.4517950e-02
   2.8439010e-02
   2.1939820e-02
   1.5235480e-02
   8.5664620e-03
   2.1573110e-03
  -3.8140100e-03
  -9.2609430e-03
  -1.4196170e-02
  -1.8700440e-02
  -2.2757630e-02
  -2.6258780e-02
  -2.9158650e-02
  -3.1500920e-02
  -3.3367090e-02
  -3.4898870e-02
  -3.6262060e-02
  -3.7531380e-02
  -3.8638680e-02
  -3.9491610e-02
  -4.0090530e-02
  -4.0549590e-02
  -4.1027730e-02
  -4.1591230e-02
  -4.2151850e-02
  -4.2543330e-02
  -4.2630400e-02
  -4.2307860e-02
  -4.1509510e-02
  -4.0220610e-02
  -3.8502040e-02
  -3.6529880e-02
  -3.4523840e-02
  -3.2622350e-02
  -3.0832660e-02
  -2.9091220e-02
  -2.7321560e-02
  -2.5436470e-02
  -2.3350600e-02
  -2.1048950e-02
  -1.8606370e-02
  -1.6103670e-02
  -1.3571180e-02
  -1.1020900e-02
  -8.4626860e-03
  -5.9345610e-03
  -3.5361790e-03
  -1.3946970e-03
   4.0520460e-04
   1.8156060e-03
   2.8135590e-03
   3.3965960e-03
   3.5672770e-03
   3.3791190e-03
   2.9849270e-03
   2.6182660e-03
   2.5354780e-03
   2.9539310e-03
   3.9774590e-03
   5.5561430e-03
   7.5230090e-03
   9.6846690e-03
   1.1885310e-02
   1.4005380e-02
   1.5939420e-02
   1.7591530e-02
   1.8908040e-02
   1.9900280e-02
   2.0650640e-02
   2.1328620e-02
   2.2130320e-02
   2.3160490e-02
   2.4379140e-02
   2.5667520e-02
   2.6909730e-02
   2.7998560e-02
   2.8819170e-02
   2.9255180e-02
   2.9230460e-02
   2.8731040e-02
   2.7801080e-02
   2.6521720e-02
   2.4923180e-02
   2.2926380e-02
   2.0429750e-02
   1.7416490e-02
   1.3967080e-02
   1.0216130e-02
   6.3437220e-03
   2.5729400e-03
  -8.6523410e-04
  -3.8466700e-03
  -6.4056340e-03
  -8.6159630e-03
  -1.0447810e-02
  -1.1796560e-02
  -1.2597550e-02
  -1.2840450e-02
  -1.2533870e-02
  -1.1679180e-02
  -1.0300460e-02
  -8.4675860e-03
  -6.2699120e-03
  -3.7902640e-03
  -1.0664490e-03
   1.9041590e-03
   5.0624780e-03
   8.2326290e-03
   1.1173150e-02
   1.3684670e-02
   1.5701040e-02
   1.7224010e-02
   1.8236260e-02
   1.8771540e-02
   1.8941590e-02
   1.8846490e-02
   1.8512310e-02
   1.7902590e-02
   1.6980500e-02
   1.5711030e-02
   1.4051870e-02
   1.2010570e-02
   9.7039160e-03
   7.3050300e-03
   4.9639180e-03
   2.7500350e-03
   6.0032650e-04
  -1.6427880e-03
  -4.0880550e-03
  -6.7379890e-03
  -9.5050300e-03
  -1.2274920e-02
  -1.4934150e-02
  -1.7320570e-02
  -1.9273700e-02
  -2.0794420e-02
  -2.2081270e-02
  -2.3363310e-02
  -2.4694670e-02
  -2.5951500e-02
  -2.7006220e-02
  -2.7832330e-02
  -2.8501460e-02
  -2.9148600e-02
  -2.9934160e-02
  -3.0964080e-02
  -3.2244310e-02
  -3.3691750e-02
  -3.5186960e-02
  -3.6602340e-02
  -3.7834000e-02
  -3.8840610e-02
  -3.9595120e-02
  -4.0009210e-02
  -3.9954860e-02
  -3.9342850e-02
  -3.8154920e-02
  -3.6463740e-02
  -3.4395130e-02
  -3.2106060e-02
  -2.9783560e-02
  -2.7643570e-02
  -2.5861640e-02
  -2.4544500e-02
  -2.3739660e-02
  -2.3435780e-02
  -2.3578620e-02
  -2.4091530e-02
  -2.4916800e-02
  -2.5983820e-02
  -2.7171480e-02
  -2.8351390e-02
  -2.9430970e-02
  -3.0319760e-02
  -3.0916070e-02
  -3.1137430e-02
  -3.0946950e-02
  -3.0349190e-02
  -2.9378060e-02
  -2.8051020e-02
  -2.6384220e-02
  -2.4441080e-02
  -2.2303650e-02
  -2.0031120e-02
  -1.7687480e-02
  -1.5333700e-02
  -1.2987210e-02
  -1.0665130e-02
  -8.4688890e-03
  -6.5481680e-03
  -4.9612710e-03
  -3.7346290e-03
  -2.9547340e-03
  -2.7069140e-03
  -2.9751380e-03
  -3.6636170e-03
  -4.6860030e-03
  -6.0115120e-03
  -7.6392650e-03
  -9.5571670e-03
  -1.1705440e-02
  -1.3985910e-02
  -1.6308730e-02
  -1.8599340e-02
  -2.0799010e-02
  -2.2841340e-02
  -2.4662590e-02
  -2.6232740e-02
  -2.7610710e-02
  -2.8955750e-02
  -3.0341610e-02
  -3.1695900e-02
  -3.2949670e-02
  -3.4107730e-02
  -3.5232930e-02
  -3.6372500e-02
  -3.7532690e-02
  -3.8636550e-02
  -3.9508950e-02
  -4.0001670e-02
  -4.0075250e-02
  -3.9796160e-02
  -3.9300940e-02
  -3.8689340e-02
  -3.7981730e-02
  -3.7161770e-02
  -3.6199140e-02
  -3.5104970e-02
  -3.4008100e-02
  -3.3102560e-02
  -3.2517980e-02
  -3.2298820e-02
  -3.2468790e-02
  -3.3005510e-02
  -3.3782130e-02
  -3.4614980e-02
  -3.5342550e-02
  -3.5860960e-02
  -3.6150770e-02
  -3.6252950e-02
  -3.6201880e-02
  -3.6008530e-02
  -3.5656640e-02
  -3.5091280e-02
  -3.4215650e-02
  -3.2959940e-02
  -3.1374060e-02
  -2.9576430e-02
  -2.7620420e-02
  -2.5444410e-02
  -2.2944690e-02
  -2.0094640e-02
  -1.7016730e-02
  -1.3878870e-02
  -1.0834450e-02
  -8.0227020e-03
  -5.5414570e-03
  -3.4243490e-03
  -1.6390160e-03
  -1.1421560e-04
   1.2155490e-03
   2.4217990e-03
   3.5790710e-03
   4.7127840e-03
   5.7882410e-03
   6.7308720e-03
   7.4465940e-03
   7.8523210e-03
   7.8986320e-03
   7.5854110e-03
   6.9406740e-03
   5.9795540e-03
   4.6903040e-03
   3.0952340e-03
   1.2798600e-03
  -6.0688040e-04
  -2.3924180e-03
  -3.9228420e-03
  -5.0818790e-03
  -5.8278150e-03
  -6.2189750e-03
  -6.3492020e-03
  -6.2908560e-03
  -6.0542930e-03
  -5.6285300e-03
  -5.0480790e-03
  -4.3761640e-03
  -3.6820990e-03
  -3.0601520e-03
  -2.5834310e-03
  -2.1953260e-03
  -1.7727360e-03
  -1.2438780e-03
  -6.1631610e-04
   7.0419280e-05
   7.4854550e-04
   1.2982530e-03
   1.6588290e-03
   1.9441070e-03
   2.3686040e-03
   3.0609280e-03
   4.0083060e-03
   5.1166470e-03
   6.2804840e-03
   7.3994870e-03
   8.3922330e-03
   9.2219550e-03
   9.9292430e-03
   1.0608290e-02
   1.1370910e-02
   1.2363260e-02
   1.3731460e-02
   1.5565260e-02
   1.7893060e-02
   2.0671650e-02
   2.3778130e-02
   2.7037510e-02
   3.0306180e-02
   3.3508470e-02
   3.6547870e-02
   3.9259120e-02
   4.1439300e-02
   4.2921850e-02
   4.3625870e-02
   4.3567450e-02
   4.2821480e-02
   4.1484860e-02
   3.9643260e-02
   3.7363700e-02
   3.4707540e-02
   3.1787490e-02
   2.8753240e-02
   2.5750340e-02
   2.2928420e-02
   2.0452230e-02
   1.8451900e-02
   1.6975660e-02
   1.5980860e-02
   1.5358390e-02
   1.5008950e-02
   1.4865230e-02
   1.4888980e-02
   1.5057460e-02
   1.5320020e-02
   1.5598170e-02
   1.5818600e-02
   1.5916420e-02
   1.5790780e-02
   1.5325200e-02
   1.4513530e-02
   1.3526840e-02
   1.2560340e-02
   1.1688940e-02
   1.0908560e-02
   1.0257670e-02
   9.7863930e-03
   9.4923820e-03
   9.3432030e-03
   9.3449450e-03
   9.5444450e-03
   9.9722910e-03
   1.0570850e-02
   1.1231970e-02
   1.1896260e-02
   1.2610300e-02
   1.3441630e-02
   1.4326930e-02
   1.5122700e-02
   1.5749180e-02
   1.6273900e-02
   1.6879680e-02
   1.7755510e-02
   1.8987590e-02
   2.0517770e-02
   2.2184130e-02
   2.3803760e-02
   2.5239720e-02
   2.6475480e-02
   2.7579770e-02
   2.8608790e-02
   2.9555570e-02
   3.0408900e-02
   3.1152220e-02
   3.1738690e-02
   3.2104790e-02
   3.2192060e-02
   3.1982200e-02
   3.1542630e-02
   3.1019840e-02
   3.0530910e-02
   3.0129290e-02
   2.9843380e-02
   2.9628940e-02
   2.9354140e-02
   2.8902240e-02
   2.8287030e-02
   2.7706690e-02
   2.7462820e-02
   2.7803340e-02
   2.8768680e-02
   3.0154790e-02
   3.1610990e-02
   3.2787640e-02
   3.3469450e-02
   3.3661810e-02
   3.3579970e-02
   3.3524050e-02
   3.3739080e-02
   3.4309570e-02
   3.5160360e-02
   3.6256000e-02
   3.7597430e-02
   3.9066970e-02
   4.0406970e-02
   4.1365090e-02
   4.1803570e-02
   4.1729150e-02
   4.1323580e-02
   4.0863180e-02
   4.0523160e-02
   4.0252130e-02
   3.9851130e-02
   3.9099230e-02
   3.7800520e-02
   3.5793830e-02
   3.2974270e-02
   2.9330530e-02
   2.4942290e-02
   1.9925890e-02
   1.4407220e-02
   8.5185100e-03
   2.3665460e-03
  -3.9517230e-03
  -1.0240960e-02
  -1.6204700e-02
  -2.1623070e-02
  -2.6437840e-02
  -3.0698890e-02
  -3.4471950e-02
  -3.7797920e-02
  -4.0695870e-02
  -4.3178520e-02
  -4.5212360e-02
  -4.6729640e-02
  -4.7690190e-02
  -4.8108080e-02
  -4.8026170e-02
  -4.7518590e-02
  -4.6728030e-02
  -4.5801410e-02
  -4.4795940e-02
  -4.3725040e-02
  -4.2656020e-02
  -4.1692130e-02
  -4.0907420e-02
  -4.0374550e-02
  -4.0153990e-02
  -4.0227800e-02
  -4.0496510e-02
  -4.0836550e-02
  -4.1134210e-02
  -4.1320220e-02
  -4.1355250e-02
  -4.1210990e-02
  -4.0872050e-02
  -4.0346980e-02
  -3.9690710e-02
  -3.8988820e-02
  -3.8306250e-02
  -3.7644720e-02
  -3.6958710e-02
  -3.6205370e-02
  -3.5380350e-02
  -3.4488600e-02
  -3.3538730e-02
  -3.2524220e-02
  -3.1419110e-02
  -3.0176530e-02
  -2.8730940e-02
  -2.7063360e-02
  -2.5189930e-02
  -2.3083610e-02
  -2.0712610e-02
  -1.8126000e-02
  -1.5441420e-02
  -1.2789790e-02
  -1.0266060e-02
  -7.8830910e-03
  -5.5859330e-03
  -3.2863090e-03
  -9.0190900e-04
   1.5683010e-03
   4.0055450e-03
   6.2855870e-03
   8.3440550e-03
   1.0122620e-02
   1.1555050e-02
   1.2646030e-02
   1.3524980e-02
   1.4357750e-02
   1.5225940e-02
   1.6120760e-02
   1.7023310e-02
   1.7920590e-02
   1.8768790e-02
   1.9535640e-02
   2.0234380e-02
   2.0875940e-02
   2.1425430e-02
   2.1824720e-02
   2.2062490e-02
   2.2142880e-02
   2.1991030e-02
   2.1510480e-02
   2.0691410e-02
   1.9579440e-02
   1.8180000e-02
   1.6433970e-02
   1.4271660e-02
   1.1698110e-02
   8.8344570e-03
   5.8421160e-03
   2.8685230e-03
   7.7139410e-05
  -2.3451460e-03
  -4.2505170e-03
  -5.5712460e-03
  -6.2610370e-03
  -6.2902210e-03
  -5.6515100e-03
  -4.3499680e-03
  -2.4713650e-03
  -1.9845230e-04
   2.3111620e-03
   4.9996080e-03
   7.8527540e-03
   1.0814430e-02
   1.3758980e-02
   1.6569150e-02
   1.9156600e-02
   2.1417380e-02
   2.3232350e-02
   2.4503280e-02
   2.5144070e-02
   2.5053670e-02
   2.4122800e-02
   2.2305840e-02
   1.9635220e-02
   1.6176700e-02
   1.1976330e-02
   7.1111900e-03
   1.7361130e-03
  -3.9423180e-03
  -9.7137070e-03
  -1.5413130e-02
  -2.0948560e-02
  -2.6263250e-02
  -3.1278540e-02
  -3.5853010e-02
  -3.9833110e-02
  -4.3140100e-02
  -4.5766150e-02
  -4.7701810e-02
  -4.8885570e-02
  -4.9219750e-02
  -4.8625840e-02
  -4.7101530e-02
  -4.4742860e-02
  -4.1750510e-02
  -3.8331130e-02
  -3.4621770e-02
  -3.0772990e-02
  -2.7042230e-02
  -2.3693090e-02
  -2.0839210e-02
  -1.8470030e-02
  -1.6539830e-02
  -1.4953990e-02
  -1.3529570e-02
  -1.2041190e-02
  -1.0362800e-02
  -8.5356940e-03
  -6.6718530e-03
  -4.8376730e-03
  -3.0199410e-03
  -1.1736900e-03
   6.9666570e-04
   2.5204480e-03
   4.1381240e-03
   5.3880600e-03
   6.2706950e-03
   6.9147700e-03
   7.4325790e-03
   7.8659420e-03
   8.2198240e-03
   8.4970720e-03
   8.7008750e-03
   8.8156370e-03
   8.8047770e-03
   8.6296270e-03
   8.2947640e-03
   7.8749140e-03
   7.4775020e-03
   7.2037790e-03
   7.1218990e-03
   7.2586270e-03
   7.5980420e-03
   8.0573390e-03
   8.4906300e-03
   8.7294500e-03
   8.7282760e-03
   8.5479190e-03
   8.2073250e-03
   7.6827640e-03
   7.0188040e-03
   6.3579420e-03
   5.8679620e-03
   5.6732750e-03
   5.8100090e-03
   6.2149830e-03
   6.7739250e-03
   7.3706010e-03
   7.9491070e-03
   8.5244500e-03
   9.1516220e-03
   9.8974270e-03
   1.0857870e-02
   1.2129610e-02
   1.3752180e-02
   1.5683280e-02
   1.7804910e-02
   1.9947160e-02
   2.1946060e-02
   2.3720170e-02
   2.5265420e-02
   2.6598730e-02
   2.7677500e-02
   2.8392360e-02
   2.8639960e-02
   2.8359030e-02
   2.7524560e-02
   2.6193380e-02
   2.4470920e-02
   2.2443220e-02
   2.0160770e-02
   1.7622280e-02
   1.4838740e-02
   1.1903960e-02
   8.9958680e-03
   6.3306660e-03
   4.1063800e-03
   2.4172850e-03
   1.2126350e-03
   4.0252290e-04
  -5.5492330e-06
   2.3934060e-05
   4.0753010e-04
   1.0040130e-03
   1.7341790e-03
   2.5894860e-03
   3.5843770e-03
   4.6829130e-03
   5.7857110e-03
   6.7728350e-03
   7.5747570e-03
   8.1497880e-03
   8.4417510e-03
   8.4226120e-03
   8.1309450e-03
   7.7301920e-03
   7.4803380e-03
   7.5922610e-03
   8.1433800e-03
   9.1334640e-03
   1.0539190e-02
   1.2309060e-02
   1.4338070e-02
   1.6501640e-02
   1.8668420e-02
   2.0685950e-02
   2.2402600e-02
   2.3709610e-02
   2.4553840e-02
   2.4926160e-02
   2.4874880e-02
   2.4529890e-02
   2.4061700e-02
   2.3597500e-02
   2.3198200e-02
   2.2886580e-02
   2.2656920e-02
   2.2474460e-02
   2.2331500e-02
   2.2290380e-02
   2.2406670e-02
   2.2671560e-02
   2.3025380e-02
   2.3427890e-02
   2.3887190e-02
   2.4412330e-02
   2.4975880e-02
   2.5494590e-02
   2.5813000e-02
   2.5798790e-02
   2.5396690e-02
   2.4613570e-02
   2.3451160e-02
   2.1862340e-02
   1.9825700e-02
   1.7396240e-02
   1.4765910e-02
   1.2178550e-02
   9.7811720e-03
   7.5685620e-03
   5.4557190e-03
   3.3689210e-03
   1.2891440e-03
  -7.2537390e-04
  -2.5804500e-03
  -4.2055070e-03
  -5.5650970e-03
  -6.6550440e-03
  -7.5586000e-03
  -8.4127380e-03
  -9.3699950e-03
  -1.0559770e-02
  -1.2056530e-02
  -1.3864840e-02
  -1.5913660e-02
  -1.8093100e-02
  -2.0258460e-02
  -2.2255900e-02
  -2.3996220e-02
  -2.5437720e-02
  -2.6551180e-02
  -2.7333820e-02
  -2.7807560e-02
  -2.8007850e-02
  -2.7922920e-02
  -2.7448230e-02
  -2.6427010e-02
  -2.4748790e-02
  -2.2400080e-02
  -1.9411010e-02
  -1.5819180e-02
  -1.1708460e-02
  -7.2840630e-03
  -2.8375080e-03
   1.3729530e-03
   5.2036850e-03
   8.6157720e-03
   1.1566570e-02
   1.3947570e-02
   1.5678790e-02
   1.6782970e-02
   1.7357090e-02
   1.7534230e-02
   1.7473370e-02
   1.7276070e-02
   1.6929400e-02
   1.6405220e-02
   1.5760170e-02
   1.5099190e-02
   1.4467090e-02
   1.3827380e-02
   1.3098170e-02
   1.2219890e-02
   1.1196980e-02
   1.0126200e-02
   9.2607150e-03
   8.9283930e-03
   9.3019840e-03
   1.0274450e-02
   1.1535590e-02
   1.2789130e-02
   1.3877370e-02
   1.4789920e-02
   1.5593410e-02
   1.6343870e-02
   1.7030350e-02
   1.7611540e-02
   1.8094500e-02
   1.8561140e-02
   1.9098260e-02
   1.9702280e-02
   2.0253440e-02
   2.0606340e-02
   2.0680980e-02
   2.0500590e-02
   2.0184560e-02
   1.9882410e-02
   1.9658220e-02
   1.9451250e-02
   1.9219120e-02
   1.8958820e-02
   1.8623830e-02
   1.8141090e-02
   1.7493870e-02
   1.6719290e-02
   1.5859150e-02
   1.4927530e-02
   1.3933060e-02
   1.2918620e-02
   1.1949010e-02
   1.1050210e-02
   1.0197680e-02
   9.3630600e-03
   8.5560340e-03
   7.8080560e-03
   7.1128460e-03
   6.5001930e-03
   6.0217120e-03
   5.6469010e-03
   5.3633810e-03
   5.2488320e-03
   5.3480100e-03
   5.6198180e-03
   6.0020840e-03
   6.4561880e-03
   6.9730880e-03
   7.5227790e-03
   7.9996990e-03
   8.2854810e-03
   8.3523460e-03
   8.2807710e-03
   8.2072370e-03
   8.2498700e-03
   8.4232200e-03
   8.6238750e-03
   8.7263200e-03
   8.6961210e-03
   8.5860620e-03
   8.4354450e-03
   8.2454820e-03
   8.0229630e-03
   7.7507110e-03
   7.3906880e-03
   6.9278760e-03
   6.4261860e-03
   5.9867100e-03
   5.6797640e-03
   5.5489830e-03
   5.6080430e-03
   5.8108960e-03
   6.1158340e-03
   6.5474530e-03
   7.1386300e-03
   7.8882680e-03
   8.7510490e-03
   9.7057730e-03
   1.0767410e-02
   1.1887420e-02
   1.2944320e-02
   1.3835970e-02
   1.4532790e-02
   1.5025900e-02
   1.5276510e-02
   1.5271740e-02
   1.5097030e-02
   1.4900280e-02
   1.4789520e-02
   1.4814120e-02
   1.5005360e-02
   1.5371550e-02
   1.5934720e-02
   1.6704960e-02
   1.7598840e-02
   1.8462650e-02
   1.9139110e-02
   1.9532840e-02
   1.9672910e-02
   1.9661420e-02
   1.9553110e-02
   1.9344290e-02
   1.9022050e-02
   1.8588460e-02
   1.8090640e-02
   1.7629550e-02
   1.7318800e-02
   1.7249980e-02
   1.7452140e-02
   1.7879970e-02
   1.8464370e-02
   1.9176450e-02
   2.0043630e-02
   2.1090510e-02
   2.2239770e-02
   2.3320480e-02
   2.4181770e-02
   2.4784620e-02
   2.5244760e-02
   2.5744580e-02
   2.6400480e-02
   2.7220130e-02
   2.8133090e-02
   2.9073250e-02
   3.0006940e-02
   3.0924150e-02
   3.1854440e-02
   3.2812660e-02
   3.3755360e-02
   3.4633110e-02
   3.5428810e-02
   3.6151120e-02
   3.6816200e-02
   3.7440830e-02
   3.7998310e-02
   3.8381150e-02
   3.8460120e-02
   3.8190120e-02
   3.7653750e-02
   3.6960570e-02
   3.6126580e-02
   3.5110860e-02
   3.3870390e-02
   3.2373500e-02
   3.0604440e-02
   2.8557430e-02
   2.6201640e-02
   2.3485580e-02
   2.0409290e-02
   1.7072470e-02
   1.3667780e-02
   1.0418420e-02
   7.4874750e-03
   4.9394570e-03
   2.7549130e-03
   8.6505220e-04
  -8.1221730e-04
  -2.3277240e-03
  -3.6781180e-03
  -4.8372090e-03
  -5.7714860e-03
  -6.3922540e-03
  -6.5441200e-03
  -6.1155040e-03
  -5.1520580e-03
  -3.7784710e-03
  -2.1235500e-03
  -3.3214100e-04
   1.4175880e-03
   2.9700240e-03
   4.3075570e-03
   5.5700570e-03
   6.9196140e-03
   8.4062720e-03
   9.9693750e-03
   1.1529260e-02
   1.3068430e-02
   1.4586160e-02
   1.6038890e-02
   1.7340650e-02
   1.8370980e-02
   1.9040780e-02
   1.9354760e-02
   1.9345660e-02
   1.9031220e-02
   1.8451140e-02
   1.7707060e-02
   1.6924660e-02
   1.6193040e-02
   1.5564630e-02
   1.5046800e-02
   1.4547760e-02
   1.3924930e-02
   1.3092020e-02
   1.2053400e-02
   1.0856940e-02
   9.5532660e-03
   8.1616240e-03
   6.6754010e-03
   5.1018000e-03
   3.4597880e-03
   1.8176540e-03
   3.0460510e-04
  -9.9096730e-04
  -2.0801180e-03
  -3.0372110e-03
  -3.9326990e-03
  -4.7892470e-03
  -5.5814690e-03
  -6.2823340e-03
  -6.8900020e-03
  -7.4316990e-03
  -7.9457750e-03
  -8.4609800e-03
  -8.9694480e-03
  -9.4665800e-03
  -9.9964720e-03
  -1.0588630e-02
  -1.1198850e-02
  -1.1799550e-02
  -1.2405790e-02
  -1.2983970e-02
  -1.3429480e-02
  -1.3649610e-02
  -1.3634040e-02
  -1.3396890e-02
  -1.2943260e-02
  -1.2303100e-02
  -1.1509270e-02
  -1.0589370e-02
  -9.5976570e-03
  -8.6104830e-03
  -7.6748440e-03
  -6.7704120e-03
  -5.8464940e-03
  -4.8856030e-03
  -3.9710370e-03
  -3.2568700e-03
  -2.7565540e-03
  -2.3282130e-03
  -1.8736760e-03
  -1.3724430e-03
  -8.0984890e-04
  -1.5994960e-04
   5.7318390e-04
   1.3812540e-03
   2.2670760e-03
   3.1891470e-03
   4.0754550e-03
   4.8774590e-03
   5.5680390e-03
   6.1089460e-03
   6.4628390e-03
   6.6386820e-03
   6.6892620e-03
   6.6272310e-03
   6.4181120e-03
   6.0470140e-03
   5.5769550e-03
   5.1197700e-03
   4.7496680e-03
   4.5009850e-03
   4.3725570e-03
   4.3165440e-03
   4.2437450e-03
   4.0663180e-03
   3.7770090e-03
   3.4218130e-03
   3.0567010e-03
   2.6874520e-03
   2.2274130e-03
   1.5658860e-03
   6.5240800e-04
  -4.6363270e-04
  -1.6863990e-03
  -2.9480370e-03
  -4.2380270e-03
  -5.5663150e-03
  -6.8924260e-03
  -8.1567980e-03
  -9.3233550e-03
  -1.0364070e-02
  -1.1242860e-02
  -1.1919610e-02
  -1.2361730e-02
  -1.2556510e-02
  -1.2529920e-02
  -1.2300620e-02
  -1.1850150e-02
  -1.1162500e-02
  -1.0254830e-02
  -9.1935400e-03
  -8.0584950e-03
  -6.8955220e-03
  -5.6757780e-03
  -4.3186900e-03
  -2.7774850e-03
  -1.0895770e-03
   7.2566330e-04
   2.6922760e-03
   4.8181120e-03
   7.0822800e-03
   9.4490060e-03
   1.1861810e-02
   1.4232680e-02
   1.6479420e-02
   1.8561000e-02
   2.0478190e-02
   2.2244090e-02
   2.3861580e-02
   2.5311900e-02
   2.6574710e-02
   2.7628920e-02
   2.8429250e-02
   2.8914940e-02
   2.9037210e-02
   2.8786980e-02
   2.8219820e-02
   2.7453750e-02
   2.6582220e-02
   2.5593120e-02
   2.4439650e-02
   2.3146080e-02
   2.1752430e-02
   2.0235210e-02
   1.8541600e-02
   1.6670310e-02
   1.4693480e-02
   1.2692610e-02
   1.0717490e-02
   8.8209940e-03
   7.0547070e-03
   5.4608160e-03
   4.0923290e-03
   2.9994910e-03
   2.2071010e-03
   1.7075210e-03
   1.4642250e-03
   1.4593410e-03
   1.6872780e-03
   2.1172770e-03
   2.7031150e-03
   3.4045430e-03
   4.1733610e-03
   4.9326610e-03
   5.6114350e-03
   6.1908870e-03
   6.6506350e-03
   6.9212340e-03
   6.9297290e-03
   6.6644020e-03
   6.1520920e-03
   5.4334950e-03
   4.6088820e-03
   3.8246440e-03
   3.2107410e-03
   2.8304210e-03
   2.6949400e-03
   2.8183280e-03
   3.2018630e-03
   3.8240090e-03
   4.6443750e-03
   5.5841650e-03
   6.5328640e-03
   7.3696660e-03
   7.9938660e-03
   8.3238850e-03
   8.3016090e-03
   7.8678060e-03
   6.9901460e-03
   5.7084130e-03
   4.1039380e-03
   2.2550130e-03
   2.2916330e-04
  -1.9298120e-03
  -4.2074240e-03
  -6.5695470e-03
  -8.9554690e-03
  -1.1279260e-02
  -1.3508250e-02
  -1.5652550e-02
  -1.7671480e-02
  -1.9467310e-02
  -2.0963070e-02
  -2.2118790e-02
  -2.2919480e-02
  -2.3375950e-02
  -2.3468260e-02
  -2.3178100e-02
  -2.2585970e-02
  -2.1806210e-02
  -2.0921190e-02
  -1.9972970e-02
  -1.8996550e-02
  -1.8063420e-02
  -1.7266190e-02
  -1.6683690e-02
  -1.6345820e-02
  -1.6183960e-02
  -1.6101370e-02
  -1.6063120e-02
  -1.6064120e-02
  -1.6109490e-02
  -1.6223020e-02
  -1.6440440e-02
  -1.6771600e-02
  -1.7174750e-02
  -1.7620210e-02
  -1.8081200e-02
  -1.8515680e-02
  -1.8909080e-02
  -1.9258460e-02
  -1.9555520e-02
  -1.9768460e-02
  -1.9856480e-02
  -1.9781430e-02
  -1.9515240e-02
  -1.9033060e-02
  -1.8215990e-02
  -1.6939340e-02
  -1.5233220e-02
  -1.3253830e-02
  -1.1176470e-02
  -9.1448960e-03
  -7.2461240e-03
  -5.5170140e-03
  -3.9604140e-03
  -2.5701920e-03
  -1.3527590e-03
  -3.1339850e-04
   5.6869380e-04
   1.3364600e-03
   2.0082400e-03
   2.5460010e-03
   2.9056820e-03
   3.0867600e-03
   3.1070920e-03
   2.9382290e-03
   2.5582060e-03
   1.9750860e-03
   1.1817230e-03
   1.7629470e-04
  -9.7416530e-04
  -2.1808120e-03
  -3.3933900e-03
  -4.5867270e-03
  -5.7145630e-03
  -6.7172570e-03
  -7.5874560e-03
  -8.3596930e-03
  -9.0402040e-03
  -9.6057850e-03
  -1.0035710e-02
  -1.0302390e-02
  -1.0360920e-02
  -1.0184560e-02
  -9.7991530e-03
  -9.2493350e-03
  -8.5650760e-03
  -7.7796530e-03
  -6.9432780e-03
  -6.0740490e-03
  -5.1491700e-03
  -4.1614840e-03
  -3.1746070e-03
  -2.2975780e-03
  -1.5799280e-03
  -1.0026060e-03
  -5.3967610e-04
  -1.7685290e-04
   8.9993510e-05
   2.7933340e-04
   4.3074460e-04
   5.7656070e-04
   7.4816210e-04
   9.9799960e-04
   1.3772530e-03
   1.9316310e-03
   2.7094530e-03
   3.7099050e-03
   4.8303810e-03
   5.9100500e-03
   6.8661150e-03
   7.6845150e-03
   8.3686200e-03
   8.9466580e-03
   9.4542150e-03
   9.8977020e-03
   1.0235690e-02
   1.0396650e-02
   1.0333110e-02
   1.0063390e-02
   9.6543230e-03
   9.1962110e-03
   8.7490520e-03
   8.2969180e-03
   7.7935140e-03
   7.2264300e-03
   6.6330160e-03
   6.0354920e-03
   5.4137580e-03
   4.7856230e-03
   4.2293640e-03
   3.8129710e-03
   3.5206720e-03
   3.2879350e-03
   3.1267180e-03
   3.1121720e-03
   3.2944740e-03
   3.6422700e-03
   4.0705340e-03
   4.5158230e-03
   4.9235970e-03
   5.2168740e-03
   5.3028270e-03
   5.1219630e-03
   4.6876320e-03
   4.0781000e-03
   3.4119450e-03
   2.7783580e-03
   2.1722340e-03
   1.5265080e-03
   7.6366170e-04
  -1.3236010e-04
  -1.0786630e-03
  -1.9415650e-03
  -2.6206900e-03
  -3.0618720e-03
  -3.2378840e-03
  -3.1517840e-03
  -2.7913360e-03
  -2.1725780e-03
  -1.4223280e-03
  -7.3676370e-04
  -2.7493230e-04
  -9.3349670e-05
  -1.4862320e-04
  -3.6820350e-04
  -6.9582020e-04
  -1.1022470e-03
  -1.6091130e-03
  -2.2434480e-03
  -2.9963430e-03
  -3.8362380e-03
  -4.7462530e-03
  -5.7399870e-03
  -6.8164460e-03
  -7.9296100e-03
  -9.0310710e-03
  -1.0115440e-02
  -1.1209160e-02
  -1.2338530e-02
  -1.3470450e-02
  -1.4525170e-02
  -1.5431170e-02
  -1.6191820e-02
  -1.6862620e-02
  -1.7500270e-02
  -1.8115450e-02
  -1.8683290e-02
  -1.9196310e-02
  -1.9652210e-02
  -2.0068580e-02
  -2.0507060e-02
  -2.1044310e-02
  -2.1693110e-02
  -2.2385250e-02
  -2.3041590e-02
  -2.3629790e-02
  -2.4122840e-02
  -2.4441360e-02
  -2.4500940e-02
  -2.4322860e-02
  -2.3974330e-02
  -2.3504490e-02
  -2.2957440e-02
  -2.2354380e-02
  -2.1686150e-02
  -2.0931850e-02
  -2.0116020e-02
  -1.9288350e-02
  -1.8462950e-02
  -1.7608660e-02
  -1.6685840e-02
  -1.5677740e-02
  -1.4566240e-02
  -1.3360380e-02
  -1.2131860e-02
  -1.0968320e-02
  -9.8953800e-03
  -8.8851560e-03
  -7.9396330e-03
  -7.0718570e-03
  -6.2670730e-03
  -5.5063070e-03
  -4.7686290e-03
  -4.0170460e-03
  -3.2007320e-03
  -2.2492860e-03
  -1.1414900e-03
   3.8837880e-05
   1.1698090e-03
   2.1692490e-03
   3.0248160e-03
   3.7688910e-03
   4.4244090e-03
   4.9985700e-03
   5.4924480e-03
   5.9544770e-03
   6.4791680e-03
   7.1140620e-03
   7.8081320e-03
   8.5229490e-03
   9.2861580e-03
   1.0121690e-02
   1.1003530e-02
   1.1859380e-02
   1.2627880e-02
   1.3303360e-02
   1.3909660e-02
   1.4442060e-02
   1.4858790e-02
   1.5108660e-02
   1.5155160e-02
   1.4969980e-02
   1.4545380e-02
   1.3895520e-02
   1.3044860e-02
   1.2029220e-02
   1.0880360e-02
   9.6391650e-03
   8.3572270e-03
   7.0822980e-03
   5.8472080e-03
   4.6534220e-03
   3.5037470e-03
   2.3972980e-03
   1.3057570e-03
   2.3634670e-04
  -8.1650420e-04
  -1.9225750e-03
  -3.1657720e-03
  -4.5407720e-03
  -5.9650110e-03
  -7.3504160e-03
  -8.6331170e-03
  -9.7737080e-03
  -1.0769100e-02
  -1.1621290e-02
  -1.2302890e-02
  -1.2796350e-02
  -1.3108990e-02
  -1.3256290e-02
  -1.3276980e-02
  -1.3224740e-02
  -1.3147720e-02
  -1.3101610e-02
  -1.3136130e-02
  -1.3245890e-02
  -1.3383130e-02
  -1.3530170e-02
  -1.3682820e-02
  -1.3779350e-02
  -1.3694140e-02
  -1.3325360e-02
  -1.2672070e-02
  -1.1789480e-02
  -1.0734290e-02
  -9.5337990e-03
  -8.1964890e-03
  -6.7447930e-03
  -5.2184850e-03
  -3.6856850e-03
  -2.2202760e-03
  -8.7441990e-04
   3.0904620e-04
   1.2802530e-03
   2.0115980e-03
   2.5266200e-03
   2.8346550e-03
   2.8916670e-03
   2.6702390e-03
   2.2100800e-03
   1.6172000e-03
   9.8347760e-04
   3.4087830e-04
  -2.8200200e-04
  -8.6172610e-04
  -1.3931450e-03
  -1.8716090e-03
  -2.2909590e-03
  -2.6318260e-03
  -2.8592730e-03
  -2.9289050e-03
  -2.7926440e-03
  -2.4091760e-03
  -1.7596040e-03
  -8.7212570e-04
   2.2916800e-04
   1.5111130e-03
   2.9138750e-03
   4.3546510e-03
   5.6915500e-03
   6.7989920e-03
   7.6128490e-03
   8.1426820e-03
   8.4373740e-03
   8.5344320e-03
   8.4582970e-03
   8.2402270e-03
   7.8989750e-03
   7.4471160e-03
   6.9212480e-03
   6.3869450e-03
   5.9158070e-03
   5.5404300e-03
   5.2094700e-03
   4.8453230e-03
   4.4544010e-03
   4.1154480e-03
   3.8755840e-03
   3.7105500e-03
   3.5484110e-03
   3.3432210e-03
   3.0872430e-03
   2.8263280e-03
   2.6482870e-03
   2.6375910e-03
   2.8361090e-03
   3.2378760e-03
   3.8063430e-03
   4.5173010e-03
   5.3872750e-03
   6.4556260e-03
   7.7155230e-03
   9.1081870e-03
   1.0578870e-02
   1.2095980e-02
   1.3644750e-02
   1.5196280e-02
   1.6686250e-02
   1.8087990e-02
   1.9427000e-02
   2.0706750e-02
   2.1891030e-02
   2.2944760e-02
   2.3880790e-02
   2.4738600e-02
   2.5541860e-02
   2.6264960e-02
   2.6862270e-02
   2.7310760e-02
   2.7586320e-02
   2.7614650e-02
   2.7350700e-02
   2.6844170e-02
   2.6185280e-02
   2.5431610e-02
   2.4645410e-02
   2.3882880e-02
   2.3137460e-02
   2.2384360e-02
   2.1642580e-02
   2.0967800e-02
   2.0392870e-02
   1.9881970e-02
   1.9326090e-02
   1.8648740e-02
   1.7913650e-02
   1.7284870e-02
   1.6879150e-02
   1.6580960e-02
   1.5956490e-02
   1.4379990e-02
   1.1520700e-02
   7.9102700e-03
   5.3828440e-03
   5.3785020e-03
   6.3866230e-03
   6.5273560e-03
   5.2603280e-03
   2.9501810e-03
   2.3538900e-04
  -2.4700970e-03
  -5.0489050e-03
  -7.5124780e-03
  -9.8284720e-03
  -1.1902780e-02
  -1.3645640e-02
  -1.5046430e-02
  -1.6176270e-02
  -1.7143820e-02
  -1.8033980e-02
  -1.8906790e-02
  -1.9779830e-02
  -2.0613050e-02
  -2.1372670e-02
  -2.2056960e-02
  -2.2646470e-02
  -2.3114450e-02
  -2.3471320e-02
  -2.3745870e-02
  -2.3941310e-02
  -2.4053820e-02
  -2.4066780e-02
  -2.3928080e-02
  -2.3549110e-02
  -2.2863960e-02
  -2.1891150e-02
  -2.0740050e-02
  -1.9489270e-02
  -1.8127720e-02
  -1.6612170e-02
  -1.4951660e-02
  -1.3212780e-02
  -1.1495680e-02
  -9.9026740e-03
  -8.5059830e-03
  -7.2552610e-03
  -6.0193220e-03
  -4.7527670e-03
  -3.5173080e-03
  -2.3847660e-03
  -1.3820410e-03
  -4.9504810e-04
   3.0733750e-04
   1.0465840e-03
   1.7298430e-03
   2.3287350e-03
   2.8010450e-03
   3.1029210e-03
   3.2078270e-03
   3.1373320e-03
   2.9708880e-03
   2.8017350e-03
   2.6829770e-03
   2.5803340e-03
   2.3737870e-03
   2.0413440e-03
   1.6921720e-03
   1.3760110e-03
   1.0747870e-03
   7.7703820e-04
   4.5947080e-04
   8.5560140e-05
  -3.6754290e-04
  -8.7442320e-04
  -1.4124870e-03
  -2.0233480e-03
  -2.7474970e-03
  -3.5347220e-03
  -4.2547670e-03
  -4.7917620e-03
  -5.0844270e-03
  -5.0987270e-03
  -4.8480940e-03
  -4.4078600e-03
  -3.8705200e-03
  -3.2764110e-03
  -2.6264330e-03
  -1.9483760e-03
  -1.2888800e-03
  -6.5679380e-04
  -4.7851540e-05
   5.3443800e-04
   1.1103970e-03
   1.7103100e-03
   2.3513010e-03
   3.0337920e-03
   3.7311910e-03
   4.3740590e-03
   4.8399710e-03
   5.0368660e-03
   4.9776960e-03
   4.7400250e-03
   4.3877700e-03
   3.9064780e-03
   3.2239180e-03
   2.3213340e-03
   1.2533730e-03
   1.0682630e-04
  -1.0178660e-03
  -2.0582560e-03
  -3.0186460e-03
  -3.9224750e-03
  -4.7931550e-03
  -5.6385790e-03
  -6.4201610e-03
  -7.1010940e-03
  -7.6951840e-03
  -8.2182030e-03
  -8.6330000e-03
  -8.8720540e-03
  -8.8887400e-03
  -8.6711820e-03
  -8.2502590e-03
  -7.7213690e-03
  -7.2079070e-03
  -6.7976790e-03
  -6.5035840e-03
  -6.2829190e-03
  -6.1067990e-03
  -5.9968440e-03
  -6.0146530e-03
  -6.2151380e-03
  -6.5953770e-03
  -7.1018210e-03
  -7.6638780e-03
  -8.2012340e-03
  -8.6503540e-03
  -8.9716060e-03
  -9.1404810e-03
  -9.1633240e-03
  -9.1234160e-03
  -9.1578270e-03
  -9.3944620e-03
  -9.8979560e-03
  -1.0626370e-02
  -1.1455230e-02
  -1.2311380e-02
  -1.3230620e-02
  -1.4242390e-02
  -1.5290420e-02
  -1.6261710e-02
  -1.7031220e-02
  -1.7534200e-02
  -1.7803330e-02
  -1.7934620e-02
  -1.8013990e-02
  -1.8093070e-02
  -1.8161350e-02
  -1.8175750e-02
  -1.8082000e-02
  -1.7809580e-02
  -1.7310040e-02
  -1.6584740e-02
  -1.5676470e-02
  -1.4645890e-02
  -1.3532670e-02
  -1.2375440e-02
  -1.1241950e-02
  -1.0175920e-02
  -9.1768100e-03
  -8.2376770e-03
  -7.3800790e-03
  -6.6196830e-03
  -5.9443050e-03
  -5.3587330e-03
  -4.9163260e-03
  -4.6689060e-03
  -4.6203300e-03
  -4.7380880e-03
  -4.9821210e-03
  -5.3095560e-03
  -5.6544330e-03
  -5.9671200e-03
  -6.2776020e-03
  -6.6295160e-03
  -7.0350700e-03
  -7.4980060e-03
  -8.0255130e-03
  -8.6145640e-03
  -9.2119490e-03
  -9.7788400e-03
  -1.0336530e-02
  -1.0887760e-02
  -1.1383800e-02
  -1.1767300e-02
  -1.2038320e-02
  -1.2242320e-02
  -1.2414960e-02
  -1.2552740e-02
  -1.2621340e-02
  -1.2593640e-02
  -1.2456720e-02
  -1.2236550e-02
  -1.1998650e-02
  -1.1829960e-02
  -1.1803430e-02
  -1.1995410e-02
  -1.2452860e-02
  -1.3107150e-02
  -1.3793660e-02
  -1.4378770e-02
  -1.4864870e-02
  -1.5338780e-02
  -1.5874020e-02
  -1.6487480e-02
  -1.7150320e-02
  -1.7817240e-02
  -1.8444960e-02
  -1.9008620e-02
  -1.9536340e-02
  -2.0063100e-02
  -2.0575970e-02
  -2.1036320e-02
  -2.1432550e-02
  -2.1800080e-02
  -2.2170350e-02
  -2.2534280e-02
  -2.2849660e-02
  -2.3051910e-02
  -2.3071370e-02
  -2.2876440e-02
  -2.2482300e-02
  -2.1891010e-02
  -2.1071570e-02
  -2.0037300e-02
  -1.8879020e-02
  -1.7737880e-02
  -1.6737810e-02
  -1.5938030e-02
  -1.5335240e-02
  -1.4898260e-02
  -1.4582020e-02
  -1.4348460e-02
  -1.4215870e-02
  -1.4218570e-02
  -1.4233940e-02
  -1.4043900e-02
  -1.3521200e-02
  -1.2661510e-02
  -1.1496500e-02
  -1.0055650e-02
  -8.3714650e-03
  -6.4607960e-03
  -4.3229270e-03
  -1.9528790e-03
   6.3050120e-04
   3.3707830e-03
   6.1595520e-03
   8.8572530e-03
   1.1315770e-02
   1.3383530e-02
   1.4937050e-02
   1.5966570e-02
   1.6560160e-02
   1.6801630e-02
   1.6782880e-02
   1.6536250e-02
   1.6024960e-02
   1.5249010e-02
   1.4289450e-02
   1.3263980e-02
   1.2251550e-02
   1.1302160e-02
   1.0449860e-02
   9.6777710e-03
   8.9450310e-03
   8.2430080e-03
   7.6037890e-03
   7.0749690e-03
   6.6763000e-03
   6.3912770e-03
   6.1901690e-03
   6.0438300e-03
   5.9131610e-03
   5.7623960e-03
   5.5894600e-03
   5.4080710e-03
   5.2028050e-03
   4.9783050e-03
   4.7754440e-03
   4.6030840e-03
   4.4337470e-03
   4.2465440e-03
   4.0506610e-03
   3.8661250e-03
   3.6857700e-03
   3.4544270e-03
   3.1114370e-03
   2.6090310e-03
   1.9282080e-03
   1.1175680e-03
   2.5780640e-04
  -5.9602400e-04
  -1.4294680e-03
  -2.2464570e-03
  -3.0456690e-03
  -3.8023200e-03
  -4.4808860e-03
  -5.0554820e-03
  -5.4786250e-03
  -5.7130030e-03
  -5.7792340e-03
  -5.6932020e-03
  -5.4305340e-03
  -5.0247830e-03
  -4.5685420e-03
  -4.1265140e-03
  -3.7035830e-03
  -3.2773320e-03
  -2.8353100e-03
  -2.4276230e-03
  -2.1426830e-03
  -2.0305680e-03
  -2.0821390e-03
  -2.2257210e-03
  -2.3598980e-03
  -2.4709820e-03
  -2.6545260e-03
  -2.9940340e-03
  -3.4730330e-03
  -4.0070600e-03
  -4.5209910e-03
  -4.9448450e-03
  -5.2216740e-03
  -5.3712100e-03
  -5.4337490e-03
  -5.3931820e-03
  -5.1893970e-03
  -4.7721500e-03
  -4.1278290e-03
  -3.2726150e-03
  -2.2400300e-03
  -1.0892260e-03
   1.0339500e-04
   1.2692640e-03
   2.3998960e-03
   3.5199630e-03
   4.6237970e-03
   5.7064470e-03
   6.7652180e-03
   7.7583780e-03
   8.6450200e-03
   9.3960190e-03
   9.9988050e-03
   1.0459410e-02
   1.0780730e-02
   1.0975270e-02
   1.1069440e-02
   1.1072220e-02
   1.0955340e-02
   1.0680660e-02
   1.0251380e-02
   9.7131360e-03
   9.1065300e-03
   8.4451530e-03
   7.7343340e-03
   6.9389380e-03
   6.0117150e-03
   4.9668600e-03
   3.8648070e-03
   2.7424390e-03
   1.6016780e-03
   4.4710470e-04
  -6.8229170e-04
  -1.7691130e-03
  -2.8753910e-03
  -4.0969840e-03
  -5.4830820e-03
  -6.9997940e-03
  -8.5622390e-03
  -1.0086440e-02
  -1.1511030e-02
  -1.2870450e-02
  -1.4280260e-02
  -1.5806060e-02
  -1.7364580e-02
  -1.8856270e-02
  -2.0295500e-02
  -2.1735120e-02
  -2.3170750e-02
  -2.4546270e-02
  -2.5794840e-02
  -2.6842460e-02
  -2.7627450e-02
  -2.8138690e-02
  -2.8431460e-02
  -2.8574080e-02
  -2.8600630e-02
  -2.8505010e-02
  -2.8278780e-02
  -2.7953460e-02
  -2.7582060e-02
  -2.7200670e-02
  -2.6819390e-02
  -2.6433330e-02
  -2.6026280e-02
  -2.5602960e-02
  -2.5205770e-02
  -2.4877870e-02
  -2.4632880e-02
  -2.4481550e-02
  -2.4440720e-02
  -2.4510130e-02
  -2.4678840e-02
  -2.4963620e-02
  -2.5402800e-02
  -2.6005400e-02
  -2.6720440e-02
  -2.7435600e-02
  -2.8055150e-02
  -2.8570970e-02
  -2.9018840e-02
  -2.9429300e-02
  -2.9795720e-02
  -3.0073310e-02
  -3.0177340e-02
  -3.0049810e-02
  -2.9721250e-02
  -2.9248010e-02
  -2.8658070e-02
  -2.7965480e-02
  -2.7188990e-02
  -2.6339900e-02
  -2.5411490e-02
  -2.4409420e-02
  -2.3378100e-02
  -2.2379170e-02
  -2.1467570e-02
  -2.0662940e-02
  -1.9940180e-02
  -1.9253070e-02
  -1.8566500e-02
  -1.7867260e-02
  -1.7192110e-02
  -1.6625220e-02
  -1.6221830e-02
  -1.5951380e-02
  -1.5744410e-02
  -1.5564010e-02
  -1.5397220e-02
  -1.5218270e-02
  -1.5001710e-02
  -1.4736830e-02
  -1.4427010e-02
  -1.4067440e-02
  -1.3630640e-02
  -1.3060060e-02
  -1.2294870e-02
  -1.1344680e-02
  -1.0302230e-02
  -9.2779270e-03
  -8.3177400e-03
  -7.3571920e-03
  -6.3054780e-03
  -5.1942170e-03
  -4.1237160e-03
  -3.1693760e-03
  -2.3761420e-03
  -1.7519880e-03
  -1.2267680e-03
  -7.3829840e-04
  -3.3117370e-04
  -9.9313740e-05
  -8.6317980e-05
  -2.4196490e-04
  -4.6639740e-04
  -7.0293580e-04
  -9.6913250e-04
  -1.2889850e-03
  -1.6378340e-03
  -1.9680800e-03
  -2.2351990e-03
  -2.4432020e-03
  -2.6168020e-03
  -2.7312080e-03
  -2.7179770e-03
  -2.5474720e-03
  -2.2632660e-03
  -1.8816850e-03
  -1.3682400e-03
  -7.3172010e-04
  -7.7428830e-05
   4.8691230e-04
   9.8599030e-04
   1.5657950e-03
   2.3657270e-03
   3.4123000e-03
   4.5932860e-03
   5.7407650e-03
   6.7618310e-03
   7.6784750e-03
   8.5620740e-03
   9.4241980e-03
   1.0230610e-02
   1.0934330e-02
   1.1518430e-02
   1.2002610e-02
   1.2381310e-02
   1.2612310e-02
   1.2674240e-02
   1.2573100e-02
   1.2327530e-02
   1.1950610e-02
   1.1422760e-02
   1.0716500e-02
   9.8404530e-03
   8.8474930e-03
   7.7973620e-03
   6.7267040e-03
   5.6502920e-03
   4.5967660e-03
   3.5936010e-03
   2.6194300e-03
   1.6201690e-03
   5.6076510e-04
  -5.3717860e-04
  -1.6387770e-03
  -2.7312950e-03
  -3.7956710e-03
  -4.7916280e-03
  -5.6956170e-03
  -6.5227950e-03
  -7.2727840e-03
  -7.8890480e-03
  -8.3207740e-03
  -8.5882170e-03
  -8.7717220e-03
  -8.9499240e-03
  -9.1648440e-03
  -9.4009150e-03
  -9.6118840e-03
  -9.7296750e-03
  -9.7147590e-03
  -9.6312620e-03
  -9.5542560e-03
  -9.5031420e-03
  -9.5029010e-03
  -9.6269470e-03
  -9.9225650e-03
  -1.0395400e-02
  -1.1030780e-02
  -1.1761170e-02
  -1.2489350e-02
  -1.3184700e-02
  -1.3913360e-02
  -1.4773030e-02
  -1.5758240e-02
  -1.6745570e-02
  -1.7622750e-02
  -1.8374840e-02
  -1.9057150e-02
  -1.9708250e-02
  -2.0300220e-02
  -2.0775270e-02
  -2.1089620e-02
  -2.1232050e-02
  -2.1258090e-02
  -2.1259390e-02
  -2.1287810e-02
  -2.1358110e-02
  -2.1432300e-02
  -2.1450500e-02
  -2.1395050e-02
  -2.1289030e-02
  -2.1147430e-02
  -2.0963770e-02
  -2.0724090e-02
  -2.0434010e-02
  -2.0128550e-02
  -1.9826240e-02
  -1.9517120e-02
  -1.9190700e-02
  -1.8863050e-02
  -1.8550970e-02
  -1.8233690e-02
  -1.7867140e-02
  -1.7440030e-02
  -1.6989630e-02
  -1.6572630e-02
  -1.6181640e-02
  -1.5789210e-02
  -1.5419030e-02
  -1.5121950e-02
  -1.4934790e-02
  -1.4830510e-02
  -1.4738800e-02
  -1.4620310e-02
  -1.4496990e-02
  -1.4437950e-02
  -1.4478270e-02
  -1.4585930e-02
  -1.4722990e-02
  -1.4884010e-02
  -1.5092550e-02
  -1.5350520e-02
  -1.5608860e-02
  -1.5822290e-02
  -1.6002190e-02
  -1.6161930e-02
  -1.6256110e-02
  -1.6237280e-02
  -1.6120650e-02
  -1.5935910e-02
  -1.5679330e-02
  -1.5318000e-02
  -1.4821750e-02
  -1.4188630e-02
  -1.3466550e-02
  -1.2708740e-02
  -1.1897920e-02
  -1.0984160e-02
  -9.9789110e-03
  -8.9430370e-03
  -7.9697030e-03
  -7.1098090e-03
  -6.3167030e-03
  -5.5361140e-03
  -4.7961970e-03
  -4.1422000e-03
  -3.5630640e-03
  -3.0170840e-03
  -2.4919320e-03
  -2.0185600e-03
  -1.6398370e-03
  -1.3834720e-03
  -1.2689460e-03
  -1.3187840e-03
  -1.5228810e-03
  -1.8125470e-03
  -2.0842990e-03
  -2.2725570e-03
  -2.3607210e-03
  -2.3657060e-03
  -2.3564340e-03
  -2.3717060e-03
  -2.3411130e-03
  -2.1814070e-03
  -1.8967650e-03
  -1.5366380e-03
  -1.1177040e-03
  -6.4507350e-04
  -1.6782320e-04
   2.5145920e-04
   5.9756360e-04
   9.0280460e-04
   1.2009880e-03
   1.4973690e-03
   1.7789850e-03
   2.0158920e-03
   2.1581010e-03
   2.1735190e-03
   2.1050940e-03
   2.0455200e-03
   2.0558040e-03
   2.0986000e-03
   2.1429080e-03
   2.2119360e-03
   2.2784650e-03
   2.2738420e-03
   2.1817610e-03
   2.0577620e-03
   1.9446600e-03
   1.8294650e-03
   1.6935790e-03
   1.5412410e-03
   1.3674840e-03
   1.1622680e-03
   9.3475130e-04
   6.9514690e-04
   4.4312270e-04
   1.8979200e-04
  -4.0742500e-05
  -2.4551630e-04
  -4.3987930e-04
  -6.3238790e-04
  -7.8445980e-04
  -8.7137770e-04
  -9.3512670e-04
  -1.0114490e-03
  -1.1001100e-03
  -1.2013550e-03
  -1.3409280e-03
  -1.5244660e-03
  -1.7288270e-03
  -1.9326430e-03
  -2.1343340e-03
  -2.3541370e-03
  -2.6052300e-03
  -2.8933410e-03
  -3.2431030e-03
  -3.6472040e-03
  -4.0519130e-03
  -4.4202890e-03
  -4.7749240e-03
  -5.1651320e-03
  -5.5757870e-03
  -5.9518570e-03
  -6.2789710e-03
  -6.5667480e-03
  -6.8415070e-03
  -7.1531730e-03
  -7.5464750e-03
  -8.0197640e-03
  -8.5046540e-03
  -8.9142940e-03
  -9.2324940e-03
  -9.5279460e-03
  -9.8616980e-03
  -1.0215780e-02
  -1.0490350e-02
  -1.0580640e-02
  -1.0480330e-02
  -1.0268780e-02
  -1.0022200e-02
  -9.7373460e-03
  -9.3356450e-03
  -8.7883910e-03
  -8.1968750e-03
  -7.7036260e-03
  -7.3664180e-03
  -7.1306580e-03
  -6.9198030e-03
  -6.7268350e-03
  -6.5752890e-03
  -6.4780150e-03
  -6.4291570e-03
  -6.3884290e-03
  -6.2993740e-03
  -6.1256020e-03
  -5.8810950e-03
  -5.6049790e-03
  -5.3245960e-03
  -5.0522080e-03
  -4.7788310e-03
  -4.4690560e-03
  -4.0867420e-03
  -3.6456230e-03
  -3.1992170e-03
  -2.7706910e-03
  -2.3340650e-03
  -1.8626400e-03
  -1.3680840e-03
  -8.6945080e-04
  -3.7753010e-04
   9.5216260e-05
   5.2220090e-04
   8.9900630e-04
   1.2295820e-03
   1.5206180e-03
   1.7868100e-03
   2.0420710e-03
   2.2963310e-03
   2.5531580e-03
   2.8271850e-03
   3.1651860e-03
   3.6422930e-03
   4.2704630e-03
   4.9454630e-03
   5.5602170e-03
   6.0717240e-03
   6.4562380e-03
   6.6913290e-03
   6.7816320e-03
   6.7657710e-03
   6.6666310e-03
   6.4820910e-03
   6.2139540e-03
   5.9034720e-03
   5.6056690e-03
   5.3334910e-03
   5.0819490e-03
   4.8706360e-03
   4.7367330e-03
   4.6929020e-03
   4.7163170e-03
   4.8221090e-03
   5.0356940e-03
   5.2866990e-03
   5.4431470e-03
   5.4144940e-03
   5.2072320e-03
   4.9165370e-03
   4.6584520e-03
   4.5061420e-03
   4.4458700e-03
   4.4005610e-03
   4.3006210e-03
   4.0803460e-03
   3.7024210e-03
   3.1943030e-03
   2.6100990e-03
   2.0059620e-03
   1.4103200e-03
   7.9524130e-04
   1.3087490e-04
  -5.5754230e-04
  -1.1988570e-03
  -1.7344290e-03
  -2.1296530e-03
  -2.3913080e-03
  -2.5587350e-03
  -2.6867160e-03
  -2.8228320e-03
  -2.9734220e-03
  -3.1149940e-03
  -3.2353650e-03
  -3.3301740e-03
  -3.4008980e-03
  -3.4494430e-03
  -3.4749850e-03
  -3.4881720e-03
  -3.5229790e-03
  -3.6282210e-03
  -3.8370970e-03
  -4.1299450e-03
  -4.4452130e-03
  -4.7374860e-03
  -5.0200740e-03
  -5.3167670e-03
  -5.6334860e-03
  -5.9763610e-03
  -6.3564600e-03
  -6.7619400e-03
  -7.1554610e-03
  -7.5048340e-03
  -7.7945800e-03
  -8.0187140e-03
  -8.1564070e-03
  -8.1722770e-03
  -8.0433330e-03
  -7.7464300e-03
  -7.2785200e-03
  -6.6593400e-03
  -5.9186340e-03
  -5.0912150e-03
  -4.1663060e-03
  -3.1267710e-03
  -2.0375140e-03
  -1.0230020e-03
  -1.5275160e-04
   5.8576100e-04
   1.2076210e-03
   1.7017800e-03
   2.0617680e-03
   2.3096740e-03
   2.4699700e-03
   2.5633510e-03
   2.5919850e-03
   2.5537070e-03
   2.4622320e-03
   2.3353760e-03
   2.1963740e-03
   2.0570950e-03
   1.8916890e-03
   1.6187120e-03
   1.2352600e-03
   8.4709430e-04
   5.2475960e-04
   2.7355120e-04
   8.9446440e-05
  -1.9831660e-05
  -5.7149330e-05
  -2.8148070e-05
   9.4244100e-05
   3.3476600e-04
   6.5249390e-04
   9.8945800e-04
   1.3261970e-03
   1.6623680e-03
   1.9958360e-03
   2.3167650e-03
   2.6202950e-03
   2.9249570e-03
   3.2513250e-03
   3.5917840e-03
   3.9472250e-03
   4.3282900e-03
   4.7206790e-03
   5.0941990e-03
   5.4301290e-03
   5.7323990e-03
   6.0232460e-03
   6.3363580e-03
   6.6810780e-03
   7.0242970e-03
   7.3151450e-03
   7.4996080e-03
   7.5636810e-03
   7.5431430e-03
   7.4833690e-03
   7.4032920e-03
   7.2769050e-03
   7.0708100e-03
   6.8003780e-03
   6.5306060e-03
   6.3416330e-03
   6.2586730e-03
   6.2413020e-03
   6.2387210e-03
   6.2181640e-03
   6.1588240e-03
   6.0351080e-03
   5.8298170e-03
   5.5333820e-03
   5.1391280e-03
   4.6435150e-03
   4.0772470e-03
   3.4994520e-03
   2.9115300e-03
   2.2566970e-03
   1.5088950e-03
   7.1734360e-04
  -3.7715060e-05
  -7.0444220e-04
  -1.2702490e-03
  -1.7312240e-03
  -2.1083670e-03
  -2.4756830e-03
  -2.8677690e-03
  -3.2482060e-03
  -3.5678880e-03
  -3.8040410e-03
  -3.9251180e-03
  -3.8926640e-03
  -3.7224980e-03
  -3.4675910e-03
  -3.1623250e-03
  -2.7973570e-03
  -2.3478980e-03
  -1.8370520e-03
  -1.3207660e-03
  -8.7298040e-04
  -5.6024560e-04
  -3.9877130e-04
  -3.5301540e-04
  -3.6227370e-04
  -4.0787080e-04
  -5.3535290e-04
  -7.7526090e-04
  -1.1045460e-03
  -1.4796910e-03
  -1.8637610e-03
  -2.2372050e-03
  -2.6018460e-03
  -2.9762370e-03
  -3.3628080e-03
  -3.7358680e-03
  -4.0799100e-03
  -4.3922070e-03
  -4.6700890e-03
  -4.9113270e-03
  -5.1074060e-03
  -5.2414090e-03
  -5.3007010e-03
  -5.2928470e-03
  -5.2449590e-03
  -5.2004710e-03
  -5.1955870e-03
  -5.2140300e-03
  -5.1757250e-03
  -5.0301590e-03
  -4.8096500e-03
  -4.5662630e-03
  -4.3223370e-03
  -4.0557830e-03
  -3.7218630e-03
  -3.2946080e-03
  -2.7792800e-03
  -2.1905730e-03
  -1.5235020e-03
  -7.6631800e-04
   5.6414170e-05
   8.7691440e-04
   1.6444480e-03
   2.3599860e-03
   3.0448480e-03
   3.7094160e-03
   4.3260970e-03
   4.8459270e-03
   5.2746600e-03
   5.6568330e-03
   6.0226350e-03
   6.4031400e-03
   6.8375220e-03
   7.3254170e-03
   7.8219830e-03
   8.2754890e-03
   8.6716350e-03
   9.0409020e-03
   9.4109500e-03
   9.7692430e-03
   1.0065450e-02
   1.0246750e-02
   1.0282940e-02
   1.0186930e-02
   1.0033480e-02
   9.9312730e-03
   9.9077330e-03
   9.9210080e-03
   9.9854690e-03
   1.0157650e-02
   1.0473680e-02
   1.0928480e-02
   1.1499880e-02
   1.2195360e-02
   1.3005080e-02
   1.3860170e-02
   1.4701390e-02
   1.5505840e-02
   1.6273530e-02
   1.7032240e-02
   1.7788390e-02
   1.8481690e-02
   1.9019530e-02
   1.9354010e-02
   1.9515360e-02
   1.9570540e-02
   1.9557230e-02
   1.9490170e-02
   1.9385970e-02
   1.9242990e-02
   1.9025930e-02
   1.8722870e-02
   1.8378900e-02
   1.8042890e-02
   1.7746210e-02
   1.7527630e-02
   1.7398350e-02
   1.7311850e-02
   1.7212240e-02
   1.7090660e-02
   1.6964430e-02
   1.6837130e-02
   1.6696850e-02
   1.6573740e-02
   1.6502150e-02
   1.6442670e-02
   1.6328270e-02
   1.6145490e-02
   1.5923450e-02
   1.5692170e-02
   1.5472740e-02
   1.5275600e-02
   1.5092260e-02
   1.4914010e-02
   1.4744460e-02
   1.4586990e-02
   1.4425980e-02
   1.4241400e-02
   1.4041270e-02
   1.3862690e-02
   1.3728930e-02
   1.3648720e-02
   1.3601170e-02
   1.3534400e-02
   1.3467550e-02
   1.3470970e-02
   1.3565530e-02
   1.3693940e-02
   1.3817990e-02
   1.3956560e-02
   1.4112770e-02
   1.4293910e-02
   1.4522120e-02
   1.4808290e-02
   1.5117470e-02
   1.5372070e-02
   1.5525950e-02
   1.5606010e-02
   1.5678280e-02
   1.5771060e-02
   1.5867370e-02
   1.5939960e-02
   1.5971680e-02
   1.5963660e-02
   1.5963350e-02
   1.6018600e-02
   1.6122430e-02
   1.6237660e-02
   1.6336500e-02
   1.6408770e-02
   1.6450530e-02
   1.6465240e-02
   1.6451730e-02
   1.6403830e-02
   1.6300910e-02
   1.6123300e-02
   1.5879060e-02
   1.5591800e-02
   1.5277710e-02
   1.4956240e-02
   1.4640990e-02
   1.4332300e-02
   1.4013550e-02
   1.3674030e-02
   1.3316100e-02
   1.2938180e-02
   1.2511420e-02
   1.2010320e-02
   1.1454020e-02
   1.0876090e-02
   1.0292810e-02
   9.7036770e-03
   9.1021060e-03
   8.4960880e-03
   7.8961170e-03
   7.3157990e-03
   6.7574720e-03
   6.2206460e-03
   5.6862750e-03
   5.1488030e-03
   4.6309320e-03
   4.1349890e-03
   3.6222730e-03
   3.0624140e-03
   2.4991030e-03
   1.9894250e-03
   1.5521660e-03
   1.1904340e-03
   8.8435940e-04
   6.2176540e-04
   4.0705820e-04
   2.4595310e-04
   1.4919390e-04
   1.2843360e-04
   1.7995090e-04
   2.8533610e-04
   4.1996800e-04
   5.8523390e-04
   7.7917480e-04
   9.7275590e-04
   1.1550090e-03
   1.3531680e-03
   1.5971810e-03
   1.8778270e-03
   2.1847580e-03
   2.5089010e-03
   2.8156590e-03
   3.0907230e-03
   3.3600190e-03
   3.6489540e-03
   3.9536680e-03
   4.2326230e-03
   4.4607300e-03
   4.6351860e-03
   4.7526220e-03
   4.8391840e-03
   4.9640150e-03
   5.1568150e-03
   5.3875210e-03
   5.6169070e-03
   5.8037400e-03
   5.9347690e-03
   6.0057670e-03
   6.0096680e-03
   5.9645420e-03
   5.8767410e-03
   5.7239010e-03
   5.4916340e-03
   5.1920490e-03
   4.8479000e-03
   4.4708730e-03
   4.0429240e-03
   3.5532610e-03
   3.0339430e-03
   2.5484400e-03
   2.1285940e-03
   1.7488240e-03
   1.3685290e-03
   9.7659820e-04
   5.6939760e-04
   1.4145420e-04
  -3.1216700e-04
  -7.9207470e-04
  -1.2575390e-03
  -1.6467930e-03
  -1.9477780e-03
  -2.2309180e-03
  -2.5590590e-03
  -2.9314520e-03
  -3.3053030e-03
  -3.6178190e-03
  -3.8165270e-03
  -3.8891120e-03
  -3.8375850e-03
  -3.6846990e-03
  -3.4442700e-03
  -3.1049400e-03
  -2.6625870e-03
  -2.1287270e-03
  -1.5115880e-03
  -8.1832320e-04
  -9.1638660e-05
   6.0548150e-04
   1.2286370e-03
   1.8048000e-03
   2.4235610e-03
   3.1290260e-03
   3.8864690e-03
   4.6556080e-03
   5.4169830e-03
   6.1409220e-03
   6.8228470e-03
   7.4963260e-03
   8.2156090e-03
   9.0332500e-03
   9.9476160e-03
   1.0884340e-02
   1.1764750e-02
   1.2545340e-02
   1.3240730e-02
   1.3902960e-02
   1.4576620e-02
   1.5263220e-02
   1.5926290e-02
   1.6565190e-02
   1.7198600e-02
   1.7817980e-02
   1.8414510e-02
   1.8977900e-02
   1.9498420e-02
   1.9938580e-02
   2.0264930e-02
   2.0487170e-02
   2.0636970e-02
   2.0724630e-02
   2.0730600e-02
   2.0639950e-02
   2.0485680e-02
   2.0321150e-02
   2.0182180e-02
   2.0067130e-02
   1.9936630e-02
   1.9734550e-02
   1.9454300e-02
   1.9205090e-02
   1.9113320e-02
   1.9166810e-02
   1.9261680e-02
   1.9324440e-02
   1.9359240e-02
   1.9421430e-02
   1.9564010e-02
   1.9796990e-02
   2.0089420e-02
   2.0406450e-02
   2.0717660e-02
   2.1004160e-02
   2.1254170e-02
   2.1438300e-02
   2.1519300e-02
   2.1494990e-02
   2.1378990e-02
   2.1165880e-02
   2.0802500e-02
   2.0292790e-02
   1.9703150e-02
   1.9054380e-02
   1.8334290e-02
   1.7553920e-02
   1.6757920e-02
   1.5953910e-02
   1.5086390e-02
   1.4127120e-02
   1.3110130e-02
   1.2066920e-02
   1.1007250e-02
   9.9262420e-03
   8.8222770e-03
   7.7249040e-03
   6.6961440e-03
   5.8088910e-03
   5.0572680e-03
   4.3943840e-03
   3.7849470e-03
   3.1976340e-03
   2.6135920e-03
   2.0006270e-03
   1.3309040e-03
   6.1138800e-04
  -1.2597380e-04
  -8.4776080e-04
  -1.5502670e-03
  -2.2445550e-03
  -2.9480150e-03
  -3.6629010e-03
  -4.3355960e-03
  -4.9070130e-03
  -5.3510640e-03
  -5.6698800e-03
  -5.8611390e-03
  -5.9269420e-03
  -5.8972880e-03
  -5.8150670e-03
  -5.7191590e-03
  -5.5988540e-03
  -5.4142210e-03
  -5.1563180e-03
  -4.8576790e-03
  -4.5524990e-03
  -4.2772490e-03
  -4.0393830e-03
  -3.8290640e-03
  -3.6571370e-03
  -3.5309410e-03
  -3.4528410e-03
  -3.4222150e-03
  -3.4414310e-03
  -3.4996290e-03
  -3.5554710e-03
  -3.5640060e-03
  -3.5132130e-03
  -3.4366580e-03
  -3.3830140e-03
  -3.3781260e-03
  -3.4047020e-03
  -3.4336690e-03
  -3.4623810e-03
  -3.4890270e-03
  -3.4905720e-03
  -3.4742110e-03
  -3.4903390e-03
  -3.5787330e-03
  -3.7114220e-03
  -3.8269350e-03
  -3.9125610e-03
  -3.9919980e-03
  -4.0622520e-03
  -4.0800410e-03
  -4.0212640e-03
  -3.8850290e-03
  -3.6757800e-03
  -3.4192340e-03
  -3.1381570e-03
  -2.8374990e-03
  -2.5078020e-03
  -2.1544080e-03
  -1.8079760e-03
  -1.4923850e-03
  -1.1909170e-03
  -9.0075750e-04
  -6.1874750e-04
  -3.1701210e-04
   2.3730500e-05
   3.7897200e-04
   6.9434230e-04
   9.6931720e-04
   1.2376980e-03
   1.5289110e-03
   1.8498290e-03
   2.1996890e-03
   2.5855960e-03
   2.9831260e-03
   3.3602360e-03
   3.7152410e-03
   4.0930030e-03
   4.5270920e-03
   4.9734510e-03
   5.3714230e-03
   5.7157020e-03
   6.0479980e-03
   6.3887770e-03
   6.7266770e-03
   7.0503760e-03
   7.3675910e-03
   7.6806130e-03
   7.9797740e-03
   8.2496760e-03
   8.4805060e-03
   8.6757830e-03
   8.8440390e-03
   8.9871120e-03
   9.0868890e-03
   9.1261130e-03
   9.1125490e-03
   9.0806840e-03
   9.0299070e-03
   8.9256800e-03
   8.7828860e-03
   8.6771040e-03
   8.6755140e-03
   8.7797110e-03
   8.9455100e-03
   9.1350670e-03
   9.3446100e-03
   9.5984030e-03
   9.9105180e-03
   1.0277060e-02
   1.0680000e-02
   1.1102980e-02
   1.1515290e-02
   1.1868810e-02
   1.2138410e-02
   1.2320820e-02
   1.2420560e-02
   1.2455890e-02
   1.2419890e-02
   1.2265110e-02
   1.1934450e-02
   1.1418360e-02
   1.0771850e-02
   1.0062030e-02
   9.3370230e-03
   8.6399470e-03
   7.9690470e-03
   7.3036790e-03
   6.6535590e-03
   6.0781550e-03
   5.6441520e-03
   5.3672380e-03
   5.2125830e-03
   5.1099510e-03
   5.0221630e-03
   4.9481460e-03
   4.8940400e-03
   4.8622050e-03
   4.8256080e-03
   4.7346820e-03
   4.5664760e-03
   4.3466650e-03
   4.1096680e-03
   3.8671470e-03
   3.6215860e-03
   3.3598460e-03
   3.0597990e-03
   2.7049340e-03
   2.2972540e-03
   1.8524760e-03
   1.4036410e-03
   9.9154220e-04
   6.1919000e-04
   2.5928060e-04
  -1.3994370e-04
  -6.3563890e-04
  -1.1807040e-03
  -1.6406870e-03
  -1.9620770e-03
  -2.2262050e-03
  -2.5173290e-03
  -2.8540020e-03
  -3.2052900e-03
  -3.5186730e-03
  -3.7453490e-03
  -3.8635930e-03
  -3.8704910e-03
  -3.7683730e-03
  -3.5741540e-03
  -3.3046520e-03
  -2.9700680e-03
  -2.5843040e-03
  -2.1660440e-03
  -1.7182750e-03
  -1.2095040e-03
  -6.2685470e-04
  -4.8082300e-05
   4.7468050e-04
   9.6645910e-04
   1.4136720e-03
   1.7793900e-03
   2.0679950e-03
   2.2766250e-03
   2.3756340e-03
   2.3298150e-03
   2.1360740e-03
   1.8248300e-03
   1.4409570e-03
   1.0453030e-03
   6.7345690e-04
   3.2060450e-04
  -3.0880900e-05
  -3.7262410e-04
  -6.5472780e-04
  -8.3967800e-04
  -9.5590960e-04
  -1.0341710e-03
  -1.0618220e-03
  -9.9323110e-04
  -8.1854170e-04
  -5.8769820e-04
  -3.5460760e-04
  -1.7012610e-04
  -6.3303570e-05
  -1.5827340e-05
   3.0076040e-06
  -1.1436140e-06
  -2.6374390e-05
  -5.6921620e-05
  -1.0956490e-04
  -1.9943570e-04
  -3.1119980e-04
  -4.3314090e-04
  -5.5758370e-04
  -6.7271420e-04
  -7.6988930e-04
  -8.2581380e-04
  -7.9855530e-04
  -6.6435930e-04
  -4.6053730e-04
  -2.2536150e-04
   3.2840370e-05
   2.9924760e-04
   5.5005230e-04
   8.0144120e-04
   1.0982760e-03
   1.4594580e-03
   1.8577330e-03
   2.2596630e-03
   2.6785600e-03
   3.1491860e-03
   3.6596060e-03
   4.1760640e-03
   4.6377440e-03
   4.9648340e-03
   5.1287700e-03
   5.1918000e-03
   5.2761900e-03
   5.4367970e-03
   5.6013680e-03
   5.6653350e-03
   5.6086760e-03
   5.4843030e-03
   5.3385440e-03
   5.1756650e-03
   4.9833340e-03
   4.7581530e-03
   4.5087030e-03
   4.2747660e-03
   4.1147180e-03
   4.0510000e-03
   4.0480470e-03
   4.0663510e-03
   4.1154710e-03
   4.2287440e-03
   4.4054760e-03
   4.6390130e-03
   4.9473870e-03
   5.3336510e-03
   5.7399230e-03
   6.0960360e-03
   6.4049750e-03
   6.7255260e-03
   7.0611920e-03
   7.3560370e-03
   7.5563690e-03
   7.6628650e-03
   7.7231910e-03
   7.7812520e-03
   7.8463330e-03
   7.8915320e-03
   7.9095630e-03
   7.9384980e-03
   8.0392140e-03
   8.2297870e-03
   8.4490770e-03
   8.6208390e-03
   8.7229720e-03
   8.7681340e-03
   8.7742400e-03
   8.7480580e-03
   8.6730490e-03
   8.5147120e-03
   8.2577740e-03
   7.9482260e-03
   7.6652530e-03
   7.4388600e-03
   7.2306370e-03
   6.9834670e-03
   6.6793280e-03
   6.3455930e-03
   6.0223900e-03
   5.7230790e-03
   5.4429240e-03
   5.1771790e-03
   4.9146230e-03
   4.6437830e-03
   4.3695680e-03
   4.1095740e-03
   3.8739290e-03
   3.6633190e-03
   3.4798900e-03
   3.3312400e-03
   3.1817110e-03
   2.9973190e-03
   2.7742980e-03
   2.5021580e-03
   2.1730860e-03
   1.8248490e-03
   1.5313650e-03
   1.3254970e-03
   1.1979740e-03
   1.1357650e-03
   1.1306860e-03
   1.1752270e-03
   1.2596200e-03
   1.3899320e-03
   1.5877040e-03
   1.8456140e-03
   2.1069770e-03
   2.3363750e-03
   2.5699750e-03
   2.8630050e-03
   3.2094280e-03
   3.5444650e-03
   3.8351400e-03
   4.0979700e-03
   4.3392580e-03
   4.5385930e-03
   4.6936470e-03
   4.8355560e-03
   4.9944970e-03
   5.1972830e-03
   5.4557620e-03
   5.7384120e-03
   6.0009160e-03
   6.2516970e-03
   6.5595250e-03
   6.9653060e-03
   7.4140070e-03
   7.8113500e-03
   8.1472880e-03
   8.4411950e-03
   8.6726890e-03
   8.8475170e-03
   9.0193200e-03
   9.2327230e-03
   9.4795670e-03
   9.7201390e-03
   9.9289130e-03
   1.0097990e-02
   1.0237470e-02
   1.0369770e-02
   1.0509130e-02
   1.0646110e-02
   1.0709570e-02
   1.0603740e-02
   1.0365200e-02
   1.0097290e-02
   9.8281210e-03
   9.5305670e-03
   9.1775840e-03
   8.7695550e-03
   8.3312380e-03
   7.8897340e-03
   7.4790690e-03
   7.1287650e-03
   6.8202810e-03
   6.5130500e-03
   6.1914510e-03
   5.8709220e-03
   5.5845270e-03
   5.3559720e-03
   5.1910850e-03
   5.1077580e-03
   5.1084450e-03
   5.1136870e-03
   5.0816860e-03
   5.0406180e-03
   4.9975030e-03
   4.9519210e-03
   4.9335950e-03
   4.9808590e-03
   5.0825650e-03
   5.1930200e-03
   5.2735680e-03
   5.3057060e-03
   5.2853060e-03
   5.2213570e-03
   5.1187790e-03
   4.9795500e-03
   4.8121600e-03
   4.6381320e-03
   4.4557560e-03
   4.2018100e-03
   3.8279480e-03
   3.3660940e-03
   2.9184050e-03
   2.5450060e-03
   2.1776030e-03
   1.7257340e-03
   1.1601160e-03
   5.2019720e-04
  -1.2442390e-04
  -7.3410910e-04
  -1.3023550e-03
  -1.8430450e-03
  -2.3418370e-03
  -2.7440250e-03
  -2.9997710e-03
  -3.1103820e-03
  -3.1124920e-03
  -3.0491750e-03
  -2.9778940e-03
  -2.9460270e-03
  -2.9811060e-03
  -3.0688760e-03
  -3.1328560e-03
  -3.1349820e-03
  -3.1376560e-03
  -3.2128010e-03
  -3.3612860e-03
  -3.5738870e-03
  -3.8657930e-03
  -4.2340610e-03
  -4.6208430e-03
  -4.9682920e-03
  -5.2372860e-03
  -5.4081020e-03
  -5.4917820e-03
  -5.5317980e-03
  -5.5510840e-03
  -5.5278490e-03
  -5.4349300e-03
  -5.2788930e-03
  -5.1270640e-03
  -5.0586120e-03
  -5.0614530e-03
  -5.0855500e-03
  -5.1464500e-03
  -5.2530780e-03
  -5.3758430e-03
  -5.5057860e-03
  -5.6632290e-03
  -5.8502760e-03
  -6.0436930e-03
  -6.2382010e-03
  -6.4439790e-03
  -6.6553590e-03
  -6.8333000e-03
  -6.9373970e-03
  -6.9555930e-03
  -6.9136300e-03
  -6.8702880e-03
  -6.8625950e-03
  -6.8892720e-03
  -6.9420960e-03
  -6.9877790e-03
  -6.9719820e-03
  -6.8765970e-03
  -6.6957550e-03
  -6.3987290e-03
  -6.0022630e-03
  -5.5621010e-03
  -5.1486210e-03
  -4.7869900e-03
  -4.4581530e-03
  -4.1543690e-03
  -3.8728460e-03
  -3.5901810e-03
  -3.2742590e-03
  -2.9346290e-03
  -2.6391490e-03
  -2.4460010e-03
  -2.3449920e-03
  -2.3090030e-03
  -2.3276690e-03
  -2.3945060e-03
  -2.5101680e-03
  -2.7050840e-03
  -3.0109030e-03
  -3.3990240e-03
  -3.8020990e-03
  -4.1959330e-03
  -4.6255670e-03
  -5.1162180e-03
  -5.6244030e-03
  -6.0784740e-03
  -6.4450410e-03
  -6.7429860e-03
  -7.0109350e-03
  -7.2732610e-03
  -7.5249790e-03
  -7.7420790e-03
  -7.9072350e-03
  -8.0505810e-03
  -8.2285530e-03
  -8.4576750e-03
  -8.6881290e-03
  -8.8581940e-03
  -8.9567040e-03
  -9.0074450e-03
  -9.0570990e-03
  -9.1616030e-03
  -9.3207160e-03
  -9.4662050e-03
  -9.5428810e-03
  -9.5575100e-03
  -9.5380480e-03
  -9.5001900e-03
  -9.4481320e-03
  -9.3931840e-03
  -9.3380410e-03
  -9.2914040e-03
  -9.2795470e-03
  -9.3264880e-03
  -9.4020000e-03
  -9.4221020e-03
  -9.3462120e-03
  -9.2228550e-03
  -9.1220840e-03
  -9.0618310e-03
  -9.0321620e-03
  -9.0190300e-03
  -8.9908350e-03
  -8.8914480e-03
  -8.6826400e-03
  -8.3853120e-03
  -8.0640260e-03
  -7.7686810e-03
  -7.5060440e-03
  -7.2397150e-03
  -6.9327330e-03
  -6.5828080e-03
  -6.2193320e-03
  -5.8855020e-03
  -5.6041030e-03
  -5.3619390e-03
  -5.1236070e-03
  -4.8611320e-03
  -4.5431970e-03
  -4.1424080e-03
  -3.6842500e-03
  -3.2432710e-03
  -2.8788920e-03
  -2.5986180e-03
  -2.3553470e-03
  -2.1187480e-03
  -1.9070390e-03
  -1.7235330e-03
  -1.5569540e-03
  -1.3987020e-03
  -1.2212220e-03
  -1.0107880e-03
  -8.3078010e-04
  -7.6140440e-04
  -7.8629600e-04
  -7.8747270e-04
  -7.0102810e-04
  -5.8202640e-04
  -5.0068950e-04
  -4.6685260e-04
  -4.5258830e-04
  -4.3568490e-04
  -4.1161210e-04
  -3.7951610e-04
  -3.4130900e-04
  -2.9297350e-04
  -2.4278900e-04
  -2.3056270e-04
  -2.9006390e-04
  -4.2868610e-04
  -6.3488570e-04
  -8.7705520e-04
  -1.0949180e-03
  -1.2619940e-03
  -1.4583860e-03
  -1.7343880e-03
  -2.0679410e-03
  -2.4717980e-03
  -2.9663810e-03
  -3.4987630e-03
  -3.9883290e-03
  -4.3989350e-03
  -4.7209440e-03
  -4.9477320e-03
  -5.0915960e-03
  -5.1513310e-03
  -5.0915820e-03
  -4.8610330e-03
  -4.4428380e-03
  -3.8741930e-03
  -3.2094240e-03
  -2.4758530e-03
  -1.6983800e-03
  -9.1372250e-04
  -1.5211250e-04
   5.6518870e-04
   1.2330630e-03
   1.8560470e-03
   2.4331580e-03
   2.9465630e-03
   3.3397640e-03
   3.5658050e-03
   3.6328970e-03
   3.5911620e-03
   3.4926300e-03
   3.3459260e-03
   3.1417760e-03
   2.9124690e-03
   2.6788420e-03
   2.4344040e-03
   2.1872690e-03
   1.9621530e-03
   1.7751850e-03
   1.6360930e-03
   1.5493020e-03
   1.5157850e-03
   1.5201450e-03
   1.5390770e-03
   1.5644860e-03
   1.6252270e-03
   1.7677210e-03
   2.0098510e-03
   2.3436930e-03
   2.7212600e-03
   3.0729830e-03
   3.3451880e-03
   3.5429390e-03
   3.7073910e-03
   3.8494930e-03
   3.9357810e-03
   3.9065060e-03
   3.7168920e-03
   3.3648660e-03
   2.8831220e-03
   2.3107000e-03
   1.6637010e-03
   9.4636380e-04
   1.3417690e-04
  -7.8788260e-04
  -1.7675800e-03
  -2.7253960e-03
  -3.6128640e-03
  -4.4273950e-03
  -5.1745160e-03
  -5.8662960e-03
  -6.5125640e-03
  -7.1151800e-03
  -7.6695320e-03
  -8.1761450e-03
  -8.6271240e-03
  -8.9774760e-03
  -9.1867330e-03
  -9.2876410e-03
  -9.3585690e-03
  -9.4425170e-03
  -9.5185170e-03
  -9.5624820e-03
  -9.5957780e-03
  -9.6656930e-03
  -9.7844760e-03
  -9.9276300e-03
  -1.0118800e-02
  -1.0382380e-02
  -1.0671700e-02
  -1.0924500e-02
  -1.1111270e-02
  -1.1262500e-02
  -1.1438480e-02
  -1.1669020e-02
  -1.1918440e-02
  -1.2117600e-02
  -1.2235450e-02
  -1.2305300e-02
  -1.2386980e-02
  -1.2494540e-02
  -1.2583450e-02
  -1.2620170e-02
  -1.2623350e-02
  -1.2617280e-02
  -1.2589480e-02
  -1.2520420e-02
  -1.2414480e-02
  -1.2278630e-02
  -1.2124590e-02
  -1.1942030e-02
  -1.1711560e-02
  -1.1421570e-02
  -1.1079020e-02
  -1.0704570e-02
  -1.0313370e-02
  -9.9046910e-03
  -9.4633830e-03
  -8.9894260e-03
  -8.5174310e-03
  -8.0828790e-03
  -7.6828080e-03
  -7.3015080e-03
  -6.9641410e-03
  -6.7067970e-03
  -6.5357190e-03
  -6.4338630e-03
  -6.3879990e-03
  -6.3792230e-03
  -6.3737590e-03
  -6.3671320e-03
  -6.4072360e-03
  -6.5124760e-03
  -6.6221330e-03
  -6.6472930e-03
  -6.5408780e-03
  -6.3033970e-03
  -5.9776450e-03
  -5.6260980e-03
  -5.3031990e-03
  -5.0399070e-03
  -4.8205840e-03
  -4.6130830e-03
  -4.3938910e-03
  -4.1480390e-03
  -3.8800810e-03
  -3.6292940e-03
  -3.4350250e-03
  -3.3057850e-03
  -3.2405650e-03
  -3.2505780e-03
  -3.3362870e-03
  -3.4595340e-03
  -3.5585820e-03
  -3.5932180e-03
  -3.5805450e-03
  -3.5515940e-03
  -3.5134760e-03
  -3.4708650e-03
  -3.4431920e-03
  -3.4211200e-03
  -3.3580610e-03
  -3.2328610e-03
  -3.0807090e-03
  -2.9608720e-03
  -2.8657100e-03
  -2.7392980e-03
  -2.5763930e-03
  -2.4343340e-03
  -2.3278100e-03
  -2.2166580e-03
  -2.0790250e-03
  -1.9358440e-03
  -1.8168940e-03
  -1.7181480e-03
  -1.6165410e-03
  -1.4694370e-03
  -1.2089940e-03
  -8.1790960e-04
  -3.4752730e-04
   1.0769970e-04
   5.0259470e-04
   8.9224850e-04
   1.3204970e-03
   1.7559450e-03
   2.1580260e-03
   2.5213500e-03
   2.8420130e-03
   3.1085860e-03
   3.3418000e-03
   3.5904790e-03
   3.8817900e-03
   4.1914870e-03
   4.4692280e-03
   4.6809760e-03
   4.8354500e-03
   4.9793340e-03
   5.1674160e-03
   5.4205610e-03
   5.6812030e-03
   5.8333700e-03
   5.8551010e-03
   5.8278970e-03
   5.8036480e-03
   5.8067040e-03
   5.8848940e-03
   6.0620740e-03
   6.2871970e-03
   6.4961810e-03
   6.6744100e-03
   6.8372290e-03
   6.9917260e-03
   7.1531290e-03
   7.3737540e-03
   7.7095410e-03
   8.1466790e-03
   8.6175290e-03
   9.0663570e-03
   9.4634170e-03
   9.7987490e-03
   1.0108010e-02
   1.0446700e-02
   1.0828590e-02
   1.1172340e-02
   1.1392050e-02
   1.1513320e-02
   1.1629740e-02
   1.1773650e-02
   1.1871610e-02
   1.1879960e-02
   1.1836350e-02
   1.1767410e-02
   1.1665860e-02
   1.1549690e-02
   1.1455800e-02
   1.1403640e-02
   1.1411630e-02
   1.1480990e-02
   1.1571820e-02
   1.1642920e-02
   1.1673200e-02
   1.1703400e-02
   1.1806490e-02
   1.1977740e-02
   1.2121790e-02
   1.2197790e-02
   1.2233750e-02
   1.2249160e-02
   1.2229360e-02
   1.2171260e-02
   1.2123010e-02
   1.2125710e-02
   1.2158560e-02
   1.2190180e-02
   1.2213900e-02
   1.2243910e-02
   1.2300240e-02
   1.2374250e-02
   1.2400130e-02
   1.2288860e-02
   1.2029790e-02
   1.1716900e-02
   1.1438890e-02
   1.1170580e-02
   1.0836300e-02
   1.0406240e-02
   9.9092270e-03
   9.3811850e-03
   8.8416450e-03
   8.3148720e-03
   7.8070640e-03
   7.3103430e-03
   6.8133320e-03
   6.3126190e-03
   5.8232860e-03
   5.3753310e-03
   4.9912300e-03
   4.6593890e-03
   4.3318050e-03
   3.9449400e-03
   3.4703340e-03
   2.9524540e-03
   2.4534340e-03
   1.9949370e-03
   1.5680780e-03
   1.1511900e-03
   7.2910850e-04
   3.0914900e-04
  -1.0137260e-04
  -5.0450150e-04
  -8.8419630e-04
  -1.2150630e-03
  -1.4887140e-03
  -1.7228000e-03
  -1.9295040e-03
  -2.1078400e-03
  -2.2502090e-03
  -2.3593210e-03
  -2.4634820e-03
  -2.5793900e-03
  -2.6887780e-03
  -2.7593740e-03
  -2.7850730e-03
  -2.8157490e-03
  -2.8824600e-03
  -2.9631720e-03
  -3.0241370e-03
  -3.0568560e-03
  -3.1032080e-03
  -3.1803800e-03
  -3.2621970e-03
  -3.3022700e-03
  -3.2988850e-03
  -3.2918400e-03
  -3.3040470e-03
  -3.3351630e-03
  -3.3698110e-03
  -3.4048090e-03
  -3.4575110e-03
  -3.5561380e-03
  -3.7012240e-03
  -3.8308300e-03
  -3.8963940e-03
  -3.9129980e-03
  -3.9087560e-03
  -3.8981200e-03
  -3.8724390e-03
  -3.8170920e-03
  -3.7161750e-03
  -3.5431820e-03
  -3.3123360e-03
  -3.0773950e-03
  -2.8691150e-03
  -2.6708890e-03
  -2.4615110e-03
  -2.2698840e-03
  -2.1325050e-03
  -2.0429070e-03
  -1.9770870e-03
  -1.9219130e-03
  -1.8627010e-03
  -1.7887640e-03
  -1.7431230e-03
  -1.7822590e-03
  -1.9034280e-03
  -2.0323920e-03
  -2.1103450e-03
  -2.1295650e-03
  -2.1278150e-03
  -2.1393370e-03
  -2.1475850e-03
  -2.1208770e-03
  -2.0475450e-03
  -1.9600670e-03
  -1.8866400e-03
  -1.8188700e-03
  -1.7472450e-03
  -1.7203430e-03
  -1.7874890e-03
  -1.9349450e-03
  -2.1208750e-03
  -2.3069860e-03
  -2.4643790e-03
  -2.6510590e-03
  -2.9576630e-03
  -3.3736640e-03
  -3.8230520e-03
  -4.2739360e-03
  -4.7625800e-03
  -5.3226690e-03
  -5.9149820e-03
  -6.4687150e-03
  -6.9723800e-03
  -7.4844400e-03
  -8.0445330e-03
  -8.6179880e-03
  -9.1142680e-03
  -9.4622730e-03
  -9.7174170e-03
  -9.9949250e-03
  -1.0299310e-02
  -1.0534480e-02
  -1.0662120e-02
  -1.0735590e-02
  -1.0822190e-02
  -1.0935340e-02
  -1.1042740e-02
  -1.1123270e-02
  -1.1186570e-02
  -1.1261330e-02
  -1.1373000e-02
  -1.1519640e-02
  -1.1665550e-02
  -1.1783970e-02
  -1.1900430e-02
  -1.2046280e-02
  -1.2197860e-02
  -1.2289720e-02
  -1.2248250e-02
  -1.2064290e-02
  -1.1830490e-02
  -1.1565470e-02
  -1.1185340e-02
  -1.0675400e-02
  -1.0113950e-02
  -9.5560590e-03
  -9.0021490e-03
  -8.4441210e-03
  -7.8885460e-03
  -7.3450060e-03
  -6.8142680e-03
  -6.3116320e-03
  -5.8764850e-03
  -5.5261030e-03
  -5.2468490e-03
  -5.0313100e-03
  -4.8867450e-03
  -4.8218460e-03
  -4.8305650e-03
  -4.8794130e-03
  -4.9196320e-03
  -4.9089190e-03
  -4.8429370e-03
  -4.7519250e-03
  -4.6519180e-03
  -4.5035520e-03
  -4.2612070e-03
  -3.9603890e-03
  -3.6549790e-03
  -3.3683840e-03
  -3.0846130e-03
  -2.7568290e-03
  -2.3660040e-03
  -1.9416320e-03
  -1.5507190e-03
  -1.2212950e-03
  -9.3437570e-04
  -6.5718500e-04
  -3.6488400e-04
  -6.2535020e-05
   2.3468020e-04
   5.5544870e-04
   9.2703120e-04
   1.3073530e-03
   1.6459350e-03
   1.9456860e-03
   2.2502000e-03
   2.5915190e-03
   2.9843550e-03
   3.4151350e-03
   3.8036550e-03
   4.0947090e-03
   4.3092040e-03
   4.4707580e-03
   4.5570570e-03
   4.5545010e-03
   4.5180160e-03
   4.5356530e-03
   4.6195350e-03
   4.7235080e-03
   4.7855850e-03
   4.7777960e-03
   4.7159350e-03
   4.6287150e-03
   4.5493250e-03
   4.5082810e-03
   4.4887750e-03
   4.4472740e-03
   4.3612800e-03
   4.2277990e-03
   4.0619840e-03
   3.9022400e-03
   3.7740430e-03
   3.6703140e-03
   3.5717130e-03
   3.4902880e-03
   3.4277050e-03
   3.3318130e-03
   3.1491510e-03
   2.8756570e-03
   2.5704080e-03
   2.3118540e-03
   2.1214090e-03
   1.9334240e-03
   1.6744510e-03
   1.3432470e-03
   9.6989280e-04
   5.7757950e-04
   1.8564030e-04
  -1.9250680e-04
  -5.4605860e-04
  -8.8204800e-04
  -1.1944810e-03
  -1.4649770e-03
  -1.6636970e-03
  -1.7560910e-03
  -1.7430470e-03
  -1.6738540e-03
  -1.6043520e-03
  -1.5724780e-03
  -1.5718930e-03
  -1.5656340e-03
  -1.5322760e-03
  -1.4840720e-03
  -1.4450970e-03
  -1.4175700e-03
  -1.3911520e-03
  -1.3667160e-03
  -1.3489380e-03
  -1.3455170e-03
  -1.3734680e-03
  -1.4469040e-03
  -1.5678400e-03
  -1.7406190e-03
  -1.9544690e-03
  -2.1955440e-03
  -2.4419800e-03
  -2.6547950e-03
  -2.8191760e-03
  -2.9429300e-03
  -3.0114620e-03
  -2.9906630e-03
  -2.8904750e-03
  -2.7567190e-03
  -2.5951520e-03
  -2.3636690e-03
  -2.0605640e-03
  -1.7242480e-03
  -1.3860310e-03
  -1.0724520e-03
  -8.0857790e-04
  -6.0228850e-04
  -4.3794520e-04
  -2.8242670e-04
  -1.1165700e-04
   6.9377790e-05
   2.4543830e-04
   4.2530500e-04
   6.1449100e-04
   7.7084480e-04
   8.4910220e-04
   8.6180430e-04
   8.4346560e-04
   7.8880790e-04
   6.7164620e-04
   4.6578570e-04
   1.6214450e-04
  -2.3556060e-04
  -7.1865330e-04
  -1.2594360e-03
  -1.8062620e-03
  -2.2911110e-03
  -2.7000130e-03
  -3.0718430e-03
  -3.4223760e-03
  -3.7293070e-03
  -3.9512940e-03
  -4.0738350e-03
  -4.1367840e-03
  -4.1874930e-03
  -4.2091650e-03
  -4.1361740e-03
  -3.9521430e-03
  -3.7099220e-03
  -3.4843720e-03
  -3.3087330e-03
  -3.1720890e-03
  -3.0630700e-03
  -2.9800500e-03
  -2.9265640e-03
  -2.9267490e-03
  -3.0167470e-03
  -3.2159890e-03
  -3.5237310e-03
  -3.9262860e-03
  -4.3927160e-03
  -4.8885620e-03
  -5.3863430e-03
  -5.8722130e-03
  -6.3906860e-03
  -6.9956840e-03
  -7.6431780e-03
  -8.2519210e-03
  -8.7992650e-03
  -9.2908200e-03
  -9.7096430e-03
  -1.0032350e-02
  -1.0254900e-02
  -1.0396020e-02
  -1.0467130e-02
  -1.0472910e-02
  -1.0436850e-02
  -1.0377950e-02
  -1.0312610e-02
  -1.0256010e-02
  -1.0212050e-02
  -1.0186850e-02
  -1.0187300e-02
  -1.0186500e-02
  -1.0163060e-02
  -1.0163330e-02
  -1.0183240e-02
  -1.0137960e-02
  -1.0019950e-02
  -9.8992470e-03
  -9.8076140e-03
  -9.7260580e-03
  -9.6323800e-03
  -9.5284610e-03
  -9.4163160e-03
  -9.2750170e-03
  -9.1133980e-03
  -8.9665760e-03
  -8.8521640e-03
  -8.7441510e-03
  -8.6199770e-03
  -8.5159390e-03
  -8.4714330e-03
  -8.4861870e-03
  -8.5383030e-03
  -8.5963550e-03
  -8.6257110e-03
  -8.6145080e-03
  -8.6092770e-03
  -8.6765740e-03
  -8.8071020e-03
  -8.9514620e-03
  -9.0837810e-03
  -9.1850110e-03
  -9.2347840e-03
  -9.2467310e-03
  -9.2677200e-03
  -9.3192100e-03
  -9.3740770e-03
  -9.4112580e-03
  -9.4128790e-03
  -9.3777210e-03
  -9.3288840e-03
  -9.2812510e-03
  -9.2450070e-03
  -9.2230810e-03
  -9.2026990e-03
  -9.1912400e-03
  -9.2241000e-03
  -9.2927540e-03
  -9.3479520e-03
  -9.3532880e-03
  -9.2983370e-03
  -9.1882510e-03
  -9.0257720e-03
  -8.7943000e-03
  -8.4607970e-03
  -8.0066970e-03
  -7.4455790e-03
  -6.8108450e-03
  -6.1560800e-03
  -5.5377850e-03
  -4.9700500e-03
  -4.4217260e-03
  -3.8690940e-03
  -3.2930650e-03
  -2.6765910e-03
  -2.0589080e-03
  -1.5268970e-03
  -1.1318240e-03
  -8.3420180e-04
  -5.5095060e-04
  -2.4856850e-04
   6.0606670e-05
   3.6518090e-04
   6.7070250e-04
   9.9089060e-04
   1.3328990e-03
   1.6731690e-03
   1.9851440e-03
   2.2797850e-03
   2.5781440e-03
   2.8596790e-03
   3.0950840e-03
   3.2530760e-03
   3.3171440e-03
   3.3447410e-03
   3.4009480e-03
   3.4733000e-03
   3.5190110e-03
   3.5353170e-03
   3.5462660e-03
   3.5469090e-03
   3.5310940e-03
   3.5165470e-03
   3.4730430e-03
   3.3451750e-03
   3.1051330e-03
   2.7645090e-03
   2.3661760e-03
   1.9458390e-03
   1.5117660e-03
   1.0481080e-03
   5.3438730e-04
  -2.5500510e-05
  -5.6993520e-04
  -1.0121970e-03
  -1.3368270e-03
  -1.5827510e-03
  -1.7701990e-03
  -1.8870300e-03
  -1.9200810e-03
  -1.8671170e-03
  -1.7227190e-03
  -1.5085680e-03
  -1.2648440e-03
  -1.0382970e-03
  -8.6502130e-04
  -7.5766740e-04
  -7.0593830e-04
  -7.0188880e-04
  -7.3966310e-04
  -8.2122900e-04
  -9.8300730e-04
  -1.2456330e-03
  -1.5695580e-03
  -1.8934710e-03
  -2.1920730e-03
  -2.4896400e-03
  -2.8159300e-03
  -3.1707660e-03
  -3.5246260e-03
  -3.8580500e-03
  -4.1824680e-03
  -4.5014970e-03
  -4.7990270e-03
  -5.0765610e-03
  -5.3611490e-03
  -5.6466640e-03
  -5.8864940e-03
  -6.0679440e-03
  -6.2014560e-03
  -6.2870120e-03
  -6.3267260e-03
  -6.3443600e-03
  -6.3495680e-03
  -6.2986130e-03
  -6.1513980e-03
  -5.9327220e-03
  -5.7131680e-03
  -5.5342380e-03
  -5.3911270e-03
  -5.2600680e-03
  -5.1321920e-03
  -5.0159650e-03
  -4.9158880e-03
  -4.8124470e-03
  -4.6711550e-03
  -4.4822280e-03
  -4.2859280e-03
  -4.1109830e-03
  -3.9697260e-03
  -3.8919050e-03
  -3.8935710e-03
  -3.9701280e-03
  -4.1035060e-03
  -4.2418190e-03
  -4.3661820e-03
  -4.5367260e-03
  -4.7860480e-03
  -5.0582730e-03
  -5.2776290e-03
  -5.4177480e-03
  -5.5093170e-03
  -5.5546530e-03
  -5.5193150e-03
  -5.4099670e-03
  -5.2902680e-03
  -5.2106450e-03
  -5.1570000e-03
  -5.0687770e-03
  -4.8915280e-03
  -4.6499750e-03
  -4.4575690e-03
  -4.4231690e-03
  -4.5159630e-03
  -4.6260200e-03
  -4.7032300e-03
  -4.7657370e-03
  -4.8454270e-03
  -4.9578340e-03
  -5.0916320e-03
  -5.1984080e-03
  -5.2455660e-03
  -5.2441550e-03
  -5.2200470e-03
  -5.1902900e-03
  -5.1382370e-03
  -5.0422740e-03
  -4.9210450e-03
  -4.8047630e-03
  -4.6978950e-03
  -4.5721090e-03
  -4.3776720e-03
  -4.1066750e-03
  -3.8518660e-03
  -3.6744130e-03
  -3.5252640e-03
  -3.3497650e-03
  -3.1508700e-03
  -2.9256160e-03
  -2.6707450e-03
  -2.4344390e-03
  -2.2700600e-03
  -2.1639820e-03
  -2.0506770e-03
  -1.9059000e-03
  -1.7583840e-03
  -1.6275610e-03
  -1.5093300e-03
  -1.3729290e-03
  -1.1721160e-03
  -8.8587410e-04
  -5.4550200e-04
  -2.1591950e-04
   5.3982510e-05
   2.9197700e-04
   5.4612140e-04
   8.1342750e-04
   1.0651660e-03
   1.2923350e-03
   1.5019360e-03
   1.6961940e-03
   1.8700420e-03
   2.0128130e-03
   2.1151750e-03
   2.1772540e-03
   2.2235170e-03
   2.3039240e-03
   2.4483720e-03
   2.6272200e-03
   2.7979820e-03
   2.9414390e-03
   3.0393640e-03
   3.0824610e-03
   3.0953740e-03
   3.1212090e-03
   3.1920170e-03
   3.3050610e-03
   3.4408750e-03
   3.6279260e-03
   3.9068440e-03
   4.2531390e-03
   4.6324460e-03
   5.0491860e-03
   5.5093830e-03
   5.9858360e-03
   6.4352350e-03
   6.8407140e-03
   7.2217890e-03
   7.5872460e-03
   7.9133850e-03
   8.1761750e-03
   8.3634040e-03
   8.4880130e-03
   8.5568410e-03
   8.5781000e-03
   8.5687020e-03
   8.5100020e-03
   8.4081740e-03
   8.2943690e-03
   8.1672500e-03
   8.0110240e-03
   7.8385070e-03
   7.6792310e-03
   7.5316970e-03
   7.3971540e-03
   7.2967110e-03
   7.2315070e-03
   7.1684980e-03
   7.0688200e-03
   6.9135590e-03
   6.7155860e-03
   6.5129820e-03
   6.3158640e-03
   6.1088020e-03
   5.8892150e-03
   5.6502380e-03
   5.3896550e-03
   5.1299520e-03
   4.9041910e-03
   4.7173260e-03
   4.5685570e-03
   4.4606060e-03
   4.4033050e-03
   4.4032120e-03
   4.4501700e-03
   4.5091230e-03
   4.5560490e-03
   4.5900080e-03
   4.6100370e-03
   4.6162070e-03
   4.6047580e-03
   4.5525850e-03
   4.4209030e-03
   4.2150950e-03
   3.9917110e-03
   3.7696280e-03
   3.5094800e-03
   3.1942220e-03
   2.8257250e-03
   2.3996140e-03
   1.9339110e-03
   1.4887510e-03
   1.1365640e-03
   8.8740260e-04
   7.0764140e-04
   5.7504030e-04
   5.0992740e-04
   5.5233440e-04
   7.2115550e-04
   9.9247390e-04
   1.2960720e-03
   1.5816490e-03
   1.8456870e-03
   2.1139120e-03
   2.4171980e-03
   2.7544570e-03
   3.0670560e-03
   3.2813140e-03
   3.3895560e-03
   3.4459580e-03
   3.5092440e-03
   3.5727770e-03
   3.5936500e-03
   3.5488460e-03
   3.4359500e-03
   3.2480470e-03
   2.9883060e-03
   2.6754010e-03
   2.3270140e-03
   1.9512470e-03
   1.5584230e-03
   1.1701410e-03
   7.8811290e-04
   4.0992870e-04
   4.8507420e-05
  -3.0097890e-04
  -6.8833510e-04
  -1.1140110e-03
  -1.5207110e-03
  -1.8753120e-03
  -2.1881980e-03
  -2.5089740e-03
  -2.8653290e-03
  -3.2244390e-03
  -3.5338580e-03
  -3.7698110e-03
  -3.9433410e-03
  -4.0590820e-03
  -4.1100380e-03
  -4.0995930e-03
  -4.0568280e-03
  -4.0122960e-03
  -3.9684600e-03
  -3.9149230e-03
  -3.8281240e-03
  -3.6789830e-03
  -3.4779150e-03
  -3.2450490e-03
  -2.9835630e-03
  -2.7018300e-03
  -2.4403360e-03
  -2.2246070e-03
  -2.0386240e-03
  -1.8458950e-03
  -1.6230150e-03
  -1.3846230e-03
  -1.1563340e-03
  -9.5830000e-04
  -8.1800380e-04
  -7.2131760e-04
  -6.1392500e-04
  -4.9627450e-04
  -4.2523350e-04
  -3.7933890e-04
  -2.8755160e-04
  -1.4799250e-04
  -1.3634520e-05
   1.0048230e-04
   2.2292800e-04
   3.5591840e-04
   4.7489950e-04
   5.7753050e-04
   6.9596200e-04
   8.5968410e-04
   1.0597480e-03
   1.2795040e-03
   1.5103320e-03
   1.7280770e-03
   1.9067090e-03
   2.0442230e-03
   2.1550920e-03
   2.2615420e-03
   2.3696780e-03
   2.4048690e-03
   2.3355600e-03
   2.2229350e-03
   2.1135810e-03
   2.0250110e-03
   1.9895880e-03
   2.0192010e-03
   2.0993100e-03
   2.2141890e-03
   2.3667680e-03
   2.5606860e-03
   2.7879250e-03
   3.0315410e-03
   3.2783910e-03
   3.5292700e-03
   3.7677030e-03
   3.9483930e-03
   4.0557930e-03
   4.0963030e-03
   4.0531080e-03
   3.9322120e-03
   3.7893230e-03
   3.6555400e-03
   3.4730110e-03
   3.1782780e-03
   2.7915950e-03
   2.3574770e-03
   1.8745850e-03
   1.3269700e-03
   7.3921220e-04
   1.3994430e-04
  -4.5660920e-04
  -1.0407370e-03
  -1.6046220e-03
  -2.1189850e-03
  -2.5413980e-03
  -2.8599460e-03
  -3.1082200e-03
  -3.3325910e-03
  -3.5467620e-03
  -3.7089790e-03
  -3.7578200e-03
  -3.7157780e-03
  -3.6678570e-03
  -3.6614840e-03
  -3.6576730e-03
  -3.6012630e-03
  -3.4896510e-03
  -3.3429200e-03
  -3.1777210e-03
  -3.0084250e-03
  -2.8317690e-03
  -2.6055690e-03
  -2.2892690e-03
  -1.8961750e-03
  -1.4371800e-03
  -9.0773370e-04
  -3.2806730e-04
   2.3159640e-04
   6.8841710e-04
   1.0311400e-03
   1.3244050e-03
   1.5997920e-03
   1.8340880e-03
   1.9850620e-03
   2.0351450e-03
   1.9866050e-03
   1.8366240e-03
   1.5826510e-03
   1.2577660e-03
   9.2534370e-04
   6.2044150e-04
   3.4589640e-04
   8.6283620e-05
  -1.7375680e-04
  -4.4976310e-04
  -7.4682660e-04
  -1.0592040e-03
  -1.3813900e-03
  -1.7085040e-03
  -2.0074990e-03
  -2.2092860e-03
  -2.2764180e-03
  -2.2669950e-03
  -2.2617260e-03
  -2.2839210e-03
  -2.3195550e-03
  -2.3445960e-03
  -2.3573430e-03
  -2.3585860e-03
  -2.3685060e-03
  -2.4273380e-03
  -2.5530600e-03
  -2.7314840e-03
  -2.9561760e-03
  -3.2238850e-03
  -3.5048840e-03
  -3.7571800e-03
  -3.9676930e-03
  -4.1772180e-03
  -4.4227760e-03
  -4.6797890e-03
  -4.9173520e-03
  -5.1423420e-03
  -5.3595160e-03
  -5.5183840e-03
  -5.5729680e-03
  -5.5545820e-03
  -5.5229690e-03
  -5.4950260e-03
  -5.4568280e-03
  -5.4159430e-03
  -5.3803830e-03
  -5.3311300e-03
  -5.2536380e-03
  -5.1571180e-03
  -5.0600730e-03
  -4.9741210e-03
  -4.8975570e-03
  -4.8570270e-03
  -4.8498370e-03
  -4.8414160e-03
  -4.8451970e-03
  -4.8976010e-03
  -5.0141290e-03
  -5.1744730e-03
  -5.3171150e-03
  -5.4054910e-03
  -5.4364920e-03
  -5.4292620e-03
  -5.3969150e-03
  -5.3376750e-03
  -5.2537880e-03
  -5.1431080e-03
  -4.9995910e-03
  -4.8338150e-03
  -4.6595880e-03
  -4.4929500e-03
  -4.3747480e-03
  -4.3523130e-03
  -4.4264280e-03
  -4.5366380e-03
  -4.6258040e-03
  -4.6850290e-03
  -4.7330820e-03
  -4.7728950e-03
  -4.7926740e-03
  -4.7933710e-03
  -4.7918580e-03
  -4.7768940e-03
  -4.7357290e-03
  -4.6868580e-03
  -4.6399680e-03
  -4.5863480e-03
  -4.5239440e-03
  -4.4586200e-03
  -4.3780250e-03
  -4.2719890e-03
  -4.1618260e-03
  -4.1099210e-03
  -4.1419490e-03
  -4.1812810e-03
  -4.1616060e-03
  -4.1343790e-03
  -4.1608870e-03
  -4.2281090e-03
  -4.2958990e-03
  -4.3661960e-03
  -4.4494330e-03
  -4.5145070e-03
  -4.5078900e-03
  -4.4246400e-03
  -4.3144990e-03
  -4.2174890e-03
  -4.1358750e-03
  -4.0408840e-03
  -3.8847420e-03
  -3.6404400e-03
  -3.3510680e-03
  -3.1000460e-03
  -2.9282660e-03
  -2.8000110e-03
  -2.6707730e-03
  -2.5216380e-03
  -2.3357010e-03
  -2.1083540e-03
  -1.8602540e-03
  -1.6297530e-03
  -1.4354390e-03
  -1.2537740e-03
  -1.0604550e-03
  -8.7342650e-04
  -7.2182230e-04
  -6.0475590e-04
  -4.9705790e-04
  -3.8073140e-04
  -2.6553890e-04
  -1.8020910e-04
  -1.2930720e-04
  -1.2307180e-04
  -2.0797630e-04
  -3.6429700e-04
  -5.1126350e-04
  -6.2266880e-04
  -7.0526780e-04
  -7.7027040e-04
  -8.3953100e-04
  -9.2481120e-04
  -1.0182730e-03
  -1.1048390e-03
  -1.1778250e-03
  -1.2490240e-03
  -1.3203070e-03
  -1.3819600e-03
  -1.4196750e-03
  -1.4124780e-03
  -1.3572330e-03
  -1.2700220e-03
  -1.1828340e-03
  -1.1176530e-03
  -1.0586130e-03
  -9.3350520e-04
  -7.0419980e-04
  -4.3791420e-04
  -2.1052960e-04
  -3.0127100e-05
   1.4302100e-04
   3.4683220e-04
   6.0234960e-04
   9.1631560e-04
   1.2431850e-03
   1.5040150e-03
   1.6646370e-03
   1.7556200e-03
   1.8637730e-03
   2.0611130e-03
   2.2942240e-03
   2.4727180e-03
   2.5565280e-03
   2.5634410e-03
   2.5534470e-03
   2.5950870e-03
   2.7095190e-03
   2.8460690e-03
   2.9508250e-03
   3.0261220e-03
   3.1064680e-03
   3.2282390e-03
   3.3990110e-03
   3.5926240e-03
   3.7826850e-03
   3.9350520e-03
   4.0240870e-03
   4.0342880e-03
   3.9534890e-03
   3.8018400e-03
   3.6379930e-03
   3.5126530e-03
   3.4275710e-03
   3.3630310e-03
   3.2970090e-03
   3.2277410e-03
   3.1707860e-03
   3.1335240e-03
   3.1198150e-03
   3.1287460e-03
   3.1653960e-03
   3.2396020e-03
   3.3411420e-03
   3.4463130e-03
   3.5493460e-03
   3.6273200e-03
   3.6714490e-03
   3.7168470e-03
   3.8030250e-03
   3.9244430e-03
   4.0397320e-03
   4.1242670e-03
   4.1996820e-03
   4.3380760e-03
   4.6099490e-03
   4.9846620e-03
   5.4014660e-03
   5.8206480e-03
   6.2195100e-03
   6.5988180e-03
   6.9502970e-03
   7.2576470e-03
   7.5231850e-03
   7.7620200e-03
   7.9675930e-03
   8.1163510e-03
   8.2179930e-03
   8.2925530e-03
   8.3538000e-03
   8.4428820e-03
   8.5782950e-03
   8.7081380e-03
   8.7576600e-03
   8.7067820e-03
   8.5889570e-03
   8.4518090e-03
   8.3138050e-03
   8.1445640e-03
   7.9243160e-03
   7.6829880e-03
   7.4559580e-03
   7.2586570e-03
   7.0883780e-03
   6.9420940e-03
   6.8125480e-03
   6.6732070e-03
   6.5016010e-03
   6.3079960e-03
   6.1283500e-03
   5.9812670e-03
   5.8786170e-03
   5.8318040e-03
   5.8165710e-03
   5.7904220e-03
   5.7328300e-03
   5.6819580e-03
   5.6908150e-03
   5.7591890e-03
   5.8555250e-03
   5.9543130e-03
   6.0516150e-03
   6.1524780e-03
   6.2459580e-03
   6.3103610e-03
   6.3497680e-03
   6.3906210e-03
   6.4456010e-03
   6.4803790e-03
   6.4572910e-03
   6.3843290e-03
   6.2975930e-03
   6.2347130e-03
   6.1976300e-03
   6.1409840e-03
   6.0644340e-03
   6.0086880e-03
   5.9907920e-03
   5.9944590e-03
   5.9895230e-03
   5.9798910e-03
   5.9793400e-03
   5.9818280e-03
   5.9589470e-03
   5.8807120e-03
   5.7427510e-03
   5.5623030e-03
   5.3740460e-03
   5.2180930e-03
   5.1200430e-03
   5.0528540e-03
   4.9927190e-03
   4.9572470e-03
   4.9686430e-03
   5.0306010e-03
   5.1230930e-03
   5.2384100e-03
   5.3622700e-03
   5.4552790e-03
   5.4924460e-03
   5.4953460e-03
   5.5159750e-03
   5.5907440e-03
   5.6845240e-03
   5.7554200e-03
   5.7783400e-03
   5.7118710e-03
   5.5502840e-03
   5.3654090e-03
   5.2410380e-03
   5.1825790e-03
   5.1334600e-03
   5.0275280e-03
   4.7998970e-03
   4.4356110e-03
   4.0229030e-03
   3.6858950e-03
   3.4515860e-03
   3.2530440e-03
   3.0123710e-03
   2.6920890e-03
   2.3145120e-03
   1.9378650e-03
   1.6078060e-03
   1.3415900e-03
   1.1128800e-03
   8.7114460e-04
   5.8673470e-04
   2.7414970e-04
  -2.1614820e-05
  -2.8380560e-04
  -5.3696320e-04
  -7.8446610e-04
  -9.8052220e-04
  -1.0994720e-03
  -1.2036080e-03
  -1.3132850e-03
  -1.3847980e-03
  -1.4301940e-03
  -1.4927640e-03
  -1.5565350e-03
  -1.5677740e-03
  -1.4978010e-03
  -1.3804540e-03
  -1.2785120e-03
  -1.2313090e-03
  -1.2290080e-03
  -1.2219410e-03
  -1.1499450e-03
  -9.9794140e-04
  -8.1557280e-04
  -6.7014740e-04
  -6.0179920e-04
  -5.8348520e-04
  -5.8177250e-04
  -6.0439790e-04
  -6.5083040e-04
  -7.1970610e-04
  -8.3870080e-04
  -1.0261400e-03
  -1.2728390e-03
  -1.5656090e-03
  -1.8858650e-03
  -2.2283710e-03
  -2.5832850e-03
  -2.9141250e-03
  -3.1771560e-03
  -3.3795270e-03
  -3.5618470e-03
  -3.7580030e-03
  -3.9520260e-03
  -4.1077070e-03
  -4.2161700e-03
  -4.2835430e-03
  -4.3370560e-03
  -4.4028020e-03
  -4.4337750e-03
  -4.3753390e-03
  -4.2599440e-03
  -4.1517430e-03
  -4.0716560e-03
  -3.9985180e-03
  -3.9018580e-03
  -3.7343760e-03
  -3.4687290e-03
  -3.1658860e-03
  -2.9104610e-03
  -2.7166550e-03
  -2.5347130e-03
  -2.3257760e-03
  -2.1270300e-03
  -1.9686930e-03
  -1.8376900e-03
  -1.7132700e-03
  -1.6011100e-03
  -1.4829870e-03
  -1.3395460e-03
  -1.2106720e-03
  -1.1575950e-03
  -1.1656000e-03
  -1.1357360e-03
  -9.8737370e-04
  -7.3490380e-04
  -4.6246710e-04
  -2.0578860e-04
   3.4247270e-05
   2.5758570e-04
   4.7687690e-04
   7.1678950e-04
   9.9763480e-04
   1.3245780e-03
   1.6889990e-03
   2.0660620e-03
   2.4264740e-03
   2.7386300e-03
   2.9723040e-03
   3.1744660e-03
   3.4399890e-03
   3.7923060e-03
   4.1739950e-03
   4.5302860e-03
   4.8482900e-03
   5.1287870e-03
   5.3815840e-03
   5.6548090e-03
   5.9834950e-03
   6.3457350e-03
   6.6868800e-03
   6.9704850e-03
   7.1989330e-03
   7.3819710e-03
   7.5217460e-03
   7.6407960e-03
   7.7805460e-03
   7.9448240e-03
   8.0843890e-03
   8.1557690e-03
   8.1405400e-03
   8.0460200e-03
   7.9195150e-03
   7.8169450e-03
   7.7616450e-03
   7.7370980e-03
   7.7284690e-03
   7.7302300e-03
   7.7411810e-03
   7.7616480e-03
   7.7875150e-03
   7.8170540e-03
   7.8660330e-03
   7.9480490e-03
   8.0667780e-03
   8.2142210e-03
   8.3405560e-03
   8.3832060e-03
   8.3418610e-03
   8.2831660e-03
   8.2586190e-03
   8.2753380e-03
   8.3096930e-03
   8.3440040e-03
   8.3711410e-03
   8.3786590e-03
   8.3630330e-03
   8.3296470e-03
   8.2738330e-03
   8.1849040e-03
   8.0756770e-03
   7.9732910e-03
   7.8827740e-03
   7.7900000e-03
   7.6947920e-03
   7.6060690e-03
   7.5513290e-03
   7.5611780e-03
   7.6274820e-03
   7.7362520e-03
   7.8768460e-03
   8.0116550e-03
   8.1319350e-03
   8.2677070e-03
   8.4289300e-03
   8.5740850e-03
   8.6378290e-03
   8.6126440e-03
   8.5668380e-03
   8.5670780e-03
   8.6044810e-03
   8.5992750e-03
   8.5075670e-03
   8.3770260e-03
   8.2826940e-03
   8.2336840e-03
   8.2019990e-03
   8.1603910e-03
   8.0883530e-03
   8.0053180e-03
   7.9756680e-03
   8.0416440e-03
   8.1925600e-03
   8.3802600e-03
   8.5705180e-03
   8.7521280e-03
   8.9188680e-03
   9.0730720e-03
   9.2220890e-03
   9.3512240e-03
   9.4239940e-03
   9.4549290e-03
   9.4921310e-03
   9.5436120e-03
   9.5868380e-03
   9.5974890e-03
   9.5319800e-03
   9.3489210e-03
   9.0912270e-03
   8.8448340e-03
   8.6429740e-03
   8.4551300e-03
   8.2650480e-03
   8.0897620e-03
   7.9392650e-03
   7.8065560e-03
   7.6929460e-03
   7.6089130e-03
   7.5537580e-03
   7.5360550e-03
   7.5609730e-03
   7.5972050e-03
   7.6062310e-03
   7.5644470e-03
   7.4659680e-03
   7.3220850e-03
   7.1679930e-03
   7.0366950e-03
   6.9064020e-03
   6.7754340e-03
   6.6899100e-03
   6.6499630e-03
   6.6274590e-03
   6.6337960e-03
   6.6843150e-03
   6.7599340e-03
   6.8405210e-03
   6.9189850e-03
   6.9985970e-03
   7.0771850e-03
   7.1563960e-03
   7.2403490e-03
   7.2999860e-03
   7.3140180e-03
   7.2919840e-03
   7.2429400e-03
   7.1563880e-03
   7.0145680e-03
   6.8242500e-03
   6.6380740e-03
   6.4902810e-03
   6.3603440e-03
   6.2144780e-03
   6.0619970e-03
   5.9253390e-03
   5.8040250e-03
   5.7045290e-03
   5.6458980e-03
   5.6202760e-03
   5.6154870e-03
   5.6378950e-03
   5.6858590e-03
   5.7585410e-03
   5.8624760e-03
   5.9993730e-03
   6.1781370e-03
   6.4006550e-03
   6.6214170e-03
   6.7996520e-03
   6.9654550e-03
   7.1773140e-03
   7.4314420e-03
   7.6727680e-03
   7.8624270e-03
   7.9800630e-03
   7.9886500e-03
   7.8491980e-03
   7.5735910e-03
   7.2365870e-03
   6.9195020e-03
   6.6492710e-03
   6.4055340e-03
   6.1337540e-03
   5.7943550e-03
   5.3970330e-03
   4.9973280e-03
   4.6564690e-03
   4.3839640e-03
   4.1286000e-03
   3.8683380e-03
   3.6404050e-03
   3.4740410e-03
   3.3520270e-03
   3.2574280e-03
   3.1894370e-03
   3.1406270e-03
   3.1269810e-03
   3.1399320e-03
   3.1394750e-03
   3.1010310e-03
   3.0437490e-03
   3.0040760e-03
   3.0165340e-03
   3.1079670e-03
   3.2603670e-03
   3.4625630e-03
   3.6851170e-03
   3.8590080e-03
   3.9258970e-03
   3.9017360e-03
   3.8646250e-03
   3.8746970e-03
   3.9445910e-03
   4.0504930e-03
   4.1353140e-03
   4.1440310e-03
   4.0636720e-03
   3.9316550e-03
   3.7808920e-03
   3.6071770e-03
   3.3941600e-03
   3.1443460e-03
   2.8715840e-03
   2.5979380e-03
   2.3348130e-03
   2.0960140e-03
   1.8869290e-03
   1.6824840e-03
   1.4750640e-03
   1.3184900e-03
   1.2475750e-03
   1.1981080e-03
   1.0898240e-03
   9.2083960e-04
   7.6637640e-04
   6.9545610e-04
   6.7379580e-04
   6.4136890e-04
   5.8246680e-04
   4.8880730e-04
   3.4488270e-04
   1.4748150e-04
  -9.2758100e-05
  -3.6126940e-04
  -6.4217860e-04
  -9.0581170e-04
  -1.1356760e-03
  -1.3336560e-03
  -1.4926790e-03
  -1.5848590e-03
  -1.6108110e-03
  -1.6253990e-03
  -1.6460450e-03
  -1.6296380e-03
  -1.5524610e-03
  -1.4404860e-03
  -1.3140580e-03
  -1.1477730e-03
  -9.4801380e-04
  -7.8734430e-04
  -7.0314790e-04
  -6.7235900e-04
  -6.9161940e-04
  -7.9447060e-04
  -9.9343550e-04
  -1.2373640e-03
  -1.4732490e-03
  -1.7072000e-03
  -1.9696280e-03
  -2.2575290e-03
  -2.5487640e-03
  -2.8404030e-03
  -3.1188720e-03
  -3.3604500e-03
  -3.5512910e-03
  -3.6914260e-03
  -3.7754070e-03
  -3.7872360e-03
  -3.7403550e-03
  -3.6563320e-03
  -3.5610760e-03
  -3.4665930e-03
  -3.3609490e-03
  -3.2131610e-03
  -3.0019690e-03
  -2.7493750e-03
  -2.4922020e-03
  -2.2562700e-03
  -2.0356490e-03
  -1.7970830e-03
  -1.5145440e-03
  -1.2073110e-03
  -9.4011100e-04
  -7.3781120e-04
  -5.8273320e-04
  -4.5774100e-04
  -3.4015490e-04
  -2.3127550e-04
  -1.4549300e-04
  -1.0391770e-04
  -1.1970480e-04
  -1.7805440e-04
  -2.4543490e-04
  -3.0125410e-04
  -3.5032890e-04
  -4.0650470e-04
  -4.9609420e-04
  -6.4860420e-04
  -8.1817560e-04
  -9.1416760e-04
  -9.2631050e-04
  -9.1564470e-04
  -9.0066540e-04
  -8.4183070e-04
  -7.1915380e-04
  -5.6877140e-04
  -4.2479070e-04
  -2.9407360e-04
  -1.8067370e-04
  -9.3205120e-05
  -3.3901860e-05
  -1.4006160e-06
  -5.2054830e-06
  -6.8875610e-05
  -1.9192050e-04
  -3.3591450e-04
  -4.5358730e-04
  -5.5637180e-04
  -7.3149060e-04
  -9.9331860e-04
  -1.2710230e-03
  -1.5469780e-03
  -1.8498350e-03
  -2.1667670e-03
  -2.4697760e-03
  -2.7699330e-03
  -3.0787410e-03
  -3.3786780e-03
  -3.6329920e-03
  -3.8479850e-03
  -4.0607530e-03
  -4.2849280e-03
  -4.5039040e-03
  -4.6753960e-03
  -4.7801660e-03
  -4.8310110e-03
  -4.8554230e-03
  -4.8861060e-03
  -4.9501780e-03
  -5.0272430e-03
  -5.0909850e-03
  -5.1561380e-03
  -5.2307430e-03
  -5.2876380e-03
  -5.3224610e-03
  -5.3481490e-03
  -5.3937450e-03
  -5.5033170e-03
  -5.6926730e-03
  -5.9276000e-03
  -6.1632800e-03
  -6.3728580e-03
  -6.5658450e-03
  -6.7668240e-03
  -6.9968490e-03
  -7.2479950e-03
  -7.5062840e-03
  -7.7868990e-03
  -8.1030410e-03
  -8.4140930e-03
  -8.6451560e-03
  -8.7851820e-03
  -8.8801820e-03
  -8.9494340e-03
  -8.9814670e-03
  -8.9661300e-03
  -8.9180070e-03
  -8.8607830e-03
  -8.8091880e-03
  -8.7547460e-03
  -8.6763520e-03
  -8.5586150e-03
  -8.4084190e-03
  -8.2448000e-03
  -8.0588670e-03
  -7.8469820e-03
  -7.6367560e-03
  -7.4576070e-03
  -7.2998760e-03
  -7.1057600e-03
  -6.8427040e-03
  -6.5392420e-03
  -6.2563410e-03
  -6.0076400e-03
  -5.7867390e-03
  -5.5977910e-03
  -5.4390800e-03
  -5.3027530e-03
  -5.1830290e-03
  -5.0765080e-03
  -4.9896500e-03
  -4.9254430e-03
  -4.8732320e-03
  -4.8300080e-03
  -4.7850130e-03
  -4.7314030e-03
  -4.6802770e-03
  -4.6577910e-03
  -4.6645580e-03
  -4.6296020e-03
  -4.4918230e-03
  -4.2942820e-03
  -4.1092500e-03
  -3.9574120e-03
  -3.8084500e-03
  -3.6460290e-03
  -3.4593810e-03
  -3.2304400e-03
  -2.9859680e-03
  -2.7848910e-03
  -2.6635700e-03
  -2.6105540e-03
  -2.5670350e-03
  -2.4687480e-03
  -2.3119300e-03
  -2.1386480e-03
  -2.0101070e-03
  -1.9677970e-03
  -1.9796050e-03
  -1.9569500e-03
  -1.8635780e-03
  -1.7313410e-03
  -1.6068430e-03
  -1.5107520e-03
  -1.4594220e-03
  -1.4566580e-03
  -1.4469250e-03
  -1.3678290e-03
  -1.2232250e-03
  -1.0753500e-03
  -9.9673310e-04
  -1.0164270e-03
  -1.1190940e-03
  -1.2601160e-03
  -1.3767560e-03
  -1.4531610e-03
  -1.5433580e-03
  -1.6965090e-03
  -1.8629150e-03
  -1.9149010e-03
  -1.8102390e-03
  -1.6508800e-03
  -1.5247880e-03
  -1.4172600e-03
  -1.2849590e-03
  -1.1053720e-03
  -8.7477920e-04
  -6.1735490e-04
  -3.7003890e-04
  -1.2997330e-04
   1.2596960e-04
   3.6485050e-04
   5.1193790e-04
   5.4299200e-04
   5.2451620e-04
   5.1749790e-04
   4.9366000e-04
   3.8816220e-04
   1.7213610e-04
  -1.3269760e-04
  -4.8065010e-04
  -8.4611050e-04
  -1.2013070e-03
  -1.4992700e-03
  -1.7184060e-03
  -1.9000560e-03
  -2.1021880e-03
  -2.3388280e-03
  -2.5893020e-03
  -2.8311100e-03
  -3.0611550e-03
  -3.2780210e-03
  -3.4606310e-03
  -3.5782000e-03
  -3.6189740e-03
  -3.6139610e-03
  -3.6201230e-03
  -3.6837910e-03
  -3.8001080e-03
  -3.8996510e-03
  -3.9203620e-03
  -3.8727800e-03
  -3.8240450e-03
  -3.8399300e-03
  -3.9379270e-03
  -4.0885480e-03
  -4.2389620e-03
  -4.3638980e-03
  -4.4712650e-03
  -4.5791520e-03
  -4.6970640e-03
  -4.8325230e-03
  -4.9876960e-03
  -5.1503260e-03
  -5.3008670e-03
  -5.4233690e-03
  -5.5475730e-03
  -5.7141660e-03
  -5.9227040e-03
  -6.1355240e-03
  -6.3467140e-03
  -6.5741850e-03
  -6.8003890e-03
  -6.9846000e-03
  -7.1177890e-03
  -7.2081810e-03
  -7.2533470e-03
  -7.2563640e-03
  -7.2305390e-03
  -7.1825730e-03
  -7.1095860e-03
  -7.0053500e-03
  -6.8733160e-03
  -6.7335790e-03
  -6.6028380e-03
  -6.4764850e-03
  -6.3140920e-03
  -6.0830200e-03
  -5.8190750e-03
  -5.5370970e-03
  -5.2267860e-03
  -4.9301490e-03
  -4.7124470e-03
  -4.5862730e-03
  -4.5111110e-03
  -4.4579440e-03
  -4.4080470e-03
  -4.3510370e-03
  -4.2967470e-03
  -4.2462420e-03
  -4.1890550e-03
  -4.1371030e-03
  -4.1212830e-03
  -4.1547510e-03
  -4.2082060e-03
  -4.2173960e-03
  -4.1485430e-03
  -4.0422490e-03
  -3.9676780e-03
  -3.9295600e-03
  -3.8863300e-03
  -3.8036600e-03
  -3.6633710e-03
  -3.4980450e-03
  -3.3370910e-03
  -3.1797000e-03
  -3.0206090e-03
  -2.8509700e-03
  -2.6556110e-03
  -2.4375170e-03
  -2.2200800e-03
  -2.0292350e-03
  -1.8663040e-03
  -1.7174460e-03
  -1.5626560e-03
  -1.3726000e-03
  -1.1473630e-03
  -9.3398610e-04
  -8.0088040e-04
  -7.6636230e-04
  -7.9711240e-04
  -8.5384830e-04
  -8.7845540e-04
  -8.2112410e-04
  -7.1965780e-04
  -6.4219000e-04
  -6.2502280e-04
  -6.7913700e-04
  -8.1054170e-04
  -1.0310190e-03
  -1.3186690e-03
  -1.5960670e-03
  -1.7944660e-03
  -1.9089130e-03
  -1.9895440e-03
  -2.0720290e-03
  -2.1792010e-03
  -2.3229620e-03
  -2.4846540e-03
  -2.6196870e-03
  -2.6941960e-03
  -2.7206940e-03
  -2.7238190e-03
  -2.6942960e-03
  -2.6253310e-03
  -2.5530670e-03
  -2.5088230e-03
  -2.4906590e-03
  -2.4842840e-03
  -2.4641900e-03
  -2.4218770e-03
  -2.3779500e-03
  -2.3661730e-03
  -2.3929840e-03
  -2.4241150e-03
  -2.4296470e-03
  -2.4238550e-03
  -2.4580770e-03
  -2.5378960e-03
  -2.5908160e-03
  -2.5941960e-03
  -2.6138580e-03
  -2.7186450e-03
  -2.9003900e-03
  -3.0682400e-03
  -3.1290320e-03
  -3.0868820e-03
  -3.0134270e-03
  -2.9687300e-03
  -2.9665650e-03
  -2.9959730e-03
  -3.0509720e-03
  -3.1127390e-03
  -3.1354250e-03
  -3.0933430e-03
  -3.0489970e-03
  -3.0391460e-03
  -3.0323030e-03
  -2.9944240e-03
  -2.9199620e-03
  -2.8089010e-03
  -2.6771530e-03
  -2.5488810e-03
  -2.4313590e-03
  -2.3340880e-03
  -2.2729110e-03
  -2.2414770e-03
  -2.1951030e-03
  -2.0971500e-03
  -1.9473650e-03
  -1.7751300e-03
  -1.6130260e-03
  -1.4627150e-03
  -1.3225740e-03
  -1.2143980e-03
  -1.1592430e-03
  -1.1760170e-03
  -1.2721470e-03
  -1.4129770e-03
  -1.5145480e-03
  -1.5287700e-03
  -1.4999690e-03
  -1.5043910e-03
  -1.5742750e-03
  -1.6702690e-03
  -1.7325510e-03
  -1.7150960e-03
  -1.6197140e-03
  -1.4890010e-03
  -1.3558540e-03
  -1.2149860e-03
  -1.0622670e-03
  -9.0683840e-04
  -7.5776930e-04
  -6.3610940e-04
  -5.6341020e-04
  -5.4888630e-04
  -6.0518280e-04
  -7.2522910e-04
  -8.5697500e-04
  -9.7038890e-04
  -1.0936920e-03
  -1.2539860e-03
  -1.4485120e-03
  -1.6573530e-03
  -1.8571340e-03
  -2.0261700e-03
  -2.1542270e-03
  -2.2350230e-03
  -2.2926740e-03
  -2.3683430e-03
  -2.4696450e-03
  -2.5683120e-03
  -2.6295830e-03
  -2.6428670e-03
  -2.6290160e-03
  -2.6208320e-03
  -2.6337910e-03
  -2.6654520e-03
  -2.7134470e-03
  -2.7920070e-03
  -2.9297730e-03
  -3.1115260e-03
  -3.2648490e-03
  -3.3405060e-03
  -3.3739030e-03
  -3.4145650e-03
  -3.4851300e-03
  -3.5780320e-03
  -3.6913970e-03
  -3.8295050e-03
  -3.9710500e-03
  -4.0771330e-03
  -4.1262170e-03
  -4.1456700e-03
  -4.1815990e-03
  -4.2879940e-03
  -4.4842090e-03
  -4.6952780e-03
  -4.8517970e-03
  -4.9535230e-03
  -5.0318940e-03
  -5.1049760e-03
  -5.1891980e-03
  -5.3102630e-03
  -5.4576620e-03
  -5.5672950e-03
  -5.5888500e-03
  -5.5605910e-03
  -5.5525280e-03
  -5.5854950e-03
  -5.6325760e-03
  -5.6542300e-03
  -5.6200600e-03
  -5.5390200e-03
  -5.4540130e-03
  -5.3934570e-03
  -5.3600960e-03
  -5.3541370e-03
  -5.3184660e-03
  -5.2031780e-03
  -5.0355860e-03
  -4.8886680e-03
  -4.7978350e-03
  -4.7565960e-03
  -4.7422260e-03
  -4.6788290e-03
  -4.4817560e-03
  -4.1696060e-03
  -3.8676420e-03
  -3.6447610e-03
  -3.4847990e-03
  -3.3311120e-03
  -3.1439860e-03
  -2.9368100e-03
  -2.7309650e-03
  -2.5382170e-03
  -2.3900600e-03
  -2.3137010e-03
  -2.3057140e-03
  -2.3421420e-03
  -2.3809890e-03
  -2.3852610e-03
  -2.3611460e-03
  -2.3462090e-03
  -2.3853380e-03
  -2.4928110e-03
  -2.6507660e-03
  -2.8453240e-03
  -3.0729540e-03
  -3.3137050e-03
  -3.5379310e-03
  -3.7191280e-03
  -3.8407580e-03
  -3.9096580e-03
  -3.9493210e-03
  -3.9951600e-03
  -4.0722440e-03
  -4.1558480e-03
  -4.1852490e-03
  -4.1356630e-03
  -4.0611210e-03
  -4.0342890e-03
  -4.0650710e-03
  -4.1304850e-03
  -4.2212110e-03
  -4.3423250e-03
  -4.4840380e-03
  -4.6155110e-03
  -4.7101850e-03
  -4.7678860e-03
  -4.7953260e-03
  -4.7839530e-03
  -4.7363910e-03
  -4.6723620e-03
  -4.6153140e-03
  -4.5897450e-03
  -4.6107930e-03
  -4.6630540e-03
  -4.7323160e-03
  -4.8496140e-03
  -5.0585320e-03
  -5.3381870e-03
  -5.6153510e-03
  -5.8275120e-03
  -5.9922200e-03
  -6.1527720e-03
  -6.3529950e-03
  -6.6153700e-03
  -6.9319390e-03
  -7.2592920e-03
  -7.5541460e-03
  -7.7784890e-03
  -7.9248630e-03
  -8.0110770e-03
  -8.0400350e-03
  -8.0281980e-03
  -8.0032680e-03
  -7.9680630e-03
  -7.9094620e-03
  -7.8338800e-03
  -7.7634350e-03
  -7.6922890e-03
  -7.5941230e-03
  -7.4721200e-03
  -7.3488780e-03
  -7.2708930e-03
  -7.2639790e-03
  -7.3081310e-03
  -7.3601490e-03
  -7.3677200e-03
  -7.3052580e-03
  -7.2130250e-03
  -7.1405570e-03
  -7.1032840e-03
  -7.0926330e-03
  -7.1049190e-03
  -7.1372860e-03
  -7.1702920e-03
  -7.1870000e-03
  -7.2030210e-03
  -7.2466260e-03
  -7.3136270e-03
  -7.3800570e-03
  -7.4372580e-03
  -7.4958200e-03
  -7.5644420e-03
  -7.6337160e-03
  -7.6893580e-03
  -7.7574040e-03
  -7.8609100e-03
  -7.9633040e-03
  -8.0093350e-03
  -7.9705640e-03
  -7.8598330e-03
  -7.6988040e-03
  -7.5099440e-03
  -7.3186970e-03
  -7.1175660e-03
  -6.8558980e-03
  -6.5080270e-03
  -6.1442330e-03
  -5.8394740e-03
  -5.5737050e-03
  -5.2827920e-03
  -4.9300440e-03
  -4.5191160e-03
  -4.1182470e-03
  -3.8012420e-03
  -3.6060550e-03
  -3.5218210e-03
  -3.4876480e-03
  -3.4330080e-03
  -3.3272230e-03
  -3.2005970e-03
  -3.1205470e-03
  -3.1266910e-03
  -3.2045300e-03
  -3.3085940e-03
  -3.3895830e-03
  -3.4275480e-03
  -3.4632060e-03
  -3.5432210e-03
  -3.6516740e-03
  -3.7417560e-03
  -3.8014900e-03
  -3.8510040e-03
  -3.9198350e-03
  -4.0314640e-03
  -4.1607260e-03
  -4.2550750e-03
  -4.2940670e-03
  -4.2858850e-03
  -4.2371940e-03
  -4.1636870e-03
  -4.0774190e-03
  -3.9893210e-03
  -3.9148670e-03
  -3.8444960e-03
  -3.7345680e-03
  -3.5812560e-03
  -3.4364450e-03
  -3.3172810e-03
  -3.1790710e-03
  -2.9889300e-03
  -2.7536540e-03
  -2.5205430e-03
  -2.3264980e-03
  -2.1655250e-03
  -2.0300480e-03
  -1.9062750e-03
  -1.7551010e-03
  -1.5677150e-03
  -1.3595260e-03
  -1.1441360e-03
  -9.5277590e-04
  -8.3466030e-04
  -7.9227900e-04
  -7.4632470e-04
  -6.3514640e-04
  -4.8755910e-04
  -3.5798180e-04
  -2.6726720e-04
  -2.1642060e-04
  -2.1573670e-04
  -2.7899150e-04
  -4.1016560e-04
  -5.9776370e-04
  -8.1486070e-04
  -1.0338540e-03
  -1.2493780e-03
  -1.4864680e-03
  -1.7736020e-03
  -2.1159560e-03
  -2.5023520e-03
  -2.9066950e-03
  -3.2647690e-03
  -3.5324050e-03
  -3.7668040e-03
  -4.0078340e-03
  -4.2168800e-03
  -4.3637880e-03
  -4.4552770e-03
  -4.4997410e-03
  -4.4945360e-03
  -4.4496900e-03
  -4.3882870e-03
  -4.2809920e-03
  -4.0858440e-03
  -3.8256980e-03
  -3.5813700e-03
  -3.4089290e-03
  -3.2714950e-03
  -3.0905080e-03
  -2.8452940e-03
  -2.5702110e-03
  -2.3121960e-03
  -2.0959010e-03
  -1.9147840e-03
  -1.7463420e-03
  -1.5807450e-03
  -1.4520530e-03
  -1.3707800e-03
  -1.3047140e-03
  -1.2408660e-03
  -1.1956120e-03
  -1.1743610e-03
  -1.1399830e-03
  -1.0814730e-03
  -1.0170620e-03
  -9.7250940e-04
  -9.3907140e-04
  -8.8339690e-04
  -7.8156300e-04
  -6.4880870e-04
  -5.1035890e-04
  -3.9213110e-04
  -3.2078710e-04
  -2.8860210e-04
  -2.5699820e-04
  -2.0458790e-04
  -1.6525690e-04
  -1.6719700e-04
  -1.7421340e-04
  -1.4655320e-04
  -8.9593810e-05
  -2.3536340e-05
   5.7340220e-05
   1.8125810e-04
   3.5609380e-04
   5.5290970e-04
   7.5085450e-04
   9.5236870e-04
   1.1567240e-03
   1.3677150e-03
   1.5671640e-03
   1.7224110e-03
   1.8164530e-03
   1.8650960e-03
   1.8919180e-03
   1.8984710e-03
   1.8596630e-03
   1.7743810e-03
   1.6970230e-03
   1.6739430e-03
   1.6821140e-03
   1.6934290e-03
   1.7121750e-03
   1.7445720e-03
   1.8198260e-03
   1.9644910e-03
   2.1535320e-03
   2.3428440e-03
   2.4900430e-03
   2.5902910e-03
   2.6896480e-03
   2.8349090e-03
   3.0302420e-03
   3.2309890e-03
   3.4262230e-03
   3.6341700e-03
   3.8285940e-03
   3.9726240e-03
   4.0843870e-03
   4.2043780e-03
   4.3545240e-03
   4.5343970e-03
   4.7292380e-03
   4.8976690e-03
   4.9927370e-03
   5.0214270e-03
   5.0317670e-03
   5.0451570e-03
   5.0663980e-03
   5.0922950e-03
   5.1147270e-03
   5.1141340e-03
   5.0630510e-03
   4.9618350e-03
   4.8268460e-03
   4.6703450e-03
   4.4939060e-03
   4.3281750e-03
   4.2292330e-03
   4.2076650e-03
   4.2169730e-03
   4.1943850e-03
   4.1013960e-03
   3.9575280e-03
   3.8075760e-03
   3.6896800e-03
   3.6244100e-03
   3.6097010e-03
   3.6218810e-03
   3.6298180e-03
   3.6235790e-03
   3.6037790e-03
   3.5590470e-03
   3.4860630e-03
   3.4147000e-03
   3.3624370e-03
   3.3079080e-03
   3.2344320e-03
   3.1555700e-03
   3.0956270e-03
   3.0596810e-03
   3.0199590e-03
   2.9834170e-03
   2.9686140e-03
   2.9595710e-03
   2.9250780e-03
   2.8560820e-03
   2.7849750e-03
   2.7421890e-03
   2.7233840e-03
   2.7062460e-03
   2.6665050e-03
   2.5924910e-03
   2.4964530e-03
   2.4188850e-03
   2.3846300e-03
   2.3630630e-03
   2.3382670e-03
   2.3396270e-03
   2.3902890e-03
   2.4807810e-03
   2.5880890e-03
   2.6876420e-03
   2.7441280e-03
   2.7354050e-03
   2.6886120e-03
   2.6408140e-03
   2.5884790e-03
   2.5159070e-03
   2.3868840e-03
   2.1640030e-03
   1.8527350e-03
   1.4941750e-03
   1.1601450e-03
   9.0194050e-04
   6.8524860e-04
   4.3694760e-04
   1.3090500e-04
  -1.9241110e-04
  -4.7763830e-04
  -6.9321370e-04
  -8.1427510e-04
  -8.1266300e-04
  -7.0925610e-04
  -5.8641210e-04
  -4.8871970e-04
  -3.9293610e-04
  -2.5498300e-04
  -5.0481420e-05
   2.0391370e-04
   4.5670260e-04
   6.3797360e-04
   7.2108330e-04
   7.7959010e-04
   8.8667370e-04
   1.0186000e-03
   1.1104420e-03
   1.1366050e-03
   1.1211670e-03
   1.1026080e-03
   1.0822310e-03
   1.0344780e-03
   9.3410640e-04
   7.8293210e-04
   6.1605230e-04
   4.8117590e-04
   3.9720590e-04
   3.4338450e-04
   2.8091080e-04
   1.8818840e-04
   8.6027700e-05
   3.1278890e-05
   4.9453130e-05
   6.7139660e-05
   6.4619640e-05
   1.2181450e-04
   2.6120170e-04
   4.1228800e-04
   5.4093690e-04
   6.5709380e-04
   7.6009570e-04
   8.4492250e-04
   9.1511050e-04
   9.6980410e-04
   1.0307110e-03
   1.1405310e-03
   1.2825010e-03
   1.3931890e-03
   1.4396340e-03
   1.4440410e-03
   1.4482710e-03
   1.4614220e-03
   1.4738600e-03
   1.4797840e-03
   1.4992260e-03
   1.5530850e-03
   1.6377150e-03
   1.7569610e-03
   1.9080700e-03
   2.0986890e-03
   2.3319880e-03
   2.5494120e-03
   2.6956240e-03
   2.7709450e-03
   2.8200170e-03
   2.9046610e-03
   3.0493740e-03
   3.1946630e-03
   3.2912620e-03
   3.3658000e-03
   3.4696860e-03
   3.6046360e-03
   3.7217560e-03
   3.7945080e-03
   3.8632210e-03
   3.9716800e-03
   4.0971070e-03
   4.1952560e-03
   4.2501440e-03
   4.2700750e-03
   4.2738370e-03
   4.2922500e-03
   4.3582100e-03
   4.4466520e-03
   4.5111670e-03
   4.5426070e-03
   4.5600400e-03
   4.5957070e-03
   4.6776540e-03
   4.8222660e-03
   5.0221730e-03
   5.2308280e-03
   5.4050480e-03
   5.5458740e-03
   5.6975090e-03
   5.9172070e-03
   6.2003860e-03
   6.4936090e-03
   6.7670900e-03
   7.0041170e-03
   7.1960240e-03
   7.3573620e-03
   7.5005910e-03
   7.6104510e-03
   7.6813900e-03
   7.7212120e-03
   7.7460590e-03
   7.7835320e-03
   7.8457330e-03
   7.9192140e-03
   7.9741860e-03
   7.9852490e-03
   7.9588620e-03
   7.9558970e-03
   8.0578430e-03
   8.2703060e-03
   8.5087530e-03
   8.6893900e-03
   8.8055960e-03
   8.8862620e-03
   8.9564280e-03
   9.0287140e-03
   9.0826950e-03
   9.0956030e-03
   9.0934610e-03
   9.1191930e-03
   9.1617300e-03
   9.1669290e-03
   9.0624390e-03
   8.8305520e-03
   8.5517750e-03
   8.3074710e-03
   8.1008330e-03
   7.9094530e-03
   7.7037730e-03
   7.4583110e-03
   7.1740650e-03
   6.8776540e-03
   6.6003820e-03
   6.3596420e-03
   6.1528170e-03
   5.9590300e-03
   5.7653560e-03
   5.5748430e-03
   5.4141250e-03
   5.3156240e-03
   5.2535880e-03
   5.1870970e-03
   5.1138870e-03
   5.0619040e-03
   5.0390090e-03
   4.9972280e-03
   4.9020580e-03
   4.7741920e-03
   4.6840450e-03
   4.6485630e-03
   4.6013560e-03
   4.5033090e-03
   4.3748460e-03
   4.2381200e-03
   4.0917830e-03
   3.9194430e-03
   3.7285250e-03
   3.5743670e-03
   3.5110130e-03
   3.5158440e-03
   3.5324950e-03
   3.5433340e-03
   3.5586130e-03
   3.5799230e-03
   3.6117740e-03
   3.6797300e-03
   3.7962450e-03
   3.9197450e-03
   4.0347960e-03
   4.1654940e-03
   4.2984130e-03
   4.4026510e-03
   4.4871650e-03
   4.5801900e-03
   4.6849810e-03
   4.7897420e-03
   4.8950950e-03
   4.9975830e-03
   5.0917820e-03
   5.1807370e-03
   5.2878710e-03
   5.4284850e-03
   5.5745310e-03
   5.6989530e-03
   5.8149920e-03
   5.9512990e-03
   6.0931460e-03
   6.2027900e-03
   6.2761670e-03
   6.3171530e-03
   6.3363330e-03
   6.3548760e-03
   6.3637070e-03
   6.3453580e-03
   6.2846720e-03
   6.1926810e-03
   6.1033470e-03
   6.0269070e-03
   5.9591350e-03
   5.9043160e-03
   5.8812500e-03
   5.8845380e-03
   5.8811780e-03
   5.8319180e-03
   5.7056200e-03
   5.5012810e-03
   5.2770240e-03
   5.1081940e-03
   5.0091610e-03
   4.9072350e-03
   4.7413210e-03
   4.5289550e-03
   4.3171270e-03
   4.1067830e-03
   3.8791120e-03
   3.6454020e-03
   3.4173280e-03
   3.1808100e-03
   2.9199550e-03
   2.6357740e-03
   2.3400710e-03
   2.0372210e-03
   1.7254670e-03
   1.4123110e-03
   1.1455220e-03
   1.0009460e-03
   9.9434500e-04
   1.0315740e-03
   1.0659010e-03
   1.1510620e-03
   1.2994580e-03
   1.4540850e-03
   1.5990040e-03
   1.7580470e-03
   1.9318250e-03
   2.1130720e-03
   2.2855280e-03
   2.4408010e-03
   2.5855060e-03
   2.7289920e-03
   2.8698780e-03
   3.0029890e-03
   3.1236360e-03
   3.2298230e-03
   3.3142990e-03
   3.3801010e-03
   3.4115280e-03
   3.4140950e-03
   3.4305830e-03
   3.4876590e-03
   3.5595890e-03
   3.5987200e-03
   3.6083980e-03
   3.6216400e-03
   3.6529040e-03
   3.6811380e-03
   3.7157610e-03
   3.7848890e-03
   3.8778020e-03
   3.9759120e-03
   4.0839050e-03
   4.2164530e-03
   4.3712720e-03
   4.5298620e-03
   4.6837200e-03
   4.8364050e-03
   4.9883720e-03
   5.1415100e-03
   5.3207460e-03
   5.5388990e-03
   5.7598330e-03
   5.9382490e-03
   6.0806510e-03
   6.2415460e-03
   6.4344930e-03
   6.6016470e-03
   6.7073730e-03
   6.7881720e-03
   6.8732620e-03
   6.9530780e-03
   7.0155050e-03
   7.0485750e-03
   7.0659780e-03
   7.0933580e-03
   7.1417120e-03
   7.2008370e-03
   7.2381080e-03
   7.2291630e-03
   7.1964730e-03
   7.1726900e-03
   7.1651730e-03
   7.1606160e-03
   7.1133980e-03
   7.0115300e-03
   6.8833160e-03
   6.7517200e-03
   6.6321000e-03
   6.5235060e-03
   6.4120290e-03
   6.2865370e-03
   6.1439220e-03
   6.0035680e-03
   5.9034110e-03
   5.8553780e-03
   5.8282610e-03
   5.8005690e-03
   5.7546590e-03
   5.6876400e-03
   5.6378770e-03
   5.6258910e-03
   5.6011100e-03
   5.5138330e-03
   5.3799630e-03
   5.2434690e-03
   5.1354100e-03
   5.0526220e-03
   4.9806550e-03
   4.9037400e-03
   4.8079250e-03
   4.6817350e-03
   4.5567260e-03
   4.4890660e-03
   4.5018370e-03
   4.5804670e-03
   4.6947780e-03
   4.8034190e-03
   4.8595840e-03
   4.8578470e-03
   4.8487410e-03
   4.8946880e-03
   4.9982360e-03
   5.0957660e-03
   5.1331500e-03
   5.0964230e-03
   4.9916680e-03
   4.8390090e-03
   4.6636640e-03
   4.4734110e-03
   4.2668020e-03
   4.0568300e-03
   3.8734660e-03
   3.7190990e-03
   3.5655820e-03
   3.3978290e-03
   3.2091360e-03
   2.9983270e-03
   2.7892910e-03
   2.6070940e-03
   2.4807710e-03
   2.4109760e-03
   2.3497190e-03
   2.2496050e-03
   2.1101190e-03
   1.9492640e-03
   1.7764470e-03
   1.6104830e-03
   1.4773450e-03
   1.3692500e-03
   1.2490290e-03
   1.0929300e-03
   9.0283420e-04
   7.0022240e-04
   5.0253870e-04
   3.1255520e-04
   1.1782950e-04
  -9.6887170e-05
  -3.3043140e-04
  -5.7199880e-04
  -7.8317070e-04
  -9.5034320e-04
  -1.1081950e-03
  -1.3028010e-03
  -1.5504200e-03
  -1.8266340e-03
  -2.0979190e-03
  -2.3463250e-03
  -2.5728090e-03
  -2.8024790e-03
  -3.0504770e-03
  -3.3037240e-03
  -3.5576430e-03
  -3.8218190e-03
  -4.0842460e-03
  -4.3162880e-03
  -4.4740100e-03
  -4.5330080e-03
  -4.5277270e-03
  -4.5094430e-03
  -4.4733370e-03
  -4.4075810e-03
  -4.3327590e-03
  -4.2512200e-03
  -4.1510230e-03
  -4.0540520e-03
  -3.9932410e-03
  -3.9501200e-03
  -3.8613630e-03
  -3.7076330e-03
  -3.5189760e-03
  -3.3499770e-03
  -3.2312910e-03
  -3.1273020e-03
  -2.9716940e-03
  -2.7522540e-03
  -2.5318540e-03
  -2.3989710e-03
  -2.3805980e-03
  -2.3939090e-03
  -2.3490770e-03
  -2.2475910e-03
  -2.1500510e-03
  -2.0856020e-03
  -2.0372640e-03
  -1.9748450e-03
  -1.8793030e-03
  -1.7529420e-03
  -1.6125600e-03
  -1.4793480e-03
  -1.3672040e-03
  -1.2716110e-03
  -1.1813180e-03
  -1.0901070e-03
  -1.0106130e-03
  -9.6614500e-04
  -9.6012210e-04
  -9.6627910e-04
  -9.6892090e-04
  -1.0195650e-03
  -1.1212500e-03
  -1.2106720e-03
  -1.2717660e-03
  -1.3342880e-03
  -1.4118740e-03
  -1.4931550e-03
  -1.5767270e-03
  -1.6583610e-03
  -1.7128660e-03
  -1.7165270e-03
  -1.6662420e-03
  -1.5878120e-03
  -1.4938090e-03
  -1.3677970e-03
  -1.1996500e-03
  -9.9554890e-04
  -7.9004250e-04
  -6.1899560e-04
  -4.8232500e-04
  -3.5587660e-04
  -2.0725290e-04
  -1.5701150e-05
   2.0263280e-04
   4.0305380e-04
   5.6767410e-04
   7.2659310e-04
   9.1630940e-04
   1.1189940e-03
   1.2941170e-03
   1.4197880e-03
   1.4973280e-03
   1.5616540e-03
   1.6528280e-03
   1.7812320e-03
   1.9197720e-03
   2.0341790e-03
   2.1122960e-03
   2.1521450e-03
   2.1497170e-03
   2.1192730e-03
   2.0818450e-03
   2.0405430e-03
   1.9841240e-03
   1.9142290e-03
   1.8426000e-03
   1.7846520e-03
   1.7443520e-03
   1.6799140e-03
   1.5435140e-03
   1.3347800e-03
   1.0805870e-03
   8.3372030e-04
   6.5996970e-04
   5.6749480e-04
   5.2717650e-04
   5.0082920e-04
   4.7141470e-04
   4.3258760e-04
   3.8127650e-04
   3.3595450e-04
   3.5660370e-04
   4.8180210e-04
   6.5709210e-04
   8.0934890e-04
   9.1706090e-04
   9.8419530e-04
   1.0502650e-03
   1.1734020e-03
   1.3499260e-03
   1.5379070e-03
   1.7054360e-03
   1.8424840e-03
   1.9680860e-03
   2.1058850e-03
   2.2841850e-03
   2.4926210e-03
   2.6817810e-03
   2.8208480e-03
   2.8958970e-03
   2.8995850e-03
   2.8904510e-03
   2.9396260e-03
   3.0212020e-03
   3.0589910e-03
   3.0116230e-03
   2.9029050e-03
   2.7832610e-03
   2.6819100e-03
   2.5990740e-03
   2.5005480e-03
   2.3409660e-03
   2.1080410e-03
   1.8315220e-03
   1.5546720e-03
   1.3192050e-03
   1.1298140e-03
   9.5669630e-04
   7.7762000e-04
   6.0445610e-04
   4.5945440e-04
   3.6998360e-04
   3.2807250e-04
   2.7292060e-04
   1.8105020e-04
   1.1017010e-04
   1.1910980e-04
   1.9623750e-04
   2.8120050e-04
   3.4855620e-04
   4.1899180e-04
   5.1819930e-04
   6.4312770e-04
   7.6649520e-04
   8.7529620e-04
   9.6204830e-04
   1.0054980e-03
   9.7759060e-04
   8.8178890e-04
   7.3427700e-04
   5.5658690e-04
   3.9917280e-04
   2.8375120e-04
   1.5706680e-04
  -2.9083270e-05
  -2.5168230e-04
  -4.4552310e-04
  -5.8113660e-04
  -6.9867440e-04
  -8.4361640e-04
  -1.0132840e-03
  -1.1624170e-03
  -1.2582870e-03
  -1.3005100e-03
  -1.3119480e-03
  -1.3324390e-03
  -1.3815030e-03
  -1.4644000e-03
  -1.5762310e-03
  -1.6956810e-03
  -1.7728330e-03
  -1.7649670e-03
  -1.6981720e-03
  -1.6551250e-03
  -1.6949560e-03
  -1.7759290e-03
  -1.8203620e-03
  -1.8047000e-03
  -1.7435510e-03
  -1.6550910e-03
  -1.5517820e-03
  -1.4365750e-03
  -1.3114580e-03
  -1.1899050e-03
  -1.0843270e-03
  -9.8041830e-04
  -8.8130400e-04
  -8.0870270e-04
  -7.8679650e-04
  -8.2729900e-04
  -8.9649260e-04
  -9.2386460e-04
  -9.0212710e-04
  -9.0321180e-04
  -9.7277270e-04
  -1.0666730e-03
  -1.1084710e-03
  -1.0912890e-03
  -1.0550570e-03
  -1.0229570e-03
  -1.0055880e-03
  -1.0117630e-03
  -1.0466640e-03
  -1.0863700e-03
  -1.0847570e-03
  -1.0137590e-03
  -8.8813200e-04
  -7.5584300e-04
  -6.8541080e-04
  -6.8810070e-04
  -6.9018170e-04
  -6.5066510e-04
  -6.2168980e-04
  -6.5665990e-04
  -7.4741960e-04
  -8.6019190e-04
  -9.7113400e-04
  -1.0939490e-03
  -1.2540670e-03
  -1.4516130e-03
  -1.6510240e-03
  -1.8113080e-03
  -1.9229010e-03
  -2.0098990e-03
  -2.1148250e-03
  -2.2614470e-03
  -2.4137260e-03
  -2.5113210e-03
  -2.5025320e-03
  -2.3826440e-03
  -2.2257530e-03
  -2.0672290e-03
  -1.8904870e-03
  -1.7264910e-03
  -1.6227690e-03
  -1.5664030e-03
  -1.4902540e-03
  -1.3654840e-03
  -1.2251110e-03
  -1.0838980e-03
  -9.4419330e-04
  -7.9382030e-04
  -6.2244190e-04
  -4.3927220e-04
  -2.6189620e-04
  -1.0930360e-04
   1.4076220e-05
   1.1709920e-04
   2.0628210e-04
   2.7538560e-04
   3.1407570e-04
   3.3673770e-04
   3.7845920e-04
   4.1972660e-04
   4.3260220e-04
   4.2588630e-04
   4.0934340e-04
   3.6710350e-04
   3.1215400e-04
   2.8879920e-04
   3.1666330e-04
   3.6344540e-04
   3.7716620e-04
   3.6105270e-04
   3.4499710e-04
   3.4927270e-04
   3.8564390e-04
   4.6849060e-04
   6.0974480e-04
   8.3746250e-04
   9.5463170e-04
   1.0337750e-03
   1.1201260e-03
   1.2313270e-03
   1.3602680e-03
   1.4775320e-03
   1.5625620e-03
   1.6140980e-03
   1.6536040e-03
   1.7293420e-03
   1.8602810e-03
   2.0026090e-03
   2.1080390e-03
   2.1550000e-03
   2.1542650e-03
   2.1335210e-03
   2.1037850e-03
   2.0475370e-03
   1.9393490e-03
   1.7842660e-03
   1.6248060e-03
   1.5137800e-03
   1.4330670e-03
   1.2963130e-03
   1.0424460e-03
   7.1300040e-04
   4.2135070e-04
   2.3833060e-04
   1.2692430e-04
   2.8464200e-05
  -6.9757230e-05
  -1.5787840e-04
  -2.3095250e-04
  -2.8472500e-04
  -3.0625740e-04
  -2.8310520e-04
  -2.1425640e-04
  -1.2396560e-04
  -3.9024150e-05
   1.5515590e-05
   3.8314040e-05
   6.4334670e-05
   1.3443780e-04
   2.4106450e-04
   3.3517750e-04
   3.8089610e-04
   3.8105020e-04
   3.5943460e-04
   3.5182270e-04
   3.9005890e-04
   4.7458670e-04
   5.7277650e-04
   6.4309360e-04
   6.7560850e-04
   6.9211840e-04
   7.1558370e-04
   7.6382340e-04
   8.2834200e-04
   8.6130510e-04
   8.2411490e-04
   7.3019960e-04
   6.2995820e-04
   5.4609100e-04
   4.5374560e-04
   3.0849080e-04
   9.9951790e-05
  -1.3794910e-04
  -3.8430490e-04
  -5.9018520e-04
  -7.2163280e-04
  -8.4295290e-04
  -1.0251770e-03
  -1.2637170e-03
  -1.4901570e-03
  -1.6450750e-03
  -1.7223040e-03
  -1.7452660e-03
  -1.7469500e-03
  -1.7781740e-03
  -1.8605990e-03
  -1.9662710e-03
  -2.0398740e-03
  -2.0608080e-03
  -2.0811250e-03
  -2.1424550e-03
  -2.2372020e-03
  -2.3402610e-03
  -2.4173570e-03
  -2.4431860e-03
  -2.4306560e-03
  -2.3733150e-03
  -2.2611600e-03
  -2.1132970e-03
  -1.9569590e-03
  -1.8014830e-03
  -1.6460010e-03
  -1.5090450e-03
  -1.4075850e-03
  -1.3460290e-03
  -1.3314160e-03
  -1.3686920e-03
  -1.4235600e-03
  -1.4417890e-03
  -1.4159090e-03
  -1.3852460e-03
  -1.3719050e-03
  -1.3910710e-03
  -1.4503440e-03
  -1.5181770e-03
  -1.5407890e-03
  -1.4855720e-03
  -1.3731800e-03
  -1.2496260e-03
  -1.1259670e-03
  -9.8320390e-04
  -8.4684420e-04
  -7.3621210e-04
  -6.3221070e-04
  -5.3014150e-04
  -4.5832100e-04
  -4.2046970e-04
  -3.5091230e-04
  -1.9879750e-04
  -7.1743770e-06
   1.3847490e-04
   2.0306450e-04
   1.9766430e-04
   1.6374820e-04
   1.7217560e-04
   2.6687480e-04
   4.0185140e-04
   4.9540760e-04
   5.2848910e-04
   5.3301900e-04
   5.4772730e-04
   6.1058970e-04
   7.1548310e-04
   7.8478100e-04
   7.3904060e-04
   5.9629550e-04
   4.5296610e-04
   3.5564700e-04
   2.7571500e-04
   1.7955180e-04
   6.8124080e-05
  -3.8342910e-05
  -1.2516320e-04
  -1.9022700e-04
  -2.3350350e-04
  -2.6449170e-04
  -3.0318920e-04
  -3.5965470e-04
  -4.1796230e-04
  -4.5696380e-04
  -4.7986110e-04
  -4.9899680e-04
  -5.3487130e-04
  -6.0057050e-04
  -6.7630530e-04
  -7.4479320e-04
  -8.1926240e-04
  -8.7132040e-04
  -8.4914660e-04
  -7.6782250e-04
  -6.7335990e-04
  -5.7444970e-04
  -4.7541270e-04
  -4.0223240e-04
  -3.6723790e-04
  -3.4576740e-04
  -3.1247860e-04
  -2.5874490e-04
  -1.8607020e-04
  -9.7451520e-05
   1.0147420e-07
   7.4392290e-05
   1.0492020e-04
   1.1723810e-04
   1.3519350e-04
   1.5366610e-04
   1.5669100e-04
   1.4839070e-04
   1.2949950e-04
   1.0425750e-04
   1.1567510e-04
   1.9986250e-04
   3.2344650e-04
   4.0390580e-04
   3.9807300e-04
   3.6503500e-04
   3.8653950e-04
   4.9556510e-04
   6.7175420e-04
   8.2408820e-04
   8.7202260e-04
   8.0746000e-04
   6.9957430e-04
   6.4792190e-04
   6.9622600e-04
   7.7399470e-04
   8.0193820e-04
   7.9091920e-04
   7.7961720e-04
   7.7549010e-04
   7.9984840e-04
   8.6303890e-04
   9.4163680e-04
   9.9757140e-04
   1.0076990e-03
   9.8641800e-04
   9.6998870e-04
   9.7776680e-04
   1.0072430e-03
   1.0243890e-03
   9.8923150e-04
   8.6335540e-04
   6.4259550e-04
   3.6278450e-04
   8.3870140e-05
  -1.3934880e-04
  -3.0120190e-04
  -4.0768810e-04
  -5.0099780e-04
  -6.5597180e-04
  -8.6486280e-04
  -1.0366820e-03
  -1.1218980e-03
  -1.1509140e-03
  -1.1534500e-03
  -1.1348210e-03
  -1.1045790e-03
  -1.0916590e-03
  -1.1091490e-03
  -1.1317620e-03
  -1.1339750e-03
  -1.1119460e-03
  -1.0930960e-03
  -1.1215550e-03
  -1.2264640e-03
  -1.3943280e-03
  -1.5867300e-03
  -1.7695340e-03
  -1.9308240e-03
  -2.0866930e-03
  -2.2496000e-03
  -2.3984310e-03
  -2.5132930e-03
  -2.6190660e-03
  -2.7516660e-03
  -2.9143600e-03
  -3.0673590e-03
  -3.1555640e-03
  -3.1783300e-03
  -3.1828810e-03
  -3.2168890e-03
  -3.2826750e-03
  -3.3512310e-03
  -3.4038140e-03
  -3.4442320e-03
  -3.4946890e-03
  -3.5827150e-03
  -3.6896580e-03
  -3.7767890e-03
  -3.8405020e-03
  -3.8915870e-03
  -3.9472690e-03
  -4.0376610e-03
  -4.1742460e-03
  -4.3178290e-03
  -4.4062600e-03
  -4.4021900e-03
  -4.3477080e-03
  -4.3103240e-03
  -4.3294410e-03
  -4.3812750e-03
  -4.3998160e-03
  -4.3522050e-03
  -4.2579400e-03
  -4.1637710e-03
  -4.1102350e-03
  -4.1011980e-03
  -4.1011590e-03
  -4.0844720e-03
  -4.0391090e-03
  -3.9682220e-03
  -3.8884800e-03
  -3.8044170e-03
  -3.7029770e-03
  -3.5984520e-03
  -3.5089080e-03
  -3.4382160e-03
  -3.3709190e-03
  -3.2903840e-03
  -3.2005680e-03
  -3.1207300e-03
  -3.0598890e-03
  -3.0112710e-03
  -2.9738300e-03
  -2.9719840e-03
  -3.0304290e-03
  -3.1354610e-03
  -3.2244540e-03
  -3.2522090e-03
  -3.2472490e-03
  -3.2654020e-03
  -3.3296000e-03
  -3.4157970e-03
  -3.4869840e-03
  -3.5323770e-03
  -3.5398360e-03
  -3.5203420e-03
  -3.5141850e-03
  -3.5457190e-03
  -3.6110750e-03
  -3.6724100e-03
  -3.6892740e-03
  -3.6554070e-03
  -3.5718080e-03
  -3.4444860e-03
  -3.3258150e-03
  -3.2612290e-03
  -3.2388220e-03
  -3.2212590e-03
  -3.1910230e-03
  -3.1444700e-03
  -3.0839740e-03
  -3.0098740e-03
  -2.9438530e-03
  -2.9100570e-03
  -2.8962730e-03
  -2.8972590e-03
  -2.9347360e-03
  -2.9812520e-03
  -2.9964010e-03
  -3.0063510e-03
  -3.0534610e-03
  -3.1374150e-03
  -3.2438390e-03
  -3.3756870e-03
  -3.4988330e-03
  -3.5690600e-03
  -3.5791560e-03
  -3.5483700e-03
  -3.4905520e-03
  -3.4283630e-03
  -3.4092560e-03
  -3.4613190e-03
  -3.5581020e-03
  -3.6361110e-03
  -3.6601640e-03
  -3.6553070e-03
  -3.6515690e-03
  -3.6582620e-03
  -3.6611160e-03
  -3.6495500e-03
  -3.6455130e-03
  -3.6706120e-03
  -3.7142910e-03
  -3.7446700e-03
  -3.7668310e-03
  -3.8499260e-03
  -3.9919360e-03
  -4.1114600e-03
  -4.1966570e-03
  -4.2944640e-03
  -4.4194290e-03
  -4.5607030e-03
  -4.7102170e-03
  -4.8370640e-03
  -4.8898940e-03
  -4.8778870e-03
  -4.8689060e-03
  -4.9099840e-03
  -4.9763310e-03
  -5.0033520e-03
  -4.9733680e-03
  -4.9183100e-03
  -4.8629280e-03
  -4.8152710e-03
  -4.7627810e-03
  -4.6728680e-03
  -4.5157350e-03
  -4.3187890e-03
  -4.1390710e-03
  -3.9997080e-03
  -3.8814720e-03
  -3.7581300e-03
  -3.6302020e-03
  -3.5193380e-03
  -3.4221610e-03
  -3.3199060e-03
  -3.2133610e-03
  -3.1256030e-03
  -3.0678520e-03
  -3.0315500e-03
  -3.0011480e-03
  -2.9585710e-03
  -2.9038900e-03
  -2.8546700e-03
  -2.8286500e-03
  -2.8142560e-03
  -2.7413060e-03
  -2.5476860e-03
  -2.2589630e-03
  -1.9551710e-03
  -1.7023140e-03
  -1.5285530e-03
  -1.4154140e-03
  -1.3196150e-03
  -1.2193070e-03
  -1.1061190e-03
  -9.8742730e-04
  -8.9721340e-04
  -8.6878840e-04
  -8.8883390e-04
  -9.0979450e-04
  -9.0721580e-04
  -9.0631420e-04
  -9.5111050e-04
  -1.0579570e-03
  -1.2063230e-03
  -1.3622220e-03
  -1.5106530e-03
  -1.6813430e-03
  -1.9016910e-03
  -2.1534310e-03
  -2.3788280e-03
  -2.5429460e-03
  -2.6659640e-03
  -2.7650790e-03
  -2.8586310e-03
  -2.9522770e-03
  -3.0385380e-03
  -3.1173120e-03
  -3.2033180e-03
  -3.2947240e-03
  -3.3607380e-03
  -3.3939430e-03
  -3.4325940e-03
  -3.5123560e-03
  -3.6075580e-03
  -3.6527770e-03
  -3.6181100e-03
  -3.5520630e-03
  -3.5136520e-03
  -3.5077570e-03
  -3.5060130e-03
  -3.4854780e-03
  -3.4532470e-03
  -3.4306730e-03
  -3.4241250e-03
  -3.4335250e-03
  -3.4636400e-03
  -3.5100100e-03
  -3.5594420e-03
  -3.5969860e-03
  -3.6022600e-03
  -3.5753410e-03
  -3.5399190e-03
  -3.5288710e-03
  -3.5575890e-03
  -3.5697520e-03
  -3.5000640e-03
  -3.3611170e-03
  -3.2130220e-03
  -3.1024700e-03
  -3.0364640e-03
  -2.9720660e-03
  -2.8669470e-03
  -2.7371790e-03
  -2.6242240e-03
  -2.5538020e-03
  -2.5274910e-03
  -2.5327330e-03
  -2.5684400e-03
  -2.6311010e-03
  -2.6835130e-03
  -2.6942370e-03
  -2.6969220e-03
  -2.7277420e-03
  -2.7911580e-03
  -2.8603510e-03
  -2.9181150e-03
  -2.9967220e-03
  -3.1170770e-03
  -3.2186350e-03
  -3.2540820e-03
  -3.2664530e-03
  -3.2989130e-03
  -3.3170640e-03
  -3.2867000e-03
  -3.2423750e-03
  -3.2255310e-03
  -3.2356900e-03
  -3.2509250e-03
  -3.2408210e-03
  -3.1834640e-03
  -3.0803660e-03
  -2.9583450e-03
  -2.8551330e-03
  -2.7815830e-03
  -2.7161370e-03
  -2.6422130e-03
  -2.5725640e-03
  -2.5240790e-03
  -2.4942250e-03
  -2.4745190e-03
  -2.4724200e-03
  -2.4944250e-03
  -2.5250760e-03
  -2.5537300e-03
  -2.5897680e-03
  -2.6419360e-03
  -2.7029700e-03
  -2.7581990e-03
  -2.7866790e-03
  -2.7744050e-03
  -2.7289030e-03
  -2.6751240e-03
  -2.6414070e-03
  -2.6354710e-03
  -2.6207450e-03
  -2.5722680e-03
  -2.5171830e-03
  -2.4752060e-03
  -2.4372570e-03
  -2.3841190e-03
  -2.3012060e-03
  -2.1917590e-03
  -2.0466860e-03
  -1.8663530e-03
  -1.6824990e-03
  -1.5150270e-03
  -1.3631390e-03
  -1.2057880e-03
  -1.0241610e-03
  -8.2740820e-04
  -6.5812900e-04
  -5.5837970e-04
  -5.2095850e-04
  -5.0281550e-04
  -4.8188040e-04
  -4.7458580e-04
  -4.9247050e-04
  -5.2896710e-04
  -5.7415000e-04
  -6.2900120e-04
  -7.0874350e-04
  -8.1481900e-04
  -9.1699970e-04
  -9.7293240e-04
  -9.6756470e-04
  -9.2056840e-04
  -8.4204140e-04
  -7.2876270e-04
  -5.8267900e-04
  -4.1230710e-04
  -2.1959690e-04
   6.6828830e-06
   2.5671690e-04
   4.7640980e-04
   6.5775060e-04
   8.5023690e-04
   1.0594690e-03
   1.2285820e-03
   1.3121600e-03
   1.3003390e-03
   1.1965720e-03
   1.0458530e-03
   9.1834670e-04
   8.2556450e-04
   7.3144050e-04
   6.0450890e-04
   4.5100900e-04
   3.0832670e-04
   2.1696640e-04
   1.8537720e-04
   1.8485570e-04
   1.9196400e-04
   2.0195270e-04
   2.2334870e-04
   2.7688740e-04
   3.6665620e-04
   4.6152840e-04
   5.2943170e-04
   5.7215100e-04
   6.1188630e-04
   6.6974690e-04
   7.4888120e-04
   8.4140140e-04
   9.2083650e-04
   9.6502910e-04
   9.8249950e-04
   9.8091510e-04
   9.5406290e-04
   9.0494680e-04
   8.5220830e-04
   8.1343480e-04
   7.8339460e-04
   7.4611890e-04
   7.0660210e-04
   6.9579800e-04
   7.1678450e-04
   7.2389330e-04
   6.8299620e-04
   6.0689270e-04
   5.2349170e-04
   4.4315570e-04
   3.6657710e-04
   2.8866030e-04
   2.0086550e-04
   1.1054640e-04
   3.9088910e-05
   5.2934020e-06
   1.3561830e-05
   7.0782480e-05
   1.8562360e-04
   3.3288240e-04
   4.7166880e-04
   5.8596350e-04
   6.7382010e-04
   7.6253560e-04
   8.7955290e-04
   1.0199520e-03
   1.1617340e-03
   1.2757670e-03
   1.3531140e-03
   1.3967050e-03
   1.4205930e-03
   1.4396030e-03
   1.4557430e-03
   1.4510560e-03
   1.3964550e-03
   1.2783900e-03
   1.1106640e-03
   9.3835330e-04
   8.1262330e-04
   7.4038410e-04
   6.8312270e-04
   6.0343290e-04
   4.9718650e-04
   3.7533620e-04
   2.5449680e-04
   1.2748040e-04
  -1.5179250e-05
  -1.4818710e-04
  -2.4584750e-04
  -3.1795800e-04
  -3.9149500e-04
  -4.7232600e-04
  -5.3503450e-04
  -5.4845200e-04
  -5.0376860e-04
  -4.3769260e-04
  -3.9218830e-04
  -3.7480730e-04
  -3.6411780e-04
  -3.3229480e-04
  -2.7175630e-04
  -2.0207050e-04
  -1.3173420e-04
  -4.1286450e-05
   8.6638250e-05
   2.3866320e-04
   3.8321760e-04
   5.1071140e-04
   6.3402830e-04
   7.5540260e-04
   8.5820110e-04
   9.2511750e-04
   9.5123570e-04
   9.5143520e-04
   9.4855990e-04
   9.4555260e-04
   9.2696830e-04
   8.7675650e-04
   7.9235400e-04
   6.8451840e-04
   5.7497270e-04
   4.9041950e-04
   4.4632170e-04
   4.4878130e-04
   4.8832670e-04
   5.3890250e-04
   5.9576620e-04
   6.6397820e-04
   7.3486960e-04
   7.7687560e-04
   7.6178640e-04
   6.9502980e-04
   6.1125280e-04
   5.4747130e-04
   5.1680180e-04
   5.0801210e-04
   5.0040490e-04
   4.9120720e-04
   5.0585680e-04
   5.5718510e-04
   6.2843460e-04
   6.9357610e-04
   7.5570080e-04
   8.4201410e-04
   9.5197000e-04
   1.0490370e-03
   1.1086950e-03
   1.1457610e-03
   1.1824810e-03
   1.2175380e-03
   1.2337900e-03
   1.2149750e-03
   1.1690800e-03
   1.1332220e-03
   1.1222050e-03
   1.1226900e-03
   1.1131470e-03
   1.0877390e-03
   1.0675680e-03
   1.0759330e-03
   1.1142660e-03
   1.1714810e-03
   1.2238200e-03
   1.2654410e-03
   1.3143180e-03
   1.3757120e-03
   1.4434080e-03
   1.5302010e-03
   1.6284710e-03
   1.7111660e-03
   1.7674480e-03
   1.7949520e-03
   1.7826730e-03
   1.7136190e-03
   1.5806900e-03
   1.4142160e-03
   1.2649430e-03
   1.1717580e-03
   1.1273680e-03
   1.0823290e-03
   1.0082270e-03
   9.5334210e-04
   9.8973420e-04
   1.1169030e-03
   1.2719540e-03
   1.4063850e-03
   1.5200670e-03
   1.6333200e-03
   1.7480700e-03
   1.8512370e-03
   1.9437780e-03
   2.0397430e-03
   2.1401820e-03
   2.2302630e-03
   2.2903400e-03
   2.3147270e-03
   2.3147080e-03
   2.3070650e-03
   2.2975900e-03
   2.2845930e-03
   2.2810110e-03
   2.2956200e-03
   2.2967690e-03
   2.2674210e-03
   2.2356510e-03
   2.2127470e-03
   2.1789850e-03
   2.1408440e-03
   2.1311650e-03
   2.1422590e-03
   2.1431160e-03
   2.1311990e-03
   2.1264420e-03
   2.1157320e-03
   2.0801240e-03
   2.0340430e-03
   2.0070060e-03
   1.9987430e-03
   1.9896510e-03
   1.9741200e-03
   1.9479620e-03
   1.8989460e-03
   1.8272400e-03
   1.7680150e-03
   1.7629690e-03
   1.8017020e-03
   1.8391140e-03
   1.8561050e-03
   1.8591450e-03
   1.8585080e-03
   1.8634370e-03
   1.8870060e-03
   1.9334710e-03
   1.9884090e-03
   2.0386130e-03
   2.0886280e-03
   2.1437530e-03
   2.2048180e-03
   2.2647010e-03
   2.3274170e-03
   2.4069080e-03
   2.5059600e-03
   2.6127870e-03
   2.7180470e-03
   2.8138940e-03
   2.8807360e-03
   2.9060780e-03
   2.9093010e-03
   2.9288710e-03
   2.9936450e-03
   3.0941450e-03
   3.1812330e-03
   3.2210850e-03
   3.2089600e-03
   3.1611730e-03
   3.1097820e-03
   3.0795660e-03
   3.0818880e-03
   3.1220410e-03
   3.1678220e-03
   3.1734530e-03
   3.1232000e-03
   3.0301120e-03
   2.9285150e-03
   2.8484750e-03
   2.7821080e-03
   2.7041750e-03
   2.6088440e-03
   2.5101640e-03
   2.4230010e-03
   2.3588870e-03
   2.3239390e-03
   2.3044390e-03
   2.2765210e-03
   2.2303750e-03
   2.1843500e-03
   2.1749820e-03
   2.2198570e-03
   2.2966820e-03
   2.3808410e-03
   2.4644340e-03
   2.5470810e-03
   2.6353350e-03
   2.7345530e-03
   2.8303830e-03
   2.8907550e-03
   2.9041170e-03
   2.8947900e-03
   2.8926670e-03
   2.8980590e-03
   2.8852660e-03
   2.8523630e-03
   2.8233680e-03
   2.8085780e-03
   2.8090430e-03
   2.8158930e-03
   2.8126180e-03
   2.7831600e-03
   2.7255970e-03
   2.6705300e-03
   2.6644620e-03
   2.7086000e-03
   2.7577570e-03
   2.7875790e-03
   2.7978780e-03
   2.7816930e-03
   2.7406760e-03
   2.7069250e-03
   2.7084360e-03
   2.7445750e-03
   2.7994830e-03
   2.8527750e-03
   2.8846460e-03
   2.8919660e-03
   2.8829610e-03
   2.8710840e-03
   2.8676120e-03
   2.8804790e-03
   2.9136550e-03
   2.9667510e-03
   3.0326170e-03
   3.0881860e-03
   3.1187270e-03
   3.1468360e-03
   3.1993860e-03
   3.2731890e-03
   3.3331880e-03
   3.3573850e-03
   3.3556140e-03
   3.3445870e-03
   3.3343200e-03
   3.3255770e-03
   3.3175900e-03
   3.3000850e-03
   3.2657550e-03
   3.2217520e-03
   3.1763290e-03
   3.1253350e-03
   3.0541870e-03
   2.9632370e-03
   2.8747860e-03
   2.8034980e-03
   2.7439560e-03
   2.6995060e-03
   2.6812220e-03
   2.6738490e-03
   2.6515270e-03
   2.6105560e-03
   2.5615330e-03
   2.5079330e-03
   2.4411990e-03
   2.3511450e-03
   2.2414120e-03
   2.1273280e-03
   2.0137310e-03
   1.8954280e-03
   1.7760960e-03
   1.6701990e-03
   1.5956930e-03
   1.5671650e-03
   1.5750110e-03
   1.5952950e-03
   1.6178100e-03
   1.6587230e-03
   1.7353750e-03
   1.8363290e-03
   1.9251110e-03
   1.9801550e-03
   2.0028420e-03
   1.9979870e-03
   1.9777970e-03
   1.9584360e-03
   1.9473260e-03
   1.9400090e-03
   1.9240490e-03
   1.8888840e-03
   1.8353990e-03
   1.7724740e-03
   1.7098410e-03
   1.6384750e-03
   1.5360300e-03
   1.4033730e-03
   1.2671850e-03
   1.1561380e-03
   1.0800780e-03
   1.0293210e-03
   9.7885840e-04
   9.0827030e-04
   8.2107220e-04
   7.3507140e-04
   6.6602050e-04
   6.1571780e-04
   5.7007850e-04
   5.1401620e-04
   4.4793690e-04
   3.8815930e-04
   3.5366230e-04
   3.4923170e-04
   3.6019060e-04
   3.7356450e-04
   3.8932060e-04
   4.0375810e-04
   3.9892720e-04
   3.9559370e-04
   4.2486170e-04
   4.6453070e-04
   4.8652030e-04
   5.0319690e-04
   5.3783470e-04
   5.7931370e-04
   6.0200500e-04
   6.0134920e-04
   5.9585360e-04
   5.9943900e-04
   6.1885700e-04
   6.5798350e-04
   7.0627730e-04
   7.5036310e-04
   7.9145350e-04
   8.3976050e-04
   8.9454390e-04
   9.3179400e-04
   9.3465230e-04
   9.1738580e-04
   8.9861430e-04
   8.7572580e-04
   8.4479270e-04
   8.0511660e-04
   7.4984510e-04
   6.6791870e-04
   5.6403370e-04
   4.6712280e-04
   3.9738440e-04
   3.5422100e-04
   3.2937540e-04
   3.1323750e-04
   2.9774200e-04
   2.8505750e-04
   2.8415330e-04
   3.0161160e-04
   3.3656070e-04
   3.7867190e-04
   4.2531130e-04
   4.8743140e-04
   5.6892570e-04
   6.5495550e-04
   7.2946520e-04
   7.9525830e-04
   8.5929940e-04
   9.1717880e-04
   9.5988710e-04
   9.8317720e-04
   9.8787080e-04
   9.7314360e-04
   9.4467890e-04
   9.1564340e-04
   8.9025340e-04
   8.5992570e-04
   8.2563840e-04
   7.9633570e-04
   7.7552900e-04
   7.5899060e-04
   7.4343450e-04
   7.3526640e-04
   7.4090650e-04
   7.5261440e-04
   7.5644950e-04
   7.4622890e-04
   7.2715070e-04
   7.0826390e-04
   6.8662160e-04
   6.5682670e-04
   6.2555450e-04
   6.0821840e-04
   6.0576010e-04
   6.0046140e-04
   5.7835870e-04
   5.4204780e-04
   5.0553300e-04
   4.8209680e-04
   4.7120500e-04
   4.5717360e-04
   4.3986600e-04
   4.4202120e-04
   4.7496370e-04
   5.1711860e-04
   5.4872020e-04
   5.7707850e-04
   6.1539920e-04
   6.5631580e-04
   6.8215930e-04
   6.8202710e-04
   6.6425160e-04
   6.4959680e-04
   6.4783640e-04
   6.5616380e-04
   6.6701890e-04
   6.7836670e-04
   6.9461210e-04
   7.1896420e-04
   7.4912670e-04
   7.7807870e-04
   8.0131700e-04
   8.1789750e-04
   8.2706240e-04
   8.2134890e-04
   7.9494820e-04
   7.5288330e-04
   7.0483540e-04
   6.5392920e-04
   6.0435390e-04
   5.6449720e-04
   5.3041520e-04
   4.9369920e-04
   4.5230690e-04
   4.0692030e-04
   3.6211680e-04
   3.2420380e-04
   2.9777240e-04
   2.8073120e-04
   2.6653500e-04
   2.4700190e-04
   2.1939860e-04
   1.9572610e-04
   1.8327120e-04
   1.6965250e-04
   1.4479040e-04
   1.1489290e-04
   8.8268180e-05
   6.6161170e-05
   4.9081770e-05
   3.6316370e-05
   2.2576210e-05
   8.8069530e-06
  -8.9260140e-07
  -1.3191130e-05
  -3.9729110e-05
  -7.7887660e-05
  -1.1337070e-04
  -1.3726350e-04
  -1.5464670e-04
  -1.8198090e-04
  -2.2477630e-04
  -2.6676870e-04
  -2.9461230e-04
  -3.1641150e-04
  -3.4441890e-04
  -3.7749380e-04
  -4.0890870e-04
  -4.3706030e-04
  -4.6287620e-04
  -4.8416240e-04
  -4.9955650e-04
  -5.1135140e-04
  -5.2423390e-04
  -5.4171380e-04
  -5.6498810e-04
  -5.9384330e-04
  -6.2764910e-04
  -6.6191640e-04
  -6.9073420e-04
  -7.1702060e-04
  -7.4451830e-04
  -7.7161830e-04
  -7.9721850e-04
  -8.2264160e-04
  -8.4923010e-04
  -8.7067020e-04
  -8.7870310e-04
  -8.7517550e-04
  -8.7161110e-04
  -8.7543200e-04
  -8.8257700e-04
  -8.8643300e-04
  -8.8581990e-04
  -8.8008730e-04
  -8.6938720e-04
  -8.5929130e-04
  -8.5448850e-04
  -8.5797030e-04
  -8.7110100e-04
  -8.8388550e-04
  -8.8380650e-04
  -8.7020720e-04
  -8.5337410e-04
  -8.4327840e-04
  -8.4030760e-04
  -8.4441920e-04
  -8.5933540e-04
  -8.8471560e-04
  -9.1160760e-04
  -9.3186010e-04
  -9.4850960e-04
  -9.6776490e-04
  -9.9134900e-04
  -1.0180210e-03
  -1.0448810e-03
  -1.0683600e-03
  -1.0866000e-03
  -1.0993080e-03
  -1.1042590e-03
  -1.1028420e-03
  -1.1100470e-03
  -1.1311530e-03
  -1.1528730e-03
  -1.1679230e-03
  -1.1792970e-03
  -1.1841590e-03
  -1.1774400e-03
  -1.1617030e-03
  -1.1432180e-03
  -1.1221760e-03
  -1.0965950e-03
  -1.0719610e-03
  -1.0540550e-03
  -1.0436590e-03
  -1.0351060e-03
  -1.0227530e-03
  -1.0085270e-03
  -1.0007600e-03
  -1.0047460e-03
  -1.0181660e-03
  -1.0351680e-03
  -1.0515470e-03
  -1.0663060e-03
  -1.0825070e-03
  -1.0989040e-03
  -1.1089690e-03
  -1.1106040e-03
  -1.1135470e-03
  -1.1241440e-03
  -1.1353650e-03
  -1.1383200e-03
  -1.1323820e-03
  -1.1243850e-03
  -1.1200780e-03
  -1.1204590e-03
  -1.1199540e-03
  -1.1094080e-03
  -1.0878860e-03
  -1.0636790e-03
  -1.0446940e-03
  -1.0313010e-03
  -1.0167950e-03
  -9.9785850e-04
  -9.7973020e-04
  -9.6765570e-04
  -9.6174610e-04
  -9.5706910e-04
  -9.5042250e-04
  -9.4312240e-04
  -9.3857030e-04
  -9.4276260e-04
  -9.5860820e-04
  -9.8143570e-04
  -1.0061370e-03
  -1.0313270e-03
  -1.0532360e-03
  -1.0650370e-03
  -1.0661620e-03
  -1.0627570e-03
  -1.0615120e-03
  -1.0648310e-03
  -1.0682400e-03
  -1.0673690e-03
  -1.0619310e-03
  -1.0517640e-03
  -1.0395640e-03
  -1.0285050e-03
  -1.0221130e-03
  -1.0182700e-03
  -1.0089500e-03
  -9.9233580e-04
  -9.7221790e-04
  -9.5216560e-04
  -9.3443780e-04
  -9.1969130e-04
  -9.0258000e-04
  -8.7575400e-04
  -8.4292860e-04
  -8.1830100e-04
  -8.1344130e-04
  -8.2747000e-04
  -8.4667020e-04
  -8.5878670e-04
  -8.6192580e-04
  -8.5901750e-04
  -8.5776500e-04
  -8.6828970e-04
  -8.9286260e-04
  -9.2231460e-04
  -9.4307590e-04
  -9.4686670e-04
  -9.3614530e-04
  -9.2294720e-04
  -9.1664480e-04
  -9.1747070e-04
  -9.2015380e-04
  -9.1678140e-04
  -9.0401740e-04
  -8.8828030e-04
  -8.7774860e-04
  -8.7617170e-04
  -8.8099190e-04
  -8.8694620e-04
  -8.9238340e-04
  -8.9943710e-04
  -9.0887610e-04
  -9.1625610e-04
  -9.1764010e-04
  -9.1251690e-04
  -9.0326060e-04
  -8.9283110e-04
  -8.8151490e-04
  -8.6651670e-04
  -8.4691560e-04
  -8.2385210e-04
  -7.9980020e-04
  -7.7818830e-04
  -7.6066790e-04
  -7.4774650e-04
  -7.3900500e-04
  -7.3297760e-04
  -7.2427630e-04
  -7.0924800e-04
  -6.9319220e-04
  -6.8092220e-04
  -6.7100190e-04
  -6.6009790e-04
  -6.4605380e-04
  -6.2885060e-04
  -6.0966490e-04
  -5.8842450e-04
  -5.6574440e-04
  -5.4444560e-04
  -5.2587030e-04
  -5.0916300e-04
  -4.9239840e-04
  -4.7346970e-04
  -4.5128060e-04
  -4.2514440e-04
  -3.9689330e-04
  -3.7157790e-04
  -3.5276260e-04
  -3.4066580e-04
  -3.3432410e-04
  -3.3064800e-04
  -3.2635160e-04
  -3.2133360e-04
  -3.1776480e-04
  -3.1737940e-04
  -3.2102960e-04
  -3.2832490e-04
  -3.3744870e-04
  -3.4621300e-04
  -3.5338310e-04
  -3.5867710e-04
  -3.6193170e-04
  -3.6259320e-04
  -3.6111740e-04
  -3.6014170e-04
  -3.6216940e-04
  -3.6533470e-04
  -3.6347010e-04
  -3.5424410e-04
  -3.4326820e-04
  -3.3714890e-04
  -3.3768330e-04
  -3.4151420e-04
  -3.4335300e-04
  -3.4014590e-04
  -3.3217340e-04
  -3.2195290e-04
  -3.1266540e-04
  -3.0692900e-04
  -3.0474590e-04
  -3.0450670e-04
  -3.0420090e-04
  -3.0150860e-04
  -2.9681330e-04
  -2.9516620e-04
  -2.9856240e-04
  -3.0176670e-04
  -3.0015060e-04
  -2.9544450e-04
  -2.9174180e-04
  -2.9005920e-04
  -2.8901990e-04
  -2.8824530e-04
  -2.8835170e-04
  -2.8962300e-04
  -2.9150070e-04
  -2.9253860e-04
  -2.9126400e-04
  -2.8795960e-04
  -2.8509120e-04
  -2.8507130e-04
  -2.8840300e-04
  -2.9391610e-04
  -2.9856840e-04
  -2.9868950e-04
  -2.9320600e-04
  -2.8583020e-04
  -2.7909420e-04
  -2.7143850e-04
  -2.6304820e-04
  -2.5540660e-04
  -2.4826470e-04
  -2.4138390e-04
  -2.3585930e-04
  -2.3248630e-04
  -2.3102650e-04
  -2.3032360e-04
  -2.2928110e-04
  -2.2793700e-04
  -2.2670030e-04
  -2.2480840e-04
  -2.2179460e-04
  -2.1820210e-04
  -2.1477300e-04
  -2.1095330e-04
  -2.0654200e-04
  -2.0217920e-04
  -1.9737990e-04
  -1.9123190e-04
  -1.8452050e-04
  -1.7947840e-04
  -1.7772280e-04
  -1.7899050e-04
  -1.8240790e-04
  -1.8753780e-04
  -1.9284090e-04
  -1.9703530e-04
  -2.0032940e-04
  -2.0316960e-04
  -2.0555590e-04
  -2.0767050e-04
  -2.0954780e-04
  -2.1015450e-04
  -2.0867290e-04
  -2.0610850e-04
  -2.0397160e-04
  -2.0220110e-04
  -1.9889840e-04
  -1.9244600e-04
  -1.8388980e-04
  -1.7551030e-04
  -1.6847070e-04
  -1.6284420e-04
  -1.5844960e-04
  -1.5512150e-04
  -1.5239030e-04
  -1.4977000e-04
  -1.4695200e-04
  -1.4434550e-04
  -1.4253880e-04
  -1.4169550e-04
  -1.4148900e-04
  -1.4122060e-04
  -1.4022160e-04
  -1.3848880e-04
  -1.3640940e-04
  -1.3490560e-04
  -1.3432060e-04
  -1.3406210e-04
  -1.3374740e-04
  -1.3291310e-04
  -1.3129690e-04
  -1.2874020e-04
  -1.2559890e-04
  -1.2230160e-04
  -1.1906370e-04
  -1.1627240e-04
  -1.1403390e-04
  -1.1181510e-04
  -1.0893270e-04
  -1.0524390e-04
  -1.0089400e-04
  -9.6262280e-05
  -9.2353650e-05
  -8.9854400e-05
  -8.8247290e-05
  -8.6091530e-05
  -8.2164610e-05
  -7.6538640e-05
  -7.0811770e-05
  -6.6078220e-05
  -6.2003450e-05
  -5.8291910e-05
  -5.5067490e-05
  -5.2569250e-05
  -5.1101900e-05
  -5.0646430e-05
  -5.0817070e-05
  -5.1045380e-05
  -5.0698410e-05
  -5.0038180e-05
  -4.9267460e-05
  -4.8200230e-05
  -4.6722870e-05
  -4.4679880e-05
  -4.2436150e-05
  -4.0512720e-05
  -3.8591820e-05
  -3.6369920e-05
  -3.4001670e-05
  -3.1630790e-05
  -2.9240000e-05
  -2.6648460e-05
  -2.4328580e-05
  -2.2916670e-05
  -2.2500250e-05
  -2.2706920e-05
  -2.3010410e-05
  -2.3172220e-05
  -2.3175720e-05
  -2.3200930e-05
  -2.3449560e-05
  -2.3639660e-05
  -2.3352820e-05
  -2.2821020e-05
  -2.2737490e-05
  -2.3421330e-05
  -2.4268320e-05
  -2.4587800e-05
  -2.4378140e-05
  -2.3689550e-05
  -2.2609070e-05
  -2.1334000e-05
  -2.0028270e-05
  -1.8862420e-05
  -1.8145830e-05
  -1.7873050e-05
  -1.7670910e-05
  -1.7423610e-05
  -1.7325220e-05
  -1.7184120e-05
  -1.6523120e-05
  -1.5224510e-05
  -1.3672580e-05
  -1.2351350e-05
  -1.1375210e-05
  -1.0547550e-05
  -9.4646580e-06
  -8.0091880e-06
  -6.7339130e-06
  -6.0959120e-06
  -6.0115980e-06
  -6.0726100e-06
  -5.8179680e-06
  -5.1627260e-06
  -4.5837470e-06
  -4.4757340e-06
  -4.6859070e-06
  -4.6823660e-06
  -4.3479600e-06
  -4.0867530e-06
  -4.1260040e-06
  -4.2944490e-06
  -4.2801510e-06
  -4.0102660e-06
  -3.7814780e-06
  -3.8726550e-06
  -4.0156500e-06
  -3.7742840e-06
  -3.1689260e-06
  -2.4764890e-06
  -1.8165250e-06
  -1.3430640e-06
  -1.2502860e-06
  -1.4043100e-06
  -1.4931470e-06
  -1.3911840e-06
  -1.2564130e-06
  -1.1917920e-06
  -1.0991300e-06
  -8.3974360e-07
  -3.4672360e-07
   3.5197400e-07
   1.0148180e-06
   1.2828940e-06
   1.1169190e-06
   8.4261500e-07
   7.1304350e-07
   7.4702720e-07
   8.1568050e-07
   7.8538070e-07
   5.3147140e-07
   1.6084780e-09
  -7.2203050e-07
  -1.4813540e-06
  -2.1836720e-06
  -2.8210530e-06
  -3.3820850e-06
  -3.8572180e-06
  -4.3101610e-06
  -4.8216850e-06
  -5.3974320e-06
  -5.9298250e-06
  -6.2535050e-06
  -6.2906860e-06
  -6.1521810e-06
  -6.1633750e-06
  -6.3811570e-06
  -6.5098170e-06
  -6.4161290e-06
  -6.2540750e-06
  -6.1274840e-06
  -6.0028080e-06
  -5.8488770e-06
  -5.7105990e-06
  -5.6565680e-06
  -5.6844240e-06
  -5.8178880e-06
  -6.1241200e-06
  -6.5954790e-06
  -7.1369180e-06
  -7.6225730e-06
  -7.9666540e-06
  -8.1898900e-06
  -8.4414200e-06
  -8.8587620e-06
  -9.4444870e-06
  -1.0035610e-05
  -1.0474990e-05
  -1.0783010e-05
  -1.1041300e-05
  -1.1306080e-05
  -1.1623900e-05
  -1.2001150e-05
  -1.2359430e-05
  -1.2620740e-05
  -1.2765620e-05
  -1.2789090e-05
  -1.2718240e-05
  -1.2626090e-05
  -1.2571350e-05
  -1.2559280e-05
  -1.2547110e-05
  -1.2466030e-05
  -1.2292120e-05
  -1.2074980e-05
  -1.1858780e-05
  -1.1641460e-05
  -1.1433690e-05
  -1.1290720e-05
  -1.1189250e-05
  -1.1046840e-05
  -1.0877370e-05
  -1.0770500e-05
  -1.0756550e-05
  -1.0780150e-05
  -1.0782640e-05
  -1.0751560e-05
  -1.0693560e-05
  -1.0617010e-05
  -1.0508840e-05
  -1.0338950e-05
  -1.0110830e-05
  -9.8784390e-06
  -9.6904280e-06
  -9.5651440e-06
  -9.4787070e-06
  -9.3670520e-06
  -9.1801000e-06
  -8.9146600e-06
  -8.6027160e-06
  -8.2912190e-06
  -8.0003360e-06
  -7.7359300e-06
  -7.4914570e-06
  -7.2405850e-06
  -6.9721310e-06
  -6.6904020e-06
  -6.3922380e-06
  -6.0745180e-06
  -5.7552500e-06
  -5.4462110e-06
  -5.1436640e-06
  -4.8253150e-06
  -4.4735190e-06
  -4.0977290e-06
  -3.7306710e-06
  -3.3809240e-06
  -3.0378040e-06
  -2.7089040e-06
  -2.3988690e-06
  -2.0959510e-06
  -1.7862990e-06
  -1.4610980e-06
  -1.1226140e-06
  -7.8179350e-07
  -4.5544610e-07
  -1.5232080e-07
   1.3495090e-07
   4.2243720e-07
   7.1844100e-07
   1.0188720e-06
   1.3202880e-06
   1.6187490e-06
   1.9089590e-06
   2.1905830e-06
   2.4677330e-06
   2.7509710e-06
   3.0453970e-06
   3.3455950e-06
   3.6469770e-06
   3.9450620e-06
   4.2350130e-06
   4.5129940e-06
   4.7810260e-06
   5.0481560e-06
   5.3208380e-06
   5.5991440e-06
   5.8801980e-06
   6.1624670e-06
   6.4456030e-06
   6.7299690e-06
   7.0183480e-06
   7.3151860e-06
   7.6222930e-06
   7.9332480e-06
   8.2401270e-06
   8.5415930e-06
   8.8402520e-06
   9.1374240e-06
   9.4349860e-06
   9.7353110e-06
   1.0038190e-05
   1.0342140e-05
   1.0645920e-05
   1.0949900e-05
   1.1254660e-05
   1.1559000e-05
   1.1861660e-05
   1.2163040e-05
   1.2465240e-05
   1.2769910e-05
   1.3075110e-05
   1.3377660e-05
   1.3676700e-05
   1.3973150e-05
   1.4268390e-05
   1.4563880e-05
   1.4860580e-05
   1.5158420e-05
   1.5456420e-05
   1.5753540e-05
   1.6049300e-05
   1.6343900e-05
   1.6638050e-05
   1.6932370e-05
   1.7226760e-05
   1.7520640e-05
   1.7813720e-05
   1.8106220e-05
   1.8398240e-05
   1.8689690e-05
   1.8980360e-05
   1.9270170e-05
   1.9559000e-05
   1.9846780e-05
   2.0133570e-05
   2.0419670e-05
   2.0705170e-05
   2.0989870e-05
   2.1273600e-05
   2.1556430e-05
   2.1838490e-05
   2.2119890e-05
   2.2400660e-05
   2.2680770e-05
   2.2960190e-05
   2.3238870e-05
   2.3516810e-05
   2.3794070e-05
   2.4070720e-05
   2.4346800e-05
   2.4622260e-05
   2.4897040e-05
   2.5171120e-05
   2.5444500e-05
   2.5717220e-05
   2.5989290e-05
   2.6260690e-05
   2.6531410e-05
   2.6801420e-05
   2.7070730e-05
   2.7339330e-05
   2.7607230e-05
   2.7874430e-05
   2.8140930e-05
   2.8406720e-05
   2.8671800e-05
   2.8936180e-05
   2.9199840e-05
   2.9462790e-05
   2.9725030e-05
   2.9986550e-05
   3.0247350e-05
   3.0507430e-05
