   2.4477140e-03
   3.5110490e-03
   4.3378140e-03
   4.9152240e-03
   5.2752120e-03
   5.4591660e-03
   5.5518200e-03
   5.8131550e-03
   6.1175590e-03
   6.4390210e-03
   6.8857500e-03
   7.3946230e-03
   7.8550930e-03
   8.2461880e-03
   8.6641400e-03
   9.0531370e-03
   9.2677970e-03
   9.3631510e-03
   9.3066070e-03
   9.0544900e-03
   8.4621230e-03
   7.6109750e-03
   6.7910440e-03
   6.0356530e-03
   5.2806760e-03
   4.6082170e-03
   4.0494240e-03
   3.6366100e-03
   3.2312420e-03
   2.8147370e-03
   2.6529590e-03
   2.8096380e-03
   2.8652400e-03
   2.8133990e-03
   2.9409870e-03
   3.1474100e-03
   3.2339000e-03
   3.2995360e-03
   3.2726360e-03
   2.9742700e-03
   2.5413300e-03
   1.8440690e-03
   7.5731820e-04
  -2.4682180e-04
  -8.6267240e-04
  -1.3178020e-03
  -1.5674040e-03
  -1.5089770e-03
  -1.3043960e-03
  -1.0289520e-03
  -7.9080990e-04
  -4.4480580e-04
   4.6016670e-05
   3.8927680e-04
   7.6231900e-04
   9.3154370e-04
   7.4981530e-04
   5.1733060e-04
   4.1337760e-04
   5.0026950e-04
   6.7944560e-04
   7.8619570e-04
   8.4814320e-04
   7.3805810e-04
   3.6691640e-04
  -1.4632420e-04
  -5.4488970e-04
  -9.7478820e-04
  -1.3785340e-03
  -1.4942120e-03
  -1.6588770e-03
  -1.9370090e-03
  -1.9433010e-03
  -1.8359990e-03
  -2.0929920e-03
  -2.5462960e-03
  -2.8069050e-03
  -2.9500870e-03
  -3.2119750e-03
  -3.3997320e-03
  -3.3417130e-03
  -2.9433530e-03
  -2.3733480e-03
  -1.7621810e-03
  -1.0406810e-03
  -3.5258570e-04
   1.7062070e-04
   6.5133970e-04
   1.1830610e-03
   1.7469080e-03
   2.2705750e-03
   2.7620460e-03
   3.2092690e-03
   3.5215050e-03
   3.6238080e-03
   3.4965160e-03
   3.3186880e-03
   3.2637620e-03
   3.3814960e-03
   3.7379560e-03
   4.3349530e-03
   5.1673780e-03
   6.1879250e-03
   7.1142150e-03
   7.7994880e-03
   8.1817230e-03
   8.3638410e-03
   8.2224170e-03
   7.4641380e-03
   6.4875410e-03
   5.7396620e-03
   4.9742300e-03
   3.9500530e-03
   3.0632490e-03
   2.6010570e-03
   2.3602850e-03
   2.2338330e-03
   2.3028930e-03
   2.6543530e-03
   3.2027940e-03
   3.8320730e-03
   4.4730220e-03
   4.9770470e-03
   4.9460110e-03
   4.4935000e-03
   3.9984510e-03
   3.3229050e-03
   2.4740740e-03
   1.7047690e-03
   1.0006470e-03
   2.9285180e-04
  -4.9596850e-04
  -1.2659770e-03
  -1.7470700e-03
  -2.1891760e-03
  -2.8702970e-03
  -3.4467820e-03
  -3.4581970e-03
  -3.3134860e-03
  -3.2962120e-03
  -3.1308060e-03
  -2.8282680e-03
  -2.5020750e-03
  -2.1310890e-03
  -1.7898650e-03
  -1.4139390e-03
  -9.9342390e-04
  -4.5740920e-04
   2.2161740e-04
   9.4766110e-04
   1.5321300e-03
   1.9084480e-03
   2.1229630e-03
   2.1979200e-03
   2.1661190e-03
   2.0286430e-03
   1.8009850e-03
   1.6059760e-03
   1.4236310e-03
   1.1176920e-03
   7.0211420e-04
   1.9407560e-04
  -3.9420730e-04
  -9.2712390e-04
  -1.3592280e-03
  -1.8160530e-03
  -2.3596940e-03
  -2.8646380e-03
  -3.4105110e-03
  -3.9918130e-03
  -4.6343930e-03
  -5.3617150e-03
  -6.1201690e-03
  -6.8532780e-03
  -7.5205290e-03
  -8.2684740e-03
  -9.2397790e-03
  -9.9986010e-03
  -1.0346550e-02
  -1.0615280e-02
  -1.0625070e-02
  -1.0105810e-02
  -9.3235150e-03
  -8.4769000e-03
  -7.5309990e-03
  -6.4383880e-03
  -5.1736350e-03
  -3.6879260e-03
  -2.2877640e-03
  -1.1978870e-03
  -1.4527300e-04
   8.3147260e-04
   1.6245750e-03
   2.3812710e-03
   3.0807020e-03
   3.6671670e-03
   4.0844690e-03
   4.3819110e-03
   4.6309450e-03
   4.6214780e-03
   4.3713570e-03
   4.1145740e-03
   3.8518730e-03
   3.5138170e-03
   3.3517220e-03
   3.5247900e-03
   3.7151640e-03
   3.8767630e-03
   4.1650240e-03
   4.2914250e-03
   4.1156570e-03
   3.7333080e-03
   3.2358950e-03
   2.5949970e-03
   1.5926230e-03
   2.7371070e-04
  -8.9317870e-04
  -1.6429880e-03
  -2.4242080e-03
  -3.2569510e-03
  -3.8283560e-03
  -4.0564850e-03
  -3.8050850e-03
  -3.1247380e-03
  -2.2179680e-03
  -1.1054830e-03
   1.3372150e-04
   1.3007710e-03
   2.3035710e-03
   3.2449960e-03
   4.1385380e-03
   4.8442620e-03
   5.0768410e-03
   4.9274140e-03
   4.8588310e-03
   4.6721240e-03
   4.3364810e-03
   4.1746300e-03
   3.9247020e-03
   3.5597300e-03
   3.3457750e-03
   3.3478650e-03
   3.3441750e-03
   3.1955200e-03
   3.1536030e-03
   3.2280180e-03
   3.3542900e-03
   3.4133070e-03
   3.1875690e-03
   2.7177810e-03
   2.0847810e-03
   1.2633260e-03
   3.2493900e-04
  -6.0588060e-04
  -1.3812310e-03
  -2.0553100e-03
  -2.8846450e-03
  -3.8025310e-03
  -4.4080060e-03
  -4.8719990e-03
  -5.4499040e-03
  -6.1177250e-03
  -6.7796520e-03
  -7.1937850e-03
  -7.4352870e-03
  -7.5522430e-03
  -7.4085220e-03
  -7.0571490e-03
  -6.4347870e-03
  -5.4551550e-03
  -4.4705870e-03
  -3.6671070e-03
  -2.9603850e-03
  -2.0670740e-03
  -1.1325020e-03
  -4.3745320e-04
   1.9858830e-04
   9.2081440e-04
   1.6539670e-03
   2.3209980e-03
   2.9365010e-03
   3.6450160e-03
   4.2520770e-03
   4.6269200e-03
   4.8021390e-03
   4.7133710e-03
   4.4218370e-03
   4.1635370e-03
   3.9428650e-03
   3.7475670e-03
   3.8686430e-03
   4.0500080e-03
   4.0421210e-03
   3.9008380e-03
   3.6217370e-03
   3.2387020e-03
   2.7157950e-03
   2.0275250e-03
   1.3192030e-03
   7.5032010e-04
   3.7250280e-04
   9.6617860e-05
  -4.1105500e-05
   1.0645540e-04
   2.7304520e-04
   1.1971340e-04
  -2.2550950e-04
  -5.5844800e-04
  -1.1194820e-03
  -1.9168060e-03
  -2.6640810e-03
  -3.0732910e-03
  -3.0894100e-03
  -2.8118330e-03
  -2.4281150e-03
  -2.2299300e-03
  -2.2016920e-03
  -2.1294060e-03
  -2.0091840e-03
  -1.8812230e-03
  -1.7629660e-03
  -1.6212800e-03
  -1.3637970e-03
  -1.1194950e-03
  -9.7465570e-04
  -6.6203510e-04
  -2.3576460e-04
   1.5369760e-04
   4.4493480e-04
   5.7706670e-04
   6.2270840e-04
   4.8998570e-04
   4.5738100e-04
   5.4667510e-04
   4.8371750e-04
   2.3477030e-04
   5.0224960e-05
  -3.9186260e-05
  -1.8330220e-04
  -3.6080140e-04
  -4.4180780e-04
  -3.4066150e-04
  -7.1252820e-06
   5.1721030e-04
   1.0136760e-03
   1.3452070e-03
   1.2601060e-03
   7.2033230e-04
   2.1026520e-04
  -3.0536190e-04
  -9.9729920e-04
  -1.6097750e-03
  -2.0567450e-03
  -2.3033390e-03
  -2.2583690e-03
  -2.1031240e-03
  -1.7515310e-03
  -1.1743070e-03
  -6.7713660e-04
  -1.7595040e-04
   3.6555600e-04
   8.6617990e-04
   1.0851990e-03
   6.6338950e-04
   1.9114600e-05
  -3.6665280e-04
  -8.7364910e-04
  -1.6373630e-03
  -2.3024080e-03
  -2.5430250e-03
  -2.4662010e-03
  -2.2312420e-03
  -1.9677340e-03
  -1.7137670e-03
  -1.5269460e-03
  -1.4315410e-03
  -1.3162530e-03
  -1.4671550e-03
  -1.7233690e-03
  -1.7183320e-03
  -1.6753070e-03
  -1.5638340e-03
  -1.2535630e-03
  -1.0847790e-03
  -1.0033930e-03
  -8.4545870e-04
  -6.7602910e-04
  -6.2492560e-04
  -6.7919240e-04
  -7.6634380e-04
  -7.6978840e-04
  -7.1792870e-04
  -7.3056130e-04
  -8.4824260e-04
  -9.4378570e-04
  -1.0103060e-03
  -1.1506780e-03
  -1.2226650e-03
  -1.2315720e-03
  -1.3904550e-03
  -1.6441620e-03
  -1.9506950e-03
  -2.2854960e-03
  -2.6301730e-03
  -2.9291440e-03
  -3.1014570e-03
  -3.0002910e-03
  -2.5980560e-03
  -2.2255990e-03
  -1.7958570e-03
  -1.2558630e-03
  -7.3790750e-04
  -2.8780640e-04
   1.6268890e-04
   6.6380680e-04
   1.0987210e-03
   1.4581350e-03
   1.7993850e-03
   2.1366030e-03
   2.4657240e-03
   2.7267560e-03
   2.8533330e-03
   2.6790040e-03
   2.0940860e-03
   1.3405010e-03
   5.5387860e-04
  -2.3948610e-04
  -9.9670350e-04
  -1.6588400e-03
  -2.2467640e-03
  -2.7235410e-03
  -3.0889240e-03
  -3.4501730e-03
  -3.9083770e-03
  -4.3957750e-03
  -4.9137020e-03
  -5.3957780e-03
  -5.7441330e-03
  -5.9562590e-03
  -5.8737850e-03
  -5.4265860e-03
  -4.8643060e-03
  -4.2839400e-03
  -3.5025850e-03
  -2.5445930e-03
  -1.7404340e-03
  -1.2327640e-03
  -1.0163920e-03
  -9.3028230e-04
  -7.7308180e-04
  -6.7311960e-04
  -5.0819340e-04
  -5.7315660e-05
   4.9064230e-04
   1.0426510e-03
   1.6520070e-03
   2.3517980e-03
   3.1950370e-03
   4.0097910e-03
   4.5935720e-03
   5.2247860e-03
   5.9911960e-03
   6.8756920e-03
   7.8474520e-03
   8.6684830e-03
   9.3383690e-03
   1.0074070e-02
   1.0692490e-02
   1.1013010e-02
   1.1046130e-02
   1.0927280e-02
   1.0823940e-02
   1.0815850e-02
   1.0787360e-02
   1.0638050e-02
   1.0410550e-02
   1.0148540e-02
   9.8227880e-03
   9.4990500e-03
   9.1627490e-03
   8.8190160e-03
   8.4017960e-03
   7.7762160e-03
   6.8911870e-03
   5.8253000e-03
   4.7263880e-03
   3.7551030e-03
   2.9946580e-03
   2.2920690e-03
   1.5576190e-03
   1.1099040e-03
   8.3973030e-04
   4.7993980e-04
  -8.1974900e-05
  -7.8185450e-04
  -1.5291490e-03
  -2.4632590e-03
  -3.5489610e-03
  -4.6290880e-03
  -5.5076700e-03
  -6.1127070e-03
  -6.5315090e-03
  -6.9163280e-03
  -7.1560230e-03
  -7.1786530e-03
  -7.0677900e-03
  -6.9925180e-03
  -6.8164440e-03
  -6.2270670e-03
  -5.3713330e-03
  -4.3963390e-03
  -3.2147550e-03
  -1.9447550e-03
  -4.0677880e-04
   1.6477580e-03
   3.8179180e-03
   5.8918750e-03
   8.0272970e-03
   1.0126890e-02
   1.2126500e-02
   1.3993710e-02
   1.5423660e-02
   1.6241780e-02
   1.6609420e-02
   1.6554810e-02
   1.5961720e-02
   1.4974620e-02
   1.3827040e-02
   1.2835580e-02
   1.2211300e-02
   1.1769430e-02
   1.1449020e-02
   1.1278810e-02
   1.1124330e-02
   1.0813910e-02
   1.0466250e-02
   1.0401960e-02
   1.0602360e-02
   1.0628810e-02
   1.0327940e-02
   9.9540500e-03
   9.6999000e-03
   9.5406230e-03
   9.3484490e-03
   9.0454700e-03
   8.5113790e-03
   7.9449400e-03
   7.5907130e-03
   7.3077980e-03
   6.8928160e-03
   6.3918880e-03
   5.8734440e-03
   5.3304150e-03
   4.8670220e-03
   4.5057860e-03
   3.8975440e-03
   3.0631520e-03
   2.2258980e-03
   1.1729210e-03
  -2.5754430e-04
  -1.8690130e-03
  -3.3549350e-03
  -4.4973390e-03
  -5.2847750e-03
  -5.8244200e-03
  -6.0017560e-03
  -5.7248680e-03
  -5.2741220e-03
  -4.9234790e-03
  -4.6237330e-03
  -4.5167090e-03
  -4.3327440e-03
  -3.9373350e-03
  -3.7108310e-03
  -3.7865120e-03
  -4.0767450e-03
  -4.4791040e-03
  -4.9579180e-03
  -5.2900560e-03
  -5.3290590e-03
  -5.3099110e-03
  -5.2226530e-03
  -5.0387240e-03
  -5.0884940e-03
  -5.4093670e-03
  -5.9205860e-03
  -6.6883890e-03
  -7.6452780e-03
  -8.6552740e-03
  -9.4093860e-03
  -9.6337710e-03
  -9.4085930e-03
  -8.9769950e-03
  -8.5283910e-03
  -8.2049670e-03
  -7.9394310e-03
  -7.5231590e-03
  -7.0680850e-03
  -6.8286810e-03
  -6.7129190e-03
  -6.4785750e-03
  -5.9497420e-03
  -5.2338580e-03
  -4.6969730e-03
  -4.3283570e-03
  -3.8835000e-03
  -3.3927220e-03
  -2.9630980e-03
  -2.3955160e-03
  -1.5918460e-03
  -6.5888470e-04
   3.2146410e-04
   1.0513610e-03
   1.9234460e-03
   3.1512300e-03
   4.4722260e-03
   5.6245790e-03
   6.5858220e-03
   7.3216760e-03
   7.7145510e-03
   7.7809510e-03
   7.7154650e-03
   7.3922160e-03
   6.8262780e-03
   6.2864920e-03
   5.6906970e-03
   4.9190330e-03
   4.1306660e-03
   3.3049060e-03
   2.2441490e-03
   1.1960880e-03
   3.5407940e-04
  -4.4795530e-04
  -1.1259020e-03
  -1.5815530e-03
  -2.0446730e-03
  -2.3618910e-03
  -2.2576570e-03
  -1.8020250e-03
  -1.1501880e-03
  -5.8062590e-04
  -2.8771620e-04
  -4.7624230e-05
   2.3797960e-04
   4.0013060e-04
   3.5916140e-04
   1.3206000e-04
  -2.9438950e-04
  -7.0310710e-04
  -1.1131080e-03
  -1.7972840e-03
  -2.7524070e-03
  -3.7554120e-03
  -4.8731260e-03
  -6.3170990e-03
  -7.9507270e-03
  -9.5327750e-03
  -1.0927740e-02
  -1.2070920e-02
  -1.3042380e-02
  -1.3700070e-02
  -1.3999400e-02
  -1.4122770e-02
  -1.4350000e-02
  -1.4752690e-02
  -1.5234120e-02
  -1.5676490e-02
  -1.5795520e-02
  -1.5615600e-02
  -1.5357780e-02
  -1.5050470e-02
  -1.4565800e-02
  -1.3677160e-02
  -1.2572870e-02
  -1.1596590e-02
  -1.0657750e-02
  -9.3885990e-03
  -7.8821640e-03
  -6.4408830e-03
  -5.0028920e-03
  -3.4952400e-03
  -2.0435190e-03
  -6.2889810e-04
   7.1275700e-04
   1.8677380e-03
   2.8645580e-03
   3.6635590e-03
   4.3293430e-03
   4.8180040e-03
   4.8267100e-03
   4.3864020e-03
   3.8935610e-03
   3.3420540e-03
   2.8844600e-03
   2.9078420e-03
   3.3820350e-03
   4.2474670e-03
   5.5372380e-03
   7.1607520e-03
   8.7102640e-03
   9.7589920e-03
   1.0118800e-02
   1.0101070e-02
   9.9774200e-03
   9.2799310e-03
   8.1707450e-03
   7.2075320e-03
   6.3748650e-03
   5.5146760e-03
   4.6870960e-03
   3.9208990e-03
   3.2209710e-03
   2.7859820e-03
   2.6504740e-03
   2.8356850e-03
   3.2253610e-03
   3.6547400e-03
   4.1745510e-03
   4.8158410e-03
   5.5257730e-03
   6.2448110e-03
   6.8914140e-03
   6.9560620e-03
   6.4300460e-03
   5.6723230e-03
   4.5040130e-03
   2.8227400e-03
   9.1987010e-04
  -1.0489370e-03
  -2.9467730e-03
  -4.3758630e-03
  -5.2490130e-03
  -5.9257120e-03
  -6.3101760e-03
  -6.3599510e-03
  -6.4464880e-03
  -6.9004230e-03
  -7.6766160e-03
  -8.3446280e-03
  -9.0238430e-03
  -9.8174540e-03
  -1.0533520e-02
  -1.1140380e-02
  -1.1590980e-02
  -1.1718750e-02
  -1.1518270e-02
  -1.1219210e-02
  -1.1157670e-02
  -1.1538480e-02
  -1.2229770e-02
  -1.3356890e-02
  -1.4811490e-02
  -1.6371350e-02
  -1.7806450e-02
  -1.8648150e-02
  -1.8792180e-02
  -1.7977330e-02
  -1.6027800e-02
  -1.3299990e-02
  -1.0345240e-02
  -7.4640570e-03
  -4.6689310e-03
  -2.1664510e-03
  -4.2950240e-05
   1.6486870e-03
   2.7419400e-03
   3.3709960e-03
   3.7337330e-03
   3.9628900e-03
   4.1018330e-03
   4.1123410e-03
   3.9175300e-03
   3.7645960e-03
   3.8865010e-03
   4.1190630e-03
   4.1890910e-03
   4.3330210e-03
   4.8924530e-03
   5.7399800e-03
   6.7289110e-03
   7.9788360e-03
   9.4804380e-03
   1.1114740e-02
   1.2922100e-02
   1.4590770e-02
   1.5897830e-02
   1.6870180e-02
   1.7517810e-02
   1.7955960e-02
   1.8007570e-02
   1.7596100e-02
   1.6758010e-02
   1.5575740e-02
   1.4289760e-02
   1.3105480e-02
   1.2276230e-02
   1.1763230e-02
   1.1278560e-02
   1.0685860e-02
   1.0294370e-02
   1.0186510e-02
   1.0154120e-02
   1.0057120e-02
   9.8182000e-03
   9.3972000e-03
   8.6586800e-03
   7.6802620e-03
   6.6188670e-03
   5.1975690e-03
   3.3104610e-03
   1.4233900e-03
  -5.4636920e-04
  -2.8154490e-03
  -5.2237560e-03
  -7.5952750e-03
  -9.9031910e-03
  -1.1997840e-02
  -1.3769640e-02
  -1.5266330e-02
  -1.6440070e-02
  -1.7386160e-02
  -1.8297150e-02
  -1.8977760e-02
  -1.9384360e-02
  -1.9969580e-02
  -2.0870860e-02
  -2.2149340e-02
  -2.3761060e-02
  -2.5793560e-02
  -2.8195260e-02
  -3.0467730e-02
  -3.2504000e-02
  -3.4330940e-02
  -3.6053210e-02
  -3.7637120e-02
  -3.9066920e-02
  -4.0126590e-02
  -4.0458590e-02
  -3.9970860e-02
  -3.9032400e-02
  -3.7849100e-02
  -3.6398270e-02
  -3.4831900e-02
  -3.3397000e-02
  -3.2258860e-02
  -3.1557810e-02
  -3.1105170e-02
  -3.0448580e-02
  -2.9286950e-02
  -2.7786660e-02
  -2.6003050e-02
  -2.3726730e-02
  -2.0869800e-02
  -1.7775060e-02
  -1.4801940e-02
  -1.2006070e-02
  -9.3418980e-03
  -6.7112720e-03
  -4.2546670e-03
  -2.1174960e-03
   4.5284970e-05
   2.5943870e-03
   5.4232380e-03
   8.4641670e-03
   1.1798420e-02
   1.5304980e-02
   1.8823350e-02
   2.2082200e-02
   2.4934210e-02
   2.7544770e-02
   2.9719440e-02
   3.1380040e-02
   3.2586540e-02
   3.3434490e-02
   3.4122920e-02
   3.4510420e-02
   3.4425640e-02
   3.3923910e-02
   3.3096760e-02
   3.2240740e-02
   3.1502110e-02
   3.0809240e-02
   3.0078580e-02
   2.9335060e-02
   2.8773480e-02
   2.8467430e-02
   2.8259490e-02
   2.7971430e-02
   2.7588060e-02
   2.7075620e-02
   2.6284020e-02
   2.5218710e-02
   2.4005880e-02
   2.2745680e-02
   2.1415030e-02
   1.9956930e-02
   1.8518270e-02
   1.7230480e-02
   1.5942250e-02
   1.4552770e-02
   1.2982100e-02
   1.1131300e-02
   9.2207880e-03
   7.4570910e-03
   6.0025990e-03
   4.8873520e-03
   3.8878280e-03
   3.0990400e-03
   2.7005480e-03
   2.6440540e-03
   2.4988610e-03
   2.1349250e-03
   1.6986290e-03
   1.4742300e-03
   1.7617010e-03
   2.2459630e-03
   2.8507390e-03
   3.8728850e-03
   5.1728580e-03
   6.4774560e-03
   7.5229600e-03
   8.1429260e-03
   8.4199830e-03
   8.5334860e-03
   8.5941730e-03
   8.9007140e-03
   9.4599180e-03
   1.0104950e-02
   1.0878910e-02
   1.1873980e-02
   1.2889090e-02
   1.3721450e-02
   1.4386750e-02
   1.4969950e-02
   1.5364820e-02
   1.5497820e-02
   1.5434150e-02
   1.5018850e-02
   1.4190320e-02
   1.3117280e-02
   1.2059540e-02
   1.0872060e-02
   9.4498030e-03
   8.0269680e-03
   6.6037840e-03
   4.9339390e-03
   2.9784870e-03
   9.5065850e-04
  -9.5438920e-04
  -2.9867810e-03
  -5.3549740e-03
  -7.7781380e-03
  -9.8483340e-03
  -1.1583890e-02
  -1.3148980e-02
  -1.4582020e-02
  -1.5667640e-02
  -1.6388550e-02
  -1.6998970e-02
  -1.7617700e-02
  -1.7838760e-02
  -1.7651650e-02
  -1.7561060e-02
  -1.7698830e-02
  -1.7731590e-02
  -1.7483230e-02
  -1.7327420e-02
  -1.7300700e-02
  -1.7308290e-02
  -1.7554990e-02
  -1.8060870e-02
  -1.8689200e-02
  -1.9326650e-02
  -1.9856560e-02
  -2.0251360e-02
  -2.0509910e-02
  -2.0264460e-02
  -1.9432170e-02
  -1.8033410e-02
  -1.5951720e-02
  -1.3583610e-02
  -1.1304170e-02
  -9.1899240e-03
  -7.2658110e-03
  -5.4163100e-03
  -3.4042930e-03
  -1.0951170e-03
   1.3818670e-03
   4.1103170e-03
   7.1829000e-03
   1.0115850e-02
   1.2653620e-02
   1.4954990e-02
   1.6837530e-02
   1.7983460e-02
   1.8524890e-02
   1.8688640e-02
   1.8409080e-02
   1.7797550e-02
   1.7079430e-02
   1.6435320e-02
   1.5873360e-02
   1.5270830e-02
   1.4604190e-02
   1.3783300e-02
   1.2646030e-02
   1.1162220e-02
   9.2259480e-03
   6.8284080e-03
   4.4593940e-03
   2.3671660e-03
   3.8971960e-05
  -2.8511950e-03
  -5.8755900e-03
  -8.8608890e-03
  -1.2031200e-02
  -1.5194430e-02
  -1.8115610e-02
  -2.0803760e-02
  -2.3013650e-02
  -2.4874520e-02
  -2.6476060e-02
  -2.7327740e-02
  -2.7274590e-02
  -2.6583780e-02
  -2.5333810e-02
  -2.3555790e-02
  -2.1341920e-02
  -1.8743980e-02
  -1.6047030e-02
  -1.3676450e-02
  -1.1534490e-02
  -9.8085530e-03
  -8.6321380e-03
  -7.4135580e-03
  -6.1210750e-03
  -4.9807440e-03
  -3.9017780e-03
  -2.7851330e-03
  -1.5553040e-03
  -6.2893030e-05
   1.5687800e-03
   3.1407950e-03
   4.7425390e-03
   6.3402520e-03
   7.4461600e-03
   7.8961670e-03
   8.1739610e-03
   8.3504280e-03
   8.2746950e-03
   8.0927390e-03
   7.8966370e-03
   7.6233730e-03
   7.4831880e-03
   7.3243450e-03
   6.9919150e-03
   6.8896360e-03
   7.2868090e-03
   8.0249120e-03
   8.7381140e-03
   9.1007150e-03
   9.2932360e-03
   9.3552820e-03
   9.0499060e-03
   8.2212790e-03
   7.0548250e-03
   5.9591440e-03
   4.7836980e-03
   3.2150660e-03
   1.3037340e-03
  -5.8114120e-04
  -2.0860300e-03
  -3.1831230e-03
  -4.0770850e-03
  -4.6870460e-03
  -4.7051730e-03
  -4.5513620e-03
  -4.7054240e-03
  -5.1082340e-03
  -5.7913950e-03
  -6.7034820e-03
  -7.7224580e-03
  -8.8834840e-03
  -1.0074270e-02
  -1.0910660e-02
  -1.1295310e-02
  -1.1452740e-02
  -1.1416750e-02
  -1.1189860e-02
  -1.0845510e-02
  -1.0551140e-02
  -1.0384010e-02
  -1.0222350e-02
  -9.8619410e-03
  -9.1814920e-03
  -8.3780010e-03
  -7.6948620e-03
  -7.2527780e-03
  -7.0752740e-03
  -7.1561320e-03
  -7.4423180e-03
  -8.0316450e-03
  -8.9600980e-03
  -1.0156650e-02
  -1.1354420e-02
  -1.2251700e-02
  -1.2512080e-02
  -1.2082470e-02
  -1.1104920e-02
  -9.7404380e-03
  -8.1005990e-03
  -6.2467630e-03
  -4.4697790e-03
  -2.5968040e-03
  -4.5067340e-04
   1.6911080e-03
   3.6491770e-03
   5.5365470e-03
   7.1242690e-03
   7.8732360e-03
   8.1164070e-03
   8.0144800e-03
   7.0830600e-03
   5.3267390e-03
   3.1861610e-03
   8.3541870e-04
  -1.7013530e-03
  -4.1109770e-03
  -5.9890250e-03
  -7.2701480e-03
  -8.2202710e-03
  -9.0424780e-03
  -9.5054280e-03
  -9.3967220e-03
  -9.0721860e-03
  -8.6506460e-03
  -7.5717470e-03
  -5.8977200e-03
  -4.0610440e-03
  -2.3270240e-03
  -6.0287470e-04
   1.0845000e-03
   2.5947100e-03
   3.8077660e-03
   4.7240110e-03
   5.3119440e-03
   5.4650910e-03
   5.2964180e-03
   5.1362380e-03
   5.1511460e-03
   5.3731480e-03
   5.8712230e-03
   6.6327950e-03
   7.6377240e-03
   8.7000930e-03
   9.6315790e-03
   1.0445040e-02
   1.1248290e-02
   1.2136220e-02
   1.3009370e-02
   1.3806660e-02
   1.4495260e-02
   1.5115580e-02
   1.5586240e-02
   1.5642000e-02
   1.5151300e-02
   1.4579190e-02
   1.4233090e-02
   1.3836770e-02
   1.3392280e-02
   1.3251790e-02
   1.3638450e-02
   1.4257440e-02
   1.4734220e-02
   1.4898320e-02
   1.4537810e-02
   1.3360820e-02
   1.1317500e-02
   8.7330210e-03
   5.9157890e-03
   3.2106640e-03
   7.9978650e-04
  -1.4654170e-03
  -3.7848510e-03
  -6.2371450e-03
  -8.5472590e-03
  -1.0521090e-02
  -1.2409630e-02
  -1.4348580e-02
  -1.6114290e-02
  -1.7746710e-02
  -1.9367400e-02
  -2.0631990e-02
  -2.1479610e-02
  -2.2165180e-02
  -2.2742020e-02
  -2.3130200e-02
  -2.3355260e-02
  -2.3335380e-02
  -2.2831400e-02
  -2.1942020e-02
  -2.0787770e-02
  -1.9346820e-02
  -1.7662970e-02
  -1.5689820e-02
  -1.3259740e-02
  -1.0549030e-02
  -7.8739030e-03
  -5.2923430e-03
  -2.7959180e-03
  -4.8223850e-04
   1.5803470e-03
   3.3090350e-03
   4.5915650e-03
   5.3021090e-03
   5.1914930e-03
   4.3048190e-03
   3.3159840e-03
   2.4637310e-03
   1.7347670e-03
   1.8085670e-03
   3.0276890e-03
   4.9046510e-03
   6.8621300e-03
   8.4010810e-03
   8.9826250e-03
   8.3792670e-03
   6.4025310e-03
   3.2828770e-03
  -1.3036530e-04
  -3.3908090e-03
  -6.0734650e-03
  -7.5391080e-03
  -7.7450550e-03
  -7.3081840e-03
  -6.5806510e-03
  -5.5149900e-03
  -4.3436130e-03
  -3.2879260e-03
  -2.5473920e-03
  -2.1380560e-03
  -2.0162180e-03
  -2.2528840e-03
  -2.7027460e-03
  -3.2033370e-03
  -3.5646360e-03
  -3.8299250e-03
  -4.3774440e-03
  -5.2810390e-03
  -6.3004130e-03
  -7.5882920e-03
  -9.3906950e-03
  -1.1659330e-02
  -1.4141040e-02
  -1.6791660e-02
  -1.9657430e-02
  -2.2477910e-02
  -2.5048520e-02
  -2.7280500e-02
  -2.9114620e-02
  -3.0317440e-02
  -3.0967630e-02
  -3.1376650e-02
  -3.1354120e-02
  -3.0939330e-02
  -3.0588310e-02
  -3.0508600e-02
  -3.0718370e-02
  -3.1229930e-02
  -3.1934820e-02
  -3.2853870e-02
  -3.4143270e-02
  -3.5586390e-02
  -3.6833310e-02
  -3.7546730e-02
  -3.7514170e-02
  -3.6653980e-02
  -3.4953390e-02
  -3.2759190e-02
  -3.0444760e-02
  -2.8155760e-02
  -2.6041770e-02
  -2.4081570e-02
  -2.2399550e-02
  -2.1226320e-02
  -2.0557180e-02
  -2.0217350e-02
  -2.0033990e-02
  -1.9704170e-02
  -1.9047710e-02
  -1.8233050e-02
  -1.7144090e-02
  -1.5547060e-02
  -1.3600050e-02
  -1.1626550e-02
  -9.6309400e-03
  -7.4240460e-03
  -5.0702970e-03
  -2.6713550e-03
  -5.1006790e-04
   1.1775270e-03
   2.1588410e-03
   2.3140780e-03
   1.9020580e-03
   1.0255110e-03
  -1.7721660e-04
  -1.1581200e-03
  -1.3275700e-03
  -5.6418680e-04
   9.8342570e-04
   3.2780660e-03
   6.1986970e-03
   9.3910460e-03
   1.2659430e-02
   1.5640430e-02
   1.7800630e-02
   1.8971870e-02
   1.9033360e-02
   1.8123500e-02
   1.6784430e-02
   1.5139940e-02
   1.3250000e-02
   1.1365050e-02
   9.7827690e-03
   8.8047370e-03
   8.4308800e-03
   8.4713240e-03
   8.6250680e-03
   8.8048610e-03
   9.0003400e-03
   8.9427880e-03
   8.6462110e-03
   8.2543980e-03
   7.7119310e-03
   7.0148350e-03
   6.4089960e-03
   6.1053490e-03
   6.2284370e-03
   6.8772760e-03
   8.0207830e-03
   9.4330850e-03
   1.0835410e-02
   1.1860880e-02
   1.2294040e-02
   1.2346900e-02
   1.2302480e-02
   1.2198220e-02
   1.2029210e-02
   1.1970420e-02
   1.1949650e-02
   1.1641150e-02
   1.0806520e-02
   9.3191550e-03
   7.0828390e-03
   4.3986330e-03
   1.8502550e-03
  -2.6803110e-04
  -1.7028680e-03
  -2.4748880e-03
  -2.7790480e-03
  -2.6933430e-03
  -2.5802460e-03
  -2.5525370e-03
  -2.8096250e-03
  -3.5189440e-03
  -4.4133780e-03
  -5.2207160e-03
  -5.8946710e-03
  -6.2870160e-03
  -6.1733830e-03
  -5.6322230e-03
  -4.7753950e-03
  -3.6196320e-03
  -2.4116060e-03
  -1.3028210e-03
  -3.6304390e-04
   2.7326880e-04
   3.1196200e-04
  -4.7929270e-04
  -1.8798590e-03
  -3.4608670e-03
  -4.9132320e-03
  -5.8923660e-03
  -5.9208190e-03
  -4.8656930e-03
  -2.8204520e-03
   3.8293310e-05
   3.5584360e-03
   7.5566140e-03
   1.1630520e-02
   1.5353200e-02
   1.8494240e-02
   2.1017470e-02
   2.3031130e-02
   2.4442890e-02
   2.5085040e-02
   2.5235600e-02
   2.5391730e-02
   2.5560720e-02
   2.5535270e-02
   2.5200270e-02
   2.4621750e-02
   2.3993890e-02
   2.3389700e-02
   2.2941390e-02
   2.2631300e-02
   2.2373410e-02
   2.2090770e-02
   2.1815640e-02
   2.1474570e-02
   2.1049250e-02
   2.0745820e-02
   2.0693680e-02
   2.0665560e-02
   2.0716710e-02
   2.0984520e-02
   2.1227180e-02
   2.1324370e-02
   2.1241590e-02
   2.0527250e-02
   1.8975590e-02
   1.7047640e-02
   1.4898710e-02
   1.2386500e-02
   9.7308500e-03
   7.5581380e-03
   5.9690000e-03
   4.6543110e-03
   3.6257670e-03
   3.0152980e-03
   2.6660730e-03
   2.6459150e-03
   3.2922780e-03
   4.8964700e-03
   7.5692720e-03
   1.1044780e-02
   1.4751840e-02
   1.8081100e-02
   2.0752140e-02
   2.2410080e-02
   2.2756820e-02
   2.1884580e-02
   2.0343190e-02
   1.8541160e-02
   1.6493100e-02
   1.4503820e-02
   1.2930420e-02
   1.1787150e-02
   1.0806310e-02
   1.0014390e-02
   9.7770580e-03
   9.9263590e-03
   1.0287190e-02
   1.0877520e-02
   1.1781230e-02
   1.2926970e-02
   1.4333170e-02
   1.5797110e-02
   1.6822010e-02
   1.7240700e-02
   1.7081230e-02
   1.6483840e-02
   1.5577720e-02
   1.4150800e-02
   1.2014970e-02
   9.5122510e-03
   7.0207580e-03
   4.7110630e-03
   2.5682660e-03
   7.0279580e-04
  -6.7869060e-04
  -1.5506030e-03
  -2.0312130e-03
  -2.4146970e-03
  -2.5728130e-03
  -2.2841960e-03
  -1.7371620e-03
  -1.0008010e-03
   6.9716430e-06
   1.1520220e-03
   2.4082660e-03
   3.5454830e-03
   4.3219690e-03
   4.6962740e-03
   4.4216120e-03
   3.2586140e-03
   1.2529060e-03
  -1.4961040e-03
  -5.1152820e-03
  -9.3490190e-03
  -1.3646730e-02
  -1.7569040e-02
  -2.1009480e-02
  -2.3927420e-02
  -2.6434960e-02
  -2.8700340e-02
  -3.0678800e-02
  -3.2387640e-02
  -3.3749110e-02
  -3.4643780e-02
  -3.4974730e-02
  -3.4494430e-02
  -3.3280650e-02
  -3.1989940e-02
  -3.1120880e-02
  -3.0798900e-02
  -3.0901290e-02
  -3.1221820e-02
  -3.1625770e-02
  -3.1997470e-02
  -3.1911990e-02
  -3.1055990e-02
  -2.9642110e-02
  -2.8111700e-02
  -2.6578330e-02
  -2.5217920e-02
  -2.4256240e-02
  -2.3642920e-02
  -2.3288770e-02
  -2.2929900e-02
  -2.2296250e-02
  -2.1512460e-02
  -2.0546610e-02
  -1.8875420e-02
  -1.6549020e-02
  -1.3945090e-02
  -1.0982090e-02
  -7.7114160e-03
  -4.5828260e-03
  -1.9821830e-03
   2.0029030e-04
   2.0750390e-03
   3.4630010e-03
   4.4676450e-03
   5.3395470e-03
   6.1625480e-03
   7.1277650e-03
   8.0691210e-03
   8.7008220e-03
   9.1360340e-03
   9.6356040e-03
   9.9707360e-03
   1.0142290e-02
   1.0599540e-02
   1.1526750e-02
   1.2674660e-02
   1.3661230e-02
   1.4333290e-02
   1.4356330e-02
   1.3280390e-02
   1.1258160e-02
   8.9075640e-03
   6.6964710e-03
   4.9872210e-03
   4.0167170e-03
   3.9429090e-03
   4.7052980e-03
   5.8594870e-03
   6.9677770e-03
   7.8307810e-03
   8.1793460e-03
   7.7703220e-03
   6.6105740e-03
   5.0837620e-03
   3.3298700e-03
   1.3658150e-03
  -5.0099090e-04
  -1.9972390e-03
  -3.0023630e-03
  -3.6291950e-03
  -3.8537870e-03
  -3.5599200e-03
  -2.7344750e-03
  -1.6148380e-03
  -7.7192480e-04
  -6.5342350e-04
  -1.1741620e-03
  -2.1774050e-03
  -3.4955060e-03
  -4.8289450e-03
  -6.0861810e-03
  -7.3469690e-03
  -8.2819960e-03
  -8.9053740e-03
  -9.8639570e-03
  -1.1320180e-02
  -1.2734210e-02
  -1.3916760e-02
  -1.5032460e-02
  -1.6019290e-02
  -1.7025480e-02
  -1.8441550e-02
  -2.0297240e-02
  -2.2193310e-02
  -2.3803410e-02
  -2.5115690e-02
  -2.5957620e-02
  -2.6199770e-02
  -2.5942130e-02
  -2.5174930e-02
  -2.3440850e-02
  -2.0626780e-02
  -1.7244120e-02
  -1.3728330e-02
  -1.0416790e-02
  -7.5302070e-03
  -4.9791980e-03
  -2.5644540e-03
  -2.1703450e-04
   2.0744920e-03
   4.2717530e-03
   6.4011410e-03
   8.5823100e-03
   1.1093820e-02
   1.3902400e-02
   1.6921410e-02
   2.0126710e-02
   2.3447550e-02
   2.6699450e-02
   2.9452620e-02
   3.1452530e-02
   3.2624900e-02
   3.2999700e-02
   3.2564210e-02
   3.1278060e-02
   2.9703210e-02
   2.8748410e-02
   2.8664790e-02
   2.9719950e-02
   3.2016350e-02
   3.4917130e-02
   3.7675160e-02
   4.0093600e-02
   4.2224500e-02
   4.3752820e-02
   4.4465370e-02
   4.4613770e-02
   4.4257610e-02
   4.3253210e-02
   4.1563710e-02
   3.9350330e-02
   3.6681750e-02
   3.3608630e-02
   3.0165300e-02
   2.6406730e-02
   2.2668750e-02
   1.9438880e-02
   1.6682530e-02
   1.4281790e-02
   1.2074390e-02
   9.8771030e-03
   7.7033660e-03
   5.4600800e-03
   2.8973310e-03
  -1.1171650e-04
  -3.6218070e-03
  -7.5106140e-03
  -1.1498950e-02
  -1.5443120e-02
  -1.9536410e-02
  -2.3855210e-02
  -2.8190340e-02
  -3.2459080e-02
  -3.6521230e-02
  -3.9941090e-02
  -4.2446770e-02
  -4.3615420e-02
  -4.3474690e-02
  -4.2579340e-02
  -4.1304420e-02
  -4.0014740e-02
  -3.9161320e-02
  -3.9166700e-02
  -4.0221960e-02
  -4.2161040e-02
  -4.4503510e-02
  -4.6629180e-02
  -4.8432400e-02
  -5.0113500e-02
  -5.1336970e-02
  -5.1925590e-02
  -5.2101980e-02
  -5.1975930e-02
  -5.1613200e-02
  -5.1153710e-02
  -5.0486740e-02
  -4.9524600e-02
  -4.8515010e-02
  -4.7417190e-02
  -4.5823640e-02
  -4.3665430e-02
  -4.0870520e-02
  -3.7316980e-02
  -3.3568220e-02
  -2.9932560e-02
  -2.6449320e-02
  -2.3355390e-02
  -2.0439260e-02
  -1.7462110e-02
  -1.4811830e-02
  -1.2716350e-02
  -1.1083110e-02
  -9.7255810e-03
  -8.5342070e-03
  -7.4159000e-03
  -6.4480450e-03
  -5.6153310e-03
  -4.9652720e-03
  -4.5040610e-03
  -3.9114190e-03
  -2.7001460e-03
  -8.9472920e-04
   9.6611440e-04
   2.7154810e-03
   4.6480220e-03
   6.5178550e-03
   8.1167190e-03
   9.6382530e-03
   1.0961720e-02
   1.1843790e-02
   1.2262580e-02
   1.2342400e-02
   1.2197540e-02
   1.1719920e-02
   1.1158550e-02
   1.0964580e-02
   1.1138440e-02
   1.1390960e-02
   1.1756210e-02
   1.2427080e-02
   1.3221220e-02
   1.3962870e-02
   1.4732970e-02
   1.5526000e-02
   1.6166990e-02
   1.6435400e-02
   1.6006140e-02
   1.4758900e-02
   1.2983720e-02
   1.0980590e-02
   9.0811980e-03
   7.8774560e-03
   7.7331640e-03
   8.4870410e-03
   9.7288120e-03
   1.1226580e-02
   1.2676420e-02
   1.3608370e-02
   1.3983530e-02
   1.4201660e-02
   1.4493020e-02
   1.5113370e-02
   1.6220150e-02
   1.7759710e-02
   1.9518660e-02
   2.0984200e-02
   2.1935420e-02
   2.2353910e-02
   2.2013400e-02
   2.0825320e-02
   1.8875400e-02
   1.6231640e-02
   1.3245030e-02
   1.0411280e-02
   8.0807020e-03
   6.4466130e-03
   5.2712190e-03
   4.2423460e-03
   3.2182740e-03
   1.9356500e-03
   2.3050850e-04
  -1.5294520e-03
  -2.8229660e-03
  -3.5147960e-03
  -3.8847910e-03
  -3.7717000e-03
  -3.3653450e-03
  -3.2962710e-03
  -3.6416180e-03
  -4.5826130e-03
  -6.1600410e-03
  -7.9754140e-03
  -9.6055090e-03
  -1.0656020e-02
  -1.0770230e-02
  -9.7133610e-03
  -7.8117430e-03
  -5.4430320e-03
  -2.6943370e-03
  -2.1770180e-05
   2.1082410e-03
   3.7525130e-03
   5.0000140e-03
   5.7177500e-03
   5.8267980e-03
   5.3535650e-03
   4.5158360e-03
   3.5743430e-03
   2.5786210e-03
   1.7323060e-03
   1.7787400e-03
   2.7065220e-03
   4.0205320e-03
   5.8678870e-03
   8.1478610e-03
   1.0185320e-02
   1.1425150e-02
   1.1745280e-02
   1.1118300e-02
   9.7563110e-03
   8.1328690e-03
   6.6309260e-03
   5.5866060e-03
   5.1244210e-03
   4.9650250e-03
   4.6485170e-03
   3.6320350e-03
   1.6309200e-03
  -1.1973770e-03
  -4.8017040e-03
  -9.1224290e-03
  -1.3614310e-02
  -1.7686920e-02
  -2.1045390e-02
  -2.3634760e-02
  -2.5595910e-02
  -2.7017260e-02
  -2.7954480e-02
  -2.8754320e-02
  -2.9543950e-02
  -3.0150520e-02
  -3.0640410e-02
  -3.1237320e-02
  -3.2081130e-02
  -3.3088690e-02
  -3.4045930e-02
  -3.4698850e-02
  -3.5029240e-02
  -3.5249690e-02
  -3.5548750e-02
  -3.5997960e-02
  -3.6897990e-02
  -3.8445100e-02
  -4.0115240e-02
  -4.1290330e-02
  -4.1965180e-02
  -4.2076150e-02
  -4.1350490e-02
  -4.0128820e-02
  -3.8902690e-02
  -3.7320780e-02
  -3.5201930e-02
  -3.2812040e-02
  -3.0489370e-02
  -2.8300010e-02
  -2.6254280e-02
  -2.4339670e-02
  -2.2345490e-02
  -1.9814390e-02
  -1.6520680e-02
  -1.2847560e-02
  -9.0763880e-03
  -5.2214060e-03
  -1.5632860e-03
   1.2932400e-03
   3.2440180e-03
   4.4235280e-03
   4.8005520e-03
   4.4887240e-03
   3.9261380e-03
   3.4706270e-03
   3.3481750e-03
   3.6177390e-03
   4.1015270e-03
   4.7767020e-03
   5.6851160e-03
   6.7782710e-03
   7.9694240e-03
   9.2227890e-03
   1.0401280e-02
   1.1744300e-02
   1.3609640e-02
   1.5921540e-02
   1.8439480e-02
   2.1114160e-02
   2.4202920e-02
   2.7749440e-02
   3.1279570e-02
   3.4635360e-02
   3.7889960e-02
   4.0984310e-02
   4.3978510e-02
   4.6494140e-02
   4.8109830e-02
   4.8838790e-02
   4.8649270e-02
   4.7605010e-02
   4.6054640e-02
   4.4146610e-02
   4.1607790e-02
   3.8499560e-02
   3.5171910e-02
   3.2038290e-02
   2.9378320e-02
   2.7471330e-02
   2.6522590e-02
   2.6453950e-02
   2.6951610e-02
   2.7473270e-02
   2.7637950e-02
   2.7394420e-02
   2.7066410e-02
   2.7015580e-02
   2.7389040e-02
   2.8016830e-02
   2.8437840e-02
   2.8624560e-02
   2.8981510e-02
   2.9339730e-02
   2.9192640e-02
   2.8458640e-02
   2.7172680e-02
   2.5202960e-02
   2.2515280e-02
   1.9531290e-02
   1.6552530e-02
   1.3366500e-02
   9.7939690e-03
   5.9675490e-03
   1.9953870e-03
  -1.8230320e-03
  -5.2343310e-03
  -8.3330030e-03
  -1.1152960e-02
  -1.3147560e-02
  -1.4381160e-02
  -1.5308520e-02
  -1.6062670e-02
  -1.7050520e-02
  -1.8629250e-02
  -2.0917950e-02
  -2.3926140e-02
  -2.7630290e-02
  -3.1781370e-02
  -3.6071610e-02
  -4.0180300e-02
  -4.3921160e-02
  -4.7102110e-02
  -4.9465610e-02
  -5.0709780e-02
  -5.0634790e-02
  -4.9337980e-02
  -4.6931930e-02
  -4.3449700e-02
  -3.9033230e-02
  -3.4151770e-02
  -2.9059000e-02
  -2.3982730e-02
  -1.9437340e-02
  -1.5907130e-02
  -1.3555480e-02
  -1.1662670e-02
  -9.2096350e-03
  -5.9313410e-03
  -1.8604610e-03
   2.8693030e-03
   7.9173500e-03
   1.2845790e-02
   1.7632090e-02
   2.2127870e-02
   2.5999520e-02
   2.9213860e-02
   3.1729960e-02
   3.3512270e-02
   3.4977380e-02
   3.6732320e-02
   3.8814520e-02
   4.0925820e-02
   4.2702860e-02
   4.3944860e-02
   4.4518600e-02
   4.4300800e-02
   4.3204510e-02
   4.1258670e-02
   3.8479530e-02
   3.5031980e-02
   3.1724540e-02
   2.9176450e-02
   2.7464760e-02
   2.6331520e-02
   2.5384610e-02
   2.4241610e-02
   2.2656990e-02
   2.0487780e-02
   1.7641600e-02
   1.4046120e-02
   9.6389580e-03
   4.6068850e-03
  -9.1258870e-04
  -7.0100100e-03
  -1.3353380e-02
  -1.9393060e-02
  -2.5043890e-02
  -3.0346990e-02
  -3.5413260e-02
  -4.0401840e-02
  -4.5267490e-02
  -4.9646830e-02
  -5.3301320e-02
  -5.5737950e-02
  -5.6355340e-02
  -5.5019620e-02
  -5.1985210e-02
  -4.7743320e-02
  -4.3088380e-02
  -3.8983680e-02
  -3.6264570e-02
  -3.5214860e-02
  -3.5501140e-02
  -3.6773160e-02
  -3.8828350e-02
  -4.1424750e-02
  -4.4087100e-02
  -4.6295620e-02
  -4.7493390e-02
  -4.7403790e-02
  -4.6130750e-02
  -4.3815340e-02
  -4.0576470e-02
  -3.6907900e-02
  -3.3222410e-02
  -2.9562550e-02
  -2.5643880e-02
  -2.1453390e-02
  -1.6878840e-02
  -1.1802870e-02
  -6.2807580e-03
  -5.1894910e-04
   4.8014450e-03
   8.9155530e-03
   1.1429610e-02
   1.2317530e-02
   1.1807880e-02
   1.0179220e-02
   7.4634160e-03
   3.8774700e-03
  -9.6316560e-05
  -3.9555310e-03
  -7.4509880e-03
  -1.0448070e-02
  -1.2897960e-02
  -1.5439620e-02
  -1.8528830e-02
  -2.1684800e-02
  -2.4744910e-02
  -2.7747270e-02
  -3.0383560e-02
  -3.2147170e-02
  -3.2686010e-02
  -3.1716110e-02
  -2.9352490e-02
  -2.5992500e-02
  -2.1956240e-02
  -1.7586580e-02
  -1.2896560e-02
  -7.9505940e-03
  -2.7781080e-03
   2.5151450e-03
   7.5697500e-03
   1.2147520e-02
   1.6291690e-02
   2.0319010e-02
   2.4500190e-02
   2.8523310e-02
   3.1779010e-02
   3.3846070e-02
   3.4643510e-02
   3.4671080e-02
   3.4554170e-02
   3.4322500e-02
   3.3911430e-02
   3.3407700e-02
   3.3015290e-02
   3.3055060e-02
   3.3953040e-02
   3.5958080e-02
   3.9081200e-02
   4.3133760e-02
   4.7819800e-02
   5.2838980e-02
   5.8051440e-02
   6.3149650e-02
   6.7773160e-02
   7.1792550e-02
   7.4935680e-02
   7.6803430e-02
   7.7425720e-02
   7.7277250e-02
   7.6483040e-02
   7.5134070e-02
   7.3610820e-02
   7.1837850e-02
   6.9774060e-02
   6.7595090e-02
   6.5487900e-02
   6.3554580e-02
   6.1672600e-02
   5.9429430e-02
   5.6401030e-02
   5.2689350e-02
   4.8432930e-02
   4.4234210e-02
   4.0715800e-02
   3.7423100e-02
   3.3432160e-02
   2.8505530e-02
   2.3236950e-02
   1.7876390e-02
   1.2218480e-02
   6.0005100e-03
  -8.2470970e-04
  -8.1020400e-03
  -1.5386770e-02
  -2.2028410e-02
  -2.7535940e-02
  -3.1659710e-02
  -3.4194190e-02
  -3.5324990e-02
  -3.5671740e-02
  -3.5638170e-02
  -3.5807560e-02
  -3.6490740e-02
  -3.7642530e-02
  -3.9086430e-02
  -4.0358070e-02
  -4.1275320e-02
  -4.1672600e-02
  -4.1320780e-02
  -4.0203660e-02
  -3.8292530e-02
  -3.5761960e-02
  -3.3148520e-02
  -3.0947490e-02
  -2.8806730e-02
  -2.6470540e-02
  -2.4119440e-02
  -2.1935670e-02
  -1.9787120e-02
  -1.7117980e-02
  -1.3619910e-02
  -9.9498420e-03
  -6.5585310e-03
  -3.1844050e-03
   3.9978690e-04
   3.9648630e-03
   6.9315680e-03
   9.1651920e-03
   1.0969400e-02
   1.2306700e-02
   1.2918360e-02
   1.2638720e-02
   1.1549370e-02
   9.9138390e-03
   7.9090310e-03
   5.7981460e-03
   3.9237540e-03
   2.3225050e-03
   8.9923500e-04
  -6.2398310e-04
  -2.5470860e-03
  -4.9661670e-03
  -7.8832960e-03
  -1.1187310e-02
  -1.4586900e-02
  -1.7370160e-02
  -1.8840220e-02
  -1.8525690e-02
  -1.6389780e-02
  -1.2842640e-02
  -8.7056460e-03
  -4.8060630e-03
  -1.6789660e-03
   5.5344550e-04
   1.8060400e-03
   2.0075970e-03
   1.2563730e-03
  -2.3372330e-04
  -2.2981280e-03
  -4.6904180e-03
  -7.3185180e-03
  -1.0156960e-02
  -1.3164850e-02
  -1.6245840e-02
  -1.9191940e-02
  -2.2168500e-02
  -2.5349250e-02
  -2.8706120e-02
  -3.1908670e-02
  -3.4594000e-02
  -3.6170480e-02
  -3.6346330e-02
  -3.5272690e-02
  -3.3028410e-02
  -2.9989870e-02
  -2.6684170e-02
  -2.3172450e-02
  -1.9743550e-02
  -1.6923980e-02
  -1.4723080e-02
  -1.3007440e-02
  -1.1732000e-02
  -1.0413650e-02
  -8.3888700e-03
  -5.4363840e-03
  -2.0081490e-03
   1.0797790e-03
   3.2684090e-03
   4.7917280e-03
   6.3324170e-03
   8.1303480e-03
   9.7283230e-03
   1.1157780e-02
   1.3014580e-02
   1.5808810e-02
   1.9953370e-02
   2.5415370e-02
   3.1648120e-02
   3.8420150e-02
   4.5877950e-02
   5.3728360e-02
   6.1529450e-02
   6.9136250e-02
   7.5760860e-02
   8.0687520e-02
   8.3428790e-02
   8.3482240e-02
   8.1130560e-02
   7.7457430e-02
   7.3458660e-02
   7.0004810e-02
   6.7404750e-02
   6.5354900e-02
   6.3442120e-02
   6.1600150e-02
   5.9676620e-02
   5.7336600e-02
   5.4550990e-02
   5.1978960e-02
   5.0457170e-02
   5.0597200e-02
   5.2670670e-02
   5.5913010e-02
   5.9171840e-02
   6.1707570e-02
   6.3490840e-02
   6.4731150e-02
   6.5479370e-02
   6.5672780e-02
   6.5308800e-02
   6.4414570e-02
   6.3046920e-02
   6.1168480e-02
   5.8441460e-02
   5.4448660e-02
   4.9324940e-02
   4.3086300e-02
   3.5732260e-02
   2.7787840e-02
   1.9681880e-02
   1.1627200e-02
   3.5496660e-03
  -4.8217850e-03
  -1.3494910e-02
  -2.2036360e-02
  -2.9742300e-02
  -3.5986900e-02
  -4.0681990e-02
  -4.3849750e-02
  -4.5219120e-02
  -4.4425350e-02
  -4.1537840e-02
  -3.7157640e-02
  -3.2234410e-02
  -2.7450510e-02
  -2.3258000e-02
  -2.0259010e-02
  -1.8750910e-02
  -1.8512330e-02
  -1.9167460e-02
  -2.0220450e-02
  -2.1206950e-02
  -2.1654690e-02
  -2.1552350e-02
  -2.0879670e-02
  -1.9297110e-02
  -1.6651440e-02
  -1.3174340e-02
  -8.8881360e-03
  -3.7872240e-03
   2.0189750e-03
   8.2715900e-03
   1.4390570e-02
   2.0055220e-02
   2.5097110e-02
   2.9344740e-02
   3.2689260e-02
   3.5019080e-02
   3.6495720e-02
   3.7065850e-02
   3.6298220e-02
   3.3975930e-02
   3.0358410e-02
   2.6077260e-02
   2.1777890e-02
   1.7922320e-02
   1.4281360e-02
   1.0576160e-02
   7.1764450e-03
   4.2067590e-03
   1.3591060e-03
  -1.2796870e-03
  -3.4824260e-03
  -5.1998500e-03
  -6.6659480e-03
  -8.2692960e-03
  -1.0277750e-02
  -1.3015610e-02
  -1.6589380e-02
  -2.0800890e-02
  -2.5541330e-02
  -3.0783670e-02
  -3.6137100e-02
  -4.1206170e-02
  -4.5828330e-02
  -4.9759130e-02
  -5.2958820e-02
  -5.5612470e-02
  -5.7637290e-02
  -5.9216860e-02
  -6.0536490e-02
  -6.1271060e-02
  -6.1439150e-02
  -6.1441350e-02
  -6.1107990e-02
  -5.9741780e-02
  -5.6668230e-02
  -5.1477100e-02
  -4.4543340e-02
  -3.6864260e-02
  -2.9011150e-02
  -2.1503540e-02
  -1.4593700e-02
  -8.0634610e-03
  -1.4539890e-03
   5.4320640e-03
   1.2556500e-02
   1.9299770e-02
   2.4794460e-02
   2.8657370e-02
   3.0907310e-02
   3.2169630e-02
   3.3125970e-02
   3.4049460e-02
   3.5068590e-02
   3.6100390e-02
   3.7167290e-02
   3.8615780e-02
   4.0611710e-02
   4.3185070e-02
   4.6235660e-02
   4.9657680e-02
   5.3066360e-02
   5.6054120e-02
   5.8371300e-02
   5.9799980e-02
   6.0477500e-02
   6.0647780e-02
   6.0118430e-02
   5.8377340e-02
   5.5090360e-02
   5.0455480e-02
   4.4573580e-02
   3.7373190e-02
   2.8767600e-02
   1.8964380e-02
   9.0370110e-03
  -5.4916800e-05
  -8.2766970e-03
  -1.6264710e-02
  -2.4192920e-02
  -3.1915020e-02
  -3.9312490e-02
  -4.6373070e-02
  -5.3086010e-02
  -5.9236200e-02
  -6.4519660e-02
  -6.9010880e-02
  -7.3125210e-02
  -7.7023640e-02
  -8.0241730e-02
  -8.2318440e-02
  -8.3256100e-02
  -8.3024840e-02
  -8.1707380e-02
  -7.9474920e-02
  -7.5994800e-02
  -7.0928470e-02
  -6.4112590e-02
  -5.5773560e-02
  -4.6493330e-02
  -3.6640460e-02
  -2.6257840e-02
  -1.5333770e-02
  -4.2710380e-03
   6.0892740e-03
   1.5124930e-02
   2.2705660e-02
   2.9085280e-02
   3.4291370e-02
   3.8350190e-02
   4.1662990e-02
   4.4490050e-02
   4.7103080e-02
   4.9839370e-02
   5.2954980e-02
   5.6349860e-02
   5.9809510e-02
   6.3252360e-02
   6.6763020e-02
   6.9590940e-02
   7.1325540e-02
   7.2790670e-02
   7.4860760e-02
   7.7807840e-02
   8.1401320e-02
   8.4784750e-02
   8.6985040e-02
   8.7708660e-02
   8.7106520e-02
   8.5074520e-02
   8.1168820e-02
   7.5347860e-02
   6.7973970e-02
   5.9453770e-02
   5.0435690e-02
   4.1476540e-02
   3.2919550e-02
   2.5422380e-02
   1.9686690e-02
   1.6034290e-02
   1.4442610e-02
   1.4508080e-02
   1.5460770e-02
   1.6602270e-02
   1.7493410e-02
   1.7754230e-02
   1.7325160e-02
   1.6428090e-02
   1.5151680e-02
   1.3836050e-02
   1.2782300e-02
   1.1371560e-02
   9.0442700e-03
   5.9111920e-03
   1.8833130e-03
  -2.9450480e-03
  -8.0981280e-03
  -1.3420590e-02
  -1.8889200e-02
  -2.3977570e-02
  -2.8387260e-02
  -3.2239590e-02
  -3.5429340e-02
  -3.7631990e-02
  -3.9113750e-02
  -4.0046870e-02
  -3.9932490e-02
  -3.8531610e-02
  -3.6199800e-02
  -3.3241780e-02
  -2.9806940e-02
  -2.6127670e-02
  -2.2487660e-02
  -1.9145480e-02
  -1.6407520e-02
  -1.4740540e-02
  -1.4619710e-02
  -1.6128030e-02
  -1.8466480e-02
  -2.0770870e-02
  -2.2524080e-02
  -2.3768740e-02
  -2.5188760e-02
  -2.7038270e-02
  -2.8946340e-02
  -3.0658050e-02
  -3.2155510e-02
  -3.3592550e-02
  -3.5401430e-02
  -3.7621060e-02
  -3.9518610e-02
  -4.0231840e-02
  -3.9363410e-02
  -3.7249720e-02
  -3.4695720e-02
  -3.2365240e-02
  -3.0512890e-02
  -2.9314500e-02
  -2.8996960e-02
  -2.9494530e-02
  -3.0678030e-02
  -3.2030820e-02
  -3.2874600e-02
  -3.2896110e-02
  -3.1911590e-02
  -2.9771210e-02
  -2.6027640e-02
  -2.0214230e-02
  -1.2373760e-02
  -2.8300920e-03
   7.5930320e-03
   1.7906150e-02
   2.7156810e-02
   3.4337100e-02
   3.9201460e-02
   4.2193720e-02
   4.3786250e-02
   4.4130950e-02
   4.3520130e-02
   4.2480850e-02
   4.1672940e-02
   4.1330440e-02
   4.1064970e-02
   4.0530720e-02
   3.9700750e-02
   3.8629040e-02
   3.7337280e-02
   3.5902230e-02
   3.4215800e-02
   3.2028060e-02
   2.9097720e-02
   2.5636270e-02
   2.2187900e-02
   1.8951530e-02
   1.5869650e-02
   1.2473120e-02
   8.5824270e-03
   4.8581020e-03
   1.9549770e-03
   4.2487110e-05
  -7.5578600e-04
  -2.7176970e-04
   1.5085750e-03
   4.4049140e-03
   8.0245420e-03
   1.2382800e-02
   1.7665420e-02
   2.3749780e-02
   3.0044160e-02
   3.5793580e-02
   4.0817680e-02
   4.5191280e-02
   4.8890600e-02
   5.1908390e-02
   5.4002230e-02
   5.4960490e-02
   5.4871350e-02
   5.4157320e-02
   5.3427930e-02
   5.2906580e-02
   5.2323530e-02
   5.1553550e-02
   5.0705860e-02
   4.9602540e-02
   4.8165640e-02
   4.6292090e-02
   4.3565490e-02
   3.9628990e-02
   3.4944000e-02
   2.9924180e-02
   2.4960930e-02
   2.0651330e-02
   1.7472510e-02
   1.5282380e-02
   1.3411250e-02
   1.0891770e-02
   7.1569080e-03
   2.2267280e-03
  -3.6305440e-03
  -1.0377850e-02
  -1.8216920e-02
  -2.7267740e-02
  -3.7359380e-02
  -4.8006660e-02
  -5.8554050e-02
  -6.8334360e-02
  -7.6498260e-02
  -8.2515760e-02
  -8.6336870e-02
  -8.8302230e-02
  -8.8921210e-02
  -8.9040200e-02
  -8.9095920e-02
  -8.8821540e-02
  -8.7606900e-02
  -8.4993770e-02
  -8.0785870e-02
  -7.5347220e-02
  -6.9394740e-02
  -6.2854620e-02
  -5.4957120e-02
  -4.5554280e-02
  -3.5333540e-02
  -2.4819920e-02
  -1.4490570e-02
  -4.7332550e-03
   4.0577780e-03
   1.1628440e-02
   1.8203930e-02
   2.4311270e-02
   3.0030440e-02
   3.5593020e-02
   4.1188700e-02
   4.6533800e-02
   5.1379740e-02
   5.5553890e-02
   5.8879710e-02
   6.1536770e-02
   6.3475040e-02
   6.4656550e-02
   6.5486910e-02
   6.6104600e-02
   6.6239690e-02
   6.5521160e-02
   6.3443540e-02
   5.9702240e-02
   5.4596750e-02
   4.8910920e-02
   4.3786890e-02
   3.9691700e-02
   3.6854780e-02
   3.5361840e-02
   3.4576230e-02
   3.4092710e-02
   3.3878620e-02
   3.3650010e-02
   3.3413580e-02
   3.3481720e-02
   3.3970090e-02
   3.4473630e-02
   3.4461190e-02
   3.3830830e-02
   3.2905590e-02
   3.2074820e-02
   3.1546560e-02
   3.1485630e-02
   3.2473050e-02
   3.4882660e-02
   3.8178800e-02
   4.1238090e-02
   4.3456290e-02
   4.4266160e-02
   4.3469640e-02
   4.1258190e-02
   3.7908210e-02
   3.3571570e-02
   2.8018250e-02
   2.1108460e-02
   1.3068320e-02
   4.3844860e-03
  -4.4145120e-03
  -1.3075480e-02
  -2.1775600e-02
  -3.0501200e-02
  -3.9040570e-02
  -4.6906560e-02
  -5.3541870e-02
  -5.8792630e-02
  -6.2757620e-02
  -6.5647470e-02
  -6.8021780e-02
  -7.0439190e-02
  -7.2959780e-02
  -7.5055190e-02
  -7.5822000e-02
  -7.4535220e-02
  -7.1040810e-02
  -6.5481850e-02
  -5.8217390e-02
  -4.9919030e-02
  -4.1501970e-02
  -3.3545540e-02
  -2.6543480e-02
  -2.1014630e-02
  -1.7054200e-02
  -1.4823260e-02
  -1.4303870e-02
  -1.4920270e-02
  -1.5988590e-02
  -1.7206790e-02
  -1.8280960e-02
  -1.8602380e-02
  -1.7876150e-02
  -1.6098160e-02
  -1.3389970e-02
  -9.9246070e-03
  -5.4876080e-03
   2.6041220e-05
   5.9271580e-03
   1.1312180e-02
   1.5719620e-02
   1.9043640e-02
   2.1263420e-02
   2.2390000e-02
   2.2557940e-02
   2.1349040e-02
   1.8354530e-02
   1.3921280e-02
   8.1641580e-03
   1.1674440e-03
  -5.8552080e-03
  -1.1190580e-02
  -1.4051990e-02
  -1.4948960e-02
  -1.4724150e-02
  -1.3887560e-02
  -1.2561750e-02
  -1.0896560e-02
  -9.2695260e-03
  -7.9536190e-03
  -7.3797960e-03
  -7.7401550e-03
  -9.1085290e-03
  -1.1939830e-02
  -1.6443630e-02
  -2.2002930e-02
  -2.7776580e-02
  -3.2888010e-02
  -3.6279330e-02
  -3.7912660e-02
  -3.8204390e-02
  -3.7350730e-02
  -3.6043050e-02
  -3.4904950e-02
  -3.4000610e-02
  -3.2814720e-02
  -3.0795090e-02
  -2.7779830e-02
  -2.3709090e-02
  -1.8609190e-02
  -1.2825090e-02
  -6.6247360e-03
  -2.2625700e-04
   6.2466480e-03
   1.2698310e-02
   1.8772110e-02
   2.4341910e-02
   2.9852840e-02
   3.5179620e-02
   3.9745640e-02
   4.3180040e-02
   4.5201110e-02
   4.5630830e-02
   4.5096640e-02
   4.4500490e-02
   4.4727470e-02
   4.6091020e-02
   4.8447920e-02
   5.1617190e-02
   5.5320790e-02
   5.9144450e-02
   6.2455040e-02
   6.4971730e-02
   6.6937020e-02
   6.8521070e-02
   6.9255320e-02
   6.8955290e-02
   6.7963720e-02
   6.6830070e-02
   6.5945370e-02
   6.5372280e-02
   6.4585180e-02
   6.2989560e-02
   6.0586960e-02
   5.7428990e-02
   5.3718180e-02
   4.9464090e-02
   4.4485410e-02
   3.8859900e-02
   3.2810150e-02
   2.6460040e-02
   1.9754390e-02
   1.2368010e-02
   4.2681540e-03
  -4.0894370e-03
  -1.2004350e-02
  -1.9015070e-02
  -2.4815190e-02
  -2.9099190e-02
  -3.1671880e-02
  -3.2193840e-02
  -3.0323830e-02
  -2.6608950e-02
  -2.2336380e-02
  -1.8598150e-02
  -1.5617860e-02
  -1.2599790e-02
  -8.2915570e-03
  -3.0351890e-03
   1.8427500e-03
   5.3146280e-03
   6.7744660e-03
   5.9096850e-03
   2.7612320e-03
  -1.9552240e-03
  -7.0619400e-03
  -1.1602510e-02
  -1.5213770e-02
  -1.8167210e-02
  -2.0461900e-02
  -2.1695630e-02
  -2.2092380e-02
  -2.2559530e-02
  -2.3456570e-02
  -2.4843840e-02
  -2.6651710e-02
  -2.8764550e-02
  -3.1036340e-02
  -3.3638890e-02
  -3.6798470e-02
  -4.0100960e-02
  -4.2994300e-02
  -4.5594710e-02
  -4.8093090e-02
  -5.0498060e-02
  -5.2859720e-02
  -5.4895590e-02
  -5.6447660e-02
  -5.7676350e-02
  -5.8829530e-02
  -6.0023470e-02
  -6.1502560e-02
  -6.3565500e-02
  -6.6170540e-02
  -6.9103460e-02
  -7.2023350e-02
  -7.4945960e-02
  -7.7754310e-02
  -7.9137780e-02
  -7.7499410e-02
  -7.2423500e-02
  -6.4323260e-02
  -5.4071820e-02
  -4.3111170e-02
  -3.2940270e-02
  -2.4272780e-02
  -1.7420990e-02
  -1.2526180e-02
  -9.5974880e-03
  -8.1909120e-03
  -7.0205760e-03
  -5.3220870e-03
  -3.3621910e-03
  -1.6809840e-03
  -4.8526950e-04
   3.6031820e-05
  -3.0784310e-04
  -1.3523060e-03
  -3.0213100e-03
  -5.1985630e-03
  -7.6631830e-03
  -1.0281710e-02
  -1.3240940e-02
  -1.6549780e-02
  -1.9770450e-02
  -2.1998140e-02
  -2.2635730e-02
  -2.1920210e-02
  -2.0489380e-02
  -1.8795970e-02
  -1.6859310e-02
  -1.4938830e-02
  -1.3650000e-02
  -1.3292320e-02
  -1.3541560e-02
  -1.3922650e-02
  -1.3988530e-02
  -1.3772330e-02
  -1.3187060e-02
  -1.2006380e-02
  -1.0263340e-02
  -7.9920340e-03
  -4.9381130e-03
  -1.3826920e-03
   2.1026770e-03
   4.8886070e-03
   6.5653180e-03
   7.3482150e-03
   7.7861010e-03
   8.4207360e-03
   9.5013590e-03
   1.1224730e-02
   1.3773800e-02
   1.6880730e-02
   2.0189010e-02
   2.3283120e-02
   2.5765560e-02
   2.8085010e-02
   3.1211770e-02
   3.5629950e-02
   4.0862000e-02
   4.5995730e-02
   5.0299090e-02
   5.3535150e-02
   5.5943590e-02
   5.7326700e-02
   5.7557410e-02
   5.7088200e-02
   5.6589160e-02
   5.6397400e-02
   5.6919220e-02
   5.8305360e-02
   6.0106150e-02
   6.1836420e-02
   6.3214320e-02
   6.4412470e-02
   6.5538770e-02
   6.6591050e-02
   6.7438860e-02
   6.7806260e-02
   6.7601940e-02
   6.6790780e-02
   6.5362130e-02
   6.3254470e-02
   6.0360330e-02
   5.6612500e-02
   5.2132040e-02
   4.7056850e-02
   4.1260080e-02
   3.4624470e-02
   2.7246740e-02
   1.9719260e-02
   1.2899880e-02
   7.5259250e-03
   3.9096340e-03
   1.8868990e-03
   1.4962020e-03
   3.0452660e-03
   6.6288470e-03
   1.1960780e-02
   1.8412860e-02
   2.5233740e-02
   3.2006260e-02
   3.8503350e-02
   4.4770580e-02
   5.0662730e-02
   5.5521080e-02
   5.9155830e-02
   6.1445270e-02
   6.2312750e-02
   6.1876770e-02
   6.0318240e-02
   5.7303860e-02
   5.2221250e-02
   4.5044200e-02
   3.6049160e-02
   2.5773200e-02
   1.5081400e-02
   4.8346510e-03
  -4.4137390e-03
  -1.2413550e-02
  -1.9026460e-02
  -2.4150930e-02
  -2.7752170e-02
  -3.0194410e-02
  -3.2090000e-02
  -3.3543880e-02
  -3.3816600e-02
  -3.2362810e-02
  -2.9807400e-02
  -2.7124910e-02
  -2.4678090e-02
  -2.2111480e-02
  -1.9202300e-02
  -1.5915450e-02
  -1.2191880e-02
  -8.2410080e-03
  -4.7220870e-03
  -2.3109590e-03
  -1.2684220e-03
  -2.1155490e-03
  -5.2794520e-03
  -1.0532800e-02
  -1.7530170e-02
  -2.6009940e-02
  -3.5604410e-02
  -4.5525160e-02
  -5.4732440e-02
  -6.2114330e-02
  -6.7172320e-02
  -6.9794920e-02
  -6.9578010e-02
  -6.6260330e-02
  -6.0867770e-02
  -5.5640490e-02
  -5.2096990e-02
  -4.9937140e-02
  -4.8424480e-02
  -4.7592540e-02
  -4.7574440e-02
  -4.8021300e-02
  -4.8348820e-02
  -4.8264520e-02
  -4.7660440e-02
  -4.6393700e-02
  -4.3954370e-02
  -3.9924040e-02
  -3.4641800e-02
  -2.8852630e-02
  -2.3117480e-02
  -1.7598080e-02
  -1.2082000e-02
  -6.6379810e-03
  -1.3106810e-03
   4.3868690e-03
   1.0957490e-02
   1.8269030e-02
   2.5444580e-02
   3.1785700e-02
   3.7441040e-02
   4.2197270e-02
   4.5585490e-02
   4.7778070e-02
   4.9371140e-02
   5.0966330e-02
   5.2385310e-02
   5.2819160e-02
   5.1814220e-02
   4.9178620e-02
   4.4290830e-02
   3.6640170e-02
   2.6545090e-02
   1.4959820e-02
   2.9588880e-03
  -8.6246570e-03
  -1.9560380e-02
  -3.0003310e-02
  -4.0342790e-02
  -5.0561410e-02
  -6.0030040e-02
  -6.7861520e-02
  -7.3417080e-02
  -7.6800220e-02
  -7.8915750e-02
  -8.1275840e-02
  -8.4631090e-02
  -8.8453520e-02
  -9.1444740e-02
  -9.2828340e-02
  -9.2538670e-02
  -9.0806940e-02
  -8.7996330e-02
  -8.4034310e-02
  -7.7909470e-02
  -6.8374050e-02
  -5.5627560e-02
  -4.1305150e-02
  -2.7506850e-02
  -1.5499260e-02
  -5.0897700e-03
   4.6644510e-03
   1.4644830e-02
   2.5058310e-02
   3.5648090e-02
   4.6282020e-02
   5.6808910e-02
   6.7174880e-02
   7.7112880e-02
   8.5848590e-02
   9.2967200e-02
   9.8868410e-02
   1.0367950e-01
   1.0687770e-01
   1.0828310e-01
   1.0807700e-01
   1.0635400e-01
   1.0336890e-01
   9.9411390e-02
   9.4759400e-02
   8.9413560e-02
   8.3046850e-02
   7.5307750e-02
   6.6046070e-02
   5.5611340e-02
   4.4885170e-02
   3.4474470e-02
   2.4546700e-02
   1.5171700e-02
   5.8711120e-03
  -3.8486670e-03
  -1.3674840e-02
  -2.3146200e-02
  -3.2561580e-02
  -4.2679760e-02
  -5.4168800e-02
  -6.7044260e-02
  -8.0811710e-02
  -9.4484930e-02
  -1.0664580e-01
  -1.1578620e-01
  -1.2126250e-01
  -1.2352320e-01
  -1.2328260e-01
  -1.2110020e-01
  -1.1740240e-01
  -1.1238920e-01
  -1.0569080e-01
  -9.6744860e-02
  -8.5563980e-02
  -7.2617300e-02
  -5.8645280e-02
  -4.4758540e-02
  -3.1771580e-02
  -1.9296440e-02
  -5.9808650e-03
   8.7755140e-03
   2.4109580e-02
   3.8507350e-02
   5.0984410e-02
   6.1366390e-02
   7.0101740e-02
   7.7346640e-02
   8.2296710e-02
   8.4039710e-02
   8.2968050e-02
   8.0011610e-02
   7.5825610e-02
   7.0897130e-02
   6.5439700e-02
   5.9658300e-02
   5.3984070e-02
   4.8549440e-02
   4.2657920e-02
   3.5694590e-02
   2.7726570e-02
   1.9038200e-02
   9.7834640e-03
   5.7479370e-05
  -1.0367320e-02
  -2.1736300e-02
  -3.3849810e-02
  -4.6566300e-02
  -6.0154940e-02
  -7.4827350e-02
  -8.9942780e-02
  -1.0441590e-01
  -1.1770680e-01
  -1.2997940e-01
  -1.4169390e-01
  -1.5271490e-01
  -1.6246740e-01
  -1.7083680e-01
  -1.7809690e-01
  -1.8477490e-01
  -1.9143790e-01
  -1.9810370e-01
  -2.0422370e-01
  -2.0920490e-01
  -2.1223460e-01
  -2.1243540e-01
  -2.1025600e-01
  -2.0621720e-01
  -1.9925280e-01
  -1.8783180e-01
  -1.7156510e-01
  -1.5195190e-01
  -1.3088960e-01
  -1.0945900e-01
  -8.8461940e-02
  -6.8911080e-02
  -5.1628380e-02
  -3.7005930e-02
  -2.4880360e-02
  -1.5048120e-02
  -6.8873920e-03
   7.6532100e-04
   8.9697880e-03
   1.7870550e-02
   2.6841580e-02
   3.5402840e-02
   4.3083550e-02
   4.9549620e-02
   5.4584360e-02
   5.8101860e-02
   5.9827200e-02
   5.9540240e-02
   5.7233610e-02
   5.3512630e-02
   4.9097640e-02
   4.4056820e-02
   3.8481260e-02
   3.2683190e-02
   2.6568460e-02
   1.9731680e-02
   1.2130700e-02
   4.6408730e-03
  -1.2157930e-03
  -4.6716950e-03
  -6.0696170e-03
  -6.0750490e-03
  -4.9261510e-03
  -3.1423250e-03
  -1.8168550e-03
  -1.7938510e-03
  -3.0918110e-03
  -4.9494040e-03
  -6.6726290e-03
  -8.1570120e-03
  -9.7427020e-03
  -1.1494460e-02
  -1.3275260e-02
  -1.5110130e-02
  -1.6724340e-02
  -1.7479450e-02
  -1.7322350e-02
  -1.6381790e-02
  -1.4750410e-02
  -1.3380520e-02
  -1.3017060e-02
  -1.3343990e-02
  -1.3234680e-02
  -1.2290110e-02
  -1.1129370e-02
  -9.9831400e-03
  -8.4130220e-03
  -6.2583820e-03
  -4.7964170e-03
  -5.3110440e-03
  -7.1732930e-03
  -8.5177360e-03
  -8.4843170e-03
  -7.8755550e-03
  -7.6838940e-03
  -7.9582340e-03
  -8.4056100e-03
  -9.2942440e-03
  -1.0832970e-02
  -1.2731310e-02
  -1.4473850e-02
  -1.5925120e-02
  -1.7351440e-02
  -1.8662390e-02
  -1.9416470e-02
  -1.9308440e-02
  -1.8771490e-02
  -1.8377070e-02
  -1.7825160e-02
  -1.6387860e-02
  -1.4351860e-02
  -1.2813070e-02
  -1.2527020e-02
  -1.3211860e-02
  -1.4567080e-02
  -1.6586670e-02
  -1.9238780e-02
  -2.2460890e-02
  -2.5794610e-02
  -2.8729180e-02
  -3.1439290e-02
  -3.4222630e-02
  -3.6602300e-02
  -3.8430360e-02
  -4.0064280e-02
  -4.1688040e-02
  -4.3022730e-02
  -4.3811590e-02
  -4.4430520e-02
  -4.5454270e-02
  -4.7108760e-02
  -4.8804450e-02
  -4.9688240e-02
  -4.9299090e-02
  -4.7410750e-02
  -4.3339640e-02
  -3.6524310e-02
  -2.7609960e-02
  -1.7991050e-02
  -8.7786190e-03
  -4.0655760e-04
   7.2195080e-03
   1.3699150e-02
   1.8684240e-02
   2.2421430e-02
   2.5144570e-02
   2.7356590e-02
   2.9207020e-02
   3.0097670e-02
   2.9578030e-02
   2.7870520e-02
   2.5761380e-02
   2.4119180e-02
   2.3323920e-02
   2.2592400e-02
   2.0775050e-02
   1.7768260e-02
   1.4367010e-02
   1.1000560e-02
   7.9504480e-03
   5.7569640e-03
   4.6196170e-03
   4.2702580e-03
   4.1856700e-03
   3.8290580e-03
   3.0656510e-03
   2.0392220e-03
   3.3301750e-04
  -1.8700270e-03
  -3.7587780e-03
  -5.1185020e-03
  -5.9501510e-03
  -5.9913670e-03
  -5.4662460e-03
  -5.0528340e-03
  -4.9357510e-03
  -5.2981080e-03
  -6.3405860e-03
  -8.1766570e-03
  -1.0834360e-02
  -1.3792120e-02
  -1.6324510e-02
  -1.8392560e-02
  -2.0695780e-02
  -2.3626800e-02
  -2.6742940e-02
  -2.9604720e-02
  -3.2464080e-02
  -3.5531370e-02
  -3.8314130e-02
  -4.0371690e-02
  -4.1760740e-02
  -4.2583610e-02
  -4.2794340e-02
  -4.2519690e-02
  -4.1854210e-02
  -4.0773650e-02
  -3.9130690e-02
  -3.6848560e-02
  -3.3806150e-02
  -2.9475940e-02
  -2.3627860e-02
  -1.6802460e-02
  -9.6951310e-03
  -2.9104350e-03
   2.8403670e-03
   6.8450370e-03
   8.9118340e-03
   9.3459990e-03
   8.5523970e-03
   7.0387780e-03
   4.7407620e-03
   1.4624260e-03
  -2.4567500e-03
  -6.2440880e-03
  -9.2781050e-03
  -1.1397560e-02
  -1.2539600e-02
  -1.2424990e-02
  -1.0586710e-02
  -7.2094510e-03
  -2.8583540e-03
   2.0133210e-03
   7.1558680e-03
   1.1973530e-02
   1.5856840e-02
   1.8474040e-02
   1.9470240e-02
   1.8768450e-02
   1.6922780e-02
   1.4435310e-02
   1.1752730e-02
   9.4994780e-03
   8.0000140e-03
   7.1843650e-03
   6.5965950e-03
   6.0381410e-03
   6.0690510e-03
   7.4757160e-03
   1.0221430e-02
   1.3584460e-02
   1.7000040e-02
   2.0499040e-02
   2.4189490e-02
   2.8193650e-02
   3.2701560e-02
   3.7496750e-02
   4.1992270e-02
   4.6195440e-02
   5.0512680e-02
   5.5148910e-02
   6.0166020e-02
   6.5181310e-02
   6.9923310e-02
   7.4201840e-02
   7.7348400e-02
   7.8384680e-02
   7.6590450e-02
   7.1380650e-02
   6.2017340e-02
   4.8154450e-02
   3.1346160e-02
   1.4897300e-02
   1.1327620e-03
  -1.0176610e-02
  -2.0549990e-02
  -3.0249270e-02
  -3.8201760e-02
  -4.3844260e-02
  -4.7475350e-02
  -4.9101770e-02
  -4.8498080e-02
  -4.6343720e-02
  -4.4040160e-02
  -4.2662380e-02
  -4.2759190e-02
  -4.4410140e-02
  -4.7150250e-02
  -5.0531040e-02
  -5.3993500e-02
  -5.6957210e-02
  -5.9622510e-02
  -6.1967320e-02
  -6.3632720e-02
  -6.4137560e-02
  -6.2991030e-02
  -6.0354290e-02
  -5.6602940e-02
  -5.1516690e-02
  -4.4996600e-02
  -3.7757130e-02
  -3.0759860e-02
  -2.4498310e-02
  -1.8925430e-02
  -1.3536500e-02
  -7.9044030e-03
  -2.0481790e-03
   3.7610080e-03
   9.0207930e-03
   1.3376410e-02
   1.6181270e-02
   1.6816580e-02
   1.5555810e-02
   1.3519110e-02
   1.1602320e-02
   9.6757690e-03
   6.8883800e-03
   3.0892690e-03
  -1.2035840e-03
  -5.7567650e-03
  -1.0637580e-02
  -1.5715450e-02
  -2.0226390e-02
  -2.3722470e-02
  -2.6135270e-02
  -2.6710980e-02
  -2.4510360e-02
  -1.9484620e-02
  -1.2280980e-02
  -4.0821400e-03
   3.8480100e-03
   1.0770620e-02
   1.6321850e-02
   2.0495210e-02
   2.3587530e-02
   2.5739310e-02
   2.6892490e-02
   2.7275040e-02
   2.7487550e-02
   2.7682960e-02
   2.7669260e-02
   2.7516070e-02
   2.7427750e-02
   2.7401890e-02
   2.7363730e-02
   2.7436810e-02
   2.7736870e-02
   2.8059740e-02
   2.7940590e-02
   2.7117150e-02
   2.5659100e-02
   2.3391990e-02
   2.0133210e-02
   1.5860810e-02
   1.0595760e-02
   4.4449550e-03
  -2.5029560e-03
  -1.0013980e-02
  -1.7547120e-02
  -2.4586860e-02
  -3.0483550e-02
  -3.4626830e-02
  -3.6933500e-02
  -3.7820190e-02
  -3.7696940e-02
  -3.6719720e-02
  -3.4881920e-02
  -3.2184270e-02
  -2.8669000e-02
  -2.4446350e-02
  -1.9839040e-02
  -1.5196960e-02
  -1.0882650e-02
  -7.1557410e-03
  -4.0506870e-03
  -1.3414920e-03
   1.3051780e-03
   4.2919760e-03
   7.3541180e-03
   9.4491480e-03
   1.0000480e-02
   9.1880010e-03
   7.6160980e-03
   6.1429390e-03
   5.6212370e-03
   6.3246110e-03
   7.8683080e-03
   9.8361110e-03
   1.2120750e-02
   1.4997980e-02
   1.8837820e-02
   2.3866110e-02
   3.0060480e-02
   3.7111820e-02
   4.4828740e-02
   5.2900010e-02
   6.1177170e-02
   6.9723220e-02
   7.8210520e-02
   8.6337450e-02
   9.3690320e-02
   9.9719880e-02
   1.0417360e-01
   1.0743980e-01
   1.1012190e-01
   1.1257370e-01
   1.1496740e-01
   1.1724790e-01
   1.1880340e-01
   1.1864540e-01
   1.1608880e-01
   1.1070160e-01
   1.0254550e-01
   9.1922570e-02
   7.9257170e-02
   6.5081590e-02
   5.0116300e-02
   3.5185200e-02
   2.0911180e-02
   7.7093500e-03
  -4.1543420e-03
  -1.4696670e-02
  -2.4378380e-02
  -3.3885800e-02
  -4.3594100e-02
  -5.3141620e-02
  -6.2119530e-02
  -7.0412850e-02
  -7.8078260e-02
  -8.5059530e-02
  -9.1050340e-02
  -9.6037640e-02
  -1.0014770e-01
  -1.0341570e-01
  -1.0568230e-01
  -1.0698810e-01
  -1.0765530e-01
  -1.0801350e-01
  -1.0792560e-01
  -1.0734980e-01
  -1.0646000e-01
  -1.0553790e-01
  -1.0465680e-01
  -1.0303820e-01
  -9.9495730e-02
  -9.2998510e-02
  -8.3015950e-02
  -7.0076310e-02
  -5.5723030e-02
  -4.1467540e-02
  -2.8247300e-02
  -1.6076290e-02
  -4.6738310e-03
   5.9403930e-03
   1.5883790e-02
   2.5245500e-02
   3.3926700e-02
   4.1321040e-02
   4.6635390e-02
   4.9641300e-02
   5.0374340e-02
   4.8008310e-02
   4.1943150e-02
   3.2926080e-02
   2.2557270e-02
   1.1902250e-02
   1.1599270e-03
  -9.5000460e-03
  -1.9638980e-02
  -2.8386390e-02
  -3.4861760e-02
  -3.9025270e-02
  -4.1584820e-02
  -4.3046330e-02
  -4.3543100e-02
  -4.2658520e-02
  -4.0203520e-02
  -3.7126030e-02
  -3.4583750e-02
  -3.3142120e-02
  -3.2868800e-02
  -3.3708240e-02
  -3.5394480e-02
  -3.7773420e-02
  -4.0851730e-02
  -4.4203160e-02
  -4.7162670e-02
  -4.9240200e-02
  -5.0404010e-02
  -5.0652350e-02
  -5.0121950e-02
  -4.9161560e-02
  -4.8077630e-02
  -4.6847240e-02
  -4.4726160e-02
  -4.1074930e-02
  -3.5738390e-02
  -2.8922550e-02
  -2.0976450e-02
  -1.2430990e-02
  -4.0269710e-03
   4.1531460e-03
   1.2646150e-02
   2.1386860e-02
   2.9786140e-02
   3.7392900e-02
   4.4088180e-02
   5.0109490e-02
   5.5886250e-02
   6.1356460e-02
   6.6242110e-02
   7.0819620e-02
   7.5397310e-02
   7.9892740e-02
   8.4258210e-02
   8.8459640e-02
   9.2433330e-02
   9.5956250e-02
   9.8554550e-02
   9.9657860e-02
   9.9127140e-02
   9.7112900e-02
   9.3838270e-02
   8.9345330e-02
   8.3264650e-02
   7.5417000e-02
   6.6179330e-02
   5.6521460e-02
   4.7129950e-02
   3.8168150e-02
   3.0107510e-02
   2.3198700e-02
   1.7169270e-02
   1.1553900e-02
   6.0616330e-03
   9.7552540e-04
  -3.3460070e-03
  -6.7823440e-03
  -9.4528260e-03
  -1.1256960e-02
  -1.2016950e-02
  -1.1850560e-02
  -1.1128220e-02
  -1.0435600e-02
  -1.0154980e-02
  -1.0514910e-02
  -1.1964930e-02
  -1.4729430e-02
  -1.8478700e-02
  -2.2331570e-02
  -2.5435640e-02
  -2.7180250e-02
  -2.7165320e-02
  -2.5139070e-02
  -2.1592650e-02
  -1.7098000e-02
  -1.1382380e-02
  -3.7275450e-03
   6.5288790e-03
   1.9147370e-02
   3.3004550e-02
   4.6799440e-02
   5.9655270e-02
   7.1268130e-02
   8.1335550e-02
   8.9622420e-02
   9.6318170e-02
   1.0200310e-01
   1.0685280e-01
   1.1019480e-01
   1.1158980e-01
   1.1159580e-01
   1.1078100e-01
   1.0946110e-01
   1.0748520e-01
   1.0446910e-01
   1.0014750e-01
   9.4237830e-02
   8.6909770e-02
   7.8969670e-02
   7.1286660e-02
   6.4068070e-02
   5.7144200e-02
   5.0484280e-02
   4.3816610e-02
   3.7051710e-02
   3.0146180e-02
   2.2916990e-02
   1.5262830e-02
   7.5186870e-03
  -8.6970980e-05
  -7.9860680e-03
  -1.6264250e-02
  -2.4573030e-02
  -3.2599810e-02
  -4.0337860e-02
  -4.7714750e-02
  -5.4564950e-02
  -6.0794690e-02
  -6.6860020e-02
  -7.3532480e-02
  -8.0566080e-02
  -8.6890940e-02
  -9.1843190e-02
  -9.5162470e-02
  -9.6576660e-02
  -9.5889270e-02
  -9.3502570e-02
  -8.9866050e-02
  -8.4902460e-02
  -7.8545770e-02
  -7.1320100e-02
  -6.4102540e-02
  -5.7276630e-02
  -5.0663740e-02
  -4.3678240e-02
  -3.6073930e-02
  -2.7879190e-02
  -1.8763510e-02
  -8.7299180e-03
   1.4674900e-03
   1.0882080e-02
   1.9005030e-02
   2.5912920e-02
   3.1951620e-02
   3.7437050e-02
   4.2440230e-02
   4.6675670e-02
   4.9933710e-02
   5.2441590e-02
   5.4960330e-02
   5.7904680e-02
   6.1375980e-02
   6.5540410e-02
   7.0143990e-02
   7.4695220e-02
   7.8963380e-02
   8.2653050e-02
   8.5138930e-02
   8.5767990e-02
   8.4307530e-02
   8.1059780e-02
   7.6255800e-02
   7.0144050e-02
   6.3650700e-02
   5.8042550e-02
   5.4211480e-02
   5.2577640e-02
   5.2779690e-02
   5.3885710e-02
   5.4944230e-02
   5.5411840e-02
   5.5622880e-02
   5.6018760e-02
   5.6243640e-02
   5.5902810e-02
   5.5202290e-02
   5.4425050e-02
   5.3551000e-02
   5.2684510e-02
   5.1949280e-02
   5.1138560e-02
   5.0380620e-02
   4.9829500e-02
   4.9268380e-02
   4.8655330e-02
   4.8323440e-02
   4.8215980e-02
   4.7803320e-02
   4.6974810e-02
   4.5840610e-02
   4.4232490e-02
   4.2075540e-02
   3.9200340e-02
   3.5717870e-02
   3.2672140e-02
   3.1027740e-02
   3.0640600e-02
   3.1472420e-02
   3.3851200e-02
   3.7928450e-02
   4.2814420e-02
   4.6953660e-02
   5.0716550e-02
   5.6508630e-02
   6.4274830e-02
   6.9328790e-02
   6.8715190e-02
   6.6446870e-02
   6.7553780e-02
   7.1330790e-02
   7.3933130e-02
   7.4231130e-02
   7.4151960e-02
   7.4717370e-02
   7.5216300e-02
   7.5085820e-02
   7.4944460e-02
   7.5393900e-02
   7.5887080e-02
   7.5515120e-02
   7.3953350e-02
   7.1295100e-02
   6.7786530e-02
   6.3354370e-02
   5.7636280e-02
   5.0607730e-02
   4.3126530e-02
   3.6509550e-02
   3.1555360e-02
   2.8329100e-02
   2.6474170e-02
   2.5629710e-02
   2.5456460e-02
   2.5580680e-02
   2.5886830e-02
   2.6564940e-02
   2.7468730e-02
   2.8206310e-02
   2.8596720e-02
   2.8617590e-02
   2.7781280e-02
   2.5530040e-02
   2.1865700e-02
   1.7370520e-02
   1.2460260e-02
   7.4991470e-03
   3.0309060e-03
  -6.1800070e-04
  -3.1837020e-03
  -4.7920280e-03
  -5.7455570e-03
  -6.1657100e-03
  -6.2774620e-03
  -6.3156000e-03
  -6.4082210e-03
  -6.3829980e-03
  -5.9634760e-03
  -5.1443290e-03
  -3.9849280e-03
  -2.8509970e-03
  -1.6700130e-03
   4.1840300e-04
   3.9441960e-03
   9.0707640e-03
   1.5366950e-02
   2.1220840e-02
   2.5479820e-02
   2.8620590e-02
   3.1318160e-02
   3.3604000e-02
   3.4951410e-02
   3.4914630e-02
   3.3549830e-02
   3.1153720e-02
   2.7930810e-02
   2.3837020e-02
   1.8986280e-02
   1.4360200e-02
   1.0850810e-02
   8.3258080e-03
   6.4866960e-03
   5.4844900e-03
   5.0677820e-03
   4.6242970e-03
   3.6168930e-03
   1.8790610e-03
  -5.3259520e-04
  -3.7903330e-03
  -8.0517350e-03
  -1.3182010e-02
  -1.8689700e-02
  -2.4040030e-02
  -2.9170960e-02
  -3.4353190e-02
  -3.9686170e-02
  -4.4852820e-02
  -4.9859360e-02
  -5.4692250e-02
  -5.9180910e-02
  -6.3195390e-02
  -6.6682140e-02
  -6.9519650e-02
  -7.0938190e-02
  -6.9778900e-02
  -6.5630030e-02
  -5.9378640e-02
  -5.2698490e-02
  -4.6449160e-02
  -4.0440360e-02
  -3.4346900e-02
  -2.8020880e-02
  -2.1622340e-02
  -1.5621730e-02
  -1.0411450e-02
  -6.1993580e-03
  -2.9208780e-03
  -5.0364340e-04
   1.3492960e-03
   3.0621330e-03
   4.7012240e-03
   5.9338680e-03
   6.5801510e-03
   7.0137950e-03
   7.8307030e-03
   9.3945840e-03
   1.1423080e-02
   1.3408640e-02
   1.4874170e-02
   1.5570030e-02
   1.5651220e-02
   1.5303790e-02
   1.4739670e-02
   1.4296340e-02
   1.4286510e-02
   1.4321020e-02
   1.3572660e-02
   1.1679110e-02
   8.9059410e-03
   5.6374110e-03
   2.2189280e-03
  -1.2900770e-03
  -4.9811120e-03
  -8.5787430e-03
  -1.1421550e-02
  -1.3098370e-02
  -1.3618520e-02
  -1.3099040e-02
  -1.2056590e-02
  -1.1228670e-02
  -1.0910220e-02
  -1.0908480e-02
  -1.0903370e-02
  -1.0810180e-02
  -1.0613090e-02
  -9.6448810e-03
  -7.4102250e-03
  -4.1107490e-03
  -4.7789070e-04
   3.0790260e-03
   6.2915080e-03
   8.6183210e-03
   1.0255930e-02
   1.1656750e-02
   1.2777670e-02
   1.3776280e-02
   1.5152700e-02
   1.7175960e-02
   1.9733720e-02
   2.2225150e-02
   2.4339540e-02
   2.5976500e-02
   2.6949840e-02
   2.7414560e-02
   2.7588210e-02
   2.7340510e-02
   2.6417500e-02
   2.4989010e-02
   2.3463730e-02
   2.2031430e-02
   2.0644940e-02
   1.9613770e-02
   1.8911560e-02
   1.8193740e-02
   1.7349230e-02
   1.6357660e-02
   1.5427910e-02
   1.5181170e-02
   1.6326480e-02
   1.8989770e-02
   2.2685000e-02
   2.6652620e-02
   2.9996870e-02
   3.2088070e-02
   3.2565420e-02
   3.1650230e-02
   3.0261660e-02
   2.9481570e-02
   2.9615500e-02
   2.9973380e-02
   2.9632800e-02
   2.8505510e-02
   2.6988800e-02
   2.5207940e-02
   2.3657750e-02
   2.2956530e-02
   2.3120620e-02
   2.3927320e-02
   2.5323220e-02
   2.7172990e-02
   2.9638750e-02
   3.3105810e-02
   3.7379510e-02
   4.1650450e-02
   4.5084090e-02
   4.7678810e-02
   5.0106860e-02
   5.2653730e-02
   5.4617530e-02
   5.5574450e-02
   5.5903410e-02
   5.6024060e-02
   5.6034880e-02
   5.5611850e-02
   5.4458610e-02
   5.3061030e-02
   5.2119340e-02
   5.1824880e-02
   5.1451180e-02
   5.0521400e-02
   4.9448120e-02
   4.8769580e-02
   4.8541120e-02
   4.8442400e-02
   4.8094850e-02
   4.7688240e-02
   4.7437130e-02
   4.6905810e-02
   4.5287090e-02
   4.2583990e-02
   3.9765330e-02
   3.7366990e-02
   3.5463090e-02
   3.3927450e-02
   3.2748730e-02
   3.2090290e-02
   3.1952430e-02
   3.1779660e-02
   3.0864650e-02
   2.8709260e-02
   2.5194370e-02
   2.0677800e-02
   1.5646580e-02
   1.0331950e-02
   5.0170470e-03
   1.2257200e-04
  -4.0007760e-03
  -7.5311670e-03
  -1.0791810e-02
  -1.3929530e-02
  -1.6794090e-02
  -1.9056060e-02
  -2.0985600e-02
  -2.3158710e-02
  -2.5717670e-02
  -2.8697740e-02
  -3.2372050e-02
  -3.6711520e-02
  -4.1288710e-02
  -4.5871760e-02
  -5.0419650e-02
  -5.4840280e-02
  -5.9243970e-02
  -6.3712040e-02
  -6.7824320e-02
  -7.1223490e-02
  -7.3764380e-02
  -7.5486810e-02
  -7.6521510e-02
  -7.6500670e-02
  -7.4873380e-02
  -7.1928210e-02
  -6.7963790e-02
  -6.2742550e-02
  -5.6405640e-02
  -4.9988090e-02
  -4.4354290e-02
  -3.9553750e-02
  -3.5549150e-02
  -3.2382770e-02
  -3.0204000e-02
  -2.9159900e-02
  -2.8550280e-02
  -2.7077120e-02
  -2.3922770e-02
  -1.8891670e-02
  -1.2066660e-02
  -4.0385850e-03
   4.7040420e-03
   1.3785410e-02
   2.2904130e-02
   3.1727550e-02
   3.9773400e-02
   4.6415890e-02
   5.1373360e-02
   5.5096200e-02
   5.7915430e-02
   5.9747700e-02
   6.0130440e-02
   5.8514800e-02
   5.4807990e-02
   4.9255080e-02
   4.1559140e-02
   3.1379140e-02
   1.9216740e-02
   6.3060880e-03
  -6.4092530e-03
  -1.8174780e-02
  -2.8279800e-02
  -3.6728620e-02
  -4.3887660e-02
  -4.9725120e-02
  -5.3916290e-02
  -5.6655710e-02
  -5.8577630e-02
  -5.9950390e-02
  -6.0927740e-02
  -6.1706280e-02
  -6.2173970e-02
  -6.2270310e-02
  -6.1945240e-02
  -6.1186680e-02
  -6.0224610e-02
  -5.9094980e-02
  -5.7571670e-02
  -5.5409840e-02
  -5.2708220e-02
  -4.9639710e-02
  -4.6261550e-02
  -4.2726560e-02
  -3.9355720e-02
  -3.6228840e-02
  -3.3031580e-02
  -2.9682120e-02
  -2.6273330e-02
  -2.2999790e-02
  -2.0066640e-02
  -1.7471990e-02
  -1.5306200e-02
  -1.3383390e-02
  -1.1126820e-02
  -8.4479900e-03
  -5.7222460e-03
  -2.8562370e-03
   5.6873800e-04
   4.5302260e-03
   8.7587920e-03
   1.3088980e-02
   1.7369760e-02
   2.1501880e-02
   2.5287120e-02
   2.8446600e-02
   3.0825140e-02
   3.1750740e-02
   3.0389910e-02
   2.6405220e-02
   2.0148680e-02
   1.2197750e-02
   3.4326210e-03
  -4.7863820e-03
  -1.1830230e-02
  -1.7809800e-02
  -2.2865990e-02
  -2.6977220e-02
  -3.0125250e-02
  -3.2481910e-02
  -3.4155600e-02
  -3.5340390e-02
  -3.6265810e-02
  -3.7126320e-02
  -3.8005200e-02
  -3.8818660e-02
  -3.9351530e-02
  -3.9326920e-02
  -3.8785660e-02
  -3.7894360e-02
  -3.6311710e-02
  -3.3510420e-02
  -2.9155180e-02
  -2.3015650e-02
  -1.5422160e-02
  -7.0318290e-03
   1.4224260e-03
   8.7997280e-03
   1.4153350e-02
   1.7149500e-02
   1.7763930e-02
   1.6284740e-02
   1.3246220e-02
   8.9962570e-03
   3.8889020e-03
  -1.3589490e-03
  -5.8643740e-03
  -9.0323790e-03
  -1.1208530e-02
  -1.3076520e-02
  -1.4653420e-02
  -1.5919990e-02
  -1.7092280e-02
  -1.8422900e-02
  -2.0145870e-02
  -2.2208070e-02
  -2.4516390e-02
  -2.7071980e-02
  -2.9581130e-02
  -3.1707660e-02
  -3.3102400e-02
  -3.3881480e-02
  -3.4853570e-02
  -3.6021400e-02
  -3.6766010e-02
  -3.6887440e-02
  -3.6300700e-02
  -3.5031620e-02
  -3.3887830e-02
  -3.3567520e-02
  -3.4036170e-02
  -3.4675760e-02
  -3.5007210e-02
  -3.4923250e-02
  -3.4754560e-02
  -3.4753740e-02
  -3.4491310e-02
  -3.3395720e-02
  -3.1363290e-02
  -2.8379070e-02
  -2.3889480e-02
  -1.7726740e-02
  -9.9238370e-03
  -8.0122330e-04
   9.1762380e-03
   2.0004380e-02
   3.1517390e-02
   4.3334270e-02
   5.5288080e-02
   6.7234570e-02
   7.9135980e-02
   9.0719950e-02
   1.0132040e-01
   1.1040820e-01
   1.1784940e-01
   1.2356200e-01
   1.2761530e-01
   1.3017200e-01
   1.3164880e-01
   1.3251780e-01
   1.3272350e-01
   1.3194960e-01
   1.3005640e-01
   1.2629570e-01
   1.1876490e-01
   1.0478960e-01
   8.3468630e-02
   5.8359130e-02
   3.5877610e-02
   2.0080500e-02
   9.3793070e-03
  -8.7179180e-05
  -9.6340440e-03
  -1.8605980e-02
  -2.6815380e-02
  -3.4913320e-02
  -4.3458620e-02
  -5.2157070e-02
  -6.0410180e-02
  -6.7946520e-02
  -7.4772850e-02
  -8.1120850e-02
  -8.7664350e-02
  -9.4762830e-02
  -1.0204390e-01
  -1.0922500e-01
  -1.1631800e-01
  -1.2330370e-01
  -1.2992860e-01
  -1.3565380e-01
  -1.4049260e-01
  -1.4526720e-01
  -1.5046140e-01
  -1.5563890e-01
  -1.6005840e-01
  -1.6352100e-01
  -1.6622110e-01
  -1.6824720e-01
  -1.6930680e-01
  -1.6881760e-01
  -1.6657900e-01
  -1.6318250e-01
  -1.5934440e-01
  -1.5491730e-01
  -1.4997690e-01
  -1.4555990e-01
  -1.4218280e-01
  -1.3932120e-01
  -1.3598030e-01
  -1.3133180e-01
  -1.2566450e-01
  -1.1986040e-01
  -1.1402310e-01
  -1.0769980e-01
  -1.0067510e-01
  -9.3477290e-02
  -8.7010550e-02
  -8.1746100e-02
  -7.7658080e-02
  -7.4559820e-02
  -7.2321290e-02
  -7.1108450e-02
  -7.1116170e-02
  -7.2047940e-02
  -7.3482240e-02
  -7.5264510e-02
  -7.7399140e-02
  -7.9958360e-02
  -8.3012430e-02
  -8.6362740e-02
  -8.9396580e-02
  -9.1510300e-02
  -9.2865790e-02
  -9.3443760e-02
  -9.2417380e-02
  -8.8919720e-02
  -8.3079700e-02
  -7.5592450e-02
  -6.7264090e-02
  -5.8719520e-02
  -5.0729410e-02
  -4.3918660e-02
  -3.8378550e-02
  -3.3997450e-02
  -3.0703170e-02
  -2.8376480e-02
  -2.6977230e-02
  -2.6350000e-02
  -2.6524130e-02
  -2.7914240e-02
  -3.1046910e-02
  -3.6049780e-02
  -4.2244880e-02
  -4.8569780e-02
  -5.4392550e-02
  -5.9151470e-02
  -6.1790600e-02
  -6.1342040e-02
  -5.7913190e-02
  -5.2539400e-02
  -4.6483610e-02
  -4.0818600e-02
  -3.6211800e-02
  -3.2669790e-02
  -3.0011120e-02
  -2.8095600e-02
  -2.6530500e-02
  -2.5184810e-02
  -2.4006950e-02
  -2.2456650e-02
  -2.0135980e-02
  -1.6946930e-02
  -1.2739220e-02
  -7.5232350e-03
  -1.4505600e-03
   5.3927920e-03
   1.3021110e-02
   2.1185770e-02
   2.9004640e-02
   3.5512580e-02
   4.1024200e-02
   4.6876440e-02
   5.3927880e-02
   6.2189980e-02
   7.1204420e-02
   8.0564850e-02
   9.0029730e-02
   9.9098870e-02
   1.0722610e-01
   1.1404860e-01
   1.1933940e-01
   1.2294320e-01
   1.2483160e-01
   1.2536590e-01
   1.2505570e-01
   1.2413200e-01
   1.2280840e-01
   1.2129960e-01
   1.1966980e-01
   1.1789420e-01
   1.1602950e-01
   1.1443380e-01
   1.1321060e-01
   1.1188080e-01
   1.0989580e-01
   1.0656490e-01
   1.0079550e-01
   9.1907000e-02
   8.0112530e-02
   6.6135440e-02
   5.0888280e-02
   3.5733470e-02
   2.2357050e-02
   1.1821970e-02
   4.3688710e-03
  -4.2483390e-05
  -1.5986040e-03
  -8.0262400e-04
   1.1006910e-03
   2.8860230e-03
   4.4170990e-03
   5.5724560e-03
   5.6858170e-03
   4.6128600e-03
   2.6633690e-03
   3.0949410e-04
  -2.4929250e-03
  -5.9447570e-03
  -9.9075560e-03
  -1.4136080e-02
  -1.8509700e-02
  -2.3442100e-02
  -2.9321940e-02
  -3.5851070e-02
  -4.2692300e-02
  -4.9520760e-02
  -5.6135640e-02
  -6.2294520e-02
  -6.7999060e-02
  -7.3224810e-02
  -7.7637760e-02
  -8.0953170e-02
  -8.2904740e-02
  -8.3047070e-02
  -8.1046320e-02
  -7.6810160e-02
  -7.0893820e-02
  -6.4803460e-02
  -5.9461950e-02
  -5.4794260e-02
  -5.0860720e-02
  -4.7450840e-02
  -4.4336590e-02
  -4.1911820e-02
  -4.0887500e-02
  -4.1664170e-02
  -4.3974810e-02
  -4.6825380e-02
  -4.8860220e-02
  -4.8842290e-02
  -4.6596920e-02
  -4.3089380e-02
  -3.9087000e-02
  -3.4716470e-02
  -2.9766180e-02
  -2.4280420e-02
  -1.8549710e-02
  -1.2831770e-02
  -7.0561200e-03
  -1.8635130e-03
   1.7544680e-03
   3.5027940e-03
   3.5661720e-03
   1.6786590e-03
  -2.6277010e-03
  -9.0147380e-03
  -1.6147140e-02
  -2.3082790e-02
  -2.9999500e-02
  -3.7481910e-02
  -4.5254850e-02
  -5.2234760e-02
  -5.7451820e-02
  -6.0344170e-02
  -6.0868080e-02
  -5.9862860e-02
  -5.8043180e-02
  -5.5393120e-02
  -5.1656380e-02
  -4.6837160e-02
  -4.1759590e-02
  -3.7443370e-02
  -3.3967860e-02
  -3.0926660e-02
  -2.8606040e-02
  -2.7153610e-02
  -2.5821820e-02
  -2.3794290e-02
  -2.1044930e-02
  -1.8332750e-02
  -1.6110280e-02
  -1.4691910e-02
  -1.4473290e-02
  -1.5176640e-02
  -1.5864580e-02
  -1.5831140e-02
  -1.4864400e-02
  -1.3038480e-02
  -1.0261650e-02
  -6.3083870e-03
  -1.3828220e-03
   4.2289200e-03
   1.0310220e-02
   1.6060890e-02
   2.1221210e-02
   2.5833910e-02
   2.9520240e-02
   3.1951520e-02
   3.3823710e-02
   3.5926010e-02
   3.8166100e-02
   4.0137820e-02
   4.1729030e-02
   4.2211090e-02
   4.1104770e-02
   3.8234790e-02
   3.3199680e-02
   2.5744040e-02
   1.6329130e-02
   6.1454190e-03
  -3.2906200e-03
  -1.1500960e-02
  -1.8917380e-02
  -2.5644460e-02
  -3.1680630e-02
  -3.7110550e-02
  -4.1753170e-02
  -4.5427670e-02
  -4.8250550e-02
  -5.0430560e-02
  -5.2172970e-02
  -5.3320720e-02
  -5.3698360e-02
  -5.3523430e-02
  -5.3071560e-02
  -5.2236990e-02
  -5.0701780e-02
  -4.8049680e-02
  -4.3572050e-02
  -3.6465260e-02
  -2.6757550e-02
  -1.5556670e-02
  -4.4474640e-03
   5.4012890e-03
   1.3552230e-02
   2.0130110e-02
   2.5160540e-02
   2.8734220e-02
   3.0983180e-02
   3.1958090e-02
   3.1849120e-02
   3.0783540e-02
   2.8595990e-02
   2.5314490e-02
   2.1001670e-02
   1.5914170e-02
   1.1124150e-02
   7.7114470e-03
   5.7738840e-03
   4.6634070e-03
   3.9208170e-03
   3.1958210e-03
   2.4919080e-03
   1.9651410e-03
   1.4405600e-03
   9.2673200e-04
   6.6238240e-04
   6.4194060e-04
   7.3080360e-04
   8.7930730e-04
   1.0577060e-03
   1.5224120e-03
   2.6416730e-03
   3.9876810e-03
   4.7173550e-03
   4.4680150e-03
   3.0227980e-03
  -3.2398690e-04
  -5.8843240e-03
  -1.2762590e-02
  -1.9552440e-02
  -2.5495100e-02
  -3.0486100e-02
  -3.4756900e-02
  -3.8301140e-02
  -4.0959370e-02
  -4.2927630e-02
  -4.4317270e-02
  -4.4958930e-02
  -4.4962490e-02
  -4.4531640e-02
  -4.3672470e-02
  -4.2273770e-02
  -4.0359710e-02
  -3.7790690e-02
  -3.4278090e-02
  -2.9688750e-02
  -2.3731040e-02
  -1.5691540e-02
  -5.1294800e-03
   7.1533100e-03
   1.9155030e-02
   2.9392580e-02
   3.8332960e-02
   4.7004000e-02
   5.5390770e-02
   6.3113880e-02
   7.0376920e-02
   7.7305730e-02
   8.3425890e-02
   8.8372720e-02
   9.2558520e-02
   9.6467690e-02
   1.0015900e-01
   1.0381940e-01
   1.0787070e-01
   1.1246330e-01
   1.1729210e-01
   1.2183880e-01
   1.2560540e-01
   1.2802700e-01
   1.2872310e-01
   1.2767380e-01
   1.2505900e-01
   1.2049180e-01
   1.1107020e-01
   9.2724870e-02
   6.7134900e-02
   4.4021460e-02
   3.1627150e-02
   2.6737640e-02
   2.0897650e-02
   1.3686520e-02
   1.1000820e-02
   1.4110880e-02
   1.8736980e-02
   2.2026340e-02
   2.4405850e-02
   2.6500290e-02
   2.8566390e-02
   3.0876430e-02
   3.3357440e-02
   3.5087500e-02
   3.5328900e-02
   3.4435470e-02
   3.3204440e-02
   3.1965920e-02
   3.0874980e-02
   3.0409820e-02
   3.1393880e-02
   3.4026580e-02
   3.8106960e-02
   4.3291910e-02
   4.8711970e-02
   5.3503810e-02
   5.7516950e-02
   6.0846550e-02
   6.3696500e-02
   6.6178140e-02
   6.8100030e-02
   6.9159630e-02
   6.9810070e-02
   7.1083430e-02
   7.3882210e-02
   7.8404410e-02
   8.3817840e-02
   8.9017200e-02
   9.3297330e-02
   9.5958920e-02
   9.6203560e-02
   9.3447440e-02
   8.7604920e-02
   7.9079630e-02
   6.8295550e-02
   5.6150960e-02
   4.4417720e-02
   3.5370830e-02
   3.0555220e-02
   2.9749760e-02
   3.1240360e-02
   3.3179980e-02
   3.5076050e-02
   3.7810450e-02
   4.1369400e-02
   4.4909280e-02
   4.8465840e-02
   5.2558920e-02
   5.7244910e-02
   6.2499400e-02
   6.8754610e-02
   7.6366100e-02
   8.4932100e-02
   9.3820640e-02
   1.0247100e-01
   1.1035730e-01
   1.1728200e-01
   1.2333060e-01
   1.2810920e-01
   1.3076220e-01
   1.2999270e-01
   1.2443060e-01
   1.1418810e-01
   1.0147000e-01
   8.9312800e-02
   7.9520900e-02
   7.2204280e-02
   6.7055190e-02
   6.4157300e-02
   6.3778140e-02
   6.6160020e-02
   7.1268850e-02
   7.8557800e-02
   8.6725700e-02
   9.4270350e-02
   1.0082420e-01
   1.0697060e-01
   1.1346820e-01
   1.2101740e-01
   1.2930600e-01
   1.3729680e-01
   1.4400010e-01
   1.4902010e-01
   1.5289570e-01
   1.5629270e-01
   1.5893280e-01
   1.6029080e-01
   1.6028530e-01
   1.5910210e-01
   1.5715920e-01
   1.5455570e-01
   1.5061010e-01
   1.4500840e-01
   1.3831060e-01
   1.3096770e-01
   1.2339270e-01
   1.1585930e-01
   1.0841240e-01
   1.0129770e-01
   9.4879180e-02
   8.9133870e-02
   8.3830000e-02
   7.8813220e-02
   7.4090320e-02
   6.9747390e-02
   6.5686820e-02
   6.2071360e-02
   5.9179770e-02
   5.7076540e-02
   5.5148040e-02
   5.2745250e-02
   4.9706710e-02
   4.5981640e-02
   4.1749260e-02
   3.7371030e-02
   3.2850040e-02
   2.7523160e-02
   2.1267080e-02
   1.4939980e-02
   8.6928040e-03
   2.0382730e-03
  -5.1551560e-03
  -1.2642230e-02
  -2.0311120e-02
  -2.7867060e-02
  -3.5192370e-02
  -4.2358830e-02
  -4.9338720e-02
  -5.6183300e-02
  -6.3041470e-02
  -6.9541080e-02
  -7.5199120e-02
  -7.9872300e-02
  -8.3321720e-02
  -8.5356430e-02
  -8.6321670e-02
  -8.6453240e-02
  -8.5716870e-02
  -8.4549090e-02
  -8.3660330e-02
  -8.3454900e-02
  -8.4484050e-02
  -8.7011110e-02
  -9.0817600e-02
  -9.5725950e-02
  -1.0148060e-01
  -1.0734070e-01
  -1.1251350e-01
  -1.1661450e-01
  -1.1924890e-01
  -1.2020340e-01
  -1.1937620e-01
  -1.1644540e-01
  -1.1138810e-01
  -1.0498440e-01
  -9.8021950e-02
  -9.0945530e-02
  -8.4356510e-02
  -7.8642800e-02
  -7.3794570e-02
  -6.9533920e-02
  -6.5989750e-02
  -6.3253590e-02
  -6.1078540e-02
  -5.9338520e-02
  -5.8027360e-02
  -5.7072570e-02
  -5.6215750e-02
  -5.5191520e-02
  -5.3784490e-02
  -5.1810120e-02
  -4.9316250e-02
  -4.6322690e-02
  -4.2842040e-02
  -3.9137840e-02
  -3.5266280e-02
  -3.1057040e-02
  -2.6603370e-02
  -2.1941510e-02
  -1.6898810e-02
  -1.1456550e-02
  -5.8237810e-03
  -3.3677970e-04
   4.9122120e-03
   1.0116910e-02
   1.5247570e-02
   1.9778770e-02
   2.3407850e-02
   2.6393960e-02
   2.8730750e-02
   3.0123240e-02
   3.0445920e-02
   2.9888070e-02
   2.8604840e-02
   2.6525530e-02
   2.3667760e-02
   2.0090530e-02
   1.5968580e-02
   1.1598100e-02
   7.1669340e-03
   3.0407830e-03
  -1.5169790e-04
  -2.2326130e-03
  -3.4263560e-03
  -3.6893700e-03
  -3.0172030e-03
  -1.6895710e-03
   1.8108570e-04
   2.3857900e-03
   4.6208170e-03
   6.7048290e-03
   8.8052240e-03
   1.0916600e-02
   1.3069560e-02
   1.5394050e-02
   1.7673310e-02
   1.9600570e-02
   2.1182600e-02
   2.2733650e-02
   2.4178670e-02
   2.5230290e-02
   2.5463710e-02
   2.4434570e-02
   2.2020030e-02
   1.8369720e-02
   1.3828450e-02
   8.7891340e-03
   3.4472080e-03
  -2.4008450e-03
  -9.0996980e-03
  -1.6472000e-02
  -2.4018250e-02
  -3.1729610e-02
  -3.9180100e-02
  -4.5383670e-02
  -4.9990390e-02
  -5.3135350e-02
  -5.4831190e-02
  -5.5003330e-02
  -5.3647030e-02
  -5.0997100e-02
  -4.7569740e-02
  -4.3999620e-02
  -4.1083510e-02
  -3.9573000e-02
  -3.9641340e-02
  -4.1105010e-02
  -4.3392600e-02
  -4.5739520e-02
  -4.7248000e-02
  -4.6872230e-02
  -4.4191500e-02
  -3.9994320e-02
  -3.4599890e-02
  -2.7814830e-02
  -2.0118610e-02
  -1.2207270e-02
  -4.6903090e-03
   2.2922590e-03
   8.8581100e-03
   1.4876340e-02
   1.9951690e-02
   2.4103990e-02
   2.7628890e-02
   3.0632590e-02
   3.3049570e-02
   3.4778150e-02
   3.6086530e-02
   3.7030610e-02
   3.7387870e-02
   3.7006270e-02
   3.5994290e-02
   3.4234780e-02
   3.1444590e-02
   2.7396680e-02
   2.2009890e-02
   1.5960290e-02
   1.0045530e-02
   4.5643900e-03
  -4.5990960e-04
  -4.8206000e-03
  -8.1990860e-03
  -1.1089580e-02
  -1.4106270e-02
  -1.7337410e-02
  -2.0646270e-02
  -2.3834930e-02
  -2.6942370e-02
  -3.0540420e-02
  -3.4923230e-02
  -3.9493460e-02
  -4.3484080e-02
  -4.7021130e-02
  -5.0415520e-02
  -5.3343280e-02
  -5.5400910e-02
  -5.6737690e-02
  -5.8133080e-02
  -5.9909350e-02
  -6.1547890e-02
  -6.2628260e-02
  -6.3093100e-02
  -6.2955360e-02
  -6.2178700e-02
  -6.0923170e-02
  -5.9414890e-02
  -5.7652940e-02
  -5.5742430e-02
  -5.3868720e-02
  -5.2073710e-02
  -5.0425100e-02
  -4.9045020e-02
  -4.8296520e-02
  -4.8058920e-02
  -4.8027810e-02
  -4.8122170e-02
  -4.8271210e-02
  -4.8393430e-02
  -4.8411010e-02
  -4.8429800e-02
  -4.8498280e-02
  -4.8683710e-02
  -4.8955230e-02
  -4.9157680e-02
  -4.9453990e-02
  -4.9970780e-02
  -5.0638750e-02
  -5.1286860e-02
  -5.1961220e-02
  -5.3036370e-02
  -5.4693770e-02
  -5.6526770e-02
  -5.8636630e-02
  -6.1041080e-02
  -6.3237180e-02
  -6.4994250e-02
  -6.6338040e-02
  -6.7179430e-02
  -6.6977360e-02
  -6.5387670e-02
  -6.2462340e-02
  -5.8392720e-02
  -5.3268500e-02
  -4.6911870e-02
  -3.9487790e-02
  -3.1864100e-02
  -2.4537810e-02
  -1.7536720e-02
  -1.0976080e-02
  -5.0001010e-03
   4.6611290e-04
   5.6032990e-03
   1.0308160e-02
   1.4470510e-02
   1.8087240e-02
   2.1263870e-02
   2.4012760e-02
   2.6483720e-02
   2.8832350e-02
   3.0930010e-02
   3.2868400e-02
   3.4800420e-02
   3.6824400e-02
   3.9044260e-02
   4.1420070e-02
   4.3886360e-02
   4.6245600e-02
   4.8431770e-02
   5.0447860e-02
   5.2156020e-02
   5.3284340e-02
   5.3866170e-02
   5.3935110e-02
   5.3363430e-02
   5.1907290e-02
   4.9051540e-02
   4.4652140e-02
   3.8846280e-02
   3.1807570e-02
   2.3809200e-02
   1.5222170e-02
   6.6405890e-03
  -1.5247250e-03
  -9.2626220e-03
  -1.6459630e-02
  -2.2933880e-02
  -2.9013850e-02
  -3.4848360e-02
  -4.0447910e-02
  -4.5589830e-02
  -5.0000890e-02
  -5.3928920e-02
  -5.7400120e-02
  -6.0276220e-02
  -6.2641590e-02
  -6.4510680e-02
  -6.5555740e-02
  -6.5599750e-02
  -6.4749820e-02
  -6.3110420e-02
  -6.0668300e-02
  -5.7600990e-02
  -5.4061800e-02
  -4.9955810e-02
  -4.5207430e-02
  -3.9958400e-02
  -3.4985910e-02
  -3.1155780e-02
  -2.8663760e-02
  -2.7472190e-02
  -2.7581280e-02
  -2.8730190e-02
  -3.0663510e-02
  -3.2860980e-02
  -3.4678980e-02
  -3.6021000e-02
  -3.7182060e-02
  -3.8169470e-02
  -3.8743050e-02
  -3.8749610e-02
  -3.8256440e-02
  -3.7338140e-02
  -3.6259210e-02
  -3.4981110e-02
  -3.3247730e-02
  -3.1321360e-02
  -2.9409030e-02
  -2.7148810e-02
  -2.4448230e-02
  -2.1425270e-02
  -1.8082860e-02
  -1.4671580e-02
  -1.1519770e-02
  -8.9021390e-03
  -6.7956790e-03
  -5.2206010e-03
  -4.1119070e-03
  -3.5693660e-03
  -3.7697080e-03
  -4.4579290e-03
  -5.5403170e-03
  -6.9277150e-03
  -8.2420450e-03
  -9.3011440e-03
  -1.0282330e-02
  -1.1218500e-02
  -1.1977930e-02
  -1.2742180e-02
  -1.3847650e-02
  -1.5453780e-02
  -1.7397870e-02
  -1.9418290e-02
  -2.1447330e-02
  -2.3392330e-02
  -2.5050650e-02
  -2.6430050e-02
  -2.7568430e-02
  -2.8268290e-02
  -2.8333950e-02
  -2.7695870e-02
  -2.6339530e-02
  -2.3929790e-02
  -2.0719280e-02
  -1.7201260e-02
  -1.3409290e-02
  -8.9858060e-03
  -3.8814340e-03
   1.5256690e-03
   6.8156210e-03
   1.1872430e-02
   1.6741230e-02
   2.1254820e-02
   2.5380590e-02
   2.9174680e-02
   3.2594770e-02
   3.5394480e-02
   3.7194860e-02
   3.7994650e-02
   3.7397380e-02
   3.5276070e-02
   3.2115380e-02
   2.8333470e-02
   2.4209300e-02
   2.0117290e-02
   1.5993310e-02
   1.1543810e-02
   6.8749580e-03
   2.3264770e-03
  -1.7325900e-03
  -5.0896940e-03
  -7.5237360e-03
  -9.0636280e-03
  -1.0264840e-02
  -1.1520130e-02
  -1.2725080e-02
  -1.3829240e-02
  -1.5090260e-02
  -1.6665630e-02
  -1.8655840e-02
  -2.1040720e-02
  -2.3834240e-02
  -2.7037430e-02
  -3.0576850e-02
  -3.4307430e-02
  -3.8427310e-02
  -4.2969530e-02
  -4.7891930e-02
  -5.3155590e-02
  -5.8790030e-02
  -6.4996760e-02
  -7.1459520e-02
  -7.7755650e-02
  -8.4047680e-02
  -9.0145590e-02
  -9.5445460e-02
  -9.9657880e-02
  -1.0278050e-01
  -1.0476320e-01
  -1.0551380e-01
  -1.0477760e-01
  -1.0221450e-01
  -9.7543820e-02
  -9.0603590e-02
  -8.1709130e-02
  -7.2217470e-02
  -6.3673880e-02
  -5.6711900e-02
  -5.1115550e-02
  -4.6425980e-02
  -4.2812740e-02
  -4.0406650e-02
  -3.9182020e-02
  -3.8933720e-02
  -3.9308840e-02
  -4.0153670e-02
  -4.1558880e-02
  -4.3503810e-02
  -4.5856490e-02
  -4.8250760e-02
  -5.0279190e-02
  -5.2045700e-02
  -5.3422880e-02
  -5.3836150e-02
  -5.2945470e-02
  -5.0876620e-02
  -4.8184030e-02
  -4.5388980e-02
  -4.2795210e-02
  -4.0197540e-02
  -3.7502340e-02
  -3.4659610e-02
  -3.1643670e-02
  -2.8319460e-02
  -2.4715200e-02
  -2.1117940e-02
  -1.7703890e-02
  -1.4672920e-02
  -1.2265580e-02
  -1.0716370e-02
  -1.0082250e-02
  -1.0364330e-02
  -1.1553020e-02
  -1.2985460e-02
  -1.4163060e-02
  -1.5037450e-02
  -1.5514270e-02
  -1.5603470e-02
  -1.5033210e-02
  -1.3481300e-02
  -1.1070530e-02
  -8.0424970e-03
  -4.4014960e-03
  -4.8413800e-04
   3.5323600e-03
   7.7325510e-03
   1.1946040e-02
   1.5606040e-02
   1.8030820e-02
   1.9164870e-02
   1.9126340e-02
   1.7744790e-02
   1.5025670e-02
   1.1138180e-02
   6.4288900e-03
   1.2182030e-03
  -4.1604030e-03
  -9.4726250e-03
  -1.4585650e-02
  -1.9404680e-02
  -2.3726700e-02
  -2.7317780e-02
  -3.0217190e-02
  -3.2598050e-02
  -3.4235170e-02
  -3.5000380e-02
  -3.5417360e-02
  -3.5805630e-02
  -3.5979320e-02
  -3.6028360e-02
  -3.6195610e-02
  -3.6651210e-02
  -3.7595820e-02
  -3.8984260e-02
  -4.0426750e-02
  -4.1756020e-02
  -4.2946370e-02
  -4.3755990e-02
  -4.4082000e-02
  -4.3961080e-02
  -4.3414580e-02
  -4.2513370e-02
  -4.1179370e-02
  -3.9201250e-02
  -3.6856900e-02
  -3.4384710e-02
  -3.1568560e-02
  -2.8196470e-02
  -2.4158530e-02
  -1.9539130e-02
  -1.4846510e-02
  -1.0687840e-02
  -7.1066670e-03
  -4.1869660e-03
  -2.1697230e-03
  -1.0363440e-03
  -6.8064730e-04
  -1.0430140e-03
  -1.8203390e-03
  -2.4998790e-03
  -2.7201760e-03
  -2.1989710e-03
  -8.4426850e-04
   9.8846290e-04
   3.0051430e-03
   5.0025490e-03
   6.6201300e-03
   7.6069450e-03
   7.8384840e-03
   7.0491540e-03
   5.3831020e-03
   3.5862370e-03
   2.1070350e-03
   1.0760840e-03
   7.2834870e-04
   1.5007350e-03
   3.5857180e-03
   6.7799360e-03
   1.0752190e-02
   1.5002680e-02
   1.9022230e-02
   2.2848500e-02
   2.6391810e-02
   2.9297370e-02
   3.1492510e-02
   3.2727660e-02
   3.2579570e-02
   3.1185080e-02
   2.8751270e-02
   2.5198570e-02
   2.0882340e-02
   1.6473520e-02
   1.2382850e-02
   8.9223560e-03
   6.2001550e-03
   4.0566540e-03
   2.4172430e-03
   1.5062780e-03
   1.1089340e-03
   1.1021560e-03
   1.6500040e-03
   2.8522230e-03
   4.7828250e-03
   7.5985610e-03
   1.1458800e-02
   1.6091320e-02
   2.0958650e-02
   2.5550630e-02
   2.9576870e-02
   3.2845290e-02
   3.4928410e-02
   3.5634650e-02
   3.5172260e-02
   3.3628700e-02
   3.0959430e-02
   2.7222960e-02
   2.2940750e-02
   1.8525560e-02
   1.4161460e-02
   1.0084450e-02
   6.6891890e-03
   4.4386050e-03
   3.5926990e-03
   3.7566360e-03
   4.5421010e-03
   5.7802090e-03
   7.1471630e-03
   8.0351810e-03
   7.8505180e-03
   6.3519060e-03
   3.6457440e-03
  -2.3543280e-04
  -5.2265780e-03
  -1.0924570e-02
  -1.6936000e-02
  -2.2961570e-02
  -2.8737510e-02
  -3.4006520e-02
  -3.8581900e-02
  -4.2070730e-02
  -4.3996340e-02
  -4.4067030e-02
  -4.2143530e-02
  -3.8557590e-02
  -3.3755980e-02
  -2.8613140e-02
  -2.4045110e-02
  -2.0544690e-02
  -1.8340210e-02
  -1.7099470e-02
  -1.6329860e-02
  -1.6004870e-02
  -1.5899010e-02
  -1.4971000e-02
  -1.2353330e-02
  -7.9932510e-03
  -1.9163020e-03
   5.5001320e-03
   1.3379870e-02
   2.1093370e-02
   2.8274120e-02
   3.4616860e-02
   4.0123080e-02
   4.4982050e-02
   4.9340900e-02
   5.3077240e-02
   5.6261820e-02
   5.9044390e-02
   6.1265900e-02
   6.3071780e-02
   6.4612430e-02
   6.5683490e-02
   6.6041110e-02
   6.5571530e-02
   6.4188480e-02
   6.1457090e-02
   5.7169310e-02
   5.1683620e-02
   4.5444210e-02
   3.8879900e-02
   3.2795740e-02
   2.7802230e-02
   2.3935240e-02
   2.1183270e-02
   1.9555920e-02
   1.9041550e-02
   1.9705500e-02
   2.1110610e-02
   2.2988440e-02
   2.5108920e-02
   2.7003590e-02
   2.8279860e-02
   2.8446120e-02
   2.7373850e-02
   2.5170270e-02
   2.1701510e-02
   1.6812240e-02
   1.0623860e-02
   3.8916780e-03
  -2.6093210e-03
  -8.8219380e-03
  -1.5045760e-02
  -2.1474230e-02
  -2.8020290e-02
  -3.4907190e-02
  -4.2381690e-02
  -5.0192750e-02
  -5.7710580e-02
  -6.4250510e-02
  -6.8459560e-02
  -6.8293550e-02
  -6.2530600e-02
  -5.1714710e-02
  -3.7960950e-02
  -2.2903730e-02
  -7.0552150e-03
   9.2702570e-03
   2.5014440e-02
   3.8781620e-02
   4.9900270e-02
   5.8797190e-02
   6.5996980e-02
   7.1303420e-02
   7.4389840e-02
   7.5593140e-02
   7.5503380e-02
   7.3936830e-02
   7.0736150e-02
   6.6180440e-02
   6.0365360e-02
   5.3288720e-02
   4.5208220e-02
   3.6459910e-02
   2.7211150e-02
   1.7770600e-02
   8.5593040e-03
  -1.3643230e-04
  -8.2222470e-03
  -1.5675200e-02
  -2.2688800e-02
  -2.9184680e-02
  -3.4797060e-02
  -3.9277810e-02
  -4.2347050e-02
  -4.3604620e-02
  -4.3128220e-02
  -4.1273650e-02
  -3.8291540e-02
  -3.4377960e-02
  -2.9794150e-02
  -2.4670810e-02
  -1.9186640e-02
  -1.3563990e-02
  -8.2741870e-03
  -3.7145980e-03
   9.5717150e-05
   3.3967830e-03
   6.4125440e-03
   9.3291350e-03
   1.2541870e-02
   1.6467670e-02
   2.1178980e-02
   2.6674110e-02
   3.2984460e-02
   3.9950640e-02
   4.7391650e-02
   5.5263200e-02
   6.3455070e-02
   7.2014040e-02
   8.1022990e-02
   8.9963940e-02
   9.8400090e-02
   1.0643280e-01
   1.1412550e-01
   1.2123730e-01
   1.2797260e-01
   1.3451750e-01
   1.4068160e-01
   1.4633820e-01
   1.5128840e-01
   1.5536730e-01
   1.5903140e-01
   1.6288810e-01
   1.6676820e-01
   1.7024250e-01
   1.7326850e-01
   1.7599720e-01
   1.7830790e-01
   1.7996220e-01
   1.8055480e-01
   1.7965460e-01
   1.7736510e-01
   1.7337770e-01
   1.6653270e-01
   1.5567200e-01
   1.4046800e-01
   1.2305200e-01
   1.0691100e-01
   9.3524440e-02
   8.1353210e-02
   6.8717020e-02
   5.6153180e-02
   4.4821540e-02
   3.4452080e-02
   2.4151100e-02
   1.3619450e-02
   2.9683290e-03
  -7.8905610e-03
  -1.9022140e-02
  -3.0164400e-02
  -4.1099630e-02
  -5.1557140e-02
  -6.1280380e-02
  -6.9899810e-02
  -7.7103290e-02
  -8.2797280e-02
  -8.7134840e-02
  -9.0216700e-02
  -9.1895490e-02
  -9.2230830e-02
  -9.1492410e-02
  -8.9777290e-02
  -8.6685990e-02
  -8.1534680e-02
  -7.4106280e-02
  -6.4261320e-02
  -5.2342300e-02
  -3.9318900e-02
  -2.6294870e-02
  -1.3386960e-02
  -3.8713010e-04
   1.1726190e-02
   2.2158140e-02
   3.1066690e-02
   3.8404310e-02
   4.3920490e-02
   4.7607260e-02
   4.9551860e-02
   4.9999910e-02
   4.9116400e-02
   4.6660380e-02
   4.2467550e-02
   3.7058620e-02
   3.1115510e-02
   2.5021160e-02
   1.9637380e-02
   1.5867730e-02
   1.3870350e-02
   1.3283260e-02
   1.3978840e-02
   1.6033700e-02
   1.9337070e-02
   2.3567540e-02
   2.8005400e-02
   3.1824540e-02
   3.5086680e-02
   3.7733660e-02
   3.9167730e-02
   3.9470840e-02
   3.9163580e-02
   3.8768010e-02
   3.8685720e-02
   3.9037500e-02
   3.9885700e-02
   4.1271670e-02
   4.3203410e-02
   4.5701510e-02
   4.8810480e-02
   5.2601760e-02
   5.6854930e-02
   6.1047670e-02
   6.4753910e-02
   6.7753340e-02
   7.0300500e-02
   7.2836810e-02
   7.4772190e-02
   7.5032650e-02
   7.3159330e-02
   6.9148180e-02
   6.2968310e-02
   5.4480800e-02
   4.4396590e-02
   3.4432970e-02
   2.6143570e-02
   2.0102910e-02
   1.5866430e-02
   1.2595740e-02
   9.8852530e-03
   8.1114490e-03
   7.4758610e-03
   7.3849640e-03
   7.3772150e-03
   7.1999330e-03
   6.8564390e-03
   6.4468680e-03
   5.9419370e-03
   5.4975640e-03
   5.4389460e-03
   5.9032410e-03
   6.8757810e-03
   8.6826460e-03
   1.1286050e-02
   1.4179940e-02
   1.7132640e-02
   1.9954450e-02
   2.2212920e-02
   2.3663770e-02
   2.4444930e-02
   2.5005340e-02
   2.5306280e-02
   2.5362310e-02
   2.5361070e-02
   2.5331630e-02
   2.5666800e-02
   2.6835850e-02
   2.8943840e-02
   3.1594420e-02
   3.3955960e-02
   3.5561180e-02
   3.6582160e-02
   3.6899880e-02
   3.6141340e-02
   3.4039280e-02
   3.0654210e-02
   2.6376120e-02
   2.1832090e-02
   1.7656770e-02
   1.4237400e-02
   1.1788800e-02
   1.0466070e-02
   1.0245350e-02
   1.0722540e-02
   1.1285030e-02
   1.1581860e-02
   1.1385760e-02
   1.0369870e-02
   8.6377750e-03
   6.7227520e-03
   4.8724620e-03
   2.9394860e-03
   1.1029530e-03
   1.6453810e-04
   6.7074760e-04
   2.1917680e-03
   4.2944550e-03
   6.6180520e-03
   8.7263400e-03
   1.0340650e-02
   1.1825770e-02
   1.3499260e-02
   1.5706430e-02
   1.8647870e-02
   2.2077810e-02
   2.5763460e-02
   2.9652730e-02
   3.3817520e-02
   3.8048560e-02
   4.1754770e-02
   4.4684060e-02
   4.6827620e-02
   4.8289430e-02
   4.9462780e-02
   5.0476100e-02
   5.1060530e-02
   5.1383560e-02
   5.1825960e-02
   5.2583990e-02
   5.3556330e-02
   5.4654470e-02
   5.5819040e-02
   5.7049730e-02
   5.8530990e-02
   5.9994550e-02
   6.0729840e-02
   6.0160030e-02
   5.8231940e-02
   5.4981860e-02
   5.0489450e-02
   4.4971150e-02
   3.8721640e-02
   3.2303570e-02
   2.6341290e-02
   2.1096130e-02
   1.6340010e-02
   1.1759740e-02
   7.4202390e-03
   3.3629990e-03
  -7.8309330e-04
  -5.1253500e-03
  -9.6442390e-03
  -1.4490520e-02
  -1.9905090e-02
  -2.5777420e-02
  -3.1748360e-02
  -3.7534250e-02
  -4.2660240e-02
  -4.6641390e-02
  -4.9059390e-02
  -4.9686450e-02
  -4.8611960e-02
  -4.6123750e-02
  -4.2906300e-02
  -3.9967920e-02
  -3.8464190e-02
  -3.8573620e-02
  -3.9774330e-02
  -4.1851600e-02
  -4.4657790e-02
  -4.7799960e-02
  -5.0870480e-02
  -5.3873680e-02
  -5.6683860e-02
  -5.8857250e-02
  -6.0184350e-02
  -6.0761870e-02
  -6.0730880e-02
  -6.0085140e-02
  -5.9107370e-02
  -5.8039990e-02
  -5.6866640e-02
  -5.5565390e-02
  -5.4133560e-02
  -5.2559220e-02
  -5.0597670e-02
  -4.8275690e-02
  -4.5686690e-02
  -4.2681630e-02
  -3.9221770e-02
  -3.5256050e-02
  -3.0799110e-02
  -2.6050550e-02
  -2.0932510e-02
  -1.5634260e-02
  -1.0426620e-02
  -5.3397040e-03
  -4.1543840e-04
   4.5173100e-03
   9.5445850e-03
   1.4558410e-02
   1.9375730e-02
   2.3705110e-02
   2.7071110e-02
   2.9241200e-02
   3.0303540e-02
   3.0433990e-02
   2.9678780e-02
   2.8060340e-02
   2.5791410e-02
   2.2940140e-02
   1.9561680e-02
   1.6120840e-02
   1.2698770e-02
   8.9141000e-03
   4.7647710e-03
   5.6255330e-04
  -3.6206970e-03
  -7.8635690e-03
  -1.2090340e-02
  -1.6244400e-02
  -2.0445770e-02
  -2.4657720e-02
  -2.8566650e-02
  -3.1944390e-02
  -3.4887170e-02
  -3.7438780e-02
  -3.9395430e-02
  -4.0512570e-02
  -4.0952210e-02
  -4.0985330e-02
  -4.0324540e-02
  -3.8685930e-02
  -3.6064730e-02
  -3.2606650e-02
  -2.8692520e-02
  -2.4620650e-02
  -2.0527880e-02
  -1.6580960e-02
  -1.2995770e-02
  -9.8764360e-03
  -6.9675890e-03
  -4.1864260e-03
  -1.3607060e-03
   1.8151370e-03
   5.1493040e-03
   8.4925010e-03
   1.1941830e-02
   1.5570870e-02
   1.9233490e-02
   2.2786330e-02
   2.6127770e-02
   2.9021640e-02
   3.1543150e-02
   3.3765500e-02
   3.5613470e-02
   3.6928590e-02
   3.7593800e-02
   3.7765820e-02
   3.7708720e-02
   3.7485860e-02
   3.6987290e-02
   3.6192080e-02
   3.5261920e-02
   3.3984460e-02
   3.2325080e-02
   3.0513640e-02
   2.8637360e-02
   2.6817780e-02
   2.5118470e-02
   2.3621200e-02
   2.2236690e-02
   2.0813690e-02
   1.9385340e-02
   1.7750030e-02
   1.5752360e-02
   1.3526580e-02
   1.1125020e-02
   8.4276250e-03
   5.5907200e-03
   2.7381690e-03
  -1.2601390e-04
  -2.7403830e-03
  -4.8372040e-03
  -6.7300660e-03
  -8.6640740e-03
  -1.0337500e-02
  -1.1657670e-02
  -1.2767770e-02
  -1.3466230e-02
  -1.3790210e-02
  -1.3746190e-02
  -1.3169200e-02
  -1.2142030e-02
  -1.0660200e-02
  -8.6005900e-03
  -6.0012170e-03
  -3.1207130e-03
  -1.7751590e-04
   2.8899850e-03
   6.0042930e-03
   8.9987130e-03
   1.1904020e-02
   1.4726120e-02
   1.7210080e-02
   1.9113280e-02
   2.0632930e-02
   2.1893030e-02
   2.2957560e-02
   2.3872040e-02
   2.4777110e-02
   2.5836100e-02
   2.6915030e-02
   2.8158280e-02
   2.9870990e-02
   3.1853970e-02
   3.3787150e-02
   3.5565390e-02
   3.7417060e-02
   3.9140490e-02
   4.0411060e-02
   4.1198130e-02
   4.1682300e-02
   4.1892110e-02
   4.1571180e-02
   4.0610980e-02
   3.9250690e-02
   3.7897730e-02
   3.6436130e-02
   3.4704330e-02
   3.3032690e-02
   3.1617790e-02
   3.0251490e-02
   2.8884570e-02
   2.7771240e-02
   2.7116090e-02
   2.6739680e-02
   2.6549800e-02
   2.6488340e-02
   2.6498580e-02
   2.6574070e-02
   2.6668000e-02
   2.6728390e-02
   2.6832380e-02
   2.7074000e-02
   2.7341520e-02
   2.7420950e-02
   2.7156560e-02
   2.6718250e-02
   2.6194400e-02
   2.5353200e-02
   2.4192810e-02
   2.2823400e-02
   2.1370180e-02
   1.9887120e-02
   1.8443510e-02
   1.6980530e-02
   1.5462380e-02
   1.3967700e-02
   1.2414410e-02
   1.0688460e-02
   8.6801840e-03
   6.6131810e-03
   4.8530780e-03
   3.5264460e-03
   2.6344380e-03
   2.2814610e-03
   2.3436970e-03
   2.6744600e-03
   3.3178880e-03
   4.0328440e-03
   4.5572170e-03
   4.9051970e-03
   5.2069880e-03
   5.5086540e-03
   5.9468530e-03
   6.4353950e-03
   6.9152160e-03
   7.6364350e-03
   8.5406110e-03
   9.2715080e-03
   9.6983240e-03
   9.9008140e-03
   9.6856400e-03
   8.9965240e-03
   8.0804620e-03
   7.0589560e-03
   5.8161020e-03
   4.3019550e-03
   2.6684180e-03
   1.1149660e-03
  -4.3554500e-04
  -2.0653740e-03
  -3.5800400e-03
  -4.8945440e-03
  -6.0884780e-03
  -7.2642270e-03
  -8.2385870e-03
  -8.7901930e-03
  -8.9466490e-03
  -8.7422810e-03
  -8.2996560e-03
  -7.8871000e-03
  -7.7201120e-03
  -7.5768800e-03
  -7.3719030e-03
  -7.5073260e-03
  -7.8429520e-03
  -8.1258280e-03
  -8.6149750e-03
  -9.3005000e-03
  -1.0067030e-02
  -1.1135550e-02
  -1.2541150e-02
  -1.4076930e-02
  -1.5766730e-02
  -1.7818210e-02
  -2.0108820e-02
  -2.2273160e-02
  -2.4292540e-02
  -2.6288480e-02
  -2.8313110e-02
  -3.0374030e-02
  -3.2360570e-02
  -3.4296530e-02
  -3.6659930e-02
  -3.9414200e-02
  -4.2075340e-02
  -4.4671380e-02
  -4.7439890e-02
  -5.0227350e-02
  -5.3054160e-02
  -5.5767960e-02
  -5.7991900e-02
  -5.9804830e-02
  -6.1463450e-02
  -6.2886980e-02
  -6.3884090e-02
  -6.4492610e-02
  -6.4784530e-02
  -6.4863770e-02
  -6.4892130e-02
  -6.4614070e-02
  -6.3828340e-02
  -6.2807110e-02
  -6.1567900e-02
  -5.9669380e-02
  -5.7060990e-02
  -5.4245480e-02
  -5.1371930e-02
  -4.8300250e-02
  -4.5084520e-02
  -4.1992600e-02
  -3.9222250e-02
  -3.6663100e-02
  -3.4288390e-02
  -3.2256350e-02
  -3.0569750e-02
  -2.9042490e-02
  -2.7457070e-02
  -2.6015750e-02
  -2.5126890e-02
  -2.4653590e-02
  -2.4351290e-02
  -2.4045680e-02
  -2.3732330e-02
  -2.3823430e-02
  -2.4267110e-02
  -2.4835710e-02
  -2.5606010e-02
  -2.6592300e-02
  -2.7507700e-02
  -2.8253020e-02
  -2.8905610e-02
  -2.9515420e-02
  -3.0032600e-02
  -3.0471720e-02
  -3.0834460e-02
  -3.1118020e-02
  -3.1506480e-02
  -3.1928150e-02
  -3.2240620e-02
  -3.2532060e-02
  -3.3132910e-02
  -3.3915600e-02
  -3.4646710e-02
  -3.5409080e-02
  -3.6340610e-02
  -3.7717760e-02
  -3.9237060e-02
  -4.0472410e-02
  -4.1567640e-02
  -4.2775000e-02
  -4.4141730e-02
  -4.5490390e-02
  -4.6675650e-02
  -4.7900600e-02
  -4.9165100e-02
  -5.0321820e-02
  -5.1301490e-02
  -5.2097690e-02
  -5.2871100e-02
  -5.3508560e-02
  -5.3706350e-02
  -5.3301880e-02
  -5.2620800e-02
  -5.1643470e-02
  -5.0083380e-02
  -4.8241750e-02
  -4.6198460e-02
  -4.4033200e-02
  -4.2030470e-02
  -4.0061520e-02
  -3.7914600e-02
  -3.5805770e-02
  -3.3991770e-02
  -3.2669430e-02
  -3.1648270e-02
  -3.0493780e-02
  -2.9157200e-02
  -2.8016800e-02
  -2.7030820e-02
  -2.5809730e-02
  -2.4271020e-02
  -2.2707150e-02
  -2.1338540e-02
  -2.0096810e-02
  -1.8859540e-02
  -1.7748820e-02
  -1.6932210e-02
  -1.6535300e-02
  -1.6624500e-02
  -1.7234430e-02
  -1.8339830e-02
  -1.9902100e-02
  -2.1909920e-02
  -2.4196690e-02
  -2.6693840e-02
  -2.9421970e-02
  -3.2176410e-02
  -3.4680330e-02
  -3.6837930e-02
  -3.9015890e-02
  -4.1121280e-02
  -4.2811630e-02
  -4.4172030e-02
  -4.5390050e-02
  -4.6568410e-02
  -4.7668440e-02
  -4.8682740e-02
  -4.9675310e-02
  -5.0611210e-02
  -5.1545080e-02
  -5.2701480e-02
  -5.3869260e-02
  -5.4889400e-02
  -5.5980940e-02
  -5.7339080e-02
  -5.8953870e-02
  -6.0512200e-02
  -6.1967080e-02
  -6.3656210e-02
  -6.5652960e-02
  -6.7677410e-02
  -6.9455190e-02
  -7.1064630e-02
  -7.2639080e-02
  -7.3937270e-02
  -7.4770700e-02
  -7.5293430e-02
  -7.5550040e-02
  -7.5391520e-02
  -7.4836550e-02
  -7.4031900e-02
  -7.3068140e-02
  -7.1961650e-02
  -7.0520800e-02
  -6.8832220e-02
  -6.7100740e-02
  -6.5209520e-02
  -6.2892870e-02
  -6.0190650e-02
  -5.7467330e-02
  -5.4799710e-02
  -5.2012190e-02
  -4.9153740e-02
  -4.6476370e-02
  -4.4000790e-02
  -4.1528410e-02
  -3.9205710e-02
  -3.7219330e-02
  -3.5383640e-02
  -3.3577190e-02
  -3.1916880e-02
  -3.0432690e-02
  -2.9030470e-02
  -2.7609340e-02
  -2.6148300e-02
  -2.4628110e-02
  -2.3184460e-02
  -2.1880440e-02
  -2.0586070e-02
  -1.9237810e-02
  -1.7876980e-02
  -1.6725640e-02
  -1.5789230e-02
  -1.4932360e-02
  -1.4259650e-02
  -1.3795650e-02
  -1.3496620e-02
  -1.3386640e-02
  -1.3625690e-02
  -1.4134540e-02
  -1.4723510e-02
  -1.5365320e-02
  -1.6071350e-02
  -1.6926510e-02
  -1.7926790e-02
  -1.8839690e-02
  -1.9570330e-02
  -2.0595330e-02
  -2.1935580e-02
  -2.3177190e-02
  -2.4535080e-02
  -2.6068520e-02
  -2.7642660e-02
  -2.9443180e-02
  -3.1401080e-02
  -3.3295210e-02
  -3.5140690e-02
  -3.7108870e-02
  -3.9367290e-02
  -4.1619640e-02
  -4.3567330e-02
  -4.5389470e-02
  -4.7236030e-02
  -4.8808380e-02
  -5.0025680e-02
  -5.0900470e-02
  -5.1530400e-02
  -5.2094270e-02
  -5.2404880e-02
  -5.2387860e-02
  -5.2171350e-02
  -5.1750880e-02
  -5.1324630e-02
  -5.1010290e-02
  -5.0683670e-02
  -5.0261790e-02
  -4.9860340e-02
  -4.9733530e-02
  -4.9707920e-02
  -4.9656830e-02
  -4.9562810e-02
  -4.9335500e-02
  -4.9061800e-02
  -4.8740120e-02
  -4.8388300e-02
  -4.8117380e-02
  -4.7661930e-02
  -4.6955570e-02
  -4.6261050e-02
  -4.5623470e-02
  -4.4860060e-02
  -4.3906400e-02
  -4.3201770e-02
  -4.2903370e-02
  -4.2501560e-02
  -4.1837300e-02
  -4.1090910e-02
  -4.0355850e-02
  -3.9644520e-02
  -3.8954800e-02
  -3.7959260e-02
  -3.6719970e-02
  -3.5525720e-02
  -3.4353010e-02
  -3.2993150e-02
  -3.1586110e-02
  -3.0419080e-02
  -2.9311340e-02
  -2.8141050e-02
  -2.6919830e-02
  -2.5393690e-02
  -2.3744700e-02
  -2.2336510e-02
  -2.0779780e-02
  -1.8752060e-02
  -1.6589750e-02
  -1.4409810e-02
  -1.2085610e-02
  -9.7620720e-03
  -7.5559790e-03
  -5.3727310e-03
  -3.1579380e-03
  -9.6885390e-04
   1.0213660e-03
   2.8520260e-03
   4.6475800e-03
   6.3225100e-03
   8.0287100e-03
   9.7396360e-03
   1.1267730e-02
   1.2776840e-02
   1.4260050e-02
   1.5513950e-02
   1.6555860e-02
   1.7306780e-02
   1.7805490e-02
   1.8252960e-02
   1.8553660e-02
   1.8512630e-02
   1.8188840e-02
   1.7882890e-02
   1.7584960e-02
   1.7179880e-02
   1.6673010e-02
   1.6117050e-02
   1.5609800e-02
   1.5030340e-02
   1.4396670e-02
   1.3909910e-02
   1.3553370e-02
   1.3145530e-02
   1.2729070e-02
   1.2554070e-02
   1.2659710e-02
   1.2884520e-02
   1.3280260e-02
   1.3742110e-02
   1.4186780e-02
   1.4780720e-02
   1.5400200e-02
   1.5770200e-02
   1.6054210e-02
   1.6482820e-02
   1.6906670e-02
   1.7250830e-02
   1.7539620e-02
   1.7834090e-02
   1.8256500e-02
   1.8898240e-02
   1.9669580e-02
   2.0608710e-02
   2.1773640e-02
   2.2801990e-02
   2.3897720e-02
   2.5325470e-02
   2.6847920e-02
   2.8352100e-02
   2.9916420e-02
   3.1362360e-02
   3.2870890e-02
   3.4697990e-02
   3.6717090e-02
   3.8782330e-02
   4.0779510e-02
   4.2682490e-02
   4.4715880e-02
   4.6877240e-02
   4.8904250e-02
   5.0646650e-02
   5.2217530e-02
   5.3836720e-02
   5.5252940e-02
   5.6331510e-02
   5.7463040e-02
   5.8759770e-02
   5.9905500e-02
   6.1025410e-02
   6.2235550e-02
   6.3398510e-02
   6.4640440e-02
   6.5924200e-02
   6.6845590e-02
   6.7368260e-02
   6.7680310e-02
   6.7657950e-02
   6.7142970e-02
   6.6189580e-02
   6.4872540e-02
   6.3021010e-02
   6.0517990e-02
   5.7478110e-02
   5.4135350e-02
   5.0726070e-02
   4.7443980e-02
   4.4354980e-02
   4.1600870e-02
   3.9351870e-02
   3.7468430e-02
   3.5755960e-02
   3.4157400e-02
   3.2757190e-02
   3.1457520e-02
   3.0100050e-02
   2.8959420e-02
   2.8117780e-02
   2.7242790e-02
   2.6358700e-02
   2.5863060e-02
   2.5737690e-02
   2.5756760e-02
   2.6025860e-02
   2.6465830e-02
   2.6837890e-02
   2.7529540e-02
   2.8674530e-02
   2.9650340e-02
   3.0286370e-02
   3.0809900e-02
   3.1265340e-02
   3.1537490e-02
   3.1618930e-02
   3.1778810e-02
   3.2032780e-02
   3.2242180e-02
   3.2403070e-02
   3.2636590e-02
   3.2833580e-02
   3.2954000e-02
   3.3110550e-02
   3.3219290e-02
   3.3068790e-02
   3.2667960e-02
   3.2225160e-02
   3.1773880e-02
   3.1219510e-02
   3.0526220e-02
   2.9694520e-02
   2.8640790e-02
   2.7557650e-02
   2.6543910e-02
   2.5441130e-02
   2.4098590e-02
   2.2493870e-02
   2.0803890e-02
   1.9133000e-02
   1.7451860e-02
   1.5815390e-02
   1.4259310e-02
   1.2802510e-02
   1.1490030e-02
   1.0371680e-02
   9.2417030e-03
   7.8065260e-03
   6.4312730e-03
   5.4328060e-03
   4.4450180e-03
   3.3816900e-03
   2.2948860e-03
   1.2671660e-03
   4.9686120e-04
   4.2463950e-05
  -1.7274080e-04
  -1.5592840e-04
   2.6380410e-04
   1.0739160e-03
   2.2684940e-03
   3.9134840e-03
   5.6046450e-03
   7.0353490e-03
   8.4520930e-03
   9.9635650e-03
   1.1322690e-02
   1.2424170e-02
   1.3559720e-02
   1.4917690e-02
   1.6350350e-02
   1.7850880e-02
   1.9498850e-02
   2.1138930e-02
   2.2664500e-02
   2.4086530e-02
   2.5366720e-02
   2.6395560e-02
   2.7127680e-02
   2.7470070e-02
   2.7427240e-02
   2.7390760e-02
   2.7312030e-02
   2.6801400e-02
   2.6040130e-02
   2.5315230e-02
   2.4741220e-02
   2.4301760e-02
   2.3980630e-02
   2.3676710e-02
   2.3361850e-02
   2.3094230e-02
   2.2778440e-02
   2.2308960e-02
   2.1655860e-02
   2.0609750e-02
   1.9087170e-02
   1.7269830e-02
   1.5225700e-02
   1.2978610e-02
   1.0780010e-02
   8.6506490e-03
   6.6111860e-03
   4.9369340e-03
   3.4908070e-03
   2.3509360e-03
   1.6677650e-03
   9.8130220e-04
   2.6514290e-04
  -2.9134350e-04
  -6.5644000e-04
  -1.0318110e-03
  -1.5120550e-03
  -2.1236320e-03
  -2.9678360e-03
  -3.8993920e-03
  -4.7065300e-03
  -5.4097050e-03
  -6.1760570e-03
  -6.8723730e-03
  -7.2970240e-03
  -7.5771650e-03
  -7.7989380e-03
  -7.8405740e-03
  -7.7121840e-03
  -7.4979430e-03
  -6.9918880e-03
  -6.2633710e-03
  -5.5338600e-03
  -4.8108670e-03
  -3.9280470e-03
  -2.9167810e-03
  -1.8955800e-03
  -9.0408760e-04
   6.0712010e-05
   8.7423470e-04
   1.3953660e-03
   1.7409140e-03
   1.8719710e-03
   1.8085010e-03
   1.7226720e-03
   1.6577380e-03
   1.5646520e-03
   1.6008950e-03
   1.9332630e-03
   2.3415170e-03
   2.8526790e-03
   3.3636020e-03
   3.8024330e-03
   4.3041040e-03
   4.7719820e-03
   5.0421290e-03
   5.0392720e-03
   4.9007100e-03
   4.8669130e-03
   4.8151150e-03
   4.7511000e-03
   4.8459640e-03
   5.0404420e-03
   5.2667610e-03
   5.6512730e-03
   6.0136750e-03
   6.0985240e-03
   6.0704310e-03
   6.0389480e-03
   5.8370460e-03
   5.4212230e-03
   4.8609340e-03
   3.9631710e-03
   2.8476330e-03
   1.6632160e-03
   3.7598970e-04
  -9.4514490e-04
  -2.2561310e-03
  -3.6473000e-03
  -5.0628690e-03
  -6.2705330e-03
  -7.2492280e-03
  -8.1634320e-03
  -9.1398280e-03
  -9.9771590e-03
  -1.0657040e-02
  -1.1291320e-02
  -1.1728290e-02
  -1.2023730e-02
  -1.2345800e-02
  -1.2538670e-02
  -1.2544270e-02
  -1.2291320e-02
  -1.1606070e-02
  -1.0492440e-02
  -9.0546620e-03
  -7.3020670e-03
  -5.1217960e-03
  -2.5314050e-03
   2.8541760e-04
   3.0718210e-03
   5.5474390e-03
   7.6205330e-03
   9.3940700e-03
   1.1103340e-02
   1.2687120e-02
   1.3910280e-02
   1.4764980e-02
   1.5481520e-02
   1.6144060e-02
   1.6481950e-02
   1.6251970e-02
   1.5490720e-02
   1.4434680e-02
   1.3354620e-02
   1.2189780e-02
   1.0591020e-02
   8.6398170e-03
   6.5692190e-03
   4.5527320e-03
   2.5834750e-03
   3.7954320e-04
  -2.0798250e-03
  -4.3897450e-03
  -6.4734950e-03
  -8.5359760e-03
  -1.0763830e-02
  -1.3215930e-02
  -1.5599810e-02
  -1.7534080e-02
  -1.9346190e-02
  -2.1254400e-02
  -2.3089440e-02
  -2.4679440e-02
  -2.5787160e-02
  -2.6335140e-02
  -2.6634330e-02
  -2.6636720e-02
  -2.6148400e-02
  -2.5173810e-02
  -2.3584360e-02
  -2.1279840e-02
  -1.8596300e-02
  -1.5718130e-02
  -1.2809570e-02
  -1.0048190e-02
  -7.5408810e-03
  -5.3472930e-03
  -3.5724840e-03
  -2.1191030e-03
  -5.5691450e-04
   1.0969730e-03
   2.3684680e-03
   3.4836790e-03
   4.8910680e-03
   6.2063470e-03
   7.1360300e-03
   7.9922550e-03
   9.1105420e-03
   1.0400900e-02
   1.1752460e-02
   1.3269780e-02
   1.4955410e-02
   1.6794410e-02
   1.8833760e-02
   2.0777130e-02
   2.2466470e-02
   2.4060410e-02
   2.5710940e-02
   2.7205390e-02
   2.8372970e-02
   2.9348370e-02
   3.0250320e-02
   3.0987870e-02
   3.1512100e-02
   3.1691530e-02
   3.1495350e-02
   3.1115040e-02
   3.0480440e-02
   2.9612120e-02
   2.8585740e-02
   2.7189420e-02
   2.5350530e-02
   2.3305290e-02
   2.1261310e-02
   1.9249560e-02
   1.7316350e-02
   1.5639090e-02
   1.4131770e-02
   1.2825160e-02
   1.1885250e-02
   1.1110970e-02
   1.0514950e-02
   1.0349180e-02
   1.0478140e-02
   1.0658520e-02
   1.0854280e-02
   1.1045900e-02
   1.1532870e-02
   1.2539120e-02
   1.3674310e-02
   1.4681090e-02
   1.5726610e-02
   1.6991110e-02
   1.8306890e-02
   1.9481070e-02
   2.0626900e-02
   2.1983410e-02
   2.3491100e-02
   2.5029800e-02
   2.6632680e-02
   2.8458340e-02
   3.0635600e-02
   3.3001010e-02
   3.5291000e-02
   3.7540350e-02
   3.9971260e-02
   4.2549020e-02
   4.5124310e-02
   4.7480040e-02
   4.9472220e-02
   5.1196380e-02
   5.2642960e-02
   5.3668750e-02
   5.4170440e-02
   5.4097420e-02
   5.3508720e-02
   5.2355150e-02
   5.0423510e-02
   4.7958990e-02
   4.5195790e-02
   4.2103160e-02
   3.9048360e-02
   3.6415820e-02
   3.4226720e-02
   3.2401230e-02
   3.1055330e-02
   3.0018320e-02
   2.9077440e-02
   2.8176490e-02
   2.7401260e-02
   2.6943950e-02
   2.6695550e-02
   2.6513340e-02
   2.6478670e-02
   2.6757720e-02
   2.7402400e-02
   2.8205280e-02
   2.9123050e-02
   3.0128380e-02
   3.1227500e-02
   3.2345050e-02
   3.3242230e-02
   3.3875040e-02
   3.4268080e-02
   3.4361430e-02
   3.4353290e-02
   3.4381930e-02
   3.4359490e-02
   3.4341940e-02
   3.4434110e-02
   3.4731360e-02
   3.5196020e-02
   3.5838390e-02
   3.6565670e-02
   3.7410630e-02
   3.8246400e-02
   3.8766550e-02
   3.9151210e-02
   3.9723730e-02
   4.0262330e-02
   4.0454540e-02
   4.0285310e-02
   3.9885220e-02
   3.9322430e-02
   3.8611820e-02
   3.7832370e-02
   3.7164170e-02
   3.6505540e-02
   3.5747680e-02
   3.5017570e-02
   3.4223150e-02
   3.3309400e-02
   3.2335800e-02
   3.1241920e-02
   2.9951090e-02
   2.8666970e-02
   2.7345220e-02
   2.5733970e-02
   2.4002940e-02
   2.2202120e-02
   2.0012340e-02
   1.7617320e-02
   1.5311980e-02
   1.3050420e-02
   1.0823310e-02
   9.0249960e-03
   7.6432140e-03
   6.4437730e-03
   5.3941630e-03
   4.4451250e-03
   3.5250860e-03
   2.8564660e-03
   2.2371470e-03
   1.3313240e-03
   2.1663330e-04
  -1.0525010e-03
  -2.3104590e-03
  -3.3845420e-03
  -4.4193340e-03
  -5.7123600e-03
  -6.8963880e-03
  -7.5305690e-03
  -7.8385130e-03
  -7.9328300e-03
  -7.7879790e-03
  -7.5193490e-03
  -7.1018100e-03
  -6.5218070e-03
  -6.0371360e-03
  -5.8089810e-03
  -5.5463330e-03
  -5.4861760e-03
  -5.9172120e-03
  -6.5132210e-03
  -7.1054010e-03
  -7.9756370e-03
  -9.1233520e-03
  -1.0359120e-02
  -1.1651540e-02
  -1.3054520e-02
  -1.4477710e-02
  -1.5926480e-02
  -1.7323410e-02
  -1.8605370e-02
  -1.9944630e-02
  -2.1258660e-02
  -2.2514410e-02
  -2.3989950e-02
  -2.5622650e-02
  -2.7268210e-02
  -2.8853610e-02
  -3.0392140e-02
  -3.1982210e-02
  -3.3468460e-02
  -3.4621250e-02
  -3.5530280e-02
  -3.6311210e-02
  -3.6885360e-02
  -3.7044330e-02
  -3.6818020e-02
  -3.6505720e-02
  -3.6250960e-02
  -3.5993480e-02
  -3.5653490e-02
  -3.5301840e-02
  -3.4933570e-02
  -3.4468940e-02
  -3.3867110e-02
  -3.3116900e-02
  -3.2156400e-02
  -3.0750340e-02
  -2.8897450e-02
  -2.6756520e-02
  -2.4348350e-02
  -2.1900170e-02
  -1.9537850e-02
  -1.7256110e-02
  -1.5015990e-02
  -1.2873420e-02
  -1.0806780e-02
  -8.8050910e-03
  -6.9901120e-03
  -5.2563460e-03
  -3.5796570e-03
  -2.0216340e-03
  -4.9896660e-04
   8.1833130e-04
   1.6329010e-03
   2.1463850e-03
   2.6216750e-03
   3.0901330e-03
   3.4852160e-03
   3.8807770e-03
   4.3330710e-03
   4.8716460e-03
   5.5913950e-03
   6.4797580e-03
   7.4238630e-03
   8.3365480e-03
   9.1187850e-03
   9.6769840e-03
   1.0012990e-02
   1.0215940e-02
   1.0294890e-02
   1.0063970e-02
   9.4809990e-03
   8.6907670e-03
   7.9043790e-03
   7.2272810e-03
   6.5708210e-03
   5.9246280e-03
   5.6426330e-03
   5.6614470e-03
   5.5127400e-03
   5.3598700e-03
   5.5250750e-03
   5.8298590e-03
   6.0394510e-03
   6.4163000e-03
   6.9329440e-03
   7.4104310e-03
   7.9947050e-03
   8.7734440e-03
   9.5666860e-03
   1.0426710e-02
   1.1386850e-02
   1.2284340e-02
   1.3194700e-02
   1.4048780e-02
   1.4662900e-02
   1.5168720e-02
   1.5788370e-02
   1.6490730e-02
   1.7038880e-02
   1.7590020e-02
   1.8171000e-02
   1.8785440e-02
   1.9495790e-02
   2.0183900e-02
   2.0574950e-02
   2.0774170e-02
   2.0703550e-02
   2.0266180e-02
   1.9720080e-02
   1.8895030e-02
   1.7664330e-02
   1.6101680e-02
   1.4390660e-02
   1.2632200e-02
   1.0969390e-02
   9.4299690e-03
   8.1832120e-03
   7.3929320e-03
   6.7483970e-03
   6.1296550e-03
   5.8537380e-03
   5.8628930e-03
   5.9240960e-03
   6.1110930e-03
   6.6147410e-03
   7.3076310e-03
   7.9077160e-03
   8.3366680e-03
   8.5319250e-03
   8.4377990e-03
   8.1875480e-03
   7.5653910e-03
   6.6069770e-03
   5.5774870e-03
   4.3099470e-03
   2.8342560e-03
   1.3826020e-03
  -5.7343190e-05
  -1.6087610e-03
  -3.0564560e-03
  -4.3974370e-03
  -5.8624010e-03
  -7.2202450e-03
  -8.1184170e-03
  -8.9987420e-03
  -9.8450980e-03
  -1.0144810e-02
  -1.0133430e-02
  -1.0164400e-02
  -1.0187760e-02
  -1.0087600e-02
  -9.9514520e-03
  -9.8228030e-03
  -9.6798570e-03
  -9.6462810e-03
  -9.7039800e-03
  -9.6196680e-03
  -9.4290150e-03
  -9.2236210e-03
  -9.0164370e-03
  -8.8793500e-03
  -9.0072060e-03
  -9.3924590e-03
  -9.8768750e-03
  -1.0461060e-02
  -1.1303280e-02
  -1.2275040e-02
  -1.3099370e-02
  -1.3912670e-02
  -1.4928950e-02
  -1.5754610e-02
  -1.6108870e-02
  -1.6198970e-02
  -1.6297150e-02
  -1.6520020e-02
  -1.6598170e-02
  -1.6458580e-02
  -1.6484980e-02
  -1.6713920e-02
  -1.7150560e-02
  -1.8089090e-02
  -1.9297390e-02
  -2.0535500e-02
  -2.1889360e-02
  -2.3323290e-02
  -2.4813000e-02
  -2.6537660e-02
  -2.8252490e-02
  -2.9801370e-02
  -3.1392640e-02
  -3.2927760e-02
  -3.4070680e-02
  -3.4993410e-02
  -3.5817520e-02
  -3.6169760e-02
  -3.5992610e-02
  -3.5588400e-02
  -3.4896010e-02
  -3.3741940e-02
  -3.2247880e-02
  -3.0584590e-02
  -2.8691540e-02
  -2.6846310e-02
  -2.5253200e-02
  -2.3810980e-02
  -2.2443510e-02
  -2.1202580e-02
  -2.0071430e-02
  -1.9053870e-02
  -1.8215750e-02
  -1.7463050e-02
  -1.6499030e-02
  -1.5406870e-02
  -1.4394570e-02
  -1.3470780e-02
  -1.2566180e-02
  -1.1540020e-02
  -1.0383510e-02
  -9.2076510e-03
  -8.2774930e-03
  -7.4932780e-03
  -6.6448960e-03
  -6.0240210e-03
  -5.8070910e-03
  -5.8915340e-03
  -6.3876240e-03
  -7.3325810e-03
  -8.6577210e-03
  -1.0448270e-02
  -1.2513380e-02
  -1.4503560e-02
  -1.6418990e-02
  -1.8350030e-02
  -2.0140080e-02
  -2.1675010e-02
  -2.2997150e-02
  -2.4287910e-02
  -2.5411890e-02
  -2.6303980e-02
  -2.7090540e-02
  -2.7752820e-02
  -2.8211310e-02
  -2.8330100e-02
  -2.8137980e-02
  -2.7787780e-02
  -2.7437100e-02
  -2.7161070e-02
  -2.6769000e-02
  -2.6164320e-02
  -2.5531390e-02
  -2.4960120e-02
  -2.4548520e-02
  -2.4265760e-02
  -2.4024360e-02
  -2.3789290e-02
  -2.3560850e-02
  -2.3195090e-02
  -2.2736300e-02
  -2.2220140e-02
  -2.1613140e-02
  -2.0920860e-02
  -2.0098120e-02
  -1.9056840e-02
  -1.8027280e-02
  -1.7062610e-02
  -1.6132190e-02
  -1.5095440e-02
  -1.3907910e-02
  -1.2779820e-02
  -1.1693070e-02
  -1.0625230e-02
  -9.5205880e-03
  -8.4077860e-03
  -7.4920670e-03
  -6.8099720e-03
  -6.3528320e-03
  -6.2637820e-03
  -6.6917430e-03
  -7.5771430e-03
  -8.6601150e-03
  -9.8656680e-03
  -1.1249880e-02
  -1.2768400e-02
  -1.4439170e-02
  -1.6124730e-02
  -1.7481820e-02
  -1.8633540e-02
  -1.9457730e-02
  -1.9835860e-02
  -2.0184340e-02
  -2.0616860e-02
  -2.0730680e-02
  -2.0497810e-02
  -2.0396710e-02
  -2.0376770e-02
  -2.0267270e-02
  -2.0270300e-02
  -2.0353570e-02
  -2.0166220e-02
  -1.9949170e-02
  -2.0068880e-02
  -2.0331320e-02
  -2.0416050e-02
  -2.0400520e-02
  -2.0513560e-02
  -2.0868740e-02
  -2.1404150e-02
  -2.1813980e-02
  -2.1992720e-02
  -2.2182700e-02
  -2.2480950e-02
  -2.2724510e-02
  -2.2846930e-02
  -2.2959520e-02
  -2.3126600e-02
  -2.3170000e-02
  -2.3026300e-02
  -2.2830840e-02
  -2.2739010e-02
  -2.2715540e-02
  -2.2623420e-02
  -2.2312110e-02
  -2.1912630e-02
  -2.1272130e-02
  -2.0537680e-02
  -2.0041270e-02
  -1.9642490e-02
  -1.9139700e-02
  -1.8627380e-02
  -1.8253900e-02
  -1.7897100e-02
  -1.7507500e-02
  -1.7162540e-02
  -1.6876910e-02
  -1.6458880e-02
  -1.5766500e-02
  -1.4953540e-02
  -1.4051460e-02
  -1.2928770e-02
  -1.1410010e-02
  -9.6882830e-03
  -7.9656190e-03
  -6.1775640e-03
  -4.4206910e-03
  -2.6872750e-03
  -1.0644270e-03
   3.7933530e-04
   1.5738380e-03
   2.5308570e-03
   3.3336480e-03
   3.7355130e-03
   3.5802020e-03
   3.0718220e-03
   2.3374500e-03
   1.3518220e-03
   2.0683530e-04
  -9.9861930e-04
  -2.2490080e-03
  -3.4469310e-03
  -4.4083430e-03
  -5.0300470e-03
  -5.4643060e-03
  -5.7990290e-03
  -5.9842120e-03
  -6.0458250e-03
  -5.9886320e-03
  -5.8423550e-03
  -5.6116230e-03
  -5.3913260e-03
  -5.2642010e-03
  -5.4136910e-03
  -5.5022970e-03
  -5.3209020e-03
  -5.2896510e-03
  -5.1959860e-03
  -4.7359210e-03
  -4.1004570e-03
  -3.4234520e-03
  -2.6675990e-03
  -1.9946230e-03
  -1.5073130e-03
  -1.2363870e-03
  -1.1015700e-03
  -1.1845860e-03
  -1.4051790e-03
  -1.5670380e-03
  -1.7168080e-03
  -1.8715570e-03
  -1.9311730e-03
  -1.7937940e-03
  -1.4296700e-03
  -9.8522740e-04
  -5.5586970e-04
  -9.7605960e-05
   4.1138270e-04
   9.2824730e-04
   1.5651970e-03
   2.4821550e-03
   3.4358720e-03
   4.1162650e-03
   4.7561770e-03
   5.5605960e-03
   6.3294440e-03
   6.9521730e-03
   7.5542290e-03
   8.0981070e-03
   8.4594750e-03
   8.9041700e-03
   9.3524950e-03
   9.5415870e-03
   9.4301250e-03
   9.2007340e-03
   8.9233950e-03
   8.5044730e-03
   7.9334620e-03
   7.4283980e-03
   7.0870980e-03
   6.7151470e-03
   6.2344220e-03
   5.7175550e-03
   5.2191890e-03
   4.7367240e-03
   4.2653030e-03
   3.9084610e-03
   3.5114040e-03
   3.0383110e-03
   2.9150680e-03
   2.9126300e-03
   2.5319900e-03
   1.9436510e-03
   1.4995230e-03
   1.0269610e-03
   3.8519250e-04
  -2.6533790e-04
  -7.3564060e-04
  -9.6647730e-04
  -1.0926920e-03
  -1.2371630e-03
  -1.3234270e-03
  -1.2796600e-03
  -1.0338460e-03
  -5.9022750e-04
  -2.2015580e-05
   6.1583720e-04
   1.2485700e-03
   1.9091230e-03
   2.6033650e-03
   3.2396990e-03
   3.6151390e-03
   3.6778060e-03
   3.4312120e-03
   2.8987590e-03
   2.0876000e-03
   7.8875710e-04
  -6.4030440e-04
  -1.6112320e-03
  -2.3700060e-03
  -3.3549600e-03
  -4.2077920e-03
  -4.6495580e-03
  -4.9625170e-03
  -5.1956490e-03
  -5.1118710e-03
  -4.8623660e-03
  -4.5776270e-03
  -4.1756820e-03
  -3.8506470e-03
  -3.6647010e-03
  -3.4746370e-03
  -3.2011050e-03
  -2.8901580e-03
  -2.5486030e-03
  -2.1653810e-03
  -1.8142420e-03
  -1.5521680e-03
  -1.3031640e-03
  -9.4995110e-04
  -6.5489960e-04
  -4.4314030e-04
  -1.8148400e-04
   2.0827970e-04
   6.9914660e-04
   1.2202360e-03
   1.7149000e-03
   2.2324100e-03
   2.6829110e-03
   2.8767220e-03
   2.9770670e-03
   3.1593430e-03
   3.1572470e-03
   2.9544940e-03
   2.8593870e-03
   2.7447990e-03
   2.3813900e-03
   1.8313620e-03
   1.0643570e-03
   1.2576030e-04
  -9.1483040e-04
  -1.8484720e-03
  -2.6830840e-03
  -3.5146270e-03
  -4.2217040e-03
  -4.7073600e-03
  -4.9329350e-03
  -4.9461360e-03
  -4.9967580e-03
  -5.0462830e-03
  -4.8495570e-03
  -4.4619350e-03
  -3.9747960e-03
  -3.5339440e-03
  -3.2637230e-03
  -2.9553980e-03
  -2.5810650e-03
  -2.3653020e-03
  -2.2176990e-03
  -1.9879630e-03
  -1.8658910e-03
  -1.7886890e-03
  -1.4968560e-03
  -1.0524980e-03
  -6.5491150e-04
  -2.8911640e-04
   2.2989940e-04
   8.4654150e-04
   1.2882730e-03
   1.4573190e-03
   1.5792250e-03
   1.7386810e-03
   1.7570110e-03
   1.7510150e-03
   1.9423640e-03
   2.2871140e-03
   2.6759370e-03
   3.0291830e-03
   3.3970200e-03
   3.7588280e-03
   4.1817180e-03
   4.7897770e-03
   5.3762110e-03
   5.7906200e-03
   6.0177550e-03
   6.0960860e-03
   6.1232010e-03
   6.1820400e-03
   6.2849960e-03
   6.2898870e-03
   6.2157470e-03
   6.2833810e-03
   6.3509230e-03
   6.3654010e-03
   6.5871430e-03
   7.0837370e-03
   7.6341530e-03
   8.1890280e-03
   9.0465430e-03
   1.0118620e-02
   1.1134620e-02
   1.2193130e-02
   1.3332620e-02
   1.4476630e-02
   1.5483550e-02
   1.6378570e-02
   1.7262590e-02
   1.8103640e-02
   1.8819470e-02
   1.9247820e-02
   1.9420580e-02
   1.9534140e-02
   1.9564790e-02
   1.9357720e-02
   1.8906240e-02
   1.8226090e-02
   1.7563310e-02
   1.7110090e-02
   1.6739640e-02
   1.6292130e-02
   1.5639730e-02
   1.4897170e-02
   1.4063850e-02
   1.3146360e-02
   1.2206700e-02
   1.1188980e-02
   1.0021100e-02
   8.6245520e-03
   7.0545130e-03
   5.4890700e-03
   4.1208680e-03
   2.8256500e-03
   1.5509170e-03
   4.9380300e-04
  -4.2096360e-04
  -1.2791810e-03
  -1.9943700e-03
  -2.6312430e-03
  -3.3446690e-03
  -3.9653040e-03
  -4.2782660e-03
  -4.4964250e-03
  -4.8085070e-03
  -5.1701880e-03
  -5.5377410e-03
  -5.9555890e-03
  -6.4501940e-03
  -6.9058060e-03
  -7.2523640e-03
  -7.3497100e-03
  -7.2206580e-03
  -6.9133200e-03
  -6.3899080e-03
  -5.5702840e-03
  -4.6740690e-03
  -3.6414930e-03
  -2.3562810e-03
  -1.1277400e-03
  -9.4324030e-05
   8.4106860e-04
   1.7595560e-03
   2.7265060e-03
   3.7817380e-03
   5.0056150e-03
   6.1797260e-03
   7.2225020e-03
   8.1821670e-03
   9.0124600e-03
   9.5133820e-03
   9.6335490e-03
   9.5781610e-03
   9.4684670e-03
   9.2301890e-03
   8.5424730e-03
   7.5603050e-03
   6.6191360e-03
   5.8536470e-03
   5.0777550e-03
   4.3112480e-03
   3.8870050e-03
   3.5564860e-03
   3.1094200e-03
   2.8081220e-03
   2.6894990e-03
   2.6217610e-03
   2.6816700e-03
   2.8747990e-03
   3.1605450e-03
   3.5350770e-03
   4.0271550e-03
   4.5869110e-03
   5.2317930e-03
   5.8337410e-03
   6.3573580e-03
   6.8457140e-03
   7.2583000e-03
   7.6225930e-03
   8.0450130e-03
   8.5835270e-03
   9.0868720e-03
   9.5636630e-03
   1.0162880e-02
   1.0962260e-02
   1.1905980e-02
   1.2858760e-02
   1.3774280e-02
   1.4809060e-02
   1.5832200e-02
   1.6535590e-02
   1.7196040e-02
   1.8003770e-02
   1.8869530e-02
   1.9588800e-02
   2.0062120e-02
   2.0318050e-02
   2.0481820e-02
   2.0632990e-02
   2.0566440e-02
   2.0118030e-02
   1.9400630e-02
   1.8626670e-02
   1.7677370e-02
   1.6440110e-02
   1.5182950e-02
   1.4201620e-02
   1.3214770e-02
   1.2083710e-02
   1.1117230e-02
   1.0406630e-02
   9.7951660e-03
   9.1510690e-03
   8.4804410e-03
   7.8971610e-03
   7.4940370e-03
   7.1689700e-03
   6.8018100e-03
   6.3775400e-03
   6.0491610e-03
   5.8035310e-03
   5.4692780e-03
   4.9714070e-03
   4.4618820e-03
   4.0116470e-03
   3.5867220e-03
   3.1663230e-03
   2.8386330e-03
   2.7881230e-03
   2.8300460e-03
   2.6349980e-03
   2.5493520e-03
   2.8007890e-03
   3.0714560e-03
   3.1874360e-03
   3.4134630e-03
   3.7490040e-03
   4.1114160e-03
   4.5288770e-03
   5.1168220e-03
   5.8621280e-03
   6.7828320e-03
   7.7993590e-03
   8.8521990e-03
   9.8228820e-03
   1.0762510e-02
   1.1844380e-02
   1.2917500e-02
   1.3808400e-02
   1.4668940e-02
   1.5403010e-02
   1.5852980e-02
   1.6087790e-02
   1.6232200e-02
   1.6556150e-02
   1.6752090e-02
   1.6461570e-02
   1.5959210e-02
   1.5572800e-02
   1.5137820e-02
   1.4472190e-02
   1.3768880e-02
   1.3338710e-02
   1.3199410e-02
   1.2990510e-02
   1.2696960e-02
   1.2426050e-02
   1.2173310e-02
   1.1759390e-02
   1.1085150e-02
   1.0448740e-02
   9.8519030e-03
   9.0085040e-03
   8.0327410e-03
   7.3082660e-03
   6.9215850e-03
   6.6862970e-03
   6.6879360e-03
   6.8509220e-03
   6.9643930e-03
   7.1683390e-03
   7.4324500e-03
   7.6203070e-03
   7.7829850e-03
   7.9389940e-03
   7.9439050e-03
   7.7212950e-03
   7.4887190e-03
   7.2941440e-03
   7.0481810e-03
   6.8175550e-03
   6.6576430e-03
   6.6113400e-03
   6.6238320e-03
   6.7054230e-03
   7.0394210e-03
   7.7508240e-03
   8.5528560e-03
   9.2235330e-03
   9.9735120e-03
   1.0727870e-02
   1.1402940e-02
   1.2011350e-02
   1.2359680e-02
   1.2403450e-02
   1.2337790e-02
   1.2295960e-02
   1.2119770e-02
   1.1737580e-02
   1.1369800e-02
   1.1095270e-02
   1.0775240e-02
   1.0364860e-02
   1.0049600e-02
   9.9341650e-03
   9.9561050e-03
   9.7354230e-03
   9.3304740e-03
   9.0710370e-03
   8.8095480e-03
   8.4064150e-03
   7.8909050e-03
   7.3939470e-03
   6.9066330e-03
   6.3811090e-03
   5.8314300e-03
   5.1596940e-03
   4.3104190e-03
   3.5937570e-03
   3.0858730e-03
   2.5827950e-03
   2.0996820e-03
   1.7255200e-03
   1.3425460e-03
   1.0099200e-03
   9.8351310e-04
   1.1477700e-03
   1.3647540e-03
   1.6254600e-03
   1.9598060e-03
   2.3709760e-03
   2.8286450e-03
   3.2967600e-03
   3.8697920e-03
   4.7116070e-03
   5.6585020e-03
   6.3900400e-03
   7.1212810e-03
   7.9038230e-03
   8.4866630e-03
   9.0212420e-03
   9.6928840e-03
   1.0320180e-02
   1.0713570e-02
   1.1058760e-02
   1.1503830e-02
   1.2026960e-02
   1.2575990e-02
   1.3120900e-02
   1.3584280e-02
   1.3958730e-02
   1.4277000e-02
   1.4577400e-02
   1.4911020e-02
   1.5190640e-02
   1.5285020e-02
   1.5248760e-02
   1.5357380e-02
   1.5560160e-02
   1.5515030e-02
   1.5335680e-02
   1.5269840e-02
   1.5187450e-02
   1.5113510e-02
   1.5178400e-02
   1.5128770e-02
   1.4777010e-02
   1.4453150e-02
   1.4291750e-02
   1.4029670e-02
   1.3660260e-02
   1.3193970e-02
   1.2760680e-02
   1.2600600e-02
   1.2370900e-02
   1.1828450e-02
   1.1245580e-02
   1.0794630e-02
   1.0275960e-02
   9.6783250e-03
   9.2416620e-03
   8.9943280e-03
   9.0133410e-03
   9.1893970e-03
   9.3317760e-03
   9.4911460e-03
   9.7127910e-03
   9.9280870e-03
   1.0083980e-02
   1.0192430e-02
   1.0363610e-02
   1.0610540e-02
   1.0784930e-02
   1.1016140e-02
   1.1384820e-02
   1.1700550e-02
   1.2025690e-02
   1.2532940e-02
   1.3057920e-02
   1.3488500e-02
   1.3961370e-02
   1.4582200e-02
   1.5017870e-02
   1.5222280e-02
   1.5499090e-02
   1.5899070e-02
   1.6264090e-02
   1.6469110e-02
   1.6609080e-02
   1.6874690e-02
   1.7177170e-02
   1.7350770e-02
   1.7418260e-02
   1.7317150e-02
   1.6971660e-02
   1.6426230e-02
   1.5657210e-02
   1.4649020e-02
   1.3467460e-02
   1.2216790e-02
   1.0826430e-02
   9.2425820e-03
   7.6864200e-03
   6.1617190e-03
   4.7369070e-03
   3.6490690e-03
   2.6061910e-03
   1.3015680e-03
   1.6830900e-04
  -6.7476670e-04
  -1.4742740e-03
  -2.2903740e-03
  -3.1046190e-03
  -3.9387470e-03
  -4.5951520e-03
  -5.2426300e-03
  -5.9361090e-03
  -6.5334230e-03
  -7.0361330e-03
  -7.3650720e-03
  -7.6237940e-03
  -8.0443290e-03
  -8.4833520e-03
  -8.8047450e-03
  -9.2333510e-03
  -9.7801230e-03
  -1.0318080e-02
  -1.0832600e-02
  -1.1343440e-02
  -1.1873960e-02
  -1.2407170e-02
  -1.2930570e-02
  -1.3378730e-02
  -1.3650250e-02
  -1.3928290e-02
  -1.4335700e-02
  -1.4797880e-02
  -1.5101510e-02
  -1.5266320e-02
  -1.5663340e-02
  -1.6212910e-02
  -1.6707600e-02
  -1.7184590e-02
  -1.7771720e-02
  -1.8421770e-02
  -1.8879420e-02
  -1.9146840e-02
  -1.9577020e-02
  -2.0110520e-02
  -2.0444390e-02
  -2.0770780e-02
  -2.1288100e-02
  -2.1842310e-02
  -2.2197580e-02
  -2.2524150e-02
  -2.2906240e-02
  -2.3157300e-02
  -2.3256390e-02
  -2.3433230e-02
  -2.3815340e-02
  -2.4301620e-02
  -2.4741760e-02
  -2.5029610e-02
  -2.5211430e-02
  -2.5411000e-02
  -2.5691810e-02
  -2.5859970e-02
  -2.5776140e-02
  -2.5645600e-02
  -2.5579360e-02
  -2.5477010e-02
  -2.5378760e-02
  -2.5384500e-02
  -2.5425220e-02
  -2.5554130e-02
  -2.5843700e-02
  -2.6195150e-02
  -2.6517500e-02
  -2.6670610e-02
  -2.6723110e-02
  -2.6688480e-02
  -2.6439650e-02
  -2.6132650e-02
  -2.5871030e-02
  -2.5479200e-02
  -2.4877810e-02
  -2.4297320e-02
  -2.3706020e-02
  -2.3014720e-02
  -2.2548960e-02
  -2.2238020e-02
  -2.1840350e-02
  -2.1126680e-02
  -2.0282900e-02
  -1.9632570e-02
  -1.9031380e-02
  -1.8306060e-02
  -1.7497320e-02
  -1.6773220e-02
  -1.6306260e-02
  -1.6163810e-02
  -1.6234490e-02
  -1.6237200e-02
  -1.6218270e-02
  -1.6388870e-02
  -1.6676420e-02
  -1.7052450e-02
  -1.7344320e-02
  -1.7477200e-02
  -1.7613610e-02
  -1.7806240e-02
  -1.7962390e-02
  -1.7999010e-02
  -1.7888620e-02
  -1.7643080e-02
  -1.7480550e-02
  -1.7411010e-02
  -1.7368380e-02
  -1.7347510e-02
  -1.7304160e-02
  -1.7118320e-02
  -1.6600270e-02
  -1.6082660e-02
  -1.5768520e-02
  -1.5480430e-02
  -1.4969880e-02
  -1.4448970e-02
  -1.4178690e-02
  -1.4125410e-02
  -1.4035690e-02
  -1.3879530e-02
  -1.3605120e-02
  -1.3325120e-02
  -1.3141230e-02
  -1.2917160e-02
  -1.2577200e-02
  -1.2175900e-02
  -1.1779650e-02
  -1.1444780e-02
  -1.1207920e-02
  -1.1126810e-02
  -1.1179500e-02
  -1.1224130e-02
  -1.1225600e-02
  -1.1207080e-02
  -1.1139740e-02
  -1.1029490e-02
  -1.0910030e-02
  -1.0883760e-02
  -1.1157100e-02
  -1.1607120e-02
  -1.2239130e-02
  -1.3065400e-02
  -1.3944030e-02
  -1.4908140e-02
  -1.6027980e-02
  -1.7061970e-02
  -1.7802550e-02
  -1.8488990e-02
  -1.9131760e-02
  -1.9515230e-02
  -1.9535970e-02
  -1.9478850e-02
  -1.9511350e-02
  -1.9528880e-02
  -1.9468460e-02
  -1.9072210e-02
  -1.8657220e-02
  -1.8464120e-02
  -1.8232070e-02
  -1.7774820e-02
  -1.7404240e-02
  -1.7196700e-02
  -1.6900460e-02
  -1.6506330e-02
  -1.6117110e-02
  -1.5701850e-02
  -1.5248200e-02
  -1.4795390e-02
  -1.4529480e-02
  -1.4562170e-02
  -1.4499590e-02
  -1.4236610e-02
  -1.4030240e-02
  -1.3821040e-02
  -1.3611880e-02
  -1.3419740e-02
  -1.3253250e-02
  -1.3137510e-02
  -1.2943590e-02
  -1.2647990e-02
  -1.2225140e-02
  -1.1804770e-02
  -1.1548810e-02
  -1.1273620e-02
  -1.0796880e-02
  -1.0381490e-02
  -1.0276860e-02
  -1.0201530e-02
  -9.9092270e-03
  -9.8932630e-03
  -1.0218700e-02
  -1.0482350e-02
  -1.0678650e-02
  -1.0998410e-02
  -1.1344910e-02
  -1.1647440e-02
  -1.1921680e-02
  -1.2070670e-02
  -1.2199740e-02
  -1.2266150e-02
  -1.2270830e-02
  -1.2368710e-02
  -1.2557770e-02
  -1.2565500e-02
  -1.2423890e-02
  -1.2241860e-02
  -1.2000560e-02
  -1.1566740e-02
  -1.0827910e-02
  -9.9767270e-03
  -9.0608440e-03
  -7.9342310e-03
  -6.6386700e-03
  -5.2894410e-03
  -4.0157950e-03
  -2.7837370e-03
  -1.4668390e-03
  -5.4433940e-05
   1.0728360e-03
   1.9186750e-03
   2.7609210e-03
   3.5664720e-03
   4.1409920e-03
   4.6718850e-03
   5.2634730e-03
   5.7646020e-03
   6.2797890e-03
   6.8710430e-03
   7.4680260e-03
   8.0203310e-03
   8.5530810e-03
   8.9889380e-03
   9.2937810e-03
   9.4325820e-03
   9.4669210e-03
   9.3228420e-03
   8.8664250e-03
   8.2791290e-03
   7.7029350e-03
   7.0755250e-03
   6.2836640e-03
   5.5072070e-03
   4.8982120e-03
   4.3870580e-03
   3.8731650e-03
   3.3852990e-03
   2.9583230e-03
   2.5793350e-03
   2.2327690e-03
   1.8174440e-03
   1.4325560e-03
   1.2271780e-03
   1.0894930e-03
   9.5664570e-04
   8.2808290e-04
   7.2807350e-04
   5.6666580e-04
   3.6957200e-04
   4.6089880e-04
   8.0533540e-04
   1.1671360e-03
   1.4725350e-03
   1.8345020e-03
   2.3122830e-03
   2.8106880e-03
   3.3424730e-03
   3.8122860e-03
   4.1911950e-03
   4.7198240e-03
   5.3265750e-03
   5.8048870e-03
   6.2780950e-03
   6.8105310e-03
   7.1654280e-03
   7.3872220e-03
   7.6242820e-03
   7.7787860e-03
   7.8280810e-03
   7.9151680e-03
   8.0253050e-03
   8.0984400e-03
   8.1649230e-03
   8.3198390e-03
   8.5168830e-03
   8.6993680e-03
   8.9583660e-03
   9.2442460e-03
   9.3590000e-03
   9.3284440e-03
   9.2737170e-03
   9.2304420e-03
   9.1554960e-03
   8.8718840e-03
   8.5342740e-03
   8.2273640e-03
   7.9071500e-03
   7.7319530e-03
   7.5948610e-03
   7.1170880e-03
   6.3999980e-03
   5.7182110e-03
   5.0594520e-03
   4.3014560e-03
   3.4990580e-03
   2.8855980e-03
   2.3034230e-03
   1.6358110e-03
   1.0487980e-03
   6.2213560e-04
   2.8380670e-04
  -2.0602500e-06
  -1.7825580e-04
  -2.8435420e-04
  -2.9451130e-04
  -9.6104020e-05
   1.5825710e-04
   3.5341220e-04
   6.6912160e-04
   1.0595060e-03
   1.4431690e-03
   1.9441760e-03
   2.5264160e-03
   2.9839310e-03
   3.3953690e-03
   3.9431480e-03
   4.5925050e-03
   5.3526620e-03
   6.1423830e-03
   6.8717920e-03
   7.5451930e-03
   8.2519970e-03
   8.9359220e-03
   9.4287040e-03
   9.7336650e-03
   1.0084870e-02
   1.0480490e-02
   1.0670310e-02
   1.0718620e-02
   1.0773750e-02
   1.0831910e-02
   1.0851710e-02
   1.0677850e-02
   1.0204560e-02
   9.6004590e-03
   8.9273590e-03
   8.1794800e-03
   7.4573750e-03
   6.6930690e-03
   5.7783720e-03
   4.7577810e-03
   3.6989370e-03
   2.6384950e-03
   1.6253950e-03
   7.2584940e-04
  -1.4183440e-04
  -9.4857050e-04
  -1.6997440e-03
  -2.4956200e-03
  -3.2377240e-03
  -3.7327600e-03
  -4.1068910e-03
  -4.4509660e-03
  -4.7558180e-03
  -4.9795720e-03
  -5.1111360e-03
  -5.2234300e-03
  -5.3049590e-03
  -5.2418770e-03
  -5.1091730e-03
  -4.9405010e-03
  -4.5849550e-03
  -4.0524230e-03
  -3.4912710e-03
  -2.9270100e-03
  -2.2632860e-03
  -1.6541710e-03
  -1.1663960e-03
  -6.5025610e-04
   7.9562950e-06
   5.7036350e-04
   9.6256610e-04
   1.2391450e-03
   1.5158810e-03
   1.8906180e-03
   2.3091410e-03
   2.6190510e-03
   2.9630080e-03
   3.5818690e-03
   4.2104150e-03
   4.7067990e-03
   5.1501390e-03
   5.5148830e-03
   5.7360670e-03
   5.8582370e-03
   6.0937680e-03
   6.3271910e-03
   6.4901040e-03
   6.5204910e-03
   6.4317890e-03
   6.3011070e-03
   6.1771630e-03
   5.9710580e-03
   5.6696480e-03
   5.3207940e-03
   5.0283740e-03
   4.8872360e-03
   4.8738000e-03
   4.9574920e-03
   5.1097340e-03
   5.3130620e-03
   5.7168020e-03
   6.2177970e-03
   6.5524830e-03
   6.7562340e-03
   6.9204810e-03
   7.1932150e-03
   7.5400960e-03
   7.7337940e-03
   8.0389780e-03
   8.4686300e-03
   8.8067530e-03
   9.0562880e-03
   9.3447050e-03
   9.7155410e-03
   1.0102040e-02
   1.0446090e-02
   1.0829960e-02
   1.1398120e-02
   1.1954220e-02
   1.2305670e-02
   1.2544530e-02
   1.2844100e-02
   1.3184450e-02
   1.3292050e-02
   1.3156630e-02
   1.3017570e-02
   1.3025790e-02
   1.3006990e-02
   1.2854910e-02
   1.2639710e-02
   1.2389950e-02
   1.2097860e-02
   1.1762070e-02
   1.1311760e-02
   1.0664620e-02
   9.8985290e-03
   9.0702870e-03
   8.2014180e-03
   7.4785080e-03
   7.1073480e-03
   6.7008440e-03
   5.9929020e-03
   5.2358660e-03
   4.5773360e-03
   4.0807730e-03
   3.6384560e-03
   3.1739800e-03
   2.6548180e-03
   2.0388390e-03
   1.5522860e-03
   1.0967430e-03
   4.9107370e-04
  -1.8647000e-04
  -8.2028760e-04
  -1.4665740e-03
  -2.1482470e-03
  -2.8472220e-03
  -3.6269040e-03
  -4.3508770e-03
  -4.7081130e-03
  -4.9334180e-03
  -5.3588270e-03
  -5.7911430e-03
  -6.2839210e-03
  -6.8093550e-03
  -7.1544250e-03
  -7.3271380e-03
  -7.2370930e-03
  -6.9734840e-03
  -6.5668870e-03
  -5.9405550e-03
  -5.1281990e-03
  -4.0894040e-03
  -2.9962200e-03
  -2.0146270e-03
  -9.4760200e-04
   6.7805190e-05
   7.9925030e-04
   1.3775690e-03
   1.7792280e-03
   1.9801780e-03
   2.1706910e-03
   2.4861940e-03
   2.6810940e-03
   2.6732670e-03
   2.7279070e-03
   2.8478830e-03
   2.9540610e-03
   3.1030440e-03
   3.2753450e-03
   3.3529130e-03
   3.4890890e-03
   3.7996650e-03
   3.9551380e-03
   3.9765170e-03
   4.0650810e-03
   4.3096810e-03
   4.5766910e-03
   4.8509530e-03
   5.0802710e-03
   5.1862410e-03
   5.2416490e-03
   5.2085980e-03
   4.9959990e-03
   4.5904270e-03
   4.0998680e-03
   3.5593030e-03
   2.9590420e-03
   2.4930770e-03
   2.0581350e-03
   1.5098250e-03
   1.0985140e-03
   8.3871050e-04
   7.4438160e-04
   8.4820410e-04
   9.5144310e-04
   9.8415870e-04
   1.1390650e-03
   1.4001660e-03
   1.4834020e-03
   1.5757850e-03
   2.0455290e-03
   2.5638320e-03
   2.7257260e-03
   2.8075140e-03
   3.0277560e-03
   3.1796530e-03
   3.0419960e-03
   2.8013010e-03
   2.6801250e-03
   2.6080850e-03
   2.3739050e-03
   2.1581690e-03
   2.2700740e-03
   2.3778420e-03
   2.1485770e-03
   1.7623300e-03
   1.6031200e-03
   1.6446000e-03
   1.5269180e-03
   1.4060980e-03
   1.3382280e-03
   1.2375120e-03
   1.3565040e-03
   1.6231960e-03
   1.6685210e-03
   1.5969620e-03
   1.6861860e-03
   1.8715010e-03
   2.0089650e-03
   2.0440160e-03
   1.8675850e-03
   1.5445460e-03
   1.3551630e-03
   1.1014400e-03
   4.1552610e-04
  -3.9546280e-04
  -1.0009510e-03
  -1.5351280e-03
  -2.0829140e-03
  -2.6261200e-03
  -3.1255500e-03
  -3.5351510e-03
  -3.7318230e-03
  -3.8860400e-03
  -4.1809760e-03
  -4.3303310e-03
  -4.1758380e-03
  -3.8356490e-03
  -3.4865930e-03
  -3.2239850e-03
  -2.8799550e-03
  -2.4339710e-03
  -2.0290960e-03
  -1.7912010e-03
  -1.6568350e-03
  -1.4095150e-03
  -1.2400730e-03
  -1.3392340e-03
  -1.5577090e-03
  -1.8763450e-03
  -2.1612330e-03
  -2.2160280e-03
  -2.1987330e-03
  -2.2502920e-03
  -2.1857200e-03
  -1.9459560e-03
  -1.8900730e-03
  -1.8714150e-03
  -1.6548740e-03
  -1.4041670e-03
  -1.1972410e-03
  -1.1111460e-03
  -1.1962440e-03
  -1.0732190e-03
  -8.2317440e-04
  -8.2974020e-04
  -8.7257250e-04
  -5.4808410e-04
  -2.4847130e-04
  -2.2257300e-04
  -2.5567450e-04
  -1.7106280e-04
  -1.2095100e-05
  -6.0697160e-05
  -2.4533250e-04
  -4.2340900e-04
  -4.9742880e-04
  -5.7503620e-04
  -7.7482460e-04
  -1.1252990e-03
  -1.7194530e-03
  -2.4057560e-03
  -2.9012160e-03
  -3.2243700e-03
  -3.6175970e-03
  -4.0192480e-03
  -4.1344160e-03
  -4.1328380e-03
  -4.2859100e-03
  -4.5421620e-03
  -4.6870860e-03
  -4.7734930e-03
  -5.1306160e-03
  -5.7938570e-03
  -6.3528790e-03
  -6.7358490e-03
  -6.9864970e-03
  -7.2400260e-03
  -7.4301240e-03
  -7.4309880e-03
  -7.4144050e-03
  -7.3275870e-03
  -7.1217410e-03
  -7.0303220e-03
  -7.0474600e-03
  -6.8906810e-03
  -6.7558110e-03
  -6.6722930e-03
  -6.4088150e-03
  -5.9029320e-03
  -5.2562870e-03
  -4.5752710e-03
  -3.8251580e-03
  -3.0334350e-03
  -2.3246550e-03
  -1.6266330e-03
  -9.8831730e-04
  -4.0567430e-04
   1.3011150e-04
   4.6724160e-04
   6.6094140e-04
   8.9897960e-04
   1.2867190e-03
   1.7246350e-03
   2.1660200e-03
   2.6787290e-03
   3.1150120e-03
   3.4693260e-03
   3.9653800e-03
   4.5788860e-03
   5.2192680e-03
   5.8346430e-03
   6.5258930e-03
   7.3621400e-03
   8.2453760e-03
   8.9958060e-03
   9.6591160e-03
   1.0437880e-02
   1.1201200e-02
   1.1734090e-02
   1.2062720e-02
   1.2337280e-02
   1.2706540e-02
   1.2960730e-02
   1.3082670e-02
   1.3244590e-02
   1.3354140e-02
   1.3391630e-02
   1.3283140e-02
   1.3066930e-02
   1.2902460e-02
   1.2776940e-02
   1.2346960e-02
   1.1688890e-02
   1.1110490e-02
   1.0636480e-02
   1.0266220e-02
   9.8980840e-03
   9.3473550e-03
   8.7386170e-03
   8.2176390e-03
   7.6295120e-03
   6.8948580e-03
   6.1494170e-03
   5.3965960e-03
   4.4264070e-03
   3.3803270e-03
   2.3828120e-03
   1.2533110e-03
  -5.9886380e-06
  -1.2041360e-03
  -2.2724210e-03
  -3.3578430e-03
  -4.5014330e-03
  -5.7889540e-03
  -7.2845830e-03
  -8.7587480e-03
  -9.8378240e-03
  -1.0531050e-02
  -1.1218210e-02
  -1.1991380e-02
  -1.2616480e-02
  -1.2907650e-02
  -1.3059350e-02
  -1.3479170e-02
  -1.3983120e-02
  -1.4375720e-02
  -1.4702090e-02
  -1.4909130e-02
  -1.4931870e-02
  -1.5095650e-02
  -1.5248890e-02
  -1.5048810e-02
  -1.4551530e-02
  -1.3900750e-02
  -1.3111690e-02
  -1.2105370e-02
  -1.1110430e-02
  -1.0276690e-02
  -9.3545100e-03
  -8.3693410e-03
  -7.4569650e-03
  -6.7013340e-03
  -6.0233090e-03
  -5.2789730e-03
  -4.4954170e-03
  -3.7779610e-03
  -3.1340550e-03
  -2.5916630e-03
  -2.0968940e-03
  -1.5400880e-03
  -8.8110210e-04
  -3.3421000e-04
  -3.2959340e-05
   2.0592050e-04
   4.3235910e-04
   7.5481830e-04
   1.1104040e-03
   1.3234870e-03
   1.3628810e-03
   1.2202790e-03
   1.1908170e-03
   1.4124390e-03
   1.4023060e-03
   1.1235480e-03
   7.8056450e-04
   4.0896320e-04
   1.5208460e-04
   4.6775740e-06
  -2.5817720e-04
  -7.4019750e-04
  -1.3019900e-03
  -1.8018490e-03
  -2.1654980e-03
  -2.4850270e-03
  -2.8555510e-03
  -3.1998390e-03
  -3.4942870e-03
  -3.7127070e-03
  -3.8058680e-03
  -3.7605300e-03
  -3.7971300e-03
  -3.9559070e-03
  -4.1069210e-03
  -4.3137130e-03
  -4.6605340e-03
  -5.1091630e-03
  -5.6467990e-03
  -6.4415680e-03
  -7.4834840e-03
  -8.4834620e-03
  -9.2530430e-03
  -9.9917460e-03
  -1.0773270e-02
  -1.1535280e-02
  -1.2188590e-02
  -1.2742870e-02
  -1.3259560e-02
  -1.3817850e-02
  -1.4412230e-02
  -1.5020650e-02
  -1.5358410e-02
  -1.5636410e-02
  -1.6030570e-02
  -1.6206710e-02
  -1.6332230e-02
  -1.6382600e-02
  -1.6097460e-02
  -1.5775510e-02
  -1.5428940e-02
  -1.4757850e-02
  -1.3795340e-02
  -1.2702330e-02
  -1.1754320e-02
  -1.0911540e-02
  -1.0044580e-02
  -9.2113620e-03
  -8.4598170e-03
  -7.9901600e-03
  -7.6640210e-03
  -7.1449650e-03
  -6.5585680e-03
  -5.9906880e-03
  -5.3979120e-03
  -4.9410320e-03
  -4.5145090e-03
  -3.8322390e-03
  -3.0668390e-03
  -2.4810860e-03
  -2.0248230e-03
  -1.3645650e-03
  -4.5809840e-04
   3.9093020e-04
   1.0746230e-03
   1.7291440e-03
   2.5415810e-03
   3.5394200e-03
   4.4416900e-03
   5.1354910e-03
   5.6829090e-03
   6.1576410e-03
   6.5482550e-03
   6.8002790e-03
   7.0566300e-03
   7.3223460e-03
   7.4441960e-03
   7.5601560e-03
   7.6797820e-03
   7.7774530e-03
   7.9672620e-03
   8.2463930e-03
   8.4309630e-03
   8.4155600e-03
   8.3227720e-03
   8.2558690e-03
   8.0603710e-03
   7.6878430e-03
   7.1203080e-03
   6.3114510e-03
   5.5227400e-03
   4.7567750e-03
   3.9417500e-03
   3.1343370e-03
   2.3487050e-03
   1.5692740e-03
   9.4852050e-04
   6.7262230e-04
   4.6638510e-04
   2.0033740e-04
   3.5807720e-05
  -9.3556190e-05
  -2.5218900e-04
  -2.4299590e-04
  -1.4118390e-04
  -1.1957530e-04
  -8.3020700e-05
   6.4386860e-05
   2.3330980e-04
   5.8794750e-04
   1.2826690e-03
   1.9979720e-03
   2.5484870e-03
   3.2125390e-03
   4.0276760e-03
   4.8644860e-03
   5.7139790e-03
   6.2178350e-03
   6.2777270e-03
   6.2760100e-03
   6.3105270e-03
   6.2338070e-03
   6.0287900e-03
   5.8163480e-03
   5.4538460e-03
   5.0003150e-03
   4.9062800e-03
   5.1103300e-03
   5.1413860e-03
   4.9236680e-03
   4.7104530e-03
   4.5003120e-03
   4.3617040e-03
   4.1984990e-03
   3.7503360e-03
   3.2007340e-03
   2.8033220e-03
   2.5041970e-03
   2.2387620e-03
   1.9318630e-03
   1.5114100e-03
   1.0173220e-03
   7.0799620e-04
   3.7877340e-04
  -2.0836780e-04
  -9.3828090e-04
  -1.7207010e-03
  -2.4677360e-03
  -3.0350970e-03
  -3.3842360e-03
  -3.8403780e-03
  -4.2667750e-03
  -4.3882550e-03
  -4.2100550e-03
  -3.7956910e-03
  -3.2959570e-03
  -2.8269410e-03
  -2.3536830e-03
  -1.7356680e-03
  -1.1060880e-03
  -4.6449040e-04
   2.4730480e-04
   1.0098600e-03
   1.8131830e-03
   2.6757470e-03
   3.6276860e-03
   4.5517900e-03
   5.3866990e-03
   6.3231850e-03
   7.3720710e-03
   8.2405940e-03
   8.8968600e-03
   9.4759660e-03
   9.9795860e-03
   1.0223430e-02
   1.0225570e-02
   1.0224840e-02
   1.0233670e-02
   9.9395130e-03
   9.4288750e-03
   8.8810500e-03
   8.2939060e-03
   7.5698140e-03
   6.8814150e-03
   6.3942190e-03
   5.9700120e-03
   5.3490430e-03
   4.8219170e-03
   4.7061400e-03
   4.6596380e-03
   4.5472780e-03
   4.4864450e-03
   4.4544490e-03
   4.5303840e-03
   4.8015430e-03
   5.1428620e-03
   5.4592640e-03
   5.7307580e-03
   5.8541450e-03
   5.7793320e-03
   5.6249370e-03
   5.3172290e-03
   4.6745020e-03
   3.6792850e-03
   2.7727350e-03
   2.0091030e-03
   1.1054360e-03
   7.0205490e-05
  -1.0563540e-03
  -2.1648550e-03
  -3.0235800e-03
  -3.8523690e-03
  -4.6119990e-03
  -4.9873600e-03
  -5.0502710e-03
  -4.9944700e-03
  -4.7690150e-03
  -4.3425330e-03
  -3.8049340e-03
  -3.2759580e-03
  -2.6794140e-03
  -1.9466090e-03
  -1.1868020e-03
  -4.8763220e-04
   4.0618110e-05
   4.3314080e-04
   7.2101760e-04
   1.0334960e-03
   1.3297500e-03
   1.4838540e-03
   1.5932080e-03
   1.7674370e-03
   2.2099560e-03
   2.7734750e-03
   3.2409460e-03
   3.7496940e-03
   4.2811670e-03
   4.5005430e-03
   4.5575560e-03
   4.7788630e-03
   5.0033320e-03
   4.9275340e-03
   4.7097490e-03
   4.5407220e-03
   4.5135150e-03
   4.3755320e-03
   4.0432650e-03
   3.6941390e-03
   3.4429090e-03
   3.1628980e-03
   2.6987100e-03
   2.1139440e-03
   1.6304350e-03
   1.4233460e-03
   1.2531820e-03
   1.0491340e-03
   9.4233750e-04
   1.0400240e-03
   1.1194710e-03
   9.6680580e-04
   8.0298450e-04
   8.9012810e-04
   9.0350830e-04
   7.5567550e-04
   7.0986780e-04
   6.8803670e-04
   4.5429470e-04
   1.5705150e-04
   3.5513230e-05
   1.0036490e-04
   3.6726570e-04
   6.6433050e-04
   8.9494980e-04
   1.1778810e-03
   1.5273820e-03
   1.7585580e-03
   1.7801450e-03
   1.8541290e-03
   1.9803690e-03
   1.9214160e-03
   1.8269450e-03
   1.8928930e-03
   2.0934010e-03
   2.2574050e-03
   2.3484960e-03
   2.3210410e-03
   2.1406810e-03
   1.9548540e-03
   1.9033480e-03
   1.8733760e-03
   1.7780530e-03
   1.7090940e-03
   1.6702810e-03
   1.6070040e-03
   1.5102870e-03
   1.4135760e-03
   1.4154010e-03
   1.5645990e-03
   1.6266850e-03
   1.5386200e-03
   1.3945380e-03
   1.3719090e-03
   1.3422600e-03
   1.0498040e-03
   6.9897130e-04
   3.6350140e-04
   8.6431270e-05
  -4.1766720e-05
  -2.6788440e-04
  -3.6023130e-04
  -2.0051390e-04
   7.3348260e-05
   3.8011360e-04
   7.0365390e-04
   1.1634000e-03
   1.7282020e-03
   2.4213210e-03
   3.3364000e-03
   4.2228850e-03
   4.9705510e-03
   5.9320970e-03
   7.0875780e-03
   8.1922100e-03
   9.2266190e-03
   1.0091650e-02
   1.0740980e-02
   1.1436250e-02
   1.2109960e-02
   1.2520230e-02
   1.2704940e-02
   1.2775850e-02
   1.2800040e-02
   1.2757470e-02
   1.2592900e-02
   1.2378110e-02
   1.2157480e-02
   1.1811310e-02
   1.1264580e-02
   1.0678560e-02
   1.0246440e-02
   9.8575830e-03
   9.4175580e-03
   8.8877020e-03
   8.3333810e-03
   7.7717630e-03
   7.3292290e-03
   7.0726100e-03
   6.8095360e-03
   6.4128800e-03
   5.9676430e-03
   5.6585760e-03
   5.4964100e-03
   5.4275660e-03
   5.5034820e-03
   5.5956680e-03
   5.7756850e-03
   6.3298270e-03
   7.0372330e-03
   7.6808610e-03
   8.3942740e-03
   9.2101310e-03
   1.0076190e-02
   1.0883570e-02
   1.1577930e-02
   1.2140470e-02
   1.2483550e-02
   1.2676270e-02
   1.2958880e-02
   1.3122830e-02
   1.2974040e-02
   1.2572060e-02
   1.2029840e-02
   1.1509560e-02
   1.1002830e-02
   1.0551250e-02
   1.0134300e-02
   9.8899890e-03
   9.8252770e-03
   9.7423480e-03
   9.5642230e-03
   9.1120880e-03
   8.4268240e-03
   7.7988510e-03
   7.0340520e-03
   5.8875410e-03
   4.4293610e-03
   3.0046150e-03
   1.8163420e-03
   8.1298240e-04
  -2.5786560e-04
  -1.3884610e-03
  -2.3775180e-03
  -3.1994830e-03
  -4.0334830e-03
  -4.9293680e-03
  -5.7522280e-03
  -6.2931850e-03
  -6.3810670e-03
  -6.1332220e-03
  -6.0281710e-03
  -5.9196460e-03
  -5.4738840e-03
  -4.8266240e-03
  -4.2587600e-03
  -3.7577260e-03
  -3.1957200e-03
  -2.6618370e-03
  -2.2136590e-03
  -1.8618060e-03
  -1.6983190e-03
  -1.7599550e-03
  -1.8951330e-03
  -1.9693930e-03
  -2.1369860e-03
  -2.5013140e-03
  -2.8281520e-03
  -2.9786150e-03
  -2.8783570e-03
  -2.5489760e-03
  -2.2626840e-03
  -2.1279660e-03
  -1.8751490e-03
  -1.6443100e-03
  -1.6453620e-03
  -1.8605010e-03
  -2.2885910e-03
  -2.8797720e-03
  -3.5056350e-03
  -4.1692840e-03
  -4.7160500e-03
  -5.0528830e-03
  -5.4341760e-03
  -5.7609790e-03
  -5.8869420e-03
  -5.9138340e-03
  -5.8698330e-03
  -5.8927040e-03
  -5.9124230e-03
  -5.7459640e-03
  -5.5970870e-03
  -5.5509160e-03
  -5.3937600e-03
  -5.1681390e-03
  -4.9922790e-03
  -4.9394750e-03
  -4.9813500e-03
  -4.9466720e-03
  -4.8003310e-03
  -4.5263970e-03
  -4.3518150e-03
  -4.2190950e-03
  -4.0717760e-03
  -3.9142540e-03
  -3.5281250e-03
  -2.8976310e-03
  -2.2624890e-03
  -1.6756610e-03
  -1.0032640e-03
  -2.3539820e-04
   3.9288310e-04
   1.0346650e-03
   1.8563160e-03
   2.7765870e-03
   3.7018820e-03
   4.5150680e-03
   5.2397440e-03
   5.9048860e-03
   6.4170420e-03
   6.6342550e-03
   6.7839130e-03
   7.0997470e-03
   7.4315850e-03
   7.6347420e-03
   7.8413270e-03
   8.1396180e-03
   8.4516070e-03
   8.6953650e-03
   8.8743020e-03
   9.0285590e-03
   9.0960850e-03
   8.9553830e-03
   8.6477160e-03
   8.3411310e-03
   8.0439280e-03
   7.5628970e-03
   7.1357330e-03
   6.9187730e-03
   6.8444870e-03
   6.9783570e-03
   7.3106400e-03
   7.6914610e-03
   7.9787350e-03
   8.2202660e-03
   8.4867820e-03
   8.7209500e-03
   8.7833830e-03
   8.4901580e-03
   7.9031790e-03
   7.4102350e-03
   7.0463260e-03
   6.6341760e-03
   6.3844140e-03
   6.3712230e-03
   6.3480750e-03
   6.1535190e-03
   5.9335720e-03
   5.8523510e-03
   5.9763490e-03
   6.3872030e-03
   6.8305790e-03
   7.1176210e-03
   7.4676420e-03
   7.8690730e-03
   8.1492690e-03
   8.5589830e-03
   9.2246640e-03
   9.7390730e-03
   9.9346720e-03
   1.0050850e-02
   1.0285710e-02
   1.0557700e-02
   1.0698370e-02
   1.0687080e-02
   1.0571930e-02
   1.0521840e-02
   1.0607540e-02
   1.0628710e-02
   1.0457390e-02
   1.0207900e-02
   1.0088500e-02
   9.9912740e-03
   9.8298840e-03
   9.5969870e-03
   9.2741990e-03
   9.0121520e-03
   8.9659570e-03
   8.9909250e-03
   8.9716410e-03
   8.9390720e-03
   8.8822740e-03
   8.7771580e-03
   8.6903140e-03
   8.6208260e-03
   8.3663520e-03
   7.9779910e-03
   7.4359130e-03
   6.7917080e-03
   6.3046950e-03
   5.8362210e-03
   5.1981850e-03
   4.5422030e-03
   3.9939230e-03
   3.4453070e-03
   2.8308790e-03
   2.4111900e-03
   2.1348590e-03
   1.8536070e-03
   1.6606060e-03
   1.5075530e-03
   1.3637570e-03
   1.2288590e-03
   1.2313770e-03
   1.3083820e-03
   1.2721720e-03
   1.2314640e-03
   1.2804010e-03
   1.2447920e-03
   1.0170970e-03
   6.4206770e-04
   2.7201450e-04
   1.2930300e-04
  -5.2548940e-05
  -5.5092590e-04
  -1.0981480e-03
  -1.3331590e-03
  -1.4392940e-03
  -1.6804270e-03
  -1.9875270e-03
  -2.4181870e-03
  -3.0331080e-03
  -3.5442210e-03
  -3.9057970e-03
  -4.3005770e-03
  -4.7928710e-03
  -5.2073780e-03
  -5.5211660e-03
  -5.8374540e-03
  -6.1563530e-03
  -6.6289050e-03
  -7.3060010e-03
  -7.9527110e-03
  -8.6309490e-03
  -9.3144150e-03
  -1.0012460e-02
  -1.0850000e-02
  -1.1556340e-02
  -1.2068590e-02
  -1.2507740e-02
  -1.2857900e-02
  -1.3166250e-02
  -1.3413800e-02
  -1.3669330e-02
  -1.4056480e-02
  -1.4567340e-02
  -1.5012120e-02
  -1.5358440e-02
  -1.5762740e-02
  -1.6358520e-02
  -1.6908140e-02
  -1.7214910e-02
  -1.7492550e-02
  -1.7645710e-02
  -1.7630140e-02
  -1.7592970e-02
  -1.7438410e-02
  -1.7217680e-02
  -1.6906480e-02
  -1.6462670e-02
  -1.5884400e-02
  -1.5184660e-02
  -1.4525200e-02
  -1.3775360e-02
  -1.2916810e-02
  -1.2104340e-02
  -1.1432580e-02
  -1.0920730e-02
  -1.0515190e-02
  -1.0176300e-02
  -9.9460200e-03
  -9.6756980e-03
  -9.3360750e-03
  -9.0333860e-03
  -8.6590980e-03
  -8.1415910e-03
  -7.5380530e-03
  -7.0788880e-03
  -6.6769370e-03
  -6.1821680e-03
  -5.5662410e-03
  -4.9835800e-03
  -4.4218460e-03
  -3.7862730e-03
  -3.1789890e-03
  -2.6506600e-03
  -2.0855640e-03
  -1.4451720e-03
  -1.0044610e-03
  -7.9097080e-04
  -8.2984360e-04
  -1.2606040e-03
  -1.9057630e-03
  -2.4347640e-03
  -2.9327880e-03
  -3.4870370e-03
  -4.0538750e-03
  -4.5946160e-03
  -5.0196610e-03
  -5.3780380e-03
  -5.9238340e-03
  -6.5838790e-03
  -7.3082680e-03
  -8.0124070e-03
  -8.7047240e-03
  -9.4474320e-03
  -1.0107300e-02
  -1.0513080e-02
  -1.0743410e-02
  -1.0829170e-02
  -1.0612350e-02
  -1.0290150e-02
  -1.0012920e-02
  -9.6621140e-03
  -9.3650250e-03
  -9.2709900e-03
  -9.1976140e-03
  -9.0445010e-03
  -8.9349000e-03
  -8.8390940e-03
  -8.6387760e-03
  -8.3457530e-03
  -7.9427590e-03
  -7.3314840e-03
  -6.5626640e-03
  -5.8361920e-03
  -5.1956300e-03
  -4.4862030e-03
  -3.6342200e-03
  -2.8001840e-03
  -2.1505200e-03
  -1.5514290e-03
  -1.0122870e-03
  -7.0848340e-04
  -6.5513150e-04
  -7.0765100e-04
  -7.9661170e-04
  -8.9573140e-04
  -1.1006170e-03
  -1.6799530e-03
  -2.5264040e-03
  -3.3980640e-03
  -4.1774920e-03
  -4.9257970e-03
  -5.7517490e-03
  -6.5269270e-03
  -7.1702250e-03
  -7.6965960e-03
  -8.0699290e-03
  -8.1628030e-03
  -8.1799950e-03
  -8.3093270e-03
  -8.6070030e-03
  -9.0883060e-03
  -9.5830710e-03
  -9.8918760e-03
  -1.0235870e-02
  -1.0708890e-02
  -1.1190470e-02
  -1.1541920e-02
  -1.1766040e-02
  -1.1991270e-02
  -1.2266090e-02
  -1.2485840e-02
  -1.2451580e-02
  -1.2371940e-02
  -1.2447300e-02
  -1.2546960e-02
  -1.2497700e-02
  -1.2320040e-02
  -1.2176990e-02
  -1.2009970e-02
  -1.1629550e-02
  -1.1072360e-02
  -1.0509940e-02
  -1.0044970e-02
  -9.6371500e-03
  -9.2040900e-03
  -8.7645970e-03
  -8.3840380e-03
  -8.0660450e-03
  -7.6699370e-03
  -7.1527430e-03
  -6.5968240e-03
  -6.1712620e-03
  -5.7190340e-03
  -5.2929470e-03
  -4.9517980e-03
  -4.5734730e-03
  -4.2690060e-03
  -4.0002480e-03
  -3.7330470e-03
  -3.5634220e-03
  -3.4374900e-03
  -3.3316120e-03
  -3.4157370e-03
  -3.5748420e-03
  -3.5354470e-03
  -3.5540350e-03
  -3.8039350e-03
  -4.1493280e-03
  -4.5252420e-03
  -4.9922390e-03
  -5.3455510e-03
  -5.5936080e-03
  -6.0132260e-03
  -6.4199510e-03
  -6.6764150e-03
  -6.9977990e-03
  -7.3743650e-03
  -7.6686430e-03
  -7.9645500e-03
  -8.2891010e-03
  -8.6470550e-03
  -9.0242860e-03
  -9.3985990e-03
  -9.6725740e-03
  -9.8035250e-03
  -9.9208110e-03
  -1.0194070e-02
  -1.0581550e-02
  -1.1043470e-02
  -1.1369920e-02
  -1.1300520e-02
  -1.1198810e-02
  -1.1341930e-02
  -1.1321960e-02
  -1.1000360e-02
  -1.0703390e-02
  -1.0422850e-02
  -9.9496570e-03
  -9.5220730e-03
  -9.2641260e-03
  -9.0836310e-03
  -8.8933660e-03
  -8.6618470e-03
  -8.4912340e-03
  -8.4792320e-03
  -8.5990770e-03
  -8.5991660e-03
  -8.5045470e-03
  -8.5508960e-03
  -8.7842010e-03
  -8.8801750e-03
  -8.8582320e-03
  -8.9389470e-03
  -8.9075790e-03
  -8.6268200e-03
  -8.3808110e-03
  -8.3236320e-03
  -8.1259490e-03
  -7.9964370e-03
  -8.2007730e-03
  -8.4097750e-03
  -8.5209320e-03
  -8.5723900e-03
  -8.6410440e-03
  -8.6917860e-03
  -8.6110600e-03
  -8.4150160e-03
  -8.1142840e-03
  -7.7927050e-03
  -7.5418530e-03
  -7.2559270e-03
  -6.8691660e-03
  -6.5480410e-03
  -6.2702570e-03
  -6.0172220e-03
  -5.9535570e-03
  -5.9043830e-03
  -5.6707030e-03
  -5.4886270e-03
  -5.4735160e-03
  -5.3878600e-03
  -5.1846190e-03
  -5.0216680e-03
  -4.8224440e-03
  -4.5928920e-03
  -4.5058980e-03
  -4.5144560e-03
  -4.4850980e-03
  -4.6121750e-03
  -4.7602040e-03
  -4.8883840e-03
  -5.1186790e-03
  -5.3701950e-03
  -5.5539370e-03
  -5.7185300e-03
  -5.8341420e-03
  -5.7915730e-03
  -5.7088800e-03
  -5.4701560e-03
  -5.0831810e-03
  -4.6745030e-03
  -4.2706480e-03
  -3.8713440e-03
  -3.5057170e-03
  -2.9390430e-03
  -2.0989890e-03
  -1.3088800e-03
  -5.3224640e-04
   3.8600980e-04
   1.4040490e-03
   2.4763020e-03
   3.6020970e-03
   4.7774500e-03
   5.8505580e-03
   6.6826150e-03
   7.3606600e-03
   7.9170190e-03
   8.2279740e-03
   8.2972500e-03
   8.4066380e-03
   8.5071990e-03
   8.4241820e-03
   8.1675880e-03
   7.9497230e-03
   7.8652260e-03
   7.9036680e-03
   7.9657280e-03
   7.9598450e-03
   8.0009600e-03
   8.1093430e-03
   8.4351890e-03
   9.0182740e-03
   9.4582210e-03
   9.6354220e-03
   9.7088050e-03
   9.7902100e-03
   9.6790030e-03
   9.2790460e-03
   8.8999370e-03
   8.6827930e-03
   8.3060350e-03
   7.8399600e-03
   7.3559390e-03
   6.8751240e-03
   6.5354820e-03
   6.3314530e-03
   6.0706080e-03
   5.8336830e-03
   5.7324800e-03
   5.5367640e-03
   5.2888270e-03
   5.2543380e-03
   5.2145060e-03
   5.0006330e-03
   4.9465380e-03
   4.9890380e-03
   4.8097900e-03
   4.5217660e-03
   4.3549670e-03
   4.2069180e-03
   4.0328300e-03
   3.9673060e-03
   3.8712310e-03
   3.6259510e-03
   3.4282450e-03
   3.3529330e-03
   3.4109410e-03
   3.6229700e-03
   3.9550340e-03
   4.3993630e-03
   5.0180770e-03
   5.6947780e-03
   6.3420230e-03
   7.0414130e-03
   7.8788180e-03
   8.6348260e-03
   9.2094670e-03
   9.7228790e-03
   1.0166630e-02
   1.0509170e-02
   1.0667690e-02
   1.0525880e-02
   1.0344430e-02
   1.0325620e-02
   1.0110580e-02
   9.4858020e-03
   8.7994420e-03
   8.4284830e-03
   8.1534180e-03
   7.7804260e-03
   7.6150320e-03
   7.6932650e-03
   7.9188050e-03
   8.2561620e-03
   8.6753470e-03
   9.0733210e-03
   9.4385780e-03
   9.8795760e-03
   1.0253130e-02
   1.0510620e-02
   1.0734990e-02
   1.0924180e-02
   1.1001320e-02
   1.0961480e-02
   1.0855770e-02
   1.0676570e-02
   1.0617510e-02
   1.0571560e-02
   1.0273550e-02
   1.0005300e-02
   1.0076610e-02
   1.0319780e-02
   1.0511320e-02
   1.0625690e-02
   1.0831670e-02
   1.1250520e-02
   1.1675350e-02
   1.1959650e-02
   1.2026680e-02
   1.1991320e-02
   1.1855140e-02
   1.1504990e-02
   1.1145270e-02
   1.0756300e-02
   1.0313390e-02
   9.8329490e-03
   9.2923410e-03
   8.6736960e-03
   8.1426420e-03
   7.8309480e-03
   7.4223060e-03
   6.9216860e-03
   6.3968690e-03
   6.0071070e-03
   5.8352330e-03
   5.8114820e-03
   5.8261040e-03
   5.9024370e-03
   6.0720990e-03
   6.2899800e-03
   6.5153000e-03
   6.8247380e-03
   7.1752280e-03
   7.4948800e-03
   7.7993350e-03
   8.1156940e-03
   8.4843430e-03
   8.7009160e-03
   8.5900800e-03
   8.4011630e-03
   8.2946000e-03
   7.9346960e-03
   7.4632690e-03
   6.9657750e-03
   6.2832150e-03
   5.4852720e-03
   4.7056360e-03
   3.9359930e-03
   3.2075680e-03
   2.5440750e-03
   1.9190090e-03
   1.2550230e-03
   6.3205410e-04
   1.0992620e-04
  -4.6344520e-04
  -1.0118630e-03
  -1.3130710e-03
  -1.3823940e-03
  -1.5436090e-03
  -1.8195150e-03
  -2.0633390e-03
  -2.1897010e-03
  -2.2268280e-03
  -2.3824380e-03
  -2.6022340e-03
  -2.6486990e-03
  -2.7479400e-03
  -3.0870790e-03
  -3.3527470e-03
  -3.5798300e-03
  -3.8209020e-03
  -4.0671270e-03
  -4.3460060e-03
  -4.6352430e-03
  -4.9309850e-03
  -5.1668700e-03
  -5.3220320e-03
  -5.3681410e-03
  -5.5179230e-03
  -5.7937160e-03
  -6.0364580e-03
  -6.2778080e-03
  -6.5996760e-03
  -6.9787120e-03
  -7.2278540e-03
  -7.5035570e-03
  -7.7818260e-03
  -7.9188170e-03
  -8.1422410e-03
  -8.3853650e-03
  -8.4553340e-03
  -8.5635280e-03
  -8.7982100e-03
  -8.9412370e-03
  -9.0637140e-03
  -9.2225940e-03
  -9.3758210e-03
  -9.6997370e-03
  -9.9929450e-03
  -1.0080210e-02
  -1.0099250e-02
  -1.0164840e-02
  -1.0228870e-02
  -1.0323180e-02
  -1.0523180e-02
  -1.0777790e-02
  -1.1107700e-02
  -1.1440800e-02
  -1.1892640e-02
  -1.2520830e-02
  -1.3050370e-02
  -1.3462880e-02
  -1.3886030e-02
  -1.4311620e-02
  -1.4554710e-02
  -1.4519310e-02
  -1.4368190e-02
  -1.4338710e-02
  -1.4340720e-02
  -1.4217200e-02
  -1.4025550e-02
  -1.3969380e-02
  -1.3882120e-02
  -1.3751600e-02
  -1.3672900e-02
  -1.3554360e-02
  -1.3326500e-02
  -1.3029520e-02
  -1.2644100e-02
  -1.2225860e-02
  -1.1720050e-02
  -1.1122140e-02
  -1.0520590e-02
  -9.9968490e-03
  -9.5870110e-03
  -9.1949740e-03
  -8.8148540e-03
  -8.4756230e-03
  -8.2405040e-03
  -8.0187690e-03
  -7.6171170e-03
  -7.1468700e-03
  -6.6839910e-03
  -6.1491150e-03
  -5.5414940e-03
  -4.8847590e-03
  -4.1492660e-03
  -3.4686150e-03
  -2.9186110e-03
  -2.4056140e-03
  -2.0155090e-03
  -1.8651270e-03
  -1.9728690e-03
  -2.2820680e-03
  -2.6659830e-03
  -3.0599660e-03
  -3.4609410e-03
  -4.0007890e-03
  -4.5843020e-03
  -4.8428050e-03
  -4.8515190e-03
  -4.8541060e-03
  -4.8170370e-03
  -4.6217030e-03
  -4.2713440e-03
  -3.8880540e-03
  -3.4863990e-03
  -3.0304050e-03
  -2.6488430e-03
  -2.2459900e-03
  -1.8101500e-03
  -1.5101220e-03
  -1.2704020e-03
  -1.0861480e-03
  -9.7309510e-04
  -8.1929120e-04
  -6.5066180e-04
  -5.3693980e-04
  -5.1270560e-04
  -5.0152870e-04
  -3.7347190e-04
  -1.8799470e-04
  -4.2736260e-05
   8.8044910e-05
   2.3925680e-04
   4.4827830e-04
   7.1530290e-04
   8.8076130e-04
   1.1167180e-03
   1.4887840e-03
   1.8775610e-03
   2.2833680e-03
   2.7508840e-03
   3.2790500e-03
   3.7093290e-03
   4.0323550e-03
   4.4494970e-03
   4.9186030e-03
   5.2181010e-03
   5.5833050e-03
   6.1432190e-03
   6.6844930e-03
   7.1369410e-03
   7.5687690e-03
   7.9820580e-03
   8.5196940e-03
   9.1168000e-03
   9.6358910e-03
   1.0135050e-02
   1.0618080e-02
   1.0810100e-02
   1.0839980e-02
   1.0838990e-02
   1.0804130e-02
   1.0782350e-02
   1.0837970e-02
   1.0766470e-02
   1.0479560e-02
   1.0141960e-02
   9.8096800e-03
   9.6291680e-03
   9.6046100e-03
   9.4063980e-03
   9.0876420e-03
   9.0531280e-03
   9.2585550e-03
   9.4265910e-03
   9.4512160e-03
   9.5891970e-03
   9.8536510e-03
   9.9225570e-03
   9.9250610e-03
   9.7224070e-03
   9.3108770e-03
   8.8326380e-03
   8.3832850e-03
   7.8938410e-03
   7.3208990e-03
   6.8466880e-03
   6.5133580e-03
   6.2193110e-03
   5.8853130e-03
   5.4833360e-03
   5.1208890e-03
   4.8367980e-03
   4.6034210e-03
   4.3666880e-03
   4.1152930e-03
   3.8911210e-03
   3.6728210e-03
   3.5509720e-03
   3.4863090e-03
   3.4222100e-03
   3.5572940e-03
   4.0598880e-03
   4.5817500e-03
   4.9985090e-03
   5.5328870e-03
   5.9418350e-03
   6.2229430e-03
   6.4649050e-03
   6.5531740e-03
   6.5357200e-03
   6.4150700e-03
   6.2459150e-03
   6.0484540e-03
   6.0554260e-03
   6.0328760e-03
   5.8927820e-03
   5.7895980e-03
   5.5825720e-03
   5.1964790e-03
   4.7896890e-03
   4.4394980e-03
   4.0856810e-03
   3.7094720e-03
   3.6362020e-03
   3.8454110e-03
   4.0253880e-03
   4.1619720e-03
   4.3400380e-03
   4.5514050e-03
   4.6961930e-03
   4.6919470e-03
   4.6686620e-03
   4.7433410e-03
   4.8058620e-03
   4.8097670e-03
   4.7232140e-03
   4.6363470e-03
   4.5087580e-03
   4.3021680e-03
   4.1365900e-03
   4.0449900e-03
   3.9803700e-03
   3.9884740e-03
   4.0520360e-03
   4.1087750e-03
   4.0545980e-03
   3.9929360e-03
   4.0241150e-03
   3.9740870e-03
   3.6713720e-03
   3.3855570e-03
   3.3115150e-03
   3.2502430e-03
   3.2581400e-03
   3.2605670e-03
   3.2570040e-03
   3.4914570e-03
   3.8297920e-03
   4.0548590e-03
   4.1690280e-03
   4.3400260e-03
   4.5474380e-03
   4.7592900e-03
   5.1002110e-03
   5.5146430e-03
   5.8697870e-03
   6.1961450e-03
   6.4902630e-03
   6.6736690e-03
   6.6128370e-03
   6.4220500e-03
   6.2371770e-03
   5.9930590e-03
   5.7055130e-03
   5.4228530e-03
   5.2325820e-03
   5.0687210e-03
   4.8855740e-03
   4.8727620e-03
   4.9955760e-03
   5.0047350e-03
   5.0000640e-03
   5.2172120e-03
   5.3925200e-03
   5.3967500e-03
   5.3084590e-03
   5.1609490e-03
   5.0850640e-03
   5.1121710e-03
   5.3100850e-03
   5.6359190e-03
   6.0190750e-03
   6.5059750e-03
   6.8217880e-03
   6.9381490e-03
   7.1465170e-03
   7.2814030e-03
   7.1384750e-03
   6.7213950e-03
   6.1825070e-03
   5.6874400e-03
   5.2074860e-03
   4.8743360e-03
   4.8060900e-03
   5.0141490e-03
   5.1856200e-03
   5.4221930e-03
   5.8509810e-03
   6.3053740e-03
   6.5248770e-03
   6.6049300e-03
   6.9072200e-03
   7.2465180e-03
   7.3212900e-03
   7.2048290e-03
   6.8964360e-03
   6.4105400e-03
   5.9520190e-03
   5.5989350e-03
   5.1041960e-03
   4.4242580e-03
   3.7863660e-03
   3.1688650e-03
   2.4449690e-03
   1.6213750e-03
   7.8901300e-04
   9.4905430e-05
  -5.1672840e-04
  -1.1522040e-03
  -1.7032940e-03
  -2.0684350e-03
  -2.2066780e-03
  -2.1764660e-03
  -2.1627430e-03
  -2.1744490e-03
  -2.0234640e-03
  -1.7412600e-03
  -1.5028970e-03
  -1.4302260e-03
  -1.4979080e-03
  -1.5324380e-03
  -1.4390600e-03
  -1.4594610e-03
  -1.6400640e-03
  -1.7632390e-03
  -1.7650030e-03
  -1.7148850e-03
  -1.7129300e-03
  -1.8602640e-03
  -2.0935130e-03
  -2.2945690e-03
  -2.3781180e-03
  -2.3270020e-03
  -2.2816320e-03
  -2.1092540e-03
  -1.6838180e-03
  -1.1595220e-03
  -5.3759300e-04
   1.9256310e-04
   8.6597500e-04
   1.5400250e-03
   2.2020310e-03
   2.8285560e-03
   3.3498120e-03
   3.7740770e-03
   4.2482840e-03
   4.7700960e-03
   5.2438100e-03
   5.7585350e-03
   6.4712530e-03
   7.2715440e-03
   8.0444500e-03
   8.8531740e-03
   9.7671550e-03
   1.0733160e-02
   1.1570970e-02
   1.2252050e-02
   1.2860880e-02
   1.3456100e-02
   1.4024110e-02
   1.4410660e-02
   1.4681350e-02
   1.5032230e-02
   1.5446080e-02
   1.5876190e-02
   1.6180350e-02
   1.6384780e-02
   1.6752620e-02
   1.7088560e-02
   1.7253030e-02
   1.7275640e-02
   1.7208280e-02
   1.7097060e-02
   1.6876380e-02
   1.6526480e-02
   1.6101580e-02
   1.5695670e-02
   1.5411110e-02
   1.5152590e-02
   1.4832820e-02
   1.4492650e-02
   1.3993440e-02
   1.3470650e-02
   1.3359120e-02
   1.3366730e-02
   1.3017810e-02
   1.2521510e-02
   1.2077260e-02
   1.1594150e-02
   1.1002530e-02
   1.0421390e-02
   9.7738440e-03
   9.0766460e-03
   8.5330810e-03
   8.1616630e-03
   7.7452840e-03
   7.2795370e-03
   7.0693780e-03
   7.0467590e-03
   6.9506680e-03
   6.7071720e-03
   6.3898160e-03
   5.9923550e-03
   5.7536770e-03
   5.8481760e-03
   5.8489670e-03
   5.6558710e-03
   5.6064310e-03
   5.6699560e-03
   5.6172970e-03
   5.4982110e-03
   5.3882190e-03
   5.3046340e-03
   5.1165890e-03
   4.9502030e-03
   4.9059980e-03
   4.7415880e-03
   4.2965840e-03
   3.7261930e-03
   3.1641100e-03
   2.6271510e-03
   2.0755740e-03
   1.5207330e-03
   9.7850310e-04
   4.7984750e-04
  -7.0964110e-06
  -3.7843260e-04
  -3.9516360e-04
  -3.5023960e-04
  -6.3823500e-04
  -8.6549960e-04
  -7.7405250e-04
  -7.8219750e-04
  -8.9159700e-04
  -1.0427440e-03
  -1.1726530e-03
  -1.2632600e-03
  -1.2633100e-03
  -1.0422140e-03
  -6.8924180e-04
  -2.2999660e-04
   3.2527940e-04
   9.5187720e-04
   1.5057510e-03
   2.0553890e-03
   2.6021910e-03
   3.1125950e-03
   3.7300630e-03
   4.4250850e-03
   5.0086930e-03
   5.4859020e-03
   5.9108300e-03
   6.3191660e-03
   6.8385770e-03
   7.3945820e-03
   7.7667140e-03
   8.0859420e-03
   8.3385120e-03
   8.4410130e-03
   8.5036240e-03
   8.5433440e-03
   8.4564420e-03
   8.2203600e-03
   7.9838380e-03
   7.7614580e-03
   7.4970510e-03
   7.1624460e-03
   6.8163250e-03
   6.4553320e-03
   6.0156010e-03
   5.4008580e-03
   4.7877580e-03
   4.3648800e-03
   3.9607040e-03
   3.4820020e-03
   3.0391190e-03
   2.4607380e-03
   1.7236250e-03
   9.6126300e-04
   2.8780690e-04
  -3.4321760e-04
  -1.0597180e-03
  -1.8317550e-03
  -2.5038350e-03
  -3.0777160e-03
  -3.8363940e-03
  -4.7311500e-03
  -5.4576130e-03
  -6.0423020e-03
  -6.6869800e-03
  -7.3412360e-03
  -7.8656510e-03
  -8.2628340e-03
  -8.4752370e-03
  -8.5627150e-03
  -8.5829640e-03
  -8.4991250e-03
  -8.2469560e-03
  -7.8966230e-03
  -7.5626000e-03
  -7.2822540e-03
  -7.0941090e-03
  -6.8883010e-03
  -6.6411290e-03
  -6.2663610e-03
  -5.8693210e-03
  -5.3980110e-03
  -4.8878710e-03
  -4.4250640e-03
  -3.9315510e-03
  -3.3345030e-03
  -2.5719830e-03
  -1.8041360e-03
  -1.1365960e-03
  -3.7095690e-04
   4.9203110e-04
   1.2023100e-03
   1.6837090e-03
   2.0735590e-03
   2.4503720e-03
   2.7192630e-03
   2.7789390e-03
   2.7021690e-03
   2.7092790e-03
   2.5990360e-03
   2.3491820e-03
   2.1909270e-03
   1.9664800e-03
   1.5128510e-03
   9.3599600e-04
   3.0576990e-04
  -4.7054530e-04
  -1.3123110e-03
  -2.0519980e-03
  -2.7480230e-03
  -3.4567830e-03
  -4.0835250e-03
  -4.6850040e-03
  -5.2872700e-03
  -5.8232880e-03
  -6.5639410e-03
  -7.3100750e-03
  -7.7991940e-03
  -8.2176900e-03
  -8.8285670e-03
  -9.5047370e-03
  -9.8036790e-03
  -9.9305750e-03
  -1.0138210e-02
  -1.0152600e-02
  -1.0014640e-02
  -9.8840030e-03
  -9.6084170e-03
  -9.2024210e-03
  -8.7839610e-03
  -8.2796060e-03
  -7.6720480e-03
  -7.2293270e-03
  -6.9217970e-03
  -6.5341070e-03
  -6.0905790e-03
  -5.6890020e-03
  -5.3388760e-03
  -4.9215760e-03
  -4.4742790e-03
  -4.0745210e-03
  -3.6334680e-03
  -2.9799010e-03
  -2.1189400e-03
  -1.1002630e-03
  -5.5136730e-05
   7.9289700e-04
   1.4929170e-03
   2.1505480e-03
   2.8119900e-03
   3.3429380e-03
   3.7540080e-03
   4.0179360e-03
   4.1294820e-03
   4.0893840e-03
   3.8155900e-03
   3.4964950e-03
   3.1811760e-03
   2.9805980e-03
   2.7730720e-03
   2.4242160e-03
   2.1284330e-03
   1.9268580e-03
   1.7213860e-03
   1.4913420e-03
   1.1618140e-03
   8.4543720e-04
   5.7899340e-04
   2.9219720e-04
   1.1200780e-04
  -1.0007150e-04
  -4.4305620e-04
  -8.2758900e-04
  -1.1732930e-03
  -1.3755060e-03
  -1.5852970e-03
  -1.9595560e-03
  -2.4487760e-03
  -2.9761370e-03
  -3.3097400e-03
  -3.3977920e-03
  -3.5532980e-03
  -3.7478730e-03
  -3.9311940e-03
  -4.0892330e-03
  -4.0442690e-03
  -3.9060850e-03
  -3.8480500e-03
  -3.9670130e-03
  -3.9799450e-03
  -3.8569080e-03
  -3.7387210e-03
  -3.6732870e-03
  -3.6264080e-03
  -3.5428130e-03
  -3.4357840e-03
  -3.3832030e-03
  -3.3849880e-03
  -3.3271540e-03
  -3.2018860e-03
  -3.2130370e-03
  -3.3488410e-03
  -3.4208650e-03
  -3.5829640e-03
  -3.8515410e-03
  -4.1183580e-03
  -4.3397170e-03
  -4.5328120e-03
  -4.7759830e-03
  -5.0900350e-03
  -5.3734780e-03
  -5.5199630e-03
  -5.5972700e-03
  -5.7931740e-03
  -6.1964030e-03
  -6.5623770e-03
  -6.7388490e-03
  -6.9515390e-03
  -7.2776910e-03
  -7.8202040e-03
  -8.5724420e-03
  -9.3034550e-03
  -9.9512120e-03
  -1.0618100e-02
  -1.1303160e-02
  -1.1874400e-02
  -1.2333530e-02
  -1.2811280e-02
  -1.3468570e-02
  -1.4028680e-02
  -1.4427500e-02
  -1.4890560e-02
  -1.5390630e-02
  -1.5858390e-02
  -1.6323960e-02
  -1.6680720e-02
  -1.7038810e-02
  -1.7584880e-02
  -1.8110260e-02
  -1.8565930e-02
  -1.9110010e-02
  -1.9648000e-02
  -2.0008100e-02
  -2.0278450e-02
  -2.0623190e-02
  -2.0957490e-02
  -2.1227260e-02
  -2.1546020e-02
  -2.1729060e-02
  -2.1627850e-02
  -2.1634060e-02
  -2.1605670e-02
  -2.1337840e-02
  -2.0958730e-02
  -2.0572570e-02
  -2.0140120e-02
  -1.9619490e-02
  -1.9069590e-02
  -1.8514690e-02
  -1.7977050e-02
  -1.7512510e-02
  -1.7076200e-02
  -1.6742390e-02
  -1.6482900e-02
  -1.6131280e-02
  -1.5643290e-02
  -1.5199030e-02
  -1.4938840e-02
  -1.4648260e-02
  -1.4323010e-02
  -1.4088670e-02
  -1.3857070e-02
  -1.3690040e-02
  -1.3563480e-02
  -1.3288180e-02
  -1.3069440e-02
  -1.2844040e-02
  -1.2346620e-02
  -1.1879230e-02
  -1.1780330e-02
  -1.1860600e-02
  -1.1911570e-02
  -1.1938050e-02
  -1.2009250e-02
  -1.2134230e-02
  -1.2353710e-02
  -1.2628470e-02
  -1.2775770e-02
  -1.2892630e-02
  -1.3116580e-02
  -1.3380330e-02
  -1.3712780e-02
  -1.4002850e-02
  -1.4001310e-02
  -1.3918010e-02
  -1.3982990e-02
  -1.3968270e-02
  -1.3685620e-02
  -1.3339610e-02
  -1.2984890e-02
  -1.2531430e-02
  -1.2075570e-02
  -1.1649900e-02
  -1.1293800e-02
  -1.1123070e-02
  -1.1074990e-02
  -1.0955860e-02
  -1.0829780e-02
  -1.0763830e-02
  -1.0812800e-02
  -1.0988020e-02
  -1.1232110e-02
  -1.1529820e-02
  -1.1858990e-02
  -1.2244310e-02
  -1.2761250e-02
  -1.3194010e-02
  -1.3522430e-02
  -1.3843940e-02
  -1.4183190e-02
  -1.4443800e-02
  -1.4579060e-02
  -1.4593850e-02
  -1.4550770e-02
  -1.4506150e-02
  -1.4438940e-02
  -1.4344110e-02
  -1.4177180e-02
  -1.3981680e-02
  -1.3791500e-02
  -1.3486800e-02
  -1.3228180e-02
  -1.3042250e-02
  -1.2693720e-02
  -1.2262150e-02
  -1.2040690e-02
  -1.1897310e-02
  -1.1608790e-02
  -1.1192450e-02
  -1.0745180e-02
  -1.0284660e-02
  -9.8207130e-03
  -9.3974580e-03
  -8.9162750e-03
  -8.3983350e-03
  -7.9912710e-03
  -7.6266260e-03
  -7.2541080e-03
  -6.9351050e-03
  -6.7633480e-03
  -6.6063770e-03
  -6.3534800e-03
  -6.0411840e-03
  -5.7636050e-03
  -5.3448790e-03
  -4.8949910e-03
  -4.5769390e-03
  -4.3470520e-03
  -3.9706970e-03
  -3.3520690e-03
  -2.7009400e-03
  -2.2969830e-03
  -1.9141540e-03
  -1.5385680e-03
  -1.2762470e-03
  -1.0301970e-03
  -8.3165800e-04
  -8.1780900e-04
  -1.0302200e-03
  -1.1511560e-03
  -1.1325490e-03
  -1.0433140e-03
  -8.7949800e-04
  -7.1868710e-04
  -4.7868630e-04
  -4.2655210e-05
   3.9940040e-04
   6.7205750e-04
   9.2441360e-04
   1.3872130e-03
   1.7591030e-03
   1.9830400e-03
   2.2033060e-03
   2.3025480e-03
   2.3206600e-03
   2.5038500e-03
   2.8577770e-03
   3.1201110e-03
   3.3136750e-03
   3.6293200e-03
   4.0009620e-03
   4.2644650e-03
   4.4606630e-03
   4.6529020e-03
   5.0064170e-03
   5.3977700e-03
   5.5842330e-03
   5.6781400e-03
   5.8260200e-03
   5.9277630e-03
   6.0497780e-03
   6.1859850e-03
   6.3078160e-03
   6.3331280e-03
   6.4642740e-03
   6.6735540e-03
   6.7737180e-03
   6.8317780e-03
   6.9224170e-03
   6.9148350e-03
   6.8131610e-03
   6.7004980e-03
   6.4393160e-03
   6.0643830e-03
   5.7647750e-03
   5.5987570e-03
   5.3790740e-03
   5.1731080e-03
   5.1467880e-03
   5.2238270e-03
   5.2838860e-03
   5.3051440e-03
   5.4676500e-03
   5.8610290e-03
   6.2396150e-03
   6.3907380e-03
   6.4220890e-03
   6.4158750e-03
   6.3731020e-03
   6.3119310e-03
   6.1950060e-03
   6.1177870e-03
   6.0439840e-03
   5.9529610e-03
   5.8606640e-03
   5.7270130e-03
   5.6666960e-03
   5.8293820e-03
   5.9462580e-03
   5.9129460e-03
   5.9581610e-03
   6.0567390e-03
   6.2799180e-03
   6.5407820e-03
   6.6302160e-03
   6.5319660e-03
   6.4814690e-03
   6.5565710e-03
   6.5550800e-03
   6.4122040e-03
   6.1205150e-03
   5.7577060e-03
   5.4248250e-03
   5.2437000e-03
   5.0468720e-03
   4.7132220e-03
   4.3446200e-03
   4.1143990e-03
   3.9806270e-03
   3.8810410e-03
   3.8773660e-03
   3.9738230e-03
   4.0630920e-03
   4.2470950e-03
   4.5098490e-03
   4.7824130e-03
   5.0663380e-03
   5.3167560e-03
   5.4949620e-03
   5.6080590e-03
   5.7267260e-03
   5.8713020e-03
   6.0149480e-03
   6.2818990e-03
   6.7646300e-03
   7.3403720e-03
   7.8675050e-03
   8.3532480e-03
   8.7222170e-03
   9.1444050e-03
   9.5466210e-03
   9.9421450e-03
   1.0437800e-02
   1.0841180e-02
   1.1184060e-02
   1.1641250e-02
   1.2086520e-02
   1.2347780e-02
   1.2521450e-02
   1.2697180e-02
   1.2661000e-02
   1.2413180e-02
   1.2061390e-02
   1.1716160e-02
   1.1361160e-02
   1.0926130e-02
   1.0448290e-02
   1.0032050e-02
   9.6960020e-03
   9.3429580e-03
   8.9514210e-03
   8.5496750e-03
   8.1443740e-03
   7.7234580e-03
   7.1109880e-03
   6.3361970e-03
   5.6220010e-03
   4.8652590e-03
   3.9100650e-03
   3.0545460e-03
   2.3641550e-03
   1.7060410e-03
   1.0272480e-03
   1.7048830e-04
  -7.6348300e-04
  -1.5209750e-03
  -1.9795430e-03
  -2.3269420e-03
  -2.6999820e-03
  -3.0702040e-03
  -3.4455300e-03
  -3.8132500e-03
  -4.1147800e-03
  -4.2423220e-03
  -4.2675630e-03
  -4.3131870e-03
  -4.3296280e-03
  -4.3203230e-03
  -4.3083630e-03
  -4.3943600e-03
  -4.5066970e-03
  -4.5130060e-03
  -4.4330030e-03
  -4.2011620e-03
  -3.8686610e-03
  -3.5969240e-03
  -3.2742110e-03
  -2.8498030e-03
  -2.3798260e-03
  -1.8506880e-03
  -1.3186020e-03
  -8.1595870e-04
  -3.3441010e-04
   1.0295650e-04
   4.2454540e-04
   8.4437630e-04
   1.3475470e-03
   1.5405860e-03
   1.6429770e-03
   1.9352580e-03
   2.2431770e-03
   2.4053700e-03
   2.5545300e-03
   2.8266550e-03
   3.1838370e-03
   3.6240740e-03
   4.0271620e-03
   4.1648150e-03
   4.2028890e-03
   4.3966270e-03
   4.6503530e-03
   4.7657350e-03
   4.8447990e-03
   5.0872370e-03
   5.3129710e-03
   5.4366830e-03
   5.4811270e-03
   5.4949930e-03
   5.4865320e-03
   5.3162890e-03
   5.0726220e-03
   4.9569630e-03
   4.8162880e-03
   4.6027340e-03
   4.5402510e-03
   4.6252000e-03
   4.6677240e-03
   4.6654310e-03
   4.6099810e-03
   4.7492000e-03
   4.9317500e-03
   5.0379570e-03
   5.2306520e-03
   5.3889990e-03
   5.2642660e-03
   5.0030820e-03
   4.6697110e-03
   4.3867550e-03
   4.1163740e-03
   3.7327000e-03
   3.2996140e-03
   2.9345350e-03
   2.4932990e-03
   2.0325520e-03
   1.7597920e-03
   1.5888920e-03
   1.4128720e-03
   1.3245910e-03
   1.4038440e-03
   1.4958520e-03
   1.4222610e-03
   1.2482730e-03
   1.2117590e-03
   1.2625250e-03
   1.2799260e-03
   1.2864850e-03
   1.2714200e-03
   1.2670510e-03
   1.3601880e-03
   1.5020700e-03
   1.6520000e-03
   1.8695700e-03
   2.1174000e-03
   2.3283970e-03
   2.4437480e-03
   2.5167170e-03
   2.6931570e-03
   2.9325340e-03
   3.0614790e-03
   3.1309360e-03
   3.2372720e-03
   3.3198020e-03
   3.1791570e-03
   2.9995540e-03
   2.9901160e-03
   2.9954040e-03
   2.7438900e-03
   2.3379320e-03
   2.0079640e-03
   1.8365610e-03
   1.7188430e-03
   1.4671880e-03
   1.1199290e-03
   7.1663970e-04
   2.7953320e-04
  -8.5916280e-05
  -3.8237380e-04
  -6.9206430e-04
  -9.7787710e-04
  -1.1817560e-03
  -1.3107580e-03
  -1.4651940e-03
  -1.6031380e-03
  -1.5077320e-03
  -1.3070010e-03
  -1.1420390e-03
  -8.9629690e-04
  -6.9586940e-04
  -6.3422800e-04
  -5.9030650e-04
  -4.2271420e-04
  -2.8392050e-04
  -2.6822180e-04
  -2.1504330e-04
  -8.8365130e-05
   8.4576940e-05
   2.1461500e-04
   1.9971290e-04
   1.0758440e-04
   1.0550740e-04
   8.9887060e-05
   5.0003400e-05
   1.3071430e-04
   2.4330900e-04
   3.0198900e-04
   2.8361800e-04
   2.8592970e-04
   4.4603250e-04
   7.7577510e-04
   1.0425310e-03
   1.1721950e-03
   1.2796380e-03
   1.4201960e-03
   1.5617750e-03
   1.5111410e-03
