  -1.2502060e-04
  -1.2479390e-04
  -1.2451810e-04
  -1.2420310e-04
  -1.2384110e-04
  -1.2344210e-04
  -1.2299270e-04
  -1.2250080e-04
  -1.2195650e-04
  -1.2137210e-04
  -1.2073410e-04
  -1.2004730e-04
  -1.1931000e-04
  -1.1852440e-04
  -1.1768650e-04
  -1.1680070e-04
  -1.1585370e-04
  -1.1486960e-04
  -1.1382800e-04
  -1.1274210e-04
  -1.1160160e-04
  -1.1042010e-04
  -1.0918850e-04
  -1.0791990e-04
  -1.0660410e-04
  -1.0526930e-04
  -1.0391990e-04
  -1.0258040e-04
  -1.0124380e-04
  -9.9928560e-05
  -9.8623970e-05
  -9.7292340e-05
  -9.5816360e-05
  -9.4139070e-05
  -9.2216020e-05
  -9.0081700e-05
  -8.7775270e-05
  -8.5348880e-05
  -8.2786030e-05
  -8.0085490e-05
  -7.7329810e-05
  -7.4786420e-05
  -7.2642220e-05
  -7.0975260e-05
  -6.9643370e-05
  -6.8274410e-05
  -6.6255400e-05
  -6.3202370e-05
  -5.9063370e-05
  -5.4128140e-05
  -4.8737650e-05
  -4.3380650e-05
  -3.8476510e-05
  -3.4202180e-05
  -3.0384720e-05
  -2.6739660e-05
  -2.2987270e-05
  -1.9042790e-05
  -1.4995590e-05
  -1.1658880e-05
  -1.0369040e-05
  -1.2112700e-05
  -1.6708760e-05
  -2.1771620e-05
  -2.3313890e-05
  -1.8617510e-05
  -7.5441780e-06
   7.9453540e-06
   2.5482120e-05
   4.3589810e-05
   6.1901670e-05
   7.9436620e-05
   9.4311770e-05
   1.0517080e-04
   1.1218360e-04
   1.1668470e-04
   1.2038500e-04
   1.2445430e-04
   1.2924280e-04
   1.3439300e-04
   1.3935960e-04
   1.4337110e-04
   1.4553630e-04
   1.4529240e-04
   1.4274150e-04
   1.3761480e-04
   1.2692610e-04
   1.0700900e-04
   8.1150770e-05
   5.9970510e-05
   5.2903620e-05
   6.2230570e-05
   8.3433430e-05
   1.0904800e-04
   1.3292860e-04
   1.5063240e-04
   1.5888320e-04
   1.5691860e-04
   1.4676310e-04
   1.3162070e-04
   1.1422200e-04
   9.6107220e-05
   8.0807010e-05
   7.5430710e-05
   8.5553710e-05
   1.1131820e-04
   1.4820350e-04
   1.8795000e-04
   2.1839960e-04
   2.3000490e-04
   2.2142100e-04
   1.9844990e-04
   1.6922460e-04
   1.3948310e-04
   1.1088530e-04
   8.1955280e-05
   5.1888460e-05
   2.8955710e-05
   2.8034160e-05
   5.7955090e-05
   1.1366630e-04
   1.7939960e-04
   2.4000190e-04
   2.8452630e-04
   3.0247300e-04
   2.8852000e-04
   2.4624150e-04
   1.8521650e-04
   1.1546920e-04
   4.3082820e-05
  -3.0545570e-05
  -1.0709180e-04
  -1.8854810e-04
  -2.7569040e-04
  -3.6764090e-04
  -4.5545390e-04
  -5.1583500e-04
  -5.2813570e-04
  -4.8943580e-04
  -4.1390610e-04
  -3.2167230e-04
  -2.2773710e-04
  -1.3703310e-04
  -4.6526120e-05
   5.1077560e-05
   1.6415030e-04
   2.9724740e-04
   4.4881540e-04
   6.0595310e-04
   7.2840720e-04
   7.7062710e-04
   7.1620350e-04
   5.8436050e-04
   4.1220410e-04
   2.3283470e-04
   7.5484560e-05
  -2.5707410e-05
  -5.0921180e-05
  -6.6306800e-06
   8.1867690e-05
   1.8628040e-04
   2.7707350e-04
   3.2046290e-04
   2.9691310e-04
   2.1169430e-04
   8.7255740e-05
  -5.1053980e-05
  -1.7168170e-04
  -2.3075730e-04
  -1.9986530e-04
  -8.3589680e-05
   8.8485200e-05
   2.8234830e-04
   4.7608530e-04
   6.6471220e-04
   8.5376850e-04
   1.0392710e-03
   1.1948480e-03
   1.2948630e-03
   1.3349130e-03
   1.3322470e-03
   1.3124450e-03
   1.2986440e-03
   1.3203350e-03
   1.4076580e-03
   1.5704790e-03
   1.7943740e-03
   2.0523760e-03
   2.3073410e-03
   2.4953920e-03
   2.5599790e-03
   2.4911680e-03
   2.3216530e-03
   2.0709920e-03
   1.7169050e-03
   1.2317790e-03
   5.9719350e-04
  -1.8320270e-04
  -1.0146770e-03
  -1.7427920e-03
  -2.2655260e-03
  -2.5586820e-03
  -2.6396770e-03
  -2.5543180e-03
  -2.3378240e-03
  -1.9870870e-03
  -1.4934510e-03
  -8.7495470e-04
  -1.9982840e-04
   4.3287780e-04
   9.5419800e-04
   1.3258630e-03
   1.5245120e-03
   1.5570400e-03
   1.4245990e-03
   1.1014430e-03
   5.9899940e-04
   1.6423660e-05
  -5.2051370e-04
  -9.3865670e-04
  -1.2107980e-03
  -1.3001110e-03
  -1.1847510e-03
  -8.8585860e-04
  -4.4524810e-04
   9.8658330e-05
   7.1156440e-04
   1.3062460e-03
   1.6919150e-03
   1.7071680e-03
   1.3437380e-03
   7.5604240e-04
   1.4962150e-04
  -3.4314150e-04
  -6.9925650e-04
  -9.2960630e-04
  -1.0242290e-03
  -9.7692250e-04
  -8.0675980e-04
  -5.5467990e-04
  -2.6549440e-04
   2.8948590e-05
   3.1648410e-04
   6.0020010e-04
   8.8765490e-04
   1.1450860e-03
   1.2442540e-03
   1.0579480e-03
   5.6212910e-04
  -1.6052690e-04
  -9.8505870e-04
  -1.8141880e-03
  -2.6109730e-03
  -3.3889540e-03
  -4.1730190e-03
  -4.8576170e-03
  -5.1346070e-03
  -4.7514960e-03
  -3.7156500e-03
  -2.3327480e-03
  -1.0296000e-03
  -8.1900270e-05
   4.9318720e-04
   8.5941750e-04
   1.2073750e-03
   1.5998690e-03
   1.9253720e-03
   2.0367320e-03
   1.8801950e-03
   1.5282940e-03
   1.1692080e-03
   1.0046080e-03
   1.1219030e-03
   1.4704080e-03
   1.9270290e-03
   2.3590710e-03
   2.6426330e-03
   2.7158530e-03
   2.6037930e-03
   2.3850220e-03
   2.1383820e-03
   1.9077440e-03
   1.6979730e-03
   1.4924980e-03
   1.2741570e-03
   1.0182090e-03
   6.5720610e-04
   1.2328390e-04
  -5.9467270e-04
  -1.4070230e-03
  -2.0827360e-03
  -2.3969590e-03
  -2.2878980e-03
  -1.8646420e-03
  -1.3370610e-03
  -9.7912840e-04
  -9.9816460e-04
  -1.4211570e-03
  -2.1204820e-03
  -2.9221130e-03
  -3.7028910e-03
  -4.3969170e-03
  -4.8986580e-03
  -5.0961950e-03
  -4.9657320e-03
  -4.5855620e-03
  -4.0907920e-03
  -3.6651430e-03
  -3.4857600e-03
  -3.6179780e-03
  -3.9985280e-03
  -4.4969170e-03
  -4.9208900e-03
  -4.9965990e-03
  -4.5402710e-03
  -3.5757530e-03
  -2.2866830e-03
  -8.8743080e-04
   4.8250950e-04
   1.7883670e-03
   3.0312510e-03
   4.1062850e-03
   4.8581980e-03
   5.2257280e-03
   5.2828390e-03
   5.1797550e-03
   5.0726750e-03
   5.1306290e-03
   5.4819710e-03
   6.1392810e-03
   7.0083740e-03
   7.8619470e-03
   8.2798440e-03
   7.9209030e-03
   6.7594610e-03
   5.0505330e-03
   3.1347700e-03
   1.2560100e-03
  -5.0860020e-04
  -2.2068660e-03
  -3.9220150e-03
  -5.7031260e-03
  -7.5179150e-03
  -9.0450810e-03
  -9.7275470e-03
  -9.2415980e-03
  -7.7157380e-03
  -5.5873060e-03
  -3.3144450e-03
  -1.1651510e-03
   8.2271090e-04
   2.7484720e-03
   4.7226510e-03
   6.7898100e-03
   8.8432320e-03
   1.0380680e-02
   1.0784110e-02
   9.8354840e-03
   7.8252560e-03
   5.3015400e-03
   2.7423160e-03
   3.6965730e-04
  -1.8382610e-03
  -3.9838460e-03
  -5.8636700e-03
  -6.9303430e-03
  -6.8020700e-03
  -5.5920660e-03
  -3.8756940e-03
  -2.2975710e-03
  -1.2046550e-03
  -5.6964250e-04
  -2.0397230e-04
  -7.5930840e-05
  -2.9522710e-04
  -9.3299140e-04
  -1.9190840e-03
  -3.0726440e-03
  -4.2145780e-03
  -5.2517950e-03
  -6.1885470e-03
  -7.0830880e-03
  -7.9744230e-03
  -8.7045480e-03
  -8.9322750e-03
  -8.4392870e-03
  -7.2878380e-03
  -5.7445140e-03
  -4.1055500e-03
  -2.5813850e-03
  -1.2555030e-03
  -9.4082080e-05
   9.8704790e-04
   1.9641920e-03
   2.5964780e-03
   2.6479460e-03
   2.0932170e-03
   1.1163640e-03
  -2.4070470e-05
  -1.1309540e-03
  -2.0933730e-03
  -2.8549790e-03
  -3.3888950e-03
  -3.5689040e-03
  -3.2303560e-03
  -2.3411450e-03
  -1.0367240e-03
   4.6801810e-04
   1.9918930e-03
   3.4518640e-03
   4.8540560e-03
   6.1233660e-03
   6.9503740e-03
   7.0473350e-03
   6.3894350e-03
   5.2068780e-03
   3.8181580e-03
   2.4612940e-03
   1.2212570e-03
   6.1165060e-05
  -1.0967480e-03
  -2.3034920e-03
  -3.5600090e-03
  -4.7719120e-03
  -5.6260040e-03
  -5.7849290e-03
  -5.1636520e-03
  -3.9602990e-03
  -2.4974010e-03
  -1.0378510e-03
   3.0120250e-04
   1.4567700e-03
   2.3275020e-03
   2.8518110e-03
   3.0669130e-03
   3.0856490e-03
   3.0328110e-03
   2.9920340e-03
   2.9894580e-03
   3.0105910e-03
   3.0298560e-03
   3.0394470e-03
   3.0723570e-03
   3.1757280e-03
   3.3698360e-03
   3.6372860e-03
   3.9040470e-03
   3.9048570e-03
   3.2921110e-03
   1.9226660e-03
  -6.1436880e-05
  -2.3592030e-03
  -4.6237680e-03
  -6.4024180e-03
  -7.3338520e-03
  -7.3862000e-03
  -6.8275510e-03
  -6.0236290e-03
  -5.2443420e-03
  -4.6204870e-03
  -4.2690530e-03
  -4.2877200e-03
  -4.6754090e-03
  -5.3294400e-03
  -6.0157340e-03
  -6.2687940e-03
  -5.6712410e-03
  -4.1518860e-03
  -1.9769880e-03
   4.6230370e-04
   2.8301250e-03
   4.8491650e-03
   6.3687290e-03
   7.4294610e-03
   8.2042030e-03
   8.8817350e-03
   9.5807930e-03
   1.0327020e-02
   1.1008120e-02
   1.1355570e-02
   1.1168910e-02
   1.0516420e-02
   9.6760100e-03
   8.9208470e-03
   8.3733690e-03
   7.9653740e-03
   7.4803950e-03
   6.7266100e-03
   5.7206070e-03
   4.7816900e-03
   4.2850810e-03
   4.3814360e-03
   4.9360090e-03
   5.5278560e-03
   5.5972240e-03
   4.8246360e-03
   3.3131950e-03
   1.4979610e-03
  -1.6740550e-04
  -1.4660620e-03
  -2.4498210e-03
  -3.3083210e-03
  -4.2108450e-03
  -5.2213300e-03
  -6.3066380e-03
  -7.3975850e-03
  -8.4464830e-03
  -9.4488500e-03
  -1.0409740e-02
  -1.1152290e-02
  -1.1314990e-02
  -1.0677410e-02
  -9.3686980e-03
  -7.7910350e-03
  -6.3353070e-03
  -5.1789020e-03
  -4.2736560e-03
  -3.4611570e-03
  -2.6043850e-03
  -1.6552220e-03
  -6.4232280e-04
   4.1912860e-04
   1.5940490e-03
   2.9574880e-03
   4.5228770e-03
   6.2353670e-03
   7.9883660e-03
   9.4846440e-03
   1.0277390e-02
   1.0127290e-02
   9.1565320e-03
   7.7222350e-03
   6.1868880e-03
   4.7941570e-03
   3.7740850e-03
   3.3108390e-03
   3.4140800e-03
   3.9086730e-03
   4.4458980e-03
   4.6469000e-03
   4.3327170e-03
   3.5823200e-03
   2.6855540e-03
   2.0438630e-03
   1.9212390e-03
   2.3120370e-03
   3.0127640e-03
   3.7261610e-03
   4.0408030e-03
   3.6269970e-03
   2.4512740e-03
   7.4828150e-04
  -1.1610880e-03
  -3.0423710e-03
  -4.8000450e-03
  -6.2757800e-03
  -7.1375570e-03
  -7.1600760e-03
  -6.4069210e-03
  -5.1668270e-03
  -3.7690450e-03
  -2.4296560e-03
  -1.2056790e-03
  -4.5225230e-05
   1.1279590e-03
   2.3544680e-03
   3.6267860e-03
   4.9118980e-03
   6.1801350e-03
   7.3614960e-03
   8.1960250e-03
   8.3884720e-03
   7.8606820e-03
   6.7882950e-03
   5.4636530e-03
   4.1303950e-03
   2.8961720e-03
   1.7454210e-03
   6.0985880e-04
  -5.1082310e-04
  -1.3334480e-03
  -1.4571640e-03
  -7.1586350e-04
   7.2575430e-04
   2.5197860e-03
   4.3482650e-03
   6.0462830e-03
   7.4538320e-03
   8.2079360e-03
   8.0100110e-03
   6.8784240e-03
   5.1167780e-03
   3.1442540e-03
   1.3835150e-03
   9.6466780e-05
  -7.1362900e-04
  -1.2283640e-03
  -1.6626700e-03
  -2.1498200e-03
  -2.7137110e-03
  -3.3100220e-03
  -3.8775990e-03
  -4.2809590e-03
  -4.2966200e-03
  -3.7935760e-03
  -2.8288050e-03
  -1.5904600e-03
  -3.0110720e-04
   7.6940120e-04
   1.3840620e-03
   1.4867410e-03
   1.2081600e-03
   7.5844940e-04
   3.5321140e-04
   2.1440100e-04
   4.6942670e-04
   1.0867600e-03
   1.9247700e-03
   2.8290910e-03
   3.7044840e-03
   4.5015870e-03
   5.0863510e-03
   5.2853470e-03
   5.0301210e-03
   4.3054280e-03
   3.0622970e-03
   1.3079220e-03
  -8.4372080e-04
  -3.2110890e-03
  -5.6137360e-03
  -7.9395280e-03
  -1.0166820e-02
  -1.2311740e-02
  -1.4338150e-02
  -1.6184840e-02
  -1.7834250e-02
  -1.9331240e-02
  -2.0790790e-02
  -2.2403280e-02
  -2.4317080e-02
  -2.6544220e-02
  -2.8979630e-02
  -3.1407140e-02
  -3.3383910e-02
  -3.4483350e-02
  -3.4637370e-02
  -3.4230040e-02
  -3.3823200e-02
  -3.3792430e-02
  -3.4180940e-02
  -3.4716210e-02
  -3.4983050e-02
  -3.4725140e-02
  -3.3970310e-02
  -3.2899900e-02
  -3.1536700e-02
  -2.9734990e-02
  -2.7400210e-02
  -2.4599620e-02
  -2.1522480e-02
  -1.8371030e-02
  -1.5271040e-02
  -1.2248230e-02
  -9.2059880e-03
  -5.8399370e-03
  -1.8324770e-03
   2.8928950e-03
   8.1490470e-03
   1.3636330e-02
   1.9114160e-02
   2.4484880e-02
   2.9774240e-02
   3.5055290e-02
   4.0380350e-02
   4.5755810e-02
   5.1154380e-02
   5.6532470e-02
   6.1654840e-02
   6.5998830e-02
   6.9181890e-02
   7.1162410e-02
   7.1816790e-02
   7.0325680e-02
   6.5796550e-02
   5.8186270e-02
   4.8373450e-02
   3.7594170e-02
   2.6814380e-02
   1.6430880e-02
   6.3600010e-03
  -3.6723670e-03
  -1.3867910e-02
  -2.4246470e-02
  -3.4415690e-02
  -4.3168180e-02
  -4.9318790e-02
  -5.2579070e-02
  -5.3483860e-02
  -5.2972500e-02
  -5.1931120e-02
  -5.0851930e-02
  -4.9636090e-02
  -4.7850750e-02
  -4.5221470e-02
  -4.1839650e-02
  -3.8050810e-02
  -3.4213170e-02
  -3.0522150e-02
  -2.6984300e-02
  -2.3500370e-02
  -1.9972910e-02
  -1.6346950e-02
  -1.2398060e-02
  -7.6573210e-03
  -1.8128870e-03
   5.0484930e-03
   1.2536790e-02
   2.0214020e-02
   2.7800210e-02
   3.5225940e-02
   4.2360600e-02
   4.8535060e-02
   5.2932010e-02
   5.4923310e-02
   5.4333510e-02
   5.1651320e-02
   4.7905690e-02
   4.4277510e-02
   4.1507120e-02
   3.9664970e-02
   3.8415390e-02
   3.7573210e-02
   3.7229270e-02
   3.7498360e-02
   3.8340260e-02
   3.9558890e-02
   4.0883800e-02
   4.1633910e-02
   4.0538630e-02
   3.6724620e-02
   3.0352490e-02
   2.2383670e-02
   1.3925820e-02
   5.6951030e-03
  -2.1370010e-03
  -9.7628990e-03
  -1.7446590e-02
  -2.5320970e-02
  -3.3351870e-02
  -4.1421270e-02
  -4.9338610e-02
  -5.5924800e-02
  -5.8831250e-02
  -5.6522450e-02
  -4.9416840e-02
  -3.9389790e-02
  -2.8529320e-02
  -1.8146980e-02
  -8.5234200e-03
   7.2893860e-04
   1.0108770e-02
   1.9843990e-02
   2.9529270e-02
   3.7890000e-02
   4.3768720e-02
   4.6980530e-02
   4.7881550e-02
   4.6667360e-02
   4.3545180e-02
   3.8944420e-02
   3.3451360e-02
   2.7610530e-02
   2.1771840e-02
   1.6118030e-02
   1.0890810e-02
   6.3265600e-03
   2.4633610e-03
  -8.7853130e-04
  -3.9733430e-03
  -7.0464820e-03
  -1.0187520e-02
  -1.2989740e-02
  -1.4128410e-02
  -1.2378300e-02
  -7.6023630e-03
  -7.1856400e-04
   6.9880900e-03
   1.4559700e-02
   2.1660030e-02
   2.8401260e-02
   3.4155670e-02
   3.6562040e-02
   3.3481940e-02
   2.4774290e-02
   1.2195700e-02
  -1.7412220e-03
  -1.4468660e-02
  -2.4218320e-02
  -3.0776430e-02
  -3.5189980e-02
  -3.8852970e-02
  -4.2688230e-02
  -4.6829650e-02
  -5.0699350e-02
  -5.3294510e-02
  -5.3980360e-02
  -5.2951070e-02
  -5.1207680e-02
  -4.9978560e-02
  -4.9938620e-02
  -5.0717770e-02
  -5.1063830e-02
  -4.9886740e-02
  -4.6959520e-02
  -4.2841200e-02
  -3.8352590e-02
  -3.4078390e-02
  -3.0175110e-02
  -2.6454270e-02
  -2.2501250e-02
  -1.7931010e-02
  -1.2649640e-02
  -6.8575420e-03
  -8.6781470e-04
   5.0816910e-03
   1.0905860e-02
   1.6370460e-02
   2.0340380e-02
   2.1464400e-02
   1.9344820e-02
   1.4740020e-02
   8.9630010e-03
   3.1302650e-03
  -2.1834200e-03
  -6.7807400e-03
  -1.0705740e-02
  -1.4025460e-02
  -1.6390130e-02
  -1.7298060e-02
  -1.6634170e-02
  -1.4782950e-02
  -1.2369800e-02
  -9.9230450e-03
  -7.6991330e-03
  -5.9779580e-03
  -5.4389520e-03
  -6.6504530e-03
  -9.5621810e-03
  -1.3460920e-02
  -1.7428780e-02
  -2.0874620e-02
  -2.3715260e-02
  -2.6215170e-02
  -2.8589830e-02
  -3.0412050e-02
  -3.0893330e-02
  -2.9621200e-02
  -2.6605510e-02
  -2.1986680e-02
  -1.6066860e-02
  -9.2894710e-03
  -2.0979180e-03
   5.1959670e-03
   1.2454250e-02
   1.9668810e-02
   2.6882750e-02
   3.4129970e-02
   4.1411620e-02
   4.8706310e-02
   5.5991760e-02
   6.3194660e-02
   6.9804470e-02
   7.4997940e-02
   7.8355770e-02
   8.0145530e-02
   8.1068060e-02
   8.1817620e-02
   8.2683820e-02
   8.2931880e-02
   8.1154770e-02
   7.6548170e-02
   6.9450100e-02
   6.0959150e-02
   5.2203600e-02
   4.3839330e-02
   3.6257030e-02
   2.9974050e-02
   2.5286440e-02
   2.1824350e-02
   1.8521910e-02
   1.4350970e-02
   8.9254640e-03
   2.5261210e-03
  -4.2648930e-03
  -1.0810040e-02
  -1.6068330e-02
  -1.9011900e-02
  -1.9415800e-02
  -1.7930560e-02
  -1.5579710e-02
  -1.3194290e-02
  -1.1134950e-02
  -9.4145450e-03
  -7.9739340e-03
  -6.7669790e-03
  -5.7556760e-03
  -5.0411920e-03
  -5.3661450e-03
  -7.7004560e-03
  -1.2371880e-02
  -1.8870630e-02
  -2.6250790e-02
  -3.3487370e-02
  -3.9631130e-02
  -4.4181760e-02
  -4.6983030e-02
  -4.8098430e-02
  -4.7872410e-02
  -4.6826380e-02
  -4.5553050e-02
  -4.4749460e-02
  -4.4921060e-02
  -4.6118320e-02
  -4.8011600e-02
  -5.0125520e-02
  -5.1869590e-02
  -5.2697210e-02
  -5.2439720e-02
  -5.1345610e-02
  -4.9915360e-02
  -4.8745010e-02
  -4.8230650e-02
  -4.8317730e-02
  -4.8403330e-02
  -4.7772730e-02
  -4.6113950e-02
  -4.3616800e-02
  -4.0733670e-02
  -3.7868130e-02
  -3.5198130e-02
  -3.2686660e-02
  -3.0203030e-02
  -2.7645700e-02
  -2.4995600e-02
  -2.2301450e-02
  -1.9756570e-02
  -1.7822180e-02
  -1.6893390e-02
  -1.6936830e-02
  -1.7291810e-02
  -1.7045040e-02
  -1.5672910e-02
  -1.3261810e-02
  -1.0289010e-02
  -7.2532140e-03
  -4.4225690e-03
  -1.8009530e-03
   7.1130510e-04
   3.0690060e-03
   5.1107740e-03
   6.7382810e-03
   7.9336350e-03
   8.5629410e-03
   8.4583410e-03
   7.6126790e-03
   6.1631080e-03
   4.3068990e-03
   2.2377820e-03
   9.4941790e-05
  -2.0182310e-03
  -3.6338830e-03
  -3.8211580e-03
  -1.9617020e-03
   1.7937910e-03
   6.7131570e-03
   1.1972050e-02
   1.7046940e-02
   2.1820660e-02
   2.6443650e-02
   3.1113900e-02
   3.5928080e-02
   4.0858310e-02
   4.5815510e-02
   5.0720560e-02
   5.5409300e-02
   5.9512660e-02
   6.2739460e-02
   6.5110440e-02
   6.6915530e-02
   6.8516010e-02
   7.0163740e-02
   7.1937400e-02
   7.3782860e-02
   7.5558390e-02
   7.7096690e-02
   7.8322480e-02
   7.9288900e-02
   8.0041890e-02
   8.0344960e-02
   7.9812420e-02
   7.8036630e-02
   7.4747890e-02
   7.0070690e-02
   6.4475200e-02
   5.8512650e-02
   5.2569160e-02
   4.6778210e-02
   4.1086870e-02
   3.5385320e-02
   2.9607850e-02
   2.3759610e-02
   1.7887520e-02
   1.2049530e-02
   6.5007810e-03
   1.8021020e-03
  -1.6404600e-03
  -3.8238170e-03
  -4.8997280e-03
  -5.0547290e-03
  -4.5364010e-03
  -3.6181550e-03
  -2.5382900e-03
  -1.5905060e-03
  -1.1925150e-03
  -1.6129140e-03
  -2.7998430e-03
  -4.4422180e-03
  -6.0424240e-03
  -7.1186030e-03
  -7.4826040e-03
  -7.2775920e-03
  -6.8183200e-03
  -6.4863800e-03
  -6.6386870e-03
  -7.4138690e-03
  -8.6924080e-03
  -1.0222960e-02
  -1.1782310e-02
  -1.3256460e-02
  -1.4472060e-02
  -1.4997880e-02
  -1.4472900e-02
  -1.2903480e-02
  -1.0627870e-02
  -8.0836120e-03
  -5.5860130e-03
  -3.2413390e-03
  -9.9650320e-04
   1.2509770e-03
   3.5526020e-03
   5.6312670e-03
   6.6954430e-03
   6.0775930e-03
   3.7570810e-03
   2.9503410e-04
  -3.5753870e-03
  -7.3337980e-03
  -1.0818360e-02
  -1.4135490e-02
  -1.7466890e-02
  -2.0909420e-02
  -2.4324190e-02
  -2.7364260e-02
  -2.9777020e-02
  -3.1569050e-02
  -3.2757850e-02
  -3.3104160e-02
  -3.2399460e-02
  -3.0721160e-02
  -2.8403370e-02
  -2.5843300e-02
  -2.3320150e-02
  -2.0928320e-02
  -1.8656720e-02
  -1.6543820e-02
  -1.4664980e-02
  -1.3085840e-02
  -1.2152090e-02
  -1.2489820e-02
  -1.4433020e-02
  -1.7757450e-02
  -2.1868810e-02
  -2.6165400e-02
  -3.0264530e-02
  -3.4002020e-02
  -3.7396590e-02
  -4.0575270e-02
  -4.3675150e-02
  -4.6777380e-02
  -4.9899590e-02
  -5.3003660e-02
  -5.5936850e-02
  -5.8504860e-02
  -6.0634810e-02
  -6.2399400e-02
  -6.3662280e-02
  -6.3833940e-02
  -6.2433400e-02
  -5.9518180e-02
  -5.5612850e-02
  -5.1361190e-02
  -4.7208590e-02
  -4.3287560e-02
  -3.9477000e-02
  -3.5554800e-02
  -3.1381380e-02
  -2.6970190e-02
  -2.2436270e-02
  -1.7901340e-02
  -1.3427380e-02
  -9.0089030e-03
  -4.6054900e-03
  -1.8172190e-04
   4.2721110e-03
   8.7374250e-03
   1.3053430e-02
   1.6822140e-02
   1.9721040e-02
   2.1741200e-02
   2.2922610e-02
   2.3033350e-02
   2.1882360e-02
   1.9597180e-02
   1.6541230e-02
   1.2955320e-02
   8.8735980e-03
   4.2973200e-03
  -6.7969610e-04
  -5.6761710e-03
  -9.9919710e-03
  -1.3117880e-02
  -1.5036290e-02
  -1.6000540e-02
  -1.6285690e-02
  -1.6130730e-02
  -1.5719890e-02
  -1.5176460e-02
  -1.4572590e-02
  -1.3945610e-02
  -1.3312980e-02
  -1.2675360e-02
  -1.1949220e-02
  -1.0956970e-02
  -9.5786900e-03
  -7.8195140e-03
  -5.5448790e-03
  -2.3469640e-03
   2.0512300e-03
   7.5361660e-03
   1.3692250e-02
   2.0057700e-02
   2.6335860e-02
   3.2452690e-02
   3.8483450e-02
   4.4535210e-02
   5.0662670e-02
   5.6853240e-02
   6.3059970e-02
   6.9243220e-02
   7.5354180e-02
   8.1020300e-02
   8.5558540e-02
   8.8547590e-02
   8.9689760e-02
   8.8280410e-02
   8.3855330e-02
   7.6761760e-02
   6.7992000e-02
   5.8631170e-02
   4.9394640e-02
   4.0491300e-02
   3.1780570e-02
   2.3036030e-02
   1.4133170e-02
   5.0921080e-03
  -3.9841420e-03
  -1.2773510e-02
  -2.0371790e-02
  -2.5850280e-02
  -2.8800700e-02
  -2.9496850e-02
  -2.8721270e-02
  -2.7188200e-02
  -2.5049850e-02
  -2.2134080e-02
  -1.8356410e-02
  -1.3884640e-02
  -9.0895450e-03
  -4.5268590e-03
  -7.0876890e-04
   2.2075180e-03
   4.4162230e-03
   6.2068480e-03
   7.7932200e-03
   9.2153130e-03
   1.0253170e-02
   1.0650790e-02
   1.0320130e-02
   9.1592580e-03
   7.0312920e-03
   3.9740810e-03
   3.0099300e-04
  -3.0407190e-03
  -4.6722550e-03
  -3.8147890e-03
  -7.3285490e-04
   3.6170640e-03
   8.2381520e-03
   1.2528870e-02
   1.6191900e-02
   1.9083150e-02
   2.1249480e-02
   2.2767930e-02
   2.3525000e-02
   2.3364990e-02
   2.2117100e-02
   1.9688180e-02
   1.6237680e-02
   1.2136480e-02
   7.7840490e-03
   3.4483470e-03
  -7.8340590e-04
  -4.9508270e-03
  -9.1258930e-03
  -1.3205880e-02
  -1.6641720e-02
  -1.8838930e-02
  -1.9656410e-02
  -1.9499910e-02
  -1.9308720e-02
  -2.0134400e-02
  -2.2467610e-02
  -2.6072480e-02
  -3.0310000e-02
  -3.4581820e-02
  -3.8461250e-02
  -4.1362280e-02
  -4.2754990e-02
  -4.2586930e-02
  -4.1289860e-02
  -3.9419390e-02
  -3.7186680e-02
  -3.4471710e-02
  -3.1049040e-02
  -2.6757430e-02
  -2.1664400e-02
  -1.6046630e-02
  -1.0230810e-02
  -4.4561180e-03
   9.6293850e-04
   5.4863230e-03
   8.7532880e-03
   1.0917920e-02
   1.2663850e-02
   1.4744610e-02
   1.7479930e-02
   2.0537080e-02
   2.3226670e-02
   2.4897440e-02
   2.5307850e-02
   2.4713830e-02
   2.3606960e-02
   2.2224290e-02
   2.0385340e-02
   1.7840570e-02
   1.4560870e-02
   1.0765030e-02
   6.7694330e-03
   2.8241150e-03
  -8.6486610e-04
  -4.0443730e-03
  -6.4881580e-03
  -8.1111330e-03
  -9.0457370e-03
  -9.5666720e-03
  -9.8417880e-03
  -9.6354660e-03
  -8.5708960e-03
  -6.5267010e-03
  -3.7259290e-03
  -5.7069290e-04
   2.5166670e-03
   5.1898100e-03
   7.2813560e-03
   8.6587260e-03
   9.2290020e-03
   9.0661380e-03
   8.3157080e-03
   6.9240820e-03
   4.7539160e-03
   1.8212600e-03
  -1.6467350e-03
  -5.2091110e-03
  -8.3462790e-03
  -1.0617520e-02
  -1.1770410e-02
  -1.1889950e-02
  -1.1332200e-02
  -1.0509890e-02
  -9.7515120e-03
  -9.3245240e-03
  -9.3594940e-03
  -9.6279970e-03
  -9.4626230e-03
  -8.2673640e-03
  -5.9301630e-03
  -2.7948530e-03
   6.3449190e-04
   3.9843760e-03
   7.1329440e-03
   1.0154020e-02
   1.3179870e-02
   1.6231180e-02
   1.9032580e-02
   2.1089120e-02
   2.1896730e-02
   2.1304910e-02
   1.9619360e-02
   1.7380900e-02
   1.5063350e-02
   1.2903960e-02
   1.1003080e-02
   9.4918310e-03
   8.4537520e-03
   7.8446060e-03
   7.5170930e-03
   7.3025800e-03
   7.0827600e-03
   6.8150690e-03
   6.5138320e-03
   6.2119310e-03
   5.9307230e-03
   5.6609850e-03
   5.2687350e-03
   4.4906340e-03
   3.1546690e-03
   1.3043050e-03
  -8.5714400e-04
  -3.1037820e-03
  -5.2951410e-03
  -7.3984140e-03
  -9.3102150e-03
  -1.0616730e-02
  -1.0907820e-02
  -1.0127220e-02
  -8.5817710e-03
  -6.7171600e-03
  -4.8778730e-03
  -3.1969010e-03
  -1.6316330e-03
  -7.4969270e-05
   1.5475440e-03
   3.2422160e-03
   4.9685890e-03
   6.6816200e-03
   8.3579100e-03
   9.8552940e-03
   1.0600790e-02
   9.8739460e-03
   7.3788110e-03
   3.4357850e-03
  -1.2775370e-03
  -6.0731700e-03
  -1.0270320e-02
  -1.3352240e-02
  -1.5248520e-02
  -1.6299100e-02
  -1.6987140e-02
  -1.7678310e-02
  -1.8511750e-02
  -1.9484090e-02
  -2.0697480e-02
  -2.2348060e-02
  -2.4500960e-02
  -2.6883210e-02
  -2.9025390e-02
  -3.0612360e-02
  -3.1638080e-02
  -3.2259260e-02
  -3.2526430e-02
  -3.2402090e-02
  -3.1887070e-02
  -3.1068800e-02
  -3.0086940e-02
  -2.9069230e-02
  -2.8078630e-02
  -2.6936170e-02
  -2.5102210e-02
  -2.2118640e-02
  -1.7948880e-02
  -1.2860850e-02
  -7.2077720e-03
  -1.2926760e-03
   4.7019920e-03
   1.0712950e-02
   1.6744650e-02
   2.2780940e-02
   2.8493880e-02
   3.3268320e-02
   3.6656970e-02
   3.8457780e-02
   3.8772500e-02
   3.7992450e-02
   3.6441310e-02
   3.4165660e-02
   3.1146840e-02
   2.7485610e-02
   2.3412070e-02
   1.9223950e-02
   1.5279630e-02
   1.1846550e-02
   8.9546070e-03
   6.4309920e-03
   4.0832680e-03
   1.9740410e-03
   3.4678530e-04
  -6.5847240e-04
  -1.1260100e-03
  -1.2930490e-03
  -1.4018500e-03
  -1.5910440e-03
  -1.8764290e-03
  -2.2023090e-03
  -2.5645570e-03
  -3.1883540e-03
  -4.3748970e-03
  -6.2345770e-03
  -8.6252810e-03
  -1.1193410e-02
  -1.3258300e-02
  -1.4139960e-02
  -1.3590460e-02
  -1.1711080e-02
  -8.8033250e-03
  -5.2612520e-03
  -1.4357810e-03
   2.4550730e-03
   6.3290650e-03
   1.0087130e-02
   1.3421090e-02
   1.6028760e-02
   1.7844620e-02
   1.8839750e-02
   1.8824340e-02
   1.7708270e-02
   1.5672180e-02
   1.3088510e-02
   1.0331520e-02
   7.6318830e-03
   5.0459160e-03
   2.5183430e-03
  -2.7298170e-05
  -2.6285650e-03
  -5.2589270e-03
  -7.7255770e-03
  -9.7121170e-03
  -1.1042250e-02
  -1.1796280e-02
  -1.2224620e-02
  -1.2582670e-02
  -1.2997080e-02
  -1.3437990e-02
  -1.3812810e-02
  -1.4063860e-02
  -1.4202590e-02
  -1.4256590e-02
  -1.4151940e-02
  -1.3764610e-02
  -1.3046940e-02
  -1.2064330e-02
  -1.0945430e-02
  -9.8080800e-03
  -8.7125220e-03
  -7.6600780e-03
  -6.6215700e-03
  -5.5693270e-03
  -4.4946450e-03
  -3.4037890e-03
  -2.2624830e-03
  -9.4807220e-04
   6.4899830e-04
   2.5348760e-03
   4.6185500e-03
   6.7774830e-03
   8.9218370e-03
   1.1021050e-02
   1.3062680e-02
   1.4794700e-02
   1.5721900e-02
   1.5535090e-02
   1.4256540e-02
   1.2107070e-02
   9.3993440e-03
   6.4280660e-03
   3.3945740e-03
   5.1158970e-04
  -1.8968330e-03
  -3.6123090e-03
  -4.6728180e-03
  -5.3161170e-03
  -5.8201340e-03
  -6.3696320e-03
  -7.0152280e-03
  -7.7147010e-03
  -8.4040270e-03
  -9.0495440e-03
  -9.6836860e-03
  -1.0417890e-02
  -1.1354420e-02
  -1.2508920e-02
  -1.3812960e-02
  -1.5110140e-02
  -1.6104110e-02
  -1.6538780e-02
  -1.6382270e-02
  -1.5813640e-02
  -1.5084060e-02
  -1.4379730e-02
  -1.3765290e-02
  -1.3208810e-02
  -1.2605810e-02
  -1.1779610e-02
  -1.0592750e-02
  -8.8886480e-03
  -6.3901700e-03
  -2.9457760e-03
   1.3145340e-03
   6.0622210e-03
   1.0957050e-02
   1.5789840e-02
   2.0513600e-02
   2.5176350e-02
   2.9705950e-02
   3.3790260e-02
   3.7158270e-02
   3.9805010e-02
   4.1965660e-02
   4.3921310e-02
   4.5786120e-02
   4.7478940e-02
   4.8718260e-02
   4.9223040e-02
   4.8935230e-02
   4.7830640e-02
   4.5777420e-02
   4.2754830e-02
   3.8963910e-02
   3.4736640e-02
   3.0316360e-02
   2.5697280e-02
   2.0759780e-02
   1.5452140e-02
   9.8873040e-03
   4.4590940e-03
  -3.4532500e-04
  -4.3048200e-03
  -7.5199830e-03
  -1.0109520e-02
  -1.2103360e-02
  -1.3538580e-02
  -1.4327680e-02
  -1.4193000e-02
  -1.2989200e-02
  -1.0882840e-02
  -8.2550890e-03
  -5.4883700e-03
  -2.8086420e-03
  -2.9953190e-04
   1.7683810e-03
   2.9278430e-03
   2.9511730e-03
   2.1456580e-03
   1.1771650e-03
   6.0113270e-04
   5.9166520e-04
   8.7774300e-04
   7.0016360e-04
  -6.9403840e-04
  -3.5105320e-03
  -7.3596430e-03
  -1.1316060e-02
  -1.4148880e-02
  -1.5117860e-02
  -1.4352200e-02
  -1.2576600e-02
  -1.0577720e-02
  -8.8159340e-03
  -7.3496160e-03
  -6.0043480e-03
  -4.6324680e-03
  -3.2427990e-03
  -1.9319920e-03
  -7.7508470e-04
   2.2936790e-04
   1.1454490e-03
   2.0501220e-03
   2.9891520e-03
   3.9038140e-03
   4.5344160e-03
   4.6105510e-03
   4.0720450e-03
   3.0745760e-03
   1.7947980e-03
   3.0489790e-04
  -1.3826760e-03
  -3.2981570e-03
  -5.6981080e-03
  -8.9532850e-03
  -1.3197030e-02
  -1.8225300e-02
  -2.3652350e-02
  -2.9132390e-02
  -3.4492630e-02
  -3.9665980e-02
  -4.4368750e-02
  -4.8191810e-02
  -5.0780620e-02
  -5.1845720e-02
  -5.1395950e-02
  -4.9671890e-02
  -4.6973320e-02
  -4.3620580e-02
  -3.9907330e-02
  -3.6048020e-02
  -3.2158690e-02
  -2.8276470e-02
  -2.4397060e-02
  -2.0507810e-02
  -1.6605210e-02
  -1.2713600e-02
  -9.1744520e-03
  -6.7890790e-03
  -6.1480880e-03
  -7.0127220e-03
  -8.1387640e-03
  -8.1415000e-03
  -6.4061150e-03
  -3.2388160e-03
   5.7559640e-04
   4.3347240e-03
   7.7334080e-03
   1.0728610e-02
   1.2805720e-02
   1.3067750e-02
   1.1075690e-02
   7.1772570e-03
   2.2272080e-03
  -2.7381790e-03
  -6.7002840e-03
  -9.1446940e-03
  -1.0249900e-02
  -1.0654820e-02
  -1.1111040e-02
  -1.2101800e-02
  -1.3663600e-02
  -1.5440670e-02
  -1.6976880e-02
  -1.8032760e-02
  -1.8665230e-02
  -1.9136820e-02
  -1.9861480e-02
  -2.1191120e-02
  -2.3185700e-02
  -2.5447790e-02
  -2.7141930e-02
  -2.7596680e-02
  -2.6673050e-02
  -2.4532710e-02
  -2.1447120e-02
  -1.7737050e-02
  -1.3695110e-02
  -9.5236350e-03
  -5.3230340e-03
  -1.1207240e-03
   3.0881290e-03
   7.3104910e-03
   1.1543780e-02
   1.5779360e-02
   2.0009850e-02
   2.4233720e-02
   2.8453950e-02
   3.2674510e-02
   3.6898220e-02
   4.1125070e-02
   4.5353100e-02
   4.9543710e-02
   5.3401570e-02
   5.6451020e-02
   5.8448750e-02
   5.9547080e-02
   6.0148830e-02
   6.0653050e-02
   6.1281190e-02
   6.2054780e-02
   6.2882640e-02
   6.3670790e-02
   6.4383680e-02
   6.5040540e-02
   6.5622240e-02
   6.6023010e-02
   6.6154650e-02
   6.6044540e-02
   6.5922690e-02
   6.6103750e-02
   6.6753420e-02
   6.7719980e-02
   6.8449750e-02
   6.8375190e-02
   6.7209560e-02
   6.4320930e-02
   5.8722940e-02
   5.0038680e-02
   3.8854560e-02
   2.6321820e-02
   1.3554130e-02
   1.2464210e-03
  -1.0446890e-02
  -2.1752500e-02
  -3.2898960e-02
  -4.3508400e-02
  -5.2772140e-02
  -6.0134330e-02
  -6.5492750e-02
  -6.9224060e-02
  -7.1996620e-02
  -7.4397200e-02
  -7.6401200e-02
  -7.7396560e-02
  -7.6637740e-02
  -7.3752810e-02
  -6.9044860e-02
  -6.3361780e-02
  -5.7805110e-02
  -5.3170540e-02
  -4.9606420e-02
  -4.6742690e-02
  -4.3947280e-02
  -4.0426080e-02
  -3.5639830e-02
  -2.9607910e-02
  -2.2782760e-02
  -1.5706850e-02
  -8.7338080e-03
  -1.9537450e-03
   4.5466990e-03
   1.0318450e-02
   1.4887290e-02
   1.8175430e-02
   2.0531620e-02
   2.2480340e-02
   2.4439420e-02
   2.6578790e-02
   2.8724010e-02
   3.0246040e-02
   3.0505920e-02
   2.9074150e-02
   2.5693010e-02
   2.0512670e-02
   1.4085790e-02
   7.3583020e-03
   2.0457180e-03
  -2.4149150e-04
   8.6206290e-04
   4.2660940e-03
   8.0916500e-03
   1.0867500e-02
   1.2135770e-02
   1.2012090e-02
   1.0679950e-02
   8.3654100e-03
   5.3491450e-03
   1.9025580e-03
  -1.8736210e-03
  -6.0502590e-03
  -1.0679440e-02
  -1.5691520e-02
  -2.0913980e-02
  -2.5986460e-02
  -3.0343320e-02
  -3.3617830e-02
  -3.5826830e-02
  -3.7022940e-02
  -3.7160220e-02
  -3.6302810e-02
  -3.4702880e-02
  -3.2706890e-02
  -3.0579160e-02
  -2.8216100e-02
  -2.5216210e-02
  -2.1311220e-02
  -1.6581430e-02
  -1.1365000e-02
  -6.0319060e-03
  -8.0748090e-04
   4.2704000e-03
   9.2815920e-03
   1.4306660e-02
   1.9218920e-02
   2.3652250e-02
   2.7330600e-02
   3.0276820e-02
   3.2758890e-02
   3.5096370e-02
   3.7314910e-02
   3.8763160e-02
   3.8654790e-02
   3.6763210e-02
   3.3524820e-02
   2.9682750e-02
   2.5855000e-02
   2.2305900e-02
   1.8980710e-02
   1.5691480e-02
   1.2353030e-02
   9.5300790e-03
   8.3616550e-03
   9.5007740e-03
   1.2128590e-02
   1.4261560e-02
   1.4289510e-02
   1.1899530e-02
   8.0134000e-03
   4.0780010e-03
   1.1189190e-03
  -6.5941370e-04
  -1.5910530e-03
  -2.1342610e-03
  -2.6103290e-03
  -3.1237380e-03
  -3.6298100e-03
  -4.0112730e-03
  -4.0528830e-03
  -3.5701990e-03
  -2.5616830e-03
  -1.2649260e-03
  -1.6496510e-04
   3.0333060e-04
  -2.1205360e-05
  -1.1599060e-03
  -3.0474560e-03
  -5.5071500e-03
  -8.2582260e-03
  -1.0727620e-02
  -1.2199960e-02
  -1.2334630e-02
  -1.1334700e-02
  -9.7258230e-03
  -8.0162670e-03
  -6.5217900e-03
  -5.5051320e-03
  -5.1637690e-03
  -5.4940640e-03
  -6.2988320e-03
  -7.2318640e-03
  -7.8816430e-03
  -8.0041200e-03
  -7.6253910e-03
  -6.9538020e-03
  -6.2560840e-03
  -5.9048210e-03
  -6.2588620e-03
  -7.4150920e-03
  -9.1804900e-03
  -1.1231880e-02
  -1.3288040e-02
  -1.5067390e-02
  -1.6248380e-02
  -1.6678530e-02
  -1.6469140e-02
  -1.5912730e-02
  -1.5330700e-02
  -1.4920410e-02
  -1.4707540e-02
  -1.4661870e-02
  -1.4932050e-02
  -1.5753640e-02
  -1.7212540e-02
  -1.9178930e-02
  -2.1404210e-02
  -2.3663040e-02
  -2.5841140e-02
  -2.7937400e-02
  -2.9971060e-02
  -3.1693820e-02
  -3.2635750e-02
  -3.2531320e-02
  -3.1508580e-02
  -2.9961410e-02
  -2.8296690e-02
  -2.6751470e-02
  -2.5358900e-02
  -2.4030540e-02
  -2.2692250e-02
  -2.1410180e-02
  -2.0328790e-02
  -1.9529730e-02
  -1.8977460e-02
  -1.8521390e-02
  -1.7839470e-02
  -1.6601580e-02
  -1.4708290e-02
  -1.2317450e-02
  -9.7035550e-03
  -7.0933780e-03
  -4.5823980e-03
  -2.1677440e-03
   7.6103800e-05
   1.9694040e-03
   3.4009540e-03
   4.4195850e-03
   5.2314090e-03
   6.2403330e-03
   7.8469440e-03
   1.0178840e-02
   1.3064280e-02
   1.6195980e-02
   1.9319080e-02
   2.2327620e-02
   2.5247180e-02
   2.8156430e-02
   3.1109370e-02
   3.4054840e-02
   3.6824440e-02
   3.9212810e-02
   4.0848390e-02
   4.1370590e-02
   4.0752340e-02
   3.9299230e-02
   3.7324440e-02
   3.4951170e-02
   3.2216580e-02
   2.9369700e-02
   2.7001540e-02
   2.5604570e-02
   2.5239900e-02
   2.5580230e-02
   2.6134110e-02
   2.6426610e-02
   2.6201340e-02
   2.5494500e-02
   2.4522250e-02
   2.3468980e-02
   2.2303700e-02
   2.0872620e-02
   1.9085390e-02
   1.6990140e-02
   1.4728790e-02
   1.2445320e-02
   1.0219300e-02
   8.0551560e-03
   5.9145350e-03
   3.7584360e-03
   1.5718580e-03
  -6.3548380e-04
  -2.8448730e-03
  -5.0281400e-03
  -7.1014790e-03
  -8.9613990e-03
  -1.0495420e-02
  -1.1561190e-02
  -1.2107340e-02
  -1.2233410e-02
  -1.2180430e-02
  -1.2294720e-02
  -1.2832550e-02
  -1.3824750e-02
  -1.5117270e-02
  -1.6505070e-02
  -1.7847930e-02
  -1.9109960e-02
  -2.0328770e-02
  -2.1542860e-02
  -2.2594400e-02
  -2.3093680e-02
  -2.2761380e-02
  -2.1639390e-02
  -2.0023890e-02
  -1.8261340e-02
  -1.6577050e-02
  -1.5024140e-02
  -1.3555270e-02
  -1.2243760e-02
  -1.1336160e-02
  -1.1013340e-02
  -1.1243020e-02
  -1.1798560e-02
  -1.2214620e-02
  -1.1921850e-02
  -1.0638710e-02
  -8.5055180e-03
  -5.9161590e-03
  -3.2546330e-03
  -7.2444390e-04
   1.6664590e-03
   4.0136940e-03
   6.4080120e-03
   8.8548430e-03
   1.1238550e-02
   1.3421930e-02
   1.5357270e-02
   1.7102910e-02
   1.8767510e-02
   2.0442200e-02
   2.2164000e-02
   2.3921300e-02
   2.5683330e-02
   2.7427460e-02
   2.9148910e-02
   3.0854970e-02
   3.2556330e-02
   3.4260120e-02
   3.5967570e-02
   3.7675960e-02
   3.9382480e-02
   4.1085890e-02
   4.2728660e-02
   4.3990100e-02
   4.4457480e-02
   4.3982260e-02
   4.2761940e-02
   4.1174730e-02
   3.9555260e-02
   3.8062370e-02
   3.6600990e-02
   3.4760430e-02
   3.2132400e-02
   2.8632190e-02
   2.4507220e-02
   2.0133860e-02
   1.5801440e-02
   1.1614500e-02
   7.5269760e-03
   3.4657280e-03
  -3.8828840e-04
  -3.5918290e-03
  -5.8452760e-03
  -7.2160100e-03
  -8.0502110e-03
  -8.7419980e-03
  -9.6535640e-03
  -1.1204980e-02
  -1.3663140e-02
  -1.6967540e-02
  -2.0809370e-02
  -2.4835500e-02
  -2.8814650e-02
  -3.2664820e-02
  -3.6247700e-02
  -3.9292590e-02
  -4.1634850e-02
  -4.3349410e-02
  -4.4682860e-02
  -4.5903230e-02
  -4.7178750e-02
  -4.8548240e-02
  -4.9965590e-02
  -5.1367800e-02
  -5.2636760e-02
  -5.3398110e-02
  -5.3238140e-02
  -5.2054900e-02
  -5.0098110e-02
  -4.7613480e-02
  -4.4404030e-02
  -4.0116990e-02
  -3.4674910e-02
  -2.8363980e-02
  -2.1645060e-02
  -1.4907350e-02
  -8.3425990e-03
  -2.1796360e-03
   3.0983770e-03
   7.1393000e-03
   1.0012000e-02
   1.2130740e-02
   1.3972570e-02
   1.5698140e-02
   1.7049360e-02
   1.7719730e-02
   1.7654950e-02
   1.7071820e-02
   1.6292750e-02
   1.5514710e-02
   1.4505800e-02
   1.2764840e-02
   1.0034560e-02
   6.6876740e-03
   3.5263080e-03
   1.1669440e-03
  -2.7427330e-04
  -9.7961480e-04
  -1.1362910e-03
  -8.8933780e-04
  -3.5793840e-04
   3.5563550e-04
   1.1587740e-03
   1.8458470e-03
   2.0379810e-03
   1.4667490e-03
   1.5217100e-04
  -1.7069280e-03
  -3.8922490e-03
  -6.2376600e-03
  -8.6504950e-03
  -1.1097270e-02
  -1.3572820e-02
  -1.6074800e-02
  -1.8591140e-02
  -2.1065600e-02
  -2.3386240e-02
  -2.5462340e-02
  -2.7082440e-02
  -2.7793570e-02
  -2.7294050e-02
  -2.5733040e-02
  -2.3648690e-02
  -2.1609780e-02
  -1.9919970e-02
  -1.8568030e-02
  -1.7364660e-02
  -1.6075160e-02
  -1.4360760e-02
  -1.1917500e-02
  -8.7005980e-03
  -4.9254620e-03
  -9.0060370e-04
   3.1399530e-03
   7.1047560e-03
   1.1015170e-02
   1.4931840e-02
   1.8894670e-02
   2.2902400e-02
   2.6926910e-02
   3.0889870e-02
   3.4503930e-02
   3.7420070e-02
   3.9519470e-02
   4.0891390e-02
   4.1616390e-02
   4.1771670e-02
   4.1485850e-02
   4.0844940e-02
   3.9692370e-02
   3.7806120e-02
   3.5159580e-02
   3.1959920e-02
   2.8513730e-02
   2.5066460e-02
   2.1771400e-02
   1.8879000e-02
   1.6666310e-02
   1.5204900e-02
   1.4308900e-02
   1.3548970e-02
   1.2392410e-02
   1.0531820e-02
   8.0172490e-03
   5.1330540e-03
   2.1831090e-03
  -6.1314750e-04
  -3.0594830e-03
  -5.0420630e-03
  -6.6000660e-03
  -7.8855470e-03
  -9.0684650e-03
  -1.0261470e-02
  -1.1497700e-02
  -1.2692080e-02
  -1.3565220e-02
  -1.3844320e-02
  -1.3482590e-02
  -1.2663190e-02
  -1.1656710e-02
  -1.0677110e-02
  -9.9118590e-03
  -9.5952830e-03
  -9.8574170e-03
  -1.0632320e-02
  -1.1713910e-02
  -1.2800480e-02
  -1.3521540e-02
  -1.3648000e-02
  -1.3212670e-02
  -1.2435520e-02
  -1.1563820e-02
  -1.0750300e-02
  -1.0025970e-02
  -9.3913150e-03
  -8.9427320e-03
  -8.7982660e-03
  -8.9599070e-03
  -9.1867700e-03
  -9.1181360e-03
  -8.5359060e-03
  -7.3487190e-03
  -5.4477060e-03
  -2.8164900e-03
   3.9436920e-04
   3.8642960e-03
   7.1306200e-03
   9.8427440e-03
   1.1946910e-02
   1.3590260e-02
   1.4825350e-02
   1.5589980e-02
   1.5866200e-02
   1.5762990e-02
   1.5531510e-02
   1.5449230e-02
   1.5661170e-02
   1.6139520e-02
   1.6748740e-02
   1.7190530e-02
   1.6864700e-02
   1.5278450e-02
   1.2417730e-02
   8.6964200e-03
   4.6556620e-03
   6.8190210e-04
  -3.0679770e-03
  -6.4880790e-03
  -9.4786270e-03
  -1.2017300e-02
  -1.3993030e-02
  -1.5115320e-02
  -1.5220450e-02
  -1.4450900e-02
  -1.3166010e-02
  -1.1736240e-02
  -1.0377940e-02
  -9.0343900e-03
  -7.4279000e-03
  -5.3348730e-03
  -2.7516890e-03
   1.4082670e-04
   3.1174290e-03
   6.0190850e-03
   8.6760410e-03
   1.0850430e-02
   1.2414240e-02
   1.3444460e-02
   1.4157870e-02
   1.4779470e-02
   1.5445580e-02
   1.6184460e-02
   1.6954630e-02
   1.7622470e-02
   1.7895430e-02
   1.7512080e-02
   1.6320100e-02
   1.4289780e-02
   1.1576790e-02
   8.5603670e-03
   5.7658460e-03
   3.5524610e-03
   1.9458370e-03
   7.2010190e-04
  -4.0558260e-04
  -1.6108730e-03
  -2.9298940e-03
  -4.3019630e-03
  -5.6526460e-03
  -6.9476140e-03
  -8.1992150e-03
  -9.4215360e-03
  -1.0552320e-02
  -1.1494740e-02
  -1.2208750e-02
  -1.2737410e-02
  -1.3171030e-02
  -1.3593130e-02
  -1.4046460e-02
  -1.4531150e-02
  -1.5025620e-02
  -1.5509990e-02
  -1.5977890e-02
  -1.6435590e-02
  -1.6893300e-02
  -1.7355530e-02
  -1.7776990e-02
  -1.8030140e-02
  -1.8007670e-02
  -1.7707170e-02
  -1.7220160e-02
  -1.6666020e-02
  -1.6129500e-02
  -1.5618950e-02
  -1.5001000e-02
  -1.4079140e-02
  -1.2762990e-02
  -1.1120200e-02
  -9.3096440e-03
  -7.4805560e-03
  -5.7084390e-03
  -3.9922920e-03
  -2.2922290e-03
  -5.7456080e-04
   1.1187470e-03
   2.6330800e-03
   3.8306880e-03
   4.6990060e-03
   5.3427700e-03
   5.9047480e-03
   6.4886760e-03
   7.1277780e-03
   7.8014500e-03
   8.4733890e-03
   9.1213190e-03
   9.7453590e-03
   1.0346900e-02
   1.0904150e-02
   1.1392340e-02
   1.1807670e-02
   1.2169700e-02
   1.2507980e-02
   1.2846280e-02
   1.3194720e-02
   1.3551440e-02
   1.3898440e-02
   1.4117650e-02
   1.4002410e-02
   1.3428560e-02
   1.2375230e-02
   1.0859460e-02
   8.9561870e-03
   6.7934410e-03
   4.5064120e-03
   2.1929950e-03
  -9.1455810e-05
  -2.3122420e-03
  -4.4573350e-03
  -6.5389830e-03
  -8.5828420e-03
  -1.0613730e-02
  -1.2643360e-02
  -1.4573970e-02
  -1.6079130e-02
  -1.6854010e-02
  -1.6864430e-02
  -1.6340370e-02
  -1.5605000e-02
  -1.4900640e-02
  -1.4313960e-02
  -1.3807570e-02
  -1.3302540e-02
  -1.2747420e-02
  -1.2140760e-02
  -1.1479700e-02
  -1.0581550e-02
  -9.1512800e-03
  -7.0474380e-03
  -4.3773750e-03
  -1.4008710e-03
   1.6299390e-03
   4.5774670e-03
   7.3923610e-03
   9.9871550e-03
   1.2269030e-02
   1.4179290e-02
   1.5583680e-02
   1.6354540e-02
   1.6522450e-02
   1.6276440e-02
   1.5858540e-02
   1.5502560e-02
   1.5412580e-02
   1.5671570e-02
   1.6219140e-02
   1.6918050e-02
   1.7642600e-02
   1.8329620e-02
   1.8977990e-02
   1.9617040e-02
   2.0260620e-02
   2.0817470e-02
   2.1119490e-02
   2.1071230e-02
   2.0714750e-02
   2.0184280e-02
   1.9618090e-02
   1.9095360e-02
   1.8624920e-02
   1.8147400e-02
   1.7507180e-02
   1.6550680e-02
   1.5241880e-02
   1.3630330e-02
   1.1778190e-02
   9.7503690e-03
   7.6110690e-03
   5.4142690e-03
   3.1962700e-03
   9.7929580e-04
  -1.1432100e-03
  -2.9329290e-03
  -4.1921310e-03
  -4.9200000e-03
  -5.2917730e-03
  -5.5339880e-03
  -5.8076380e-03
  -6.1637680e-03
  -6.5709500e-03
  -6.9744860e-03
  -7.3416350e-03
  -7.6863730e-03
  -8.1083300e-03
  -8.7398200e-03
  -9.6370820e-03
  -1.0750480e-02
  -1.1971870e-02
  -1.3202760e-02
  -1.4395010e-02
  -1.5545770e-02
  -1.6584520e-02
  -1.7301290e-02
  -1.7527860e-02
  -1.7274430e-02
  -1.6705470e-02
  -1.6026520e-02
  -1.5380150e-02
  -1.4809220e-02
  -1.4285490e-02
  -1.3818760e-02
  -1.3569850e-02
  -1.3717600e-02
  -1.4301720e-02
  -1.5207220e-02
  -1.6252400e-02
  -1.7290580e-02
  -1.8253940e-02
  -1.9064130e-02
  -1.9573620e-02
  -1.9687140e-02
  -1.9440780e-02
  -1.8970580e-02
  -1.8427470e-02
  -1.7902840e-02
  -1.7385030e-02
  -1.6802830e-02
  -1.6104970e-02
  -1.5296590e-02
  -1.4425310e-02
  -1.3544930e-02
  -1.2686760e-02
  -1.1860160e-02
  -1.1087630e-02
  -1.0401490e-02
  -9.8125720e-03
  -9.3012120e-03
  -8.8310150e-03
  -8.3687020e-03
  -7.8965170e-03
  -7.4130730e-03
  -6.9256030e-03
  -6.4414400e-03
  -5.9630160e-03
  -5.4882620e-03
  -5.0136040e-03
  -4.5366760e-03
  -4.0572460e-03
  -3.5767240e-03
  -3.0978450e-03
  -2.6625870e-03
  -2.4019150e-03
  -2.4371700e-03
  -2.7812060e-03
  -3.3408130e-03
  -3.9857290e-03
  -4.6185070e-03
  -5.2041720e-03
  -5.7342610e-03
  -6.0533490e-03
  -5.8799150e-03
  -5.0598690e-03
  -3.6771900e-03
  -1.9741410e-03
  -1.9874130e-04
   1.5055540e-03
   3.1188420e-03
   4.6945150e-03
   6.2916690e-03
   7.9343600e-03
   9.6097560e-03
   1.1289680e-02
   1.2953480e-02
   1.4598050e-02
   1.6230950e-02
   1.7825420e-02
   1.9294430e-02
   2.0567190e-02
   2.1642970e-02
   2.2516820e-02
   2.3078740e-02
   2.3225390e-02
   2.2965960e-02
   2.2375230e-02
   2.1527230e-02
   2.0494880e-02
   1.9348960e-02
   1.8157280e-02
   1.7081440e-02
   1.6394570e-02
   1.6270440e-02
   1.6665080e-02
   1.7374530e-02
   1.8171530e-02
   1.8873620e-02
   1.9297850e-02
   1.9328170e-02
   1.8987320e-02
   1.8405510e-02
   1.7734470e-02
   1.7076220e-02
   1.6462200e-02
   1.5880960e-02
   1.5323230e-02
   1.4792330e-02
   1.4293610e-02
   1.3825560e-02
   1.3378730e-02
   1.2940100e-02
   1.2483240e-02
   1.1931300e-02
   1.1201420e-02
   1.0273180e-02
   9.1953310e-03
   8.0244760e-03
   6.7682260e-03
   5.4108580e-03
   3.9520860e-03
   2.4174570e-03
   8.5928360e-04
  -5.5433820e-04
  -1.5620110e-03
  -2.0202150e-03
  -1.9969080e-03
  -1.6996540e-03
  -1.3411440e-03
  -1.0438860e-03
  -8.3720860e-04
  -7.3373980e-04
  -7.5088580e-04
  -8.8785190e-04
  -1.1177870e-03
  -1.3809490e-03
  -1.5686130e-03
  -1.5851450e-03
  -1.4109310e-03
  -1.0999840e-03
  -7.3408490e-04
  -3.7814760e-04
  -1.0548560e-04
  -4.3934380e-05
  -2.8758990e-04
  -8.2379190e-04
  -1.5511560e-03
  -2.3471280e-03
  -3.1275060e-03
  -3.8607830e-03
  -4.4559160e-03
  -4.6831050e-03
  -4.3659460e-03
  -3.5236420e-03
  -2.3398530e-03
  -1.0384110e-03
   2.2736730e-04
   1.4122700e-03
   2.5422160e-03
   3.6531760e-03
   4.7623370e-03
   5.8285520e-03
   6.6280120e-03
   6.8782810e-03
   6.4469970e-03
   5.3751120e-03
   3.8394170e-03
   2.0654810e-03
   2.3228780e-04
  -1.5747400e-03
  -3.3374800e-03
  -4.9811250e-03
  -6.3604840e-03
  -7.3906660e-03
  -8.1112360e-03
  -8.6492190e-03
  -9.1394200e-03
  -9.6638580e-03
  -1.0239130e-02
  -1.0876250e-02
  -1.1661890e-02
  -1.2691780e-02
  -1.3983370e-02
  -1.5466980e-02
  -1.7035950e-02
  -1.8604370e-02
  -2.0129680e-02
  -2.1580610e-02
  -2.2924180e-02
  -2.4059070e-02
  -2.4703470e-02
  -2.4611520e-02
  -2.3786760e-02
  -2.2464830e-02
  -2.0952320e-02
  -1.9471320e-02
  -1.8097260e-02
  -1.6793300e-02
  -1.5487440e-02
  -1.4134470e-02
  -1.2735150e-02
  -1.1335680e-02
  -1.0101310e-02
  -9.2636170e-03
  -8.9285520e-03
  -9.0118480e-03
  -9.3171930e-03
  -9.6583190e-03
  -9.9373920e-03
  -1.0149590e-02
  -1.0301390e-02
  -1.0291540e-02
  -9.9844960e-03
  -9.3371830e-03
  -8.4256370e-03
  -7.3862510e-03
  -6.3382090e-03
  -5.3379070e-03
  -4.3811740e-03
  -3.4354620e-03
  -2.4729630e-03
  -1.4931670e-03
  -5.4798260e-04
   2.8795910e-04
   9.7947270e-04
   1.5235280e-03
   1.8588600e-03
   1.9024480e-03
   1.6430200e-03
   1.1578860e-03
   5.6466430e-04
  -3.9078670e-05
  -6.0821800e-04
  -1.1455550e-03
  -1.6757320e-03
  -2.2193210e-03
  -2.7809560e-03
  -3.3523920e-03
  -3.9223380e-03
  -4.4812160e-03
  -4.9559490e-03
  -5.1504530e-03
  -4.9013460e-03
  -4.2088380e-03
  -3.2201630e-03
  -2.1403620e-03
  -1.1422930e-03
  -2.9747520e-04
   4.2289060e-04
   1.0938620e-03
   1.7782830e-03
   2.5206690e-03
   3.4313080e-03
   4.6441550e-03
   6.2009130e-03
   8.0259880e-03
   9.9845990e-03
   1.1953140e-02
   1.3800560e-02
   1.5375130e-02
   1.6577030e-02
   1.7306510e-02
   1.7497510e-02
   1.7206180e-02
   1.6596680e-02
   1.5856490e-02
   1.5125810e-02
   1.4539270e-02
   1.4240350e-02
   1.4286900e-02
   1.4618400e-02
   1.5106270e-02
   1.5620530e-02
   1.6039200e-02
   1.6274640e-02
   1.6316110e-02
   1.6208750e-02
   1.5986320e-02
   1.5660610e-02
   1.5243430e-02
   1.4758330e-02
   1.4236290e-02
   1.3704340e-02
   1.3178070e-02
   1.2660620e-02
   1.2147550e-02
   1.1633250e-02
   1.1114920e-02
   1.0597120e-02
   1.0129220e-02
   9.8100560e-03
   9.7046410e-03
   9.7965220e-03
   1.0008370e-02
   1.0253890e-02
   1.0478880e-02
   1.0672070e-02
   1.0849890e-02
   1.1033090e-02
   1.1231570e-02
   1.1442060e-02
   1.1655110e-02
   1.1863120e-02
   1.2064240e-02
   1.2261490e-02
   1.2458670e-02
   1.2656590e-02
   1.2853670e-02
   1.3043920e-02
   1.3150040e-02
   1.2989200e-02
   1.2425520e-02
   1.1475300e-02
   1.0277120e-02
   8.9676170e-03
   7.5757290e-03
   6.0619230e-03
   4.3981190e-03
   2.6044110e-03
   7.3758430e-04
  -1.1426130e-03
  -3.0010880e-03
  -4.8335080e-03
  -6.6543260e-03
  -8.4798710e-03
  -1.0317440e-02
  -1.2164360e-02
  -1.4013210e-02
  -1.5858080e-02
  -1.7697820e-02
  -1.9534640e-02
  -2.1326600e-02
  -2.2829040e-02
  -2.3724740e-02
  -2.3898440e-02
  -2.3500750e-02
  -2.2837730e-02
  -2.2270770e-02
  -2.2073380e-02
  -2.2304300e-02
  -2.2835100e-02
  -2.3474720e-02
  -2.4084830e-02
  -2.4623280e-02
  -2.5110480e-02
  -2.5476190e-02
  -2.5500580e-02
  -2.5015070e-02
  -2.4038140e-02
  -2.2744950e-02
  -2.1347840e-02
  -1.9990720e-02
  -1.8713580e-02
  -1.7482400e-02
  -1.6251070e-02
  -1.5054190e-02
  -1.4011590e-02
  -1.3213580e-02
  -1.2652140e-02
  -1.2239060e-02
  -1.1868810e-02
  -1.1472070e-02
  -1.1032570e-02
  -1.0560300e-02
  -9.9535430e-03
  -8.9594850e-03
  -7.3970530e-03
  -5.2975670e-03
  -2.8611510e-03
  -3.2123200e-04
   2.1695150e-03
   4.5692140e-03
   6.8282700e-03
   8.7584410e-03
   1.0184740e-02
   1.1099300e-02
   1.1657190e-02
   1.2070320e-02
   1.2498050e-02
   1.2999690e-02
   1.3554010e-02
   1.4111380e-02
   1.4637740e-02
   1.5099220e-02
   1.5376550e-02
   1.5331290e-02
   1.4927460e-02
   1.4251190e-02
   1.3445780e-02
   1.2631810e-02
   1.1864240e-02
   1.1137430e-02
   1.0418890e-02
   9.6716990e-03
   8.8323340e-03
   7.8372910e-03
   6.6744160e-03
   5.3873850e-03
   4.0432420e-03
   2.6960860e-03
   1.3692290e-03
   5.9150140e-05
  -1.2372290e-03
  -2.4574630e-03
  -3.4977500e-03
  -4.3066020e-03
  -4.9195150e-03
  -5.4259620e-03
  -5.9135710e-03
  -6.4303420e-03
  -6.9798720e-03
  -7.5413120e-03
  -8.0935500e-03
  -8.6283010e-03
  -9.1348290e-03
  -9.5791590e-03
  -9.9312450e-03
  -1.0185780e-02
  -1.0299620e-02
  -1.0162070e-02
  -9.7020520e-03
  -8.9537540e-03
  -8.0301960e-03
  -7.0520200e-03
  -6.0299070e-03
  -4.7692520e-03
  -3.0512920e-03
  -8.2650610e-04
   1.7662160e-03
   4.4424570e-03
   6.8106070e-03
   8.5981840e-03
   9.8035870e-03
   1.0596150e-02
   1.1076220e-02
   1.1249030e-02
   1.1120910e-02
   1.0751300e-02
   1.0241130e-02
   9.6897750e-03
   9.1589110e-03
   8.6637630e-03
   8.1883350e-03
   7.7099700e-03
   7.2164380e-03
   6.7094940e-03
   6.1992820e-03
   5.7335360e-03
   5.4620520e-03
   5.5344210e-03
   5.9765340e-03
   6.6853380e-03
   7.5070760e-03
   8.3210880e-03
   9.0446090e-03
   9.5347740e-03
   9.6478560e-03
   9.3587290e-03
   8.7717900e-03
   8.0465650e-03
   7.3161810e-03
   6.6993340e-03
   6.3364090e-03
   6.3030720e-03
   6.5604920e-03
   6.9920150e-03
   7.4754910e-03
   7.9363260e-03
   8.3585330e-03
   8.7625820e-03
   9.1745480e-03
   9.6037450e-03
   9.9958980e-03
   1.0203930e-02
   1.0105740e-02
   9.6985960e-03
   9.0857260e-03
   8.4006330e-03
   7.7291070e-03
   7.0549910e-03
   6.3011830e-03
   5.4139860e-03
   4.4014690e-03
   3.3175630e-03
   2.2224050e-03
   1.1658440e-03
   2.3193620e-04
  -4.9134860e-04
  -9.8357300e-04
  -1.3016740e-03
  -1.5372380e-03
  -1.7663280e-03
  -2.0232320e-03
  -2.3045650e-03
  -2.5905010e-03
  -2.8651620e-03
  -3.1255020e-03
  -3.3785700e-03
  -3.6333590e-03
  -3.8945860e-03
  -4.1613590e-03
  -4.4278870e-03
  -4.6478470e-03
  -4.7034680e-03
  -4.4982970e-03
  -4.0334270e-03
  -3.3957170e-03
  -2.6961710e-03
  -2.0086580e-03
  -1.3343720e-03
  -6.3248660e-04
   5.3262000e-05
   5.3035060e-04
   6.2552380e-04
   3.1529070e-04
  -3.1770690e-04
  -1.1775370e-03
  -2.1824370e-03
  -3.2714440e-03
  -4.4052110e-03
  -5.5613540e-03
  -6.7280980e-03
  -7.8981050e-03
  -9.0283310e-03
  -9.9703700e-03
  -1.0572530e-02
  -1.0805620e-02
  -1.0770460e-02
  -1.0620600e-02
  -1.0477310e-02
  -1.0388800e-02
  -1.0341390e-02
  -1.0297980e-02
  -1.0232130e-02
  -1.0141120e-02
  -1.0050700e-02
  -1.0126610e-02
  -1.0686360e-02
  -1.1934010e-02
  -1.3810640e-02
  -1.6016300e-02
  -1.8115880e-02
  -1.9789970e-02
  -2.0977770e-02
  -2.1717090e-02
  -2.1967930e-02
  -2.1703430e-02
  -2.0998090e-02
  -2.0011650e-02
  -1.8915730e-02
  -1.7827770e-02
  -1.6788700e-02
  -1.5783440e-02
  -1.4778920e-02
  -1.3753610e-02
  -1.2707180e-02
  -1.1651510e-02
  -1.0594310e-02
  -9.5335490e-03
  -8.4636060e-03
  -7.3816480e-03
  -6.2897160e-03
  -5.1928210e-03
  -4.0959770e-03
  -3.0016720e-03
  -1.9097750e-03
  -8.1860190e-04
   2.7339380e-04
   1.3664650e-03
   2.4602840e-03
   3.5518510e-03
   4.5885710e-03
   5.4289090e-03
   5.9549450e-03
   6.1661340e-03
   6.1665650e-03
   6.0907170e-03
   6.0339490e-03
   6.0262650e-03
   6.0442450e-03
   6.0259390e-03
   5.9098240e-03
   5.6788550e-03
   5.3631780e-03
   5.0171850e-03
   4.7636380e-03
   4.8168150e-03
   5.3198680e-03
   6.2436410e-03
   7.4286580e-03
   8.7420140e-03
   1.0282750e-02
   1.2272230e-02
   1.4793830e-02
   1.7557400e-02
   1.9993870e-02
   2.1690840e-02
   2.2625390e-02
   2.3081630e-02
   2.3413960e-02
   2.3831180e-02
   2.4286480e-02
   2.4595500e-02
   2.4630310e-02
   2.4403670e-02
   2.4031840e-02
   2.3644410e-02
   2.3315040e-02
   2.3042380e-02
   2.2728880e-02
   2.2212440e-02
   2.1395730e-02
   2.0307260e-02
   1.9029180e-02
   1.7536510e-02
   1.5730200e-02
   1.3571050e-02
   1.1127060e-02
   8.5309480e-03
   5.9074360e-03
   3.3240640e-03
   7.8652290e-04
  -1.7272000e-03
  -4.1257610e-03
  -6.1312340e-03
  -7.5207670e-03
  -8.3036160e-03
  -8.6890620e-03
  -8.9390780e-03
  -9.2346920e-03
  -9.6285150e-03
  -1.0080030e-02
  -1.0524320e-02
  -1.0924640e-02
  -1.1284830e-02
  -1.1631950e-02
  -1.1991060e-02
  -1.2370640e-02
  -1.2756260e-02
  -1.3061280e-02
  -1.3142360e-02
  -1.2919620e-02
  -1.2430190e-02
  -1.1789030e-02
  -1.1114260e-02
  -1.0473810e-02
  -9.8763530e-03
  -9.2958940e-03
  -8.7042840e-03
  -8.0923430e-03
  -7.4857930e-03
  -6.9332370e-03
  -6.4649290e-03
  -6.0737890e-03
  -5.7265600e-03
  -5.3875290e-03
  -5.0360450e-03
  -4.6699760e-03
  -4.2980170e-03
  -3.9294910e-03
  -3.5680630e-03
  -3.2115810e-03
  -2.8599050e-03
  -2.5540270e-03
  -2.3742810e-03
  -2.3696300e-03
  -2.5224770e-03
  -2.7680480e-03
  -3.0368280e-03
  -3.2869070e-03
  -3.5110000e-03
  -3.7232990e-03
  -3.9406170e-03
  -4.1704210e-03
  -4.4089530e-03
  -4.6187500e-03
  -4.6831720e-03
  -4.4867140e-03
  -4.0092540e-03
  -3.3295350e-03
  -2.5649200e-03
  -1.8072070e-03
  -1.1081310e-03
  -5.0905170e-04
  -3.0548990e-05
   3.4168520e-04
   6.4656120e-04
   9.2555780e-04
   1.2059290e-03
   1.4963920e-03
   1.7930980e-03
   2.1005550e-03
   2.5088350e-03
   3.1705870e-03
   4.1669530e-03
   5.4520430e-03
   6.8847300e-03
   8.2776490e-03
   9.4899640e-03
   1.0460830e-02
   1.1109760e-02
   1.1358750e-02
   1.1179330e-02
   1.0587520e-02
   9.6637820e-03
   8.5347750e-03
   7.3237260e-03
   6.1101980e-03
   4.9213010e-03
   3.7765830e-03
   2.7823500e-03
   2.0720930e-03
   1.6886500e-03
   1.5594660e-03
   1.5538470e-03
   1.5580630e-03
   1.5183370e-03
   1.4383380e-03
   1.3486610e-03
   1.2752240e-03
   1.2090690e-03
   1.0175220e-03
   4.8812850e-04
  -4.8874720e-04
  -1.8491920e-03
  -3.4197990e-03
  -5.0287950e-03
  -6.5817180e-03
  -8.0660130e-03
  -9.4614750e-03
  -1.0683380e-02
  -1.1661700e-02
  -1.2360610e-02
  -1.2690270e-02
  -1.2570460e-02
  -1.1990070e-02
  -1.0992200e-02
  -9.6776200e-03
  -8.1779520e-03
  -6.6090480e-03
  -5.0393480e-03
  -3.4890640e-03
  -1.9755030e-03
  -5.7002740e-04
   6.4108730e-04
   1.5227890e-03
   1.9052640e-03
   1.7373730e-03
   1.1262430e-03
   2.4613220e-04
  -7.4899310e-04
  -1.7680980e-03
  -2.7833720e-03
  -3.8032420e-03
  -4.8416410e-03
  -5.8815590e-03
  -6.7170390e-03
  -6.9775040e-03
  -6.4452850e-03
  -5.2070350e-03
  -3.5595580e-03
  -1.8151840e-03
  -1.5817920e-04
   1.3833910e-03
   2.8757690e-03
   4.3942110e-03
   5.9704560e-03
   7.5885100e-03
   9.1994200e-03
   1.0727930e-02
   1.2119210e-02
   1.3375370e-02
   1.4544910e-02
   1.5684850e-02
   1.6773920e-02
   1.7629820e-02
   1.8063890e-02
   1.8042850e-02
   1.7695540e-02
   1.7214460e-02
   1.6748940e-02
   1.6355670e-02
   1.6004010e-02
   1.5563740e-02
   1.4869470e-02
   1.3850900e-02
   1.2568330e-02
   1.1153630e-02
   9.7267430e-03
   8.3458760e-03
   7.0151470e-03
   5.7603570e-03
   4.6483730e-03
   3.7209150e-03
   2.9584710e-03
   2.2963390e-03
   1.6639000e-03
   1.0163790e-03
   3.4321030e-04
  -3.3992430e-04
  -9.5164370e-04
  -1.3285460e-03
  -1.3569400e-03
  -1.0566250e-03
  -5.5132690e-04
   1.6099440e-05
   5.5293150e-04
   1.0068520e-03
   1.2696270e-03
   1.2217520e-03
   8.3689650e-04
   1.9747870e-04
  -5.6489190e-04
  -1.3753850e-03
  -2.3176790e-03
  -3.5348690e-03
  -5.0830410e-03
  -6.8939260e-03
  -8.8319410e-03
  -1.0775840e-02
  -1.2667820e-02
  -1.4486870e-02
  -1.6125580e-02
  -1.7430380e-02
  -1.8342930e-02
  -1.8940330e-02
  -1.9374330e-02
  -1.9783810e-02
  -2.0217220e-02
  -2.0493100e-02
  -2.0281040e-02
  -1.9397320e-02
  -1.7926700e-02
  -1.6130100e-02
  -1.4272550e-02
  -1.2502690e-02
  -1.0834170e-02
  -9.2039590e-03
  -7.5465730e-03
  -5.8373710e-03
  -4.0930010e-03
  -2.3456770e-03
  -6.2534450e-04
   9.8727120e-04
   2.3611920e-03
   3.4260080e-03
   4.2226010e-03
   4.8652320e-03
   5.4703170e-03
   6.1054530e-03
   6.7502360e-03
   7.1851520e-03
   7.1026280e-03
   6.3689590e-03
   5.1018400e-03
   3.5611410e-03
   1.9878330e-03
   5.1474010e-04
  -8.1683680e-04
  -1.9943760e-03
  -2.8650260e-03
  -3.1856720e-03
  -2.8551230e-03
  -1.9931360e-03
  -8.4909580e-04
   3.4305300e-04
   1.4591070e-03
   2.4914180e-03
   3.4948760e-03
   4.5117860e-03
   5.4672920e-03
   6.1951650e-03
   6.5909920e-03
   6.6850440e-03
   6.6035910e-03
   6.4831400e-03
   6.4016920e-03
   6.3292330e-03
   6.1485850e-03
   5.7671510e-03
   5.1944580e-03
   4.5900040e-03
   4.1833370e-03
   4.1051200e-03
   4.3245220e-03
   4.7063670e-03
   5.1104420e-03
   5.4331860e-03
   5.5234290e-03
   5.2279360e-03
   4.5146120e-03
   3.4874070e-03
   2.3104740e-03
   1.1196630e-03
  -2.3454410e-05
  -1.1241350e-03
  -2.2156350e-03
  -3.2974290e-03
  -4.2978520e-03
  -5.1403070e-03
  -5.8085650e-03
  -6.3510000e-03
  -6.8408950e-03
  -7.2889790e-03
  -7.5648890e-03
  -7.5182960e-03
  -7.1141670e-03
  -6.4470390e-03
  -5.6672520e-03
  -4.8957960e-03
  -4.1816360e-03
  -3.5125220e-03
  -2.8924840e-03
  -2.4279580e-03
  -2.2400800e-03
  -2.3560820e-03
  -2.6970690e-03
  -3.1376080e-03
  -3.5755640e-03
  -3.9678770e-03
  -4.3237250e-03
  -4.6739660e-03
  -5.0486810e-03
  -5.4954380e-03
  -6.0662060e-03
  -6.7751750e-03
  -7.5906390e-03
  -8.4588880e-03
  -9.3339410e-03
  -1.0194010e-02
  -1.1039720e-02
  -1.1859870e-02
  -1.2521200e-02
  -1.2821130e-02
  -1.2666270e-02
  -1.2132710e-02
  -1.1397680e-02
  -1.0626720e-02
  -9.8428160e-03
  -8.8909460e-03
  -7.6109080e-03
  -5.9757950e-03
  -4.0932790e-03
  -2.1204560e-03
  -1.7876380e-04
   1.6210090e-03
   3.1303350e-03
   4.2637240e-03
   5.0485270e-03
   5.5053040e-03
   5.5959590e-03
   5.3168240e-03
   4.7453690e-03
   4.0100500e-03
   3.2302960e-03
   2.4748720e-03
   1.7879480e-03
   1.3210520e-03
   1.2709190e-03
   1.7064560e-03
   2.5265120e-03
   3.5501320e-03
   4.6705260e-03
   5.8945580e-03
   7.2632170e-03
   8.7833720e-03
   1.0413510e-02
   1.2089220e-02
   1.3758090e-02
   1.5398760e-02
   1.7010940e-02
   1.8544100e-02
   1.9887240e-02
   2.0969660e-02
   2.1805640e-02
   2.2387960e-02
   2.2635460e-02
   2.2504110e-02
   2.2051680e-02
   2.1406670e-02
   2.0637890e-02
   1.9621470e-02
   1.8184710e-02
   1.6284880e-02
   1.4039230e-02
   1.1638440e-02
   9.2398670e-03
   6.9115500e-03
   4.6406460e-03
   2.3857300e-03
   2.1424140e-04
  -1.6315290e-03
  -2.9493780e-03
  -3.7389540e-03
  -4.1785760e-03
  -4.4971540e-03
  -4.8552380e-03
  -5.3008840e-03
  -5.7991700e-03
  -6.2925790e-03
  -6.7474040e-03
  -7.1642210e-03
  -7.5278360e-03
  -7.7674890e-03
  -7.8214940e-03
  -7.6913650e-03
  -7.4366700e-03
  -7.1346600e-03
  -6.8412940e-03
  -6.5779360e-03
  -6.3766510e-03
  -6.3182540e-03
  -6.4651330e-03
  -6.8091480e-03
  -7.2822170e-03
  -7.8012640e-03
  -8.2962940e-03
  -8.6240080e-03
  -8.5666330e-03
  -7.9993690e-03
  -6.9276650e-03
  -5.4495200e-03
  -3.7151920e-03
  -1.8686850e-03
  -3.2076500e-06
   1.8477240e-03
   3.6899340e-03
   5.5398580e-03
   7.3921870e-03
   9.0749300e-03
   1.0231300e-02
   1.0622440e-02
   1.0303140e-02
   9.5499760e-03
   8.6743230e-03
   7.8724910e-03
   7.1803500e-03
   6.4793730e-03
   5.5851070e-03
   4.3972260e-03
   2.9534040e-03
   1.3765630e-03
  -2.2095070e-04
  -1.8246120e-03
  -3.4973800e-03
  -5.2938890e-03
  -7.1561180e-03
  -8.8462650e-03
  -1.0126690e-02
  -1.0937960e-02
  -1.1391260e-02
  -1.1622360e-02
  -1.1713910e-02
  -1.1704500e-02
  -1.1614510e-02
  -1.1464560e-02
  -1.1280050e-02
  -1.1085540e-02
  -1.0896950e-02
  -1.0718780e-02
  -1.0546630e-02
  -1.0341590e-02
  -9.9568430e-03
  -9.2277670e-03
  -8.1103080e-03
  -6.6999110e-03
  -5.1554530e-03
  -3.6087490e-03
  -2.1176760e-03
  -7.0450290e-04
   5.4959260e-04
   1.5506040e-03
   2.2790360e-03
   2.8026780e-03
   3.2287690e-03
   3.6353580e-03
   4.0312300e-03
   4.3858180e-03
   4.6838350e-03
   4.9673620e-03
   5.3065050e-03
   5.7434820e-03
   6.2712520e-03
   6.8495130e-03
   7.4349220e-03
   8.0025940e-03
   8.5283880e-03
   8.9393100e-03
   9.1598160e-03
   9.1772130e-03
   9.0462910e-03
   8.8497250e-03
   8.6619460e-03
   8.5477880e-03
   8.5445840e-03
   8.6454050e-03
   8.8119290e-03
   8.9982740e-03
   9.1166150e-03
   8.9966190e-03
   8.5068910e-03
   7.6110500e-03
   6.2924830e-03
   4.5738880e-03
   2.5470370e-03
   3.4300640e-04
  -1.9208190e-03
  -4.1714200e-03
  -6.3092210e-03
  -8.1500120e-03
  -9.5646570e-03
  -1.0554340e-02
  -1.1119390e-02
  -1.1221910e-02
  -1.0884220e-02
  -1.0220440e-02
  -9.3879710e-03
  -8.5192650e-03
  -7.6821630e-03
  -6.8828190e-03
  -6.0958350e-03
  -5.2962260e-03
  -4.4760030e-03
  -3.6430890e-03
  -2.8360580e-03
  -2.2038430e-03
  -1.9276580e-03
  -2.0676660e-03
  -2.5318990e-03
  -3.1524360e-03
  -3.7838440e-03
  -4.3584280e-03
  -4.8821550e-03
  -5.3947100e-03
  -5.9288900e-03
  -6.4919960e-03
  -7.0705370e-03
  -7.6164880e-03
  -7.9558130e-03
  -7.8787730e-03
  -7.3170190e-03
  -6.3786110e-03
  -5.2589690e-03
  -4.1267190e-03
  -3.0601270e-03
  -2.0520310e-03
  -1.0569000e-03
  -7.2580950e-05
   7.5277840e-04
   1.2235420e-03
   1.2679410e-03
   9.7858110e-04
   5.8094200e-04
   3.6750190e-04
   5.2617790e-04
   1.0509020e-03
   1.7959870e-03
   2.5923010e-03
   3.2927920e-03
   3.6860950e-03
   3.5847470e-03
   2.9684030e-03
   1.9827410e-03
   8.3521370e-04
  -3.1350530e-04
  -1.3986840e-03
  -2.4350450e-03
  -3.4614600e-03
  -4.4495090e-03
  -5.2922860e-03
  -5.9080590e-03
  -6.3040210e-03
  -6.5609080e-03
  -6.7762250e-03
  -7.0098060e-03
  -7.1857780e-03
  -7.0669870e-03
  -6.4643820e-03
  -5.3822130e-03
  -3.9893720e-03
  -2.4965380e-03
  -1.0469400e-03
   3.2112080e-04
   1.6436000e-03
   2.9685910e-03
   4.2273870e-03
   5.1812950e-03
   5.6324910e-03
   5.5795930e-03
   5.1940400e-03
   4.6956890e-03
   4.2377890e-03
   3.8649550e-03
   3.5424010e-03
   3.2133320e-03
   2.8270680e-03
   2.3421610e-03
   1.7485870e-03
   1.0715970e-03
   3.5239280e-04
  -3.5670030e-04
  -8.5890150e-04
  -8.2536570e-04
  -7.0204750e-05
   1.3212730e-03
   3.0802060e-03
   4.9272410e-03
   6.6913970e-03
   8.2916290e-03
   9.6958230e-03
   1.0920260e-02
   1.1945740e-02
   1.2629550e-02
   1.2844720e-02
   1.2608960e-02
   1.2073280e-02
   1.1426130e-02
   1.0801370e-02
   1.0242860e-02
   9.7267280e-03
   9.2141140e-03
   8.7119950e-03
   8.2701650e-03
   7.9278040e-03
   7.6830690e-03
   7.4996290e-03
   7.3328210e-03
   7.1531160e-03
   6.9539110e-03
   6.7591110e-03
   6.6618590e-03
   6.7725100e-03
   7.1273000e-03
   7.6712160e-03
   8.3045980e-03
   8.9419800e-03
   9.5449870e-03
   1.0125190e-02
   1.0723040e-02
   1.1369900e-02
   1.2068340e-02
   1.2797840e-02
   1.3532610e-02
   1.4256850e-02
   1.4968740e-02
   1.5651400e-02
   1.6159810e-02
   1.6277890e-02
   1.5908260e-02
   1.5134550e-02
   1.4146330e-02
   1.3093190e-02
   1.1936350e-02
   1.0526060e-02
   8.7749270e-03
   6.7276010e-03
   4.5183570e-03
   2.2838090e-03
   1.0008350e-04
  -2.0271540e-03
  -4.1327360e-03
  -6.2525870e-03
  -8.3869120e-03
  -1.0355250e-02
  -1.1784820e-02
  -1.2426640e-02
  -1.2336690e-02
  -1.1800660e-02
  -1.1140180e-02
  -1.0557440e-02
  -1.0104800e-02
  -9.8227650e-03
  -9.8188050e-03
  -1.0164980e-02
  -1.0828380e-02
  -1.1684870e-02
  -1.2550880e-02
  -1.3262990e-02
  -1.3761960e-02
  -1.4092560e-02
  -1.4291890e-02
  -1.4280510e-02
  -1.3956810e-02
  -1.3308680e-02
  -1.2426040e-02
  -1.1441280e-02
  -1.0459970e-02
  -9.5278560e-03
  -8.6708790e-03
  -7.9427850e-03
  -7.3834750e-03
  -6.9822170e-03
  -6.6852820e-03
  -6.4285080e-03
  -6.1667550e-03
  -5.8846590e-03
  -5.5891480e-03
  -5.2940640e-03
  -5.0080490e-03
  -4.7310060e-03
  -4.4661560e-03
  -4.2780490e-03
  -4.2777870e-03
  -4.5246060e-03
  -4.9851290e-03
  -5.5656420e-03
  -6.1714560e-03
  -6.7488880e-03
  -7.2916510e-03
  -7.8207730e-03
  -8.3395470e-03
  -8.7511470e-03
  -8.9143550e-03
  -8.7693700e-03
  -8.3734730e-03
  -7.8499590e-03
  -7.3125640e-03
  -6.8196130e-03
  -6.4058510e-03
  -6.1543980e-03
  -6.1433470e-03
  -6.3761440e-03
  -6.7816050e-03
  -7.2610460e-03
  -7.7072870e-03
  -7.9517070e-03
  -7.8422890e-03
  -7.3556940e-03
  -6.5975800e-03
  -5.7227250e-03
  -4.8527210e-03
  -4.0826020e-03
  -3.5510880e-03
  -3.3639600e-03
  -3.5119000e-03
  -3.8854740e-03
  -4.3474650e-03
  -4.7787430e-03
  -5.0525330e-03
  -5.0764120e-03
  -4.8498030e-03
  -4.4516950e-03
  -3.9843360e-03
  -3.5216480e-03
  -3.0896590e-03
  -2.6781270e-03
  -2.2653420e-03
  -1.8345780e-03
  -1.3529770e-03
  -7.6870170e-04
  -5.4743480e-05
   7.7093580e-04
   1.6608620e-03
   2.5670950e-03
   3.4616890e-03
   4.3400280e-03
   5.2114780e-03
   6.0867330e-03
   6.9618230e-03
   7.7484690e-03
   8.2849190e-03
   8.4754460e-03
   8.3572620e-03
   8.0596430e-03
   7.7192710e-03
   7.4269570e-03
   7.2747290e-03
   7.3619710e-03
   7.7214090e-03
   8.2982550e-03
   8.9881620e-03
   9.6405090e-03
   1.0047870e-02
   1.0073480e-02
   9.7356570e-03
   9.1701160e-03
   8.5196420e-03
   7.8060740e-03
   6.9510530e-03
   5.8904640e-03
   4.6302670e-03
   3.1959850e-03
   1.5947630e-03
  -1.5846410e-04
  -2.0256220e-03
  -3.9437340e-03
  -5.8371010e-03
  -7.6468610e-03
  -9.2518850e-03
  -1.0439310e-02
  -1.1084070e-02
  -1.1234870e-02
  -1.1012730e-02
  -1.0529100e-02
  -9.8755400e-03
  -9.1224570e-03
  -8.3185410e-03
  -7.4933570e-03
  -6.6621330e-03
  -5.8273420e-03
  -4.9534560e-03
  -3.9726400e-03
  -2.8444510e-03
  -1.5851400e-03
  -2.8216360e-04
   8.6334360e-04
   1.6521710e-03
   2.0322530e-03
   2.1088280e-03
   2.0541370e-03
   2.0067620e-03
   2.0224140e-03
   2.0889140e-03
   2.2043210e-03
   2.4226000e-03
   2.7968040e-03
   3.3291930e-03
   3.9716110e-03
   4.6578560e-03
   5.3378510e-03
   5.9930880e-03
   6.6307260e-03
   7.2671920e-03
   7.9127860e-03
   8.5491000e-03
   9.1174830e-03
   9.5644840e-03
   9.8358560e-03
   9.8498490e-03
   9.5687250e-03
   9.0404080e-03
   8.3688420e-03
   7.6579420e-03
   6.9789420e-03
   6.3622790e-03
   5.8013420e-03
   5.2701480e-03
   4.7442090e-03
   4.1996530e-03
   3.5147710e-03
   2.4727130e-03
   9.4715060e-04
  -1.0078410e-03
  -3.2087660e-03
  -5.3828670e-03
  -7.2158890e-03
  -8.5251810e-03
  -9.2002600e-03
  -9.0933470e-03
  -8.1518990e-03
  -6.5045700e-03
  -4.4137950e-03
  -2.1517050e-03
   1.0244400e-04
   2.2904430e-03
   4.4093660e-03
   6.3521460e-03
   7.9465590e-03
   9.1166540e-03
   9.9364090e-03
   1.0566250e-02
   1.1107430e-02
   1.1513580e-02
   1.1693050e-02
   1.1619470e-02
   1.1354770e-02
   1.1004340e-02
   1.0673120e-02
   1.0500640e-02
   1.0623600e-02
   1.1077110e-02
   1.1781700e-02
   1.2597810e-02
   1.3313400e-02
   1.3667120e-02
   1.3522730e-02
   1.2943120e-02
   1.2117780e-02
   1.1238160e-02
   1.0412270e-02
   9.6528540e-03
   8.9184700e-03
   8.1651710e-03
   7.3766480e-03
   6.5402920e-03
   5.5459060e-03
   4.2384280e-03
   2.5580940e-03
   5.8899250e-04
  -1.4153440e-03
  -3.1267360e-03
  -4.3633810e-03
  -5.1721500e-03
  -5.7454770e-03
  -6.2815620e-03
  -6.8887680e-03
  -7.5689710e-03
  -8.2038540e-03
  -8.5816320e-03
  -8.5643500e-03
  -8.1795110e-03
  -7.5753590e-03
  -6.9162030e-03
  -6.3018070e-03
  -5.7489570e-03
  -5.2230210e-03
  -4.6829060e-03
  -4.0735510e-03
  -3.2385510e-03
  -2.0077960e-03
  -3.4228290e-04
   1.6482860e-03
   3.7808300e-03
   5.8168380e-03
   7.4983460e-03
   8.7048130e-03
   9.5078780e-03
   1.0076890e-02
   1.0467190e-02
   1.0575550e-02
   1.0306400e-02
   9.6818040e-03
   8.8293310e-03
   7.9026180e-03
   7.0067540e-03
   6.1730760e-03
   5.4038430e-03
   4.7247000e-03
   4.1615730e-03
   3.7110040e-03
   3.3395850e-03
   3.0032670e-03
   2.6678080e-03
   2.3187170e-03
   1.9582130e-03
   1.5955320e-03
   1.2373290e-03
   8.4577470e-04
   2.4605620e-04
  -7.6337540e-04
  -2.2403640e-03
  -4.0727520e-03
  -6.0706380e-03
  -8.1065180e-03
  -1.0199130e-02
  -1.2434460e-02
  -1.4859340e-02
  -1.7442350e-02
  -2.0051870e-02
  -2.2442300e-02
  -2.4377620e-02
  -2.5625610e-02
  -2.6050300e-02
  -2.5731860e-02
  -2.4827550e-02
  -2.3406120e-02
  -2.1513190e-02
  -1.9245270e-02
  -1.6746020e-02
  -1.4156840e-02
  -1.1572110e-02
  -9.0250520e-03
  -6.5043590e-03
  -3.9846330e-03
  -1.4492830e-03
   1.0995080e-03
   3.5244590e-03
   5.3392180e-03
   6.0473530e-03
   5.5534290e-03
   4.1866350e-03
   2.4476720e-03
   7.4915590e-04
  -6.0799550e-04
  -1.4348720e-03
  -1.7328730e-03
  -1.6624550e-03
  -1.4300360e-03
  -1.1903860e-03
  -1.0498710e-03
  -1.0959570e-03
  -1.3590380e-03
  -1.7997150e-03
  -2.3403680e-03
  -2.9085550e-03
  -3.4638640e-03
  -3.9996910e-03
  -4.5256850e-03
  -4.9987710e-03
  -5.2702080e-03
  -5.2079920e-03
  -4.8039070e-03
  -4.1506660e-03
  -3.3356190e-03
  -2.4045240e-03
  -1.3808930e-03
  -2.8548290e-04
   8.5657040e-04
   1.9937740e-03
   2.9017430e-03
   3.2405510e-03
   2.8411390e-03
   1.8140310e-03
   4.4888580e-04
  -9.5099790e-04
  -2.2045900e-03
  -3.2911360e-03
  -4.2912890e-03
  -5.2977490e-03
  -6.3566420e-03
  -7.4601000e-03
  -8.5737470e-03
  -9.6689660e-03
  -1.0738830e-02
  -1.1794480e-02
  -1.2851490e-02
  -1.3881460e-02
  -1.4644490e-02
  -1.4790690e-02
  -1.4163690e-02
  -1.2897840e-02
  -1.1296790e-02
  -9.6465890e-03
  -8.0959330e-03
  -6.6512250e-03
  -5.2830780e-03
  -4.0374220e-03
  -2.9876450e-03
  -2.1554590e-03
  -1.4922640e-03
  -9.1228190e-04
  -3.3968200e-04
   2.6279500e-04
   8.9409190e-04
   1.5340430e-03
   2.1643770e-03
   2.7783340e-03
   3.3419900e-03
   3.7382660e-03
   3.8553170e-03
   3.6804080e-03
   3.2996060e-03
   2.8348300e-03
   2.3787060e-03
   1.9657980e-03
   1.5834910e-03
   1.2029840e-03
   8.2948830e-04
   5.7100640e-04
   5.6443530e-04
   8.5737550e-04
   1.3839800e-03
   2.0212560e-03
   2.6624000e-03
   3.2584940e-03
   3.8154200e-03
   4.3634060e-03
   4.9154300e-03
   5.4383530e-03
   5.8859500e-03
   6.2405330e-03
   6.5218900e-03
   6.7694140e-03
   7.0176310e-03
   7.2821790e-03
   7.5604970e-03
   7.8418220e-03
   8.1149340e-03
   8.3335080e-03
   8.3947950e-03
   8.2243090e-03
   7.8332790e-03
   7.3030940e-03
   6.7519530e-03
   6.3061140e-03
   6.0349810e-03
   5.9235240e-03
   5.9025790e-03
   5.9090340e-03
   5.9750610e-03
   6.2144890e-03
   6.7043810e-03
   7.4244800e-03
   8.2813770e-03
   9.1716510e-03
   1.0031660e-02
   1.0850470e-02
   1.1645800e-02
   1.2352090e-02
   1.2731900e-02
   1.2571850e-02
   1.1858220e-02
   1.0765200e-02
   9.5327330e-03
   8.4110230e-03
   7.6442410e-03
   7.3409330e-03
   7.4280330e-03
   7.7279070e-03
   8.0712750e-03
   8.3500480e-03
   8.4592150e-03
   8.3094560e-03
   7.8910370e-03
   7.2754280e-03
   6.5663540e-03
   5.8469330e-03
   5.1545220e-03
   4.5006950e-03
   3.9287700e-03
   3.4957650e-03
   3.2195420e-03
   3.0662680e-03
   2.9750660e-03
   2.8919100e-03
   2.7898770e-03
   2.6689180e-03
   2.5423710e-03
   2.4223830e-03
   2.3124590e-03
   2.2086160e-03
   2.1045510e-03
   1.9963610e-03
   1.8840920e-03
   1.7702140e-03
   1.6572510e-03
   1.5462060e-03
   1.4365210e-03
   1.3270300e-03
   1.2168630e-03
   1.1058380e-03
   9.9434600e-04
   8.8289920e-04
   7.7177140e-04
   6.6090010e-04
   5.5005940e-04
   4.3910300e-04
   3.2795710e-04
   2.1666030e-04
   1.0530990e-04
  -6.0191660e-06
  -1.1342160e-04
  -1.8577830e-04
  -1.7276620e-04
  -4.8583230e-05
   1.7070190e-04
   4.4253600e-04
   7.2469420e-04
   9.9338420e-04
   1.2298170e-03
   1.3820470e-03
   1.3963350e-03
   1.2638790e-03
   1.0240080e-03
   7.3605620e-04
   4.4755450e-04
   1.7855430e-04
  -7.4734710e-05
  -3.2581640e-04
  -5.8499730e-04
  -8.6351820e-04
  -1.1993410e-03
  -1.6358960e-03
  -2.1841900e-03
  -2.8170800e-03
  -3.4898280e-03
  -4.1649880e-03
  -4.8256860e-03
  -5.4737510e-03
  -6.1194240e-03
  -6.7708980e-03
  -7.4297800e-03
  -8.0925540e-03
  -8.7546700e-03
  -9.4093590e-03
  -9.9769980e-03
  -1.0268060e-02
  -1.0141410e-02
  -9.6131230e-03
  -8.8279910e-03
  -7.9595860e-03
  -7.1240090e-03
  -6.3528670e-03
  -5.6300690e-03
  -4.9431520e-03
  -4.2917050e-03
  -3.6772210e-03
  -3.0954350e-03
  -2.5353580e-03
  -1.9837860e-03
  -1.4307740e-03
  -8.7430150e-04
  -3.7405630e-04
  -1.1936180e-04
  -2.8571930e-04
  -8.9235160e-04
  -1.8064040e-03
  -2.8417560e-03
  -3.8591870e-03
  -4.8090540e-03
  -5.6994980e-03
  -6.5022120e-03
  -7.1518420e-03
  -7.6149600e-03
  -7.9191660e-03
  -8.1327320e-03
  -8.3247490e-03
  -8.5358100e-03
  -8.7725570e-03
  -9.0209980e-03
  -9.2647300e-03
  -9.4964550e-03
  -9.7191300e-03
  -9.9402780e-03
  -1.0165730e-02
  -1.0394050e-02
  -1.0578050e-02
  -1.0607570e-02
  -1.0400800e-02
  -9.9666780e-03
  -9.3877610e-03
  -8.7629380e-03
  -8.1578520e-03
  -7.5894560e-03
  -7.0410590e-03
  -6.4886070e-03
  -5.9192580e-03
  -5.3354950e-03
  -4.7478170e-03
  -4.1653960e-03
  -3.5908490e-03
  -3.0211300e-03
  -2.4515280e-03
  -1.8790580e-03
  -1.3036040e-03
  -7.2701790e-04
  -1.5116750e-04
   4.2309620e-04
   9.9620010e-04
   1.5690080e-03
   2.1421670e-03
   2.7158020e-03
   3.2896890e-03
   3.8634040e-03
   4.4367740e-03
   5.0097710e-03
   5.5777970e-03
   6.1101330e-03
   6.5625470e-03
   6.9157570e-03
   7.1872790e-03
   7.4157970e-03
   7.6115770e-03
   7.6502570e-03
   7.3481250e-03
   6.6297750e-03
   5.5750230e-03
   4.3521030e-03
   3.1537510e-03
   2.1538050e-03
   1.4241360e-03
   9.1684290e-04
   5.2160820e-04
   1.3874100e-04
  -2.7727350e-04
  -6.7888470e-04
  -9.1863220e-04
  -8.7374110e-04
  -5.3915340e-04
  -1.3525800e-05
   5.7549030e-04
   1.1394330e-03
   1.6536150e-03
   2.1393770e-03
   2.6295090e-03
   3.1414200e-03
   3.6553570e-03
   4.1101890e-03
   4.4539580e-03
   4.6821850e-03
   4.8332810e-03
   4.9586050e-03
   5.0927810e-03
   5.2015960e-03
   5.1348260e-03
   4.7472490e-03
   4.0169450e-03
   3.0450800e-03
   1.9780370e-03
   9.2655260e-04
  -6.9767520e-05
  -1.0245610e-03
  -1.9254710e-03
  -2.6950800e-03
  -3.2665620e-03
  -3.6420410e-03
  -3.8859510e-03
  -4.0625170e-03
  -4.1593830e-03
  -4.1214050e-03
  -3.9224460e-03
  -3.5910340e-03
  -3.1896410e-03
  -2.7780890e-03
  -2.3884250e-03
  -2.0223140e-03
  -1.6646930e-03
  -1.3006510e-03
  -9.2478490e-04
  -5.3799150e-04
  -1.1685520e-04
   3.8954930e-04
   1.0135510e-03
   1.7443200e-03
   2.5393530e-03
   3.3476960e-03
   4.0862120e-03
   4.6369150e-03
   4.9340510e-03
   5.0069410e-03
   4.9491130e-03
   4.8580140e-03
   4.7975410e-03
   4.8175160e-03
   4.9564770e-03
   5.2174140e-03
   5.5680520e-03
   5.9621960e-03
   6.3592290e-03
   6.7052830e-03
   6.9334330e-03
   7.0120940e-03
   6.9641250e-03
   6.8456040e-03
   6.7114920e-03
   6.5925170e-03
   6.5023450e-03
   6.4668700e-03
   6.5126600e-03
   6.6428450e-03
   6.8351730e-03
   7.0565180e-03
   7.2717830e-03
   7.4229940e-03
   7.4525040e-03
   7.3462100e-03
   7.1378100e-03
   6.8822900e-03
   6.6248830e-03
   6.3853000e-03
   6.1605680e-03
   5.9381320e-03
   5.7084270e-03
   5.4699520e-03
   5.2272060e-03
   4.9857260e-03
   4.7483180e-03
   4.5143330e-03
   4.2813530e-03
   4.0472210e-03
   3.8114150e-03
   3.5746470e-03
   3.3379660e-03
   3.1020480e-03
   2.8656700e-03
   2.6009670e-03
   2.2328150e-03
   1.6986200e-03
   9.9804320e-04
   1.8617800e-04
  -6.6585130e-04
  -1.5076170e-03
  -2.3232980e-03
  -3.1228700e-03
  -3.9236620e-03
  -4.7359770e-03
  -5.5590260e-03
  -6.3761250e-03
  -7.0832400e-03
  -7.5007400e-03
  -7.5263140e-03
  -7.2061320e-03
  -6.6868610e-03
  -6.1208670e-03
  -5.5971840e-03
  -5.1288460e-03
  -4.6835470e-03
  -4.2278780e-03
  -3.7981810e-03
  -3.5250900e-03
  -3.5176260e-03
  -3.7785430e-03
  -4.2166090e-03
  -4.7140240e-03
  -5.1886020e-03
  -5.6167050e-03
  -6.0174980e-03
  -6.4213100e-03
  -6.8455090e-03
  -7.2883750e-03
  -7.7372550e-03
  -8.1804380e-03
  -8.6134790e-03
  -9.0114230e-03
  -9.2564240e-03
  -9.2099760e-03
  -8.8322460e-03
  -8.2015870e-03
  -7.4524580e-03
  -6.6984660e-03
  -5.9905050e-03
  -5.3219950e-03
  -4.6610220e-03
  -3.9821330e-03
  -3.2802410e-03
  -2.5690230e-03
  -1.8969030e-03
  -1.3420400e-03
  -9.5018290e-04
  -7.0387630e-04
  -5.4213590e-04
  -4.0082690e-04
  -2.4209430e-04
  -6.0180010e-05
   1.3147630e-04
   3.1771630e-04
   4.9230370e-04
   6.5853570e-04
   8.2375520e-04
   9.9328920e-04
   1.1680030e-03
   1.3453470e-03
   1.5222180e-03
   1.6970050e-03
   1.8700620e-03
   2.0426760e-03
   2.2160470e-03
   2.3905080e-03
   2.5657530e-03
   2.7411150e-03
   2.9161980e-03
   3.0910440e-03
   3.2658540e-03
   3.4408510e-03
   3.6161540e-03
   3.7917270e-03
   3.9674800e-03
   4.1432850e-03
   4.3184170e-03
   4.4570730e-03
   4.4254060e-03
   4.0850060e-03
   3.4084560e-03
   2.4869560e-03
   1.4602600e-03
   4.3903460e-04
  -5.2981500e-04
  -1.4271040e-03
  -2.2219880e-03
  -2.8955780e-03
  -3.4610230e-03
  -3.9566910e-03
  -4.4254030e-03
  -4.8963100e-03
  -5.3633920e-03
  -5.7523380e-03
  -5.9738530e-03
  -5.9997570e-03
  -5.8757990e-03
  -5.6829860e-03
  -5.4897200e-03
  -5.3259430e-03
  -5.1790570e-03
  -4.9815310e-03
  -4.6496700e-03
  -4.1509320e-03
  -3.5193600e-03
  -2.8236440e-03
  -2.1243980e-03
  -1.4497910e-03
  -8.0380270e-04
  -2.2517300e-04
   2.0977120e-04
   4.5771220e-04
   5.4165050e-04
   5.3015580e-04
   4.9478640e-04
   4.7748020e-04
   4.7201050e-04
   4.3157490e-04
   3.1495630e-04
   1.1727720e-04
  -1.3362180e-04
  -4.0023740e-04
  -6.5671920e-04
  -8.9665560e-04
  -1.1254580e-03
  -1.3159560e-03
  -1.3834380e-03
  -1.2594690e-03
  -9.4684410e-04
  -5.1016920e-04
  -3.0547210e-05
   4.3564440e-04
   8.7166670e-04
   1.2898010e-03
   1.7099900e-03
   2.1437440e-03
   2.5900060e-03
   3.0404860e-03
   3.4829440e-03
   3.8689980e-03
   4.1175120e-03
   4.1834650e-03
   4.0891470e-03
   3.8818330e-03
   3.5539570e-03
   3.0661070e-03
   2.4084010e-03
   1.6190760e-03
   7.6280220e-04
  -1.0288080e-04
  -9.4865570e-04
  -1.7702320e-03
  -2.5184720e-03
  -3.0557030e-03
  -3.2735520e-03
  -3.1803110e-03
  -2.8838430e-03
  -2.5173580e-03
  -2.1726090e-03
  -1.8765250e-03
  -1.6091400e-03
  -1.3375540e-03
  -1.0216630e-03
  -5.9451030e-04
  -5.5883800e-06
   7.3957670e-04
   1.5879490e-03
   2.4746820e-03
   3.3547690e-03
   4.2140450e-03
   5.0607100e-03
   5.9082060e-03
   6.7218580e-03
   7.3406180e-03
   7.5927050e-03
   7.4395880e-03
   6.9885220e-03
   6.4084330e-03
   5.8347730e-03
   5.3262270e-03
   4.9155270e-03
   4.6585540e-03
   4.5899880e-03
   4.6903120e-03
   4.8981010e-03
   5.1450340e-03
   5.3852300e-03
   5.6043680e-03
   5.8105250e-03
   6.0179470e-03
   6.2349360e-03
   6.4550580e-03
   6.6145880e-03
   6.6026230e-03
   6.3553630e-03
   5.8996950e-03
   5.3242970e-03
   4.7216060e-03
   4.1397790e-03
   3.5413780e-03
   2.8337050e-03
   1.9573340e-03
   9.2636400e-04
  -1.9285810e-04
  -1.3285360e-03
  -2.4152640e-03
  -3.2970610e-03
  -3.7741200e-03
  -3.7703400e-03
  -3.3798660e-03
  -2.7897160e-03
  -2.1699550e-03
  -1.6069010e-03
  -1.1133010e-03
  -7.1912020e-04
  -4.8861090e-04
  -4.5535720e-04
  -5.9151790e-04
  -8.2714790e-04
  -1.0902420e-03
  -1.3267330e-03
  -1.4455920e-03
  -1.3271750e-03
  -9.2002610e-04
  -2.7422440e-04
   5.0064450e-04
   1.3008510e-03
   2.0704010e-03
   2.7936100e-03
   3.4051150e-03
   3.7849050e-03
   3.8676250e-03
   3.6921850e-03
   3.3677680e-03
   3.0040310e-03
   2.6466040e-03
   2.2731600e-03
   1.8441110e-03
   1.3437610e-03
   7.8885560e-04
   2.1239600e-04
  -3.5779740e-04
  -9.1100360e-04
  -1.4519190e-03
  -1.9912350e-03
  -2.5366700e-03
  -3.0893530e-03
  -3.6372800e-03
  -4.1098390e-03
  -4.3979050e-03
  -4.4472980e-03
  -4.2940340e-03
  -4.0301040e-03
  -3.7456190e-03
  -3.4898600e-03
  -3.2667970e-03
  -3.0554380e-03
  -2.8349070e-03
  -2.6154790e-03
  -2.4693920e-03
  -2.4759250e-03
  -2.6558390e-03
  -2.9644880e-03
  -3.3286200e-03
  -3.6889480e-03
  -4.0214470e-03
  -4.3328280e-03
  -4.6418030e-03
  -4.9619610e-03
  -5.2939740e-03
  -5.6203360e-03
  -5.9135360e-03
  -6.1582770e-03
  -6.3601170e-03
  -6.5214870e-03
  -6.5873330e-03
  -6.4823730e-03
  -6.1828830e-03
  -5.7324270e-03
  -5.2086670e-03
  -4.6791310e-03
  -4.1758080e-03
  -3.6965820e-03
  -3.2233020e-03
  -2.7406030e-03
  -2.2446980e-03
  -1.7414220e-03
  -1.2391090e-03
  -7.4251550e-04
  -2.5126960e-04
   2.3804800e-04
   7.2866350e-04
   1.2217070e-03
   1.7163920e-03
   2.2111210e-03
   2.7046700e-03
   3.1756870e-03
   3.5086370e-03
   3.5548510e-03
   3.2608740e-03
   2.6981740e-03
   2.0031420e-03
   1.2963140e-03
   6.3545610e-04
   1.7253590e-05
  -5.9048730e-04
  -1.1966890e-03
  -1.7059160e-03
  -1.9760750e-03
  -1.9448850e-03
  -1.6668290e-03
  -1.2629840e-03
  -8.4589260e-04
  -4.7234430e-04
  -1.4146750e-04
   1.7677340e-04
   5.0389620e-04
   7.8982440e-04
   9.1955700e-04
   8.1661270e-04
   4.9778780e-04
   4.9418770e-05
  -4.3198730e-04
  -8.8678750e-04
  -1.3040290e-03
  -1.7037900e-03
  -2.1054040e-03
  -2.4682950e-03
  -2.6939310e-03
  -2.7155980e-03
  -2.5472920e-03
  -2.2640400e-03
  -1.9505400e-03
  -1.6598060e-03
  -1.4022720e-03
  -1.1608370e-03
  -9.1409840e-04
  -6.5190640e-04
  -3.7749420e-04
  -1.0054880e-04
   1.7113650e-04
   4.3573680e-04
   6.9610840e-04
   9.4473080e-04
   1.1325680e-03
   1.2001490e-03
   1.1290580e-03
   9.5115090e-04
   7.2276830e-04
   4.9203860e-04
   2.8082690e-04
   8.6492110e-05
  -1.0451660e-04
  -3.0317690e-04
  -5.1177980e-04
  -7.2575980e-04
  -9.3901950e-04
  -1.1482460e-03
  -1.3538960e-03
  -1.5562170e-03
  -1.7061340e-03
  -1.6647860e-03
  -1.3148830e-03
  -6.5437060e-04
   2.1488550e-04
   1.1601670e-03
   2.0868610e-03
   2.9618630e-03
   3.7664740e-03
   4.4565930e-03
   5.0007750e-03
   5.4103220e-03
   5.7321050e-03
   6.0209750e-03
   6.3149610e-03
   6.6265990e-03
   6.9496330e-03
   7.2721790e-03
   7.5869280e-03
   7.8940200e-03
   8.1982180e-03
   8.4983690e-03
   8.7367350e-03
   8.8036410e-03
   8.6330360e-03
   8.2494730e-03
   7.7411410e-03
   7.2018820e-03
   6.6879780e-03
   6.2088260e-03
   5.7448880e-03
   5.2734650e-03
   4.7846820e-03
   4.2829910e-03
   3.7792780e-03
   3.2933020e-03
   2.8703730e-03
   2.5522010e-03
   2.3431390e-03
   2.2109220e-03
   2.1102210e-03
   2.0067640e-03
   1.8877810e-03
   1.7577060e-03
   1.6155640e-03
   1.4049730e-03
   1.0446410e-03
   5.0108140e-04
  -1.9100280e-04
  -9.5880220e-04
  -1.7355000e-03
  -2.4874430e-03
  -3.2148800e-03
  -3.9352210e-03
  -4.6616780e-03
  -5.3723050e-03
  -6.0134320e-03
  -6.5483560e-03
  -6.9837310e-03
  -7.3589800e-03
  -7.7188120e-03
  -8.0912570e-03
  -8.4811060e-03
  -8.8471450e-03
  -9.0382830e-03
  -8.8884760e-03
  -8.3541730e-03
  -7.5313310e-03
  -6.5733410e-03
  -5.5912400e-03
  -4.6205170e-03
  -3.6463050e-03
  -2.6434140e-03
  -1.6030510e-03
  -5.3668770e-04
   5.3543910e-04
   1.5906140e-03
   2.5917010e-03
   3.5054580e-03
   4.3286720e-03
   5.0809900e-03
   5.7154760e-03
   6.0868760e-03
   6.0903930e-03
   5.7506200e-03
   5.1748100e-03
   4.4185150e-03
   3.4721060e-03
   2.3298660e-03
   1.0268410e-03
  -3.7041190e-04
  -1.7926050e-03
  -3.1447280e-03
  -4.2718360e-03
  -5.0638240e-03
  -5.5350840e-03
  -5.8003250e-03
  -5.9956350e-03
  -6.1888410e-03
  -6.3169430e-03
  -6.2678210e-03
  -5.9917410e-03
  -5.5317410e-03
  -4.9830190e-03
  -4.4323810e-03
  -3.9211890e-03
  -3.4450690e-03
  -2.9777800e-03
  -2.5036240e-03
  -2.0993020e-03
  -1.9433440e-03
  -2.1611780e-03
  -2.7321730e-03
  -3.5218420e-03
  -4.3746970e-03
  -5.1891480e-03
  -5.9215560e-03
  -6.5572370e-03
  -7.1055950e-03
  -7.5928910e-03
  -8.0457770e-03
  -8.4355540e-03
  -8.6522760e-03
  -8.6076670e-03
  -8.3095750e-03
  -7.8471600e-03
  -7.3052560e-03
  -6.6661980e-03
  -5.8553080e-03
  -4.8360820e-03
  -3.6443160e-03
  -2.3613180e-03
  -1.0654510e-03
   1.9514850e-04
   1.3697500e-03
   2.3994620e-03
   3.2632760e-03
   3.9628570e-03
   4.4255850e-03
   4.5534080e-03
   4.3328240e-03
   3.8541420e-03
   3.2540800e-03
   2.6452130e-03
   2.0784930e-03
   1.5490810e-03
   1.0274310e-03
   4.8957990e-04
  -5.5651620e-05
  -5.1014260e-04
  -7.3428250e-04
  -6.6570890e-04
  -3.5572870e-04
   7.8947060e-05
   5.2923580e-04
   9.3949410e-04
   1.3105570e-03
   1.6763650e-03
   2.0708280e-03
   2.5046470e-03
   2.9434020e-03
   3.2819400e-03
   3.4179120e-03
   3.3305450e-03
   3.0826420e-03
   2.7695910e-03
   2.4650900e-03
   2.1964910e-03
   1.9531130e-03
   1.7109110e-03
   1.4537700e-03
   1.1808030e-03
   9.0129340e-04
   6.2525830e-04
   3.5700590e-04
   9.4630800e-05
  -1.6651470e-04
  -4.2999690e-04
  -6.9035370e-04
  -8.9662070e-04
  -9.6685280e-04
  -8.5900740e-04
  -5.9869230e-04
  -2.5431220e-04
   1.0635170e-04
   4.4574750e-04
   7.6051220e-04
   1.0662940e-03
   1.3791670e-03
   1.7050930e-03
   2.0398120e-03
   2.3752090e-03
   2.6980490e-03
   2.9737740e-03
   3.1661240e-03
   3.2673160e-03
   3.3010570e-03
   3.3045360e-03
   3.3078080e-03
   3.3235580e-03
   3.3493740e-03
   3.3766680e-03
   3.3990630e-03
   3.4155930e-03
   3.4293720e-03
   3.4441870e-03
   3.4618620e-03
   3.4820220e-03
   3.5113310e-03
   3.5848760e-03
   3.7442950e-03
   4.0018830e-03
   4.3346290e-03
   4.7026650e-03
   5.0722010e-03
   5.4271850e-03
   5.7514140e-03
   6.0049910e-03
   6.1543380e-03
   6.2005840e-03
   6.1767820e-03
   6.1257640e-03
   6.0785150e-03
   6.0458880e-03
   6.0231340e-03
   6.0004910e-03
   5.9716970e-03
   5.9366420e-03
   5.8992290e-03
   5.8634180e-03
   5.8235340e-03
   5.7324770e-03
   5.5220750e-03
   5.1619920e-03
   4.6783600e-03
   4.1300530e-03
   3.5725070e-03
   3.0345040e-03
   2.5166950e-03
   2.0052170e-03
   1.4870390e-03
   9.5809930e-04
   4.2251300e-04
  -1.0776080e-04
  -5.7505300e-04
  -8.8200350e-04
  -9.7406560e-04
  -8.7741870e-04
  -6.7245120e-04
  -4.4215600e-04
  -2.3479610e-04
  -5.5227900e-05
   1.4097650e-04
   4.2897780e-04
   8.5374470e-04
   1.4019260e-03
   2.0203680e-03
   2.6531090e-03
   3.2680720e-03
   3.8617770e-03
   4.4473320e-03
   5.0379740e-03
   5.6238790e-03
   6.1604620e-03
   6.6065460e-03
   6.9570780e-03
   7.2417020e-03
   7.5018560e-03
   7.7675140e-03
   8.0176480e-03
   8.1296930e-03
   7.9722730e-03
   7.5147460e-03
   6.8366790e-03
   6.0641600e-03
   5.2979380e-03
   4.5783990e-03
   3.8953510e-03
   3.2458600e-03
   2.6852070e-03
   2.2758470e-03
   2.0299230e-03
   1.9036080e-03
   1.8291080e-03
   1.7519910e-03
   1.6497060e-03
   1.5275790e-03
   1.4023480e-03
   1.2848840e-03
   1.1410940e-03
   8.6695860e-04
   3.7336100e-04
  -3.4386870e-04
  -1.2117560e-03
  -2.1339250e-03
  -3.0415010e-03
  -3.9128450e-03
  -4.7618400e-03
  -5.6124160e-03
  -6.4659650e-03
  -7.2646880e-03
  -7.9332580e-03
  -8.4437080e-03
  -8.8295890e-03
  -9.1562860e-03
  -9.4811760e-03
  -9.8308390e-03
  -1.0202120e-02
  -1.0578250e-02
  -1.0945500e-02
  -1.1300790e-02
  -1.1649560e-02
  -1.1999370e-02
  -1.2354410e-02
  -1.2714310e-02
  -1.3075880e-02
  -1.3436150e-02
  -1.3794240e-02
  -1.4150870e-02
  -1.4507470e-02
  -1.4864640e-02
  -1.5202940e-02
  -1.5448800e-02
  -1.5526030e-02
  -1.5419370e-02
  -1.5178710e-02
  -1.4880600e-02
  -1.4585670e-02
  -1.4318190e-02
  -1.4071500e-02
  -1.3827060e-02
  -1.3571520e-02
  -1.3303440e-02
  -1.3029780e-02
  -1.2758050e-02
  -1.2482430e-02
  -1.2171260e-02
  -1.1792710e-02
  -1.1340830e-02
  -1.0836380e-02
  -1.0310740e-02
  -9.7881640e-03
  -9.2776310e-03
  -8.7756570e-03
  -8.2742910e-03
  -7.7681560e-03
  -7.2566430e-03
  -6.7321820e-03
  -6.1592280e-03
  -5.4988640e-03
  -4.7424290e-03
  -3.9150200e-03
  -3.0561940e-03
  -2.1979880e-03
  -1.3537570e-03
  -5.2062700e-04
   3.1083090e-04
   1.1476950e-03
   1.9910700e-03
   2.8375200e-03
   3.6829620e-03
   4.5253470e-03
   5.3652710e-03
   6.2044830e-03
   7.0346090e-03
   7.7778450e-03
   8.3071100e-03
   8.5567590e-03
   8.5666700e-03
   8.4438230e-03
   8.2946820e-03
   8.1785000e-03
   8.1011390e-03
   8.0383290e-03
   7.9648280e-03
   7.8711890e-03
   7.7639240e-03
   7.6554580e-03
   7.5545520e-03
   7.4619030e-03
   7.3729470e-03
   7.2827790e-03
   7.1887700e-03
   7.0904020e-03
   6.9663050e-03
   6.7619780e-03
   6.4357310e-03
   5.9914600e-03
   5.4710210e-03
   4.9253500e-03
   4.3888500e-03
   3.8719890e-03
   3.3839970e-03
   2.9540040e-03
   2.6061840e-03
   2.3381340e-03
   2.1236760e-03
   1.9298020e-03
   1.7327040e-03
   1.5242140e-03
   1.3081280e-03
   1.0920590e-03
   8.8086420e-04
   6.7457120e-04
   4.7018300e-04
   2.6467820e-04
   5.6824930e-05
  -1.5269880e-04
  -3.6242690e-04
  -5.7127660e-04
  -7.7881230e-04
  -9.6838570e-04
  -1.0655120e-03
  -9.8393710e-04
  -6.9917970e-04
  -2.5988670e-04
   2.5106330e-04
   7.6413250e-04
   1.2485320e-03
   1.7087960e-03
   2.1647160e-03
   2.6319200e-03
   3.1128010e-03
   3.5906230e-03
   4.0330030e-03
   4.4177310e-03
   4.7475840e-03
   5.0441880e-03
   5.3323100e-03
   5.6274490e-03
   5.9323680e-03
   6.2418120e-03
   6.5494490e-03
   6.8524320e-03
   7.1519150e-03
   7.4508030e-03
   7.7513860e-03
   8.0541850e-03
   8.3582300e-03
   8.6622430e-03
   8.9654840e-03
   9.2677220e-03
   9.5520750e-03
   9.7535990e-03
   9.8050510e-03
   9.6930820e-03
   9.4618030e-03
   9.1791610e-03
   8.8990930e-03
   8.6433450e-03
   8.4061170e-03
   8.1709490e-03
   7.9260430e-03
   7.6701310e-03
   7.4092030e-03
   7.1492930e-03
   6.8812210e-03
   6.5782720e-03
   6.2201650e-03
   5.8084210e-03
   5.3626690e-03
   4.9066930e-03
   4.4561720e-03
   4.0150580e-03
   3.5790720e-03
   3.1422460e-03
   2.7013440e-03
   2.2569430e-03
   1.8116840e-03
   1.3696280e-03
   9.4094950e-04
   5.3722170e-04
   1.6166860e-04
  -1.9231820e-04
  -5.3603130e-04
  -8.7903060e-04
  -1.2254970e-03
  -1.5749320e-03
  -1.9248240e-03
  -2.2730840e-03
  -2.6193390e-03
  -2.9644680e-03
  -3.3096690e-03
  -3.6555430e-03
  -4.0019580e-03
  -4.3484040e-03
  -4.6944860e-03
  -5.0386830e-03
  -5.3641580e-03
  -5.6360310e-03
  -5.8310970e-03
  -5.9550270e-03
  -6.0353370e-03
  -6.1029890e-03
  -6.1775920e-03
  -6.2633870e-03
  -6.3546590e-03
  -6.4439420e-03
  -6.5276640e-03
  -6.6068760e-03
  -6.6849560e-03
  -6.7646340e-03
  -6.8466000e-03
  -6.9297840e-03
  -7.0127180e-03
  -7.0945080e-03
  -7.1752580e-03
  -7.2555140e-03
  -7.3358280e-03
  -7.4164730e-03
  -7.4972980e-03
  -7.5780140e-03
  -7.6584380e-03
  -7.7385300e-03
  -7.8184190e-03
  -7.8981800e-03
  -7.9778950e-03
  -8.0542040e-03
  -8.0931120e-03
  -8.0326720e-03
  -7.8365300e-03
  -7.5196190e-03
  -7.1323890e-03
  -6.7279330e-03
  -6.3378180e-03
  -5.9670780e-03
  -5.6046480e-03
  -5.2378120e-03
  -4.8611590e-03
  -4.4772720e-03
  -4.0921560e-03
  -3.7102950e-03
  -3.3325090e-03
  -2.9567630e-03
  -2.5804710e-03
  -2.2022710e-03
  -1.8224040e-03
  -1.4419580e-03
  -1.0618790e-03
  -6.8035780e-04
  -2.7578730e-04
   1.9140840e-04
   7.4446590e-04
   1.3739940e-03
   2.0479970e-03
   2.7328100e-03
   3.4084690e-03
   4.0717610e-03
   4.7153060e-03
   5.2685250e-03
   5.6335820e-03
   5.7723910e-03
   5.7295960e-03
   5.5950500e-03
   5.4501580e-03
   5.3353920e-03
   5.2500500e-03
   5.1730980e-03
   5.0855610e-03
   4.9820850e-03
   4.8650910e-03
   4.7033470e-03
   4.4277020e-03
   3.9938250e-03
   3.4159100e-03
   2.7512910e-03
   2.0628730e-03
   1.3898340e-03
   7.4016950e-04
   1.0202080e-04
  -5.2926660e-04
  -1.1145650e-03
  -1.5981840e-03
  -1.9581120e-03
  -2.2187710e-03
  -2.4171740e-03
  -2.5501310e-03
  -2.5896520e-03
  -2.5247170e-03
  -2.3758210e-03
  -2.1825900e-03
  -1.9820370e-03
  -1.7941120e-03
  -1.6221410e-03
  -1.4627230e-03
  -1.3114420e-03
  -1.1650990e-03
  -1.0220140e-03
  -8.8144860e-04
  -7.4271670e-04
  -6.0500530e-04
  -4.6745870e-04
  -3.2954890e-04
  -1.9096780e-04
  -4.2756800e-05
   1.4906420e-04
   4.1968690e-04
   7.7618440e-04
   1.1953130e-03
   1.6414250e-03
   2.0861650e-03
   2.5069650e-03
   2.8455580e-03
   3.0316370e-03
   3.0429680e-03
   2.9181470e-03
   2.7261190e-03
   2.5270300e-03
   2.3496610e-03
   2.1928030e-03
   2.0409660e-03
   1.8808540e-03
   1.7091650e-03
   1.5310030e-03
   1.3535160e-03
   1.1808370e-03
   1.0125290e-03
   8.4013060e-04
   6.3650080e-04
   3.7260860e-04
   4.1267130e-05
  -3.4027290e-04
  -7.4420110e-04
  -1.1478530e-03
  -1.5417890e-03
  -1.9280720e-03
  -2.3134370e-03
  -2.7023260e-03
  -3.0693810e-03
  -3.3148700e-03
  -3.3353340e-03
  -3.1093930e-03
  -2.7037120e-03
  -2.2211260e-03
  -1.7431700e-03
  -1.3023510e-03
  -8.8954710e-04
  -4.7958880e-04
  -5.4570090e-05
   3.8746260e-04
   8.3714950e-04
   1.2838470e-03
   1.7225520e-03
   2.1549110e-03
   2.5856980e-03
   3.0188680e-03
   3.4522750e-03
   3.8457250e-03
   4.1170100e-03
   4.2115590e-03
   4.1423870e-03
   3.9733290e-03
   3.7760110e-03
   3.5955800e-03
   3.4415050e-03
   3.3009010e-03
   3.1616980e-03
   3.0242120e-03
   2.8954720e-03
   2.7806250e-03
   2.6787570e-03
   2.5842030e-03
   2.4904540e-03
   2.3933450e-03
   2.2858710e-03
   2.1518710e-03
   1.9783210e-03
   1.7660020e-03
   1.5278070e-03
   1.2800120e-03
   1.0340030e-03
   7.9346880e-04
   5.5627900e-04
   3.1902210e-04
   8.9837620e-05
  -9.7967200e-05
  -2.1200310e-04
  -2.4741670e-04
  -2.2720340e-04
  -1.8467780e-04
  -1.4530340e-04
  -1.1843450e-04
  -1.0037380e-04
  -8.2858800e-05
  -6.0367640e-05
  -3.2566920e-05
  -2.6518530e-06
   2.5983340e-05
   5.5363850e-05
   1.0857870e-04
   2.1937090e-04
   4.0304690e-04
   6.4704400e-04
   9.2257670e-04
   1.2013790e-03
   1.4459430e-03
   1.5923160e-03
   1.5942780e-03
   1.4578620e-03
   1.2317910e-03
   9.7449550e-04
   7.2559940e-04
   4.9646410e-04
   2.7862900e-04
   5.8655260e-05
  -1.7083850e-04
  -4.0876790e-04
  -6.5038610e-04
  -8.9629460e-04
  -1.1522890e-03
  -1.4226950e-03
  -1.7066080e-03
  -1.9989690e-03
  -2.2938250e-03
  -2.5873280e-03
  -2.8785340e-03
  -3.1628400e-03
  -3.3835180e-03
  -3.4352130e-03
  -3.2553610e-03
  -2.8689560e-03
  -2.3619450e-03
  -1.8253320e-03
  -1.3133790e-03
  -8.3505150e-04
  -3.7157530e-04
   9.8863340e-05
   5.8315110e-04
   1.0513200e-03
   1.4463540e-03
   1.7330770e-03
   1.9213530e-03
   2.0526750e-03
   2.1716380e-03
   2.3043840e-03
   2.4543510e-03
   2.6113340e-03
   2.7640770e-03
   2.9079450e-03
   3.0453570e-03
   3.1814850e-03
   3.3058650e-03
   3.3557620e-03
   3.2564030e-03
   2.9848820e-03
   2.5812890e-03
   2.1158880e-03
   1.6483250e-03
   1.2053930e-03
   7.8346910e-04
   3.6545690e-04
  -6.2209520e-05
  -5.0225420e-04
  -9.4882650e-04
  -1.3943510e-03
  -1.8347420e-03
  -2.2706340e-03
  -2.7052250e-03
  -3.1400750e-03
  -3.5454500e-03
  -3.8372410e-03
  -3.9444510e-03
  -3.8656120e-03
  -3.6618190e-03
  -3.4127460e-03
  -3.1751750e-03
  -2.9670700e-03
  -2.7772830e-03
  -2.5863370e-03
  -2.3825520e-03
  -2.1665920e-03
  -1.9464600e-03
  -1.7298710e-03
  -1.5196330e-03
  -1.3198360e-03
  -1.1654150e-03
  -1.1093430e-03
  -1.1756020e-03
  -1.3434260e-03
  -1.5654720e-03
  -1.7966900e-03
  -2.0130930e-03
  -2.2133440e-03
  -2.4081970e-03
  -2.6081810e-03
  -2.8168180e-03
  -3.0310440e-03
  -3.2455240e-03
  -3.4567690e-03
  -3.6645790e-03
  -3.8709580e-03
  -4.0780710e-03
  -4.2849350e-03
  -4.4667250e-03
  -4.5719770e-03
  -4.5662220e-03
  -4.4574940e-03
  -4.2858150e-03
  -4.0899110e-03
  -3.8635090e-03
  -3.5680370e-03
  -3.1789360e-03
  -2.7066780e-03
  -2.1871630e-03
  -1.6648030e-03
  -1.1798710e-03
  -7.5040760e-04
  -3.6779090e-04
  -9.1741260e-06
   3.3114960e-04
   5.9468270e-04
   7.0147680e-04
   6.2329040e-04
   4.0013810e-04
   1.0711540e-04
  -1.8991520e-04
  -4.6005100e-04
  -7.0603150e-04
  -9.4631640e-04
  -1.1963550e-03
  -1.4598500e-03
  -1.7307860e-03
  -2.0007880e-03
  -2.2650710e-03
  -2.5240720e-03
  -2.7812060e-03
  -3.0397370e-03
  -3.3008070e-03
  -3.5626930e-03
  -3.8035170e-03
  -3.9671510e-03
  -4.0074980e-03
  -3.9247810e-03
  -3.7600770e-03
  -3.5660430e-03
  -3.3796880e-03
  -3.2124320e-03
  -3.0567310e-03
  -2.8998000e-03
  -2.7341500e-03
  -2.5603860e-03
  -2.3838190e-03
  -2.2094530e-03
  -2.0385530e-03
  -1.8593450e-03
  -1.6408360e-03
  -1.3575600e-03
  -1.0091520e-03
  -6.1740870e-04
  -2.1040560e-04
   1.9219550e-04
   5.8448990e-04
   9.7066880e-04
   1.3577070e-03
   1.7496290e-03
   2.1458300e-03
   2.5324260e-03
   2.8657200e-03
   3.1024500e-03
   3.2349620e-03
   3.2924610e-03
   3.3187600e-03
   3.3477930e-03
   3.3926680e-03
   3.4490940e-03
   3.5076300e-03
   3.5724530e-03
   3.6639270e-03
   3.7983660e-03
   3.9752180e-03
   4.1794060e-03
   4.3921730e-03
   4.6007900e-03
   4.8019570e-03
   4.9990810e-03
   5.1970750e-03
   5.3986180e-03
   5.6034350e-03
   5.8094070e-03
   6.0146640e-03
   6.2142880e-03
   6.3653960e-03
   6.3896870e-03
   6.2411770e-03
   5.9390140e-03
   5.5474640e-03
   5.1341540e-03
   4.7392870e-03
   4.3694010e-03
   4.0105270e-03
   3.6465830e-03
   3.2705290e-03
   2.8856140e-03
   2.4996260e-03
   2.1181500e-03
   1.7422500e-03
   1.3692970e-03
   9.9608190e-04
   6.2093870e-04
   2.5047160e-04
  -8.6333140e-05
  -3.5639520e-04
  -5.5038210e-04
  -6.8661670e-04
  -7.9630120e-04
  -9.0540850e-04
  -1.0252210e-03
  -1.1488920e-03
  -1.2474640e-03
  -1.2904090e-03
  -1.2697850e-03
  -1.2021610e-03
  -1.1145780e-03
  -1.0285560e-03
  -9.5252230e-04
  -8.8369710e-04
  -8.1516780e-04
  -7.4208040e-04
  -6.6404620e-04
  -5.8366710e-04
  -5.0389860e-04
  -4.2605390e-04
  -3.4965080e-04
  -2.7332690e-04
  -1.9189340e-04
  -7.8404900e-05
   1.0489960e-04
   3.7416720e-04
   7.1383000e-04
   1.0903330e-03
   1.4724010e-03
   1.8439560e-03
   2.2045700e-03
   2.5620360e-03
   2.9235680e-03
   3.2913840e-03
   3.6631170e-03
   4.0350610e-03
   4.4048570e-03
   4.7724600e-03
   5.1392710e-03
   5.5068820e-03
   5.8758810e-03
   6.2437040e-03
   6.5681900e-03
   6.7496690e-03
   6.7139510e-03
   6.4692640e-03
   6.0911720e-03
   5.6703110e-03
   5.2670540e-03
   4.8973350e-03
   4.5461180e-03
   4.1876220e-03
   3.7891930e-03
   3.3260170e-03
   2.7980130e-03
   2.2264890e-03
   1.6384200e-03
   1.0528520e-03
   4.7578060e-04
  -9.6110670e-05
  -6.6878730e-04
  -1.2455650e-03
  -1.8259330e-03
  -2.4030600e-03
  -2.9326130e-03
  -3.3371960e-03
  -3.5725600e-03
  -3.6583900e-03
  -3.6579410e-03
  -3.6370010e-03
  -3.6341400e-03
  -3.6550930e-03
  -3.6860170e-03
  -3.7112230e-03
  -3.7242610e-03
  -3.7284650e-03
  -3.7313790e-03
  -3.7384510e-03
  -3.7505840e-03
  -3.7651700e-03
  -3.7756530e-03
  -3.7616230e-03
  -3.6993680e-03
  -3.5815430e-03
  -3.4209270e-03
  -3.2398900e-03
  -3.0575700e-03
  -2.8826540e-03
  -2.7148130e-03
  -2.5593400e-03
  -2.4373320e-03
  -2.3667640e-03
  -2.3474330e-03
  -2.3624840e-03
  -2.3901930e-03
  -2.4149160e-03
  -2.4310330e-03
  -2.4286580e-03
  -2.3785460e-03
  -2.2550420e-03
  -2.0578870e-03
  -1.8103600e-03
  -1.5433020e-03
  -1.2792110e-03
  -1.0259750e-03
  -7.8000820e-04
  -5.3409210e-04
  -2.8355120e-04
  -2.8348020e-05
   2.2808810e-04
   4.7205780e-04
   6.7678370e-04
   8.2374810e-04
   9.1643890e-04
   9.7533380e-04
   1.0239800e-03
   1.0775220e-03
   1.1394960e-03
   1.2057130e-03
   1.2706150e-03
   1.3313470e-03
   1.3886680e-03
   1.4394160e-03
   1.4548410e-03
   1.3957380e-03
   1.2470960e-03
   1.0267660e-03
   7.7046270e-04
   5.1027550e-04
   2.6204250e-04
   2.5262080e-05
  -2.0847400e-04
  -4.4667140e-04
  -6.9134310e-04
  -9.3983510e-04
  -1.1806660e-03
  -1.3705210e-03
  -1.4567330e-03
  -1.4219570e-03
  -1.2929840e-03
  -1.1187110e-03
  -9.4138190e-04
  -7.8070210e-04
  -6.3489690e-04
  -4.9247090e-04
  -3.4387340e-04
  -1.8702080e-04
  -2.5767860e-05
   1.3460680e-04
   2.9120540e-04
   4.4434740e-04
   5.9627310e-04
   7.4892750e-04
   8.9742280e-04
   1.0103660e-03
   1.0472070e-03
   9.9297040e-04
   8.6658980e-04
   7.0461680e-04
   5.3951840e-04
   3.8679640e-04
   2.4551290e-04
   1.0685400e-04
  -3.6641260e-05
  -1.8686460e-04
  -3.4095950e-04
  -4.9436180e-04
  -6.3309730e-04
  -7.2579430e-04
  -7.4769650e-04
  -7.0020930e-04
  -6.0710100e-04
  -4.9802980e-04
  -3.9349990e-04
  -2.9971170e-04
  -2.1140980e-04
  -1.1744700e-04
  -8.9695380e-06
   1.1491860e-04
   2.4856990e-04
   3.8460980e-04
   5.1826710e-04
   6.4859080e-04
   7.7728360e-04
   9.0633630e-04
   1.0367230e-03
   1.1680420e-03
   1.2993890e-03
   1.4299800e-03
   1.5596770e-03
   1.6887490e-03
   1.8176480e-03
   1.9465850e-03
   2.0755600e-03
   2.2043700e-03
   2.3328990e-03
   2.4610580e-03
   2.5885380e-03
   2.6975140e-03
   2.7213300e-03
   2.5909070e-03
   2.2925480e-03
   1.8716580e-03
   1.3972810e-03
   9.1577390e-04
   4.3100860e-04
  -7.5202750e-05
  -6.1672710e-04
  -1.1912920e-03
  -1.7840430e-03
  -2.3785510e-03
  -2.9634870e-03
  -3.5192010e-03
  -4.0154210e-03
  -4.4365470e-03
  -4.7931520e-03
  -5.1128510e-03
  -5.4234310e-03
  -5.7410930e-03
  -6.0683990e-03
  -6.3998970e-03
  -6.7230000e-03
  -6.9846720e-03
  -7.1047050e-03
  -7.0443260e-03
  -6.8316960e-03
  -6.5361130e-03
  -6.2249280e-03
  -5.9349170e-03
  -5.6690590e-03
  -5.4119150e-03
  -5.1478430e-03
  -4.8713240e-03
  -4.5866660e-03
  -4.3017360e-03
  -4.0217800e-03
  -3.7472160e-03
  -3.4750990e-03
  -3.2039220e-03
  -2.9427610e-03
  -2.7073380e-03
  -2.5057240e-03
  -2.3330800e-03
  -2.1762850e-03
  -2.0224160e-03
  -1.8630200e-03
  -1.6820720e-03
  -1.4505530e-03
  -1.1502340e-03
  -7.8745980e-04
  -3.8670410e-04
   2.5203560e-05
   4.3138700e-04
   8.2809230e-04
   1.2199890e-03
   1.6133190e-03
   2.0110800e-03
   2.4123670e-03
   2.8094880e-03
   3.1508780e-03
   3.3461100e-03
   3.3432290e-03
   3.1651250e-03
   2.8858130e-03
   2.5823810e-03
   2.3001470e-03
   2.0459290e-03
   1.8035410e-03
   1.5546110e-03
   1.2915150e-03
   1.0184570e-03
   7.5425350e-04
   5.3721580e-04
   3.9807380e-04
   3.3702970e-04
   3.2777620e-04
   3.3669270e-04
   3.4040830e-04
   3.3196720e-04
   3.1642760e-04
   3.0189290e-04
   2.9299220e-04
   2.8913670e-04
   2.8686660e-04
   2.8299720e-04
   2.7651350e-04
   2.6832270e-04
   2.6008030e-04
   2.5283650e-04
   2.4669140e-04
   2.4103200e-04
   2.3522740e-04
   2.2895400e-04
   2.2234860e-04
   2.1413100e-04
   1.9474620e-04
   1.5010550e-04
   7.3981700e-05
  -2.8166070e-05
  -1.4396850e-04
  -2.6181600e-04
  -3.7558960e-04
  -4.8510420e-04
  -5.9319130e-04
  -7.0259090e-04
  -8.1414880e-04
  -9.2704550e-04
  -1.0398560e-03
  -1.1517100e-03
  -1.2625270e-03
  -1.3682540e-03
  -1.4323820e-03
  -1.3953380e-03
  -1.2263530e-03
  -9.4427290e-04
  -5.9944080e-04
  -2.4199620e-04
   1.0011950e-04
   4.2404560e-04
   7.4120020e-04
   1.0634620e-03
   1.3952870e-03
   1.7336250e-03
   2.0726470e-03
   2.4083030e-03
   2.7399670e-03
   3.0628690e-03
   3.3578290e-03
   3.6058170e-03
   3.8043370e-03
   3.9676420e-03
   4.1164200e-03
   4.2665700e-03
   4.4242160e-03
   4.5873290e-03
   4.7510300e-03
   4.9118620e-03
   5.0695500e-03
   5.2233250e-03
   5.3544450e-03
   5.4301800e-03
   5.4328880e-03
   5.3723320e-03
   5.2763130e-03
   5.1728470e-03
   5.0779350e-03
   4.9934910e-03
   4.9133540e-03
   4.8307940e-03
   4.7431770e-03
   4.6520610e-03
   4.5607410e-03
   4.4714860e-03
   4.3846200e-03
   4.2989710e-03
   4.2097620e-03
   4.0885930e-03
   3.8908740e-03
   3.5942910e-03
   3.2136740e-03
   2.7869200e-03
   2.3514070e-03
   1.9276890e-03
   1.5176750e-03
   1.1127600e-03
   7.0416720e-04
   2.8871930e-04
  -1.3020260e-04
  -5.3558700e-04
  -8.9822490e-04
  -1.2004150e-03
  -1.4479610e-03
  -1.6633390e-03
  -1.8705650e-03
  -2.0840030e-03
  -2.3060070e-03
  -2.5316460e-03
  -2.7551350e-03
  -2.9731190e-03
  -3.1662290e-03
  -3.2814870e-03
  -3.2743390e-03
  -3.1448100e-03
  -2.9329170e-03
  -2.6905510e-03
  -2.4546710e-03
  -2.2372590e-03
  -2.0314040e-03
  -1.8247050e-03
  -1.6095870e-03
  -1.3864460e-03
  -1.1603220e-03
  -9.3632190e-04
  -7.2289070e-04
  -5.4362520e-04
  -4.2170550e-04
  -3.6054630e-04
  -3.4299310e-04
  -3.4403450e-04
  -3.4412570e-04
  -3.3558670e-04
  -3.2051200e-04
  -3.0475540e-04
  -2.9239510e-04
  -2.8385700e-04
  -2.7657470e-04
  -2.6061590e-04
  -2.1441230e-04
  -1.2137670e-04
   1.7532690e-05
   1.8637570e-04
   3.6558810e-04
   5.4171700e-04
   7.1095120e-04
   8.7623210e-04
   1.0422990e-03
   1.2117290e-03
   1.3841760e-03
   1.5575950e-03
   1.7302010e-03
   1.9010600e-03
   2.0601460e-03
   2.1746580e-03
   2.2138940e-03
   2.1744550e-03
   2.0799030e-03
   1.9633000e-03
   1.8496270e-03
   1.7479220e-03
   1.6545420e-03
   1.5614720e-03
   1.4634620e-03
   1.3602430e-03
   1.2522360e-03
   1.1278000e-03
   9.6920280e-04
   7.6887560e-04
   5.3444060e-04
   2.8226360e-04
   2.7631810e-05
  -2.2158760e-04
  -4.6513630e-04
  -7.0685660e-04
  -9.5031540e-04
  -1.1967040e-03
  -1.4449010e-03
  -1.6925700e-03
  -1.9291550e-03
  -2.1322550e-03
  -2.2857940e-03
  -2.3923640e-03
  -2.4692700e-03
  -2.5368400e-03
  -2.6083500e-03
  -2.6871710e-03
  -2.7698810e-03
  -2.8516570e-03
  -2.9299460e-03
  -3.0053410e-03
  -3.0799460e-03
  -3.1556430e-03
  -3.2328950e-03
  -3.3110980e-03
  -3.3892730e-03
  -3.4668540e-03
  -3.5422980e-03
  -3.6040240e-03
  -3.6329820e-03
  -3.6194490e-03
  -3.5694520e-03
  -3.4992600e-03
  -3.4249910e-03
  -3.3556820e-03
  -3.2922440e-03
  -3.2308890e-03
  -3.1586560e-03
  -3.0400120e-03
  -2.8406060e-03
  -2.5553690e-03
  -2.2088350e-03
  -1.8367730e-03
  -1.4667080e-03
  -1.1091960e-03
  -7.6074560e-04
  -4.1288260e-04
  -5.9738940e-05
   2.9901830e-04
   6.6015400e-04
   1.0200520e-03
   1.3705320e-03
   1.6698530e-03
   1.8589200e-03
   1.9124320e-03
   1.8548570e-03
   1.7390940e-03
   1.6145360e-03
   1.5067140e-03
   1.4164070e-03
   1.3314750e-03
   1.2405390e-03
   1.1400340e-03
   1.0338230e-03
   9.3308720e-04
   8.5595240e-04
   8.1444310e-04
   8.0641240e-04
   8.1887790e-04
   8.3720010e-04
   8.5212180e-04
   8.6172330e-04
   8.6871150e-04
   8.7376920e-04
   8.6026470e-04
   8.0151700e-04
   6.8444120e-04
   5.1817650e-04
   3.2538630e-04
   1.2814450e-04
  -6.1706200e-05
  -2.4332010e-04
  -4.1759000e-04
  -5.7289280e-04
  -6.9364490e-04
  -7.7486540e-04
  -8.2544130e-04
  -8.6119300e-04
  -8.9599500e-04
  -9.3640050e-04
  -9.8200030e-04
  -1.0293530e-03
  -1.0817590e-03
  -1.1539000e-03
  -1.2586040e-03
  -1.3962810e-03
  -1.5561690e-03
  -1.7240230e-03
  -1.8897030e-03
  -2.0499910e-03
  -2.2070000e-03
  -2.3633610e-03
  -2.5002040e-03
  -2.5600850e-03
  -2.4937250e-03
  -2.2993200e-03
  -2.0184700e-03
  -1.7059850e-03
  -1.4012540e-03
  -1.1169240e-03
  -8.4549360e-04
  -5.7343560e-04
  -2.9262960e-04
  -3.3991540e-06
   2.8865640e-04
   5.7138850e-04
   8.1284080e-04
   9.7992550e-04
   1.0655190e-03
   1.0909830e-03
   1.0896120e-03
   1.0882560e-03
   1.0980280e-03
   1.1165650e-03
   1.1360440e-03
   1.1507400e-03
   1.1598930e-03
   1.1664130e-03
   1.1736400e-03
   1.1832440e-03
   1.1947210e-03
   1.2065990e-03
   1.2175840e-03
   1.2273730e-03
   1.2363950e-03
   1.2453450e-03
   1.2545950e-03
   1.2641710e-03
   1.2737930e-03
   1.2832180e-03
   1.2923130e-03
   1.3011620e-03
   1.3098700e-03
   1.3185520e-03
   1.3271980e-03
   1.3358000e-03
   1.3442830e-03
   1.3526330e-03
   1.3608040e-03
   1.3670660e-03
   1.3647910e-03
   1.3471690e-03
   1.3128060e-03
   1.2662380e-03
   1.2143470e-03
   1.1626380e-03
   1.1132750e-03
   1.0657010e-03
   1.0183310e-03
   9.7356570e-04
   9.4265300e-04
   9.3682500e-04
   9.5791700e-04
   9.9821360e-04
   1.0462660e-03
   1.0933030e-03
   1.1359920e-03
   1.1755810e-03
   1.2149050e-03
   1.2559200e-03
   1.2985400e-03
   1.3351230e-03
   1.3435320e-03
   1.3038000e-03
   1.2140040e-03
   1.0895550e-03
   9.5166470e-04
   8.1604110e-04
   6.8807260e-04
   5.6518300e-04
   4.4215500e-04
   3.1573240e-04
   1.8587620e-04
   5.4691440e-05
  -7.5737990e-05
  -2.0454920e-04
  -3.3225150e-04
  -4.5980960e-04
  -5.8800280e-04
  -7.1690710e-04
  -8.4623780e-04
  -9.7552160e-04
  -1.1045310e-03
  -1.2323380e-03
  -1.3468810e-03
  -1.4229960e-03
  -1.4438890e-03
  -1.4136070e-03
  -1.3520060e-03
  -1.2813890e-03
  -1.2159080e-03
  -1.1586460e-03
  -1.1054850e-03
  -1.0510240e-03
  -9.9266990e-04
  -9.3278780e-04
  -8.8258590e-04
  -8.5525960e-04
  -8.5536360e-04
  -8.7674560e-04
  -9.0803360e-04
  -9.3947560e-04
  -9.6676120e-04
  -9.9055730e-04
  -1.0137490e-03
  -1.0385590e-03
  -1.0654200e-03
  -1.0933190e-03
  -1.1210010e-03
  -1.1477740e-03
  -1.1738110e-03
  -1.2028190e-03
  -1.2492140e-03
  -1.3291140e-03
  -1.4469120e-03
  -1.5933020e-03
  -1.7527620e-03
  -1.9123740e-03
  -2.0665590e-03
  -2.2162670e-03
  -2.3652460e-03
  -2.5163320e-03
  -2.6700240e-03
  -2.8250020e-03
  -2.9796390e-03
  -3.1330610e-03
  -3.2854730e-03
  -3.4375630e-03
  -3.5895860e-03
  -3.7287650e-03
  -3.8139030e-03
  -3.8065260e-03
  -3.7023160e-03
  -3.5303060e-03
  -3.3314000e-03
  -3.1362760e-03
  -2.9559570e-03
  -2.7857240e-03
  -2.6156590e-03
  -2.4392300e-03
  -2.2561970e-03
  -2.0668360e-03
  -1.8595390e-03
  -1.6178870e-03
  -1.3359530e-03
  -1.0219620e-03
  -6.9193940e-04
  -3.6015410e-04
  -3.3657890e-05
   2.8771530e-04
   6.0766970e-04
   9.2954070e-04
   1.2542650e-03
   1.5807290e-03
   1.9071510e-03
   2.2324990e-03
   2.5568010e-03
   2.8802600e-03
   3.1927130e-03
   3.4650070e-03
   3.6724020e-03
   3.8143910e-03
   3.9123180e-03
   3.9941950e-03
   4.0799760e-03
   4.1760690e-03
   4.2786190e-03
   4.3808460e-03
   4.4786270e-03
   4.5721750e-03
   4.6642390e-03
   4.7575660e-03
   4.8531280e-03
   4.9502470e-03
   5.0475780e-03
   5.1441160e-03
   5.2368650e-03
   5.3170890e-03
   5.3767700e-03
   5.4153320e-03
   5.4391600e-03
   5.4571640e-03
   5.4759420e-03
   5.4979320e-03
   5.5221390e-03
   5.5462710e-03
   5.5558990e-03
   5.4939340e-03
   5.2954040e-03
   4.9426310e-03
   4.4731070e-03
   3.9498530e-03
   3.4253210e-03
   2.9225650e-03
   2.4380060e-03
   1.9566880e-03
   1.4668770e-03
   9.6768550e-04
   4.8577220e-04
   7.9135230e-05
  -2.1049840e-04
  -3.8793330e-04
  -4.9499480e-04
  -5.8094940e-04
  -6.7788540e-04
  -7.9328200e-04
  -9.1817140e-04
  -1.0403290e-03
  -1.1536700e-03
  -1.2597020e-03
  -1.3638490e-03
  -1.4706800e-03
  -1.5814100e-03
  -1.6943850e-03
  -1.8072010e-03
  -1.9183780e-03
  -2.0279770e-03
  -2.1369130e-03
  -2.2461510e-03
  -2.3560630e-03
  -2.4664620e-03
  -2.5735690e-03
  -2.6560710e-03
  -2.6837510e-03
  -2.6436070e-03
  -2.5477710e-03
  -2.4228700e-03
  -2.2937300e-03
  -2.1731720e-03
  -2.0614640e-03
  -1.9560770e-03
  -1.8742290e-03
  -1.8472080e-03
  -1.8912620e-03
  -1.9962650e-03
  -2.1350320e-03
  -2.2804120e-03
  -2.4171010e-03
  -2.5435450e-03
  -2.6659600e-03
  -2.7902040e-03
  -2.9089840e-03
  -3.0005740e-03
  -3.0483300e-03
  -3.0532770e-03
  -3.0309910e-03
  -3.0004790e-03
  -2.9743410e-03
  -2.9557210e-03
  -2.9410840e-03
  -2.9255680e-03
  -2.9066000e-03
  -2.8846750e-03
  -2.8618890e-03
  -2.8395840e-03
  -2.8066270e-03
  -2.7307560e-03
  -2.5844760e-03
  -2.3670140e-03
  -2.1016420e-03
  -1.8188740e-03
  -1.5404600e-03
  -1.2733360e-03
  -1.0132130e-03
  -7.5260460e-04
  -4.8696200e-04
  -2.1658050e-04
   5.5478930e-05
   3.2622780e-04
   5.9460900e-04
   8.6135810e-04
   1.1279700e-03
   1.3954520e-03
   1.6639510e-03
   1.9328930e-03
   2.2017000e-03
   2.4700630e-03
   2.7334440e-03
   2.9550340e-03
   3.0752040e-03
   3.0633410e-03
   2.9384720e-03
   2.7510460e-03
   2.5512220e-03
   2.3668710e-03
   2.2007790e-03
   2.0415140e-03
   1.8772360e-03
   1.7035090e-03
   1.5233990e-03
   1.3427440e-03
   1.1656010e-03
   9.9236960e-04
   8.2096040e-04
   6.4938630e-04
   4.8228670e-04
   3.3194060e-04
   2.0742780e-04
   1.0768030e-04
   2.3538120e-05
  -5.5929030e-05
  -1.3786170e-04
  -2.2401920e-04
  -3.1241500e-04
  -4.0034030e-04
  -4.8633690e-04
  -5.7071230e-04
  -6.5466830e-04
  -7.3924630e-04
  -8.2471250e-04
  -9.1075070e-04
  -9.9679150e-04
  -1.0825310e-03
  -1.1679430e-03
  -1.2532370e-03
  -1.3386380e-03
  -1.4242450e-03
  -1.5099850e-03
  -1.5948770e-03
  -1.6620870e-03
  -1.6715830e-03
  -1.5934240e-03
  -1.4309150e-03
  -1.2145080e-03
  -9.8070820e-04
  -7.5389540e-04
  -5.4055970e-04
  -3.3465590e-04
  -1.2734670e-04
   8.6153240e-05
   3.0497010e-04
   5.2527280e-04
   7.4368390e-04
   9.5922150e-04
   1.1729500e-03
   1.3866510e-03
   1.6013830e-03
   1.8118400e-03
   1.9831310e-03
   2.0655160e-03
   2.0372290e-03
   1.9179420e-03
   1.7511140e-03
   1.5774450e-03
   1.4179220e-03
   1.2730440e-03
   1.1326280e-03
   9.8726100e-04
   8.3747930e-04
   7.0170690e-04
   6.0251360e-04
   5.4800650e-04
   5.2821070e-04
   5.2427480e-04
   5.1998520e-04
   5.0824900e-04
   4.9038630e-04
   4.7141610e-04
   4.5520070e-04
   4.4361560e-04
   4.4395140e-04
   4.6864310e-04
   5.2397690e-04
   6.0552440e-04
   7.0186170e-04
   8.0161850e-04
   8.9821700e-04
   9.9075550e-04
   1.0777240e-03
   1.1372590e-03
   1.1352290e-03
   1.0556950e-03
   9.1137210e-04
   7.3231790e-04
   5.4735370e-04
   3.7195950e-04
   2.0705210e-04
   4.5739550e-05
  -1.1880520e-04
  -2.8889740e-04
  -4.6255950e-04
  -6.3309640e-04
  -7.8624730e-04
  -9.0939210e-04
  -1.0013790e-03
  -1.0717620e-03
  -1.1337460e-03
  -1.1970570e-03
  -1.2650600e-03
  -1.3361310e-03
  -1.4069310e-03
  -1.4685400e-03
  -1.4990020e-03
  -1.4790650e-03
  -1.4078180e-03
  -1.3013570e-03
  -1.1812710e-03
  -1.0633200e-03
  -9.5296020e-04
  -8.4763550e-04
  -7.4564750e-04
  -6.6215670e-04
  -6.2090410e-04
  -6.3248100e-04
  -6.8759110e-04
  -7.6532550e-04
  -8.4600330e-04
  -9.1538570e-04
  -9.5553380e-04
  -9.5098240e-04
  -9.0071220e-04
  -8.1780670e-04
  -7.2047660e-04
  -6.2274420e-04
  -5.3035190e-04
  -4.4212430e-04
  -3.5430050e-04
  -2.6413000e-04
  -1.7137640e-04
  -7.7494990e-05
   1.5881970e-05
   1.0802690e-04
   1.9919560e-04
   2.8982700e-04
   3.7009200e-04
   4.0703420e-04
   3.6958270e-04
   2.5407270e-04
   8.3773960e-05
  -1.0836790e-04
  -2.9754840e-04
  -4.7477680e-04
  -6.4378830e-04
  -8.1257810e-04
  -9.8643830e-04
  -1.1655820e-03
  -1.3468850e-03
  -1.5270180e-03
  -1.7045340e-03
  -1.8759840e-03
  -2.0276230e-03
  -2.1447420e-03
  -2.2244260e-03
  -2.2766230e-03
  -2.3166790e-03
  -2.3568870e-03
  -2.4023900e-03
  -2.4520680e-03
  -2.5023320e-03
  -2.5504380e-03
  -2.5960360e-03
  -2.6404430e-03
  -2.6852280e-03
  -2.7287830e-03
  -2.7471860e-03
  -2.6964630e-03
  -2.5506380e-03
  -2.3199280e-03
  -2.0398230e-03
  -1.7477520e-03
  -1.4659820e-03
  -1.1979980e-03
  -9.3600860e-04
  -6.7323230e-04
  -4.2884740e-04
  -2.4644680e-04
  -1.5496750e-04
  -1.4750110e-04
  -1.9047920e-04
  -2.4650760e-04
  -2.9244360e-04
  -3.2071680e-04
  -3.1339770e-04
  -2.3848850e-04
  -7.9214590e-05
   1.5278210e-04
   4.2685770e-04
   7.1176690e-04
   9.8898480e-04
   1.2552810e-03
   1.5166810e-03
   1.7803590e-03
   2.0493990e-03
   2.3224670e-03
   2.5962390e-03
   2.8681870e-03
   3.1378260e-03
   3.4062700e-03
   3.6749580e-03
   3.9446740e-03
   4.2149300e-03
   4.4737240e-03
   4.6841480e-03
   4.8121940e-03
   4.8543500e-03
   4.8366740e-03
   4.7954660e-03
   4.7578080e-03
   4.7332990e-03
   4.7177460e-03
   4.7022980e-03
   4.6809720e-03
   4.6474990e-03
   4.5887380e-03
   4.4943720e-03
   4.3657660e-03
   4.2143890e-03
   4.0543870e-03
   3.8956890e-03
   3.7416170e-03
   3.5905180e-03
   3.4393090e-03
   3.2860580e-03
   3.1308530e-03
   2.9749720e-03
   2.8196840e-03
   2.6654120e-03
   2.5118620e-03
   2.3584040e-03
   2.2046380e-03
   2.0504680e-03
   1.8961260e-03
   1.7418670e-03
   1.5878370e-03
   1.4339790e-03
   1.2802080e-03
   1.1255880e-03
   9.5998340e-04
   7.6244400e-04
   5.1909240e-04
   2.3340780e-04
  -7.8138240e-05
  -3.9707830e-04
  -7.1171630e-04
  -1.0195560e-03
  -1.3240130e-03
  -1.6295760e-03
  -1.9383550e-03
  -2.2496880e-03
  -2.5615690e-03
  -2.8723960e-03
  -3.1817430e-03
  -3.4897460e-03
  -3.7814890e-03
  -4.0073010e-03
  -4.1203750e-03
  -4.1153010e-03
  -4.0273780e-03
  -3.9063820e-03
  -3.7897850e-03
  -3.6911860e-03
  -3.6049970e-03
  -3.5191490e-03
  -3.4256070e-03
  -3.3240910e-03
  -3.2193190e-03
  -3.1162800e-03
  -3.0170260e-03
  -2.9205880e-03
  -2.8246070e-03
  -2.7273550e-03
  -2.6284190e-03
  -2.5286000e-03
  -2.4289170e-03
  -2.3299030e-03
  -2.2314540e-03
  -2.1331890e-03
  -2.0347170e-03
  -1.9359420e-03
  -1.8369250e-03
  -1.7378760e-03
  -1.6389290e-03
  -1.5400950e-03
  -1.4412800e-03
  -1.3424400e-03
  -1.2435240e-03
  -1.1445690e-03
  -1.0455540e-03
  -9.4653930e-04
