  -5.8682460e-06
  -9.1155340e-06
  -1.2510160e-05
  -1.4023310e-05
  -1.2676660e-05
  -9.2658070e-06
  -6.2683080e-06
  -7.7321870e-06
  -1.6151250e-05
  -2.4251700e-05
  -2.3441380e-05
  -1.9049710e-05
  -1.3217540e-05
  -4.1409180e-06
  -4.5737400e-06
  -1.8674770e-05
  -3.0714360e-05
  -3.4077580e-05
  -3.0231330e-05
  -1.5440310e-05
   1.7240490e-06
   2.6143310e-06
  -8.5862830e-06
  -1.4289820e-05
  -1.2458970e-05
  -1.0323970e-05
  -9.6861590e-06
  -9.9434950e-06
  -8.5166800e-06
  -1.7593350e-06
   4.0502290e-06
  -7.0000840e-07
  -9.2968510e-06
  -9.0338860e-06
  -4.3483270e-06
  -5.0911350e-06
  -8.8732790e-06
  -1.2068540e-05
  -1.3011430e-05
  -6.8016930e-06
   2.6183180e-06
   4.7636640e-06
   2.0646010e-06
   2.2646840e-06
   4.6121170e-06
   5.1122010e-06
   1.0554240e-06
  -5.7013140e-06
  -2.6461590e-06
   1.8847390e-05
   3.9734760e-05
   4.4168610e-05
   5.0585550e-05
   6.9684570e-05
   9.0677950e-05
   1.1197280e-04
   1.1520050e-04
   7.6748370e-05
   4.7209780e-05
   7.8365500e-05
   1.1759720e-04
   1.1920710e-04
   1.1373840e-04
   9.2289490e-05
   5.7470700e-05
   1.3439140e-04
   2.8860080e-04
   2.2788420e-04
  -4.4014540e-05
  -1.1579370e-04
   1.1215160e-04
   2.4364450e-04
   9.7894700e-05
  -2.3704990e-05
   7.8307260e-05
   2.3136770e-04
   3.2564250e-04
   4.2746790e-04
   3.5526270e-04
  -6.8012860e-05
  -2.4538410e-04
   4.2815980e-04
   1.0129410e-03
   3.3848220e-04
  -5.1660650e-04
  -1.9784680e-04
   1.0558150e-04
  -4.3477730e-04
  -4.2135890e-04
  -1.1753740e-04
  -1.1679940e-03
  -2.0879030e-03
  -5.7548650e-04
   1.6419190e-03
   1.5463020e-03
  -4.2001920e-06
  -1.4540630e-04
   7.9000670e-04
   8.9076300e-04
   8.4524990e-04
   1.1580970e-03
   1.4063640e-04
  -1.5952180e-03
  -1.0634850e-03
   8.1572880e-04
   9.5992880e-05
  -2.2378360e-03
  -2.0250640e-03
  -5.5890580e-05
   3.2121390e-04
  -4.9418270e-04
  -3.2066700e-04
   6.1480220e-04
   1.4449750e-03
   2.5326920e-03
   2.6404610e-03
   6.6016980e-04
  -1.1293610e-03
  -8.9097320e-04
   9.5459110e-04
   2.4957920e-03
   1.1376330e-03
  -1.3365230e-03
  -7.8576730e-04
   1.2804880e-03
   1.1666910e-03
  -6.4730630e-04
  -1.9943210e-03
  -1.5236180e-03
   2.6562780e-04
   6.4110860e-04
  -5.2436580e-04
  -3.9938210e-04
   1.4545550e-03
   3.9135050e-03
   5.0130840e-03
   2.0835690e-03
  -2.5492140e-03
  -3.3888750e-03
  -3.7624840e-04
   1.1239880e-03
  -1.1500610e-03
  -2.4299780e-03
  -1.1521290e-03
  -1.4896380e-03
  -5.9096230e-04
   4.0651190e-03
   4.1066190e-03
  -1.7736780e-03
  -3.3636050e-03
   5.1916700e-04
   1.4800290e-03
  -1.2378430e-03
  -2.6485920e-04
   4.3686270e-03
   4.7260950e-03
   1.1573670e-03
  -4.8856960e-04
  -1.4937780e-03
  -2.7808040e-03
  -1.8973880e-03
  -1.1174880e-03
  -2.6585570e-03
  -3.3054530e-03
   2.9899110e-04
   5.5039210e-03
   7.2414120e-03
   6.4636690e-03
   4.1208780e-03
  -1.6393760e-03
  -5.0833850e-03
  -2.0093380e-03
   5.8836250e-04
   6.0814110e-04
   3.0095190e-03
   5.2786580e-03
   3.2149790e-03
   1.7009330e-04
  -1.1106170e-03
  -2.3164300e-03
  -2.1575360e-03
   1.9694890e-03
   5.1256850e-03
   4.1607870e-03
   5.5806370e-03
   7.3002560e-03
   1.6473240e-03
  -3.0174990e-03
  -4.0835180e-04
  -1.4210010e-03
  -6.5532400e-03
  -4.6508280e-03
  -1.2874940e-03
  -3.0980730e-03
   6.1756620e-04
   8.8339080e-03
   8.4711100e-03
   4.2353700e-03
   4.5011870e-03
   4.4775590e-03
   3.2656160e-03
   3.9821190e-03
   2.6052430e-03
  -2.8933020e-03
  -7.9353920e-03
  -8.1804810e-03
  -3.3912770e-03
   1.3895900e-03
   2.1433860e-03
   1.0379610e-03
   8.0100430e-04
   1.3191860e-03
   2.1489120e-03
   2.2928360e-03
   1.0703540e-03
   2.5293700e-03
   7.2524150e-03
   6.2957180e-03
   2.7322720e-04
   5.4557420e-05
   3.7316100e-03
   3.4384580e-03
   1.2457380e-03
   1.2078880e-03
   1.7238600e-03
   2.2512020e-03
   5.1258290e-03
   4.5293650e-03
  -3.7349510e-03
  -6.8887810e-03
   2.8621850e-04
   4.3983380e-03
   3.1534510e-03
   4.7216160e-03
   4.6143640e-03
   2.5691150e-03
   9.6744920e-03
   1.4687650e-02
   8.7370750e-04
  -1.3620910e-02
  -8.2879910e-03
   5.1064550e-03
   7.7711360e-03
   4.7261930e-04
  -5.3281030e-03
  -5.6188180e-03
  -1.4822630e-03
   3.2294760e-03
  -1.0813290e-03
  -1.0551020e-02
  -6.7892480e-03
   7.8174840e-03
   1.3194360e-02
   1.0145410e-02
   9.0786920e-03
   2.4509390e-04
  -1.3705430e-02
  -1.0362170e-02
  -2.7521200e-03
  -1.0953240e-02
  -1.2684960e-02
  -4.9754330e-04
   3.7399730e-03
   4.7558580e-03
   1.3476110e-02
   1.6395030e-02
   1.1829800e-02
   1.1144310e-02
   6.3146870e-03
  -6.5964530e-03
  -1.3054370e-02
  -1.1970280e-02
  -8.3979140e-03
  -1.2873100e-04
   6.1473410e-03
   7.3374140e-03
   9.6980180e-03
   9.7845440e-03
   2.8612300e-03
  -3.5233670e-03
  -3.6378680e-03
  -6.1093220e-03
  -1.2498080e-02
  -7.5268170e-03
   9.9179830e-03
   2.3198930e-02
   2.1007330e-02
   1.0661590e-02
   1.1148100e-02
   1.3656100e-02
  -2.0652070e-03
  -1.6522450e-02
  -1.2174580e-02
  -1.0718760e-02
  -1.9379640e-02
  -1.5603800e-02
  -6.7426430e-03
  -1.1940520e-02
  -2.4560360e-03
   3.0202390e-02
   4.0653410e-02
   2.4646090e-02
   1.5811730e-02
   1.4414290e-02
   6.8967580e-03
  -2.2133160e-03
  -5.8419170e-03
  -6.6141620e-03
  -1.0702970e-02
  -2.0691020e-02
  -3.0304850e-02
  -2.6533850e-02
  -4.0304140e-03
   2.5106480e-02
   3.6462130e-02
   1.9996440e-02
   1.5292020e-03
   3.0393130e-03
   3.3751680e-03
  -1.1938760e-02
  -1.3116060e-02
   5.8517510e-03
   6.5299980e-03
  -7.4902360e-03
  -6.1047010e-03
  -6.8832690e-03
  -1.8141830e-02
  -8.9465330e-03
   1.4473170e-02
   1.2660480e-02
  -9.2126480e-03
  -1.4242950e-02
  -4.1963330e-04
   1.9634840e-02
   3.7050940e-02
   2.2413970e-02
  -1.6150080e-02
  -2.3063170e-02
   2.2432680e-03
   1.3347910e-02
   5.1580730e-03
   1.8035210e-03
   6.1883930e-03
   1.1273460e-02
   1.5580780e-02
   4.9541570e-03
  -2.3623380e-02
  -3.2016170e-02
  -5.2668930e-03
   1.4244780e-02
   8.6079040e-03
  -5.0778920e-06
  -1.1413650e-02
  -1.7693500e-02
   1.4024660e-02
   6.2129430e-02
   6.5850130e-02
   2.7019190e-02
  -3.2999140e-03
  -1.1340150e-02
  -1.4818240e-02
  -1.7520100e-02
  -2.1257350e-02
  -2.6137760e-02
  -2.5218630e-02
  -2.3190960e-02
  -1.7396730e-02
   1.8939540e-03
   2.3015970e-02
   3.3592540e-02
   3.0060060e-02
   8.5996960e-03
  -1.8569920e-02
  -3.3619800e-02
  -3.6080240e-02
  -2.9382760e-02
  -8.3191990e-03
   1.8485860e-02
   2.4008850e-02
   1.1041470e-02
   1.1598430e-02
   2.5049430e-02
   2.7560070e-02
   1.9214310e-02
   8.7046690e-03
  -4.6296010e-03
  -1.0055870e-02
   1.6505380e-04
   4.1872030e-03
   9.6048710e-04
   1.6600240e-02
   2.8599950e-02
   1.2690690e-02
  -1.5938840e-04
  -5.2844620e-03
  -1.4464570e-02
  -2.5934020e-03
   2.1242810e-02
   1.9992430e-02
   3.5362140e-03
  -7.7078560e-03
  -1.3810610e-02
  -1.0394190e-02
  -1.9207090e-03
   2.0422870e-03
   1.3186260e-02
   3.0059450e-02
   2.7451070e-02
   8.3822610e-03
  -7.4761150e-03
  -1.6581860e-02
  -1.0264880e-02
   1.1272340e-02
   2.2642540e-02
   1.5608440e-02
   5.5996220e-03
  -2.5659970e-03
  -1.3101700e-02
  -2.2823000e-02
  -2.5014010e-02
  -1.4065160e-02
   7.2264670e-03
   2.0438660e-02
   1.6624890e-02
   8.5628480e-03
   3.9200830e-03
   1.5332940e-03
   3.4506680e-03
   1.2545920e-02
   2.2464220e-02
   1.5553400e-02
  -6.2332100e-03
  -1.6809120e-02
  -1.0896950e-02
  -1.3095020e-03
   1.1571980e-02
   1.8341810e-02
   1.2561500e-03
  -1.6514320e-02
  -4.5581600e-03
   1.3762130e-02
   1.9089050e-02
   2.7234970e-02
   2.9752800e-02
   1.2437270e-02
  -2.9581460e-03
  -3.2282570e-03
  -6.2171180e-03
  -1.2978700e-02
  -1.6558060e-03
   1.4669160e-02
   2.4300350e-03
  -2.4637170e-02
  -3.5315490e-02
  -2.9272470e-02
  -1.5544450e-02
   1.9429730e-03
   1.7820260e-02
   2.1420370e-02
   1.3819440e-02
   1.3610320e-02
   2.7419020e-02
   4.7453850e-02
   5.4665740e-02
   3.2997890e-02
   8.0464690e-03
   6.7890360e-03
  -1.8074980e-03
  -4.5169260e-02
  -7.9026090e-02
  -6.3370150e-02
  -2.9176320e-02
  -3.2383260e-03
   2.9751760e-02
   5.9739460e-02
   5.5559970e-02
   3.0465090e-02
   1.0379970e-02
  -6.9147330e-03
  -1.3479650e-02
  -5.0259400e-03
  -2.9571830e-03
   1.6798100e-03
   2.1446540e-02
   3.3986020e-03
  -6.8481370e-02
  -1.0113520e-01
  -6.1369160e-02
  -3.4664760e-02
  -3.2448480e-02
   4.0523170e-03
   3.7623010e-02
   2.9305010e-02
   3.2165450e-02
   5.0071060e-02
   2.5949260e-02
  -2.3686440e-02
  -3.7075670e-02
  -2.0176930e-02
  -1.3153470e-02
  -1.1797710e-02
  -3.7338900e-03
   6.1562430e-03
   2.3100240e-02
   4.1268010e-02
   3.9584220e-02
   2.6378230e-02
   3.1336300e-02
   4.8199120e-02
   4.2194570e-02
   1.4426200e-02
  -8.0674150e-03
  -2.2660020e-02
  -3.1449910e-02
  -2.5488510e-02
  -1.4060780e-02
  -1.1574810e-02
  -1.1856100e-02
  -7.4864610e-03
   3.3567500e-04
   1.3721500e-02
   3.2617870e-02
   4.4743830e-02
   4.0923120e-02
   2.6861080e-02
   1.0113720e-02
  -2.5096900e-03
  -1.2844830e-02
  -3.1889800e-02
  -4.0168180e-02
  -1.3526900e-02
   9.9811070e-03
  -6.0491460e-03
  -1.6244810e-02
   1.6347620e-02
   3.6773410e-02
   6.8011350e-03
  -2.1179750e-02
  -2.0520800e-02
  -2.6957050e-02
  -3.6649170e-02
  -1.8685680e-02
   8.4474580e-03
   1.7390860e-02
   1.5550680e-02
   3.2306530e-03
  -1.6301110e-02
  -1.4220730e-02
   3.4543790e-03
   6.0003210e-05
  -2.0261250e-02
  -2.2508500e-02
  -5.8900160e-04
   1.8726900e-02
   2.6173810e-02
   3.1200720e-02
   2.3369580e-02
  -6.0707760e-03
  -3.0784210e-02
  -2.7278740e-02
  -1.8232050e-02
  -1.6098100e-02
   8.9432790e-03
   3.9840990e-02
   2.9146380e-02
  -2.7468890e-03
  -1.6091020e-02
  -1.8536690e-02
  -3.1700690e-02
  -4.4597550e-02
  -2.5034480e-02
   1.6706260e-02
   3.7016210e-02
   2.8339920e-02
   1.7521470e-02
   2.5681550e-02
   3.4531430e-02
   8.0757710e-03
  -4.5714360e-02
  -1.0069130e-01
  -1.3756250e-01
  -1.2322960e-01
  -4.7908580e-02
   5.1486700e-02
   1.1440820e-01
   1.0655280e-01
   6.7270580e-02
   3.6922480e-02
  -8.3394370e-03
  -6.3523080e-02
  -8.0359130e-02
  -7.1287220e-02
  -6.9094770e-02
  -6.1006640e-02
  -3.1518280e-02
   1.9195010e-02
   5.7302970e-02
   5.1145440e-02
   2.8928140e-02
   2.8955770e-04
  -4.3795100e-02
  -6.6801930e-02
  -5.3835660e-02
  -2.9442450e-02
  -2.1507010e-02
  -3.3185200e-02
  -1.6071390e-02
   3.0337530e-02
   5.2017170e-02
   6.2826070e-02
   7.6685630e-02
   5.6003060e-02
  -4.4672210e-03
  -7.1406020e-02
  -9.2789690e-02
  -4.8825160e-02
   1.3584030e-02
   5.2884510e-02
   5.1110080e-02
   1.7214350e-02
   8.9260540e-03
   3.4476650e-02
   3.2508310e-02
   1.2808820e-02
   3.7248690e-02
   7.5872810e-02
   6.2882570e-02
   1.8444000e-02
  -2.5419780e-02
  -7.8535970e-02
  -1.1678590e-01
  -1.0490400e-01
  -5.5414430e-02
  -3.9178480e-03
   2.9007690e-02
   5.5138260e-02
   7.5571090e-02
   7.4582900e-02
   6.3184360e-02
   4.3498400e-02
   1.7873580e-02
   1.3669460e-02
   1.4870160e-02
  -7.3679180e-03
  -3.1714750e-02
  -5.3445240e-02
  -8.3265030e-02
  -8.6223170e-02
  -4.7527780e-02
  -1.3550280e-02
  -1.6981290e-02
  -2.8725880e-02
   7.8918510e-03
   8.2439770e-02
   1.0699170e-01
   5.3241630e-02
   9.5180640e-03
   4.0663620e-02
   8.1525090e-02
   6.2219610e-02
   3.1076440e-03
  -6.8589100e-02
  -1.1936350e-01
  -1.2641880e-01
  -1.3531560e-01
  -1.4838600e-01
  -1.0997960e-01
  -1.0987700e-02
   1.0908170e-01
   1.7253560e-01
   1.3142570e-01
   4.1236310e-02
  -1.4850340e-02
  -2.9984750e-02
  -5.6279070e-02
  -1.0066430e-01
  -1.3505140e-01
  -1.5835550e-01
  -1.6467180e-01
  -1.4929730e-01
  -1.1406540e-01
  -7.2880120e-02
  -6.3083610e-02
  -6.4001590e-02
  -5.8759320e-02
  -9.8213390e-02
  -1.3594270e-01
  -8.8723930e-02
  -2.5147420e-02
  -1.3880480e-02
  -9.5290090e-04
   2.9362270e-02
   1.8547690e-02
  -2.3573840e-02
  -2.7982310e-02
   6.4992310e-03
   1.1520880e-02
  -3.7622400e-02
  -1.0405860e-01
  -1.7910380e-01
  -2.5889290e-01
  -2.8878460e-01
  -2.3875230e-01
  -1.3398900e-01
  -2.9406140e-02
   2.3131940e-03
  -3.0984450e-02
  -4.1160570e-02
  -1.6456790e-02
   1.0105480e-02
   6.8237060e-02
   1.3449670e-01
   1.0607960e-01
  -2.4259530e-03
  -8.8162220e-02
  -1.5143880e-01
  -2.2224440e-01
  -2.5754070e-01
  -2.2359770e-01
  -1.2750400e-01
  -2.8174810e-02
   6.8499300e-03
   2.2245820e-02
   5.2331760e-02
   4.4899790e-02
   5.0535060e-02
   1.0620430e-01
   9.6689140e-02
   3.0977620e-02
   1.6792510e-02
   2.0273650e-02
   3.3838450e-02
   1.1087870e-01
   1.8257970e-01
   1.8277450e-01
   1.5388160e-01
   1.3441370e-01
   1.1434710e-01
   7.6707140e-02
   4.2653460e-02
   6.3185820e-02
   1.5910340e-01
   2.8100040e-01
   3.6957500e-01
   4.6092060e-01
   5.8813730e-01
   6.4146800e-01
   5.3406840e-01
   3.6426800e-01
   2.4741300e-01
   1.4497510e-01
  -1.3962580e-02
  -1.9104190e-01
  -3.2778340e-01
  -4.2247070e-01
  -4.7800630e-01
  -5.0885800e-01
  -5.3366450e-01
  -4.9130700e-01
  -3.1567150e-01
  -7.2773380e-02
   1.5437890e-01
   3.6799480e-01
   5.2362600e-01
   5.4534660e-01
   4.5367910e-01
   3.0355140e-01
   1.3176460e-01
  -4.1889660e-02
  -2.4025370e-01
  -4.4573730e-01
  -5.6295420e-01
  -5.2926550e-01
  -3.8000820e-01
  -2.0645110e-01
  -3.8356960e-02
   1.6123950e-01
   3.5320320e-01
   4.4814300e-01
   4.3228350e-01
   3.5054990e-01
   2.4793380e-01
   1.3939190e-01
   1.0715510e-02
  -1.4098700e-01
  -2.8462420e-01
  -3.9532030e-01
  -4.7500440e-01
  -4.8468650e-01
  -3.9468400e-01
  -2.7026580e-01
  -1.4352980e-01
   2.2677630e-03
   1.2289080e-01
   1.9784990e-01
   2.4192680e-01
   2.1387980e-01
   1.1267360e-01
   2.8719470e-02
  -1.9174870e-03
  -3.6799190e-02
  -1.0121430e-01
  -1.7308990e-01
  -2.4421280e-01
  -2.8268400e-01
  -2.5872550e-01
  -2.0550800e-01
  -1.3727680e-01
  -1.8516120e-02
   1.4284380e-01
   2.8268700e-01
   3.6195170e-01
   3.9726070e-01
   3.9790360e-01
   3.2606760e-01
   1.8373960e-01
   5.6967490e-02
  -2.6890300e-02
  -1.2398630e-01
  -2.2517490e-01
  -2.8954710e-01
  -3.0005620e-01
  -2.2597190e-01
  -1.1021090e-01
  -2.6729170e-02
   6.8190090e-02
   2.2386550e-01
   3.7978990e-01
   4.6581690e-01
   4.8067090e-01
   4.4300330e-01
   3.4896280e-01
   2.0774150e-01
   4.1213970e-02
  -1.4029110e-01
  -3.1091080e-01
  -4.3555560e-01
  -4.8243540e-01
  -4.4068020e-01
  -3.5916640e-01
  -2.6184900e-01
  -1.1955060e-01
   2.9475050e-02
   1.4175140e-01
   2.4907780e-01
   3.3567610e-01
   3.4204430e-01
   2.6354610e-01
   1.2063620e-01
  -4.5715400e-02
  -1.6915470e-01
  -2.2146320e-01
  -1.9991860e-01
  -9.0430830e-02
   7.3456250e-02
   1.8631590e-01
   1.7960870e-01
   9.9559630e-02
  -1.2045150e-02
  -2.0962220e-01
  -4.7982770e-01
  -6.7964710e-01
  -7.2424160e-01
  -6.1886790e-01
  -4.0831350e-01
  -1.8498640e-01
   4.4171300e-02
   3.2315410e-01
   5.4266380e-01
   6.0637260e-01
   5.9181450e-01
   5.2215650e-01
   3.5486790e-01
   1.7968600e-01
   5.2233210e-02
  -1.3219510e-01
  -3.8047180e-01
  -5.5269390e-01
  -5.7845200e-01
  -4.7452310e-01
  -2.9634090e-01
  -1.3316250e-01
   1.4392390e-02
   2.1500790e-01
   4.0663850e-01
   4.8296270e-01
   4.9985400e-01
   5.4463740e-01
   5.5778470e-01
   4.5109170e-01
   2.6610410e-01
   1.1154110e-01
   1.4258650e-02
  -9.9487420e-02
  -2.6315770e-01
  -3.9794530e-01
  -4.5313600e-01
  -4.5848260e-01
  -4.1750010e-01
  -3.1247320e-01
  -1.4578250e-01
   6.1881550e-02
   2.6989520e-01
   4.4651360e-01
   5.4489720e-01
   5.1882170e-01
   4.0645000e-01
   2.5751980e-01
   7.2865780e-02
  -1.4580640e-01
  -4.0440340e-01
  -6.5302150e-01
  -7.5145120e-01
  -6.5479750e-01
  -4.9218730e-01
  -3.8800740e-01
  -3.1995820e-01
  -1.8583250e-01
   2.2502180e-02
   1.9648240e-01
   2.9054750e-01
   3.6237000e-01
   4.1669060e-01
   3.7709640e-01
   2.0397510e-01
  -1.8737300e-02
  -1.6070560e-01
  -2.3232930e-01
  -3.1235300e-01
  -3.3036910e-01
  -2.0208180e-01
  -3.0325400e-02
   5.6061020e-02
   9.0314600e-02
   1.6902010e-01
   2.7021610e-01
   3.1036490e-01
   3.1445350e-01
   3.3078880e-01
   3.0935940e-01
   2.0237310e-01
   2.8479980e-02
  -1.3881550e-01
  -2.2102630e-01
  -2.6991390e-01
  -3.7161810e-01
  -4.2720490e-01
  -3.0934590e-01
  -8.2420560e-02
   1.2518400e-01
   2.8347840e-01
   3.9691110e-01
   4.0757490e-01
   2.8725940e-01
   1.1904780e-01
  -2.3455050e-02
  -1.5715720e-01
  -3.1227300e-01
  -4.1760810e-01
  -3.2860470e-01
  -4.7889500e-02
   2.3262170e-01
   3.8750950e-01
   4.8069220e-01
   5.8336960e-01
   6.2598470e-01
   5.1700670e-01
   3.0432340e-01
   1.4182820e-01
   9.1841400e-02
   4.3487690e-02
  -7.2229680e-02
  -1.6215550e-01
  -1.3734830e-01
  -1.0904730e-02
   1.3419620e-01
   2.0515170e-01
   1.9018470e-01
   1.4690760e-01
   1.0157660e-01
   4.7821140e-02
   1.3052680e-03
  -1.3564050e-02
   1.2440940e-02
   6.4972070e-02
   9.6414740e-02
   7.4554880e-02
   2.3996340e-02
  -2.2479040e-02
  -6.3746820e-02
  -1.1129860e-01
  -1.5453430e-01
  -1.7303010e-01
  -1.7758660e-01
  -1.4964890e-01
  -2.6917770e-02
   1.5150930e-01
   2.6397360e-01
   2.7333440e-01
   2.2420150e-01
   1.7444840e-01
   1.5172960e-01
   1.1670200e-01
   6.7936370e-02
   4.9023170e-02
  -1.9165770e-03
  -1.0805990e-01
  -1.4615960e-01
  -1.0990110e-01
  -9.4379250e-02
  -6.5561880e-02
   3.7312830e-03
   1.3587050e-02
  -7.9541580e-02
  -1.9187650e-01
  -2.5014170e-01
  -2.5261330e-01
  -2.0330100e-01
  -1.1328000e-01
  -3.0979690e-02
   5.9167000e-02
   2.1063490e-01
   3.4530100e-01
   3.8835480e-01
   4.1964060e-01
   4.5078790e-01
   3.7871750e-01
   2.4019050e-01
   1.4625120e-01
   5.0341960e-02
  -1.0771210e-01
  -2.4279910e-01
  -3.1535560e-01
  -4.0552170e-01
  -5.4007460e-01
  -6.3738200e-01
  -5.7827230e-01
  -3.5751340e-01
  -1.6438600e-01
  -1.1562670e-01
  -8.9035620e-02
  -1.2811490e-03
   7.4153240e-02
   9.5771870e-02
   1.1152080e-01
   2.0384900e-01
   3.7583960e-01
   4.8402020e-01
   4.4218990e-01
   3.2632570e-01
   1.8881000e-01
   2.6384620e-02
  -1.1140060e-01
  -1.6778570e-01
  -1.3222400e-01
  -2.6620100e-02
   6.2058950e-02
   3.7189040e-02
  -7.5250940e-02
  -1.6613630e-01
  -1.6985900e-01
  -8.5250070e-02
   5.3878910e-02
   1.9912630e-01
   3.0147330e-01
   3.1775170e-01
   2.4228910e-01
   1.4632720e-01
   1.0568160e-01
   7.8879980e-02
   8.8416460e-03
  -2.9037670e-02
   1.6832970e-02
   5.6348090e-02
   2.6502970e-02
  -3.3174860e-02
  -7.6545300e-02
  -8.6080340e-02
  -6.7071920e-02
  -5.7011250e-02
  -8.4156650e-02
  -1.2288310e-01
  -1.5585340e-01
  -2.1359970e-01
  -2.7879340e-01
  -2.8172210e-01
  -2.3637150e-01
  -2.2039560e-01
  -2.2705720e-01
  -1.8870650e-01
  -1.0207120e-01
  -1.1467660e-02
   7.5736660e-02
   1.8160100e-01
   2.9733270e-01
   3.5800260e-01
   2.9783290e-01
   1.2756230e-01
  -8.7753620e-02
  -2.9528010e-01
  -4.5394550e-01
  -5.1468220e-01
  -4.4797030e-01
  -2.8092900e-01
  -5.9091410e-02
   2.0554520e-01
   4.7094610e-01
   6.2447330e-01
   5.9836790e-01
   4.4179490e-01
   2.2955840e-01
   4.7313350e-03
  -1.7515720e-01
  -2.7656250e-01
  -3.3170980e-01
  -3.2621640e-01
  -1.9571090e-01
   1.3881850e-02
   1.6634670e-01
   2.0025800e-01
   1.6185410e-01
   1.4034610e-01
   1.8467910e-01
   2.3885860e-01
   2.3901770e-01
   2.1299780e-01
   1.6680170e-01
   4.0597260e-02
  -1.4972670e-01
  -3.2598290e-01
  -4.8077930e-01
  -6.0391300e-01
  -5.9909700e-01
  -4.2480010e-01
  -1.4987960e-01
   1.3667010e-01
   3.4184880e-01
   3.9116280e-01
   2.9599210e-01
   1.6315230e-01
   8.1620130e-02
   2.2676980e-02
  -4.1060270e-02
  -6.4412730e-02
  -3.7155690e-02
   1.4237320e-02
   7.0287590e-02
   1.0888490e-01
   1.0654490e-01
   3.4503110e-02
  -9.5556280e-02
  -2.0287360e-01
  -2.2732420e-01
  -2.0079760e-01
  -1.9476620e-01
  -2.0421510e-01
  -1.3188670e-01
   4.4087600e-02
   2.1145570e-01
   3.1681990e-01
   4.0446130e-01
   4.5660930e-01
   4.0382050e-01
   2.4434750e-01
   6.9436550e-02
  -3.8325520e-02
  -1.2600300e-01
  -2.7779230e-01
  -4.4895620e-01
  -5.1347560e-01
  -4.2185300e-01
  -2.5927550e-01
  -1.1785250e-01
   1.6102900e-02
   1.5336780e-01
   2.3904780e-01
   2.4550350e-01
   1.9321340e-01
   1.1908320e-01
   3.4550050e-02
  -9.5416800e-02
  -2.5343820e-01
  -3.4311580e-01
  -3.2069060e-01
  -2.4353520e-01
  -1.8267200e-01
  -1.4441510e-01
  -1.1050220e-01
  -1.1147490e-01
  -1.6437530e-01
  -2.2064150e-01
  -2.4196210e-01
  -2.1177620e-01
  -1.0758640e-01
   4.4650640e-02
   1.6758370e-01
   2.1060150e-01
   1.7634010e-01
   8.8510760e-02
  -1.1478230e-02
  -7.2178840e-02
  -9.2270100e-02
  -1.0373450e-01
  -1.0754550e-01
  -9.7774350e-02
  -7.2478540e-02
  -3.7522100e-02
  -3.3158100e-02
  -5.8556440e-02
  -5.7471240e-02
  -3.7141120e-02
  -3.8696460e-02
  -4.7343090e-02
  -5.4296590e-02
  -7.7076660e-02
  -9.8948690e-02
  -9.4539200e-02
  -7.9096460e-02
  -9.2523560e-02
  -1.3615820e-01
  -1.4580810e-01
  -9.0012490e-02
  -3.4414470e-02
  -2.0700160e-02
   3.5340030e-03
   5.8882160e-02
   8.2763720e-02
   4.5916680e-02
  -6.4670990e-03
  -2.4887940e-02
  -1.1961150e-02
  -1.9525130e-02
  -5.1232940e-02
  -4.8070650e-02
  -2.8015300e-02
  -4.6802710e-02
  -7.3250350e-02
  -9.2253940e-02
  -1.4117600e-01
  -1.8653370e-01
  -1.6812250e-01
  -8.8135540e-02
   2.5762800e-02
   1.2700370e-01
   1.6765520e-01
   1.5732730e-01
   1.1454050e-01
   2.7678590e-02
  -7.6683760e-02
  -1.5412340e-01
  -2.1861920e-01
  -2.7976810e-01
  -3.1137200e-01
  -3.3302780e-01
  -3.4849400e-01
  -2.9191230e-01
  -1.6830690e-01
  -4.8110170e-02
   6.3189410e-02
   1.6578340e-01
   2.0753420e-01
   1.8122840e-01
   1.5373140e-01
   1.6614810e-01
   1.6999310e-01
   1.0855510e-01
   2.4783460e-02
  -1.7450800e-02
  -4.1299180e-02
  -8.2121090e-02
  -1.3088120e-01
  -1.5838010e-01
  -1.2992470e-01
  -6.7227320e-02
  -2.3659200e-02
   1.9841250e-02
   8.7901320e-02
   1.3683800e-01
   1.5024530e-01
   1.6645790e-01
   1.8086370e-01
   1.3471070e-01
   2.9980800e-02
  -4.1970770e-02
  -5.3224010e-02
  -7.4748280e-02
  -1.1758460e-01
  -1.4051530e-01
  -1.5744370e-01
  -1.8587280e-01
  -2.2326450e-01
  -2.6096660e-01
  -2.1970720e-01
  -4.5160510e-02
   1.3861500e-01
   1.9779410e-01
   1.8083610e-01
   1.6225270e-01
   1.2369590e-01
   6.4175610e-02
   1.4157480e-02
  -7.6638110e-03
   6.5539100e-03
   2.0573600e-02
   1.2486950e-02
   9.7546240e-03
  -5.0025540e-03
  -4.0932880e-02
  -4.5076790e-02
  -1.6540200e-02
   2.0156600e-02
   7.3024400e-02
   1.1533440e-01
   1.4186370e-01
   1.9210890e-01
   2.2981380e-01
   1.9310980e-01
   1.0217190e-01
   2.0444090e-02
   2.0512310e-03
   1.6892510e-02
  -4.1474520e-02
  -1.6684820e-01
  -2.4425060e-01
  -2.6153820e-01
  -2.7237550e-01
  -2.3486310e-01
  -9.2192400e-02
   9.6077110e-02
   2.3441440e-01
   3.1475440e-01
   3.6182460e-01
   3.5543540e-01
   2.8824140e-01
   1.8650250e-01
   8.3217550e-02
   1.9336100e-02
  -1.6177790e-02
  -6.7806150e-02
  -1.1337030e-01
  -1.0644240e-01
  -3.3171150e-02
   8.7425610e-02
   1.8927300e-01
   2.4444370e-01
   3.0214090e-01
   3.4927680e-01
   3.0222060e-01
   1.6734230e-01
   4.1833070e-02
  -3.5645700e-02
  -1.0491520e-01
  -1.5983680e-01
  -1.4572590e-01
  -8.2826070e-02
  -3.3481360e-02
   1.3008770e-02
   8.7221230e-02
   1.5897960e-01
   1.9736670e-01
   2.1116820e-01
   1.9231560e-01
   1.2865650e-01
   6.1952770e-02
   3.2113400e-02
   2.6066640e-02
   3.2331390e-02
   5.2646280e-02
   6.4287400e-02
   5.0661290e-02
   3.5909590e-02
   4.1659110e-02
   5.5877800e-02
   6.9387110e-02
   8.8514820e-02
   1.1110310e-01
   1.2930300e-01
   1.3518080e-01
   1.2484110e-01
   1.0940780e-01
   1.0274990e-01
   1.0819860e-01
   1.1880010e-01
   1.2493290e-01
   1.1860300e-01
   9.1682580e-02
   6.1743440e-02
   5.2738280e-02
   3.4913950e-02
  -1.8940250e-02
  -6.7399850e-02
  -7.0817430e-02
  -5.5371880e-02
  -6.6421930e-02
  -9.6760480e-02
  -1.0322830e-01
  -7.5746190e-02
  -4.0962340e-02
  -1.2933470e-02
   2.8550230e-02
   1.0132990e-01
   1.8592830e-01
   2.5519110e-01
   2.9386900e-01
   2.7675350e-01
   2.0857630e-01
   1.7088290e-01
   2.1211690e-01
   2.4695920e-01
   1.9761700e-01
   1.0855650e-01
   3.5576720e-02
  -1.8296060e-02
  -6.7411930e-02
  -1.2490200e-01
  -1.6283620e-01
  -1.3559910e-01
  -5.7521110e-02
   2.2536570e-02
   8.4296550e-02
   1.3379880e-01
   1.7783850e-01
   2.1375090e-01
   2.3370520e-01
   2.3183500e-01
   2.0455790e-01
   1.4016020e-01
   3.6235900e-02
  -5.1802600e-02
  -7.3737900e-02
  -8.3029850e-02
  -1.2806090e-01
  -1.7300890e-01
  -2.0902420e-01
  -2.3712720e-01
  -2.1102200e-01
  -1.2751720e-01
  -3.0439540e-02
   5.9139630e-02
   1.3418360e-01
   1.7448340e-01
   1.5205710e-01
   8.6097480e-02
   4.4309120e-02
   4.6382380e-02
   5.8736700e-02
   6.4856700e-02
   5.7691880e-02
   3.2808450e-02
   9.7949080e-03
  -1.5812510e-02
  -8.3120480e-02
  -1.7594110e-01
  -2.4252470e-01
  -2.9100900e-01
  -3.4057310e-01
  -3.5877030e-01
  -3.0157520e-01
  -1.4417080e-01
   8.4940080e-02
   2.9518530e-01
   4.2461540e-01
   4.7593800e-01
   4.6498050e-01
   4.0814960e-01
   3.0158350e-01
   1.4685380e-01
   1.3618590e-02
  -7.1461540e-02
  -1.7500710e-01
  -3.0673800e-01
  -4.2134160e-01
  -4.9686110e-01
  -5.0697610e-01
  -4.4310430e-01
  -3.3310540e-01
  -1.9586870e-01
  -3.9644260e-02
   1.1812530e-01
   2.5704750e-01
   3.6339880e-01
   4.2417240e-01
   4.0927650e-01
   2.9616960e-01
   1.3317170e-01
  -3.2592770e-03
  -1.2517130e-01
  -2.8995060e-01
  -4.7172360e-01
  -5.8491700e-01
  -5.8456970e-01
  -4.8856850e-01
  -3.5079990e-01
  -2.1691780e-01
  -6.8110550e-02
   1.2765080e-01
   3.0495590e-01
   3.7807920e-01
   3.5500500e-01
   2.7261110e-01
   1.6359180e-01
   6.9344650e-02
  -1.2162070e-02
  -9.8001020e-02
  -1.6017690e-01
  -1.6713340e-01
  -1.2391540e-01
  -5.9259190e-02
  -4.7630830e-03
   2.9553110e-02
   5.3367090e-02
   5.3885410e-02
  -2.2807210e-03
  -1.0419630e-01
  -1.9809260e-01
  -2.5474860e-01
  -2.7255110e-01
  -2.4509580e-01
  -1.6441830e-01
  -5.1044920e-02
   4.4359270e-02
   1.1202960e-01
   1.7684050e-01
   2.0161010e-01
   1.4826970e-01
   7.9902550e-02
   5.9965180e-02
   5.9387680e-02
   3.5241240e-02
  -2.1752370e-02
  -1.0900270e-01
  -1.7748390e-01
  -1.6911820e-01
  -1.1430420e-01
  -6.0388360e-02
   1.3205580e-02
   1.1453480e-01
   1.7754730e-01
   1.2808440e-01
  -3.2808830e-03
  -9.9373340e-02
  -1.2937820e-01
  -1.6086890e-01
  -1.9488830e-01
  -1.8255800e-01
  -1.4944970e-01
  -1.4964780e-01
  -1.6648500e-01
  -1.4386530e-01
  -8.6944720e-02
  -5.5194590e-02
  -4.9948150e-02
  -2.0562470e-02
   3.4622700e-02
   7.9781830e-02
   9.7211320e-02
   9.1006500e-02
   7.9438560e-02
   6.5140750e-02
   3.3028860e-02
  -7.9397820e-03
  -4.2286070e-02
  -6.2944390e-02
  -3.7731220e-02
   4.6872220e-02
   1.3047860e-01
   1.3739280e-01
   4.5899860e-02
  -1.0773130e-01
  -2.5191330e-01
  -3.3282660e-01
  -3.4279190e-01
  -2.6478760e-01
  -9.3000580e-02
   7.7740590e-02
   1.5959400e-01
   1.8871640e-01
   1.9286520e-01
   1.3820010e-01
   4.3151190e-02
  -4.1732540e-02
  -1.0442310e-01
  -1.4668320e-01
  -1.6342880e-01
  -1.5491490e-01
  -1.4400810e-01
  -1.5606270e-01
  -1.7016890e-01
  -1.4883330e-01
  -1.0098780e-01
  -5.8116440e-02
  -1.9867860e-02
   3.0766790e-02
   7.1308230e-02
   5.9998990e-02
   1.8627050e-02
   4.7441720e-03
   1.4413180e-02
   1.6567560e-02
   1.9447100e-02
   2.0636100e-02
  -2.7059810e-03
  -3.4826370e-02
  -5.1906480e-02
  -5.4196170e-02
  -3.0849180e-02
   9.9534840e-03
   1.9109720e-02
  -1.0005220e-02
  -2.6924560e-02
  -1.2495040e-02
   6.9775320e-05
  -1.4308940e-02
  -3.7278010e-02
  -4.7121270e-02
  -5.7272390e-02
  -7.1441750e-02
  -6.0865600e-02
  -2.5045820e-02
  -1.4923180e-03
  -1.0593060e-02
  -2.9830590e-02
  -1.4172130e-02
   3.7997700e-02
   7.6576430e-02
   8.4736000e-02
   7.9165280e-02
   5.4290720e-02
   1.7889160e-02
   2.4560540e-03
  -5.2096900e-03
  -4.7807600e-02
  -1.1221360e-01
  -1.4445590e-01
  -1.0684870e-01
   2.2347250e-04
   1.1877130e-01
   1.9392680e-01
   2.4288040e-01
   2.6823520e-01
   2.1568120e-01
   1.0027330e-01
   1.7874780e-02
  -6.9680020e-03
  -2.5556520e-02
  -3.4080900e-02
  -5.9802130e-03
   1.0777190e-02
  -2.6650390e-02
  -8.1124670e-02
  -1.0798610e-01
  -8.9402430e-02
  -1.8974770e-02
   4.9769320e-02
   4.4140320e-02
  -1.0298460e-02
  -5.3352050e-02
  -7.3709600e-02
  -6.0353650e-02
  -1.6931270e-02
   3.2704030e-02
   9.3072770e-02
   1.5687780e-01
   1.9859870e-01
   2.2297030e-01
   2.3274730e-01
   2.1353140e-01
   1.6914360e-01
   1.1159370e-01
   5.1199060e-02
  -2.2645040e-03
  -6.0189380e-02
  -1.2572120e-01
  -1.5933710e-01
  -1.3928120e-01
  -1.0602770e-01
  -9.5560840e-02
  -7.3103890e-02
   1.0942140e-02
   1.2129990e-01
   1.8790490e-01
   2.1203290e-01
   2.0613350e-01
   1.4695980e-01
   5.8654050e-02
  -1.4222890e-02
  -8.2050810e-02
  -1.5695600e-01
  -2.1686520e-01
  -2.3232530e-01
  -1.9181490e-01
  -1.3418140e-01
  -1.0001600e-01
  -5.6862390e-02
   3.0421800e-02
   1.2604250e-01
   1.8786880e-01
   2.0879640e-01
   1.8987750e-01
   1.5328170e-01
   1.3296740e-01
   1.1944800e-01
   8.3886220e-02
   3.2457700e-02
  -1.7335730e-02
  -6.2871050e-02
  -1.0345030e-01
  -1.3413340e-01
  -1.3800670e-01
  -9.0347560e-02
   5.1242140e-04
   8.1691910e-02
   1.2068760e-01
   1.4280930e-01
   1.6004960e-01
   1.3127430e-01
   4.5467520e-02
  -3.3610550e-02
  -5.3106310e-02
  -3.2185690e-02
   5.6383340e-03
   6.8219790e-02
   1.3005790e-01
   1.5689970e-01
   1.5720790e-01
   1.2516340e-01
   6.7774120e-02
   4.3976120e-02
   3.4747730e-02
  -3.7654630e-02
  -1.3481370e-01
  -1.9031610e-01
  -2.3440410e-01
  -2.6140640e-01
  -2.1514120e-01
  -1.1906410e-01
  -9.2544500e-03
   1.2618420e-01
   2.4470560e-01
   2.7278350e-01
   2.2909360e-01
   1.9100030e-01
   1.7697960e-01
   1.4145200e-01
   7.5048880e-02
   2.1456660e-02
  -1.2093930e-02
  -4.3920270e-02
  -7.3350520e-02
  -1.2131300e-01
  -1.9592230e-01
  -2.5702470e-01
  -2.8099870e-01
  -2.6268220e-01
  -2.0314120e-01
  -1.3207310e-01
  -5.9483480e-02
   3.3587280e-02
   1.2850430e-01
   1.8955780e-01
   2.2726260e-01
   2.6731500e-01
   2.8897690e-01
   2.4044660e-01
   1.1416820e-01
  -2.5959370e-02
  -1.3074550e-01
  -2.1830050e-01
  -2.8925940e-01
  -3.0250960e-01
  -2.5684270e-01
  -1.8757790e-01
  -1.1963250e-01
  -6.4350240e-02
  -1.1924180e-02
   4.5306910e-02
   8.3332240e-02
   8.9628660e-02
   9.4819640e-02
   1.1739100e-01
   1.2059030e-01
   6.8897800e-02
  -1.9483370e-02
  -1.0218470e-01
  -1.4810230e-01
  -1.4700170e-01
  -1.0449900e-01
  -3.9713260e-02
   1.5503750e-02
   4.5914010e-02
   4.5883370e-02
   1.4997640e-04
  -6.2548120e-02
  -8.7899290e-02
  -8.7171360e-02
  -8.4413190e-02
  -4.9962330e-02
   1.0308990e-02
   3.6033160e-02
   1.0566980e-02
  -4.0753660e-02
  -9.3846290e-02
  -1.1719850e-01
  -9.8343270e-02
  -5.7411630e-02
  -7.4464280e-03
   4.3049850e-02
   7.4910070e-02
   8.2237050e-02
   7.6508760e-02
   6.5524920e-02
   5.2323910e-02
   4.4660790e-02
   4.1278350e-02
   2.7220730e-02
   2.4302090e-03
  -1.6516420e-02
  -1.5163660e-02
   1.6411890e-02
   6.9657820e-02
   1.1134390e-01
   1.0596900e-01
   4.7844760e-02
  -2.5875490e-02
  -8.0419700e-02
  -1.1652010e-01
  -1.2684720e-01
  -8.7871800e-02
  -1.4899270e-02
   4.7766140e-02
   8.2485120e-02
   9.6305860e-02
   9.2577160e-02
   7.1823150e-02
   5.0302350e-02
   4.5088550e-02
   4.0046200e-02
   2.4272330e-02
   2.4513330e-02
   5.0063100e-02
   8.0169330e-02
   9.9796820e-02
   1.0714830e-01
   1.1157520e-01
   1.0952450e-01
   9.3027030e-02
   8.4472380e-02
   8.7936150e-02
   7.7238070e-02
   6.0532730e-02
   4.6405790e-02
   1.7079220e-02
  -1.0048030e-02
  -1.0742840e-02
  -3.1797760e-03
  -1.0264280e-02
  -3.8768940e-02
  -6.7439210e-02
  -5.3182970e-02
   2.3513170e-03
   5.4516810e-02
   9.0673940e-02
   1.2430140e-01
   1.4211930e-01
   1.2585170e-01
   8.7065570e-02
   4.4990810e-02
   1.4908350e-02
   6.8351300e-04
  -1.5732730e-02
  -3.1281320e-02
  -2.0060650e-02
   1.7082610e-02
   6.9830880e-02
   1.2842960e-01
   1.7021940e-01
   1.9059680e-01
   1.8261090e-01
   1.1087950e-01
  -7.8165290e-03
  -9.8154000e-02
  -1.4827040e-01
  -1.9663830e-01
  -2.2372360e-01
  -1.9993900e-01
  -1.5229460e-01
  -1.1367730e-01
  -9.7658700e-02
  -9.5748170e-02
  -7.4644440e-02
  -2.7407850e-02
   1.9596120e-02
   6.0478200e-02
   9.9105940e-02
   1.1145570e-01
   8.4157940e-02
   4.4492000e-02
   1.2544520e-02
  -1.5466640e-02
  -4.1409120e-02
  -6.8209980e-02
  -9.0104410e-02
  -9.0583890e-02
  -8.6066770e-02
  -1.1023810e-01
  -1.5446860e-01
  -1.9285650e-01
  -2.1741260e-01
  -2.0638830e-01
  -1.3943740e-01
  -4.8933410e-02
   1.6772640e-02
   4.9899660e-02
   5.9665210e-02
   3.9934150e-02
  -1.2161920e-02
  -7.5322630e-02
  -1.2462870e-01
  -1.6169360e-01
  -1.9155150e-01
  -1.9259170e-01
  -1.5752150e-01
  -1.1680010e-01
  -8.9265320e-02
  -6.2672350e-02
  -2.5931800e-02
   1.6254370e-02
   5.6123920e-02
   8.8433200e-02
   1.0814760e-01
   1.1238600e-01
   9.5852810e-02
   5.5409090e-02
  -5.9316400e-04
  -6.9623630e-02
  -1.5372290e-01
  -2.2408580e-01
  -2.3493790e-01
  -1.7618600e-01
  -7.4999350e-02
   3.3852000e-02
   1.2513040e-01
   1.9441280e-01
   2.3712500e-01
   2.2163300e-01
   1.2936170e-01
   5.4104750e-03
  -8.8987320e-02
  -1.5806140e-01
  -2.2255920e-01
  -2.3289040e-01
  -1.4923610e-01
  -2.8248940e-02
   6.1520860e-02
   1.2009820e-01
   1.7371620e-01
   2.1615940e-01
   2.2529420e-01
   2.0466810e-01
   1.7369110e-01
   1.3803720e-01
   8.6925630e-02
   2.3062950e-02
  -2.1267020e-02
  -2.6200760e-02
  -4.0318190e-04
   5.2728930e-02
   1.2088560e-01
   1.6498160e-01
   1.5939880e-01
   1.0469050e-01
   1.5580150e-02
  -6.9930950e-02
  -1.2044670e-01
  -1.3475440e-01
  -1.0014480e-01
  -1.0151830e-02
   7.6733710e-02
   1.0911420e-01
   1.2085710e-01
   1.4182150e-01
   1.4722070e-01
   1.4305790e-01
   1.5330860e-01
   1.4746910e-01
   1.0188150e-01
   4.8406450e-02
   8.6985000e-03
  -2.5234490e-02
  -5.2617250e-02
  -6.6258620e-02
  -6.4916210e-02
  -5.4827520e-02
  -5.0482190e-02
  -5.2766690e-02
  -4.5839430e-02
  -2.7313370e-02
  -5.1730030e-03
   2.1553360e-02
   4.8132650e-02
   5.5686400e-02
   3.9786910e-02
   2.3252570e-02
   2.0096600e-02
   1.6033970e-02
   1.9774190e-03
  -9.3255080e-03
  -7.5407070e-03
   2.7954000e-03
   1.1025710e-02
   1.0616120e-02
   2.1304190e-03
  -1.4079680e-02
  -3.5355570e-02
  -4.9166110e-02
  -4.6263740e-02
  -3.0661030e-02
  -1.0216000e-02
   1.1470150e-02
   3.0051200e-02
   3.0738440e-02
   5.2978010e-03
  -2.4193400e-02
  -2.7587710e-02
  -4.0714020e-03
   1.2545170e-02
  -8.4805960e-03
  -4.7968890e-02
  -6.9129900e-02
  -7.2917770e-02
  -6.1191040e-02
  -2.3661970e-02
   1.0466630e-02
   1.0724020e-02
  -4.0363060e-03
  -1.5347120e-02
  -1.9957680e-02
  -5.1985510e-03
   2.0055010e-02
   2.8571350e-02
   1.6534110e-02
  -1.1043410e-02
  -4.4148340e-02
  -5.7365920e-02
  -5.1442310e-02
  -4.7905910e-02
  -4.0361750e-02
  -1.5613930e-02
   1.2218730e-02
   1.2752400e-02
  -2.6936150e-02
  -7.8129450e-02
  -1.0505880e-01
  -1.0649720e-01
  -9.5138780e-02
  -6.9784090e-02
  -2.6066060e-02
   2.4447220e-02
   6.0501420e-02
   6.7609820e-02
   3.9002080e-02
  -1.4279370e-02
  -5.3950210e-02
  -5.7422720e-02
  -4.9980000e-02
  -5.1986450e-02
  -4.9046050e-02
  -3.8712740e-02
  -3.2857960e-02
  -2.6486950e-02
  -1.7781230e-02
  -1.8847630e-02
  -3.1389480e-02
  -4.3086010e-02
  -4.7540080e-02
  -5.6593020e-02
  -7.7537290e-02
  -9.2171940e-02
  -8.5316890e-02
  -6.2566760e-02
  -3.3830930e-02
  -1.0325130e-02
   2.5730420e-03
   7.7715290e-03
   2.3778790e-04
  -1.6977780e-02
  -2.4808040e-02
  -1.7242980e-02
   4.8580440e-03
   4.0524020e-02
   6.4629230e-02
   5.1765020e-02
   1.4652780e-02
  -1.8747300e-02
  -3.9689580e-02
  -5.3602110e-02
  -5.6901420e-02
  -4.0461930e-02
  -1.3633090e-02
   1.2763180e-02
   4.8001520e-02
   8.7575930e-02
   1.0784750e-01
   1.0171820e-01
   6.7821530e-02
   5.1973720e-03
  -6.3736840e-02
  -1.1789210e-01
  -1.4728560e-01
  -1.2459860e-01
  -4.3433850e-02
   4.8525730e-02
   1.1074900e-01
   1.4546600e-01
   1.6018310e-01
   1.4958820e-01
   1.1197090e-01
   5.2263450e-02
  -2.4557210e-02
  -1.0717160e-01
  -1.7446690e-01
  -2.0101900e-01
  -1.6803380e-01
  -8.4667550e-02
   1.1403050e-02
   8.9017660e-02
   1.4200500e-01
   1.6200810e-01
   1.3382100e-01
   8.2302610e-02
   5.6572560e-02
   5.3473970e-02
   3.6690840e-02
   6.4171400e-03
  -1.7000120e-02
  -3.0638470e-02
  -3.5309970e-02
  -2.1732340e-02
   1.6646900e-02
   6.5702850e-02
   9.6256120e-02
   9.7352530e-02
   8.2030350e-02
   5.5050910e-02
   1.4492290e-02
  -1.6864860e-02
  -6.4424370e-03
   4.1064870e-02
   8.4963400e-02
   1.0044460e-01
   9.8506120e-02
   8.9128730e-02
   6.6081520e-02
   3.7831370e-02
   3.0634150e-02
   5.3195250e-02
   8.5139660e-02
   9.8324460e-02
   8.1092560e-02
   4.3925640e-02
   1.2428660e-04
  -4.4936660e-02
  -7.6257690e-02
  -6.8486470e-02
  -2.4042320e-02
   1.7597100e-02
   3.6702210e-02
   5.8766680e-02
   9.5021310e-02
   1.1313370e-01
   9.3101530e-02
   6.1208570e-02
   4.4997030e-02
   3.0308230e-02
  -4.5773510e-03
  -4.4534890e-02
  -7.0823980e-02
  -8.9918670e-02
  -9.9142070e-02
  -8.4164890e-02
  -5.1478640e-02
  -2.5350740e-02
  -1.8615580e-02
  -1.7264410e-02
  -8.8071340e-03
  -1.6512770e-03
   2.9036450e-03
   7.8449310e-03
   4.8928800e-03
  -4.8157240e-03
  -1.6740230e-02
  -3.2755360e-02
  -4.4356020e-02
  -4.4038940e-02
  -3.2395910e-02
  -1.2562550e-02
  -4.0793370e-03
  -1.8137940e-02
  -3.3726970e-02
  -3.9227250e-02
  -4.0142470e-02
  -2.6040150e-02
   9.6390710e-03
   5.0127740e-02
   8.3779330e-02
   1.0727500e-01
   1.0374310e-01
   6.3345670e-02
   7.8005200e-03
  -4.3648820e-02
  -9.5157100e-02
  -1.3785460e-01
  -1.5378080e-01
  -1.5064800e-01
  -1.3429660e-01
  -9.4592090e-02
  -4.2996540e-02
   9.7552440e-04
   3.6035260e-02
   5.3268230e-02
   4.0027560e-02
   8.4953980e-03
  -2.2513470e-02
  -4.4763440e-02
  -4.6923330e-02
  -2.2513040e-02
   1.0600840e-02
   2.8007910e-02
   2.6652150e-02
   2.2281980e-02
   2.5959310e-02
   2.3710850e-02
  -5.3540190e-03
  -4.8566390e-02
  -7.0263670e-02
  -6.1688860e-02
  -4.5155450e-02
  -2.9267860e-02
  -2.2605650e-03
   2.8710770e-02
   4.3136540e-02
   4.4522580e-02
   4.8098710e-02
   5.2167820e-02
   4.6468780e-02
   3.0090540e-02
   1.2849690e-02
   5.6555810e-03
   1.3551000e-02
   3.5121450e-02
   5.7732230e-02
   5.7757180e-02
   2.0978680e-02
  -3.5058200e-02
  -7.0638950e-02
  -6.3095390e-02
  -2.2042290e-02
   3.0436280e-02
   7.1609290e-02
   8.6063570e-02
   7.1094980e-02
   3.3289620e-02
  -6.3984520e-03
  -3.0886460e-02
  -4.3709360e-02
  -4.3225640e-02
  -2.7983350e-02
  -1.4428790e-02
  -7.2598930e-03
   4.3711620e-03
   1.8483960e-02
   2.6732050e-02
   3.1732340e-02
   3.5588190e-02
   2.9500520e-02
   9.3867900e-03
  -1.9442060e-02
  -5.2487050e-02
  -8.0267940e-02
  -9.0679090e-02
  -8.0265890e-02
  -5.2921100e-02
  -1.8859850e-02
   1.5248260e-02
   4.5967810e-02
   5.1925370e-02
   1.2833530e-02
  -5.2622220e-02
  -1.0407740e-01
  -1.2383660e-01
  -1.1891150e-01
  -9.1950420e-02
  -4.9114290e-02
  -1.4897240e-02
   1.8617090e-03
   1.6511660e-02
   3.4622770e-02
   5.1518910e-02
   6.3111110e-02
   5.8905440e-02
   3.1356770e-02
  -9.2534490e-03
  -4.4873040e-02
  -6.6001850e-02
  -6.6772880e-02
  -3.9905350e-02
   7.7969840e-03
   5.4000350e-02
   8.2425880e-02
   9.0169750e-02
   7.8015570e-02
   4.8379380e-02
   1.3395990e-02
  -1.1857720e-02
  -2.5127880e-02
  -2.6285490e-02
  -1.0150800e-02
   1.6508110e-02
   4.4322590e-02
   7.4329010e-02
   9.8857080e-02
   1.0884950e-01
   1.1259480e-01
   1.0996700e-01
   8.4163020e-02
   3.3257420e-02
  -2.4924060e-02
  -7.2679760e-02
  -1.0322030e-01
  -1.1608080e-01
  -1.0593690e-01
  -7.2038210e-02
  -3.1154220e-02
   2.2334490e-03
   3.2380620e-02
   6.0618950e-02
   6.9209090e-02
   4.5155310e-02
   2.9029520e-03
  -3.2879220e-02
  -5.7273720e-02
  -7.8772140e-02
  -8.8412560e-02
  -6.7418000e-02
  -1.7315420e-02
   4.2041320e-02
   8.5765260e-02
   9.7924220e-02
   7.8014890e-02
   2.9152090e-02
  -2.9290830e-02
  -6.5108370e-02
  -7.5402320e-02
  -6.6281260e-02
  -2.2036280e-02
   4.8842200e-02
   1.0611060e-01
   1.3005070e-01
   1.2127300e-01
   8.0160770e-02
   2.0549880e-02
  -3.7376620e-02
  -8.6851830e-02
  -1.1750310e-01
  -1.1157780e-01
  -7.4574990e-02
  -3.1174960e-02
   6.9156420e-03
   3.6026400e-02
   4.4400240e-02
   3.2155430e-02
   1.5664550e-02
  -4.5087290e-03
  -3.5613000e-02
  -6.4003550e-02
  -7.4363200e-02
  -6.6279820e-02
  -4.2573760e-02
  -6.4445660e-03
   3.7804340e-02
   7.7845350e-02
   9.1502530e-02
   7.1532750e-02
   3.4609760e-02
  -2.5063120e-03
  -3.7206500e-02
  -6.8390300e-02
  -8.2244640e-02
  -6.9271370e-02
  -4.7449740e-02
  -4.0146280e-02
  -4.2981270e-02
  -4.1398050e-02
  -4.0760860e-02
  -4.4076810e-02
  -3.2620060e-02
  -3.8623480e-03
   1.9372810e-02
   2.9851400e-02
   3.7365200e-02
   4.2821730e-02
   3.6741300e-02
   1.0130660e-02
  -3.0156400e-02
  -6.2898520e-02
  -8.0865470e-02
  -8.9767050e-02
  -8.2297900e-02
  -5.1713200e-02
  -1.1791250e-02
   1.8996700e-02
   3.1441060e-02
   2.7655550e-02
   1.8414160e-02
   9.6845780e-03
   1.9782700e-03
   4.6692310e-04
   6.3067150e-03
   1.0364250e-02
   8.5665070e-03
   6.4915840e-03
   8.4977280e-03
   1.3814330e-02
   1.6073220e-02
   1.1934860e-02
   8.5145650e-03
   5.0740950e-03
  -7.6964480e-03
  -2.3692750e-02
  -3.1838620e-02
  -2.8407120e-02
  -7.4052480e-03
   2.4408950e-02
   4.6885280e-02
   5.5013060e-02
   5.4623190e-02
   5.0983910e-02
   5.3228930e-02
   6.2606960e-02
   7.0351700e-02
   7.2612980e-02
   6.7013190e-02
   4.9746360e-02
   2.6787250e-02
   8.1468560e-03
  -4.8387540e-03
  -1.2925060e-02
  -1.4095370e-02
  -9.9253890e-03
  -3.9794960e-03
   3.5154470e-03
   1.2661520e-02
   1.7652850e-02
   1.1342390e-02
  -1.4703190e-03
  -1.0502610e-02
  -1.6725250e-02
  -2.2542860e-02
  -2.1558010e-02
  -1.4049250e-02
  -9.8536040e-03
  -1.0922980e-02
  -1.0812290e-02
  -6.4319430e-03
   9.1462520e-04
   7.1196950e-03
   8.6346440e-03
   8.9781100e-03
   1.1547520e-02
   9.6290190e-03
  -3.9193380e-03
  -2.2743280e-02
  -3.1606840e-02
  -2.2795830e-02
  -3.4368350e-03
   1.4047530e-02
   2.4590070e-02
   2.7958210e-02
   2.4474260e-02
   2.1222530e-02
   2.2057930e-02
   1.8773180e-02
   1.0210750e-02
   2.3595360e-03
  -6.3675030e-03
  -1.5191350e-02
  -1.8723160e-02
  -1.5140990e-02
  -3.7069170e-03
   1.2371290e-02
   2.5936570e-02
   3.1672410e-02
   2.6144650e-02
   1.3279260e-02
   5.9872690e-03
   9.9958500e-03
   1.3487340e-02
   4.3309260e-03
  -1.1946250e-02
  -2.3340980e-02
  -2.4796280e-02
  -1.8245170e-02
  -1.2976280e-02
  -1.4542060e-02
  -1.4825440e-02
  -6.3259050e-03
   6.3135030e-03
   1.6976060e-02
   2.8964260e-02
   4.5862660e-02
   6.1570430e-02
   7.0902510e-02
   7.5216980e-02
   7.3079550e-02
   6.1370990e-02
   4.2591510e-02
   2.2968970e-02
   6.3238390e-03
  -8.8304840e-03
  -2.5171330e-02
  -3.9665260e-02
  -4.1061150e-02
  -1.8400480e-02
   2.0993060e-02
   5.5577990e-02
   7.6606800e-02
   8.5530690e-02
   7.6494470e-02
   4.8236940e-02
   8.5480300e-03
  -3.5954530e-02
  -7.2703590e-02
  -8.7534780e-02
  -7.8571450e-02
  -4.9899450e-02
  -1.2335130e-02
   1.5598090e-02
   2.8886220e-02
   3.4911370e-02
   3.2944550e-02
   2.4731840e-02
   2.0949290e-02
   1.9486840e-02
   1.3135810e-02
   8.6607320e-03
   6.4057300e-03
  -5.1739100e-03
  -2.0507730e-02
  -2.0303980e-02
  -6.7053410e-04
   2.3956360e-02
   3.8386400e-02
   3.7514960e-02
   2.2567680e-02
   1.2321450e-03
  -1.0252750e-02
  -8.3322770e-03
  -8.3608190e-03
  -1.6848170e-02
  -2.9237840e-02
  -4.5220580e-02
  -6.2330650e-02
  -7.1616930e-02
  -6.2976170e-02
  -3.2014420e-02
   9.8771640e-03
   3.9606610e-02
   4.1889080e-02
   1.8653550e-02
  -1.6639670e-02
  -4.6365300e-02
  -5.9952140e-02
  -6.0165450e-02
  -4.9926760e-02
  -2.8581710e-02
  -3.0852380e-03
   1.8801170e-02
   3.5386110e-02
   4.2054880e-02
   3.4036490e-02
   1.5889040e-02
  -4.4396770e-03
  -2.5418560e-02
  -4.6620190e-02
  -6.1179280e-02
  -6.5389040e-02
  -6.0103070e-02
  -4.0151750e-02
  -7.9501450e-03
   1.8885910e-02
   3.1482720e-02
   3.6251390e-02
   3.8624410e-02
   3.5896400e-02
   2.1237310e-02
  -5.0049870e-03
  -3.1125560e-02
  -4.5520970e-02
  -4.4578400e-02
  -3.1036690e-02
  -1.4156060e-02
  -6.0797930e-03
  -9.9202850e-03
  -2.0724290e-02
  -3.7192880e-02
  -5.6475380e-02
  -6.7304060e-02
  -5.9238530e-02
  -3.1382860e-02
   2.2361780e-03
   2.2692560e-02
   2.9222580e-02
   2.9650860e-02
   2.2410900e-02
   1.2666120e-02
   1.0858820e-02
   1.1691670e-02
   7.5370790e-03
   7.1249730e-04
  -8.7541100e-03
  -1.9905000e-02
  -2.4156270e-02
  -1.9561260e-02
  -1.8138250e-02
  -2.7892490e-02
  -4.2160460e-02
  -5.6543170e-02
  -7.3278390e-02
  -8.4438570e-02
  -7.9061300e-02
  -6.1888220e-02
  -4.5780580e-02
  -3.5335080e-02
  -2.5946270e-02
  -1.5156800e-02
  -7.0564700e-03
  -1.0606810e-03
   6.9679410e-03
   1.0423460e-02
   1.6301820e-03
  -1.3983400e-02
  -2.9407330e-02
  -4.1678090e-02
  -4.4726020e-02
  -3.5301470e-02
  -1.7828190e-02
   7.9525020e-04
   1.3954440e-02
   2.0541370e-02
   2.3121760e-02
   1.9474020e-02
   1.0737590e-02
   3.8140870e-03
  -5.3058090e-05
   6.8028390e-04
   9.9978190e-03
   1.9914370e-02
   1.6965610e-02
   1.8710420e-03
  -1.1535090e-02
  -1.2194780e-02
  -2.3757190e-03
   7.6842860e-03
   1.3793190e-02
   1.8645530e-02
   2.3877470e-02
   3.2017970e-02
   4.5157060e-02
   5.7807640e-02
   6.5147250e-02
   6.9613220e-02
   7.0700310e-02
   6.3771200e-02
   4.8590770e-02
   2.9306100e-02
   1.0778840e-02
  -4.6122210e-03
  -1.7013120e-02
  -2.2799090e-02
  -1.6482420e-02
  -4.7478700e-04
   1.9075670e-02
   4.0151650e-02
   5.7627150e-02
   6.1221350e-02
   4.6967950e-02
   2.0838360e-02
  -5.8165030e-03
  -2.1264410e-02
  -1.9048400e-02
   6.2167910e-04
   2.7184560e-02
   4.1801430e-02
   3.9811660e-02
   3.3289750e-02
   2.7523120e-02
   2.3060250e-02
   2.2790160e-02
   2.1693360e-02
   1.3206840e-02
  -1.6178200e-03
  -1.9751670e-02
  -3.8123820e-02
  -5.3535190e-02
  -6.2948030e-02
  -6.1829750e-02
  -4.7917670e-02
  -2.7602230e-02
  -1.3020620e-02
  -1.0675850e-02
  -1.8603180e-02
  -3.0162570e-02
  -3.3042890e-02
  -1.9386340e-02
   9.8859490e-04
   1.4223120e-02
   1.6938670e-02
   8.1883930e-03
  -8.2032950e-03
  -1.6315810e-02
  -8.7682160e-03
   1.7155240e-04
  -3.9428000e-03
  -2.0156680e-02
  -3.7801630e-02
  -4.6751010e-02
  -4.3379660e-02
  -2.7095730e-02
  -1.9862450e-03
   1.9529430e-02
   3.0507680e-02
   3.4851470e-02
   3.4203890e-02
   2.7252910e-02
   1.6901950e-02
   7.1629980e-03
  -3.1507200e-03
  -1.8455440e-02
  -3.5971200e-02
  -4.5333790e-02
  -4.2402450e-02
  -3.3233540e-02
  -2.4273700e-02
  -1.7608930e-02
  -1.5179800e-02
  -1.8121290e-02
  -2.1810360e-02
  -2.2350780e-02
  -2.2407650e-02
  -2.3781530e-02
  -2.4565230e-02
  -2.1018130e-02
  -1.0352740e-02
   1.1389190e-03
   5.3525280e-03
   5.0392770e-03
   4.0175010e-03
   1.1217000e-03
  -3.9867260e-03
  -1.2241470e-02
  -2.0301090e-02
  -1.9524370e-02
  -1.0525890e-02
  -2.0560150e-03
   4.5322050e-04
  -3.5830370e-03
  -9.2299420e-03
  -1.3541470e-02
  -2.0231180e-02
  -2.6748300e-02
  -2.5546920e-02
  -1.6647610e-02
  -5.4982510e-03
   4.9769310e-04
  -1.7458030e-03
  -4.1747770e-03
  -1.5844320e-03
   5.3291820e-04
  -2.3793720e-04
  -3.2372810e-03
  -1.0691550e-02
  -1.9051460e-02
  -1.9247200e-02
  -6.8609160e-03
   1.2619680e-02
   2.7661240e-02
   3.5470600e-02
   4.0543130e-02
   4.2804790e-02
   4.4674270e-02
   4.6128760e-02
   3.6637850e-02
   1.6135490e-02
  -3.1732630e-03
  -1.7770260e-02
  -3.0376780e-02
  -4.0367640e-02
  -4.4388040e-02
  -3.8174560e-02
  -1.9438050e-02
   1.0128730e-02
   4.3307100e-02
   6.9995350e-02
   8.4444150e-02
   8.3804270e-02
   6.5992050e-02
   3.6300460e-02
   6.4779810e-03
  -1.3469210e-02
  -1.7330900e-02
  -3.5556040e-03
   1.9605100e-02
   3.6150570e-02
   3.8819340e-02
   3.6406280e-02
   3.5200360e-02
   2.8923700e-02
   1.7308710e-02
   1.1088420e-02
   1.1752630e-02
   1.1142800e-02
   7.9706430e-03
   7.3053210e-03
   1.2284230e-02
   2.1415650e-02
   3.1297360e-02
   4.1288830e-02
   4.8628890e-02
   4.5677960e-02
   3.2350340e-02
   1.9294070e-02
   1.3284570e-02
   1.2775630e-02
   1.6899430e-02
   2.6303000e-02
   3.6710010e-02
   3.9498770e-02
   3.1225680e-02
   1.9103790e-02
   1.2796690e-02
   1.3166720e-02
   1.1240550e-02
   2.5226630e-03
  -4.1624950e-03
  -4.6976490e-03
  -5.2030900e-03
  -5.3485170e-03
  -2.4982600e-03
   1.9398810e-03
   8.3606410e-03
   1.6519910e-02
   2.6823510e-02
   3.9621910e-02
   4.9563030e-02
   5.3505300e-02
   5.3057640e-02
   4.7020560e-02
   3.4679080e-02
   2.1767320e-02
   1.5522470e-02
   1.3689290e-02
   6.8202050e-03
  -5.0752590e-03
  -1.2673660e-02
  -1.2828660e-02
  -9.9360890e-03
  -6.5315330e-03
   6.4380120e-04
   1.2683980e-02
   2.2504010e-02
   2.8201400e-02
   3.4817990e-02
   3.7762000e-02
   3.2593260e-02
   2.7233110e-02
   2.4337280e-02
   1.7687960e-02
   8.9747470e-03
   7.5524930e-03
   1.7741060e-02
   3.3968510e-02
   4.5923710e-02
   4.6591920e-02
   3.5240130e-02
   1.6750370e-02
   1.2319770e-03
  -2.7654080e-03
   3.8500350e-03
   1.4605660e-02
   2.1285790e-02
   1.6791790e-02
   2.9823190e-03
  -1.5529870e-02
  -3.6694760e-02
  -5.1262150e-02
  -5.0436530e-02
  -3.8306420e-02
  -2.3300140e-02
  -1.0622570e-02
  -9.8245270e-05
   1.1143630e-02
   1.9284190e-02
   1.9662600e-02
   1.5909950e-02
   1.1255290e-02
   5.1284460e-03
  -6.2679190e-04
  -4.5033460e-03
  -8.6264600e-03
  -1.3768850e-02
  -1.5967200e-02
  -1.1912870e-02
  -6.3400010e-03
  -7.9352530e-03
  -1.7233690e-02
  -2.6390680e-02
  -3.1537560e-02
  -3.5235900e-02
  -3.7801250e-02
  -3.7715280e-02
  -3.5901170e-02
  -3.2050390e-02
  -2.4367640e-02
  -1.4766470e-02
  -7.7380280e-03
  -5.0393510e-03
  -6.9270640e-03
  -1.5511080e-02
  -2.9469170e-02
  -4.0669980e-02
  -4.3662460e-02
  -4.2682120e-02
  -4.3826930e-02
  -4.6696340e-02
  -4.8131470e-02
  -4.6741150e-02
  -4.1112940e-02
  -2.9861610e-02
  -1.3976580e-02
   1.7385970e-03
   1.0351350e-02
   9.4893970e-03
   3.1184070e-03
  -5.4614650e-03
  -1.5901760e-02
  -2.6951430e-02
  -3.7000090e-02
  -4.5440050e-02
  -5.0819910e-02
  -5.1407070e-02
  -4.6307710e-02
  -3.5879090e-02
  -2.3112960e-02
  -1.3015480e-02
  -1.0903950e-02
  -1.7964670e-02
  -2.7095420e-02
  -2.9537750e-02
  -2.4201730e-02
  -1.8076060e-02
  -1.9776200e-02
  -3.0522200e-02
  -4.3541250e-02
  -5.3560450e-02
  -5.9679400e-02
  -6.0110520e-02
  -5.1309010e-02
  -3.2725500e-02
  -9.9538460e-03
   9.4753090e-03
   2.2927700e-02
   3.0996590e-02
   3.0046100e-02
   1.5464330e-02
  -7.0662910e-03
  -2.8007930e-02
  -4.7344180e-02
  -6.2239900e-02
  -5.8602360e-02
  -3.4154010e-02
  -6.1429220e-03
   1.1701500e-02
   2.0116680e-02
   2.4183900e-02
   2.6019900e-02
   2.8066520e-02
   3.0877670e-02
   2.7453940e-02
   1.4268380e-02
  -1.2856180e-03
  -1.2834290e-02
  -1.8178800e-02
  -1.3269120e-02
   1.4743140e-03
   1.5712160e-02
   2.1352280e-02
   2.2881240e-02
   2.5791680e-02
   2.6078060e-02
   2.0789630e-02
   1.3815140e-02
   8.1338050e-03
   6.2748520e-03
   1.1629280e-02
   2.2098370e-02
   3.1527740e-02
   3.5445860e-02
   3.1894580e-02
   2.1273070e-02
   5.5993200e-03
  -1.0004930e-02
  -1.8293530e-02
  -1.7671530e-02
  -1.1860190e-02
  -4.4780110e-03
  -4.2069890e-04
  -1.8914120e-03
  -3.9992890e-03
  -2.7318080e-03
   2.8364170e-03
   1.5090290e-02
   3.3120970e-02
   5.0895540e-02
   6.3239090e-02
   6.7723220e-02
   6.4282960e-02
   5.4468440e-02
   4.0479140e-02
   2.5928770e-02
   1.3180600e-02
   5.6959740e-04
  -1.4079800e-02
  -2.9136940e-02
  -3.6208500e-02
  -2.5584870e-02
  -1.6384900e-03
   2.0413330e-02
   3.4289740e-02
   4.2480940e-02
   4.5516460e-02
   4.2750810e-02
   3.5324560e-02
   2.6606330e-02
   1.9108960e-02
   1.0535570e-02
   7.0577070e-05
  -8.2143630e-03
  -1.4047510e-02
  -2.0372440e-02
  -2.4753820e-02
  -2.1530930e-02
  -9.9310130e-03
   4.5688340e-03
   1.7618470e-02
   2.8098610e-02
   3.1980520e-02
   2.7278290e-02
   2.0341990e-02
   1.4949620e-02
   6.8396220e-03
  -5.0118880e-03
  -1.6534550e-02
  -2.8177020e-02
  -3.9619210e-02
  -4.1234320e-02
  -2.7946330e-02
  -9.8103830e-03
   1.2806510e-03
   4.0825930e-03
   3.4455800e-03
   4.8910780e-04
  -5.1337350e-03
  -9.5730720e-03
  -1.1978760e-02
  -1.6750140e-02
  -2.2892640e-02
  -2.2910820e-02
  -1.3328480e-02
   1.0450180e-03
   1.3786260e-02
   2.1266110e-02
   1.8995810e-02
   4.3354680e-03
  -1.5911630e-02
  -3.1422720e-02
  -3.9204170e-02
  -4.1185250e-02
  -3.6392080e-02
  -2.3003860e-02
  -5.4609900e-03
   9.7683600e-03
   2.0028830e-02
   1.9239090e-02
   2.0965640e-03
  -2.1381160e-02
  -3.6680810e-02
  -3.9100650e-02
  -2.7215290e-02
  -4.3460890e-03
   1.5820060e-02
   2.0458680e-02
   8.4440320e-03
  -9.3734560e-03
  -1.7985050e-02
  -1.2820450e-02
  -1.3494530e-03
   1.1441790e-02
   2.4780810e-02
   3.4308980e-02
   3.7163230e-02
   3.5931850e-02
   3.4128950e-02
   3.3921960e-02
   3.2202700e-02
   2.2138950e-02
   4.0433380e-03
  -1.4930310e-02
  -2.9517100e-02
  -3.5594380e-02
  -2.9567090e-02
  -1.5379700e-02
  -3.6634030e-03
   1.4869650e-03
   7.0296730e-03
   1.6017070e-02
   2.1009120e-02
   1.9014120e-02
   1.4987980e-02
   9.4211960e-03
  -5.7687980e-04
  -1.3158200e-02
  -2.3082070e-02
  -2.5483750e-02
  -2.0060720e-02
  -1.2739720e-02
  -8.8960540e-03
  -8.3726670e-03
  -7.9973890e-03
  -5.8619810e-03
  -3.3890550e-03
  -1.3789500e-03
   2.8879900e-03
   1.0064160e-02
   1.5835430e-02
   1.6093170e-02
   1.1661170e-02
   6.4342780e-03
   1.4786110e-03
  -3.4166460e-03
  -5.7604700e-03
  -5.6406580e-03
  -5.4898810e-03
  -4.0677020e-03
  -1.9042020e-03
  -4.1062900e-03
  -1.0307090e-02
  -1.2486060e-02
  -7.0874790e-03
   6.0496330e-04
   7.2964300e-03
   1.4580010e-02
   2.1742610e-02
   2.7114040e-02
   3.0131460e-02
   2.9606750e-02
   2.5516250e-02
   1.7409500e-02
   5.0001860e-03
  -7.3035170e-03
  -1.5323600e-02
  -1.8943430e-02
  -1.8308420e-02
  -1.3308440e-02
  -6.1682910e-03
  -2.2471830e-03
  -2.4089630e-03
   3.5063360e-04
   7.8297490e-03
   1.5332530e-02
   2.1298360e-02
   2.3134590e-02
   1.7505490e-02
   6.2400790e-03
  -8.1896170e-03
  -2.3461500e-02
  -3.4996250e-02
  -3.8901210e-02
  -3.2827740e-02
  -1.8162850e-02
  -2.4554130e-03
   7.9038950e-03
   1.3762200e-02
   1.6441550e-02
   1.4681640e-02
   1.2255620e-02
   1.3897030e-02
   1.5333610e-02
   1.1551210e-02
   4.5632340e-03
  -4.0284150e-03
  -1.4493610e-02
  -2.3961450e-02
  -2.8279100e-02
  -2.4855790e-02
  -1.4206100e-02
  -1.3358410e-03
   9.4472700e-03
   1.8037440e-02
   2.1602100e-02
   1.4516700e-02
   5.6774570e-04
  -8.1184960e-03
  -7.7474260e-03
  -3.8575750e-03
   2.3005800e-03
   1.0570210e-02
   1.3394040e-02
   6.3724390e-03
  -5.5005740e-03
  -1.7354300e-02
  -2.7467100e-02
  -3.3120780e-02
  -3.0524780e-02
  -1.8970090e-02
  -3.4054100e-03
   9.6397520e-03
   1.7425070e-02
   2.1164560e-02
   2.1453070e-02
   1.7559010e-02
   1.3195210e-02
   1.1879980e-02
   7.6611850e-03
  -5.9285980e-03
  -2.4587240e-02
  -3.9283900e-02
  -4.6101300e-02
  -4.5430130e-02
  -3.4738950e-02
  -1.1078370e-02
   1.8277990e-02
   3.8885920e-02
   4.1709850e-02
   2.8246340e-02
   1.1016680e-02
   4.1754320e-03
   7.3021730e-03
   1.0105020e-02
   9.0211950e-03
   5.8564850e-03
   6.3658960e-04
  -4.5126330e-03
  -3.0525250e-03
   7.5615040e-03
   1.9628880e-02
   2.4081710e-02
   2.1299900e-02
   1.6762730e-02
   1.2348360e-02
   7.9445190e-03
   5.6787480e-03
   5.6529780e-03
   3.2347550e-03
  -2.3473300e-03
  -5.9909030e-03
  -7.0722070e-03
  -9.5779590e-03
  -1.3005070e-02
  -1.3486450e-02
  -1.2161980e-02
  -1.5001600e-02
  -2.1245090e-02
  -2.0323730e-02
  -7.6574900e-03
   8.6487190e-03
   2.1915490e-02
   3.1146540e-02
   3.1812080e-02
   2.0115740e-02
   2.5292120e-03
  -1.2217940e-02
  -2.2940660e-02
  -3.0011480e-02
  -3.2238760e-02
  -3.2990120e-02
  -3.6331280e-02
  -3.8996200e-02
  -3.5743750e-02
  -2.8245820e-02
  -2.1120640e-02
  -1.3727170e-02
  -4.9058450e-03
  -1.2757940e-04
  -3.9196710e-03
  -1.1455450e-02
  -1.5987170e-02
  -1.9369660e-02
  -2.7185890e-02
  -3.7703270e-02
  -4.4611570e-02
  -4.6188740e-02
  -4.4385110e-02
  -3.9235970e-02
  -2.9237360e-02
  -1.6487650e-02
  -7.5910590e-03
  -7.2912790e-03
  -1.5124170e-02
  -2.8014480e-02
  -4.1213260e-02
  -4.9402730e-02
  -5.0521410e-02
  -4.7151820e-02
  -4.2471480e-02
  -3.4688940e-02
  -1.9965060e-02
   1.1810820e-04
   2.0705330e-02
   3.7236900e-02
   4.4307680e-02
   3.9410980e-02
   2.5166470e-02
   6.4051120e-03
  -1.1203910e-02
  -2.3378180e-02
  -2.7673980e-02
  -2.2665840e-02
  -1.1552690e-02
  -5.5335850e-04
   7.0995930e-03
   1.0044780e-02
   9.8164600e-03
   1.2322000e-02
   1.9413380e-02
   2.8543350e-02
   3.9122470e-02
   4.7410220e-02
   4.6379290e-02
   3.5345480e-02
   2.0568330e-02
   8.1330110e-03
  -1.5459870e-04
  -3.0356250e-03
   2.2158890e-03
   1.1125990e-02
   1.3404100e-02
   9.3888950e-03
   8.9128750e-03
   1.4326600e-02
   2.1241920e-02
   2.7886380e-02
   3.1942140e-02
   3.0517780e-02
   2.5988960e-02
   2.2608680e-02
   2.1328860e-02
   2.0207990e-02
   1.8010070e-02
   1.7373060e-02
   2.0361090e-02
   2.5162000e-02
   3.0388800e-02
   3.4549440e-02
   3.3743760e-02
   2.6207560e-02
   1.6369370e-02
   1.1902440e-02
   1.5039440e-02
   2.0898850e-02
   2.7068400e-02
   3.4466800e-02
   4.0380860e-02
   4.2337000e-02
   4.2403730e-02
   4.2134460e-02
   3.9075370e-02
   3.0020640e-02
   1.8064620e-02
   1.0344420e-02
   6.6475130e-03
   2.9537000e-03
   1.9655180e-03
   7.5825520e-03
   1.8042730e-02
   2.9201970e-02
   3.8365250e-02
   4.6052190e-02
   5.2642230e-02
   5.3349210e-02
   4.4429370e-02
   3.0616370e-02
   1.8046760e-02
   6.7414820e-03
  -5.1510980e-03
  -1.6769350e-02
  -2.5625750e-02
  -2.9972120e-02
  -2.9272460e-02
  -2.2515690e-02
  -1.0702680e-02
  -3.7914090e-04
   3.5740330e-03
   3.9003490e-03
   3.3347290e-03
   1.8428440e-03
   1.9824960e-03
   3.8782230e-03
   1.7429850e-03
  -6.0065200e-03
  -1.3756540e-02
  -1.6249470e-02
  -1.2696590e-02
  -6.4140750e-03
  -1.2253440e-03
   3.4790640e-04
  -2.9446380e-03
  -9.2151430e-03
  -1.6121300e-02
  -2.1983090e-02
  -2.2856200e-02
  -1.6934350e-02
  -7.4287480e-03
   1.4186260e-03
   6.3675700e-03
   5.6650280e-03
  -1.1325980e-03
  -1.1205540e-02
  -1.8555010e-02
  -2.2756790e-02
  -2.8044040e-02
  -3.2652650e-02
  -3.3917200e-02
  -3.4352520e-02
  -3.2457150e-02
  -2.4141050e-02
  -1.3146360e-02
  -6.0085880e-03
  -4.0140140e-03
  -5.6500770e-03
  -1.0285680e-02
  -1.8177060e-02
  -2.8159050e-02
  -3.7499920e-02
  -4.4611950e-02
  -4.9115030e-02
  -5.0099420e-02
  -4.5330790e-02
  -3.3398880e-02
  -1.8432910e-02
  -8.1392580e-03
  -6.2729390e-03
  -1.1466670e-02
  -1.9780490e-02
  -2.5644500e-02
  -2.5421230e-02
  -2.0052790e-02
  -1.2384580e-02
  -5.7480420e-03
  -4.1105770e-03
  -8.9628860e-03
  -1.8215920e-02
  -2.9273720e-02
  -3.9306400e-02
  -4.4439190e-02
  -4.2483460e-02
  -3.4057060e-02
  -2.1607330e-02
  -8.7190110e-03
   2.6168220e-03
   1.1755770e-02
   1.6527840e-02
   1.4753960e-02
   5.7077630e-03
  -8.4442980e-03
  -2.1460810e-02
  -2.9097200e-02
  -3.1498630e-02
  -2.7966850e-02
  -1.8430400e-02
  -6.4522100e-03
   4.7247570e-03
   1.4168490e-02
   2.0354540e-02
   2.0903620e-02
   1.7756700e-02
   1.7035010e-02
   1.8706150e-02
   1.6242790e-02
   1.0185370e-02
   7.9318150e-03
   1.1242180e-02
   1.6133620e-02
   1.9000170e-02
   1.8263560e-02
   1.5973200e-02
   1.6319690e-02
   2.0433370e-02
   2.4371210e-02
   2.4454580e-02
   2.3704510e-02
   2.6775910e-02
   3.1544900e-02
   3.2368490e-02
   2.6998330e-02
   1.8169900e-02
   1.0943070e-02
   7.3563630e-03
   6.4856770e-03
   1.0202190e-02
   2.0581050e-02
   3.3179300e-02
   4.1598670e-02
   4.4304250e-02
   4.2076820e-02
   3.5236900e-02
   2.5159950e-02
   1.4117620e-02
   4.8976320e-03
   1.0930290e-03
   3.6791300e-03
   9.0900150e-03
   1.3260420e-02
   1.3889770e-02
   9.7094250e-03
   3.2543520e-03
   2.6767780e-03
   1.3519570e-02
   2.9537920e-02
   4.0201500e-02
   4.3888440e-02
   4.3815060e-02
   3.9792270e-02
   3.3069560e-02
   2.7379850e-02
   2.2380980e-02
   1.6408440e-02
   1.0054660e-02
   2.3403700e-03
  -7.6109590e-03
  -1.6464320e-02
  -1.9820400e-02
  -1.6858460e-02
  -1.0908080e-02
  -5.5016150e-03
  -6.5850200e-04
   5.2750200e-03
   1.2687430e-02
   2.0528990e-02
   2.6795890e-02
   2.9595780e-02
   2.8119510e-02
   2.2256080e-02
   1.3099380e-02
   3.9041600e-03
  -2.3706910e-03
  -6.6055450e-03
  -1.0859880e-02
  -1.3472580e-02
  -1.2563460e-02
  -9.9972510e-03
  -7.0264120e-03
  -2.5456650e-03
   3.4187350e-03
   8.5508090e-03
   1.0477500e-02
   9.7186870e-03
   6.8421120e-03
  -1.0357510e-03
  -1.3778440e-02
  -2.4639280e-02
  -2.7400540e-02
  -2.0155630e-02
  -5.5243970e-03
   8.8044540e-03
   1.5591800e-02
   1.3169640e-02
   4.8442820e-03
  -2.6975800e-03
  -4.7315830e-03
  -3.1243090e-03
  -1.6882570e-03
  -2.2665990e-03
  -6.7959120e-03
  -1.4438910e-02
  -1.9346780e-02
  -1.9477630e-02
  -1.9278720e-02
  -1.8966250e-02
  -1.4209730e-02
  -7.0760680e-03
  -3.5833610e-03
  -2.7228930e-03
   5.8867380e-04
   5.9589890e-03
   9.7797040e-03
   1.1493330e-02
   1.1349250e-02
   7.5800020e-03
   1.8039910e-04
  -7.5341110e-03
  -1.3230110e-02
  -1.5959840e-02
  -1.3429950e-02
  -5.2319910e-03
   3.6187940e-03
   7.5026180e-03
   6.7004770e-03
   4.7921250e-03
   2.0499530e-03
  -2.8009980e-03
  -8.3195620e-03
  -1.2549390e-02
  -1.5170160e-02
  -1.6174690e-02
  -1.4486670e-02
  -9.7131130e-03
  -5.5104070e-03
  -6.3410200e-03
  -1.1518960e-02
  -1.6501290e-02
  -1.6989630e-02
  -1.1073860e-02
  -3.0699490e-04
   1.1250310e-02
   1.9208260e-02
   2.0820660e-02
   1.6201260e-02
   8.0700420e-03
   9.3098530e-04
  -1.3942740e-03
  -7.1008560e-04
  -3.1513110e-03
  -9.4813700e-03
  -1.3414640e-02
  -1.0317440e-02
  -1.0145650e-03
   9.7995470e-03
   1.6361580e-02
   1.6753670e-02
   1.4097800e-02
   1.1890580e-02
   9.9773230e-03
   6.7608610e-03
   4.4506190e-03
   6.7223860e-03
   1.1184470e-02
   1.2463790e-02
   1.2066980e-02
   1.3994120e-02
   1.4469600e-02
   8.9204910e-03
   7.9335430e-04
  -5.7033270e-03
  -1.1156620e-02
  -1.6469170e-02
  -2.0469180e-02
  -2.1802740e-02
  -1.9505540e-02
  -1.2149040e-02
  -1.3196310e-03
   5.7903270e-03
   4.9856970e-03
  -1.8569640e-04
  -6.4794920e-03
  -1.2673980e-02
  -1.7220810e-02
  -2.1398980e-02
  -2.6352820e-02
  -3.0045280e-02
  -3.1785450e-02
  -3.2477220e-02
  -3.2604510e-02
  -3.1349590e-02
  -2.5107590e-02
  -1.3457590e-02
  -3.5983380e-03
  -1.6090260e-03
  -6.5528020e-03
  -1.4548800e-02
  -2.1865900e-02
  -2.6496490e-02
  -2.8996960e-02
  -2.9816110e-02
  -2.7356280e-02
  -2.0505480e-02
  -1.2364000e-02
  -8.3049360e-03
  -9.8517650e-03
  -1.4846540e-02
  -2.2135980e-02
  -3.0944190e-02
  -3.8641280e-02
  -4.3794010e-02
  -4.7985520e-02
  -5.1641680e-02
  -5.1856210e-02
  -4.4933540e-02
  -3.0139370e-02
  -1.2718550e-02
  -4.3915700e-04
   2.8216870e-03
  -2.8013030e-03
  -1.4727630e-02
  -2.8586250e-02
  -4.0557250e-02
  -4.7510790e-02
  -4.7615420e-02
  -4.2592200e-02
  -3.4942800e-02
  -2.6022310e-02
  -1.8640670e-02
  -1.5766650e-02
  -1.6447170e-02
  -1.6619790e-02
  -1.5397830e-02
  -1.5512550e-02
  -1.5598210e-02
  -1.2225870e-02
  -7.6098800e-03
  -6.0034830e-03
  -8.0803900e-03
  -1.1719430e-02
  -1.5064500e-02
  -1.7889740e-02
  -1.9181480e-02
  -1.7584570e-02
  -1.4266970e-02
  -1.0411850e-02
  -5.1698150e-03
   1.4084790e-03
   7.2330620e-03
   1.0763690e-02
   1.1729940e-02
   9.2058780e-03
   3.1665410e-03
  -2.8991680e-03
  -5.5732000e-03
  -5.2128210e-03
  -3.7209960e-03
  -1.9085650e-03
   4.4222940e-04
   2.8329830e-03
   3.7433390e-03
   3.6478950e-03
   4.6944170e-03
   6.8338160e-03
   8.7578610e-03
   1.1185560e-02
   1.5074420e-02
   1.8340320e-02
   1.8668940e-02
   1.7003950e-02
   1.4951900e-02
   1.2987580e-02
   1.1634810e-02
   1.1044410e-02
   1.0665210e-02
   9.8765430e-03
   8.3321340e-03
   6.7983820e-03
   6.8687770e-03
   8.7185660e-03
   1.1366000e-02
   1.5042290e-02
   2.0331840e-02
   2.5904840e-02
   2.9700220e-02
   3.2154290e-02
   3.4488400e-02
   3.3980530e-02
   2.7220020e-02
   1.6168080e-02
   6.0218650e-03
   4.5175070e-05
  -1.3468730e-03
   2.0688980e-03
   1.0437060e-02
   2.0706130e-02
   2.8290340e-02
   3.1803480e-02
   3.2814180e-02
   3.2250890e-02
   2.9425410e-02
   2.4200600e-02
   1.7899910e-02
   1.2373540e-02
   9.2149930e-03
   8.4278290e-03
   8.3832560e-03
   8.1759080e-03
   8.9210960e-03
   1.1696490e-02
   1.4973030e-02
   1.7260240e-02
   1.9970430e-02
   2.3176140e-02
   2.4134820e-02
   2.1904000e-02
   1.7791180e-02
   1.3713700e-02
   1.1818770e-02
   1.2617000e-02
   1.4916630e-02
   1.7236880e-02
   1.7875400e-02
   1.5900350e-02
   1.2394190e-02
   1.0332540e-02
   1.2475350e-02
   1.7791260e-02
   2.2669390e-02
   2.5841390e-02
   2.7594140e-02
   2.6824380e-02
   2.3159340e-02
   1.8468250e-02
   1.5491710e-02
   1.6773420e-02
   2.1824390e-02
   2.6548890e-02
   2.8087640e-02
   2.6433700e-02
   2.2278260e-02
   1.6906940e-02
   1.2283910e-02
   1.0044700e-02
   1.0455160e-02
   1.2436080e-02
   1.4803220e-02
   1.6334970e-02
   1.5761030e-02
   1.3294100e-02
   1.1046150e-02
   1.0821240e-02
   1.2264140e-02
   1.4774280e-02
   1.8703990e-02
   2.2646600e-02
   2.3698000e-02
   2.1180370e-02
   1.7572490e-02
   1.5020540e-02
   1.1562820e-02
   5.1629930e-03
  -4.0948430e-04
  -7.8356920e-04
   2.7209500e-03
   6.6853230e-03
   9.1376200e-03
   8.6457290e-03
   5.1501190e-03
   1.4618270e-03
   6.7330640e-04
   1.8839410e-03
   1.2512740e-03
  -2.9214910e-03
  -9.5759000e-03
  -1.7667430e-02
  -2.5323530e-02
  -2.8519430e-02
  -2.4787720e-02
  -1.5913830e-02
  -4.7085960e-03
   6.7370840e-03
   1.5531200e-02
   1.9282130e-02
   1.7609630e-02
   1.1318940e-02
   2.2512750e-03
  -7.1389690e-03
  -1.4425070e-02
  -1.7467900e-02
  -1.5996890e-02
  -1.1185200e-02
  -3.1540150e-03
   7.7080190e-03
   1.8084430e-02
   2.3156400e-02
   2.0142480e-02
   9.7301820e-03
  -5.5645890e-03
  -2.2280030e-02
  -3.5273830e-02
  -4.0450190e-02
  -3.7886570e-02
  -2.9492580e-02
  -1.7479310e-02
  -5.4839000e-03
   3.5666750e-03
   8.2283440e-03
   6.9882920e-03
   3.1321240e-04
  -9.1461120e-03
  -1.9099620e-02
  -2.7146430e-02
  -3.1234810e-02
  -3.0923400e-02
  -2.6179920e-02
  -1.7524840e-02
  -7.0518690e-03
   2.0351470e-03
   7.2526610e-03
   9.5288150e-03
   1.1645360e-02
   1.2504740e-02
   6.6946760e-03
  -7.9768670e-03
  -2.5597180e-02
  -3.8225030e-02
  -4.2703930e-02
  -3.9055580e-02
  -2.9943710e-02
  -2.2193170e-02
  -2.0923190e-02
  -2.4047060e-02
  -2.6435700e-02
  -2.5180680e-02
  -1.9959610e-02
  -1.2792450e-02
  -6.7862010e-03
  -3.0157440e-03
  -6.4361790e-04
   8.0121580e-04
   1.9952950e-03
   3.6742150e-03
   3.6844470e-03
  -1.5751620e-03
  -1.1599060e-02
  -2.1498230e-02
  -2.7532450e-02
  -3.0692210e-02
  -3.3257260e-02
  -3.3298810e-02
  -2.7300360e-02
  -1.7098430e-02
  -8.8251600e-03
  -5.7725120e-03
  -6.2598010e-03
  -7.6717210e-03
  -8.5533720e-03
  -7.4464630e-03
  -4.1422880e-03
  -8.0243230e-04
   1.4086340e-03
   3.7050820e-03
   5.9109070e-03
   4.4887070e-03
  -3.7486750e-03
  -1.6084530e-02
  -2.5271820e-02
  -2.8002000e-02
  -2.6588610e-02
  -2.2491090e-02
  -1.5581510e-02
  -8.0391760e-03
  -3.2598250e-03
  -2.6091920e-03
  -4.3581960e-03
  -5.0952500e-03
  -3.3783790e-03
  -1.0614860e-03
  -6.6924100e-04
  -2.4960690e-03
  -4.4756840e-03
  -4.8226900e-03
  -2.5969520e-03
   2.5335270e-03
   8.2245800e-03
   1.1541090e-02
   1.2100290e-02
   9.8537030e-03
   4.6907120e-03
  -1.4985600e-03
  -5.3870080e-03
  -4.2625930e-03
   1.6019260e-03
   9.3818610e-03
   1.6243450e-02
   1.9634330e-02
   1.7720260e-02
   1.1506910e-02
   5.3336920e-03
   2.3130070e-03
   2.5085330e-04
  -2.4428830e-03
  -1.7431610e-03
   4.9972900e-03
   1.4439400e-02
   2.2418530e-02
   2.7044610e-02
   2.6532560e-02
   1.9823950e-02
   1.0009320e-02
   1.5267860e-03
  -4.7009060e-03
  -7.5783210e-03
  -3.8466620e-03
   5.6086030e-03
   1.4879650e-02
   1.8947010e-02
   1.6417280e-02
   8.9162530e-03
   1.0998010e-03
  -9.9844250e-04
   3.7411440e-03
   1.0436120e-02
   1.6304040e-02
   2.1963290e-02
   2.4762200e-02
   2.0902520e-02
   1.2412530e-02
   3.7039000e-03
  -3.0950440e-03
  -4.2997990e-03
   2.8274950e-03
   1.3025080e-02
   1.8531180e-02
   1.8128660e-02
   1.5456670e-02
   1.2040810e-02
   7.1342680e-03
   2.3641750e-03
  -3.9744070e-04
  -2.7019510e-03
  -5.9029770e-03
  -7.5750400e-03
  -4.6576960e-03
   2.1164980e-03
   8.8399290e-03
   1.1452000e-02
   9.4445280e-03
   6.7858780e-03
   6.2755220e-03
   6.8965580e-03
   6.3888230e-03
   3.8653020e-03
   1.6720440e-03
   9.5976670e-04
  -1.1677920e-03
  -4.8806490e-03
  -6.3182010e-03
  -4.2435080e-03
  -8.7733070e-04
   1.8196100e-03
   2.8482470e-03
   1.8095990e-03
   1.2097270e-04
   5.9698530e-04
   3.8015330e-03
   6.4911920e-03
   6.1957230e-03
   4.9037870e-03
   5.4363320e-03
   7.8973520e-03
   1.1360180e-02
   1.4730050e-02
   1.6245590e-02
   1.5097380e-02
   1.2390270e-02
   1.0562810e-02
   1.1540390e-02
   1.4403950e-02
   1.7293320e-02
   1.9908820e-02
   2.1246580e-02
   1.8925390e-02
   1.2980350e-02
   7.1403550e-03
   5.2269490e-03
   8.0090490e-03
   1.3089130e-02
   1.6964460e-02
   1.8756680e-02
   2.1123470e-02
   2.6133410e-02
   3.2468860e-02
   3.7473430e-02
   4.0145900e-02
   4.0803910e-02
   3.7944760e-02
   2.9011780e-02
   1.5853550e-02
   4.9219760e-03
   1.2622800e-03
   5.5123040e-03
   1.4982700e-02
   2.4740820e-02
   2.9685430e-02
   2.8630760e-02
   2.5271240e-02
   2.3271520e-02
   2.2349500e-02
   2.0333050e-02
   1.6165100e-02
   1.0076710e-02
   3.7215310e-03
  -2.1481540e-04
   5.9735480e-05
   4.9378150e-03
   1.2722230e-02
   1.9040060e-02
   2.0095800e-02
   1.5541800e-02
   8.0682920e-03
   1.5451310e-03
  -1.7843780e-03
  -1.6521290e-03
   1.3990150e-03
   5.3486740e-03
   8.7849330e-03
   1.3169750e-02
   1.9020290e-02
   2.3567050e-02
   2.3947920e-02
   1.9754530e-02
   1.2700260e-02
   4.3638410e-03
  -4.5538630e-03
  -1.2290970e-02
  -1.6363870e-02
  -1.5819780e-02
  -1.1438920e-02
  -4.4944420e-03
   3.9161360e-03
   1.1637720e-02
   1.4935070e-02
   1.2209940e-02
   5.9993250e-03
  -1.7312640e-03
  -1.1188430e-02
  -1.9675040e-02
  -2.2655500e-02
  -2.0302880e-02
  -1.5700780e-02
  -9.5364370e-03
  -3.0117340e-03
  -4.7431930e-04
  -4.4023990e-03
  -1.3221610e-02
  -2.3928200e-02
  -3.2638790e-02
  -3.5671530e-02
  -3.1246400e-02
  -2.0222880e-02
  -8.3074970e-03
  -3.4173890e-03
  -7.7286130e-03
  -1.6588040e-02
  -2.3719340e-02
  -2.5053680e-02
  -2.1627480e-02
  -1.8601000e-02
  -1.8950460e-02
  -2.1248320e-02
  -2.3738820e-02
  -2.6028360e-02
  -2.7038050e-02
  -2.4911430e-02
  -1.9849160e-02
  -1.5132320e-02
  -1.3354090e-02
  -1.3357800e-02
  -1.3502230e-02
  -1.4691030e-02
  -1.7773480e-02
  -2.2273800e-02
  -2.8240390e-02
  -3.5110960e-02
  -3.9910020e-02
  -3.9857470e-02
  -3.5094100e-02
  -2.7351670e-02
  -1.8347420e-02
  -1.0164990e-02
  -5.5269840e-03
  -6.9852820e-03
  -1.4931480e-02
  -2.6329090e-02
  -3.6747510e-02
  -4.3645990e-02
  -4.7102900e-02
  -4.8026490e-02
  -4.7319600e-02
  -4.6295600e-02
  -4.5602240e-02
  -4.4734890e-02
  -4.3573080e-02
  -4.2636160e-02
  -4.2360190e-02
  -4.3803170e-02
  -4.8870490e-02
  -5.7131420e-02
  -6.4124270e-02
  -6.6589970e-02
  -6.5055030e-02
  -5.8763850e-02
  -4.6190750e-02
  -3.0954340e-02
  -1.9387790e-02
  -1.4245990e-02
  -1.4857610e-02
  -1.9705740e-02
  -2.7424710e-02
  -3.6990890e-02
  -4.6587750e-02
  -5.4069640e-02
  -5.8930700e-02
  -6.1166470e-02
  -6.0067700e-02
  -5.5243830e-02
  -4.6930330e-02
  -3.6568350e-02
  -2.6971270e-02
  -2.0834970e-02
  -1.9530190e-02
  -2.2227620e-02
  -2.6967550e-02
  -3.2124920e-02
  -3.4906550e-02
  -3.3119610e-02
  -2.9024750e-02
  -2.6336540e-02
  -2.6739150e-02
  -3.0531850e-02
  -3.5186620e-02
  -3.6264210e-02
  -3.2979630e-02
  -2.7928930e-02
  -2.2251840e-02
  -1.5642200e-02
  -8.6874710e-03
  -2.3407150e-03
   3.2112170e-03
   6.4484530e-03
   3.4474230e-03
  -7.3900380e-03
  -2.2380180e-02
  -3.5250240e-02
  -4.0451480e-02
  -3.5804540e-02
  -2.3377220e-02
  -8.5193790e-03
   3.1144910e-03
   9.6203490e-03
   1.1907100e-02
   1.1120480e-02
   9.3390820e-03
   8.0944070e-03
   7.4111110e-03
   8.4883420e-03
   1.2202420e-02
   1.6741030e-02
   2.1081750e-02
   2.5878760e-02
   3.0309600e-02
   3.2890450e-02
   3.3499120e-02
   3.2857410e-02
   3.2226140e-02
   3.2978000e-02
   3.4817960e-02
   3.5536300e-02
   3.4342830e-02
   3.4044350e-02
   3.7047650e-02
   4.1329360e-02
   4.4027200e-02
   4.5673630e-02
   4.7464210e-02
   4.8479000e-02
   4.7914950e-02
   4.6733290e-02
   4.5642840e-02
   4.4161200e-02
   4.2815270e-02
   4.2361490e-02
   4.1802690e-02
   4.1362230e-02
   4.3230520e-02
   4.7770550e-02
   5.2821810e-02
   5.5959980e-02
   5.6228190e-02
   5.3665970e-02
   4.8335940e-02
   4.1462690e-02
   3.5202460e-02
   3.0526260e-02
   2.7630980e-02
   2.7202610e-02
   2.9002160e-02
   3.0761270e-02
   3.0517870e-02
   2.9047590e-02
   2.8448780e-02
   2.9272680e-02
   3.1191230e-02
   3.4621450e-02
   3.8689600e-02
   4.0684650e-02
   3.9376560e-02
   3.6316730e-02
   3.3694050e-02
   3.1851540e-02
   3.0063200e-02
   2.8569920e-02
   2.7047830e-02
   2.4031280e-02
   1.8997060e-02
   1.2610160e-02
   6.9552860e-03
   4.8364030e-03
   7.4514620e-03
   1.4626630e-02
   2.4306910e-02
   3.1893920e-02
   3.4053650e-02
   3.0674930e-02
   2.3590280e-02
   1.5850690e-02
   9.4916160e-03
   5.5186210e-03
   5.8720570e-03
   1.0514040e-02
   1.6136070e-02
   2.0581660e-02
   2.4040910e-02
   2.6325800e-02
   2.6724060e-02
   2.5391540e-02
   2.2264350e-02
   1.6645960e-02
   9.8036880e-03
   5.1931280e-03
   5.2330980e-03
   9.4904540e-03
   1.5637570e-02
   2.0721770e-02
   2.1511600e-02
   1.6528820e-02
   8.7839800e-03
   4.0338680e-03
   6.5054260e-03
   1.6040140e-02
   2.7242120e-02
   3.3955860e-02
   3.4828110e-02
   3.1427450e-02
   2.5378270e-02
   1.9212880e-02
   1.5288590e-02
   1.5202200e-02
   2.0128480e-02
   2.7966550e-02
   3.4145950e-02
   3.6821020e-02
   3.6319670e-02
   3.1981070e-02
   2.3995620e-02
   1.5228490e-02
   8.6446500e-03
   4.5784390e-03
   2.2021690e-03
   2.0679110e-03
   5.0767020e-03
   1.1558770e-02
   2.1148890e-02
   3.0819650e-02
   3.6209670e-02
   3.5657190e-02
   3.0476720e-02
   2.2608030e-02
   1.3740480e-02
   6.1879680e-03
   1.6568850e-03
  -4.4439290e-04
  -1.1869570e-03
  -1.4688810e-03
  -1.9371310e-03
  -1.3053270e-03
   1.4150190e-03
   5.1527690e-03
   9.1535320e-03
   1.2607020e-02
   1.3246090e-02
   8.7978340e-03
  -4.5550570e-04
  -1.0056050e-02
  -1.4834930e-02
  -1.3128450e-02
  -6.0493280e-03
   2.1846600e-03
   5.3771560e-03
   1.6253840e-03
  -6.1933010e-03
  -1.5367340e-02
  -2.3801230e-02
  -2.9254350e-02
  -3.1016320e-02
  -2.9946120e-02
  -2.6833500e-02
  -2.2077890e-02
  -1.7123730e-02
  -1.4606120e-02
  -1.4836260e-02
  -1.4805170e-02
  -1.2979860e-02
  -1.0996090e-02
  -1.0054110e-02
  -9.3543020e-03
  -8.1331670e-03
  -7.0497060e-03
  -6.6236830e-03
  -7.0432920e-03
  -1.0033410e-02
  -1.6899400e-02
  -2.5956260e-02
  -3.4542710e-02
  -4.1265420e-02
  -4.4690790e-02
  -4.2355260e-02
  -3.4006030e-02
  -2.3762700e-02
  -1.6628030e-02
  -1.4351850e-02
  -1.6027770e-02
  -2.1024340e-02
  -2.7810740e-02
  -3.2966490e-02
  -3.5560670e-02
  -3.7806040e-02
  -4.0699020e-02
  -4.3307500e-02
  -4.4973180e-02
  -4.5662410e-02
  -4.4081730e-02
  -3.8581000e-02
  -3.0933750e-02
  -2.4730750e-02
  -2.1308890e-02
  -2.0804850e-02
  -2.3404270e-02
  -2.8190320e-02
  -3.3860560e-02
  -3.9619000e-02
  -4.3907950e-02
  -4.4699770e-02
  -4.1733510e-02
  -3.6497910e-02
  -3.0854470e-02
  -2.6614190e-02
  -2.4958610e-02
  -2.5814820e-02
  -2.7925140e-02
  -2.9692810e-02
  -2.9895430e-02
  -2.7850050e-02
  -2.4295570e-02
  -2.0951110e-02
  -1.8396910e-02
  -1.6401670e-02
  -1.5510700e-02
  -1.6347220e-02
  -1.8720840e-02
  -2.2381700e-02
  -2.6166110e-02
  -2.7080690e-02
  -2.3659010e-02
  -1.7549790e-02
  -1.0606880e-02
  -3.8952940e-03
   1.8254540e-03
   5.7369180e-03
   6.2539320e-03
   2.6309820e-03
  -3.7738580e-03
  -1.0672150e-02
  -1.5415180e-02
  -1.6170200e-02
  -1.3100600e-02
  -8.2161530e-03
  -4.6020850e-03
  -2.9226190e-03
  -1.3873830e-03
  -5.4486190e-04
  -2.3202790e-03
  -6.9843870e-03
  -1.3851000e-02
  -2.1392300e-02
  -2.6707030e-02
  -2.6619730e-02
  -2.1022190e-02
  -1.3271400e-02
  -6.5665650e-03
  -3.7296130e-03
  -6.2260850e-03
  -1.0840010e-02
  -1.3534500e-02
  -1.4312940e-02
  -1.4130610e-02
  -1.2345710e-02
  -9.0824430e-03
  -5.3039730e-03
  -3.6002070e-04
   6.7737140e-03
   1.4354790e-02
   1.9577150e-02
   2.2430920e-02
   2.3579240e-02
   2.1338820e-02
   1.5442540e-02
   8.6518960e-03
   2.5811950e-03
  -2.8516520e-03
  -7.2014470e-03
  -1.0028240e-02
  -1.1751720e-02
  -1.1878870e-02
  -8.0222960e-03
   3.9193680e-05
   8.2709970e-03
   1.3260330e-02
   1.4432690e-02
   1.2373080e-02
   9.3913740e-03
   8.2282020e-03
   9.4098060e-03
   1.2167940e-02
   1.5878600e-02
   1.9896420e-02
   2.2540390e-02
   2.1723800e-02
   1.8041310e-02
   1.4240420e-02
   1.1571210e-02
   1.0179540e-02
   1.1537580e-02
   1.6693200e-02
   2.3195260e-02
   2.7664650e-02
   2.9956940e-02
   3.1943820e-02
   3.4725230e-02
   3.7660320e-02
   3.8996690e-02
   3.7943900e-02
   3.4855440e-02
   3.0347960e-02
   2.6327670e-02
   2.5536550e-02
   2.8551020e-02
   3.2948060e-02
   3.5704150e-02
   3.4941930e-02
   2.9808100e-02
   2.1345080e-02
   1.3430510e-02
   9.4436300e-03
   9.4231570e-03
   1.3406410e-02
   2.2297270e-02
   3.3435250e-02
   4.1358480e-02
   4.2990500e-02
   3.8493800e-02
   2.9645790e-02
   2.0031130e-02
   1.3233840e-02
   9.8118600e-03
   8.5700940e-03
   8.1980510e-03
   7.1620160e-03
   5.2195990e-03
   4.1050640e-03
   5.8727910e-03
   1.1098540e-02
   1.8515480e-02
   2.5630860e-02
   2.9121250e-02
   2.7099310e-02
   2.1265720e-02
   1.4634330e-02
   9.0389240e-03
   5.4012290e-03
   3.7845300e-03
   3.1087740e-03
   2.6948680e-03
   3.8598920e-03
   6.8714530e-03
   8.5351170e-03
   7.2524860e-03
   5.4619500e-03
   4.9777810e-03
   5.1124010e-03
   4.2634040e-03
   1.7877580e-03
  -5.9839380e-04
  -7.4077550e-04
   1.1618060e-03
   2.7436930e-03
   2.2392100e-03
   3.3349480e-04
  -1.9985710e-03
  -4.3474410e-03
  -4.9650930e-03
  -3.3795240e-03
  -2.4899580e-03
  -3.5914380e-03
  -4.4405410e-03
  -4.0891930e-03
  -4.1092830e-03
  -4.9021230e-03
  -5.7495170e-03
  -7.8424260e-03
  -1.1997170e-02
  -1.5403850e-02
  -1.5303110e-02
  -1.2860290e-02
  -1.1115470e-02
  -1.0899450e-02
  -1.0236870e-02
  -7.6961000e-03
  -3.9788470e-03
  -1.2063630e-03
  -2.4147990e-03
  -8.7960480e-03
  -1.7708500e-02
  -2.5546230e-02
  -3.0319080e-02
  -3.1105420e-02
  -2.7724680e-02
  -2.1526640e-02
  -1.5160010e-02
  -1.0521510e-02
  -7.6043280e-03
  -5.7345640e-03
  -4.4969690e-03
  -3.6868470e-03
  -4.2770840e-03
  -8.5001090e-03
  -1.6317130e-02
  -2.3580890e-02
  -2.6985900e-02
  -2.7777740e-02
  -2.7488560e-02
  -2.4637790e-02
  -1.8525260e-02
  -1.1527770e-02
  -6.0718620e-03
  -3.4446610e-03
  -4.5944970e-03
  -8.6835240e-03
  -1.2836640e-02
  -1.4793630e-02
  -1.5046060e-02
  -1.6189300e-02
  -1.9513080e-02
  -2.3166690e-02
  -2.4645850e-02
  -2.3624920e-02
  -2.1509570e-02
  -1.9717350e-02
  -1.9628420e-02
  -2.2046520e-02
  -2.5509560e-02
  -2.7598020e-02
  -2.7708240e-02
  -2.6069740e-02
  -2.2501320e-02
  -1.8802200e-02
  -1.7957040e-02
  -1.9519910e-02
  -2.0490820e-02
  -1.9825110e-02
  -1.8530540e-02
  -1.7670070e-02
  -1.8345600e-02
  -2.0510560e-02
  -2.1917370e-02
  -2.1784920e-02
  -2.2595540e-02
  -2.6341920e-02
  -3.2512950e-02
  -3.8620490e-02
  -4.0758870e-02
  -3.5803880e-02
  -2.4148880e-02
  -1.0480060e-02
  -8.0867450e-04
   2.6852230e-03
   1.7670930e-03
  -1.6986140e-03
  -5.9044950e-03
  -8.7051670e-03
  -9.3563770e-03
  -8.7015620e-03
  -8.5864460e-03
  -1.0052600e-02
  -1.1026760e-02
  -8.5225680e-03
  -2.4216500e-03
   3.5838230e-03
   3.5329950e-03
  -5.3541770e-03
  -1.9049230e-02
  -3.0902350e-02
  -3.6276400e-02
  -3.3860260e-02
  -2.5785620e-02
  -1.5493160e-02
  -5.0929090e-03
   4.8002190e-03
   1.2992900e-02
   1.8024990e-02
   2.1101170e-02
   2.3825900e-02
   2.4000080e-02
   1.8868880e-02
   1.0145880e-02
   1.8939650e-03
  -3.8202760e-03
  -5.8934450e-03
  -3.1175970e-03
   1.9796770e-03
   4.3786130e-03
   3.4458470e-03
   1.4315520e-03
  -1.1312890e-03
  -2.6402100e-03
  -4.3754930e-04
   4.7837040e-03
   1.0275510e-02
   1.4751390e-02
   1.8441070e-02
   2.1653820e-02
   2.4065780e-02
   2.5316870e-02
   2.5123780e-02
   2.2837230e-02
   1.8745070e-02
   1.4639570e-02
   1.1074700e-02
   6.5650790e-03
   2.1467170e-03
   2.6430740e-03
   9.5486460e-03
   1.8160610e-02
   2.4295050e-02
   2.6959410e-02
   2.5397300e-02
   2.0410360e-02
   1.5692130e-02
   1.3458350e-02
   1.2390780e-02
   1.1342770e-02
   1.0085470e-02
   7.9533030e-03
   6.1249020e-03
   6.6548820e-03
   9.6981030e-03
   1.5473620e-02
   2.3220310e-02
   2.8976880e-02
   3.0415120e-02
   2.9632500e-02
   2.8028330e-02
   2.3847080e-02
   1.7079960e-02
   1.1176510e-02
   8.6861230e-03
   1.0325630e-02
   1.6237210e-02
   2.4817480e-02
   3.3100860e-02
   3.8788610e-02
   4.1178460e-02
   4.0672080e-02
   3.7777860e-02
   3.3165580e-02
   2.8475840e-02
   2.6341000e-02
   2.7616360e-02
   2.9340210e-02
   2.8404180e-02
   2.4475180e-02
   1.8206690e-02
   1.0767740e-02
   4.8048840e-03
   2.9278670e-03
   5.0448400e-03
   9.4153450e-03
   1.6168410e-02
   2.4813980e-02
   3.1103640e-02
   3.2694300e-02
   3.1628540e-02
   2.8820530e-02
   2.3456960e-02
   1.6183420e-02
   8.9743420e-03
   4.0558590e-03
   3.8996560e-03
   1.0070790e-02
   1.9907610e-02
   2.8016470e-02
   3.2269890e-02
   3.2438700e-02
   2.6810900e-02
   1.6778990e-02
   8.6640740e-03
   6.6316720e-03
   8.8541730e-03
   1.2303830e-02
   1.5885280e-02
   1.8519540e-02
   1.9213290e-02
   1.7835290e-02
   1.4211980e-02
   8.7156620e-03
   2.6428470e-03
  -2.8657980e-03
  -6.6812880e-03
  -7.6737600e-03
  -6.7502110e-03
  -6.3559720e-03
  -6.3898950e-03
  -5.0479170e-03
  -3.3259980e-03
  -2.9698850e-03
  -2.9540130e-03
  -2.5199400e-03
  -3.4709680e-03
  -7.4776560e-03
  -1.3394550e-02
  -1.7644690e-02
  -1.7807490e-02
  -1.4206370e-02
  -7.8451940e-03
  -1.5150290e-03
  -2.1456280e-04
  -5.2958980e-03
  -1.2693430e-02
  -1.8099140e-02
  -1.9043590e-02
  -1.4462080e-02
  -6.0940360e-03
   1.7215350e-03
   5.2457630e-03
   4.5461470e-03
   2.5279850e-03
   6.3883310e-04
  -1.5014620e-03
  -4.2225350e-03
  -8.6125340e-03
  -1.4869910e-02
  -1.9705000e-02
  -1.9836110e-02
  -1.5305790e-02
  -7.1494210e-03
   3.0933280e-03
   1.0695440e-02
   1.0626970e-02
   3.3005010e-03
  -7.0604180e-03
  -1.6940470e-02
  -2.2623600e-02
  -2.0548840e-02
  -1.2842330e-02
  -5.9493160e-03
  -2.1294890e-03
   1.5466440e-04
  -4.2256550e-05
  -4.1226820e-03
  -9.1293810e-03
  -1.1111330e-02
  -1.0669190e-02
  -9.7676120e-03
  -7.1606800e-03
  -3.2250660e-03
  -2.2717610e-03
  -5.5205880e-03
  -9.7105140e-03
  -1.2718610e-02
  -1.4423700e-02
  -1.4204250e-02
  -1.1750450e-02
  -9.7199030e-03
  -1.1571150e-02
  -1.6898820e-02
  -2.3299250e-02
  -2.9076000e-02
  -3.0894820e-02
  -2.5153350e-02
  -1.3149230e-02
  -1.4862450e-03
   4.0549760e-03
   3.6306670e-03
  -5.0190730e-04
  -7.0955780e-03
  -1.2640830e-02
  -1.3922360e-02
  -1.2679550e-02
  -1.2154340e-02
  -1.2580520e-02
  -1.2335450e-02
  -1.1519010e-02
  -1.1037180e-02
  -9.7988890e-03
  -7.5165260e-03
  -6.3617540e-03
  -7.3801530e-03
  -9.5394360e-03
  -1.1867690e-02
  -1.3994340e-02
  -1.5272220e-02
  -1.5062230e-02
  -1.3262570e-02
  -1.0222400e-02
  -8.2609660e-03
  -9.8518250e-03
  -1.2903420e-02
  -1.3790240e-02
  -1.2312930e-02
  -9.8002560e-03
  -6.7797480e-03
  -3.1415970e-03
   7.8829720e-04
   3.4586940e-03
   3.8437550e-03
   3.1593860e-03
   2.9262470e-03
   2.3923930e-03
   2.6215780e-04
  -2.8168630e-03
  -5.8060570e-03
  -8.3309060e-03
  -8.9957050e-03
  -5.8340690e-03
   5.1447250e-04
   6.7693050e-03
   1.0805320e-02
   1.2482780e-02
   1.1863850e-02
   9.6552780e-03
   6.9971350e-03
   3.3097260e-03
  -2.6307900e-03
  -9.3785090e-03
  -1.3961950e-02
  -1.5258930e-02
  -1.3319740e-02
  -8.1262690e-03
  -1.2759550e-03
   3.5590090e-03
   3.5060840e-03
  -3.9886000e-04
  -4.0732080e-03
  -4.4848030e-03
  -1.7656480e-03
   1.7057070e-03
   3.6204640e-03
   3.9550660e-03
   3.9879680e-03
   3.9225430e-03
   3.1782890e-03
   1.5021830e-03
  -5.1470180e-04
  -1.8669430e-03
  -2.5511350e-03
  -2.8051690e-03
  -2.6146240e-03
  -3.1410030e-03
  -5.1052570e-03
  -7.1346340e-03
  -7.5243190e-03
  -5.3436460e-03
  -3.9277270e-04
   6.4101140e-03
   1.2582340e-02
   1.4959720e-02
   1.2151180e-02
   5.9872980e-03
   1.9018020e-04
  -3.1149920e-03
  -4.7013440e-03
  -5.6586870e-03
  -6.2646510e-03
  -6.7100400e-03
  -7.3445320e-03
  -8.8451610e-03
  -1.0683530e-02
  -1.0791710e-02
  -7.8917450e-03
  -2.0153200e-03
   5.1342820e-03
   1.0348320e-02
   1.1764040e-02
   9.4304680e-03
   4.2461310e-03
  -1.5878610e-03
  -5.1972580e-03
  -4.7437880e-03
  -4.2748950e-04
   5.3464130e-03
   8.8594490e-03
   7.7184590e-03
   3.7517870e-03
   1.2887410e-03
   1.9197580e-03
   4.0056420e-03
   6.7693440e-03
   1.0094540e-02
   1.1355790e-02
   8.2415540e-03
   2.6482440e-03
  -2.4923910e-03
  -6.3541440e-03
  -8.7829530e-03
  -9.7081740e-03
  -9.5250700e-03
  -7.6859870e-03
  -2.8623960e-03
   3.9420360e-03
   9.5998420e-03
   1.2617170e-02
   1.3482280e-02
   1.2321990e-02
   8.7332980e-03
   3.2229370e-03
  -2.3225970e-03
  -5.8615730e-03
  -6.7157960e-03
  -5.2437390e-03
  -2.0433740e-03
   1.7360110e-03
   4.5865010e-03
   5.5739530e-03
   5.2944610e-03
   4.8705870e-03
   4.1240290e-03
   3.1621680e-03
   2.3096290e-03
   1.5672700e-04
  -2.9986700e-03
  -3.7525560e-03
  -3.4966860e-04
   5.4597570e-03
   1.0516910e-02
   1.2641830e-02
   1.1735010e-02
   9.1303050e-03
   6.5335930e-03
   4.3602260e-03
   1.7134640e-03
  -1.3020160e-03
  -4.0996770e-03
  -6.1945600e-03
  -5.5835180e-03
  -1.3378670e-03
   4.6736510e-03
   1.1027170e-02
   1.6535480e-02
   1.9169670e-02
   1.8632820e-02
   1.6649520e-02
   1.4267760e-02
   1.0791790e-02
   5.8013700e-03
   7.0450580e-04
  -2.4630420e-03
  -2.3626990e-03
   1.2034810e-04
   1.9020490e-03
   1.8759320e-03
   1.9127880e-03
   2.9196110e-03
   4.3357730e-03
   5.7768050e-03
   6.3096380e-03
   4.9297150e-03
   2.6391330e-03
   1.0051790e-03
  -5.0708280e-04
  -2.0877210e-03
  -1.3379410e-03
   2.9507090e-03
   7.9607770e-03
   9.8165490e-03
   7.0602190e-03
   6.4199760e-04
  -5.9912140e-03
  -7.5997300e-03
  -2.4917480e-03
   5.1724070e-03
   1.0429080e-02
   1.1463010e-02
   8.1586580e-03
   1.2031220e-03
  -5.8758330e-03
  -9.4318470e-03
  -1.0636260e-02
  -1.2447010e-02
  -1.4744900e-02
  -1.5607990e-02
  -1.3945610e-02
  -1.0308040e-02
  -6.8740870e-03
  -5.2099410e-03
  -4.4344910e-03
  -3.6389830e-03
  -3.6764840e-03
  -5.4944690e-03
  -8.4907610e-03
  -1.0965390e-02
  -1.2619220e-02
  -1.4203250e-02
  -1.4468340e-02
  -1.1856460e-02
  -7.1683510e-03
  -2.0353440e-03
   2.1314930e-03
   3.8794400e-03
   2.2425920e-03
  -2.0412120e-03
  -6.5373600e-03
  -9.3922870e-03
  -9.9532070e-03
  -8.6342760e-03
  -7.4302620e-03
  -7.0404030e-03
  -5.8165580e-03
  -3.5861580e-03
  -2.1858320e-03
  -2.7288060e-03
  -5.3199830e-03
  -9.4128460e-03
  -1.2891010e-02
  -1.3969630e-02
  -1.3469080e-02
  -1.2175150e-02
  -1.0236610e-02
  -9.1258450e-03
  -9.1719510e-03
  -9.0183850e-03
  -8.3878050e-03
  -7.5559360e-03
  -6.7429060e-03
  -6.2034530e-03
  -5.9170080e-03
  -6.7814540e-03
  -8.9780980e-03
  -1.0290590e-02
  -9.8067470e-03
  -8.6862770e-03
  -7.5031100e-03
  -6.9057090e-03
  -7.2141900e-03
  -7.1295110e-03
  -5.4351740e-03
  -1.8673270e-03
   2.9858790e-03
   7.2498950e-03
   8.5508390e-03
   5.1349740e-03
  -2.6050190e-03
  -1.0962200e-02
  -1.5750600e-02
  -1.5957760e-02
  -1.3422120e-02
  -1.0578830e-02
  -8.4145720e-03
  -6.0948010e-03
  -2.6669120e-03
   1.7996700e-03
   6.5252160e-03
   1.1280570e-02
   1.5752530e-02
   1.7183620e-02
   1.2848210e-02
   4.0278930e-03
  -4.9504090e-03
  -9.5013300e-03
  -7.7569790e-03
  -1.5646910e-03
   5.1635590e-03
   7.9478010e-03
   5.7549320e-03
   2.5838870e-03
   1.6825320e-03
   3.0297420e-03
   5.8245930e-03
   8.7348770e-03
   9.3748390e-03
   5.6866130e-03
  -8.0583040e-04
  -5.0331460e-03
  -4.2538400e-03
  -2.4856820e-04
   4.3654030e-03
   8.1224160e-03
   1.0165090e-02
   9.5332080e-03
   6.5983100e-03
   4.2544620e-03
   4.2363390e-03
   5.6665530e-03
   7.7614520e-03
   9.1418010e-03
   8.0330420e-03
   5.1575090e-03
   2.6295460e-03
   1.2262860e-03
   9.8491500e-04
   2.3094970e-03
   4.1298520e-03
   4.3612920e-03
   4.0329330e-03
   5.4385670e-03
   7.1626930e-03
   6.7614250e-03
   4.8554740e-03
   2.4174980e-03
  -5.2055880e-04
  -1.6875510e-03
   1.0754430e-03
   6.2912970e-03
   1.1709420e-02
   1.5141600e-02
   1.3770700e-02
   7.3756540e-03
  -5.9779640e-04
  -6.0912130e-03
  -7.0298090e-03
  -3.6524820e-03
   1.7768530e-03
   5.8910530e-03
   7.2093880e-03
   7.0996470e-03
   6.9364170e-03
   6.3286110e-03
   4.1407470e-03
   6.8130690e-04
  -2.1340530e-03
  -3.1364450e-03
  -2.1529900e-03
   5.4108760e-04
   3.5183540e-03
   5.8011950e-03
   7.9666270e-03
   1.0079080e-02
   1.1121770e-02
   1.0730580e-02
   9.6466410e-03
   8.4940060e-03
   7.5982980e-03
   7.6532630e-03
   8.4762890e-03
   8.4132150e-03
   7.0109310e-03
   5.3178890e-03
   3.4757810e-03
   2.2489110e-03
   3.8879260e-03
   8.2261240e-03
   1.2167970e-02
   1.3701350e-02
   1.3582380e-02
   1.3485860e-02
   1.3743740e-02
   1.3422150e-02
   1.1940150e-02
   9.8208560e-03
   8.3400680e-03
   7.9821160e-03
   7.5940560e-03
   6.6205240e-03
   6.3779780e-03
   7.3690020e-03
   8.0588900e-03
   7.7389820e-03
   7.9225900e-03
   1.0023950e-02
   1.3587360e-02
   1.7224820e-02
   2.0024230e-02
   2.1769420e-02
   2.2356170e-02
   2.0846980e-02
   1.6354520e-02
   1.0284040e-02
   5.1551370e-03
   1.9865100e-03
   8.3046040e-04
   2.0155050e-03
   4.7096430e-03
   5.8608310e-03
   4.2098690e-03
   2.8139950e-03
   4.1887660e-03
   7.5463840e-03
   1.1324010e-02
   1.3784030e-02
   1.3160060e-02
   9.5562630e-03
   4.9744260e-03
   1.7590620e-03
   1.4781490e-03
   4.5390120e-03
   1.0004460e-02
   1.5131910e-02
   1.7264290e-02
   1.6758680e-02
   1.5806400e-02
   1.5567010e-02
   1.5676090e-02
   1.5422520e-02
   1.4599270e-02
   1.2957690e-02
   1.0697190e-02
   9.2187510e-03
   8.9406650e-03
   8.4873920e-03
   7.0812810e-03
   5.0447820e-03
   2.3650080e-03
  -9.8746080e-04
  -3.8573090e-03
  -4.9421860e-03
  -4.3766560e-03
  -3.1771530e-03
  -2.2811850e-03
  -2.1912530e-03
  -2.9587010e-03
  -4.5121170e-03
  -6.6861420e-03
  -9.3341320e-03
  -1.2192610e-02
  -1.4707370e-02
  -1.6609950e-02
  -1.7153540e-02
  -1.4803370e-02
  -9.5944150e-03
  -3.2969150e-03
   2.2877480e-03
   5.3347870e-03
   4.9506780e-03
   2.0257580e-03
  -2.5871070e-03
  -8.4672040e-03
  -1.3824660e-02
  -1.6596000e-02
  -1.6975010e-02
  -1.6145030e-02
  -1.4189110e-02
  -1.1357710e-02
  -9.4305850e-03
  -9.4688740e-03
  -9.9427970e-03
  -9.7078090e-03
  -1.0031820e-02
  -1.2152470e-02
  -1.5621040e-02
  -1.8665860e-02
  -1.9353510e-02
  -1.6714750e-02
  -1.1247570e-02
  -5.9082120e-03
  -4.1440990e-03
  -5.8575860e-03
  -8.5590350e-03
  -1.0656120e-02
  -1.2227680e-02
  -1.4174300e-02
  -1.6219570e-02
  -1.7473890e-02
  -1.8027780e-02
  -1.7704540e-02
  -1.5950870e-02
  -1.2615580e-02
  -8.0290560e-03
  -3.6396950e-03
  -1.0371440e-03
  -1.1015240e-03
  -4.3438680e-03
  -1.0048590e-02
  -1.6461220e-02
  -2.2000620e-02
  -2.5637550e-02
  -2.6793190e-02
  -2.5013070e-02
  -2.0891200e-02
  -1.6190680e-02
  -1.1829940e-02
  -7.4593010e-03
  -2.8806560e-03
   7.4315260e-04
   1.7656100e-03
   1.1292260e-04
  -2.9318760e-03
  -5.6813400e-03
  -7.1653250e-03
  -8.4163810e-03
  -1.0255370e-02
  -1.1304050e-02
  -1.0355840e-02
  -8.0108660e-03
  -5.6111630e-03
  -4.2413420e-03
  -4.3408940e-03
  -5.9125100e-03
  -8.4378950e-03
  -1.0166730e-02
  -9.4422780e-03
  -6.8462960e-03
  -4.1260960e-03
  -2.7480120e-03
  -4.1868550e-03
  -8.2255700e-03
  -1.1866550e-02
  -1.2627460e-02
  -1.0803350e-02
  -8.0175430e-03
  -6.2128520e-03
  -7.0593990e-03
  -1.0019940e-02
  -1.2887140e-02
  -1.4629970e-02
  -1.4896830e-02
  -1.2956330e-02
  -9.5211630e-03
  -6.6699660e-03
  -5.4242850e-03
  -5.0393900e-03
  -4.4242120e-03
  -3.3012760e-03
  -1.9838600e-03
  -1.3979220e-03
  -2.3770330e-03
  -3.9773520e-03
  -4.4121650e-03
  -3.2137950e-03
  -1.7861470e-03
  -2.1275710e-03
  -4.3073290e-03
  -6.5840290e-03
  -7.4951630e-03
  -6.3332780e-03
  -3.8290390e-03
  -1.9128430e-03
  -1.4656640e-03
  -2.2901060e-03
  -4.5433860e-03
  -7.7336950e-03
  -9.4791180e-03
  -7.9869390e-03
  -4.4307890e-03
  -8.7876310e-04
   1.3361450e-03
   1.5852870e-03
   9.3068220e-04
   8.2364590e-04
   1.2721150e-03
   2.0042100e-03
   3.0617350e-03
   4.1933690e-03
   4.9743630e-03
   4.9554830e-03
   3.4306810e-03
   4.7171620e-04
  -1.5813790e-03
  -7.3794780e-04
   1.5111430e-03
   3.0859030e-03
   4.1513120e-03
   5.0921240e-03
   5.6405970e-03
   6.1863200e-03
   7.0403240e-03
   7.2553110e-03
   5.5746840e-03
   2.3125340e-03
  -3.6103640e-04
  -7.4764930e-04
   1.0589400e-03
   3.9925290e-03
   6.4135830e-03
   7.5987130e-03
   8.7101370e-03
   1.0574000e-02
   1.2335620e-02
   1.2759910e-02
   1.1891120e-02
   1.0357400e-02
   8.1237870e-03
   6.2345930e-03
   5.9816990e-03
   6.1644330e-03
   5.7088920e-03
   5.2560610e-03
   4.6369960e-03
   3.6091420e-03
   3.6398370e-03
   5.7796530e-03
   8.7420750e-03
   1.0488010e-02
   9.9287030e-03
   6.6047480e-03
   1.1256140e-03
  -4.1872170e-03
  -7.4103780e-03
  -8.1463050e-03
  -6.2266990e-03
  -2.7998950e-03
  -6.2069540e-04
  -2.5223150e-04
   4.0957310e-04
   2.3689190e-03
   5.0296180e-03
   8.1519940e-03
   1.1316690e-02
   1.2981230e-02
   1.2175430e-02
   9.6428460e-03
   6.3027770e-03
   2.5060780e-03
  -9.7501130e-04
  -3.2804670e-03
  -3.8321500e-03
  -1.5992700e-03
   3.3309540e-03
   8.9103590e-03
   1.3346130e-02
   1.5668480e-02
   1.5638500e-02
   1.3683170e-02
   1.0397460e-02
   7.6858690e-03
   7.4131940e-03
   9.0507590e-03
   1.1169190e-02
   1.2149270e-02
   1.0543070e-02
   6.9575930e-03
   3.3253470e-03
   1.2408210e-03
   1.4081770e-03
   3.1369070e-03
   5.1456700e-03
   6.5969020e-03
   7.1733860e-03
   7.1744870e-03
   6.9574320e-03
   6.6267990e-03
   6.4065660e-03
   6.2321000e-03
   6.2596760e-03
   7.2046110e-03
   8.5436590e-03
   9.0055700e-03
   8.6720240e-03
   7.8598810e-03
   6.1052440e-03
   3.8531730e-03
   2.6842170e-03
   2.9971900e-03
   3.0718520e-03
   1.1577430e-03
  -2.0978960e-03
  -4.6416970e-03
  -5.9287750e-03
  -5.9438870e-03
  -3.5290730e-03
   8.0893580e-04
   4.0564080e-03
   4.3368700e-03
   2.5714420e-03
   1.9887950e-04
  -2.4772720e-03
  -4.4663970e-03
  -4.2078290e-03
  -2.9713100e-03
  -3.7300040e-03
  -6.5161440e-03
  -8.5650790e-03
  -8.2956330e-03
  -5.8411500e-03
  -8.8076780e-04
   5.6516920e-03
   9.8273980e-03
   9.1738840e-03
   5.4866340e-03
   1.4426400e-03
  -1.4748980e-03
  -2.5804000e-03
  -1.9945830e-03
   2.2995120e-05
   3.1370990e-03
   5.9186800e-03
   6.7491290e-03
   5.7444660e-03
   3.6536420e-03
   2.2711420e-04
  -3.4971140e-03
  -4.9314190e-03
  -4.0540920e-03
  -2.6348410e-03
  -9.0122160e-04
   5.0735980e-04
   5.1642060e-04
   8.0638620e-04
   3.1782980e-03
   5.8113140e-03
   5.9690150e-03
   3.7427690e-03
   9.4630910e-04
  -1.2426240e-03
  -1.9510080e-03
  -1.0300590e-03
  -6.3953980e-05
  -1.5773300e-04
  -2.1556430e-04
   6.8619830e-04
   1.6013860e-03
   1.8338000e-03
   1.7286800e-03
   1.2167300e-03
   3.4060660e-04
  -1.9909190e-04
  -3.2331740e-04
  -8.0940460e-04
  -1.6355660e-03
  -2.0162080e-03
  -2.6001310e-03
  -4.2380730e-03
  -5.2192910e-03
  -3.4239340e-03
   4.1707900e-04
   3.7802930e-03
   5.2753770e-03
   4.9949960e-03
   3.5990530e-03
   2.6790540e-03
   2.7426790e-03
   1.6882590e-03
  -8.4025390e-04
  -2.4287650e-03
  -2.6556410e-03
  -2.8125810e-03
  -2.5417530e-03
  -1.7877110e-03
  -2.9373020e-03
  -6.5763920e-03
  -9.2963310e-03
  -8.7500290e-03
  -6.2483610e-03
  -3.8218740e-03
  -2.2281410e-03
  -1.9106960e-03
  -3.2587700e-03
  -5.0477820e-03
  -5.5815540e-03
  -4.9093680e-03
  -3.7380440e-03
  -2.5277450e-03
  -2.1828330e-03
  -3.3445720e-03
  -4.9916660e-03
  -5.6245780e-03
  -5.4003350e-03
  -4.9190430e-03
  -3.5828490e-03
  -9.9620660e-04
   2.2176870e-03
   5.4823150e-03
   7.8800600e-03
   7.7973800e-03
   5.4443300e-03
   3.0898270e-03
   1.3424090e-03
  -7.7571260e-04
  -2.8957690e-03
  -4.3962830e-03
  -5.8796650e-03
  -7.7039260e-03
  -9.1446880e-03
  -9.0212470e-03
  -6.8135020e-03
  -3.2304320e-03
   1.9682230e-04
   1.9475520e-03
   1.9071430e-03
   1.1954160e-03
   5.2559890e-04
   1.0888670e-04
  -1.2034620e-04
  -4.0751270e-04
  -5.5213260e-04
  -6.1231570e-04
  -1.4664090e-03
  -3.4746740e-03
  -5.7579710e-03
  -7.1193330e-03
  -7.0460500e-03
  -5.8135850e-03
  -3.9427330e-03
  -1.9107130e-03
  -8.1883920e-05
   9.7540310e-04
   1.5052940e-04
  -2.8024030e-03
  -6.2418450e-03
  -8.3991130e-03
  -9.0402310e-03
  -8.6755400e-03
  -7.2802980e-03
  -4.7634940e-03
  -1.3252710e-03
   2.7209130e-03
   6.4517720e-03
   8.9713110e-03
   9.8242900e-03
   8.6691450e-03
   6.3557940e-03
   4.5643780e-03
   3.6674520e-03
   2.6006020e-03
   4.2049220e-04
  -2.7501660e-03
  -5.6682820e-03
  -6.3598230e-03
  -3.6981450e-03
   7.6693010e-04
   4.0360300e-03
   4.7806000e-03
   3.9211600e-03
   3.4163890e-03
   4.7689940e-03
   7.0989750e-03
   8.3140850e-03
   7.6652070e-03
   5.5148550e-03
   2.9797740e-03
   1.1493640e-03
  -5.1821670e-05
  -8.9263660e-04
  -1.2926700e-03
  -1.1991330e-03
  -6.1753950e-04
   4.1280890e-05
  -6.0352930e-05
  -1.2742990e-03
  -3.0251900e-03
  -4.5934650e-03
  -5.2287130e-03
  -4.0832420e-03
  -1.6284110e-03
   2.8143080e-04
   1.1723100e-03
   2.4354410e-03
   3.5954330e-03
   2.3095980e-03
  -5.4053140e-04
  -1.2163460e-03
   1.0635070e-03
   3.8394070e-03
   6.0570720e-03
   8.0762540e-03
   8.6237740e-03
   6.3275690e-03
   2.4929590e-03
   1.2550160e-05
   9.1178840e-04
   4.6411390e-03
   8.6484390e-03
   1.0395930e-02
   8.0106840e-03
   1.9781060e-03
  -3.6879050e-03
  -5.2784120e-03
  -2.8345220e-03
   1.5070680e-03
   6.0131950e-03
   9.0164270e-03
   8.3974520e-03
   4.0200510e-03
  -1.0876200e-03
  -3.9413740e-03
  -3.7534710e-03
  -1.2520830e-03
   1.9507510e-03
   5.2408410e-03
   9.2943890e-03
   1.2297450e-02
   1.1366600e-02
   7.9109030e-03
   4.8270720e-03
   2.4575910e-03
   9.5294400e-04
   7.0352300e-04
   5.7849570e-04
  -5.5258380e-04
  -1.4873750e-03
  -7.2417050e-04
  -1.2645310e-04
  -1.4566660e-03
  -2.4753120e-03
  -1.5832720e-03
   2.2944210e-04
   2.6045660e-03
   4.4454990e-03
   2.9211020e-03
  -1.9762280e-03
  -5.6689430e-03
  -4.7629000e-03
  -1.3044910e-03
   1.2261870e-03
   2.0079080e-03
   1.7809190e-03
   1.2804140e-03
   8.3110060e-04
  -5.0644070e-05
  -2.3038010e-03
  -5.2218090e-03
  -6.1262500e-03
  -4.3087920e-03
  -1.7775600e-03
   3.8648800e-04
   1.5915550e-03
   8.7024910e-04
  -8.8329150e-04
  -2.3977720e-03
  -3.7495560e-03
  -4.5896240e-03
  -4.3699670e-03
  -4.0442220e-03
  -5.6368380e-03
  -8.8401110e-03
  -1.0421380e-02
  -9.6282790e-03
  -7.9888440e-03
  -4.6923600e-03
   2.8404690e-05
   2.8405940e-03
   3.1955680e-03
   3.7375510e-03
   4.8412100e-03
   4.4954960e-03
   1.9859530e-03
  -1.3074760e-03
  -4.2175320e-03
  -6.3792940e-03
  -6.6022130e-03
  -4.2186160e-03
  -6.3284380e-04
   2.5213920e-03
   4.5348240e-03
   5.0678580e-03
   3.4637420e-03
  -3.0867200e-04
  -4.1275790e-03
  -5.7479990e-03
  -4.9727420e-03
  -2.5974280e-03
  -2.7838040e-05
   1.0903770e-03
   1.1322720e-03
   2.0284930e-03
   3.8557850e-03
   4.8653520e-03
   4.6827500e-03
   4.5450930e-03
   4.5246060e-03
   3.2636880e-03
   8.7492710e-04
  -6.9694010e-04
  -8.5188370e-04
  -1.0570530e-03
  -1.9393360e-03
  -2.7840350e-03
  -4.0374440e-03
  -6.2477970e-03
  -7.4795190e-03
  -6.1337460e-03
  -3.4852380e-03
  -7.6468250e-04
   2.2106520e-03
   5.3146290e-03
   7.7997980e-03
   8.7865290e-03
   7.7759140e-03
   4.8951420e-03
   7.2545230e-04
  -3.2717180e-03
  -5.4953800e-03
  -5.8096390e-03
  -5.2077700e-03
  -4.2845340e-03
  -2.4861380e-03
   6.9440110e-04
   4.0328940e-03
   5.5977940e-03
   4.5855580e-03
   8.6979650e-04
  -4.7851380e-03
  -9.4319500e-03
  -1.0480380e-02
  -8.6983050e-03
  -5.6815700e-03
  -1.8061600e-03
   1.8584680e-03
   3.7504990e-03
   3.3357710e-03
   1.1224980e-03
  -1.2518240e-03
  -2.8796260e-03
  -4.8712920e-03
  -7.3634620e-03
  -8.6460130e-03
  -8.1225650e-03
  -7.5567440e-03
  -8.7658080e-03
  -1.0532070e-02
  -1.0334010e-02
  -7.6800420e-03
  -3.3202030e-03
   8.9885700e-04
   2.4837110e-03
   1.0852030e-03
  -2.2068240e-03
  -6.3832570e-03
  -9.9260110e-03
  -1.1463910e-02
  -1.0673550e-02
  -8.8558530e-03
  -8.2786410e-03
  -9.4910590e-03
  -1.1258820e-02
  -1.2193890e-02
  -1.0970380e-02
  -8.2414150e-03
  -6.4814510e-03
  -5.8954000e-03
  -5.1122430e-03
  -4.4075840e-03
  -4.5304580e-03
  -5.0367210e-03
  -5.2844820e-03
  -5.4472960e-03
  -5.3966290e-03
  -4.6723880e-03
  -4.3520650e-03
  -5.8122860e-03
  -8.4469060e-03
  -1.0312930e-02
  -9.6258120e-03
  -6.5430510e-03
  -3.2548580e-03
  -8.2247990e-04
   9.4963710e-04
   8.1131290e-04
  -2.2067440e-03
  -6.3166490e-03
  -9.1182580e-03
  -1.0065040e-02
  -9.5368630e-03
  -7.5732860e-03
  -4.8699540e-03
  -2.2867020e-03
   9.0278200e-04
   5.3032810e-03
   9.4847680e-03
   1.1648540e-02
   1.1658710e-02
   9.9542500e-03
   6.2722280e-03
   2.0084930e-03
   6.3068180e-05
   3.5093980e-04
   3.2034580e-04
  -7.2695820e-04
  -1.6578220e-03
  -1.5220670e-03
   6.3160710e-04
   5.5085360e-03
   1.1833540e-02
   1.6733520e-02
   1.8694430e-02
   1.8297090e-02
   1.5977950e-02
   1.1897480e-02
   7.0734370e-03
   2.3569080e-03
  -1.7405580e-03
  -3.9819740e-03
  -3.2221780e-03
   1.8171100e-04
   4.7329800e-03
   9.2133320e-03
   1.3264760e-02
   1.6705910e-02
   1.8692430e-02
   1.8368110e-02
   1.6102600e-02
   1.2822960e-02
   9.1131610e-03
   5.5170490e-03
   2.8235150e-03
   2.1787170e-03
   3.8874790e-03
   6.4610830e-03
   8.3076750e-03
   9.1078220e-03
   9.4641700e-03
   9.6822560e-03
   9.2175260e-03
   8.2856530e-03
   7.8963680e-03
   7.8221540e-03
   7.1467860e-03
   6.3470910e-03
   6.8592920e-03
   8.4068560e-03
   8.9918720e-03
   7.8847510e-03
   5.5170020e-03
   2.1424200e-03
  -8.0222340e-04
  -1.3053800e-03
   9.7059280e-04
   4.9772540e-03
   9.3642720e-03
   1.2601740e-02
   1.2741480e-02
   9.1688650e-03
   4.6007030e-03
   1.9973510e-03
   1.0692370e-03
   3.8257750e-04
   6.5119930e-05
   2.9666980e-04
  -3.1463170e-04
  -1.8083040e-03
  -1.7318670e-03
   5.9193620e-04
   3.4431890e-03
   5.6482060e-03
   6.4070150e-03
   4.9622780e-03
   1.5873450e-03
  -2.1896500e-03
  -4.3825470e-03
  -4.4594450e-03
  -3.2975630e-03
  -1.2517120e-03
   1.3154700e-03
   3.0427770e-03
   2.6926060e-03
   3.2422180e-04
  -2.5183510e-03
  -4.1309600e-03
  -4.1491160e-03
  -2.6385250e-03
   8.7889820e-04
   6.2310050e-03
   1.1813260e-02
   1.5241210e-02
   1.4301550e-02
   8.1556330e-03
  -1.2231620e-03
  -9.2686720e-03
  -1.2363140e-02
  -1.0758900e-02
  -6.9180010e-03
  -2.5905600e-03
   1.1320100e-03
   2.9847560e-03
   3.3919030e-03
   4.6540460e-03
   7.5080260e-03
   1.0731580e-02
   1.3119660e-02
   1.3079700e-02
   9.0640000e-03
   2.1011570e-03
  -4.5325750e-03
  -8.4810730e-03
  -9.1727100e-03
  -6.6950800e-03
  -2.1159570e-03
   2.6550070e-03
   6.5713430e-03
   9.1548120e-03
   9.4937440e-03
   7.1242100e-03
   2.1346090e-03
  -4.9664440e-03
  -1.2465920e-02
  -1.7854570e-02
  -1.9256800e-02
  -1.6721330e-02
  -1.1468360e-02
  -4.3249640e-03
   3.3834480e-03
   9.6782600e-03
   1.3028030e-02
   1.1971600e-02
   6.0523330e-03
  -2.4736440e-03
  -9.9105870e-03
  -1.3569890e-02
  -1.2003530e-02
  -5.1944320e-03
   2.7093020e-03
   5.0050710e-03
   2.2530490e-04
  -6.6258080e-03
  -1.1407080e-02
  -1.4098210e-02
  -1.5168590e-02
  -1.3875100e-02
  -1.0533840e-02
  -5.9286390e-03
   2.5252290e-04
   6.7173130e-03
   1.0212360e-02
   9.0215810e-03
   3.5970750e-03
  -3.9779740e-03
  -1.0395510e-02
  -1.3514440e-02
  -1.3046640e-02
  -9.4162530e-03
  -4.3927730e-03
  -3.2716040e-04
   2.2253810e-03
   3.4871310e-03
   2.7572680e-03
  -1.4603460e-04
  -4.1973410e-03
  -8.9809980e-03
  -1.4224360e-02
  -1.7295000e-02
  -1.5454000e-02
  -1.0302410e-02
  -5.6401500e-03
  -2.6217980e-03
  -7.5947390e-04
  -4.1083860e-04
  -1.5567670e-03
  -3.5635480e-03
  -6.3120590e-03
  -9.4581260e-03
  -1.1711550e-02
  -1.1671180e-02
  -9.9930980e-03
  -9.0710810e-03
  -9.1188990e-03
  -8.4214970e-03
  -6.7339560e-03
  -4.8756610e-03
  -3.6527510e-03
  -3.6959010e-03
  -4.6460470e-03
  -5.6400680e-03
  -6.0145730e-03
  -5.1844160e-03
  -2.9973630e-03
  -9.1726170e-05
   2.1862180e-03
   2.4509130e-03
   4.6935600e-04
  -2.6013490e-03
  -5.4364570e-03
  -7.3288450e-03
  -7.8993890e-03
  -7.0767470e-03
  -5.1638960e-03
  -2.2210690e-03
   1.5908740e-03
   3.8715640e-03
   9.9979800e-04
  -6.7748680e-03
  -1.5060730e-02
  -2.0284810e-02
  -2.1244620e-02
  -1.7874970e-02
  -1.1498950e-02
  -4.4338680e-03
   1.9571560e-03
   6.7777900e-03
   8.2849400e-03
   6.7514330e-03
   4.9079000e-03
   3.1358820e-03
   2.1744960e-04
  -2.5564580e-03
  -3.4981510e-03
  -3.2935840e-03
  -2.8313490e-03
  -1.8237650e-03
  -9.4898870e-04
  -1.4670430e-03
  -2.6039100e-03
  -3.0599040e-03
  -2.6871840e-03
  -1.3514200e-03
   3.0194530e-04
   5.8270810e-04
  -2.4365410e-04
   1.0708080e-03
   6.4113730e-03
   1.2783810e-02
   1.6027920e-02
   1.4904200e-02
   1.0675790e-02
   5.8432640e-03
   1.3491710e-03
  -3.1803240e-03
  -5.4814210e-03
  -3.5697740e-03
   6.8551440e-04
   5.3709710e-03
   9.9371170e-03
   1.3020750e-02
   1.3388940e-02
   1.1747610e-02
   9.9057340e-03
   9.2648240e-03
   1.0043990e-02
   1.0432960e-02
   8.0514410e-03
   2.8703070e-03
  -2.8141300e-03
  -6.4097750e-03
  -6.8966250e-03
  -4.8946530e-03
  -1.4313660e-03
   1.9302240e-03
   3.6063870e-03
   3.6122420e-03
   3.6390130e-03
   5.7099720e-03
   1.0073570e-02
   1.4675330e-02
   1.6766600e-02
   1.4560750e-02
   9.1801360e-03
   3.9898990e-03
   9.0302190e-04
  -2.0342630e-04
   3.3464640e-04
   2.0063230e-03
   4.0672970e-03
   6.3949060e-03
   9.0050260e-03
   1.1349560e-02
   1.3052730e-02
   1.3872320e-02
   1.3689900e-02
   1.3160170e-02
   1.2188250e-02
   9.2503100e-03
   4.3204040e-03
   3.8040010e-04
   4.8021040e-04
   4.1900810e-03
   8.3589800e-03
   1.0935130e-02
   1.2215390e-02
   1.3037820e-02
   1.3476970e-02
   1.2904540e-02
   1.0992810e-02
   8.4871270e-03
   5.7544820e-03
   1.9020010e-03
  -2.9158700e-03
  -6.6560060e-03
  -7.4257320e-03
  -4.4639570e-03
   1.8577800e-03
   9.6140320e-03
   1.5051300e-02
   1.4499690e-02
   8.6939550e-03
   2.7802250e-03
  -1.0073890e-04
  -1.4021110e-03
  -2.5959280e-03
  -3.0955670e-03
  -2.8328430e-03
  -2.6434360e-03
  -2.4033690e-03
  -1.4913640e-03
  -7.9360140e-04
  -1.5625360e-03
  -2.9275740e-03
  -3.4279630e-03
  -2.6725820e-03
  -4.8670860e-04
   2.1334960e-03
   2.8288920e-03
   9.9630210e-04
  -1.8080400e-03
  -5.1331820e-03
  -9.3019710e-03
  -1.2378710e-02
  -1.1980160e-02
  -8.7331630e-03
  -5.1846080e-03
  -2.7753430e-03
  -5.7718060e-04
   2.4745020e-03
   4.9241620e-03
   4.7314560e-03
   1.6208810e-03
  -3.5581240e-03
  -9.1586190e-03
  -1.2984170e-02
  -1.3720290e-02
  -1.2146440e-02
  -9.7365410e-03
  -6.6047000e-03
  -3.6231380e-03
  -3.2937170e-03
  -5.7012880e-03
  -7.7923640e-03
  -6.8578260e-03
  -2.5090960e-03
   3.4482790e-03
   8.3595750e-03
   1.0421540e-02
   9.7409080e-03
   7.6763020e-03
   4.9975090e-03
   1.9329520e-03
  -8.1998380e-04
  -3.1621300e-03
  -6.2271740e-03
  -1.0137260e-02
  -1.2819340e-02
  -1.2295770e-02
  -8.4082190e-03
  -2.2153070e-03
   3.8695720e-03
   5.6915650e-03
   5.7446650e-04
  -8.7362770e-03
  -1.6282060e-02
  -1.8289160e-02
  -1.4660880e-02
  -7.9279960e-03
  -1.9050520e-03
   8.9081430e-04
   7.1774890e-04
  -4.6841590e-04
  -9.9358540e-04
  -1.0872520e-03
  -1.8752370e-03
  -3.3227450e-03
  -5.1091640e-03
  -7.3415130e-03
  -8.8057570e-03
  -7.2014940e-03
  -2.2955980e-03
   3.1717890e-03
   6.5749240e-03
   7.3823130e-03
   5.9181480e-03
   2.9196830e-03
  -1.2505080e-04
  -2.6577480e-03
  -5.5509700e-03
  -8.6680380e-03
  -1.0201810e-02
  -8.9701490e-03
  -6.2740890e-03
  -4.6734830e-03
  -5.1011730e-03
  -7.0186080e-03
  -9.7588560e-03
  -1.1830570e-02
  -1.1342990e-02
  -7.4043190e-03
  -9.2279790e-04
   5.0937710e-03
   7.6074590e-03
   6.1128150e-03
   2.4482840e-03
  -8.4414590e-04
  -1.7413250e-03
   1.0535940e-04
   2.6250870e-03
   2.9920320e-03
   7.1576530e-05
  -5.2417430e-03
  -1.0278410e-02
  -1.1812630e-02
  -9.1122920e-03
  -4.4072840e-03
  -2.3956450e-04
   2.0933100e-03
   2.4210980e-03
   1.2763460e-03
  -7.1047640e-05
  -1.6650090e-04
   5.6351080e-04
   2.6656530e-04
  -9.7038500e-04
  -1.6037950e-03
  -1.6918270e-03
  -2.5276210e-03
  -4.3598570e-03
  -5.4392610e-03
  -4.1831660e-03
  -1.3207100e-03
   2.1015930e-03
   5.4345570e-03
   6.9220480e-03
   5.5887890e-03
   2.8471080e-03
   2.1551400e-04
  -2.6570970e-03
  -6.5819160e-03
  -1.0017690e-02
  -1.0117870e-02
  -6.6236680e-03
  -1.5784890e-03
   3.1829500e-03
   6.1213650e-03
   6.2511170e-03
   4.0312830e-03
   1.1962970e-03
  -4.9233460e-04
  -4.1075290e-04
   1.0705430e-03
   2.1083780e-03
   1.6647380e-04
  -4.3110530e-03
  -8.0326440e-03
  -8.7514920e-03
  -6.2695500e-03
  -1.6409920e-03
   2.5171980e-03
   3.1578320e-03
   4.7308620e-04
  -1.9237350e-03
  -2.0192770e-03
  -5.6826580e-04
   2.4613470e-03
   7.0484780e-03
   1.0785170e-02
   1.1926610e-02
   1.1430490e-02
   1.0150520e-02
   7.4663840e-03
   3.2727180e-03
  -8.5525570e-04
  -3.4123650e-03
  -4.0914060e-03
  -2.7503550e-03
  -8.8562050e-05
   1.9120300e-03
   2.7792360e-03
   4.2524360e-03
   7.2368050e-03
   1.0715470e-02
   1.3210500e-02
   1.3305220e-02
   1.0800200e-02
   7.7803240e-03
   5.9703160e-03
   5.3184970e-03
   6.2008570e-03
   8.9362320e-03
   1.1876470e-02
   1.3095710e-02
   1.2012100e-02
   8.8177170e-03
   5.1159540e-03
   3.3171820e-03
   3.4692370e-03
   4.0196670e-03
   5.1666680e-03
   7.6885840e-03
   9.9820330e-03
   9.5537180e-03
   6.8504190e-03
   4.5368810e-03
   3.9919130e-03
   5.2073710e-03
   7.5720290e-03
   9.8530740e-03
   1.1076500e-02
   1.0546120e-02
   7.8174170e-03
   3.6393490e-03
  -7.4557040e-05
  -1.7256040e-03
  -1.2630820e-03
   9.4692770e-04
   4.8731180e-03
   9.3622840e-03
   1.3132080e-02
   1.6131610e-02
   1.7410870e-02
   1.5449270e-02
   1.0879220e-02
   5.2575320e-03
  -7.7094400e-04
  -6.0468450e-03
  -8.5912370e-03
  -7.9553140e-03
  -5.9454650e-03
  -4.5376440e-03
  -3.8618520e-03
  -2.9185680e-03
  -1.5763030e-03
  -6.0451820e-05
   1.6092620e-03
   2.4632540e-03
   1.5076840e-03
  -8.8669740e-04
  -3.1603610e-03
  -3.4081660e-03
  -1.6690060e-03
  -3.6725550e-04
  -1.4503730e-03
  -4.5889580e-03
  -7.8548250e-03
  -9.4911910e-03
  -9.0663140e-03
  -7.3748350e-03
  -5.5518850e-03
  -4.1448220e-03
  -3.2924910e-03
  -2.7259900e-03
  -2.0565930e-03
  -2.2448240e-03
  -4.6518520e-03
  -8.8952150e-03
  -1.3071000e-02
  -1.4925330e-02
  -1.3044380e-02
  -7.9541150e-03
  -2.2141670e-03
   1.5039600e-03
   2.3128840e-03
   1.3784490e-04
  -4.6508380e-03
  -1.0127080e-02
  -1.4052900e-02
  -1.5728350e-02
  -1.5869320e-02
  -1.5185890e-02
  -1.3455650e-02
  -1.0653570e-02
  -7.7756070e-03
  -6.0664490e-03
  -6.2367430e-03
  -7.4707320e-03
  -7.6970980e-03
  -5.8766690e-03
  -3.1687370e-03
  -1.4469260e-03
  -1.2594050e-03
  -2.4233600e-03
  -5.3387320e-03
  -9.3814660e-03
  -1.2093130e-02
  -1.1825490e-02
  -9.5004210e-03
  -7.5063260e-03
  -7.7948480e-03
  -1.0419140e-02
  -1.3266720e-02
  -1.3734340e-02
  -1.1709180e-02
  -9.9280010e-03
  -9.9994860e-03
  -1.1072740e-02
  -1.2528620e-02
  -1.3457580e-02
  -1.1919100e-02
  -7.8525750e-03
  -2.9930020e-03
   1.8412480e-03
   5.9177440e-03
   7.2864750e-03
   5.1189500e-03
   1.4331030e-03
  -1.7092150e-03
  -4.4218720e-03
  -6.5945540e-03
  -7.0250570e-03
  -5.4096230e-03
  -1.7954290e-03
   3.6722410e-03
   9.0806760e-03
   1.2022000e-02
   1.2336010e-02
   1.1403520e-02
   9.4035360e-03
   5.8753770e-03
   2.2175450e-03
   2.7001850e-04
  -2.1257250e-04
  -2.6666390e-04
  -2.1246370e-06
   5.1435130e-04
   8.9449160e-04
   1.5077630e-03
   3.2161400e-03
   6.3110600e-03
   9.9766320e-03
   1.2702780e-02
   1.4087590e-02
   1.5065540e-02
   1.6109020e-02
   1.6540650e-02
   1.5279120e-02
   1.2261710e-02
   8.5612650e-03
   5.0744760e-03
   2.9067600e-03
   3.8046400e-03
   8.0675980e-03
   1.2813620e-02
   1.4415820e-02
   1.2824780e-02
   1.0434350e-02
   8.3823470e-03
   7.7122430e-03
   9.6571320e-03
   1.2820200e-02
   1.4290490e-02
   1.3246450e-02
   1.1586360e-02
   1.0917000e-02
   1.0558200e-02
   9.9343350e-03
   9.4928540e-03
   8.4921410e-03
   6.1082760e-03
   3.7682600e-03
   3.2342660e-03
   4.2176660e-03
   5.5280070e-03
   7.0184290e-03
   9.2810230e-03
   1.1927120e-02
   1.3689480e-02
   1.4015190e-02
   1.2928130e-02
   1.0693240e-02
   8.0365970e-03
   4.9144720e-03
   7.4400010e-04
  -3.8703900e-03
  -7.7060100e-03
  -9.3752270e-03
  -7.0466760e-03
  -3.7406430e-04
   8.1284070e-03
   1.4669200e-02
   1.6857750e-02
   1.5170340e-02
   1.1478550e-02
   7.1199320e-03
   3.3828710e-03
   1.7138350e-03
   2.3341430e-03
   3.9438180e-03
   4.8108740e-03
   3.8364630e-03
   1.5987040e-03
   3.2461150e-04
   1.4177000e-03
   3.4407030e-03
   4.1456740e-03
   3.6019670e-03
   3.6703450e-03
   5.4612950e-03
   8.3211520e-03
   1.0087400e-02
   8.4357320e-03
   3.5637090e-03
  -1.5837600e-03
  -5.0497520e-03
  -7.2359970e-03
  -8.1906410e-03
  -7.2908390e-03
  -5.2958020e-03
  -3.6601560e-03
  -2.2993730e-03
   1.5975130e-04
   3.8479190e-03
   7.3195500e-03
   9.7896210e-03
   1.0659660e-02
   8.4771750e-03
   3.5368330e-03
  -1.8091020e-03
  -6.4956970e-03
  -1.0407030e-02
  -1.2012400e-02
  -1.0329390e-02
  -7.1436360e-03
  -4.4246180e-03
  -2.2012570e-03
  -4.6927430e-04
   5.5685660e-05
  -3.6249100e-04
  -9.9919730e-04
  -2.0317900e-03
  -3.1751750e-03
  -3.2745040e-03
  -2.5631750e-03
  -2.9853470e-03
  -5.6989320e-03
  -9.6283980e-03
  -1.2487670e-02
  -1.2805840e-02
  -1.1672020e-02
  -1.1323600e-02
  -1.1152730e-02
  -8.6988980e-03
  -5.5588460e-03
  -5.7600920e-03
  -6.5232970e-03
  -4.1250950e-03
  -5.9794700e-03
  -1.3412590e-02
  -1.4514810e-02
  -1.3144210e-02
  -1.8374940e-02
  -1.7236900e-02
  -6.3449330e-03
  -5.7371700e-03
  -1.7391640e-02
  -1.9613680e-02
  -1.0623630e-02
  -1.0930260e-02
  -1.4886840e-02
  -5.0230890e-03
   8.4966790e-04
  -9.0417870e-03
  -1.1787500e-02
  -2.3246840e-03
  -4.9598860e-04
  -7.8917240e-03
  -1.1426520e-02
  -1.3739410e-02
  -1.7039400e-02
  -1.1017530e-02
  -8.7271460e-03
  -1.7750180e-02
  -8.1778740e-03
   9.6045650e-03
  -2.1906160e-03
  -1.7722580e-02
  -9.5891550e-03
  -4.8310280e-03
  -1.2181510e-02
  -1.0467290e-02
  -4.5362100e-04
   1.0854490e-03
  -5.0805820e-03
  -5.2231490e-03
  -1.4698750e-03
  -2.8720700e-03
  -3.0727130e-03
  -5.0266010e-04
  -5.0260450e-03
  -1.3634270e-02
  -1.7221180e-02
  -1.6290080e-02
  -9.0630840e-03
   5.0547780e-03
   1.0810650e-02
   3.8721790e-03
   2.2954540e-03
   6.3030960e-03
   3.0196370e-03
   7.0110710e-04
   6.2884360e-03
   8.7302230e-03
   5.0579750e-03
   1.7240050e-03
  -1.0496790e-03
  -1.6915360e-03
   2.8540920e-03
   6.3208170e-03
   3.1965790e-03
  -3.3614490e-03
  -1.0239990e-02
  -1.4653400e-02
  -1.0475740e-02
   4.4527410e-03
   1.9310250e-02
   2.0235080e-02
   1.1139550e-02
   1.7844240e-03
  -1.0344840e-02
  -1.9829010e-02
  -1.6150930e-02
  -6.8453020e-03
   6.5506030e-04
   7.3383500e-03
   1.0097650e-02
   8.6296580e-03
   6.4230110e-03
   6.3208990e-03
   7.6613820e-03
   4.2470300e-03
  -1.9960390e-03
  -3.1840000e-03
  -1.1552390e-03
   8.9630660e-04
   4.4174010e-03
   7.6643700e-03
   7.8420190e-03
   5.1868860e-03
   2.3326510e-03
   2.4850270e-03
   3.6226120e-03
   1.6859690e-03
  -1.4443030e-03
  -4.0389310e-03
  -5.5124740e-03
  -2.2794060e-03
   2.3396290e-03
   1.2620250e-03
  -2.2555330e-03
  -2.5249500e-03
  -3.3909420e-04
   3.0759720e-03
   7.1067190e-03
   9.2660280e-03
   8.2750640e-03
   4.5229330e-03
  -2.4971090e-03
  -1.0165650e-02
  -1.0916930e-02
  -2.7268650e-03
   6.6019580e-03
   9.9361890e-03
   6.1975870e-03
  -1.5857830e-03
  -6.6485760e-03
  -4.5029700e-03
   1.5611650e-03
   6.1091610e-03
   7.4018430e-03
   6.2142130e-03
   1.6443120e-03
  -6.4280440e-03
  -1.1081330e-02
  -7.6242110e-03
  -2.3061350e-03
   5.0189180e-04
   2.9292070e-03
   3.3604500e-03
   4.0151880e-04
  -1.4663620e-03
  -4.8530930e-04
  -3.3508310e-04
  -3.0415580e-03
  -6.6961580e-03
  -8.5003950e-03
  -5.9592860e-03
   1.4837690e-03
   8.9521510e-03
   9.9233810e-03
   4.2607260e-03
  -2.3666730e-03
  -6.3618050e-03
  -7.6056020e-03
  -4.4987580e-03
   1.3750200e-03
   2.4586410e-03
  -1.9775210e-03
  -3.6694340e-03
  -1.3477630e-03
  -2.0087790e-03
  -4.9502560e-03
  -3.8412810e-03
   3.7723470e-04
   3.5855800e-03
   4.0829680e-03
   2.2906660e-03
   3.9115300e-04
  -1.1003150e-03
  -2.3536400e-03
  -3.5564970e-03
  -5.5065100e-03
  -5.9833440e-03
  -4.1759090e-03
  -3.9036800e-03
  -5.3680360e-03
  -4.2900440e-03
   7.9487390e-04
   7.3129850e-03
   1.2431620e-02
   1.3895260e-02
   9.5678610e-03
   2.3497230e-03
  -7.8321770e-04
   5.0850100e-04
   1.7129600e-04
  -3.4562020e-03
  -6.4625570e-03
  -7.3146290e-03
  -7.1203800e-03
  -3.6275030e-03
   4.4310080e-03
   1.1603160e-02
   1.3073030e-02
   1.0054300e-02
   5.4450070e-03
   1.4408130e-03
  -2.0469770e-04
   1.0773250e-03
   3.8215180e-03
   3.9125320e-03
  -3.1419730e-04
  -3.2078340e-03
  -9.9197350e-04
   1.7746410e-03
   2.9140880e-03
   6.4811410e-03
   1.2306160e-02
   1.3937380e-02
   9.0707360e-03
   3.6041660e-03
   1.7958400e-03
   3.1990540e-03
   8.4556490e-03
   1.3496000e-02
   1.2261400e-02
   1.0132590e-02
   1.1534390e-02
   1.0519430e-02
   7.9005770e-03
   9.0133860e-03
   9.4346680e-03
   5.4564660e-03
   2.5137010e-03
   3.8696370e-03
   5.5808230e-03
   5.3983830e-03
   5.4942420e-03
   4.5322120e-03
   3.7559340e-04
  -1.9396060e-03
   5.5562430e-04
   3.6579410e-03
   6.6600610e-03
   1.0513420e-02
   1.0628110e-02
   5.5181110e-03
   1.5005900e-03
   1.9394860e-03
   4.3576720e-03
   8.2603780e-03
   1.2574490e-02
   1.3038260e-02
   1.0091600e-02
   7.9311010e-03
   6.8550480e-03
   4.4641140e-03
   2.1635300e-03
   4.3847230e-03
   9.4307710e-03
   1.0743180e-02
   7.7685390e-03
   5.3990280e-03
   6.3671200e-03
   9.8627260e-03
   1.4148870e-02
   1.7222300e-02
   1.6697880e-02
   1.2265280e-02
   5.7899690e-03
  -5.8188040e-04
  -4.0872500e-03
  -3.2251920e-03
   6.4134130e-04
   4.0971490e-03
   3.8353500e-03
   1.5138300e-03
   3.0028970e-04
  -1.3386630e-03
  -3.4025760e-03
  -2.2215980e-03
   2.0382490e-03
   5.8319660e-03
   7.4134850e-03
   6.5724050e-03
   3.3007990e-03
  -1.6566570e-03
  -5.8142350e-03
  -6.5260020e-03
  -5.4372290e-03
  -5.3774200e-03
  -5.0062250e-03
  -3.6476630e-03
  -3.6808540e-03
  -5.5046620e-03
  -6.8897760e-03
  -7.0767980e-03
  -7.0742190e-03
  -6.5379250e-03
  -5.2499080e-03
  -4.8919710e-03
  -5.9746270e-03
  -6.8038560e-03
  -5.4201680e-03
  -1.2632240e-03
   3.5644370e-03
   5.9093470e-03
   4.9596260e-03
   2.3537280e-03
  -4.6061430e-04
  -3.8639620e-03
  -7.5833200e-03
  -8.6912960e-03
  -7.5805420e-03
  -8.1580560e-03
  -8.7716490e-03
  -6.6081040e-03
  -4.1062000e-03
  -2.2628510e-03
  -1.5823580e-03
  -4.7136790e-03
  -9.3760310e-03
  -1.0292650e-02
  -7.2095650e-03
  -3.6182900e-03
  -1.8336740e-03
  -2.8574340e-03
  -7.2302940e-03
  -1.2361770e-02
  -1.4375830e-02
  -1.3331450e-02
  -1.1432620e-02
  -9.5799330e-03
  -6.9918850e-03
  -3.5674490e-03
  -1.1781570e-03
   3.7863410e-05
   1.1024740e-04
  -1.9435440e-03
  -3.1405730e-03
  -1.2306390e-03
   7.0356330e-04
   1.6598170e-04
  -2.0617390e-03
  -3.8017410e-03
  -3.7592990e-03
  -2.3069330e-03
  -1.2344190e-03
  -3.7596240e-03
  -9.4770580e-03
  -1.3296260e-02
  -1.3021520e-02
  -9.9761240e-03
  -5.7489230e-03
  -3.1231600e-03
  -3.8386130e-03
  -5.0177430e-03
  -2.9539190e-03
  -1.2606490e-06
  -6.3064320e-04
  -4.3591070e-03
  -9.7224630e-03
  -1.6343110e-02
  -2.2828890e-02
  -2.7500160e-02
  -2.8827440e-02
  -2.7361680e-02
  -2.3165520e-02
  -1.3988270e-02
  -9.1235840e-04
   1.1750050e-02
   1.9994340e-02
   2.2852030e-02
   2.1347390e-02
   1.3149850e-02
  -8.7360620e-04
  -9.9110960e-03
  -3.2581630e-03
   1.7003290e-02
   3.7931750e-02
   4.8740850e-02
   3.7878170e-02
  -4.5260540e-03
  -5.7033840e-02
  -8.1135970e-02
  -7.2328660e-02
  -5.2269760e-02
  -2.6758330e-02
   1.1279720e-02
   4.9266200e-02
   6.3288980e-02
   5.4552980e-02
   3.5325260e-02
   3.7846890e-03
  -3.1179920e-02
  -4.5952620e-02
  -3.8498550e-02
  -2.7075230e-02
  -1.6877150e-02
  -1.4137740e-03
   1.3915560e-02
   2.0674610e-02
   2.4436470e-02
   2.6574030e-02
   1.3848300e-02
  -1.2780090e-02
  -2.9200850e-02
  -2.2604170e-02
  -5.5525290e-03
   9.8332950e-03
   2.2840100e-02
   3.0195630e-02
   2.8012130e-02
   2.1670020e-02
   1.4251300e-02
   4.1579550e-04
  -1.7101730e-02
  -2.6764210e-02
  -2.6838810e-02
  -2.2907550e-02
  -1.2801240e-02
   5.3496870e-03
   2.2593080e-02
   2.9709250e-02
   2.3618900e-02
   7.8576370e-03
  -5.5169050e-03
  -9.0280860e-03
  -6.2918130e-03
  -8.5143490e-05
   7.5791940e-03
   1.1831730e-02
   1.1976470e-02
   1.0427840e-02
   5.8842770e-03
  -4.2532960e-03
  -1.5730020e-02
  -1.8896390e-02
  -1.1036730e-02
   2.3512260e-03
   1.6337790e-02
   2.6128240e-02
   2.5044240e-02
   1.1861960e-02
  -2.6558930e-03
  -6.0689080e-03
   1.4795820e-03
   1.4781960e-02
   2.9293470e-02
   3.5000040e-02
   2.7882460e-02
   1.3932420e-02
  -4.3874420e-03
  -2.1753330e-02
  -2.7134390e-02
  -1.9427680e-02
  -6.8405120e-03
   3.5156330e-03
   1.0901030e-02
   1.9161730e-02
   2.4901610e-02
   2.0292190e-02
   6.3767960e-03
  -1.1419230e-02
  -2.6467330e-02
  -2.7786980e-02
  -1.2240690e-02
   7.5709640e-03
   1.9098800e-02
   2.2950630e-02
   2.2492520e-02
   1.6144960e-02
   8.2313140e-03
   6.5940690e-03
   7.9281710e-03
   5.8490900e-03
   2.4652580e-03
  -1.0217420e-03
  -6.0727950e-03
  -8.0507710e-03
  -3.7155950e-03
   8.9335000e-04
   7.0075860e-04
  -1.4265550e-03
  -2.2070570e-03
  -2.4857860e-03
  -3.5259060e-03
  -6.5730340e-03
  -1.2086630e-02
  -1.5181540e-02
  -9.9670240e-03
   1.7613140e-04
   5.6439690e-03
   5.9981730e-03
   9.4538210e-03
   1.5542490e-02
   1.7330650e-02
   1.4365180e-02
   7.7089840e-03
  -1.9219990e-03
  -9.4096260e-03
  -1.3358680e-02
  -1.7722360e-02
  -2.0614160e-02
  -1.6212460e-02
  -6.5602310e-03
   5.3867960e-04
   3.3796540e-03
   3.9290970e-03
  -6.5451620e-04
  -9.4575010e-03
  -1.2810340e-02
  -6.9287930e-03
   7.3626050e-04
   4.7492310e-03
   6.6677420e-03
   6.5711650e-03
   4.2168810e-03
   5.1968590e-03
   1.1317440e-02
   1.5025570e-02
   1.1646840e-02
   3.5011070e-03
  -7.0547970e-03
  -1.7742840e-02
  -2.2227480e-02
  -1.4449560e-02
   7.7298730e-04
   1.2995400e-02
   1.9523220e-02
   1.8530350e-02
   5.9772570e-03
  -1.0901170e-02
  -2.0590240e-02
  -2.2141170e-02
  -1.7533450e-02
  -7.0199520e-03
   4.4884270e-03
   1.1040970e-02
   1.1696220e-02
   8.1292170e-03
   1.3653350e-03
  -5.3639750e-03
  -6.2874880e-03
  -2.3099880e-03
  -8.6529220e-04
  -2.4430840e-03
   6.7338400e-04
   9.0884020e-03
   1.2467360e-02
   7.0301320e-03
  -7.8966500e-04
  -8.1986230e-03
  -1.3799420e-02
  -1.3484250e-02
  -7.0999000e-03
   2.5197520e-03
   1.2426150e-02
   1.9188310e-02
   1.8532800e-02
   7.4953900e-03
  -8.1327010e-03
  -1.8382320e-02
  -2.0120070e-02
  -1.3768040e-02
  -2.2846770e-03
   6.9963860e-03
   1.0447830e-02
   9.1399790e-03
   4.1257360e-03
  -1.7983700e-03
  -5.0659860e-03
  -4.4551090e-03
  -9.8488510e-04
   3.5537170e-03
   7.7579900e-03
   9.6926470e-03
   8.4611080e-03
   4.7268640e-03
  -1.2408170e-03
  -5.5269120e-03
  -2.9165950e-03
   3.5728740e-03
   6.4025240e-03
   3.3511960e-03
  -2.1029650e-03
  -6.9095440e-03
  -1.0938080e-02
  -1.2327220e-02
  -7.9740610e-03
  -5.1860980e-04
   4.2137740e-03
   3.9930580e-03
  -1.9001680e-04
  -5.0115730e-03
  -6.1678230e-03
  -1.8625250e-03
   5.4281580e-03
   9.9928870e-03
   8.1288020e-03
   4.6899020e-04
  -9.6245750e-03
  -1.6341870e-02
  -1.6956890e-02
  -1.5258630e-02
  -1.4294850e-02
  -1.2816450e-02
  -9.5236440e-03
  -4.4997400e-03
   1.4611000e-03
   5.7554350e-03
   6.4570210e-03
   4.8159110e-03
   1.9699880e-03
  -1.6885220e-03
  -4.6836880e-03
  -5.5149210e-03
  -4.6211720e-03
  -4.7998390e-03
  -5.3399430e-03
  -1.4889240e-03
   4.9535690e-03
   8.8231720e-03
   1.1055450e-02
   1.1517710e-02
   7.4224110e-03
   1.1034610e-03
  -4.8720780e-03
  -1.0978770e-02
  -1.3922400e-02
  -9.2937620e-03
  -2.1739340e-05
   7.2868720e-03
   9.9568540e-03
   6.9113760e-03
  -2.0045640e-03
  -1.1371040e-02
  -1.4755370e-02
  -1.1356880e-02
  -3.7556090e-03
   5.3949190e-03
   1.2353090e-02
   1.2402600e-02
   6.0347380e-03
  -7.6676500e-04
  -5.1503040e-03
  -6.2605930e-03
  -2.2837730e-03
   3.4789460e-03
   5.7068500e-03
   4.7213520e-03
   3.3211830e-03
   2.0440810e-03
  -3.6514690e-04
  -3.5339460e-03
  -4.5043480e-03
  -2.0534180e-03
   1.3628170e-03
   3.4813230e-03
   4.7956200e-03
   4.8595720e-03
   1.9864600e-03
  -1.5452920e-03
  -3.3510950e-03
  -4.4963700e-03
  -3.4262440e-03
   9.8847190e-04
   3.9094080e-03
   2.8932070e-03
   1.0753320e-03
  -1.0106170e-03
  -4.5087550e-03
  -6.7537470e-03
  -5.9841120e-03
  -4.5130150e-03
  -3.3652770e-03
  -1.8147080e-03
  -9.1213580e-04
  -1.0171970e-03
  -6.7044370e-04
   1.1721640e-04
   1.4382990e-03
   4.8967830e-03
   9.0190640e-03
   9.3618570e-03
   4.4196310e-03
  -3.0270800e-03
  -8.9629760e-03
  -1.0805290e-02
  -7.9983200e-03
  -1.5797940e-03
   4.9505800e-03
   7.9418010e-03
   8.0035730e-03
   7.0667730e-03
   5.3835610e-03
   4.6176760e-03
   5.2450900e-03
   3.6820590e-03
  -1.7603250e-03
  -9.0381400e-03
  -1.5144690e-02
  -1.6682140e-02
  -1.2757280e-02
  -6.2321590e-03
  -6.6172810e-04
   2.2744560e-03
   2.9955000e-03
   1.7054410e-03
  -1.1214740e-03
  -3.1723090e-03
  -3.8468900e-03
  -4.3687220e-03
  -3.6455560e-03
  -5.5227420e-04
   2.4891470e-03
   2.5455810e-03
   1.5673030e-04
  -1.7989170e-03
  -2.2850830e-03
  -3.3266600e-03
  -6.5179190e-03
  -1.0277230e-02
  -1.1669480e-02
  -9.5167130e-03
  -5.0966180e-03
   2.1453080e-05
   4.9268890e-03
   7.5737070e-03
   6.6741900e-03
   3.6621310e-03
  -1.7498640e-04
  -3.9455500e-03
  -6.0019800e-03
  -4.5851340e-03
   3.7925500e-04
   5.0948720e-03
   7.3734910e-03
   1.0242950e-02
   1.4151630e-02
   1.6128130e-02
   1.4722770e-02
   8.6902800e-03
   2.4007910e-05
  -3.4766970e-03
   1.8532130e-03
   8.7810980e-03
   8.5649500e-03
   1.9220180e-03
  -4.5107700e-03
  -7.7012480e-03
  -8.2056120e-03
  -5.5246650e-03
   3.0343520e-04
   5.8398800e-03
   7.9405900e-03
   7.7703360e-03
   7.4540360e-03
   6.3570620e-03
   3.9280930e-03
   2.2200790e-03
   2.3760820e-03
   1.7365860e-03
  -1.3856330e-03
  -3.8865720e-03
  -3.7034000e-03
  -2.9633990e-03
  -2.3382520e-03
   1.1877050e-04
   3.7837370e-03
   5.6589100e-03
   6.0103350e-03
   6.8998250e-03
   6.5927340e-03
   3.9405130e-03
   1.9060830e-03
   1.2616250e-03
   1.5130600e-03
   4.7568990e-03
   9.4651420e-03
   1.0196360e-02
   6.1294360e-03
   1.4993000e-03
  -1.6596320e-03
  -5.3426120e-03
  -8.3271550e-03
  -5.8849220e-03
   8.1244690e-04
   6.1098450e-03
   7.3783770e-03
   5.2555230e-03
   2.2805500e-03
   2.8723570e-04
  -8.3885130e-04
  -1.4572100e-03
  -2.8408850e-03
  -4.7375710e-03
  -4.0202170e-03
  -1.8089840e-03
  -3.2716470e-03
  -7.7841940e-03
  -1.0472190e-02
  -1.0606420e-02
  -9.0594290e-03
  -5.5858180e-03
  -1.6143720e-03
   2.2459320e-03
   6.2867670e-03
   8.0274890e-03
   5.8159300e-03
   1.9310740e-03
  -5.2481480e-04
  -8.7918650e-04
  -6.7346960e-04
  -4.4983250e-04
  -6.0522170e-04
  -2.9274990e-03
  -6.4686150e-03
  -8.1354820e-03
  -7.3488460e-03
  -5.1789320e-03
  -2.4467050e-03
   2.7338220e-05
   1.6444310e-03
   2.3306620e-03
   1.9471900e-03
   4.2165740e-04
  -1.1407250e-03
  -1.8079770e-03
  -2.7122790e-03
  -4.3359100e-03
  -4.2383770e-03
  -1.4308480e-03
   1.3441860e-03
   2.2623750e-03
   1.4119860e-03
  -1.0279930e-03
  -3.1684340e-03
  -2.6432170e-03
   5.1702100e-04
   4.7256840e-03
   7.9707690e-03
   8.7794920e-03
   7.0766480e-03
   3.9512850e-03
   9.4936770e-04
  -1.9371790e-03
  -5.3277090e-03
  -6.8061630e-03
  -3.6503760e-03
   1.2879870e-03
   2.6404360e-03
   1.3058240e-03
   2.4349220e-03
   5.4651810e-03
   5.9064020e-03
   3.5320440e-03
   1.2012940e-03
   9.3772960e-04
   3.3282080e-03
   6.5000360e-03
   7.4791150e-03
   6.4122070e-03
   6.0198580e-03
   6.2033540e-03
   4.4232930e-03
   1.0975190e-03
  -1.3945460e-03
  -1.9266880e-03
  -2.3053860e-04
   2.1884300e-03
   2.9274960e-03
   2.5383480e-03
   3.4999880e-03
   5.2084930e-03
   4.9860260e-03
   4.0829920e-03
   4.8850730e-03
   4.3538360e-03
  -5.8920450e-04
  -6.2689740e-03
  -7.1130140e-03
  -2.4597530e-03
   4.0079370e-03
   8.9188660e-03
   1.0638940e-02
   7.9149540e-03
   2.2365170e-03
  -1.7766700e-03
  -2.1933910e-03
  -3.1896420e-04
   3.0642760e-03
   6.1187080e-03
   5.3547610e-03
   7.6009160e-04
  -3.3284140e-03
  -4.8310520e-03
  -5.3601160e-03
  -5.4030070e-03
  -4.8086480e-03
  -4.6370220e-03
  -4.6719250e-03
  -2.7824110e-03
   1.6545440e-03
   5.6230990e-03
   6.2609980e-03
   4.1921780e-03
   1.1453440e-03
  -1.0521470e-03
  -8.4932330e-04
   7.4938560e-04
   2.0901580e-03
   3.5621250e-03
   5.6182930e-03
   6.2481790e-03
   3.2003100e-03
  -1.5832130e-03
  -4.6479220e-03
  -5.4226150e-03
  -3.3388150e-03
   1.7108640e-03
   5.3502160e-03
   3.4887520e-03
  -1.2917690e-03
  -3.9225440e-03
  -3.7234180e-03
  -1.9448910e-03
   1.1443200e-03
   2.9733770e-03
   1.2090890e-03
  -1.6417450e-03
  -2.2000770e-03
  -2.9818980e-04
   2.3668180e-03
   4.5944960e-03
   5.9812780e-03
   5.9504260e-03
   4.1897850e-03
   1.8333300e-03
   8.8004910e-04
   1.4880260e-03
   1.6046470e-03
   6.8954940e-04
   8.1364530e-04
   2.5733200e-03
   3.1658570e-03
   1.0736560e-03
  -1.7774040e-03
  -4.1908280e-03
  -5.6723640e-03
  -4.3789850e-03
  -3.8055820e-04
   3.7586540e-03
   7.1648320e-03
   1.0108370e-02
   1.0843790e-02
   8.3724320e-03
   4.6522440e-03
   6.9434030e-04
  -3.3400600e-03
  -4.9269100e-03
  -2.9135260e-03
  -7.9672870e-04
  -1.5600100e-03
  -2.8722920e-03
  -1.2991450e-03
   1.6073470e-03
   2.5276820e-03
   1.3468730e-03
  -1.1225230e-03
  -3.9767000e-03
  -5.1416480e-03
  -4.8805330e-03
  -5.6796860e-03
  -6.7628030e-03
  -5.2381710e-03
  -2.3441610e-03
  -2.3419880e-03
  -4.8386860e-03
  -4.7008050e-03
  -1.2317890e-03
   1.0955440e-03
   9.4534120e-04
   2.1950860e-05
  -1.4138190e-03
  -2.9883690e-03
  -3.1776790e-03
  -1.5986510e-03
   4.1442430e-04
   1.5115430e-03
   8.6759730e-04
  -2.5860590e-03
  -8.1898610e-03
  -1.2497940e-02
  -1.3237450e-02
  -1.1249210e-02
  -8.7425270e-03
  -7.5340290e-03
  -7.1491630e-03
  -5.9007500e-03
  -3.7263160e-03
  -1.6163310e-03
  -2.3102230e-04
   3.1465580e-05
  -9.7949900e-04
  -2.8323400e-03
  -4.7191080e-03
  -6.8672690e-03
  -9.9720610e-03
  -1.2368390e-02
  -1.1408470e-02
  -7.9454880e-03
  -5.1920120e-03
  -3.8748670e-03
  -2.6809670e-03
  -1.4482660e-03
  -1.0475670e-03
  -2.3166920e-03
  -5.4071740e-03
  -9.0941190e-03
  -1.1284660e-02
  -1.0586800e-02
  -7.5460880e-03
  -3.5069810e-03
   9.9077550e-04
   4.8783030e-03
   5.5051490e-03
   1.5762490e-03
  -4.0773540e-03
  -7.5630720e-03
  -7.9476040e-03
  -6.0946440e-03
  -2.8523290e-03
   7.8543350e-04
   3.7042930e-03
   5.1372820e-03
   4.7613840e-03
   2.1214370e-03
  -1.9548970e-03
  -4.7721370e-03
  -5.6467470e-03
  -5.9415530e-03
  -5.1080710e-03
  -2.1699600e-03
   1.5353150e-03
   4.4243770e-03
   6.4068790e-03
   6.8814340e-03
   4.5549020e-03
   7.6663140e-04
  -2.0348200e-03
  -4.0918070e-03
  -5.5220630e-03
  -4.7654010e-03
  -2.6553720e-03
  -1.8229810e-03
  -1.9246820e-03
  -7.2030990e-04
   1.9477940e-03
   5.2081000e-03
   8.5750910e-03
   1.0481200e-02
   9.0630190e-03
   4.3192000e-03
  -1.4921580e-03
  -5.3774090e-03
  -6.6426290e-03
  -6.9726380e-03
  -6.8140620e-03
  -5.0500850e-03
  -2.2830300e-03
  -3.8409990e-04
   9.6570220e-04
   3.0598700e-03
   4.9944920e-03
   5.3041370e-03
   3.6710530e-03
   5.3005350e-04
  -2.1103490e-03
  -2.2529590e-03
  -9.1152210e-04
   6.9803970e-05
   1.2336980e-03
   3.0930940e-03
   4.4763180e-03
   5.4547270e-03
   6.3512940e-03
   5.4225930e-03
   2.4724690e-03
   6.0499160e-05
  -7.6249140e-04
  -6.5816510e-04
   1.2732560e-03
   5.4700370e-03
   9.0704610e-03
   9.7719690e-03
   8.4413020e-03
   6.4667970e-03
   4.2450630e-03
   1.7903040e-03
  -2.6832190e-04
  -8.8051940e-04
  -2.8464410e-05
   1.5082700e-03
   3.2113380e-03
   4.1720110e-03
   3.3589350e-03
   1.7900110e-03
   1.0990560e-03
   2.9993950e-04
  -1.5964270e-03
  -2.4303860e-03
  -6.2194460e-04
   2.0062740e-03
   4.0221580e-03
   5.9051750e-03
   6.9921090e-03
   6.1289470e-03
   4.2634480e-03
   3.0624680e-03
   2.3727910e-03
   1.3877840e-03
   1.0245890e-03
   1.4460000e-03
   5.4859940e-04
  -1.7997330e-03
  -3.2500570e-03
  -2.6376950e-03
  -7.6189270e-04
   9.5858060e-04
   2.0682540e-03
   2.9446500e-03
   3.4261180e-03
   3.1457510e-03
   2.0855580e-03
   5.1871730e-04
  -5.8796070e-04
  -2.5241480e-04
   9.8971120e-04
   1.3399240e-03
  -2.0149070e-05
  -1.5601330e-03
  -1.7912580e-03
  -1.6441120e-03
  -1.7131330e-03
  -7.2262350e-04
   1.1950210e-03
   2.6354970e-03
   3.7077800e-03
   4.7742490e-03
   4.8422830e-03
   3.4877380e-03
   1.9410670e-03
   8.0742590e-04
  -3.9650550e-04
  -1.2165360e-03
  -1.0781740e-03
  -4.5736060e-04
   3.0378080e-04
   9.9846470e-04
   7.8701830e-04
  -6.5451120e-04
  -1.7886660e-03
  -9.3493310e-04
   1.1918200e-03
   2.5332320e-03
   2.4112000e-03
   1.8059060e-03
   1.4062390e-03
   8.0975810e-04
   3.9268320e-05
  -1.4964250e-04
   4.1176770e-04
   1.9016700e-03
   4.4930410e-03
   6.7814830e-03
   7.1666920e-03
   5.6750760e-03
   3.2264390e-03
   5.9778730e-04
  -1.8763140e-03
  -3.7491300e-03
  -4.2849210e-03
  -3.2054850e-03
  -9.2429280e-04
   1.7442770e-03
   3.9970060e-03
   5.5841900e-03
   6.6409940e-03
   6.7587770e-03
   5.0710160e-03
   1.3943480e-03
  -3.1247790e-03
  -5.9665440e-03
  -5.1938290e-03
  -2.1467750e-03
   6.9870820e-04
   2.8208170e-03
   3.8371960e-03
   3.0155570e-03
   1.0917810e-03
  -1.0771670e-03
  -2.9427740e-03
  -2.7186260e-03
  -2.2122120e-04
   1.0555160e-03
  -5.5187910e-04
  -2.2951860e-03
  -2.5878790e-03
  -2.2369440e-03
  -8.4400490e-04
   1.4871270e-03
   2.6914360e-03
   2.4095600e-03
   2.0909810e-03
   1.8340540e-03
   1.1376240e-03
   3.8673770e-04
  -1.3348490e-04
  -5.4108150e-04
  -8.4553310e-04
  -7.5551550e-04
   4.8642940e-06
   9.1346300e-04
   1.3676700e-03
   1.6748630e-03
   2.2784700e-03
   2.7361650e-03
   1.9583650e-03
   4.4936180e-04
   4.4537490e-04
   1.8800210e-03
   2.5587440e-03
   2.5459830e-03
   2.9796400e-03
   2.6989660e-03
   5.3281230e-04
  -1.9277210e-03
  -2.9268940e-03
  -3.2928720e-03
  -4.1174740e-03
  -4.8478400e-03
  -5.7043740e-03
  -7.4539750e-03
  -8.1163400e-03
  -5.5553720e-03
  -1.9072070e-03
   2.0586110e-05
   8.4543200e-04
   1.2865190e-03
   1.6285080e-04
  -2.4471440e-03
  -4.7411870e-03
  -6.2339760e-03
  -7.8937530e-03
  -9.5639890e-03
  -9.8375660e-03
  -8.2091170e-03
  -5.4944840e-03
  -2.4214250e-03
   5.0779970e-04
   2.0812300e-03
   9.3864820e-04
  -2.5551700e-03
  -6.1560600e-03
  -8.3627820e-03
  -8.9628940e-03
  -7.3153490e-03
  -3.9660940e-03
  -1.2398010e-03
  -1.4096490e-04
  -2.9074310e-04
  -1.3899170e-03
  -2.8635780e-03
  -3.7225560e-03
  -3.0338310e-03
  -1.3543920e-03
  -4.1486850e-04
  -5.0990780e-04
  -7.4502640e-04
  -7.8354310e-04
  -8.4041870e-04
  -1.1163900e-03
  -1.5340220e-03
  -2.1957420e-03
  -3.3582000e-03
  -4.4227520e-03
  -4.2587220e-03
  -2.4359080e-03
   5.3797930e-04
   2.9985890e-03
   2.9820370e-03
   8.4838830e-04
  -1.4518030e-03
  -3.5155570e-03
  -5.5006820e-03
  -6.2425280e-03
  -5.0829590e-03
  -3.2620070e-03
  -2.1334630e-03
  -1.5182760e-03
  -7.0528600e-04
   5.0357960e-04
   2.2305750e-03
   3.8046380e-03
   3.6264320e-03
   1.5966220e-03
  -4.2073270e-04
  -9.1312740e-04
   5.7957670e-05
   1.4421790e-03
   2.3292430e-03
   2.6700670e-03
   3.3492590e-03
   5.0403140e-03
   6.7640200e-03
   7.1986320e-03
   6.4556900e-03
   5.1101900e-03
   3.5900410e-03
   2.3728490e-03
   1.2377030e-03
  -1.3028400e-04
  -1.0472570e-03
  -9.5005020e-04
  -9.0919810e-05
   1.2245810e-03
   2.4185780e-03
   2.4451830e-03
   1.2099010e-03
   4.4655300e-04
   1.7193700e-03
   4.3064920e-03
   6.6841520e-03
   7.9340090e-03
   6.6854050e-03
   2.7383770e-03
  -7.8396030e-04
  -1.1771750e-03
   5.6829620e-04
   2.6749430e-03
   4.4084320e-03
   4.5482330e-03
   2.5073660e-03
   2.2846990e-04
  -5.6999930e-04
  -8.1449720e-04
  -9.1921750e-04
   3.3222890e-04
   2.1909520e-03
   2.9900180e-03
   3.3634100e-03
   3.8983310e-03
   3.8077970e-03
   3.1319030e-03
   1.9707810e-03
  -1.2188590e-04
  -2.0737950e-03
  -2.4306550e-03
  -1.5493110e-03
  -2.7564970e-05
   2.1494600e-03
   4.3027960e-03
   6.0400000e-03
   7.8448390e-03
   8.8357960e-03
   7.7403890e-03
   4.8340320e-03
   4.5763120e-04
  -3.8237610e-03
  -5.3871230e-03
  -5.1788470e-03
  -5.5233800e-03
  -4.7352780e-03
  -3.8647810e-04
   4.5471790e-03
   5.3041100e-03
   3.1046520e-03
   8.3978590e-04
  -1.8070630e-03
  -2.9191480e-03
  -5.4039760e-04
   2.5405840e-03
   4.6838690e-03
   6.6459850e-03
   7.1117030e-03
   5.0516840e-03
   1.8573310e-03
  -1.7565500e-03
  -5.1995350e-03
  -5.8648880e-03
  -3.3948450e-03
  -1.2221290e-03
  -5.0910950e-04
   3.8547730e-04
   9.3652520e-04
  -1.8328620e-04
  -1.4264310e-03
  -1.0617150e-03
   9.8782000e-06
   3.7316430e-04
  -7.1614490e-04
  -2.8766100e-03
  -3.9580770e-03
  -3.1532900e-03
  -2.3070390e-03
  -2.1881040e-03
  -1.8933610e-03
  -2.0058850e-03
  -3.5551800e-03
  -4.4339330e-03
  -2.2896910e-03
   6.5788980e-04
   1.4662060e-03
   1.2664570e-03
   1.7079700e-03
   2.1510870e-03
   2.5725730e-03
   3.9048230e-03
   5.6332390e-03
   6.1651120e-03
   4.5823220e-03
   2.0225130e-03
   5.8077580e-04
   3.7213220e-04
   5.3778670e-04
   8.8695670e-04
   6.3299000e-04
  -9.8421540e-04
  -3.4402820e-03
  -5.3303060e-03
  -5.2316970e-03
  -3.3323230e-03
  -1.0270540e-03
   1.1178810e-03
   2.6285140e-03
   2.4008670e-03
   2.9719960e-04
  -2.5568490e-03
  -5.0172540e-03
  -6.3819470e-03
  -6.3506180e-03
  -5.4805300e-03
  -4.7934820e-03
  -3.9825660e-03
  -1.8576890e-03
   1.3247640e-03
   4.0226930e-03
   4.7915430e-03
   3.2727380e-03
   7.9862870e-04
  -1.1385160e-03
  -2.4530200e-03
  -3.4807640e-03
  -3.6767150e-03
  -2.3647840e-03
  -7.2801300e-05
   2.0284850e-03
   2.8823480e-03
   1.5820240e-03
  -1.1628350e-03
  -2.8157800e-03
  -2.2715050e-03
  -9.9279210e-04
  -2.3257040e-06
   9.5272760e-04
   1.1561150e-03
  -4.8911290e-04
  -2.7829530e-03
  -3.4727530e-03
  -2.7361140e-03
  -2.0223270e-03
  -1.2577630e-03
  -8.2894650e-04
  -1.9442770e-03
  -3.0412620e-03
  -1.8169060e-03
   7.0002510e-04
   2.7641320e-03
   4.2658470e-03
   4.6344410e-03
   3.1717790e-03
   1.1777890e-03
   4.1444870e-04
   9.9131140e-04
   1.8082500e-03
   1.5456420e-03
  -2.2306610e-04
  -2.7735020e-03
  -5.2171480e-03
  -6.8004390e-03
  -6.9870860e-03
  -5.7004070e-03
  -3.6208740e-03
  -2.1388690e-03
  -1.9442970e-03
  -2.6622940e-03
  -3.7844130e-03
  -4.5994590e-03
  -4.4315650e-03
  -3.7361670e-03
  -3.8699190e-03
  -5.0896740e-03
  -6.1903980e-03
  -6.3788570e-03
  -5.6338140e-03
  -4.2120190e-03
  -3.1304210e-03
  -3.4748540e-03
  -4.8724410e-03
  -6.2092730e-03
  -6.7939760e-03
  -5.7775240e-03
  -3.2123280e-03
  -1.3848450e-03
  -1.8371110e-03
  -3.0615030e-03
  -3.3132730e-03
  -2.8369030e-03
  -2.4870600e-03
  -2.5799340e-03
  -3.1525170e-03
  -4.2134190e-03
  -5.7375670e-03
  -7.2150570e-03
  -7.7527140e-03
  -7.1882400e-03
  -5.7126020e-03
  -2.9996030e-03
   2.7542020e-04
   2.0728780e-03
   1.5567970e-03
  -3.4238650e-04
  -2.4074650e-03
  -3.3945330e-03
  -2.6726190e-03
  -1.0149720e-03
   2.1748100e-04
   1.6213040e-04
  -9.1049410e-04
  -2.0802720e-03
  -2.3760020e-03
  -1.0012020e-03
   8.9783560e-04
   9.9631390e-04
  -6.3503740e-04
  -2.1983640e-03
  -2.6617420e-03
  -1.6647200e-03
   7.0203860e-04
   3.8090270e-03
   6.6249090e-03
   7.5795480e-03
   5.4138520e-03
   8.8440220e-04
  -3.2210770e-03
  -4.4075290e-03
  -2.7441250e-03
  -8.2402490e-05
   2.1633250e-03
   3.1609870e-03
   3.0483260e-03
   2.9584890e-03
   2.7386070e-03
   1.8427190e-03
   1.2957030e-03
   1.3907070e-03
   1.1135080e-03
   7.8845260e-04
   1.5916780e-03
   3.5761550e-03
   6.4926370e-03
   9.8755190e-03
   1.1377030e-02
   8.8431290e-03
   4.3194310e-03
   2.2477060e-03
   3.5586290e-03
   5.1122210e-03
   4.9539160e-03
   4.0772930e-03
   3.5349410e-03
   3.5275230e-03
   4.0546650e-03
   4.5925030e-03
   4.5662370e-03
   3.9291300e-03
   2.7596000e-03
   1.3958650e-03
   2.3617720e-04
  -2.7853730e-04
   1.2712260e-03
   5.0328510e-03
   8.2097020e-03
   9.3122770e-03
   9.4686050e-03
   9.0173450e-03
   8.0440680e-03
   7.7336250e-03
   8.2229470e-03
   8.2093700e-03
   7.4038860e-03
   6.6901980e-03
   5.9276650e-03
   4.2686740e-03
   2.2714790e-03
   1.2322660e-03
   1.2359460e-03
   1.7060420e-03
   2.6772000e-03
   4.0566400e-03
   4.9316120e-03
   5.0811950e-03
   5.6893860e-03
   6.8344550e-03
   6.9584680e-03
   6.1506580e-03
   5.6149780e-03
   5.0418530e-03
   4.3824580e-03
   4.1810540e-03
   3.6096880e-03
   2.3149500e-03
   1.5753070e-03
   1.6953600e-03
   1.8568430e-03
   2.5783900e-03
   4.6667470e-03
   6.4805200e-03
   5.8998930e-03
   3.5523560e-03
   9.9010710e-04
  -1.2789100e-03
  -2.2952450e-03
  -1.2057220e-03
   8.1197150e-04
   1.4669160e-03
   4.1417300e-05
  -1.4493810e-03
  -1.7174710e-03
  -1.9221680e-03
  -1.8767610e-03
  -5.1173440e-04
   1.0024130e-03
   1.3681600e-03
   1.2623740e-03
   1.3043820e-03
   4.6520260e-04
  -1.6491350e-03
  -3.5019120e-03
  -4.2599420e-03
  -4.4344530e-03
  -4.1452280e-03
  -3.1066850e-03
  -1.6439860e-03
  -7.1961510e-04
  -5.0712270e-04
  -4.5022120e-04
  -9.0167040e-04
  -2.1547480e-03
  -3.2067810e-03
  -3.4999950e-03
  -3.5919640e-03
  -3.4095260e-03
  -2.4327000e-03
  -1.4261190e-03
  -1.2830960e-03
  -1.1052380e-03
  -3.8846230e-04
  -6.5734930e-04
  -2.2408230e-03
  -3.6589370e-03
  -4.4943040e-03
  -4.6710480e-03
  -3.6516950e-03
  -2.2064220e-03
  -1.9408370e-03
  -2.8958040e-03
  -3.2880920e-03
  -2.2910390e-03
  -1.1940960e-03
  -6.9033260e-04
  -7.5109320e-05
   5.4600570e-04
   4.5272990e-04
   4.5838640e-05
   1.4903220e-04
   5.6019770e-04
   5.2742850e-04
  -1.8937630e-05
  -5.5411660e-04
  -6.4173860e-04
   7.8677570e-05
   1.6010640e-03
   2.9548820e-03
   2.8227920e-03
   1.4028640e-03
   7.6847600e-05
  -1.5509030e-03
  -4.1643330e-03
  -5.3073650e-03
  -3.2183670e-03
  -3.1571230e-04
   1.4193520e-03
   2.7298210e-03
   3.2694030e-03
   2.1263870e-03
   7.9375880e-04
   2.0222720e-04
  -9.1304300e-04
  -2.3101430e-03
  -2.4700720e-03
  -2.0868460e-03
  -2.8883950e-03
  -4.6090600e-03
  -5.7023760e-03
  -5.7245990e-03
  -5.6113540e-03
  -5.7505950e-03
  -5.3579580e-03
  -4.5994170e-03
  -4.6529450e-03
  -5.3053360e-03
  -5.6796050e-03
  -5.8114510e-03
  -5.5261050e-03
  -4.4762710e-03
  -3.3651310e-03
  -3.3417720e-03
  -4.3522900e-03
  -4.7832180e-03
  -3.8994330e-03
  -3.1926940e-03
  -3.7101290e-03
  -4.5052370e-03
  -4.4668030e-03
  -3.7786440e-03
  -2.9905580e-03
  -1.5092530e-03
   1.0891690e-03
   3.1844460e-03
   3.7112040e-03
   4.1080500e-03
   4.7892660e-03
   4.2940760e-03
   2.7463230e-03
   1.5373250e-03
   9.9843960e-04
   4.3689890e-04
  -5.2644770e-04
  -1.0964440e-03
  -9.0425540e-04
  -7.9121120e-04
  -8.5775160e-04
  -5.0461830e-04
   4.3224140e-04
   1.5848660e-03
   1.9720220e-03
   1.4223770e-03
   7.2268990e-04
  -1.7008480e-04
  -1.0839390e-03
  -1.2550930e-03
  -9.4215900e-04
  -5.2438360e-04
   2.4821790e-04
   1.2049280e-03
   1.7467330e-03
   1.8983580e-03
   2.1861270e-03
   2.2115550e-03
   1.4968810e-03
   9.7187670e-04
   9.4241150e-04
   6.8356000e-04
   9.3940240e-04
   2.6790170e-03
   4.7996670e-03
   5.8496860e-03
   5.7925480e-03
   4.7965000e-03
   2.5742220e-03
  -6.4312700e-05
  -1.6750200e-03
  -2.2165710e-03
  -2.1545100e-03
  -1.3926750e-03
  -6.7076550e-05
   1.4062700e-03
   2.7287820e-03
   3.7073390e-03
   3.8733830e-03
   2.9689080e-03
   1.7800080e-03
   6.9523450e-04
  -7.0867630e-04
  -1.8958600e-03
  -1.9556310e-03
  -1.2762260e-03
  -7.1306170e-04
   7.0487840e-05
   1.3878580e-03
   1.8338870e-03
   3.7080450e-04
  -1.6937510e-03
  -2.6697780e-03
  -2.8418100e-03
  -3.3897230e-03
  -4.0154430e-03
  -3.4983600e-03
  -1.9994010e-03
  -8.1381970e-04
  -2.2126410e-04
   7.0743590e-05
  -5.6339460e-04
  -2.1499390e-03
  -2.9251800e-03
  -1.8467730e-03
  -5.2387840e-04
  -4.4010560e-04
  -6.2092530e-04
  -4.1543400e-04
  -9.7711570e-04
  -2.2154030e-03
  -2.5873380e-03
  -2.6320000e-03
  -4.0889870e-03
  -6.3372480e-03
  -7.6465050e-03
  -7.9201100e-03
  -7.6017450e-03
  -5.5790920e-03
  -1.6384300e-03
   1.5279000e-03
   2.7311360e-03
   2.6184290e-03
   4.8432140e-04
  -3.0937720e-03
  -6.1266200e-03
  -7.8139800e-03
  -7.9414700e-03
  -6.8208570e-03
  -5.0767660e-03
  -3.4736500e-03
  -2.6603690e-03
  -2.2507780e-03
  -2.3152390e-03
  -3.1988860e-03
  -4.1277980e-03
  -4.8967770e-03
  -5.9010040e-03
  -6.7291280e-03
  -6.6962110e-03
  -5.3401420e-03
  -2.8606030e-03
  -6.7638490e-04
  -2.0105380e-04
  -1.2221310e-03
  -2.6198490e-03
  -3.7061030e-03
  -3.9984890e-03
  -3.1808840e-03
  -1.9197860e-03
  -1.3851920e-03
  -1.6280900e-03
  -1.4669750e-03
  -2.7135900e-04
   7.6129210e-04
  -3.8454880e-04
  -3.4699060e-03
  -5.2361330e-03
  -4.2560980e-03
  -2.5412680e-03
  -5.5792240e-04
   2.2886680e-03
   3.5925350e-03
   1.4426680e-03
  -1.2666260e-03
  -1.4364590e-03
  -8.4138250e-04
  -1.8982170e-03
  -3.4396290e-03
  -4.2437700e-03
  -4.9610600e-03
  -4.9835210e-03
  -2.6997450e-03
   7.8944870e-04
   2.9816160e-03
   3.8965670e-03
   4.1024210e-03
   2.2537610e-03
  -1.2571050e-03
  -2.9796040e-03
  -1.7850180e-03
  -2.5304710e-04
   6.6500540e-04
   2.2113890e-03
   3.9891360e-03
   5.1269380e-03
   6.0939160e-03
   6.7300710e-03
   5.8991040e-03
   3.4175760e-03
   9.5077570e-04
   1.9913540e-04
   7.2725780e-04
   1.8103280e-03
   3.5968920e-03
   4.9536120e-03
   4.8531150e-03
   4.3101780e-03
   4.1589810e-03
   4.5166850e-03
   5.5601160e-03
   6.6661550e-03
   7.2774930e-03
   7.8065670e-03
   8.4583420e-03
   9.1609760e-03
   9.5919550e-03
   8.6376360e-03
   6.1118840e-03
   3.9412260e-03
   4.0754670e-03
   6.1843390e-03
   8.2378500e-03
   9.2790170e-03
   9.6088750e-03
   8.9429300e-03
   7.3233570e-03
   5.8334100e-03
   5.4211520e-03
   6.1224820e-03
   6.6877350e-03
   6.3896860e-03
   5.9743990e-03
   5.4987220e-03
   4.9267300e-03
   5.0520010e-03
   5.3975940e-03
   4.9559230e-03
   4.5359300e-03
   4.9969940e-03
   5.3068760e-03
   5.2438430e-03
   6.0445740e-03
   6.7067300e-03
   5.6059260e-03
   4.4183910e-03
   5.1117350e-03
   6.6785040e-03
   7.3613460e-03
   6.9608240e-03
   6.1353640e-03
   4.8997960e-03
   3.3100410e-03
   2.6161680e-03
   3.2263460e-03
   4.2076540e-03
   5.6662090e-03
   7.4800150e-03
   8.2983080e-03
   7.9088700e-03
   7.2483780e-03
   7.0695940e-03
   7.3496390e-03
   7.3936010e-03
   7.0553140e-03
   6.6219110e-03
   6.0628710e-03
   5.1270150e-03
   3.9736600e-03
   3.8076640e-03
   4.9515810e-03
   5.9742810e-03
   6.2981980e-03
   6.0052610e-03
   5.0057890e-03
   4.2532110e-03
   4.0607160e-03
   3.7020220e-03
   3.7147020e-03
   4.6157350e-03
   5.8803340e-03
   7.3848870e-03
   9.0654150e-03
   9.9770760e-03
   9.0217050e-03
   7.0466660e-03
   5.8279630e-03
   4.6344150e-03
   2.4549200e-03
   5.8929570e-04
  -3.0014690e-04
  -8.9632110e-04
  -1.0596170e-03
  -9.4504020e-05
   1.2675030e-03
   1.2521240e-03
   1.9698480e-04
  -1.5277200e-04
   6.3084880e-05
  -1.6578340e-04
  -9.9244180e-04
  -1.7142930e-03
  -1.5366540e-03
  -1.2323500e-03
  -1.4039800e-03
  -5.5577130e-04
   1.3727750e-03
   2.2154890e-03
   1.8730050e-03
   1.5402180e-03
   3.8219700e-04
  -2.1970520e-03
  -4.0971270e-03
  -3.3281420e-03
  -1.0766660e-03
   6.5068140e-04
   1.4451450e-03
   2.7424470e-04
  -3.2192480e-03
  -6.3237790e-03
  -7.0457900e-03
  -6.0756860e-03
  -4.8451480e-03
  -3.8963570e-03
  -2.8529810e-03
  -2.2055220e-03
  -2.1627300e-03
  -1.7109850e-03
  -1.0638340e-03
  -1.4681120e-03
  -3.5686850e-03
  -6.4850690e-03
  -8.4056730e-03
  -9.1300980e-03
  -9.1048830e-03
  -7.9125940e-03
  -6.1076960e-03
  -5.2024140e-03
  -5.9290330e-03
  -7.2037640e-03
  -7.3729980e-03
  -6.8729550e-03
  -6.9119290e-03
  -7.4493670e-03
  -8.0228930e-03
  -8.1724750e-03
  -7.6316330e-03
  -6.4581270e-03
  -5.6396890e-03
  -6.5428810e-03
  -8.0252460e-03
  -8.1661390e-03
  -7.7958570e-03
  -7.8859310e-03
  -7.3495380e-03
  -5.9128840e-03
  -5.7962570e-03
  -8.3925010e-03
  -1.1472460e-02
  -1.2692460e-02
  -1.2819620e-02
  -1.2514540e-02
  -1.0887200e-02
  -9.2702820e-03
  -9.6388540e-03
  -1.0247590e-02
  -9.3402620e-03
  -8.0899610e-03
  -7.4909610e-03
  -7.7275760e-03
  -9.3502790e-03
  -1.2367840e-02
  -1.4592620e-02
  -1.3727970e-02
  -1.1324270e-02
  -1.0197250e-02
  -1.0344680e-02
  -1.0836800e-02
  -1.1774090e-02
  -1.2617490e-02
  -1.1799870e-02
  -9.4503400e-03
  -7.7227380e-03
  -7.7864660e-03
  -8.7407590e-03
  -9.7039040e-03
  -1.1156450e-02
  -1.2738420e-02
  -1.2928700e-02
  -1.1932180e-02
  -1.0471870e-02
  -8.0790350e-03
  -5.3670090e-03
  -4.0297990e-03
  -4.3879440e-03
  -5.0271880e-03
  -4.7259270e-03
  -4.1038670e-03
  -4.0651110e-03
  -4.1984340e-03
  -4.1070170e-03
  -3.9807180e-03
  -4.2636030e-03
  -5.2776900e-03
  -6.1577330e-03
  -6.1973470e-03
  -6.1617860e-03
  -6.3324080e-03
  -5.9642450e-03
  -4.7724890e-03
  -3.6761530e-03
  -3.4233990e-03
  -3.0087250e-03
  -2.3513790e-03
  -2.7221520e-03
  -3.4094190e-03
  -3.7331760e-03
  -4.0800050e-03
  -3.8924030e-03
  -3.4359920e-03
  -3.3573850e-03
  -3.1947500e-03
  -2.9202430e-03
  -2.7040900e-03
  -2.1909110e-03
  -8.7275340e-04
   8.8185780e-04
   1.4029070e-03
   4.4654250e-04
  -3.7604020e-05
   9.2496610e-04
   2.6992020e-03
   4.5963130e-03
   5.7410720e-03
   5.4019040e-03
   3.8583030e-03
   1.6836540e-03
  -3.2995870e-05
   2.8885570e-04
   2.2955070e-03
   4.0372870e-03
   4.6999270e-03
   4.7753980e-03
   5.0360320e-03
   5.7943890e-03
   6.5814580e-03
   6.2476990e-03
   4.1318680e-03
   2.0705070e-03
   2.2081050e-03
   3.7873560e-03
   5.5108570e-03
   7.4913660e-03
   9.4485590e-03
   1.0132480e-02
   9.1631940e-03
   7.4191780e-03
   5.3012060e-03
   3.2232550e-03
   2.5225080e-03
   3.8844510e-03
   6.3582500e-03
   8.1278890e-03
   8.6100690e-03
   8.8851170e-03
   9.1219080e-03
   8.5872920e-03
   7.8680700e-03
   7.6892740e-03
   6.9886610e-03
   5.0637010e-03
   3.6171910e-03
   3.9840270e-03
   5.1337340e-03
   6.0214700e-03
   6.4976210e-03
   6.3827220e-03
   5.7643120e-03
   5.1531010e-03
   5.1813150e-03
   5.4681990e-03
   4.7260910e-03
   3.2118080e-03
   2.3828680e-03
   2.9650180e-03
   4.7289990e-03
   6.3604380e-03
   7.0769850e-03
   8.0803870e-03
   9.5527770e-03
   9.3530350e-03
   6.9082940e-03
   3.9451570e-03
   1.2865750e-03
  -5.8642380e-04
  -3.1420430e-04
   1.1523550e-03
   1.6840270e-03
   3.8815590e-03
   1.0617800e-02
   1.6992670e-02
   1.6849630e-02
   1.1574260e-02
   5.7308970e-03
   9.8053520e-04
  -2.0201650e-03
  -1.7995300e-03
   1.0791950e-03
   3.7557200e-03
   4.7784310e-03
   4.3217890e-03
   2.3512130e-03
   4.2693270e-04
   1.3443790e-03
   4.5632630e-03
   7.1629590e-03
   8.4295720e-03
   9.0305120e-03
   9.0625720e-03
   9.0875220e-03
   8.8886960e-03
   6.0171820e-03
   3.2803150e-04
  -3.9029890e-03
  -4.3334820e-03
  -2.9468330e-03
  -6.5652660e-04
   2.8866690e-03
   5.2335960e-03
   5.2542590e-03
   5.2528130e-03
   4.2489860e-03
   9.2000910e-04
  -1.1508690e-03
  -6.7541500e-04
  -5.8693330e-04
  -1.7130230e-03
  -1.9320660e-03
   5.9488750e-04
   4.8912250e-03
   7.9265550e-03
   8.0567450e-03
   6.0711040e-03
   2.6543570e-03
  -2.1995230e-03
  -6.0763340e-03
  -5.6719640e-03
  -1.6551430e-03
   3.6301310e-03
   9.3323700e-03
   1.2839050e-02
   1.1067130e-02
   6.1742600e-03
   2.0726700e-03
  -1.3950090e-03
  -5.1832370e-03
  -7.3954290e-03
  -6.1663180e-03
  -2.2876550e-03
   2.9894340e-03
   8.4315040e-03
   1.0293890e-02
   6.0748860e-03
  -9.0048990e-04
  -6.4259700e-03
  -1.0053210e-02
  -1.2087600e-02
  -1.1387770e-02
  -7.6242340e-03
  -2.9185790e-03
   2.7904550e-04
   1.7594750e-03
   2.5260350e-03
   2.9957620e-03
   3.3123340e-03
   4.0381160e-03
   5.3411860e-03
   4.8632000e-03
   1.1644420e-04
  -5.4341140e-03
  -5.7418460e-03
  -1.0472610e-03
   3.9204990e-03
   6.5047500e-03
   6.4123790e-03
   3.5478940e-03
  -2.0687920e-03
  -7.5554270e-03
  -7.9086690e-03
  -2.8532950e-03
   2.9657930e-03
   6.2028400e-03
   6.3155630e-03
   4.3191190e-03
   1.1485840e-03
  -2.5480910e-03
  -4.8528020e-03
  -5.0063240e-03
  -5.0494780e-03
  -5.8212750e-03
  -5.7198410e-03
  -3.8149930e-03
  -4.3374790e-04
   3.4621280e-03
   5.6292680e-03
   4.3278410e-03
   1.4158280e-03
   1.0071890e-03
   4.1260380e-03
   7.4645790e-03
   8.1260450e-03
   5.2934330e-03
  -4.3868840e-04
  -5.1049270e-03
  -4.3530550e-03
   5.5857260e-04
   4.6569930e-03
   5.1607660e-03
   2.6559410e-03
  -1.4062110e-03
  -4.5351410e-03
  -3.2960140e-03
   1.9090840e-03
   6.8584140e-03
   8.0152640e-03
   3.6409260e-03
  -4.5377370e-03
  -1.1533680e-02
  -1.3179120e-02
  -8.0408630e-03
   1.8580330e-03
   1.1172250e-02
   1.4439360e-02
   1.0948540e-02
   5.2954470e-03
   6.0084080e-04
  -3.5525850e-03
  -5.5430780e-03
  -3.4658670e-03
   1.7669020e-04
   2.3096170e-03
   2.3930380e-03
   1.1215400e-03
   8.5634840e-05
   9.0803190e-04
   2.7765080e-03
   2.2238780e-03
  -1.1946400e-03
  -3.8104840e-03
  -5.0080160e-03
  -6.0050030e-03
  -5.0953570e-03
  -1.6937870e-03
   1.6120500e-03
   2.9375440e-03
   2.0866170e-03
  -1.6468730e-03
  -7.8976270e-03
  -1.2784320e-02
  -1.3595340e-02
  -1.2146810e-02
  -9.7111700e-03
  -5.3935270e-03
  -7.2549600e-04
   1.6454090e-03
   2.1478060e-03
   1.6992450e-03
  -7.2904350e-05
  -2.1474860e-03
  -3.0609570e-03
  -3.1171820e-03
  -3.0360040e-03
  -3.1724590e-03
  -3.5975700e-03
  -3.2132090e-03
  -1.8834370e-03
  -1.8458700e-03
  -3.4861070e-03
  -4.8331810e-03
  -5.3929880e-03
  -5.5929570e-03
  -5.3804900e-03
  -4.7870460e-03
  -3.7497000e-03
  -2.0749380e-03
  -3.1766620e-04
  -3.2868830e-04
  -2.9794930e-03
  -6.0044860e-03
  -7.7100490e-03
  -9.4766800e-03
  -1.1451120e-02
  -1.1449740e-02
  -8.6974820e-03
  -4.5187580e-03
  -9.0637870e-04
   1.0988650e-03
   1.9003400e-03
   1.3606130e-03
  -9.1368710e-04
  -3.8063970e-03
  -6.0371810e-03
  -6.9187880e-03
  -5.5521240e-03
  -1.9984550e-03
   1.9080380e-03
   4.0684500e-03
   3.3004150e-03
  -6.0204940e-04
  -6.3568480e-03
  -1.1109700e-02
  -1.2841620e-02
  -1.1817330e-02
  -8.8465120e-03
  -5.6236000e-03
  -4.9419850e-03
  -6.5392270e-03
  -7.2340330e-03
  -6.0388990e-03
  -4.0260200e-03
  -1.6288630e-03
   1.3854960e-04
  -5.7087990e-04
  -3.5250320e-03
  -6.3704250e-03
  -7.4137710e-03
  -6.5520230e-03
  -4.7424600e-03
  -3.3294740e-03
  -2.7716010e-03
  -2.3459080e-03
  -1.8343610e-03
  -1.8723680e-03
  -2.4613970e-03
  -2.8367110e-03
  -2.3534380e-03
  -1.2538060e-03
  -2.4672400e-04
   4.2607870e-04
   5.0356760e-04
   2.9316780e-04
   6.5001180e-04
   6.8439870e-04
  -1.0263660e-03
  -3.6545030e-03
  -5.1658600e-03
  -4.4931970e-03
  -2.4102110e-03
  -1.0137370e-03
  -1.3549270e-03
  -1.9797030e-03
  -1.4642760e-03
  -1.0212420e-03
  -2.4723040e-03
  -5.4647980e-03
  -8.1303720e-03
  -8.4963290e-03
  -5.5576990e-03
  -7.1915250e-04
   3.1273460e-03
   3.9005010e-03
   1.3203940e-03
  -2.5625810e-03
  -4.8405890e-03
  -4.6505900e-03
  -3.3464430e-03
  -2.2084370e-03
  -1.0380950e-03
   7.7726490e-04
   3.2843580e-03
   5.7035010e-03
   5.9257650e-03
   3.2729320e-03
   4.9823370e-04
  -6.5324730e-04
  -1.6092310e-03
  -2.7934360e-03
  -2.7031810e-03
  -1.7715770e-03
  -1.8049040e-03
  -2.2483410e-03
  -2.0043380e-03
  -1.4031130e-03
   2.7080570e-04
   3.0810620e-03
   4.3330970e-03
   3.2633300e-03
   1.7918170e-03
   3.6349710e-05
  -1.9351340e-03
  -1.5060470e-03
   1.9982720e-03
   5.3599890e-03
   6.1497620e-03
   4.3074040e-03
   4.8284810e-04
  -3.0979650e-03
  -3.3886290e-03
  -1.4095910e-04
   3.8466720e-03
   5.6681400e-03
   4.0847360e-03
   4.5110820e-04
  -1.5921890e-03
  -3.1422690e-04
   1.9222890e-03
   3.5141400e-03
   5.2256060e-03
   5.7838670e-03
   3.2392390e-03
  -5.2549060e-04
  -2.3064400e-03
  -1.5819580e-03
   6.8123810e-04
   3.5413580e-03
   5.1423060e-03
   3.6158060e-03
  -9.5907470e-06
  -2.6247800e-03
  -3.1267100e-03
  -2.8351490e-03
  -2.6949530e-03
  -2.3121270e-03
  -1.0669140e-03
   6.8582950e-04
   2.3533280e-03
   3.7268500e-03
   4.2620310e-03
   4.4297710e-03
   5.3579670e-03
   5.8005880e-03
   4.1642580e-03
   2.0946020e-03
   2.0415890e-03
   3.2783870e-03
   3.5480990e-03
   3.1228160e-03
   2.8291500e-03
   1.3061810e-03
  -7.9481290e-04
  -3.4737000e-04
   2.1981210e-03
   3.7328570e-03
   3.5859520e-03
   2.3420070e-03
   1.0583020e-04
  -9.8893720e-04
   1.8414260e-03
   6.7427340e-03
   9.5092310e-03
   9.5916740e-03
   8.1080060e-03
   4.9252950e-03
   1.5403490e-03
   7.7144220e-04
   2.2989330e-03
   3.6172230e-03
   4.2383740e-03
   4.7091550e-03
   4.3631620e-03
   3.1242410e-03
   2.2346650e-03
   2.0696570e-03
   2.1133710e-03
   2.3702320e-03
   2.5220950e-03
   1.5977540e-03
  -2.9130730e-05
  -2.4842970e-04
   1.9763110e-03
   4.6869980e-03
   5.7451630e-03
   5.5557660e-03
   4.9190380e-03
   4.0891450e-03
   3.9831230e-03
   4.6914640e-03
   5.2442870e-03
   5.3133430e-03
   4.7907820e-03
   3.8731940e-03
   3.8208170e-03
   5.2688820e-03
   6.9339740e-03
   7.3090460e-03
   6.3393170e-03
   4.8540770e-03
   3.4744710e-03
   2.6192870e-03
   2.8761820e-03
   4.0970180e-03
   4.5316900e-03
   3.2242450e-03
   1.6250710e-03
   8.8276320e-04
   1.1564680e-03
   2.4505460e-03
   3.3490370e-03
   2.9328220e-03
   2.6357350e-03
   3.1235930e-03
   3.8324300e-03
   4.9763270e-03
   6.2041440e-03
   6.2442820e-03
   4.8942180e-03
   3.2297260e-03
   2.0955730e-03
   1.2223840e-03
   1.0873530e-03
   3.3547050e-03
   6.4692910e-03
   6.5270060e-03
   4.0674910e-03
   2.4771080e-03
   2.0974720e-03
   1.7265420e-03
   1.5046890e-03
   1.7965280e-03
   2.8158330e-03
   5.3577140e-03
   8.7855310e-03
   1.0334320e-02
   9.2512230e-03
   7.5333570e-03
   5.7178870e-03
   2.9508160e-03
  -3.5832270e-04
  -3.4677390e-03
  -5.8954000e-03
  -6.3745980e-03
  -4.1758730e-03
  -2.4016920e-04
   4.1609080e-03
   7.2875590e-03
   6.6772070e-03
   2.6367810e-03
  -6.7430420e-04
  -4.8012230e-04
   1.3368100e-03
   2.0217980e-03
   1.9505320e-03
   2.0201410e-03
   9.6878420e-04
  -1.0101020e-03
  -9.2402660e-04
   2.3430340e-03
   6.3992480e-03
   9.1366830e-03
   1.0127460e-02
   8.6179810e-03
   5.3788080e-03
   3.8214160e-03
   4.6621270e-03
   4.9938620e-03
   3.3891480e-03
   5.6332570e-04
  -2.5195940e-03
  -4.7232470e-03
  -5.1945020e-03
  -3.9301890e-03
  -1.7203310e-03
   1.1808800e-04
   5.1118460e-04
  -5.6466330e-04
  -1.7443740e-03
  -1.4158080e-03
   6.1503230e-04
   3.5894790e-03
   6.2729170e-03
   6.2825920e-03
   1.9192880e-03
  -4.6054440e-03
  -8.5276740e-03
  -7.9516370e-03
  -4.9044970e-03
  -1.3375920e-03
   1.2028240e-03
   5.0216790e-04
  -2.4441060e-03
  -3.7899170e-03
  -3.4558840e-03
  -3.8753260e-03
  -4.3507000e-03
  -3.5422510e-03
  -2.4922640e-03
  -1.5660300e-03
  -5.4259410e-05
   8.9593960e-04
   4.5063600e-05
  -1.5608990e-03
  -2.8358230e-03
  -3.6001530e-03
  -3.4301050e-03
  -2.4386290e-03
  -2.1616970e-03
  -3.8924610e-03
  -6.5271880e-03
  -8.1364990e-03
  -8.1977040e-03
  -6.3895770e-03
  -2.7602770e-03
   1.0396250e-03
   3.5501180e-03
   4.1047910e-03
   2.0039670e-03
  -1.9559280e-03
  -5.1692330e-03
  -6.1674210e-03
  -6.0856260e-03
  -6.2382960e-03
  -5.9876460e-03
  -4.3258320e-03
  -1.6511040e-03
   9.2353300e-04
   2.4187720e-03
   2.3628890e-03
   1.1530080e-03
  -4.1226230e-04
  -1.7717670e-03
  -2.2763330e-03
  -1.5094620e-03
  -6.8121460e-04
  -1.3976760e-03
  -3.0692910e-03
  -3.9408810e-03
  -3.4609540e-03
  -2.2395490e-03
  -1.1235730e-03
  -1.0415210e-03
  -2.3876340e-03
  -4.1330100e-03
  -4.8790500e-03
  -4.2502020e-03
  -2.7052490e-03
  -1.2224240e-03
  -8.2249660e-04
  -1.7633070e-03
  -3.4934650e-03
  -5.3208810e-03
  -6.6289820e-03
  -6.3288090e-03
  -4.2048340e-03
  -2.3402640e-03
  -1.9343910e-03
  -1.7003060e-03
  -1.5024090e-03
  -2.6719850e-03
  -5.0377230e-03
  -7.2775740e-03
  -8.6078600e-03
  -8.8988620e-03
  -8.3695820e-03
  -7.2537230e-03
  -5.4228680e-03
  -3.1003320e-03
  -1.5201400e-03
  -1.5609340e-03
  -2.6366780e-03
  -3.4422480e-03
  -3.4986890e-03
  -4.1472110e-03
  -6.4402720e-03
  -8.8262110e-03
  -9.5732490e-03
  -8.8479960e-03
  -6.9026410e-03
  -4.1115260e-03
  -2.0007720e-03
  -1.2634790e-03
  -1.4610150e-03
  -2.7440460e-03
  -4.7831720e-03
  -5.8093760e-03
  -4.6096280e-03
  -2.1790050e-03
  -4.9776490e-04
  -5.5852930e-04
  -2.2775440e-03
  -4.8850510e-03
  -7.1204760e-03
  -7.8921510e-03
  -6.7776810e-03
  -4.6461040e-03
  -3.1154410e-03
  -2.5117520e-03
  -2.0189660e-03
  -1.2431510e-03
  -4.3945310e-04
  -6.5311070e-04
  -2.6043060e-03
  -5.3660780e-03
  -7.5521060e-03
  -7.7188550e-03
  -5.2083250e-03
  -1.6954450e-03
   8.5545920e-04
   1.1310420e-03
  -1.5258870e-03
  -4.6498760e-03
  -5.1078100e-03
  -3.7541530e-03
  -3.0751860e-03
  -3.4158310e-03
  -3.7504900e-03
  -3.1057650e-03
  -1.0001050e-03
   1.3700970e-03
   1.8495810e-03
   2.9417130e-04
  -1.8320770e-03
  -3.8888530e-03
  -5.3668890e-03
  -5.3283250e-03
  -4.3509010e-03
  -4.0997980e-03
  -4.5702970e-03
  -4.6791840e-03
  -4.4780320e-03
  -4.1471610e-03
  -2.7935310e-03
  -2.1789940e-04
   1.7104200e-03
   9.7976750e-04
  -1.5812470e-03
  -3.0147760e-03
  -2.2472770e-03
  -3.7725090e-04
   1.8669570e-03
   3.1565780e-03
   2.0491490e-03
   3.2137530e-04
   3.9657540e-04
   9.3549630e-04
   2.4426570e-04
  -1.4715800e-04
   3.1924260e-04
   1.0642850e-04
  -7.6882890e-05
   7.3151160e-04
   9.2331740e-04
   2.6205440e-04
   5.8246100e-04
   1.8088740e-03
   2.7932610e-03
   4.1179180e-03
   5.9997780e-03
   6.9251150e-03
   6.4809630e-03
   5.5778050e-03
   4.2812310e-03
   2.6473620e-03
   1.9022490e-03
   2.8639290e-03
   4.8163490e-03
   6.5215790e-03
   7.0806570e-03
   6.3922140e-03
   5.1798250e-03
   3.7346530e-03
   2.3297330e-03
   2.3868760e-03
   4.2236890e-03
   6.0279150e-03
   6.8669940e-03
   7.2415540e-03
   6.6760560e-03
   4.5903390e-03
   2.7035250e-03
   3.0321290e-03
   5.0409980e-03
   7.0744510e-03
   8.5370730e-03
   9.2070960e-03
   8.3019430e-03
   6.2800710e-03
   5.2336700e-03
   5.5128620e-03
   5.8469380e-03
   6.2968200e-03
   6.6619930e-03
   5.4259910e-03
   2.9347160e-03
   1.4421430e-03
   1.6616430e-03
   2.1965170e-03
   2.0413050e-03
   1.7100180e-03
   1.8900740e-03
   2.8860370e-03
   4.9938930e-03
   7.4047620e-03
   8.2275830e-03
   7.3096220e-03
   6.3674830e-03
   5.5702670e-03
   3.7918940e-03
   1.9200590e-03
   1.7782270e-03
   2.9553810e-03
   4.0202750e-03
   4.5568640e-03
   4.1967170e-03
   2.6557130e-03
   1.0687870e-03
   8.5881880e-04
   1.6738560e-03
   2.1114730e-03
   1.8345650e-03
   1.5812990e-03
   1.6820380e-03
   1.5848670e-03
   9.4417510e-04
   7.0164210e-04
   1.7974890e-03
   3.1445740e-03
   3.4374370e-03
   3.2647330e-03
   2.6600250e-03
   5.9165770e-04
  -2.0777880e-03
  -3.3625290e-03
  -2.4344750e-03
   1.5695100e-04
   2.3582240e-03
   2.7447090e-03
   2.5363720e-03
   2.5198610e-03
   1.9079060e-03
   1.3117810e-03
   1.7490570e-03
   2.1515430e-03
   1.2714180e-03
   6.8470530e-05
   1.3282580e-04
   9.3326720e-04
   8.5168030e-04
  -1.3771610e-04
  -1.2740040e-03
  -2.3679190e-03
  -2.7928240e-03
  -2.1577560e-03
  -1.4833780e-03
  -1.0354790e-03
   4.2749540e-04
   2.2793720e-03
   1.9869400e-03
  -1.8927500e-04
  -1.9108980e-03
  -3.1276590e-03
  -3.9275980e-03
  -2.6426580e-03
   8.8111450e-05
   1.5630840e-03
   1.5446700e-03
   1.1138120e-03
   1.6904200e-04
  -8.3848010e-04
  -1.3090110e-03
  -2.0054380e-03
  -2.7958780e-03
  -2.4728580e-03
  -1.5466130e-03
  -1.5209230e-03
  -2.2760200e-03
  -2.5065100e-03
  -1.8669020e-03
  -1.2919530e-03
  -1.4017240e-03
  -1.6252620e-03
  -1.5356900e-03
  -1.9132010e-03
  -3.4641530e-03
  -5.4620280e-03
  -6.4205250e-03
  -5.8592390e-03
  -4.3912460e-03
  -2.5831600e-03
  -1.1380740e-03
  -6.3367520e-04
  -6.7830930e-04
  -6.5297620e-04
  -6.3078370e-04
  -1.1514850e-03
  -2.2013140e-03
  -3.0805520e-03
  -3.4638440e-03
  -3.2871080e-03
  -2.5090820e-03
  -1.6786230e-03
  -1.3782170e-03
  -1.6914080e-03
  -2.4010960e-03
  -2.6479510e-03
  -1.3349300e-03
   1.2201040e-03
   2.8476320e-03
   1.8449790e-03
  -4.7598220e-04
  -1.7101170e-03
  -1.8683660e-03
  -1.9010610e-03
  -1.7300150e-03
  -1.7212830e-03
  -2.5257840e-03
  -3.5874620e-03
  -3.5591220e-03
  -1.9073330e-03
   3.6277270e-04
   1.9618330e-03
   2.2213070e-03
   1.2275090e-03
  -1.8825730e-04
  -1.5808490e-03
  -2.8217030e-03
  -3.3626490e-03
  -3.1460390e-03
  -2.8051460e-03
  -2.7545040e-03
  -2.4874520e-03
  -1.1070640e-03
   6.5904630e-04
   9.6843640e-04
  -2.9342680e-04
  -1.7561860e-03
  -2.7104850e-03
  -3.2458790e-03
  -3.2789020e-03
  -2.5809040e-03
  -1.5956960e-03
  -9.2217110e-04
  -8.7345050e-05
   1.2500710e-03
   1.9919720e-03
   1.5710150e-03
   1.0330760e-03
   1.0722710e-03
   1.3757240e-03
   1.5048230e-03
   1.0560530e-03
  -3.1562230e-05
  -1.2535630e-03
  -1.9274910e-03
  -1.4558190e-03
   1.9531940e-04
   2.1244720e-03
   3.3166380e-03
   3.3640080e-03
   1.9118820e-03
  -1.0016700e-03
  -4.0213350e-03
  -5.5033540e-03
  -4.6820210e-03
  -2.0624660e-03
   5.3476710e-04
   1.8048920e-03
   2.1471930e-03
   2.3478070e-03
   2.7134800e-03
   2.9416000e-03
   2.3620900e-03
   8.6815170e-04
  -1.0855120e-03
  -2.7169560e-03
  -3.2064850e-03
  -2.8809610e-03
  -2.7331710e-03
  -2.5634470e-03
  -1.5853160e-03
  -5.8123230e-04
  -6.6806710e-04
  -9.3148850e-04
  -6.7947270e-04
  -7.6540080e-04
  -8.4475320e-04
  -2.6665040e-04
  -2.3024980e-04
  -1.0011060e-03
  -7.9856710e-04
   7.4043690e-04
   1.9531740e-03
   2.1013880e-03
   1.7324740e-03
   7.4386210e-04
  -7.8386750e-04
  -1.2126610e-03
  -1.5547870e-05
   9.2632540e-04
   7.4684730e-04
   2.6518520e-04
  -5.4162150e-04
  -1.7200180e-03
  -2.2811450e-03
  -1.9375130e-03
  -1.3425440e-03
  -1.0805730e-03
  -1.3515580e-03
  -2.0617110e-03
  -2.9390900e-03
  -2.7257830e-03
  -6.6140420e-04
   1.2150220e-03
   1.2018650e-03
   5.1871440e-04
   4.1181890e-04
   4.7505220e-04
   3.8435100e-04
   4.0903830e-04
   8.3020490e-05
  -7.7326380e-04
  -1.0679200e-03
  -1.0874570e-03
  -2.1331440e-03
  -3.0493980e-03
  -2.3535150e-03
  -1.4389360e-03
  -1.5898690e-03
  -1.9359000e-03
  -1.9172880e-03
  -1.9377890e-03
  -1.8205600e-03
  -1.1535050e-03
  -4.7153190e-04
  -2.7819980e-04
   8.6262830e-06
   7.1526460e-04
   1.0642700e-03
   5.1571750e-04
  -1.6623500e-04
   1.0638040e-04
   8.2069460e-04
   5.9414640e-04
  -7.5678690e-05
   5.2376640e-05
   3.2088070e-04
   3.2000410e-05
   1.6405050e-04
   1.0017720e-03
   1.1190430e-03
   9.0293000e-05
  -7.4537160e-04
  -8.4364930e-04
  -6.1408950e-04
   1.8260120e-04
   1.4891570e-03
   2.2573530e-03
   2.2282600e-03
   2.2108100e-03
   2.1741500e-03
   1.5279070e-03
   5.7422300e-04
  -7.1755920e-05
  -1.9458530e-04
  -1.7278570e-06
   1.0794530e-04
   3.3709640e-06
  -2.5820280e-04
  -5.0720150e-04
  -7.0052840e-04
  -1.0335390e-03
  -1.2907650e-03
  -9.6620630e-04
  -7.7008240e-05
   8.3762970e-04
   1.4827310e-03
   1.8416470e-03
   1.4721140e-03
   2.9427990e-04
  -4.3841240e-04
   3.3758650e-04
   1.8210790e-03
   2.3725260e-03
   1.5968400e-03
   2.4083570e-04
  -8.6421830e-04
  -5.7927730e-04
   1.2998590e-03
   2.8756410e-03
   3.0437760e-03
   2.8100330e-03
   2.7146630e-03
   2.6135190e-03
   2.5785620e-03
   2.0653120e-03
   1.0077800e-03
   7.9125200e-04
   1.8830930e-03
   3.1382520e-03
   3.8162920e-03
   4.1345190e-03
   4.1712640e-03
   3.4713940e-03
   2.2656220e-03
   1.4663130e-03
   1.2603990e-03
   1.5707560e-03
   2.4042190e-03
   3.1740650e-03
   3.4672790e-03
   3.5936010e-03
   3.7272870e-03
   3.4794760e-03
   2.4235710e-03
   9.3856460e-04
   1.2575270e-04
   3.5805780e-04
   8.1034950e-04
   6.1404160e-04
  -4.4266640e-04
  -1.6463270e-03
  -1.9729750e-03
  -1.4752160e-03
  -6.2919000e-04
   4.8881360e-04
   1.3612070e-03
   1.4872120e-03
   1.2285010e-03
   9.3698490e-04
   3.3392160e-04
  -5.0987810e-04
  -7.0555730e-04
  -2.5670350e-04
  -2.2399510e-04
  -2.6168940e-04
   6.6672100e-04
   1.8006060e-03
   2.3301800e-03
   2.9617720e-03
   3.6377360e-03
   3.4272320e-03
   2.4237920e-03
   1.1017900e-03
  -1.7814540e-04
  -5.9026790e-04
   1.8711010e-04
   9.1564320e-04
   8.3663330e-04
   1.5355720e-03
   3.2527580e-03
   3.6123480e-03
   2.8704030e-03
   3.1584900e-03
   3.9069390e-03
   4.2315140e-03
   4.5562530e-03
   3.9253860e-03
   1.6507500e-03
  -3.1905460e-04
  -6.7856560e-04
  -5.7006710e-04
  -2.5399350e-04
   1.2038530e-03
   2.2585660e-03
   1.1705130e-03
   2.0546080e-04
   1.1197800e-03
   2.1775070e-03
   2.6143760e-03
   3.1153350e-03
   3.2429270e-03
   2.4386240e-03
   9.6507710e-04
  -4.0173370e-04
  -1.2999420e-04
   2.2545900e-03
   4.2793420e-03
   3.6096640e-03
   9.6505060e-04
  -1.8468480e-03
  -3.5885960e-03
  -3.0105530e-03
   1.6393070e-04
   3.5693590e-03
   4.7155300e-03
   4.0890190e-03
   2.4948540e-03
  -2.1912290e-04
  -2.3524550e-03
  -2.4936370e-03
  -2.1987620e-03
  -2.3158830e-03
  -1.4324670e-03
   4.8776020e-04
   2.0595380e-03
   3.0929810e-03
   2.9738160e-03
   9.2754530e-04
  -6.6947360e-04
  -1.0426920e-04
  -3.4009440e-04
  -2.7124990e-03
  -3.5602690e-03
  -1.7929750e-03
  -3.5020220e-04
   5.9888530e-04
   1.7488530e-03
   7.1380310e-04
  -2.7255680e-03
  -5.1372370e-03
  -5.4978820e-03
  -5.4018960e-03
  -4.6278350e-03
  -2.3558060e-03
   2.9828930e-04
   1.9845280e-03
   2.0252270e-03
   1.4762460e-04
  -2.3103160e-03
  -3.1994040e-03
  -2.8545590e-03
  -3.3851060e-03
  -4.5131610e-03
  -4.5378010e-03
  -3.2807580e-03
  -6.1574930e-04
   3.2374860e-03
   5.8159160e-03
   5.4541150e-03
   3.2884330e-03
   3.4693270e-04
  -2.7669700e-03
  -4.4640280e-03
  -4.2266890e-03
  -3.2813690e-03
  -2.5019860e-03
  -2.2118510e-03
  -2.7140420e-03
  -3.4750960e-03
  -3.1184540e-03
  -1.1533110e-03
   1.6937460e-03
   4.9171230e-03
   7.5744320e-03
   7.5328830e-03
   4.6890630e-03
   1.8771670e-03
  -2.4724520e-04
  -3.3192270e-03
  -5.9470460e-03
  -5.7696970e-03
  -3.5393130e-03
  -4.2281880e-04
   3.1254750e-03
   5.0653900e-03
   3.3982450e-03
  -4.6701550e-04
  -3.0881760e-03
  -3.3780320e-03
  -2.7584380e-03
  -1.3069020e-03
   1.9740380e-03
   5.6550010e-03
   6.9853790e-03
   5.3187250e-03
   2.7592620e-03
   2.3073530e-03
   3.7040370e-03
   2.6862950e-03
  -2.0624410e-03
  -5.6344880e-03
  -4.2365030e-03
  -8.9848030e-04
  -4.2378270e-04
  -2.0055010e-03
  -1.2667240e-03
   2.4743470e-03
   5.7452430e-03
   5.2433730e-03
   3.7062150e-04
  -5.3169300e-03
  -6.7688780e-03
  -4.4002360e-03
  -3.2646000e-03
  -4.0745590e-03
  -3.2996590e-03
  -1.0635430e-03
  -1.8895000e-04
  -9.6215760e-04
  -2.4578170e-03
  -4.2804380e-03
  -5.4547720e-03
  -5.1937360e-03
  -3.3970300e-03
   1.4092980e-04
   3.5759590e-03
   3.0581600e-03
  -1.1026020e-03
  -4.4616390e-03
  -5.8621370e-03
  -7.0385240e-03
  -7.8190190e-03
  -7.5778510e-03
  -6.4826470e-03
  -4.0629290e-03
  -8.6251440e-04
   1.0115890e-03
   1.4325950e-03
   1.9604800e-03
   2.1308050e-03
   7.6565020e-04
  -1.3516630e-03
  -3.4505040e-03
  -5.9083250e-03
  -7.9065490e-03
  -7.8994330e-03
  -6.5128660e-03
  -5.1883660e-03
  -3.4905850e-03
  -9.0678240e-04
   9.4240220e-04
   5.2212830e-04
  -5.5664340e-04
  -5.5391620e-05
   6.0250310e-04
  -7.5372810e-04
  -3.1375200e-03
  -4.8505430e-03
  -5.0544010e-03
  -3.2419450e-03
  -4.2236330e-04
   1.2469020e-03
   2.7684170e-04
  -3.1734960e-03
  -7.0951110e-03
  -9.0023590e-03
  -7.4899580e-03
  -3.3335810e-03
   2.7492460e-04
   1.0696440e-03
   6.7790180e-05
  -1.2529000e-03
  -2.4279640e-03
  -2.7792150e-03
  -2.3537880e-03
  -2.2670210e-03
  -2.7267860e-03
  -3.2255850e-03
  -3.8349710e-03
  -4.4485170e-03
  -4.3096430e-03
  -3.0236040e-03
  -1.3214930e-03
  -4.1659720e-04
  -7.1022990e-04
  -1.5944190e-03
  -2.2711180e-03
  -2.3211990e-03
  -1.4824790e-03
   1.4784000e-05
   9.2357050e-04
   6.2463700e-04
   5.5249560e-05
  -1.9731030e-04
  -5.5116400e-04
  -1.0978990e-03
  -1.6924090e-03
  -2.7269080e-03
  -3.8766680e-03
  -3.8361140e-03
  -2.9271480e-03
  -2.7857810e-03
  -2.8948300e-03
  -1.4518590e-03
   7.7478100e-04
   1.4578450e-03
   5.4246940e-04
   1.5422300e-04
   1.7758890e-03
   4.4641170e-03
   5.6203700e-03
   3.8152310e-03
   1.6876250e-04
  -2.8800190e-03
  -3.6872270e-03
  -2.8070050e-03
  -1.6081700e-03
   7.2577910e-05
   2.6266750e-03
   4.2137760e-03
   3.3897810e-03
   2.1556160e-03
   2.1072820e-03
   1.4208360e-03
  -8.4681440e-04
  -2.2625570e-03
  -1.3988480e-03
  -1.6409460e-04
   6.1175480e-04
   2.4791720e-03
   4.8075730e-03
   5.4154940e-03
   4.3143340e-03
   2.3802030e-03
   1.6832340e-04
  -1.3955980e-03
  -1.6356110e-03
  -6.7322870e-04
   5.0952990e-04
   1.4143950e-03
   2.6791450e-03
   3.9185260e-03
   3.9892720e-03
   3.1576400e-03
   2.3728830e-03
   1.9514840e-03
   1.8676050e-03
   2.2451020e-03
   2.9813620e-03
   3.4386060e-03
   3.4580110e-03
   3.2190420e-03
   2.2949200e-03
   1.0152830e-03
   2.1776130e-04
  -4.3033430e-04
  -9.5771210e-04
  -8.0963570e-04
  -2.3676250e-04
   7.1648670e-04
   2.2661240e-03
   3.7384670e-03
   4.4962980e-03
   4.7563170e-03
   4.8420220e-03
   4.7115800e-03
   4.2717650e-03
   3.5067670e-03
   2.5530470e-03
   2.1030650e-03
   2.6059300e-03
   3.1033400e-03
   2.4699640e-03
   9.9333770e-04
  -3.7888030e-04
  -9.6366760e-04
  -2.3754220e-04
   1.5268550e-03
   2.8638990e-03
   2.8552670e-03
   2.5327820e-03
   3.0407350e-03
   3.4308070e-03
   2.3709530e-03
   6.5552050e-04
   3.5392390e-05
   8.7348390e-04
   1.9516150e-03
   2.2422340e-03
   1.8690770e-03
   1.1632050e-03
   4.9503270e-04
   2.3532680e-04
   1.3893830e-04
   1.8282400e-04
   9.1396820e-04
   2.4852110e-03
   4.1272170e-03
   4.5868120e-03
   3.7273860e-03
   2.5734990e-03
   1.7581590e-03
   1.7048880e-03
   2.5191720e-03
   3.1902720e-03
   3.1308380e-03
   3.1065900e-03
   3.4692570e-03
   3.7654390e-03
   4.2049280e-03
   5.3045890e-03
   6.6396090e-03
   7.5166390e-03
   7.4734840e-03
   6.0087710e-03
   3.7601600e-03
   2.2464700e-03
   1.8371220e-03
   2.3993790e-03
   4.2412550e-03
   6.4690580e-03
   6.6409500e-03
   3.8336770e-03
   5.3170960e-04
  -8.5117240e-04
  -9.9865490e-04
  -8.7083200e-04
  -6.8115990e-05
   9.5854000e-04
   1.5634870e-03
   2.3271990e-03
   3.2364480e-03
   3.6878950e-03
   3.9241690e-03
   3.6494560e-03
   2.0603000e-03
   2.3959630e-04
   8.2005960e-05
   1.1931570e-03
   1.6593800e-03
   1.0771890e-03
   4.8011470e-04
   6.5764270e-04
   1.8397440e-03
   3.1447500e-03
   3.2327080e-03
   2.2713070e-03
   8.1625310e-04
  -1.3209980e-03
  -3.2397410e-03
  -3.7111010e-03
  -3.0886810e-03
  -1.7175410e-03
   3.5449000e-04
   1.8075850e-03
   1.6225750e-03
   8.2307220e-04
   5.1434750e-04
   2.4968310e-04
  -2.9643300e-04
  -4.7031880e-04
  -2.8230150e-04
  -6.7629770e-04
  -1.7475380e-03
  -2.2012940e-03
  -1.3415750e-03
  -4.1587100e-04
  -8.7632360e-04
  -2.5542070e-03
  -4.2957360e-03
  -5.3086860e-03
  -5.3559160e-03
  -4.5637910e-03
  -3.4661590e-03
  -2.2891480e-03
  -1.0566440e-03
  -5.3958900e-04
  -1.0947900e-03
  -2.1807530e-03
  -3.6301420e-03
  -5.1409570e-03
  -6.0470930e-03
  -6.1812330e-03
  -5.5014220e-03
  -4.1195100e-03
  -2.5122170e-03
  -1.1951680e-03
  -1.1119950e-03
  -2.9564160e-03
  -5.8772170e-03
  -7.8977660e-03
  -7.8342220e-03
  -6.4795720e-03
  -4.2709460e-03
  -8.1437450e-04
   1.8165410e-03
   1.2715880e-03
  -1.1603130e-03
  -3.3952110e-03
  -5.0934410e-03
  -5.8750700e-03
  -5.3053460e-03
  -4.4563650e-03
  -4.3548890e-03
  -4.5379280e-03
  -4.9650020e-03
  -6.0646710e-03
  -6.6839170e-03
  -5.7217600e-03
  -4.4625460e-03
  -4.6632590e-03
  -6.1771350e-03
  -7.6052500e-03
  -8.1011290e-03
  -7.7929650e-03
  -6.8289630e-03
  -5.2333820e-03
  -3.5731550e-03
  -2.7128510e-03
  -2.8025920e-03
  -2.8841110e-03
  -2.2325270e-03
  -1.6540310e-03
  -2.3707460e-03
  -4.3296750e-03
  -6.0215530e-03
  -5.7647290e-03
  -3.6129480e-03
  -1.2072210e-03
   2.8850400e-04
   5.6190880e-04
  -2.8322960e-04
  -1.3460750e-03
  -1.7508160e-03
  -1.6804480e-03
  -1.7168650e-03
  -1.8533130e-03
  -1.6666810e-03
  -1.2988750e-03
  -1.4092830e-03
  -2.2553460e-03
  -3.3561180e-03
  -3.9446080e-03
  -3.6659750e-03
  -2.4323230e-03
  -4.6721500e-04
   1.0912990e-03
   1.2841800e-03
   4.4955760e-04
  -6.9239300e-04
  -1.4703730e-03
  -1.1929960e-03
  -1.2378250e-04
   4.8874220e-04
   9.3912310e-05
  -3.1149530e-04
   2.4093410e-05
   1.4160830e-04
  -4.3355900e-04
  -2.4604110e-04
   1.1952960e-03
   2.2717610e-03
   2.2390920e-03
   1.5680880e-03
   2.6817820e-04
  -9.3785290e-04
  -9.6019120e-04
  -2.9491830e-04
   6.9073430e-04
   2.4717580e-03
   3.9665600e-03
   3.5434870e-03
   2.0313680e-03
   1.4561980e-03
   2.1027770e-03
   3.2973840e-03
   4.6347050e-03
   4.9604920e-03
   3.5361030e-03
   1.8163740e-03
   1.5375560e-03
   2.4772220e-03
   3.2780450e-03
   3.6497670e-03
   4.0962330e-03
   4.0041520e-03
   2.7731240e-03
   1.6237440e-03
   1.8902160e-03
   3.1437880e-03
   4.5949480e-03
   6.5969130e-03
   8.9850210e-03
   9.8396950e-03
   8.2160790e-03
   5.9008890e-03
   4.1687010e-03
   2.2751950e-03
   6.4344990e-04
   5.4880960e-04
   1.1097640e-03
   1.5476820e-03
   3.0113150e-03
   5.0327830e-03
   5.8533990e-03
   6.1338000e-03
   6.9701090e-03
   7.5256470e-03
   7.1944360e-03
   6.1073500e-03
   4.2629240e-03
   2.6722210e-03
   3.1326600e-03
   6.0164750e-03
   9.4489840e-03
   1.0495480e-02
   7.8705260e-03
   3.8337800e-03
   1.6368510e-03
   1.5290590e-03
   1.7681630e-03
   2.2833650e-03
   3.8442260e-03
   5.3297490e-03
   5.4256480e-03
   4.6617140e-03
   3.9284380e-03
   3.6736670e-03
   4.1576920e-03
   4.6843720e-03
   4.0161450e-03
   2.2820970e-03
   1.1163540e-03
   1.3205490e-03
   1.9215210e-03
   2.1780880e-03
   2.1239630e-03
   1.5963710e-03
   1.1013860e-03
   1.7039260e-03
   3.1265110e-03
   3.7685300e-03
   2.7604310e-03
   1.0238010e-03
  -2.2359030e-04
  -7.2080160e-04
  -3.9608260e-04
   9.5116600e-04
   2.8902160e-03
   4.1715160e-03
   3.7695930e-03
   2.0772010e-03
   8.2790240e-05
  -2.2224890e-03
  -4.5863970e-03
  -5.2563540e-03
  -3.5301440e-03
  -9.8929820e-04
   1.0779170e-03
   2.7404660e-03
   3.8514540e-03
   3.5729840e-03
   1.8654880e-03
  -5.6790560e-05
  -1.4389050e-03
  -2.5180080e-03
  -3.0561650e-03
  -2.4757810e-03
  -1.5560380e-03
  -1.6749960e-03
  -2.3081020e-03
  -1.6476020e-03
   1.7411560e-04
   1.0942410e-03
   2.8659730e-04
  -1.4355580e-03
  -3.2100940e-03
  -4.2395820e-03
  -4.1162190e-03
  -3.2401620e-03
  -2.3015750e-03
  -1.6994670e-03
  -9.3483820e-04
   2.6663320e-04
   3.0688390e-04
  -1.8414650e-03
  -4.4007260e-03
  -5.4437170e-03
  -4.4396790e-03
  -1.3538950e-03
   2.3233160e-03
   3.7445720e-03
   2.3895760e-03
   5.0607200e-04
  -1.3853040e-03
  -4.3585850e-03
  -6.7466700e-03
  -6.1072970e-03
  -3.4642950e-03
  -1.3543730e-03
  -4.1539590e-04
  -4.3743780e-06
  -1.1207870e-04
  -1.0622030e-03
  -2.7349830e-03
  -4.7435720e-03
  -6.1440120e-03
  -6.0416220e-03
  -4.9633370e-03
  -4.1315040e-03
  -4.0299990e-03
  -4.1385020e-03
  -3.6210650e-03
  -2.7474190e-03
  -2.6516290e-03
  -3.4957280e-03
  -4.5519550e-03
  -5.2427110e-03
  -5.0604630e-03
  -3.7801270e-03
  -2.2799560e-03
  -2.0199860e-03
  -3.0645980e-03
  -4.0708980e-03
  -4.4337490e-03
  -4.5613560e-03
  -4.5467030e-03
  -3.9967510e-03
  -3.0103300e-03
  -2.3178730e-03
  -2.2924020e-03
  -2.9556090e-03
  -3.8946870e-03
  -3.8546610e-03
  -2.7531040e-03
  -2.2680060e-03
  -2.9431630e-03
  -3.8687410e-03
  -4.2906830e-03
  -3.4946960e-03
  -1.3441290e-03
   7.5715890e-04
   9.7903230e-04
  -6.8244110e-04
  -2.7012960e-03
  -4.4073320e-03
  -5.2686680e-03
  -4.4981550e-03
  -3.3770540e-03
  -3.5372510e-03
  -4.5006540e-03
  -4.9388010e-03
  -3.9654450e-03
  -2.4237370e-03
  -1.9064260e-03
  -2.1151900e-03
  -2.2646430e-03
  -2.7930680e-03
  -3.9679830e-03
  -4.7835170e-03
  -4.0269090e-03
  -2.2551910e-03
  -9.9732490e-04
  -5.1662300e-04
  -2.0250010e-04
   3.3932420e-04
   1.0892400e-03
   1.4073610e-03
   4.8590880e-04
  -1.3819130e-03
  -2.9314080e-03
  -3.5718230e-03
  -3.3925340e-03
  -2.4504800e-03
  -1.2161450e-03
  -3.1301270e-04
   4.1039940e-04
   1.4848830e-03
   2.5272330e-03
   2.7813440e-03
   2.4149140e-03
   1.6821800e-03
   2.7850690e-04
  -1.6121130e-03
  -2.7330860e-03
  -2.0656970e-03
  -3.0423150e-04
   1.3232830e-03
   2.2461180e-03
   1.9275130e-03
   5.4072650e-04
  -6.2717360e-04
  -7.3397830e-04
   2.3934020e-04
   1.9235610e-03
   3.3004020e-03
   3.4923690e-03
   2.8907650e-03
   2.1707000e-03
   1.1212320e-03
  -4.4368060e-04
  -1.9419170e-03
  -2.6839820e-03
  -2.3481960e-03
  -7.3673670e-04
   2.0659990e-03
   4.7222930e-03
   5.5587140e-03
   5.0014930e-03
   4.6167720e-03
   4.3765510e-03
   3.2706490e-03
   1.8684780e-03
   1.8291470e-03
   2.7294360e-03
   2.9644570e-03
   2.9827470e-03
   3.5712950e-03
   4.0253730e-03
   4.3389900e-03
   5.5413040e-03
   7.3148260e-03
   7.8907150e-03
   6.6596290e-03
   4.7484420e-03
   2.9800800e-03
   1.9384970e-03
   2.7798690e-03
   5.0722830e-03
   6.3208340e-03
   5.6321530e-03
   4.5566320e-03
   3.8760030e-03
   3.1938050e-03
   2.9456600e-03
   3.7997010e-03
   5.0353070e-03
   5.6139440e-03
   5.7457450e-03
   5.4915840e-03
   4.2684260e-03
   2.8920310e-03
   2.7191370e-03
   3.8123200e-03
   5.4510340e-03
   6.3820000e-03
   5.8516730e-03
   4.6772550e-03
   3.7287120e-03
   3.0080570e-03
   2.5937930e-03
   2.9031350e-03
   3.7858440e-03
   4.1944220e-03
   3.7314660e-03
   3.6759200e-03
   4.6224820e-03
   4.9586340e-03
   3.9761080e-03
   2.9521250e-03
   2.1826990e-03
   1.3222640e-03
   1.2411510e-03
   2.2139200e-03
   2.8015710e-03
   2.3144020e-03
   1.6674190e-03
   1.0510580e-03
   4.5775980e-05
  -4.4965530e-04
   4.4180680e-04
   2.0398530e-03
   3.2449470e-03
   3.3735180e-03
   2.4240860e-03
   1.1848620e-03
   4.8832340e-05
  -1.0180370e-03
  -1.0905270e-03
   3.8929240e-04
   1.9136800e-03
   2.0000590e-03
   1.0507380e-03
   8.9782190e-05
  -5.1970800e-04
  -9.7875790e-04
  -1.4225050e-03
  -1.5524630e-03
  -1.0970010e-03
  -2.9196010e-04
   3.9446000e-05
  -7.0869060e-04
  -1.7635170e-03
  -2.1560710e-03
  -2.0380040e-03
  -1.6893240e-03
  -1.1003310e-03
  -3.5989250e-04
   6.9894740e-05
  -3.5549690e-04
  -1.2183600e-03
  -1.7289710e-03
  -1.6824240e-03
  -1.2393550e-03
  -1.2655020e-03
  -2.4038740e-03
  -3.6468860e-03
  -3.6730520e-03
  -2.2091530e-03
  -1.3830860e-04
   7.9591180e-04
  -6.0180350e-05
  -1.5496940e-03
  -2.9146730e-03
  -4.2528010e-03
  -5.0435690e-03
  -4.8301930e-03
  -4.2215160e-03
  -3.6598440e-03
  -2.9038360e-03
  -2.3892730e-03
  -3.0502720e-03
  -4.2027620e-03
  -4.2442480e-03
  -3.5237380e-03
  -3.4542640e-03
  -4.2401740e-03
  -5.4067530e-03
  -6.5591290e-03
  -7.2387870e-03
  -6.7270740e-03
  -4.8192380e-03
  -2.7895870e-03
  -1.7894700e-03
  -1.6453810e-03
  -2.1182400e-03
  -3.2006800e-03
  -4.3287390e-03
  -4.5600720e-03
  -4.0647780e-03
  -4.0834220e-03
  -4.6837940e-03
  -5.0223350e-03
  -4.9423830e-03
  -4.5803400e-03
  -4.0003110e-03
  -3.1305030e-03
  -2.2753370e-03
  -2.8296270e-03
  -5.2649910e-03
  -7.5569760e-03
  -7.5856990e-03
  -5.2948220e-03
  -2.1598530e-03
   5.5222170e-05
   5.9471480e-04
  -2.6533200e-05
  -1.3150020e-03
  -3.1577680e-03
  -5.0037560e-03
  -5.9674820e-03
  -5.6679470e-03
  -4.5442860e-03
  -3.2026790e-03
  -1.7998680e-03
  -4.8106300e-04
   2.5510410e-04
  -4.1876650e-05
  -1.3310670e-03
  -2.8128470e-03
  -3.4239330e-03
  -2.9845150e-03
  -2.0980760e-03
  -1.1381480e-03
  -3.3161670e-04
  -1.6297120e-04
  -7.9965620e-04
  -1.7859420e-03
  -2.5595260e-03
  -2.6497630e-03
  -2.1698920e-03
  -2.2963860e-03
  -3.5650290e-03
  -4.4317390e-03
  -3.4791780e-03
  -1.3385660e-03
   9.6548220e-04
   2.8003210e-03
   3.0930470e-03
   1.6117160e-03
  -4.1926260e-04
  -2.0095700e-03
  -2.7580500e-03
  -2.2542130e-03
  -5.8052150e-04
   1.0839780e-03
   1.4243090e-03
   6.7251750e-04
  -2.2353410e-05
  -3.5743170e-04
  -4.0171940e-04
  -3.1273920e-06
   4.7459630e-04
   4.6500650e-04
   4.9179440e-05
  -9.6413240e-05
   3.6224690e-04
   8.0093150e-04
   8.1504020e-04
   7.7234150e-04
   9.5625760e-04
   1.5157650e-03
   2.1526020e-03
   2.0329320e-03
   1.2563910e-03
   9.7551510e-04
   1.6365770e-03
   2.5914030e-03
   3.2157960e-03
   3.3678120e-03
   3.2057300e-03
   2.8708880e-03
   2.2472190e-03
   1.4740220e-03
   9.3295370e-04
   5.8992020e-04
   5.3270900e-04
   1.1475950e-03
   2.2226500e-03
   3.0044250e-03
   2.9775140e-03
   2.4390380e-03
   2.1045460e-03
   1.9857630e-03
   1.6092980e-03
   1.2331140e-03
   1.8612750e-03
   3.5078130e-03
   4.2924690e-03
   3.0579760e-03
   1.4210210e-03
   1.0338570e-03
   1.3651720e-03
   1.7120400e-03
   2.2981860e-03
   2.7193180e-03
   2.1575760e-03
   1.3269300e-03
   1.4965110e-03
   2.1072200e-03
   2.3404510e-03
   2.9456330e-03
   4.0371220e-03
   4.3658040e-03
   3.6117230e-03
   2.4990440e-03
   1.3345190e-03
   4.2082360e-04
   4.9290550e-04
   1.5051860e-03
   2.4965210e-03
   2.6853370e-03
   1.9692930e-03
   1.1763240e-03
   1.2726220e-03
   1.9843740e-03
   2.2035070e-03
   1.5114150e-03
   4.3433390e-04
  -6.9616860e-04
  -1.8062410e-03
  -2.2501520e-03
  -1.5941380e-03
  -3.9447980e-04
   8.2167660e-04
   1.9632260e-03
   2.4418250e-03
   1.4685860e-03
  -3.2313960e-04
  -1.4529170e-03
  -1.9921600e-03
  -2.5343890e-03
  -2.2436970e-03
  -1.0059770e-03
   1.5500090e-05
   1.0153880e-03
   2.7476900e-03
   4.0595640e-03
   3.4379990e-03
   1.6142850e-03
   9.7773540e-05
  -8.9016700e-04
  -1.2673290e-03
  -5.0897690e-04
   7.8875300e-04
   1.2989540e-03
   1.4891750e-03
   2.6559870e-03
   3.8997640e-03
   3.8844090e-03
   3.4043190e-03
   3.3403650e-03
   3.0536940e-03
   2.1042890e-03
   1.1949830e-03
   8.1125820e-04
   9.1487860e-04
   1.8097220e-03
   3.0129030e-03
   2.9747010e-03
   1.5451430e-03
  -1.2941600e-04
  -1.4671740e-03
  -1.4350110e-03
   1.2227940e-03
   4.9714830e-03
   6.8194230e-03
   6.1166510e-03
   3.6139820e-03
   3.3350760e-04
  -1.5400120e-03
  -1.0153710e-03
   8.1865340e-05
   3.1686170e-04
   4.8638210e-04
   1.1448210e-03
   1.6374960e-03
   1.9278810e-03
   1.8218770e-03
   5.3991860e-04
  -8.3566860e-04
  -8.1753800e-04
  -2.2849250e-04
  -1.7933290e-04
  -9.7342130e-05
   8.1188420e-04
   1.6270410e-03
   1.0239390e-03
  -2.4322570e-04
  -7.5781810e-04
  -3.9107700e-04
   3.6336760e-04
   7.2852800e-04
   2.3242980e-04
  -4.5480860e-04
  -5.8070730e-04
  -4.1499360e-04
  -4.9943380e-04
  -5.5383230e-04
  -1.2523730e-04
   5.1639620e-04
   1.1212680e-03
   1.4655300e-03
   7.7991530e-04
  -8.2111680e-04
  -1.9008060e-03
  -1.9060810e-03
  -1.4841680e-03
  -1.0250170e-03
  -9.2303070e-04
  -1.4801030e-03
  -2.0038870e-03
  -1.8147900e-03
  -1.3740620e-03
  -1.4535280e-03
  -1.9708550e-03
  -2.1099490e-03
  -1.3495680e-03
  -2.7409360e-04
   1.0054240e-04
  -9.4856610e-05
  -1.3938900e-04
  -1.2832520e-04
  -2.8349230e-04
  -3.9217670e-04
  -4.5737600e-04
  -6.9370760e-04
  -1.0659320e-03
  -1.7413570e-03
  -2.9861580e-03
  -3.7761830e-03
  -2.8298210e-03
  -8.2771790e-04
   7.3640430e-04
   1.2868600e-03
   6.8930710e-04
  -8.1088410e-04
  -2.1533680e-03
  -2.6561270e-03
  -2.7678930e-03
  -2.8149000e-03
  -2.5592690e-03
  -2.0356450e-03
  -1.3412580e-03
  -3.3419840e-04
   4.0360580e-04
   1.0326940e-04
  -5.8553570e-04
  -9.5306260e-04
  -1.4555050e-03
  -1.9744410e-03
  -1.8641410e-03
  -1.4377910e-03
  -1.0456200e-03
  -4.4830660e-04
   6.7388750e-05
  -2.0991870e-04
  -1.2016170e-03
  -1.9850730e-03
  -1.8513870e-03
  -1.0413540e-03
  -3.8051110e-04
  -3.1544610e-04
  -8.6814750e-04
  -1.8825710e-03
  -2.2943110e-03
  -1.0726200e-03
   6.3220980e-04
   8.8466930e-04
  -3.8096900e-04
  -1.8617780e-03
  -2.1426160e-03
  -4.4668210e-04
   1.9450150e-03
   2.6460890e-03
   1.4992970e-03
   2.9854540e-04
  -3.5713620e-04
  -1.0306870e-03
  -1.2743840e-03
  -2.1504270e-04
   1.2598390e-03
   1.5911620e-03
   9.8152740e-04
   5.0917670e-04
   3.2455060e-04
   6.4206080e-05
  -1.9641670e-04
  -5.1238400e-04
  -1.2301180e-03
  -1.7944510e-03
  -1.6386170e-03
  -1.3013850e-03
  -9.6446990e-04
  -3.3300980e-04
   2.5904490e-04
   7.2419500e-04
   1.4244840e-03
   1.7538470e-03
   1.0048360e-03
  -1.4150990e-04
  -7.0982980e-04
  -3.3376230e-04
   5.4524540e-04
   7.4513460e-04
   1.8971460e-05
  -5.6242580e-04
  -2.5567480e-04
   7.6945150e-04
   1.7978140e-03
   2.2384400e-03
   2.1463830e-03
   1.9140140e-03
   1.8052290e-03
   1.6352270e-03
   1.0227940e-03
  -1.0437480e-04
  -1.4236860e-03
  -2.1922760e-03
  -1.9201880e-03
  -9.8766570e-04
   2.0204380e-04
   1.7061670e-03
   3.0899450e-03
   3.2911210e-03
   2.1741100e-03
   7.7881870e-04
  -4.2788460e-04
  -1.5842940e-03
  -2.0804460e-03
  -1.3556180e-03
  -1.5859750e-04
   7.8223800e-04
   1.9278880e-03
   3.2167560e-03
   3.4545560e-03
   2.3280700e-03
   4.6776780e-04
  -1.7180850e-03
  -3.3992180e-03
  -3.2804690e-03
  -1.1860220e-03
   1.4469340e-03
   3.2592800e-03
   4.1607110e-03
   4.1936360e-03
   3.0154790e-03
   1.1405250e-03
  -1.9990880e-04
  -7.9178650e-04
  -1.4252660e-03
  -1.9438390e-03
  -1.3552410e-03
   8.1635030e-05
   1.3668870e-03
   2.1971710e-03
   2.0011010e-03
   3.8453050e-04
  -1.2911970e-03
  -1.7687160e-03
  -1.6416330e-03
  -1.3934530e-03
  -3.6750710e-04
   1.0035180e-03
   9.5606020e-04
  -6.2389590e-04
  -1.9576910e-03
  -2.2963250e-03
  -2.2938490e-03
  -1.7460490e-03
  -8.5901940e-05
   1.6147940e-03
   2.0601020e-03
   1.2762590e-03
  -2.3614700e-04
  -1.6088000e-03
  -1.7023960e-03
  -4.4105690e-04
   8.8558080e-04
   9.5698840e-04
  -1.6430370e-04
  -1.0259490e-03
  -7.2069080e-04
   6.0333510e-05
   7.6284110e-04
   1.4583540e-03
   1.4659880e-03
   1.0634530e-04
  -1.9771090e-03
  -3.6446570e-03
  -4.1897930e-03
  -3.0761180e-03
  -2.9385470e-04
   2.8809420e-03
   4.8432750e-03
   4.6618930e-03
   1.8737240e-03
  -2.5337910e-03
  -5.6089860e-03
  -5.4581740e-03
  -3.2992950e-03
  -9.2133920e-04
   9.4027900e-04
   1.4960600e-03
   5.7369140e-04
  -7.2446800e-04
  -1.5763000e-03
  -2.1082020e-03
  -2.5185230e-03
  -2.4304770e-03
  -1.5342200e-03
  -2.6609730e-04
   8.4654660e-04
   1.5471520e-03
   1.6520460e-03
   1.2780560e-03
   6.4085730e-04
  -3.7071340e-04
  -1.5839880e-03
  -2.1853570e-03
  -2.0048310e-03
  -1.7711850e-03
  -1.4891100e-03
  -7.0652660e-04
   9.2205730e-05
   2.3765480e-04
  -2.8145950e-04
  -1.1511930e-03
  -1.9738310e-03
  -2.5435290e-03
  -2.7315570e-03
  -2.2987740e-03
  -1.2210070e-03
   2.5666440e-04
   1.6462840e-03
   2.3181230e-03
   1.9372500e-03
   8.6553990e-04
   1.4387250e-05
  -3.4798440e-04
  -8.4739510e-04
  -1.5071310e-03
  -1.7283270e-03
  -1.4939570e-03
  -9.9325850e-04
  -2.0275610e-05
   1.3884630e-03
   2.5772020e-03
   2.7008090e-03
   1.5117290e-03
  -9.9643020e-05
  -1.1352680e-03
  -1.4272350e-03
  -7.9857130e-04
   6.7079380e-04
   1.8453380e-03
   1.8715740e-03
   1.0712110e-03
   2.0828790e-04
  -9.1057670e-05
   4.6685690e-04
   1.4117680e-03
   1.4843480e-03
   2.7721480e-04
  -8.7176510e-04
  -6.7333220e-04
   7.2046600e-04
   2.2735720e-03
   2.8921020e-03
   2.0033930e-03
   1.9240460e-04
  -1.1966360e-03
  -1.8404530e-03
  -2.5759370e-03
  -3.0973760e-03
  -2.2938490e-03
  -8.6962300e-04
   7.2180150e-05
   1.0020320e-03
   1.9307970e-03
   2.2587880e-03
   2.2729330e-03
   1.6725010e-03
  -3.0945800e-04
  -2.6272060e-03
  -3.4873720e-03
  -2.7467330e-03
  -1.5735690e-03
  -6.8234530e-04
  -1.2095690e-04
  -1.1690690e-04
  -6.7129090e-04
  -1.4199390e-03
  -2.1516920e-03
  -2.2914340e-03
  -1.4764760e-03
  -7.6685610e-04
  -1.2774750e-03
  -2.4108800e-03
  -2.9835080e-03
  -3.0580960e-03
  -2.8590140e-03
  -1.6240660e-03
   2.0088540e-04
   7.8399570e-04
   1.2935640e-04
  -6.1885390e-04
  -1.4971930e-03
  -2.1096430e-03
  -1.7215140e-03
  -1.5123920e-03
  -2.3934610e-03
  -2.6614500e-03
  -1.2771520e-03
   8.6715570e-05
   3.8610240e-04
   1.6113310e-04
  -5.9800720e-04
  -1.4752590e-03
  -1.1849580e-03
   9.3981000e-05
   1.1018020e-03
   1.3849290e-03
   8.8672760e-04
  -2.2890190e-04
  -1.0224250e-03
  -9.9884700e-04
  -8.1601870e-04
  -6.2628630e-04
   1.3392280e-04
   1.0928280e-03
   1.4611070e-03
   1.2956070e-03
   9.4059960e-04
   5.9295330e-04
   3.6239830e-04
   3.8646180e-04
   7.5235960e-04
   7.9811820e-04
   1.5391820e-04
  -4.5015660e-04
  -1.1111300e-03
  -1.9123190e-03
  -1.1390500e-03
   1.3396880e-03
   2.9346540e-03
   2.7922930e-03
   2.1202960e-03
   1.0269990e-03
  -3.6107950e-04
  -8.4390370e-04
  -5.1537760e-04
  -2.0289580e-04
   4.8714100e-04
   1.3215600e-03
   9.1257890e-04
  -6.3162590e-04
  -1.6753730e-03
  -1.2687040e-03
   4.8513870e-05
   8.6856830e-04
   4.8683860e-04
  -1.4479520e-04
   4.6865170e-05
   1.0189810e-03
   2.4122830e-03
   3.5553000e-03
   3.4441080e-03
   1.8928860e-03
  -4.5789560e-04
  -2.6149560e-03
  -3.4457970e-03
  -2.5856070e-03
  -7.5447980e-04
   1.2954450e-03
   3.4210180e-03
   5.1337240e-03
   5.5333860e-03
   4.7806000e-03
   3.8236850e-03
   3.1164450e-03
   2.4493920e-03
   1.4281760e-03
   1.5311820e-04
  -9.1197240e-04
  -1.4912710e-03
  -1.3348490e-03
  -1.7867920e-04
   1.6908830e-03
   3.2219470e-03
   3.5894870e-03
   3.0550730e-03
   2.2802440e-03
   1.6655500e-03
   1.4841860e-03
   1.7084870e-03
   1.7502720e-03
   1.1681100e-03
   6.6794170e-04
   9.3538660e-04
   1.0726540e-03
   4.9253620e-04
   1.5869350e-04
   1.6742310e-04
  -3.3529670e-04
  -6.2870820e-04
   4.7792150e-04
   2.1132160e-03
   2.9308610e-03
   3.1497440e-03
   3.0966930e-03
   2.6530330e-03
   2.3572520e-03
   2.1894270e-03
   1.0785230e-03
  -6.5434370e-04
  -1.2624150e-03
  -2.4127250e-04
   1.4200820e-03
   2.8683030e-03
   3.7922600e-03
   3.8475270e-03
   2.6192100e-03
   4.8506400e-04
  -1.3382630e-03
  -2.0234780e-03
  -1.4359990e-03
   8.2920970e-05
   1.7190240e-03
   2.9959490e-03
   3.3220220e-03
   1.7377510e-03
  -3.9865140e-04
  -4.0431600e-04
   1.1954770e-03
   1.9039080e-03
   1.1067450e-03
  -6.0549400e-04
  -2.7307600e-03
  -3.8945200e-03
  -2.9106440e-03
  -9.3504000e-04
   1.9426700e-04
   3.7973810e-04
   3.9270170e-04
   6.4484000e-04
   1.2939980e-03
   2.0466340e-03
   2.2043310e-03
   1.4409980e-03
  -1.6526930e-05
  -1.5284400e-03
  -2.2151180e-03
  -1.6835190e-03
  -2.0681790e-04
   1.5422300e-03
   2.2599920e-03
   9.3564180e-04
  -1.4969080e-03
  -2.9223310e-03
  -2.3458380e-03
  -6.2401260e-04
   1.0389960e-03
   2.2884350e-03
   2.5805960e-03
   1.4825800e-03
   4.0075270e-04
   6.3625290e-04
   1.0223390e-03
   1.0202720e-04
  -1.5181550e-03
  -2.4455060e-03
  -2.4220310e-03
  -1.8075100e-03
  -3.9918050e-04
   1.6642980e-03
   3.1192790e-03
   3.0435360e-03
   1.6786570e-03
  -3.1316500e-04
  -2.0808440e-03
  -2.8468740e-03
  -2.4951080e-03
  -1.3784850e-03
  -6.7206120e-05
   9.5389050e-04
   1.6272550e-03
   1.8107910e-03
   1.4393710e-03
   9.4431020e-04
   3.8245860e-04
  -5.6013090e-04
  -1.5479220e-03
  -1.8269710e-03
  -1.5315610e-03
  -1.5028320e-03
  -1.3823470e-03
  -2.3593240e-04
   1.3514150e-03
   2.3911240e-03
   2.7679610e-03
   2.2528070e-03
   8.7175590e-04
   6.6299130e-06
   6.9169960e-04
   1.8706460e-03
   2.1655120e-03
   1.4480720e-03
  -9.1449900e-05
  -1.7776640e-03
  -2.0087280e-03
  -4.6809320e-04
   1.1586760e-03
   1.7362340e-03
   1.3953290e-03
   4.9128960e-04
  -2.6358900e-04
  -1.2194190e-04
   7.3032360e-04
   1.4357730e-03
   1.6975730e-03
   2.1088790e-03
   3.0133200e-03
   4.1754430e-03
   5.3123900e-03
   5.7150840e-03
   4.4554230e-03
   1.7505960e-03
  -7.7647140e-04
  -1.6173510e-03
  -6.4597620e-04
   1.1132590e-03
   2.2460990e-03
   2.3187290e-03
   2.4674750e-03
   3.1333630e-03
   3.1646040e-03
   2.3621220e-03
   1.7218480e-03
   1.2106290e-03
   4.1203930e-04
  -6.7646990e-05
  -3.0769090e-05
  -1.6525660e-04
  -3.6680410e-04
  -1.6993580e-04
  -1.2177910e-04
  -5.6944560e-04
  -7.3106830e-04
  -4.9228540e-04
  -8.1884420e-04
  -1.6186270e-03
  -1.9856820e-03
  -1.9282810e-03
  -1.6702360e-03
  -1.1764430e-03
  -9.0006440e-04
  -1.2981620e-03
  -2.0517870e-03
  -2.4729960e-03
  -2.4215960e-03
  -2.3988320e-03
  -2.6292240e-03
  -2.5319890e-03
  -1.7622570e-03
  -1.2217690e-03
  -1.3141210e-03
  -9.8688490e-04
  -4.5487030e-04
  -8.6032150e-04
  -1.3980110e-03
  -1.3965310e-03
  -1.9891800e-03
  -3.1466030e-03
  -3.4341740e-03
  -2.8056310e-03
  -2.2602840e-03
  -1.8662790e-03
  -1.4791660e-03
  -1.6987280e-03
  -2.3791290e-03
  -2.3875200e-03
  -1.4932550e-03
  -4.9508630e-04
   5.8592960e-05
  -2.0155200e-05
  -9.0378460e-04
  -2.2744720e-03
  -3.1363270e-03
  -2.7839730e-03
  -1.4801010e-03
  -2.7837150e-04
  -3.1618870e-04
  -1.4071120e-03
  -2.2374140e-03
  -2.4964610e-03
  -2.6766370e-03
  -2.4305800e-03
  -1.4782810e-03
  -6.3152810e-04
  -5.3467570e-04
  -1.0076360e-03
  -1.7743390e-03
  -2.3663470e-03
  -2.0345790e-03
  -8.5148040e-04
   1.6006440e-04
   4.0463600e-04
   1.5762520e-04
  -3.5648620e-04
  -1.3077870e-03
  -2.5721390e-03
  -3.3875020e-03
  -3.0204950e-03
  -1.5265960e-03
   4.8725340e-04
   2.2797940e-03
   2.9068460e-03
   2.0446440e-03
   8.4497270e-04
   5.6078620e-04
   7.8486460e-04
   3.6782700e-04
  -6.7030270e-04
  -1.4880900e-03
  -1.7613310e-03
  -1.7054220e-03
  -1.3749840e-03
  -3.9962650e-04
   1.2710860e-03
   2.4150180e-03
   1.6088760e-03
  -5.0218460e-04
  -2.0029680e-03
  -2.5204600e-03
  -2.7309220e-03
  -2.5453040e-03
  -2.0860080e-03
  -1.8378460e-03
  -1.0948230e-03
   4.0756650e-04
   9.5698190e-04
  -8.4144750e-05
  -1.0765860e-03
  -1.4704050e-03
  -2.2153820e-03
  -2.7608340e-03
  -1.9918520e-03
  -7.7208850e-04
  -2.3351610e-04
  -2.3158670e-04
  -6.7252960e-04
  -1.4488010e-03
  -1.7512320e-03
  -1.5564030e-03
  -1.8616890e-03
  -2.3894240e-03
  -2.0604020e-03
  -1.4888100e-03
  -1.6085240e-03
  -1.6785750e-03
  -1.0178570e-03
  -8.4490380e-05
   4.4610380e-04
   4.0899110e-05
  -1.2530100e-03
  -2.7503740e-03
  -3.6878990e-03
  -3.4929730e-03
  -2.4464800e-03
  -1.4212370e-03
  -3.9993420e-04
   1.0305530e-03
   1.8880840e-03
   9.5421620e-04
  -8.9815300e-04
  -2.2527380e-03
  -3.2294610e-03
  -3.8537710e-03
  -3.2189100e-03
  -1.5144420e-03
  -2.2700450e-04
   6.7415800e-05
  -7.5894610e-05
  -4.6200350e-04
  -9.2033560e-04
  -9.1467880e-04
  -8.7895060e-04
  -1.7065130e-03
  -2.8989020e-03
  -3.4715540e-03
  -3.3290930e-03
  -2.4235890e-03
  -7.7663220e-04
   7.2379040e-04
   1.7341190e-03
   2.7462640e-03
   2.9724710e-03
   1.3257930e-03
  -1.2533100e-03
  -3.1603370e-03
  -3.8095510e-03
  -3.2486260e-03
  -1.9084840e-03
  -6.0107520e-04
  -5.6641590e-06
   1.5056190e-05
   2.0224580e-04
   8.4539140e-04
   1.5733640e-03
   1.7386850e-03
   7.7308750e-04
  -8.5278040e-04
  -1.8914090e-03
  -1.8648610e-03
  -8.4505050e-04
   9.3182890e-04
   2.4599070e-03
   2.7716260e-03
   1.7174530e-03
  -1.8271140e-04
  -1.6685130e-03
  -1.7565750e-03
  -8.0939390e-04
   2.4739330e-04
   8.5342320e-04
   9.9750110e-04
   1.1692140e-03
   1.8980130e-03
   3.0111690e-03
   3.4694740e-03
   2.4029570e-03
   2.9635340e-05
  -2.2589920e-03
  -2.4413340e-03
  -5.4125420e-05
   2.8329710e-03
   4.3512580e-03
   4.2857430e-03
   3.0467070e-03
   1.6486870e-03
   6.8494330e-04
  -4.1326610e-04
  -1.2497990e-03
  -1.1517870e-03
  -9.0667940e-04
  -4.7038960e-04
   1.2046360e-03
   3.4832750e-03
   4.5374940e-03
   3.8738720e-03
   2.6098420e-03
   1.5476240e-03
   7.0062460e-04
   1.6480000e-04
   1.1504700e-06
   2.6854430e-04
   1.3214650e-03
   2.9689840e-03
   4.1595190e-03
   4.3619400e-03
   3.6569900e-03
   2.1277240e-03
   8.0613710e-04
   6.6741740e-04
   1.0339580e-03
   1.2891440e-03
   1.6933810e-03
   2.0751070e-03
   1.9953630e-03
   1.5234270e-03
   1.0837250e-03
   1.0428380e-03
   1.2294740e-03
   1.1619160e-03
   1.0068520e-03
   1.1829200e-03
   1.6185870e-03
   2.3226050e-03
   3.2643230e-03
   3.7890080e-03
   3.3118990e-03
   2.2394290e-03
   1.3937330e-03
   7.5894180e-04
   2.4149280e-04
   4.9297580e-04
   1.3277630e-03
   1.6754960e-03
   1.4866350e-03
   1.5597500e-03
   2.1865530e-03
   3.0207100e-03
   3.7255190e-03
   3.9601510e-03
   3.3329540e-03
   2.3115420e-03
   1.7221980e-03
   1.2535920e-03
   3.5198320e-04
  -3.3849560e-04
   1.5370640e-04
   1.3698790e-03
   1.7998770e-03
   1.5347320e-03
   2.0658200e-03
   2.9305170e-03
   2.5370040e-03
   1.4569080e-03
   9.9491360e-04
   7.3654180e-04
   9.6263060e-05
  -1.9683420e-04
   1.6088570e-04
   3.6721080e-04
   4.9689500e-04
   1.0059070e-03
   1.1337230e-03
   5.3074830e-04
  -2.4904380e-04
  -1.2809600e-03
  -2.4176790e-03
  -2.6772630e-03
  -1.9862550e-03
  -1.3227440e-03
  -9.8967230e-04
  -4.2166910e-04
   4.1744330e-04
   9.1436340e-04
   9.3680660e-04
   3.6204020e-04
  -9.9599400e-04
  -2.0732990e-03
  -1.8804300e-03
  -8.4756780e-04
   3.2798530e-04
   7.9941170e-04
  -4.3182910e-05
  -1.3467620e-03
  -2.0455390e-03
  -2.1771490e-03
  -2.0488430e-03
  -1.8812250e-03
  -1.9347070e-03
  -2.1111700e-03
  -1.9118490e-03
  -1.3317510e-03
  -1.2851320e-03
  -1.7941060e-03
  -1.6747130e-03
  -8.7924270e-04
  -2.5217670e-04
  -7.2976620e-05
  -3.6244150e-04
  -9.7708050e-04
  -1.6318260e-03
  -2.3078940e-03
  -3.1562570e-03
  -4.0971500e-03
  -4.6174500e-03
  -4.1768900e-03
  -2.8378150e-03
  -1.1396520e-03
   4.4447660e-04
   1.4898000e-03
   1.7257490e-03
   1.3352700e-03
   3.8340050e-04
  -1.1455200e-03
  -2.4132820e-03
  -2.3855700e-03
  -1.2494970e-03
   6.1129600e-05
   9.8640060e-04
   1.1051440e-03
   4.8119240e-04
   1.3806040e-04
   3.1501910e-04
   2.3137340e-04
  -5.1694540e-05
  -2.4846570e-04
  -1.0173650e-03
  -2.4039510e-03
  -2.8422770e-03
  -1.5862970e-03
  -1.3803900e-04
   4.4260030e-04
   5.9501880e-04
   2.3484780e-04
  -7.3194900e-04
  -1.4052300e-03
  -1.5322790e-03
  -1.2652120e-03
   1.1384080e-05
   1.7897170e-03
   2.1690490e-03
   9.3972660e-04
  -5.5179620e-04
  -1.9183400e-03
  -2.6086320e-03
  -1.5288220e-03
   1.2098210e-04
   3.1977070e-04
  -3.3338080e-04
  -5.4157960e-04
  -6.0239350e-04
  -6.0092700e-04
   1.0965950e-04
   9.3518160e-04
   1.0723830e-03
   1.2512760e-03
   1.4751860e-03
   6.2262790e-04
  -5.8578610e-04
  -7.0277850e-04
  -2.7155630e-04
  -3.2236820e-04
  -6.5965890e-04
  -7.9459280e-04
  -6.9163090e-04
  -2.8493930e-04
   5.9658070e-04
   1.4943490e-03
   1.7084950e-03
   1.3615030e-03
   9.4636380e-04
   7.6824050e-04
   8.6039990e-04
   6.4911480e-04
   7.9403840e-05
  -3.1160810e-05
   2.5614610e-04
   5.4421260e-04
   1.0496930e-03
   1.3447130e-03
   7.1777980e-04
  -3.3380200e-04
  -8.6836300e-04
  -1.1636110e-03
  -1.6011550e-03
  -1.2793920e-03
  -1.5963120e-04
   5.3470290e-04
   7.0892600e-04
   9.8055050e-04
   1.1250780e-03
   5.9903910e-04
  -1.3116130e-04
  -1.8512200e-04
   2.1490750e-05
  -1.4976970e-04
  -2.8856670e-04
  -2.4429720e-04
  -2.0490470e-04
   2.4354540e-05
   2.0545900e-04
  -5.2116600e-05
  -2.2060900e-04
   2.5711780e-04
   9.8467400e-04
   1.3898670e-03
   1.3540790e-03
   9.3722800e-04
   4.6302710e-04
   3.5538000e-04
   5.3763360e-04
   7.3354010e-04
   7.7360370e-04
   4.5991930e-04
  -1.4989460e-05
  -8.3837070e-05
   3.2781560e-04
   6.9896850e-04
   6.4677710e-04
   2.4822870e-04
   9.2703630e-05
   8.7324230e-04
   2.0729360e-03
   2.3862160e-03
   1.7990030e-03
   1.0094210e-03
   1.0415980e-04
  -5.4804210e-04
  -3.6325030e-04
   4.3821180e-04
   1.3544240e-03
   2.2425120e-03
   2.6891380e-03
   2.0463300e-03
   9.2206300e-04
   4.6517890e-04
   2.7187350e-04
   7.9657030e-05
   8.1030480e-04
   1.6433420e-03
   1.0991370e-03
   2.0069450e-04
  -2.2502540e-05
  -1.8236690e-04
  -2.1604970e-04
   3.6499690e-04
   1.1850820e-03
   1.8265580e-03
   2.3863640e-03
   2.9023890e-03
   2.7945240e-03
   1.7134140e-03
   3.8685520e-04
  -7.3868640e-04
  -1.8276440e-03
  -2.2710300e-03
  -1.7163050e-03
  -1.0795540e-03
  -5.4518590e-04
   7.5397600e-04
   2.1154850e-03
   1.8345870e-03
   7.4756390e-04
   7.4970930e-04
   9.1276500e-04
  -1.7634050e-04
  -1.3086530e-03
  -1.3037810e-03
  -1.0276600e-03
  -1.0912870e-03
  -8.3542740e-04
  -3.6706960e-04
  -6.3657800e-04
  -1.2289530e-03
  -1.1320440e-03
  -7.5730690e-04
  -6.2803240e-04
  -6.9604530e-04
  -1.1870340e-03
  -1.5800960e-03
  -9.7575370e-04
   1.9286180e-04
   7.7221410e-04
   3.7644550e-04
  -2.5067480e-04
  -5.3567500e-04
  -6.9148500e-04
  -5.1908430e-04
   7.0538240e-05
   3.6401800e-04
   1.3512380e-04
  -1.7830060e-04
  -1.0895110e-04
   2.4031630e-04
  -3.9636650e-05
  -9.0820030e-04
  -1.0443310e-03
  -1.7629330e-04
   7.3801760e-04
   1.1495040e-03
   1.1519930e-03
   1.0839810e-03
   1.0334450e-03
   5.1854570e-04
  -2.4730190e-04
  -2.3722870e-04
   1.7754460e-04
  -2.0394780e-04
  -1.0465810e-03
  -1.4461930e-03
  -1.5371930e-03
  -1.4115590e-03
  -6.1514490e-04
   5.4809550e-04
   1.3366700e-03
   1.4536450e-03
   4.8414980e-04
  -1.4028110e-03
  -2.6102980e-03
  -2.2166380e-03
  -1.0644900e-03
   3.2316920e-04
   1.5303050e-03
   1.3523990e-03
   4.8245250e-04
   6.2518840e-04
   6.7950840e-04
  -5.4703390e-04
  -1.3546700e-03
  -1.1645700e-03
  -2.0599990e-03
  -3.9830480e-03
  -4.3250380e-03
  -2.7868930e-03
  -1.2536800e-03
  -9.2587980e-05
   1.6677820e-03
   3.7333520e-03
   4.7624320e-03
   4.9092040e-03
   4.7549770e-03
   3.0774510e-03
  -4.8433660e-04
  -4.1015830e-03
  -6.2589210e-03
  -6.2447630e-03
  -3.9298210e-03
  -2.6364690e-04
   2.4896350e-03
   1.7792880e-03
  -1.5687430e-03
  -3.4639030e-03
  -1.9722420e-03
   1.1323030e-03
   3.2658900e-03
   2.8671770e-03
  -1.2685620e-05
  -3.1275390e-03
  -3.8361790e-03
  -2.1230710e-03
   6.5600840e-04
   3.0891350e-03
   2.8740040e-03
  -1.3822650e-04
  -3.3143440e-03
  -5.3207030e-03
  -5.1104660e-03
  -1.3806540e-03
   3.3034610e-03
   4.9028590e-03
   3.2505180e-03
   1.4971460e-04
  -2.8621330e-03
  -3.3936110e-03
  -6.9108980e-04
   2.1143350e-03
   2.1986190e-03
   1.5442400e-04
  -2.2039450e-03
  -3.5458660e-03
  -2.6110650e-03
   7.1769330e-04
   3.3767510e-03
   2.3028170e-03
  -7.9754190e-04
  -2.7136040e-03
  -2.6421840e-03
  -4.4852540e-04
   2.1939640e-03
   1.7276370e-03
  -3.4256970e-04
   3.1709230e-04
   1.0925830e-03
  -8.2139120e-04
  -2.3886820e-04
   3.5239170e-03
   2.3899510e-03
  -2.6653400e-03
  -2.1449500e-03
   9.9492040e-04
  -1.2242110e-03
  -3.4685010e-03
  -8.1816470e-04
   6.1641070e-04
  -1.1732240e-03
  -7.2831370e-04
   1.1204970e-03
   2.3193440e-05
  -1.0328570e-03
  -2.4660910e-04
  -4.5429860e-04
  -4.8509100e-04
  -2.7827850e-05
  -1.1196790e-03
  -1.5729350e-03
  -4.9329250e-04
  -9.5539940e-04
  -3.1311130e-03
  -4.4333660e-03
  -3.9781020e-03
  -2.2057590e-03
   1.4019100e-04
   1.1006160e-03
   3.9560080e-04
  -2.1146030e-05
  -1.4586430e-03
  -4.5965730e-03
  -4.8052580e-03
  -1.4348260e-03
   3.2142780e-04
  -2.5011420e-04
  -1.0560200e-04
  -3.6433450e-04
  -2.9920300e-03
  -4.8215710e-03
  -3.4099980e-03
  -1.9803580e-03
  -2.2325510e-03
  -1.3929610e-03
   3.6606470e-04
  -9.2977280e-05
  -2.0496200e-03
  -2.9467470e-03
  -3.2825340e-03
  -4.0113740e-03
  -4.1740430e-03
  -3.5519900e-03
  -3.2601330e-03
  -2.7933900e-03
  -9.2444000e-04
   4.7362750e-04
  -3.5085440e-04
  -1.0829110e-03
  -9.8649850e-04
  -2.4458550e-03
  -4.8131270e-03
  -5.7614380e-03
  -5.4538200e-03
  -4.3073820e-03
  -1.5036970e-03
   1.7441300e-03
   2.2286770e-03
  -8.6684000e-06
  -2.2022110e-03
  -3.3956970e-03
  -3.4245750e-03
  -2.1429360e-03
  -1.2563730e-03
  -1.9051630e-03
  -2.3839410e-03
  -1.6960990e-03
  -9.9321560e-04
  -5.9197120e-04
  -3.2980180e-04
  -6.3100860e-04
  -1.2057680e-03
  -1.5482110e-03
  -1.6210350e-03
  -1.6419460e-03
  -2.1528580e-03
  -2.9051730e-03
  -2.6070140e-03
  -1.2376280e-03
  -7.0451360e-04
  -1.4760400e-03
  -1.4399410e-03
  -2.4923180e-04
  -2.6447240e-04
  -1.4329020e-03
  -9.3643370e-04
   1.2835040e-03
   2.5885020e-03
   2.1165270e-03
   3.2812760e-04
  -2.3101010e-03
  -3.8383850e-03
  -2.4695730e-03
   5.9136960e-04
   3.0443920e-03
   3.8082720e-03
   2.5589390e-03
   4.4764240e-04
  -9.3024730e-05
   9.1573150e-04
   7.5939260e-04
  -1.0861630e-03
  -2.0008090e-03
  -9.1334080e-04
   5.0875080e-04
   1.3933020e-03
   2.1541060e-03
   2.7170470e-03
   2.4571830e-03
   1.2646760e-03
   4.6600890e-04
   9.8572510e-04
   1.8606650e-03
   2.2715600e-03
   2.2593930e-03
   1.7829830e-03
   7.8479390e-04
   1.5261540e-05
   7.1312950e-04
   2.3575820e-03
   3.6243020e-03
   4.4715500e-03
   4.3654460e-03
   3.1790290e-03
   2.8488110e-03
   4.1102290e-03
   5.4676470e-03
   5.5895390e-03
   4.2667890e-03
   2.3839020e-03
   1.2589510e-03
   1.4313560e-03
   2.2983100e-03
   3.3768100e-03
   4.7279160e-03
   5.6422740e-03
   5.6109550e-03
   5.5511310e-03
   5.5396380e-03
   4.4241960e-03
   2.6578200e-03
   1.7721550e-03
   1.7815680e-03
   2.1266740e-03
   3.0158210e-03
   4.2263250e-03
   4.9493070e-03
   4.8207330e-03
   4.0290640e-03
   3.3752910e-03
   3.6669470e-03
   4.8668590e-03
   6.3985750e-03
   6.8813420e-03
   5.6117830e-03
   4.4138930e-03
   4.1677190e-03
   3.5838350e-03
   2.8443530e-03
   2.9228260e-03
   3.4584350e-03
   4.1700020e-03
   5.4953090e-03
   7.1496630e-03
   7.7880390e-03
   6.6774630e-03
   4.8163910e-03
   3.6546570e-03
   3.2294000e-03
   2.8205870e-03
   3.1278930e-03
   4.8272210e-03
   6.1263900e-03
   5.8681840e-03
   5.4154030e-03
   4.8875560e-03
   3.2426960e-03
   1.7444160e-03
   2.0253010e-03
   3.1107610e-03
   3.9990600e-03
   5.1609760e-03
   5.5603930e-03
   3.9431410e-03
   2.4131680e-03
   2.6921540e-03
   2.9072380e-03
   2.2812390e-03
   2.6166170e-03
   3.4891850e-03
   3.0879820e-03
   2.9671760e-03
   4.6418980e-03
   5.3892940e-03
   3.7601760e-03
   2.5758030e-03
   2.9936000e-03
   2.9423910e-03
   2.3233360e-03
   2.7031920e-03
   3.0129400e-03
   2.2782900e-03
   2.0454030e-03
   2.4585050e-03
   2.6151950e-03
   3.1590140e-03
   4.1510600e-03
   4.3567340e-03
   3.3368220e-03
   1.7589900e-03
   6.5429930e-04
   7.5599200e-04
   1.1471710e-03
   3.9756450e-04
  -3.2247040e-04
   2.6690140e-04
   5.1927240e-04
  -3.3528060e-05
   2.3655430e-04
   5.6596560e-04
  -3.9709040e-04
  -7.5448560e-04
   3.3752260e-04
   8.5027020e-05
  -1.5555190e-03
  -1.6036140e-03
  -8.1973280e-04
  -1.3337580e-03
  -1.5768840e-03
  -6.5044360e-04
  -1.4276880e-03
  -4.2908780e-03
  -5.3416820e-03
  -4.0345630e-03
  -3.4381180e-03
  -3.3637970e-03
  -2.1005260e-03
  -8.7846850e-04
  -8.2746360e-04
  -9.4680490e-04
  -1.2599280e-03
  -2.9775160e-03
  -5.1715580e-03
  -5.5179110e-03
  -4.3197010e-03
  -3.4516090e-03
  -2.8191430e-03
  -2.0119570e-03
  -1.7339100e-03
  -2.0885360e-03
  -2.8438780e-03
  -3.9490720e-03
  -4.6112230e-03
  -3.6777430e-03
  -1.6590680e-03
  -8.9994730e-04
  -2.3587050e-03
  -4.6100870e-03
  -5.9406570e-03
  -5.2275320e-03
  -3.2912620e-03
  -2.4499170e-03
  -2.9760020e-03
  -3.7104900e-03
  -4.4369610e-03
  -4.8294710e-03
  -4.2879730e-03
  -3.2402660e-03
  -2.6297310e-03
  -2.3324730e-03
  -1.8580420e-03
  -2.0804910e-03
  -2.8242820e-03
  -2.2629920e-03
  -1.3517190e-03
  -1.5958830e-03
  -1.3889370e-03
  -1.0736800e-03
  -2.7213770e-03
  -4.1565920e-03
  -2.8714690e-03
  -7.8211520e-04
   1.6527360e-04
   1.7160120e-04
  -1.6495040e-03
  -6.1554960e-03
  -1.0121600e-02
  -1.0175970e-02
  -7.4455320e-03
  -3.6079940e-03
  -5.3698600e-04
  -1.1701300e-03
  -4.0995430e-03
  -5.4650480e-03
  -4.9864750e-03
  -3.9867210e-03
  -3.1559800e-03
  -3.2329820e-03
  -3.8383620e-03
  -3.8948910e-03
  -4.0874600e-03
  -5.2772980e-03
  -5.4047200e-03
  -2.7675630e-03
  -2.4426970e-04
  -5.0716270e-04
  -1.6341560e-03
  -2.5874490e-03
  -4.5858960e-03
  -5.3599720e-03
  -3.0352860e-03
  -1.4795750e-03
  -2.8868800e-03
  -4.5140110e-03
  -5.4547250e-03
  -6.4184290e-03
  -5.7490110e-03
  -2.9892270e-03
  -1.2801490e-03
  -1.7042300e-03
  -1.7783550e-03
  -1.5110530e-03
  -2.2401290e-03
  -2.1114160e-03
  -7.9321750e-04
  -1.5147870e-03
  -4.8681570e-03
  -8.2221190e-03
  -9.7075990e-03
  -7.1817450e-03
   1.0989710e-03
   1.0910500e-02
   1.4964540e-02
   1.2118430e-02
   6.1020970e-03
  -1.8128050e-03
  -1.1373890e-02
  -1.7987750e-02
  -1.6386360e-02
  -7.7724510e-03
   2.6044350e-03
   1.0424320e-02
   1.0989710e-02
   3.3846750e-03
  -4.2255700e-03
  -5.8123300e-03
  -4.9271170e-03
  -3.7650530e-03
  -4.8575060e-04
   3.6478820e-03
   6.4797240e-03
   7.6658320e-03
   6.2244730e-03
   2.2045430e-03
  -1.8717420e-03
  -4.8285080e-03
  -7.5100800e-03
  -8.5336960e-03
  -5.5896280e-03
  -6.2747750e-04
   2.7038540e-03
   4.2604780e-03
   6.2867160e-03
   9.4177470e-03
   1.0472290e-02
   6.3382370e-03
  -1.9123490e-04
  -4.1410200e-03
  -5.1916800e-03
  -4.8416610e-03
  -1.8990590e-03
   3.2061740e-03
   5.8463530e-03
   4.5012610e-03
   2.6907810e-03
   1.9646390e-03
   1.8839550e-03
   2.7484620e-03
   2.9977140e-03
   8.2798550e-04
  -1.9571110e-03
  -2.4456940e-03
  -2.4654380e-04
   2.7478630e-03
   4.1972490e-03
   2.6563490e-03
  -1.3912030e-03
  -5.0543860e-03
  -4.5435010e-03
   1.6952780e-03
   1.0529820e-02
   1.6267830e-02
   1.5938500e-02
   1.0019700e-02
   6.9492540e-04
  -8.0042680e-03
  -1.2379640e-02
  -1.1128810e-02
  -4.3517180e-03
   4.8873140e-03
   9.9513210e-03
   7.9834490e-03
   3.6552090e-03
   1.1747560e-03
   4.0038080e-04
   1.1157170e-03
   2.2993490e-03
   1.4037280e-03
  -5.7952220e-04
  -5.4093220e-04
   6.5173620e-04
   1.4931030e-03
   3.9542180e-03
   7.3694560e-03
   7.2118770e-03
   3.0633540e-03
  -1.4109610e-03
  -4.1443950e-03
  -4.8119150e-03
  -3.9309280e-03
  -2.2126210e-03
   1.0517270e-03
   5.4304570e-03
   7.5872080e-03
   5.6823300e-03
   1.2197250e-03
  -3.0854280e-03
  -4.4542040e-03
  -2.3009610e-03
   8.8617490e-04
   2.9152860e-03
   4.2190230e-03
   5.1605310e-03
   3.6884910e-03
  -7.7024250e-04
  -4.8600210e-03
  -5.4411420e-03
  -3.2784520e-03
  -1.7555310e-03
  -1.7737920e-03
  -8.5254450e-04
   1.6287360e-03
   3.6182440e-03
   4.0795970e-03
   3.3917920e-03
   1.5779410e-03
  -1.1662560e-03
  -3.2701400e-03
  -3.7036380e-03
  -2.7150110e-03
   1.6415780e-04
   3.9771650e-03
   4.7113760e-03
   1.0997870e-03
  -3.4220550e-03
  -6.7759520e-03
  -8.7014500e-03
  -7.3867950e-03
  -2.7766070e-03
   1.6063220e-03
   3.6238330e-03
   3.7080820e-03
   1.8481420e-03
  -1.5556770e-03
  -4.6365560e-03
  -5.6792790e-03
  -4.1137370e-03
  -1.3815430e-03
   3.2698310e-04
   6.2182970e-04
   2.3553660e-04
  -4.3179480e-04
  -1.5908000e-03
  -3.2365720e-03
  -4.4325540e-03
  -4.7896400e-03
  -3.8824130e-03
  -1.4914450e-04
   5.1483670e-03
   7.6057180e-03
   5.8103210e-03
   1.8473600e-03
  -2.7031420e-03
  -6.3437200e-03
  -6.9758760e-03
  -4.7231930e-03
  -2.0770190e-03
  -2.5851000e-05
   2.4212630e-03
   4.3664930e-03
   3.7101140e-03
   1.0941560e-03
  -1.9051520e-03
  -4.5086330e-03
  -5.1527630e-03
  -3.9971260e-03
  -3.1002380e-03
  -2.0730720e-03
  -3.2495070e-04
   2.7897530e-04
  -3.9857610e-04
  -2.8024490e-04
   8.8962060e-04
   1.3687230e-03
   2.5580020e-04
  -9.9598630e-04
  -1.0033800e-03
  -1.0287730e-03
  -1.8667280e-03
  -1.6114850e-03
   2.1940400e-04
   1.8579360e-03
   3.3615180e-03
   4.6819320e-03
   3.1630110e-03
  -7.5237570e-04
  -2.7823910e-03
  -2.3355470e-03
  -1.8454270e-03
  -9.4053490e-04
   9.1227310e-04
   1.4930060e-03
   6.5387110e-04
   7.5311090e-04
   1.2032940e-03
   7.5141960e-04
   1.1947640e-03
   3.0902980e-03
   4.6633850e-03
   4.9712140e-03
   3.4642980e-03
  -6.9092350e-05
  -3.7460410e-03
  -4.2402010e-03
  -9.1953460e-04
   2.4794060e-03
   3.3051120e-03
   3.1032220e-03
   3.1839160e-03
   2.2082670e-03
  -3.6576400e-04
  -2.1546030e-03
  -1.5775700e-03
  -1.0379810e-04
   1.5524280e-03
   3.8636160e-03
   5.4136760e-03
   4.9169230e-03
   3.3304580e-03
   1.6123240e-03
  -1.3525190e-04
  -1.5082280e-03
  -1.8520620e-03
  -6.9084640e-04
   1.7948920e-03
   4.1092570e-03
   4.6509960e-03
   3.3656400e-03
   1.1289790e-03
  -9.0864540e-04
  -1.5905620e-03
  -9.3205940e-04
   1.3127920e-04
   1.0023640e-03
   1.7664330e-03
   2.3792180e-03
   1.7763000e-03
  -1.4006780e-04
  -1.5205410e-03
  -1.3188260e-03
  -3.3973960e-04
   2.2985750e-04
   5.3805790e-04
   1.3060660e-03
   1.9540570e-03
   2.4143960e-03
   3.0996120e-03
   2.7369610e-03
   1.3715230e-03
   1.0164080e-03
   1.2829400e-03
   6.8298770e-04
   1.9059220e-05
   1.8358740e-04
   3.5396400e-04
   3.7705630e-05
   9.1236260e-05
   1.0182280e-03
   2.1362440e-03
   2.3435320e-03
   7.2371480e-04
  -1.9012610e-03
  -2.9389520e-03
  -1.6908750e-03
  -3.1029560e-05
   9.6170310e-04
   1.3637470e-03
   1.2274740e-03
   9.6460960e-04
   7.4694600e-04
   4.8438640e-04
   5.0877710e-04
   8.1952500e-04
   1.0881380e-03
   1.1407400e-03
   7.7318250e-04
  -2.0301890e-04
  -1.4372700e-03
  -1.7390270e-03
  -5.2831290e-04
   1.3563560e-03
   2.9001730e-03
   3.2275650e-03
   2.0858260e-03
   6.9314420e-04
   5.2674970e-05
  -2.5818320e-04
  -3.3786220e-04
   4.7624630e-04
   1.6933720e-03
   1.8384070e-03
   6.7033890e-04
  -4.4270600e-04
  -4.0637140e-04
  -3.8868730e-05
  -2.1019410e-04
   2.6880220e-04
   1.4979350e-03
   1.5672750e-03
   4.1231670e-04
  -6.4921950e-04
  -1.3421590e-03
  -1.7327170e-03
  -1.3900270e-03
  -4.0804610e-04
   3.4776250e-05
   9.4233550e-05
   1.0589190e-03
   1.8287670e-03
   1.3638490e-03
   1.2814180e-03
   1.6596850e-03
   1.1536240e-03
   6.2194840e-04
   7.4028220e-04
   5.4791120e-04
   2.4766140e-04
   8.0143640e-04
   1.8269570e-03
   2.4182990e-03
   2.2542020e-03
   1.3389880e-03
  -3.2519250e-04
  -2.4468950e-03
  -3.6980320e-03
  -2.9167170e-03
  -9.2272050e-04
   7.7036050e-04
   1.7857790e-03
   2.4498520e-03
   2.3748680e-03
   9.0280170e-04
  -9.3230910e-04
  -1.6053080e-03
  -1.5023760e-03
  -1.4492830e-03
  -1.2401620e-03
  -9.5870600e-04
  -7.9372620e-04
   3.9882720e-06
   1.4671760e-03
   1.9713270e-03
   7.8021770e-04
  -5.9014710e-04
  -9.6781030e-04
  -1.1905080e-03
  -1.6305800e-03
  -1.2097670e-03
  -5.3452830e-04
  -1.0267180e-03
  -1.3871470e-03
  -6.0127540e-04
   4.5906110e-05
   4.8111360e-04
   1.3442150e-03
   1.6958450e-03
   7.8452480e-04
  -3.2382000e-04
  -7.6567450e-04
  -1.7623870e-03
  -3.3253580e-03
  -3.1234460e-03
  -1.4397910e-03
  -5.8699810e-04
  -3.0038110e-04
   8.8655930e-04
   2.4361370e-03
   2.6898690e-03
   1.4801370e-03
  -1.3337680e-04
  -1.2373060e-03
  -9.8850040e-04
   2.0157910e-04
   6.4296470e-04
   9.9245880e-05
  -4.1215590e-04
  -8.6136390e-04
  -1.6959580e-03
  -2.4817740e-03
  -2.3033870e-03
  -9.8118710e-04
   6.5270800e-04
   1.6476040e-03
   1.5617190e-03
   6.2473100e-04
  -4.3916180e-04
  -1.0803150e-03
  -1.0503290e-03
  -6.2683140e-04
  -6.6190850e-04
  -9.2061130e-04
  -6.1468850e-04
  -3.2853920e-04
   1.2629240e-05
   1.1401730e-03
   1.6718070e-03
   4.9095500e-04
  -1.0494920e-03
  -1.5467290e-03
  -1.0770630e-03
  -5.6808250e-04
  -9.7290250e-04
  -2.4335370e-03
  -3.0521550e-03
  -9.6638690e-04
   1.7891260e-03
   2.5677340e-03
   1.9224980e-03
   4.1082060e-04
  -1.9973990e-03
  -3.6491130e-03
  -2.9768970e-03
  -1.0394770e-03
  -1.3212220e-04
   9.2954660e-05
   1.0300310e-03
   7.5168560e-04
  -2.0296730e-03
  -4.4842070e-03
  -4.9336330e-03
  -4.8491820e-03
  -4.5296130e-03
  -2.7152020e-03
  -2.1831140e-04
   1.0405350e-03
   1.6540420e-03
   2.6415970e-03
   2.4108270e-03
   2.0906170e-04
  -1.7326010e-03
  -2.3045120e-03
  -2.5310650e-03
  -2.4471550e-03
  -1.6175670e-03
  -1.1304000e-03
  -1.6348730e-03
  -1.5100380e-03
  -4.2130690e-04
  -5.1410810e-04
  -1.6759660e-03
  -2.4383140e-03
  -3.4776680e-03
  -4.3306600e-03
  -3.0532880e-03
  -8.2439950e-04
   7.3995530e-05
   5.6970160e-04
   1.3936200e-03
   3.0027900e-04
  -2.8165890e-03
  -4.6387220e-03
  -4.3380000e-03
  -3.6271230e-03
  -2.5684560e-03
  -1.4148760e-03
  -1.5664050e-03
  -1.9625620e-03
  -1.0615200e-03
  -6.4097470e-04
  -1.7437590e-03
  -2.0738670e-03
  -1.4704640e-03
  -1.9455880e-03
  -1.9837530e-03
  -3.9927640e-04
  -1.2800230e-04
  -1.8109620e-03
  -2.6937790e-03
  -1.7918980e-03
  -3.5282430e-04
   6.5553440e-06
  -1.0810600e-03
  -2.7144510e-03
  -4.3383420e-03
  -5.4098880e-03
  -5.1006980e-03
  -3.3245040e-03
  -7.8753360e-04
   1.3445740e-03
   1.5711200e-03
  -7.9024340e-04
  -3.7380530e-03
  -4.0903560e-03
  -1.7784830e-03
   5.2312990e-04
   1.5222500e-03
   1.9197330e-03
   1.9496030e-03
   9.0172580e-04
  -8.9239900e-04
  -1.9366570e-03
  -1.9259780e-03
  -1.7096180e-03
  -1.2345280e-03
  -1.8524870e-04
   7.6476970e-04
   9.5361640e-04
   4.4883620e-04
  -6.8886200e-05
   7.7300380e-07
   2.3715770e-04
  -2.4414350e-05
  -6.9139220e-04
  -1.1869820e-03
  -1.0617380e-03
  -7.9744780e-04
  -1.0842510e-03
  -1.0867050e-03
   9.8355520e-05
   1.5183210e-03
   2.0616570e-03
   1.9781560e-03
   2.2329160e-03
   3.0092570e-03
   2.9451160e-03
   1.3368640e-03
  -2.6814290e-04
  -5.8196520e-04
  -2.7488480e-04
  -2.1439600e-04
  -2.1156840e-04
   3.6074420e-04
   1.5865930e-03
   2.9394540e-03
   4.0869320e-03
   4.4994800e-03
   3.2668710e-03
   8.8731950e-04
  -7.0591740e-04
  -6.1768320e-04
   4.3602090e-04
   2.0382500e-03
   4.2881490e-03
   6.1927950e-03
   6.4593960e-03
   5.1399780e-03
   2.9065000e-03
   5.6964610e-04
  -4.0013100e-04
   7.8722300e-04
   2.3957160e-03
   2.3695530e-03
   1.5562110e-03
   1.4446250e-03
   1.8310120e-03
   2.6719540e-03
   3.5422410e-03
   2.6739660e-03
   2.5863370e-04
  -6.8150380e-04
   1.1427000e-03
   3.3321170e-03
   4.1967450e-03
   4.6184450e-03
   4.3694220e-03
   2.4123370e-03
   3.8672300e-04
   5.8209400e-04
   2.2328230e-03
   3.6868420e-03
   4.9547920e-03
   5.2041160e-03
   3.1020990e-03
   5.1570690e-04
   5.4935040e-04
   3.2466520e-03
   6.0786470e-03
   7.1640470e-03
   6.0726950e-03
   3.0543340e-03
   1.1267490e-04
  -5.6032590e-04
   4.1339580e-04
   1.9446860e-03
   3.4870010e-03
   3.3423000e-03
   1.6052200e-03
   7.3381120e-04
   8.9260750e-04
   4.6182910e-04
   7.6092150e-05
   1.4022180e-03
   3.6356270e-03
   4.7777400e-03
   4.5956500e-03
   3.6334670e-03
   2.1700940e-03
   1.0539140e-03
   6.2455050e-04
   4.4224670e-04
   1.2775370e-03
   3.6358500e-03
   5.2540210e-03
   4.6046910e-03
   3.2432310e-03
   1.6095980e-03
  -9.1652010e-04
  -2.4774870e-03
  -1.7253060e-03
  -6.6231980e-05
   1.6641100e-03
   3.5206910e-03
   4.2458880e-03
   3.0184300e-03
   1.3873060e-03
   4.6588320e-04
  -3.1344420e-04
  -4.2467700e-04
   1.1010170e-03
   3.0828130e-03
   3.8691150e-03
   3.5025110e-03
   2.2836850e-03
   2.6437270e-04
  -1.3055400e-03
  -1.5427690e-03
  -1.3826940e-03
  -1.4014360e-03
  -9.5792390e-04
  -9.7782940e-05
   4.3414650e-05
  -3.5058550e-04
   2.6111200e-04
   1.4906670e-03
   1.6329360e-03
   1.1751390e-03
   1.4461670e-03
   1.0842680e-03
  -1.3431110e-03
  -3.5451460e-03
  -3.2261240e-03
  -1.8125950e-03
  -1.1689810e-03
  -2.9971610e-04
   1.6171300e-03
   2.3879980e-03
   9.5502680e-04
  -7.9456170e-04
  -1.7043870e-03
  -1.7435250e-03
  -1.2879830e-03
  -1.0940950e-03
  -1.0332060e-03
  -9.9862510e-04
  -1.7201340e-03
  -2.5382400e-03
  -1.8255720e-03
  -7.1672300e-04
  -1.5630070e-03
  -3.0963350e-03
  -2.7932580e-03
  -1.4973860e-03
  -1.0491440e-03
  -1.3944180e-03
  -2.4999740e-03
  -4.2980760e-03
  -4.8741780e-03
  -3.4624490e-03
  -1.9931230e-03
  -7.4505580e-04
   1.3262850e-03
   2.1648450e-03
  -2.3105610e-05
  -2.7791240e-03
  -4.2797840e-03
  -5.4673320e-03
  -6.0173840e-03
  -5.1781850e-03
  -4.0019000e-03
  -2.6577610e-03
  -4.2595480e-04
   1.5385530e-03
   1.9616250e-03
   7.1568890e-04
  -2.4609210e-03
  -5.9674680e-03
  -6.8983230e-03
  -5.6856060e-03
  -4.2982240e-03
  -2.3989000e-03
   7.4886100e-05
   1.2676950e-03
   1.5454940e-05
  -3.0185910e-03
  -6.1697540e-03
  -7.6189270e-03
  -6.6688560e-03
  -4.4441330e-03
  -2.0357150e-03
   3.9947310e-04
   1.3466000e-03
  -6.0066290e-04
  -3.1539820e-03
  -3.6395170e-03
  -3.0888960e-03
  -3.3063430e-03
  -3.6437980e-03
  -3.3753820e-03
  -3.2976460e-03
  -3.0952630e-03
  -2.1039630e-03
  -1.3903570e-03
  -1.1470550e-03
  -8.4820000e-04
  -1.7069120e-03
  -3.7888750e-03
  -4.6450660e-03
  -3.7520260e-03
  -2.9453520e-03
  -2.3551680e-03
  -1.3538730e-03
  -1.3023160e-03
  -2.8350080e-03
  -3.9826690e-03
  -3.8023450e-03
  -3.2732360e-03
  -2.2530860e-03
  -8.4021900e-04
  -8.5390740e-04
  -1.9324000e-03
  -1.8913840e-03
  -1.3583110e-03
  -1.4909950e-03
  -1.1576670e-03
  -7.7108330e-04
  -1.8877920e-03
  -3.0845980e-03
  -2.4967930e-03
  -9.0096470e-04
   2.8359560e-04
   6.4447990e-04
   5.1137020e-04
   1.7246650e-04
  -5.7553890e-04
  -1.6953980e-03
  -2.4608890e-03
  -2.2155600e-03
  -1.3436540e-03
  -8.0003230e-04
  -5.4793930e-04
  -3.0503360e-04
  -4.4813440e-04
  -4.7568330e-04
   5.2345540e-05
   2.8920940e-04
   2.5470760e-04
   6.3301610e-04
   1.0326030e-03
   8.5801570e-04
   1.8596630e-04
  -7.7856960e-04
  -1.7588080e-03
  -1.6574390e-03
  -1.4075050e-05
   1.2384190e-03
   6.9036250e-04
  -1.6140290e-04
   1.2552720e-04
   7.2250910e-04
   6.3038960e-04
   4.5955030e-04
   5.9037180e-04
   1.8599390e-04
  -1.1463490e-04
   1.1790790e-03
   2.9996950e-03
   3.8375250e-03
   3.9172520e-03
   2.9839250e-03
   7.3357250e-04
  -1.3268490e-03
  -1.4329660e-03
  -1.5043030e-04
  -9.1318820e-06
  -1.6017600e-03
  -2.3575000e-03
  -8.8654580e-04
   1.1902390e-03
   2.7400410e-03
   3.8095600e-03
   3.0394970e-03
  -2.5086480e-04
  -3.1468340e-03
  -3.0388980e-03
  -1.2765180e-03
  -1.3465180e-04
   1.6453090e-04
   1.6635330e-04
   4.6539820e-04
   1.8422440e-03
   3.8230060e-03
   5.2639810e-03
   5.6202630e-03
   4.3485880e-03
   1.8190440e-03
  -6.9466960e-04
  -2.4546330e-03
  -2.6003130e-03
  -9.5552220e-04
   7.7253380e-04
   1.2872570e-03
   7.6529740e-04
  -8.6330330e-05
  -8.3260740e-06
   1.4095350e-03
   2.7385760e-03
   3.1944530e-03
   3.2396900e-03
   2.6413660e-03
   1.5665080e-03
   1.0959240e-03
   7.3569880e-04
  -2.6492420e-04
  -6.9520990e-04
  -2.1973350e-04
   1.3024650e-04
   1.0362390e-03
   3.0526820e-03
   4.4587900e-03
   4.4409070e-03
   3.5895230e-03
   1.5590930e-03
  -1.2637730e-03
  -2.6153660e-03
  -1.5428480e-03
   3.1232710e-04
   1.6627780e-03
   2.5059280e-03
   2.4528370e-03
   1.5604470e-03
   9.5738480e-04
   9.6074490e-04
   1.1133400e-03
   1.6099120e-03
   2.6708350e-03
   3.6467090e-03
   3.8068740e-03
   3.1835630e-03
   1.9693440e-03
   2.3910570e-05
  -1.5959560e-03
  -1.0521580e-03
   8.6786990e-04
   2.1170400e-03
   3.1168790e-03
   4.6565910e-03
   5.5632330e-03
   4.9360160e-03
   3.2660860e-03
   1.1482750e-03
  -7.5042450e-04
  -1.2348120e-03
   1.9714910e-06
   1.3189780e-03
   1.5369510e-03
   1.7897270e-03
   2.7684350e-03
   3.3967690e-03
   3.3904890e-03
   3.2970020e-03
   2.8377900e-03
   1.7060470e-03
   1.7606460e-04
  -1.2697620e-03
  -1.4781170e-03
   3.9898820e-04
   3.0526920e-03
   4.5782970e-03
   4.8590930e-03
   4.5709790e-03
   3.7365770e-03
   2.1611300e-03
   1.9731840e-04
  -1.0971650e-03
  -1.0867760e-03
  -2.0769100e-04
   1.2840730e-03
   3.2167990e-03
   4.9690330e-03
   6.2096950e-03
   6.1858670e-03
   4.0200320e-03
   6.6369000e-04
  -1.8571090e-03
  -2.4416620e-03
  -1.3281120e-03
   8.0470470e-04
   2.9815660e-03
   3.4364240e-03
   2.0371870e-03
   1.2493520e-03
   2.1054480e-03
   3.1846650e-03
   3.1675130e-03
   1.6310500e-03
  -5.9342750e-04
  -1.7337920e-03
  -8.1593130e-04
   1.2366280e-03
   2.5571680e-03
   2.5641300e-03
   1.9448720e-03
   9.5795310e-04
  -3.3933330e-04
  -1.0422780e-03
  -2.3776550e-04
   1.1494330e-03
   1.3450240e-03
   6.0739390e-04
   3.9006180e-04
   8.7322170e-04
   1.6542430e-03
   2.4599250e-03
   2.4375020e-03
   1.0904040e-03
  -5.4723420e-04
  -1.1906150e-03
  -7.0212820e-04
   7.7073860e-04
   2.7447320e-03
   3.3327820e-03
   1.7049940e-03
  -1.9176780e-04
  -1.0230120e-03
  -1.3993110e-03
  -1.6333890e-03
  -1.8718850e-03
  -2.3837260e-03
  -2.2018280e-03
  -4.9343000e-04
   1.3110100e-03
   1.6472900e-03
   1.2164410e-03
   7.6989740e-04
  -7.2515470e-05
  -4.9869020e-04
   4.0512260e-04
   1.3088090e-03
   1.2446960e-03
   1.1984130e-03
   1.3090640e-03
   9.5934480e-04
   8.8567000e-04
   1.3223030e-03
   9.4901030e-04
  -6.1623830e-04
  -2.1503030e-03
  -2.4522530e-03
  -1.5426800e-03
  -3.5825180e-04
   6.5808640e-04
   1.5252190e-03
   1.6980630e-03
   9.5254300e-04
   9.5035820e-05
  -5.7865240e-04
  -1.2234240e-03
  -1.2645170e-03
  -7.3511070e-04
  -4.3968970e-04
  -8.5660390e-05
   1.0071530e-03
   1.8647840e-03
   8.9465910e-04
  -1.0443450e-03
  -1.7355330e-03
  -1.1446270e-03
  -2.1822530e-05
   1.6103170e-03
   2.2329970e-03
   5.3983880e-04
  -1.3511940e-03
  -1.3231590e-03
  -5.5403880e-04
  -4.0601210e-04
  -3.1142900e-04
   4.7279000e-05
  -3.8356430e-05
  -4.4965100e-04
  -2.5314060e-06
   1.3451790e-03
   2.0244030e-03
   1.3001160e-03
   6.3377630e-05
  -1.2204520e-03
  -2.7727030e-03
  -3.6038770e-03
  -2.3097080e-03
  -8.2484900e-06
   7.9964950e-04
   3.0598430e-04
   4.4020890e-04
   1.2723710e-03
   1.6760120e-03
   1.1706220e-03
  -5.6894010e-05
  -1.5498490e-03
  -2.4676620e-03
  -1.6539500e-03
   1.9963970e-04
   8.0384880e-04
   3.9522150e-04
   6.2785510e-04
   5.9845010e-04
  -6.8759170e-04
  -1.5834140e-03
  -1.2502320e-03
  -1.5551140e-03
  -2.8836150e-03
  -2.4991040e-03
   5.9079800e-04
   3.2755350e-03
   2.2292880e-03
  -2.2668430e-03
  -6.6330360e-03
  -7.8080800e-03
  -5.8402550e-03
  -2.1544750e-03
   1.6605910e-03
   3.5604670e-03
   2.8294240e-03
   5.3848340e-04
  -2.2187250e-03
  -4.3488880e-03
  -4.9128460e-03
  -4.7165700e-03
  -5.4850840e-03
  -6.8102150e-03
  -6.5553030e-03
  -4.2794310e-03
  -1.2225260e-03
   1.6007890e-03
   3.0048480e-03
   1.6913680e-03
  -2.2483850e-03
  -6.6995390e-03
  -8.7859390e-03
  -7.2203670e-03
  -3.2947620e-03
   1.1007990e-04
   1.0759170e-03
   2.6454870e-04
  -1.2988850e-03
  -3.4760420e-03
  -5.0760430e-03
  -4.7250210e-03
  -3.3478300e-03
  -2.6170150e-03
  -2.4232570e-03
  -2.1779440e-03
  -2.5163690e-03
  -3.7392660e-03
  -5.0896490e-03
  -6.1417160e-03
  -6.2657450e-03
  -4.6171300e-03
  -2.5922690e-03
  -2.3292220e-03
  -2.7668750e-03
  -1.9954660e-03
  -9.3901500e-04
  -9.6396040e-04
  -1.9633480e-03
  -3.5927630e-03
  -4.9444550e-03
  -4.9326870e-03
  -4.2235960e-03
  -4.0243360e-03
  -3.6836170e-03
  -2.4537590e-03
  -1.7839160e-03
  -2.3202470e-03
  -2.0058040e-03
  -3.1293420e-04
   4.5293440e-04
  -1.0298710e-03
  -4.0327210e-03
  -6.9235420e-03
  -7.6965400e-03
  -5.7640130e-03
  -2.9881300e-03
  -1.1296330e-03
  -1.3472610e-04
   2.0117280e-05
  -9.5327840e-04
  -2.1919660e-03
  -2.7782870e-03
  -2.7134810e-03
  -2.2270100e-03
  -1.8365540e-03
  -1.6861520e-03
  -1.1019790e-03
  -3.2595550e-04
  -4.1122180e-04
  -1.3932590e-03
  -2.5139170e-03
  -3.1644600e-03
  -3.1612750e-03
  -2.4545370e-03
  -1.0611230e-03
   2.1320060e-04
   4.9663500e-04
  -3.2221250e-05
  -7.8889030e-04
  -1.1630590e-03
  -8.7118110e-04
  -7.4545930e-04
  -1.6860230e-03
  -3.0763620e-03
  -3.5473390e-03
  -2.8624270e-03
  -1.5336060e-03
   5.1525280e-04
   2.5991880e-03
   2.8884760e-03
   1.2329770e-03
  -8.0944860e-04
  -2.3521750e-03
  -3.1098510e-03
  -3.1135830e-03
  -2.8570910e-03
  -2.3959120e-03
  -1.7206450e-03
  -1.0374070e-03
   1.3262210e-06
   1.2099460e-03
   1.4585280e-03
   7.1448900e-04
   2.6420630e-04
   3.2396130e-04
  -1.3184440e-05
  -1.9385210e-04
   4.7562010e-04
   7.3532810e-04
   5.5180420e-04
   1.2333800e-03
   1.8345250e-03
   1.3378100e-03
   8.5659100e-04
   6.6056880e-04
  -1.1930590e-04
  -1.1049920e-03
  -1.0705250e-03
   4.1977550e-04
   2.3068260e-03
   3.3201550e-03
   3.6743440e-03
   3.4891480e-03
   2.1684130e-03
   7.5039450e-04
   7.1943920e-04
   1.5285760e-03
   2.1273890e-03
   2.6264290e-03
   3.3697270e-03
   3.8259520e-03
   3.5182650e-03
   2.9891270e-03
   2.6013410e-03
   2.3914870e-03
   2.6307100e-03
   2.8046500e-03
   2.1822550e-03
   1.0705710e-03
   2.2708350e-04
   4.1875260e-04
   1.8545860e-03
   3.6078300e-03
   4.6552630e-03
   4.6410800e-03
   3.6630880e-03
   2.4606710e-03
   2.0683100e-03
   2.6488820e-03
   3.4652010e-03
   3.9909630e-03
   4.0904640e-03
   3.8206710e-03
   3.8759350e-03
   4.7021350e-03
   5.3660800e-03
   5.1410590e-03
   4.7660040e-03
   4.6239850e-03
   4.0014760e-03
   3.1208600e-03
   3.2332080e-03
   4.3007240e-03
   5.0547030e-03
   4.9044210e-03
   3.9332970e-03
   2.7117480e-03
   2.5286110e-03
   3.4852680e-03
   4.2693230e-03
   4.6328880e-03
   4.8340550e-03
   4.3212900e-03
   3.1480230e-03
   2.3297540e-03
   2.5728860e-03
   3.6386130e-03
   4.7085080e-03
   5.2845770e-03
   5.2680420e-03
   4.6310530e-03
   3.5471340e-03
   2.4554220e-03
   2.0830370e-03
   2.6923750e-03
   3.3609580e-03
   3.3360350e-03
   3.1270070e-03
   3.4537500e-03
   4.3140520e-03
   5.0488600e-03
   4.8178330e-03
   3.5874560e-03
   2.4749450e-03
   2.4040790e-03
   3.0162430e-03
   3.5250330e-03
   3.7079580e-03
   3.4686080e-03
   2.7315160e-03
   2.1533940e-03
   2.3938270e-03
   3.1552460e-03
   3.8769780e-03
   4.1295220e-03
   3.7565850e-03
   3.3470540e-03
   3.2156250e-03
   2.8127980e-03
   2.3103660e-03
   2.4775250e-03
   2.9517150e-03
   3.1072060e-03
   3.0164270e-03
   2.4994460e-03
   1.7283610e-03
   1.7336270e-03
   2.6826770e-03
   3.4803750e-03
   3.3736060e-03
   2.6354860e-03
   1.6471340e-03
   5.0049890e-04
  -3.9596560e-04
  -6.4917080e-04
  -4.0220920e-04
   1.0551740e-04
   6.0523620e-04
   7.9268880e-04
   6.7446230e-04
   3.6716170e-04
   7.9273910e-06
  -2.0550120e-04
  -2.8233610e-04
  -2.6950190e-04
  -2.8150660e-04
  -6.4744070e-04
  -1.2461830e-03
  -1.5771440e-03
  -1.5486270e-03
  -1.2309800e-03
  -5.8006180e-04
   1.4331110e-04
   2.9188100e-04
  -4.9586540e-04
  -1.5876090e-03
  -1.9237250e-03
  -1.3442060e-03
  -7.7370380e-04
  -9.1512190e-04
  -1.4851680e-03
  -2.2706030e-03
  -3.3838390e-03
  -4.2387730e-03
  -4.2057810e-03
  -3.3485210e-03
  -1.8022550e-03
  -3.6475150e-04
  -4.4144210e-04
  -1.9118360e-03
  -3.2989210e-03
  -3.8338990e-03
  -3.5567200e-03
  -2.6321480e-03
  -1.5793170e-03
  -1.1181800e-03
  -1.2342660e-03
  -1.5129500e-03
  -2.2351860e-03
  -3.5861830e-03
  -4.7782360e-03
  -5.2122820e-03
  -5.1860820e-03
  -4.7528280e-03
  -3.6132120e-03
  -2.4805640e-03
  -2.2986950e-03
  -2.7989250e-03
  -3.5414370e-03
  -4.3649620e-03
  -4.5652980e-03
  -3.8329890e-03
  -2.9972280e-03
  -2.4579340e-03
  -1.8161300e-03
  -1.6675170e-03
  -2.9150960e-03
  -4.4701220e-03
  -4.9941630e-03
  -5.1933480e-03
  -5.5810360e-03
  -5.3007560e-03
  -4.1736960e-03
  -2.8256400e-03
  -1.7295050e-03
  -1.2568430e-03
  -1.2628690e-03
  -1.3086030e-03
  -1.7740140e-03
  -2.9726680e-03
  -3.8809400e-03
  -3.8557370e-03
  -3.6451270e-03
  -3.5010740e-03
  -3.2041020e-03
  -3.3634370e-03
  -4.0996800e-03
  -4.5177440e-03
  -4.5170720e-03
  -4.4313400e-03
  -3.8876440e-03
  -3.1552890e-03
  -2.9858410e-03
  -3.0515980e-03
  -3.1434170e-03
  -3.7588510e-03
  -4.4727460e-03
  -4.3205080e-03
  -3.3922060e-03
  -2.4640350e-03
  -1.9211070e-03
  -1.8436680e-03
  -2.4620020e-03
  -3.7037150e-03
  -4.6594840e-03
  -4.4302800e-03
  -3.2605990e-03
  -2.1741120e-03
  -1.8765620e-03
  -2.4302860e-03
  -3.3342660e-03
  -3.6095020e-03
  -2.7905870e-03
  -1.7032370e-03
  -1.3952550e-03
  -1.9559630e-03
  -2.6304790e-03
  -2.6778650e-03
  -2.1059410e-03
  -1.1930800e-03
  -9.5267070e-05
   4.8758600e-04
  -1.4930320e-04
  -1.4548660e-03
  -2.2866630e-03
  -2.3708340e-03
  -2.1363620e-03
  -1.6611140e-03
  -1.0123740e-03
  -8.5698020e-04
  -1.0685700e-03
  -7.9047620e-04
  -5.9986790e-04
  -1.0882260e-03
  -1.1099800e-03
  -4.3867470e-04
  -5.2943460e-04
  -1.6225960e-03
  -2.4439460e-03
  -2.4663950e-03
  -1.9755180e-03
  -9.4633400e-04
   1.3400060e-04
   3.6997440e-04
   3.1702430e-04
   9.7302940e-04
   1.6514150e-03
   1.2687940e-03
   1.9961980e-04
  -5.0246960e-04
  -6.2519410e-04
  -6.3212810e-04
  -6.1027290e-04
  -4.4714860e-04
  -9.0651380e-05
   8.0566210e-04
   2.1473050e-03
   2.9314120e-03
   2.4914280e-03
   1.5302740e-03
   1.2115240e-03
   1.4787960e-03
   1.6278500e-03
   1.7666520e-03
   1.9362830e-03
   1.6346780e-03
   9.6252190e-04
   5.0457380e-04
   7.7426700e-04
   1.9537290e-03
   3.2690840e-03
   3.8262390e-03
   3.9074700e-03
   3.8770150e-03
   3.3757620e-03
   2.6849130e-03
   2.3974550e-03
   2.0683060e-03
   1.5357290e-03
   1.5340440e-03
   2.0357300e-03
   2.4601240e-03
   2.7986100e-03
   3.2103670e-03
   3.4870840e-03
   3.2158980e-03
   2.6235590e-03
   2.4063330e-03
   2.5277610e-03
   2.9239170e-03
   3.8732580e-03
   4.6675270e-03
   4.3812070e-03
   3.5089880e-03
   3.0044250e-03
   2.7000380e-03
   2.3558750e-03
   2.7014140e-03
   3.5232470e-03
   3.6958270e-03
   3.4385510e-03
   3.2844380e-03
   3.1394260e-03
   3.2529270e-03
   3.3299180e-03
   2.7609150e-03
   2.3047980e-03
   2.7111420e-03
   3.2663490e-03
   3.2791110e-03
   2.9507120e-03
   2.4324080e-03
   1.7170120e-03
   1.3933070e-03
   1.9996850e-03
   2.8784270e-03
   3.2724170e-03
   3.6321220e-03
   4.1306900e-03
   3.9207360e-03
   3.0676670e-03
   2.5901690e-03
   2.4703770e-03
   2.0274330e-03
   1.4405290e-03
   1.1281920e-03
   1.1013120e-03
   1.5257080e-03
   2.1795840e-03
   2.2983120e-03
   1.9488580e-03
   1.7713310e-03
   1.7697880e-03
   1.7807210e-03
   1.8366880e-03
   1.6650240e-03
   9.7348150e-04
   1.1832960e-04
  -5.5866220e-05
   6.9322620e-04
   1.5549210e-03
   1.7500800e-03
   1.4145650e-03
   1.2008740e-03
   1.3085030e-03
   1.3143420e-03
   8.1079620e-04
  -1.5066570e-04
  -7.5677320e-04
  -2.8117330e-04
   7.4823430e-04
   1.5927300e-03
   2.1127300e-03
   2.0387010e-03
   1.4248610e-03
   1.0553570e-03
   1.1059150e-03
   7.3765350e-04
  -2.0685910e-04
  -7.9604170e-04
  -8.7155350e-04
  -9.2215360e-04
  -5.6662210e-04
   4.1575810e-04
   1.3220550e-03
   1.7321810e-03
   1.5729980e-03
   8.0765990e-04
   4.6811240e-05
  -7.3065650e-05
   6.5813550e-05
  -1.1585790e-05
  -1.5120410e-04
  -2.2616110e-04
  -1.4706680e-04
  -9.8638740e-05
  -7.5253110e-04
  -1.7217350e-03
  -1.4840220e-03
   6.7814510e-05
   1.2480230e-03
   1.1720030e-03
   4.9089010e-04
  -3.7662030e-04
  -1.3548490e-03
  -1.8212680e-03
  -1.6825140e-03
  -1.6840150e-03
  -1.8193990e-03
  -1.5225000e-03
  -9.1887630e-04
  -3.1401030e-04
   3.9034430e-04
   9.0931090e-04
   5.6497010e-04
  -5.0144150e-04
  -1.5714060e-03
  -2.4283750e-03
  -2.9983310e-03
  -3.0208320e-03
  -2.4608410e-03
  -1.5580660e-03
  -7.3757300e-04
  -3.5525210e-04
  -3.1580360e-04
  -3.2718650e-04
  -4.5993420e-04
  -1.0067840e-03
  -1.8172530e-03
  -2.3251190e-03
  -2.2987630e-03
  -1.9708770e-03
  -1.5603950e-03
  -1.1738430e-03
  -8.8081320e-04
  -7.2486110e-04
  -9.0455000e-04
  -1.5858080e-03
  -2.3914760e-03
  -2.7180020e-03
  -2.5017140e-03
  -1.9986300e-03
  -1.3544930e-03
  -9.5225880e-04
  -1.0800780e-03
  -1.5145240e-03
  -2.2390070e-03
  -2.9704740e-03
  -2.7625880e-03
  -1.9009550e-03
  -1.7907080e-03
  -2.4394420e-03
  -2.7518990e-03
  -2.5199830e-03
  -2.0043930e-03
  -1.0640400e-03
  -1.3605180e-04
  -7.5862900e-05
  -6.0474320e-04
  -1.0740780e-03
  -1.7734890e-03
  -2.7579820e-03
  -3.2225440e-03
  -2.9927390e-03
  -2.8159160e-03
  -2.7693760e-03
  -2.2842860e-03
  -1.7748260e-03
  -1.9662430e-03
  -2.3940300e-03
  -2.4511550e-03
  -2.3355100e-03
  -2.3106540e-03
  -2.2497260e-03
  -1.8701990e-03
  -1.2831160e-03
  -9.6988100e-04
  -1.1256060e-03
  -1.6195820e-03
  -1.9610050e-03
  -1.5175690e-03
  -7.1146050e-04
  -6.0374050e-04
  -1.0984710e-03
  -1.3262870e-03
  -1.2223400e-03
  -1.2726010e-03
  -1.2214940e-03
  -5.4667620e-04
   9.0368560e-05
  -1.9143880e-04
  -9.0694990e-04
  -1.2326980e-03
  -1.1358740e-03
  -9.6255050e-04
  -9.6891190e-04
  -1.0452620e-03
  -9.7589170e-04
  -7.6514930e-04
  -4.3266940e-04
  -2.4884970e-04
  -5.9474460e-04
  -1.1650100e-03
  -1.1761460e-03
  -3.7978300e-04
   4.5753510e-04
   4.7673490e-04
  -2.2449230e-05
  -1.9905620e-04
   7.8601930e-05
   4.8720520e-04
   8.8893100e-04
   1.2252810e-03
   1.2515000e-03
   8.1187390e-04
   2.8411810e-04
   2.1620850e-04
   5.9846430e-04
   8.3089230e-04
   5.3574940e-04
   1.8109390e-04
   2.7131000e-04
   5.5788290e-04
   7.2257470e-04
   7.7271820e-04
   6.8516860e-04
   5.6681500e-04
   5.9897710e-04
   5.9181830e-04
   4.5430060e-04
   4.5279700e-04
   5.2685470e-04
   4.8376970e-04
   4.4180820e-04
   4.1472400e-04
   3.4843600e-04
   5.9731080e-04
   1.3491140e-03
   1.6779580e-03
   8.6219250e-04
  -6.0859200e-05
  -8.9645200e-05
   2.6043170e-04
   5.0121470e-04
   8.3649340e-04
   9.6702000e-04
   5.3325980e-04
   4.0044040e-04
   1.1223370e-03
   1.6251730e-03
   1.3652700e-03
   1.0161710e-03
   5.6202910e-04
  -2.0528470e-04
  -5.3646880e-04
  -4.9038780e-05
   6.4923960e-04
   9.2982270e-04
   6.4104700e-04
   1.7149370e-04
   1.6412770e-05
   1.2433200e-04
   1.1467820e-04
  -1.5520120e-05
   2.0818270e-04
   9.5980620e-04
   1.7423800e-03
   2.0476720e-03
   1.8524970e-03
   1.5175240e-03
   1.2297080e-03
   8.5242900e-04
   5.3460870e-04
   3.2572270e-04
  -1.9048650e-04
  -6.9605780e-04
  -4.0460810e-04
   3.3092560e-04
   6.0615030e-04
   3.7949530e-04
   2.5842370e-04
   3.5827150e-04
   2.7458780e-04
   4.1648780e-05
  -1.4766860e-04
  -2.9713970e-04
  -2.5342790e-04
  -1.6814580e-05
   3.2365860e-04
   8.1299710e-04
   1.1778330e-03
   1.1996520e-03
   1.1906370e-03
   1.1806640e-03
   8.1417890e-04
   7.5963120e-05
  -8.1084330e-04
  -1.3382030e-03
  -8.5554170e-04
   5.4940150e-04
   1.9085630e-03
   2.1908070e-03
   1.3655240e-03
   2.3996860e-04
  -5.8635820e-04
  -7.9679530e-04
  -5.3298000e-04
  -2.8951170e-04
   5.4510940e-05
   5.6185420e-04
   5.9481190e-04
   1.1740700e-04
  -2.1081940e-04
  -2.6635550e-04
  -3.1390350e-04
  -1.5573990e-04
   4.0453150e-04
   7.1323140e-04
   1.7059660e-04
  -7.0882820e-04
  -1.0261420e-03
  -4.4063040e-04
   4.9537340e-04
   7.7852680e-04
   3.7668880e-04
   2.1542180e-04
   5.6485260e-04
   9.9932690e-04
   1.2389310e-03
   9.8094140e-04
   2.4311590e-04
  -1.3537970e-04
   2.5347980e-04
   5.0134120e-04
  -1.6524310e-05
  -6.1382460e-04
  -7.1071960e-04
  -4.9920430e-04
  -8.5542110e-05
   6.0531360e-04
   1.3651350e-03
   1.7877940e-03
   1.5685800e-03
   7.1280440e-04
  -2.0843040e-04
  -5.2278550e-04
  -3.1499020e-04
  -3.9764220e-05
   1.2905660e-04
   1.4150660e-04
   9.0822900e-05
   2.0197820e-04
   4.8379140e-04
   5.4105480e-04
   7.1809530e-05
  -3.5982040e-04
  -2.6764750e-04
  -1.0585280e-04
  -1.4001460e-06
   2.3311650e-04
   2.8688480e-04
   1.5648480e-04
   1.6348940e-04
   2.3709230e-04
   1.4129830e-04
  -1.4366110e-04
  -4.9667430e-04
  -8.6242340e-04
  -8.6521290e-04
  -1.4491650e-04
   5.3463670e-04
   4.4485300e-04
   8.0034800e-05
  -1.2948880e-04
  -5.9730780e-05
   5.0851750e-04
   1.1771740e-03
   1.4335160e-03
   1.3599940e-03
   1.0450990e-03
   4.6695540e-04
  -2.2045940e-04
  -6.9925110e-04
  -6.5029250e-04
  -1.7271700e-04
   3.0792690e-04
   5.3062510e-04
   4.5761580e-04
   4.0240680e-04
   8.0569380e-04
   1.3405500e-03
   1.3051010e-03
   9.1197260e-04
   6.7884570e-04
   5.0011060e-04
   5.5795970e-04
   1.1233760e-03
   1.4508710e-03
   9.4605480e-04
   1.3040760e-04
  -4.2157090e-04
  -5.3812400e-04
  -2.5072970e-06
   1.0581960e-03
   1.8546740e-03
   1.9456270e-03
   1.6021920e-03
   1.1705960e-03
   1.0964280e-03
   1.4553450e-03
   1.5296820e-03
   1.0715300e-03
   6.2367990e-04
   3.7860400e-04
   2.2888300e-04
   2.6324010e-04
   6.1636990e-04
   1.2932960e-03
   1.9191110e-03
   2.0458920e-03
   1.7534410e-03
   1.1788340e-03
   4.4032810e-04
   2.5581290e-04
   7.9505180e-04
   1.1136470e-03
   1.1025210e-03
   1.3144690e-03
   1.1849440e-03
   3.5498570e-04
  -1.0692430e-04
   3.2108370e-04
   7.9945770e-04
   1.0079440e-03
   1.4709220e-03
   1.8942880e-03
   1.4395860e-03
   4.5773380e-04
  -5.6777180e-06
   9.6085150e-05
   2.2980720e-04
   4.7367950e-04
   8.8499110e-04
   8.6639380e-04
   2.4870670e-04
  -2.3604720e-04
  -6.2827910e-05
   4.0962550e-04
   5.2718600e-04
   3.5971290e-04
   3.8858540e-04
   4.1519380e-04
   3.0941230e-04
   5.4701930e-04
   9.6197170e-04
   9.8843730e-04
   7.2119460e-04
   2.8449180e-04
  -5.0587660e-04
  -1.2694940e-03
  -1.2768310e-03
  -6.1905880e-04
  -8.1096940e-06
   1.1349430e-04
  -3.6345810e-04
  -1.0250490e-03
  -1.0210070e-03
  -2.7023420e-04
   3.3816050e-04
   2.7142790e-04
  -1.2620980e-04
  -4.0484460e-04
  -5.8551640e-04
  -8.1696560e-04
  -9.6792850e-04
  -9.0791280e-04
  -8.9290270e-04
  -1.1310960e-03
  -1.2382720e-03
  -1.0561500e-03
  -1.0090250e-03
  -1.0026450e-03
  -7.8606640e-04
  -7.5538170e-04
  -8.9155080e-04
  -6.4108300e-04
  -1.7601930e-04
  -1.0051970e-04
  -5.4479110e-04
  -1.1917360e-03
  -1.5100960e-03
  -1.3389460e-03
  -1.1152120e-03
  -1.0743190e-03
  -1.1743800e-03
  -1.6318400e-03
  -2.2585980e-03
  -2.1107820e-03
  -1.1439340e-03
  -5.6456180e-04
  -6.7552550e-04
  -8.8802720e-04
  -1.3748330e-03
  -2.1542380e-03
  -2.4040100e-03
  -2.0285730e-03
  -1.6378740e-03
  -1.3532250e-03
  -1.2854410e-03
  -1.6688910e-03
  -2.0246000e-03
  -1.7484890e-03
  -1.1395120e-03
  -9.2810160e-04
  -1.2676360e-03
  -1.7858820e-03
  -2.3014540e-03
  -2.5531240e-03
  -2.0473510e-03
  -1.1430170e-03
  -7.2207400e-04
  -8.2300550e-04
  -1.0876120e-03
  -1.4062020e-03
  -1.5701310e-03
  -1.5518990e-03
  -1.6288170e-03
  -1.6925240e-03
  -1.4116490e-03
  -9.2985750e-04
  -6.8825400e-04
  -8.8789350e-04
  -1.3933520e-03
  -1.8340700e-03
  -1.8084730e-03
  -1.3030480e-03
  -7.0778120e-04
  -3.7715210e-04
  -4.0442770e-04
  -7.1473530e-04
  -1.1552990e-03
  -1.3047790e-03
  -8.6972110e-04
  -4.3295070e-04
  -5.9283490e-04
  -1.0495200e-03
  -1.4467710e-03
  -1.6570460e-03
  -1.4318380e-03
  -9.1477680e-04
  -5.9053310e-04
  -5.4433420e-04
  -5.6249600e-04
  -6.9663550e-04
  -1.0850960e-03
  -1.4801320e-03
  -1.5889520e-03
  -1.4032650e-03
  -1.0549780e-03
  -7.5140810e-04
  -5.2053880e-04
  -4.0261610e-04
  -6.1889120e-04
  -9.2166750e-04
  -1.0467170e-03
  -1.2573290e-03
  -1.4045620e-03
  -1.1665570e-03
  -9.0532120e-04
  -8.3283110e-04
  -7.0688330e-04
  -8.0628210e-04
  -1.3975710e-03
  -1.6904810e-03
  -1.2005430e-03
  -6.7968610e-04
  -4.1261740e-04
  -4.1613450e-06
   1.0946770e-04
  -3.7324470e-04
  -5.1208730e-04
  -8.4065180e-05
  -6.5209870e-05
  -3.6427360e-04
  -1.7527780e-04
   8.8210810e-05
  -2.6874620e-04
  -7.0982210e-04
  -4.2325690e-04
   3.3439070e-04
   7.3998690e-04
   6.3105680e-04
   4.8408840e-04
   3.7577130e-04
   3.8108950e-05
  -2.3363760e-04
  -8.8612590e-05
   2.2159590e-04
   5.5427740e-04
   8.4340700e-04
   6.3309160e-04
   8.1310300e-05
   3.7265110e-05
   3.7480080e-04
   4.7400940e-04
   7.9434860e-04
   1.3990480e-03
   1.1099020e-03
   1.0602970e-04
  -1.2786840e-04
   2.6367580e-04
   3.1439170e-04
   4.1764590e-04
   9.2973090e-04
   9.9089700e-04
   5.7503910e-04
   9.8037660e-04
   1.9829180e-03
   1.9577010e-03
   1.0226930e-03
   4.6776010e-04
   3.2121880e-04
   9.4394520e-05
   1.2470230e-04
   6.3987430e-04
   1.1163300e-03
   1.2330610e-03
   1.2434460e-03
   1.2532680e-03
   9.3733630e-04
   4.5468440e-04
   5.0691810e-04
   9.6130300e-04
   1.1482440e-03
   1.0423100e-03
   8.4678780e-04
   5.3290390e-04
   2.6806880e-04
   4.5778060e-04
   1.0960940e-03
   1.6989010e-03
   1.9751860e-03
   1.9270720e-03
   1.6183620e-03
   1.2385780e-03
   1.0268770e-03
   1.0892700e-03
   1.3333850e-03
   1.6651700e-03
   2.0555880e-03
   2.1036610e-03
   1.4083580e-03
   4.2394170e-04
  -1.3113690e-04
  -5.4059710e-05
   5.9956970e-04
   1.3932700e-03
   1.6425790e-03
   1.5354260e-03
   1.6559820e-03
   1.6734310e-03
   1.2995400e-03
   9.6433480e-04
   6.8197590e-04
   3.0975860e-04
   1.9982900e-04
   3.4379200e-04
   5.6284900e-04
   1.1276230e-03
   1.8679400e-03
   2.1446900e-03
   1.8257860e-03
   1.1982430e-03
   6.0886480e-04
   3.3157010e-04
   3.9138690e-04
   7.0464530e-04
   1.0455950e-03
   1.1355170e-03
   9.7613930e-04
   6.5943320e-04
   3.9321660e-04
   4.3030500e-04
   6.7601630e-04
   1.0047830e-03
   1.3782990e-03
   1.6740290e-03
   1.8287630e-03
   1.7341600e-03
   1.3725360e-03
   1.0954250e-03
   1.0611910e-03
   9.3008230e-04
   6.8003130e-04
   7.1166140e-04
   1.0373580e-03
   1.2788230e-03
   1.1943190e-03
   9.4636580e-04
   9.5415630e-04
   1.3212360e-03
   1.5351640e-03
   1.1742170e-03
   7.1039180e-04
   6.7886360e-04
   7.7683460e-04
   9.0064890e-04
   1.3893710e-03
   1.6986000e-03
   1.1796290e-03
   4.8276720e-04
   2.4991570e-04
   2.4155060e-04
   3.7686960e-04
   6.7831230e-04
   7.5583330e-04
   7.3372450e-04
   1.2177940e-03
   1.7308230e-03
   1.4433520e-03
   8.1872500e-04
   3.7538180e-04
  -2.1963730e-04
  -7.9804100e-04
  -7.2629980e-04
  -1.1133310e-04
   4.3344650e-04
   6.0778110e-04
   7.0117820e-04
   1.0007880e-03
   1.1914510e-03
   1.0649180e-03
   8.2617360e-04
   4.9914360e-04
   6.2559360e-05
  -1.9890380e-04
   1.7867490e-04
   1.0874100e-03
   1.5256210e-03
   1.0792050e-03
   4.6501360e-04
  -4.1828820e-05
  -5.3767310e-04
  -5.2734130e-04
  -7.7629970e-05
  -1.1632080e-04
  -6.5869150e-04
  -6.9876820e-04
  -3.6862700e-05
   3.7414780e-04
   2.1981090e-04
   1.1726230e-04
   5.6735890e-05
  -2.4677290e-04
  -5.0108720e-04
  -7.4548170e-04
  -1.1869420e-03
  -1.1326770e-03
  -1.6375560e-04
   6.0581310e-04
   3.4582320e-04
  -7.7248850e-05
   4.9824650e-05
   2.8365060e-04
   3.9871620e-04
   4.5131220e-04
   4.2912980e-05
  -8.1687660e-04
  -1.3002210e-03
  -1.0296170e-03
  -5.5458310e-04
  -2.6789750e-04
   2.9623840e-05
   3.5688520e-04
   3.6574500e-04
  -6.2867490e-05
  -5.5890650e-04
  -6.8074220e-04
  -5.7351690e-04
  -6.0029280e-04
  -5.8040600e-04
  -3.4820070e-04
  -1.8628350e-04
  -2.5509620e-04
  -5.3161890e-04
  -9.6978870e-04
  -1.1831200e-03
  -7.6011690e-04
  -9.9284370e-05
   1.2405550e-04
  -6.5651200e-05
  -3.2875660e-04
  -4.5531150e-04
  -4.2172320e-04
  -5.0215260e-04
  -8.4406110e-04
  -1.1186630e-03
  -9.9879950e-04
  -6.1622310e-04
  -3.2309800e-04
  -3.1247630e-04
  -2.6162200e-04
   3.4926120e-04
   1.0668340e-03
   8.8055680e-04
  -1.0937860e-04
  -9.3186660e-04
  -1.1564680e-03
  -9.4117760e-04
  -5.0997850e-04
  -2.9766790e-04
  -4.5997790e-04
  -4.4667480e-04
  -3.4621620e-04
  -8.6260370e-04
  -1.3733350e-03
  -9.8043510e-04
  -4.2651970e-04
  -4.4870000e-04
  -6.0755970e-04
  -6.4241170e-04
  -8.0133700e-04
  -1.0072850e-03
  -8.4454580e-04
  -3.2287130e-04
  -6.7851950e-05
  -3.3081840e-04
  -6.9508910e-04
  -9.2235410e-04
  -9.4329300e-04
  -6.6149930e-04
  -2.8388310e-04
  -1.7849620e-04
  -5.9758920e-04
  -1.3305620e-03
  -1.6062450e-03
  -1.1413100e-03
  -7.5053980e-04
  -9.7393120e-04
  -1.1384030e-03
  -7.9720340e-04
  -4.9728360e-04
  -4.7535630e-04
  -4.3581950e-04
  -4.0344380e-04
  -5.0902070e-04
  -6.9378360e-04
  -9.9768040e-04
  -1.5070850e-03
  -2.0451140e-03
  -2.2009480e-03
  -1.7815480e-03
  -1.1146450e-03
  -6.0656380e-04
  -2.0186470e-04
   1.4099660e-04
  -4.5366730e-05
  -8.7136030e-04
  -1.6808820e-03
  -2.0184240e-03
  -1.9585260e-03
  -1.9142430e-03
  -2.2409000e-03
  -2.4981900e-03
  -2.2540000e-03
  -1.7939820e-03
  -1.0765890e-03
  -2.8091140e-04
  -5.9684400e-04
  -1.9422790e-03
  -2.5315930e-03
  -2.1825640e-03
  -2.1696290e-03
  -2.2155460e-03
  -1.6715480e-03
  -1.3171920e-03
  -1.4840060e-03
  -1.4436360e-03
  -1.0346900e-03
  -8.1118510e-04
  -9.5821850e-04
  -1.1085960e-03
  -1.2345680e-03
  -1.4880760e-03
  -1.4195870e-03
  -8.4015810e-04
  -3.7928210e-04
  -5.5731600e-04
  -1.2610220e-03
  -1.9990700e-03
  -2.4126590e-03
  -2.3624520e-03
  -1.8488690e-03
  -1.1478310e-03
  -4.5210280e-04
   1.2342810e-04
   2.1768070e-04
  -2.4813450e-04
  -8.8570870e-04
  -1.3132120e-03
  -1.4217080e-03
  -1.4755080e-03
  -1.7120950e-03
  -1.8163870e-03
  -1.3030870e-03
  -4.4145450e-04
  -9.3444510e-05
  -3.9381930e-04
  -7.4189070e-04
  -9.0830290e-04
  -7.3588010e-04
   1.7977360e-05
   5.6451470e-04
  -9.6648200e-05
  -1.1463310e-03
  -1.1248760e-03
  -3.7130300e-04
   5.0214160e-06
   2.4638060e-04
   7.2844130e-04
   4.9072930e-04
  -5.8922660e-04
  -1.2034010e-03
  -1.4069110e-03
  -1.7162640e-03
  -1.0599840e-03
   5.8237460e-04
   1.3736200e-03
   9.8375270e-04
   5.1198460e-04
  -1.0341580e-04
  -8.5907900e-04
  -5.4900550e-04
   5.4668460e-04
   5.3694770e-04
  -6.5606130e-04
  -1.1544330e-03
  -4.4873670e-04
  -8.3480140e-06
  -1.7458730e-04
   1.6041420e-04
   7.8628240e-04
   7.3192530e-04
   2.2789170e-04
   3.7683270e-05
   3.3729780e-04
   5.5094760e-04
   2.3673890e-04
  -1.9891160e-04
  -4.6007730e-04
  -5.6074920e-04
  -1.1118700e-04
   6.5253080e-04
   6.4960420e-04
   1.2881260e-04
   2.9801500e-04
   9.3036860e-04
   1.3115810e-03
   1.6757070e-03
   2.1203490e-03
   2.2154540e-03
   1.6988000e-03
   7.1553160e-04
  -2.2230840e-04
  -4.2935050e-04
   4.0416370e-04
   1.6254640e-03
   2.1487070e-03
   1.7616420e-03
   1.2061900e-03
   1.2422230e-03
   2.0085620e-03
   2.8880370e-03
   3.1730040e-03
   2.6262180e-03
   1.5051470e-03
   5.5942970e-04
   2.1289150e-04
   3.5074430e-04
   1.2234850e-03
   2.7697650e-03
   3.7676820e-03
   3.3653980e-03
   2.3215200e-03
   1.5537150e-03
   1.0723000e-03
   1.0788930e-03
   1.7443630e-03
   2.2479460e-03
   2.0998640e-03
   1.7840910e-03
   1.7053920e-03
   2.0609230e-03
   2.6785580e-03
   2.9144070e-03
   2.7516880e-03
   2.5482600e-03
   2.0480660e-03
   1.4115710e-03
   1.2744060e-03
   1.3735720e-03
   1.4008740e-03
   1.8915400e-03
   2.7939760e-03
   3.0111750e-03
   2.3169670e-03
   1.7565760e-03
   1.6293370e-03
   1.5256290e-03
   1.6581660e-03
   2.0964450e-03
   2.3011150e-03
   2.1369930e-03
   1.9712910e-03
   1.8396260e-03
   1.7128500e-03
   2.1698910e-03
   3.1449960e-03
   3.4920730e-03
   2.9713130e-03
   2.1643520e-03
   1.2035580e-03
   3.6978580e-04
   1.2819400e-04
   4.6561980e-04
   9.6351690e-04
   1.1669570e-03
   1.1202830e-03
   1.2131430e-03
   1.5356050e-03
   1.9318020e-03
   2.1780280e-03
   2.1274860e-03
   1.8920730e-03
   1.3582280e-03
   3.7405870e-04
  -3.2875900e-04
  -2.0377980e-04
   1.0143000e-04
   2.4088080e-04
   4.2571320e-04
   5.2121160e-04
   8.4154450e-04
   1.7699130e-03
   2.3218330e-03
   1.6196480e-03
   4.6668790e-04
  -2.3598250e-04
  -3.5899770e-04
   1.8814310e-04
   8.8256440e-04
   9.7811630e-04
   8.9458780e-04
   9.4271310e-04
   4.6941040e-04
  -3.4027070e-04
  -3.9482260e-04
   4.6758050e-04
   1.3171070e-03
   1.2434350e-03
   8.6225100e-06
  -1.5126250e-03
  -1.7474860e-03
  -5.4886160e-04
   5.8534150e-04
   1.1424710e-03
   1.4794410e-03
   1.0948140e-03
  -9.6843960e-05
  -1.0682730e-03
  -1.3061040e-03
  -8.7537220e-04
   1.2859140e-04
   6.7392370e-04
  -1.6693260e-04
  -1.0579880e-03
  -5.7858000e-04
   1.7928680e-04
   1.5638360e-04
  -1.0568650e-06
  -1.7713690e-04
  -8.1844360e-04
  -1.2308020e-03
  -8.7126560e-04
  -5.6949560e-04
  -7.7288600e-04
  -1.0619130e-03
  -1.4388100e-03
  -1.7270780e-03
  -1.0861890e-03
   2.3671550e-04
   6.1681280e-04
  -3.6318770e-04
  -1.3825240e-03
  -1.8368450e-03
  -2.0797900e-03
  -1.9769880e-03
  -1.4243660e-03
  -8.4889290e-04
  -4.7664120e-04
  -4.1221850e-04
  -7.2032900e-04
  -1.0855600e-03
  -1.3511040e-03
  -1.5244710e-03
  -1.3480220e-03
  -1.0560760e-03
  -1.3019330e-03
  -1.7014730e-03
  -1.4052750e-03
  -8.8192780e-04
  -9.8816550e-04
  -1.5398020e-03
  -2.1058900e-03
  -2.4139310e-03
  -2.0946480e-03
  -1.4738960e-03
  -1.3400210e-03
  -1.3075630e-03
  -6.1675410e-04
   4.0573360e-05
  -1.8918800e-04
  -1.0360860e-03
  -2.0998520e-03
  -3.0595660e-03
  -3.1992360e-03
  -2.0592500e-03
  -4.5822550e-04
   8.7218060e-05
  -5.4436370e-04
  -1.0597840e-03
  -9.8723310e-04
  -9.8423650e-04
  -1.2020180e-03
  -1.0305050e-03
  -5.3694750e-04
  -7.2012660e-04
  -1.8724160e-03
  -3.1206160e-03
  -3.5627470e-03
  -2.7937000e-03
  -1.2223920e-03
  -1.4200030e-04
  -4.6176580e-04
  -1.6694720e-03
  -2.4938520e-03
  -2.3366720e-03
  -1.5202410e-03
  -5.4260620e-04
  -1.4839780e-04
  -6.3355310e-04
  -1.1705810e-03
  -1.5165340e-03
  -1.9052380e-03
  -1.8874410e-03
  -1.7073780e-03
  -1.8519430e-03
  -1.8268710e-03
  -1.5610660e-03
  -1.5428990e-03
  -1.7084290e-03
  -1.7868630e-03
  -1.7891330e-03
  -1.6264790e-03
  -1.0504290e-03
  -5.6184400e-04
  -8.4548840e-04
  -1.2155270e-03
  -1.1575180e-03
  -1.3743810e-03
  -1.6789950e-03
  -1.4385030e-03
  -1.0357400e-03
  -8.8936100e-04
  -1.1277540e-03
  -1.5545520e-03
  -1.7042570e-03
  -1.5562890e-03
  -1.1834290e-03
  -6.1864900e-04
  -1.3219310e-04
   1.9078750e-05
  -2.5414750e-04
  -6.7848760e-04
  -1.0009830e-03
  -1.3054660e-03
  -1.4921670e-03
  -1.3649170e-03
  -1.0319140e-03
  -7.9614540e-04
  -6.7696760e-04
  -3.5782410e-04
  -1.8645550e-04
  -7.8056200e-04
  -1.4995700e-03
  -1.5279950e-03
  -1.2583040e-03
  -1.0307370e-03
  -6.1318010e-04
  -2.0220040e-04
  -7.6243650e-05
  -2.4335480e-04
  -9.2389310e-04
  -1.5978570e-03
  -1.1957490e-03
  -3.1321670e-04
  -2.3087490e-05
   3.6964900e-04
   1.1956870e-03
   1.1849140e-03
   1.4155540e-04
  -6.7220810e-04
  -7.7802610e-04
  -4.1158450e-04
   2.8565500e-04
   6.9946630e-04
   4.3646470e-04
   2.0692980e-04
   2.6509980e-04
  -2.2792370e-04
  -1.0304780e-03
  -6.8161220e-04
   6.5793100e-04
   1.2588760e-03
   8.7485160e-04
   6.3232330e-04
   3.9468990e-04
  -4.3979310e-04
  -8.7598260e-04
  -2.1643840e-04
   6.0938240e-04
   1.1923840e-03
   1.8047090e-03
   1.8089500e-03
   7.5498080e-04
  -1.0168060e-04
   2.5930560e-04
   8.3502900e-04
   8.5951860e-04
   8.8868580e-04
   1.1274230e-03
   1.6444580e-03
   2.2348000e-03
   2.0429950e-03
   1.3606530e-03
   1.0877310e-03
   1.0779850e-03
   8.2733920e-04
   5.2396610e-04
   9.7376820e-04
   1.6649780e-03
   1.4131430e-03
   1.2509930e-03
   2.1051170e-03
   2.5371040e-03
   1.8294430e-03
   1.3022430e-03
   1.6904810e-03
   2.0170420e-03
   1.6034450e-03
   8.6296650e-04
   3.2806890e-04
   5.8537060e-04
   1.3393850e-03
   1.6371290e-03
   2.1189780e-03
   3.2371590e-03
   3.3509300e-03
   1.9430650e-03
   7.0386260e-04
   8.6718920e-04
   2.1913170e-03
   3.3676570e-03
   3.2582250e-03
   2.1118490e-03
   6.4495590e-04
  -9.2100860e-04
  -1.9579450e-03
  -1.0171920e-03
   1.8422400e-03
   3.7015370e-03
   2.7622550e-03
   1.2582970e-03
   1.4164660e-03
   2.1715830e-03
   2.0358930e-03
   1.6148140e-03
   1.7853870e-03
   1.9478130e-03
   1.3673730e-03
   5.9328140e-04
   5.2908370e-04
   1.2407120e-03
   2.2004610e-03
   2.6343220e-03
   1.8251710e-03
   4.4504800e-04
   1.4064820e-04
   9.2023300e-04
   1.4859310e-03
   1.5771590e-03
   1.4955520e-03
   1.0444820e-03
   6.3895550e-04
   9.6698240e-04
   1.3936380e-03
   1.3311360e-03
   1.2219270e-03
   1.1852090e-03
   1.0178800e-03
   6.5796310e-04
   2.8827210e-04
   3.4090040e-04
   5.6177340e-04
   2.9935530e-04
  -2.3329590e-04
  -4.4070950e-04
  -1.6185780e-04
   7.7074150e-04
   2.2250600e-03
   3.0385880e-03
   2.5283340e-03
   1.4550790e-03
   4.3818620e-04
  -4.0675350e-04
  -7.3030720e-04
  -3.1260620e-04
   6.2311920e-04
   1.2805740e-03
   9.1142460e-04
   1.9817280e-05
  -5.6285290e-04
  -5.8458520e-04
   4.9315370e-05
   6.5457030e-04
   5.3609670e-04
   3.4341500e-04
   4.7881730e-04
   4.1030890e-04
   2.9161880e-04
   4.0289730e-04
   2.1767580e-05
  -8.4179170e-04
  -1.3576490e-03
  -1.6215710e-03
  -1.5834360e-03
  -7.7171230e-04
   2.2580740e-04
   4.7823240e-04
   5.4602950e-05
  -3.3610120e-04
  -5.0634580e-04
  -6.1846060e-04
  -4.1921030e-04
   2.6155480e-04
   7.0406950e-04
  -1.7086600e-04
  -1.7274480e-03
  -2.1591650e-03
  -1.6970820e-03
  -1.5849520e-03
  -1.3763170e-03
  -5.9126030e-04
  -8.2077290e-05
  -1.1859390e-04
  -1.4051120e-05
  -2.2266240e-06
  -8.8506490e-04
  -1.9000550e-03
  -1.9748740e-03
  -1.8626630e-03
  -1.9709890e-03
  -1.4802680e-03
  -6.2954800e-04
  -2.0747490e-04
  -2.7689300e-04
  -8.0901190e-04
  -1.7901870e-03
  -2.5953810e-03
  -2.3112890e-03
  -1.2694560e-03
  -8.2155940e-04
  -1.3285670e-03
  -2.1663810e-03
  -2.6507430e-03
  -2.3194430e-03
  -1.5674180e-03
  -1.1554930e-03
  -1.0526860e-03
  -9.2674070e-04
  -1.0673990e-03
  -1.8080040e-03
  -2.3651240e-03
  -1.8402620e-03
  -8.6835750e-04
  -5.2432650e-04
  -1.1066360e-03
  -2.2801580e-03
  -3.1971010e-03
  -3.3159120e-03
  -2.7870020e-03
  -2.0237800e-03
  -1.5171150e-03
  -1.3503790e-03
  -1.2090450e-03
  -1.0495190e-03
  -1.1524540e-03
  -1.5210950e-03
  -1.7990870e-03
  -2.0281230e-03
  -2.3770760e-03
  -2.5076140e-03
  -2.4137070e-03
  -2.4077820e-03
  -2.1462040e-03
  -1.7865360e-03
  -2.3845890e-03
  -3.3679310e-03
  -2.8857960e-03
  -8.5412670e-04
   1.1623550e-03
   1.7136450e-03
   3.0588370e-04
  -1.9433210e-03
  -3.1559710e-03
  -2.9867700e-03
  -2.4093230e-03
  -1.7948690e-03
  -1.1975090e-03
  -8.5281940e-04
  -9.6015680e-04
  -1.5842690e-03
  -2.0564260e-03
  -1.7205130e-03
  -8.0734780e-04
  -1.4068780e-04
  -6.7934760e-04
  -2.0707000e-03
  -2.6313240e-03
  -1.6775250e-03
  -2.8063160e-04
   5.4606440e-04
   8.9734060e-04
   8.7567550e-04
   4.2492310e-04
  -2.0172970e-04
  -1.0576160e-03
  -1.8699480e-03
  -1.6400020e-03
  -6.5532580e-04
  -4.6930500e-04
  -1.0231240e-03
  -9.6173270e-04
  -3.5606190e-04
   7.2687650e-05
   4.5099670e-04
   7.1793870e-04
   6.0529930e-04
   4.7496770e-04
   9.5849280e-04
   2.0385330e-03
   2.7110180e-03
   2.4233120e-03
   1.4459250e-03
  -3.2475230e-04
  -2.1354300e-03
  -2.0628260e-03
  -5.6718880e-05
   2.0392280e-03
   3.6898320e-03
   4.7870010e-03
   3.7144260e-03
   9.4426110e-04
  -2.9810050e-04
   1.6803630e-04
  -3.4861690e-04
  -1.6359460e-03
  -1.4671030e-03
  -7.9012310e-05
   1.5497530e-03
   3.9055920e-03
   5.9625120e-03
   5.5100090e-03
   3.1030570e-03
   1.0084310e-03
   5.9401290e-07
  -1.4176230e-04
   5.0882370e-04
   1.0551550e-03
   6.7647570e-04
   7.4582640e-04
   2.1974460e-03
   3.3108290e-03
   3.2131780e-03
   3.0593850e-03
   2.9477380e-03
   2.0949200e-03
   1.1442290e-03
   1.0500300e-03
   1.2973190e-03
   1.2964610e-03
   1.7434840e-03
   3.0680030e-03
   3.9351220e-03
   2.9261380e-03
   8.9382760e-04
  -2.7689260e-04
  -2.0556800e-04
   6.8204430e-04
   2.1421570e-03
   3.3464750e-03
   3.6969420e-03
   3.4012400e-03
   2.3155940e-03
   4.3077490e-04
  -1.1605240e-03
  -1.2435180e-03
   8.9561380e-05
   1.6347900e-03
   2.7810920e-03
   3.5357020e-03
   3.3399330e-03
   2.1062740e-03
   8.1921660e-04
  -7.3725250e-06
  -4.7043010e-04
  -3.5462850e-05
   1.5782570e-03
   2.7947340e-03
   2.4612190e-03
   1.8037590e-03
   1.5500880e-03
   9.0939380e-04
   3.2076130e-04
   8.5134680e-04
   1.4325640e-03
   1.1335270e-03
   1.0639240e-03
   9.3302200e-04
  -5.3139480e-05
  -2.5527520e-04
   6.2388690e-04
   5.7443870e-04
  -2.4071350e-04
  -3.3008430e-04
  -9.9443620e-05
   6.1681660e-06
   7.5117540e-04
   1.5099370e-03
   1.0466640e-03
   3.1350730e-04
   2.0000610e-04
  -1.5876650e-04
  -6.7624430e-04
  -3.8907780e-04
   1.1262650e-04
  -7.6262990e-05
  -3.8879180e-04
  -2.6591330e-04
  -8.6799630e-05
   1.3977170e-04
   7.6784750e-04
   1.0515020e-03
   2.0823740e-04
  -8.2089000e-04
  -1.1021910e-03
  -9.0187400e-04
  -5.4574310e-04
  -4.3544260e-04
  -6.7689720e-04
  -6.5763410e-04
  -4.0007530e-04
  -1.4783590e-04
   5.0377710e-04
   8.4404760e-04
  -1.1522310e-04
  -9.9714950e-04
  -7.5047160e-04
  -9.7248400e-04
  -2.3193960e-03
  -2.7904630e-03
  -7.2613110e-04
   2.9474990e-03
   5.2140490e-03
   3.3582850e-03
  -1.9366360e-03
  -6.7009140e-03
  -8.2163510e-03
  -7.2159190e-03
  -4.9461950e-03
  -1.5564100e-03
   2.0749470e-03
   4.1869460e-03
   4.6234750e-03
   4.7124800e-03
   4.3298360e-03
   2.4307610e-03
  -8.1450330e-04
  -4.4937120e-03
  -6.5873070e-03
  -5.5545900e-03
  -3.1617080e-03
  -9.8786560e-04
   1.5470410e-03
   3.5344730e-03
   3.1220650e-03
   8.5658090e-04
  -8.9514490e-04
  -1.0940020e-03
  -1.3452420e-03
  -2.7119650e-03
  -3.3831010e-03
  -1.8904640e-03
   9.4229130e-04
   3.3193170e-03
   3.5799480e-03
   1.8215980e-03
  -6.5519420e-04
  -3.0816970e-03
  -4.6506720e-03
  -4.2070400e-03
  -1.2075600e-03
   2.4775050e-03
   4.0534190e-03
   4.0808320e-03
   3.8389610e-03
   1.6098140e-03
  -2.9261210e-03
  -6.3741580e-03
  -6.1960000e-03
  -3.1751520e-03
   6.4404890e-04
   3.8974760e-03
   5.8882840e-03
   5.5416660e-03
   2.0895200e-03
  -2.3738750e-03
  -4.4369550e-03
  -3.1225280e-03
   6.4914580e-04
   4.0398890e-03
   2.7347730e-03
  -2.8311460e-03
  -6.2783130e-03
  -3.4192260e-03
   2.9101500e-03
   7.3956760e-03
   7.7964660e-03
   3.6288840e-03
  -4.1140020e-03
  -1.0013780e-02
  -9.2381820e-03
  -3.3443070e-03
   3.1619330e-03
   6.7765770e-03
   5.6804840e-03
   9.4918140e-04
  -3.2831020e-03
  -3.9210100e-03
  -2.1409320e-03
   3.1684510e-04
   2.9208560e-03
   3.4520730e-03
   1.0550560e-03
  -9.7572010e-04
  -4.3774720e-04
   1.5183990e-03
   2.8172300e-03
   1.1714640e-03
  -3.2281490e-03
  -6.5441150e-03
  -6.3191890e-03
  -3.3745010e-03
   6.8539740e-04
   3.8201890e-03
   4.1392320e-03
   1.8527630e-03
  -9.6721670e-04
  -2.4573360e-03
  -2.0454790e-03
  -3.2712700e-04
   1.4362190e-03
   2.2631530e-03
   1.4903720e-03
  -1.1330860e-03
  -3.8127180e-03
  -3.7772300e-03
  -9.1346900e-04
   2.2901850e-03
   3.3857750e-03
   1.1089680e-03
  -3.1707900e-03
  -5.8681060e-03
  -6.0476960e-03
  -5.5551440e-03
  -4.0693320e-03
  -8.0012230e-04
   1.9641480e-03
   1.9413480e-03
  -1.1007680e-04
  -1.4768590e-03
  -2.5928570e-04
   2.3343100e-03
   3.4311700e-03
   2.2220440e-03
  -2.8651400e-04
  -3.5910350e-03
  -5.9565490e-03
  -4.8758100e-03
  -1.8953220e-03
  -3.8776960e-04
  -7.6794740e-05
   5.9572950e-04
   7.7998070e-04
  -4.6908500e-04
  -1.7238610e-03
  -2.0438460e-03
  -2.3625700e-03
  -1.9532090e-03
   5.1013610e-05
   8.5322610e-04
  -9.2286750e-04
  -2.3007430e-03
  -2.3433920e-03
  -2.5478930e-03
  -2.1412240e-03
  -3.6657010e-04
   1.1511570e-03
   1.3398450e-03
   1.0871690e-03
   1.2280480e-03
   1.3226850e-03
   7.1357830e-04
  -5.9929850e-04
  -1.7273570e-03
  -1.7140660e-03
  -1.2833660e-03
  -1.1704570e-03
  -4.3251860e-04
   7.1879550e-04
   1.1891680e-03
   1.7010870e-03
   2.4974370e-03
   2.2250180e-03
   5.9266170e-04
  -1.5770560e-03
  -3.4508420e-03
  -4.1748850e-03
  -3.3141890e-03
  -1.1542280e-03
   1.3161480e-03
   2.6876140e-03
   2.3576960e-03
   1.3258470e-03
   5.6811900e-04
  -2.6024090e-04
  -9.4436020e-04
  -8.9225480e-04
  -1.0592530e-03
  -1.3887160e-03
  -5.7159250e-04
   3.6023440e-04
   3.8316280e-04
   7.9972670e-04
   1.6639790e-03
   1.5501720e-03
   6.1627310e-04
  -2.1312380e-04
  -7.7697170e-04
  -4.7577110e-04
   1.0303030e-03
   1.9075900e-03
   7.9811860e-04
  -6.6979000e-04
  -8.4964580e-04
  -4.0179940e-04
  -2.4608940e-04
  -7.8728840e-06
   6.2588930e-04
   1.2231290e-03
   1.4092600e-03
   1.0915070e-03
   6.3344680e-04
   4.6257000e-04
   4.3855300e-04
   5.8642070e-04
   1.0454760e-03
   1.2562750e-03
   1.0955600e-03
   1.4066440e-03
   2.0459540e-03
   2.0292130e-03
   1.6910680e-03
   1.6542960e-03
   1.0588160e-03
  -4.3023600e-04
  -1.2008050e-03
  -6.2506410e-04
  -2.4583720e-05
   6.5387130e-04
   2.3067780e-03
   3.3321890e-03
   1.9957440e-03
   9.0606500e-05
   2.7562970e-04
   2.1706540e-03
   3.8737850e-03
   4.6283590e-03
   3.8985490e-03
   1.2553890e-03
  -1.8393990e-03
  -2.8326350e-03
  -7.8797410e-04
   2.1619940e-03
   2.9830920e-03
   1.7894460e-03
   9.9520770e-04
   1.3327760e-03
   1.9933390e-03
   2.0477700e-03
   6.4640750e-04
  -1.1957180e-03
  -1.4322890e-03
  -5.9204380e-04
  -1.0354130e-04
   7.4683950e-04
   2.2311820e-03
   2.7788020e-03
   2.0200420e-03
   1.3391460e-03
   1.2368380e-03
   1.0660790e-03
   9.8688790e-04
   1.4370810e-03
   1.6733430e-03
   1.0809450e-03
   1.4671930e-04
  -5.7081180e-04
  -7.1104320e-04
   4.7779760e-05
   1.2532630e-03
   1.6579220e-03
   9.3879980e-04
   4.9941150e-04
   1.1012490e-03
   1.3149830e-03
   4.3655090e-04
   9.7313840e-05
   8.9422390e-04
   1.3621690e-03
   1.1623710e-03
   1.1783060e-03
   1.0709190e-03
   2.4377680e-04
  -3.6106270e-04
  -2.0181610e-04
  -9.5051050e-05
   8.4938520e-05
   8.9181820e-04
   1.5604010e-03
   1.6136710e-03
   1.7525910e-03
   2.2173140e-03
   2.2874180e-03
   1.6439150e-03
   7.7307520e-04
  -1.6986760e-04
  -1.2266550e-03
  -1.7502100e-03
  -1.2285820e-03
  -8.4578230e-05
   1.0435910e-03
   1.9763270e-03
   2.5161690e-03
   2.1104860e-03
   9.8961620e-04
   3.6473910e-05
  -8.9221380e-04
  -1.9149890e-03
  -1.8904930e-03
  -5.2055120e-04
   9.7877920e-04
   1.8985670e-03
   2.1034210e-03
   1.3555640e-03
   2.8571560e-04
  -9.5408040e-05
   2.3901500e-04
   9.3391150e-04
   1.6203620e-03
   1.6010000e-03
   7.7881090e-04
   6.6610360e-05
  -3.8671820e-06
   4.2377210e-05
  -1.6108030e-04
  -2.0769550e-04
   1.9608410e-04
   9.3296650e-04
   1.6490190e-03
   1.6264570e-03
   5.0222590e-04
  -9.9029390e-04
  -1.7110300e-03
  -1.3822800e-03
  -7.4117990e-04
  -3.2815740e-04
  -1.3027720e-04
  -1.8513660e-04
  -4.9158350e-04
  -9.3499270e-04
  -1.0222420e-03
  -1.3729590e-04
   1.0728200e-03
   1.6703430e-03
   1.9474680e-03
   1.8721050e-03
   9.3741220e-04
  -2.5443930e-04
  -1.1123920e-03
  -1.8966470e-03
  -2.2721460e-03
  -1.6369650e-03
  -7.1803180e-04
  -4.1103040e-04
  -2.5362110e-04
   1.2770930e-05
   7.6886600e-06
   3.2126550e-04
   1.0784530e-03
   9.1638100e-04
  -1.1522560e-04
  -6.4893730e-04
  -9.1065700e-04
  -1.5334850e-03
  -1.8969830e-03
  -1.7888520e-03
  -1.5877300e-03
  -8.0523430e-04
   5.7354890e-04
   8.8684940e-04
  -4.0384200e-04
  -1.5587940e-03
  -1.6451980e-03
  -1.4261690e-03
  -1.1645270e-03
  -3.3528000e-04
   6.3836650e-04
   5.3195170e-04
  -6.8299700e-04
  -1.9052440e-03
  -2.4947990e-03
  -2.2962610e-03
  -1.3477850e-03
  -4.6241710e-04
  -6.3730210e-04
  -1.3441970e-03
  -1.1871200e-03
  -4.3269490e-04
  -3.8483020e-04
  -1.0420760e-03
  -1.6498420e-03
  -1.8902220e-03
  -1.7726970e-03
  -1.7131470e-03
  -1.9700020e-03
  -1.7710090e-03
  -6.9921730e-04
   3.0696350e-05
  -2.8279980e-04
  -8.0938140e-04
  -1.2631770e-03
  -1.7861550e-03
  -1.9131160e-03
  -1.5659180e-03
  -1.1120310e-03
  -6.5989870e-04
  -1.8990870e-04
   2.1910430e-04
   2.7121670e-04
  -1.7127050e-04
  -8.3900060e-04
  -1.5259730e-03
  -2.3207120e-03
  -3.3353290e-03
  -3.9253090e-03
  -3.0527150e-03
  -1.2207100e-03
   2.3667510e-04
   1.2972340e-03
   2.2344380e-03
   2.3055770e-03
   6.9901040e-04
  -2.1531540e-03
  -4.1989290e-03
  -3.6536050e-03
  -1.6127960e-03
  -5.5103520e-04
  -6.6599190e-04
  -6.9467020e-04
  -5.5962500e-04
  -6.1125780e-04
  -5.1599160e-04
  -3.2260770e-04
  -1.0160230e-03
  -2.5062840e-03
  -2.8843190e-03
  -1.5613160e-03
  -1.7629340e-04
   7.2949980e-05
  -1.9539550e-04
   3.6898930e-04
   1.6548320e-03
   2.1735370e-03
   9.4902650e-04
  -1.0836110e-03
  -1.7371120e-03
  -1.4800770e-03
  -2.2998480e-03
  -2.7967490e-03
  -1.2214130e-03
   6.8954470e-04
   8.8126140e-04
   1.6415670e-05
  -1.5251490e-04
   1.1667810e-04
  -6.6043620e-04
  -2.2506930e-03
  -2.9996590e-03
  -2.0782830e-03
  -3.5740110e-04
   9.1958870e-04
   1.4625120e-03
   1.0846150e-03
  -5.1586310e-04
  -2.3380090e-03
  -2.5501060e-03
  -1.0802700e-03
   2.6700130e-05
  -1.4819030e-04
  -4.2152670e-04
  -2.6093080e-04
  -3.2665500e-04
  -7.1802960e-04
  -6.3348910e-04
  -2.9956930e-05
  -2.8360490e-04
  -1.3696340e-03
  -1.4080420e-03
  -5.8877320e-04
  -5.5920950e-04
  -7.1692180e-04
  -2.6158830e-04
  -3.2470720e-04
  -1.0885750e-03
  -1.7473530e-03
  -2.5108110e-03
  -2.9518240e-03
  -1.7671650e-03
   4.5604610e-04
   1.7323410e-03
   1.6272530e-03
   8.8825490e-04
  -4.6474070e-05
  -7.1108660e-04
  -1.2011940e-03
  -1.7694590e-03
  -1.2265620e-03
   7.1864030e-04
   1.5552750e-03
  -7.9925590e-05
  -2.0778420e-03
  -2.3287350e-03
  -9.4698100e-04
   8.4650310e-04
   1.6611150e-03
   9.2630230e-04
  -2.0715450e-04
  -6.7370840e-04
  -1.2150420e-03
  -1.8920950e-03
  -1.1168130e-03
   8.4361450e-04
   1.8039270e-03
   1.4162670e-03
   8.6166700e-04
   3.0277370e-04
  -1.3152450e-05
   4.4857760e-04
   7.5283130e-04
   4.2359900e-04
   3.3692200e-04
   4.1477740e-04
   2.6765670e-04
   4.3234520e-04
   7.4713780e-04
   5.9842720e-04
   8.6950490e-04
   1.7196720e-03
   1.5283450e-03
   8.3374420e-04
   1.3548770e-03
   1.9462270e-03
   1.0774780e-03
   3.8345790e-05
   2.2588580e-04
   6.1946750e-04
   3.2798180e-04
   3.0459770e-04
   8.0541590e-04
   9.0329710e-04
   1.0187910e-03
   1.9211950e-03
   2.3371640e-03
   1.0915440e-03
  -4.6251100e-04
  -6.0182040e-04
   3.0448840e-05
   2.8633930e-04
   7.0964360e-04
   1.0010060e-03
   1.7738130e-04
  -3.5080010e-04
   3.8950740e-04
   8.1992840e-04
   4.0725130e-04
   4.0838540e-04
   1.0032040e-03
   1.0462470e-03
   6.3657730e-04
   1.1215250e-03
   1.9750230e-03
   1.6110180e-03
   6.9214310e-04
   4.8234580e-04
   4.5468120e-04
  -2.3332520e-05
  -2.2089510e-04
   5.0618030e-04
   1.0389380e-03
   3.0529090e-04
  -3.9517650e-04
   3.1699690e-04
   1.3225060e-03
   1.2784870e-03
   8.9373350e-04
   5.8562520e-04
  -3.3902680e-04
  -7.3341760e-04
   7.4272060e-04
   2.1193580e-03
   1.5594710e-03
   6.1233760e-04
   4.6783740e-04
  -1.2921460e-05
  -8.0005760e-04
  -4.9927300e-04
   4.3959890e-04
   8.8065700e-04
   1.3128910e-03
   1.9536550e-03
   1.6751600e-03
   4.7124520e-04
  -1.7340490e-04
   1.3097490e-04
   5.9517690e-04
   6.8933490e-04
   6.6566760e-05
  -9.7270380e-04
  -1.4755120e-03
  -1.1311760e-03
  -1.6187550e-04
   8.3098820e-04
   1.0136300e-03
   8.1207280e-04
   9.8173240e-04
   1.1472560e-03
   1.2648460e-03
   1.4867210e-03
   1.1278120e-03
   1.2250230e-04
  -2.8739260e-04
   3.3350060e-04
   6.4723080e-04
   3.2509620e-04
   5.3030980e-04
   1.0677680e-03
   1.1438530e-03
   6.6188820e-04
  -6.1686620e-04
  -1.8607250e-03
  -1.4666680e-03
   3.7786220e-04
   2.4240300e-03
   3.6328290e-03
   2.9857630e-03
   9.6626200e-04
  -4.0098960e-04
  -3.7636190e-04
   1.9484120e-04
   8.3739720e-04
   1.2642490e-03
   6.2462620e-04
  -7.6491240e-04
  -9.5148180e-04
   1.6000320e-04
   4.4491180e-04
  -2.5273620e-04
  -4.0055960e-04
  -4.3670200e-05
   1.7899270e-04
   6.4899560e-04
   1.5218030e-03
   2.1226110e-03
   1.8373360e-03
   7.6619190e-04
  -1.2320190e-04
  -3.7466900e-04
  -8.2195760e-04
  -1.3090470e-03
  -7.8024860e-04
   1.8578480e-05
  -2.6563040e-05
  -1.6589340e-04
   2.2555010e-04
   6.8338550e-04
   1.3852050e-03
   2.2344810e-03
   2.0193110e-03
   9.8968400e-04
   4.1434930e-04
  -3.0103000e-04
  -1.7333810e-03
  -2.3057470e-03
  -1.3139430e-03
  -2.2088100e-04
   2.3886100e-05
  -2.8043430e-04
  -1.3664680e-04
   1.1554720e-03
   2.3587370e-03
   2.3265980e-03
   2.2745250e-03
   2.8136370e-03
   2.2436540e-03
   5.0693790e-05
  -1.7515600e-03
  -2.0534750e-03
  -1.6168430e-03
  -5.2326730e-04
   8.4909340e-04
   5.9930510e-04
  -8.2717560e-04
  -8.2153020e-04
   5.6139080e-04
   1.6785990e-03
   2.1315070e-03
   1.6853860e-03
   4.9309620e-04
  -5.2855560e-06
   4.0519790e-04
   1.8070970e-04
  -1.9553390e-04
   7.3010310e-04
   1.4011660e-03
   5.5108980e-04
  -3.2303570e-04
  -7.5481500e-04
  -1.0412460e-03
  -4.9852260e-04
   4.8448050e-04
   8.6382120e-04
   5.8937340e-04
   8.6688980e-05
  -1.3451450e-04
   8.6588410e-06
  -1.6741050e-04
  -8.4513330e-04
  -1.2564060e-03
  -1.2517700e-03
  -1.0571900e-03
  -2.9801320e-04
   5.2896070e-04
   5.5684370e-04
   7.2651700e-04
   1.8453990e-03
   2.3301570e-03
   1.2255680e-03
   3.7375470e-05
  -8.6507240e-04
  -2.3624280e-03
  -3.2430670e-03
  -2.5805620e-03
  -1.8979920e-03
  -1.6390710e-03
  -8.3829950e-04
  -9.5289130e-05
  -1.2467290e-04
   1.5647000e-04
   9.3355190e-04
   8.4314010e-04
  -1.2685220e-04
  -1.0651670e-03
  -1.4682560e-03
  -9.0472180e-04
  -1.6275030e-04
  -5.6385490e-04
  -1.2637180e-03
  -7.7510770e-04
  -8.1871140e-05
  -9.2961000e-04
  -2.4395230e-03
  -2.6473980e-03
  -2.0788610e-03
  -2.0778940e-03
  -1.7275700e-03
   4.3459110e-05
   2.0109150e-03
   2.5702060e-03
   1.7637500e-03
   4.5285760e-04
  -6.9064690e-04
  -1.4826940e-03
  -2.4095720e-03
  -3.4462360e-03
  -3.3950270e-03
  -2.1650650e-03
  -1.3003920e-03
  -7.8403350e-04
   6.9434540e-04
   2.5302180e-03
   3.1598160e-03
   2.4113830e-03
   7.3823570e-04
  -1.8562560e-03
  -4.6930280e-03
  -5.9257640e-03
  -4.5436180e-03
  -1.4847590e-03
   1.0978180e-03
   1.0258650e-03
  -1.3762440e-03
  -3.2225410e-03
  -4.0819380e-03
  -6.1891540e-03
  -8.2163380e-03
  -6.2188840e-03
   6.0869270e-04
   1.0555170e-02
   2.0975430e-02
   2.7847750e-02
   2.7841670e-02
   1.9008490e-02
  -1.6636800e-04
  -2.6084000e-02
  -4.5629020e-02
  -4.5988440e-02
  -2.7709250e-02
  -1.0533620e-03
   2.1718420e-02
   2.9521120e-02
   2.1879430e-02
   9.2182970e-03
  -3.8113240e-04
  -4.3557580e-03
  -3.2339140e-03
  -1.9754430e-03
  -4.8149180e-03
  -8.6289570e-03
  -8.1093300e-03
  -3.0956430e-03
   4.6872130e-03
   1.2785580e-02
   1.4162560e-02
   4.9153630e-03
  -7.9278460e-03
  -1.5803580e-02
  -1.6464710e-02
  -9.3343080e-03
   4.0151640e-03
   1.6005540e-02
   1.9620230e-02
   1.5015830e-02
   6.8766590e-03
  -5.4667680e-04
  -5.9759130e-03
  -9.7696310e-03
  -1.1857260e-02
  -1.2764020e-02
  -1.2288450e-02
  -6.7730690e-03
   5.7390740e-03
   1.8451430e-02
   2.1065880e-02
   1.1622990e-02
  -2.8010680e-03
  -1.4254730e-02
  -1.7922610e-02
  -1.3034510e-02
  -3.0967750e-03
   6.8023760e-03
   1.2950670e-02
   1.3364220e-02
   8.0143120e-03
   1.7574240e-04
  -5.4903460e-03
  -6.7229390e-03
  -4.6087670e-03
  -2.1947780e-03
  -1.0483930e-03
  -6.6693250e-04
  -1.3372890e-03
  -2.7024200e-03
  -2.3654280e-03
   1.1660760e-03
   6.4598080e-03
   9.3050580e-03
   6.9040740e-03
   1.9927390e-03
  -1.7536510e-03
  -4.1192590e-03
  -5.0187120e-03
  -3.2678250e-03
   3.5547590e-04
   3.0186850e-03
   2.3588260e-03
  -2.0087280e-03
  -7.5633030e-03
  -9.5444680e-03
  -5.4356540e-03
   1.2833200e-03
   4.7003660e-03
   3.7695530e-03
   2.5902840e-03
   3.7232000e-03
   5.4278270e-03
   5.0153780e-03
   2.0116860e-03
  -1.8421820e-03
  -4.4957840e-03
  -5.1402870e-03
  -4.4799360e-03
  -3.5895450e-03
  -2.7475260e-03
  -1.6789910e-03
  -5.8296730e-06
   2.1950810e-03
   3.9530670e-03
   4.2982320e-03
   3.1410490e-03
   1.1650540e-03
  -8.6486000e-04
  -2.5938600e-03
  -3.5960360e-03
  -3.4339710e-03
  -2.3106950e-03
  -5.9255900e-04
   1.1316610e-03
   1.8255000e-03
   1.4572400e-03
   9.6197790e-04
   8.8165230e-04
   1.0775050e-03
   6.7338430e-04
  -2.5927450e-04
   6.7930160e-05
   1.7210020e-03
   2.4239690e-03
   1.2058150e-03
  -8.4669460e-04
  -2.4290440e-03
  -3.4710100e-03
  -5.0209380e-03
  -6.4282870e-03
  -4.8342040e-03
   6.6727270e-04
   7.0446800e-03
   1.0088730e-02
   8.1156000e-03
   3.0725390e-03
  -1.8671660e-03
  -4.7918580e-03
  -5.3610600e-03
  -4.2645710e-03
  -2.1783530e-03
   7.4563400e-04
   3.9635940e-03
   6.2716410e-03
   6.5795090e-03
   4.6959190e-03
   1.4676230e-03
  -2.0924730e-03
  -5.0064610e-03
  -5.8796720e-03
  -3.9689810e-03
  -6.4608180e-04
   1.9477820e-03
   2.8487420e-03
   1.7011440e-03
  -6.2461870e-04
  -1.2215250e-03
   1.1793930e-03
   3.4724270e-03
   2.4880470e-03
   1.4490650e-04
  -2.2987850e-04
   1.1283720e-04
  -9.2843010e-04
  -1.7602150e-03
  -1.0363830e-03
   8.8700350e-05
   9.6249920e-04
   1.5588600e-03
   1.2249290e-03
   5.6513310e-04
   1.0837470e-03
   1.7736150e-03
   6.9159410e-04
  -1.3492620e-03
  -2.5896770e-03
  -2.5007030e-03
  -6.9198370e-04
   2.3447040e-03
   4.1652140e-03
   3.6316980e-03
   2.6377520e-03
   2.2113050e-03
   1.6271320e-03
   1.0414190e-03
  -2.2563960e-06
  -2.4607140e-03
  -4.4442100e-03
  -4.0084670e-03
  -2.7266130e-03
  -2.1719580e-03
  -1.2525400e-03
   5.4963390e-04
   1.7869490e-03
   2.6178760e-03
   4.2356650e-03
   5.1985740e-03
   4.0288360e-03
   1.6422710e-03
  -1.1687100e-03
  -3.8525130e-03
  -4.5340760e-03
  -1.8942570e-03
   1.9023670e-03
   3.1456710e-03
   1.2785990e-03
  -1.7209360e-03
  -4.3868020e-03
  -5.4143260e-03
  -3.8448890e-03
  -5.9368710e-04
   2.3385310e-03
   3.7850360e-03
   3.9523510e-03
   3.5472090e-03
   2.8350820e-03
   1.8942340e-03
   1.1874430e-03
   6.5299340e-04
  -7.6095350e-04
  -2.8506890e-03
  -3.4520750e-03
  -2.1004180e-03
  -9.4681200e-04
  -4.7336160e-04
   7.0102180e-04
   2.0745320e-03
   2.4159370e-03
   2.1515540e-03
   1.3406650e-03
  -8.2816570e-04
  -3.1847370e-03
  -3.6811940e-03
  -2.7547350e-03
  -1.4243230e-03
   7.6905790e-04
   3.2701920e-03
   4.5426080e-03
   4.5228640e-03
   3.4239470e-03
   7.5483480e-04
  -2.4012850e-03
  -3.7334730e-03
  -2.8797140e-03
  -1.1600800e-03
   5.2511920e-04
   1.3904440e-03
   9.6367710e-04
   5.0196050e-04
   1.2555150e-03
   1.9735950e-03
   1.2173380e-03
  -1.7233150e-04
  -1.0075270e-03
  -8.3122680e-04
   6.5481620e-04
   2.4466620e-03
   2.7296700e-03
   1.5788360e-03
   3.9739510e-04
  -5.2429140e-04
  -1.6395430e-03
  -3.0917980e-03
  -4.5922180e-03
  -5.2039120e-03
  -4.0085000e-03
  -9.5063780e-04
   2.8457830e-03
   5.5790680e-03
   6.4348820e-03
   5.3374070e-03
   2.3571900e-03
  -1.1112900e-03
  -3.5324850e-03
  -3.9502410e-03
  -1.3466920e-03
   2.5917710e-03
   3.9301200e-03
   1.9078160e-03
  -7.9951950e-04
  -2.1912500e-03
  -1.9794660e-03
  -5.9190460e-04
   7.8498320e-04
   1.2163370e-03
   1.4467250e-03
   1.8622760e-03
   1.3600440e-03
   3.3978450e-04
   2.3998130e-04
   3.4482370e-04
  -4.1929350e-04
  -1.1019680e-03
  -7.1772090e-04
  -2.0643550e-04
  -6.9201050e-04
  -1.0643950e-03
   6.4113330e-05
   1.7723130e-03
   2.5852010e-03
   2.1236360e-03
   6.1650190e-04
  -1.0578480e-03
  -1.6357320e-03
  -8.9262460e-04
   1.2313540e-04
   9.1122860e-04
   1.6911130e-03
   1.7430680e-03
   6.4090260e-04
  -3.5301770e-04
  -6.2406580e-04
