   2.9783300e-02
   3.1500700e-02
   3.0540100e-02
   2.8362300e-02
   2.6961700e-02
   2.7696800e-02
   3.0710800e-02
   3.4973100e-02
   3.8684500e-02
   3.9974300e-02
   3.7679300e-02
   3.2289900e-02
   2.6376000e-02
   2.3435100e-02
   2.5652600e-02
   3.2442300e-02
   4.1008700e-02
   4.8470200e-02
   5.3514100e-02
   5.6301500e-02
   5.7200700e-02
   5.5807100e-02
   5.1212700e-02
   4.3208200e-02
   3.3218700e-02
   2.4043800e-02
   1.8642500e-02
   1.8751400e-02
   2.4091000e-02
   3.2460300e-02
   4.0682000e-02
   4.5880900e-02
   4.6328400e-02
   4.1685100e-02
   3.2792300e-02
   2.1203600e-02
   8.6058900e-03
  -3.5267600e-03
  -1.3961700e-02
  -2.1718900e-02
  -2.6420300e-02
  -2.8802500e-02
  -3.0340300e-02
  -3.2045800e-02
  -3.3798200e-02
  -3.4911200e-02
  -3.5071400e-02
  -3.4561900e-02
  -3.3611200e-02
  -3.1846300e-02
  -2.8676900e-02
  -2.4157200e-02
  -1.9268500e-02
  -1.5189000e-02
  -1.2482700e-02
  -1.1042300e-02
  -1.0592200e-02
  -1.1106900e-02
  -1.2626000e-02
  -1.4806800e-02
  -1.6880200e-02
  -1.8206900e-02
  -1.8770200e-02
  -1.9086100e-02
  -1.9624900e-02
  -2.0206200e-02
  -2.0013000e-02
  -1.8216200e-02
  -1.4706600e-02
  -1.0358200e-02
  -6.5626500e-03
  -4.3834800e-03
  -3.9433000e-03
  -4.4362000e-03
  -4.6362000e-03
  -3.3354900e-03
   4.5303500e-04
   7.1322800e-03
   1.6101100e-02
   2.5547200e-02
   3.2858600e-02
   3.5801400e-02
   3.3858000e-02
   2.8718000e-02
   2.3377900e-02
   2.0320500e-02
   2.0141100e-02
   2.1716800e-02
   2.3533900e-02
   2.4929700e-02
   2.6344900e-02
   2.8521200e-02
   3.1493200e-02
   3.4313800e-02
   3.5825200e-02
   3.5784300e-02
   3.5286600e-02
   3.6095000e-02
   3.9396800e-02
   4.5005400e-02
   5.1574500e-02
   5.7201900e-02
   5.9896600e-02
   5.8251400e-02
   5.2307800e-02
   4.3957400e-02
   3.6132200e-02
   3.0992000e-02
   2.8498700e-02
   2.6583400e-02
   2.2853100e-02
   1.6307000e-02
   7.7603100e-03
  -9.3159800e-04
  -7.9892200e-03
  -1.2341500e-02
  -1.3712600e-02
  -1.2412300e-02
  -9.2337600e-03
  -5.3000500e-03
  -1.6323500e-03
   1.2392300e-03
   3.4802500e-03
   5.7940000e-03
   8.8221400e-03
   1.2383600e-02
   1.5248400e-02
   1.5803500e-02
   1.3060400e-02
   7.3283000e-03
   7.2075300e-06
  -7.2197200e-03
  -1.3085600e-02
  -1.7121300e-02
  -1.9746600e-02
  -2.2047800e-02
  -2.5015100e-02
  -2.8604600e-02
  -3.1619100e-02
  -3.2656900e-02
  -3.1332600e-02
  -2.8774300e-02
  -2.6921900e-02
  -2.7230300e-02
  -2.9841600e-02
  -3.3684200e-02
  -3.7083500e-02
  -3.8473400e-02
  -3.7077500e-02
  -3.3379200e-02
  -2.9076800e-02
  -2.6302400e-02
  -2.6373300e-02
  -2.8915100e-02
  -3.2242700e-02
  -3.4771600e-02
  -3.6235200e-02
  -3.7613900e-02
  -3.9852100e-02
  -4.2632200e-02
  -4.4378600e-02
  -4.3506900e-02
  -3.9768600e-02
  -3.4645500e-02
  -3.0352800e-02
  -2.8346100e-02
  -2.8540100e-02
  -2.9658200e-02
  -3.0207200e-02
  -2.9352800e-02
  -2.7286100e-02
  -2.4885200e-02
  -2.2925100e-02
  -2.1606200e-02
  -2.0554200e-02
  -1.9089000e-02
  -1.6670200e-02
  -1.3201800e-02
  -9.2548200e-03
  -6.0259700e-03
  -4.8211200e-03
  -6.2319400e-03
  -9.6097300e-03
  -1.3245100e-02
  -1.5138300e-02
  -1.3967600e-02
  -9.8006100e-03
  -4.2402000e-03
   2.4867200e-04
   1.7212400e-03
  -8.7616700e-05
  -3.8163900e-03
  -7.5514100e-03
  -9.9236300e-03
  -1.0706800e-02
  -1.0829700e-02
  -1.1643300e-02
  -1.3836100e-02
  -1.6696800e-02
  -1.8546800e-02
  -1.8118500e-02
  -1.5755000e-02
  -1.3430100e-02
  -1.3577700e-02
  -1.7761600e-02
  -2.5931500e-02
  -3.6450300e-02
  -4.6788600e-02
  -5.4480600e-02
  -5.8037800e-02
  -5.7536400e-02
  -5.4559800e-02
  -5.1276400e-02
  -4.9122200e-02
  -4.8176700e-02
  -4.7687700e-02
  -4.7065500e-02
  -4.6495400e-02
  -4.6587000e-02
  -4.7547600e-02
  -4.8804400e-02
  -4.9323600e-02
  -4.8266800e-02
  -4.5465400e-02
  -4.1500000e-02
  -3.7325300e-02
  -3.3859100e-02
  -3.1782600e-02
  -3.1371100e-02
  -3.2440600e-02
  -3.4458900e-02
  -3.6808500e-02
  -3.9015400e-02
  -4.0865000e-02
  -4.2323800e-02
  -4.3312300e-02
  -4.3668100e-02
  -4.3402900e-02
  -4.2819600e-02
  -4.2387900e-02
  -4.2585400e-02
  -4.3721600e-02
  -4.5812400e-02
  -4.8581700e-02
  -5.1600100e-02
  -5.4333900e-02
  -5.6068100e-02
  -5.6005300e-02
  -5.3542600e-02
  -4.8386900e-02
  -4.0633100e-02
  -3.0838900e-02
  -1.9948900e-02
  -9.0768500e-03
   6.8327500e-04
   8.4678000e-03
   1.3958900e-02
   1.7543500e-02
   2.0105300e-02
   2.2622000e-02
   2.5816800e-02
   2.9971000e-02
   3.4848600e-02
   3.9809400e-02
   4.4171800e-02
   4.7583100e-02
   5.0064800e-02
   5.1908100e-02
   5.3558900e-02
   5.5443000e-02
   5.7810600e-02
   6.0628400e-02
   6.3510800e-02
   6.5822200e-02
   6.6789500e-02
   6.5590400e-02
   6.1657600e-02
   5.5031800e-02
   4.6612100e-02
   3.8089000e-02
   3.1250500e-02
   2.7205900e-02
   2.6251200e-02
   2.8180800e-02
   3.2454200e-02
   3.8064200e-02
   4.3540500e-02
   4.7443700e-02
   4.9074400e-02
   4.8730500e-02
   4.7193900e-02
   4.5034800e-02
   4.2418300e-02
   3.9463300e-02
   3.6591900e-02
   3.4385300e-02
   3.3186500e-02
   3.2917500e-02
   3.3286800e-02
   3.4115300e-02
   3.5349000e-02
   3.6774800e-02
   3.7910700e-02
   3.8187700e-02
   3.7216800e-02
   3.4979200e-02
   3.1964000e-02
   2.9097400e-02
   2.7405700e-02
   2.7594000e-02
   2.9767000e-02
   3.3483900e-02
   3.8019400e-02
   4.2604200e-02
   4.6686700e-02
   4.9997900e-02
   5.2346000e-02
   5.3469100e-02
   5.3195100e-02
   5.1758100e-02
   4.9907000e-02
   4.8513600e-02
   4.8001800e-02
   4.8129400e-02
   4.8170100e-02
   4.7344500e-02
   4.5324900e-02
   4.2431200e-02
   3.9368900e-02
   3.6695200e-02
   3.4496800e-02
   3.2516900e-02
   3.0469200e-02
   2.8356700e-02
   2.6547000e-02
   2.5449200e-02
   2.5075600e-02
   2.5047600e-02
   2.4995400e-02
   2.4778600e-02
   2.4445700e-02
   2.4068700e-02
   2.3590800e-02
   2.2770200e-02
   2.1234000e-02
   1.8742900e-02
   1.5445000e-02
   1.1929200e-02
   9.0454100e-03
   7.4224000e-03
   7.1541700e-03
   7.8335300e-03
   8.7952300e-03
   9.3925700e-03
   9.2444200e-03
   8.4859100e-03
   7.7918900e-03
   8.0133400e-03
   9.6390700e-03
   1.2532600e-02
   1.5962900e-02
   1.8950400e-02
   2.0793500e-02
   2.1312400e-02
   2.0822100e-02
   1.9849500e-02
   1.8809300e-02
   1.7883700e-02
   1.7106900e-02
   1.6580600e-02
   1.6479400e-02
   1.6775700e-02
   1.7042600e-02
   1.6566400e-02
   1.4680000e-02
   1.1143600e-02
   6.3114800e-03
   8.7854500e-04
  -4.4588900e-03
  -9.2462000e-03
  -1.3307800e-02
  -1.6668200e-02
  -1.9536000e-02
  -2.2182000e-02
  -2.4645100e-02
  -2.6681000e-02
  -2.8020300e-02
  -2.8681500e-02
  -2.8830900e-02
  -2.8362100e-02
  -2.6692400e-02
  -2.2965200e-02
  -1.6672300e-02
  -8.3971800e-03
   4.3192600e-05
   6.4939600e-03
   9.6633800e-03
   9.6648600e-03
   7.7048500e-03
   5.4264200e-03
   4.3544800e-03
   5.4129500e-03
   8.5644300e-03
   1.2830600e-02
   1.6770600e-02
   1.9248100e-02
   1.9928600e-02
   1.9205900e-02
   1.7915900e-02
   1.6950100e-02
   1.6960500e-02
   1.7974300e-02
   1.9156200e-02
   1.9129300e-02
   1.6927800e-02
   1.2855600e-02
   8.2804800e-03
   4.6375400e-03
   2.5621700e-03
   1.8159900e-03
   1.9227700e-03
   2.7389500e-03
   4.3708100e-03
   6.8143800e-03
   9.6841500e-03
   1.2263700e-02
   1.3896600e-02
   1.4385900e-02
   1.4173000e-02
   1.4060500e-02
   1.4542500e-02
   1.5174000e-02
   1.4427800e-02
   1.0257400e-02
   1.0777600e-03
  -1.3089400e-02
  -2.9930500e-02
  -4.5401700e-02
  -5.5844100e-02
  -6.0190100e-02
  -6.0350600e-02
  -5.9391000e-02
  -5.8982900e-02
  -5.8198900e-02
  -5.4492700e-02
  -4.5980800e-02
  -3.3315000e-02
  -1.9994800e-02
  -1.0779800e-02
  -8.8047800e-03
  -1.3213500e-02
  -1.9439000e-02
  -2.2331000e-02
  -1.9726900e-02
  -1.3502700e-02
  -7.6144400e-03
  -5.2667800e-03
  -7.4789900e-03
  -1.3398800e-02
  -2.1023100e-02
  -2.7562200e-02
  -3.0167700e-02
  -2.7410500e-02
  -2.0411700e-02
  -1.2155600e-02
  -5.3695700e-03
  -6.7378500e-04
   3.4086400e-03
   8.7308900e-03
   1.5559400e-02
   2.2080600e-02
   2.5705900e-02
   2.5048900e-02
   2.0982600e-02
   1.5800900e-02
   1.1591300e-02
   9.3905500e-03
   9.3648100e-03
   1.1099700e-02
   1.3478700e-02
   1.4878200e-02
   1.4063100e-02
   1.1158500e-02
   7.6708500e-03
   5.4434600e-03
   5.4522200e-03
   7.3328300e-03
   9.8652200e-03
   1.1563300e-02
   1.1011800e-02
   7.2032400e-03
  -1.4262000e-05
  -9.5023700e-03
  -1.8983000e-02
  -2.6093400e-02
  -2.9797800e-02
  -3.0817300e-02
  -3.0768500e-02
  -3.1112800e-02
  -3.2753000e-02
  -3.6013500e-02
  -4.0610100e-02
  -4.5808900e-02
  -5.0887000e-02
  -5.5466100e-02
  -5.9301900e-02
  -6.1955900e-02
  -6.3148600e-02
  -6.3591300e-02
  -6.4894200e-02
  -6.8309300e-02
  -7.3831200e-02
  -8.0519000e-02
  -8.7380900e-02
  -9.3740600e-02
  -9.8947400e-02
  -1.0222000e-01
  -1.0303700e-01
  -1.0151900e-01
  -9.8351400e-02
  -9.4342300e-02
  -9.0079300e-02
  -8.6016900e-02
  -8.2740000e-02
  -8.0892400e-02
  -8.0770000e-02
  -8.2033700e-02
  -8.3795300e-02
  -8.4949300e-02
  -8.4587700e-02
  -8.2312800e-02
  -7.8263600e-02
  -7.2985300e-02
  -6.7297200e-02
  -6.2148900e-02
  -5.8419400e-02
  -5.6629900e-02
  -5.6711000e-02
  -5.8040600e-02
  -5.9775600e-02
  -6.1143800e-02
  -6.1395100e-02
  -5.9792100e-02
  -5.6032700e-02
  -5.0686300e-02
  -4.5173100e-02
  -4.1128800e-02
  -3.9416300e-02
  -3.9639800e-02
  -4.0480000e-02
  -4.0575100e-02
  -3.9279900e-02
  -3.6746000e-02
  -3.3523500e-02
  -3.0100900e-02
  -2.6647200e-02
  -2.3032200e-02
  -1.9122900e-02
  -1.5156400e-02
  -1.1663700e-02
  -8.9899600e-03
  -6.8602000e-03
  -4.5791400e-03
  -1.6867500e-03
   1.6535100e-03
   4.7982300e-03
   7.0792900e-03
   8.1708800e-03
   8.2146800e-03
   7.7601100e-03
   7.5530400e-03
   8.2152000e-03
   9.9094000e-03
   1.2209500e-02
   1.4372900e-02
   1.5926000e-02
   1.6938500e-02
   1.7565600e-02
   1.7347500e-02
   1.5182700e-02
   1.0129900e-02
   2.4284200e-03
  -6.1619700e-03
  -1.3150900e-02
  -1.6815200e-02
  -1.7175100e-02
  -1.5626900e-02
  -1.3794300e-02
  -1.2680100e-02
  -1.2472900e-02
  -1.2857100e-02
  -1.3386400e-02
  -1.3504400e-02
  -1.2641200e-02
  -1.0578000e-02
  -7.7990900e-03
  -5.2909800e-03
  -3.7327600e-03
  -2.8574500e-03
  -1.6257800e-03
   8.7530700e-04
   4.6473100e-03
   8.8729600e-03
   1.2737200e-02
   1.6072500e-02
   1.9198200e-02
   2.2341300e-02
   2.5385500e-02
   2.8091100e-02
   3.0348300e-02
   3.2089800e-02
   3.3224100e-02
   3.3713500e-02
   3.3665900e-02
   3.3314300e-02
   3.2803300e-02
   3.2003700e-02
   3.0585200e-02
   2.8197200e-02
   2.4640500e-02
   2.0041600e-02
   1.4889300e-02
   9.7779400e-03
   4.9930000e-03
   4.1300000e-04
  -4.1983300e-03
  -8.8957200e-03
  -1.3510900e-02
  -1.7806700e-02
  -2.1665500e-02
  -2.5169000e-02
  -2.8508000e-02
  -3.1785000e-02
  -3.4953900e-02
  -3.7934600e-02
  -4.0731700e-02
  -4.3358800e-02
  -4.5588800e-02
  -4.6975800e-02
  -4.7162700e-02
  -4.6190800e-02
  -4.4486000e-02
  -4.2381200e-02
  -3.9648500e-02
  -3.5666300e-02
  -3.0060600e-02
  -2.3292500e-02
  -1.6685000e-02
  -1.1667700e-02
  -8.7743300e-03
  -7.1319000e-03
  -5.0713200e-03
  -1.3602800e-03
   3.8780500e-03
   9.2195200e-03
   1.2980400e-02
   1.4412600e-02
   1.3950800e-02
   1.2469800e-02
   1.0609900e-02
   8.6346500e-03
   6.5798600e-03
   4.5414100e-03
   2.6682900e-03
   1.0228000e-03
  -5.1686700e-04
  -2.1578600e-03
  -3.7886600e-03
  -4.7572600e-03
  -4.1864300e-03
  -1.6373600e-03
   2.5669000e-03
   7.6067700e-03
   1.2903800e-02
   1.8599300e-02
   2.5131400e-02
   3.2433800e-02
   3.9632800e-02
   4.5516300e-02
   4.9359800e-02
   5.1413700e-02
   5.2705500e-02
   5.4302600e-02
   5.6697600e-02
   5.9629300e-02
   6.2383100e-02
   6.4346800e-02
   6.5411500e-02
   6.5873300e-02
   6.6097400e-02
   6.6247900e-02
   6.6273500e-02
   6.6170000e-02
   6.6095400e-02
   6.6162100e-02
   6.6264200e-02
   6.6160800e-02
   6.5732800e-02
   6.5156200e-02
   6.4736100e-02
   6.4632100e-02
   6.4841900e-02
   6.5352900e-02
   6.6228500e-02
   6.7509100e-02
   6.9051900e-02
   7.0499100e-02
   7.1452900e-02
   7.1914700e-02
   7.2451400e-02
   7.3815400e-02
   7.6450700e-02
   8.0117300e-02
   8.3827100e-02
   8.6196600e-02
   8.6026700e-02
   8.2864000e-02
   7.7342900e-02
   7.0957500e-02
   6.5249500e-02
   6.1022400e-02
   5.8082800e-02
   5.5557900e-02
   5.2568900e-02
   4.8775100e-02
   4.4546700e-02
   4.0712500e-02
   3.8022500e-02
   3.6851600e-02
   3.7255700e-02
   3.9107400e-02
   4.2259500e-02
   4.6502500e-02
   5.1368000e-02
   5.6211200e-02
   6.0499000e-02
   6.4102300e-02
   6.7360100e-02
   7.0887500e-02
   7.5137900e-02
   8.0167000e-02
   8.5773400e-02
   9.1535500e-02
   9.6906300e-02
   1.0136700e-01
   1.0452300e-01
   1.0614600e-01
   1.0619300e-01
   1.0498000e-01
   1.0311400e-01
   1.0131900e-01
   1.0021200e-01
   1.0009200e-01
   1.0084600e-01
   1.0194200e-01
   1.0254000e-01
   1.0163600e-01
   9.8379100e-02
   9.2455500e-02
   8.4332800e-02
   7.5025700e-02
   6.5581100e-02
   5.6620700e-02
   4.8116100e-02
   3.9550300e-02
   3.0321800e-02
   2.0292400e-02
   9.9371100e-03
  -1.6504300e-05
  -9.1012100e-03
  -1.7225300e-02
  -2.4307900e-02
  -3.0125900e-02
  -3.4523400e-02
  -3.7527900e-02
  -3.9249900e-02
  -3.9723200e-02
  -3.8992900e-02
  -3.7448900e-02
  -3.6036600e-02
  -3.6048500e-02
  -3.8610500e-02
  -4.4058300e-02
  -5.1514700e-02
  -5.9226100e-02
  -6.5399300e-02
  -6.9005800e-02
  -7.0195600e-02
  -7.0024800e-02
  -6.9701500e-02
  -6.9968400e-02
  -7.1017900e-02
  -7.2576100e-02
  -7.4045800e-02
  -7.4776000e-02
  -7.4398900e-02
  -7.3030300e-02
  -7.1218500e-02
  -6.9561100e-02
  -6.8205500e-02
  -6.6798200e-02
  -6.4839300e-02
  -6.2149100e-02
  -5.9081400e-02
  -5.6301800e-02
  -5.4400000e-02
  -5.3457300e-02
  -5.2913600e-02
  -5.1877100e-02
  -4.9610600e-02
  -4.5956300e-02
  -4.1469600e-02
  -3.7099000e-02
  -3.3603100e-02
  -3.1044500e-02
  -2.8820500e-02
  -2.6308300e-02
  -2.3495300e-02
  -2.1091600e-02
  -1.9845200e-02
  -1.9567500e-02
  -1.8902200e-02
  -1.6069600e-02
  -1.0130700e-02
  -1.8915000e-03
   6.4065100e-03
   1.2317600e-02
   1.4073100e-02
   1.0831200e-02
   3.1052100e-03
  -6.5352100e-03
  -1.3684600e-02
  -1.4246300e-02
  -7.6315100e-03
   2.0764100e-03
   8.7604600e-03
   8.6665200e-03
   2.6958000e-03
  -4.6780100e-03
  -8.1008500e-03
  -3.9069900e-03
   8.7243400e-03
   2.8069700e-02
   5.0927100e-02
   7.3464700e-02
   9.1857400e-02
   1.0324100e-01
   1.0703200e-01
   1.0553800e-01
   1.0269700e-01
   1.0150000e-01
   1.0213800e-01
   1.0215700e-01
   9.8435700e-02
   8.9655400e-02
   7.7384100e-02
   6.5097200e-02
   5.6038300e-02
   5.1458400e-02
   5.0293300e-02
   5.0375000e-02
   4.9969400e-02
   4.8485800e-02
   4.6145700e-02
   4.3279400e-02
   3.9764300e-02
   3.4970400e-02
   2.8361100e-02
   2.0271000e-02
   1.2401500e-02
   7.3968500e-03
   7.3458900e-03
   1.2244800e-02
   1.9601900e-02
   2.5619200e-02
   2.7385600e-02
   2.4565200e-02
   1.9213800e-02
   1.4003900e-02
   1.0539200e-02
   9.0866000e-03
   9.4568800e-03
   1.1690200e-02
   1.5804000e-02
   2.1103500e-02
   2.6111900e-02
   2.9365800e-02
   3.0301400e-02
   2.9483200e-02
   2.8118100e-02
   2.7439700e-02
   2.8479200e-02
   3.2060000e-02
   3.8524200e-02
   4.7223900e-02
   5.6149100e-02
   6.2164000e-02
   6.2102400e-02
   5.4487800e-02
   4.0842700e-02
   2.5449600e-02
   1.3335100e-02
   7.5415500e-03
   7.4870600e-03
   9.4283500e-03
   8.7572900e-03
   2.7107900e-03
  -8.1609100e-03
  -2.0454500e-02
  -2.9712900e-02
  -3.2685600e-02
  -2.9176000e-02
  -2.2232800e-02
  -1.6129900e-02
  -1.3560300e-02
  -1.4435900e-02
  -1.6773700e-02
  -1.8490500e-02
  -1.8579300e-02
  -1.7224000e-02
  -1.5470000e-02
  -1.4936900e-02
  -1.7484600e-02
  -2.4442600e-02
  -3.5779200e-02
  -4.9845600e-02
  -6.3934000e-02
  -7.5646000e-02
  -8.4204300e-02
  -9.0722100e-02
  -9.7224200e-02
  -1.0505500e-01
  -1.1395700e-01
  -1.2249200e-01
  -1.2920000e-01
  -1.3347600e-01
  -1.3567800e-01
  -1.3660000e-01
  -1.3681000e-01
  -1.3628300e-01
  -1.3447400e-01
  -1.3068500e-01
  -1.2448100e-01
  -1.1592200e-01
  -1.0564900e-01
  -9.4858700e-02
  -8.4926800e-02
  -7.6795400e-02
  -7.0616800e-02
  -6.5786300e-02
  -6.1390400e-02
  -5.6791500e-02
  -5.1920200e-02
  -4.7059700e-02
  -4.2358400e-02
  -3.7671200e-02
  -3.2992200e-02
  -2.9047900e-02
  -2.7268300e-02
  -2.8865000e-02
  -3.3758900e-02
  -4.0229300e-02
  -4.5717800e-02
  -4.8296500e-02
  -4.7887800e-02
  -4.6406000e-02
  -4.6521200e-02
  -4.9847700e-02
  -5.6044800e-02
  -6.3311000e-02
  -6.9717100e-02
  -7.4064400e-02
  -7.5724000e-02
  -7.4057100e-02
  -6.8183800e-02
  -5.7452800e-02
  -4.2232400e-02
  -2.4387700e-02
  -7.0859900e-03
   6.4782600e-03
   1.5115700e-02
   2.0589300e-02
   2.6342200e-02
   3.5029600e-02
   4.6804200e-02
   5.9646500e-02
   7.1041600e-02
   7.9520100e-02
   8.4881900e-02
   8.7375400e-02
   8.7009300e-02
   8.3641400e-02
   7.7618800e-02
   7.0008800e-02
   6.2194800e-02
   5.5170600e-02
   4.9156900e-02
   4.3810500e-02
   3.8706700e-02
   3.3608400e-02
   2.8388900e-02
   2.2848500e-02
   1.6659800e-02
   9.5424100e-03
   1.5248900e-03
  -6.8352100e-03
  -1.4419900e-02
  -1.9867700e-02
  -2.2136400e-02
  -2.0800600e-02
  -1.5955000e-02
  -8.1204200e-03
   1.6763500e-03
   1.2112600e-02
   2.2030600e-02
   3.0724500e-02
   3.7886100e-02
   4.3540200e-02
   4.8245100e-02
   5.3053300e-02
   5.8916200e-02
   6.5872100e-02
   7.2829600e-02
   7.8357400e-02
   8.1731300e-02
   8.3399800e-02
   8.4526600e-02
   8.5853500e-02
   8.6948000e-02
   8.6411700e-02
   8.2748700e-02
   7.5164900e-02
   6.3947500e-02
   5.0391100e-02
   3.6308600e-02
   2.3361200e-02
   1.2261000e-02
   2.1843300e-03
  -8.9199900e-03
  -2.2751600e-02
  -3.8968700e-02
  -5.5198200e-02
  -6.8827300e-02
  -7.8849600e-02
  -8.6077400e-02
  -9.1914400e-02
  -9.7223800e-02
  -1.0223200e-01
  -1.0696800e-01
  -1.1156100e-01
  -1.1633800e-01
  -1.2189700e-01
  -1.2912400e-01
  -1.3894800e-01
  -1.5142200e-01
  -1.6505000e-01
  -1.7716700e-01
  -1.8536100e-01
  -1.8873400e-01
  -1.8796700e-01
  -1.8456500e-01
  -1.8013500e-01
  -1.7591000e-01
  -1.7243300e-01
  -1.6939400e-01
  -1.6582600e-01
  -1.6090200e-01
  -1.5472500e-01
  -1.4824900e-01
  -1.4233100e-01
  -1.3694300e-01
  -1.3125500e-01
  -1.2441100e-01
  -1.1605000e-01
  -1.0625700e-01
  -9.5328200e-02
  -8.3768400e-02
  -7.2296800e-02
  -6.1538900e-02
  -5.1604300e-02
  -4.2035600e-02
  -3.2302400e-02
  -2.2245900e-02
  -1.1954400e-02
  -1.3821800e-03
   9.7635000e-03
   2.1804400e-02
   3.4973600e-02
   4.9186900e-02
   6.3731400e-02
   7.7349400e-02
   8.8739800e-02
   9.7115000e-02
   1.0233100e-01
   1.0466300e-01
   1.0448900e-01
   1.0197900e-01
   9.6918200e-02
   8.8631000e-02
   7.6040200e-02
   5.8205900e-02
   3.4891000e-02
   6.6254200e-03
  -2.5231700e-02
  -5.8144300e-02
  -8.8685100e-02
  -1.1401100e-01
  -1.3295900e-01
  -1.4533900e-01
  -1.5036200e-01
  -1.4647800e-01
  -1.3323200e-01
  -1.1331700e-01
  -9.2372400e-02
  -7.6325800e-02
  -6.8624700e-02
  -6.9279200e-02
  -7.5969100e-02
  -8.5844700e-02
  -9.6705100e-02
  -1.0710600e-01
  -1.1589000e-01
  -1.2202500e-01
  -1.2472500e-01
  -1.2360500e-01
  -1.1880900e-01
  -1.1108900e-01
  -1.0154300e-01
  -9.0981900e-02
  -7.9297400e-02
  -6.5473800e-02
  -4.8242100e-02
  -2.6625100e-02
  -3.0004800e-04
   3.0124800e-02
   6.3216400e-02
   9.6861000e-02
   1.2798800e-01
   1.5267600e-01
   1.6747000e-01
   1.7157900e-01
   1.6831700e-01
   1.6401000e-01
   1.6475200e-01
   1.7301300e-01
   1.8629300e-01
   1.9840100e-01
   2.0251000e-01
   1.9475500e-01
   1.7692200e-01
   1.5631500e-01
   1.4200800e-01
   1.3911000e-01
   1.4517800e-01
   1.5235500e-01
   1.5370200e-01
   1.4814600e-01
   1.4066900e-01
   1.3887200e-01
   1.4779900e-01
   1.6492400e-01
   1.8012000e-01
   1.8382800e-01
   1.7702400e-01
   1.7135100e-01
   1.7839200e-01
   1.9960700e-01
   2.2625600e-01
   2.4649800e-01
   2.5181300e-01
   2.4058800e-01
   2.1988600e-01
   2.0311900e-01
   2.0156200e-01
   2.1578600e-01
   2.3620800e-01
   2.5159600e-01
   2.5620400e-01
   2.5069600e-01
   2.3954900e-01
   2.2828900e-01
   2.2107400e-01
   2.1918600e-01
   2.2141800e-01
   2.2556500e-01
   2.2941600e-01
   2.3103300e-01
   2.2939900e-01
   2.2520500e-01
   2.2067200e-01
   2.1843000e-01
   2.2024900e-01
   2.2620400e-01
   2.3456600e-01
   2.4234500e-01
   2.4637000e-01
   2.4464500e-01
   2.3748700e-01
   2.2767900e-01
   2.1919500e-01
   2.1555100e-01
   2.1851900e-01
   2.2732100e-01
   2.3863900e-01
   2.4785100e-01
   2.5133600e-01
   2.4838100e-01
   2.4117600e-01
   2.3314500e-01
   2.2713900e-01
   2.2469100e-01
   2.2622200e-01
   2.3136900e-01
   2.3892700e-01
   2.4681000e-01
   2.5257700e-01
   2.5441000e-01
   2.5171000e-01
   2.4494300e-01
   2.3522800e-01
   2.2401200e-01
   2.1266300e-01
   2.0173700e-01
   1.9024800e-01
   1.7577700e-01
   1.5563900e-01
   1.2866600e-01
   9.6547100e-02
   6.3627000e-02
   3.4916900e-02
   1.3494100e-02
  -8.7731900e-04
  -1.0965900e-02
  -2.0203600e-02
  -3.1113500e-02
  -4.4551400e-02
  -5.9446000e-02
  -7.3368000e-02
  -8.4059000e-02
  -9.0974300e-02
  -9.5448400e-02
  -9.9492900e-02
  -1.0447100e-01
  -1.1082600e-01
  -1.1866400e-01
  -1.2847800e-01
  -1.4108200e-01
  -1.5676800e-01
  -1.7475300e-01
  -1.9343900e-01
  -2.1087600e-01
  -2.2521500e-01
  -2.3524900e-01
  -2.4097100e-01
  -2.4371000e-01
  -2.4558300e-01
  -2.4826700e-01
  -2.5202600e-01
  -2.5602700e-01
  -2.5995000e-01
  -2.6522300e-01
  -2.7417800e-01
  -2.8739200e-01
  -3.0222900e-01
  -3.1447600e-01
  -3.2145500e-01
  -3.2345300e-01
  -3.2275000e-01
  -3.2173600e-01
  -3.2179300e-01
  -3.2310000e-01
  -3.2499500e-01
  -3.2665000e-01
  -3.2783500e-01
  -3.2930600e-01
  -3.3223000e-01
  -3.3710000e-01
  -3.4337900e-01
  -3.5004900e-01
  -3.5630800e-01
  -3.6146600e-01
  -3.6442100e-01
  -3.6402700e-01
  -3.6023500e-01
  -3.5463200e-01
  -3.4953200e-01
  -3.4639900e-01
  -3.4506100e-01
  -3.4406000e-01
  -3.4161300e-01
  -3.3642200e-01
  -3.2791200e-01
  -3.1631700e-01
  -3.0267800e-01
  -2.8850100e-01
  -2.7483800e-01
  -2.6160200e-01
  -2.4795700e-01
  -2.3306500e-01
  -2.1633400e-01
  -1.9742000e-01
  -1.7652700e-01
  -1.5477600e-01
  -1.3372200e-01
  -1.1434400e-01
  -9.6574600e-02
  -7.9793200e-02
  -6.3647600e-02
  -4.8362600e-02
  -3.4322300e-02
  -2.1531300e-02
  -9.4830600e-03
   2.4594100e-03
   1.4660700e-02
   2.7540500e-02
   4.1997200e-02
   5.8826000e-02
   7.7767300e-02
   9.7285900e-02
   1.1547900e-01
   1.3119600e-01
   1.4436900e-01
   1.5565400e-01
   1.6590200e-01
   1.7575800e-01
   1.8548500e-01
   1.9497300e-01
   2.0381000e-01
   2.1146000e-01
   2.1745500e-01
   2.2164500e-01
   2.2457300e-01
   2.2761400e-01
   2.3250600e-01
   2.4045300e-01
   2.5141000e-01
   2.6402800e-01
   2.7622900e-01
   2.8611800e-01
   2.9260500e-01
   2.9519800e-01
   2.9319500e-01
   2.8546900e-01
   2.7153800e-01
   2.5262800e-01
   2.3135300e-01
   2.1032900e-01
   1.9094000e-01
   1.7293600e-01
   1.5460800e-01
   1.3373500e-01
   1.0938700e-01
   8.3385100e-02
   5.9787100e-02
   4.2598800e-02
   3.3464400e-02
   3.0989600e-02
   3.1720700e-02
   3.1581200e-02
   2.7222300e-02
   1.7130300e-02
   1.7451900e-03
  -1.7289300e-02
  -3.7534100e-02
  -5.5908200e-02
  -6.9941100e-02
  -7.9600400e-02
  -8.7599500e-02
  -9.7148300e-02
  -1.0907500e-01
  -1.2095400e-01
  -1.2899500e-01
  -1.3085500e-01
  -1.2720500e-01
  -1.2121400e-01
  -1.1686000e-01
  -1.1717800e-01
  -1.2310900e-01
  -1.3330100e-01
  -1.4464900e-01
  -1.5351600e-01
  -1.5727400e-01
  -1.5524200e-01
  -1.4881400e-01
  -1.4073700e-01
  -1.3380200e-01
  -1.2969700e-01
  -1.2872900e-01
  -1.3036300e-01
  -1.3395900e-01
  -1.3902700e-01
  -1.4500700e-01
  -1.5116700e-01
  -1.5689600e-01
  -1.6189200e-01
  -1.6593700e-01
  -1.6886500e-01
  -1.7085700e-01
  -1.7268500e-01
  -1.7550800e-01
  -1.8011100e-01
  -1.8626400e-01
  -1.9261800e-01
  -1.9728900e-01
  -1.9896000e-01
  -1.9784200e-01
  -1.9581100e-01
  -1.9538600e-01
  -1.9808500e-01
  -2.0334300e-01
  -2.0889300e-01
  -2.1226200e-01
  -2.1223800e-01
  -2.0925400e-01
  -2.0478300e-01
  -2.0049000e-01
  -1.9758200e-01
  -1.9647300e-01
  -1.9689000e-01
  -1.9845600e-01
  -2.0115800e-01
  -2.0542300e-01
  -2.1185700e-01
  -2.2072000e-01
  -2.3135400e-01
  -2.4196600e-01
  -2.5015500e-01
  -2.5400000e-01
  -2.5293300e-01
  -2.4778500e-01
  -2.4027300e-01
  -2.3261800e-01
  -2.2721000e-01
  -2.2603700e-01
  -2.3000300e-01
  -2.3845500e-01
  -2.4920600e-01
  -2.5926500e-01
  -2.6581800e-01
  -2.6711200e-01
  -2.6298100e-01
  -2.5455900e-01
  -2.4347400e-01
  -2.3109200e-01
  -2.1839600e-01
  -2.0652800e-01
  -1.9706600e-01
  -1.9133300e-01
  -1.8918800e-01
  -1.8861700e-01
  -1.8668800e-01
  -1.8105700e-01
  -1.7086100e-01
  -1.5672200e-01
  -1.4054400e-01
  -1.2536800e-01
  -1.1449700e-01
  -1.0968300e-01
  -1.0971600e-01
  -1.1088000e-01
  -1.0925700e-01
  -1.0288300e-01
  -9.2127300e-02
  -7.8406400e-02
  -6.2620500e-02
  -4.4572700e-02
  -2.3614100e-02
   1.8208100e-04
   2.5321500e-02
   4.9527900e-02
   7.1130400e-02
   8.9599800e-02
   1.0442800e-01
   1.1404900e-01
   1.1652700e-01
   1.1122300e-01
   9.9288900e-02
   8.2746400e-02
   6.3715700e-02
   4.4736000e-02
   2.9042900e-02
   1.9620400e-02
   1.7375700e-02
   2.0095300e-02
   2.3492600e-02
   2.4114800e-02
   2.1612400e-02
   1.8401300e-02
   1.7316100e-02
   1.9276800e-02
   2.2763100e-02
   2.5016100e-02
   2.3586400e-02
   1.7215800e-02
   6.1129000e-03
  -8.3064800e-03
  -2.3959500e-02
  -3.8723100e-02
  -5.1077300e-02
  -6.0528400e-02
  -6.7523100e-02
  -7.2789100e-02
  -7.6678000e-02
  -7.9096700e-02
  -7.9878700e-02
  -7.8953900e-02
  -7.6121300e-02
  -7.1071800e-02
  -6.3965600e-02
  -5.5803700e-02
  -4.7971200e-02
  -4.1356700e-02
  -3.5835900e-02
  -3.0645700e-02
  -2.5196600e-02
  -1.9486600e-02
  -1.3983500e-02
  -9.1757400e-03
  -5.1364300e-03
  -1.3763100e-03
   2.9144200e-03
   8.3563000e-03
   1.4851900e-02
   2.1597500e-02
   2.7536000e-02
   3.1976700e-02
   3.4973200e-02
   3.7167600e-02
   3.9196400e-02
   4.1140900e-02
   4.2405800e-02
   4.2256500e-02
   4.0491300e-02
   3.7631900e-02
   3.4529000e-02
   3.1799100e-02
   2.9680100e-02
   2.8378300e-02
   2.8322000e-02
   2.9959000e-02
   3.3472100e-02
   3.8722200e-02
   4.5404500e-02
   5.3147300e-02
   6.1377900e-02
   6.9301100e-02
   7.6077500e-02
   8.1144900e-02
   8.4378500e-02
   8.6001500e-02
   8.6421100e-02
   8.6144400e-02
   8.5557900e-02
   8.4881600e-02
   8.4353700e-02
   8.4403400e-02
   8.5692600e-02
   8.8731900e-02
   9.3432300e-02
   9.9078800e-02
   1.0475700e-01
   1.0977100e-01
   1.1367300e-01
   1.1614000e-01
   1.1699300e-01
   1.1634400e-01
   1.1449600e-01
   1.1163500e-01
   1.0769900e-01
   1.0270000e-01
   9.7124100e-02
   9.1967800e-02
   8.8237500e-02
   8.6190900e-02
   8.5176900e-02
   8.4432700e-02
   8.3873700e-02
   8.3958400e-02
   8.4896500e-02
   8.6312400e-02
   8.7535600e-02
   8.8139900e-02
   8.8067700e-02
   8.7282700e-02
   8.5336000e-02
   8.1553300e-02
   7.5667700e-02
   6.8084600e-02
   5.9763400e-02
   5.2004900e-02
   4.6089900e-02
   4.2816600e-02
   4.2160900e-02
   4.3353500e-02
   4.5453900e-02
   4.7858200e-02
   5.0407900e-02
   5.3152700e-02
   5.6186400e-02
   5.9578700e-02
   6.3182200e-02
   6.6552300e-02
   6.9057100e-02
   7.0230000e-02
   7.0109900e-02
   6.9176400e-02
   6.7948900e-02
   6.6785000e-02
   6.6059500e-02
   6.6325700e-02
   6.8171000e-02
   7.1859300e-02
   7.7032800e-02
   8.2746300e-02
   8.7918300e-02
   9.1773900e-02
   9.4007300e-02
   9.4759500e-02
   9.4429000e-02
   9.3450000e-02
   9.2274100e-02
   9.1342300e-02
   9.0785600e-02
   9.0340000e-02
   8.9756900e-02
   8.9164600e-02
   8.8802800e-02
   8.8507200e-02
   8.7854300e-02
   8.6815400e-02
   8.5969400e-02
   8.5970400e-02
   8.6972700e-02
   8.8757200e-02
   9.1225200e-02
   9.4230900e-02
   9.7076600e-02
   9.8813600e-02
   9.9049100e-02
   9.8159700e-02
   9.6515800e-02
   9.3647700e-02
   8.8484700e-02
   8.0589400e-02
   7.0822700e-02
   6.0771400e-02
   5.1763100e-02
   4.4635400e-02
   4.0046100e-02
   3.8455000e-02
   3.9771800e-02
   4.3283200e-02
   4.8070500e-02
   5.3398000e-02
   5.8663800e-02
   6.3263300e-02
   6.6658200e-02
   6.8585500e-02
   6.9112000e-02
   6.8462500e-02
   6.6998400e-02
   6.5309800e-02
   6.4151900e-02
   6.4093500e-02
   6.5238200e-02
   6.7173600e-02
   6.9242000e-02
   7.0997000e-02
   7.2433700e-02
   7.3987400e-02
   7.6382200e-02
   8.0311300e-02
   8.6162900e-02
   9.3844400e-02
   1.0284700e-01
   1.1249000e-01
   1.2203600e-01
   1.3077200e-01
   1.3812600e-01
   1.4379100e-01
   1.4776200e-01
   1.5023800e-01
   1.5158100e-01
   1.5223600e-01
   1.5279700e-01
   1.5408400e-01
   1.5678900e-01
   1.6098500e-01
   1.6604700e-01
   1.7113700e-01
   1.7567300e-01
   1.7943600e-01
   1.8238300e-01
   1.8456400e-01
   1.8621500e-01
   1.8790100e-01
   1.9032000e-01
   1.9385700e-01
   1.9834100e-01
   2.0317500e-01
   2.0767300e-01
   2.1126800e-01
   2.1355100e-01
   2.1430800e-01
   2.1352600e-01
   2.1127900e-01
   2.0772300e-01
   2.0312800e-01
   1.9790800e-01
   1.9267300e-01
   1.8820400e-01
   1.8521000e-01
   1.8414800e-01
   1.8509400e-01
   1.8778300e-01
   1.9170700e-01
   1.9601800e-01
   1.9949200e-01
   2.0070000e-01
   1.9824600e-01
   1.9081900e-01
   1.7708300e-01
   1.5597000e-01
   1.2755200e-01
   9.3884900e-02
   5.9082700e-02
   2.8199100e-02
   5.4211700e-03
  -7.3431900e-03
  -1.0698100e-02
  -6.8945400e-03
   1.1883300e-03
   1.0679100e-02
   1.9067900e-02
   2.4553500e-02
   2.6428400e-02
   2.5151900e-02
   2.1994300e-02
   1.8439400e-02
   1.5654300e-02
   1.4411000e-02
   1.5212400e-02
   1.8256600e-02
   2.3320500e-02
   2.9647700e-02
   3.5976400e-02
   4.0864600e-02
   4.3240800e-02
   4.3019700e-02
   4.1277600e-02
   3.9682800e-02
   3.9469100e-02
   4.0741900e-02
   4.2573100e-02
   4.3665000e-02
   4.3032500e-02
   4.0321300e-02
   3.5687400e-02
   2.9604800e-02
   2.2775600e-02
   1.6000000e-02
   9.9785800e-03
   5.1510700e-03
   1.6330400e-03
  -6.9615100e-04
  -2.0559300e-03
  -2.6083500e-03
  -2.5438900e-03
  -2.2538900e-03
  -2.4502700e-03
  -4.0516000e-03
  -7.7356100e-03
  -1.3533000e-02
  -2.0737300e-02
  -2.7950600e-02
  -3.3410900e-02
  -3.5744400e-02
  -3.4726400e-02
  -3.1298400e-02
  -2.6722600e-02
  -2.1782400e-02
  -1.6844400e-02
  -1.2316900e-02
  -8.6695200e-03
  -6.0235500e-03
  -3.9055900e-03
  -1.5692200e-03
   1.2362200e-03
   3.5407300e-03
   3.2747500e-03
  -1.3575400e-03
  -1.0246600e-02
  -2.0889800e-02
  -2.9616700e-02
  -3.3738500e-02
  -3.3138800e-02
  -3.0449300e-02
  -2.9755700e-02
  -3.4289500e-02
  -4.4316700e-02
  -5.6865100e-02
  -6.7768900e-02
  -7.4408200e-02
  -7.6585600e-02
  -7.5255900e-02
  -7.1185700e-02
  -6.4810500e-02
  -5.6479500e-02
  -4.6280300e-02
  -3.4236900e-02
  -2.1391200e-02
  -1.0072600e-02
  -2.1933200e-03
   2.8368900e-03
   7.8886400e-03
   1.5437200e-02
   2.5265100e-02
   3.4842900e-02
   4.1814200e-02
   4.6023000e-02
   4.9249000e-02
   5.3095400e-02
   5.7458500e-02
   6.1151600e-02
   6.3665700e-02
   6.5882100e-02
   6.9096400e-02
   7.3812800e-02
   7.9680500e-02
   8.6160400e-02
   9.2830200e-02
   9.9186500e-02
   1.0444000e-01
   1.0763500e-01
   1.0811900e-01
   1.0602200e-01
   1.0237200e-01
   9.8543900e-02
   9.5361500e-02
   9.2670500e-02
   8.9934900e-02
   8.7213300e-02
   8.5400200e-02
   8.5470100e-02
   8.7713700e-02
   9.1484500e-02
   9.5098300e-02
   9.6051400e-02
   9.2151300e-02
   8.3121200e-02
   7.1077300e-02
   5.8947800e-02
   4.8203800e-02
   3.8059500e-02
   2.6678200e-02
   1.2828100e-02
  -3.5664300e-03
  -2.1705200e-02
  -3.9831200e-02
  -5.5191700e-02
  -6.5419100e-02
  -7.0829300e-02
  -7.4604700e-02
  -8.0305500e-02
  -8.9384400e-02
  -1.0083700e-01
  -1.1252100e-01
  -1.2260500e-01
  -1.3042100e-01
  -1.3669400e-01
  -1.4296000e-01
  -1.5052200e-01
  -1.5962700e-01
  -1.6955300e-01
  -1.7939800e-01
  -1.8882100e-01
  -1.9804800e-01
  -2.0719800e-01
  -2.1580600e-01
  -2.2307700e-01
  -2.2865500e-01
  -2.3322100e-01
  -2.3821600e-01
  -2.4474600e-01
  -2.5256500e-01
  -2.6024900e-01
  -2.6626700e-01
  -2.6983900e-01
  -2.7089600e-01
  -2.6945000e-01
  -2.6543900e-01
  -2.5917400e-01
  -2.5152000e-01
  -2.4342300e-01
  -2.3536500e-01
  -2.2737100e-01
  -2.1938800e-01
  -2.1151000e-01
  -2.0402300e-01
  -1.9731900e-01
  -1.9176600e-01
  -1.8733500e-01
  -1.8307700e-01
  -1.7713700e-01
  -1.6754800e-01
  -1.5331700e-01
  -1.3486200e-01
  -1.1332700e-01
  -8.9828700e-02
  -6.5385500e-02
  -4.1171000e-02
  -1.8485200e-02
   1.6145900e-03
   1.8824800e-02
   3.3798100e-02
   4.7572700e-02
   6.0582200e-02
   7.2210800e-02
   8.1360400e-02
   8.7260000e-02
   8.9642400e-02
   8.8477100e-02
   8.3783200e-02
   7.5834500e-02
   6.5433600e-02
   5.3909500e-02
   4.2816800e-02
   3.3479200e-02
   2.6735900e-02
   2.2853200e-02
   2.1675000e-02
   2.2804200e-02
   2.5775900e-02
   3.0110600e-02
   3.5260900e-02
   4.0564500e-02
   4.5353700e-02
   4.9088000e-02
   5.1387800e-02
   5.2152000e-02
   5.1609200e-02
   4.9903800e-02
   4.6413000e-02
   3.9608000e-02
   2.8371600e-02
   1.3779300e-02
  -6.0927600e-04
  -1.0532600e-02
  -1.3574400e-02
  -1.0721700e-02
  -6.3798700e-03
  -6.3728100e-03
  -1.4093200e-02
  -2.7740600e-02
  -4.1801600e-02
  -5.1744900e-02
  -5.7447000e-02
  -6.2408100e-02
  -7.0226200e-02
  -8.1622100e-02
  -9.3975400e-02
  -1.0325100e-01
  -1.0696100e-01
  -1.0595400e-01
  -1.0365900e-01
  -1.0331300e-01
  -1.0529700e-01
  -1.0699100e-01
  -1.0542700e-01
  -9.9957800e-02
  -9.2332200e-02
  -8.4542700e-02
  -7.7096400e-02
  -6.9312300e-02
  -6.0749000e-02
  -5.2027500e-02
  -4.4327900e-02
  -3.8387200e-02
  -3.4097100e-02
  -3.0781100e-02
  -2.7650800e-02
  -2.3924500e-02
  -1.8664000e-02
  -1.0834600e-02
   1.3809000e-04
   1.3910800e-02
   2.9480900e-02
   4.5753100e-02
   6.1707500e-02
   7.6355700e-02
   8.9015600e-02
   9.9803400e-02
   1.0949900e-01
   1.1893300e-01
   1.2853600e-01
   1.3861100e-01
   1.4976400e-01
   1.6255200e-01
   1.7666100e-01
   1.9065600e-01
   2.0256900e-01
   2.1082000e-01
   2.1472900e-01
   2.1444300e-01
   2.1078200e-01
   2.0516800e-01
   1.9923400e-01
   1.9422000e-01
   1.9081300e-01
   1.8959900e-01
   1.9140600e-01
   1.9591700e-01
   1.9953400e-01
   1.9617600e-01
   1.8225100e-01
   1.6129800e-01
   1.4257400e-01
   1.3439600e-01
   1.3883400e-01
   1.5193800e-01
   1.6745400e-01
   1.7947800e-01
   1.8310800e-01
   1.7550600e-01
   1.5728900e-01
   1.3185900e-01
   1.0303800e-01
   7.4027200e-02
   4.8190900e-02
   2.8984500e-02
   1.8344500e-02
   1.5762300e-02
   1.9215500e-02
   2.6451500e-02
   3.5329900e-02
   4.4085900e-02
   5.1951300e-02
   5.8978200e-02
   6.4802000e-02
   6.8224000e-02
   6.8474400e-02
   6.6435100e-02
   6.4257300e-02
   6.3936300e-02
   6.6172900e-02
   7.0323700e-02
   7.5128200e-02
   7.9404800e-02
   8.2338600e-02
   8.3667100e-02
   8.3903400e-02
   8.4008000e-02
   8.4214200e-02
   8.3343200e-02
   7.9953000e-02
   7.4201200e-02
   6.8186000e-02
   6.4326500e-02
   6.3382400e-02
   6.3879000e-02
   6.3136200e-02
   5.8849000e-02
   5.0197000e-02
   3.7891100e-02
   2.3425900e-02
   7.9559500e-03
  -8.5604700e-03
  -2.7269800e-02
  -4.9159000e-02
  -7.3629700e-02
  -9.8425400e-02
  -1.2106300e-01
  -1.4017200e-01
  -1.5563300e-01
  -1.6800300e-01
  -1.7796800e-01
  -1.8611100e-01
  -1.9301800e-01
  -1.9931700e-01
  -2.0539500e-01
  -2.1108700e-01
  -2.1579700e-01
  -2.1890500e-01
  -2.1997700e-01
  -2.1859200e-01
  -2.1434600e-01
  -2.0754500e-01
  -1.9975100e-01
  -1.9318600e-01
  -1.8926200e-01
  -1.8768400e-01
  -1.8684000e-01
  -1.8496600e-01
  -1.8100900e-01
  -1.7475500e-01
  -1.6645200e-01
  -1.5641800e-01
  -1.4467600e-01
  -1.3090200e-01
  -1.1475100e-01
  -9.6364400e-02
  -7.6659800e-02
  -5.7091400e-02
  -3.9133800e-02
  -2.4030700e-02
  -1.2606600e-02
  -4.9610400e-03
  -3.4229400e-04
   2.4966500e-03
   4.4165300e-03
   5.3709900e-03
   4.8735000e-03
   2.8517900e-03
  -5.3414600e-05
  -2.9898900e-03
  -5.4706400e-03
  -7.4701600e-03
  -9.1356500e-03
  -1.0467700e-02
  -1.1217100e-02
  -1.1068000e-02
  -9.9007500e-03
  -7.9824600e-03
  -5.9155200e-03
  -4.2824100e-03
  -3.3001000e-03
  -2.8913600e-03
  -2.9962800e-03
  -3.7930100e-03
  -5.5760300e-03
  -8.5272100e-03
  -1.2637600e-02
  -1.7695900e-02
  -2.3206600e-02
  -2.8300500e-02
  -3.1842100e-02
  -3.2760700e-02
  -3.0378500e-02
  -2.4657500e-02
  -1.6377600e-02
  -7.0684600e-03
   1.5090300e-03
   8.1604200e-03
   1.2736000e-02
   1.5814000e-02
   1.8014600e-02
   1.9686100e-02
   2.1022900e-02
   2.2294900e-02
   2.3880200e-02
   2.6136700e-02
   2.9250000e-02
   3.3324600e-02
   3.8519700e-02
   4.4730200e-02
   5.0835200e-02
   5.4559400e-02
   5.3958100e-02
   4.9510300e-02
   4.4450200e-02
   4.2619600e-02
   4.6179300e-02
   5.4936300e-02
   6.6747000e-02
   7.7913300e-02
   8.4308800e-02
   8.3830800e-02
   7.8359600e-02
   7.2591300e-02
   7.0334800e-02
   7.1873500e-02
   7.4426000e-02
   7.4746600e-02
   7.1573700e-02
   6.6245300e-02
   6.1276000e-02
   5.8346500e-02
   5.7341800e-02
   5.6967400e-02
   5.6022300e-02
   5.4133500e-02
   5.1610800e-02
   4.9014600e-02
   4.6795500e-02
   4.5185700e-02
   4.4524500e-02
   4.5412300e-02
   4.8240300e-02
   5.2387500e-02
   5.6065300e-02
   5.7186600e-02
   5.4625100e-02
   4.8899900e-02
   4.1633200e-02
   3.4256700e-02
   2.6958300e-02
   1.8637100e-02
   8.0378300e-03
  -5.0338700e-03
  -1.9462100e-02
  -3.3498400e-02
  -4.5771400e-02
  -5.5958100e-02
  -6.4808600e-02
  -7.3479700e-02
  -8.2717800e-02
  -9.2503500e-02
  -1.0227500e-01
  -1.1148800e-01
  -1.2002000e-01
  -1.2811200e-01
  -1.3599800e-01
  -1.4369300e-01
  -1.5104800e-01
  -1.5756500e-01
  -1.6217200e-01
  -1.6357700e-01
  -1.6114800e-01
  -1.5560900e-01
  -1.4873800e-01
  -1.4219200e-01
  -1.3649100e-01
  -1.3102800e-01
  -1.2489800e-01
  -1.1743100e-01
  -1.0791100e-01
  -9.5169400e-02
  -7.8060500e-02
  -5.6701700e-02
  -3.3194000e-02
  -1.0977100e-02
   6.7818600e-03
   1.8659600e-02
   2.4985900e-02
   2.6518500e-02
   2.3376000e-02
   1.5220500e-02
   2.2902800e-03
  -1.3820400e-02
  -3.0007100e-02
  -4.2379100e-02
  -4.7767400e-02
  -4.5210000e-02
  -3.6200700e-02
  -2.3498900e-02
  -9.6847600e-03
   3.5268700e-03
   1.5334800e-02
   2.5586400e-02
   3.4211200e-02
   4.0840700e-02
   4.5060800e-02
   4.7016500e-02
   4.7563800e-02
   4.7677300e-02
   4.7819000e-02
   4.7825100e-02
   4.7176600e-02
   4.5417100e-02
   4.2485000e-02
   3.8836300e-02
   3.5205200e-02
   3.2308700e-02
   3.0529600e-02
   2.9779200e-02
   2.9603600e-02
   2.9427700e-02
   2.8916700e-02
   2.8101500e-02
   2.7318600e-02
   2.7012000e-02
   2.7429600e-02
   2.8326000e-02
   2.8822800e-02
   2.7990500e-02
   2.5852300e-02
   2.3727700e-02
   2.3250200e-02
   2.5129700e-02
   2.8899600e-02
   3.3464400e-02
   3.7528700e-02
   3.9577000e-02
   3.8188700e-02
   3.3002600e-02
   2.5385800e-02
   1.7736200e-02
   1.1867500e-02
   8.0935900e-03
   5.6378300e-03
   3.6459600e-03
   1.7688300e-03
   1.4696700e-04
  -8.5109100e-04
  -9.1171200e-04
  -1.0504400e-04
   9.3297800e-04
   1.3985900e-03
   9.9808000e-04
   2.0797100e-04
  -2.3198400e-04
   1.6807900e-05
   6.5772200e-04
   1.1592300e-03
   1.3843800e-03
   1.6191300e-03
   2.0271700e-03
   2.3500400e-03
   2.3353800e-03
   2.1685400e-03
   2.2184900e-03
   2.3330000e-03
   1.6413400e-03
  -7.3257800e-04
  -4.7865600e-03
  -9.4851200e-03
  -1.3379400e-02
  -1.5599900e-02
  -1.6458300e-02
  -1.7214400e-02
  -1.9197900e-02
  -2.2880300e-02
  -2.7657300e-02
  -3.2462900e-02
  -3.6557500e-02
  -4.0007700e-02
  -4.3407700e-02
  -4.7144700e-02
  -5.1065500e-02
  -5.4717900e-02
  -5.7741200e-02
  -6.0012600e-02
  -6.1408200e-02
  -6.1718300e-02
  -6.0915000e-02
  -5.9354900e-02
  -5.7491700e-02
  -5.5486100e-02
  -5.3167600e-02
  -5.0359200e-02
  -4.7207800e-02
  -4.4129900e-02
  -4.1464900e-02
  -3.9209000e-02
  -3.7146200e-02
  -3.5142200e-02
  -3.3264900e-02
  -3.1693900e-02
  -3.0678000e-02
  -3.0513200e-02
  -3.1388800e-02
  -3.3265300e-02
  -3.5918400e-02
  -3.9110000e-02
  -4.2699800e-02
  -4.6644000e-02
  -5.0822400e-02
  -5.5035800e-02
  -5.9047400e-02
  -6.2608000e-02
  -6.5563700e-02
  -6.7910500e-02
  -6.9760100e-02
  -7.1285300e-02
  -7.2722600e-02
  -7.4225400e-02
  -7.5827800e-02
  -7.7456800e-02
  -7.8952500e-02
  -8.0166400e-02
  -8.0907800e-02
  -8.0890300e-02
  -7.9858400e-02
  -7.7665300e-02
  -7.4319200e-02
  -6.9974200e-02
  -6.4790700e-02
  -5.8882400e-02
  -5.2398600e-02
  -4.5554600e-02
  -3.8534600e-02
  -3.1377800e-02
  -2.4032900e-02
  -1.6555800e-02
  -9.1862000e-03
  -2.2794600e-03
   3.8779900e-03
   9.3156600e-03
   1.4327300e-02
   1.9204900e-02
   2.3967700e-02
   2.8357500e-02
   3.2105000e-02
   3.5139200e-02
   3.7698800e-02
   4.0108100e-02
   4.2543900e-02
   4.5038900e-02
   4.7594400e-02
   5.0331000e-02
   5.3296100e-02
   5.6268700e-02
   5.8867300e-02
   6.0782000e-02
   6.1951100e-02
   6.2537200e-02
   6.2768100e-02
   6.2890300e-02
   6.3209200e-02
   6.4028700e-02
   6.5569800e-02
   6.7981900e-02
   7.1251000e-02
   7.5138100e-02
   7.9250200e-02
   8.3217600e-02
   8.6738500e-02
   8.9589300e-02
   9.1662400e-02
   9.3039100e-02
   9.3955100e-02
   9.4647200e-02
   9.5169100e-02
   9.5295500e-02
   9.4710800e-02
   9.3110900e-02
   9.0271000e-02
   8.6233600e-02
   8.1393000e-02
   7.6388600e-02
   7.1756300e-02
   6.7317600e-02
   6.2023500e-02
   5.4780600e-02
   4.5608700e-02
   3.5871500e-02
   2.7200900e-02
   2.0416000e-02
   1.5490400e-02
   1.2013000e-02
   9.4151800e-03
   7.1169800e-03
   4.8846500e-03
   2.9540400e-03
   1.5626500e-03
   2.7733500e-04
  -2.0862500e-03
  -6.4976100e-03
  -1.2736500e-02
  -1.9376600e-02
  -2.4675300e-02
  -2.7601800e-02
  -2.8147600e-02
  -2.7125100e-02
  -2.5710500e-02
  -2.4758200e-02
  -2.4239400e-02
  -2.3368200e-02
  -2.1529300e-02
  -1.9059100e-02
  -1.7107900e-02
  -1.6668700e-02
  -1.7743300e-02
  -1.9610400e-02
  -2.1768000e-02
  -2.4222700e-02
  -2.6895500e-02
  -2.9226000e-02
  -3.0408300e-02
  -3.0117100e-02
  -2.8767300e-02
  -2.6969400e-02
  -2.4993800e-02
  -2.2910100e-02
  -2.1049500e-02
  -2.0089100e-02
  -2.0481200e-02
  -2.1963100e-02
  -2.3697800e-02
  -2.4885000e-02
  -2.5214600e-02
  -2.4953500e-02
  -2.4773100e-02
  -2.5491400e-02
  -2.7808400e-02
  -3.1961300e-02
  -3.7498000e-02
  -4.3553800e-02
  -4.9480600e-02
  -5.5114600e-02
  -6.0510400e-02
  -6.5537300e-02
  -6.9700800e-02
  -7.2281600e-02
  -7.2666700e-02
  -7.0636300e-02
  -6.6627200e-02
  -6.1724600e-02
  -5.7230400e-02
  -5.4154800e-02
  -5.2951700e-02
  -5.3482800e-02
  -5.5034700e-02
  -5.6529900e-02
  -5.7035500e-02
  -5.6212700e-02
  -5.4364600e-02
  -5.2192900e-02
  -5.0591600e-02
  -5.0201000e-02
  -5.0980200e-02
  -5.2211300e-02
  -5.3194500e-02
  -5.3902700e-02
  -5.4910900e-02
  -5.6762100e-02
  -5.9307000e-02
  -6.1629800e-02
  -6.2626400e-02
  -6.1648300e-02
  -5.8776200e-02
  -5.4605600e-02
  -4.9897500e-02
  -4.5203100e-02
  -4.0546700e-02
  -3.5532800e-02
  -2.9792900e-02
  -2.3280300e-02
  -1.6286800e-02
  -9.2522500e-03
  -2.5724700e-03
   3.4928000e-03
   8.8335800e-03
   1.3570600e-02
   1.7967600e-02
   2.2207100e-02
   2.6250100e-02
   2.9923800e-02
   3.3144200e-02
   3.6080200e-02
   3.9005700e-02
   4.2013500e-02
   4.4923800e-02
   4.7490800e-02
   4.9683600e-02
   5.1665000e-02
   5.3626900e-02
   5.5637000e-02
   5.7635700e-02
   5.9573600e-02
   6.1383700e-02
   6.2879400e-02
   6.3791000e-02
   6.3996100e-02
   6.3642500e-02
   6.3057000e-02
   6.2555900e-02
   6.2251900e-02
   6.2080500e-02
   6.1905200e-02
   6.1584700e-02
   6.1106400e-02
   6.0495300e-02
   5.9620900e-02
   5.8150300e-02
   5.5732500e-02
   5.2219700e-02
   4.7712800e-02
   4.2531000e-02
   3.6802100e-02
   2.9951900e-02
   2.0809500e-02
   8.6937900e-03
  -5.5650100e-03
  -1.9478700e-02
  -2.9826600e-02
  -3.4279100e-02
  -3.2713700e-02
  -2.7279800e-02
  -2.1225600e-02
  -1.7147600e-02
  -1.5732100e-02
  -1.5847900e-02
  -1.5766600e-02
  -1.4608600e-02
  -1.2645400e-02
  -1.0296100e-02
  -7.4668000e-03
  -4.0165500e-03
  -3.9911400e-04
   2.7003900e-03
   5.1463300e-03
   7.3320600e-03
   9.5559300e-03
   1.1639600e-02
   1.3227200e-02
   1.4294600e-02
   1.5182400e-02
   1.6259400e-02
   1.7619700e-02
   1.9101300e-02
   2.0604100e-02
   2.2313100e-02
   2.4392600e-02
   2.6611900e-02
   2.8447900e-02
   2.9620700e-02
   3.0370600e-02
   3.1205800e-02
   3.2433600e-02
   3.3863900e-02
   3.5077200e-02
   3.5831400e-02
   3.6218800e-02
   3.6520500e-02
   3.6866700e-02
   3.7095200e-02
   3.6806800e-02
   3.5694900e-02
   3.3717300e-02
   3.1054300e-02
   2.7977300e-02
   2.4711600e-02
   2.1427400e-02
   1.8306100e-02
   1.5408500e-02
   1.2578600e-02
   9.4977200e-03
   5.7949200e-03
   1.0765300e-03
  -4.9375700e-03
  -1.2098500e-02
  -1.9697500e-02
  -2.6719000e-02
  -3.2425900e-02
  -3.6796200e-02
  -4.0302400e-02
  -4.3374900e-02
  -4.6199500e-02
  -4.8885900e-02
  -5.1605200e-02
  -5.4525900e-02
  -5.7627000e-02
  -6.0650800e-02
  -6.3199200e-02
  -6.4838200e-02
  -6.5267200e-02
  -6.4357200e-02
  -6.2119100e-02
  -5.8691800e-02
  -5.4327900e-02
  -4.9294600e-02
  -4.3757300e-02
  -3.7776100e-02
  -3.1475000e-02
  -2.5133100e-02
  -1.9073800e-02
  -1.3503800e-02
  -8.5206400e-03
  -4.2731500e-03
  -1.0515200e-03
   8.6645600e-04
   1.4253000e-03
   7.4892800e-04
  -1.1201100e-03
  -4.2918800e-03
  -8.7017900e-03
  -1.3826700e-02
  -1.8873900e-02
  -2.3202000e-02
  -2.6614100e-02
  -2.9173800e-02
  -3.0932900e-02
  -3.1833800e-02
  -3.1789900e-02
  -3.0858500e-02
  -2.9342300e-02
  -2.7643300e-02
  -2.6076700e-02
  -2.4787700e-02
  -2.3811200e-02
  -2.3155000e-02
  -2.2777500e-02
  -2.2615700e-02
  -2.2663500e-02
  -2.3055800e-02
  -2.3946100e-02
  -2.5342200e-02
  -2.7069200e-02
  -2.8857400e-02
  -3.0434900e-02
  -3.1589900e-02
  -3.2165600e-02
  -3.2005200e-02
  -3.1026300e-02
  -2.9275200e-02
  -2.6920800e-02
  -2.4245800e-02
  -2.1538600e-02
  -1.9050900e-02
  -1.6946800e-02
  -1.5287600e-02
  -1.4056900e-02
  -1.3191100e-02
  -1.2629600e-02
  -1.2319000e-02
  -1.2113000e-02
  -1.1718600e-02
  -1.0922400e-02
  -9.7249500e-03
  -8.2725800e-03
  -6.7129300e-03
  -5.1261200e-03
  -3.6755400e-03
  -2.5683200e-03
  -1.9080100e-03
  -1.5630600e-03
  -1.2466700e-03
  -7.4983200e-04
  -1.3740000e-05
   9.2969900e-04
   2.0300700e-03
   3.2772600e-03
   4.7334400e-03
   6.4959500e-03
   8.6426300e-03
   1.1223500e-02
   1.4197800e-02
   1.7396200e-02
   2.0564200e-02
   2.3380100e-02
   2.5576100e-02
   2.7089200e-02
   2.8044300e-02
   2.8711700e-02
   2.9357400e-02
   3.0050800e-02
   3.0687200e-02
   3.1036000e-02
   3.0826500e-02
   2.9816800e-02
   2.7874500e-02
   2.5109400e-02
   2.1828200e-02
   1.8388400e-02
   1.5039000e-02
   1.1835700e-02
   8.7339500e-03
   5.7228600e-03
   2.8784100e-03
   3.2991300e-04
  -1.8245300e-03
  -3.4585100e-03
  -4.4941300e-03
  -5.0645900e-03
  -5.4876900e-03
  -6.1003800e-03
  -7.0809500e-03
  -8.4051900e-03
  -9.9251800e-03
  -1.1491400e-02
  -1.3116500e-02
  -1.4903100e-02
  -1.6928000e-02
  -1.9143000e-02
  -2.1471000e-02
  -2.3930900e-02
  -2.6542100e-02
  -2.9174000e-02
  -3.1622100e-02
  -3.3668200e-02
  -3.5059800e-02
  -3.5685600e-02
  -3.5720600e-02
  -3.5613000e-02
  -3.5887300e-02
  -3.6730500e-02
  -3.7840700e-02
  -3.8682700e-02
  -3.8824500e-02
  -3.8098700e-02
  -3.6547400e-02
  -3.4312800e-02
  -3.1583000e-02
  -2.8672500e-02
  -2.5986100e-02
  -2.3791400e-02
  -2.1994200e-02
  -2.0226800e-02
  -1.8057900e-02
  -1.5183700e-02
  -1.1629200e-02
  -7.7121900e-03
  -3.8331300e-03
  -3.1957800e-04
   2.4507200e-03
   4.1557400e-03
   4.7582500e-03
   4.4188800e-03
   3.2645800e-03
   1.3603500e-03
  -1.0811700e-03
  -3.5337300e-03
  -5.3237600e-03
  -6.1075400e-03
  -6.1647000e-03
  -6.1754700e-03
  -6.7417300e-03
  -8.0564800e-03
  -9.9458200e-03
  -1.2042300e-02
  -1.3909000e-02
  -1.5068200e-02
  -1.5143900e-02
  -1.3965900e-02
  -1.1692700e-02
  -8.7675200e-03
  -5.6991300e-03
  -2.9250600e-03
  -6.9900500e-04
   9.4073900e-04
   2.0647500e-03
   2.8129900e-03
   3.3634900e-03
   3.9137600e-03
   4.6745800e-03
   5.8367800e-03
   7.4905100e-03
   9.5528900e-03
   1.1726100e-02
   1.3528800e-02
   1.4524300e-02
   1.4561700e-02
   1.3807800e-02
   1.2622600e-02
   1.1361600e-02
   1.0261900e-02
   9.4253700e-03
   8.8030500e-03
   8.3114800e-03
   7.9043000e-03
   7.4694900e-03
   6.9161800e-03
   6.2377400e-03
   5.4749900e-03
   4.7344000e-03
   4.1970700e-03
   4.0345900e-03
   4.3562200e-03
   5.1371100e-03
   6.2342300e-03
   7.4306300e-03
   8.5655100e-03
   9.5942200e-03
   1.0573800e-02
   1.1510300e-02
   1.2343800e-02
   1.3021400e-02
   1.3523600e-02
   1.3921600e-02
   1.4254200e-02
   1.4497700e-02
   1.4647500e-02
   1.4745900e-02
   1.4924300e-02
   1.5324600e-02
   1.5950700e-02
   1.6571800e-02
   1.6786000e-02
   1.6203400e-02
   1.4747300e-02
   1.2764800e-02
   1.0776300e-02
   9.2145500e-03
   8.2064600e-03
   7.5788600e-03
   6.9518300e-03
   5.8908300e-03
   4.1477000e-03
   1.6589600e-03
  -1.5551700e-03
  -5.3705000e-03
  -9.5321000e-03
  -1.3732500e-02
  -1.7760600e-02
  -2.1569200e-02
  -2.5116600e-02
  -2.8234700e-02
  -3.0745200e-02
  -3.2572400e-02
  -3.3772700e-02
  -3.4579100e-02
  -3.5286300e-02
  -3.6083200e-02
  -3.6940000e-02
  -3.7639700e-02
  -3.7874300e-02
  -3.7466900e-02
  -3.6552600e-02
  -3.5416200e-02
  -3.4265100e-02
  -3.3167200e-02
  -3.2088100e-02
  -3.0957900e-02
  -2.9706700e-02
  -2.8304400e-02
  -2.6855700e-02
  -2.5610600e-02
  -2.4874200e-02
  -2.4844300e-02
  -2.5476900e-02
  -2.6448600e-02
  -2.7375100e-02
  -2.8083100e-02
  -2.8673300e-02
  -2.9402100e-02
  -3.0503000e-02
  -3.2025000e-02
  -3.3819800e-02
  -3.5636400e-02
  -3.7308400e-02
  -3.8805400e-02
  -4.0139000e-02
  -4.1316300e-02
  -4.2359000e-02
  -4.3257500e-02
  -4.3983300e-02
  -4.4529700e-02
  -4.4852300e-02
  -4.4864600e-02
  -4.4517000e-02
  -4.3830700e-02
  -4.2876800e-02
  -4.1790100e-02
  -4.0767000e-02
  -3.9987800e-02
  -3.9563200e-02
  -3.9525600e-02
  -3.9874700e-02
  -4.0552600e-02
  -4.1419600e-02
  -4.2328700e-02
  -4.3194400e-02
  -4.3987500e-02
  -4.4782600e-02
  -4.5709100e-02
  -4.6823200e-02
  -4.8095900e-02
  -4.9436100e-02
  -5.0796000e-02
  -5.2086400e-02
  -5.3092500e-02
  -5.3613000e-02
  -5.3599500e-02
  -5.3150000e-02
  -5.2392700e-02
  -5.1359700e-02
  -5.0134200e-02
  -4.8961100e-02
  -4.8044400e-02
  -4.7458100e-02
  -4.7186200e-02
  -4.7155800e-02
  -4.7198500e-02
  -4.7111700e-02
  -4.6832600e-02
  -4.6426100e-02
  -4.5918900e-02
  -4.5327000e-02
  -4.4734000e-02
  -4.4226000e-02
  -4.3793300e-02
  -4.3327700e-02
  -4.2731100e-02
  -4.1980200e-02
  -4.1127400e-02
  -4.0255600e-02
  -3.9444600e-02
  -3.8818200e-02
  -3.8548000e-02
  -3.8806300e-02
  -3.9646600e-02
  -4.0912400e-02
  -4.2312900e-02
  -4.3581200e-02
  -4.4483200e-02
  -4.4849400e-02
  -4.4674400e-02
  -4.3981600e-02
  -4.2724100e-02
  -4.0913100e-02
  -3.8622600e-02
  -3.5966800e-02
  -3.3153900e-02
  -3.0448900e-02
  -2.8077000e-02
  -2.6120500e-02
  -2.4555700e-02
  -2.3347900e-02
  -2.2456400e-02
  -2.1824500e-02
  -2.1349700e-02
  -2.0860800e-02
  -2.0154700e-02
  -1.9054100e-02
  -1.7434900e-02
  -1.5242700e-02
  -1.2509400e-02
  -9.3425900e-03
  -5.9490600e-03
  -2.6378500e-03
   2.6547800e-04
   2.5327400e-03
   4.1479100e-03
   5.2728500e-03
   6.1471600e-03
   6.9359100e-03
   7.6853900e-03
   8.3805500e-03
   9.0640000e-03
   9.8638400e-03
   1.0844800e-02
   1.1938600e-02
   1.3054000e-02
   1.4222900e-02
   1.5521300e-02
   1.6985300e-02
   1.8582400e-02
   2.0275700e-02
   2.2037700e-02
   2.3798700e-02
   2.5488900e-02
   2.7027600e-02
   2.8278300e-02
   2.9094900e-02
   2.9473600e-02
   2.9546100e-02
   2.9539100e-02
   2.9701500e-02
   3.0090600e-02
   3.0573200e-02
   3.1013300e-02
   3.1368500e-02
   3.1650700e-02
   3.1925000e-02
   3.2259200e-02
   3.2618100e-02
   3.2931200e-02
   3.3131700e-02
   3.3153400e-02
   3.3016000e-02
   3.2812200e-02
   3.2619500e-02
   3.2484700e-02
   3.2406600e-02
   3.2325900e-02
   3.2148900e-02
   3.1804000e-02
   3.1253300e-02
   3.0545500e-02
   2.9821200e-02
   2.9192500e-02
   2.8679200e-02
   2.8298700e-02
   2.8022100e-02
   2.7762700e-02
   2.7497900e-02
   2.7249000e-02
   2.6995700e-02
   2.6665600e-02
   2.6163800e-02
   2.5416700e-02
   2.4399000e-02
   2.3177700e-02
   2.1912400e-02
   2.0821600e-02
   2.0151400e-02
   2.0115100e-02
   2.0825300e-02
   2.2194600e-02
   2.4037300e-02
   2.6203600e-02
   2.8507400e-02
   3.0719500e-02
   3.2625600e-02
   3.4157200e-02
   3.5439000e-02
   3.6635000e-02
   3.7868800e-02
   3.9215000e-02
   4.0689000e-02
   4.2303300e-02
   4.4064200e-02
   4.5935500e-02
   4.7892800e-02
   4.9937200e-02
   5.1999600e-02
   5.3972500e-02
   5.5848300e-02
   5.7749900e-02
   5.9835700e-02
   6.2161500e-02
   6.4626200e-02
   6.7011300e-02
   6.9113900e-02
   7.0872100e-02
   7.2356200e-02
   7.3716900e-02
   7.5106300e-02
   7.6644600e-02
   7.8304700e-02
   7.9945200e-02
   8.1454000e-02
   8.2778800e-02
   8.3920800e-02
   8.4839600e-02
   8.5472500e-02
   8.5816400e-02
   8.5977900e-02
   8.6149300e-02
   8.6531800e-02
   8.7249600e-02
   8.8235000e-02
   8.9304800e-02
   9.0239400e-02
   9.0775200e-02
   9.0665700e-02
   8.9829400e-02
   8.8353700e-02
   8.6364700e-02
   8.3980600e-02
   8.1294200e-02
   7.8441200e-02
   7.5632000e-02
   7.2991100e-02
   7.0538000e-02
   6.8300100e-02
   6.6307100e-02
   6.4507300e-02
   6.2808800e-02
   6.1149400e-02
   5.9456300e-02
   5.7665300e-02
   5.5817600e-02
   5.4032000e-02
   5.2398700e-02
   5.1012500e-02
   4.9974300e-02
   4.9282200e-02
   4.8857800e-02
   4.8641700e-02
   4.8603100e-02
   4.8652600e-02
   4.8670400e-02
   4.8543400e-02
   4.8187700e-02
   4.7546800e-02
   4.6585900e-02
   4.5323800e-02
   4.3893000e-02
   4.2480700e-02
   4.1172400e-02
   3.9972200e-02
   3.8863700e-02
   3.7773700e-02
   3.6598200e-02
   3.5262800e-02
   3.3788900e-02
   3.2301400e-02
   3.0993200e-02
   3.0102300e-02
   2.9814600e-02
   3.0108900e-02
   3.0738100e-02
   3.1394400e-02
   3.1811200e-02
   3.1874000e-02
   3.1685400e-02
   3.1466100e-02
   3.1367000e-02
   3.1392200e-02
   3.1471200e-02
   3.1567000e-02
   3.1658600e-02
   3.1714700e-02
   3.1678500e-02
   3.1489300e-02
   3.1151600e-02
   3.0742800e-02
   3.0377300e-02
   3.0173500e-02
   3.0149100e-02
   3.0268600e-02
   3.0446300e-02
   3.0536100e-02
   3.0371400e-02
   2.9875700e-02
   2.9133200e-02
   2.8285700e-02
   2.7442600e-02
   2.6644000e-02
   2.5850800e-02
   2.5061900e-02
   2.4298000e-02
   2.3505400e-02
   2.2614600e-02
   2.1637600e-02
   2.0662200e-02
   1.9792200e-02
   1.9133300e-02
   1.8789100e-02
   1.8835400e-02
   1.9259000e-02
   1.9934300e-02
   2.0692800e-02
   2.1371300e-02
   2.1939400e-02
   2.2422100e-02
   2.2757600e-02
   2.2891200e-02
   2.2883500e-02
   2.2812000e-02
   2.2684500e-02
   2.2456500e-02
   2.2073800e-02
   2.1569200e-02
   2.1085100e-02
   2.0869400e-02
   2.1164200e-02
   2.2030900e-02
   2.3354500e-02
   2.4904900e-02
   2.6344100e-02
   2.7332300e-02
   2.7711300e-02
   2.7539400e-02
   2.6976900e-02
   2.6221500e-02
   2.5464500e-02
   2.4826600e-02
   2.4333500e-02
   2.4048200e-02
   2.3993300e-02
   2.4062300e-02
   2.4079300e-02
   2.3934100e-02
   2.3712700e-02
   2.3614600e-02
   2.3869900e-02
   2.4595000e-02
   2.5734800e-02
   2.7156100e-02
   2.8683700e-02
   3.0143600e-02
   3.1382200e-02
   3.2306300e-02
   3.2921200e-02
   3.3265000e-02
   3.3370900e-02
   3.3247200e-02
   3.2924200e-02
   3.2433500e-02
   3.1840100e-02
   3.1328600e-02
   3.1116100e-02
   3.1354200e-02
   3.2117800e-02
   3.3344900e-02
   3.4805300e-02
   3.6259600e-02
   3.7587000e-02
   3.8705600e-02
   3.9485600e-02
   3.9776700e-02
   3.9515900e-02
   3.8759500e-02
   3.7673500e-02
   3.6443700e-02
   3.5171100e-02
   3.3937600e-02
   3.2783500e-02
   3.1660000e-02
   3.0507700e-02
   2.9297300e-02
   2.7975700e-02
   2.6564800e-02
   2.5190300e-02
   2.3963700e-02
   2.2947800e-02
   2.2099500e-02
   2.1281700e-02
   2.0318400e-02
   1.9079200e-02
   1.7584000e-02
   1.6015200e-02
   1.4611100e-02
   1.3544600e-02
   1.2834600e-02
   1.2371900e-02
   1.1980200e-02
   1.1549000e-02
   1.1066700e-02
   1.0602900e-02
   1.0312600e-02
   1.0399600e-02
   1.1024800e-02
   1.2300000e-02
   1.4248300e-02
   1.6668200e-02
   1.9193200e-02
   2.1480400e-02
   2.3346900e-02
   2.4817100e-02
   2.6050600e-02
   2.7218900e-02
   2.8433100e-02
   2.9736300e-02
   3.1120400e-02
   3.2577600e-02
   3.4088000e-02
   3.5637100e-02
   3.7268900e-02
   3.9022100e-02
   4.0883400e-02
   4.2718900e-02
   4.4261300e-02
   4.5255500e-02
   4.5557000e-02
   4.5123600e-02
   4.3990200e-02
   4.2284300e-02
   4.0222300e-02
   3.8057700e-02
   3.6023600e-02
   3.4270400e-02
   3.2911100e-02
   3.2001100e-02
   3.1482000e-02
   3.1257100e-02
   3.1247100e-02
   3.1307800e-02
   3.1226800e-02
   3.0876500e-02
   3.0240500e-02
   2.9419400e-02
   2.8640900e-02
   2.8103700e-02
   2.7874000e-02
   2.7877100e-02
   2.7939400e-02
   2.7816300e-02
   2.7271900e-02
   2.6238500e-02
   2.4822200e-02
   2.3210300e-02
   2.1634800e-02
   2.0301400e-02
   1.9237600e-02
   1.8336400e-02
   1.7453700e-02
   1.6438500e-02
   1.5211400e-02
   1.3814100e-02
   1.2377600e-02
   1.1011200e-02
   9.7424100e-03
   8.5268900e-03
   7.3157300e-03
   6.0825800e-03
   4.8249800e-03
   3.6159800e-03
   2.5640600e-03
   1.7843700e-03
   1.3935500e-03
   1.4642800e-03
   1.9879200e-03
   2.8601500e-03
   3.8609400e-03
   4.6959100e-03
   5.1403500e-03
   5.0996100e-03
   4.6354400e-03
   3.8893400e-03
   2.9618300e-03
   1.9418800e-03
   9.3526400e-04
   1.9841500e-05
  -8.0681300e-04
  -1.5286200e-03
  -2.0504400e-03
  -2.3353000e-03
  -2.5046300e-03
  -2.8050700e-03
  -3.4246400e-03
  -4.2860700e-03
  -5.1913700e-03
  -6.0231400e-03
  -6.8161900e-03
  -7.7815500e-03
  -9.0650600e-03
  -1.0681200e-02
  -1.2569300e-02
  -1.4539600e-02
  -1.6362200e-02
  -1.7914700e-02
  -1.9255100e-02
  -2.0533100e-02
  -2.1838100e-02
  -2.3226400e-02
  -2.4773300e-02
  -2.6514300e-02
  -2.8482000e-02
  -3.0703200e-02
  -3.3094000e-02
  -3.5484900e-02
  -3.7668800e-02
  -3.9504200e-02
  -4.1005600e-02
  -4.2344800e-02
  -4.3713800e-02
  -4.5195900e-02
  -4.6755000e-02
  -4.8283400e-02
  -4.9718300e-02
  -5.1112700e-02
  -5.2584500e-02
  -5.4253300e-02
  -5.6129100e-02
  -5.8048300e-02
  -5.9802600e-02
  -6.1279200e-02
  -6.2561700e-02
  -6.3928500e-02
  -6.5696000e-02
  -6.7990500e-02
  -7.0634700e-02
  -7.3244000e-02
  -7.5450100e-02
  -7.7042300e-02
  -7.8005300e-02
  -7.8459000e-02
  -7.8638300e-02
  -7.8831600e-02
  -7.9266600e-02
  -8.0071600e-02
  -8.1255000e-02
  -8.2713900e-02
  -8.4278000e-02
  -8.5817300e-02
  -8.7237200e-02
  -8.8463800e-02
  -8.9506400e-02
  -9.0479000e-02
  -9.1505800e-02
  -9.2660800e-02
  -9.3961300e-02
  -9.5301800e-02
  -9.6465300e-02
  -9.7211100e-02
  -9.7367700e-02
  -9.6858500e-02
  -9.5691800e-02
  -9.4008700e-02
  -9.2073700e-02
  -9.0138800e-02
  -8.8432300e-02
  -8.7138400e-02
  -8.6279400e-02
  -8.5717300e-02
  -8.5284300e-02
  -8.4910600e-02
  -8.4634800e-02
  -8.4500100e-02
  -8.4529600e-02
  -8.4775000e-02
  -8.5257900e-02
  -8.5923600e-02
  -8.6682900e-02
  -8.7460300e-02
  -8.8195800e-02
  -8.8799300e-02
  -8.9188000e-02
  -8.9423600e-02
  -8.9659200e-02
  -9.0015400e-02
  -9.0504000e-02
  -9.1096400e-02
  -9.1765300e-02
  -9.2484100e-02
  -9.3275000e-02
  -9.4150800e-02
  -9.5103200e-02
  -9.6133200e-02
  -9.7235900e-02
  -9.8389100e-02
  -9.9504000e-02
  -1.0044700e-01
  -1.0108800e-01
  -1.0129500e-01
  -1.0098700e-01
  -1.0025900e-01
  -9.9401900e-02
  -9.8679800e-02
  -9.8149100e-02
  -9.7749300e-02
  -9.7386900e-02
  -9.7005200e-02
  -9.6637500e-02
  -9.6314600e-02
  -9.6038400e-02
  -9.5827100e-02
  -9.5730400e-02
  -9.5744000e-02
  -9.5776600e-02
  -9.5672500e-02
  -9.5294800e-02
  -9.4607600e-02
  -9.3625000e-02
  -9.2405000e-02
  -9.1035500e-02
  -8.9632900e-02
  -8.8283600e-02
  -8.6955300e-02
  -8.5563000e-02
  -8.4049100e-02
  -8.2413800e-02
  -8.0694000e-02
  -7.8904100e-02
  -7.7002800e-02
  -7.4887400e-02
  -7.2528800e-02
  -7.0046900e-02
  -6.7643900e-02
  -6.5484300e-02
  -6.3629100e-02
  -6.2102500e-02
  -6.0929700e-02
  -6.0125100e-02
  -5.9569800e-02
  -5.9069500e-02
  -5.8464400e-02
  -5.7628700e-02
  -5.6506000e-02
  -5.5092700e-02
  -5.3450000e-02
  -5.1733900e-02
  -5.0175900e-02
  -4.8938700e-02
  -4.7983900e-02
  -4.7116300e-02
  -4.6108100e-02
  -4.4826500e-02
  -4.3303800e-02
  -4.1684200e-02
  -4.0130100e-02
  -3.8766900e-02
  -3.7678300e-02
  -3.6887900e-02
  -3.6331900e-02
  -3.5912900e-02
  -3.5541700e-02
  -3.5154300e-02
  -3.4722400e-02
  -3.4205300e-02
  -3.3472700e-02
  -3.2436900e-02
  -3.1164500e-02
  -2.9738100e-02
  -2.8187000e-02
  -2.6493700e-02
  -2.4629100e-02
  -2.2631800e-02
  -2.0578000e-02
  -1.8534800e-02
  -1.6558400e-02
  -1.4671600e-02
  -1.2909900e-02
  -1.1319600e-02
  -9.8854300e-03
  -8.5174600e-03
  -7.1567200e-03
  -5.7951300e-03
  -4.4542800e-03
  -3.1635800e-03
  -1.9486100e-03
  -8.4527600e-04
   1.1814700e-04
   9.6258500e-04
   1.7431200e-03
   2.4787600e-03
   3.1298500e-03
   3.6522600e-03
   4.0289300e-03
   4.2649100e-03
   4.3861300e-03
   4.3996000e-03
   4.3021400e-03
   4.1045200e-03
   3.8591000e-03
   3.6231000e-03
   3.4305300e-03
   3.3283500e-03
   3.3899800e-03
   3.7588400e-03
   4.5173300e-03
   5.5561000e-03
   6.6756300e-03
   7.7360900e-03
   8.6214600e-03
   9.2612500e-03
   9.5845500e-03
   9.5540800e-03
   9.2148900e-03
   8.6685100e-03
   7.9947000e-03
   7.2676000e-03
   6.5632800e-03
   5.9452200e-03
   5.4542600e-03
   5.0747500e-03
   4.8114200e-03
   4.7099600e-03
   4.8065600e-03
   5.0824900e-03
   5.4868200e-03
   5.9491700e-03
   6.4017600e-03
   6.8051600e-03
   7.1581900e-03
   7.5340300e-03
   8.0310800e-03
   8.7124600e-03
   9.6046200e-03
   1.0696800e-02
   1.1906700e-02
   1.3101900e-02
   1.4186300e-02
   1.5153700e-02
   1.6062700e-02
   1.6900100e-02
   1.7607800e-02
   1.8155600e-02
   1.8560100e-02
   1.8961100e-02
   1.9528400e-02
   2.0323700e-02
   2.1349500e-02
   2.2570700e-02
   2.3941900e-02
   2.5399500e-02
   2.6845300e-02
   2.8264100e-02
   2.9692600e-02
   3.1159800e-02
   3.2641700e-02
   3.4053300e-02
   3.5323700e-02
   3.6422700e-02
   3.7353500e-02
   3.8076000e-02
   3.8513900e-02
   3.8668000e-02
   3.8541100e-02
   3.8164200e-02
   3.7572600e-02
   3.6783800e-02
   3.5897700e-02
   3.5124800e-02
   3.4653500e-02
   3.4599400e-02
   3.4974700e-02
   3.5724200e-02
   3.6753100e-02
   3.7919000e-02
   3.9054200e-02
   3.9991500e-02
   4.0654000e-02
   4.0988000e-02
   4.0998400e-02
   4.0797900e-02
   4.0577600e-02
   4.0517300e-02
   4.0715200e-02
   4.1204800e-02
   4.1972100e-02
   4.3022900e-02
   4.4257000e-02
   4.5443900e-02
   4.6432400e-02
   4.7197200e-02
   4.7782000e-02
   4.8283600e-02
   4.8835100e-02
   4.9531500e-02
   5.0375300e-02
   5.1344400e-02
   5.2447300e-02
   5.3674000e-02
   5.4952000e-02
   5.6191900e-02
   5.7299700e-02
   5.8190500e-02
   5.8802100e-02
   5.9052200e-02
   5.8911000e-02
   5.8498900e-02
   5.7977300e-02
   5.7441300e-02
   5.6899500e-02
   5.6358300e-02
   5.5850300e-02
   5.5353300e-02
   5.4798400e-02
   5.4202600e-02
   5.3694900e-02
   5.3384800e-02
   5.3335600e-02
   5.3530200e-02
   5.3855600e-02
   5.4241300e-02
   5.4682300e-02
   5.5168200e-02
   5.5650400e-02
   5.6009500e-02
   5.6104300e-02
   5.5863000e-02
   5.5316500e-02
   5.4565000e-02
   5.3728200e-02
   5.2937200e-02
   5.2319800e-02
   5.1999400e-02
   5.2061900e-02
   5.2521600e-02
   5.3320600e-02
   5.4348600e-02
   5.5523700e-02
   5.6760200e-02
   5.7969300e-02
   5.9061800e-02
   5.9930100e-02
   6.0478600e-02
   6.0727700e-02
   6.0703600e-02
   6.0363200e-02
   5.9686500e-02
   5.8741300e-02
   5.7640400e-02
   5.6521300e-02
   5.5531400e-02
   5.4776200e-02
   5.4381800e-02
   5.4426300e-02
   5.4856500e-02
   5.5547700e-02
   5.6302600e-02
   5.6869200e-02
   5.7041800e-02
   5.6676700e-02
   5.5671300e-02
   5.4018100e-02
   5.1913500e-02
   4.9640300e-02
   4.7493700e-02
   4.5786500e-02
   4.4717000e-02
   4.4322100e-02
   4.4489300e-02
   4.5019500e-02
   4.5721600e-02
   4.6464600e-02
   4.7239700e-02
   4.8134500e-02
   4.9227300e-02
   5.0521400e-02
   5.1941200e-02
   5.3426900e-02
   5.4991100e-02
   5.6630500e-02
   5.8296100e-02
   5.9944400e-02
   6.1504300e-02
   6.2878300e-02
   6.4023100e-02
   6.4902200e-02
   6.5380400e-02
   6.5332600e-02
   6.4684900e-02
   6.3439800e-02
   6.1688900e-02
   5.9555600e-02
   5.7251800e-02
   5.5004800e-02
   5.2950100e-02
   5.1136700e-02
   4.9598400e-02
   4.8349600e-02
   4.7418800e-02
   4.6835200e-02
   4.6547800e-02
   4.6431200e-02
   4.6362300e-02
   4.6264200e-02
   4.6147800e-02
   4.6068300e-02
   4.6033000e-02
   4.6071800e-02
   4.6223600e-02
   4.6462800e-02
   4.6740200e-02
   4.6958800e-02
   4.6992300e-02
   4.6754200e-02
   4.6236100e-02
   4.5534700e-02
   4.4810600e-02
   4.4154800e-02
   4.3479200e-02
   4.2545800e-02
   4.1158400e-02
   3.9391100e-02
   3.7555400e-02
   3.5947700e-02
   3.4668500e-02
   3.3640000e-02
   3.2711900e-02
   3.1813400e-02
   3.0953100e-02
   3.0142300e-02
   2.9384500e-02
   2.8638600e-02
   2.7741100e-02
   2.6438700e-02
   2.4538100e-02
   2.2000500e-02
   1.8993500e-02
   1.5846800e-02
   1.2942500e-02
   1.0627500e-02
   9.0619400e-03
   8.2137600e-03
   7.9217400e-03
   7.9887000e-03
   8.2930700e-03
   8.7702100e-03
   9.2964900e-03
   9.6921800e-03
   9.8825400e-03
   9.9300400e-03
   9.9265100e-03
   9.8883000e-03
   9.7330900e-03
   9.3190300e-03
   8.5262700e-03
   7.4005600e-03
   6.0640400e-03
   4.6146700e-03
   3.2062500e-03
   2.0502400e-03
   1.2999600e-03
   1.0032400e-03
   1.0830500e-03
   1.3438400e-03
   1.5466700e-03
   1.4774100e-03
   9.5095700e-04
  -6.5063800e-05
  -1.4511600e-03
  -3.0264200e-03
  -4.6307000e-03
  -6.1729300e-03
  -7.5360700e-03
  -8.5878800e-03
  -9.2785600e-03
  -9.7392200e-03
  -1.0182800e-02
  -1.0729900e-02
  -1.1401400e-02
  -1.2201900e-02
  -1.3156400e-02
  -1.4277800e-02
  -1.5547600e-02
  -1.6855000e-02
  -1.7977400e-02
  -1.8718900e-02
  -1.9029900e-02
  -1.8962300e-02
  -1.8666200e-02
  -1.8288500e-02
  -1.7967200e-02
  -1.7894100e-02
  -1.8245500e-02
  -1.9050400e-02
  -2.0139100e-02
  -2.1135400e-02
  -2.1635000e-02
  -2.1436700e-02
  -2.0611200e-02
  -1.9491600e-02
  -1.8532900e-02
  -1.8128800e-02
  -1.8463300e-02
  -1.9432000e-02
  -2.0790900e-02
  -2.2323700e-02
  -2.3908200e-02
  -2.5508900e-02
  -2.7148300e-02
  -2.8825100e-02
  -3.0399000e-02
  -3.1578400e-02
  -3.2071800e-02
  -3.1731600e-02
  -3.0619200e-02
  -2.8982100e-02
  -2.7161100e-02
  -2.5496200e-02
  -2.4233400e-02
  -2.3494500e-02
  -2.3303400e-02
  -2.3595200e-02
  -2.4251700e-02
  -2.5158600e-02
  -2.6246100e-02
  -2.7429100e-02
  -2.8576600e-02
  -2.9567300e-02
  -3.0358300e-02
  -3.1002500e-02
  -3.1562800e-02
  -3.2082000e-02
  -3.2585200e-02
  -3.3086000e-02
  -3.3553000e-02
  -3.3892000e-02
  -3.4008700e-02
  -3.3846900e-02
  -3.3422100e-02
  -3.2808900e-02
  -3.2166600e-02
  -3.1679200e-02
  -3.1455700e-02
  -3.1523300e-02
  -3.1864700e-02
  -3.2437800e-02
  -3.3121400e-02
  -3.3704700e-02
  -3.4010800e-02
  -3.3995000e-02
  -3.3741800e-02
  -3.3338000e-02
  -3.2801400e-02
  -3.2125400e-02
  -3.1385500e-02
  -3.0767300e-02
  -3.0480100e-02
  -3.0582500e-02
  -3.0909300e-02
  -3.1249700e-02
  -3.1488500e-02
  -3.1618800e-02
  -3.1731200e-02
  -3.1939800e-02
  -3.2379200e-02
  -3.3137200e-02
  -3.4149900e-02
  -3.5180800e-02
  -3.5890100e-02
  -3.6013400e-02
  -3.5494100e-02
  -3.4562300e-02
  -3.3573100e-02
  -3.2804400e-02
  -3.2397100e-02
  -3.2318400e-02
  -3.2392600e-02
  -3.2450900e-02
  -3.2386500e-02
  -3.2164700e-02
  -3.1833400e-02
  -3.1467700e-02
  -3.1139200e-02
  -3.0895400e-02
  -3.0747200e-02
  -3.0655000e-02
  -3.0571400e-02
  -3.0472100e-02
  -3.0371100e-02
  -3.0313000e-02
  -3.0339700e-02
  -3.0444300e-02
  -3.0588000e-02
  -3.0781700e-02
  -3.1061600e-02
  -3.1420400e-02
  -3.1811400e-02
  -3.2130600e-02
  -3.2192300e-02
  -3.1842700e-02
  -3.1050700e-02
  -2.9863600e-02
  -2.8386800e-02
  -2.6780600e-02
  -2.5156200e-02
  -2.3530900e-02
  -2.1877400e-02
  -2.0186200e-02
  -1.8472800e-02
  -1.6729700e-02
  -1.4954900e-02
  -1.3220600e-02
  -1.1640600e-02
  -1.0316800e-02
  -9.3543500e-03
  -8.8280300e-03
  -8.7913300e-03
  -9.2375200e-03
  -1.0102400e-02
  -1.1304600e-02
  -1.2742100e-02
  -1.4305800e-02
  -1.5875100e-02
  -1.7339700e-02
  -1.8632400e-02
  -1.9710200e-02
  -2.0473300e-02
  -2.0808200e-02
  -2.0647700e-02
  -2.0008000e-02
  -1.9004700e-02
  -1.7799900e-02
  -1.6618200e-02
  -1.5655600e-02
  -1.4961600e-02
  -1.4456400e-02
  -1.4031600e-02
  -1.3645300e-02
  -1.3267700e-02
  -1.2872000e-02
  -1.2466900e-02
  -1.2077400e-02
  -1.1687800e-02
  -1.1260900e-02
  -1.0772700e-02
  -1.0220500e-02
  -9.6555800e-03
  -9.1292400e-03
  -8.7074500e-03
  -8.4437900e-03
  -8.3158800e-03
  -8.2699100e-03
  -8.2333000e-03
  -8.1766300e-03
  -8.1280500e-03
  -8.1298100e-03
  -8.2136900e-03
  -8.3691300e-03
  -8.5534700e-03
  -8.7710400e-03
  -9.1550000e-03
  -9.8937800e-03
  -1.1108200e-02
  -1.2763800e-02
  -1.4700500e-02
  -1.6673000e-02
  -1.8402600e-02
  -1.9686000e-02
  -2.0453600e-02
  -2.0765700e-02
  -2.0691100e-02
  -2.0296500e-02
  -1.9709900e-02
  -1.9096000e-02
  -1.8586900e-02
  -1.8245000e-02
  -1.8072500e-02
  -1.8040600e-02
  -1.8050300e-02
  -1.7922100e-02
  -1.7474200e-02
  -1.6565300e-02
  -1.5206300e-02
  -1.3571700e-02
  -1.1900500e-02
  -1.0366400e-02
  -8.9725300e-03
  -7.6244400e-03
  -6.2427300e-03
  -4.8000300e-03
  -3.3350200e-03
  -1.9680900e-03
  -7.9889300e-04
   1.5446900e-04
   8.3545800e-04
   1.1158500e-03
   8.9762200e-04
   1.4166000e-04
  -1.1005500e-03
  -2.6249500e-03
  -4.1856500e-03
  -5.6123200e-03
  -6.8645300e-03
  -7.9619800e-03
  -8.8400100e-03
  -9.4211400e-03
  -9.7185600e-03
  -9.7734500e-03
  -9.6051200e-03
  -9.2511500e-03
  -8.7578500e-03
  -8.1737300e-03
  -7.5823700e-03
  -7.0669500e-03
  -6.6818000e-03
  -6.4776000e-03
  -6.4569000e-03
  -6.5458000e-03
  -6.6175400e-03
  -6.5712900e-03
  -6.4610900e-03
  -6.5065900e-03
  -7.0509600e-03
  -8.4186300e-03
  -1.0703600e-02
  -1.3611500e-02
  -1.6573100e-02
  -1.9036200e-02
  -2.0670700e-02
  -2.1436000e-02
  -2.1493100e-02
  -2.1159000e-02
  -2.0822000e-02
  -2.0741400e-02
  -2.1051800e-02
  -2.1743600e-02
  -2.2612400e-02
  -2.3356100e-02
  -2.3738100e-02
  -2.3667600e-02
  -2.3232500e-02
  -2.2633600e-02
  -2.1983900e-02
  -2.1324200e-02
  -2.0685800e-02
  -2.0091200e-02
  -1.9604400e-02
  -1.9360300e-02
  -1.9547900e-02
  -2.0258900e-02
  -2.1407500e-02
  -2.2800100e-02
  -2.4185400e-02
  -2.5336000e-02
  -2.6121800e-02
  -2.6461800e-02
  -2.6357200e-02
  -2.5975200e-02
  -2.5544700e-02
  -2.5286500e-02
  -2.5355200e-02
  -2.5756400e-02
  -2.6263700e-02
  -2.6495200e-02
  -2.6151300e-02
  -2.5179100e-02
  -2.3827400e-02
  -2.2501100e-02
  -2.1600900e-02
  -2.1409400e-02
  -2.2081100e-02
  -2.3600900e-02
  -2.5723900e-02
  -2.8000500e-02
  -2.9941800e-02
  -3.1231500e-02
  -3.1805900e-02
  -3.1807400e-02
  -3.1517500e-02
  -3.1174600e-02
  -3.0867100e-02
  -3.0591800e-02
  -3.0241700e-02
  -2.9641500e-02
  -2.8684700e-02
  -2.7429900e-02
  -2.6076700e-02
  -2.4822100e-02
  -2.3783500e-02
  -2.3000100e-02
  -2.2502100e-02
  -2.2322700e-02
  -2.2362000e-02
  -2.2468300e-02
  -2.2538000e-02
  -2.2471900e-02
  -2.2200900e-02
  -2.1770000e-02
  -2.1276600e-02
  -2.0719300e-02
  -2.0048800e-02
  -1.9238100e-02
  -1.8247000e-02
  -1.7103700e-02
  -1.5919000e-02
  -1.4746900e-02
  -1.3536000e-02
  -1.2258500e-02
  -1.1012600e-02
  -9.9434500e-03
  -9.1709300e-03
  -8.6983600e-03
  -8.3081300e-03
  -7.7161900e-03
  -6.7132100e-03
  -5.2627200e-03
  -3.5214500e-03
  -1.6819700e-03
   1.1809100e-04
   1.7651300e-03
   3.2313400e-03
   4.5481400e-03
   5.7375700e-03
   6.7551300e-03
   7.5154300e-03
   7.9901500e-03
   8.2189600e-03
   8.2650300e-03
   8.1726700e-03
   7.9880500e-03
   7.7788000e-03
   7.6273600e-03
   7.6266700e-03
   7.8612400e-03
   8.3304500e-03
   9.0056100e-03
   9.8660600e-03
   1.0860700e-02
   1.1929700e-02
   1.3016100e-02
   1.3990800e-02
   1.4657800e-02
   1.4838600e-02
   1.4479500e-02
   1.3697300e-02
   1.2742400e-02
   1.1867700e-02
   1.1191500e-02
   1.0740600e-02
   1.0484000e-02
   1.0366900e-02
   1.0371800e-02
   1.0500900e-02
   1.0701500e-02
   1.0883100e-02
   1.0992700e-02
   1.1002500e-02
   1.0883900e-02
   1.0611900e-02
   1.0178700e-02
   9.6131200e-03
   9.0588800e-03
   8.7317600e-03
   8.7826400e-03
   9.2743500e-03
   1.0227600e-02
   1.1574500e-02
   1.3254500e-02
   1.5262500e-02
   1.7559100e-02
   2.0035300e-02
   2.2540700e-02
   2.4991200e-02
   2.7379700e-02
   2.9710800e-02
   3.1996000e-02
   3.4231500e-02
   3.6352800e-02
   3.8201100e-02
   3.9637100e-02
   4.0633500e-02
   4.1247600e-02
   4.1564400e-02
   4.1675100e-02
   4.1653200e-02
   4.1602700e-02
   4.1603900e-02
   4.1664900e-02
   4.1796500e-02
   4.1991800e-02
   4.2238100e-02
   4.2484000e-02
   4.2579400e-02
   4.2294300e-02
   4.1415600e-02
   3.9825300e-02
   3.7480600e-02
   3.4400600e-02
   3.0670600e-02
   2.6539500e-02
   2.2339500e-02
   1.8330300e-02
   1.4732500e-02
   1.1718700e-02
   9.3234600e-03
   7.4455200e-03
   5.8945600e-03
   4.4003700e-03
   2.7887700e-03
   1.1158600e-03
  -4.6420900e-04
  -1.8092000e-03
  -2.8852600e-03
  -3.7748800e-03
  -4.5331300e-03
  -5.1024900e-03
  -5.3519300e-03
  -5.2476400e-03
  -4.9457700e-03
  -4.6925900e-03
  -4.6483600e-03
  -4.8504300e-03
  -5.3727300e-03
  -6.2876900e-03
  -7.5387900e-03
  -8.9308600e-03
  -1.0204700e-02
  -1.1098000e-02
  -1.1492300e-02
  -1.1482600e-02
  -1.1307400e-02
  -1.1217600e-02
  -1.1408900e-02
  -1.1971700e-02
  -1.2820700e-02
  -1.3761000e-02
  -1.4617700e-02
  -1.5292800e-02
  -1.5731300e-02
  -1.5905100e-02
  -1.5822100e-02
  -1.5539500e-02
  -1.5138500e-02
  -1.4662300e-02
  -1.4082300e-02
  -1.3291200e-02
  -1.2174700e-02
  -1.0747100e-02
  -9.2059600e-03
  -7.8376000e-03
  -6.8747200e-03
  -6.4073500e-03
  -6.4121900e-03
  -6.8396700e-03
  -7.5683900e-03
  -8.3367000e-03
  -8.8117900e-03
  -8.7210600e-03
  -8.0110500e-03
  -6.8763700e-03
  -5.6102500e-03
  -4.4896200e-03
  -3.6723300e-03
  -3.1607900e-03
  -2.8633500e-03
  -2.7175000e-03
  -2.7379100e-03
  -2.8808100e-03
  -3.0055000e-03
  -3.0036300e-03
  -2.8653300e-03
  -2.6566700e-03
  -2.4790200e-03
  -2.4578000e-03
  -2.7143600e-03
  -3.3643500e-03
  -4.4173300e-03
  -5.7444400e-03
  -7.1486900e-03
  -8.3966900e-03
  -9.2753100e-03
  -9.6368700e-03
  -9.4130900e-03
  -8.6862300e-03
  -7.6814300e-03
  -6.7031600e-03
  -6.0166400e-03
  -5.8056300e-03
  -6.2076000e-03
  -7.2431900e-03
  -8.7946500e-03
  -1.0601400e-02
  -1.2295100e-02
  -1.3538400e-02
  -1.4056700e-02
  -1.3722800e-02
  -1.2628800e-02
  -1.0987600e-02
  -9.0251600e-03
  -6.9236700e-03
  -4.7898100e-03
  -2.6949800e-03
  -7.0029300e-04
   1.1463300e-03
   2.8029800e-03
   4.2677300e-03
   5.5248700e-03
   6.5789300e-03
   7.5153700e-03
   8.4556800e-03
   9.5336000e-03
   1.0840200e-02
   1.2377800e-02
   1.4015400e-02
   1.5583400e-02
   1.7065300e-02
   1.8505000e-02
   1.9819300e-02
   2.0821000e-02
   2.1373800e-02
   2.1498100e-02
   2.1348800e-02
   2.1167800e-02
   2.1197600e-02
   2.1629800e-02
   2.2609000e-02
   2.4132700e-02
   2.6117200e-02
   2.8485100e-02
   3.1158900e-02
   3.4063700e-02
   3.7119400e-02
   4.0323800e-02
   4.3732900e-02
   4.7337800e-02
   5.0966600e-02
   5.4364700e-02
   5.7248600e-02
   5.9402800e-02
   6.0758300e-02
   6.1380400e-02
   6.1398100e-02
   6.0933100e-02
   6.0080800e-02
   5.8941600e-02
   5.7622600e-02
   5.6204900e-02
   5.4762200e-02
   5.3394000e-02
   5.2245600e-02
   5.1470300e-02
   5.1167100e-02
   5.1337900e-02
   5.1887500e-02
   5.2679800e-02
   5.3543500e-02
   5.4302300e-02
   5.4844800e-02
   5.5128800e-02
   5.5170200e-02
   5.5043800e-02
   5.4868500e-02
   5.4712700e-02
   5.4550900e-02
   5.4261300e-02
   5.3753900e-02
   5.3017500e-02
   5.2149400e-02
   5.1370600e-02
   5.0915100e-02
   5.0946400e-02
   5.1499100e-02
   5.2407300e-02
   5.3436700e-02
   5.4359700e-02
   5.4990600e-02
   5.5294000e-02
   5.5404600e-02
   5.5519400e-02
   5.5697700e-02
   5.5874900e-02
   5.6016600e-02
   5.6154400e-02
   5.6338500e-02
   5.6619800e-02
   5.7053500e-02
   5.7641000e-02
   5.8277100e-02
   5.8775200e-02
   5.8964600e-02
   5.8740800e-02
   5.8094100e-02
   5.7115800e-02
   5.5924000e-02
   5.4615600e-02
   5.3218600e-02
   5.1691400e-02
   5.0010300e-02
   4.8203400e-02
   4.6289400e-02
   4.4362500e-02
   4.2537400e-02
   4.0899700e-02
   3.9509400e-02
   3.8395400e-02
   3.7513800e-02
   3.6738300e-02
   3.5886700e-02
   3.4768700e-02
   3.3270200e-02
   3.1376900e-02
   2.9130000e-02
   2.6556900e-02
   2.3711700e-02
   2.0701600e-02
   1.7652100e-02
   1.4626400e-02
   1.1617700e-02
   8.6043200e-03
   5.5907700e-03
   2.6443900e-03
  -8.4098600e-05
  -2.4330000e-03
  -4.2322100e-03
  -5.3369700e-03
  -5.6648300e-03
  -5.1797100e-03
  -3.9123200e-03
  -1.9991300e-03
   3.7709500e-04
   2.9697100e-03
   5.3986300e-03
   7.2367800e-03
   8.1537200e-03
   8.0591800e-03
   7.1750400e-03
   5.9860000e-03
   5.0335900e-03
   4.7600100e-03
   5.4009100e-03
   6.9227500e-03
   9.0291300e-03
   1.1315600e-02
   1.3423300e-02
   1.5126700e-02
   1.6434300e-02
   1.7581700e-02
   1.8876600e-02
   2.0478700e-02
   2.2367100e-02
   2.4366200e-02
   2.6222400e-02
   2.7678400e-02
   2.8594500e-02
   2.8965300e-02
   2.8877800e-02
   2.8458000e-02
   2.7829400e-02
   2.7115100e-02
   2.6485300e-02
   2.6108600e-02
   2.6035000e-02
   2.6194200e-02
   2.6479500e-02
   2.6842400e-02
   2.7300300e-02
   2.7833600e-02
   2.8393000e-02
   2.8924300e-02
   2.9388800e-02
   2.9788100e-02
   3.0134200e-02
   3.0448900e-02
   3.0753200e-02
   3.1062200e-02
   3.1347500e-02
   3.1457200e-02
   3.1182500e-02
   3.0425500e-02
   2.9242200e-02
   2.7787400e-02
   2.6256300e-02
   2.4784300e-02
   2.3441100e-02
   2.2202300e-02
   2.0976500e-02
   1.9625200e-02
   1.7994800e-02
   1.6010400e-02
   1.3684400e-02
   1.0998000e-02
   7.9658700e-03
   4.7610200e-03
   1.6440400e-03
  -1.2273500e-03
  -3.8701900e-03
  -6.4873400e-03
  -9.3570800e-03
  -1.2623400e-02
  -1.6088500e-02
  -1.9247200e-02
  -2.1574200e-02
  -2.2908400e-02
  -2.3615300e-02
  -2.4308700e-02
  -2.5409900e-02
  -2.6977300e-02
  -2.8846100e-02
  -3.0789100e-02
  -3.2568600e-02
  -3.3955700e-02
  -3.4795200e-02
  -3.5085300e-02
  -3.5024600e-02
  -3.4916400e-02
  -3.4997000e-02
  -3.5369300e-02
  -3.5985500e-02
  -3.6692600e-02
  -3.7289900e-02
  -3.7658200e-02
  -3.7790600e-02
  -3.7766400e-02
  -3.7686900e-02
  -3.7629500e-02
  -3.7655700e-02
  -3.7832300e-02
  -3.8245100e-02
  -3.8892600e-02
  -3.9597000e-02
  -4.0112000e-02
  -4.0256200e-02
  -4.0038000e-02
  -3.9591800e-02
  -3.9028800e-02
  -3.8336600e-02
  -3.7393600e-02
  -3.6157800e-02
  -3.4796100e-02
  -3.3613000e-02
  -3.2775500e-02
  -3.2197700e-02
  -3.1674600e-02
  -3.1073200e-02
  -3.0442600e-02
  -2.9943700e-02
  -2.9625600e-02
  -2.9378300e-02
  -2.9042200e-02
  -2.8494300e-02
  -2.7779800e-02
  -2.7074300e-02
  -2.6498600e-02
  -2.6072200e-02
  -2.5721600e-02
  -2.5379600e-02
  -2.5061900e-02
  -2.4741600e-02
  -2.4300400e-02
  -2.3656600e-02
  -2.2940100e-02
  -2.2441400e-02
  -2.2429400e-02
  -2.2943200e-02
  -2.3696800e-02
  -2.4175600e-02
  -2.3979100e-02
  -2.3194100e-02
  -2.2355900e-02
  -2.2045100e-02
  -2.2446800e-02
  -2.3320900e-02
  -2.4322900e-02
  -2.5235600e-02
  -2.6098900e-02
  -2.7143500e-02
  -2.8562500e-02
  -3.0433100e-02
  -3.2747000e-02
  -3.5351300e-02
  -3.7876900e-02
  -3.9859300e-02
  -4.1104000e-02
  -4.1863300e-02
  -4.2641900e-02
  -4.3820200e-02
  -4.5371300e-02
  -4.6908000e-02
  -4.8068000e-02
  -4.8831500e-02
  -4.9414600e-02
  -5.0026500e-02
  -5.0768200e-02
  -5.1631200e-02
  -5.2582600e-02
  -5.3603400e-02
  -5.4683300e-02
  -5.5758400e-02
  -5.6663000e-02
  -5.7238100e-02
  -5.7480700e-02
  -5.7525700e-02
  -5.7542300e-02
  -5.7556700e-02
  -5.7410100e-02
  -5.6912100e-02
  -5.6043300e-02
  -5.5025300e-02
  -5.4049500e-02
  -5.3065900e-02
  -5.1900200e-02
  -5.0456300e-02
  -4.8806300e-02
  -4.7072500e-02
  -4.5360500e-02
  -4.3689500e-02
  -4.1952100e-02
  -3.9991200e-02
  -3.7694800e-02
  -3.5064300e-02
  -3.2198600e-02
  -2.9264700e-02
  -2.6454500e-02
  -2.3931100e-02
  -2.1810400e-02
  -2.0143200e-02
  -1.8879000e-02
  -1.7860300e-02
  -1.6833600e-02
  -1.5558100e-02
  -1.3981400e-02
  -1.2268700e-02
  -1.0640900e-02
  -9.2480300e-03
  -8.2176500e-03
  -7.7832000e-03
  -8.1726400e-03
  -9.4267800e-03
  -1.1366600e-02
  -1.3634900e-02
  -1.5820300e-02
  -1.7641800e-02
  -1.9022000e-02
  -2.0016400e-02
  -2.0731800e-02
  -2.1284000e-02
  -2.1793300e-02
  -2.2371300e-02
  -2.3081700e-02
  -2.3933100e-02
  -2.4905600e-02
  -2.5946900e-02
  -2.6941900e-02
  -2.7816300e-02
  -2.8538100e-02
  -2.9137800e-02
  -2.9726300e-02
  -3.0412500e-02
  -3.1202100e-02
  -3.2036900e-02
  -3.2784200e-02
  -3.3338700e-02
  -3.3644400e-02
  -3.3661200e-02
  -3.3352900e-02
  -3.2669500e-02
  -3.1560000e-02
  -2.9964300e-02
  -2.7841100e-02
  -2.5302200e-02
  -2.2621200e-02
  -2.0080100e-02
  -1.7868400e-02
  -1.6029700e-02
  -1.4460900e-02
  -1.3045400e-02
  -1.1701100e-02
  -1.0315000e-02
  -8.7375100e-03
  -6.9061400e-03
  -5.0283200e-03
  -3.5051300e-03
  -2.5800600e-03
  -2.2493600e-03
  -2.4846700e-03
  -3.2936400e-03
  -4.6577700e-03
  -6.5278500e-03
  -8.8075400e-03
  -1.1371800e-02
  -1.4070900e-02
  -1.6765900e-02
  -1.9300000e-02
  -2.1497200e-02
  -2.3231400e-02
  -2.4436500e-02
  -2.5122200e-02
  -2.5353000e-02
  -2.5176200e-02
  -2.4685400e-02
  -2.4073300e-02
  -2.3612300e-02
  -2.3486800e-02
  -2.3690500e-02
  -2.4060700e-02
  -2.4411600e-02
  -2.4603600e-02
  -2.4514000e-02
  -2.4023200e-02
  -2.3031100e-02
  -2.1458600e-02
  -1.9330400e-02
  -1.6816400e-02
  -1.4156600e-02
  -1.1529600e-02
  -8.9821900e-03
  -6.5213100e-03
  -4.1507400e-03
  -1.8427000e-03
   4.9479800e-04
   2.9524700e-03
   5.4677300e-03
   7.9150500e-03
   1.0327400e-02
   1.2836300e-02
   1.5405800e-02
   1.7817100e-02
   1.9801500e-02
   2.1217300e-02
   2.2081100e-02
   2.2466500e-02
   2.2477400e-02
   2.2164000e-02
   2.1572900e-02
   2.0847400e-02
   2.0161800e-02
   1.9648300e-02
   1.9398200e-02
   1.9380800e-02
   1.9423600e-02
   1.9282300e-02
   1.8707200e-02
   1.7603100e-02
   1.6108600e-02
   1.4485300e-02
   1.2985400e-02
   1.1822900e-02
   1.1122300e-02
   1.0917200e-02
   1.1160100e-02
   1.1731900e-02
   1.2508300e-02
   1.3379200e-02
   1.4281900e-02
   1.5171300e-02
   1.5943600e-02
   1.6499100e-02
   1.6828100e-02
   1.6966600e-02
   1.6944100e-02
   1.6765500e-02
   1.6415500e-02
   1.5880500e-02
   1.5161800e-02
   1.4276200e-02
   1.3227200e-02
   1.2039800e-02
   1.0798100e-02
   9.5854400e-03
   8.4485300e-03
   7.4347300e-03
   6.5612100e-03
   5.7690500e-03
   4.9356200e-03
   3.9084000e-03
   2.5663400e-03
   8.8641500e-04
  -1.0535000e-03
  -3.0918900e-03
  -5.0726900e-03
  -6.8612700e-03
  -8.3224700e-03
  -9.4167900e-03
  -1.0221000e-02
  -1.0838000e-02
  -1.1303200e-02
  -1.1569000e-02
  -1.1552400e-02
  -1.1292300e-02
  -1.0916900e-02
  -1.0510600e-02
  -1.0057200e-02
  -9.4072400e-03
  -8.2804800e-03
  -6.4468600e-03
  -3.8778800e-03
  -7.3113300e-04
   2.7083000e-03
   6.0853600e-03
   9.1180000e-03
   1.1713500e-02
   1.3889600e-02
   1.5684400e-02
   1.7135400e-02
   1.8373200e-02
   1.9572800e-02
   2.0860400e-02
   2.2312500e-02
   2.3928900e-02
   2.5582800e-02
   2.7081800e-02
   2.8245400e-02
   2.9013100e-02
   2.9494200e-02
   2.9849600e-02
   3.0232500e-02
   3.0778400e-02
   3.1561100e-02
   3.2600300e-02
   3.3884200e-02
   3.5395300e-02
   3.7061400e-02
   3.8723300e-02
   4.0213200e-02
   4.1500300e-02
   4.2655200e-02
   4.3797300e-02
   4.5050300e-02
   4.6501900e-02
   4.8181000e-02
   5.0029100e-02
   5.1980900e-02
   5.4018100e-02
   5.6102100e-02
   5.8141500e-02
   6.0052100e-02
   6.1789400e-02
   6.3286300e-02
   6.4475900e-02
   6.5341100e-02
   6.5886300e-02
   6.6065900e-02
   6.5815100e-02
   6.5177700e-02
   6.4256000e-02
   6.3149500e-02
   6.1965700e-02
   6.0793600e-02
   5.9696000e-02
   5.8624900e-02
   5.7425600e-02
   5.5937300e-02
   5.4037200e-02
   5.1625100e-02
   4.8672400e-02
   4.5277500e-02
   4.1645600e-02
   3.7958200e-02
   3.4313100e-02
   3.0788100e-02
   2.7456300e-02
   2.4426500e-02
   2.1828500e-02
   1.9794600e-02
   1.8438800e-02
   1.7793500e-02
   1.7760100e-02
   1.8142600e-02
   1.8705900e-02
   1.9302900e-02
   1.9808900e-02
   2.0130500e-02
   2.0244000e-02
   2.0232800e-02
   2.0251300e-02
   2.0361200e-02
   2.0518400e-02
   2.0598200e-02
   2.0448400e-02
   2.0041400e-02
   1.9528700e-02
   1.9178500e-02
   1.9224900e-02
   1.9795800e-02
   2.0910000e-02
   2.2478300e-02
   2.4333500e-02
   2.6307200e-02
   2.8273600e-02
   3.0142600e-02
   3.1754200e-02
   3.2900500e-02
   3.3378000e-02
   3.3065900e-02
   3.2092300e-02
   3.0771900e-02
   2.9436400e-02
   2.8280100e-02
   2.7266900e-02
   2.6208100e-02
   2.4958300e-02
   2.3524600e-02
   2.1938700e-02
   2.0181200e-02
   1.8264000e-02
   1.6193400e-02
   1.3961900e-02
   1.1590200e-02
   9.1516800e-03
   6.7051300e-03
   4.3181800e-03
   2.0590400e-03
  -1.2450000e-04
  -2.3452900e-03
  -4.7587100e-03
  -7.4836900e-03
  -1.0450200e-02
  -1.3405800e-02
  -1.6086800e-02
  -1.8433200e-02
  -2.0551200e-02
  -2.2511400e-02
  -2.4263300e-02
  -2.5655700e-02
  -2.6563200e-02
  -2.6937700e-02
  -2.6727400e-02
  -2.5942200e-02
  -2.4773000e-02
  -2.3585000e-02
  -2.2819400e-02
  -2.2732100e-02
  -2.3315000e-02
  -2.4388200e-02
  -2.5702200e-02
  -2.6994700e-02
  -2.8021100e-02
  -2.8642000e-02
  -2.8853500e-02
  -2.8724500e-02
  -2.8395600e-02
  -2.7988200e-02
  -2.7555800e-02
  -2.7018100e-02
  -2.6129000e-02
  -2.4671300e-02
  -2.2615600e-02
  -2.0149300e-02
  -1.7584300e-02
  -1.5180700e-02
  -1.3060800e-02
  -1.1261400e-02
  -9.7742200e-03
  -8.6584500e-03
  -8.0441700e-03
  -8.0795900e-03
  -8.7606000e-03
  -9.8109300e-03
  -1.0756400e-02
  -1.1187400e-02
  -1.0918100e-02
  -9.9722400e-03
  -8.5535900e-03
  -6.9805800e-03
  -5.5602200e-03
  -4.4816800e-03
  -3.8657800e-03
  -3.7400900e-03
  -4.0611200e-03
  -4.7288700e-03
  -5.6020700e-03
  -6.5503300e-03
  -7.4880900e-03
  -8.4239300e-03
  -9.3533300e-03
  -1.0188200e-02
  -1.0745600e-02
  -1.0881000e-02
  -1.0714300e-02
  -1.0622000e-02
  -1.0981200e-02
  -1.1863800e-02
  -1.2981900e-02
  -1.3890800e-02
  -1.4303400e-02
  -1.4285300e-02
  -1.4087800e-02
  -1.3887500e-02
  -1.3750500e-02
  -1.3698200e-02
  -1.3716700e-02
  -1.3767300e-02
  -1.3824200e-02
  -1.3837600e-02
  -1.3673700e-02
  -1.3177800e-02
  -1.2277200e-02
  -1.1034100e-02
  -9.6772800e-03
  -8.4601700e-03
  -7.5343000e-03
  -6.9667700e-03
  -6.7572400e-03
  -6.8147700e-03
  -6.9313900e-03
  -6.8518500e-03
  -6.4004200e-03
  -5.5931200e-03
  -4.5955800e-03
  -3.5346900e-03
  -2.4824800e-03
  -1.5006400e-03
  -6.0842500e-04
   2.6131200e-04
   1.1472000e-03
   2.0138600e-03
   2.7446800e-03
   3.2200100e-03
   3.3648000e-03
   3.1615600e-03
   2.6027400e-03
   1.7336800e-03
   7.2907500e-04
  -1.1777800e-04
  -5.1466400e-04
  -3.0171400e-04
   5.6197100e-04
   1.9797000e-03
   3.6126000e-03
   4.9304900e-03
   5.5404100e-03
   5.3516500e-03
   4.5218400e-03
   3.3001400e-03
   1.8421800e-03
   1.5949900e-04
  -1.8327100e-03
  -4.1882900e-03
  -6.7742000e-03
  -9.3049700e-03
  -1.1530400e-02
  -1.3351000e-02
  -1.4847400e-02
  -1.6194900e-02
  -1.7532500e-02
  -1.8934600e-02
  -2.0476100e-02
  -2.2194100e-02
  -2.3977700e-02
  -2.5573100e-02
  -2.6742500e-02
  -2.7415300e-02
  -2.7757300e-02
  -2.8066100e-02
  -2.8623300e-02
  -2.9569000e-02
  -3.0802800e-02
  -3.2034400e-02
  -3.2918300e-02
  -3.3122700e-02
  -3.2455600e-02
  -3.0879000e-02
  -2.8489400e-02
  -2.5479700e-02
  -2.2033600e-02
  -1.8307900e-02
  -1.4463700e-02
  -1.0665500e-02
  -7.0326000e-03
  -3.6227800e-03
  -4.8969200e-04
   2.3076200e-03
   4.8768500e-03
   7.5610700e-03
   1.0668500e-02
   1.4190900e-02
   1.7820400e-02
   2.1198800e-02
   2.4151900e-02
   2.6684100e-02
   2.8897200e-02
   3.0981700e-02
   3.3176900e-02
   3.5568700e-02
   3.8032500e-02
   4.0316100e-02
   4.2147700e-02
   4.3342400e-02
   4.3816700e-02
   4.3600800e-02
   4.2884500e-02
   4.1939200e-02
   4.0935900e-02
   3.9851900e-02
   3.8513700e-02
   3.6765400e-02
   3.4655200e-02
   3.2358600e-02
   3.0064700e-02
   2.7832800e-02
   2.5607000e-02
   2.3275800e-02
   2.0758700e-02
   1.8135400e-02
   1.5587500e-02
   1.3231100e-02
   1.1101000e-02
   9.2132300e-03
   7.5774200e-03
   6.2035500e-03
   5.1104700e-03
   4.2777600e-03
   3.6275600e-03
   3.0300400e-03
   2.3769500e-03
   1.6994400e-03
   1.1511300e-03
   8.6261300e-04
   9.2761300e-04
   1.3953300e-03
   2.1877300e-03
   3.1017900e-03
   3.9699600e-03
   4.7415700e-03
   5.4637300e-03
   6.2547900e-03
   7.1995000e-03
   8.3113600e-03
   9.5484000e-03
   1.0791900e-02
   1.1888900e-02
   1.2716800e-02
   1.3225000e-02
   1.3487400e-02
   1.3629500e-02
   1.3773100e-02
   1.4032500e-02
   1.4455600e-02
   1.4932900e-02
   1.5280500e-02
   1.5372000e-02
   1.5200600e-02
   1.4861800e-02
   1.4463900e-02
   1.4086200e-02
   1.3783700e-02
   1.3584000e-02
   1.3501200e-02
   1.3508700e-02
   1.3553300e-02
   1.3698100e-02
   1.4132700e-02
   1.5021000e-02
   1.6395700e-02
   1.8121300e-02
   1.9937300e-02
   2.1503700e-02
   2.2556100e-02
   2.3065600e-02
   2.3290200e-02
   2.3680700e-02
   2.4572400e-02
   2.6010100e-02
   2.7808000e-02
   2.9727800e-02
   3.1570100e-02
   3.3217700e-02
   3.4652700e-02
   3.5880800e-02
   3.6922500e-02
   3.7846700e-02
   3.8715900e-02
   3.9460100e-02
   3.9801400e-02
   3.9406200e-02
   3.8048900e-02
   3.5630800e-02
   3.2257700e-02
   2.8212400e-02
   2.3868500e-02
   1.9628800e-02
   1.5838600e-02
   1.2695500e-02
   1.0138400e-02
   7.8721000e-03
   5.5925300e-03
   3.1451100e-03
   4.9124100e-04
  -2.3457100e-03
  -5.3878700e-03
  -8.7815200e-03
  -1.2594800e-02
  -1.6678000e-02
  -2.0767700e-02
  -2.4637600e-02
  -2.8200400e-02
  -3.1428500e-02
  -3.4293900e-02
  -3.6833700e-02
  -3.9177800e-02
  -4.1537600e-02
  -4.4113200e-02
  -4.7009400e-02
  -5.0158300e-02
  -5.3286600e-02
  -5.6063300e-02
  -5.8259300e-02
  -5.9773800e-02
  -6.0634400e-02
  -6.0998700e-02
  -6.1135200e-02
  -6.1282900e-02
  -6.1557400e-02
  -6.1975100e-02
  -6.2476800e-02
  -6.3003200e-02
  -6.3562700e-02
  -6.4166500e-02
  -6.4747700e-02
  -6.5218800e-02
  -6.5520800e-02
  -6.5620400e-02
  -6.5547000e-02
  -6.5326400e-02
  -6.4971900e-02
  -6.4453100e-02
  -6.3712500e-02
  -6.2725100e-02
  -6.1533200e-02
  -6.0278700e-02
  -5.9094800e-02
  -5.8001100e-02
  -5.6897000e-02
  -5.5687100e-02
  -5.4375400e-02
  -5.2994500e-02
  -5.1528300e-02
  -4.9962300e-02
  -4.8305900e-02
  -4.6586700e-02
  -4.4872300e-02
  -4.3225400e-02
  -4.1633800e-02
  -4.0025100e-02
  -3.8275300e-02
  -3.6218600e-02
  -3.3661900e-02
  -3.0517500e-02
  -2.6934300e-02
  -2.3231800e-02
  -1.9689900e-02
  -1.6474300e-02
  -1.3683900e-02
  -1.1426500e-02
  -9.8097400e-03
  -8.8723800e-03
  -8.5680300e-03
  -8.7614200e-03
  -9.2256000e-03
  -9.7390200e-03
  -1.0252700e-02
  -1.0907100e-02
  -1.1855900e-02
  -1.3080800e-02
  -1.4362400e-02
  -1.5429300e-02
  -1.6122400e-02
  -1.6475900e-02
  -1.6707400e-02
  -1.7024600e-02
  -1.7451700e-02
  -1.7869700e-02
  -1.8084500e-02
  -1.7886000e-02
  -1.7056500e-02
  -1.5489500e-02
  -1.3288500e-02
  -1.0702900e-02
  -8.0554000e-03
  -5.6147500e-03
  -3.4512500e-03
  -1.4229900e-03
   6.4485900e-04
   2.8058100e-03
   5.0083900e-03
   7.2369900e-03
   9.5327900e-03
   1.1861500e-02
   1.4119800e-02
   1.6210700e-02
   1.8061300e-02
   1.9661400e-02
   2.1136100e-02
   2.2624500e-02
   2.4143800e-02
   2.5600600e-02
   2.6817300e-02
   2.7633900e-02
   2.8003700e-02
   2.8002500e-02
   2.7761900e-02
   2.7367800e-02
   2.6794200e-02
   2.5991100e-02
   2.4950000e-02
   2.3705400e-02
   2.2361300e-02
   2.0969300e-02
   1.9496600e-02
   1.7848900e-02
   1.5892300e-02
   1.3534500e-02
   1.0743800e-02
   7.4889700e-03
   3.6757500e-03
  -8.6448400e-04
  -6.1445600e-03
  -1.1798900e-02
  -1.7223900e-02
  -2.1966700e-02
  -2.5966400e-02
  -2.9451200e-02
  -3.2689500e-02
  -3.5753700e-02
  -3.8570200e-02
  -4.1098700e-02
  -4.3321700e-02
  -4.5235500e-02
  -4.6837400e-02
  -4.8087300e-02
  -4.8882700e-02
  -4.9136300e-02
  -4.8910800e-02
  -4.8357500e-02
  -4.7512900e-02
  -4.6281200e-02
  -4.4603100e-02
  -4.2511100e-02
  -4.0122900e-02
  -3.7679000e-02
  -3.5406400e-02
  -3.3395500e-02
  -3.1643400e-02
  -3.0066600e-02
  -2.8554500e-02
  -2.7007100e-02
  -2.5378400e-02
  -2.3678100e-02
  -2.1919500e-02
  -2.0136300e-02
  -1.8428600e-02
  -1.6981200e-02
  -1.5904900e-02
  -1.5142800e-02
  -1.4534900e-02
  -1.3922700e-02
  -1.3148300e-02
  -1.2162500e-02
  -1.1046700e-02
  -9.9310400e-03
  -8.9546200e-03
  -8.2405200e-03
  -7.8491600e-03
  -7.7062900e-03
  -7.6674100e-03
  -7.5932500e-03
  -7.3758400e-03
  -7.0091700e-03
  -6.5833900e-03
  -6.1863500e-03
  -5.8249600e-03
  -5.5234400e-03
  -5.3671900e-03
  -5.3698700e-03
  -5.3965100e-03
  -5.2532300e-03
  -4.8266600e-03
  -4.0359800e-03
  -2.8333200e-03
  -1.2926300e-03
   4.6936400e-04
   2.3860400e-03
   4.3567200e-03
   6.2452800e-03
   8.0527600e-03
   9.9487300e-03
   1.2134200e-02
   1.4614300e-02
   1.7221400e-02
   1.9794400e-02
   2.2291900e-02
   2.4694900e-02
   2.6935700e-02
   2.8904100e-02
   3.0502200e-02
   3.1672600e-02
   3.2458100e-02
   3.2988200e-02
   3.3390000e-02
   3.3766300e-02
   3.4225100e-02
   3.4899400e-02
   3.5823100e-02
   3.6852500e-02
   3.7753400e-02
   3.8295200e-02
   3.8265300e-02
   3.7567000e-02
   3.6346900e-02
   3.4899100e-02
   3.3481900e-02
   3.2228600e-02
   3.1186400e-02
   3.0323000e-02
   2.9518300e-02
   2.8617800e-02
   2.7556200e-02
   2.6492600e-02
   2.5670000e-02
   2.5232600e-02
   2.5193700e-02
   2.5513800e-02
   2.6123000e-02
   2.6909100e-02
   2.7792300e-02
   2.8811700e-02
   3.0111400e-02
   3.1723600e-02
   3.3443400e-02
   3.5006500e-02
   3.6221600e-02
   3.7040300e-02
   3.7558800e-02
   3.8001800e-02
   3.8668000e-02
   3.9727800e-02
   4.1212800e-02
   4.3058900e-02
   4.5123100e-02
   4.7193700e-02
   4.9067300e-02
   5.0611700e-02
   5.1807000e-02
   5.2725600e-02
   5.3407400e-02
   5.3802000e-02
   5.3861800e-02
   5.3557500e-02
   5.2853200e-02
   5.1655300e-02
   4.9784700e-02
   4.7064400e-02
   4.3323000e-02
   3.8534200e-02
   3.2882800e-02
   2.6654300e-02
   2.0163200e-02
   1.3804700e-02
   7.9490900e-03
   2.8257600e-03
  -1.4481500e-03
  -4.7415600e-03
  -6.8171200e-03
  -7.4473800e-03
  -6.5868800e-03
  -4.5314600e-03
  -1.7851400e-03
   1.2649000e-03
   4.5619700e-03
   8.1931800e-03
   1.2058200e-02
   1.5790200e-02
   1.8969900e-02
   2.1315200e-02
   2.2852100e-02
   2.3859900e-02
   2.4696800e-02
   2.5675900e-02
   2.6955200e-02
   2.8518900e-02
   3.0211500e-02
   3.1842400e-02
   3.3303900e-02
   3.4633100e-02
   3.5896100e-02
   3.7065900e-02
   3.8084800e-02
   3.8945100e-02
   3.9710200e-02
   4.0437000e-02
   4.1096600e-02
   4.1551500e-02
   4.1704100e-02
   4.1582100e-02
   4.1287400e-02
   4.0943200e-02
   4.0652200e-02
   4.0537300e-02
   4.0676100e-02
   4.1081900e-02
   4.1783100e-02
   4.2734600e-02
   4.3686600e-02
   4.4233200e-02
   4.4020700e-02
   4.2958900e-02
   4.1147800e-02
   3.8779700e-02
   3.6058000e-02
   3.3115400e-02
   2.9957800e-02
   2.6470600e-02
   2.2502500e-02
   1.7927900e-02
   1.2771500e-02
   7.2491600e-03
   1.5810400e-03
  -4.1272500e-03
  -9.7878800e-03
  -1.5221700e-02
  -2.0053700e-02
  -2.3832600e-02
  -2.6394700e-02
  -2.8030500e-02
  -2.9236400e-02
  -3.0343600e-02
  -3.1375800e-02
  -3.2249100e-02
  -3.2910200e-02
  -3.3384200e-02
  -3.3796000e-02
  -3.4320800e-02
  -3.5149200e-02
  -3.6392200e-02
  -3.7980200e-02
  -3.9607500e-02
  -4.0899700e-02
  -4.1660300e-02
  -4.1879500e-02
  -4.1647800e-02
  -4.1049800e-02
  -4.0107100e-02
  -3.8905000e-02
  -3.7597600e-02
  -3.6318000e-02
  -3.5103300e-02
  -3.3955500e-02
  -3.2911200e-02
  -3.1982300e-02
  -3.1201500e-02
  -3.0602800e-02
  -3.0223500e-02
  -3.0109400e-02
  -3.0283000e-02
  -3.0710300e-02
  -3.1303800e-02
  -3.1995700e-02
  -3.2736900e-02
  -3.3500500e-02
  -3.4301500e-02
  -3.5198800e-02
  -3.6237600e-02
  -3.7413300e-02
  -3.8710800e-02
  -4.0067200e-02
  -4.1376900e-02
  -4.2600400e-02
  -4.3759000e-02
  -4.4907500e-02
  -4.6092800e-02
  -4.7249000e-02
  -4.8241300e-02
  -4.8956100e-02
  -4.9375200e-02
  -4.9613300e-02
  -4.9791900e-02
  -4.9990600e-02
  -5.0251200e-02
  -5.0497200e-02
  -5.0562700e-02
  -5.0367600e-02
  -4.9968200e-02
  -4.9471400e-02
  -4.8982800e-02
  -4.8498200e-02
  -4.7897300e-02
  -4.7143800e-02
  -4.6343600e-02
  -4.5692000e-02
  -4.5387600e-02
  -4.5573500e-02
  -4.6296800e-02
  -4.7514600e-02
  -4.9060600e-02
  -5.0652500e-02
  -5.1998800e-02
  -5.2941900e-02
  -5.3486200e-02
  -5.3715300e-02
  -5.3716200e-02
  -5.3578000e-02
  -5.3349600e-02
  -5.2990100e-02
  -5.2461500e-02
  -5.1743900e-02
  -5.0834300e-02
  -4.9767600e-02
  -4.8519500e-02
  -4.6994700e-02
  -4.5062400e-02
  -4.2599100e-02
  -3.9585000e-02
  -3.6096900e-02
  -3.2241500e-02
  -2.8140900e-02
  -2.3939100e-02
  -1.9818400e-02
  -1.5953300e-02
  -1.2389100e-02
  -9.1139100e-03
  -6.1286000e-03
  -3.3787600e-03
  -7.6822000e-04
   1.7113700e-03
   3.9634300e-03
   5.8557500e-03
   7.3226300e-03
   8.3598100e-03
   9.0013700e-03
   9.3613100e-03
   9.6262900e-03
   9.9616500e-03
   1.0469900e-02
   1.1163800e-02
   1.1893700e-02
   1.2413100e-02
   1.2571400e-02
   1.2368800e-02
   1.1920000e-02
   1.1397300e-02
   1.0938800e-02
   1.0596600e-02
   1.0341000e-02
   1.0130400e-02
   9.9713700e-03
   9.9146400e-03
   1.0057800e-02
   1.0451500e-02
   1.1070500e-02
   1.1808700e-02
   1.2500900e-02
   1.3005100e-02
   1.3318900e-02
   1.3512700e-02
   1.3591100e-02
   1.3511700e-02
   1.3314300e-02
   1.3065300e-02
   1.2804400e-02
   1.2533100e-02
   1.2248000e-02
   1.1950000e-02
   1.1577000e-02
   1.1040200e-02
   1.0340400e-02
   9.5961600e-03
   8.9292200e-03
   8.4135700e-03
   8.0686500e-03
   7.8757600e-03
   7.8155200e-03
   7.8636700e-03
   8.0360700e-03
   8.3894500e-03
   8.9343000e-03
   9.6320100e-03
   1.0429500e-02
   1.1266900e-02
   1.2083100e-02
   1.2839400e-02
   1.3539400e-02
   1.4206900e-02
   1.4869600e-02
   1.5536500e-02
   1.6206900e-02
   1.6863200e-02
   1.7459800e-02
   1.7951900e-02
   1.8305100e-02
   1.8553600e-02
   1.8803000e-02
   1.9155600e-02
   1.9687000e-02
   2.0469400e-02
   2.1480500e-02
   2.2584900e-02
   2.3620700e-02
   2.4403500e-02
   2.4775700e-02
   2.4700800e-02
   2.4261000e-02
   2.3585300e-02
   2.2888500e-02
   2.2401900e-02
   2.2278200e-02
   2.2580200e-02
   2.3282800e-02
   2.4267700e-02
   2.5381400e-02
   2.6512100e-02
   2.7556100e-02
   2.8388600e-02
   2.8862300e-02
   2.8836500e-02
   2.8230500e-02
   2.7058800e-02
   2.5373300e-02
   2.3236500e-02
   2.0727300e-02
   1.8030400e-02
   1.5343900e-02
   1.2768400e-02
   1.0317100e-02
   8.0198500e-03
   5.9125300e-03
   4.0126200e-03
   2.3058000e-03
   6.6808400e-04
  -1.0112900e-03
  -2.7625000e-03
  -4.5590500e-03
  -6.3965300e-03
  -8.3485000e-03
  -1.0503200e-02
  -1.2876000e-02
  -1.5338800e-02
  -1.7670200e-02
  -1.9609700e-02
  -2.0990100e-02
  -2.1754600e-02
  -2.1917700e-02
  -2.1573100e-02
  -2.0838200e-02
  -1.9788100e-02
  -1.8423100e-02
  -1.6681600e-02
  -1.4485400e-02
  -1.1852200e-02
  -8.9579800e-03
  -6.0551700e-03
  -3.3307300e-03
  -8.2609400e-04
   1.5535600e-03
   3.9467000e-03
   6.5507600e-03
   9.5725600e-03
   1.3143400e-02
   1.7255100e-02
   2.1732200e-02
   2.6405500e-02
   3.1229400e-02
   3.6202600e-02
   4.1332400e-02
   4.6510900e-02
   5.1486900e-02
   5.6061500e-02
   6.0191800e-02
   6.3885700e-02
   6.7087300e-02
   6.9742700e-02
   7.1955000e-02
   7.3949900e-02
   7.5968100e-02
   7.8137600e-02
   8.0435000e-02
   8.2748600e-02
   8.4907800e-02
   8.6729400e-02
   8.7992600e-02
   8.8490000e-02
   8.8146900e-02
   8.7068400e-02
   8.5459800e-02
   8.3494400e-02
   8.1246200e-02
   7.8742900e-02
   7.5970900e-02
   7.2899000e-02
   6.9525100e-02
   6.5928300e-02
   6.2197300e-02
   5.8361100e-02
   5.4368700e-02
   5.0124500e-02
   4.5498900e-02
   4.0328000e-02
   3.4422100e-02
   2.7686800e-02
   2.0245500e-02
   1.2462700e-02
   4.8088700e-03
  -2.3813900e-03
  -8.9545900e-03
  -1.4763700e-02
  -1.9503700e-02
  -2.2894400e-02
  -2.5035700e-02
  -2.6403000e-02
  -2.7448200e-02
  -2.8324200e-02
  -2.8963500e-02
  -2.9337900e-02
  -2.9562300e-02
  -2.9812300e-02
  -3.0216500e-02
  -3.0758800e-02
  -3.1245100e-02
  -3.1467100e-02
  -3.1371300e-02
  -3.1013400e-02
  -3.0501800e-02
  -3.0004500e-02
  -2.9706600e-02
  -2.9730600e-02
  -3.0163900e-02
  -3.0980300e-02
  -3.1922500e-02
  -3.2668900e-02
  -3.3091400e-02
  -3.3283900e-02
  -3.3439800e-02
  -3.3734700e-02
  -3.4230900e-02
  -3.4886900e-02
  -3.5685600e-02
  -3.6653000e-02
  -3.7791800e-02
  -3.9025100e-02
  -4.0212400e-02
  -4.1189000e-02
  -4.1862700e-02
  -4.2196900e-02
  -4.2169500e-02
  -4.1772700e-02
  -4.1068400e-02
  -4.0226700e-02
  -3.9428200e-02
  -3.8753900e-02
  -3.8126400e-02
  -3.7392300e-02
  -3.6484800e-02
  -3.5381000e-02
  -3.4059100e-02
  -3.2494200e-02
  -3.0668800e-02
  -2.8641500e-02
  -2.6500200e-02
  -2.4292700e-02
  -2.1974300e-02
  -1.9476700e-02
  -1.6782100e-02
  -1.3907200e-02
  -1.0887100e-02
  -7.8259500e-03
  -4.8631700e-03
  -2.1333600e-03
   2.7139700e-04
   2.3629800e-03
   4.3283900e-03
   6.4023500e-03
   8.6708100e-03
   1.1051100e-02
   1.3458400e-02
   1.5873000e-02
   1.8335200e-02
   2.0916300e-02
   2.3585900e-02
   2.6193300e-02
   2.8579900e-02
   3.0628300e-02
   3.2287700e-02
   3.3528200e-02
   3.4369000e-02
   3.4854500e-02
   3.5033100e-02
   3.5009000e-02
   3.4826200e-02
   3.4437900e-02
   3.3878700e-02
   3.3257200e-02
   3.2591000e-02
   3.1798500e-02
   3.0846100e-02
   2.9749800e-02
   2.8566600e-02
   2.7377700e-02
   2.6163600e-02
   2.4790900e-02
   2.3181000e-02
   2.1343900e-02
   1.9329000e-02
   1.7122200e-02
   1.4639200e-02
   1.1783900e-02
   8.5196800e-03
   4.9328100e-03
   1.1960100e-03
  -2.5251000e-03
  -6.1722500e-03
  -9.7036100e-03
  -1.2988600e-02
  -1.5835700e-02
  -1.8238300e-02
  -2.0381900e-02
  -2.2404100e-02
  -2.4317800e-02
  -2.6176400e-02
  -2.8055800e-02
  -2.9951800e-02
  -3.1779300e-02
  -3.3447700e-02
  -3.4912500e-02
  -3.6163700e-02
  -3.7150100e-02
  -3.7824700e-02
  -3.8177800e-02
  -3.8152400e-02
  -3.7669800e-02
  -3.6759200e-02
  -3.5552000e-02
  -3.4117400e-02
  -3.2437500e-02
  -3.0532300e-02
  -2.8416400e-02
  -2.6045000e-02
  -2.3432900e-02
  -2.0714500e-02
  -1.8075600e-02
  -1.5640500e-02
  -1.3433200e-02
  -1.1412900e-02
  -9.5046400e-03
  -7.6274400e-03
  -5.6886000e-03
  -3.6332200e-03
  -1.4591100e-03
   7.9451000e-04
   3.0806800e-03
   5.4508900e-03
   8.0399100e-03
   1.0841700e-02
   1.3643700e-02
   1.6195500e-02
   1.8437500e-02
   2.0464600e-02
   2.2380500e-02
   2.4280500e-02
   2.6177000e-02
   2.7988500e-02
   2.9590400e-02
   3.0832600e-02
   3.1630100e-02
   3.2040600e-02
   3.2219800e-02
   3.2369900e-02
   3.2611600e-02
   3.2873800e-02
   3.2969100e-02
   3.2668500e-02
   3.1864800e-02
   3.0671700e-02
   2.9348800e-02
   2.8160700e-02
   2.7243500e-02
   2.6568100e-02
   2.6005400e-02
   2.5392400e-02
   2.4584000e-02
   2.3501500e-02
   2.2178200e-02
   2.0748500e-02
   1.9374600e-02
   1.8184500e-02
   1.7226200e-02
   1.6484200e-02
   1.5946300e-02
   1.5616600e-02
   1.5444700e-02
   1.5301900e-02
   1.4990800e-02
   1.4370400e-02
   1.3481300e-02
   1.2496200e-02
   1.1587500e-02
   1.0875700e-02
   1.0289600e-02
   9.6337600e-03
   8.7632000e-03
   7.6402700e-03
   6.2612300e-03
   4.6166800e-03
   2.6587300e-03
   3.4591900e-04
  -2.3442600e-03
  -5.3690200e-03
  -8.5540100e-03
  -1.1637100e-02
  -1.4428700e-02
  -1.6985300e-02
  -1.9522900e-02
  -2.2169500e-02
  -2.4820900e-02
  -2.7172000e-02
  -2.8946700e-02
  -3.0061400e-02
  -3.0634000e-02
  -3.0859600e-02
  -3.0867900e-02
  -3.0669700e-02
  -3.0243100e-02
  -2.9700700e-02
  -2.9272400e-02
  -2.9174300e-02
  -2.9463700e-02
  -3.0049600e-02
  -3.0762500e-02
  -3.1423600e-02
  -3.1846200e-02
  -3.1866300e-02
  -3.1421600e-02
  -3.0479200e-02
  -2.9001000e-02
  -2.7013600e-02
  -2.4619500e-02
  -2.2014200e-02
  -1.9431600e-02
  -1.7072000e-02
  -1.5023700e-02
  -1.3232000e-02
  -1.1575600e-02
  -9.9313000e-03
  -8.2778600e-03
  -6.7957000e-03
  -5.7522200e-03
  -5.2628800e-03
  -5.2291200e-03
  -5.5142300e-03
  -6.0655400e-03
  -6.9386000e-03
  -8.1719400e-03
  -9.7160700e-03
  -1.1474200e-02
  -1.3367900e-02
  -1.5342500e-02
  -1.7348400e-02
  -1.9292800e-02
  -2.1014600e-02
  -2.2356400e-02
  -2.3268600e-02
  -2.3837800e-02
  -2.4189400e-02
  -2.4446400e-02
  -2.4737200e-02
  -2.5142800e-02
  -2.5713000e-02
  -2.6471400e-02
  -2.7398300e-02
  -2.8398400e-02
  -2.9296400e-02
  -2.9895500e-02
  -3.0007100e-02
  -2.9489400e-02
  -2.8343300e-02
  -2.6722800e-02
  -2.4926400e-02
  -2.3322800e-02
  -2.2086100e-02
  -2.1069500e-02
  -2.0007400e-02
  -1.8698600e-02
  -1.7100100e-02
  -1.5293300e-02
  -1.3394300e-02
  -1.1540900e-02
  -9.8807100e-03
  -8.5460100e-03
  -7.5891600e-03
  -6.9560700e-03
  -6.5222400e-03
  -6.1196900e-03
  -5.5292600e-03
  -4.5768100e-03
  -3.2461400e-03
  -1.6655900e-03
  -2.9667500e-05
   1.5029100e-03
   2.8380200e-03
   3.9487900e-03
   4.8189800e-03
   5.3781500e-03
   5.5582400e-03
   5.3916200e-03
   5.0436200e-03
   4.7112100e-03
   4.4735800e-03
   4.3198700e-03
   4.2552700e-03
   4.2787800e-03
   4.3499800e-03
   4.4105700e-03
   4.3791200e-03
   4.1427800e-03
   3.6077500e-03
   2.7373100e-03
   1.5448900e-03
   1.1407300e-04
  -1.4340100e-03
  -2.9558500e-03
  -4.2707900e-03
  -5.2895500e-03
  -6.1264400e-03
  -7.0005200e-03
  -8.0653000e-03
  -9.3452100e-03
  -1.0759400e-02
  -1.2153100e-02
  -1.3319600e-02
  -1.4109900e-02
  -1.4537800e-02
  -1.4719800e-02
  -1.4805400e-02
  -1.4955500e-02
  -1.5228800e-02
  -1.5507600e-02
  -1.5576500e-02
  -1.5251600e-02
  -1.4501000e-02
  -1.3449300e-02
  -1.2236000e-02
  -1.0948200e-02
  -9.5909200e-03
  -8.1738700e-03
  -6.7978200e-03
  -5.5826000e-03
  -4.5451700e-03
  -3.5951400e-03
  -2.6498300e-03
  -1.7365100e-03
  -9.3954900e-04
  -2.7920300e-04
   2.8219100e-04
   7.1067100e-04
   9.4778500e-04
   9.5873300e-04
   7.7035600e-04
   4.6930400e-04
   1.7351700e-04
   9.5608200e-05
   4.8560700e-04
   1.4637600e-03
   2.9251700e-03
   4.6123200e-03
   6.2159900e-03
   7.4379800e-03
   8.0165000e-03
   7.8177700e-03
   6.9511500e-03
   5.7463100e-03
   4.5911400e-03
   3.7407300e-03
   3.2674500e-03
   3.1381600e-03
   3.2343100e-03
   3.4440400e-03
   3.6908800e-03
   3.8969600e-03
   3.9997500e-03
   3.9533700e-03
   3.7287600e-03
   3.2403800e-03
   2.3965500e-03
   1.1612400e-03
  -4.6129600e-04
  -2.4161100e-03
  -4.5096200e-03
  -6.4866000e-03
  -8.1690500e-03
  -9.5017400e-03
  -1.0460700e-02
  -1.0992300e-02
  -1.1067600e-02
  -1.0710200e-02
  -1.0054800e-02
  -9.3034700e-03
  -8.5746300e-03
  -7.9532900e-03
  -7.5313500e-03
  -7.3489200e-03
  -7.3228700e-03
  -7.2468200e-03
  -6.9080800e-03
  -6.1533700e-03
  -4.8398600e-03
  -2.8745000e-03
  -2.5982400e-04
   2.8925300e-03
   6.4237100e-03
   1.0249500e-02
   1.4361800e-02
   1.8663900e-02
   2.2914400e-02
   2.6854100e-02
   3.0322600e-02
   3.3269100e-02
   3.5702900e-02
   3.7675400e-02
   3.9221400e-02
   4.0351500e-02
   4.1056600e-02
   4.1366100e-02
   4.1382700e-02
   4.1250900e-02
   4.1061500e-02
   4.0809100e-02
   4.0462900e-02
   4.0039600e-02
   3.9636800e-02
   3.9376800e-02
   3.9369800e-02
   3.9677300e-02
   4.0265300e-02
   4.1005000e-02
   4.1715000e-02
   4.2234800e-02
   4.2457600e-02
   4.2376900e-02
   4.2054100e-02
   4.1584800e-02
   4.1066400e-02
   4.0593700e-02
   4.0255400e-02
   4.0053200e-02
   3.9911300e-02
   3.9676600e-02
   3.9154100e-02
   3.8224100e-02
   3.6829400e-02
   3.4924400e-02
   3.2537300e-02
   2.9798800e-02
   2.6912100e-02
   2.4033300e-02
   2.1176200e-02
   1.8347900e-02
   1.5621400e-02
   1.3091800e-02
   1.0891700e-02
   9.1743700e-03
   7.9950500e-03
   7.2942500e-03
   6.9318100e-03
   6.7192300e-03
   6.4392900e-03
   5.8676500e-03
   4.7819900e-03
   3.0318800e-03
   5.7843300e-04
  -2.4917800e-03
  -5.9782800e-03
  -9.6202200e-03
  -1.3104900e-02
  -1.6131400e-02
  -1.8557700e-02
  -2.0426700e-02
  -2.1792800e-02
  -2.2572900e-02
  -2.2670100e-02
  -2.2139900e-02
  -2.1207800e-02
  -2.0085900e-02
  -1.8930500e-02
  -1.7889000e-02
  -1.7046400e-02
  -1.6328600e-02
  -1.5598400e-02
  -1.4766200e-02
  -1.3791500e-02
  -1.2712600e-02
  -1.1571600e-02
  -1.0392600e-02
  -9.1508700e-03
  -7.7965100e-03
  -6.3009400e-03
  -4.6729100e-03
  -2.9376500e-03
  -1.1703200e-03
   5.0399200e-04
   2.0077200e-03
   3.3458800e-03
   4.4962500e-03
   5.3623800e-03
   5.8158400e-03
   5.7957300e-03
   5.3222800e-03
   4.4283300e-03
   3.1647900e-03
   1.6104900e-03
  -1.1655700e-04
  -1.9122900e-03
  -3.6829500e-03
  -5.2532300e-03
  -6.4022500e-03
  -6.9397700e-03
  -6.8381600e-03
  -6.3447200e-03
  -5.8874300e-03
  -5.8234500e-03
  -6.2801800e-03
  -7.0878400e-03
  -7.9675700e-03
  -8.7426700e-03
  -9.3787300e-03
  -9.8797200e-03
  -1.0233300e-02
  -1.0364700e-02
  -1.0189600e-02
  -9.6870300e-03
  -8.9570600e-03
  -8.1600200e-03
  -7.4373600e-03
  -6.8491800e-03
  -6.3777500e-03
  -5.9574200e-03
  -5.5824400e-03
  -5.3635000e-03
  -5.3615900e-03
  -5.5391200e-03
  -5.8151000e-03
  -6.0376800e-03
  -6.0153100e-03
  -5.5999300e-03
  -4.7319000e-03
  -3.4794100e-03
  -1.9384800e-03
  -1.3509400e-04
   1.9052600e-03
   4.2008200e-03
   6.7487000e-03
   9.4725800e-03
   1.2272200e-02
   1.5100400e-02
   1.7999100e-02
   2.0974100e-02
   2.3939100e-02
   2.6735500e-02
   2.9241300e-02
   3.1455000e-02
   3.3427800e-02
   3.5172100e-02
   3.6659900e-02
   3.7855800e-02
   3.8834500e-02
   3.9625600e-02
   4.0131200e-02
   4.0296000e-02
   4.0178500e-02
   3.9919700e-02
   3.9699300e-02
   3.9616100e-02
   3.9656300e-02
   3.9743400e-02
   3.9752900e-02
   3.9541500e-02
   3.9057200e-02
   3.8355600e-02
   3.7511100e-02
   3.6542000e-02
   3.5398700e-02
   3.3950400e-02
   3.2031100e-02
   2.9507100e-02
   2.6264700e-02
   2.2213600e-02
   1.7343800e-02
   1.1729700e-02
   5.5394200e-03
  -9.7908000e-04
  -7.5502300e-03
  -1.3773500e-02
  -1.9110100e-02
  -2.3215300e-02
  -2.6261300e-02
  -2.8885600e-02
  -3.1717300e-02
  -3.4995700e-02
  -3.8550600e-02
  -4.2105400e-02
  -4.5555900e-02
  -4.8978600e-02
  -5.2408000e-02
  -5.5683500e-02
  -5.8563500e-02
  -6.0903900e-02
  -6.2727100e-02
  -6.4152800e-02
  -6.5308200e-02
  -6.6277800e-02
  -6.7124000e-02
  -6.7960200e-02
  -6.8872000e-02
  -6.9837600e-02
  -7.0725600e-02
  -7.1390200e-02
  -7.1686000e-02
  -7.1506400e-02
  -7.0844400e-02
  -6.9748100e-02
  -6.8228000e-02
  -6.6304800e-02
  -6.4002100e-02
  -6.1306900e-02
  -5.8214600e-02
  -5.4758500e-02
  -5.0980300e-02
  -4.6919900e-02
  -4.2638400e-02
  -3.8239800e-02
  -3.3895800e-02
  -2.9781100e-02
  -2.6016600e-02
  -2.2673900e-02
  -1.9779900e-02
  -1.7350400e-02
  -1.5412600e-02
  -1.4031800e-02
  -1.3242800e-02
  -1.2994000e-02
  -1.3204500e-02
  -1.3724800e-02
  -1.4351600e-02
  -1.4964800e-02
  -1.5482700e-02
  -1.5778300e-02
  -1.5720800e-02
  -1.5271000e-02
  -1.4531400e-02
  -1.3710000e-02
  -1.3007000e-02
  -1.2541600e-02
  -1.2327400e-02
  -1.2281900e-02
  -1.2301900e-02
  -1.2319000e-02
  -1.2336900e-02
  -1.2363400e-02
  -1.2318000e-02
  -1.2019800e-02
  -1.1292200e-02
  -1.0087500e-02
  -8.5098900e-03
  -6.7675300e-03
  -5.0439600e-03
  -3.4039400e-03
  -1.7848200e-03
  -4.8144000e-05
   1.8692100e-03
   3.9427500e-03
   6.1537100e-03
   8.5046200e-03
   1.0908200e-02
   1.3147000e-02
   1.5021200e-02
   1.6388200e-02
   1.7141600e-02
   1.7246600e-02
   1.6737100e-02
   1.5739500e-02
   1.4442500e-02
   1.3091300e-02
   1.1901500e-02
   1.0943100e-02
   1.0179900e-02
   9.5682500e-03
   9.0714400e-03
   8.6458900e-03
   8.3059900e-03
   8.1765200e-03
   8.4396900e-03
   9.2267900e-03
   1.0538900e-02
   1.2248800e-02
   1.4141500e-02
   1.5994300e-02
   1.7651000e-02
   1.9079000e-02
   2.0361200e-02
   2.1556300e-02
   2.2687500e-02
   2.3744100e-02
   2.4659100e-02
   2.5312200e-02
   2.5568300e-02
   2.5331100e-02
   2.4507600e-02
   2.3036900e-02
   2.0929700e-02
   1.8328800e-02
   1.5538800e-02
   1.2903600e-02
   1.0712500e-02
   9.2060700e-03
   8.4810600e-03
   8.4091000e-03
   8.7580300e-03
   9.3111800e-03
   9.9247300e-03
   1.0449900e-02
   1.0780000e-02
   1.0925800e-02
   1.0979000e-02
   1.1069300e-02
   1.1276600e-02
   1.1608600e-02
   1.2082200e-02
   1.2711700e-02
   1.3429500e-02
   1.4066000e-02
   1.4528400e-02
   1.4797700e-02
   1.4865700e-02
   1.4770400e-02
   1.4664600e-02
   1.4711300e-02
   1.4937300e-02
   1.5310000e-02
   1.5757400e-02
   1.6133900e-02
   1.6284600e-02
   1.6131700e-02
   1.5708000e-02
   1.5129200e-02
   1.4509000e-02
   1.3915700e-02
   1.3451700e-02
   1.3189500e-02
   1.3101800e-02
   1.3160000e-02
   1.3335300e-02
   1.3579500e-02
   1.3861600e-02
   1.4124300e-02
   1.4373500e-02
   1.4725100e-02
   1.5310100e-02
   1.6203200e-02
   1.7358200e-02
   1.8596700e-02
   1.9672800e-02
   2.0432900e-02
   2.0885200e-02
   2.1104100e-02
   2.1184100e-02
   2.1222800e-02
   2.1273500e-02
   2.1319300e-02
   2.1288000e-02
   2.1099500e-02
   2.0770500e-02
   2.0428200e-02
   2.0131100e-02
   1.9836700e-02
   1.9528500e-02
   1.9302500e-02
   1.9351900e-02
   1.9829000e-02
   2.0767600e-02
   2.2122800e-02
   2.3797800e-02
   2.5702100e-02
   2.7771300e-02
   2.9916500e-02
   3.2047300e-02
   3.4021300e-02
   3.5654700e-02
   3.6831700e-02
   3.7503200e-02
   3.7671100e-02
   3.7398400e-02
   3.6830300e-02
   3.6135600e-02
   3.5496600e-02
   3.5066500e-02
   3.4906300e-02
   3.4935500e-02
   3.4972900e-02
   3.4877000e-02
   3.4647100e-02
   3.4403400e-02
   3.4233700e-02
   3.4181600e-02
   3.4233700e-02
   3.4275100e-02
   3.4156000e-02
   3.3764400e-02
   3.3054600e-02
   3.2094200e-02
   3.1020600e-02
   2.9941700e-02
   2.8873100e-02
   2.7711100e-02
   2.6351000e-02
   2.4835500e-02
   2.3312900e-02
   2.1908000e-02
   2.0580700e-02
   1.9184800e-02
   1.7559800e-02
   1.5624600e-02
   1.3446400e-02
   1.1186100e-02
   8.9637600e-03
   6.8478100e-03
   4.9374600e-03
   3.3674900e-03
   2.1541700e-03
   1.1273700e-03
   1.2782400e-04
  -9.4970500e-04
  -2.2381100e-03
  -3.8864200e-03
  -6.0309400e-03
  -8.6894600e-03
  -1.1674600e-02
  -1.4658300e-02
  -1.7389600e-02
  -1.9804400e-02
  -2.2068500e-02
  -2.4378300e-02
  -2.6762500e-02
  -2.9151200e-02
  -3.1466300e-02
  -3.3642600e-02
  -3.5627900e-02
  -3.7386800e-02
  -3.8953300e-02
  -4.0378700e-02
  -4.1615900e-02
  -4.2524300e-02
  -4.3000500e-02
  -4.3016400e-02
  -4.2619500e-02
  -4.1936000e-02
  -4.1141600e-02
  -4.0417600e-02
  -3.9885700e-02
  -3.9594400e-02
  -3.9534900e-02
  -3.9630500e-02
  -3.9784100e-02
  -3.9939900e-02
  -4.0082500e-02
  -4.0205200e-02
  -4.0300400e-02
  -4.0358300e-02
  -4.0364500e-02
  -4.0294400e-02
  -4.0070400e-02
  -3.9562400e-02
  -3.8605000e-02
  -3.7094900e-02
  -3.5035200e-02
  -3.2560900e-02
  -2.9909600e-02
  -2.7325500e-02
  -2.4949500e-02
  -2.2865400e-02
  -2.1138100e-02
  -1.9802200e-02
  -1.8844200e-02
  -1.8217600e-02
  -1.7877400e-02
  -1.7755800e-02
  -1.7727500e-02
  -1.7625700e-02
  -1.7366000e-02
  -1.7017200e-02
  -1.6721000e-02
  -1.6600800e-02
  -1.6666300e-02
  -1.6840700e-02
  -1.7004600e-02
  -1.6960600e-02
  -1.6513000e-02
  -1.5605700e-02
  -1.4327600e-02
  -1.2786500e-02
  -1.1054200e-02
  -9.2017800e-03
  -7.2337100e-03
  -5.1354100e-03
  -2.9428800e-03
  -7.2143400e-04
   1.4912100e-03
   3.7345700e-03
   6.1162200e-03
   8.7241600e-03
   1.1515800e-02
   1.4307700e-02
   1.6968400e-02
   1.9523700e-02
   2.1997500e-02
   2.4288900e-02
   2.6222500e-02
   2.7632000e-02
   2.8428700e-02
   2.8633700e-02
   2.8326000e-02
   2.7598200e-02
   2.6601900e-02
   2.5476800e-02
   2.4279300e-02
   2.3030500e-02
   2.1712400e-02
   2.0266800e-02
   1.8661100e-02
   1.6929000e-02
   1.5131100e-02
   1.3355700e-02
   1.1806500e-02
   1.0651500e-02
   9.9079800e-03
   9.5479200e-03
   9.5789700e-03
   9.9686600e-03
   1.0610500e-02
   1.1382700e-02
   1.2153700e-02
   1.2775400e-02
   1.3091600e-02
   1.2951900e-02
   1.2282100e-02
   1.1124800e-02
   9.6495700e-03
   8.0830800e-03
   6.6336900e-03
   5.4150100e-03
   4.4428000e-03
   3.6562100e-03
   2.9307700e-03
   2.1273800e-03
   1.1810700e-03
   5.6255100e-05
  -1.2528200e-03
  -2.7197800e-03
  -4.2989500e-03
  -5.9303300e-03
  -7.4860500e-03
  -8.7826600e-03
  -9.7046400e-03
  -1.0259500e-02
  -1.0581300e-02
  -1.0810100e-02
  -1.0982100e-02
  -1.1055700e-02
  -1.0983500e-02
  -1.0753700e-02
  -1.0465900e-02
  -1.0250200e-02
  -1.0164800e-02
  -1.0203600e-02
  -1.0340200e-02
  -1.0581600e-02
  -1.0947800e-02
  -1.1427400e-02
  -1.2041300e-02
  -1.2837100e-02
  -1.3816800e-02
  -1.4975100e-02
  -1.6301900e-02
  -1.7753100e-02
  -1.9324100e-02
  -2.1033800e-02
  -2.2877700e-02
  -2.4823500e-02
  -2.6793600e-02
  -2.8722600e-02
  -3.0614000e-02
  -3.2469800e-02
  -3.4213600e-02
  -3.5699700e-02
  -3.6830200e-02
  -3.7615900e-02
  -3.8175700e-02
  -3.8621800e-02
  -3.8985500e-02
  -3.9255600e-02
  -3.9364200e-02
  -3.9229600e-02
  -3.8793200e-02
  -3.8031200e-02
  -3.6943700e-02
  -3.5506000e-02
  -3.3632100e-02
  -3.1170300e-02
  -2.7987300e-02
  -2.4023900e-02
  -1.9345100e-02
  -1.4183900e-02
  -8.8624000e-03
  -3.7682000e-03
   7.2390100e-04
   4.4243100e-03
   7.4657100e-03
   1.0148200e-02
   1.2656000e-02
   1.4964600e-02
   1.6958800e-02
   1.8604400e-02
   1.9986300e-02
   2.1160400e-02
   2.2070800e-02
   2.2673700e-02
   2.2959200e-02
   2.2867800e-02
   2.2332400e-02
   2.1345900e-02
   2.0028000e-02
   1.8597800e-02
   1.7217600e-02
   1.5906200e-02
   1.4584300e-02
   1.3140800e-02
   1.1490300e-02
   9.6797100e-03
   7.8786300e-03
   6.2537300e-03
   4.8945300e-03
   3.8089300e-03
   2.9975400e-03
   2.4907400e-03
   2.3105900e-03
   2.3803400e-03
   2.5189300e-03
   2.5442400e-03
   2.3969700e-03
   2.1991000e-03
   2.1479100e-03
   2.4107600e-03
   3.0914400e-03
   4.1570300e-03
   5.4822300e-03
   6.9089600e-03
   8.2574600e-03
   9.3298100e-03
   1.0048700e-02
   1.0500600e-02
   1.0825500e-02
   1.1181900e-02
   1.1719500e-02
   1.2492900e-02
   1.3507600e-02
   1.4764800e-02
   1.6212900e-02
   1.7753100e-02
   1.9285300e-02
   2.0745100e-02
   2.2108300e-02
   2.3397600e-02
   2.4657900e-02
   2.5906400e-02
   2.7133300e-02
   2.8319100e-02
   2.9446300e-02
   3.0506300e-02
   3.1503900e-02
   3.2439900e-02
   3.3249800e-02
   3.3893300e-02
   3.4416400e-02
   3.4906300e-02
   3.5481000e-02
   3.6191900e-02
   3.6962200e-02
   3.7687100e-02
   3.8337700e-02
   3.8899500e-02
   3.9325900e-02
   3.9567700e-02
   3.9639300e-02
   3.9625900e-02
   3.9600700e-02
   3.9582300e-02
   3.9503900e-02
   3.9257300e-02
   3.8719200e-02
   3.7831700e-02
   3.6668700e-02
   3.5395700e-02
   3.4160100e-02
   3.3099100e-02
   3.2306800e-02
   3.1772300e-02
   3.1351300e-02
   3.0857800e-02
   3.0192300e-02
   2.9341700e-02
   2.8311300e-02
   2.7119300e-02
   2.5760600e-02
   2.4188600e-02
   2.2373600e-02
   2.0292200e-02
   1.7956400e-02
   1.5424000e-02
   1.2771500e-02
   1.0121100e-02
   7.6001500e-03
   5.2921600e-03
   3.1932200e-03
   1.1751100e-03
  -9.1334900e-04
  -3.2156200e-03
  -5.9467600e-03
  -9.2505800e-03
  -1.3017300e-02
  -1.6842400e-02
  -2.0256100e-02
  -2.3034300e-02
  -2.5300500e-02
  -2.7344400e-02
  -2.9459500e-02
  -3.1846700e-02
  -3.4541100e-02
  -3.7425700e-02
  -4.0341900e-02
  -4.3090500e-02
  -4.5503200e-02
  -4.7543400e-02
  -4.9258400e-02
  -5.0703200e-02
  -5.1904400e-02
  -5.2953700e-02
  -5.4001500e-02
  -5.5137000e-02
  -5.6391400e-02
  -5.7773300e-02
  -5.9227900e-02
  -6.0686800e-02
  -6.2146200e-02
  -6.3644200e-02
  -6.5185000e-02
  -6.6705100e-02
  -6.8129300e-02
  -6.9424700e-02
  -7.0632700e-02
  -7.1759900e-02
  -7.2778300e-02
  -7.3700100e-02
  -7.4491300e-02
  -7.5043600e-02
  -7.5231800e-02
  -7.4985500e-02
  -7.4219400e-02
  -7.2827600e-02
  -7.0819900e-02
  -6.8271000e-02
  -6.5267200e-02
  -6.1879200e-02
  -5.8226800e-02
  -5.4437000e-02
  -5.0566500e-02
  -4.6615000e-02
  -4.2548800e-02
  -3.8345200e-02
  -3.4101900e-02
  -3.0030800e-02
  -2.6340400e-02
  -2.3144400e-02
  -2.0465200e-02
  -1.8279200e-02
  -1.6563300e-02
  -1.5297700e-02
  -1.4360100e-02
  -1.3546700e-02
  -1.2732800e-02
  -1.1951600e-02
  -1.1257700e-02
  -1.0620100e-02
  -9.9832600e-03
  -9.3350900e-03
  -8.6830800e-03
  -7.9904800e-03
  -7.1698300e-03
  -6.1569300e-03
  -4.8875500e-03
  -3.3383300e-03
  -1.5610800e-03
   3.3126200e-04
   2.2446400e-03
   4.1516700e-03
   6.1560900e-03
   8.3881900e-03
   1.0836200e-02
   1.3371700e-02
   1.5896900e-02
   1.8404200e-02
   2.0931500e-02
   2.3499200e-02
   2.6092000e-02
   2.8631700e-02
   3.1003600e-02
   3.3165300e-02
   3.5183400e-02
   3.7112900e-02
   3.8932900e-02
   4.0615300e-02
   4.2112000e-02
   4.3371800e-02
   4.4374500e-02
   4.5106600e-02
   4.5561400e-02
   4.5789600e-02
   4.5873200e-02
   4.5864600e-02
   4.5726900e-02
   4.5413700e-02
   4.4895900e-02
   4.4117900e-02
   4.3004100e-02
   4.1541600e-02
   3.9803700e-02
   3.7886800e-02
   3.5911900e-02
   3.3971200e-02
   3.2145100e-02
   3.0478800e-02
   2.8899300e-02
   2.7257600e-02
   2.5385900e-02
   2.3180400e-02
   2.0607400e-02
   1.7652900e-02
   1.4276000e-02
   1.0463400e-02
   6.2889900e-03
   1.8667200e-03
  -2.7124200e-03
  -7.3739000e-03
  -1.1947300e-02
  -1.6157700e-02
  -1.9801600e-02
  -2.2893100e-02
  -2.5619700e-02
  -2.8135900e-02
  -3.0424400e-02
  -3.2365900e-02
  -3.3914000e-02
  -3.5129000e-02
  -3.6104300e-02
  -3.6919300e-02
  -3.7651000e-02
  -3.8297200e-02
  -3.8840100e-02
  -3.9314200e-02
  -3.9734300e-02
  -4.0092200e-02
  -4.0387300e-02
  -4.0620900e-02
  -4.0778000e-02
  -4.0857500e-02
  -4.0914700e-02
  -4.0999600e-02
  -4.1135700e-02
  -4.1373100e-02
  -4.1751400e-02
  -4.2251300e-02
  -4.2780400e-02
  -4.3231800e-02
  -4.3540200e-02
  -4.3665900e-02
  -4.3531500e-02
  -4.3137100e-02
  -4.2586100e-02
  -4.1989800e-02
  -4.1374200e-02
  -4.0725500e-02
  -4.0060900e-02
  -3.9433900e-02
  -3.8943500e-02
  -3.8676900e-02
  -3.8582700e-02
  -3.8513200e-02
  -3.8334100e-02
  -3.8006900e-02
  -3.7551300e-02
  -3.6935500e-02
  -3.5998400e-02
  -3.4580700e-02
  -3.2715000e-02
  -3.0526400e-02
  -2.8151700e-02
  -2.5750000e-02
  -2.3554900e-02
  -2.1804400e-02
  -2.0580200e-02
  -1.9863700e-02
  -1.9631400e-02
  -1.9858900e-02
  -2.0517100e-02
  -2.1490300e-02
  -2.2616800e-02
  -2.3783800e-02
  -2.4926600e-02
  -2.5950900e-02
  -2.6746600e-02
  -2.7283300e-02
  -2.7613500e-02
  -2.7793100e-02
  -2.7870900e-02
  -2.7860200e-02
  -2.7796500e-02
  -2.7816300e-02
  -2.8072800e-02
  -2.8652100e-02
  -2.9517900e-02
  -3.0582700e-02
  -3.1742900e-02
  -3.2870700e-02
  -3.3808800e-02
  -3.4426100e-02
  -3.4674500e-02
  -3.4586200e-02
  -3.4185000e-02
  -3.3437800e-02
  -3.2387800e-02
  -3.1196800e-02
  -2.9995300e-02
  -2.8794600e-02
  -2.7564800e-02
  -2.6249400e-02
  -2.4817000e-02
  -2.3296000e-02
  -2.1729900e-02
  -2.0133000e-02
  -1.8473200e-02
  -1.6768700e-02
  -1.5055300e-02
  -1.3386400e-02
  -1.1745500e-02
  -1.0009600e-02
  -8.1570900e-03
  -6.2937100e-03
  -4.4629200e-03
  -2.6409800e-03
  -8.4592400e-04
   8.4327800e-04
   2.3307400e-03
   3.5688500e-03
   4.5339400e-03
   5.2249800e-03
   5.6336600e-03
   5.7597100e-03
   5.6340400e-03
   5.2989400e-03
   4.7729000e-03
   4.0231200e-03
   3.0512100e-03
   1.9474700e-03
   8.8866800e-04
  -2.9184800e-06
  -7.5163600e-04
  -1.4081300e-03
  -1.9593100e-03
  -2.4011600e-03
  -2.7858400e-03
  -3.1841800e-03
  -3.6655100e-03
  -4.2688700e-03
  -5.0111100e-03
  -5.9205300e-03
  -7.0487500e-03
  -8.4039700e-03
  -9.8608800e-03
  -1.1218900e-02
  -1.2317100e-02
  -1.3046200e-02
  -1.3323700e-02
  -1.3093000e-02
  -1.2428400e-02
  -1.1446500e-02
  -1.0197100e-02
  -8.7686500e-03
  -7.2801100e-03
  -5.8057100e-03
  -4.3259000e-03
  -2.7667700e-03
  -1.0963300e-03
   6.4452100e-04
   2.4097400e-03
   4.1923800e-03
   5.9773700e-03
   7.7225800e-03
   9.4629300e-03
   1.1316800e-02
   1.3341400e-02
   1.5497700e-02
   1.7684500e-02
   1.9821200e-02
   2.1909400e-02
   2.3988600e-02
   2.6005900e-02
   2.7777200e-02
   2.9118500e-02
   2.9951700e-02
   3.0296900e-02
   3.0204400e-02
   2.9768400e-02
   2.9126300e-02
   2.8404700e-02
   2.7685000e-02
   2.6996400e-02
   2.6377700e-02
   2.5860700e-02
   2.5451800e-02
   2.5169000e-02
   2.5025100e-02
   2.5018500e-02
   2.5164700e-02
   2.5425900e-02
   2.5787600e-02
   2.6263500e-02
   2.6840300e-02
   2.7437200e-02
   2.7935300e-02
   2.8219000e-02
   2.8230400e-02
   2.7983200e-02
   2.7499100e-02
   2.6770900e-02
   2.5804600e-02
   2.4666800e-02
   2.3423500e-02
   2.2042900e-02
   2.0408700e-02
   1.8481500e-02
   1.6312200e-02
   1.3969500e-02
   1.1509400e-02
   8.9802800e-03
   6.3830200e-03
   3.6156600e-03
   5.7104200e-04
  -2.6697300e-03
  -5.8277400e-03
  -8.7082500e-03
  -1.1414900e-02
  -1.4130400e-02
  -1.6857100e-02
  -1.9402100e-02
  -2.1470700e-02
  -2.2855500e-02
  -2.3566000e-02
  -2.3714600e-02
  -2.3437400e-02
  -2.2882000e-02
  -2.2223400e-02
  -2.1635400e-02
  -2.1185600e-02
  -2.0857400e-02
  -2.0666200e-02
  -2.0672600e-02
  -2.0884100e-02
  -2.1183500e-02
  -2.1394100e-02
  -2.1446400e-02
  -2.1333800e-02
  -2.0978400e-02
  -2.0300300e-02
  -1.9234500e-02
  -1.7776300e-02
  -1.5994900e-02
  -1.3952200e-02
  -1.1691700e-02
  -9.2008800e-03
  -6.4564400e-03
  -3.4983500e-03
  -3.9342200e-04
   2.7545600e-03
   5.7222800e-03
   8.3040000e-03
   1.0550400e-02
   1.2711500e-02
   1.5004700e-02
   1.7492100e-02
   2.0102000e-02
   2.2754600e-02
   2.5491400e-02
   2.8418600e-02
   3.1524800e-02
   3.4708200e-02
   3.7872500e-02
   4.0952100e-02
   4.3838700e-02
   4.6385200e-02
   4.8498400e-02
   5.0176500e-02
   5.1464000e-02
   5.2402600e-02
   5.3105100e-02
   5.3725800e-02
   5.4391500e-02
   5.5144800e-02
   5.5999400e-02
   5.6953100e-02
   5.7950500e-02
   5.8948800e-02
   5.9903300e-02
   6.0758800e-02
   6.1437500e-02
   6.1889400e-02
   6.2141500e-02
   6.2276900e-02
   6.2352200e-02
   6.2354600e-02
   6.2260400e-02
   6.2077200e-02
   6.1830700e-02
   6.1523800e-02
   6.1091700e-02
   6.0438100e-02
   5.9541400e-02
   5.8413600e-02
   5.7061100e-02
   5.5504800e-02
   5.3782400e-02
   5.1923100e-02
   4.9948100e-02
   4.7897900e-02
   4.5881600e-02
   4.3983000e-02
   4.2231500e-02
   4.0698400e-02
   3.9487700e-02
   3.8653700e-02
   3.8174100e-02
   3.7971100e-02
   3.7997000e-02
   3.8223800e-02
   3.8573100e-02
   3.8944200e-02
   3.9306400e-02
   3.9759500e-02
   4.0391900e-02
   4.1185800e-02
   4.2026900e-02
   4.2789700e-02
   4.3410000e-02
   4.3895200e-02
   4.4200000e-02
   4.4163200e-02
   4.3658300e-02
   4.2705500e-02
   4.1414500e-02
   3.9874700e-02
   3.8209700e-02
   3.6602700e-02
   3.5170400e-02
   3.3887600e-02
   3.2668800e-02
   3.1443600e-02
   3.0212400e-02
   2.9038000e-02
   2.7988900e-02
   2.7078600e-02
   2.6268400e-02
   2.5531900e-02
   2.4869500e-02
   2.4265600e-02
   2.3627100e-02
   2.2874900e-02
   2.2043100e-02
   2.1153500e-02
   2.0131000e-02
   1.8909400e-02
   1.7510300e-02
   1.6006300e-02
   1.4441400e-02
   1.2830200e-02
   1.1182600e-02
   9.5388400e-03
   7.9920800e-03
   6.6668900e-03
   5.6467600e-03
   4.9203300e-03
   4.4253200e-03
   4.0860100e-03
   3.7891200e-03
   3.4278900e-03
   2.9758900e-03
   2.5084000e-03
   2.1204500e-03
   1.8628100e-03
   1.7526300e-03
   1.7895500e-03
   1.9499600e-03
   2.1607500e-03
   2.3114800e-03
   2.3001700e-03
   2.0515800e-03
   1.5687200e-03
   9.6658200e-04
   3.4195800e-04
  -2.6321700e-04
  -8.0185900e-04
  -1.2964100e-03
  -1.8050800e-03
  -2.3930200e-03
  -3.1385200e-03
  -4.0808100e-03
  -5.1853300e-03
  -6.2972700e-03
  -7.2130400e-03
  -7.8356600e-03
  -8.1552600e-03
  -8.1948800e-03
  -7.9881700e-03
  -7.6110500e-03
  -7.1783800e-03
  -6.8145600e-03
  -6.5636200e-03
  -6.4020100e-03
  -6.3077600e-03
  -6.2366400e-03
  -6.1209300e-03
  -5.8739900e-03
  -5.4785700e-03
  -5.0295600e-03
  -4.6461200e-03
  -4.4125900e-03
  -4.3730400e-03
  -4.5045000e-03
  -4.7390000e-03
  -5.0357500e-03
  -5.3670500e-03
  -5.6607800e-03
  -5.8486700e-03
  -5.9260400e-03
  -5.9410900e-03
  -5.9585600e-03
  -5.9901600e-03
  -6.0499800e-03
  -6.1642800e-03
  -6.3558500e-03
  -6.6143900e-03
  -6.9204300e-03
  -7.2432300e-03
  -7.4911000e-03
  -7.6120000e-03
  -7.6250100e-03
  -7.5565900e-03
  -7.4146600e-03
  -7.1440800e-03
  -6.6796700e-03
  -6.0568000e-03
  -5.3895700e-03
  -4.7782200e-03
  -4.2766800e-03
  -3.9333900e-03
  -3.8403300e-03
  -4.0385300e-03
  -4.4331900e-03
  -4.9083800e-03
  -5.4581700e-03
  -6.1566900e-03
  -7.0713700e-03
  -8.2457200e-03
  -9.6632700e-03
  -1.1246700e-02
  -1.2914200e-02
  -1.4625400e-02
  -1.6366900e-02
  -1.8083400e-02
  -1.9688500e-02
  -2.1082300e-02
  -2.2203500e-02
  -2.3054100e-02
  -2.3692100e-02
  -2.4149100e-02
  -2.4419600e-02
  -2.4553100e-02
  -2.4659800e-02
  -2.4823300e-02
  -2.5059200e-02
  -2.5287100e-02
  -2.5393200e-02
  -2.5374600e-02
  -2.5304200e-02
  -2.5184000e-02
  -2.5004300e-02
  -2.4761400e-02
  -2.4438800e-02
  -2.4067100e-02
  -2.3671400e-02
  -2.3230900e-02
  -2.2760100e-02
  -2.2333400e-02
  -2.2024500e-02
  -2.1809300e-02
  -2.1571900e-02
  -2.1203800e-02
  -2.0601800e-02
  -1.9702100e-02
  -1.8536700e-02
  -1.7226000e-02
  -1.5918000e-02
  -1.4711700e-02
  -1.3661500e-02
  -1.2716400e-02
  -1.1794500e-02
  -1.0877800e-02
  -1.0020600e-02
  -9.2308300e-03
  -8.4083500e-03
  -7.4400800e-03
  -6.3064500e-03
  -5.0723700e-03
  -3.8135300e-03
  -2.6340700e-03
  -1.6530300e-03
  -9.4226600e-04
  -4.9455100e-04
  -2.3091400e-04
  -6.9209400e-05
   3.9558200e-05
   1.3582500e-04
   1.9182200e-04
   1.1806300e-04
  -1.8420000e-04
  -7.9117400e-04
  -1.7495500e-03
  -3.0028100e-03
  -4.3075700e-03
  -5.3879200e-03
  -6.1834600e-03
  -6.8006300e-03
  -7.3265300e-03
  -7.7554700e-03
  -8.0264900e-03
  -8.1075000e-03
  -7.9826700e-03
  -7.6958000e-03
  -7.3770200e-03
  -7.1477500e-03
  -7.1134300e-03
  -7.3291500e-03
  -7.7449000e-03
  -8.3389600e-03
  -9.1011700e-03
  -9.9346400e-03
  -1.0699600e-02
  -1.1321800e-02
  -1.1849000e-02
  -1.2361200e-02
  -1.2880400e-02
  -1.3367900e-02
  -1.3801500e-02
  -1.4183500e-02
  -1.4517700e-02
  -1.4809400e-02
  -1.5121200e-02
  -1.5520300e-02
  -1.6010100e-02
  -1.6572200e-02
  -1.7233100e-02
  -1.8009400e-02
  -1.8873600e-02
  -1.9794700e-02
  -2.0723300e-02
  -2.1626800e-02
  -2.2540500e-02
  -2.3466200e-02
  -2.4353300e-02
  -2.5206700e-02
  -2.6069600e-02
  -2.6938900e-02
  -2.7799900e-02
  -2.8639400e-02
  -2.9462200e-02
  -3.0277200e-02
  -3.1050000e-02
  -3.1763400e-02
  -3.2443300e-02
  -3.3086100e-02
  -3.3604900e-02
  -3.3849800e-02
  -3.3753500e-02
  -3.3340900e-02
  -3.2644400e-02
  -3.1710900e-02
  -3.0632300e-02
  -2.9516500e-02
  -2.8521600e-02
  -2.7775400e-02
  -2.7253600e-02
  -2.6838400e-02
  -2.6445900e-02
  -2.6062300e-02
  -2.5701100e-02
  -2.5342700e-02
  -2.4962600e-02
  -2.4551700e-02
  -2.4102400e-02
  -2.3615600e-02
  -2.3100400e-02
  -2.2562400e-02
  -2.1962100e-02
  -2.1320700e-02
  -2.0745400e-02
  -2.0347200e-02
  -2.0172000e-02
  -2.0191300e-02
  -2.0382300e-02
  -2.0733900e-02
  -2.1151300e-02
  -2.1509900e-02
  -2.1768700e-02
  -2.1890700e-02
  -2.1829300e-02
  -2.1540400e-02
  -2.0908000e-02
  -1.9847400e-02
  -1.8374300e-02
  -1.6519500e-02
  -1.4321200e-02
  -1.1842400e-02
  -9.1663200e-03
  -6.4109400e-03
  -3.6909700e-03
  -1.0541700e-03
   1.4722600e-03
   3.8242900e-03
   5.9110400e-03
   7.7073500e-03
   9.3451200e-03
   1.0943400e-02
   1.2517900e-02
   1.4020000e-02
   1.5377300e-02
   1.6567800e-02
   1.7568300e-02
   1.8338100e-02
   1.8841000e-02
   1.9069000e-02
   1.9026600e-02
   1.8699900e-02
   1.8125100e-02
   1.7369300e-02
   1.6507400e-02
   1.5554000e-02
   1.4408900e-02
   1.2998100e-02
   1.1315900e-02
   9.3964200e-03
   7.3027800e-03
   5.0661600e-03
   2.6384800e-03
   6.6671600e-05
  -2.4919300e-03
  -4.8211200e-03
  -6.7571400e-03
  -8.2917300e-03
  -9.5785200e-03
  -1.0780200e-02
  -1.1873000e-02
  -1.2707900e-02
  -1.3213000e-02
  -1.3482000e-02
  -1.3665000e-02
  -1.3828600e-02
  -1.3903000e-02
  -1.3733500e-02
  -1.3218000e-02
  -1.2326800e-02
  -1.1120600e-02
  -9.6874300e-03
  -8.0526700e-03
  -6.1695600e-03
  -4.0573300e-03
  -1.8508700e-03
   3.0175900e-04
   2.3086400e-03
   4.1473800e-03
   5.8100800e-03
   7.2623200e-03
   8.5445500e-03
   9.7512200e-03
   1.0907700e-02
   1.1929500e-02
   1.2777900e-02
   1.3532900e-02
   1.4308400e-02
   1.5129500e-02
   1.5972400e-02
   1.6870900e-02
   1.7839400e-02
   1.8841200e-02
   1.9855600e-02
   2.0931800e-02
   2.2093000e-02
   2.3275900e-02
   2.4411700e-02
   2.5468900e-02
   2.6397600e-02
   2.7116300e-02
   2.7543700e-02
   2.7629200e-02
   2.7419400e-02
   2.6987400e-02
   2.6360200e-02
   2.5569200e-02
   2.4614800e-02
   2.3455400e-02
   2.2085000e-02
   2.0558200e-02
   1.8933300e-02
   1.7214600e-02
   1.5431000e-02
   1.3683200e-02
   1.2106800e-02
   1.0783600e-02
   9.6843900e-03
   8.7082400e-03
   7.8398200e-03
   7.1191000e-03
   6.4615000e-03
   5.7151100e-03
   4.8149200e-03
   3.8272200e-03
   2.8379600e-03
   1.8736100e-03
   9.4580200e-04
   1.2660000e-04
  -4.8565400e-04
  -8.7924800e-04
  -1.1748100e-03
  -1.5277100e-03
  -1.9978700e-03
  -2.5491900e-03
  -3.0806600e-03
  -3.5277300e-03
  -3.9491700e-03
  -4.4016100e-03
  -4.9135900e-03
  -5.4764200e-03
  -6.0999700e-03
  -6.7725300e-03
  -7.4117100e-03
  -7.9403500e-03
  -8.3140600e-03
  -8.4983700e-03
  -8.4654600e-03
  -8.1983200e-03
  -7.7318800e-03
  -7.1343300e-03
  -6.4570900e-03
  -5.7578200e-03
  -5.0849200e-03
  -4.4736500e-03
  -3.9036200e-03
  -3.3164400e-03
  -2.6791600e-03
  -2.0209100e-03
  -1.4036100e-03
  -8.6865700e-04
  -4.3375200e-04
  -1.2145200e-04
   4.3704200e-06
  -1.1759100e-04
  -4.7399800e-04
  -9.9488200e-04
  -1.5807400e-03
  -2.1555900e-03
  -2.7165800e-03
  -3.2795000e-03
  -3.7794100e-03
  -4.1110300e-03
  -4.2353500e-03
  -4.1898900e-03
  -4.0766800e-03
  -4.0028500e-03
  -3.9661800e-03
  -3.9256700e-03
  -3.9310000e-03
  -4.0478900e-03
  -4.3038900e-03
  -4.7336600e-03
  -5.3103200e-03
  -5.9789400e-03
  -6.7162200e-03
  -7.4554400e-03
  -8.0784000e-03
  -8.5341200e-03
  -8.9157700e-03
  -9.3318200e-03
  -9.8203400e-03
  -1.0327900e-02
  -1.0800200e-02
  -1.1266500e-02
  -1.1804400e-02
  -1.2442800e-02
  -1.3119400e-02
  -1.3762900e-02
  -1.4288900e-02
  -1.4622600e-02
  -1.4715700e-02
  -1.4632300e-02
  -1.4510700e-02
  -1.4398200e-02
  -1.4220900e-02
  -1.3862100e-02
  -1.3254800e-02
  -1.2433900e-02
  -1.1517000e-02
  -1.0619000e-02
  -9.7472000e-03
  -8.7809600e-03
  -7.6297300e-03
  -6.3291000e-03
  -4.9747900e-03
  -3.6607800e-03
  -2.4301200e-03
  -1.2458400e-03
  -5.9244100e-05
   1.0952800e-03
   2.1601200e-03
   3.1403000e-03
   4.0572900e-03
   4.9603300e-03
   5.8721600e-03
   6.7649200e-03
   7.5622900e-03
   8.1776500e-03
   8.5775300e-03
   8.7722400e-03
   8.7729600e-03
   8.5914100e-03
   8.2475400e-03
   7.7869000e-03
   7.2808300e-03
   6.7523200e-03
   6.2266500e-03
   5.8042400e-03
   5.6148200e-03
   5.7447300e-03
   6.2134000e-03
   7.0165300e-03
   8.0853300e-03
   9.3242900e-03
   1.0650800e-02
   1.1940500e-02
   1.3071800e-02
   1.3972800e-02
   1.4611500e-02
   1.5005000e-02
   1.5247200e-02
   1.5506900e-02
   1.5951700e-02
   1.6655100e-02
   1.7629200e-02
   1.8883800e-02
   2.0360800e-02
   2.1904400e-02
   2.3388600e-02
   2.4762800e-02
   2.6021800e-02
   2.7165200e-02
   2.8208700e-02
   2.9164000e-02
   3.0007800e-02
   3.0719300e-02
   3.1286800e-02
   3.1697900e-02
   3.1967800e-02
   3.2122300e-02
   3.2154800e-02
   3.2052200e-02
   3.1845300e-02
   3.1570300e-02
   3.1245800e-02
   3.0923800e-02
   3.0676800e-02
   3.0499700e-02
   3.0280000e-02
   2.9839900e-02
   2.9019000e-02
   2.7747700e-02
   2.6053500e-02
   2.4018400e-02
   2.1738700e-02
   1.9314700e-02
   1.6863300e-02
   1.4494000e-02
   1.2353200e-02
   1.0582700e-02
   9.2210600e-03
   8.2140900e-03
   7.4369400e-03
   6.7547000e-03
   6.0650900e-03
   5.2605300e-03
   4.2708700e-03
   3.1286600e-03
   1.9226400e-03
   7.0909500e-04
  -4.4132900e-04
  -1.4225700e-03
  -2.1791700e-03
  -2.7260300e-03
  -3.1457200e-03
  -3.5560200e-03
  -4.0245800e-03
  -4.4902100e-03
  -4.8209100e-03
  -4.9258700e-03
  -4.7918000e-03
  -4.5240600e-03
  -4.2482300e-03
  -3.9707000e-03
  -3.6959200e-03
  -3.4839100e-03
  -3.3126000e-03
  -3.0763500e-03
  -2.7237300e-03
  -2.2931000e-03
  -1.8232900e-03
  -1.2561500e-03
  -5.3773800e-04
   3.4159800e-04
   1.3644600e-03
   2.4369400e-03
   3.5158600e-03
   4.6585500e-03
   5.9073000e-03
   7.2516500e-03
   8.6773700e-03
   1.0208600e-02
   1.1833300e-02
   1.3455100e-02
   1.4938000e-02
   1.6191900e-02
   1.7189200e-02
   1.7917700e-02
   1.8416100e-02
   1.8790200e-02
   1.9215200e-02
   1.9830500e-02
   2.0673600e-02
   2.1733000e-02
   2.2945200e-02
   2.4201600e-02
   2.5385500e-02
   2.6404600e-02
   2.7226100e-02
   2.7829000e-02
   2.8226800e-02
   2.8407700e-02
   2.8365600e-02
   2.8156100e-02
   2.7855000e-02
   2.7521300e-02
   2.7229700e-02
   2.7046900e-02
   2.6969800e-02
   2.6988300e-02
   2.7049600e-02
   2.7033000e-02
   2.6815100e-02
   2.6369500e-02
   2.5735700e-02
   2.4963500e-02
   2.4125700e-02
   2.3285400e-02
   2.2499100e-02
   2.1821000e-02
   2.1247400e-02
   2.0756800e-02
   2.0346900e-02
   2.0011700e-02
   1.9723500e-02
   1.9433900e-02
   1.9077600e-02
   1.8619800e-02
   1.8048900e-02
   1.7353300e-02
   1.6528300e-02
   1.5581000e-02
   1.4540500e-02
   1.3452600e-02
   1.2348000e-02
   1.1264000e-02
   1.0272100e-02
   9.4106300e-03
   8.7114400e-03
   8.1919600e-03
   7.8318000e-03
   7.5728200e-03
   7.3596500e-03
   7.1703800e-03
   6.9689700e-03
   6.7206500e-03
   6.4756100e-03
   6.3326600e-03
   6.3349300e-03
   6.4851900e-03
   6.7995000e-03
   7.2820900e-03
   7.9272000e-03
   8.7173300e-03
   9.6356600e-03
   1.0659500e-02
   1.1732600e-02
   1.2762500e-02
   1.3644300e-02
   1.4291200e-02
   1.4675600e-02
   1.4820900e-02
   1.4760500e-02
   1.4521600e-02
   1.4116500e-02
   1.3535600e-02
   1.2787300e-02
   1.1835100e-02
   1.0666800e-02
   9.3387400e-03
   7.9526600e-03
   6.5951800e-03
   5.3309700e-03
   4.2409700e-03
   3.3829100e-03
   2.7188700e-03
   2.1045500e-03
   1.3714000e-03
   4.6109900e-04
  -5.2722800e-04
  -1.4349800e-03
  -2.1467600e-03
  -2.6345100e-03
  -2.8796700e-03
  -2.8434000e-03
  -2.5330400e-03
  -2.0302400e-03
  -1.4627000e-03
  -9.5259600e-04
  -5.2504600e-04
  -1.5174900e-04
   2.2888300e-04
   7.1369300e-04
   1.3095800e-03
   1.8969900e-03
   2.3866500e-03
   2.7786600e-03
   3.0839200e-03
   3.2404700e-03
   3.1858000e-03
   2.9071300e-03
   2.4407000e-03
   1.8207500e-03
   1.0765100e-03
   2.6457900e-04
  -5.5076900e-04
  -1.3401400e-03
  -2.1747300e-03
  -3.1583100e-03
  -4.2792100e-03
  -5.4063900e-03
  -6.3369400e-03
  -6.8983100e-03
  -7.0496800e-03
  -6.8959300e-03
