  -4.6561700e-02
  -4.9456100e-02
  -5.2624400e-02
  -5.5925400e-02
  -5.9142500e-02
  -6.1533200e-02
  -6.1801100e-02
  -6.0105600e-02
  -5.7956900e-02
  -5.6867000e-02
  -5.7185100e-02
  -5.7768800e-02
  -5.7494300e-02
  -5.6054700e-02
  -5.3755200e-02
  -5.1294500e-02
  -4.9275700e-02
  -4.7535500e-02
  -4.4573700e-02
  -3.9087900e-02
  -3.1366500e-02
  -2.2610700e-02
  -1.4544000e-02
  -8.3329900e-03
  -4.2648400e-03
  -1.5357400e-03
   1.0226100e-03
   3.5396500e-03
   5.1595100e-03
   5.6389600e-03
   5.6262800e-03
   5.6853200e-03
   6.0909400e-03
   6.9738800e-03
   8.1378200e-03
   9.8668800e-03
   1.1947700e-02
   1.3476600e-02
   1.4014100e-02
   1.3504000e-02
   1.1877700e-02
   9.1913500e-03
   6.3226500e-03
   4.5393300e-03
   3.9700300e-03
   3.4517800e-03
   2.1031300e-03
   6.7008600e-04
   3.8878600e-04
   1.8400400e-03
   4.8295500e-03
   8.8105500e-03
   1.2645400e-02
   1.5550700e-02
   1.7908900e-02
   2.0017300e-02
   2.2004400e-02
   2.3726200e-02
   2.4459600e-02
   2.3930600e-02
   2.2400000e-02
   2.0899100e-02
   2.0294800e-02
   2.0291500e-02
   2.0407600e-02
   1.9283400e-02
   1.5678300e-02
   1.0312800e-02
   5.6529700e-03
   3.0941900e-03
   1.5823100e-03
  -1.0140100e-03
  -5.8174700e-03
  -1.2206100e-02
  -1.8312500e-02
  -2.2343400e-02
  -2.4144300e-02
  -2.4772300e-02
  -2.5891700e-02
  -2.8478100e-02
  -3.2775300e-02
  -3.8430300e-02
  -4.4297800e-02
  -4.8837800e-02
  -5.1339200e-02
  -5.2838800e-02
  -5.4935500e-02
  -5.7658800e-02
  -6.0133200e-02
  -6.2180700e-02
  -6.4084500e-02
  -6.5722200e-02
  -6.7068300e-02
  -6.8522300e-02
  -7.0084800e-02
  -7.1311400e-02
  -7.1480800e-02
  -7.0275300e-02
  -6.7697100e-02
  -6.3559100e-02
  -5.8355100e-02
  -5.2856800e-02
  -4.6546700e-02
  -3.8792100e-02
  -3.0494400e-02
  -2.3203800e-02
  -1.7736500e-02
  -1.3656600e-02
  -1.0181500e-02
  -6.7471800e-03
  -3.3087400e-03
  -2.9186600e-04
   2.5352200e-03
   5.2456800e-03
   7.7232100e-03
   1.0694200e-02
   1.4497200e-02
   1.8786600e-02
   2.2972800e-02
   2.5913500e-02
   2.7341300e-02
   2.8024300e-02
   2.8726000e-02
   2.9642000e-02
   3.0476700e-02
   3.0808300e-02
   3.0630300e-02
   3.0248100e-02
   2.9976000e-02
   2.9817200e-02
   2.9956600e-02
   3.0848300e-02
   3.2672100e-02
   3.4948600e-02
   3.6493100e-02
   3.6967500e-02
   3.6655800e-02
   3.6109900e-02
   3.5347200e-02
   3.3975400e-02
   3.2361700e-02
   3.0945200e-02
   2.9679600e-02
   2.8507100e-02
   2.7927300e-02
   2.8122500e-02
   2.8784100e-02
   2.9430700e-02
   2.9912600e-02
   3.0182600e-02
   3.0071700e-02
   2.9493000e-02
   2.8374300e-02
   2.6615200e-02
   2.4842900e-02
   2.3827100e-02
   2.3609800e-02
   2.4296600e-02
   2.6304500e-02
   2.9697700e-02
   3.3584500e-02
   3.6692900e-02
   3.8479700e-02
   3.8943500e-02
   3.8809500e-02
   3.9294500e-02
   4.1266100e-02
   4.3891900e-02
   4.5494200e-02
   4.5494200e-02
   4.4872700e-02
   4.4095500e-02
   4.3067600e-02
   4.1817900e-02
   4.0622100e-02
   3.9020300e-02
   3.6223800e-02
   3.2759400e-02
   2.9428700e-02
   2.6563700e-02
   2.4063100e-02
   2.1142300e-02
   1.7090100e-02
   1.2054400e-02
   6.7637000e-03
   2.1644500e-03
  -1.5626700e-03
  -4.6840800e-03
  -6.9970000e-03
  -8.2663700e-03
  -8.8039300e-03
  -9.0851400e-03
  -9.1828000e-03
  -9.3139300e-03
  -9.9224000e-03
  -1.0730400e-02
  -1.1263400e-02
  -1.1886400e-02
  -1.2522000e-02
  -1.3010200e-02
  -1.3875800e-02
  -1.5667300e-02
  -1.7802000e-02
  -1.9400800e-02
  -2.0603800e-02
  -2.1863900e-02
  -2.2867000e-02
  -2.3405800e-02
  -2.3650000e-02
  -2.3377400e-02
  -2.2439600e-02
  -2.1127300e-02
  -1.9741500e-02
  -1.8434500e-02
  -1.7390400e-02
  -1.6204500e-02
  -1.4916700e-02
  -1.3491100e-02
  -1.1905500e-02
  -1.0348500e-02
  -8.8259200e-03
  -7.2566900e-03
  -5.7304000e-03
  -4.6030900e-03
  -3.7059500e-03
  -2.5760700e-03
  -1.2467000e-03
  -3.3026300e-04
  -8.9348500e-04
  -3.4615900e-03
  -7.7641400e-03
  -1.3214500e-02
  -1.8999500e-02
  -2.3870000e-02
  -2.7282200e-02
  -2.9257000e-02
  -3.0276400e-02
  -3.0886600e-02
  -3.1454600e-02
  -3.2231900e-02
  -3.3623000e-02
  -3.5803200e-02
  -3.8252300e-02
  -4.0998400e-02
  -4.4685700e-02
  -4.9438100e-02
  -5.4455600e-02
  -5.9444600e-02
  -6.3983500e-02
  -6.7289300e-02
  -6.9143300e-02
  -6.9776900e-02
  -6.9241800e-02
  -6.7308600e-02
  -6.4657200e-02
  -6.2263700e-02
  -6.0417300e-02
  -5.9511200e-02
  -5.9986900e-02
  -6.1728600e-02
  -6.4142300e-02
  -6.6706000e-02
  -6.8955900e-02
  -7.0681000e-02
  -7.1781200e-02
  -7.1883800e-02
  -7.0819900e-02
  -6.8755200e-02
  -6.6348300e-02
  -6.4034200e-02
  -6.1553400e-02
  -5.9066100e-02
  -5.7123000e-02
  -5.6046400e-02
  -5.5202700e-02
  -5.4479000e-02
  -5.3882000e-02
  -5.3224900e-02
  -5.2395000e-02
  -5.1299000e-02
  -4.9905700e-02
  -4.8429900e-02
  -4.6819100e-02
  -4.4676900e-02
  -4.1818200e-02
  -3.8556600e-02
  -3.4991000e-02
  -3.1023700e-02
  -2.6922200e-02
  -2.3402000e-02
  -2.0723000e-02
  -1.8545200e-02
  -1.6319000e-02
  -1.4135900e-02
  -1.2547100e-02
  -1.1891700e-02
  -1.1828400e-02
  -1.1839200e-02
  -1.1343400e-02
  -9.7658400e-03
  -6.6132800e-03
  -2.5694400e-03
   1.0163600e-03
   3.2248900e-03
   3.6867300e-03
   3.0665500e-03
   2.9361000e-03
   4.1435500e-03
   6.3859700e-03
   9.0342300e-03
   1.1614900e-02
   1.3650800e-02
   1.5131700e-02
   1.5900800e-02
   1.5812600e-02
   1.5455900e-02
   1.5227100e-02
   1.4640800e-02
   1.3473300e-02
   1.1204800e-02
   7.6934700e-03
   4.0112600e-03
   1.2598600e-03
  -4.6543400e-04
  -2.0069500e-03
  -4.0751500e-03
  -5.8910000e-03
  -6.3593300e-03
  -5.4501400e-03
  -4.2455600e-03
  -3.6637600e-03
  -3.6142200e-03
  -3.4464100e-03
  -3.2440500e-03
  -3.3993100e-03
  -3.9276600e-03
  -4.6047000e-03
  -5.5199400e-03
  -7.2566900e-03
  -1.0072600e-02
  -1.2859900e-02
  -1.4608800e-02
  -1.5227800e-02
  -1.5065200e-02
  -1.4262100e-02
  -1.3000500e-02
  -1.2061900e-02
  -1.1889500e-02
  -1.2433600e-02
  -1.3364000e-02
  -1.4487900e-02
  -1.5882200e-02
  -1.7234000e-02
  -1.8074900e-02
  -1.8516900e-02
  -1.9085800e-02
  -1.9991400e-02
  -2.1328800e-02
  -2.3098300e-02
  -2.4761700e-02
  -2.5960000e-02
  -2.7096300e-02
  -2.8566600e-02
  -3.0226400e-02
  -3.1591800e-02
  -3.2739800e-02
  -3.4308500e-02
  -3.6294700e-02
  -3.7789700e-02
  -3.7940200e-02
  -3.7064300e-02
  -3.6089400e-02
  -3.4888000e-02
  -3.3127000e-02
  -3.1356900e-02
  -2.9676500e-02
  -2.7442900e-02
  -2.4401100e-02
  -2.0938000e-02
  -1.7297800e-02
  -1.3658000e-02
  -1.0079700e-02
  -6.3598100e-03
  -2.7472200e-03
   4.8963600e-04
   3.8428400e-03
   7.8320000e-03
   1.2073800e-02
   1.5935800e-02
   1.9090700e-02
   2.1887400e-02
   2.4986400e-02
   2.8506800e-02
   3.2023700e-02
   3.5630300e-02
   3.9529000e-02
   4.3250300e-02
   4.6490900e-02
   4.9412900e-02
   5.1875400e-02
   5.3852400e-02
   5.5817000e-02
   5.7670000e-02
   5.8824600e-02
   5.9099600e-02
   5.8840200e-02
   5.8483800e-02
   5.8168000e-02
   5.7905500e-02
   5.7901000e-02
   5.8589700e-02
   5.9988700e-02
   6.1805200e-02
   6.4044300e-02
   6.6536500e-02
   6.8433800e-02
   6.8843800e-02
   6.7897800e-02
   6.6616400e-02
   6.5144200e-02
   6.3295700e-02
   6.1255900e-02
   5.9647100e-02
   5.8515700e-02
   5.7085200e-02
   5.4628300e-02
   5.1003100e-02
   4.6038300e-02
   4.0270700e-02
   3.4394700e-02
   2.9232900e-02
   2.5358700e-02
   2.2356600e-02
   1.9644800e-02
   1.7005800e-02
   1.4553700e-02
   1.2986800e-02
   1.2793400e-02
   1.3187000e-02
   1.3100400e-02
   1.2252300e-02
   1.0751800e-02
   8.5682300e-03
   6.6542000e-03
   6.3275700e-03
   7.4908000e-03
   9.5358000e-03
   1.1779100e-02
   1.3889400e-02
   1.6225800e-02
   1.8646100e-02
   2.0823800e-02
   2.3066500e-02
   2.5833600e-02
   2.8543500e-02
   3.0272600e-02
   3.0780000e-02
   3.0910800e-02
   3.1034500e-02
   3.1174200e-02
   3.1794800e-02
   3.2746800e-02
   3.3173500e-02
   3.2551700e-02
   3.1442200e-02
   3.0564000e-02
   3.0386200e-02
   3.1033100e-02
   3.2441500e-02
   3.3838800e-02
   3.4661900e-02
   3.6207500e-02
   3.9186200e-02
   4.2955000e-02
   4.6495900e-02
   4.9102900e-02
   5.0511700e-02
   5.0360400e-02
   4.8824900e-02
   4.7016000e-02
   4.5993200e-02
   4.6053100e-02
   4.6592800e-02
   4.6935100e-02
   4.6638000e-02
   4.4964600e-02
   4.1731700e-02
   3.7280900e-02
   3.1988200e-02
   2.6400200e-02
   2.0983000e-02
   1.5888800e-02
   1.1169900e-02
   6.9940900e-03
   3.3368700e-03
  -8.4177900e-05
  -4.2835900e-03
  -9.6952300e-03
  -1.5419100e-02
  -2.0709700e-02
  -2.5198500e-02
  -2.8896500e-02
  -3.1799900e-02
  -3.4439800e-02
  -3.7121700e-02
  -3.9240500e-02
  -4.0601600e-02
  -4.1539300e-02
  -4.2346700e-02
  -4.3659900e-02
  -4.5921700e-02
  -4.8686100e-02
  -5.0919300e-02
  -5.2393600e-02
  -5.3375400e-02
  -5.3633000e-02
  -5.2613200e-02
  -4.9848200e-02
  -4.5602300e-02
  -4.0943900e-02
  -3.6455600e-02
  -3.2284200e-02
  -2.8734800e-02
  -2.5961000e-02
  -2.4033600e-02
  -2.2643300e-02
  -2.2002100e-02
  -2.2765200e-02
  -2.5277200e-02
  -2.8662700e-02
  -3.1531100e-02
  -3.2989700e-02
  -3.2462200e-02
  -3.0447500e-02
  -2.7494000e-02
  -2.4211900e-02
  -2.1577200e-02
  -2.0346300e-02
  -2.0334600e-02
  -2.1230300e-02
  -2.3040800e-02
  -2.5523500e-02
  -2.8290600e-02
  -3.1307100e-02
  -3.4573800e-02
  -3.7634800e-02
  -3.9439000e-02
  -3.9609100e-02
  -3.9195400e-02
  -3.9463700e-02
  -4.0012200e-02
  -3.9505000e-02
  -3.7786900e-02
  -3.6343200e-02
  -3.7325800e-02
  -4.1106700e-02
  -4.6020300e-02
  -4.9385200e-02
  -4.9285100e-02
  -4.6724900e-02
  -4.4263900e-02
  -4.2870000e-02
  -4.1466200e-02
  -3.9109600e-02
  -3.6187100e-02
  -3.3437100e-02
  -3.1179500e-02
  -3.0336800e-02
  -3.1787900e-02
  -3.5309900e-02
  -3.9342800e-02
  -4.2150400e-02
  -4.2941400e-02
  -4.2285500e-02
  -4.0949900e-02
  -3.9064300e-02
  -3.6582800e-02
  -3.3210300e-02
  -2.7991100e-02
  -2.0883000e-02
  -1.3138100e-02
  -6.0670600e-03
  -3.7825400e-04
   3.8089000e-03
   6.4706400e-03
   8.4629400e-03
   1.0952100e-02
   1.4593800e-02
   1.9601600e-02
   2.5157000e-02
   3.0258300e-02
   3.5251800e-02
   4.0675100e-02
   4.6645800e-02
   5.3021300e-02
   5.9312900e-02
   6.4718800e-02
   6.7811500e-02
   6.8207400e-02
   6.6837200e-02
   6.5321400e-02
   6.4628000e-02
   6.4897700e-02
   6.5963600e-02
   6.7568800e-02
   6.9350200e-02
   7.1149200e-02
   7.3010200e-02
   7.4525000e-02
   7.5411100e-02
   7.6001100e-02
   7.5906200e-02
   7.4232300e-02
   7.0962900e-02
   6.6790900e-02
   6.2555800e-02
   5.8595100e-02
   5.4436700e-02
   5.0233400e-02
   4.6482900e-02
   4.2943300e-02
   3.9168900e-02
   3.5413400e-02
   3.2655000e-02
   3.0763100e-02
   2.8431800e-02
   2.4943900e-02
   2.1140500e-02
   1.8028100e-02
   1.5594000e-02
   1.3519000e-02
   1.1317200e-02
   7.9697700e-03
   3.1959700e-03
  -1.7276400e-03
  -5.6572700e-03
  -8.9571900e-03
  -1.2029200e-02
  -1.4299900e-02
  -1.5743000e-02
  -1.6882700e-02
  -1.7448400e-02
  -1.6963300e-02
  -1.5454600e-02
  -1.3627100e-02
  -1.2505100e-02
  -1.2598500e-02
  -1.4232400e-02
  -1.7468200e-02
  -2.1693400e-02
  -2.5883300e-02
  -2.8946900e-02
  -3.0476300e-02
  -3.0496800e-02
  -2.8393800e-02
  -2.3793900e-02
  -1.7194200e-02
  -1.0328100e-02
  -7.1840200e-03
  -1.0511900e-02
  -1.7328700e-02
  -2.1603300e-02
  -2.1671600e-02
  -2.0925700e-02
  -2.2102000e-02
  -2.3895400e-02
  -2.4139800e-02
  -2.3251200e-02
  -2.2771300e-02
  -2.2885500e-02
  -2.2848500e-02
  -2.2670400e-02
  -2.2385300e-02
  -2.1068900e-02
  -1.7936000e-02
  -1.3640400e-02
  -9.7156800e-03
  -6.5351500e-03
  -3.5175400e-03
  -2.8183100e-04
   3.3196800e-03
   7.7961000e-03
   1.3295800e-02
   1.9100400e-02
   2.4516700e-02
   2.9818900e-02
   3.5102800e-02
   4.0344400e-02
   4.6036600e-02
   5.1913300e-02
   5.6614500e-02
   5.9707500e-02
   6.2628600e-02
   6.7035800e-02
   7.3048800e-02
   7.9170700e-02
   8.4192300e-02
   8.7725500e-02
   9.0453100e-02
   9.3540100e-02
   9.6713700e-02
   9.9449400e-02
   1.0201900e-01
   1.0431800e-01
   1.0634300e-01
   1.0830000e-01
   1.1028800e-01
   1.1232300e-01
   1.1424400e-01
   1.1582100e-01
   1.1665500e-01
   1.1686300e-01
   1.1726600e-01
   1.1801700e-01
   1.1840700e-01
   1.1797800e-01
   1.1666700e-01
   1.1509200e-01
   1.1386800e-01
   1.1246800e-01
   1.1042100e-01
   1.0767500e-01
   1.0420200e-01
   1.0020600e-01
   9.5742900e-02
   9.0606900e-02
   8.4831800e-02
   7.8384300e-02
   7.1142800e-02
   6.3453600e-02
   5.5828900e-02
   4.8763600e-02
   4.2631500e-02
   3.6930300e-02
   3.1016800e-02
   2.5250300e-02
   1.9775300e-02
   1.4434500e-02
   9.3927400e-03
   4.6588600e-03
   6.1690800e-05
  -4.4885300e-03
  -9.1763500e-03
  -1.4714600e-02
  -2.0923400e-02
  -2.6899000e-02
  -3.2377500e-02
  -3.7807800e-02
  -4.3668700e-02
  -4.9763800e-02
  -5.5927100e-02
  -6.1650300e-02
  -6.5902900e-02
  -6.9199000e-02
  -7.2650800e-02
  -7.6796800e-02
  -8.1522500e-02
  -8.5955500e-02
  -8.9167200e-02
  -9.0943600e-02
  -9.1920900e-02
  -9.2762100e-02
  -9.3294900e-02
  -9.2982700e-02
  -9.1946200e-02
  -9.0435600e-02
  -8.8443900e-02
  -8.6529400e-02
  -8.5357600e-02
  -8.5205800e-02
  -8.5691900e-02
  -8.6132900e-02
  -8.6005700e-02
  -8.4782000e-02
  -8.2279100e-02
  -7.9126100e-02
  -7.6025500e-02
  -7.2956700e-02
  -6.9649400e-02
  -6.5734500e-02
  -6.1323200e-02
  -5.6456000e-02
  -5.0416300e-02
  -4.2881800e-02
  -3.5115100e-02
  -2.8268500e-02
  -2.2636500e-02
  -1.8143700e-02
  -1.4128800e-02
  -1.0042700e-02
  -6.0107900e-03
  -1.7522300e-03
   3.3172300e-03
   9.2444300e-03
   1.5479800e-02
   2.1392600e-02
   2.6951800e-02
   3.3070100e-02
   3.9747300e-02
   4.6236000e-02
   5.2096200e-02
   5.7231200e-02
   6.1011300e-02
   6.3122900e-02
   6.4423900e-02
   6.5829300e-02
   6.7466300e-02
   6.9415800e-02
   7.1439000e-02
   7.3224800e-02
   7.5232900e-02
   7.8053400e-02
   8.1196900e-02
   8.3704200e-02
   8.4787000e-02
   8.4217600e-02
   8.2064500e-02
   7.8871000e-02
   7.5203900e-02
   7.1069300e-02
   6.6365700e-02
   6.1617500e-02
   5.7243100e-02
   5.2991900e-02
   4.8234500e-02
   4.2456800e-02
   3.5783100e-02
   2.8279600e-02
   1.9916000e-02
   1.1028300e-02
   2.1725100e-03
  -6.1719800e-03
  -1.3304500e-02
  -1.8078400e-02
  -2.0672100e-02
  -2.2543100e-02
  -2.4566400e-02
  -2.6649900e-02
  -2.8807600e-02
  -3.1786400e-02
  -3.5840000e-02
  -4.0489400e-02
  -4.4645100e-02
  -4.8200400e-02
  -5.1410200e-02
  -5.4219700e-02
  -5.6848300e-02
  -5.8983100e-02
  -5.9899300e-02
  -5.9538900e-02
  -5.7892200e-02
  -5.4387100e-02
  -4.9125100e-02
  -4.3718100e-02
  -3.9399300e-02
  -3.6251600e-02
  -3.4131600e-02
  -3.2989300e-02
  -3.2842200e-02
  -3.3265500e-02
  -3.3443000e-02
  -3.3133800e-02
  -3.2675700e-02
  -3.2100000e-02
  -3.0865200e-02
  -2.8609900e-02
  -2.5804900e-02
  -2.3359900e-02
  -2.1221600e-02
  -1.7841800e-02
  -1.3076100e-02
  -8.7141300e-03
  -6.3267800e-03
  -5.6492600e-03
  -5.8362900e-03
  -6.2601000e-03
  -6.3524500e-03
  -5.6076000e-03
  -3.7395200e-03
  -7.1332400e-04
   3.4482700e-03
   8.1603000e-03
   1.2185400e-02
   1.5258500e-02
   1.7562400e-02
   1.9015200e-02
   1.9922800e-02
   2.0767300e-02
   2.1826900e-02
   2.2659000e-02
   2.2537500e-02
   2.1450800e-02
   2.0056500e-02
   1.9729000e-02
   2.1463500e-02
   2.4881900e-02
   2.8734800e-02
   3.2374900e-02
   3.5410100e-02
   3.7398300e-02
   3.8262200e-02
   3.7963000e-02
   3.6678100e-02
   3.4734200e-02
   3.2545600e-02
   2.9836100e-02
   2.6804400e-02
   2.4620000e-02
   2.3583200e-02
   2.2554700e-02
   2.0575300e-02
   1.8117200e-02
   1.5568600e-02
   1.2601000e-02
   8.8033500e-03
   4.1204600e-03
  -8.7558900e-04
  -5.6459500e-03
  -1.0062600e-02
  -1.3535200e-02
  -1.5551000e-02
  -1.6763100e-02
  -1.7881500e-02
  -1.9177700e-02
  -2.0529900e-02
  -2.2143700e-02
  -2.4811700e-02
  -2.8895600e-02
  -3.3944200e-02
  -3.8999100e-02
  -4.2988400e-02
  -4.4832500e-02
  -4.4758500e-02
  -4.4020700e-02
  -4.3120000e-02
  -4.1843800e-02
  -3.9725700e-02
  -3.7075700e-02
  -3.4336800e-02
  -3.1064700e-02
  -2.7381000e-02
  -2.4810900e-02
  -2.4059400e-02
  -2.4106300e-02
  -2.3649700e-02
  -2.2137700e-02
  -1.9966800e-02
  -1.7826500e-02
  -1.6067600e-02
  -1.4671500e-02
  -1.3174700e-02
  -1.1290400e-02
  -9.6730800e-03
  -9.4200200e-03
  -1.0618800e-02
  -1.2862900e-02
  -1.6268300e-02
  -2.0765100e-02
  -2.5699700e-02
  -3.0354100e-02
  -3.4544900e-02
  -3.8666000e-02
  -4.2611200e-02
  -4.6251000e-02
  -4.9529400e-02
  -5.2523100e-02
  -5.6033600e-02
  -6.0242500e-02
  -6.3719300e-02
  -6.5615400e-02
  -6.6339100e-02
  -6.6228100e-02
  -6.5781100e-02
  -6.5090000e-02
  -6.4205100e-02
  -6.3454600e-02
  -6.2358700e-02
  -5.9808400e-02
  -5.5507500e-02
  -4.9595800e-02
  -4.1675500e-02
  -3.1240400e-02
  -1.9147500e-02
  -7.4786800e-03
   1.9878500e-03
   9.3123700e-03
   1.4974500e-02
   1.9546600e-02
   2.3890600e-02
   2.8627800e-02
   3.3270200e-02
   3.6889400e-02
   3.9357000e-02
   4.1108400e-02
   4.3024400e-02
   4.5358500e-02
   4.7007200e-02
   4.6861800e-02
   4.5285900e-02
   4.3059900e-02
   4.0892000e-02
   3.9334800e-02
   3.8175000e-02
   3.6739400e-02
   3.4920100e-02
   3.2534200e-02
   2.8974400e-02
   2.4188500e-02
   1.8915700e-02
   1.4093700e-02
   1.0491700e-02
   8.5317000e-03
   8.5082000e-03
   9.4325300e-03
   9.6414700e-03
   8.2216300e-03
   5.1900400e-03
   9.9463000e-04
  -3.8481000e-03
  -8.7322100e-03
  -1.3372500e-02
  -1.7229500e-02
  -2.0389700e-02
  -2.3166200e-02
  -2.5417700e-02
  -2.7288300e-02
  -2.9203100e-02
  -3.1149000e-02
  -3.2701000e-02
  -3.3963100e-02
  -3.5206900e-02
  -3.6057600e-02
  -3.5989200e-02
  -3.4875500e-02
  -3.3285800e-02
  -3.1362100e-02
  -2.8361000e-02
  -2.4102900e-02
  -1.9720400e-02
  -1.6255600e-02
  -1.3817000e-02
  -1.2251500e-02
  -1.1270500e-02
  -1.0329300e-02
  -9.4293900e-03
  -9.0680700e-03
  -9.5263000e-03
  -1.0496800e-02
  -1.1047100e-02
  -1.0908500e-02
  -1.1559700e-02
  -1.4368800e-02
  -1.8765900e-02
  -2.3009000e-02
  -2.6203800e-02
  -2.8563000e-02
  -3.0765300e-02
  -3.3838300e-02
  -3.7669500e-02
  -4.1143400e-02
  -4.3617700e-02
  -4.5346500e-02
  -4.7157700e-02
  -4.9409500e-02
  -5.2481000e-02
  -5.7150000e-02
  -6.2417000e-02
  -6.6669500e-02
  -6.9431400e-02
  -7.1204800e-02
  -7.3123300e-02
  -7.5796100e-02
  -7.9310200e-02
  -8.3553000e-02
  -8.8033500e-02
  -9.1954400e-02
  -9.5271200e-02
  -9.8256000e-02
  -1.0077200e-01
  -1.0208200e-01
  -1.0199200e-01
  -1.0076400e-01
  -9.8171100e-02
  -9.3528900e-02
  -8.6860500e-02
  -7.8475900e-02
  -6.8715700e-02
  -5.8803500e-02
  -4.9895600e-02
  -4.2862800e-02
  -3.7668100e-02
  -3.3359000e-02
  -2.8802600e-02
  -2.4236900e-02
  -2.0290500e-02
  -1.7088700e-02
  -1.4801700e-02
  -1.3336000e-02
  -1.1657200e-02
  -8.4166100e-03
  -3.0377800e-03
   3.3674400e-03
   8.9280500e-03
   1.3003800e-02
   1.6548800e-02
   2.1008500e-02
   2.7204700e-02
   3.4755700e-02
   4.2666000e-02
   4.9493700e-02
   5.3701400e-02
   5.5094200e-02
   5.5455600e-02
   5.6550800e-02
   5.8347500e-02
   5.9665300e-02
   5.9597500e-02
   5.9030800e-02
   5.9267000e-02
   6.0455000e-02
   6.1648300e-02
   6.1969300e-02
   6.1409000e-02
   6.0535400e-02
   5.9967200e-02
   5.9774100e-02
   5.9109500e-02
   5.6623700e-02
   5.2224100e-02
   4.6547800e-02
   4.0918500e-02
   3.6664000e-02
   3.3667500e-02
   3.0627500e-02
   2.6354700e-02
   2.0479100e-02
   1.3928700e-02
   8.0558000e-03
   4.0416700e-03
   2.2345500e-03
   1.4955700e-03
   5.8488500e-04
  -2.4849800e-04
  -3.9118300e-04
  -4.3933400e-04
  -1.1293200e-03
  -2.4919900e-03
  -4.2759000e-03
  -6.7184800e-03
  -1.0198600e-02
  -1.3875600e-02
  -1.6172900e-02
  -1.7055500e-02
  -1.7522200e-02
  -1.7909800e-02
  -1.7978600e-02
  -1.7779900e-02
  -1.8013100e-02
  -1.9447900e-02
  -2.2598200e-02
  -2.7009500e-02
  -3.1180900e-02
  -3.3920700e-02
  -3.5163600e-02
  -3.5370100e-02
  -3.4883200e-02
  -3.3753800e-02
  -3.2182300e-02
  -3.0416800e-02
  -2.8411600e-02
  -2.6161200e-02
  -2.4057300e-02
  -2.2299600e-02
  -2.0359700e-02
  -1.7646700e-02
  -1.3973400e-02
  -1.0069900e-02
  -7.0828800e-03
  -4.8670900e-03
  -2.3405600e-03
   9.0738400e-04
   4.7858700e-03
   8.7288200e-03
   1.2406200e-02
   1.5711800e-02
   1.9085200e-02
   2.3701800e-02
   2.9475500e-02
   3.5082100e-02
   3.9397300e-02
   4.1922100e-02
   4.3510700e-02
   4.5263900e-02
   4.6849800e-02
   4.7531200e-02
   4.7324700e-02
   4.7221200e-02
   4.7948200e-02
   4.9289100e-02
   5.0781700e-02
   5.2677600e-02
   5.4447300e-02
   5.5246300e-02
   5.5042300e-02
   5.4447800e-02
   5.4066300e-02
   5.3782700e-02
   5.3040600e-02
   5.1662300e-02
   5.0127400e-02
   4.9212100e-02
   4.9539800e-02
   5.0773000e-02
   5.2237500e-02
   5.3727200e-02
   5.5356400e-02
   5.6980600e-02
   5.7944000e-02
   5.8106700e-02
   5.8363400e-02
   5.9618700e-02
   6.2149100e-02
   6.5825500e-02
   7.0238400e-02
   7.4223600e-02
   7.6799000e-02
   7.8123600e-02
   7.7962300e-02
   7.6666200e-02
   7.5137700e-02
   7.3707000e-02
   7.2392300e-02
   7.1478900e-02
   7.1152000e-02
   7.1505700e-02
   7.2004100e-02
   7.1753200e-02
   7.0764900e-02
   6.9557500e-02
   6.8139900e-02
   6.6345000e-02
   6.4721500e-02
   6.4042200e-02
   6.4191400e-02
   6.4467700e-02
   6.4234900e-02
   6.3081000e-02
   6.0522000e-02
   5.6556000e-02
   5.1658400e-02
   4.6707700e-02
   4.2351800e-02
   3.9051800e-02
   3.6778200e-02
   3.5400000e-02
   3.5091400e-02
   3.5963900e-02
   3.7013700e-02
   3.7170400e-02
   3.6889100e-02
   3.7161200e-02
   3.8604100e-02
   4.0300500e-02
   4.0215000e-02
   3.7913300e-02
   3.4946000e-02
   3.2996200e-02
   3.2463900e-02
   3.3049300e-02
   3.3934000e-02
   3.4286300e-02
   3.3504300e-02
   3.1819600e-02
   3.0165400e-02
   2.8858600e-02
   2.8080700e-02
   2.8164000e-02
   2.8671100e-02
   2.8464900e-02
   2.6248200e-02
   2.2088500e-02
   1.7496500e-02
   1.3730000e-02
   1.0999100e-02
   8.8579900e-03
   6.5647900e-03
   3.8966200e-03
   1.1669700e-03
  -1.4131400e-03
  -3.7374600e-03
  -5.8013400e-03
  -7.1851700e-03
  -7.7531600e-03
  -8.2223500e-03
  -9.2586900e-03
  -1.0814200e-02
  -1.2655400e-02
  -1.4850200e-02
  -1.7289100e-02
  -1.9138400e-02
  -1.9822800e-02
  -1.9969700e-02
  -2.0504000e-02
  -2.1638300e-02
  -2.3176700e-02
  -2.4715900e-02
  -2.5462200e-02
  -2.4657200e-02
  -2.2131500e-02
  -1.8430400e-02
  -1.4427100e-02
  -1.1041200e-02
  -8.2611800e-03
  -5.2574800e-03
  -1.8720100e-03
   1.3518700e-03
   4.1357300e-03
   6.8291800e-03
   9.7318600e-03
   1.2728800e-02
   1.5981500e-02
   1.9584200e-02
   2.3344200e-02
   2.7450500e-02
   3.1621400e-02
   3.5316700e-02
   3.7968000e-02
   3.8773100e-02
   3.7437100e-02
   3.4934400e-02
   3.2843200e-02
   3.1985200e-02
   3.2350200e-02
   3.2769000e-02
   3.1381600e-02
   2.7564600e-02
   2.1816300e-02
   1.4833600e-02
   7.4158200e-03
   2.5436100e-04
  -6.6099700e-03
  -1.3250300e-02
  -1.9864100e-02
  -2.6845100e-02
  -3.3912500e-02
  -4.0507600e-02
  -4.6443500e-02
  -5.1997800e-02
  -5.7431300e-02
  -6.2817500e-02
  -6.8053200e-02
  -7.2697700e-02
  -7.6238500e-02
  -7.8589300e-02
  -7.9945200e-02
  -8.0740900e-02
  -8.2121900e-02
  -8.4861300e-02
  -8.7843300e-02
  -8.9873300e-02
  -9.0965300e-02
  -9.1360700e-02
  -9.0688600e-02
  -8.9085000e-02
  -8.7486600e-02
  -8.6011100e-02
  -8.3835800e-02
  -7.9968600e-02
  -7.3969800e-02
  -6.6315600e-02
  -5.8012400e-02
  -5.0113600e-02
  -4.3563800e-02
  -3.8464900e-02
  -3.4124300e-02
  -2.9473200e-02
  -2.4136400e-02
  -1.8523000e-02
  -1.2560200e-02
  -6.1409700e-03
  -2.7855700e-04
   4.7618900e-03
   9.3191900e-03
   1.3479100e-02
   1.7660000e-02
   2.1731500e-02
   2.5094500e-02
   2.7385600e-02
   2.8648300e-02
   2.9879700e-02
   3.1734300e-02
   3.4470500e-02
   3.7833800e-02
   4.0821900e-02
   4.2877500e-02
   4.3908100e-02
   4.3775700e-02
   4.3253200e-02
   4.3505600e-02
   4.5317600e-02
   4.7871600e-02
   4.9451200e-02
   4.8744500e-02
   4.5220100e-02
   3.9750000e-02
   3.3662700e-02
   2.7674000e-02
   2.2170500e-02
   1.6962500e-02
   1.1142800e-02
   4.3725600e-03
  -2.3130300e-03
  -7.9893800e-03
  -1.3025300e-02
  -1.7623900e-02
  -2.1211900e-02
  -2.3685000e-02
  -2.4990700e-02
  -2.5011500e-02
  -2.4016100e-02
  -2.2632800e-02
  -2.1722100e-02
  -2.1246700e-02
  -2.1149600e-02
  -2.1729500e-02
  -2.2785700e-02
  -2.3550500e-02
  -2.4182600e-02
  -2.5386100e-02
  -2.7144700e-02
  -2.9084300e-02
  -3.0713300e-02
  -3.2434500e-02
  -3.4891500e-02
  -3.7654800e-02
  -4.0327200e-02
  -4.2969000e-02
  -4.5474700e-02
  -4.7864300e-02
  -4.9750000e-02
  -5.0484200e-02
  -5.0028600e-02
  -4.8730700e-02
  -4.7241500e-02
  -4.5863700e-02
  -4.4422400e-02
  -4.2489700e-02
  -4.0002500e-02
  -3.7523200e-02
  -3.5842800e-02
  -3.5233100e-02
  -3.5377200e-02
  -3.6340500e-02
  -3.8438100e-02
  -4.1848000e-02
  -4.6196600e-02
  -5.0820000e-02
  -5.5118000e-02
  -5.8713100e-02
  -6.1660500e-02
  -6.3710000e-02
  -6.5064300e-02
  -6.6406900e-02
  -6.8305400e-02
  -7.1069800e-02
  -7.4715900e-02
  -7.9057900e-02
  -8.3830300e-02
  -8.9084000e-02
  -9.4422900e-02
  -9.9392600e-02
  -1.0345100e-01
  -1.0659400e-01
  -1.0932000e-01
  -1.1227200e-01
  -1.1605900e-01
  -1.2037200e-01
  -1.2431000e-01
  -1.2730000e-01
  -1.2914300e-01
  -1.3031200e-01
  -1.3110600e-01
  -1.3170300e-01
  -1.3229300e-01
  -1.3243500e-01
  -1.3170700e-01
  -1.3034200e-01
  -1.2827100e-01
  -1.2466300e-01
  -1.1763400e-01
  -1.0474000e-01
  -8.5348200e-02
  -6.3242000e-02
  -4.4589100e-02
  -3.1830300e-02
  -2.2435200e-02
  -1.2750900e-02
  -2.9772500e-03
   4.8926000e-03
   1.1557200e-02
   1.9027100e-02
   2.7187500e-02
   3.4188100e-02
   3.9637700e-02
   4.5005600e-02
   5.1565300e-02
   5.9111300e-02
   6.6123400e-02
   7.1881700e-02
   7.6390600e-02
   7.9774500e-02
   8.2239800e-02
   8.3662600e-02
   8.3440600e-02
   8.1036800e-02
   7.6950100e-02
   7.2268300e-02
   6.8367800e-02
   6.5770500e-02
   6.4054500e-02
   6.3337500e-02
   6.3535500e-02
   6.4054300e-02
   6.3777700e-02
   6.1866000e-02
   5.8740200e-02
   5.4793900e-02
   4.9915400e-02
   4.4151600e-02
   3.7231100e-02
   2.9596300e-02
   2.2553200e-02
   1.6514300e-02
   1.1088100e-02
   6.2746200e-03
   2.2047800e-03
  -1.2698500e-03
  -4.4565000e-03
  -7.1097400e-03
  -9.2829400e-03
  -1.1152100e-02
  -1.3045300e-02
  -1.5126400e-02
  -1.7196700e-02
  -1.9301100e-02
  -2.1194900e-02
  -2.1783100e-02
  -2.0455300e-02
  -1.8447100e-02
  -1.6904100e-02
  -1.6145800e-02
  -1.5588400e-02
  -1.4866300e-02
  -1.4570800e-02
  -1.5443700e-02
  -1.7668400e-02
  -2.0724500e-02
  -2.4529300e-02
  -2.9138700e-02
  -3.4462400e-02
  -3.9929800e-02
  -4.4957100e-02
  -4.9319800e-02
  -5.3070700e-02
  -5.6085000e-02
  -5.8038800e-02
  -5.9484000e-02
  -6.1132900e-02
  -6.2923200e-02
  -6.4260800e-02
  -6.4603000e-02
  -6.3964500e-02
  -6.2604300e-02
  -6.0373600e-02
  -5.7137800e-02
  -5.3171300e-02
  -4.9071800e-02
  -4.4954400e-02
  -4.1009600e-02
  -3.7562100e-02
  -3.4393800e-02
  -3.2109500e-02
  -3.1245400e-02
  -3.1383000e-02
  -3.1895300e-02
  -3.2064400e-02
  -3.1894700e-02
  -3.2176500e-02
  -3.3414500e-02
  -3.5191600e-02
  -3.6429800e-02
  -3.6242800e-02
  -3.5162600e-02
  -3.4154900e-02
  -3.3090500e-02
  -3.1981800e-02
  -3.1300700e-02
  -3.1952400e-02
  -3.4125900e-02
  -3.6873800e-02
  -3.9572700e-02
  -4.1965800e-02
  -4.4356200e-02
  -4.6717400e-02
  -4.8311600e-02
  -4.8700200e-02
  -4.8444300e-02
  -4.8364500e-02
  -4.8265800e-02
  -4.7596300e-02
  -4.6882600e-02
  -4.6824200e-02
  -4.7470500e-02
  -4.8072900e-02
  -4.8178600e-02
  -4.7504500e-02
  -4.5612500e-02
  -4.1965700e-02
  -3.6083700e-02
  -2.7780100e-02
  -1.7695700e-02
  -7.6270300e-03
   1.0571900e-03
   8.2346100e-03
   1.4364500e-02
   1.9836700e-02
   2.5188900e-02
   3.1227200e-02
   3.8114900e-02
   4.5058000e-02
   5.1588500e-02
   5.7404000e-02
   6.2573100e-02
   6.7588000e-02
   7.2942900e-02
   7.8813300e-02
   8.5161700e-02
   9.1202600e-02
   9.6404600e-02
   1.0055500e-01
   1.0289500e-01
   1.0335600e-01
   1.0273200e-01
   1.0144200e-01
   9.9315000e-02
   9.5939000e-02
   9.1301000e-02
   8.5546300e-02
   7.9010700e-02
   7.2547600e-02
   6.6897600e-02
   6.2940500e-02
   6.1133300e-02
   6.0737800e-02
   6.1037500e-02
   6.0747300e-02
   5.8370500e-02
   5.3418800e-02
   4.6373700e-02
   3.8068400e-02
   2.9348000e-02
   2.1752100e-02
   1.6694100e-02
   1.4371300e-02
   1.3290000e-02
   1.1163200e-02
   7.3243500e-03
   2.9934700e-03
  -5.0359700e-04
  -3.7588300e-03
  -8.1095000e-03
  -1.3274500e-02
  -1.7944900e-02
  -2.1695200e-02
  -2.4847900e-02
  -2.7404900e-02
  -2.9215400e-02
  -3.0577600e-02
  -3.2093000e-02
  -3.3711300e-02
  -3.5212800e-02
  -3.6868300e-02
  -3.9307800e-02
  -4.2697700e-02
  -4.5719600e-02
  -4.6492300e-02
  -4.5415400e-02
  -4.4924100e-02
  -4.6586200e-02
  -5.0155800e-02
  -5.3933400e-02
  -5.6338000e-02
  -5.7664100e-02
  -5.8642300e-02
  -5.8989400e-02
  -5.7141600e-02
  -5.2151000e-02
  -4.4940200e-02
  -3.7070900e-02
  -2.9948500e-02
  -2.4694900e-02
  -2.1542200e-02
  -1.9409800e-02
  -1.6900200e-02
  -1.3349500e-02
  -9.2047000e-03
  -5.3095100e-03
  -1.3920200e-03
   3.3295700e-03
   8.5583300e-03
   1.3882300e-02
   1.8997900e-02
   2.3744600e-02
   2.8462600e-02
   3.3343100e-02
   3.8537300e-02
   4.4126800e-02
   4.9621200e-02
   5.4269200e-02
   5.7232700e-02
   5.8747400e-02
   6.0150200e-02
   6.1896700e-02
   6.3774300e-02
   6.5432100e-02
   6.6338600e-02
   6.6608200e-02
   6.7004300e-02
   6.8253600e-02
   7.0208500e-02
   7.1460900e-02
   7.0693800e-02
   6.8241800e-02
   6.4829800e-02
   6.1171600e-02
   5.8002800e-02
   5.5534200e-02
   5.3196900e-02
   5.0440800e-02
   4.7998500e-02
   4.6763500e-02
   4.7225400e-02
   4.9572200e-02
   5.2787300e-02
   5.5009800e-02
   5.4423300e-02
   5.1419200e-02
   4.8874200e-02
   4.8226300e-02
   4.7945900e-02
   4.6209600e-02
   4.2972200e-02
   3.9217700e-02
   3.4911800e-02
   2.9305100e-02
   2.2284600e-02
   1.4814000e-02
   7.7983900e-03
   1.6435000e-03
  -3.6668300e-03
  -8.3292500e-03
  -1.1998400e-02
  -1.4607800e-02
  -1.6974600e-02
  -1.9924600e-02
  -2.3583300e-02
  -2.7596100e-02
  -3.1787400e-02
  -3.5784700e-02
  -3.9046200e-02
  -4.0764100e-02
  -4.1473300e-02
  -4.2394700e-02
  -4.3544200e-02
  -4.4095100e-02
  -4.3497100e-02
  -4.2328000e-02
  -4.1361200e-02
  -4.0359200e-02
  -3.9258900e-02
  -3.8621800e-02
  -3.8865000e-02
  -4.0027300e-02
  -4.1624100e-02
  -4.3062900e-02
  -4.4225700e-02
  -4.4932100e-02
  -4.4822200e-02
  -4.3704500e-02
  -4.1872700e-02
  -3.9702700e-02
  -3.6684600e-02
  -3.2532700e-02
  -2.7944900e-02
  -2.3807400e-02
  -2.0789800e-02
  -1.9076600e-02
  -1.8035200e-02
  -1.6487300e-02
  -1.3374000e-02
  -8.1219400e-03
  -1.1281300e-03
   6.2419200e-03
   1.2447800e-02
   1.7102300e-02
   2.0351900e-02
   2.2732700e-02
   2.5445100e-02
   2.8991700e-02
   3.3029800e-02
   3.7748100e-02
   4.3389200e-02
   4.9513900e-02
   5.5052200e-02
   5.8901900e-02
   6.0681800e-02
   6.0863800e-02
   6.0595300e-02
   6.0761400e-02
   6.1770800e-02
   6.3703700e-02
   6.6408000e-02
   6.9117800e-02
   7.1214200e-02
   7.2367900e-02
   7.2638900e-02
   7.2506100e-02
   7.2803900e-02
   7.4015600e-02
   7.5091900e-02
   7.4850500e-02
   7.4000400e-02
   7.4429600e-02
   7.6634700e-02
   7.9217200e-02
   8.0371800e-02
   7.9928500e-02
   7.9175400e-02
   7.9551200e-02
   8.1092600e-02
   8.2933200e-02
   8.4697200e-02
   8.6664200e-02
   8.8879800e-02
   9.0311100e-02
   8.9066200e-02
   8.3896700e-02
   7.4067500e-02
   5.9995500e-02
   4.4537100e-02
   3.1883900e-02
   2.4422600e-02
   2.0534700e-02
   1.6565400e-02
   1.1109900e-02
   5.7991100e-03
   1.6826800e-03
  -2.2100900e-03
  -6.1914600e-03
  -9.7002600e-03
  -1.2821100e-02
  -1.6407600e-02
  -2.1558800e-02
  -2.8200100e-02
  -3.4842700e-02
  -4.1085800e-02
  -4.8006800e-02
  -5.6016900e-02
  -6.3888700e-02
  -7.0383300e-02
  -7.5665200e-02
  -8.0989200e-02
  -8.6571700e-02
  -9.0874900e-02
  -9.2653800e-02
  -9.2215600e-02
  -9.0499300e-02
  -8.8101700e-02
  -8.5349900e-02
  -8.2848600e-02
  -8.1194200e-02
  -7.9543700e-02
  -7.6506400e-02
  -7.3021000e-02
  -7.2092400e-02
  -7.4688000e-02
  -7.8500900e-02
  -8.0417400e-02
  -7.8786100e-02
  -7.4410900e-02
  -6.8889500e-02
  -6.3326600e-02
  -5.9078700e-02
  -5.7642600e-02
  -5.8841100e-02
  -6.0421100e-02
  -5.9488200e-02
  -5.5522700e-02
  -5.1106400e-02
  -4.7816500e-02
  -4.4838800e-02
  -4.1947000e-02
  -4.0198700e-02
  -4.0318300e-02
  -4.0855400e-02
  -4.0625600e-02
  -4.0588200e-02
  -4.2017600e-02
  -4.4833000e-02
  -4.8074000e-02
  -5.1173100e-02
  -5.3417600e-02
  -5.4297200e-02
  -5.4560200e-02
  -5.5057000e-02
  -5.6546800e-02
  -5.9983200e-02
  -6.4765500e-02
  -6.9052600e-02
  -7.1192300e-02
  -7.1247000e-02
  -7.1031800e-02
  -7.2742300e-02
  -7.7979900e-02
  -8.4413800e-02
  -8.7314100e-02
  -8.5846900e-02
  -8.4283300e-02
  -8.5528400e-02
  -8.6988400e-02
  -8.5042100e-02
  -8.0585200e-02
  -7.7845400e-02
  -7.8519400e-02
  -7.9631200e-02
  -7.7781800e-02
  -7.3263700e-02
  -6.8619600e-02
  -6.4731700e-02
  -6.0320700e-02
  -5.3357700e-02
  -4.2767000e-02
  -2.9645300e-02
  -1.7505900e-02
  -1.0025200e-02
  -6.9525700e-03
  -3.4953100e-03
   3.9799500e-03
   1.3713600e-02
   2.1201600e-02
   2.4824900e-02
   2.6923600e-02
   2.9628100e-02
   3.2360800e-02
   3.2823100e-02
   3.0389200e-02
   2.7350400e-02
   2.6869700e-02
   2.8995300e-02
   3.0270000e-02
   2.8610400e-02
   2.5510100e-02
   2.2851500e-02
   2.0134300e-02
   1.5609500e-02
   9.3756800e-03
   3.2099400e-03
  -1.1083000e-03
  -3.3985300e-03
  -4.0120700e-03
  -2.1933600e-03
   2.2262100e-03
   7.3819100e-03
   9.7765000e-03
   7.4177800e-03
   1.7784400e-03
  -4.0963500e-03
  -8.4344400e-03
  -1.1593600e-02
  -1.4383700e-02
  -1.6249300e-02
  -1.6057200e-02
  -1.4023100e-02
  -1.1566800e-02
  -9.6823400e-03
  -8.5084600e-03
  -7.9812200e-03
  -7.5221500e-03
  -5.9385800e-03
  -2.4300500e-03
   2.4186800e-03
   7.0945100e-03
   1.0199700e-02
   1.1776800e-02
   1.3182500e-02
   1.5665100e-02
   1.9795900e-02
   2.5392600e-02
   3.1695500e-02
   3.7558500e-02
   4.1805600e-02
   4.4129900e-02
   4.5404100e-02
   4.6900600e-02
   4.8958700e-02
   5.1416900e-02
   5.4428600e-02
   5.7835800e-02
   6.1030200e-02
   6.3789100e-02
   6.6182800e-02
   6.7963900e-02
   6.9138700e-02
   6.9617300e-02
   6.9604700e-02
   6.9541300e-02
   7.0130400e-02
   7.1769400e-02
   7.3924900e-02
   7.6145100e-02
   7.7809700e-02
   7.8065000e-02
   7.6509500e-02
   7.3728700e-02
   7.0523500e-02
   6.6773300e-02
   6.1719500e-02
   5.4663700e-02
   4.6102600e-02
   3.7980800e-02
   3.2008300e-02
   2.8576200e-02
   2.7156000e-02
   2.7238100e-02
   2.7693800e-02
   2.7410100e-02
   2.5938200e-02
   2.3468200e-02
   2.1343600e-02
   2.0423600e-02
   2.0062600e-02
   1.9689700e-02
   1.9260100e-02
   1.8604600e-02
   1.7322400e-02
   1.4912500e-02
   1.1847900e-02
   9.8612000e-03
   9.7991300e-03
   1.0259400e-02
   9.4953100e-03
   7.4797500e-03
   5.1712000e-03
   3.2595400e-03
   2.1827800e-03
   2.2819700e-03
   3.4632500e-03
   4.5081500e-03
   4.2431600e-03
   2.5912200e-03
   5.8534200e-04
  -3.8578600e-04
   6.1166800e-04
   3.7107200e-03
   7.7160600e-03
   1.0987200e-02
   1.2850800e-02
   1.3225500e-02
   1.2565100e-02
   1.1813700e-02
   1.1443700e-02
   1.2272100e-02
   1.4966300e-02
   1.8844300e-02
   2.3038500e-02
   2.6957600e-02
   3.0274200e-02
   3.3069900e-02
   3.6082800e-02
   3.9776700e-02
   4.3335000e-02
   4.6108000e-02
   4.8584300e-02
   5.1208100e-02
   5.3948400e-02
   5.6678300e-02
   5.9224500e-02
   6.1433300e-02
   6.3347900e-02
   6.4982700e-02
   6.6128900e-02
   6.7174400e-02
   6.8633200e-02
   7.1100200e-02
   7.4567300e-02
   7.8238800e-02
   8.1332600e-02
   8.3401300e-02
   8.4313500e-02
   8.4392000e-02
   8.3614900e-02
   8.1653300e-02
   7.8758800e-02
   7.5941800e-02
   7.4223700e-02
   7.3955600e-02
   7.4790600e-02
   7.5998300e-02
   7.6914900e-02
   7.7044000e-02
   7.6037000e-02
   7.3671700e-02
   7.0134100e-02
   6.5848500e-02
   6.1335800e-02
   5.6825300e-02
   5.2179000e-02
   4.7593800e-02
   4.3104400e-02
   3.9241300e-02
   3.6675200e-02
   3.4700000e-02
   3.2172600e-02
   2.8432000e-02
   2.3892200e-02
   1.9893600e-02
   1.6603000e-02
   1.3141200e-02
   8.7557900e-03
   2.6800000e-03
  -5.3633400e-03
  -1.4428800e-02
  -2.2843500e-02
  -2.9262700e-02
  -3.4025000e-02
  -3.8530000e-02
  -4.3917700e-02
  -5.0415600e-02
  -5.7093200e-02
  -6.2800100e-02
  -6.6815000e-02
  -6.9198800e-02
  -7.1057800e-02
  -7.3495700e-02
  -7.6792000e-02
  -8.0188800e-02
  -8.2282800e-02
  -8.3138600e-02
  -8.4344500e-02
  -8.7031700e-02
  -9.0572000e-02
  -9.3491100e-02
  -9.5426200e-02
  -9.6517300e-02
  -9.7041600e-02
  -9.6733400e-02
  -9.5343300e-02
  -9.3701800e-02
  -9.2994300e-02
  -9.3364700e-02
  -9.3308600e-02
  -9.1536700e-02
  -8.8267200e-02
  -8.4283700e-02
  -7.9971600e-02
  -7.5486100e-02
  -7.1054800e-02
  -6.7345900e-02
  -6.4604700e-02
  -6.1761700e-02
  -5.7868600e-02
  -5.2861900e-02
  -4.7355600e-02
  -4.1985400e-02
  -3.6738100e-02
  -3.1851000e-02
  -2.7572300e-02
  -2.3727100e-02
  -1.9984000e-02
  -1.6401600e-02
  -1.3109800e-02
  -1.0039700e-02
  -6.9745500e-03
  -3.9552800e-03
  -1.3112700e-03
   1.0045600e-03
   3.1786500e-03
   5.2088500e-03
   7.5735800e-03
   1.0854000e-02
   1.5561000e-02
   2.1008900e-02
   2.5211900e-02
   2.6987500e-02
   2.7077300e-02
   2.6715100e-02
   2.6805000e-02
   2.7664700e-02
   2.9199000e-02
   3.1216200e-02
   3.3376000e-02
   3.5486600e-02
   3.7539900e-02
   4.0011200e-02
   4.3258700e-02
   4.6787300e-02
   4.9865700e-02
   5.2195500e-02
   5.4166600e-02
   5.6286400e-02
   5.9165500e-02
   6.3294600e-02
   6.8752000e-02
   7.4802800e-02
   8.0584000e-02
   8.5683700e-02
   8.9857500e-02
   9.3433200e-02
   9.7091700e-02
   1.0081500e-01
   1.0417800e-01
   1.0753100e-01
   1.1082500e-01
   1.1366900e-01
   1.1591300e-01
   1.1777700e-01
   1.1933700e-01
   1.2033200e-01
   1.2094000e-01
   1.2123300e-01
   1.2116400e-01
   1.2112400e-01
   1.2138300e-01
   1.2156300e-01
   1.2159400e-01
   1.2175700e-01
   1.2218800e-01
   1.2241800e-01
   1.2195300e-01
   1.2119800e-01
   1.2089000e-01
   1.2074900e-01
   1.2029800e-01
   1.1959500e-01
   1.1888000e-01
   1.1814900e-01
   1.1687300e-01
   1.1467600e-01
   1.1199500e-01
   1.1006000e-01
   1.0989500e-01
   1.1110300e-01
   1.1236300e-01
   1.1324200e-01
   1.1368100e-01
   1.1341500e-01
   1.1267000e-01
   1.1222900e-01
   1.1221500e-01
   1.1216200e-01
   1.1198600e-01
   1.1164700e-01
   1.1070800e-01
   1.0886900e-01
   1.0650700e-01
   1.0381500e-01
   1.0027200e-01
   9.6043100e-02
   9.2297100e-02
   8.9476700e-02
   8.7096000e-02
   8.4839500e-02
   8.2446400e-02
   7.9841900e-02
   7.7552900e-02
   7.5888600e-02
   7.4467700e-02
   7.2721100e-02
   7.0327400e-02
   6.7419800e-02
   6.4431500e-02
   6.1544000e-02
   5.8664600e-02
   5.5439400e-02
   5.1796400e-02
   4.7396500e-02
   4.2214400e-02
   3.6622100e-02
   3.0823200e-02
   2.4933200e-02
   1.9141800e-02
   1.3435500e-02
   7.6444500e-03
   2.2350800e-03
  -2.1466200e-03
  -5.2380500e-03
  -7.2564400e-03
  -9.0483300e-03
  -1.1180700e-02
  -1.3165000e-02
  -1.4262700e-02
  -1.4833800e-02
  -1.5819100e-02
  -1.7393600e-02
  -1.8619000e-02
  -1.9372100e-02
  -2.0011700e-02
  -2.1122600e-02
  -2.2873700e-02
  -2.4830600e-02
  -2.6955000e-02
  -2.9416100e-02
  -3.2011200e-02
  -3.4634700e-02
  -3.7236300e-02
  -3.9668600e-02
  -4.1401300e-02
  -4.1965900e-02
  -4.2145500e-02
  -4.1838100e-02
  -4.0303400e-02
  -3.7716900e-02
  -3.4965200e-02
  -3.2863000e-02
  -3.1174600e-02
  -2.9129400e-02
  -2.6345700e-02
  -2.3125200e-02
  -1.9756200e-02
  -1.6758400e-02
  -1.4360600e-02
  -1.2349300e-02
  -1.0947500e-02
  -1.0567400e-02
  -1.1099700e-02
  -1.1640200e-02
  -1.1790000e-02
  -1.1736000e-02
  -1.1589400e-02
  -1.1039800e-02
  -1.0010800e-02
  -9.0741400e-03
  -9.1225700e-03
  -9.8977700e-03
  -1.0612700e-02
  -1.1152700e-02
  -1.1797300e-02
  -1.2799800e-02
  -1.4273500e-02
  -1.6418700e-02
  -1.8817600e-02
  -2.0802000e-02
  -2.1764500e-02
  -2.1853800e-02
  -2.1847100e-02
  -2.1981500e-02
  -2.1589800e-02
  -2.0507400e-02
  -1.9863600e-02
  -2.0554500e-02
  -2.2179800e-02
  -2.3617600e-02
  -2.4713800e-02
  -2.5611100e-02
  -2.5885700e-02
  -2.5213400e-02
  -2.4153100e-02
  -2.3909500e-02
  -2.4996400e-02
  -2.6804500e-02
  -2.8059300e-02
  -2.8318300e-02
  -2.8166500e-02
  -2.8165000e-02
  -2.7915500e-02
  -2.7264700e-02
  -2.6636900e-02
  -2.6376100e-02
  -2.6161800e-02
  -2.5856000e-02
  -2.5545700e-02
  -2.5247400e-02
  -2.5022900e-02
  -2.5464100e-02
  -2.6793200e-02
  -2.8557800e-02
  -3.1121800e-02
  -3.5532500e-02
  -4.1217600e-02
  -4.6512800e-02
  -4.9544900e-02
  -4.9036500e-02
  -4.5968900e-02
  -4.4521800e-02
  -4.9536200e-02
  -6.0694200e-02
  -7.1856300e-02
  -7.7631600e-02
  -7.8643200e-02
  -7.9242200e-02
  -8.0918900e-02
  -8.1922300e-02
  -8.2914100e-02
  -8.7534300e-02
  -9.6271200e-02
  -1.0397100e-01
  -1.0593100e-01
  -1.0377800e-01
  -1.0246100e-01
  -1.0343900e-01
  -1.0427500e-01
  -1.0352200e-01
  -1.0281600e-01
  -1.0366500e-01
  -1.0492400e-01
  -1.0524700e-01
  -1.0521800e-01
  -1.0574400e-01
  -1.0665100e-01
  -1.0738500e-01
  -1.0829700e-01
  -1.0999600e-01
  -1.1176900e-01
  -1.1241600e-01
  -1.1214500e-01
  -1.1170800e-01
  -1.1087900e-01
  -1.0916400e-01
  -1.0771400e-01
  -1.0766100e-01
  -1.0806700e-01
  -1.0802500e-01
  -1.0779600e-01
  -1.0727200e-01
  -1.0590200e-01
  -1.0391100e-01
  -1.0176600e-01
  -9.9255900e-02
  -9.6066100e-02
  -9.2720900e-02
  -8.9538800e-02
  -8.5877200e-02
  -8.1745600e-02
  -7.7929100e-02
  -7.4570700e-02
  -7.1408900e-02
  -6.7536300e-02
  -6.2777700e-02
  -5.8056300e-02
  -5.3647700e-02
  -4.9439100e-02
  -4.5372500e-02
  -4.1598200e-02
  -3.7954200e-02
  -3.3692700e-02
  -2.8422300e-02
  -2.3256200e-02
  -2.0380200e-02
  -2.0759200e-02
  -2.2889600e-02
  -2.5063200e-02
  -2.6355200e-02
  -2.6887000e-02
  -2.6951100e-02
  -2.6311800e-02
  -2.5081200e-02
  -2.2919100e-02
  -1.9440400e-02
  -1.5656200e-02
  -1.2660500e-02
  -1.0340800e-02
  -8.0633200e-03
  -5.7054700e-03
  -4.0846300e-03
  -3.5560000e-03
  -3.8406100e-03
  -4.7703800e-03
  -5.4058300e-03
  -4.3635500e-03
  -1.4119700e-03
   1.9488200e-03
   4.0172700e-03
   4.3783800e-03
   3.9056000e-03
   3.6937600e-03
   4.2676000e-03
   5.7774300e-03
   8.1670600e-03
   1.0629000e-02
   1.2429400e-02
   1.3662100e-02
   1.4333900e-02
   1.4544600e-02
   1.4715200e-02
   1.5272800e-02
   1.6089200e-02
   1.7164100e-02
   1.8688400e-02
   2.0039900e-02
   2.0761400e-02
   2.0829100e-02
   2.0617800e-02
   2.0421300e-02
   2.0476400e-02
   2.0543700e-02
   2.0456500e-02
   2.0394400e-02
   2.0260100e-02
   2.0560600e-02
   2.1974100e-02
   2.4850500e-02
   2.9101600e-02
   3.3733900e-02
   3.7026800e-02
   3.8091800e-02
   3.7106200e-02
   3.4318200e-02
   2.9574500e-02
   2.2760200e-02
   1.3975500e-02
   3.8339500e-03
  -6.4527500e-03
  -1.5650300e-02
  -2.3058900e-02
  -2.9322000e-02
  -3.5474400e-02
  -4.1475200e-02
  -4.6993000e-02
  -5.2139900e-02
  -5.7260700e-02
  -6.1721900e-02
  -6.5350900e-02
  -6.8637600e-02
  -7.2089700e-02
  -7.5664800e-02
  -7.8387300e-02
  -8.0638200e-02
  -8.3810000e-02
  -8.8401600e-02
  -9.3539400e-02
  -9.8005600e-02
  -1.0131600e-01
  -1.0347800e-01
  -1.0455000e-01
  -1.0487400e-01
  -1.0433900e-01
  -1.0257200e-01
  -9.9648600e-02
  -9.5717700e-02
  -9.1586300e-02
  -8.8006500e-02
  -8.5186300e-02
  -8.2962300e-02
  -8.0873500e-02
  -7.8467300e-02
  -7.5371800e-02
  -7.1900000e-02
  -6.8850400e-02
  -6.6327400e-02
  -6.4192200e-02
  -6.2344500e-02
  -6.0504600e-02
  -5.8264400e-02
  -5.5282300e-02
  -5.2397700e-02
  -5.0795800e-02
  -5.0579800e-02
  -5.0920800e-02
  -5.1048300e-02
  -5.0575700e-02
  -4.8868800e-02
  -4.5310800e-02
  -3.9839500e-02
  -3.2969600e-02
  -2.6135900e-02
  -1.9708500e-02
  -1.2494500e-02
  -4.4702900e-03
   3.7766200e-03
   1.1776200e-02
   1.9301700e-02
   2.6634200e-02
   3.3873600e-02
   4.0784900e-02
   4.7921400e-02
   5.5100100e-02
   6.1668300e-02
   6.7626300e-02
   7.2948600e-02
   7.7506600e-02
   8.1634500e-02
   8.5630200e-02
   8.9335700e-02
   9.2453100e-02
   9.4555300e-02
   9.6072600e-02
   9.7086300e-02
   9.6958700e-02
   9.5172200e-02
   9.1718800e-02
   8.7623300e-02
   8.3725800e-02
   8.0457400e-02
   7.7987200e-02
   7.6079700e-02
   7.4649100e-02
   7.3242700e-02
   7.1281300e-02
   6.8850600e-02
   6.6596200e-02
   6.4575300e-02
   6.1731800e-02
   5.7266100e-02
   5.1562300e-02
   4.5060600e-02
   3.8612900e-02
   3.3391600e-02
   2.9921300e-02
   2.7551800e-02
   2.5701600e-02
   2.4425200e-02
   2.3426700e-02
   2.2355800e-02
   2.1513700e-02
   2.1072300e-02
   2.0766800e-02
   2.0300600e-02
   1.9431100e-02
   1.8338200e-02
   1.7208100e-02
   1.5366800e-02
   1.2201500e-02
   7.8580700e-03
   2.6431000e-03
  -2.9637700e-03
  -8.2380600e-03
  -1.2948000e-02
  -1.7527900e-02
  -2.2644700e-02
  -2.8952900e-02
  -3.5844700e-02
  -4.2459700e-02
  -4.8717300e-02
  -5.4915200e-02
  -6.0721100e-02
  -6.5425300e-02
  -6.8782300e-02
  -7.1031900e-02
  -7.2446600e-02
  -7.4090700e-02
  -7.6689900e-02
  -8.0427500e-02
  -8.4716300e-02
  -8.8104200e-02
  -8.9651800e-02
  -9.0183700e-02
  -9.1311900e-02
  -9.3789300e-02
  -9.7271100e-02
  -1.0096600e-01
  -1.0367300e-01
  -1.0401300e-01
  -1.0173300e-01
  -9.8409000e-02
  -9.5519300e-02
  -9.2658900e-02
  -8.8704400e-02
  -8.3761200e-02
  -7.8733500e-02
  -7.4106900e-02
  -6.9555500e-02
  -6.4229000e-02
  -5.7581800e-02
  -5.0401400e-02
  -4.3085400e-02
  -3.4658300e-02
  -2.5120100e-02
  -1.5271800e-02
  -5.4161100e-03
   4.7356300e-03
   1.4864700e-02
   2.4289700e-02
   3.3057900e-02
   4.1601700e-02
   4.9707800e-02
   5.6967400e-02
   6.3378000e-02
   6.9116700e-02
   7.4598700e-02
   8.0171100e-02
   8.6053100e-02
   9.2161900e-02
   9.7966800e-02
   1.0333700e-01
   1.0794500e-01
   1.1112500e-01
   1.1262400e-01
   1.1348900e-01
   1.1473700e-01
   1.1645300e-01
   1.1769700e-01
   1.1775800e-01
   1.1688000e-01
   1.1543000e-01
   1.1378800e-01
   1.1248200e-01
   1.1221600e-01
   1.1238000e-01
   1.1172100e-01
   1.0965300e-01
   1.0639000e-01
   1.0247800e-01
   9.8475600e-02
   9.4111200e-02
   8.8972100e-02
   8.3715000e-02
   7.8247800e-02
   7.1900400e-02
   6.4780400e-02
   5.7854700e-02
   5.2048300e-02
   4.7008800e-02
   4.1601900e-02
   3.5658600e-02
   2.9833800e-02
   2.4716500e-02
   2.0807700e-02
   1.7669700e-02
   1.4102400e-02
   9.9938000e-03
   6.1366500e-03
   2.6478000e-03
  -1.5022000e-03
  -7.2485700e-03
  -1.3558300e-02
  -1.8996800e-02
  -2.3966400e-02
  -2.9361000e-02
  -3.5147400e-02
  -4.0977500e-02
  -4.6727600e-02
  -5.2067200e-02
  -5.7259500e-02
  -6.2793200e-02
  -6.8394400e-02
  -7.3457300e-02
  -7.7667400e-02
  -8.1099400e-02
  -8.3754300e-02
  -8.5904700e-02
  -8.7739000e-02
  -8.8920500e-02
  -8.9606800e-02
  -9.0424200e-02
  -9.1946200e-02
  -9.3656000e-02
  -9.4041600e-02
  -9.2798800e-02
  -9.1282700e-02
  -9.0373100e-02
  -8.9390700e-02
  -8.7781500e-02
  -8.5864400e-02
  -8.3841500e-02
  -8.1430200e-02
  -7.8066500e-02
  -7.4336800e-02
  -7.1992100e-02
  -7.0921400e-02
  -6.9646000e-02
  -6.7544000e-02
  -6.4913300e-02
  -6.1942900e-02
  -5.8414600e-02
  -5.4647200e-02
  -5.0939900e-02
  -4.7364900e-02
  -4.3932300e-02
  -4.0447200e-02
  -3.7053500e-02
  -3.4086200e-02
  -3.1552200e-02
  -2.8774300e-02
  -2.5169800e-02
  -2.0855600e-02
  -1.6484300e-02
  -1.2694000e-02
  -1.0516300e-02
  -1.0524500e-02
  -1.1881000e-02
  -1.3323900e-02
  -1.3773500e-02
  -1.3029200e-02
  -1.2077000e-02
  -1.2139800e-02
  -1.3777800e-02
  -1.5984600e-02
  -1.7111200e-02
  -1.6096300e-02
  -1.2585600e-02
  -6.7011900e-03
   1.2616400e-03
   1.0328300e-02
   1.8615500e-02
   2.5008600e-02
   3.0119000e-02
   3.4907400e-02
   3.9221800e-02
   4.2527400e-02
   4.4988600e-02
   4.7863600e-02
   5.1635000e-02
   5.5229400e-02
   5.7503900e-02
   5.8924800e-02
   6.0289000e-02
   6.1739900e-02
   6.3237400e-02
   6.4877500e-02
   6.7603100e-02
   7.1317600e-02
   7.5059400e-02
   7.8490400e-02
   8.1938000e-02
   8.5336300e-02
   8.7982100e-02
   8.9710000e-02
   9.1393300e-02
   9.3269200e-02
   9.4722400e-02
   9.5520700e-02
   9.5919500e-02
   9.6664100e-02
   9.8184900e-02
   1.0035700e-01
   1.0271500e-01
   1.0458300e-01
   1.0534600e-01
   1.0537200e-01
   1.0566700e-01
   1.0672000e-01
   1.0837600e-01
   1.0948300e-01
   1.0807700e-01
   1.0282900e-01
   9.4515400e-02
   8.5998000e-02
   7.9849700e-02
   7.5904900e-02
   7.2084800e-02
   6.6808600e-02
   6.0279100e-02
   5.3235100e-02
   4.5488300e-02
   3.6844100e-02
   2.7534900e-02
   1.8802200e-02
   1.1014500e-02
   2.8343600e-03
  -6.0187600e-03
  -1.4708700e-02
  -2.2662900e-02
  -3.0669000e-02
  -3.9813300e-02
  -4.9272100e-02
  -5.7476900e-02
  -6.4471500e-02
  -7.1445400e-02
  -7.8661300e-02
  -8.5117000e-02
  -9.0521800e-02
  -9.5489200e-02
  -1.0025500e-01
  -1.0428100e-01
  -1.0741600e-01
  -1.1056100e-01
  -1.1412600e-01
  -1.1696600e-01
  -1.1860300e-01
  -1.2096400e-01
  -1.2445700e-01
  -1.2695500e-01
  -1.2797900e-01
  -1.2951900e-01
  -1.3199400e-01
  -1.3320700e-01
  -1.3183600e-01
  -1.2925800e-01
  -1.2717700e-01
  -1.2667200e-01
  -1.2881200e-01
  -1.3321800e-01
  -1.3664500e-01
  -1.3627900e-01
  -1.3336000e-01
  -1.3155400e-01
  -1.3223200e-01
  -1.3375100e-01
  -1.3438600e-01
  -1.3400800e-01
  -1.3272100e-01
  -1.3061900e-01
  -1.2839700e-01
  -1.2696100e-01
  -1.2662200e-01
  -1.2646100e-01
  -1.2557300e-01
  -1.2381400e-01
  -1.2047200e-01
  -1.1577500e-01
  -1.1078300e-01
  -1.0581600e-01
  -1.0053100e-01
  -9.4394100e-02
  -8.7265700e-02
  -7.9192700e-02
  -6.9747100e-02
  -5.8359200e-02
  -4.5525800e-02
  -3.2195600e-02
  -1.8796700e-02
  -5.9692900e-03
   5.8444300e-03
   1.6204100e-02
   2.5113400e-02
   3.3527600e-02
   4.2481100e-02
   5.1061500e-02
   5.7947200e-02
   6.3522700e-02
   6.9732800e-02
   7.7566300e-02
   8.6302100e-02
   9.4858400e-02
   1.0314100e-01
   1.1258400e-01
   1.2371100e-01
   1.3498200e-01
   1.4443600e-01
   1.5037200e-01
   1.5243100e-01
   1.5221300e-01
   1.5206500e-01
   1.5311700e-01
   1.5452800e-01
   1.5547200e-01
   1.5608000e-01
   1.5674200e-01
   1.5701100e-01
   1.5663500e-01
   1.5621400e-01
   1.5608100e-01
   1.5590400e-01
   1.5525900e-01
   1.5417300e-01
   1.5280800e-01
   1.5084000e-01
   1.4782800e-01
   1.4406300e-01
   1.3960100e-01
   1.3420600e-01
   1.2790000e-01
   1.2141900e-01
   1.1567200e-01
   1.1092700e-01
   1.0682400e-01
   1.0296500e-01
   9.8874300e-02
   9.4087000e-02
   8.8485900e-02
   8.2393600e-02
   7.6765800e-02
   7.1834900e-02
   6.7448300e-02
   6.3985700e-02
   6.1672500e-02
   5.9663500e-02
   5.7070600e-02
   5.3875600e-02
   5.0756800e-02
   4.8577300e-02
   4.7682000e-02
   4.7152300e-02
   4.5971500e-02
   4.4662100e-02
   4.4531200e-02
   4.5901800e-02
   4.8205300e-02
   5.0718100e-02
   5.3454100e-02
   5.6145200e-02
   5.8389400e-02
   6.0354100e-02
   6.2373800e-02
   6.4710100e-02
   6.7231300e-02
   6.9919000e-02
   7.2833000e-02
   7.5924900e-02
   7.8482100e-02
   7.9833900e-02
   8.0057100e-02
   8.0162000e-02
   8.0955500e-02
   8.2730400e-02
   8.5542600e-02
   8.8611100e-02
   9.0626300e-02
   9.1171700e-02
   9.0858200e-02
   8.9968300e-02
   8.8422200e-02
   8.6185100e-02
   8.2943600e-02
   7.8967500e-02
   7.4994100e-02
   7.1876300e-02
   6.9235700e-02
   6.5287700e-02
   5.8951700e-02
   5.0553100e-02
   4.1494400e-02
   3.3381600e-02
   2.7155900e-02
   2.2704000e-02
   1.9381600e-02
   1.6569300e-02
   1.4243100e-02
   1.2375900e-02
   1.0348800e-02
   7.2492500e-03
   2.9932200e-03
  -1.7769500e-03
  -6.4664700e-03
  -1.0820600e-02
  -1.4717400e-02
  -1.8129500e-02
  -2.1387200e-02
  -2.5141600e-02
  -2.9109200e-02
  -3.2838600e-02
  -3.6191800e-02
  -3.8811800e-02
  -4.0284700e-02
  -4.0464700e-02
  -4.0007100e-02
  -3.9699500e-02
  -3.9535100e-02
  -3.9083800e-02
  -3.8232600e-02
  -3.7261200e-02
  -3.6168900e-02
  -3.4177900e-02
  -3.1048400e-02
  -2.7177700e-02
  -2.3418900e-02
  -2.0366900e-02
  -1.7613900e-02
  -1.4837300e-02
  -1.2072000e-02
  -9.2796400e-03
  -5.9988400e-03
  -2.5191200e-03
   4.4605600e-04
   2.8607100e-03
   4.9934700e-03
   6.9192700e-03
   8.9334500e-03
   1.1532400e-02
   1.4965200e-02
   1.8756200e-02
   2.2621100e-02
   2.6551300e-02
   3.0627100e-02
   3.5118700e-02
   4.0010800e-02
   4.5051800e-02
   4.9736400e-02
   5.3564600e-02
   5.6894700e-02
   6.0546000e-02
   6.4498000e-02
   6.7987300e-02
   7.0573200e-02
   7.2872200e-02
   7.4904800e-02
   7.6027300e-02
   7.6261800e-02
   7.6346700e-02
   7.6143000e-02
   7.5571600e-02
   7.4831000e-02
   7.4013100e-02
   7.3202400e-02
   7.2067700e-02
   7.0699300e-02
   6.9224100e-02
   6.7540800e-02
   6.5939000e-02
   6.4463700e-02
   6.2805500e-02
   6.0698200e-02
   5.8261000e-02
   5.6580800e-02
   5.6668000e-02
   5.8190500e-02
   5.9782100e-02
   6.0376100e-02
   6.0207000e-02
   5.9611500e-02
   5.8376700e-02
   5.6685600e-02
   5.5300300e-02
   5.3879000e-02
   5.2267700e-02
   5.0416900e-02
   4.8182100e-02
   4.6176900e-02
   4.4922300e-02
   4.4392000e-02
   4.3255300e-02
   3.9895300e-02
   3.4556500e-02
   2.9553300e-02
   2.6596600e-02
   2.4903100e-02
   2.2377900e-02
   1.7805000e-02
   1.1454800e-02
   4.4985400e-03
  -1.5115600e-03
  -5.7536900e-03
  -8.5173000e-03
  -1.1107400e-02
  -1.5065200e-02
  -2.0374900e-02
  -2.6243200e-02
  -3.2184700e-02
  -3.7852700e-02
  -4.2128600e-02
  -4.4186800e-02
  -4.4738700e-02
  -4.5057700e-02
  -4.5288700e-02
  -4.4683800e-02
  -4.2993700e-02
  -4.0634400e-02
  -3.7558200e-02
  -3.3938200e-02
  -3.0445900e-02
  -2.7660600e-02
  -2.5446600e-02
  -2.3663400e-02
  -2.2114300e-02
  -2.0471700e-02
  -1.8823100e-02
  -1.7438400e-02
  -1.6681300e-02
  -1.7210600e-02
  -1.9171500e-02
  -2.1787100e-02
  -2.3546900e-02
  -2.4037100e-02
  -2.3804000e-02
  -2.3260600e-02
  -2.3316800e-02
  -2.4587600e-02
  -2.6568700e-02
  -2.8015600e-02
  -2.8191300e-02
  -2.7931100e-02
  -2.7834900e-02
  -2.7926400e-02
  -2.8618700e-02
  -2.9736400e-02
  -3.0698400e-02
  -3.1294100e-02
  -3.1389000e-02
  -3.0595500e-02
  -2.9048000e-02
  -2.7510200e-02
  -2.6566500e-02
  -2.5982200e-02
  -2.5029400e-02
  -2.3694400e-02
  -2.2087400e-02
  -1.9800800e-02
  -1.6299000e-02
  -1.2135200e-02
  -8.7229500e-03
  -6.8365300e-03
  -5.9901900e-03
  -5.7868500e-03
  -5.9842000e-03
  -6.1905500e-03
  -5.5938900e-03
  -3.5017000e-03
  -6.3726600e-04
   2.0099200e-03
   4.3556200e-03
   6.0550700e-03
   6.9652100e-03
   8.4861300e-03
   1.1701300e-02
   1.5579900e-02
   1.8719500e-02
   2.1331700e-02
   2.4591300e-02
   2.8156600e-02
   3.0731900e-02
   3.2680300e-02
   3.5033500e-02
   3.7776400e-02
   4.0234100e-02
   4.2598300e-02
   4.5360800e-02
   4.7964300e-02
   4.9917700e-02
   5.2173900e-02
   5.5490300e-02
   5.9136300e-02
   6.2017500e-02
   6.3706800e-02
   6.4102300e-02
   6.3422100e-02
   6.1721100e-02
   5.9005100e-02
   5.5497200e-02
   5.1585700e-02
   4.7635000e-02
   4.3759500e-02
   3.9647700e-02
   3.4991900e-02
   3.0311800e-02
   2.6315700e-02
   2.3285100e-02
   2.1114800e-02
   1.9843300e-02
   1.9656400e-02
   2.0016300e-02
   1.9997900e-02
   1.9189900e-02
   1.7835600e-02
   1.6708000e-02
   1.6430300e-02
   1.7583100e-02
   1.9737000e-02
   2.1939000e-02
   2.3732200e-02
   2.4712000e-02
   2.5186800e-02
   2.5598700e-02
   2.6242900e-02
   2.7342700e-02
   2.8768800e-02
   3.0256500e-02
   3.1981200e-02
   3.4262500e-02
   3.6573900e-02
   3.8207900e-02
   3.9359800e-02
   4.0515100e-02
   4.1480500e-02
   4.2119900e-02
   4.2780600e-02
   4.2979000e-02
   4.2300600e-02
   4.0944000e-02
   3.9501400e-02
   3.8265800e-02
   3.7193000e-02
   3.6132300e-02
   3.4748400e-02
   3.2931900e-02
   3.1195800e-02
   2.9752100e-02
   2.7955100e-02
   2.5538000e-02
   2.2983300e-02
   2.0476200e-02
   1.8021900e-02
   1.5774100e-02
   1.4441100e-02
   1.4246000e-02
   1.4149200e-02
   1.2869600e-02
   1.0129400e-02
   6.6960100e-03
   3.2197200e-03
  -3.5908300e-04
  -4.0944800e-03
  -7.6021600e-03
  -1.0478500e-02
  -1.2483200e-02
  -1.4069700e-02
  -1.5504400e-02
  -1.6765200e-02
  -1.7938200e-02
  -1.9265000e-02
  -2.1354700e-02
  -2.4479600e-02
  -2.8316800e-02
  -3.2325900e-02
  -3.5956800e-02
  -3.9185300e-02
  -4.2384100e-02
  -4.5611100e-02
  -4.8765000e-02
  -5.2123800e-02
  -5.6009600e-02
  -6.0243600e-02
  -6.4451800e-02
  -6.8053200e-02
  -7.0972200e-02
  -7.3411000e-02
  -7.5633900e-02
  -7.8072500e-02
  -8.0551100e-02
  -8.2675900e-02
  -8.3741900e-02
  -8.3405200e-02
  -8.2095400e-02
  -8.0087600e-02
  -7.7400100e-02
  -7.4290600e-02
  -7.1327300e-02
  -6.8486600e-02
  -6.6082800e-02
  -6.4632500e-02
  -6.4201000e-02
  -6.4607400e-02
  -6.5648100e-02
  -6.7154500e-02
  -6.9003300e-02
  -7.1050500e-02
  -7.3044000e-02
  -7.4385000e-02
  -7.4948400e-02
  -7.4846900e-02
  -7.3976300e-02
  -7.2162600e-02
  -6.9040700e-02
  -6.4800800e-02
  -6.0175200e-02
  -5.5080100e-02
  -4.8849200e-02
  -4.1515300e-02
  -3.3620500e-02
  -2.5653500e-02
  -1.8396600e-02
  -1.2525800e-02
  -7.9838400e-03
  -4.7936800e-03
  -2.6312600e-03
  -6.5862000e-04
   1.6863200e-03
   4.5561700e-03
   7.5247100e-03
   9.8874300e-03
   1.1742600e-02
   1.3744700e-02
   1.6196100e-02
   1.8949900e-02
   2.1850500e-02
   2.4758700e-02
   2.7614500e-02
   3.0766100e-02
   3.4400500e-02
   3.8030800e-02
   4.1238800e-02
   4.3776300e-02
   4.5359500e-02
   4.5978100e-02
   4.5797200e-02
   4.4955500e-02
   4.3708000e-02
   4.2565900e-02
   4.1510200e-02
   3.9892600e-02
   3.7366100e-02
   3.4171200e-02
   3.0725700e-02
   2.6870800e-02
   2.2388800e-02
   1.7783100e-02
   1.3308600e-02
   8.3805600e-03
   3.0054000e-03
  -2.7733800e-03
  -9.2996300e-03
  -1.6530100e-02
  -2.3687500e-02
  -3.0107500e-02
  -3.6127500e-02
  -4.2497400e-02
  -4.9104400e-02
  -5.5423500e-02
  -6.1493600e-02
  -6.7270600e-02
  -7.2882900e-02
  -7.8299600e-02
  -8.3341800e-02
  -8.8417400e-02
  -9.3801600e-02
  -9.9138800e-02
  -1.0436100e-01
  -1.0962400e-01
  -1.1439900e-01
  -1.1839400e-01
  -1.2186400e-01
  -1.2562100e-01
  -1.3059100e-01
  -1.3649600e-01
  -1.4210700e-01
  -1.4709500e-01
  -1.5176800e-01
  -1.5547600e-01
  -1.5788200e-01
  -1.5957500e-01
  -1.6081500e-01
  -1.6134000e-01
  -1.6090500e-01
  -1.5994100e-01
  -1.5881000e-01
  -1.5700200e-01
  -1.5401000e-01
  -1.5057700e-01
  -1.4730600e-01
  -1.4400700e-01
  -1.4079700e-01
  -1.3788300e-01
  -1.3523100e-01
  -1.3262600e-01
  -1.2954600e-01
  -1.2581500e-01
  -1.2223200e-01
  -1.1937000e-01
  -1.1665700e-01
  -1.1368200e-01
  -1.1003100e-01
  -1.0548500e-01
  -1.0073700e-01
  -9.6261600e-02
  -9.2160900e-02
  -8.7977200e-02
  -8.3294100e-02
  -7.7887900e-02
  -7.1333900e-02
  -6.3716500e-02
  -5.5759300e-02
  -4.8107900e-02
  -4.1074100e-02
  -3.4453700e-02
  -2.7694800e-02
  -2.0338100e-02
  -1.2551800e-02
  -4.6647000e-03
   2.7928300e-03
   9.5979200e-03
   1.6265300e-02
   2.3364800e-02
   3.1277800e-02
   4.0102800e-02
   4.9368500e-02
   5.8479600e-02
   6.7032400e-02
   7.4730300e-02
   8.1865400e-02
   8.9029600e-02
   9.6126600e-02
   1.0273700e-01
   1.0894500e-01
   1.1476600e-01
   1.1999600e-01
   1.2434300e-01
   1.2801500e-01
   1.3199500e-01
   1.3631600e-01
   1.4034800e-01
   1.4382600e-01
   1.4690900e-01
   1.4966900e-01
   1.5186000e-01
   1.5342200e-01
   1.5452300e-01
   1.5505700e-01
   1.5501000e-01
   1.5411700e-01
   1.5169800e-01
   1.4801800e-01
   1.4380200e-01
   1.3904500e-01
   1.3358500e-01
   1.2786900e-01
   1.2281600e-01
   1.1876000e-01
   1.1525000e-01
   1.1188800e-01
   1.0888200e-01
   1.0638800e-01
   1.0385600e-01
   1.0071100e-01
   9.7337200e-02
   9.4287900e-02
   9.1067700e-02
   8.7277800e-02
   8.3074600e-02
   7.8934600e-02
   7.5503000e-02
   7.2727600e-02
   6.9346700e-02
   6.4803700e-02
   5.9666200e-02
   5.4612900e-02
   4.9751800e-02
   4.4982900e-02
   3.9870300e-02
   3.4038100e-02
   2.7983300e-02
   2.2340000e-02
   1.7369000e-02
   1.3094000e-02
   8.8757700e-03
   4.2633700e-03
  -4.1865600e-05
  -3.7722600e-03
  -7.3994300e-03
  -1.0658100e-02
  -1.2609800e-02
  -1.3734200e-02
  -1.5455100e-02
  -1.7670000e-02
  -1.9616000e-02
  -2.1804500e-02
  -2.4590800e-02
  -2.6824300e-02
  -2.7965600e-02
  -2.8788600e-02
  -2.9831800e-02
  -3.0924500e-02
  -3.1524000e-02
  -3.1884500e-02
  -3.2723000e-02
  -3.3710000e-02
  -3.3781400e-02
  -3.2940500e-02
  -3.1807500e-02
  -3.0311700e-02
  -2.8512800e-02
  -2.6466400e-02
  -2.4277700e-02
  -2.2217200e-02
  -2.0125800e-02
  -1.7582300e-02
  -1.4692300e-02
  -1.1876400e-02
  -9.3055800e-03
  -7.0185500e-03
  -4.7534400e-03
  -2.6605600e-03
  -7.8250100e-04
   1.2016300e-03
   3.2257600e-03
   4.7061400e-03
   5.3935800e-03
   5.8566300e-03
   6.9782600e-03
   8.8255700e-03
   1.0773600e-02
   1.2351200e-02
   1.3730000e-02
   1.4913100e-02
   1.5587800e-02
   1.5749800e-02
   1.5708300e-02
   1.5115100e-02
   1.3521500e-02
   1.1325200e-02
   9.2574100e-03
   7.6010700e-03
   6.6290100e-03
   6.3386900e-03
   6.9301300e-03
   8.5614100e-03
   1.0824400e-02
   1.3216500e-02
   1.5303800e-02
   1.6774700e-02
   1.7420600e-02
   1.7340600e-02
   1.6601600e-02
   1.5390200e-02
   1.4161100e-02
   1.2997200e-02
   1.2037200e-02
   1.1490600e-02
   1.0941100e-02
   1.0231800e-02
   9.8117500e-03
   9.5105700e-03
   8.8211300e-03
   7.5220600e-03
   6.0405900e-03
   4.8954900e-03
   3.7296300e-03
   1.9937600e-03
   1.6919100e-04
  -1.7664800e-03
  -4.6146300e-03
  -8.4695400e-03
  -1.2682400e-02
  -1.6658700e-02
  -2.0628400e-02
  -2.4621900e-02
  -2.8523800e-02
  -3.1723400e-02
  -3.4108200e-02
  -3.6194900e-02
  -3.8056700e-02
  -3.9481000e-02
  -4.0099800e-02
  -4.0404700e-02
  -4.1428000e-02
  -4.3038100e-02
  -4.4119500e-02
  -4.4120900e-02
  -4.3153600e-02
  -4.1744100e-02
  -4.0326200e-02
  -3.8481800e-02
  -3.6299900e-02
  -3.4750700e-02
  -3.4032200e-02
  -3.3310100e-02
  -3.1989300e-02
  -3.0367700e-02
  -2.8740900e-02
  -2.6669000e-02
  -2.3963200e-02
  -2.0845700e-02
  -1.7373400e-02
  -1.3391000e-02
  -8.6698100e-03
  -3.8297200e-03
   1.3175000e-04
   2.7412500e-03
   4.3396300e-03
   5.6481500e-03
   6.7709500e-03
   7.1479300e-03
   6.6474100e-03
   5.7199300e-03
   5.0007100e-03
   4.8078700e-03
   4.6649800e-03
   3.9274300e-03
   2.5514500e-03
   8.0904200e-04
  -1.2393000e-03
  -3.6308800e-03
  -6.0922000e-03
  -8.6366500e-03
  -1.1369100e-02
  -1.4229600e-02
  -1.6854600e-02
  -1.8710500e-02
  -2.0137500e-02
  -2.1631100e-02
  -2.3176500e-02
  -2.4606000e-02
  -2.6047900e-02
  -2.7719600e-02
  -2.9881300e-02
  -3.2563100e-02
  -3.5505800e-02
  -3.8213300e-02
  -4.0064300e-02
  -4.1017700e-02
  -4.1368000e-02
  -4.1615300e-02
  -4.1818300e-02
  -4.1914000e-02
  -4.2357800e-02
  -4.3202300e-02
  -4.4045200e-02
  -4.5149700e-02
  -4.6904100e-02
  -4.8897400e-02
  -5.0644400e-02
  -5.2055800e-02
  -5.3141100e-02
  -5.3854700e-02
  -5.3927100e-02
  -5.3672900e-02
  -5.3993500e-02
  -5.4987600e-02
  -5.5861500e-02
  -5.6348300e-02
  -5.6884300e-02
  -5.7767300e-02
  -5.9034600e-02
  -6.0649000e-02
  -6.2376800e-02
  -6.4291300e-02
  -6.6661000e-02
  -6.9296600e-02
  -7.1749400e-02
  -7.3927300e-02
  -7.6239600e-02
  -7.8391900e-02
  -8.0303200e-02
  -8.2058800e-02
  -8.3633100e-02
  -8.5187700e-02
  -8.6382700e-02
  -8.7310500e-02
  -8.8343000e-02
  -8.9561900e-02
  -9.0649400e-02
  -9.1232600e-02
  -9.1024600e-02
  -9.0102800e-02
  -8.8356800e-02
  -8.5395000e-02
  -8.1444900e-02
  -7.7404700e-02
  -7.3574200e-02
  -7.0115700e-02
  -6.7005800e-02
  -6.3648800e-02
  -5.9764800e-02
  -5.5629600e-02
  -5.1769800e-02
  -4.8436900e-02
  -4.6047600e-02
  -4.4807500e-02
  -4.4022400e-02
  -4.3102900e-02
  -4.2183800e-02
  -4.1489600e-02
  -4.1098000e-02
  -4.0407800e-02
  -3.8922400e-02
  -3.7172000e-02
  -3.5764300e-02
  -3.4729900e-02
  -3.3431200e-02
  -3.1431400e-02
  -2.9273800e-02
  -2.7651800e-02
  -2.6387700e-02
  -2.5115200e-02
  -2.4495300e-02
  -2.5021800e-02
  -2.5808300e-02
  -2.6185600e-02
  -2.6555700e-02
  -2.7213100e-02
  -2.8138400e-02
  -2.9174400e-02
  -2.9677500e-02
  -2.9706900e-02
  -2.9668600e-02
  -3.0232600e-02
  -3.2097900e-02
  -3.4810800e-02
  -3.7590700e-02
  -4.0452000e-02
  -4.3066300e-02
  -4.5518900e-02
  -4.8838600e-02
  -5.3138200e-02
  -5.7589600e-02
  -6.2042700e-02
  -6.6757600e-02
  -7.1447700e-02
  -7.5176800e-02
  -7.7535900e-02
  -7.8800900e-02
  -7.8855700e-02
  -7.7712300e-02
  -7.5931800e-02
  -7.4427200e-02
  -7.3773500e-02
  -7.3277800e-02
  -7.1861500e-02
  -6.9972900e-02
  -6.8564400e-02
  -6.7482600e-02
  -6.6544400e-02
  -6.6039500e-02
  -6.6327000e-02
  -6.7296700e-02
  -6.8369900e-02
  -6.8951100e-02
  -6.9072700e-02
  -6.9040700e-02
  -6.9457700e-02
  -7.0617300e-02
  -7.1813400e-02
  -7.2326900e-02
  -7.1656100e-02
  -7.0206600e-02
  -6.9093800e-02
  -6.8726100e-02
  -6.8960200e-02
  -6.9578400e-02
  -7.0404100e-02
  -7.1544200e-02
  -7.3415900e-02
  -7.6030500e-02
  -7.9268200e-02
  -8.3043100e-02
  -8.6562300e-02
  -8.9007100e-02
  -9.0447000e-02
  -9.1172600e-02
  -9.1311000e-02
  -9.1036800e-02
  -9.0741100e-02
  -9.1657500e-02
  -9.5033400e-02
  -1.0043200e-01
  -1.0590500e-01
  -1.1016500e-01
  -1.1294300e-01
  -1.1394300e-01
  -1.1332100e-01
  -1.1175500e-01
  -1.1025000e-01
  -1.0943400e-01
  -1.0898900e-01
  -1.0863400e-01
  -1.0881700e-01
  -1.0958600e-01
  -1.0994400e-01
  -1.0898700e-01
  -1.0695000e-01
  -1.0504900e-01
  -1.0379300e-01
  -1.0321400e-01
  -1.0362200e-01
  -1.0488500e-01
  -1.0602100e-01
  -1.0616900e-01
  -1.0508900e-01
  -1.0221200e-01
  -9.7114600e-02
  -9.0472200e-02
  -8.5156800e-02
  -8.2816500e-02
  -8.1498700e-02
  -7.8852700e-02
  -7.5152100e-02
  -7.2433500e-02
  -7.0676800e-02
  -6.7947500e-02
  -6.3738500e-02
  -5.9813800e-02
  -5.7035900e-02
  -5.4500500e-02
  -5.1844300e-02
  -4.9713900e-02
  -4.8046000e-02
  -4.6822000e-02
  -4.6472900e-02
  -4.6545100e-02
  -4.5604900e-02
  -4.3228300e-02
  -4.1084400e-02
  -4.0637600e-02
  -4.1345000e-02
  -4.2683800e-02
  -4.4631900e-02
  -4.6450300e-02
  -4.7062300e-02
  -4.6005900e-02
  -4.3900400e-02
  -4.1276600e-02
  -3.8384800e-02
  -3.5139400e-02
  -3.1790500e-02
  -2.8382200e-02
  -2.4686200e-02
  -2.0607300e-02
  -1.6313400e-02
  -1.2144300e-02
  -8.5259300e-03
  -5.6148600e-03
  -3.4314600e-03
  -1.2894800e-03
   1.6248500e-03
   4.6742600e-03
   6.6704100e-03
   8.1516300e-03
   1.0001300e-02
   1.2232400e-02
   1.4623200e-02
   1.6853100e-02
   1.9010200e-02
   2.1051700e-02
   2.2687300e-02
   2.3350300e-02
   2.2675200e-02
   2.1406600e-02
   2.0220900e-02
   1.8917100e-02
   1.7238300e-02
   1.5291500e-02
   1.3225400e-02
   1.1135900e-02
   8.5610900e-03
   5.8136300e-03
   3.5165100e-03
   1.4129100e-03
  -8.0093900e-04
  -3.2909100e-03
  -5.7458200e-03
  -8.4495100e-03
  -1.1723100e-02
  -1.5572400e-02
  -1.9691300e-02
  -2.3666200e-02
  -2.7917300e-02
  -3.2683400e-02
  -3.7173000e-02
  -4.0656900e-02
  -4.2785000e-02
  -4.3593400e-02
  -4.4163600e-02
  -4.5758700e-02
  -4.8623600e-02
  -5.1511400e-02
  -5.2886900e-02
  -5.3055900e-02
  -5.3132600e-02
  -5.3646600e-02
  -5.4739600e-02
  -5.6147500e-02
  -5.7315600e-02
  -5.7521900e-02
  -5.6471500e-02
  -5.4905000e-02
  -5.3475300e-02
  -5.2167800e-02
  -5.0687200e-02
  -4.8904000e-02
  -4.6766900e-02
  -4.4020800e-02
  -4.0854600e-02
  -3.7853000e-02
  -3.4584100e-02
  -3.0035900e-02
  -2.4473700e-02
  -1.8942800e-02
  -1.3794700e-02
  -8.8920800e-03
  -3.9602500e-03
   8.8220900e-04
   5.2686400e-03
   9.1454000e-03
   1.2868200e-02
   1.6586800e-02
   1.9906000e-02
   2.2614200e-02
   2.4999000e-02
   2.7314600e-02
   2.9441200e-02
   3.1156400e-02
   3.2647500e-02
   3.4594100e-02
   3.6665600e-02
   3.8433800e-02
   4.0629400e-02
   4.3701800e-02
   4.7125200e-02
   5.0043000e-02
   5.1952700e-02
   5.3393600e-02
   5.4803800e-02
   5.6221800e-02
   5.8051400e-02
   6.0536100e-02
   6.3444000e-02
   6.6407800e-02
   6.9240200e-02
   7.1423100e-02
   7.2566500e-02
   7.3081000e-02
   7.3178600e-02
   7.2541600e-02
   7.1054100e-02
   6.9424300e-02
   6.8002800e-02
   6.6945500e-02
   6.6064100e-02
   6.5143500e-02
   6.3712600e-02
   6.1627300e-02
   5.9095000e-02
   5.5882200e-02
   5.1743100e-02
   4.7189700e-02
   4.2593600e-02
   3.7614100e-02
   3.2241100e-02
   2.6531100e-02
   2.0575200e-02
   1.4466800e-02
   7.8636500e-03
   5.4214900e-04
  -6.4473700e-03
  -1.1567500e-02
  -1.4009700e-02
  -1.4548200e-02
  -1.4964400e-02
  -1.6358800e-02
  -1.8689900e-02
  -2.1088700e-02
  -2.2206000e-02
  -2.2446800e-02
  -2.2961300e-02
  -2.3481300e-02
  -2.3247800e-02
  -2.2523700e-02
  -2.2129100e-02
  -2.1785000e-02
  -1.9990400e-02
  -1.6456500e-02
  -1.2162200e-02
  -7.2612700e-03
  -1.2921400e-03
   5.4365200e-03
   1.2175200e-02
   1.8643000e-02
   2.4724800e-02
   3.0101300e-02
   3.4999300e-02
   3.9465100e-02
   4.3307000e-02
   4.6660800e-02
   4.9855000e-02
   5.3085700e-02
   5.6274000e-02
   5.9451700e-02
   6.2587400e-02
   6.5359500e-02
   6.7968400e-02
   7.0869300e-02
   7.3658500e-02
   7.5628500e-02
   7.6656300e-02
   7.6741500e-02
   7.6008600e-02
   7.4401700e-02
   7.1816100e-02
   6.8573500e-02
   6.4977800e-02
   6.0806900e-02
   5.6083800e-02
   5.1292900e-02
   4.6950200e-02
   4.3067400e-02
   3.9479000e-02
   3.6428200e-02
   3.3708800e-02
   3.0605000e-02
   2.6981200e-02
   2.3017400e-02
   1.9014600e-02
   1.5141400e-02
   1.2168400e-02
   1.0605900e-02
   9.9372300e-03
   9.4171100e-03
   8.9028600e-03
   8.1949100e-03
   7.2518600e-03
   6.2638300e-03
   5.7826000e-03
   5.8970300e-03
   5.9459800e-03
   5.7409300e-03
   5.2354000e-03
   4.5139000e-03
   4.0908500e-03
   4.1930500e-03
   4.5254100e-03
   5.0803100e-03
   6.2549900e-03
   8.4175100e-03
   1.1552000e-02
   1.5316700e-02
   1.9464200e-02
   2.3304700e-02
   2.6406700e-02
   2.9373000e-02
   3.2293600e-02
   3.5008500e-02
   3.7948900e-02
   4.1352600e-02
   4.5049300e-02
   4.8616300e-02
   5.1497600e-02
   5.3864200e-02
   5.6138900e-02
   5.8358200e-02
   6.0309400e-02
   6.1850800e-02
   6.2935700e-02
   6.3800100e-02
   6.4837600e-02
   6.6081300e-02
   6.7275200e-02
   6.8847900e-02
   7.0977400e-02
   7.3161700e-02
   7.4967200e-02
   7.6277900e-02
   7.6906100e-02
   7.7029100e-02
   7.7055500e-02
   7.7080800e-02
   7.7406300e-02
   7.8007000e-02
   7.8730900e-02
   7.9449300e-02
   8.0200400e-02
   8.1155400e-02
   8.2193100e-02
   8.3017500e-02
   8.3687800e-02
   8.4413800e-02
   8.4729600e-02
   8.4185600e-02
   8.3026800e-02
   8.2053600e-02
   8.1726900e-02
   8.2168100e-02
   8.3217700e-02
   8.4391000e-02
   8.4993000e-02
   8.5122200e-02
   8.5104800e-02
   8.5017800e-02
   8.4812500e-02
   8.4711000e-02
   8.4838800e-02
   8.4893500e-02
   8.4817400e-02
   8.4981400e-02
   8.5518600e-02
   8.6307700e-02
   8.6917400e-02
   8.7082000e-02
   8.7338300e-02
   8.8366700e-02
   8.9964400e-02
   9.1793900e-02
   9.3639300e-02
   9.5653700e-02
   9.7968300e-02
   1.0014300e-01
   1.0201000e-01
   1.0390700e-01
   1.0597200e-01
   1.0821200e-01
   1.1067000e-01
   1.1340600e-01
   1.1648100e-01
   1.2005700e-01
   1.2395200e-01
   1.2760000e-01
   1.3119600e-01
   1.3481500e-01
   1.3818600e-01
   1.4125200e-01
   1.4447000e-01
   1.4787600e-01
   1.5128200e-01
   1.5455500e-01
   1.5730300e-01
   1.5966400e-01
   1.6214100e-01
   1.6429800e-01
   1.6571800e-01
   1.6690000e-01
   1.6790200e-01
   1.6843800e-01
   1.6867500e-01
   1.6852900e-01
   1.6797900e-01
   1.6710500e-01
   1.6592600e-01
   1.6449300e-01
   1.6276200e-01
   1.6079800e-01
   1.5827600e-01
   1.5488100e-01
   1.5096500e-01
   1.4682000e-01
   1.4281500e-01
   1.3913500e-01
   1.3542500e-01
   1.3145700e-01
   1.2697200e-01
   1.2176200e-01
   1.1606600e-01
   1.1026700e-01
   1.0456500e-01
   9.9092300e-02
   9.4004900e-02
   8.9276400e-02
   8.4740000e-02
   8.0211300e-02
   7.5928800e-02
   7.1868000e-02
   6.7647200e-02
   6.3788500e-02
   6.0718800e-02
   5.7695900e-02
   5.4374200e-02
   5.1304800e-02
   4.8568300e-02
   4.5948500e-02
   4.3553100e-02
   4.1304900e-02
   3.8909700e-02
   3.6836600e-02
   3.5204200e-02
   3.3597400e-02
   3.2047900e-02
   3.1121800e-02
   3.0909100e-02
   3.0830300e-02
   3.0568500e-02
   3.0265200e-02
   3.0334200e-02
   3.0959000e-02
   3.1980700e-02
   3.3192900e-02
   3.4672800e-02
   3.6524800e-02
   3.8697500e-02
   4.1041400e-02
   4.3213400e-02
   4.5369700e-02
   4.7960700e-02
   5.0423100e-02
   5.2353600e-02
   5.4352500e-02
   5.6846000e-02
   5.9369300e-02
   6.1249800e-02
   6.2706800e-02
   6.4385000e-02
   6.6344900e-02
   6.8109000e-02
   6.9386200e-02
   7.0067400e-02
   7.0537400e-02
   7.0980400e-02
   7.0957000e-02
   7.0146100e-02
   6.8898100e-02
   6.7891300e-02
   6.6924100e-02
   6.5818100e-02
   6.5293400e-02
   6.5171700e-02
   6.4817200e-02
   6.4108800e-02
   6.3435300e-02
   6.2991400e-02
   6.2655800e-02
   6.1913900e-02
   6.0670000e-02
   5.9599200e-02
   5.8699200e-02
   5.7750300e-02
   5.6730200e-02
   5.6179100e-02
   5.5926400e-02
   5.5478800e-02
   5.4877700e-02
   5.4193100e-02
   5.2973000e-02
   5.1330300e-02
   4.9537400e-02
   4.7252700e-02
   4.4366300e-02
   4.1018500e-02
   3.7985400e-02
   3.5605900e-02
   3.3323100e-02
   3.1168300e-02
   2.9336700e-02
   2.7305000e-02
   2.4507600e-02
   2.0945200e-02
   1.7514000e-02
   1.4818800e-02
   1.2318500e-02
   9.1167600e-03
   5.5148100e-03
   2.6433500e-03
   5.7784000e-04
  -1.4847300e-03
  -3.7040400e-03
  -5.5386900e-03
  -6.8959800e-03
  -8.6652100e-03
  -1.0499200e-02
  -1.1436500e-02
  -1.1347000e-02
  -1.1291000e-02
  -1.1627400e-02
  -1.0814800e-02
  -7.8071800e-03
  -2.8228800e-03
   3.5011800e-03
   1.0291100e-02
   1.5930100e-02
   1.8357700e-02
   1.7266300e-02
   1.4500800e-02
   1.2581300e-02
   1.2019200e-02
   1.1266500e-02
   9.2402200e-03
   6.7129300e-03
   4.9566900e-03
   4.0904500e-03
   3.6043400e-03
   3.4806500e-03
   3.9362400e-03
   4.8596700e-03
   5.6848500e-03
   5.7313600e-03
   4.8018400e-03
   2.7999400e-03
  -1.2001700e-05
  -2.5944000e-03
  -3.9682200e-03
  -4.6258800e-03
  -5.2957400e-03
  -5.7856700e-03
  -5.9555200e-03
  -6.6456700e-03
  -8.5718500e-03
  -1.1218100e-02
  -1.3150800e-02
  -1.2699000e-02
  -1.0128500e-02
  -8.5082900e-03
  -1.0223500e-02
  -1.3380600e-02
  -1.4324700e-02
  -1.2076600e-02
  -8.6298600e-03
  -5.8604900e-03
  -4.3051700e-03
  -4.0760100e-03
  -5.3467100e-03
  -7.5242000e-03
  -9.6449200e-03
  -1.1073900e-02
  -1.1589000e-02
  -1.1585800e-02
  -1.2513300e-02
  -1.6277900e-02
  -2.3072300e-02
  -3.0278300e-02
  -3.5498000e-02
  -3.8628500e-02
  -4.0656600e-02
  -4.2484100e-02
  -4.4960500e-02
  -4.8780500e-02
  -5.3414300e-02
  -5.7134900e-02
  -5.8901600e-02
  -5.8797300e-02
  -5.7845800e-02
  -5.7228000e-02
  -5.7575100e-02
  -5.8124100e-02
  -5.7694300e-02
  -5.5546200e-02
  -5.0980400e-02
  -4.3688100e-02
  -3.4414000e-02
  -2.5248400e-02
  -1.9235200e-02
  -1.8398900e-02
  -2.2319700e-02
  -2.8918800e-02
  -3.6231200e-02
  -4.3661700e-02
  -5.1889400e-02
  -5.8857300e-02
  -5.8964300e-02
  -4.9088800e-02
  -3.5058900e-02
  -2.8315400e-02
  -3.5548400e-02
  -5.2240700e-02
  -6.6173200e-02
  -7.0976300e-02
  -7.1638700e-02
  -7.3994900e-02
  -7.5794700e-02
  -7.4883800e-02
  -7.6887000e-02
  -8.6488500e-02
  -9.8488800e-02
  -1.0386600e-01
  -1.0183600e-01
  -9.8966300e-02
  -9.9372000e-02
  -1.0202400e-01
  -1.0582600e-01
  -1.1039200e-01
  -1.1429700e-01
  -1.1623100e-01
  -1.1743000e-01
  -1.1972100e-01
  -1.2173400e-01
  -1.2140900e-01
  -1.2006200e-01
  -1.2076300e-01
  -1.2409400e-01
  -1.2724200e-01
  -1.2783400e-01
  -1.2744200e-01
  -1.2863000e-01
  -1.3076300e-01
  -1.3171900e-01
  -1.3140500e-01
  -1.3143900e-01
  -1.3202300e-01
  -1.3059400e-01
  -1.2529800e-01
  -1.1751900e-01
  -1.0996600e-01
  -1.0314600e-01
  -9.7092900e-02
  -9.3152900e-02
  -9.1192800e-02
  -8.9277000e-02
  -8.6352100e-02
  -8.2889900e-02
  -7.9376300e-02
  -7.5094800e-02
  -6.9374800e-02
  -6.3406200e-02
  -5.9777300e-02
  -5.9254300e-02
  -5.9904800e-02
  -5.9219500e-02
  -5.6172600e-02
  -5.1628700e-02
  -4.7143600e-02
  -4.3228200e-02
  -3.9238100e-02
  -3.4424900e-02
  -2.8762800e-02
  -2.2824400e-02
  -1.7093200e-02
  -1.2281500e-02
  -8.4743900e-03
  -4.5627100e-03
   5.1986600e-04
   6.4504700e-03
   1.2612600e-02
   1.8686500e-02
   2.4512400e-02
   3.0195900e-02
   3.5618700e-02
   4.0726600e-02
   4.5317900e-02
   4.9040400e-02
   5.1881700e-02
   5.4116200e-02
   5.6233700e-02
   5.8017000e-02
   5.8812400e-02
   5.8061900e-02
   5.5325300e-02
   5.1469800e-02
   4.7671700e-02
   4.4675800e-02
   4.3326800e-02
   4.3328900e-02
   4.3304600e-02
   4.1521600e-02
   3.7458900e-02
   3.2562200e-02
   2.8826400e-02
   2.6320900e-02
   2.3153700e-02
   1.7793500e-02
   1.0878700e-02
   3.9548300e-03
  -2.2854200e-03
  -7.9542000e-03
  -1.3044200e-02
  -1.7033400e-02
  -1.9972300e-02
  -2.3021600e-02
  -2.6752300e-02
  -3.0737800e-02
  -3.4350700e-02
  -3.7150300e-02
  -3.8976800e-02
  -3.9925200e-02
  -4.0270800e-02
  -4.0081200e-02
  -3.9903500e-02
  -4.0646300e-02
  -4.2471500e-02
  -4.4430900e-02
  -4.5988100e-02
  -4.7047000e-02
  -4.7816500e-02
  -4.8585400e-02
  -4.9247300e-02
  -5.0012900e-02
  -5.0907200e-02
  -5.1370300e-02
  -5.1029600e-02
  -5.0040800e-02
  -4.8400300e-02
  -4.6408300e-02
  -4.4447500e-02
  -4.2727900e-02
  -4.1455200e-02
  -4.0846200e-02
  -4.0286600e-02
  -3.8571900e-02
  -3.5440200e-02
  -3.1623900e-02
  -2.7203800e-02
  -2.2003100e-02
  -1.6427200e-02
  -1.0609800e-02
  -4.4260700e-03
   2.3864700e-03
   9.5672500e-03
   1.6561900e-02
   2.3017900e-02
   2.8915000e-02
   3.4479800e-02
   4.0076000e-02
   4.5592700e-02
   5.0568100e-02
   5.4911600e-02
   5.8795700e-02
   6.2259800e-02
   6.5390300e-02
   6.8704700e-02
   7.2463700e-02
   7.6714700e-02
   8.1392600e-02
   8.6246300e-02
   9.0854000e-02
   9.5234500e-02
   9.9595700e-02
   1.0423200e-01
   1.0961600e-01
   1.1575200e-01
   1.2226100e-01
   1.2800500e-01
   1.3186900e-01
   1.3429300e-01
   1.3630200e-01
   1.3810600e-01
   1.3961300e-01
   1.4091400e-01
   1.4114500e-01
   1.3918400e-01
   1.3526300e-01
   1.3076100e-01
   1.2725100e-01
   1.2509800e-01
   1.2338200e-01
   1.2058300e-01
   1.1585100e-01
   1.1018700e-01
   1.0553500e-01
   1.0230300e-01
   9.9707600e-02
   9.7341300e-02
   9.5109500e-02
   9.2452600e-02
   8.8679900e-02
   8.4274300e-02
   8.0474000e-02
   7.7707200e-02
   7.5181800e-02
   7.1706500e-02
   6.7358700e-02
   6.2694800e-02
   5.7845800e-02
   5.3168600e-02
   4.9014000e-02
   4.4742400e-02
   3.9609200e-02
   3.3634000e-02
   2.6705500e-02
   1.8668900e-02
   1.0117400e-02
   1.6174600e-03
  -7.0901200e-03
  -1.6291100e-02
  -2.5537400e-02
  -3.4087800e-02
  -4.1738800e-02
  -4.8091900e-02
  -5.2949200e-02
  -5.6668800e-02
  -6.0036800e-02
  -6.3286700e-02
  -6.6019400e-02
  -6.8366800e-02
  -7.0653900e-02
  -7.2689500e-02
  -7.4273400e-02
  -7.5901900e-02
  -7.7629900e-02
  -7.8356200e-02
  -7.8617700e-02
  -8.1068300e-02
  -8.5501800e-02
  -8.6591700e-02
  -7.9875100e-02
  -6.9462900e-02
  -6.4547600e-02
  -6.8488900e-02
  -7.4853200e-02
  -7.6360200e-02
  -7.2371300e-02
  -6.5935200e-02
  -5.8859000e-02
  -5.1686700e-02
  -4.5228900e-02
  -3.9872700e-02
  -3.4294100e-02
  -2.7208100e-02
  -1.8961000e-02
  -1.1325200e-02
  -5.6346800e-03
  -1.6880200e-03
   2.0755000e-03
   6.7599100e-03
   1.1669900e-02
   1.5804400e-02
   1.9148400e-02
   2.2245800e-02
   2.5177400e-02
   2.7763000e-02
   2.9485700e-02
   3.0479500e-02
   3.1171500e-02
   3.1503500e-02
   3.0411700e-02
   2.7890100e-02
   2.5190100e-02
   2.2537200e-02
   1.9121200e-02
   1.5088000e-02
   1.1486300e-02
   8.5689000e-03
   5.7286300e-03
   2.7073400e-03
  -5.2734400e-04
  -3.7269400e-03
  -6.8774000e-03
  -9.8883400e-03
  -1.2218500e-02
  -1.3491500e-02
  -1.3929500e-02
  -1.3886600e-02
  -1.4288200e-02
  -1.5720700e-02
  -1.8158500e-02
  -2.0975100e-02
  -2.2671700e-02
  -2.2555500e-02
  -2.1223700e-02
  -1.9282200e-02
  -1.7480800e-02
  -1.6539200e-02
  -1.6616300e-02
  -1.6840200e-02
  -1.6584700e-02
  -1.6057700e-02
  -1.5755500e-02
  -1.5902300e-02
  -1.6315900e-02
  -1.6972000e-02
  -1.7881700e-02
  -1.9419200e-02
  -2.1788900e-02
  -2.4380100e-02
  -2.6227200e-02
  -2.6266400e-02
  -2.3578200e-02
  -1.8870400e-02
  -1.4631100e-02
  -1.2050000e-02
  -9.8219000e-03
  -5.9636900e-03
  -3.5538700e-04
   5.5590200e-03
   1.0876800e-02
   1.5401700e-02
   1.9289300e-02
   2.2529800e-02
   2.4471200e-02
   2.5142400e-02
   2.5264400e-02
   2.5372600e-02
   2.5523900e-02
   2.5282500e-02
   2.4050400e-02
   2.1112600e-02
   1.6292800e-02
   1.0970700e-02
   7.0105400e-03
   4.7043400e-03
   2.9129800e-03
   4.5996900e-04
  -2.6431500e-03
  -6.0519800e-03
  -1.0012900e-02
  -1.4631300e-02
  -1.9199100e-02
  -2.3094200e-02
  -2.6395600e-02
  -2.9425600e-02
  -3.2833700e-02
  -3.6933000e-02
  -4.1333000e-02
  -4.4947000e-02
  -4.7366400e-02
  -4.9030200e-02
  -5.0232200e-02
  -5.0832000e-02
  -5.0630800e-02
  -4.9500100e-02
  -4.7554000e-02
  -4.5436600e-02
  -4.3913500e-02
  -4.3045500e-02
  -4.2568700e-02
  -4.2220600e-02
  -4.1633100e-02
  -4.0698800e-02
  -3.8992600e-02
  -3.6363700e-02
  -3.3552900e-02
  -3.1132600e-02
  -2.9047900e-02
  -2.6649200e-02
  -2.3427800e-02
  -1.9381300e-02
  -1.5172100e-02
  -1.1338600e-02
  -8.0094300e-03
  -5.3021200e-03
  -3.4286200e-03
  -2.2330900e-03
  -1.0410400e-03
   4.4471000e-04
   2.2621700e-03
   4.5450100e-03
   7.5342000e-03
   1.0875400e-02
   1.3678300e-02
   1.5421500e-02
   1.6815800e-02
   1.8582400e-02
   2.0215100e-02
   2.0961600e-02
   2.0586700e-02
   1.9721500e-02
   1.8727000e-02
   1.7590700e-02
   1.6340900e-02
   1.5261600e-02
   1.4835300e-02
   1.4743300e-02
   1.3947600e-02
   1.2066500e-02
   9.6494900e-03
   6.8448200e-03
   3.9352800e-03
   1.5950200e-03
   2.7518900e-04
  -4.1211200e-04
  -7.8696700e-04
  -5.4813300e-04
   4.5028400e-04
   1.9150400e-03
   3.8131100e-03
   6.2343100e-03
   8.9995400e-03
   1.1620400e-02
   1.3859200e-02
   1.5778800e-02
   1.7193000e-02
   1.7824800e-02
   1.8475600e-02
   2.0074500e-02
   2.2194400e-02
   2.4073400e-02
   2.5749200e-02
   2.7228800e-02
   2.8360600e-02
   2.9411200e-02
   3.0900800e-02
   3.3040400e-02
   3.5165800e-02
   3.6922400e-02
   3.8551600e-02
   3.9746500e-02
   4.0296300e-02
   4.0606000e-02
   4.0867000e-02
   4.1125700e-02
   4.1525700e-02
   4.1865400e-02
   4.1866400e-02
   4.1355400e-02
   4.0349000e-02
   3.9453800e-02
   3.8448300e-02
   3.6629400e-02
   3.3763600e-02
   3.0078600e-02
   2.6019600e-02
   2.1645600e-02
   1.7189700e-02
   1.3260800e-02
   9.9809300e-03
   7.2409400e-03
   5.3294200e-03
   4.7286600e-03
   4.5909600e-03
   4.0985900e-03
   3.5944900e-03
   3.2480900e-03
   3.0847900e-03
   3.0663000e-03
   3.1882100e-03
   3.5211100e-03
   3.7012700e-03
   3.2962900e-03
   2.5020800e-03
   1.4537400e-03
   3.5182700e-04
  -2.9543500e-04
  -7.3271600e-04
  -1.2103500e-03
  -1.6791700e-03
  -1.9931300e-03
  -1.6785300e-03
  -6.4432000e-04
   9.2539000e-04
   2.7499900e-03
   4.4460600e-03
   5.9338400e-03
   7.0592900e-03
   7.9076500e-03
   8.5411600e-03
   8.4192600e-03
   7.4191500e-03
   5.8593400e-03
   3.9548800e-03
   1.6574800e-03
  -8.8101500e-04
  -3.5658800e-03
  -6.6807300e-03
  -1.0548300e-02
  -1.4946900e-02
  -1.9076600e-02
  -2.2872500e-02
  -2.6853100e-02
  -3.1415600e-02
  -3.6485500e-02
  -4.1569500e-02
  -4.6653500e-02
  -5.1979500e-02
  -5.7318300e-02
  -6.2458500e-02
  -6.7401900e-02
  -7.2422600e-02
  -7.7826600e-02
  -8.3314200e-02
  -8.8397500e-02
  -9.2746900e-02
  -9.6447000e-02
  -9.9901500e-02
  -1.0322800e-01
  -1.0627600e-01
  -1.0888100e-01
  -1.1119500e-01
  -1.1340800e-01
  -1.1515600e-01
  -1.1637300e-01
  -1.1732900e-01
  -1.1797800e-01
  -1.1839700e-01
  -1.1878400e-01
  -1.1937100e-01
  -1.1996100e-01
  -1.2057900e-01
  -1.2140600e-01
  -1.2229000e-01
  -1.2266700e-01
  -1.2165200e-01
  -1.1976400e-01
  -1.1832300e-01
  -1.1757500e-01
  -1.1720700e-01
  -1.1708600e-01
  -1.1682300e-01
  -1.1606500e-01
  -1.1481500e-01
  -1.1316800e-01
  -1.1065800e-01
  -1.0728600e-01
  -1.0408200e-01
  -1.0161800e-01
  -9.9064700e-02
  -9.5611000e-02
  -9.1505000e-02
  -8.7109500e-02
  -8.1864800e-02
  -7.4642400e-02
  -6.5433300e-02
  -5.5479300e-02
  -4.5547700e-02
  -3.5797200e-02
  -2.5884000e-02
  -1.6102200e-02
  -7.0946300e-03
   1.3065500e-03
   9.1994900e-03
   1.6219200e-02
   2.2361100e-02
   2.8050600e-02
   3.4230000e-02
   4.1022700e-02
   4.7561600e-02
   5.3644100e-02
   6.0182600e-02
   6.7498100e-02
   7.4704100e-02
   8.0879500e-02
   8.6392000e-02
   9.2255700e-02
   9.8436600e-02
   1.0413100e-01
   1.0871700e-01
   1.1227600e-01
   1.1502800e-01
   1.1683900e-01
   1.1796600e-01
   1.1911200e-01
   1.2073200e-01
   1.2277000e-01
   1.2536000e-01
   1.2834100e-01
   1.3141100e-01
   1.3418100e-01
   1.3664100e-01
   1.3893100e-01
   1.4065500e-01
   1.4116800e-01
   1.4075700e-01
   1.3993200e-01
   1.3849800e-01
   1.3662900e-01
   1.3483800e-01
   1.3327500e-01
   1.3135400e-01
   1.2835100e-01
   1.2445800e-01
   1.2040600e-01
   1.1574900e-01
   1.1000500e-01
   1.0399000e-01
   9.8206500e-02
   9.2546000e-02
   8.6961500e-02
   8.1797400e-02
   7.6841800e-02
   7.1846300e-02
   6.7001200e-02
   6.2195200e-02
   5.7251000e-02
   5.2252200e-02
   4.7241700e-02
   4.2450300e-02
   3.7773200e-02
   3.2896600e-02
   2.8095800e-02
   2.3548200e-02
   1.9186000e-02
   1.4817700e-02
   1.0330200e-02
   6.0226000e-03
   2.3275700e-03
  -9.5505400e-04
  -3.7876700e-03
  -5.7309600e-03
  -6.8333400e-03
  -7.8753600e-03
  -9.9898200e-03
  -1.3340700e-02
  -1.6788400e-02
  -1.9695200e-02
  -2.2284800e-02
  -2.4662500e-02
  -2.6087700e-02
  -2.6326300e-02
  -2.5985800e-02
  -2.5574400e-02
  -2.5036600e-02
  -2.4373200e-02
  -2.3713100e-02
  -2.3165200e-02
  -2.2872900e-02
  -2.2599300e-02
  -2.2192700e-02
  -2.1921700e-02
  -2.1588800e-02
  -2.1224000e-02
  -2.1285400e-02
  -2.1775000e-02
  -2.1808400e-02
  -2.1420500e-02
  -2.1114800e-02
  -2.0950100e-02
  -2.1099200e-02
  -2.2091500e-02
  -2.4250300e-02
  -2.6988600e-02
  -2.8974200e-02
  -2.8942100e-02
  -2.7164900e-02
  -2.5018600e-02
  -2.3027200e-02
  -2.0769800e-02
  -1.8016200e-02
  -1.4691400e-02
  -1.0201400e-02
  -4.7030400e-03
   7.9079900e-04
   5.5175700e-03
   9.0857300e-03
   1.2058900e-02
   1.5264900e-02
   1.9060100e-02
   2.3547800e-02
   2.8444400e-02
   3.3448500e-02
   3.8205800e-02
   4.2553100e-02
   4.6748800e-02
   5.1138500e-02
   5.5793200e-02
   6.0843500e-02
   6.6075500e-02
   7.1218700e-02
   7.5674500e-02
   7.9107400e-02
   8.2556600e-02
   8.6543900e-02
   9.0850900e-02
   9.5169100e-02
   9.9117900e-02
   1.0265200e-01
   1.0594800e-01
   1.0894500e-01
   1.1152700e-01
   1.1378100e-01
   1.1599500e-01
   1.1788600e-01
   1.1890800e-01
   1.1908100e-01
   1.1876900e-01
   1.1807000e-01
   1.1665000e-01
   1.1419300e-01
   1.1088400e-01
   1.0674000e-01
   1.0185000e-01
   9.6014300e-02
   8.9019500e-02
   8.1484300e-02
   7.4097900e-02
   6.7220500e-02
   6.1372500e-02
   5.6276600e-02
   5.1252800e-02
   4.6139400e-02
   4.0747800e-02
   3.5123400e-02
   2.9357100e-02
   2.3948100e-02
   1.9041400e-02
   1.4382200e-02
   1.0057000e-02
   5.8540400e-03
   1.2090800e-03
  -3.8859000e-03
  -8.8493900e-03
  -1.3345400e-02
  -1.7352200e-02
  -2.1147900e-02
  -2.5138100e-02
  -2.9153100e-02
  -3.2776400e-02
  -3.6068100e-02
  -3.9268800e-02
  -4.2529300e-02
  -4.6139400e-02
  -5.0018800e-02
  -5.3651300e-02
  -5.6929500e-02
  -6.0009100e-02
  -6.2973900e-02
  -6.5477700e-02
  -6.7239700e-02
  -6.8560700e-02
  -6.9389400e-02
  -6.9267900e-02
  -6.8539800e-02
  -6.7979400e-02
  -6.7710100e-02
  -6.7479900e-02
  -6.7070100e-02
  -6.6725200e-02
  -6.6838300e-02
  -6.7042900e-02
  -6.7058500e-02
  -6.7376200e-02
  -6.8185800e-02
  -6.8945000e-02
  -6.9278700e-02
  -6.9235600e-02
  -6.9018600e-02
  -6.8908800e-02
  -6.8876800e-02
  -6.8287400e-02
  -6.6962400e-02
  -6.5497300e-02
  -6.4182500e-02
  -6.2915100e-02
  -6.1822800e-02
  -6.0887800e-02
  -5.9408800e-02
  -5.6828100e-02
  -5.3729400e-02
  -5.1021300e-02
  -4.9149900e-02
  -4.8085600e-02
  -4.8170700e-02
  -4.9661900e-02
  -5.1896700e-02
  -5.3459400e-02
  -5.3835000e-02
  -5.3290200e-02
  -5.2648600e-02
  -5.2922800e-02
  -5.4224600e-02
  -5.6139100e-02
  -5.8079700e-02
  -5.9426700e-02
  -5.9722800e-02
  -5.9335400e-02
  -5.8752700e-02
  -5.8146000e-02
  -5.7414500e-02
  -5.6396800e-02
  -5.5143600e-02
  -5.3725300e-02
  -5.2327900e-02
  -5.0795900e-02
  -4.9236100e-02
  -4.8017500e-02
  -4.6791100e-02
  -4.5041100e-02
  -4.2841900e-02
  -4.0483100e-02
  -3.8097600e-02
  -3.5657500e-02
  -3.2881300e-02
  -2.9867400e-02
  -2.6665300e-02
  -2.3078200e-02
  -1.9099600e-02
  -1.5313100e-02
  -1.2494100e-02
  -1.0442500e-02
  -8.5972000e-03
  -6.3349000e-03
  -3.5754100e-03
  -6.5051100e-04
   2.1417600e-03
   4.5127100e-03
   6.4734600e-03
   7.9805300e-03
   9.1940300e-03
   1.0566000e-02
   1.2302000e-02
   1.3949700e-02
   1.4861900e-02
   1.5162500e-02
   1.5251200e-02
   1.5617400e-02
   1.6156300e-02
   1.6414300e-02
   1.6192500e-02
   1.5494600e-02
   1.4716400e-02
   1.3933800e-02
   1.2683400e-02
   1.1358500e-02
   1.0442200e-02
   1.0204900e-02
   1.0298700e-02
   1.0121900e-02
   9.7972500e-03
   1.0373200e-02
   1.1795500e-02
   1.3291500e-02
   1.4804700e-02
   1.6267600e-02
   1.7633100e-02
   1.8982200e-02
   2.0701600e-02
   2.2948500e-02
   2.5638100e-02
   2.8429700e-02
   3.0817700e-02
   3.2527900e-02
   3.3627300e-02
   3.4425000e-02
   3.4971100e-02
   3.4842600e-02
   3.3800200e-02
   3.2060700e-02
   3.0394100e-02
   2.9186500e-02
   2.8005900e-02
   2.6395600e-02
   2.4587800e-02
   2.2568000e-02
   1.9989100e-02
   1.6984600e-02
   1.3514900e-02
   9.3385500e-03
   4.5205800e-03
  -6.0777000e-04
  -5.4879700e-03
  -9.4054700e-03
  -1.2260900e-02
  -1.4602200e-02
  -1.7242200e-02
  -2.0460100e-02
  -2.4314100e-02
  -2.8202900e-02
  -3.1352800e-02
  -3.3867500e-02
  -3.6138400e-02
  -3.8250100e-02
  -4.0128800e-02
  -4.2301100e-02
  -4.5379000e-02
  -4.9093400e-02
  -5.3010800e-02
  -5.6697800e-02
  -5.9347600e-02
  -6.1023700e-02
  -6.2608200e-02
  -6.4834100e-02
  -6.7267600e-02
  -6.8582700e-02
  -6.8683000e-02
  -6.8527400e-02
  -6.8818200e-02
  -6.9598100e-02
  -7.0608800e-02
  -7.1498500e-02
  -7.1834900e-02
  -7.1163300e-02
  -6.9310000e-02
  -6.6672800e-02
  -6.4273000e-02
  -6.2579800e-02
  -6.1080900e-02
  -5.9300900e-02
  -5.7091800e-02
  -5.4010700e-02
  -4.9355300e-02
  -4.3221300e-02
  -3.7068500e-02
  -3.2164800e-02
  -2.8683300e-02
  -2.6111100e-02
  -2.3593500e-02
  -2.0206200e-02
  -1.5882800e-02
  -1.0820300e-02
  -5.2178100e-03
   7.6404800e-05
   4.3037300e-03
   7.7630600e-03
   1.1224100e-02
   1.5216400e-02
   1.9516300e-02
   2.3405000e-02
   2.6317200e-02
   2.8338400e-02
   3.0054700e-02
   3.1700400e-02
   3.3446700e-02
   3.5243400e-02
   3.6813700e-02
   3.7921600e-02
   3.8726700e-02
   4.0006200e-02
   4.1655700e-02
   4.3188800e-02
   4.4605500e-02
   4.6241000e-02
   4.8303700e-02
   5.0515100e-02
   5.2528800e-02
   5.4350300e-02
   5.6272600e-02
   5.8246500e-02
   5.9898000e-02
   6.1126700e-02
   6.1766900e-02
   6.1661200e-02
   6.1029700e-02
   6.0087000e-02
   5.8827600e-02
   5.8003100e-02
   5.7919500e-02
   5.7687500e-02
   5.6814800e-02
   5.5120800e-02
   5.2499800e-02
   4.9446000e-02
   4.6498100e-02
   4.3526700e-02
   4.0066300e-02
   3.5969000e-02
   3.0836200e-02
   2.4401100e-02
   1.7067800e-02
   9.4271200e-03
   1.9046800e-03
  -5.3091700e-03
  -1.2112000e-02
  -1.8565800e-02
  -2.4656600e-02
  -3.0352900e-02
  -3.5526000e-02
  -3.9866900e-02
  -4.3653400e-02
  -4.7316900e-02
  -5.0956300e-02
  -5.4823300e-02
  -5.9158000e-02
  -6.3471900e-02
  -6.7361700e-02
  -7.1210600e-02
  -7.5051500e-02
  -7.8774200e-02
  -8.2836000e-02
  -8.7778900e-02
  -9.3075100e-02
  -9.6890400e-02
  -9.7931700e-02
  -9.7851500e-02
  -9.9976200e-02
  -1.0498500e-01
  -1.0970800e-01
  -1.1146400e-01
  -1.1089200e-01
  -1.1014200e-01
  -1.1021600e-01
  -1.1011000e-01
  -1.0922800e-01
  -1.0837900e-01
  -1.0806200e-01
  -1.0758500e-01
  -1.0641700e-01
  -1.0460300e-01
  -1.0266100e-01
  -1.0078600e-01
  -9.8747700e-02
  -9.6280000e-02
  -9.3518300e-02
  -9.1116800e-02
  -8.9253600e-02
  -8.7190100e-02
  -8.4033300e-02
  -7.9293700e-02
  -7.3667400e-02
  -6.8549600e-02
  -6.4685800e-02
  -6.2330000e-02
  -6.1071700e-02
  -5.9567900e-02
  -5.6644200e-02
  -5.2408700e-02
  -4.7814300e-02
  -4.3769000e-02
  -4.0347900e-02
  -3.7294200e-02
  -3.4288000e-02
  -3.0671700e-02
  -2.6432100e-02
  -2.2428700e-02
  -1.9251900e-02
  -1.7082800e-02
  -1.5055900e-02
  -1.1256600e-02
  -4.4987700e-03
   3.5101400e-03
   9.1501900e-03
   1.0999100e-02
   1.2063900e-02
   1.5504900e-02
   2.0202900e-02
   2.3724400e-02
   2.6604100e-02
   3.0291300e-02
   3.3978300e-02
   3.5743100e-02
   3.6334700e-02
   3.8059500e-02
   4.0992200e-02
   4.3758800e-02
   4.5566800e-02
   4.6681600e-02
   4.7896200e-02
   4.9082700e-02
   4.9029800e-02
   4.7536400e-02
   4.6669500e-02
   4.7900500e-02
   4.9877600e-02
   4.9900900e-02
   4.6764300e-02
   4.1911800e-02
   3.8163600e-02
   3.6590800e-02
   3.5764100e-02
   3.4237300e-02
   3.2047500e-02
   2.9940700e-02
   2.8543400e-02
   2.8032400e-02
   2.8379200e-02
   2.8580400e-02
   2.7297100e-02
   2.4523800e-02
   2.1004600e-02
   1.7382200e-02
   1.4197800e-02
   1.2389800e-02
   1.2348300e-02
   1.2617800e-02
   1.1384300e-02
   8.0827400e-03
   3.9912800e-03
   6.0664100e-04
  -1.9528900e-03
  -4.5415500e-03
  -7.3994900e-03
  -1.0427500e-02
  -1.3344100e-02
  -1.6031500e-02
  -1.8989800e-02
  -2.2454500e-02
  -2.5892800e-02
  -2.8870900e-02
  -3.1483500e-02
  -3.4380200e-02
  -3.7448400e-02
  -4.0418200e-02
  -4.3736100e-02
  -4.7065500e-02
  -4.9831600e-02
  -5.2232100e-02
  -5.4681200e-02
  -5.7177700e-02
  -5.9568100e-02
  -6.1831500e-02
  -6.3769500e-02
  -6.5642700e-02
  -6.7846200e-02
  -6.9969600e-02
  -7.1368000e-02
  -7.2111900e-02
  -7.2555700e-02
  -7.2499500e-02
  -7.1986700e-02
  -7.1754400e-02
  -7.2121600e-02
  -7.2548200e-02
  -7.2800600e-02
  -7.2894100e-02
  -7.2885700e-02
  -7.3209000e-02
  -7.3880900e-02
  -7.4256900e-02
  -7.3954100e-02
  -7.2857500e-02
  -7.0919300e-02
  -6.8494300e-02
  -6.6414700e-02
  -6.5013700e-02
  -6.3426400e-02
  -6.1113000e-02
  -5.8198500e-02
  -5.5106700e-02
  -5.2347400e-02
  -4.9821700e-02
  -4.7465600e-02
  -4.5270400e-02
  -4.2913900e-02
  -4.0296600e-02
  -3.7348600e-02
  -3.3881900e-02
  -2.9996400e-02
  -2.6123500e-02
  -2.2357900e-02
  -1.8385400e-02
  -1.4200500e-02
  -1.0340100e-02
  -7.1942100e-03
  -4.3553600e-03
  -1.4759200e-03
   1.5059900e-03
   4.6819200e-03
   7.8658600e-03
   1.1043500e-02
   1.4439300e-02
   1.7691800e-02
   2.0335900e-02
   2.2725600e-02
   2.5562500e-02
   2.8861600e-02
   3.2109800e-02
   3.5158500e-02
   3.7954300e-02
   4.0287400e-02
   4.2040700e-02
   4.3572000e-02
   4.5266300e-02
   4.7107000e-02
   4.8696900e-02
   4.9911000e-02
   5.1045000e-02
   5.2448400e-02
   5.4121600e-02
   5.5519200e-02
   5.6419700e-02
   5.7238400e-02
   5.8165000e-02
   5.9016400e-02
   5.9305400e-02
   5.8622700e-02
   5.7497600e-02
   5.6380300e-02
   5.4790300e-02
   5.2536500e-02
   4.9979900e-02
   4.7050100e-02
   4.3470500e-02
   3.8858800e-02
   3.3290900e-02
   2.7028300e-02
   2.0443300e-02
   1.4002500e-02
   7.5727300e-03
   9.4994500e-04
  -5.4515200e-03
  -1.1529100e-02
  -1.7396400e-02
  -2.3172600e-02
  -2.8522600e-02
  -3.3309700e-02
  -3.7829200e-02
  -4.2407500e-02
  -4.6927900e-02
  -5.1490800e-02
  -5.6035600e-02
  -6.0369400e-02
  -6.4895000e-02
  -6.9596600e-02
  -7.4023300e-02
  -7.8378000e-02
  -8.2748900e-02
  -8.6503700e-02
  -8.9757900e-02
  -9.3023500e-02
  -9.6316600e-02
  -9.9167400e-02
  -1.0134100e-01
  -1.0345700e-01
  -1.0588400e-01
  -1.0795100e-01
  -1.0902600e-01
  -1.0941000e-01
  -1.0957700e-01
  -1.0975500e-01
  -1.0987800e-01
  -1.0946800e-01
  -1.0849100e-01
  -1.0743700e-01
  -1.0633800e-01
  -1.0476200e-01
  -1.0291700e-01
  -1.0106400e-01
  -9.9089900e-02
  -9.6829000e-02
  -9.4191100e-02
  -9.1272100e-02
  -8.8371000e-02
  -8.5564200e-02
  -8.2410800e-02
  -7.8425100e-02
  -7.3695800e-02
  -6.8784500e-02
  -6.4067700e-02
  -5.9316300e-02
  -5.4180400e-02
  -4.9034300e-02
  -4.4167300e-02
  -3.9404600e-02
  -3.4930500e-02
  -3.0743900e-02
  -2.6751400e-02
  -2.2982600e-02
  -1.9336300e-02
  -1.5544500e-02
  -1.1711000e-02
  -8.2192400e-03
  -4.9469100e-03
  -1.7406900e-03
   1.7242200e-03
   5.5481300e-03
   9.1378500e-03
   1.2155800e-02
   1.5047000e-02
   1.7903200e-02
   2.0498300e-02
   2.2947000e-02
   2.5115500e-02
   2.6724800e-02
   2.7898500e-02
   2.8700200e-02
   2.9476500e-02
   3.0571900e-02
   3.1646900e-02
   3.2379300e-02
   3.2869000e-02
   3.3255200e-02
   3.3834000e-02
   3.4541200e-02
   3.4964000e-02
   3.5238400e-02
   3.5737900e-02
   3.6116800e-02
   3.6269300e-02
   3.6729100e-02
   3.7341100e-02
   3.7554000e-02
   3.7345400e-02
   3.6875900e-02
   3.6100100e-02
   3.4868400e-02
   3.3357700e-02
   3.1848600e-02
   2.9728800e-02
   2.6588700e-02
   2.3068700e-02
   1.9588300e-02
   1.6202800e-02
   1.3244600e-02
   1.0707200e-02
   8.5297700e-03
   6.8942700e-03
   5.7004400e-03
   4.6058700e-03
   3.5002600e-03
   2.2439200e-03
   8.2083600e-04
  -3.5191900e-04
  -1.0707200e-03
  -1.7540200e-03
  -2.7163300e-03
  -3.8556100e-03
  -4.9146600e-03
  -6.1328500e-03
  -7.5784900e-03
  -8.8930100e-03
  -1.0352400e-02
  -1.2090000e-02
  -1.3861000e-02
  -1.5770400e-02
  -1.7700700e-02
  -1.9414600e-02
  -2.0564400e-02
  -2.1435400e-02
  -2.2634000e-02
  -2.4041600e-02
  -2.5359400e-02
  -2.7064300e-02
  -2.9392400e-02
  -3.1694900e-02
  -3.3555300e-02
  -3.5148000e-02
  -3.6560300e-02
  -3.7975400e-02
  -3.9577800e-02
  -4.1500800e-02
  -4.3752600e-02
  -4.5717900e-02
  -4.6954200e-02
  -4.8103500e-02
  -4.9548400e-02
  -5.0951800e-02
  -5.1986400e-02
  -5.2858100e-02
  -5.3747300e-02
  -5.4545400e-02
  -5.5132400e-02
  -5.5363800e-02
  -5.5399800e-02
  -5.5402200e-02
  -5.5223300e-02
  -5.4852700e-02
  -5.4390100e-02
  -5.3789900e-02
  -5.3140100e-02
  -5.2464500e-02
  -5.1890300e-02
  -5.1072700e-02
  -4.9760300e-02
  -4.8206600e-02
  -4.6332100e-02
  -4.4137000e-02
  -4.1890900e-02
  -3.9691600e-02
  -3.7404800e-02
  -3.4799400e-02
  -3.2187700e-02
  -2.9770400e-02
  -2.7387900e-02
  -2.5040800e-02
  -2.2679200e-02
  -2.0525600e-02
  -1.8766700e-02
  -1.7202400e-02
  -1.5527100e-02
  -1.3779500e-02
  -1.2085300e-02
  -1.0693400e-02
  -9.9007300e-03
  -9.4161800e-03
  -8.9363200e-03
  -8.7243600e-03
  -9.0306200e-03
  -9.7478900e-03
  -1.0450700e-02
  -1.0909400e-02
  -1.1420400e-02
  -1.2151800e-02
  -1.2830100e-02
  -1.3204400e-02
  -1.3638600e-02
  -1.4348000e-02
  -1.5173500e-02
  -1.6037200e-02
  -1.6797600e-02
  -1.7516900e-02
  -1.8447200e-02
  -1.9671400e-02
  -2.0783300e-02
  -2.1910600e-02
  -2.3395300e-02
  -2.4647800e-02
  -2.5443300e-02
  -2.6552800e-02
  -2.8127100e-02
  -2.9506600e-02
  -3.0695300e-02
  -3.1881300e-02
  -3.3208400e-02
  -3.4730600e-02
  -3.6081200e-02
  -3.7355700e-02
  -3.9138700e-02
  -4.1056800e-02
  -4.2224200e-02
  -4.2795900e-02
  -4.3387700e-02
  -4.4143000e-02
  -4.4945800e-02
  -4.5646700e-02
  -4.6106700e-02
  -4.6531600e-02
  -4.7297000e-02
  -4.8107400e-02
  -4.8609800e-02
  -4.9188300e-02
  -4.9962400e-02
  -5.0701300e-02
  -5.1541500e-02
  -5.2633300e-02
  -5.3616300e-02
  -5.4483200e-02
  -5.5065400e-02
  -5.5136200e-02
  -5.4649600e-02
  -5.4195000e-02
  -5.4150700e-02
  -5.4103700e-02
  -5.4062000e-02
  -5.4047600e-02
  -5.3783800e-02
  -5.3276200e-02
  -5.2745700e-02
  -5.1929900e-02
  -5.0931000e-02
  -4.9903900e-02
  -4.8368400e-02
  -4.6545000e-02
  -4.4930800e-02
  -4.3441500e-02
  -4.1793600e-02
  -3.9921100e-02
  -3.7949400e-02
  -3.5920000e-02
  -3.3871700e-02
  -3.1830000e-02
  -2.9566000e-02
  -2.7008400e-02
  -2.4268600e-02
  -2.1440700e-02
  -1.8545400e-02
  -1.5635800e-02
  -1.2665300e-02
  -9.7955400e-03
  -7.1839600e-03
  -4.6111300e-03
  -1.8125300e-03
   9.7538900e-04
   3.4756900e-03
   5.7882800e-03
   8.2795100e-03
   1.0690700e-02
   1.2493300e-02
   1.4064000e-02
   1.6038800e-02
   1.8112800e-02
   1.9694900e-02
   2.0892000e-02
   2.2233600e-02
   2.3567700e-02
   2.4499900e-02
   2.5022100e-02
   2.5017500e-02
   2.4516200e-02
   2.3782800e-02
   2.3033900e-02
   2.1896800e-02
   2.0022000e-02
   1.7858200e-02
   1.5606500e-02
   1.3269400e-02
   1.0710400e-02
   7.6841300e-03
   4.4852900e-03
   1.5494200e-03
  -1.0115800e-03
  -3.2004700e-03
  -5.2993600e-03
  -7.2664900e-03
  -9.1227100e-03
  -1.1142800e-02
  -1.3401900e-02
  -1.5508000e-02
  -1.7310400e-02
  -1.9013900e-02
  -2.0689500e-02
  -2.2306100e-02
  -2.3904700e-02
  -2.5515600e-02
  -2.6633800e-02
  -2.7362400e-02
  -2.8039100e-02
  -2.8958800e-02
  -3.0010900e-02
  -3.0734300e-02
  -3.1222200e-02
  -3.1800900e-02
  -3.2355600e-02
  -3.2527800e-02
  -3.2503500e-02
  -3.2557800e-02
  -3.2495500e-02
  -3.1989200e-02
  -3.1422600e-02
  -3.0757400e-02
  -2.9697800e-02
  -2.8196300e-02
  -2.6534900e-02
  -2.5091600e-02
  -2.3732800e-02
  -2.2421600e-02
  -2.1341600e-02
  -2.0229700e-02
  -1.8921200e-02
  -1.7388800e-02
  -1.5940400e-02
  -1.4668800e-02
  -1.3532400e-02
  -1.2385000e-02
  -1.1089500e-02
  -9.4945500e-03
  -7.8782400e-03
  -6.5126200e-03
  -5.3358300e-03
  -3.9848800e-03
  -2.4622400e-03
  -1.0939200e-03
  -3.4248700e-05
   8.3039800e-04
   1.6977500e-03
   2.8238000e-03
   4.1167700e-03
   5.3159600e-03
   6.1825000e-03
   6.7605000e-03
   7.5792900e-03
   8.9335100e-03
   1.0529300e-02
   1.1993200e-02
   1.3170700e-02
   1.4207900e-02
   1.5262800e-02
   1.6415300e-02
   1.7433100e-02
   1.8343800e-02
   1.9222000e-02
   2.0118400e-02
   2.1005000e-02
   2.1923300e-02
   2.2764900e-02
   2.3773500e-02
   2.4930000e-02
   2.5869900e-02
   2.6829600e-02
   2.7878900e-02
   2.8873400e-02
   3.0153800e-02
   3.1712300e-02
   3.3085700e-02
   3.4320700e-02
   3.5653600e-02
   3.7278700e-02
   3.9030000e-02
   4.0534300e-02
   4.1872800e-02
   4.3230600e-02
   4.4428400e-02
   4.5509400e-02
   4.6454000e-02
   4.7311300e-02
   4.8370700e-02
   4.9580000e-02
   5.0740700e-02
   5.1993900e-02
   5.3284200e-02
   5.4722200e-02
   5.6313500e-02
   5.7656800e-02
   5.8805500e-02
   5.9950200e-02
   6.1302100e-02
   6.2701200e-02
   6.3618800e-02
   6.4230700e-02
   6.4820500e-02
   6.5386500e-02
   6.6017500e-02
   6.6249900e-02
   6.5946700e-02
   6.5451400e-02
   6.4949200e-02
   6.4182000e-02
   6.2830300e-02
   6.1384700e-02
   6.0344700e-02
   5.9588200e-02
   5.8726100e-02
   5.7858600e-02
   5.7342800e-02
   5.7036400e-02
   5.6665000e-02
   5.6424100e-02
   5.6110000e-02
   5.5443300e-02
   5.4649200e-02
   5.3784500e-02
   5.2600200e-02
   5.1345700e-02
   5.0239900e-02
   4.9514200e-02
   4.9055000e-02
   4.8637900e-02
   4.8181700e-02
   4.7802900e-02
   4.7455300e-02
   4.7005800e-02
   4.6733400e-02
   4.6484800e-02
   4.6034500e-02
   4.5689200e-02
   4.5718200e-02
   4.5773600e-02
   4.5420600e-02
   4.4830800e-02
   4.4612300e-02
   4.4772600e-02
   4.4813500e-02
   4.4733400e-02
   4.4905300e-02
   4.5447000e-02
   4.6226500e-02
   4.7093200e-02
   4.7806200e-02
   4.8606200e-02
   4.9567500e-02
   5.0303700e-02
   5.1001100e-02
   5.1851500e-02
   5.2751000e-02
   5.3610400e-02
   5.4441200e-02
   5.5148600e-02
   5.5698000e-02
   5.6194500e-02
   5.7006400e-02
   5.8058600e-02
   5.8931300e-02
   5.9388100e-02
   5.9611400e-02
   6.0212500e-02
   6.1382200e-02
   6.2642300e-02
   6.3522200e-02
   6.4450200e-02
   6.5643900e-02
   6.6568500e-02
   6.7110500e-02
   6.7747500e-02
   6.8593700e-02
   6.9313100e-02
   6.9700300e-02
   7.0089800e-02
   7.0571500e-02
   7.0829800e-02
   7.0780100e-02
   7.0829000e-02
   7.0805400e-02
   7.0442400e-02
   6.9809100e-02
   6.9083600e-02
   6.8349900e-02
   6.7306400e-02
   6.6044600e-02
   6.4633900e-02
   6.3149700e-02
   6.1892300e-02
   6.0653600e-02
   5.9159400e-02
   5.7721200e-02
   5.6504600e-02
   5.5504200e-02
   5.4480300e-02
   5.3264500e-02
   5.2144600e-02
   5.1323700e-02
   5.0692800e-02
   5.0132900e-02
   4.9691200e-02
   4.9358100e-02
   4.8961500e-02
   4.8788500e-02
   4.8814700e-02
   4.8581600e-02
   4.8186100e-02
   4.7962300e-02
   4.7986400e-02
   4.7874500e-02
   4.7279800e-02
   4.6220000e-02
   4.5397300e-02
   4.5155100e-02
   4.5017900e-02
   4.4553100e-02
   4.3838100e-02
   4.3155500e-02
   4.2570600e-02
   4.1800300e-02
   4.0718900e-02
   3.9414100e-02
   3.8315300e-02
   3.7884500e-02
   3.7742600e-02
   3.7553900e-02
   3.7589200e-02
   3.8205100e-02
   3.9220200e-02
   4.0261100e-02
   4.1231700e-02
   4.2091600e-02
   4.3034800e-02
   4.4145600e-02
   4.4937300e-02
   4.5118300e-02
   4.5202000e-02
   4.5531800e-02
   4.5858300e-02
   4.6313300e-02
   4.7089700e-02
   4.7860900e-02
   4.8459700e-02
   4.9307500e-02
   5.0322200e-02
   5.1103500e-02
   5.1656000e-02
   5.2295900e-02
   5.3058000e-02
   5.3523100e-02
   5.3840600e-02
   5.4606100e-02
   5.5513400e-02
   5.6111500e-02
   5.6543700e-02
   5.7331100e-02
   5.8227100e-02
   5.8966000e-02
   5.9490300e-02
   5.9897800e-02
   6.0192200e-02
   6.0516100e-02
   6.0696600e-02
   6.0860800e-02
   6.1075100e-02
   6.1114300e-02
   6.1299800e-02
   6.1631200e-02
   6.2005800e-02
   6.2376200e-02
   6.2649300e-02
   6.2784000e-02
   6.3048500e-02
   6.3626300e-02
   6.4102100e-02
   6.4366300e-02
   6.4745500e-02
   6.5343000e-02
   6.6239400e-02
   6.7206000e-02
   6.8170600e-02
   6.9237000e-02
   7.0227500e-02
   7.0893200e-02
   7.1216600e-02
   7.1314800e-02
   7.1583700e-02
   7.2187800e-02
   7.3084300e-02
   7.3891200e-02
   7.4342500e-02
   7.4882400e-02
   7.5382600e-02
   7.5505000e-02
   7.5416600e-02
   7.5186500e-02
   7.4995900e-02
   7.4998100e-02
   7.4997500e-02
   7.5114700e-02
   7.5243300e-02
   7.5146600e-02
   7.5088100e-02
   7.5103000e-02
   7.5239600e-02
   7.5720500e-02
   7.6563100e-02
   7.7192100e-02
   7.7048100e-02
   7.6151300e-02
   7.4890700e-02
   7.3983600e-02
   7.4136700e-02
   7.5396500e-02
   7.6697200e-02
   7.6925900e-02
   7.6331400e-02
   7.6032100e-02
   7.6475400e-02
   7.7370400e-02
   7.8318600e-02
   7.8760900e-02
   7.8458300e-02
   7.7484600e-02
   7.6432900e-02
   7.5965200e-02
   7.6089200e-02
   7.6066800e-02
   7.5387900e-02
   7.4108500e-02
   7.2395700e-02
   7.0449100e-02
   6.8344700e-02
   6.6053100e-02
   6.3611600e-02
   6.1075300e-02
   5.8250700e-02
   5.4888100e-02
   5.1599000e-02
   4.9060700e-02
   4.7000700e-02
   4.4819900e-02
   4.2549400e-02
   4.0493600e-02
   3.8472700e-02
   3.6454100e-02
   3.4596300e-02
   3.2808100e-02
   3.0922600e-02
   2.9144200e-02
   2.7665500e-02
   2.6123000e-02
   2.4370400e-02
   2.2737300e-02
   2.1361500e-02
   2.0415900e-02
   1.9694500e-02
   1.8852900e-02
   1.8361500e-02
   1.8452200e-02
   1.8715800e-02
   1.8720200e-02
   1.8676100e-02
   1.8841600e-02
   1.9109000e-02
   1.9495200e-02
   2.0151900e-02
   2.0978300e-02
   2.1723000e-02
   2.2549100e-02
   2.3485300e-02
   2.4238800e-02
   2.4430100e-02
   2.4352900e-02
   2.4572300e-02
   2.5022800e-02
   2.5539000e-02
   2.5954200e-02
   2.6425400e-02
   2.7092900e-02
   2.8041300e-02
   2.9159100e-02
   3.0320900e-02
   3.1462800e-02
   3.2325900e-02
   3.3197600e-02
   3.4504300e-02
   3.5858100e-02
   3.6700700e-02
   3.7142600e-02
   3.7575600e-02
   3.8249900e-02
   3.9147600e-02
   3.9843800e-02
   4.0059800e-02
   3.9887200e-02
   3.9570300e-02
   3.9204200e-02
   3.8623000e-02
   3.7899300e-02
   3.7385200e-02
   3.7082900e-02
   3.6855000e-02
   3.6314200e-02
   3.5238800e-02
   3.3834900e-02
   3.2717300e-02
   3.2115600e-02
   3.1364000e-02
   3.0191400e-02
   2.9223600e-02
   2.8438400e-02
   2.7364100e-02
   2.6271200e-02
   2.5478700e-02
   2.4730300e-02
   2.3603200e-02
   2.2398200e-02
   2.1266400e-02
   2.0025300e-02
   1.8848200e-02
   1.8063900e-02
   1.7576000e-02
   1.7079500e-02
   1.6176700e-02
   1.4757100e-02
   1.3325700e-02
   1.2401900e-02
   1.1595800e-02
   1.0366500e-02
   9.0510200e-03
   8.0383800e-03
   7.0107700e-03
   5.6499900e-03
   4.1922200e-03
   2.8100500e-03
   1.5637500e-03
   1.7733600e-04
  -1.3580400e-03
  -2.8523000e-03
  -4.5356700e-03
  -6.4343200e-03
  -8.4757800e-03
  -1.0560300e-02
  -1.2478900e-02
  -1.4336300e-02
  -1.6092800e-02
  -1.7617700e-02
  -1.9086100e-02
  -2.0860800e-02
  -2.3016700e-02
  -2.5181800e-02
  -2.7039800e-02
  -2.8425200e-02
  -2.9662600e-02
  -3.1163900e-02
  -3.2568000e-02
  -3.3556400e-02
  -3.4383000e-02
  -3.5141700e-02
  -3.5736500e-02
  -3.6259800e-02
  -3.6487600e-02
  -3.6478700e-02
  -3.6529600e-02
  -3.6491500e-02
  -3.6349100e-02
  -3.6034300e-02
  -3.5686100e-02
  -3.5142000e-02
  -3.4493800e-02
  -3.4196800e-02
  -3.4340600e-02
  -3.4414100e-02
  -3.4185600e-02
  -3.3958100e-02
  -3.3603000e-02
  -3.3254600e-02
  -3.2964900e-02
  -3.2472500e-02
  -3.1747100e-02
  -3.1231400e-02
  -3.0961400e-02
  -3.0410500e-02
  -2.9563800e-02
  -2.8718500e-02
  -2.7865900e-02
  -2.6789600e-02
  -2.5477200e-02
  -2.3971000e-02
  -2.2309400e-02
  -2.0451200e-02
  -1.8425300e-02
  -1.6533800e-02
  -1.4938800e-02
  -1.3464200e-02
  -1.1691500e-02
  -9.7829900e-03
  -8.1776200e-03
  -6.8856400e-03
  -5.4941000e-03
  -3.8402200e-03
  -2.1487400e-03
  -8.1221200e-04
   1.0491700e-04
   1.0490800e-03
   2.0995900e-03
   3.1955600e-03
   4.3834400e-03
   5.4299900e-03
   6.0570800e-03
   6.5785400e-03
   7.3371300e-03
   7.9961400e-03
   8.1304400e-03
   8.0233900e-03
   8.1470400e-03
   8.1947500e-03
   7.8351600e-03
   7.3420100e-03
   6.8654200e-03
   6.3431000e-03
   6.0810300e-03
   6.0974600e-03
   6.0260900e-03
   5.6969100e-03
   5.4373200e-03
   5.3797500e-03
   5.0696800e-03
   4.5406000e-03
   3.8596500e-03
   2.9203800e-03
   2.0349700e-03
   1.3471800e-03
   4.8419900e-04
  -5.4346500e-04
  -1.4878600e-03
  -2.4442400e-03
  -3.7356200e-03
  -5.3005100e-03
  -7.0478900e-03
  -8.7690300e-03
  -1.0151900e-02
  -1.1264100e-02
  -1.2544900e-02
  -1.4138200e-02
  -1.5966900e-02
  -1.7986100e-02
  -1.9788500e-02
  -2.1093900e-02
  -2.2434200e-02
  -2.3725000e-02
  -2.4582300e-02
  -2.5253500e-02
  -2.5883200e-02
  -2.6370600e-02
  -2.6642500e-02
  -2.6958100e-02
  -2.7635700e-02
  -2.8397600e-02
  -2.8984300e-02
  -2.9456700e-02
  -2.9810300e-02
  -3.0030500e-02
  -3.0019700e-02
  -2.9507800e-02
  -2.8798600e-02
  -2.8086000e-02
  -2.7347500e-02
  -2.6684700e-02
  -2.6104000e-02
  -2.5526600e-02
  -2.5195400e-02
  -2.5267500e-02
  -2.5254100e-02
  -2.4946200e-02
  -2.4340800e-02
  -2.3894500e-02
  -2.3683300e-02
  -2.3390200e-02
  -2.3000800e-02
  -2.2520700e-02
  -2.2322800e-02
  -2.2116200e-02
  -2.1705300e-02
  -2.1201400e-02
  -2.0444100e-02
  -1.9692900e-02
  -1.8940000e-02
  -1.8060600e-02
  -1.7228100e-02
  -1.6323000e-02
  -1.5409400e-02
  -1.4742300e-02
  -1.4081900e-02
  -1.3316800e-02
  -1.2632500e-02
  -1.2105300e-02
  -1.1824200e-02
  -1.1591100e-02
  -1.1459000e-02
  -1.1611400e-02
  -1.2080900e-02
  -1.2745900e-02
  -1.3480800e-02
  -1.4292700e-02
  -1.4892500e-02
  -1.5130400e-02
  -1.5293200e-02
  -1.5636000e-02
  -1.6011200e-02
  -1.6100500e-02
  -1.5730300e-02
  -1.5117500e-02
  -1.4677600e-02
  -1.4372000e-02
  -1.3832200e-02
  -1.3177000e-02
  -1.2500500e-02
  -1.1795700e-02
  -1.1042700e-02
  -1.0523300e-02
  -1.0103500e-02
  -9.4617200e-03
  -8.8767900e-03
  -8.6143100e-03
  -8.2503300e-03
  -7.3949300e-03
  -6.4572900e-03
  -5.6713000e-03
  -5.0426400e-03
  -4.6435100e-03
  -4.1093000e-03
  -3.3851700e-03
  -2.8134800e-03
  -2.5276900e-03
  -2.4071800e-03
  -2.3494800e-03
  -2.4172600e-03
  -2.5858000e-03
  -3.2768200e-03
  -4.5041600e-03
  -5.9248600e-03
  -7.2801300e-03
  -8.5019700e-03
  -9.8046400e-03
  -1.1290400e-02
  -1.3090600e-02
  -1.4958200e-02
  -1.6675700e-02
  -1.8106800e-02
  -1.9375500e-02
  -2.0937600e-02
  -2.2977800e-02
  -2.5151100e-02
  -2.6867800e-02
  -2.8102200e-02
  -2.9436200e-02
  -3.1081700e-02
  -3.2471700e-02
  -3.3553500e-02
  -3.4277400e-02
  -3.4632800e-02
  -3.4647900e-02
  -3.4641300e-02
  -3.5051900e-02
  -3.5717500e-02
  -3.6447600e-02
  -3.7026500e-02
  -3.7447000e-02
  -3.8072000e-02
  -3.8779000e-02
  -3.9430000e-02
  -4.0005600e-02
  -4.0206000e-02
  -4.0235400e-02
  -4.0171500e-02
  -4.0147200e-02
  -4.0294700e-02
  -4.0281400e-02
  -4.0066300e-02
  -3.9619000e-02
  -3.8957900e-02
  -3.7925200e-02
  -3.6697700e-02
  -3.5824000e-02
  -3.4811000e-02
  -3.3265500e-02
  -3.1250400e-02
  -2.9021700e-02
  -2.7043600e-02
  -2.5272400e-02
  -2.3188800e-02
  -2.0853600e-02
  -1.8754900e-02
  -1.6641700e-02
  -1.4649800e-02
  -1.2870500e-02
  -1.1419000e-02
  -1.0287200e-02
  -9.0046700e-03
  -7.5528500e-03
  -6.1702100e-03
  -4.8413300e-03
  -3.4854700e-03
  -1.9621400e-03
  -3.7208300e-04
   1.0945900e-03
   2.4285300e-03
   3.5127700e-03
   4.1962800e-03
   4.5480900e-03
   4.7036900e-03
   4.5318100e-03
   3.7687900e-03
   2.8038300e-03
   1.8037300e-03
   5.9289300e-04
  -7.0172900e-04
  -2.1746800e-03
  -3.7853900e-03
  -5.4135100e-03
  -7.2498700e-03
  -9.2519400e-03
  -1.1238000e-02
  -1.2970500e-02
  -1.4721500e-02
  -1.6735600e-02
  -1.8447200e-02
  -1.9815100e-02
  -2.1106600e-02
  -2.2499400e-02
  -2.3963500e-02
  -2.5326200e-02
  -2.6623900e-02
  -2.7996800e-02
  -2.9294600e-02
  -3.0485700e-02
  -3.1656100e-02
  -3.2959500e-02
  -3.4035600e-02
  -3.4714000e-02
  -3.5342400e-02
  -3.6067100e-02
  -3.6520700e-02
  -3.6791500e-02
  -3.6896300e-02
  -3.6946200e-02
  -3.7088600e-02
  -3.6941100e-02
  -3.6284000e-02
  -3.5604700e-02
  -3.5122200e-02
  -3.4934200e-02
  -3.4941400e-02
  -3.4763000e-02
  -3.4405200e-02
  -3.3743400e-02
  -3.3011700e-02
  -3.2516200e-02
  -3.2158700e-02
  -3.1423800e-02
  -3.0354000e-02
  -2.9476700e-02
  -2.8768800e-02
  -2.8054100e-02
  -2.7558900e-02
  -2.7174000e-02
  -2.6766300e-02
  -2.6383200e-02
  -2.6080900e-02
  -2.5826400e-02
  -2.5220200e-02
  -2.4082300e-02
  -2.2954400e-02
  -2.2036900e-02
  -2.1031500e-02
  -2.0089300e-02
  -1.9431500e-02
  -1.8725700e-02
  -1.7763100e-02
  -1.6433700e-02
  -1.5193100e-02
  -1.4319300e-02
  -1.3481300e-02
  -1.2355600e-02
  -1.1206700e-02
  -1.0334300e-02
  -9.3916400e-03
  -8.1062500e-03
  -6.8424100e-03
  -5.7211400e-03
  -4.5380600e-03
  -3.2258300e-03
  -2.0246900e-03
  -1.1274800e-03
  -3.5385800e-04
   4.3814300e-04
   1.2560400e-03
   1.9296600e-03
   2.4958700e-03
   3.0192400e-03
   3.3907000e-03
   3.6433700e-03
   3.7523600e-03
   3.8866400e-03
   4.0153300e-03
   3.9425500e-03
   3.6793900e-03
   3.1618100e-03
   2.5009800e-03
   1.7320800e-03
   7.7452000e-04
  -2.1158300e-04
  -1.0598400e-03
  -2.1837800e-03
  -3.6753200e-03
  -5.1748400e-03
  -6.3016300e-03
  -7.0088300e-03
  -7.8168700e-03
  -9.1173100e-03
  -1.0430400e-02
  -1.1400000e-02
  -1.2279600e-02
  -1.3251700e-02
  -1.4218600e-02
  -1.5234000e-02
  -1.6402400e-02
  -1.7654200e-02
  -1.8583200e-02
  -1.8825000e-02
  -1.8870500e-02
  -1.8996200e-02
  -1.9075200e-02
  -1.9287400e-02
  -1.9338600e-02
  -1.9140500e-02
  -1.8856400e-02
  -1.8526800e-02
  -1.8241600e-02
  -1.8185800e-02
  -1.8134200e-02
  -1.7779100e-02
  -1.7033700e-02
  -1.6254000e-02
  -1.5730400e-02
  -1.5240800e-02
  -1.4941100e-02
  -1.4722000e-02
  -1.4443600e-02
  -1.4084400e-02
  -1.3733800e-02
  -1.3159600e-02
  -1.2359900e-02
  -1.1650900e-02
  -1.0977700e-02
  -1.0045000e-02
  -8.8386100e-03
  -7.7839900e-03
  -7.0679700e-03
  -6.3713000e-03
  -5.5357300e-03
  -4.8838900e-03
  -4.5462800e-03
  -3.9201700e-03
  -2.8330300e-03
  -1.9365200e-03
  -1.8231500e-03
  -2.2552100e-03
  -2.5277900e-03
  -2.5283600e-03
  -2.5192400e-03
  -2.7430400e-03
  -3.2754700e-03
  -3.8594500e-03
  -3.9552200e-03
  -3.7268900e-03
  -3.5513400e-03
  -3.3595600e-03
  -3.2358700e-03
  -3.0126100e-03
  -2.8248000e-03
  -2.9682100e-03
  -3.6746300e-03
  -5.0068600e-03
  -6.4583700e-03
  -7.5978900e-03
  -8.7407200e-03
  -1.0191800e-02
  -1.1591200e-02
  -1.2480900e-02
  -1.2766100e-02
  -1.2700900e-02
  -1.2404900e-02
  -1.1898300e-02
  -1.1280800e-02
  -1.0563700e-02
  -9.6623800e-03
  -8.6051000e-03
  -7.6083700e-03
  -7.0685800e-03
  -7.0030900e-03
  -7.0687500e-03
  -6.8800300e-03
  -6.3916300e-03
  -5.8478400e-03
  -5.2442700e-03
  -4.1765500e-03
  -2.5013400e-03
  -6.7076500e-04
   1.0073100e-03
   2.4662000e-03
   3.9707700e-03
   5.8576800e-03
   7.5740300e-03
   8.8861100e-03
   9.9830200e-03
   1.0790300e-02
   1.1605400e-02
   1.2676900e-02
   1.3876000e-02
   1.4942500e-02
   1.5666300e-02
   1.6041600e-02
   1.6524600e-02
   1.7523400e-02
   1.8804900e-02
   2.0117500e-02
   2.1266900e-02
   2.2205400e-02
   2.2941700e-02
   2.3455800e-02
   2.3545200e-02
   2.3193200e-02
   2.2982100e-02
   2.3076300e-02
   2.3122200e-02
   2.3235300e-02
   2.3334800e-02
   2.3353400e-02
   2.3495700e-02
   2.3870600e-02
   2.4330000e-02
   2.4787000e-02
   2.5260000e-02
   2.5637100e-02
   2.6020200e-02
   2.6400200e-02
   2.6780200e-02
   2.7252300e-02
   2.7657500e-02
   2.7765700e-02
   2.7491100e-02
   2.6842400e-02
   2.5993500e-02
   2.4861300e-02
   2.3540200e-02
   2.2560600e-02
   2.1724000e-02
   2.0552200e-02
   1.9267400e-02
   1.8093800e-02
   1.6837500e-02
   1.5668300e-02
   1.4850200e-02
   1.4096500e-02
   1.3059300e-02
   1.1794000e-02
   1.0700100e-02
   9.8273100e-03
   8.9510200e-03
   8.0791000e-03
   7.2857400e-03
   6.5092800e-03
   5.8807100e-03
   5.5891700e-03
   5.3981900e-03
   4.9383000e-03
   4.3927700e-03
   3.8659400e-03
   3.4749100e-03
   3.2056600e-03
   2.8669700e-03
   2.6353600e-03
   2.7290500e-03
   2.9683700e-03
   3.1793400e-03
   3.1344100e-03
   3.0539100e-03
   3.2262500e-03
   3.5812800e-03
   4.1125200e-03
   4.7751100e-03
   5.4463400e-03
   6.0799500e-03
   6.7366600e-03
   7.2086700e-03
   7.5201600e-03
   7.9272100e-03
   8.1633700e-03
   7.8421900e-03
   7.1205300e-03
   6.3382200e-03
   5.6252300e-03
   4.7227200e-03
   3.4904500e-03
   2.1669700e-03
   8.0447500e-04
  -7.4512100e-04
  -2.2792900e-03
  -3.7595500e-03
  -5.2770700e-03
  -6.6936700e-03
  -8.0682200e-03
  -9.4149600e-03
  -1.0990900e-02
  -1.2799700e-02
  -1.4461100e-02
  -1.5772500e-02
  -1.6909500e-02
  -1.8423500e-02
  -2.0178400e-02
  -2.1458600e-02
  -2.2223300e-02
  -2.2949400e-02
  -2.3736000e-02
  -2.4406900e-02
  -2.5153700e-02
  -2.6026200e-02
  -2.6823200e-02
  -2.7323700e-02
  -2.7514900e-02
  -2.7697200e-02
  -2.7891300e-02
  -2.7927100e-02
  -2.7959300e-02
  -2.8176300e-02
  -2.8449000e-02
  -2.8591800e-02
  -2.8469700e-02
  -2.8195500e-02
  -2.7601400e-02
  -2.6582900e-02
  -2.5273500e-02
  -2.3835200e-02
  -2.2351400e-02
  -2.0757000e-02
  -1.9134800e-02
  -1.7896500e-02
  -1.7225500e-02
  -1.6649900e-02
  -1.5824700e-02
  -1.4839400e-02
  -1.4000000e-02
  -1.3156700e-02
  -1.2151200e-02
  -1.1290800e-02
  -1.0596700e-02
  -9.5455800e-03
  -8.2883700e-03
  -7.1829700e-03
  -5.9840400e-03
  -4.6641500e-03
  -3.7454700e-03
  -3.3937400e-03
  -3.1118900e-03
  -2.5977800e-03
  -2.0212300e-03
  -1.4173000e-03
  -8.7207100e-04
  -7.6963100e-04
  -9.1499900e-04
  -1.0218100e-03
  -1.0412900e-03
  -1.0582400e-03
  -1.1840500e-03
  -1.4906800e-03
  -2.0007700e-03
  -2.5229900e-03
  -2.8854600e-03
  -3.1874100e-03
  -3.7291700e-03
  -4.1847100e-03
  -4.2292500e-03
  -4.1582000e-03
  -4.3553300e-03
  -4.7771100e-03
  -5.1095900e-03
  -4.9538200e-03
  -4.4700300e-03
  -3.9275600e-03
  -3.1795700e-03
  -2.2417000e-03
  -1.2426500e-03
  -1.2456600e-04
   1.0417500e-03
   2.0817700e-03
   2.9068400e-03
   3.6379800e-03
   4.4369100e-03
   5.1021800e-03
   5.3802700e-03
   5.2958600e-03
   5.0345100e-03
   4.8388100e-03
   4.8206100e-03
   4.7876900e-03
   4.8782800e-03
   5.2908900e-03
   5.9354600e-03
   6.5811000e-03
   7.0515000e-03
   7.4953500e-03
   7.9231400e-03
   8.0398100e-03
   7.6414100e-03
   6.7427700e-03
   5.4192500e-03
   3.7416700e-03
   1.9195700e-03
  -7.7505200e-05
  -2.4894300e-03
  -4.8933900e-03
  -6.9470000e-03
  -8.6186000e-03
  -1.0234800e-02
  -1.1958000e-02
  -1.3524900e-02
  -1.4753500e-02
  -1.5830300e-02
  -1.6769500e-02
  -1.7651000e-02
  -1.8338900e-02
  -1.8849700e-02
  -1.9408600e-02
  -2.0103500e-02
  -2.0754000e-02
