3.092655e-05
3.090706e-05
3.089016e-05
3.087127e-05
3.085356e-05
3.083451e-05
3.080719e-05
3.078044e-05
3.077367e-05
3.077119e-05
3.075427e-05
3.073829e-05
3.071673e-05
3.067748e-05
3.066118e-05
3.065144e-05
3.063402e-05
3.061869e-05
3.059682e-05
3.054371e-05
3.050001e-05
3.053487e-05
3.056829e-05
3.051589e-05
3.04804e-05
3.05171e-05
3.060152e-05
3.072344e-05
3.070635e-05
3.052117e-05
3.044928e-05
3.037452e-05
3.032358e-05
3.04771e-05
3.052404e-05
3.053335e-05
3.057801e-05
3.049526e-05
3.040805e-05
3.040343e-05
3.037112e-05
3.018846e-05
2.980281e-05
2.943554e-05
2.969271e-05
3.022697e-05
3.016017e-05
2.98656e-05
3.010594e-05
3.021277e-05
2.991106e-05
2.989451e-05
3.019006e-05
3.00432e-05
2.964494e-05
2.973826e-05
2.994905e-05
3.019717e-05
3.010283e-05
2.961635e-05
2.956297e-05
3.012382e-05
3.043489e-05
2.964942e-05
2.833782e-05
2.850284e-05
2.979371e-05
3.064161e-05
3.068163e-05
3.002174e-05
2.987065e-05
3.043276e-05
2.994163e-05
2.913601e-05
2.902743e-05
2.830635e-05
2.803653e-05
2.922295e-05
3.023433e-05
3.008963e-05
3.037069e-05
3.07577e-05
3.076725e-05
3.000789e-05
2.971975e-05
3.000869e-05
2.921929e-05
2.90994e-05
2.978369e-05
2.849199e-05
2.675461e-05
2.794677e-05
2.831365e-05
2.803305e-05
2.938605e-05
2.963339e-05
2.79898e-05
2.806512e-05
3.034558e-05
2.969283e-05
2.729722e-05
2.784541e-05
2.965165e-05
2.910138e-05
2.815493e-05
2.979108e-05
3.107862e-05
3.178548e-05
3.22505e-05
3.219253e-05
3.154906e-05
3.112414e-05
3.14119e-05
2.998598e-05
2.764993e-05
2.725762e-05
2.89398e-05
2.889355e-05
2.587855e-05
2.597175e-05
2.598604e-05
2.351391e-05
2.31053e-05
2.560003e-05
2.836532e-05
2.800707e-05
2.671906e-05
2.669401e-05
2.771188e-05
2.826962e-05
2.807878e-05
3.010781e-05
3.204991e-05
3.013305e-05
2.770042e-05
2.790901e-05
2.927984e-05
3.004339e-05
2.861076e-05
2.990466e-05
3.239337e-05
3.051316e-05
2.636996e-05
2.496713e-05
2.881786e-05
3.395661e-05
3.281836e-05
2.869643e-05
2.564836e-05
2.638669e-05
3.057118e-05
3.187107e-05
2.779194e-05
2.496287e-05
2.521437e-05
2.584163e-05
2.554104e-05
2.478984e-05
2.587534e-05
3.026056e-05
3.418708e-05
3.358899e-05
3.138926e-05
3.193452e-05
2.879798e-05
1.996892e-05
2.03194e-05
2.664579e-05
2.55987e-05
2.184319e-05
2.273149e-05
2.442287e-05
2.490692e-05
2.64447e-05
2.632882e-05
2.203047e-05
2.154764e-05
2.762389e-05
3.381986e-05
2.806887e-05
1.628592e-05
1.482602e-05
2.160412e-05
2.53031e-05
2.011028e-05
1.948772e-05
2.71734e-05
3.104196e-05
2.869731e-05
2.792676e-05
3.044008e-05
2.869499e-05
2.634271e-05
2.58609e-05
2.87855e-05
3.08061e-05
2.844871e-05
2.564506e-05
2.779412e-05
3.116642e-05
3.138863e-05
2.594578e-05
1.947726e-05
2.280507e-05
2.729036e-05
2.248846e-05
1.928886e-05
2.602793e-05
2.997869e-05
2.724154e-05
2.144891e-05
1.65878e-05
2.179977e-05
2.638315e-05
2.87762e-05
3.049863e-05
3.084393e-05
2.853557e-05
2.348883e-05
2.092828e-05
2.115571e-05
2.335172e-05
2.600868e-05
2.855486e-05
3.104971e-05
2.75483e-05
2.684138e-05
3.178296e-05
3.884662e-05
4.152632e-05
3.507701e-05
2.621398e-05
2.749276e-05
3.165455e-05
2.828823e-05
2.13233e-05
2.29941e-05
2.994891e-05
2.333683e-05
1.007584e-05
1.589667e-05
2.912358e-05
3.060011e-05
2.509967e-05
2.086216e-05
1.953444e-05
2.608083e-05
2.521856e-05
1.764012e-05
1.997648e-05
1.600999e-05
5.569093e-06
1.816897e-05
3.516674e-05
3.904257e-05
3.318928e-05
3.002109e-05
3.070139e-05
2.770318e-05
2.229051e-05
2.202636e-05
1.80361e-05
1.010892e-05
2.053016e-05
3.502581e-05
3.976427e-05
3.457579e-05
2.725013e-05
2.042944e-05
1.715091e-05
1.732124e-05
2.112503e-05
2.544574e-05
2.489867e-05
2.152031e-05
1.670978e-05
1.674364e-05
1.685602e-05
2.445806e-05
2.822222e-05
2.597268e-05
2.46136e-05
1.471345e-05
1.062992e-05
2.59937e-05
3.599576e-05
1.806056e-05
-9.313469e-06
-4.949283e-06
1.308133e-05
1.977529e-05
2.25037e-05
1.969266e-05
6.347415e-06
7.607768e-06
2.453883e-05
2.516376e-05
1.671336e-05
2.025417e-05
1.458147e-05
2.859412e-06
1.126711e-05
2.438244e-05
1.560912e-05
1.842486e-05
3.129841e-05
2.908745e-05
2.788415e-05
2.585986e-05
2.190485e-05
2.749446e-05
3.351603e-05
2.831339e-05
1.622635e-05
1.58881e-05
3.145167e-05
4.292909e-05
4.109663e-05
3.522413e-05
3.044295e-05
3.243304e-05
2.674083e-05
2.184568e-05
2.193221e-05
2.771055e-05
2.713201e-05
2.285008e-05
2.719748e-05
2.597429e-05
2.14469e-05
3.218391e-05
3.922575e-05
2.711053e-05
1.607167e-05
1.58031e-05
2.372685e-05
1.773328e-05
1.742544e-05
1.703371e-05
1.702237e-05
1.714015e-05
1.741742e-05
2.618778e-05
2.40522e-05
3.426089e-05
5.221779e-05
3.424948e-05
-4.742149e-06
1.251856e-07
3.313756e-05
4.963616e-05
4.016385e-05
1.952153e-05
2.981539e-06
5.563118e-06
1.035373e-05
9.877715e-06
2.118108e-05
3.983175e-05
3.892726e-05
3.104918e-05
3.203957e-05
3.461582e-05
2.269554e-05
1.929012e-06
9.167518e-07
1.411207e-05
3.007382e-05
3.693738e-05
2.696976e-05
5.506678e-06
6.131076e-06
3.355994e-05
4.111292e-05
3.492142e-05
3.16956e-05
2.044163e-05
8.096547e-06
1.318072e-05
1.417017e-05
1.81123e-05
2.366155e-05
2.929258e-06
-1.938244e-05
-7.93977e-06
1.038933e-05
2.538579e-05
2.81785e-05
6.936416e-06
6.72418e-06
1.432668e-05
7.953639e-06
1.281165e-05
2.047098e-05
2.926886e-05
2.636924e-05
1.735899e-05
2.585956e-05
3.741936e-05
3.013487e-05
2.682402e-06
-1.093793e-05
1.107542e-05
2.097427e-05
-1.964043e-05
-5.319051e-05
-3.126623e-05
-3.406446e-06
5.845651e-06
1.357294e-05
3.049311e-06
7.451679e-07
2.289014e-05
1.238144e-05
-1.308412e-05
1.358627e-05
3.962015e-05
1.514636e-05
-1.671541e-05
6.928309e-06
3.989436e-05
4.814068e-05
2.441869e-05
-7.793841e-06
1.204053e-05
2.329339e-05
-2.384144e-07
-8.599611e-06
1.480393e-07
2.36729e-05
4.656828e-05
2.612283e-05
8.317378e-08
1.722155e-05
2.866958e-05
1.849455e-05
2.195492e-05
4.057342e-05
6.010018e-05
5.831154e-05
4.072925e-05
3.258305e-05
2.603759e-05
1.123109e-05
2.790542e-06
2.660149e-07
9.145558e-08
1.364248e-05
3.248675e-05
1.227348e-05
-2.762997e-05
-1.292815e-05
2.733242e-05
5.127074e-05
4.91575e-05
9.292034e-06
-2.938288e-05
-2.948024e-05
2.968335e-06
3.302502e-05
3.150896e-05
8.138232e-06
-5.510275e-06
5.376451e-06
3.828366e-05
5.825072e-05
3.572575e-05
3.966295e-06
4.076899e-06
2.606873e-05
3.72589e-05
4.214907e-05
4.401468e-05
3.856906e-05
2.776747e-05
-1.401696e-05
-2.340526e-05
1.573214e-05
4.049602e-05
4.102769e-05
2.672857e-05
-2.839413e-06
-2.161488e-05
-1.081748e-05
1.202695e-06
8.766265e-06
1.665779e-05
2.530375e-05
3.79108e-05
2.996945e-05
1.163858e-05
-2.328807e-05
-4.45033e-05
-2.407973e-05
2.183424e-05
4.295669e-05
2.816054e-05
2.919586e-06
1.5092e-06
2.355866e-05
4.692477e-05
6.64505e-05
6.27185e-05
4.382182e-05
3.766597e-05
2.564963e-05
-9.46098e-06
-1.111269e-05
4.178679e-05
6.006125e-05
8.533116e-06
-6.532413e-05
-5.679469e-05
7.364644e-06
-2.714047e-06
-5.71587e-05
-5.33293e-05
-2.699644e-06
3.585346e-05
3.866705e-05
2.177287e-05
2.107954e-05
4.653661e-05
4.986067e-05
3.700574e-05
2.040381e-05
1.097833e-05
2.916724e-05
4.071256e-05
1.371208e-05
-1.338274e-05
2.158589e-05
6.258726e-05
5.676887e-05
2.524571e-05
-2.284988e-05
-4.038529e-05
-4.540796e-06
4.736023e-06
5.3403e-06
3.792247e-05
5.080157e-05
2.110091e-05
1.766629e-05
5.62003e-05
8.701712e-05
6.05086e-05
2.088544e-05
5.368748e-06
2.091353e-05
4.931878e-05
7.411652e-05
6.106672e-05
2.104531e-05
7.682436e-06
1.428696e-05
3.140661e-05
1.787837e-05
-2.019684e-05
-2.472915e-05
-1.02187e-05
1.669701e-05
4.898183e-05
4.933338e-05
4.87045e-05
4.651115e-05
2.199343e-05
2.147212e-05
3.692635e-05
4.208024e-05
2.581256e-05
-3.084953e-06
-2.094799e-06
2.790303e-05
4.111566e-05
2.497091e-05
1.054804e-05
2.375768e-05
2.74016e-05
1.643739e-05
1.302128e-05
-1.712381e-06
-9.941777e-07
2.661911e-05
4.259507e-05
2.761921e-05
-1.136184e-06
-1.043921e-05
-7.294481e-06
-2.006326e-05
-3.65971e-05
-2.317419e-05
3.329503e-06
1.676731e-05
1.466846e-05
1.704559e-05
3.717103e-06
-3.044304e-05
-5.971909e-05
-6.431606e-05
-6.283118e-05
-1.265738e-05
2.578673e-05
-2.955002e-05
-9.352444e-05
-6.813833e-05
-2.108507e-05
2.146722e-05
3.979716e-05
3.668505e-05
3.500658e-05
3.728751e-05
3.787612e-05
2.562338e-05
1.151243e-05
9.550047e-06
7.542219e-06
2.641614e-05
5.376066e-05
5.015838e-05
1.880484e-05
3.391832e-05
6.539486e-05
5.220868e-05
3.140937e-05
3.38812e-05
5.310415e-05
5.063344e-05
1.917633e-05
2.609424e-05
4.357408e-05
4.028322e-06
-5.810505e-05
-4.872964e-05
-1.389471e-05
2.139909e-05
4.477279e-05
1.064649e-05
-1.810894e-05
-1.051621e-05
-6.937844e-06
-4.389923e-05
-7.361173e-05
-1.301708e-05
3.568444e-05
2.406025e-06
-9.970251e-06
7.100044e-06
3.812628e-05
3.253385e-05
-4.214068e-05
-9.066681e-05
-4.780232e-05
-1.496927e-05
3.242142e-05
7.311403e-05
4.511415e-05
-1.820892e-05
-5.28678e-05
-3.495347e-05
2.710035e-06
3.706617e-05
2.596887e-05
-2.421603e-05
-2.158556e-05
4.358393e-05
4.339171e-05
6.726882e-06
1.917542e-05
5.166566e-05
5.313964e-05
3.74745e-05
5.397619e-05
3.692966e-05
-6.537661e-06
3.120747e-06
3.911556e-05
4.341334e-05
4.282611e-05
1.825662e-05
-5.320272e-06
5.800608e-06
3.968867e-05
2.686592e-05
4.123897e-05
3.26077e-05
6.310035e-06
3.581339e-05
6.89914e-05
5.357352e-05
3.579815e-05
3.825482e-05
2.628159e-05
-7.081991e-06
-1.295779e-05
2.096496e-05
5.941931e-05
7.402816e-05
3.569772e-05
-4.683528e-07
1.902129e-05
5.639843e-05
6.79641e-05
4.77292e-05
5.374326e-05
6.410116e-05
7.515879e-08
-8.777741e-05
-0.000103027
-2.753135e-05
2.209114e-05
-1.40967e-06
-1.924121e-05
-3.886343e-06
-1.64862e-05
-5.17353e-05
-2.044624e-05
9.741108e-06
1.489645e-05
2.283924e-05
3.768184e-05
2.428307e-05
2.709375e-05
2.350322e-05
-8.529953e-06
-1.033288e-05
2.366624e-05
4.224802e-05
3.835394e-05
3.596859e-05
3.971471e-05
3.766749e-05
1.985272e-05
1.926067e-05
5.337124e-05
5.699607e-05
4.152158e-05
2.199247e-05
-7.781733e-06
-2.102668e-05
-2.083224e-05
-2.17009e-05
-1.182303e-05
3.016304e-05
8.723157e-05
0.00012933
0.0001031821
-7.651558e-06
-3.870834e-05
5.598176e-05
8.900398e-05
2.492388e-05
-3.593227e-05
-3.244961e-05
4.486029e-05
4.870227e-05
2.826549e-05
1.514072e-06
-2.858039e-05
-4.147046e-06
1.739669e-05
-1.25218e-06
-5.807948e-05
-5.83996e-05
-6.981961e-06
1.280704e-05
2.86607e-05
3.955975e-05
2.194046e-05
2.543108e-06
2.32598e-05
4.314996e-05
2.560805e-05
-7.526658e-06
-9.933936e-06
-1.005927e-05
-2.219423e-05
1.264821e-05
2.319348e-05
-9.232436e-06
5.630792e-06
4.435747e-05
1.462344e-05
-2.534376e-05
-3.375693e-05
-1.379958e-05
4.10978e-05
9.244569e-05
8.855651e-05
4.815968e-05
3.348628e-05
4.085947e-05
2.624356e-05
-1.31038e-05
-1.72741e-05
2.252991e-05
5.975408e-05
6.074457e-05
3.172902e-05
2.715418e-05
4.032308e-05
8.477844e-05
4.376461e-05
-7.739589e-05
-9.266394e-05
-6.053624e-05
-9.266842e-05
-0.000127146
-9.892998e-05
1.499114e-05
8.937248e-05
6.228051e-05
-5.087925e-07
-3.12518e-05
-5.480433e-06
-1.000118e-05
-2.510458e-05
9.162094e-06
4.190367e-05
4.01058e-06
3.493831e-06
5.657564e-05
4.452141e-05
3.071497e-06
1.022164e-05
3.845913e-05
6.726783e-05
5.982747e-05
-1.883378e-05
-5.073336e-05
1.236149e-05
3.299221e-05
-2.579461e-05
-4.796747e-05
-2.720871e-06
-1.143748e-05
-7.293854e-05
-0.0001016315
-6.11036e-05
1.780445e-05
3.908852e-05
-4.083164e-06
-5.43489e-05
-6.757355e-05
-7.637456e-07
5.418542e-05
-7.283943e-06
-6.735507e-05
-3.071325e-05
1.432217e-05
-3.063336e-07
-2.072733e-05
-4.043557e-05
-7.907406e-05
-8.173145e-05
-1.079988e-05
6.523426e-05
6.663584e-05
2.695491e-05
-3.0001e-05
-7.864727e-05
-7.789656e-05
-4.208854e-05
-6.837338e-06
2.818489e-05
4.309716e-05
2.379697e-05
-9.994432e-06
-2.371976e-05
-3.97855e-05
-7.400059e-05
-7.616434e-05
-4.36894e-05
-1.196395e-05
2.756469e-05
6.585458e-05
4.696618e-05
-4.712055e-05
-8.560789e-05
-4.684636e-05
-5.13994e-06
2.631078e-05
4.164583e-05
4.19512e-05
1.893125e-05
-1.403746e-05
-6.89816e-06
8.222125e-06
-2.966975e-05
-3.451899e-05
3.757905e-05
6.562925e-05
4.636759e-05
1.518257e-06
-4.859403e-05
-4.334079e-05
-2.444433e-05
-2.429261e-05
-1.410679e-05
1.910417e-05
5.350737e-05
8.412606e-05
0.0001001369
0.0001071401
9.092341e-05
1.943064e-05
-5.199955e-05
-4.899219e-05
-2.289016e-05
-1.606461e-05
-2.426108e-05
-4.728528e-05
-4.838909e-05
5.915378e-06
4.458315e-05
4.454462e-05
2.241025e-05
-1.283089e-05
-3.113202e-05
-2.965167e-05
-8.133914e-06
1.348254e-05
-4.311969e-06
-4.273438e-05
-6.827239e-05
-4.825839e-05
7.808367e-06
6.203424e-05
5.686106e-05
3.381733e-05
3.00206e-05
3.7153e-05
4.384272e-05
2.632066e-05
-2.771123e-05
-6.706416e-05
-5.848896e-05
-3.580506e-05
-2.503969e-05
-4.925444e-05
-1.126765e-05
4.930613e-05
2.643721e-05
-2.226487e-05
-2.155459e-05
6.116436e-05
7.847497e-05
1.62987e-05
8.9736e-06
5.059044e-05
7.615073e-05
5.517542e-05
3.362295e-05
1.784941e-05
2.65481e-06
4.419958e-06
5.400145e-06
8.388146e-06
-7.766387e-06
-2.708735e-05
-4.512203e-05
-5.499357e-05
-3.935216e-05
-5.761009e-05
-7.757463e-05
-3.891948e-05
-2.385193e-05
-2.715639e-05
-2.839035e-05
1.356301e-05
9.238543e-06
-4.999377e-05
-3.686188e-05
2.647904e-05
4.896018e-05
7.919202e-06
-3.676708e-05
-2.125361e-05
6.094535e-06
4.826591e-05
4.707006e-05
-3.091283e-05
-7.208441e-05
-4.996065e-05
1.381339e-05
3.03136e-05
1.519959e-06
-6.045486e-06
1.94209e-05
6.519404e-05
4.219882e-05
-3.231893e-05
-5.534656e-05
-1.418346e-05
1.126094e-05
2.71006e-05
1.927562e-05
-1.170764e-05
-1.271364e-05
-1.067031e-05
-2.955487e-05
-1.353085e-05
5.988543e-06
1.534103e-05
-8.086252e-06
-5.242172e-05
-6.84382e-05
-7.505205e-06
4.580464e-05
6.430244e-06
-1.522928e-05
6.275719e-06
-8.396328e-06
-4.595888e-05
-4.729148e-05
-8.748124e-06
-1.068969e-05
-1.455027e-05
1.990401e-05
4.259209e-05
2.42451e-05
-1.368615e-05
-2.95542e-05
-3.189853e-05
-3.245358e-05
1.857586e-06
5.87511e-05
6.111698e-05
2.157552e-05
-2.159013e-05
-3.316694e-05
-7.925584e-06
9.462639e-06
-1.608989e-05
-2.750613e-05
7.163823e-06
6.24205e-06
-4.870038e-05
-1.282611e-05
2.331293e-05
-7.49045e-06
-1.799837e-05
1.081158e-05
3.61154e-05
6.436166e-05
7.413869e-05
-5.1918e-06
-6.05255e-05
2.231803e-05
6.676304e-05
8.138132e-06
-5.609599e-05
-3.200667e-05
5.453769e-06
-1.100208e-05
4.325476e-06
4.205427e-05
5.78725e-06
-3.731909e-05
-1.954881e-05
2.951571e-05
3.016174e-05
-2.946549e-05
-6.880682e-05
-4.77268e-05
-2.410506e-05
-1.090419e-05
3.163435e-06
1.762554e-05
3.830706e-05
3.45878e-05
3.551966e-05
1.986758e-05
1.013087e-05
-2.643477e-05
-8.13864e-05
-8.93238e-05
-3.523601e-05
4.527564e-05
9.633913e-05
6.717855e-05
7.306214e-06
2.624562e-05
7.116567e-05
6.165063e-05
2.177878e-05
-3.327875e-05
-6.980997e-05
-5.411738e-05
-7.724186e-06
4.887308e-05
3.857038e-05
-3.654811e-05
-3.071301e-05
9.093811e-06
-2.799777e-05
-5.890679e-05
3.444405e-06
6.906914e-05
3.186594e-05
-8.483324e-05
-0.0001065541
-6.393018e-05
-3.541103e-05
-2.619475e-06
-1.124727e-05
-4.675918e-05
-5.127178e-05
-1.285662e-05
6.407576e-06
2.064441e-05
3.007282e-05
3.504542e-05
5.273264e-05
5.144603e-05
1.458757e-05
1.442578e-05
3.232297e-05
3.439698e-05
3.526912e-05
3.975233e-05
2.01637e-05
-3.392239e-05
-5.10719e-05
-1.313681e-05
-7.737631e-06
-1.219877e-05
-2.945975e-06
1.789285e-06
2.703747e-05
2.51454e-05
-3.250008e-05
-7.089271e-05
-3.292542e-05
9.934821e-06
7.863843e-06
1.1119e-06
-3.154497e-06
1.384636e-05
3.610311e-05
5.797194e-05
5.064549e-05
2.068057e-06
2.158145e-05
0.0001101286
0.0001371479
1.715817e-05
-0.0001048684
-6.336112e-05
4.569426e-05
8.707998e-05
3.488414e-05
-2.613154e-05
-2.212196e-05
1.789779e-05
3.58808e-05
4.963596e-05
6.88558e-05
5.35804e-05
1.56641e-05
-2.019577e-05
-1.707493e-05
2.611377e-06
2.297858e-06
8.471448e-06
6.291638e-06
-2.95487e-05
-8.251017e-05
-6.11253e-05
-4.217493e-05
-6.057289e-05
-4.803476e-05
-1.275984e-05
7.067776e-06
6.139303e-07
1.2828e-05
3.388655e-05
4.564773e-05
2.48809e-05
-5.22393e-05
-0.0001054685
-5.991692e-05
-1.958492e-05
-4.334321e-05
-6.690697e-05
-2.788164e-05
-4.5848e-06
-4.57692e-05
-5.606844e-05
-1.879087e-05
3.903647e-05
5.944958e-05
3.461478e-05
1.204791e-05
-1.951426e-05
3.168485e-06
1.556734e-05
-1.376192e-06
2.119057e-05
4.226564e-05
-6.795726e-07
-6.092677e-05
-1.621522e-05
5.316871e-05
-1.504741e-06
-0.0001077196
-0.000128298
-4.10088e-05
1.899533e-05
-1.083734e-05
-4.070847e-05
-1.641856e-05
2.585741e-05
6.998253e-06
-3.700251e-05
-2.208281e-05
3.590343e-06
2.538738e-05
1.691009e-05
-1.577859e-05
-1.482656e-05
-1.21822e-05
-4.5823e-05
-4.952482e-05
-3.370482e-05
-1.534771e-05
1.686793e-05
4.041339e-05
4.184959e-05
-2.293074e-06
-5.899924e-05
-3.297314e-05
2.519255e-05
8.938631e-06
-3.796127e-05
-2.175058e-05
6.229572e-06
1.358466e-05
-2.765937e-05
-8.392382e-05
-9.94798e-05
-7.68621e-05
-4.668544e-05
-3.212673e-05
6.229595e-06
5.370339e-05
1.951571e-05
-1.772987e-05
1.960919e-06
-2.84751e-05
-5.393198e-05
-4.136758e-05
1.085121e-05
6.007504e-05
1.328869e-06
-5.889119e-05
-5.385954e-06
2.259311e-05
2.404763e-05
1.415492e-05
-3.192861e-06
-7.908821e-07
2.567738e-06
5.887731e-06
-1.714109e-05
-3.780607e-05
-2.012876e-05
2.257357e-05
3.800449e-05
1.330084e-05
-4.460356e-06
2.025205e-05
2.100132e-05
-2.253333e-05
-2.668238e-05
2.690028e-05
5.051531e-05
-3.278978e-05
-0.0001321228
-7.038766e-05
2.804424e-05
2.756291e-05
-6.531783e-06
1.210773e-05
3.8033e-05
1.824652e-05
-1.981306e-05
-1.51154e-05
4.744261e-07
-3.325317e-05
-3.393659e-05
1.853252e-05
4.166215e-06
-1.692768e-05
-2.55465e-06
9.791465e-07
-4.092639e-07
-1.228572e-06
1.84759e-05
1.659928e-05
-1.250062e-05
-1.614383e-05
-2.324606e-05
-4.052818e-05
2.137121e-05
7.817928e-05
2.004956e-05
-6.199681e-05
-4.069956e-05
2.057123e-05
2.196945e-05
9.270607e-06
4.157766e-05
6.762704e-05
7.353681e-05
3.26488e-05
-3.496901e-05
-6.900078e-05
-6.70328e-05
-6.63971e-05
-3.252939e-05
1.849659e-05
3.755554e-05
3.281982e-05
2.445514e-05
2.521476e-05
4.996435e-05
7.221175e-05
3.190134e-05
-2.702747e-05
-2.388546e-05
2.165904e-05
2.334211e-05
-1.929429e-05
-2.841529e-05
9.716881e-06
5.470971e-05
8.461844e-05
5.940796e-05
2.507741e-05
4.962283e-05
3.806719e-05
-2.154918e-05
-4.923581e-05
-4.227509e-06
7.456346e-05
7.185898e-05
1.015951e-05
2.014192e-06
2.641934e-05
5.383561e-05
6.82845e-05
3.101249e-05
-8.578028e-06
-6.889168e-06
4.364582e-06
1.802594e-05
-6.879095e-06
-2.125469e-05
3.665715e-05
3.686504e-05
-1.958841e-05
-2.72523e-05
1.335113e-05
3.542209e-05
3.448818e-05
3.078371e-05
1.360655e-05
-1.578101e-05
-2.02223e-05
-2.23653e-05
-2.156158e-05
3.624646e-05
5.52226e-05
1.658526e-05
-2.643013e-05
-2.080181e-05
5.942023e-06
-1.054955e-05
-4.932423e-05
-7.124353e-05
-5.416332e-05
-2.0531e-05
2.45505e-05
5.684475e-05
1.843043e-05
-6.085685e-05
-4.251836e-05
1.765313e-06
2.601816e-05
5.047791e-06
-3.834119e-05
-5.506308e-05
-5.422852e-05
1.807496e-06
1.815559e-05
2.150155e-05
1.448815e-05
-2.072704e-05
-3.640566e-05
-1.817622e-05
-1.374196e-06
-4.876605e-06
2.69787e-05
6.640773e-05
5.904174e-05
1.786654e-05
-5.886633e-05
-0.0001050292
-6.094498e-05
-4.084723e-05
-7.936852e-05
-8.485148e-05
-4.727803e-05
-3.26445e-05
-3.412987e-05
1.457849e-06
3.659441e-05
-3.956416e-06
-2.449422e-05
1.513475e-05
3.403097e-05
7.979045e-06
7.523236e-06
6.889044e-05
7.045849e-05
-6.857749e-06
-3.116484e-05
1.152089e-05
3.787197e-05
2.196551e-05
-6.155804e-06
-2.750623e-05
-2.645748e-05
3.804258e-05
6.12382e-05
2.514249e-06
-8.208367e-05
-7.985522e-05
3.6684e-06
4.574807e-05
1.749365e-05
-2.943298e-05
-2.353882e-05
1.972628e-05
2.020677e-05
-1.982487e-05
-2.635191e-05
-3.505781e-06
1.483496e-05
3.314904e-05
2.068781e-05
2.277822e-06
-5.581819e-05
-9.4843e-05
-3.699491e-05
1.519541e-05
1.433576e-05
-7.136788e-05
-0.0001434843
-8.547301e-05
-2.697569e-05
-2.401417e-05
-1.798988e-05
-7.94718e-06
-1.041137e-05
3.132699e-05
8.919713e-05
5.69515e-05
-4.26626e-05
-8.061206e-05
-5.332859e-05
-7.27253e-06
-1.256796e-05
-3.815841e-05
-3.89167e-05
-1.534629e-05
1.594418e-06
-1.9212e-05
-2.113637e-05
-1.028775e-06
-2.124547e-06
-6.574207e-06
6.532528e-06
4.939093e-05
6.573324e-05
4.46896e-05
7.790693e-06
1.301737e-05
1.291088e-05
-1.993376e-05
-2.080884e-05
-4.506604e-07
-1.569814e-05
-3.584048e-05
-3.554992e-05
-3.140901e-05
-3.640356e-05
-3.987151e-05
-1.438503e-05
2.118514e-05
-5.054093e-06
-4.652288e-05
9.549944e-06
7.181811e-05
4.972607e-05
3.382971e-06
5.217525e-06
4.906951e-05
3.500242e-05
-5.212612e-06
-1.233153e-05
-8.433732e-06
1.942199e-05
3.698652e-05
-1.395002e-06
-6.051263e-05
-4.618085e-05
1.038083e-05
5.323024e-05
8.100807e-05
5.978249e-05
1.450646e-05
2.462422e-07
-5.212009e-05
-0.0001123373
-7.822384e-05
6.819464e-06
6.240544e-05
1.224158e-05
-4.920887e-05
-8.324223e-06
3.780433e-05
1.94633e-05
-2.500956e-05
-2.649724e-05
-2.906125e-06
8.371522e-07
1.682987e-06
-1.793004e-05
-5.116087e-05
-7.285129e-05
-5.770074e-05
-2.088161e-05
3.303658e-05
6.553541e-05
4.659175e-05
2.526654e-05
8.750955e-06
-6.032626e-06
-4.014157e-06
-4.559036e-06
-2.282585e-06
-5.74373e-06
-3.345896e-06
-3.021526e-06
-1.170229e-06
-1.911226e-05
-3.525685e-05
-3.876183e-05
-3.886422e-05
-1.977835e-05
1.556339e-05
1.845552e-05
-1.276718e-05
-4.09221e-05
-6.891243e-05
-4.375058e-05
7.465092e-05
0.0001117276
-3.643849e-06
-8.560287e-05
-5.937372e-05
-2.605425e-05
-3.04871e-05
-4.281406e-05
-2.512194e-05
1.947065e-05
3.529299e-05
-4.090831e-06
-4.264341e-05
-2.178653e-05
-1.671316e-05
-2.984784e-05
-3.69555e-05
-5.387004e-05
-6.535292e-05
-4.716768e-05
-5.411426e-05
-7.453489e-05
-2.307382e-05
4.97105e-05
5.054324e-05
2.895836e-05
1.310349e-05
-2.184428e-05
-6.114932e-05
-5.820295e-05
4.43118e-06
2.011521e-05
-3.539889e-05
-5.937701e-05
-2.643988e-05
-1.870226e-05
3.801715e-06
3.142212e-05
-1.425372e-05
-3.045325e-05
4.818168e-05
9.100626e-05
6.831435e-06
-4.969083e-05
-4.009292e-06
2.552411e-05
-5.305001e-05
-9.559304e-05
-5.153699e-05
-2.426931e-05
-5.408153e-05
-7.832981e-05
-1.878943e-05
3.804855e-05
-2.160818e-06
-3.729392e-05
-2.169275e-05
-3.54626e-05
-8.435912e-05
-5.256312e-05
-3.401257e-05
-6.895666e-05
-3.880507e-05
-3.973172e-06
2.74388e-06
-6.306193e-06
-7.913363e-06
-8.151663e-06
1.040981e-05
2.717023e-05
2.97148e-05
2.61428e-05
9.210217e-06
-6.003057e-06
-3.810386e-06
-2.055179e-05
-3.83776e-05
-3.831009e-05
-3.233228e-05
-3.45656e-05
-5.410285e-05
-5.76999e-05
-2.208698e-05
-7.807015e-07
1.554416e-05
8.86912e-06
-9.603217e-06
7.558247e-06
2.810366e-05
2.966848e-05
2.176722e-05
1.0815e-05
1.420801e-05
9.223096e-06
-4.379045e-05
-2.482807e-05
2.849619e-05
1.338527e-05
8.335258e-06
2.471783e-05
2.700173e-05
9.058231e-06
6.858325e-06
2.680881e-05
1.173328e-05
-3.502187e-07
-2.014192e-05
-5.810982e-05
-7.996094e-05
-3.564398e-05
2.297153e-05
2.235874e-06
-6.146679e-05
-6.028948e-05
-1.962995e-05
-2.948886e-06
-9.950787e-06
2.457557e-05
6.270534e-05
4.478017e-05
1.848816e-05
1.920642e-05
4.297019e-05
5.797474e-05
3.064233e-05
1.397618e-05
-1.067041e-05
-8.192618e-05
-4.39849e-05
4.648158e-05
5.188717e-05
2.676245e-05
1.168221e-05
-1.906737e-05
-7.423669e-05
-0.0001090997
-6.623008e-05
-3.375222e-05
-4.350937e-05
-1.525838e-05
7.025344e-05
9.462188e-05
-5.76836e-06
-0.0001209998
-9.770884e-05
-1.725706e-05
4.912669e-07
1.247698e-05
3.163699e-05
4.302231e-06
-7.472888e-05
-0.000118635
-7.903712e-05
1.038419e-05
4.278039e-05
-2.387614e-05
-9.735818e-05
-5.531815e-05
-2.618083e-05
-7.939945e-05
-9.616854e-05
-8.096651e-05
-1.846524e-05
5.329283e-05
4.092208e-05
-2.19304e-05
-8.579309e-05
-0.0001000352
-1.556022e-05
4.275642e-05
1.511382e-06
-6.942585e-05
-6.373798e-05
-1.025158e-06
3.160073e-05
1.603005e-06
2.149578e-05
8.013045e-05
6.241518e-05
-5.089392e-06
8.750444e-06
9.119869e-05
0.000133155
9.013868e-05
3.301698e-05
1.837227e-05
7.902298e-06
-9.36332e-06
-5.929448e-06
-2.71938e-06
-1.988042e-05
-6.100259e-05
-5.846701e-05
-2.172565e-05
-2.161592e-06
-8.350688e-06
-2.545895e-06
-6.470986e-07
-3.71593e-05
-9.687756e-05
-7.503956e-05
-1.919949e-05
-7.670776e-07
-9.757534e-06
8.634357e-06
2.789229e-05
9.724987e-06
-1.389022e-05
3.617051e-06
2.896637e-05
3.171209e-05
5.836167e-06
-3.021708e-05
-2.169539e-05
2.797966e-07
-3.814322e-05
-8.004726e-05
-4.627296e-05
1.216751e-05
3.345685e-05
2.845923e-05
6.70418e-06
-2.738787e-05
-3.023381e-05
-8.021112e-06
1.257153e-05
2.769945e-05
3.217002e-06
3.318909e-06
2.795772e-05
3.346214e-05
-9.47345e-06
-6.509231e-05
-4.223463e-05
-1.276683e-06
-1.843139e-05
-4.11739e-05
-3.831889e-05
-3.754579e-05
-5.860879e-05
-5.887837e-05
-5.628506e-06
1.279368e-05
-5.368446e-06
-3.769863e-06
-2.058147e-05
-6.304537e-05
-8.199175e-05
-1.052951e-05
6.445647e-05
4.893616e-05
4.015739e-05
1.264659e-05
-1.419836e-05
2.584669e-05
5.981135e-05
2.070918e-05
9.031157e-07
4.481909e-05
3.355043e-05
-3.42996e-05
-5.829068e-05
1.223123e-05
9.03006e-05
1.663905e-05
-8.395561e-05
-7.056157e-05
-4.181027e-05
2.068477e-06
2.983777e-05
9.648325e-06
-2.900573e-05
-2.912818e-05
-6.761094e-06
-6.225071e-06
-6.36622e-06
-9.718848e-06
-9.989317e-06
-1.310504e-05
9.302024e-06
2.984058e-05
1.129489e-05
-3.955412e-05
-6.200672e-05
-5.926094e-05
-6.880379e-05
-3.216238e-05
-4.132516e-05
-7.730233e-05
-4.135901e-05
1.411357e-05
5.991408e-06
-1.501632e-05
4.084231e-05
7.909987e-05
9.67391e-06
-2.867549e-05
-2.425215e-05
-5.84605e-05
-7.970439e-05
-4.30759e-05
2.260151e-05
2.389896e-08
-6.418802e-05
-8.161849e-05
-3.288942e-05
-1.534442e-05
-7.374311e-05
-8.081738e-05
-2.702625e-05
-3.58556e-06
1.238487e-05
2.305088e-05
6.70405e-06
-1.194983e-05
-6.240172e-06
-9.273951e-06
-2.846244e-05
-3.174867e-05
2.395159e-05
4.431314e-05
2.887227e-05
6.182036e-06
-2.967406e-05
-4.795614e-05
-2.879866e-05
1.281435e-05
2.742123e-05
4.906782e-06
-1.20133e-05
6.916877e-06
4.464641e-06
-1.302748e-05
2.084091e-05
4.72873e-05
1.32463e-05
-3.133055e-05
-6.733126e-05
-4.051162e-05
5.863912e-06
6.547265e-06
2.342048e-05
7.285323e-05
3.990807e-05
2.239209e-06
1.891974e-05
9.476098e-08
-3.46503e-05
-8.515881e-05
-0.0001186004
-3.918317e-05
5.091358e-05
2.824388e-05
-1.377233e-05
5.653884e-06
5.640614e-06
-3.432009e-05
-4.16819e-06
8.996201e-05
0.0001121587
7.386953e-05
3.138516e-05
-1.010174e-06
-1.878825e-05
4.325142e-06
4.365072e-05
4.626074e-05
-8.754697e-06
-4.786194e-05
-5.364781e-05
-3.209373e-05
3.112254e-05
7.246553e-05
9.179577e-06
-8.490406e-05
-5.09869e-05
0.0001010557
0.0001868551
6.134987e-05
-0.0001224296
-0.0001171209
1.755657e-05
7.873406e-05
9.901375e-06
-5.717735e-05
-3.490373e-05
-6.480132e-06
1.207446e-05
1.724664e-05
1.644243e-05
3.905796e-05
6.175006e-05
2.428868e-05
-3.549399e-05
-3.937323e-05
7.257185e-06
4.712198e-05
4.050001e-05
-3.154999e-06
1.945752e-06
2.857433e-05
1.089668e-05
-4.807923e-05
-6.452317e-05
-2.295491e-05
-2.267791e-05
-4.273856e-05
-2.826567e-05
-5.533792e-06
-2.277306e-05
-4.364114e-05
-4.430533e-05
-4.01318e-05
-4.001967e-05
-4.242203e-05
-4.128166e-05
-3.762021e-05
-4.110805e-05
-6.025219e-05
-6.049922e-05
-2.393739e-05
-2.064821e-05
-3.560241e-05
-4.752878e-05
-6.65298e-05
-4.451083e-05
3.039273e-05
2.972094e-05
-2.628064e-05
-4.741382e-05
-4.486188e-05
-5.635367e-05
-5.657694e-05
-3.657129e-05
-5.850984e-05
-7.743075e-05
-6.057993e-05
-1.9683e-05
-2.369462e-05
-4.303563e-05
-3.057796e-05
-1.129119e-05
-8.942387e-06
8.603126e-06
7.645139e-06
-2.694069e-05
-4.513748e-05
-4.32108e-05
-4.313677e-05
-4.393508e-05
-2.537715e-05
-5.130704e-06
-2.354722e-05
-4.709396e-05
-4.822106e-05
-3.228787e-05
-2.864551e-05
-9.20653e-05
-0.0001710176
-0.0001148091
-2.010192e-06
3.197356e-05
2.073959e-05
3.186844e-05
4.079113e-05
8.684388e-06
-1.820734e-05
-3.89271e-05
-1.062953e-05
4.739004e-05
2.476045e-05
-3.620516e-05
-3.351731e-05
1.194663e-05
-1.109446e-05
-8.983546e-05
-0.0001348267
-0.0001508798
-7.224385e-05
1.280558e-05
2.897664e-05
2.11722e-05
1.792709e-05
3.238975e-06
-1.48495e-05
-9.066289e-06
-9.424294e-06
-2.880963e-05
-5.124925e-05
-1.340535e-05
2.447323e-05
2.553108e-05
6.733271e-06
-1.445609e-05
-3.267875e-05
-4.692014e-05
-8.927803e-06
6.509495e-06
-1.462755e-05
-7.033062e-07
2.679571e-05
2.710113e-05
-1.951873e-05
-5.369195e-05
-2.721052e-06
1.653608e-05
-6.58796e-05
-0.0001119534
-1.289076e-05
7.94591e-05
5.759861e-05
2.751749e-05
6.496306e-05
5.386762e-05
1.782678e-05
1.19474e-05
2.035678e-05
2.184472e-05
3.112802e-06
-1.410458e-05
-1.129644e-05
-2.608369e-05
-4.468506e-05
-4.88912e-05
-3.364779e-05
4.243332e-06
3.410703e-05
2.797314e-05
-5.075167e-05
-0.000118355
-4.848873e-05
-9.950327e-06
-1.98602e-05
2.533921e-05
5.192325e-06
-6.622955e-05
-5.441237e-05
4.654324e-06
2.602202e-05
2.135261e-05
1.994395e-05
5.650922e-06
-3.146882e-05
-5.022059e-05
-3.174023e-05
2.745823e-06
1.231007e-05
1.202966e-05
-1.55718e-05
-9.074081e-05
-5.146112e-05
4.287474e-05
4.739118e-05
4.229886e-06
-2.025711e-05
-2.71808e-05
-5.291234e-05
-7.282105e-05
-0.0001150815
-0.0001300865
-6.151242e-05
-5.259162e-06
-9.947635e-07
2.895456e-06
-2.248754e-05
-3.557131e-05
3.872401e-05
6.304395e-05
4.523255e-06
-3.818594e-05
-3.962509e-05
2.329391e-06
2.303987e-05
5.448244e-05
4.662145e-05
1.589876e-05
3.840649e-05
2.426535e-05
-4.483607e-05
-8.725859e-05
-6.727715e-05
-2.968782e-05
8.519108e-06
3.109294e-05
1.090561e-05
-6.775193e-05
-0.0001214896
-6.538885e-05
-5.362826e-06
-2.791315e-06
-3.260402e-07
-7.759595e-06
1.148651e-06
5.939586e-05
5.645689e-05
-1.998724e-05
-3.864513e-05
4.686533e-06
7.526493e-06
-3.062726e-05
-2.898044e-05
-1.113596e-05
-4.770002e-05
-6.547882e-05
-1.153912e-05
5.510363e-06
-1.920792e-05
1.111827e-05
7.225543e-05
7.681712e-05
1.86359e-05
-3.598901e-05
-5.079347e-05
-5.913985e-05
-6.126582e-05
-4.723767e-05
-4.48008e-05
-1.045029e-05
7.897899e-07
-1.316636e-05
1.560651e-05
3.24192e-05
1.795405e-05
3.840472e-05
3.317144e-05
-1.606159e-05
-3.530195e-05
2.494199e-06
-1.205557e-05
-2.801939e-05
-1.313071e-05
-2.892985e-05
-5.088289e-05
-3.574082e-05
8.702033e-06
2.512476e-05
-1.14535e-05
-5.035386e-05
-4.603941e-05
-6.037791e-05
-6.41437e-05
-5.129077e-05
-1.347165e-05
3.714299e-05
3.889503e-05
2.454675e-05
-8.406834e-06
-8.175019e-05
-0.0001272517
-9.837303e-05
-8.569785e-06
6.560362e-06
-0.0001203217
-0.0001666532
-4.946636e-05
6.040634e-05
3.510062e-05
-5.561948e-05
-9.517259e-05
-5.010721e-05
8.008285e-06
2.5206e-05
2.140391e-05
1.303591e-06
-3.592096e-05
-4.952414e-05
-2.751178e-05
-1.342476e-05
-3.520803e-05
-1.655751e-05
3.838277e-05
2.431378e-05
-1.823024e-05
-2.315374e-05
-1.445188e-05
6.344398e-06
1.055406e-06
-1.937188e-05
-9.688783e-06
-5.629065e-06
-4.828106e-05
-0.0001111075
-5.428544e-05
4.773097e-05
5.156886e-05
-1.846414e-05
-7.850065e-05
-4.918549e-05
-3.736953e-06
-2.429226e-05
-5.772649e-05
-4.276263e-05
2.586514e-05
6.732213e-05
3.843143e-06
-9.104886e-05
-8.791782e-05
-2.930839e-05
-2.48035e-05
-2.22732e-05
-9.48573e-06
-6.483966e-05
-0.0001195228
-6.73277e-05
-8.891967e-06
-8.445192e-06
-3.303152e-07
1.189256e-05
1.48118e-05
3.202286e-05
5.289476e-05
3.438581e-05
-2.645061e-06
-2.216786e-05
-5.02596e-06
1.440979e-05
3.832015e-05
5.617314e-05
1.368214e-05
-4.167305e-05
-2.948735e-05
6.03763e-07
-6.161357e-05
-0.0001557537
-0.0001197664
-2.029666e-05
-3.203941e-05
-5.965275e-05
-7.175811e-05
-8.409616e-05
-4.717139e-05
7.43292e-06
1.165922e-05
-2.847043e-05
-6.827209e-05
-8.765565e-05
-6.454513e-05
-2.377819e-05
-5.252535e-06
-3.661173e-05
-5.864177e-05
-1.371819e-05
4.658365e-05
4.409397e-06
-7.251503e-05
-5.479102e-05
-1.188174e-05
-2.507932e-05
-3.272512e-05
-1.949361e-05
-1.965897e-05
4.292784e-07
3.534338e-05
3.827759e-05
-3.533687e-06
-2.182228e-05
-1.572668e-05
-7.455442e-06
-4.240136e-05
-9.532624e-05
-0.0001178502
-0.0001164262
-7.93467e-05
-1.274463e-05
1.976806e-05
2.517352e-05
2.192946e-05
-3.245675e-05
-0.0001053852
-8.605944e-05
-4.201871e-05
-2.661489e-05
-3.207504e-05
-3.185214e-05
2.828252e-07
-2.002221e-05
-1.608471e-05
3.382169e-05
1.96216e-05
-1.913272e-05
-9.019205e-06
1.137193e-05
3.260299e-05
6.500905e-05
6.614523e-05
3.314061e-05
8.180674e-06
-1.036164e-05
-1.576692e-06
4.275484e-05
2.11027e-05
-5.684678e-05
-7.643529e-05
-1.285702e-05
1.10371e-05
-2.93113e-05
-5.451549e-05
-5.026897e-05
-4.336468e-05
-4.627265e-05
-5.253646e-05
-4.686674e-05
-2.361417e-05
-2.866086e-05
-8.587403e-05
-8.465334e-05
-2.777067e-05
-2.727087e-05
-4.923058e-05
-3.401964e-05
-1.189595e-05
-3.260695e-05
-4.147431e-05
-4.165495e-06
4.014303e-05
4.277445e-05
-1.958697e-05
-6.459395e-05
-4.379011e-05
2.711795e-05
6.285296e-05
-4.643985e-06
-7.782313e-05
-3.535287e-05
1.082636e-05
-4.451962e-05
-7.409865e-05
-4.41212e-05
3.348501e-06
4.087177e-05
4.845759e-05
6.687221e-06
-5.610017e-06
4.571066e-05
4.485039e-05
1.545215e-05
5.06505e-05
3.299556e-05
-5.528214e-05
-5.705161e-05
-1.18395e-05
-2.518111e-05
-6.58125e-05
-7.189379e-05
-4.599023e-05
-4.512803e-05
-3.45829e-05
-3.497177e-05
-1.296712e-05
4.744726e-06
-3.645454e-05
-4.278103e-05
-8.160115e-06
4.49939e-05
4.484556e-05
-3.312205e-05
-0.0001187558
-9.234739e-05
5.412343e-06
6.184991e-05
1.617921e-05
-8.170708e-06
-5.037502e-06
-1.506955e-05
-1.877545e-05
-2.363203e-05
-2.839465e-06
2.097308e-05
2.049459e-05
-2.131952e-05
-5.908681e-05
-2.182439e-05
1.751968e-05
2.190389e-05
1.500233e-05
-1.450347e-05
-5.204946e-05
-6.987967e-05
-8.427124e-05
-4.364221e-05
-3.223585e-05
-5.003351e-05
-3.486732e-05
-7.282658e-08
-3.00383e-06
-7.705991e-06
3.491049e-05
4.317058e-05
-1.643768e-05
-9.750606e-05
-8.919002e-05
-1.049548e-05
-4.484156e-06
-5.111865e-05
-5.736794e-05
-5.028416e-05
-2.572148e-05
-3.304844e-05
-5.339099e-05
-3.91218e-05
-8.392823e-06
-7.575519e-06
-5.252353e-05
-0.0001095842
-6.686304e-05
-8.13915e-06
-2.760211e-05
-5.612657e-05
-3.96637e-05
-4.804246e-08
1.310098e-05
2.405716e-05
6.126646e-05
8.536054e-05
5.345621e-05
-2.246735e-05
-7.575478e-05
-8.612212e-05
-6.113911e-05
-4.991629e-05
-5.363726e-05
-1.982537e-05
3.394861e-05
3.230637e-05
1.374432e-05
1.322869e-05
-1.047801e-05
-6.491222e-05
-0.0001072654
-0.0001222636
-6.129099e-05
-9.495944e-06
-2.945798e-05
-4.018667e-05
-2.06394e-05
-1.094983e-05
-1.334883e-05
-4.525072e-05
-4.836944e-05
2.948851e-05
0.0001096947
7.366222e-05
-2.563756e-05
-7.80415e-05
-7.422229e-05
-4.788523e-05
-3.068935e-05
3.142311e-06
-1.772227e-05
-3.926017e-05
-2.490329e-05
-1.812715e-06
2.375678e-05
8.824751e-07
-4.186465e-05
-6.607931e-05
-5.110316e-06
6.162061e-05
4.375944e-05
-4.189854e-05
-0.0001157466
-6.965437e-05
-8.866247e-06
-2.516817e-05
-5.267594e-05
-5.660042e-05
-5.173834e-05
-3.454331e-05
-4.603261e-06
1.257703e-05
3.096451e-05
4.637242e-05
1.726928e-05
-1.81482e-05
-4.340262e-05
-7.538722e-05
-3.442531e-05
2.326931e-05
-9.540342e-06
-5.845901e-05
-6.798376e-05
-2.260094e-05
5.805786e-05
7.230826e-05
-2.699811e-06
-6.377604e-05
-5.51829e-05
-4.718599e-05
-3.500934e-05
-4.015234e-05
-1.502627e-05
2.17179e-05
-2.118662e-05
-6.261227e-05
-2.46324e-05
3.986356e-05
2.125194e-05
-3.859568e-05
-5.817607e-05
-5.200743e-05
-5.048138e-05
-4.061295e-05
-6.056029e-06
3.402185e-05
5.225581e-05
1.260634e-05
-3.774783e-05
-5.233849e-05
-6.762449e-05
-9.881052e-05
-8.674361e-05
-5.263396e-05
-3.7222e-05
1.445793e-05
4.775638e-05
4.776307e-05
2.256543e-05
9.576683e-06
1.50053e-05
-1.057656e-05
-6.898906e-05
-0.0001108859
-0.0001094264
-2.951549e-05
2.302989e-05
2.749248e-06
-2.768746e-05
-2.540594e-05
-1.357084e-05
-9.379033e-06
-5.506216e-05
-0.0001076335
-8.252187e-05
-3.856787e-05
-8.796405e-05
-0.0001511739
-0.0001574399
-0.0001401507
-8.996718e-05
-8.20424e-05
-0.0001158353
-5.038441e-05
-1.982345e-05
-3.936561e-05
2.243809e-05
8.208851e-05
8.22745e-05
3.98755e-05
6.380148e-06
1.065426e-05
-2.128942e-05
-4.723546e-05
-4.941997e-05
-8.571705e-05
-0.0001250078
-7.2225e-05
1.595293e-06
2.006971e-05
1.319725e-05
8.393813e-06
-5.847976e-06
-2.06334e-05
-1.753878e-05
-3.505571e-05
-5.792227e-05
-5.690441e-05
-2.595781e-05
-1.040149e-05
-7.44234e-05
-0.0001143266
-3.320671e-05
2.537895e-05
-1.651788e-05
-6.371944e-05
-2.298366e-05
1.342979e-05
-2.928073e-06
-3.031003e-06
1.965991e-05
-3.652194e-05
-0.0001001742
-6.326608e-05
2.562109e-05
4.658819e-05
-4.031269e-05
-0.0001030373
-5.851388e-05
8.740898e-06
5.06775e-06
-4.438195e-05
-4.797704e-05
-5.254929e-07
2.356872e-05
-1.609737e-05
-7.775163e-05
-7.83593e-05
-3.897017e-05
3.178471e-06
1.937967e-05
-2.551144e-06
-4.483295e-05
-5.734304e-05
-2.994085e-05
-1.772488e-05
-6.10179e-05
-5.689308e-05
2.278011e-05
6.558198e-06
-8.899562e-05
-0.0001114772
-6.750926e-05
-5.870281e-05
-7.922548e-05
-8.277271e-05
-0.0001010631
-0.0001170003
-9.952919e-05
-6.623185e-05
-5.543629e-05
-3.701694e-05
1.70898e-05
3.158491e-05
-2.237217e-05
-3.743456e-05
-2.219338e-05
-5.824926e-05
-6.255219e-05
2.474775e-05
7.110811e-05
4.985533e-05
1.546521e-05
-1.790188e-05
1.55293e-05
4.332797e-05
-3.405129e-05
-0.0001338598
-0.0001295704
-3.031077e-05
2.983424e-06
-2.001643e-05
-7.075789e-07
9.638193e-07
-7.300696e-05
-0.0001244309
-6.779879e-05
-4.528312e-05
-9.690822e-05
-8.505304e-05
-6.943758e-05
-8.992256e-05
-6.047162e-05
1.911182e-05
5.753373e-05
-5.432408e-06
-7.639003e-05
-5.880116e-05
-4.233852e-05
-5.542066e-05
1.404173e-05
6.504793e-05
7.377431e-06
-1.212692e-05
2.74387e-05
1.960315e-05
-5.61388e-05
-7.800977e-05
-5.77222e-05
-4.650804e-05
-3.474992e-05
-3.663547e-05
-5.479399e-05
-3.972015e-05
-3.639407e-05
-3.123915e-05
-2.536434e-05
-4.780274e-05
-2.119109e-05
5.235842e-05
3.099684e-05
-5.048416e-05
-2.131473e-05
5.825746e-05
8.645431e-05
7.427217e-05
3.560333e-05
3.235353e-06
9.856325e-06
-5.855235e-06
-2.319709e-05
-3.840455e-05
-3.688686e-05
-4.179812e-05
-5.860098e-05
-8.199668e-06
3.125687e-05
1.643537e-05
6.954177e-06
-2.765132e-05
-3.574411e-05
-2.148279e-05
-5.323073e-05
-7.234767e-05
-4.211653e-05
-3.651598e-05
-2.087686e-05
9.105616e-06
-2.625663e-06
-3.032918e-06
-2.23821e-05
-6.917954e-05
-7.466191e-05
-7.444515e-05
-6.611989e-05
-2.77547e-05
-4.771286e-05
-0.000107997
-0.0001136649
-5.27331e-05
2.827816e-06
-2.305006e-07
-2.236853e-05
-2.519829e-05
-4.309403e-05
-4.190184e-05
-4.170548e-06
1.439103e-05
-6.735441e-06
-2.773905e-05
-9.378208e-06
-1.89318e-06
-1.768919e-05
-3.804595e-05
-7.572671e-05
-7.585105e-05
-5.092618e-05
-2.779977e-05
-4.700448e-05
-0.0001092057
-0.0001118507
-7.108714e-05
-1.253816e-05
-2.912991e-06
-2.591291e-05
-1.132053e-05
9.818396e-06
1.164906e-05
5.556474e-06
4.798086e-06
1.988547e-05
4.017487e-05
4.664262e-05
4.424447e-05
-1.078152e-05
-6.070385e-05
-4.074126e-05
-3.88917e-05
-5.269729e-05
-3.789112e-05
-2.297645e-05
-4.320903e-05
-2.746746e-05
2.906339e-05
3.22771e-05
-5.208786e-06
-4.171862e-05
-5.789633e-05
-7.433311e-05
-7.364689e-05
-2.518295e-05
6.784963e-06
2.864617e-05
6.27193e-05
4.312384e-05
-2.771934e-05
-4.681782e-05
-2.65649e-05
-2.581767e-05
-6.56091e-06
2.872349e-05
2.854535e-05
-2.453053e-05
-4.160711e-05
-3.876989e-05
-7.200068e-05
-7.518974e-05
-4.360623e-05
-6.341218e-06
1.542653e-05
2.068125e-05
-2.04709e-05
-0.0001120844
-0.0001330339
-5.782035e-05
-1.006074e-05
5.708044e-06
-2.574016e-05
-8.163608e-05
-6.226313e-05
-3.488904e-06
1.523869e-05
3.868384e-06
3.933908e-06
2.828738e-05
2.870707e-05
-2.736145e-05
-4.728961e-05
-1.511609e-05
7.530346e-06
3.173192e-05
5.040089e-05
-7.464534e-06
-8.889994e-05
-6.952827e-05
1.82455e-05
5.676384e-05
-8.516303e-06
-6.888634e-05
-3.966627e-05
-2.628265e-05
-7.797785e-05
-0.0001475012
-0.0001489863
-8.311543e-05
-5.668704e-06
-1.646381e-05
-8.100524e-05
-6.578464e-05
-3.518828e-06
1.667776e-05
-6.584905e-06
-2.64369e-05
-2.517843e-05
-4.381572e-05
-4.367587e-05
-6.073491e-06
1.320798e-05
-7.971267e-06
-2.929987e-05
-1.945754e-05
-2.183216e-05
-5.860006e-05
-8.114819e-05
-2.135005e-05
-9.045653e-07
-1.990616e-05
-4.462276e-05
-4.34681e-05
-2.815674e-05
-2.315139e-05
1.207246e-05
2.318468e-05
-1.454006e-05
3.026034e-06
4.549994e-05
2.784506e-05
-1.818239e-05
-2.136854e-05
4.115225e-05
6.847172e-05
2.036388e-05
-6.017158e-05
-0.0001363028
-0.0001456256
-6.343723e-05
-1.172698e-05
-5.315542e-05
-7.791019e-05
-4.121363e-05
-3.802198e-05
-4.405386e-05
-1.179878e-05
2.752967e-05
3.200361e-05
-1.675441e-05
-6.16576e-05
-0.0001067243
-9.791594e-05
2.446732e-05
6.123642e-05
-5.714119e-05
-0.0001430014
-8.160179e-05
-7.82693e-06
-1.242469e-05
-4.888529e-05
-6.83058e-05
-7.521101e-06
3.458115e-05
-8.875127e-07
-4.353571e-05
-8.187103e-05
-7.763685e-05
-4.247313e-05
-1.285105e-06
1.41213e-05
-9.728714e-06
-4.556268e-05
-4.14098e-05
-2.426027e-05
-4.294874e-05
-4.00416e-05
-5.420468e-06
-2.096243e-05
-6.22462e-05
-4.525085e-05
-2.112657e-05
-1.712031e-05
-4.315007e-05
-6.112654e-05
-4.49395e-05
-2.093589e-05
-1.718345e-05
-2.403772e-05
-6.224056e-05
-7.346921e-05
-3.599247e-05
-5.266601e-05
-9.087747e-05
-7.6082e-05
-5.315049e-05
-5.280533e-05
-5.792329e-05
-4.551761e-05
-2.411519e-05
-6.187456e-06
9.49364e-06
-1.242334e-05
-1.411781e-05
4.499679e-06
1.461172e-05
6.891885e-06
-3.254925e-05
-4.666764e-05
8.168689e-06
1.805881e-05
4.850228e-06
4.613153e-05
5.501307e-05
-7.342087e-05
-0.0001729558
-0.0001367426
-4.844812e-05
7.570031e-06
-2.071595e-06
-4.624623e-05
-6.669106e-05
-4.594716e-05
-3.903729e-06
1.418008e-05
-7.79016e-06
-4.579226e-05
-4.956878e-05
-2.786105e-05
-5.15652e-06
2.434438e-05
4.612008e-06
-1.033395e-05
8.652787e-06
-2.359679e-05
-6.117104e-05
-6.341226e-05
-4.179777e-05
-2.197146e-05
-2.196469e-05
-2.189796e-05
-4.445442e-05
-6.38531e-05
-4.431378e-05
-2.772851e-06
-1.937385e-06
-4.344726e-05
-6.545666e-05
-5.551793e-05
-3.600499e-05
-4.605688e-05
-6.615698e-05
-4.560593e-06
4.582623e-05
-8.860028e-06
-5.014035e-05
1.24452e-07
7.531885e-06
-5.193232e-06
2.161792e-05
5.405915e-07
-3.058892e-05
8.097677e-06
3.007107e-05
-3.845727e-05
-9.220346e-05
-9.162205e-05
-0.0001190618
-0.0001382518
-0.0001048369
-8.444161e-05
-7.191528e-05
-6.072964e-05
-3.584476e-05
-1.384437e-05
-5.60054e-05
-0.0001172992
-0.0001002854
-1.884381e-05
1.682577e-05
-9.065747e-06
-3.201922e-05
-1.288433e-05
-8.885723e-06
-2.27409e-05
-2.148659e-05
-4.585831e-05
-8.157765e-05
-6.147101e-05
2.651227e-06
-1.751348e-05
-8.120564e-05
-9.88362e-05
-4.979735e-05
-3.41491e-05
-9.360145e-05
-9.469647e-05
-3.623852e-05
-4.782105e-05
-9.327141e-05
-8.684219e-05
-4.394634e-05
1.507987e-05
4.109105e-05
6.177843e-06
-1.121329e-05
-9.503361e-06
-6.149248e-05
-6.975732e-05
-2.783723e-05
8.989164e-06
8.259373e-07
-0.0001073926
-0.0001422196
-1.813238e-05
5.942178e-05
-2.389053e-05
-0.0001037714
-4.489604e-05
-2.267526e-05
-6.496744e-05
-1.743999e-05
6.552076e-05
5.28263e-05
-4.733773e-05
-0.0001037237
-7.912894e-05
-5.580773e-05
-4.247637e-05
-9.764141e-06
1.301241e-05
-4.369492e-06
-5.215165e-05
-7.043896e-05
-2.316814e-05
3.251955e-05
-9.593041e-06
-6.589357e-05
-3.097306e-05
-9.839021e-06
-2.856967e-05
-6.959065e-07
4.231444e-05
4.055047e-05
1.229531e-05
-3.239945e-06
4.378905e-05
4.412401e-05
-3.417967e-05
-5.920295e-05
1.539172e-06
5.898981e-05
5.44931e-05
3.751261e-05
4.06467e-05
-1.22117e-05
-8.530197e-05
-6.933251e-05
-9.827598e-06
1.438909e-05
1.021188e-05
-1.260007e-05
-4.895193e-05
-5.221147e-05
-1.409565e-05
1.99752e-05
1.747174e-05
-6.458555e-05
-0.0001528624
-9.52996e-05
-3.337345e-05
-5.927148e-05
-7.504855e-05
-0.000100687
-0.0001143813
-3.848455e-05
1.712966e-05
-8.339379e-06
-5.205385e-05
-3.036929e-05
1.013897e-05
-2.359767e-05
-4.643545e-05
-3.277925e-05
-3.076446e-05
-1.11147e-05
2.364782e-05
2.788816e-05
-2.332938e-05
-6.479186e-05
-8.747504e-05
-7.908892e-05
-5.238795e-06
2.880688e-05
-1.216654e-05
-2.810568e-05
-2.421526e-05
-5.496484e-05
-0.0001159339
-9.87224e-05
-4.974316e-05
-3.050725e-05
-6.485835e-05
-0.0001044277
-2.615694e-05
3.637659e-05
-1.574121e-05
-8.358203e-05
-0.0001152887
-0.0001013746
-9.456626e-05
-0.0001376244
-0.0001633958
-0.0001405318
-6.667254e-05
-4.723779e-05
-8.650019e-05
-8.20353e-05
-9.601829e-05
-6.971518e-05
-1.899426e-05
-5.657624e-05
-8.38368e-05
-6.249033e-05
-2.721952e-05
-3.702014e-05
-0.0001203438
-0.0001214001
-4.952648e-06
3.597565e-05
-1.002042e-05
-4.069129e-05
-1.432721e-05
9.745147e-06
-7.884918e-06
-3.297246e-05
-3.302065e-05
-1.913192e-05
8.97863e-06
2.837484e-05
2.099966e-05
-5.611414e-05
-4.881434e-05
2.32856e-05
8.449304e-06
-3.070333e-05
-1.112662e-05
-8.383461e-06
-6.516654e-05
-7.389592e-05
4.460836e-06
4.870571e-05
2.844802e-05
-3.354638e-05
-6.660442e-05
-6.439266e-05
-5.788033e-05
-4.116827e-05
-2.789615e-05
-3.342148e-05
-1.395905e-05
2.435306e-05
2.834212e-05
-2.719065e-05
-7.573887e-05
-9.781455e-05
-0.0001135724
-0.0001067488
-3.534224e-05
-3.463429e-05
-9.413303e-05
-8.325168e-05
-6.121531e-05
-3.408024e-05
-3.736134e-05
-6.179551e-05
-8.633008e-05
-6.664903e-05
1.157875e-05
3.144528e-05
-1.048125e-05
-5.57426e-05
-5.150975e-05
-1.05e-05
8.222382e-06
3.305955e-06
-1.005785e-06
2.9327e-06
6.567051e-06
-9.827576e-06
-4.568964e-05
-6.535348e-05
-6.430585e-05
-4.457796e-05
-1.233279e-05
3.494435e-06
1.029142e-05
8.842153e-06
-3.502447e-05
-8.66981e-05
-4.291903e-05
1.125784e-05
-3.258119e-05
-5.137883e-05
2.023239e-05
4.503561e-05
-2.904665e-05
-3.724795e-05
-1.7265e-05
-2.357731e-05
-1.288111e-05
-1.429451e-05
-2.706727e-05
-2.464469e-05
-4.48242e-05
-7.858499e-05
-8.150915e-05
-4.574385e-05
-2.881221e-05
1.470499e-06
3.631147e-05
4.295798e-05
2.43874e-05
-3.816448e-05
-7.332104e-05
-3.248364e-05
2.88863e-05
2.143842e-05
-1.51988e-05
-1.398604e-05
-7.885294e-06
-6.448881e-05
-8.341886e-05
-4.600423e-05
-1.918535e-05
-4.040847e-05
-6.53249e-05
-6.619799e-05
-4.548642e-05
-1.28084e-05
3.477697e-06
1.985301e-05
3.376517e-05
1.759662e-05
6.389118e-06
8.165997e-07
-3.630125e-05
-5.193322e-05
9.011215e-06
1.435122e-05
-4.829068e-05
-8.015833e-05
-3.402971e-05
5.056469e-05
4.683225e-05
-3.860112e-05
-6.454057e-05
-8.822461e-07
6.265996e-05
5.638292e-05
1.083847e-05
-3.206615e-06
7.478957e-06
-1.056764e-05
-5.775812e-05
-5.398028e-05
2.3325e-05
6.007144e-05
1.049014e-06
-9.181679e-06
1.806116e-05
1.43959e-05
-1.014814e-05
-8.636966e-05
-0.0001019933
-4.664695e-05
-2.129338e-05
-1.009771e-05
-1.503125e-05
-2.62114e-05
-2.706599e-05
-6.188635e-05
-9.238664e-05
-7.888664e-05
-8.040714e-05
-7.765095e-05
-2.229909e-05
-6.212671e-06
-5.141399e-05
-5.732941e-05
6.956844e-06
4.782801e-05
-9.885647e-06
-7.327571e-05
-5.497172e-05
-2.583276e-05
-4.299794e-06
-1.333155e-05
-4.78691e-05
-4.900922e-05
-3.15893e-05
-3.064796e-05
-1.009698e-05
6.706554e-06
-1.576905e-05
-5.00421e-05
-2.97399e-05
-7.348903e-06
-5.731092e-05
-8.03596e-05
-8.229702e-05
-8.86121e-05
-7.079887e-05
-7.698293e-05
-0.0001010973
-6.703077e-05
8.102024e-06
3.428332e-05
-1.097019e-05
-5.914348e-05
-7.416497e-05
-7.871047e-06
4.241873e-05
1.685653e-06
-2.369484e-05
1.774581e-05
2.610812e-05
-1.293086e-05
-5.263011e-05
-5.696332e-05
-5.730319e-05
-0.0001011675
-0.0001194241
-2.556995e-05
3.042112e-05
-1.433728e-05
-2.595941e-05
1.709254e-05
4.668085e-05
3.716524e-06
-5.649615e-05
-5.376273e-05
-1.154581e-05
-6.062295e-06
-2.799902e-05
-3.704715e-05
-5.027722e-05
-2.687228e-05
5.881472e-06
-2.850804e-05
-4.781422e-05
-3.281977e-05
-4.436064e-05
-4.667383e-05
-3.060878e-05
-2.889439e-05
-2.712492e-05
-3.169665e-05
-3.338381e-05
-3.218755e-05
-7.413144e-06
-7.64423e-06
-6.139467e-05
-0.0001007267
-8.440761e-05
-5.917474e-05
-3.540386e-05
-2.583612e-05
-6.759541e-05
-8.405024e-05
-2.670867e-05
-6.693392e-06
-4.482516e-05
-6.146773e-05
-4.89384e-05
-6.578941e-05
-6.951864e-05
1.253628e-05
1.843204e-05
-5.805557e-05
-0.0001463373
-0.000123425
-2.345237e-05
3.073656e-05
2.124679e-05
-7.1167e-06
1.070044e-05
2.866643e-05
5.155148e-05
6.920929e-05
5.083336e-05
-3.031324e-06
-3.541728e-05
-2.990851e-05
-4.663373e-05
-6.511643e-05
-4.922163e-05
-1.50615e-05
-9.095882e-06
-8.788101e-06
-1.371413e-05
-6.995023e-05
-6.895099e-05
-1.374708e-05
8.613552e-06
-1.320653e-06
-3.918708e-06
1.956596e-05
2.542327e-05
-2.828633e-05
-7.251946e-05
-7.570512e-05
-3.095342e-05
4.170895e-05
5.268604e-05
1.513399e-05
1.328074e-05
1.836124e-05
-2.580535e-05
-5.960468e-05
-8.550075e-05
-0.0001193077
-8.184542e-05
8.741208e-06
1.583762e-05
-2.678387e-05
-5.804867e-05
-8.580001e-05
-4.391832e-05
-2.76939e-06
-4.373497e-05
-7.39893e-05
-6.857943e-05
-3.455668e-06
8.052808e-06
-6.564469e-05
-6.795009e-05
-3.034524e-05
-4.504871e-05
-5.023791e-05
-1.15804e-05
5.344125e-06
-3.130197e-05
-5.153989e-05
-1.396467e-05
-2.76976e-05
-4.750472e-05
-3.505071e-05
-3.743061e-05
-5.030637e-05
-0.0001012491
-0.0001613951
-9.75686e-05
3.406853e-05
3.166012e-05
-5.61782e-05
-4.498145e-05
6.629581e-06
1.338749e-05
-3.11824e-05
-7.358421e-05
-5.217129e-05
-2.590911e-05
-7.379171e-06
-2.771252e-05
-6.601461e-05
-6.739921e-05
-7.408578e-05
-5.73544e-05
-6.758989e-05
-9.796364e-05
-3.784714e-05
-1.993629e-05
-9.817549e-05
-0.0001256232
-4.974353e-05
2.501192e-05
2.148007e-05
2.007391e-05
3.151988e-05
-1.982692e-05
-5.354349e-05
3.67125e-07
6.342234e-06
-3.018465e-05
-3.323558e-05
-4.069697e-05
-7.208954e-05
-0.0001291035
-0.0001530944
-0.0001141359
-5.643012e-05
-3.566828e-06
-1.626621e-05
-3.373091e-05
-1.720067e-05
3.751555e-06
-1.9822e-05
-1.757056e-05
1.780929e-05
2.008466e-05
-1.908431e-05
-1.763889e-05
-1.700108e-07
-1.591163e-05
-3.055255e-05
-1.132271e-05
-3.06102e-05
-8.413473e-05
-6.634003e-05
-2.68676e-05
-4.135353e-05
-6.17639e-05
-6.274335e-05
-7.674959e-05
-9.840495e-05
-8.335223e-05
-4.54284e-05
-9.643846e-06
-9.43374e-06
-2.938246e-05
-4.774238e-05
-8.140558e-05
-8.12915e-05
-6.615254e-05
-4.626983e-05
-1.252179e-05
3.370373e-06
-9.690511e-06
-3.138586e-05
-5.350649e-05
-7.281855e-05
-1.95403e-05
4.111378e-05
4.439077e-05
3.0449e-06
-7.164357e-05
-8.881725e-05
-6.688813e-05
-2.880632e-05
6.338166e-06
2.838745e-06
-1.027638e-06
-2.179674e-05
-1.39389e-05
2.332348e-06
-1.661268e-05
-3.803952e-05
-6.730914e-06
3.321754e-05
4.186814e-05
3.795666e-05
-2.17564e-05
-7.757226e-05
-3.72578e-05
2.277563e-05
2.758862e-05
-1.608024e-05
-4.021916e-05
-5.344204e-05
-3.10761e-05
4.570309e-06
-1.219587e-05
-2.804651e-05
-4.885616e-05
-7.241504e-05
-7.140862e-05
-1.018779e-05
4.646025e-05
-1.38075e-05
-7.266675e-05
-5.596117e-05
-2.492018e-05
-2.829624e-05
-3.582485e-05
-3.2826e-05
-9.321155e-06
-1.697746e-05
-5.404755e-05
-3.328956e-05
1.137868e-05
-2.687294e-05
-8.797322e-05
-8.87929e-05
-2.90238e-05
-9.688258e-06
-1.778938e-05
5.847062e-07
3.820843e-06
-1.191601e-05
-5.766564e-05
-5.245638e-05
-2.241689e-05
-1.766737e-05
-8.721732e-05
-0.0001441178
-6.510461e-05
2.805475e-05
7.138749e-06
-2.339259e-05
1.128431e-05
2.029078e-05
1.649073e-06
-9.26694e-06
-4.211388e-06
2.066231e-05
3.355601e-05
-5.140407e-06
-1.951895e-05
1.805116e-05
7.316494e-07
-4.56766e-05
-4.420234e-05
-6.115651e-05
-0.0001356523
-0.0001227415
-3.016545e-05
1.593179e-05
6.492462e-06
-2.568857e-05
-4.128939e-05
1.280061e-06
3.831426e-05
5.811562e-06
-3.342558e-05
-5.175176e-05
-8.333133e-05
-7.939513e-05
-5.052261e-05
-3.345421e-05
-1.485892e-05
3.493898e-05
3.345323e-05
-1.129612e-05
-1.55747e-05
-5.315972e-05
-0.0001064558
-5.022574e-05
1.219892e-05
-5.292699e-06
-6.858896e-05
-8.940808e-05
-5.329802e-05
-3.116974e-05
7.63345e-06
3.601524e-05
-3.703965e-06
-3.702089e-05
-1.053351e-05
-1.377885e-05
-7.623196e-05
-6.355406e-05
5.656078e-05
9.645036e-05
2.959632e-05
-3.242557e-05
-8.351418e-07
2.502432e-05
-3.596823e-05
-6.405038e-05
-2.602082e-06
6.035267e-05
3.588209e-05
-2.503539e-05
-1.085832e-05
2.675045e-05
3.518053e-05
5.799364e-05
3.824523e-05
-5.914899e-05
-0.0001126826
-4.574192e-05
1.574457e-05
-4.5158e-05
-9.443485e-05
-4.064507e-05
1.266894e-05
1.305678e-05
-3.597306e-05
-9.083374e-05
-6.829327e-05
-2.568656e-05
-2.770054e-05
-3.679547e-05
-2.602229e-05
1.900423e-05
4.332451e-05
2.113578e-05
-5.793732e-05
-8.9491e-05
-3.503946e-05
-1.137209e-05
-2.21895e-05
-1.438557e-05
-5.429623e-05
-0.0001022705
-4.37266e-05
-1.199686e-05
-6.394334e-05
-6.696354e-05
-1.107349e-05
-4.475649e-05
-8.813834e-05
-4.116947e-05
8.761256e-06
1.480285e-05
-2.959781e-05
-0.0001040271
-0.0001226011
-8.143478e-05
-3.856593e-05
-2.167465e-05
-5.74599e-05
-0.0001014665
-0.0001212041
-0.000108631
-4.818725e-05
-7.300676e-05
-0.0001516513
-0.0001359788
-6.82027e-05
-6.177875e-05
-0.0001258183
-0.0001703435
-0.000145955
-0.0001008752
-8.387797e-05
-0.0001120219
-0.0001298643
-0.0001071568
-8.899964e-05
-0.0001136355
-0.0001136904
-6.067553e-05
-4.037949e-05
-6.630789e-05
-5.199995e-05
-2.649272e-05
-2.139825e-05
-6.766821e-05
-0.0001071379
-6.727787e-05
-8.212862e-06
-7.998947e-06
-3.70151e-05
-3.747724e-05
-2.726407e-05
-2.381971e-05
-6.764189e-05
-0.0001050387
-7.46029e-05
-4.697888e-05
-0.0001053565
-0.0002013497
-0.00018428
-0.0001088823
-8.368742e-05
-5.751617e-05
-4.681939e-05
-7.754145e-05
-7.848588e-05
-7.955651e-05
-9.788486e-05
-8.336695e-05
-4.621473e-05
-1.321152e-05
-1.42632e-05
-1.627257e-05
-2.050237e-06
-2.257776e-05
-7.687956e-06
3.646761e-05
5.374257e-05
2.38982e-05
-2.004185e-05
5.988692e-05
0.0001345576
0.0001124245
6.537202e-05
8.442e-05
0.0001248464
0.0001048873
0.0001044263
0.0001274013
0.0001101837
4.765349e-05
3.393443e-05
0.0001082613
0.0001294208
8.634862e-05
0.0001118214
0.0001485348
0.0001755077
0.000188286
0.0001666484
0.0001276158
0.0001287495
0.0001681903
0.0001850901
0.0001797735
0.0001839058
0.0001921874
0.0001526279
7.416928e-05
7.627739e-05
0.0001579681
0.0001820317
0.0001337744
9.676249e-05
0.0001081963
0.0001140283
3.833874e-05
2.322177e-06
4.269977e-05
6.306824e-05
4.316249e-05
4.534824e-05
7.858437e-05
3.993514e-05
6.079977e-06
6.553874e-05
7.021823e-05
-5.990501e-06
-3.742086e-05
2.466645e-05
8.689396e-05
9.677218e-05
6.766968e-05
8.090082e-05
0.0001361345
0.0001593161
0.0001633975
0.0001257058
5.067454e-05
-1.621865e-06
2.522886e-05
7.274835e-05
3.748544e-05
-2.434569e-05
-5.70878e-05
-4.4347e-05
-5.007558e-05
-0.0001224307
-0.0001832817
-0.0002051426
-0.000142037
-6.172117e-05
-4.856653e-05
-0.0001113682
-0.0001668504
-0.0001294667
-0.0001103872
-0.0001030962
-6.92196e-05
-8.793555e-05
-0.0001641418
-0.0001730665
-9.814524e-05
-3.354861e-05
-5.459619e-06
-3.482433e-05
-7.140457e-05
-3.713312e-05
-4.477282e-06
1.333757e-05
6.279158e-05
9.830223e-05
7.462712e-05
5.138114e-05
7.337916e-05
0.0001007683
6.630942e-05
-2.294101e-06
-5.005688e-05
-9.178961e-05
-0.00016529
-0.0002320562
-0.0002976352
-0.0003710658
-0.0003945156
-0.0004435331
-0.0005219651
-0.0005261559
-0.0004409231
-0.0003471845
-0.0003797762
-0.0004438144
-0.0003913461
-0.000319161
-0.000308003
-0.0002784371
-0.0002010007
-0.0002100515
-0.0003262346
-0.0004060336
-0.0004021636
-0.0003633198
-0.0004205949
-0.0005552167
-0.000561403
-0.0004637799
-0.000387583
-0.0003444267
-0.0003259792
-0.0002979321
-0.0002636051
-0.0002020915
-0.0001869694
-0.0002589057
-0.0003319024
-0.0003420229
-0.0003614284
-0.0004079306
-0.0004645355
-0.0005273983
-0.0005486502
-0.0005648439
-0.0006234953
-0.000636139
-0.0005297983
-0.000392138
-0.0002992579
-0.0002481495
-0.0001551827
-7.502098e-05
-3.749007e-05
1.845923e-06
8.311301e-06
2.644858e-06
8.465077e-05
0.0001720704
0.0002077585
0.0002279273
0.0002324398
0.0002605408
0.0003576663
0.0004749588
0.0005589243
0.0006156827
0.0006377941
0.0006462209
0.0007088132
0.0007832269
0.0008252317
0.0008158141
0.0007364888
0.0006919621
0.0007219209
0.0006987653
0.0005909362
0.0005205529
0.0004999128
0.0004780391
0.0004122624
0.0003444449
0.0003139034
0.000271198
0.0002436151
0.0002252637
0.0001824239
0.0001519078
0.0001239457
5.678102e-05
7.085872e-07
-4.781004e-05
-9.955504e-05
-0.0001643909
-9.895203e-05
5.773184e-05
0.0001955178
0.0002798329
0.0003305252
0.0004070762
0.0004868728
0.0005529901
0.000611613
0.0006522721
0.0006828375
0.0007372449
0.0007725204
0.0007347245
0.0006887815
0.0006925289
0.0007135507
0.0007052651
0.0005914084
0.0004549952
0.000434672
0.0004376538
0.0003401557
0.0002349841
0.0001869346
0.0001522294
9.516785e-05
4.561656e-05
-2.410549e-05
-8.908286e-05
-8.278677e-05
-6.037296e-05
-7.437055e-05
-8.780244e-05
-6.092271e-05
1.834471e-06
0.0001228657
0.0002319191
0.00030881
0.0003688831
0.0004742607
0.0006083672
0.00076755
0.0008402676
0.0007963625
0.0007599515
0.0007539111
0.0006777312
0.0005596559
0.0004805298
0.0004172011
0.0003153786
0.0001679288
5.117765e-06
-0.0001174587
-0.0002031598
-0.0002910233
-0.0003870666
-0.0005081129
-0.000686314
-0.0009148202
-0.001049957
-0.001135426
-0.001256022
-0.001338828
-0.001368581
-0.001393587
-0.001404751
-0.001403926
-0.001415324
-0.001421028
-0.001340082
-0.001191585
-0.001111326
-0.001019016
-0.0009155566
-0.0008757699
-0.0008128977
-0.0007023839
-0.0006222335
-0.0006003291
-0.0005134762
-0.0004054844
-0.0003107048
-0.0001582382
-1.151332e-05
0.0001037461
0.0001889007
0.0002088658
0.0002433049
0.0003087565
0.0003154202
0.0002628116
0.000229468
0.0001533472
6.457608e-05
-1.98825e-05
-0.0001276582
-0.0002150763
-0.0002749468
-0.000374591
-0.0004595619
-0.0004515267
-0.0004301925
-0.0004721933
-0.0005815624
-0.0007126655
-0.0007825219
-0.0008389209
-0.0009419134
-0.0009956985
-0.0009608501
-0.0008884137
-0.0008283558
-0.0007407807
-0.0006307888
-0.0005186411
-0.0003997209
-0.0002985669
-0.0001632961
2.166741e-05
0.0002082244
0.0004145221
0.0006177229
0.000771218
0.0008643717
0.000941646
0.0009682353
0.0009137032
0.0008903396
0.0008632846
0.0007499143
0.0006101974
0.0005682634
0.0005503664
0.0004950153
0.0004189185
0.0003166143
0.0001594427
-5.453596e-05
-0.0002384938
-0.0003649282
-0.0005166932
-0.0007155103
-0.0008456345
-0.0008809218
-0.0009029
-0.0009245927
-0.0009147455
-0.0008487015
-0.0007528028
-0.0006619981
-0.0005431855
-0.0003982927
-0.0002569545
-0.0001242415
-2.175548e-05
0.0001244707
0.0002675081
0.0003266373
0.0003758794
0.0004507313
0.000513543
0.0005640891
0.0005376685
0.0004474188
0.0004399847
0.0004362841
0.0003562642
0.0002483981
0.0001933115
0.0001552827
2.966662e-05
-0.0001755715
-0.0003671847
-0.0004486488
-0.0005487419
-0.000695262
-0.0007517696
-0.0007623147
-0.0006873809
-0.0004771609
-0.0001787716
8.249028e-05
0.0002708499
0.0005125166
0.0007819553
0.0009803274
0.001176366
0.001374081
0.001555394
0.001712079
0.0019152
0.002173836
0.002365233
0.002478325
0.002588859
0.00269581
0.002811913
0.002915095
0.002938629
0.002867177
0.00272492
0.002594017
0.002526733
0.002435175
0.002223959
0.001912054
0.001703002
0.001517707
0.001225054
0.000950908
0.0007230534
0.0005048504
0.0002764965
2.954013e-05
-0.0002036427
-0.0004458009
-0.0006750988
-0.0008766261
-0.001098397
-0.001240138
-0.001312276
-0.001349313
-0.001346401
-0.001353335
-0.001323399
-0.001256349
-0.001168318
-0.00111446
-0.001093857
-0.001016101
-0.0008950594
-0.0008298055
-0.0008150625
-0.0008191001
-0.0008518744
-0.0009279935
-0.0009482677
-0.0008960236
-0.0008186151
-0.0007717819
-0.0007512531
-0.0007315104
-0.0006650575
-0.0005568537
-0.0004896175
-0.0004931601
-0.0004955618
-0.0004062897
-0.0002527617
-0.0001685781
-0.0001217879
4.07986e-05
0.000213726
0.0002647759
0.0002538208
0.0002190923
0.0001278225
4.035741e-06
-0.0001218496
-0.0002639591
-0.000416524
-0.000533392
-0.0006451927
-0.0007943291
-0.0008723051
-0.0008436715
-0.0008414973
-0.0008539841
-0.0007848792
-0.0006331629
-0.0004794308
-0.0003562428
-0.0002746515
-0.0002278128
-0.0001599601
-0.0001270762
-0.0001846724
-0.0002106111
-0.0001923423
-0.0001565936
-0.000103501
-2.285911e-05
0.0001526359
0.0003849391
0.0005968688
0.000726316
0.0008066754
0.0009021801
0.0009876519
0.001015762
0.0009816448
0.000944512
0.0008631538
0.0006484144
0.0003881639
0.0001785669
7.174115e-06
-0.0002489301
-0.0004972847
-0.000603852
-0.0006495595
-0.0006745716
-0.0006893212
-0.0006958923
-0.0007202582
-0.0008232398
-0.0009306136
-0.0009789071
-0.00095728
-0.0008991675
-0.0008165137
-0.0006188081
-0.0003336747
-2.042131e-05
0.0003199929
0.0006480314
0.0009513246
0.001165466
0.001279264
0.001336553
0.001361213
0.001318051
0.001154601
0.0009477537
0.00076506
0.0005393819
0.0002684573
-4.62541e-06
-0.0003323722
-0.0007152054
-0.001027994
-0.00123822
-0.001418375
-0.001555805
-0.001599607
-0.001622072
-0.001650505
-0.001637442
-0.00162986
-0.001596751
-0.001507998
-0.001422179
-0.00142065
-0.001426961
-0.001309717
-0.001101827
-0.0008389671
-0.0005082422
-0.0001171066
0.0003262583
0.0007453351
0.001075828
0.001386622
0.001659249
0.001803654
0.001791495
0.001713558
0.001613074
0.001503583
0.001433731
0.00136365
0.00125896
0.001113847
0.0009727778
0.000847353
0.0007276981
0.0006280043
0.0005366296
0.0004046766
0.0002803913
0.0002328703
0.000161846
9.943309e-07
-0.000143355
-0.000237779
-0.0003913174
-0.0005867473
-0.0007452436
-0.0008285501
-0.000933383
-0.001044859
-0.001089974
-0.001134845
-0.001170864
-0.001160633
-0.001087405
-0.0009974222
-0.0009586707
-0.0009436553
-0.0008758748
-0.0007123548
-0.0005314099
-0.0003601126
-0.0002120465
-8.970147e-05
3.884157e-05
0.0001216384
0.0001350227
0.000104008
6.95507e-05
0.0001202983
0.0002973625
0.0005708146
0.0008694324
0.001147335
0.001442053
0.001690496
0.001864559
0.001992899
0.002012058
0.001899623
0.001702864
0.001473578
0.001252804
0.001083874
0.0009870755
0.0008868591
0.0007882867
0.0007004519
0.000660259
0.0007026703
0.0007087278
0.0006690436
0.0006800968
0.0007358086
0.0008997948
0.001160219
0.0013781
0.001572135
0.001783391
0.001994244
0.002144213
0.002210765
0.002170381
0.002028045
0.001887004
0.001792324
0.00166277
0.001436428
0.001217066
0.001031333
0.0007875059
0.000441254
3.180307e-05
-0.0003796447
-0.0007827276
-0.001260431
-0.00176372
-0.002210406
-0.002568759
-0.002791646
-0.002873394
-0.002888519
-0.002858243
-0.002722831
-0.002540348
-0.002437225
-0.002356126
-0.002213776
-0.002088334
-0.002051314
-0.002092728
-0.002197785
-0.002309854
-0.002386038
-0.002455923
-0.002532238
-0.002600372
-0.002667702
-0.002679195
-0.002642661
-0.002615604
-0.002568772
-0.002430442
-0.002164305
-0.001786278
-0.001334268
-0.0008865985
-0.0004177052
2.305003e-05
0.0003532088
0.0006099635
0.0008590696
0.001177109
0.001472917
0.001712781
0.001958958
0.002236774
0.002542117
0.002865167
0.003182101
0.003506678
0.00370537
0.003761356
0.003810405
0.003882866
0.003928076
0.003861726
0.003734523
0.003584796
0.003368651
0.003085452
0.002794167
0.002528232
0.002198444
0.001834002
0.001548377
0.001320087
0.00101595
0.0006734286
0.000418514
0.0002375115
0.0001428849
8.83372e-05
5.002201e-05
-1.088652e-05
-9.258624e-05
-0.0001602914
-0.0002112199
-0.0002055231
-0.0001672094
-0.0001406158
-0.0001579742
-0.0002123565
-0.0002829464
-0.0003191011
-0.0003476942
-0.0004506128
-0.000673161
-0.0009362619
-0.001200702
-0.001535467
-0.00183268
-0.00195327
-0.001933838
-0.001756574
-0.001462302
-0.001201289
-0.001006134
-0.0007616686
-0.0005583909
-0.0005625629
-0.000631092
-0.0005910525
-0.0004372165
-0.0003178117
-0.0002903381
-0.0002462771
-0.0001178386
4.864852e-05
0.0001878444
0.0003108705
0.0004339149
0.0005211622
0.0005754239
0.0006651685
0.0007424185
0.0007018842
0.0005677036
0.0005159186
0.0005635573
0.0005719071
0.0005507978
0.0005580582
0.0005708881
0.0005525629
0.0004924484
0.0003246309
0.0001339727
-3.656628e-06
-0.0001417187
-0.0002816315
-0.0003199846
-0.0002261665
-7.972644e-05
2.268473e-06
2.127995e-05
2.811113e-05
3.150819e-05
4.176186e-05
1.715487e-05
-3.351178e-05
-1.57201e-05
0.0001551647
0.0003824903
0.0005698155
0.00074033
0.0009339668
0.001020747
0.001021532
0.001071974
0.001119222
0.001058537
0.0009004654
0.000775211
0.000673337
0.0005356796
0.000391109
0.0003008171
0.0002250734
0.0001341623
8.069035e-05
3.985214e-05
-8.277131e-05
-0.0002382442
-0.0003674298
-0.0005743076
-0.0008321935
-0.001033734
-0.001145401
-0.001301943
-0.001452609
-0.001467459
-0.001439602
-0.001401992
-0.001347532
-0.001283454
-0.0012041
-0.001125629
-0.001075989
-0.001030827
-0.001010613
-0.001005238
-0.0009137892
-0.0007555303
-0.0005982049
-0.0004125725
-0.0001972091
-1.171447e-05
0.0001575769
0.0003435928
0.0004805028
0.0005792245
0.0007008634
0.0008371358
0.0009732005
0.001108813
0.00130492
0.00146514
0.001540457
0.001581903
0.001589733
0.001530271
0.001382961
0.001202466
0.001053225
0.0009014911
0.0007450836
0.0005890422
0.0004887265
0.0003941039
0.000275474
0.0002419111
0.0003005977
0.0003603443
0.0003843712
0.0004149267
0.0004873947
0.0006334582
0.0008260758
0.001001621
0.001194281
0.001447623
0.00173841
0.001940638
0.002072543
0.002204688
0.002278603
0.002321221
0.002347441
0.002250518
0.001976851
0.001646322
0.001263032
0.0008356987
0.0003624985
-9.426632e-05
-0.0004606165
-0.0007584286
-0.0009929725
-0.001177256
-0.001234485
-0.001129531
-0.001031142
-0.001045395
-0.001120975
-0.001219194
-0.001383765
-0.001618451
-0.001935168
-0.002220174
-0.002525423
-0.002898719
-0.003236548
-0.003499913
-0.003699058
-0.003833474
-0.003964415
-0.004069454
-0.004020039
-0.003888138
-0.003726343
-0.003521395
-0.00326589
-0.002965591
-0.002610426
-0.002298259
-0.002100932
-0.001910175
-0.001671359
-0.001460151
-0.00136145
-0.001278812
-0.001177653
-0.001092309
-0.0009649219
-0.0007352394
-0.0004331127
-0.0001078638
0.0002362727
0.0006122872
0.001048431
0.00152244
0.001953817
0.002312773
0.002648832
0.0029811
0.003226357
0.003367795
0.003496684
0.003638158
0.003735773
0.003797621
0.003828665
0.003799642
0.00372082
0.003605042
0.003474989
0.003375148
0.003332984
0.003330573
0.003332562
0.003249003
0.003052658
0.002754761
0.002364964
0.001915247
0.001456474
0.0009795617
0.0004996115
8.687213e-05
-0.000174021
-0.0002891114
-0.0004456039
-0.0006129297
-0.0006288931
-0.0005799931
-0.0005588672
-0.0005208702
-0.0004660871
-0.00037637
-0.0002327968
-1.439952e-05
0.000285328
0.0006252799
0.0009337866
0.001258059
0.00154975
0.001640541
0.001572497
0.001453384
0.001185496
0.0007189756
0.0001794053
-0.0003844411
-0.0009143882
-0.001241311
-0.001312143
-0.001289267
-0.001239303
-0.001125918
-0.0009764085
-0.0007763736
-0.000529462
-0.0003598591
-0.0003149694
-0.0002424964
-0.0001407635
-0.000119882
-0.0001586382
-0.0001930833
-0.0002430371
-0.000311761
-0.0003314042
-0.0002769899
-0.0002167934
-0.0001457324
-2.114198e-05
0.000160869
0.0002941997
0.0003556785
0.0003811425
0.0003304902
0.0002535916
0.0001655708
2.916167e-05
-0.0001495142
-0.0003413792
-0.0004924118
-0.0006489735
-0.00090612
-0.001221934
-0.001417295
-0.001527338
-0.001668005
-0.001780402
-0.00173731
-0.001585497
-0.001379429
-0.001130031
-0.0008700644
-0.0006308351
-0.0005046054
-0.0004427121
-0.0003301336
-0.0002265559
-0.000202129
-0.0002203847
-0.0001743374
-8.341624e-05
-3.402629e-05
-2.090003e-05
-1.977707e-05
-3.371272e-05
-0.000116213
-0.0002065818
-0.0002734893
-0.0004210973
-0.0006552165
-0.000916922
-0.001217922
-0.001590498
-0.002003503
-0.002369543
-0.00264083
-0.002790112
-0.002747148
-0.002494075
-0.002083213
-0.001580107
-0.001015828
-0.0004548113
2.253078e-05
0.0004353508
0.0007838865
0.001041135
0.001238323
0.001402665
0.001512902
0.001608285
0.001780099
0.001995354
0.002156258
0.002258146
0.002318944
0.00233989
0.002294835
0.002165486
0.002008737
0.001829857
0.001605555
0.001326162
0.0009968319
0.0006792838
0.0003975787
0.0001809552
7.555514e-05
2.152268e-05
2.258871e-05
4.255071e-05
-3.834111e-07
-4.313131e-05
2.092905e-05
0.0001395404
0.0002272506
0.0003571776
0.0005493543
0.0007505024
0.0009022781
0.0009758636
0.001027652
0.001037432
0.000897002
0.0006821861
0.0004636491
0.0002619318
0.0001462252
9.168658e-05
2.412095e-05
-9.803302e-07
7.659892e-05
0.0002276428
0.0003868744
0.0005451755
0.0006883123
0.0007738256
0.000763172
0.0006669465
0.000472082
0.0002288582
2.492322e-05
-0.0001540366
-0.0003101597
-0.000476927
-0.0006751091
-0.0008598484
-0.0009343185
-0.0008811609
-0.0008072067
-0.0006729823
-0.0004016227
-0.0001126811
0.0001318058
0.0003801399
0.0006491646
0.0008978884
0.001065336
0.001062905
0.0009253468
0.0007112964
0.0004640492
0.0002265996
-4.024302e-05
-0.000330825
-0.0005593802
-0.0006365223
-0.0006239745
-0.0005298768
-0.0003416791
-0.0001133884
0.0002691139
0.0007220621
0.001091737
0.001496807
0.00194308
0.002332966
0.002711175
0.003025921
0.003203209
0.003212862
0.003105084
0.002864757
0.002474893
0.001969221
0.001407367
0.0008929842
0.0004020016
-9.902225e-07
-0.0001932385
-0.0002777469
-0.0003140576
-0.000202182
3.036049e-05
0.0002604649
0.0004249834
0.0005932734
0.0007240921
0.0007721434
0.0007597088
0.0007032715
0.000675199
0.0006630053
0.0006269341
0.0006121872
0.0006730488
0.0008141574
0.0009668296
0.001033216
0.001020262
0.0009467494
0.0007435284
0.0004522362
0.000170813
-6.282651e-05
-0.0002044213
-0.0002702178
-0.0003616354
-0.0004559394
-0.0005057376
-0.0005943715
-0.0007919354
-0.001098025
-0.001442988
-0.0017773
-0.002128952
-0.002507085
-0.002883955
-0.003282604
-0.003747734
-0.004155954
-0.004422587
-0.004620951
-0.004841741
-0.005004829
-0.005065139
-0.005059606
-0.00500929
-0.004908228
-0.004787428
-0.004749251
-0.00478612
-0.00487092
-0.00499389
-0.005068705
-0.00506298
-0.004905367
-0.004633601
-0.004265186
-0.003763775
-0.003178177
-0.002635012
-0.002164304
-0.001714719
-0.001329431
-0.001055833
-0.0008284855
-0.0005184881
-0.0001715688
9.221571e-05
0.0003504496
0.000603619
0.0007440985
0.0008156919
0.0008281157
0.0007911588
0.0006674944
0.0004473813
0.0001925971
-8.233025e-05
-0.0003798308
-0.0006883674
-0.001046902
-0.001362756
-0.001470188
-0.001354666
-0.001017093
-0.0004059187
0.0004062141
0.001243245
0.002018983
0.002686713
0.003193252
0.003473699
0.003494185
0.003341129
0.003172612
0.003057758
0.002919058
0.002789514
0.002710955
0.002682925
0.00263405
0.002500426
0.002285742
0.002007696
0.001647045
0.001243205
0.0008631223
0.0004802778
7.761445e-05
-0.000246768
-0.0003937015
-0.0003883513
-0.0003528524
-0.0002846163
-0.0001374076
4.98403e-05
0.0001888858
0.0002394712
0.0003528282
0.0005762467
0.000828894
0.001061707
0.001372982
0.001793824
0.002245839
0.002715313
0.003168418
0.003562465
0.003808978
0.003934183
0.003939208
0.003765591
0.003440434
0.003010417
0.002493887
0.001813793
0.001068012
0.000327486
-0.0004053494
-0.0009917216
-0.001394158
-0.001727695
-0.002004867
-0.002264136
-0.002559734
-0.002841828
-0.003054628
-0.003235522
-0.003396624
-0.003481841
-0.003463161
-0.003349837
-0.003181893
-0.002963357
-0.002676327
-0.002401846
-0.002214095
-0.002085315
-0.002018865
-0.001974613
-0.001910731
-0.001871412
-0.001839079
-0.001730619
-0.001496231
-0.001172621
-0.0007707102
-0.0003067998
0.0002136761
0.0006872086
0.00107285
0.001365989
0.00156796
0.001780379
0.001996794
0.002157257
0.002284884
0.00236903
0.002369069
0.002380821
0.002469589
0.002465044
0.002257621
0.001913619
0.001578427
0.001318041
0.001083749
0.0007923294
0.0005297389
0.0004162736
0.0003833856
0.0003465991
0.0003516529
0.0004963887
0.0006931949
0.0008531989
0.001038525
0.001195951
0.001264772
0.001284349
0.00121845
0.001039879
0.0008336123
0.0006547762
0.0004377931
0.0001948519
1.982366e-05
-7.054156e-05
-0.0001518303
-0.0002679475
-0.0003883248
-0.000419133
-0.0003850619
-0.0003284825
-0.0001850568
6.318143e-05
0.0003969288
0.0007727711
0.001129554
0.001472614
0.001767201
0.00197631
0.002124809
0.00224642
0.002340209
0.002363038
0.002377507
0.002398162
0.002375015
0.002278901
0.002149053
0.002009433
0.001857079
0.001704332
0.001547514
0.001404135
0.001293157
0.001237622
0.001219592
0.001179684
0.001096974
0.0009944976
0.0009285906
0.0009048052
0.0009051012
0.0009289186
0.0009802813
0.001132037
0.001313845
0.001409134
0.001324881
0.001104378
0.0008642486
0.0006100421
0.000392555
0.0002262774
0.0001376194
7.096213e-05
3.474925e-05
0.000135112
0.00026813
0.0003735651
0.0004647856
0.0005089623
0.000481431
0.0004775822
0.0004971982
0.0004622345
0.0002767124
-9.437121e-05
-0.0005235863
-0.000973535
-0.001548079
-0.002207426
-0.002745772
-0.00311799
-0.003394129
-0.003595179
-0.003719373
-0.003756109
-0.003731245
-0.003712721
-0.00369716
-0.003657893
-0.003618247
-0.003535738
-0.003339732
-0.003075732
-0.002731171
-0.002329873
-0.001928073
-0.001513992
-0.001099017
-0.0007121875
-0.0003655062
-9.307024e-05
5.631003e-05
5.574441e-05
-8.031256e-06
-6.541757e-05
-0.0002145978
-0.0004207262
-0.0004972629
-0.0004800569
-0.000498683
-0.0005507786
-0.000579733
-0.0006489399
-0.0007700046
-0.0009277399
-0.001127026
-0.001342642
-0.001573314
-0.001766556
-0.001810577
-0.001631445
-0.001291177
-0.0008877364
-0.0004192299
0.0001214896
0.0007078795
0.001270712
0.001720062
0.00209487
0.002476538
0.0028105
0.003027099
0.003189041
0.003254459
0.003264013
0.00324074
0.00307104
0.002700509
0.002312479
0.002115739
0.001963589
0.0017405
0.001437476
0.00117195
0.0009868681
0.000795769
0.0005650811
0.0003828078
0.0003181378
0.0003170159
0.0002957927
0.0002846422
0.0003644917
0.0004602833
0.0004403597
0.0003194194
0.0002521136
0.0001508448
-9.147049e-05
-0.0003278404
-0.0004845673
-0.0007090952
-0.001028644
-0.001275591
-0.001482548
-0.001748396
-0.001988141
-0.002119712
-0.002217971
-0.002346793
-0.002414462
-0.002403388
-0.002394634
-0.002400898
-0.00239917
-0.00233237
-0.002224518
-0.002137847
-0.002123064
-0.002126433
-0.002047055
-0.001891113
-0.001766712
-0.001688643
-0.001557589
-0.001361222
-0.001191253
-0.001079784
-0.001036431
-0.001032962
-0.0009473929
-0.0007104267
-0.0004462001
-0.000283893
-0.0001421004
3.812075e-05
0.0001670642
0.0002115795
0.0002414643
0.0003743111
0.0005180416
0.0005562771
0.0005389511
0.00047487
0.0004391441
0.0005066076
0.0005892443
0.0006808873
0.000800796
0.0009351778
0.001052616
0.001097008
0.001069104
0.001033294
0.001023919
0.001052461
0.001162048
0.001479703
0.001925745
0.002361036
0.002823399
0.003308522
0.003708571
0.003962398
0.004084714
0.004017357
0.003788661
0.003503294
0.003155289
0.002770958
0.002333912
0.001871226
0.001476653
0.001052883
0.000611381
0.0002058378
-0.000213335
-0.0005806399
-0.0008631437
-0.001123804
-0.001368629
-0.001519711
-0.001490775
-0.00137117
-0.001221786
-0.001015958
-0.000700138
-0.0003304243
-1.707608e-05
0.0002542208
0.000490974
0.0006831561
0.0008463274
0.0009265832
0.0008550679
0.000746014
0.0006523182
0.0005885148
0.0006305979
0.0007332018
0.0008003987
0.0008782331
0.00107316
0.001317786
0.001438559
0.001425681
0.001341659
0.001238669
0.001189573
0.00120921
0.001258962
0.001340278
0.001426694
0.001492208
0.001499143
0.001470319
0.001503013
0.00156712
0.001627584
0.001706826
0.001873052
0.002105164
0.002382919
0.002665697
0.002859507
0.002874902
0.002796144
0.002745846
0.00267594
0.00255736
0.002436621
0.002268329
0.002044761
0.001823981
0.001635609
0.001442969
0.001149048
0.0007639067
0.0003781358
8.226013e-05
-0.0001902083
-0.0004893761
-0.0008448473
-0.001203946
-0.001473428
-0.00169769
-0.001962897
-0.002162167
-0.002279714
-0.002420573
-0.002527398
-0.002502233
-0.002360259
-0.002132613
-0.001804196
-0.001378366
-0.0009698407
-0.0007104697
-0.000519684
-0.0003239687
-0.0003133777
-0.0004227958
-0.0006429721
-0.0009643591
-0.001236522
-0.001456333
-0.001644394
-0.001826998
-0.00201369
-0.002042349
-0.001931352
-0.001837624
-0.001750986
-0.001660815
-0.001555094
-0.001370775
-0.001169707
-0.001082052
-0.001059854
-0.0009883551
-0.0008728138
-0.0007926161
-0.0008410461
-0.0009687238
-0.001038151
-0.001064318
-0.001217973
-0.00145112
-0.001615209
-0.001752299
-0.00185083
-0.001852796
-0.001757092
-0.001578104
-0.001347956
-0.0009481112
-0.0003838972
0.0002119405
0.0008258963
0.001464329
0.002088689
0.002724496
0.003403085
0.004078837
0.004699262
0.005190857
0.005596209
0.006002506
0.006333965
0.006507599
0.006613054
0.006720984
0.006804432
0.006823127
0.006780508
0.006687841
0.006448981
0.006047785
0.005528274
0.00493877
0.004299685
0.003645073
0.002942407
0.002170133
0.001430311
0.0006966068
-1.516502e-05
-0.0006908712
-0.001369882
-0.001986903
-0.002505158
-0.002965028
-0.003385644
-0.003793942
-0.004189279
-0.004465371
-0.004606929
-0.004714978
-0.004757353
-0.004675274
-0.004490125
-0.004334898
-0.004316964
-0.004353091
-0.004337881
-0.004309457
-0.00431204
-0.004323389
-0.00426153
-0.004043348
-0.003723967
-0.003487623
-0.003349018
-0.003187827
-0.003030891
-0.002908242
-0.002791374
-0.002663996
-0.002542672
-0.002449673
-0.002317882
-0.002035383
-0.001614128
-0.00107506
-0.0004736119
0.0001190198
0.000720973
0.001357085
0.001890486
0.002215926
0.002430632
0.002617611
0.00269808
0.002666433
0.00261904
0.002607444
0.00261559
0.002551638
0.002364916
0.002067737
0.001753578
0.001457966
0.001162966
0.0007868497
0.0003728247
4.747434e-05
-0.000222197
-0.0004628637
-0.0006514884
-0.0007796183
-0.000842616
-0.0008102988
-0.0006827867
-0.0005135483
-0.0002852615
8.827567e-06
0.0003310261
0.000636567
0.0008613013
0.0009855775
0.001092871
0.001222275
0.001265254
0.001239193
0.00127121
0.00129361
0.001247635
0.00119342
0.001161613
0.001108792
0.001038339
0.0009465553
0.0007805635
0.0006192799
0.0005192949
0.0004397482
0.0003101555
0.0001697779
0.000121629
0.0001505491
0.0002030431
0.0002446987
0.0003036671
0.0004047426
0.0004809295
0.0005348662
0.0006041649
0.0007410814
0.0009063133
0.001106593
0.001386928
0.001627516
0.001713895
0.001617937
0.001416252
0.001193925
0.0009777866
0.0007596512
0.0005844316
0.0004837828
0.0004607765
0.0005711968
0.0008139146
0.00111352
0.001410888
0.001714051
0.001986233
0.002113168
0.002158027
0.002232048
0.002309472
0.002300989
0.002216917
0.002084418
0.001919606
0.001744095
0.001509655
0.001161389
0.0007285195
0.000206917
-0.0003442978
-0.000826177
-0.001199023
-0.001480149
-0.001622592
-0.00156487
-0.001412569
-0.001213033
-0.001004051
-0.0008432415
-0.0007821792
-0.0008015697
-0.0008666655
-0.001007052
-0.001178461
-0.001360749
-0.001594768
-0.001869407
-0.002211513
-0.002578854
-0.00281939
-0.002970502
-0.003169298
-0.003349608
-0.003448812
-0.003475146
-0.003451338
-0.003374372
-0.003312371
-0.003372191
-0.003520492
-0.003713165
-0.003930292
-0.004147474
-0.004345342
-0.00448583
-0.004547871
-0.004534612
-0.004588818
-0.00466256
-0.004610681
-0.004547481
-0.00454482
-0.004562932
-0.004565128
-0.004518916
-0.00443422
-0.004322626
-0.004075485
-0.003727075
-0.003367509
-0.002988169
-0.002583251
-0.002141638
-0.00166257
-0.001141966
-0.000660807
-0.0002748142
7.774674e-05
0.0004709402
0.0009011901
0.001335779
0.001834941
0.002412066
0.003023328
0.003587476
0.004087293
0.004599763
0.005057791
0.005365443
0.005555904
0.0056492
0.005656705
0.005579311
0.005511752
0.005638286
0.005841693
0.005917751
0.005911361
0.005932856
0.00596633
0.005810609
0.00544034
0.004988006
0.00450077
0.004037863
0.003638017
0.003309663
0.003014774
0.00271734
0.00239503
0.002036454
0.001681588
0.001354685
0.001021283
0.0006494156
0.0002564876
-0.0001064129
-0.0005699724
-0.001207091
-0.001885126
-0.002555139
-0.003189541
-0.003715687
-0.004127793
-0.004451571
-0.004763578
-0.00508108
-0.005251765
-0.005368668
-0.0055753
-0.005824902
-0.006042249
-0.006186881
-0.006210675
-0.006124485
-0.005977967
-0.005781269
-0.005436954
-0.004932208
-0.004459985
-0.004105958
-0.003735325
-0.003316227
-0.002940494
-0.00255949
-0.002075301
-0.001480067
-0.0008782517
-0.0002696902
0.0003749163
0.001013284
0.001600347
0.002103575
0.002540909
0.002920132
0.003241394
0.003534337
0.003750231
0.003890912
0.003975188
0.003980746
0.003963107
0.003972152
0.003922078
0.003784999
0.003625697
0.003507676
0.003484889
0.003399756
0.003192379
0.003011416
0.002852275
0.002682452
0.002595867
0.002572263
0.002510596
0.002445704
0.002452591
0.002441792
0.002371949
0.002339205
0.002349959
0.002322608
0.002238168
0.002178678
0.002129687
0.001987651
0.001767219
0.001487411
0.001128191
0.00072789
0.0001934707
-0.0004893528
-0.001213012
-0.001941256
-0.002626891
-0.003234188
-0.003824961
-0.004394509
-0.004906345
-0.005368367
-0.005721389
-0.005974159
-0.00611063
-0.006044157
-0.005747993
-0.005248078
-0.004645744
-0.004036239
-0.003484558
-0.002984778
-0.002578247
-0.002319923
-0.002222397
-0.002193549
-0.002194609
-0.002215296
-0.00212764
-0.002026061
-0.002010353
-0.001990407
-0.001948727
-0.001906581
-0.001819677
-0.001663355
-0.001463989
-0.001288545
-0.001164339
-0.001096767
-0.001046118
-0.0009937986
-0.0008751943
-0.0006806321
-0.0004347533
-9.061213e-05
0.0003114373
0.0006979615
0.001092027
0.0014679
0.001677628
0.001677265
0.001560383
0.001417803
0.001259678
0.001062743
0.0008041608
0.0005426057
0.0003731339
0.0002798751
0.0002062897
9.348247e-05
-0.0001018134
-0.0003941316
-0.0007671004
-0.001194088
-0.00163372
-0.0020032
-0.002245268
-0.00234061
-0.002203761
-0.001931763
-0.001612958
-0.001236276
-0.0008551066
-0.0005810712
-0.0004162288
-0.0003521575
-0.0003969752
-0.0004266099
-0.0004469739
-0.000499175
-0.0005306907
-0.0004710053
-0.0004423277
-0.0004798404
-0.0003996912
-0.0001702332
8.094022e-05
0.00030738
0.000523525
0.0007121978
0.0008587638
0.0008886736
0.0008590453
0.000744755
0.0005477515
0.0003706141
0.0002780957
0.0003430879
0.0005706916
0.0008688115
0.001162807
0.001399361
0.001492835
0.001467703
0.001342826
0.001051667
0.0006798981
0.0003710513
8.854832e-05
-0.0002153025
-0.0005093364
-0.0007684544
-0.001027973
-0.001280713
-0.001468423
-0.001592317
-0.001640556
-0.001605829
-0.001442302
-0.001128722
-0.0006987831
-0.000227729
0.0002283079
0.000681084
0.001152312
0.001658005
0.002164464
0.002669252
0.003136813
0.003439243
0.003506693
0.003412212
0.003226314
0.002937014
0.002561512
0.002116845
0.001685856
0.001313968
0.0009610864
0.0006490321
0.000414745
8.934133e-05
-0.0003866372
-0.0008851337
-0.001312063
-0.001685146
-0.002052746
-0.002391053
-0.002664393
-0.002913718
-0.003134141
-0.003251432
-0.003278608
-0.003298909
-0.003258111
-0.003068232
-0.002848589
-0.002626706
-0.002335499
-0.002056747
-0.001843706
-0.001584033
-0.001347927
-0.001190273
-0.001048095
-0.0009513781
-0.0008461704
-0.0006774237
-0.0005024126
-0.0002954637
1.437421e-05
0.0004202088
0.0008108057
0.001237857
0.001770481
0.00223922
0.002504867
0.002632918
0.002771719
0.002873205
0.002853307
0.002792937
0.002757347
0.00272371
0.002707462
0.002745424
0.002804831
0.002790982
0.002731873
0.002681015
0.002635954
0.002583435
0.002424524
0.002189693
0.001994096
0.001731897
0.001402901
0.001124978
0.0008824071
0.0006159627
0.0003828961
0.000252974
8.174557e-05
-0.0002544821
-0.0007176318
-0.001231234
-0.001749717
-0.002294027
-0.002827964
-0.003259776
-0.003575128
-0.003835829
-0.004065894
-0.004288256
-0.004603316
-0.004939656
-0.005191249
-0.005379184
-0.005490097
-0.005468694
-0.005283534
-0.004988531
-0.004557886
-0.004056924
-0.003583878
-0.003123845
-0.002584351
-0.001959511
-0.00126925
-0.0004848538
0.0003116542
0.00101368
0.001614343
0.002254643
0.002925334
0.003502044
0.003858561
0.004033972
0.004166825
0.004239603
0.00420124
0.004083472
0.003993407
0.004030399
0.004102518
0.00417914
0.004304366
0.004412541
0.00447598
0.004394128
0.004140496
0.003786596
0.003382247
0.003148852
0.00313211
0.003189371
0.003302979
0.003559604
0.003926181
0.004326839
0.004728844
0.005071238
0.005340639
0.005531326
0.005553593
0.005464568
0.00534753
0.005201954
0.005002158
0.004732728
0.00433126
0.003806756
0.003246224
0.002583038
0.001765713
0.0008211028
-0.0002633945
-0.001478663
-0.002697231
-0.003791594
-0.004873149
-0.005910263
-0.006676757
-0.007139599
-0.007397878
-0.007456087
-0.007318846
-0.007044027
-0.006639628
-0.006185378
-0.00580744
-0.005437438
-0.005042168
-0.004766585
-0.004654198
-0.004609985
-0.004624817
-0.004627092
-0.004584911
-0.00449841
-0.004367496
-0.004143643
-0.003842417
-0.003621939
-0.003562399
-0.003670998
-0.003975423
-0.004446953
-0.004913455
-0.005291397
-0.005570289
-0.005699835
-0.005646555
-0.005411091
-0.004995034
-0.004455396
-0.003928765
-0.003423311
-0.002911936
-0.002461253
-0.002119757
-0.001874851
-0.001714445
-0.001674076
-0.001640238
-0.001511858
-0.001378669
-0.001297204
-0.001229312
-0.001214869
-0.001359616
-0.001649086
-0.002025897
-0.002421356
-0.002660514
-0.002641762
-0.00224774
-0.00144807
-0.0005529311
0.0002413686
0.0008560212
0.001215041
0.001333008
0.001211966
0.0009267893
0.0007037022
0.0006307986
0.000673272
0.0008381757
0.001192735
0.001803908
0.002468823
0.003040955
0.003625589
0.004151272
0.004500965
0.004735989
0.0048219
0.00463012
0.004267453
0.003790313
0.003177605
0.002389416
0.00146803
0.0004903997
-0.0004561431
-0.001379016
-0.002282043
-0.003059339
-0.003636559
-0.004065709
-0.004393159
-0.004620731
-0.004780094
-0.004849952
-0.004776591
-0.004543818
-0.00418223
-0.003692746
-0.003034295
-0.002282152
-0.001628579
-0.001138244
-0.0008688222
-0.0008433631
-0.0009605761
-0.001038571
-0.0009746052
-0.0007041172
-0.0002782511
0.0001799658
0.0005197516
0.0005675194
0.0002942111
-0.0001760549
-0.0008123135
-0.001641209
-0.002522107
-0.003370333
-0.004221535
-0.004994151
-0.005432663
-0.005496803
-0.005346274
-0.004959263
-0.004300854
-0.003544883
-0.002752962
-0.001930162
-0.001134061
-0.0003544721
0.0004284539
0.00116296
0.001850035
0.002495182
0.003079751
0.003525561
0.003753828
0.003762054
0.003644819
0.003527236
0.003477057
0.003581951
0.003930865
0.004451744
0.00503673
0.005504957
0.005832923
0.006029903
0.006044073
0.005892809
0.005660714
0.005342059
0.004916747
0.004330823
0.003568319
0.002578511
0.001501964
0.0005166939
-0.0002652938
-0.0007348728
-0.0008482545
-0.0006182974
-5.876024e-05
0.0006855207
0.001414208
0.002184016
0.00309347
0.003935829
0.004482303
0.004682165
0.004678579
0.004388369
0.003662139
0.002626636
0.001409139
8.097354e-06
-0.001523797
-0.003033921
-0.004316893
-0.00532298
-0.006074921
-0.006533776
-0.006580798
-0.006094638
-0.005051782
-0.003653356
-0.002204956
-0.0009533777
3.189873e-05
0.0006784754
0.0009977192
0.001115035
0.001020977
0.0006604443
1.334903e-05
-0.0008361494
-0.001709466
-0.002490422
-0.003096622
-0.003538368
-0.003833972
-0.003964407
-0.003874392
-0.003619137
-0.003325947
-0.00306669
-0.002824738
-0.002584518
-0.002347301
-0.002043114
-0.001510188
-0.0006728131
0.0003716536
0.001538197
0.002730422
0.00379106
0.004575821
0.005186006
0.005624635
0.005822598
0.005749458
0.005547787
0.00534572
0.005022107
0.004575199
0.004134906
0.00378645
0.003374297
0.002850513
0.002298443
0.001686449
0.001018916
0.0003320944
-0.0002255618
-0.0006147886
-0.0008938701
-0.001108852
-0.001228689
-0.001262271
-0.001276834
-0.001274798
-0.001198916
-0.0009665817
-0.0006115176
-0.0001563106
0.00041711
0.001144148
0.001986065
0.002859654
0.003734251
0.004615777
0.005433628
0.005953328
0.006110545
0.005971834
0.005447306
0.004431063
0.003064873
0.001569897
-6.470336e-06
-0.001566057
-0.002819922
-0.00363803
-0.004065508
-0.004063732
-0.003591334
-0.002812566
-0.001930502
-0.001082067
-0.0003607359
0.0001301725
0.0003850164
0.0004443748
0.0003638627
0.000192743
5.807233e-05
-9.259852e-06
-3.177243e-05
2.970295e-05
3.694627e-05
-0.0002109417
-0.000780705
-0.001633037
-0.002693469
-0.00375273
-0.004570156
-0.005032624
-0.005188343
-0.005012906
-0.004455429
-0.003746533
-0.003097205
-0.002562932
-0.00213007
-0.00170054
-0.00130691
-0.00099965
-0.0006374037
-0.000214682
0.0001670651
0.0004800476
0.0007178989
0.000816678
0.0007343242
0.0005314902
0.0002669315
1.019647e-05
-0.0001513276
-0.0002168753
-0.0001615922
5.659931e-05
0.0003940475
0.0008117929
0.001193832
0.001491653
0.001700598
0.00178102
0.00182036
0.001859697
0.001871897
0.001890339
0.001943364
0.001959172
0.0019152
0.001914957
0.001957804
0.001964681
0.001896761
0.001818255
0.001692649
0.001359129
0.0007542713
-3.800655e-05
-0.000990104
-0.00208297
-0.0032749
-0.00449724
-0.00565966
-0.006733622
-0.007618608
-0.008219483
-0.008556295
-0.008625894
-0.008423607
-0.008029312
-0.007587193
-0.007135594
-0.006647997
-0.006114744
-0.005544243
-0.004981109
-0.004361228
-0.003772384
-0.003249612
-0.002827737
-0.00257608
-0.002485803
-0.002459812
-0.00244636
-0.002569629
-0.002806682
-0.003028245
-0.003160137
-0.003170023
-0.003034037
-0.002638496
-0.001951779
-0.0009999243
0.0001636994
0.001251963
0.002058081
0.002577825
0.002684327
0.00248083
0.002116183
0.001607485
0.001130483
0.0008555247
0.0008250789
0.0009622619
0.001207226
0.00152109
0.001812908
0.001966271
0.002000095
0.002008209
0.00197017
0.001959169
0.002124502
0.002550637
0.003121683
0.00378187
0.004473988
0.005075324
0.005477377
0.005521378
0.005128845
0.00438357
0.00338983
0.002253826
0.001144699
0.0002271367
-0.0003859338
-0.0006656803
-0.0007063935
-0.0006841311
-0.0006662706
-0.0006609414
-0.0006812499
-0.000723333
-0.0007692253
-0.0006821257
-0.0005478058
-0.0004488793
-0.0003582034
-0.0002236514
-1.36958e-05
0.000340112
0.0008254678
0.001377819
0.002125238
0.003080526
0.004129601
0.005269335
0.006540127
0.007895949
0.009295827
0.01067923
0.01202189
0.01322166
0.01408542
0.01451186
0.01452426
0.01415559
0.01338307
0.0122807
0.01110563
0.01002403
0.009065649
0.008236442
0.007479407
0.006756603
0.005918059
0.004886712
0.00373026
0.00239641
0.0009847403
-0.0003286199
-0.001566609
-0.00265206
-0.003472709
-0.003996001
-0.004287712
-0.004395344
-0.004348774
-0.004231495
-0.00410587
-0.0039541
-0.003769206
-0.003599064
-0.003417585
-0.003205317
-0.002951318
-0.002536799
-0.001877884
-0.001039224
-2.588194e-05
0.001183479
0.002463086
0.003514232
0.004174457
0.004426998
0.004187199
0.003433247
0.002281609
0.0009192717
-0.0003826296
-0.001414419
-0.002085612
-0.002412046
-0.002459539
-0.002353159
-0.002255538
-0.002185647
-0.002266224
-0.002566734
-0.003014918
-0.003475018
-0.003809057
-0.003974208
-0.003976852
-0.003860252
-0.003673166
-0.003428324
-0.003127412
-0.002819878
-0.002610873
-0.002630357
-0.002889526
-0.003200624
-0.00349857
-0.003786399
-0.003999006
-0.004054063
-0.003974354
-0.003933888
-0.004011946
-0.004262617
-0.0046945
-0.005326694
-0.006031544
-0.006479133
-0.006509274
-0.006022671
-0.004977353
-0.003405345
-0.001455344
0.0007195838
0.002918565
0.004928737
0.006641757
0.008060273
0.009192902
0.01000652
0.01054214
0.01092476
0.0112828
0.01163312
0.01191494
0.01206276
0.01200184
0.0117427
0.01132532
0.01070567
0.009942101
0.009149454
0.008306232
0.007462537
0.006625244
0.005694311
0.004694746
0.003693838
0.002546164
0.001261168
4.220006e-05
-0.001174325
-0.002400039
-0.003594336
-0.004824096
-0.006029734
-0.007121644
-0.00809643
-0.008950266
-0.009693375
-0.01027093
-0.01064277
-0.01077755
-0.0106861
-0.01044988
-0.01011794
-0.009822793
-0.009611223
-0.009424228
-0.009221542
-0.00901357
-0.008668337
-0.008087842
-0.007265179
-0.006169572
-0.004830021
-0.003371168
-0.001912439
-0.0004715249
0.0009583717
0.002283147
0.00346094
0.00451919
0.005398208
0.006070713
0.006485754
0.006623978
0.006520934
0.006308251
0.006057747
0.005699214
0.005223323
0.004680055
0.004184137
0.003743029
0.003157165
0.002353195
0.001408256
0.0003933277
-0.0005667762
-0.001424738
-0.002130258
-0.002573296
-0.002700306
-0.002503765
-0.00196238
-0.001065589
0.0001648498
0.001580652
0.002892985
0.003966682
0.004732022
0.005179526
0.005456749
0.005702657
0.005962537
0.00637452
0.007061789
0.007907023
0.008744636
0.009500796
0.0100921
0.01043648
0.01054022
0.01055034
0.01045823
0.01021643
0.009918742
0.009622521
0.009261984
0.008717398
0.008031588
0.007189013
0.006170305
0.005045892
0.003913469
0.002857983
0.001872719
0.0009393581
7.335421e-05
-0.0007075952
-0.001347276
-0.00192455
-0.002555501
-0.003234833
-0.003983302
-0.004883045
-0.005945343
-0.007065643
-0.008125244
-0.009176705
-0.01031534
-0.01148771
-0.0125499
-0.01343341
-0.01416582
-0.01474776
-0.01527616
-0.01573507
-0.0159982
-0.01607198
-0.01604951
-0.01595506
-0.01572504
-0.0152877
-0.01465591
-0.01379458
-0.0126408
-0.01122922
-0.009682555
-0.008090848
-0.00647577
-0.004984835
-0.003749365
-0.002721486
-0.001819382
-0.0009307694
-6.208817e-07
0.0009682266
0.001948561
0.002925808
0.00387978
0.004754567
0.005412899
0.005709628
0.005794512
0.005797304
0.005653319
0.005300004
0.00485899
0.004458364
0.004069293
0.003678001
0.003261339
0.002857394
0.002475411
0.002152731
0.001964446
0.001838219
0.001682434
0.001579798
0.001559945
0.001606858
0.001739242
0.001925874
0.002086037
0.002106125
0.001986266
0.001727377
0.001322877
0.0007720509
0.0001680223
-0.0004197991
-0.001084594
-0.001824796
-0.002598351
-0.003378632
-0.004133004
-0.004879361
-0.00553819
-0.006063486
-0.006542935
-0.007005444
-0.007412788
-0.007770555
-0.008137608
-0.00854047
-0.00882126
-0.008923549
-0.008790796
-0.008283274
-0.007363433
-0.00614573
-0.004762467
-0.003383985
-0.002125691
-0.0009662117
9.132439e-05
0.00104352
0.00201599
0.003110071
0.004259068
0.005326063
0.006230771
0.006985647
0.007611544
0.007993597
0.008292599
0.008737666
0.009301973
0.009968041
0.01078745
0.01176155
0.01261511
0.01306575
0.01308035
0.01273288
0.01208012
0.01124062
0.01032811
0.009348355
0.008335424
0.007467346
0.006748484
0.006091697
0.005509843
0.004889858
0.004235452
0.003484434
0.002581069
0.001531212
0.0004319834
-0.0005455382
-0.00143295
-0.002275324
-0.003071483
-0.003682568
-0.003950318
-0.003884705
-0.003496293
-0.002800306
-0.001838208
-0.0007291499
0.0003552702
0.001275107
0.001982761
0.002459388
0.00269569
0.002833674
0.002946856
0.002966679
0.002884149
0.002728773
0.002536299
0.002208252
0.001677068
0.001020496
0.0003334452
-0.0004744691
-0.001490194
-0.002653328
-0.003822861
-0.004966302
-0.006133847
-0.007397928
-0.008636685
-0.009648231
-0.01041894
-0.0109524
-0.01116358
-0.01113864
-0.01105698
-0.01093784
-0.01078999
-0.01074488
-0.01076647
-0.01073559
-0.01062919
-0.01041998
-0.01013007
-0.009666527
-0.008965892
-0.008090863
-0.007023911
-0.005791805
-0.00448784
-0.00314366
-0.001719183
-0.0003116464
0.0009218163
0.0019361
0.002832586
0.003763627
0.004763807
0.005806776
0.006827087
0.007746655
0.008565551
0.009304279
0.009931696
0.01039432
0.01058382
0.01050677
0.01021368
0.009808061
0.009458662
0.009179205
0.009002048
0.009102016
0.009497983
0.01002755
0.01054535
0.01093764
0.01112217
0.01100575
0.0105909
0.01002581
0.009309756
0.00834867
0.007263502
0.006225752
0.005220166
0.004265359
0.003355367
0.002457153
0.001550652
0.0006501531
-0.0001848472
-0.001019202
-0.001849945
-0.002498145
-0.0029009
-0.003049002
-0.0028238
-0.002240417
-0.001519767
-0.0007272869
0.0001996112
0.001207046
0.002122036
0.002893239
0.003603619
0.004248258
0.004791185
0.005281696
0.005767585
0.006277902
0.006752172
0.007187784
0.007655019
0.008131202
0.008617169
0.009078296
0.009419177
0.00956905
0.00946789
0.009111909
0.008511342
0.00772859
0.006942933
0.006285135
0.005864568
0.005761909
0.005933255
0.006271349
0.006713729
0.007046235
0.007071122
0.006782836
0.006222632
0.005461586
0.004456757
0.003254993
0.002004577
0.0007917186
-0.0003464985
-0.001418313
-0.002443541
-0.003339205
-0.00402896
-0.00458019
-0.005092269
-0.005538219
-0.005885314
-0.006231901
-0.006524035
-0.006753794
-0.006928309
-0.006938496
-0.006817014
-0.006682886
-0.006534204
-0.0064052
-0.006420319
-0.006671593
-0.007166343
-0.007808532
-0.008460183
-0.009244071
-0.01011169
-0.01094112
-0.01172391
-0.01243414
-0.01305952
-0.0136856
-0.01438434
-0.01509781
-0.01571988
-0.01616602
-0.01647929
-0.01664647
-0.01655662
-0.01634038
-0.01607532
-0.01560213
-0.01493481
-0.01426616
-0.01366391
-0.01315911
-0.01287851
-0.0128727
-0.01297463
-0.01309864
-0.01320308
-0.01323499
-0.01310045
-0.0127786
-0.01233397
-0.01174987
-0.01104601
-0.01040176
-0.009878319
-0.00925308
-0.008355649
-0.007307729
-0.006239864
-0.005071772
-0.003785619
-0.002447985
-0.001075005
0.0003510401
0.001795385
0.003206156
0.004551258
0.005854843
0.007075801
0.008177543
0.009194748
0.01009638
0.0107669
0.01121947
0.01151554
0.01162298
0.01142627
0.01095028
0.01024848
0.009267371
0.008021124
0.006645732
0.005262959
0.00396077
0.002821893
0.001943755
0.001369826
0.001025919
0.000738253
0.0004207854
0.0001048767
-0.0002206508
-0.000654517
-0.001152188
-0.001626046
-0.002100726
-0.002627534
-0.0030981
-0.003458361
-0.00381309
-0.004124041
-0.004460201
-0.004850617
-0.00526049
-0.005728239
-0.006239155
-0.006674996
-0.006915908
-0.006952609
-0.006716291
-0.006065475
-0.004974203
-0.003602651
-0.002083662
-0.0005736825
0.000691952
0.001745876
0.00276003
0.003646603
0.004444465
0.005353344
0.006371853
0.007366036
0.00823859
0.009038722
0.009704503
0.009986115
0.009879153
0.009555188
0.009137066
0.008606409
0.007976713
0.007292675
0.006542684
0.005778734
0.004969042
0.003986591
0.002882618
0.001773644
0.0006773447
-0.0004384535
-0.001547334
-0.002587878
-0.003586409
-0.004554526
-0.005513032
-0.006464163
-0.007284084
-0.007905691
-0.00840764
-0.008763712
-0.008881684
-0.008679982
-0.008087901
-0.007174513
-0.006041481
-0.004812413
-0.003564119
-0.002260375
-0.0008799614
0.0004240896
0.001606063
0.002775121
0.003931684
0.004976808
0.005928601
0.006834827
0.007747926
0.008760438
0.00988624
0.0109819
0.01197181
0.0129635
0.01404334
0.01511995
0.01609013
0.01695996
0.01771264
0.01831907
0.01874886
0.01897725
0.01901768
0.01889384
0.01859846
0.0181745
0.01764316
0.01707293
0.01650449
0.01590335
0.01532489
0.01478269
0.01421341
0.01358345
0.01291582
0.01219263
0.01133842
0.01018882
0.008717975
0.007036936
0.005231896
0.003432448
0.001668662
-2.668792e-06
-0.001410154
-0.002575632
-0.003624946
-0.004655855
-0.005768026
-0.006974213
-0.008218453
-0.009388215
-0.01042753
-0.01132288
-0.01196228
-0.01221173
-0.01218132
-0.01197887
-0.01157458
-0.01114951
-0.01098947
-0.01115517
-0.01153386
-0.01192792
-0.01231961
-0.01273121
-0.01313568
-0.01347864
-0.01364638
-0.01361775
-0.01348503
-0.01323779
-0.01272685
-0.01186301
-0.01071728
-0.009388897
-0.00800835
-0.006678913
-0.005443124
-0.004379401
-0.003533502
-0.002913991
-0.002512615
-0.002284599
-0.002149526
-0.002059708
-0.001935538
-0.001715666
-0.001391432
-0.0009370153
-0.0003649643
0.0003236924
0.001196011
0.002087556
0.002822741
0.003403591
0.003958451
0.004560173
0.005072769
0.005438886
0.005774106
0.00615719
0.006514563
0.006835517
0.00718378
0.007501848
0.007795219
0.008113191
0.008362415
0.008440999
0.008326164
0.007969795
0.007308803
0.006346495
0.005065884
0.003554164
0.002037994
0.0006652138
-0.0005871378
-0.001785836
-0.00293909
-0.004000886
-0.004961708
-0.005759193
-0.006362358
-0.006791664
-0.007138967
-0.007407871
-0.007561787
-0.007672412
-0.007722796
-0.00761678
-0.007482686
-0.007414473
-0.0074242
-0.007448914
-0.007331607
-0.007089923
-0.006795696
-0.006478172
-0.006207344
-0.005983901
-0.005723753
-0.005327711
-0.004814755
-0.004207935
-0.003311575
-0.001998774
-0.0002886394
0.001654335
0.003598196
0.005406538
0.007015691
0.008312342
0.009226327
0.009794878
0.01010488
0.01024191
0.01026454
0.01004749
0.009500567
0.008737059
0.007829845
0.006753767
0.005549985
0.004366882
0.003282784
0.002354418
0.001621069
0.001167422
0.0009945925
0.001023222
0.001259739
0.001827595
0.002770358
0.004020029
0.005458415
0.006976497
0.008412312
0.009607537
0.01053268
0.01117653
0.01157577
0.01184422
0.01193913
0.0119254
0.01189351
0.01187076
0.01189243
0.0119527
0.01198869
0.01188951
0.01165717
0.01131068
0.01091416
0.01060798
0.01048825
0.01046103
0.01042751
0.0104085
0.01046384
0.01048496
0.01031116
0.01001958
0.009740988
0.009393433
0.00896621
0.008547397
0.008097131
0.007624922
0.007252002
0.006975733
0.006734017
0.006464245
0.006134245
0.005757528
0.005284676
0.004689691
0.004044782
0.003319849
0.002514723
0.00174246
0.0009482868
6.188822e-06
-0.001211291
-0.002728911
-0.004449139
-0.006255262
-0.008074781
-0.009860174
-0.011509
-0.01300651
-0.0144082
-0.01563318
-0.01654933
-0.01716101
-0.01741716
-0.01718295
-0.01646176
-0.01528456
-0.01355264
-0.0114032
-0.0091963
-0.007037987
-0.004920538
-0.002994394
-0.001304848
0.0003445926
0.001952605
0.003450308
0.004842162
0.006089734
0.007166142
0.008094824
0.008783166
0.009070405
0.009069166
0.00903675
0.009027998
0.009132437
0.009451565
0.01000893
0.01062755
0.01112044
0.01145019
0.01158452
0.01139507
0.01078776
0.009793003
0.008638694
0.007553307
0.006679738
0.006182329
0.006116592
0.006359813
0.006725032
0.00709945
0.007465583
0.007802134
0.00806287
0.008194268
0.008153155
0.008106455
0.008140807
0.008170136
0.008221389
0.00835135
0.008551574
0.008639495
0.008512566
0.00825242
0.007903769
0.007615234
0.00743013
0.007209923
0.006937701
0.006664292
0.006283287
0.00564425
0.004711384
0.003504212
0.002068558
0.0005174235
-0.0009559389
-0.002260033
-0.003451189
-0.00462884
-0.005911103
-0.007352569
-0.008930092
-0.01056897
-0.01215292
-0.01365255
-0.01501483
-0.01612584
-0.01692787
-0.01749339
-0.01785774
-0.01806107
-0.01818408
-0.01822415
-0.018108
-0.01782904
-0.01742603
-0.01689082
-0.01624454
-0.01552336
-0.01475812
-0.01404856
-0.01340037
-0.01266777
-0.01182952
-0.01106748
-0.0104994
-0.01007705
-0.009810645
-0.009697952
-0.009681497
-0.009722449
-0.009886573
-0.01015863
-0.01029545
-0.01020207
-0.009892466
-0.009458566
-0.008919036
-0.008254822
-0.007557986
-0.006843985
-0.006079864
-0.005253174
-0.00426782
-0.003119947
-0.001844441
-0.000483401
0.0007943298
0.001860736
0.002707265
0.003297761
0.003561612
0.003503337
0.003169093
0.002604273
0.001841875
0.0008476473
-0.0003255886
-0.001507353
-0.002629996
-0.003691354
-0.004629091
-0.005412768
-0.006082328
-0.006720365
-0.007336976
-0.007832079
-0.008129641
-0.008183302
-0.008042038
-0.007721687
-0.007200619
-0.006502839
-0.00567383
-0.004793337
-0.003955083
-0.003281579
-0.002860995
-0.002704899
-0.002814613
-0.003216963
-0.003815671
-0.004445782
-0.004991564
-0.005363783
-0.005507653
-0.005500667
-0.005544671
-0.005709391
-0.00593841
-0.006271366
-0.006767665
-0.007316234
-0.00787966
-0.008456483
-0.008991608
-0.009550173
-0.01026445
-0.01110801
-0.01200291
-0.01286591
-0.01363984
-0.01430034
-0.01478215
-0.01494571
-0.01477835
-0.01434774
-0.01374904
-0.01316121
-0.01267107
-0.01230511
-0.01210664
-0.0120199
-0.011858
-0.01151364
-0.01089278
-0.009950493
-0.008712941
-0.007161071
-0.005326716
-0.003377014
-0.001506243
4.894069e-05
0.001149939
0.001829561
0.00209834
0.001975839
0.001526886
0.000891234
0.0002482131
-0.0003308425
-0.0008632065
-0.001370296
-0.001804208
-0.002203832
-0.002706997
-0.003411226
-0.004380277
-0.005586452
-0.006947786
-0.008403517
-0.009882938
-0.01130513
-0.01264496
-0.0139608
-0.01521851
-0.0163625
-0.01742135
-0.01838466
-0.01918239
-0.01974393
-0.02018461
-0.02061707
-0.02093776
-0.02111418
-0.02114441
-0.02098616
-0.02062113
-0.01999489
-0.01901616
-0.01765691
-0.01593042
-0.01387229
-0.01168706
-0.009622631
-0.00792825
-0.006744459
-0.005982229
-0.005404461
-0.004783291
-0.004095756
-0.003425074
-0.002668004
-0.001721081
-0.0007825605
6.84566e-06
0.0007943291
0.001761293
0.002874887
0.00412891
0.005629085
0.007406187
0.009404532
0.01156945
0.01387662
0.01624313
0.01857537
0.02084924
0.02300659
0.02488485
0.02632335
0.02720714
0.02760622
0.02768769
0.02744741
0.02692219
0.02627063
0.02573449
0.02543918
0.02533812
0.02533555
0.02532057
0.02523055
0.02486457
0.02420265
0.02336487
0.02230591
0.0209271
0.01936422
0.0177882
0.01624723
0.01472831
0.01326256
0.01189329
0.01053886
0.009056748
0.00750376
0.005970507
0.004407389
0.00286119
0.001451554
0.0002238666
-0.0007883987
-0.001605407
-0.002275961
-0.002809881
-0.003117293
-0.003147865
-0.002845545
-0.002194033
-0.001285763
-0.0003303096
0.0004191875
0.000905575
0.001154408
0.00116427
0.0008508011
0.0002962971
-0.0002328104
-0.0005870762
-0.0007419031
-0.000667779
-0.0003752441
-8.193913e-05
-2.281034e-05
-0.0002821893
-0.0008221114
-0.001672529
-0.002726646
-0.003768722
-0.004605095
-0.005123202
-0.005293742
-0.00508667
-0.004560783
-0.00391472
-0.003242206
-0.002444713
-0.001481545
-0.0004295396
0.0005724589
0.001500043
0.002385928
0.003202426
0.003929009
0.004579909
0.005236741
0.00598043
0.006750904
0.007450514
0.008026715
0.008511895
0.008914977
0.009190232
0.00929882
0.00916187
0.008711281
0.00793839
0.006859205
0.005581682
0.004234515
0.002884966
0.001593192
0.0004827552
-0.0003720342
-0.001077435
-0.001733148
-0.002362708
-0.00294557
-0.003327597
-0.003337943
-0.003002676
-0.002304067
-0.00125582
1.281166e-05
0.001308683
0.002456105
0.0033302
0.003852942
0.003985482
0.003774822
0.003278854
0.002534982
0.001694681
0.0008468128
-3.667094e-05
-0.0008811049
-0.001572841
-0.00211689
-0.002598285
-0.003098588
-0.003634346
-0.004133931
-0.004494409
-0.004609718
-0.004390366
-0.003757152
-0.002639632
-0.001119465
0.0005939594
0.0023476
0.003914482
0.005040301
0.005659669
0.005945695
0.006135795
0.006260561
0.006381514
0.006594227
0.00694496
0.007435637
0.007992618
0.008537538
0.008943378
0.009138889
0.009077311
0.008763911
0.008359324
0.007899349
0.007272603
0.006515519
0.005729614
0.005003659
0.004271074
0.00337349
0.002226229
0.000905161
-0.0006403376
-0.002432735
-0.004301032
-0.005951976
-0.007191078
-0.007977236
-0.008280052
-0.008073543
-0.007447288
-0.00657853
-0.005506209
-0.004196875
-0.002743364
-0.001239698
0.0003173339
0.001929356
0.003593609
0.005358829
0.007339403
0.009559945
0.01198963
0.01468279
0.0177054
0.02078782
0.02364264
0.02619127
0.02826259
0.02971991
0.03057994
0.03091434
0.03085575
0.03048666
0.02977253
0.02870682
0.02732107
0.02551039
0.02318609
0.02033274
0.01705184
0.01352226
0.009975505
0.006475132
0.003031975
-0.0004080103
-0.003947323
-0.007737774
-0.01177676
-0.01598905
-0.02014424
-0.02392065
-0.02715699
-0.02972724
-0.03150855
-0.03249652
-0.03274567
-0.03246404
-0.03196618
-0.03145375
-0.03099989
-0.03062266
-0.03023621
-0.02972079
-0.0290167
-0.02806907
-0.02682799
-0.02525124
-0.0234023
-0.02147997
-0.01969633
-0.01808681
-0.01658772
-0.01518436
-0.01383188
-0.01241176
-0.01086538
-0.009231727
-0.007518162
-0.005680124
-0.00364653
-0.001465763
0.0008350186
0.003331829
0.005974441
0.00859705
0.01111491
0.0135071
0.01580585
0.01792505
0.01958835
0.0205872
0.02081186
0.02032989
0.01928756
0.01766839
0.01546811
0.01284107
0.01009682
0.007585969
0.005538437
0.003959189
0.002676838
0.001541671
0.000430012
-0.000671538
-0.001701839
-0.002688044
-0.003591828
-0.004333196
-0.004993655
-0.00563566
-0.006256552
-0.00695997
-0.007883993
-0.009030953
-0.0102814
-0.01139039
-0.01212712
-0.01236422
-0.01205764
-0.01122463
-0.009909892
-0.008205685
-0.006361031
-0.004635829
-0.003126285
-0.001893287
-0.0009641702
-0.0003809959
-3.755557e-05
0.0002486236
0.0004160618
0.0004335564
0.0004388355
0.0004345258
0.0002980232
-0.0001214976
-0.0009432092
-0.002059429
-0.003199333
-0.004116269
-0.004717636
-0.004944238
-0.004667835
-0.003924667
-0.002814403
-0.001315517
0.0005010296
0.002452298
0.0043898
0.00618495
0.007667995
0.008877659
0.01005802
0.01127585
0.01251271
0.01377693
0.01510378
0.01637833
0.01734488
0.01781318
0.01771103
0.01699333
0.01571878
0.01406041
0.01222768
0.01041072
0.008697584
0.007015217
0.005252757
0.003355324
0.001259062
-0.0009678369
-0.003130865
-0.0050459
-0.006689514
-0.008112834
-0.009274518
-0.01008585
-0.01057131
-0.01078528
-0.01085021
-0.01088004
-0.01093196
-0.01104148
-0.01119835
-0.0113965
-0.01155022
-0.01163282
-0.01158228
-0.01140936
-0.01121371
-0.01095536
-0.01075024
-0.01077887
-0.0109834
-0.0112514
-0.01160911
-0.01205556
-0.0125831
-0.01312162
-0.01352945
-0.01380897
-0.01396494
-0.01391613
-0.01371663
-0.0134387
-0.01312654
-0.01283625
-0.0125574
-0.01229402
-0.01208641
-0.01196227
-0.01190957
-0.01193099
-0.01192594
-0.01176161
-0.01135101
-0.01055872
-0.009276586
-0.007598218
-0.005650891
-0.003467598
-0.0009946181
0.001803273
0.004807795
0.007931196
0.01125707
0.01478643
0.01837747
0.02187523
0.02505161
0.02758479
0.02937483
0.03043939
0.03076621
0.03032533
0.02918438
0.02748466
0.02540616
0.02298818
0.02011541
0.01689056
0.01351402
0.01002948
0.006427141
0.002847557
-0.0004648401
-0.003389218
-0.005967474
-0.008261343
-0.01025075
-0.01190068
-0.01324217
-0.01441056
-0.01540946
-0.01618998
-0.01690381
-0.01756941
-0.01805546
-0.01836858
-0.01851508
-0.01839009
-0.0179549
-0.01722938
-0.01614725
-0.01468792
-0.01292857
-0.01093368
-0.008732017
-0.006364812
-0.00382482
-0.001139154
0.001619136
0.004359878
0.006976546
0.009440095
0.01184376
0.01433289
0.01699665
0.01971004
0.02228612
0.02466303
0.02679728
0.02873447
0.03045094
0.03176515
0.03271976
0.03337823
0.03374828
0.03385289
0.03380782
0.03362033
0.03314445
0.03233625
0.03126137
0.03004758
0.02867347
0.02713333
0.02549167
0.0236751
0.02167171
0.01951655
0.01719252
0.0145171
0.01134338
0.007833225
0.004233466
0.0006710243
-0.002902024
-0.006522914
-0.009995295
-0.0132075
-0.01623945
-0.01915619
-0.02182988
-0.02401287
-0.02546086
-0.02623682
-0.02643777
-0.02603958
-0.02507515
-0.02359625
-0.02162275
-0.01927582
-0.01682151
-0.01444605
-0.01216164
-0.00993814
-0.007844019
-0.005955503
-0.004320904
-0.002976553
-0.001993333
-0.00140769
-0.0009866844
-0.0005673456
-0.0001839091
0.0001910734
0.0006404971
0.001319573
0.002322803
0.003612302
0.005089614
0.006660049
0.008341189
0.009949817
0.01117838
0.01197827
0.01247213
0.01265861
0.01262308
0.01256145
0.01235413
0.01182681
0.01098009
0.00994989
0.008887573
0.007718391
0.006367077
0.004978114
0.003577039
0.002145607
0.0008098993
-0.000404465
-0.001564564
-0.002700054
-0.003781636
-0.004720203
-0.005347728
-0.005585232
-0.005534624
-0.005385855
-0.005270108
-0.005154643
-0.004917704
-0.004635654
-0.004424337
-0.004420686
-0.004603799
-0.004779552
-0.004960187
-0.005222069
-0.00560838
-0.006040551
-0.00636412
-0.006515898
-0.006503657
-0.006433362
-0.006385908
-0.006467665
-0.006629173
-0.006823178
-0.00703534
-0.007195552
-0.007223699
-0.007053224
-0.006742245
-0.00641058
-0.006046644
-0.005469324
-0.004571339
-0.003308776
-0.001633279
0.0004014996
0.002640791
0.004869748
0.006906635
0.008675452
0.01029089
0.0118532
0.0133022
0.01476191
0.01634111
0.01801546
0.01976323
0.02149657
0.02312222
0.02453379
0.02575305
0.0268706
0.02793803
0.02886168
0.02957894
0.03003109
0.03020309
0.0301767
0.02994632
0.02941164
0.02853304
0.02737287
0.0259519
0.02436883
0.02265555
0.0208264
0.01889371
0.01679718
0.01454166
0.01203197
0.009174067
0.005940139
0.002355947
-0.001369178
-0.005069105
-0.008579594
-0.0118317
-0.01479219
-0.01736317
-0.01952621
-0.02136004
-0.0229597
-0.02439221
-0.02555394
-0.02639184
-0.02701849
-0.02734299
-0.02720862
-0.026723
-0.02607812
-0.02532189
-0.02437409
-0.0231033
-0.0214727
-0.01950948
-0.01720998
-0.01467244
-0.01213688
-0.009770883
-0.007702987
-0.005964421
-0.004546959
-0.003388264
-0.002375959
-0.001380402
-0.0003452394
0.0006728035
0.001747816
0.00287573
0.003923752
0.004838956
0.00557341
0.006019328
0.006198942
0.006148993
0.006049994
0.006040492
0.006175178
0.006549576
0.007005081
0.007435721
0.007800167
0.008054292
0.008220574
0.008211289
0.007962497
0.007574802
0.00702935
0.006284148
0.005318214
0.004018949
0.002307559
0.0002427132
-0.001975989
-0.004273268
-0.006629913
-0.008845397
-0.01073231
-0.01232996
-0.01367466
-0.01473262
-0.01563233
-0.01649336
-0.01713889
-0.01728242
-0.01683393
-0.01603051
-0.0151586
-0.01433732
-0.01354916
-0.01275428
-0.01200712
-0.0112895
-0.01056275
-0.009909575
-0.009367918
-0.008897553
-0.008382281
-0.007664414
-0.006699484
-0.005561717
-0.004403588
-0.003406395
-0.002632159
-0.002049397
-0.001458886
-0.0007388459
-3.099727e-05
0.0005304662
0.0008841352
0.0009853798
0.0008918955
0.0007798358
0.0007347322
0.0007021387
0.0006604285
0.000553596
0.0002228984
-0.0004589446
-0.001565063
-0.003077834
-0.004861965
-0.006749735
-0.008606533
-0.01040532
-0.01213671
-0.0136512
-0.01494412
-0.01618508
-0.01755558
-0.01918105
-0.02094169
-0.02258942
-0.02402388
-0.02507078
-0.02569047
-0.02594364
-0.02587208
-0.02555427
-0.0249691
-0.02405739
-0.02282941
-0.02129992
-0.01955017
-0.01768133
-0.01583388
-0.0141377
-0.0126237
-0.01116385
-0.009593467
-0.007893415
-0.0060605
-0.004147531
-0.002217778
-0.0002209767
0.001876479
0.003965253
0.005864018
0.00748994
0.008867074
0.01013372
0.01137878
0.01272666
0.01427419
0.01587005
0.01719986
0.01811997
0.01870753
0.01903071
0.01888047
0.01807809
0.01659608
0.01450858
0.01216104
0.01000017
0.008269265
0.006839506
0.005470252
0.004082252
0.002632054
0.001043555
-0.0005881426
-0.00208233
-0.003400874
-0.004456204
-0.005174389
-0.005715835
-0.00630618
-0.0070691
-0.008004416
-0.009044106
-0.01016495
-0.01138848
-0.01276407
-0.0141137
-0.01525714
-0.01614572
-0.01668198
-0.01675833
-0.0163599
-0.01549033
-0.01415956
-0.01249795
-0.01056558
-0.008397091
-0.006225454
-0.004325531
-0.002820376
-0.001717228
-0.0008885109
-0.0002727652
0.0001196104
0.0003698597
0.0006383219
0.0009018354
0.001062527
0.001079641
0.0008593316
0.0004189326
-0.0001189314
-0.0005566742
-0.0007794285
-0.0007475478
-0.000462772
0.0002095364
0.001305979
0.002616943
0.004072842
0.005663818
0.00734682
0.009089425
0.01080751
0.01260792
0.01463353
0.01674974
0.01884754
0.02090001
0.02280088
0.02442142
0.02574249
0.02684821
0.02769695
0.02818679
0.02842685
0.0285759
0.02872118
0.0289673
0.0293852
0.02993595
0.03049451
0.0309106
0.03109277
0.03110967
0.03114595
0.03135295
0.0317735
0.03228976
0.03272311
0.03292379
0.03269755
0.03202413
0.03105329
0.02976049
0.02812685
0.02618723
0.02397112
0.02153688
0.01884485
0.01586692
0.01278866
0.009783677
0.00694228
0.004382635
0.002290548
0.0008437262
5.049014e-06
-0.0002083205
0.0002194705
0.001071828
0.002188169
0.00343619
0.004596553
0.005534431
0.006244088
0.006708419
0.006829523
0.006526091
0.00592902
0.005230061
0.00450303
0.003588814
0.002309734
0.0007718433
-0.0008402797
-0.002416874
-0.003859426
-0.005109594
-0.006209793
-0.007199874
-0.008130768
-0.009086268
-0.01002864
-0.01085064
-0.01140896
-0.01169383
-0.01168071
-0.01127466
-0.01045039
-0.009335402
-0.008186247
-0.00720225
-0.006473658
-0.005973698
-0.005705962
-0.005684077
-0.005933739
-0.006424568
-0.006960424
-0.007460921
-0.008018392
-0.008613869
-0.009227269
-0.009932633
-0.01076895
-0.01171749
-0.01261065
-0.01340125
-0.01419077
-0.01502482
-0.0157689
-0.01625589
-0.01653381
-0.01651275
-0.016007
-0.01505326
-0.01372747
-0.01214393
-0.01049929
-0.008814068
-0.007043577
-0.005336654
-0.003736348
-0.00218615
-0.0006937553
0.0006830247
0.001839029
0.002662742
0.003099784
0.003293821
0.003289885
0.002957515
0.002305315
0.001433058
0.0003148845
-0.00109847
-0.002713909
-0.00430174
-0.005621053
-0.006724602
-0.007731269
-0.008594596
-0.009245929
-0.009948488
-0.01077876
-0.01147413
-0.01181932
-0.01161808
-0.01071668
-0.009133948
-0.007033684
-0.004647249
-0.002182091
0.0002342185
0.002421886
0.004248671
0.0055802
0.006295022
0.006476151
0.006396074
0.006277453
0.006215097
0.006020059
0.00543463
0.004487198
0.003310492
0.002034746
0.0007940105
-0.0004299793
-0.001835455
-0.003496109
-0.005238546
-0.006739743
-0.007907275
-0.008745355
-0.009122863
-0.008985495
-0.00826084
-0.007009305
-0.005459985
-0.003814039
-0.00223347
-0.0008754463
0.0001242311
0.0007369143
0.001089793
0.001325427
0.001578681
0.00183237
0.002022608
0.002325072
0.002909685
0.003525768
0.00381778
0.003836538
0.003820362
0.003768925
0.003558317
0.003218246
0.002870932
0.002697236
0.002728324
0.002863811
0.003006573
0.003107662
0.003088853
0.003012783
0.003041203
0.003245184
0.003572684
0.004039704
0.004781667
0.005888604
0.007312493
0.009084871
0.01111176
0.01310667
0.01488974
0.01650573
0.01810486
0.01969854
0.0212888
0.02278223
0.02400398
0.02494728
0.02573293
0.02633294
0.02656364
0.02634611
0.02581202
0.02507673
0.02415621
0.02311018
0.02195322
0.02065318
0.01934085
0.01825684
0.0173167
0.01642942
0.0157356
0.01523593
0.01482084
0.01452135
0.01428032
0.01389691
0.01332443
0.01267747
0.01206228
0.01140965
0.01062291
0.009763737
0.008916617
0.008115335
0.007302009
0.006507659
0.005804755
0.005191303
0.004585764
0.003845507
0.003020036
0.002251187
0.001477055
0.0006754849
-0.0001073219
-0.0009610065
-0.001974508
-0.003131583
-0.004396713
-0.005693957
-0.006859384
-0.007850642
-0.008783203
-0.009706796
-0.01054449
-0.01127561
-0.01190601
-0.01245871
-0.01301041
-0.01358135
-0.0142225
-0.01494202
-0.01565091
-0.0162778
-0.01674121
-0.01708876
-0.0173912
-0.01772919
-0.01809209
-0.01840674
-0.01861122
-0.01862233
-0.01840556
-0.01812882
-0.01794396
-0.01777382
-0.0174476
-0.01684518
-0.0160717
-0.01527188
-0.01448994
-0.01375346
-0.01324342
-0.0129507
-0.0127461
-0.01264033
-0.01247326
-0.01207827
-0.01142938
-0.01054808
-0.009492398
-0.008313846
-0.00713752
-0.006128952
-0.005285237
-0.004482122
-0.003630087
-0.002737246
-0.001802038
-0.000730867
0.0004768356
0.00167436
0.002821553
0.003885745
0.004733203
0.005376777
0.005852625
0.006128874
0.006334192
0.006623546
0.006903873
0.006941785
0.006608929
0.005909368
0.004940166
0.003837502
0.002771306
0.001784703
0.0008503671
-2.692416e-05
-0.000822564
-0.001522962
-0.00232346
-0.003283163
-0.004206554
-0.004970226
-0.005534025
-0.005886195
-0.006025225
-0.005981043
-0.0058358
-0.005641508
-0.005319528
-0.004916258
-0.00447505
-0.004006526
-0.003581013
-0.003253451
-0.003039672
-0.002957478
-0.003009831
-0.003229613
-0.003632141
-0.004103965
-0.004559741
-0.005048085
-0.005587771
-0.006112109
-0.006654895
-0.007403383
-0.008456024
-0.009765296
-0.01115581
-0.01244822
-0.01361393
-0.01452075
-0.014978
-0.01509487
-0.01509218
-0.01495722
-0.01467774
-0.0143743
-0.01413717
-0.01403316
-0.01394465
-0.01380351
-0.01362281
-0.01338441
-0.01318338
-0.01310124
-0.01295784
-0.01253603
-0.01194806
-0.01153823
-0.0114569
-0.0116034
-0.01193235
-0.01241444
-0.01304077
-0.01383937
-0.01478069
-0.01581622
-0.01696526
-0.01823601
-0.01960077
-0.02079853
-0.02148422
-0.0216977
-0.02175205
-0.02192686
-0.02220808
-0.02232094
-0.02215483
-0.0217358
-0.0210532
-0.02009871
-0.01885284
-0.01734177
-0.0156316
-0.01381405
-0.0119231
-0.01006457
-0.008395391
-0.006919396
-0.00553611
-0.004183894
-0.002832512
-0.001466485
-4.886903e-05
0.001440369
0.002881779
0.004141233
0.005054982
0.005568863
0.005713527
0.005569029
0.005228938
0.004788984
0.004336202
0.00401769
0.00400511
0.004266632
0.004682666
0.005290857
0.006162685
0.007306423
0.008712
0.01023912
0.01172904
0.01316989
0.01454363
0.01578843
0.0167719
0.01748929
0.01797819
0.01823674
0.01833525
0.01836125
0.01816666
0.01755673
0.0164155
0.01477564
0.0128265
0.01069298
0.008489533
0.006288677
0.004046459
0.001810134
-0.0003091162
-0.002362042
-0.004432752
-0.006393596
-0.008173143
-0.009720981
-0.0108961
-0.01159324
-0.01172761
-0.01122727
-0.0101437
-0.008601015
-0.006747144
-0.004657447
-0.002424937
-0.0002163089
0.001893696
0.003989101
0.0061466
0.008267114
0.01036572
0.01252353
0.01469313
0.01676076
0.01868148
0.020475
0.02209621
0.02368071
0.02520341
0.02662962
0.02801478
0.02926029
0.03027054
0.0310045
0.03145817
0.03174297
0.03187572
0.03166578
0.03108037
0.0303072
0.02934497
0.02807942
0.02656632
0.02492432
0.02330391
0.02178831
0.02032929
0.01883914
0.01723475
0.01554774
0.01383985
0.01228219
0.01099163
0.00987377
0.008749465
0.007699561
0.006906114
0.006335286
0.005961275
0.005809655
0.005762241
0.005733619
0.005587268
0.005268454
0.004815125
0.004205431
0.003333459
0.002178007
0.0007387379
-0.001008932
-0.003007945
-0.005174386
-0.007438204
-0.009641641
-0.01166626
-0.01359994
-0.01556233
-0.01752003
-0.01926154
-0.02081034
-0.02224645
-0.0235368
-0.02454532
-0.02528936
-0.02582443
-0.02611809
-0.02612597
-0.02596371
-0.02575807
-0.02550537
-0.02511276
-0.02452968
-0.02368874
-0.02259478
-0.02124229
-0.01962433
-0.01775189
-0.01580398
-0.01400381
-0.01229269
-0.01062017
-0.009009302
-0.007594993
-0.006388375
-0.005224917
-0.004164453
-0.003310988
-0.002538025
-0.00171711
-0.0008936751
-0.0001012147
0.0008586152
0.002105208
0.003610216
0.005250617
0.006822478
0.008101334
0.009061611
0.009782534
0.01035287
0.01086834
0.01141672
0.01206697
0.01280939
0.01363817
0.01442909
0.01501927
0.01543153
0.01583351
0.01625862
0.01661388
0.01688855
0.0171759
0.01748491
0.01770736
0.01775759
0.01763984
0.01736771
0.01701683
0.01664694
0.01629128
0.01601858
0.01570536
0.01509624
0.01406445
0.01268914
0.01108907
0.009334286
0.007533997
0.005687772
0.00374545
0.00176449
-0.0002009968
-0.002196403
-0.004261089
-0.006447729
-0.008653316
-0.01056583
-0.01190164
-0.01259406
-0.01264352
-0.01201189
-0.0106904
-0.008888894
-0.006838197
-0.004730313
-0.00273386
-0.0009060975
0.0006212375
0.00180938
0.002828418
0.003865857
0.00498785
0.006100661
0.007056971
0.007854651
0.008538369
0.009134049
0.009682319
0.01009663
0.01022622
0.01017207
0.01023545
0.01047677
0.01086488
0.01142449
0.01219818
0.01313343
0.01424936
0.01551794
0.01673559
0.01782238
0.01872726
0.01940636
0.01982884
0.02002367
0.01999852
0.01973988
0.01918236
0.01828383
0.01710318
0.01574107
0.01427258
0.01272981
0.01122752
0.009799791
0.008367938
0.006956764
0.0055958
0.00436636
0.003385669
0.002858612
0.002950658
0.003470059
0.004212339
0.005066903
0.005913035
0.006504871
0.006622013
0.006128807
0.005011309
0.003463444
0.001788726
0.0001414658
-0.001491338
-0.00316766
-0.004909478
-0.006667134
-0.008455554
-0.0102948
-0.01209529
-0.01387838
-0.01567954
-0.01745662
-0.01908208
-0.02037019
-0.02110598
-0.02136077
-0.0213311
-0.02108482
-0.02066893
-0.02021226
-0.01982076
-0.01956264
-0.01959676
-0.0200013
-0.02080432
-0.02189748
-0.02300346
-0.02395192
-0.02480948
-0.02559223
-0.026304
-0.02701127
-0.02769158
-0.02824094
-0.02857946
-0.02875861
-0.02891331
-0.02903542
-0.02909976
-0.02913189
-0.02894766
-0.02843918
-0.0277557
-0.02700684
-0.02612099
-0.02495552
-0.02348505
-0.02182469
-0.01998365
-0.01797388
-0.0157476
-0.01334214
-0.01088207
-0.008301496
-0.005593675
-0.002869661
-9.670287e-05
0.002746591
0.005649999
0.008652034
0.01167906
0.01458513
0.01726127
0.01954747
0.02151407
0.02318694
0.02452523
0.02563342
0.02667941
0.02780667
0.02905177
0.03046467
0.03195517
0.03329791
0.03422681
0.0346338
0.03463402
0.03436053
0.03402185
0.03370196
0.03336195
0.03297747
0.03250059
0.03183428
0.03082135
0.02934627
0.0274285
0.02509756
0.02243343
0.01960388
0.01672057
0.01372413
0.01046877
0.007034314
0.003662893
0.000464491
-0.002636602
-0.005606402
-0.00832836
-0.01071809
-0.01281181
-0.01467424
-0.01628204
-0.01760052
-0.01863452
-0.01939476
-0.01986085
-0.0200993
-0.02012499
-0.01999574
-0.01988054
-0.02000271
-0.0205267
-0.02149333
-0.02279932
-0.02418744
-0.02549895
-0.02675761
-0.02787923
-0.02867466
-0.02924287
-0.02981719
-0.03046923
-0.03121292
-0.03204908
-0.03284416
-0.03347103
-0.03385782
-0.03404835
-0.03408446
-0.03387241
-0.03324202
-0.03205759
-0.03040925
-0.02854993
-0.02654381
-0.02433383
-0.02190369
-0.01917846
-0.01618537
-0.01300673
-0.009741448
-0.006421832
-0.003119756
1.716137e-05
0.002987199
0.005833492
0.008486959
0.01087903
0.01290915
0.01463556
0.01620282
0.01746914
0.01832977
0.01875091
0.01863067
0.01796051
0.01663926
0.01462004
0.0119987
0.008815806
0.005288065
0.001711391
-0.001770519
-0.005175962
-0.008572357
-0.01192512
-0.01535057
-0.01893871
-0.02268335
-0.02645798
-0.03006071
-0.03352076
-0.03687779
-0.040057
-0.04289224
-0.04533221
-0.04742684
-0.04914805
-0.05040875
-0.05126898
-0.05188113
-0.05240844
-0.05298679
-0.05355226
-0.05406227
-0.05443797
-0.05443497
-0.05400465
-0.05328015
-0.05233236
-0.05114485
-0.04976916
-0.04834974
-0.04702201
-0.04577181
-0.04451463
-0.04318462
-0.04172908
-0.04007051
-0.03822828
-0.03614282
-0.03374323
-0.03109806
-0.02842603
-0.02574912
-0.02299562
-0.02019742
-0.01734107
-0.01449369
-0.01171639
-0.008993025
-0.006221043
-0.003286843
-6.599787e-05
0.00346549
0.007166243
0.0109516
0.01474715
0.01835037
0.02155325
0.02433756
0.02676468
0.02898943
0.03108285
0.03302495
0.03488741
0.03653671
0.03771479
0.03834312
0.0384107
0.03794032
0.03698439
0.03562016
0.03398643
0.03211784
0.03000016
0.02769402
0.02506579
0.02196761
0.01841654
0.0146118
0.01073549
0.006952112
0.003454816
0.0003271588
-0.002493042
-0.005227103
-0.007969536
-0.01074518
-0.01348048
-0.01617879
-0.01885443
-0.02146653
-0.02397903
-0.02624565
-0.02819623
-0.02975111
-0.03079909
-0.03136783
-0.03155823
-0.03136727
-0.03077645
-0.0299083
-0.02874464
-0.02712042
-0.02493573
-0.02207702
-0.01852505
-0.01448535
-0.01030376
-0.006312949
-0.00277428
0.0003769563
0.003407339
0.00650845
0.009735332
0.01316126
0.01673353
0.02019893
0.02338272
0.0262663
0.02883173
0.0310464
0.0327513
0.03393539
0.03479167
0.03550926
0.03610059
0.03659959
0.03708662
0.03761269
0.03814865
0.03843718
0.03835028
0.03800397
0.03745009
0.03670942
0.0357132
0.03434451
0.03258008
0.0304994
0.02824343
0.02579156
0.02309638
0.02039418
0.01791569
0.01565286
0.01364838
0.01196975
0.01056684
0.009330737
0.00811345
0.006768705
0.005379573
0.004093865
0.002796058
0.00138208
-2.677081e-05
-0.001352305
-0.002652264
-0.003959598
-0.005275992
-0.006586795
-0.007863778
-0.008997199
-0.009872711
-0.01050155
-0.01088492
-0.01092154
-0.01053406
-0.009699321
-0.008447622
-0.006843114
-0.004966553
-0.002866394
-0.000645374
0.001546777
0.003545263
0.00527231
0.006798251
0.008191922
0.009425414
0.01042817
0.01117056
0.01163709
0.01168774
0.01122532
0.01018292
0.008592333
0.006644428
0.004259286
0.001384089
-0.001742708
-0.004873059
-0.007887536
-0.01067137
-0.01314419
-0.01541981
-0.01755211
-0.01946625
-0.02103039
-0.02209019
-0.02256714
-0.0224908
-0.02203315
-0.02142004
-0.02070886
-0.01983446
-0.01879301
-0.01754759
-0.01598446
-0.01402871
-0.01167821
-0.009047097
-0.006329506
-0.003609117
-0.0009498743
0.001569436
0.004049203
0.006592399
0.009239648
0.0120526
0.01506734
0.01828466
0.02169988
0.02518639
0.02860265
0.03196526
0.0352557
0.03841635
0.041557
0.04472519
0.04775349
0.05050703
0.05294164
0.05503653
0.05683887
0.05839892
0.05957969
0.06029389
0.06055199
0.06031383
0.05961706
0.05857623
0.05725922
0.05563854
0.05351995
0.0507979
0.04752935
0.04400932
0.04061273
0.0373922
0.03427414
0.03135443
0.02863518
0.02587517
0.02290957
0.01983036
0.0167167
0.01346918
0.01009895
0.006683406
0.003079053
-0.0007835399
-0.004791161
-0.00878974
-0.01271697
-0.01656576
-0.02027145
-0.02361824
-0.02644901
-0.02865586
-0.0302183
-0.03127299
-0.03173953
-0.03156592
-0.0308532
-0.02964677
-0.02813986
-0.02650614
-0.02483676
-0.02301489
-0.02090587
-0.01857319
-0.01606085
-0.01332743
-0.01021426
-0.00654867
-0.002241741
0.002556495
0.007640353
0.01299132
0.01859325
0.0242787
0.02994468
0.035638
0.04150584
0.04750649
0.05340972
0.05894977
0.06388122
0.06799545
0.0712016
0.07344142
0.07472354
0.07508608
0.07470308
0.07368489
0.07212545
0.07012972
0.06777413
0.06520206
0.06254931
0.05984038
0.05707972
0.05443269
0.05202779
0.04995294
0.04816898
0.04647088
0.04462824
0.04250772
0.04010423
0.03745289
0.03455005
0.03132593
0.02779343
0.02406339
0.02023123
0.01634421
0.01249063
0.008861789
0.005576144
0.002664799
0.0001819792
-0.001837139
-0.003582321
-0.005256033
-0.006845273
-0.008201586
-0.009300849
-0.01023518
-0.01119809
-0.0122674
-0.01330401
-0.01424722
-0.01506654
-0.01576189
-0.01653764
-0.0174986
-0.01852386
-0.01946481
-0.02023031
-0.02061935
-0.02040193
-0.01964475
-0.01848584
-0.01692599
-0.01491792
-0.01248402
-0.009670195
-0.006688909
-0.003837288
-0.001254886
0.001004686
0.003033231
0.004859455
0.006417423
0.007801782
0.009097622
0.01017471
0.01096689
0.01161899
0.01220496
0.01269741
0.01316551
0.01374202
0.01444135
0.01526668
0.01621751
0.01712029
0.01785352
0.01846387
0.01899472
0.01925915
0.01918217
0.01881081
0.0181446
0.01711604
0.01565042
0.01381366
0.01175571
0.009418087
0.006794287
0.00408356
0.001560661
-0.000638423
-0.002672615
-0.004652792
-0.006318078
-0.007456077
-0.008111154
-0.008343444
-0.008141114
-0.007549368
-0.006650227
-0.005449599
-0.004061773
-0.002635552
-0.001295116
-0.0001367007
0.0007486403
0.00141635
0.001975892
0.002399066
0.002536285
0.002370397
0.002070333
0.001627687
0.0008147579
-0.0005619263
-0.002424759
-0.004712068
-0.007482373
-0.01077608
-0.01461098
-0.01889787
-0.02339864
-0.02803074
-0.03290056
-0.03793891
-0.0428802
-0.0475654
-0.05192649
-0.05573723
-0.05870438
-0.06079485
-0.06227919
-0.06322625
-0.06353825
-0.06315329
-0.0621369
-0.06066266
-0.05883899
-0.05666811
-0.05415851
-0.0513871
-0.04837635
-0.04521472
-0.04219679
-0.0395757
-0.03731632
-0.03522885
-0.03315823
-0.03113329
-0.02914177
-0.02709416
-0.02503092
-0.02304965
-0.02117531
-0.01940354
-0.01774042
-0.01623399
-0.01495593
-0.01388258
-0.0129477
-0.01219347
-0.01170129
-0.01154539
-0.01174255
-0.01222927
-0.01296363
-0.01392329
-0.01518086
-0.0167699
-0.01858153
-0.02031816
-0.02164798
-0.02248552
-0.02284669
-0.02283258
-0.02262539
-0.02242468
-0.02222108
-0.02194445
-0.02162864
-0.02137129
-0.02117415
-0.02093291
-0.0205004
-0.02005569
-0.01989987
-0.0201246
-0.02074575
-0.02175145
-0.02320973
-0.0249739
-0.02674048
-0.02843239
-0.03011191
-0.03173828
-0.03319222
-0.03448546
-0.03568742
-0.03693993
-0.03828929
-0.03972031
-0.04112125
-0.042367
-0.04338905
-0.04410893
-0.04450053
-0.044622
-0.04452199
-0.04425181
-0.04392229
-0.04351152
-0.04292475
-0.04231071
-0.04179716
-0.04127685
-0.04064644
-0.0399259
-0.03912498
-0.03839948
-0.03789248
-0.03753872
-0.03718594
-0.03679191
-0.03641702
-0.03597137
-0.03542739
-0.03491963
-0.03443257
-0.03385063
-0.0331825
-0.03245323
-0.03175108
-0.031178
-0.0306925
-0.03021279
-0.02975684
-0.02945232
-0.02938388
-0.02942722
-0.02946132
-0.0294881
-0.02959111
-0.02978074
-0.02996471
-0.03001688
-0.02984765
-0.02941871
-0.02866813
-0.02753036
-0.0259929
-0.02405923
-0.02174409
-0.01913817
-0.01639609
-0.01349645
-0.01033338
-0.006936888
-0.003499921
-0.0001464233
0.003044697
0.006001151
0.008633219
0.01099829
0.01314012
0.01498547
0.01651934
0.01790436
0.01922587
0.02049834
0.02171324
0.02267448
0.02341046
0.02403541
0.02453504
0.02493853
0.02531244
0.02566161
0.02600304
0.02636411
0.02682378
0.02747355
0.0282974
0.02928437
0.03044597
0.03163653
0.03269688
0.03360641
0.03443424
0.03507682
0.03531931
0.035019
0.03408478
0.03252212
0.03037176
0.02768122
0.0245222
0.02109725
0.01765406
0.01448601
0.01178456
0.009559018
0.007796971
0.006479039
0.005388788
0.004326664
0.003302757
0.002294094
0.001356874
0.000767365
0.0007198889
0.001135479
0.001890261
0.002855668
0.003765304
0.004546974
0.005441744
0.006637373
0.008094545
0.009612374
0.010964
0.012143
0.01327646
0.0145362
0.01590687
0.01701988
0.01771082
0.01827695
0.01904377
0.01995971
0.02074696
0.02127524
0.02164584
0.02199101
0.02237922
0.02270581
0.02287234
0.02303702
0.02323406
0.02331331
0.02327528
0.02322244
0.0230387
0.02243361
0.02128211
0.01963588
0.01762127
0.01531661
0.01291193
0.01066222
0.008703032
0.007098522
0.005908519
0.005243589
0.005056999
0.005251183
0.005850419
0.006884906
0.008374796
0.01046791
0.01313732
0.01624056
0.01958834
0.02298527
0.0262675
0.029333
0.0322339
0.03497268
0.03753064
0.04006999
0.04289506
0.04623923
0.05018517
0.05463321
0.05931882
0.06368881
0.06733562
0.07025228
0.07258624
0.07453819
0.07611476
0.07728114
0.07805695
0.07861905
0.07902741
0.07919374
0.07899068
0.07817545
0.07652014
0.07395568
0.07057331
0.06667453
0.06255911
0.05835854
0.05414683
0.05000933
0.04600035
0.04210157
0.03824722
0.03430041
0.03026461
0.02619069
0.0220398
0.01784833
0.01367721
0.009726769
0.006122223
0.002654027
-0.0009655215
-0.004731095
-0.00849733
-0.01221142
-0.0158013
-0.01914311
-0.02217718
-0.02490035
-0.02720544
-0.0290021
-0.03037332
-0.03147282
-0.03231239
-0.0326617
-0.03236621
-0.03145895
-0.03010912
-0.02852966
-0.02668785
-0.02442864
-0.02184887
-0.01912833
-0.01627494
-0.01320268
-0.01009499
-0.007247199
-0.004617374
-0.002056685
0.0006069745
0.003437909
0.006378354
0.009413191
0.01267201
0.01619704
0.01989848
0.02385021
0.02808712
0.03235286
0.03626313
0.03947115
0.04195807
0.04383409
0.04505451
0.04535682
0.04471556
0.04331791
0.04127011
0.03864554
0.03551074
0.03195848
0.0281091
0.02406708
0.02002225
0.0161284
0.012434
0.008968593
0.005858464
0.003156697
0.0007912256
-0.001177203
-0.002802932
-0.004266407
-0.005753545
-0.007356698
-0.009048138
-0.01081221
-0.01261328
-0.01445724
-0.01644749
-0.01856124
-0.02051085
-0.0221457
-0.02366811
-0.0251589
-0.02639091
-0.02702968
-0.02688355
-0.02594744
-0.02452439
-0.0229834
-0.02135063
-0.01927643
-0.01658136
-0.01360049
-0.01077859
-0.008115954
-0.005367227
-0.002457424
0.000395461
0.002847229
0.004681384
0.006026938
0.007066797
0.007609323
0.007356349
0.006244685
0.004453371
0.002286211
-8.940579e-05
-0.002489193
-0.004813628
-0.007263084
-0.009929027
-0.01275787
-0.01575514
-0.01892636
-0.02214998
-0.0252797
-0.0283438
-0.03154831
-0.03496082
-0.03814494
-0.04055836
-0.04212756
-0.04321446
-0.04415029
-0.04514199
-0.04604837
-0.04651578
-0.04651851
-0.04634209
-0.04619727
-0.04601565
-0.0456129
-0.04486502
-0.04374498
-0.04238022
-0.04097003
-0.03952588
-0.03792263
-0.03614765
-0.03426722
-0.03240052
-0.03068376
-0.02908554
-0.02758547
-0.02615516
-0.0245366
-0.02255216
-0.02027978
-0.01799234
-0.01597265
-0.01412361
-0.01209913
-0.009704334
-0.007095404
-0.004484697
-0.002024389
0.0003416007
0.002712284
0.005023004
0.007234039
0.00937563
0.01144695
0.01326773
0.01466942
0.01565531
0.01637449
0.01679358
0.0167609
0.01630211
0.01545596
0.01427693
0.01285708
0.01114415
0.009179534
0.007154168
0.005084801
0.002845842
0.0003912669
-0.002287803
-0.005158393
-0.008212285
-0.01139633
-0.01460934
-0.01771791
-0.02071024
-0.02354421
-0.02608341
-0.02828952
-0.03025261
-0.03205975
-0.03351872
-0.03441481
-0.03483791
-0.0349196
-0.03474741
-0.03441157
-0.03410866
-0.03414811
-0.03459527
-0.03500182
-0.03498336
-0.03487843
-0.03517104
-0.03588685
-0.03657549
-0.03702055
-0.03732474
-0.03759472
-0.03785779
-0.03808567
-0.03845356
-0.03903747
-0.03953872
-0.03976451
-0.03983359
-0.03987342
-0.03977502
-0.03928264
-0.03848086
-0.03747104
-0.03607404
-0.03409837
-0.03160891
-0.02880576
-0.02573568
-0.0225148
-0.01949451
-0.01682241
-0.01421888
-0.01152133
-0.008781343
-0.006259719
-0.004208331
-0.002597974
-0.001323016
-0.0003639083
0.0003186648
0.0006717182
0.0005057709
-0.0002261117
-0.001310889
-0.002614554
-0.004112557
-0.005540506
-0.006656008
-0.007578387
-0.008399703
-0.009148514
-0.01000165
-0.01108258
-0.01227566
-0.01354315
-0.01504643
-0.01691484
-0.01900555
-0.0211105
-0.02317939
-0.0251478
-0.02700203
-0.02878995
-0.03055352
-0.03233742
-0.03412086
-0.03592113
-0.03775947
-0.03957733
-0.04133113
-0.04295238
-0.04441442
-0.04576521
-0.04700557
-0.04816667
-0.04928167
-0.05027168
-0.05100828
-0.0514884
-0.05177491
-0.0519393
-0.05181131
-0.0510838
-0.04974003
-0.0478119
-0.04521653
-0.04184046
-0.03769654
-0.03296523
-0.02794084
-0.02292278
-0.01824433
-0.01397101
-0.01001031
-0.006078433
-0.00194152
0.002400004
0.00689053
0.01139094
0.01575601
0.01989563
0.02365915
0.02686776
0.02941813
0.03127703
0.03255902
0.03350989
0.03424158
0.03480646
0.035279
0.03557698
0.03574443
0.03585496
0.03582095
0.0356483
0.0354646
0.03533212
0.03520032
0.03503611
0.03487452
0.03468145
0.0343829
0.03404747
0.03370253
0.03323569
0.03254076
0.03173366
0.03105127
0.03065519
0.03051094
0.03041671
0.0303141
0.03036596
0.03064331
0.03112111
0.03172153
0.03237847
0.03302837
0.03361071
0.03419881
0.03487018
0.03569228
0.03662517
0.03756636
0.03848987
0.03944492
0.04042452
0.04144018
0.04246168
0.04344072
0.04436806
0.0450954
0.04536517
0.04523623
0.04492343
0.04450477
0.04401131
0.04351871
0.04302652
0.04265561
0.04247753
0.04242692
0.04266323
0.04336316
0.0443869
0.04538998
0.04627292
0.04703827
0.04754704
0.0478326
0.0480915
0.04857714
0.04914999
0.04947365
0.04947532
0.04930397
0.04921292
0.0492577
0.04915986
0.04870052
0.04805909
0.04747587
0.04687405
0.04608426
0.04523746
0.04463636
0.04418535
0.04359308
0.04272705
0.04175523
0.04096408
0.04029143
0.03954543
0.03861738
0.03754565
0.0364451
0.03537356
0.03443737
0.03391431
0.0338569
0.03379847
0.03352428
0.03327269
0.03324043
0.03338233
0.03360285
0.03383637
0.03390229
0.03341661
0.03231684
0.03126808
0.03080791
0.03069388
0.03027833
0.02925231
0.02781715
0.02621274
0.02465249
0.02316141
0.02166637
0.02017203
0.01861649
0.01692914
0.01528096
0.01385366
0.01254886
0.01101376
0.009158354
0.007092774
0.004977203
0.002971983
0.001047286
-0.0007946961
-0.002443857
-0.003903955
-0.005111467
-0.00602719
-0.006712269
-0.007196137
-0.007585417
-0.008039336
-0.008507007
-0.008768148
-0.008782716
-0.008637984
-0.008427589
-0.008145965
-0.007790696
-0.007316785
-0.006506083
-0.005388171
-0.0041068
-0.002676211
-0.001053858
0.00070378
0.002525176
0.00440714
0.00636571
0.008465652
0.01066639
0.01288283
0.01509848
0.01734532
0.01960065
0.02156632
0.02288491
0.02353928
0.02373158
0.02348504
0.02258313
0.02101559
0.0188461
0.01595926
0.01233264
0.008285221
0.004277461
0.0005864957
-0.002821942
-0.006102009
-0.009364232
-0.01262725
-0.01578269
-0.01868341
-0.02122669
-0.02353341
-0.02585407
-0.0281625
-0.03020098
-0.03185915
-0.033156
-0.03420461
-0.03509919
-0.03584629
-0.03644401
-0.03689716
-0.03717207
-0.03719403
-0.03697344
-0.03662811
-0.03622393
-0.03561215
-0.03469262
-0.03345331
-0.03192261
-0.03020265
-0.02836538
-0.02637364
-0.0243015
-0.02226361
-0.02030588
-0.01852145
-0.01679288
-0.0150581
-0.01335928
-0.01168409
-0.01006106
-0.008595585
-0.007426315
-0.006615549
-0.006255137
-0.006392472
-0.006984362
-0.007974182
-0.009182374
-0.01041256
-0.01168968
-0.01303746
-0.0143971
-0.01578364
-0.01725253
-0.01893669
-0.02085853
-0.02294007
-0.02508826
-0.0271639
-0.02917137
-0.03129223
-0.03352662
-0.03563123
-0.03762992
-0.03962685
-0.04179171
-0.04419918
-0.04667225
-0.0490885
-0.05147245
-0.0537806
-0.0559483
-0.0578374
-0.05940324
-0.06068204
-0.0617286
-0.06258791
-0.06324122
-0.06366963
-0.06394931
-0.0641533
-0.06421432
-0.06407449
-0.06371279
-0.06302798
-0.06190706
-0.06023959
-0.05802754
-0.05537132
-0.05227099
-0.04870087
-0.04478538
-0.04077517
-0.03676804
-0.03268756
-0.02839786
-0.02391027
-0.01935737
-0.01464231
-0.009703817
-0.004590892
0.0005269647
0.005516238
0.01046026
0.01548356
0.02045724
0.02523066
0.02987914
0.03453651
0.03934102
0.04438123
0.04960514
0.0547714
0.05966533
0.06421509
0.06836979
0.07215233
0.07551115
0.07836668
0.0807973
0.08279082
0.08420474
0.08508932
0.08540775
0.08501659
0.08393116
0.08220336
0.0797496
0.07647503
0.07244628
0.0678556
0.06297489
0.05816033
0.05375639
0.04993682
0.04663983
0.04366068
0.04082125
0.03786113
0.03458102
0.03098884
0.02720441
0.02342214
0.0196644
0.01603388
0.01292357
0.01048926
0.008326438
0.005968762
0.00327619
0.0004502841
-0.002440974
-0.005484897
-0.008659884
-0.01170693
-0.01443399
-0.01677634
-0.01864604
-0.02010541
-0.02117988
-0.02195511
-0.02254831
-0.02311135
-0.02362068
-0.02383361
-0.02358923
-0.02293642
-0.02193297
-0.02038732
-0.01837672
-0.0162788
-0.0143287
-0.01257117
-0.01093978
-0.009492903
-0.008373156
-0.007590097
-0.007024568
-0.006566528
-0.006223579
-0.006070102
-0.006198317
-0.006571958
-0.007072037
-0.007618514
-0.00806484
-0.008233659
-0.008030819
-0.007556379
-0.00673212
-0.00544285
-0.00374845
-0.001805661
0.0003222137
0.002639096
0.005000402
0.007199414
0.009033181
0.01045966
0.01163039
0.01256715
0.01318409
0.01352119
0.013765
0.01394233
0.01403991
0.01417827
0.01449588
0.01501748
0.01560463
0.01626628
0.01706626
0.0179285
0.01875803
0.019372
0.0197796
0.02019666
0.02065869
0.02097317
0.02098951
0.02067883
0.01999997
0.01888977
0.01739264
0.01567842
0.01386931
0.01203051
0.01022882
0.008414106
0.006493866
0.004506846
0.00267759
0.00119826
8.269634e-05
-0.000717643
-0.001264568
-0.001717334
-0.002219537
-0.002878061
-0.003770006
-0.004923206
-0.006321247
-0.007994951
-0.009832516
-0.0116727
-0.01360313
-0.01568116
-0.01783925
-0.01998487
-0.02214792
-0.02429544
-0.02648183
-0.02880356
-0.03112128
-0.03313095
-0.0345716
-0.0355067
-0.03613954
-0.03651234
-0.03655075
-0.03612625
-0.03512933
-0.03365356
-0.03188305
-0.0299342
-0.02783628
-0.0256202
-0.02338273
-0.02119792
-0.01914896
-0.01726458
-0.01548265
-0.01374634
-0.01194284
-0.009924228
-0.007647005
-0.0052271
-0.002724918
-0.0001925678
0.002393631
0.005134265
0.008045854
0.01086475
0.01333086
0.01555526
0.01783705
0.02039269
0.02299124
0.02529243
0.02738587
0.02952073
0.03162201
0.03318699
0.03419267
0.03507855
0.03606663
0.03703239
0.0378485
0.0385468
0.03884111
0.0382451
0.0370032
0.03610717
0.03597119
0.03589498
0.0351223
0.03373061
0.03216911
0.0304054
0.02823626
0.02592006
0.02371891
0.0215494
0.01913731
0.01640336
0.01358644
0.01068871
0.007512919
0.003992945
0.0001799663
-0.00383109
-0.007987056
-0.01224092
-0.01652726
-0.0206268
-0.02428427
-0.02755933
-0.03062205
-0.03334661
-0.03561558
-0.03749802
-0.039105
-0.04045398
-0.04150522
-0.04229529
-0.04282307
-0.04306897
-0.04295278
-0.0424253
-0.04158784
-0.04051005
-0.03931583
-0.03815947
-0.03689323
-0.03522294
-0.03306593
-0.03066384
-0.02832423
-0.02624026
-0.02441819
-0.0226721
-0.02088758
-0.01909861
-0.01732047
-0.01543669
-0.01337713
-0.01117165
-0.009036933
-0.007210457
-0.005677123
-0.004374713
-0.003347647
-0.002576699
-0.002051897
-0.001925805
-0.002231826
-0.002988629
-0.004166787
-0.005750661
-0.007894433
-0.01055873
-0.01352729
-0.01663195
-0.01971644
-0.02263576
-0.02528145
-0.02753533
-0.02940947
-0.03102643
-0.03241998
-0.03360394
-0.03464363
-0.03553858
-0.03620516
-0.03662787
-0.03684468
-0.03686122
-0.03676341
-0.03657967
-0.03629124
-0.03590467
-0.03543982
-0.03492343
-0.03434872
-0.03369593
-0.03294241
-0.03211851
-0.03122231
-0.03018622
-0.02887528
-0.02720058
-0.0252436
-0.02313156
-0.02098793
-0.0189382
-0.01697378
-0.01502779
-0.01303823
-0.01095213
-0.008940463
-0.007131545
-0.005471056
-0.004030761
-0.002805775
-0.001835907
-0.001228274
-0.0009314597
-0.0008954473
-0.001161665
-0.001767868
-0.00269332
-0.003840693
-0.005270837
-0.007118259
-0.009272677
-0.01154945
-0.01380014
-0.01605877
-0.01842377
-0.0207994
-0.02302812
-0.02498176
-0.02665341
-0.02811728
-0.02939089
-0.03054441
-0.03174002
-0.03292926
-0.03401789
-0.03505693
-0.03619593
-0.03747507
-0.03876482
-0.04005792
-0.04138617
-0.04255356
-0.04339147
-0.0439009
-0.04408849
-0.04394288
-0.04338716
-0.04229586
-0.04066721
-0.03853189
-0.03594759
-0.0329524
-0.02954688
-0.02585175
-0.02207135
-0.01841283
-0.01485175
-0.01137416
-0.007962441
-0.004508316
-0.001084382
0.002226688
0.005391249
0.008337239
0.0110693
0.01343415
0.01531315
0.01677771
0.01783453
0.01840205
0.01855337
0.01843335
0.01804925
0.01727649
0.01602451
0.01456076
0.01307542
0.01152678
0.009856176
0.008070758
0.006308776
0.00469814
0.003191191
0.001801387
0.0005369841
-0.0007483011
-0.002042462
-0.003192115
-0.004120604
-0.004909397
-0.00566157
-0.006347627
-0.006868867
-0.007240913
-0.007491332
-0.007541583
-0.00739986
-0.007278543
-0.007228845
-0.007103223
-0.006757356
-0.006153611
-0.005339135
-0.004315901
-0.002894879
-0.001040663
0.001110133
0.003430403
0.005770327
0.008090579
0.01043139
0.01276092
0.01499186
0.01714656
0.01924288
0.02121481
0.02310218
0.02506618
0.02720959
0.02941904
0.03149944
0.03341155
0.03517348
0.03682366
0.03831332
0.03945155
0.04015206
0.04041396
0.04031623
0.03980801
0.03874953
0.03703941
0.03453893
0.03120238
0.02724876
0.02294313
0.01856016
0.01427318
0.0100374
0.005960461
0.002027012
-0.001913765
-0.005843511
-0.009584537
-0.01301763
-0.01625987
-0.01934616
-0.02198178
-0.02396559
-0.0253563
-0.02613237
-0.02618912
-0.02574248
-0.02503273
-0.02409384
-0.02290315
-0.02144739
-0.01973751
-0.01767672
-0.01515392
-0.01249393
-0.01014245
-0.008150955
-0.006337433
-0.004377651
-0.002157391
0.0001977294
0.002549136
0.004907475
0.007353932
0.009934817
0.01258657
0.01517032
0.01764041
0.01999712
0.02224227
0.02443421
0.0264764
0.02831303
0.02999719
0.0314781
0.03283917
0.03413362
0.0352302
0.03608794
0.03679953
0.03741357
0.03798153
0.03849431
0.03891737
0.0392068
0.03934438
0.03935704
0.03919656
0.03873061
0.03792389
0.03680423
0.03546722
0.03410732
0.03257732
0.0306651
0.02840381
0.02607572
0.02391009
0.02187422
0.01992863
0.01813876
0.01670634
0.01557546
0.01448614
0.01341119
0.01257149
0.01205899
0.01174796
0.01153278
0.01132409
0.01120644
0.01127789
0.01137559
0.0111644
0.01052992
0.009632799
0.008589035
0.007541089
0.006612903
0.005839154
0.005166663
0.004457792
0.003651147
0.002841816
0.002041397
0.001117324
-1.258047e-05
-0.001270619
-0.002515153
-0.003638446
-0.004682358
-0.005736054
-0.006859327
-0.00808889
-0.009413471
-0.0109366
-0.01267231
-0.01450598
-0.01624572
-0.01775438
-0.01905554
-0.02020631
-0.02123578
-0.02214034
-0.02300117
-0.02382334
-0.02448582
-0.02497978
-0.02539176
-0.02567537
-0.02574872
-0.02550418
-0.02487031
-0.02390293
-0.02265575
-0.02127201
-0.01983692
-0.01843625
-0.01718749
-0.0160082
-0.01473411
-0.01336002
-0.01194045
-0.01039582
-0.008672176
-0.006980789
-0.005579631
-0.004390498
-0.003290253
-0.00242124
-0.001914039
-0.001687079
-0.001543996
-0.001330961
-0.001000798
-0.0005329867
5.662968e-05
0.0006734921
0.001186815
0.001637161
0.002146198
0.002722208
0.003325489
0.003923301
0.004559279
0.005329948
0.006265135
0.00732828
0.008489607
0.009748929
0.01105992
0.01238865
0.01365233
0.01484998
0.01604104
0.01722228
0.0182843
0.01913057
0.01970455
0.0199462
0.01984149
0.01948619
0.018891
0.0180274
0.01694516
0.01577915
0.01465531
0.01367199
0.01288545
0.01223687
0.01168714
0.01121898
0.01073427
0.01012352
0.009423481
0.00870735
0.008030645
0.007503678
0.007211485
0.007027537
0.006959499
0.007082149
0.007383922
0.007723445
0.008029675
0.008334802
0.008670673
0.009096253
0.009691563
0.01043933
0.01124967
0.01191958
0.01234412
0.01264664
0.01293785
0.01313364
0.01324978
0.01341726
0.01362798
0.01377536
0.01375862
0.01374072
0.01386153
0.01394774
0.01383827
0.01366388
0.01363504
0.01365326
0.01364395
0.01364317
0.01368311
0.01377095
0.01390213
0.01401598
0.01411344
0.01434795
0.0147438
0.01522897
0.01575811
0.01639354
0.01726843
0.01834122
0.01942994
0.0204451
0.021277
0.02187671
0.02224571
0.02237178
0.02223815
0.02186566
0.02137912
0.02088042
0.02037944
0.01992925
0.01944633
0.01896985
0.01861042
0.01837992
0.01823913
0.01809919
0.01800574
0.01798606
0.01794363
0.01783665
0.01760322
0.01718971
0.01655603
0.01565537
0.01450095
0.01313154
0.01158375
0.009901545
0.008072366
0.006112317
0.004055783
0.001955868
3.28083e-05
-0.001603177
-0.00297564
-0.004090106
-0.005004958
-0.005648703
-0.005954818
-0.006107304
-0.006266728
-0.006524204
-0.006847667
-0.007119426
-0.007324697
-0.007446788
-0.007390908
-0.007098629
-0.006506506
-0.005605239
-0.004424031
-0.003000771
-0.001489627
-6.077948e-05
0.001291163
0.002559159
0.003680688
0.004661373
0.005652737
0.006599205
0.007434502
0.008333503
0.00933317
0.01039145
0.01141822
0.01239107
0.01331794
0.01404696
0.01444531
0.01450079
0.01416292
0.01335189
0.0120924
0.0104766
0.008635409
0.00665265
0.004632272
0.002753446
0.001130758
-0.0001596383
-0.001084181
-0.001664978
-0.001997084
-0.002255158
-0.002503023
-0.00269553
-0.002871338
-0.003129748
-0.003586044
-0.004247146
-0.005059304
-0.005907274
-0.006867765
-0.00812489
-0.009710361
-0.01151047
-0.01353862
-0.01586693
-0.01836686
-0.02081599
-0.02316962
-0.0254267
-0.02749906
-0.02924268
-0.03048856
-0.03114779
-0.03125649
-0.03077935
-0.0299192
-0.02888738
-0.02783873
-0.02702196
-0.02647957
-0.02623654
-0.02627604
-0.02646902
-0.02669356
-0.02687839
-0.02692818
-0.02668391
-0.02622267
-0.02576193
-0.02531221
-0.02487418
-0.02452692
-0.02428863
-0.02397809
-0.02339424
-0.02255812
-0.02150512
-0.02026757
-0.01893506
-0.01757224
-0.01622649
-0.01483349
-0.01332001
-0.01174111
-0.01011764
-0.008444087
-0.006731386
-0.004995128
-0.003231993
-0.001546316
4.419054e-05
0.001551976
0.002769148
0.003645647
0.004297895
0.004751696
0.005012447
0.005152996
0.005209015
0.00518766
0.004933931
0.004406105
0.003734444
0.00291453
0.001965824
0.001034549
0.0001951672
-0.0004444805
-0.0007751238
-0.0008468531
-0.0007560644
-0.0005426927
-0.0002590773
2.670687e-06
0.0001419586
0.0002110902
0.0003424933
0.0005553973
0.0007895912
0.001124881
0.00167364
0.002355661
0.003158084
0.004078285
0.005050511
0.006042105
0.006961328
0.007669473
0.008077644
0.008361959
0.008672641
0.008853987
0.008751301
0.008431325
0.007953571
0.007270257
0.006461936
0.005603257
0.004704314
0.003686754
0.002519197
0.001265599
-1.4287e-05
-0.001285732
-0.00245102
-0.00343831
-0.004185197
-0.004707981
-0.005011722
-0.005005138
-0.004671358
-0.004067286
-0.003337501
-0.0026665
-0.002179723
-0.001916516
-0.001888767
-0.002112416
-0.002525871
-0.00305907
-0.003677973
-0.004317154
-0.004939727
-0.00546347
-0.00575474
-0.005818312
-0.005754662
-0.005534614
-0.00510634
-0.004448165
-0.003510446
-0.002216196
-0.0005867728
0.001301922
0.003422669
0.005600853
0.007750926
0.009967474
0.01220462
0.01431419
0.01622065
0.01785881
0.0192271
0.02049782
0.02178442
0.02307932
0.02428355
0.02545416
0.02675967
0.02811682
0.02934628
0.03042947
0.03131422
0.03188222
0.03214657
0.0322227
0.03222008
0.03221195
0.03216846
0.03203347
0.03170698
0.03117722
0.03043286
0.0294169
0.02816814
0.0266973
0.02510916
0.02362863
0.02220755
0.02069168
0.01903565
0.01719296
0.01514349
0.01285351
0.01031226
0.007560813
0.004694757
0.001799509
-0.0009644734
-0.003432955
-0.005563676
-0.007429038
-0.009040518
-0.01044076
-0.01177488
-0.01302172
-0.01401153
-0.01471391
-0.01523684
-0.01564293
-0.01600597
-0.01643936
-0.0169529
-0.01751137
-0.01803416
-0.01841319
-0.01861216
-0.01859012
-0.01822735
-0.01743712
-0.0162351
-0.01467146
-0.01279828
-0.01074764
-0.0086215
-0.006408122
-0.004123311
-0.001804928
0.0004774401
0.002684707
0.004804701
0.006702303
0.008241322
0.009348164
0.01011768
0.01069762
0.01108752
0.01130679
0.0114638
0.01154621
0.0115905
0.01169444
0.01190096
0.01226742
0.0127675
0.01341052
0.01422711
0.01515426
0.01613227
0.01712999
0.01806324
0.01881667
0.01939667
0.01983776
0.02007443
0.02010953
0.01997413
0.01963004
0.01926075
0.0190679
0.01903205
0.0190823
0.01925094
0.01949551
0.01964048
0.01958846
0.01941126
0.01912968
0.01868666
0.0179911
0.01695253
0.01554248
0.01387963
0.01203485
0.00996594
0.007655489
0.005142857
0.002466724
-0.0003671701
-0.003366825
-0.00654164
-0.009920119
-0.01341229
-0.01686765
-0.02017949
-0.02323173
-0.02583169
-0.02791822
-0.02937515
-0.03014701
-0.03053059
-0.03076522
-0.03097025
-0.03123108
-0.03170027
-0.03246595
-0.03346906
-0.03468575
-0.03601902
-0.03727527
-0.03817448
-0.03856201
-0.03852879
-0.03816721
-0.03745041
-0.03644538
-0.03527245
-0.03388945
-0.0322264
-0.03038873
-0.02848109
-0.026476
-0.02433545
-0.02212819
-0.02003771
-0.01820699
-0.01664558
-0.01542734
-0.01466187
-0.01429233
-0.01413839
-0.01417985
-0.01444128
-0.01477572
-0.01510023
-0.01549755
-0.01592612
-0.01630969
-0.01672947
-0.01715505
-0.01745939
-0.01769315
-0.0179748
-0.01835517
-0.01881054
-0.01917409
-0.01923786
-0.01900729
-0.0186161
-0.01817417
-0.01762
-0.01680839
-0.01571685
-0.01441642
-0.01292202
-0.01136246
-0.009901853
-0.008564052
-0.00727004
-0.005884442
-0.004393724
-0.002898546
-0.001593935
-0.0005611842
0.0002175133
0.0008622937
0.001485606
0.002150389
0.00288187
0.003683941
0.004536233
0.005378551
0.006181643
0.006983485
0.007759553
0.008330839
0.008489379
0.008172382
0.007586395
0.006977815
0.00638933
0.005924701
0.005713776
0.005798123
0.006120018
0.006670387
0.007466073
0.008395426
0.009195103
0.009682385
0.009968685
0.01021745
0.01047016
0.01075743
0.01116182
0.01163241
0.01218216
0.01284781
0.01341862
0.01382051
0.01411233
0.01421877
0.01415327
0.01399383
0.0139042
0.01400214
0.01428491
0.01476499
0.01533697
0.01589249
0.01636667
0.01670442
0.01686546
0.01688028
0.01686602
0.01680658
0.01678164
0.01687733
0.01705152
0.01733991
0.01770378
0.01801277
0.01830998
0.01858155
0.01874208
0.01874139
0.01863264
0.01843093
0.01807163
0.01770803
0.01747246
0.01739608
0.01749672
0.01777208
0.01813114
0.01850214
0.01886762
0.01908353
0.01888375
0.01833082
0.01761648
0.01658312
0.0152314
0.01373085
0.0122308
0.01088875
0.009813023
0.009089777
0.008780036
0.008798927
0.009076566
0.009569555
0.01016364
0.01075384
0.01119399
0.01135527
0.01123321
0.01100257
0.01079257
0.01059466
0.01051008
0.01056347
0.01073004
0.01082558
0.01063667
0.01003934
0.009010724
0.00768534
0.006290348
0.004890644
0.003479612
0.002149465
0.000967093
-9.828671e-05
-0.0009802636
-0.001725204
-0.002332603
-0.002655559
-0.002679488
-0.00240835
-0.001736316
-0.0007170142
0.0006212476
0.002318408
0.004269578
0.006252
0.008153591
0.009792845
0.01106966
0.01200709
0.01270753
0.01326179
0.0136033
0.01372985
0.01363525
0.01333046
0.01285565
0.01232769
0.0119025
0.01154788
0.01122148
0.01105847
0.01119336
0.0115187
0.0119035
0.01222189
0.01236594
0.01218042
0.01149045
0.01025622
0.008555797
0.006651469
0.004639899
0.002480468
0.000170092
-0.002223462
-0.004506926
-0.006534499
-0.008239722
-0.009645398
-0.01083603
-0.01180021
-0.0126433
-0.01336311
-0.01382492
-0.01401369
-0.01394379
-0.01374391
-0.01358685
-0.01343912
-0.01312435
-0.01259255
-0.01206451
-0.01166445
-0.01124819
-0.0106034
-0.009733744
-0.008689092
-0.007352381
-0.005697552
-0.003825004
-0.001738894
0.0005460114
0.002888318
0.005139661
0.007214845
0.009104782
0.01083378
0.01238135
0.01370057
0.01484758
0.01592863
0.01706685
0.01836353
0.01980986
0.02136372
0.02296154
0.02457016
0.02612257
0.02748031
0.02858872
0.02949781
0.03026489
0.03093492
0.03148873
0.03175626
0.03162934
0.03115166
0.03041757
0.02946924
0.02836102
0.02723554
0.02618564
0.02528604
0.02462899
0.02418719
0.02375759
0.02320308
0.02248005
0.02144218
0.02021546
0.01890987
0.01755479
0.01623421
0.01498688
0.01377979
0.01250934
0.01107242
0.009387718
0.007503694
0.005411848
0.003026464
0.000334014
-0.002465123
-0.005202928
-0.007868034
-0.01037721
-0.01262633
-0.01458531
-0.01616988
-0.01741484
-0.01832811
-0.0187896
-0.01881001
-0.01851202
-0.01801555
-0.01745896
-0.01689719
-0.01641659
-0.01618159
-0.01611135
-0.01604535
-0.01584876
-0.01544657
-0.014852
-0.01412355
-0.01333076
-0.01244418
-0.01146411
-0.01043473
-0.009366704
-0.008251775
-0.007108463
-0.005922696
-0.004680723
-0.00334973
-0.001935979
-0.0005288649
0.0007142218
0.001703935
0.00247506
0.003028849
0.003359003
0.003384219
0.003029475
0.002373456
0.001636575
0.0009287356
0.000270861
-0.0003664179
-0.001031928
-0.001671306
-0.002218179
-0.002690095
-0.003099433
-0.003413835
-0.003484952
-0.003298745
-0.002900745
-0.002296303
-0.001556178
-0.0007358952
0.0001815607
0.001086979
0.001880274
0.002554428
0.003057362
0.00340037
0.003639261
0.003807099
0.004005205
0.004252366
0.004466937
0.004690984
0.004975822
0.005267731
0.005597597
0.005956217
0.00619332
0.0061878
0.00578944
0.004857901
0.003397448
0.001518643
-0.0006250212
-0.002982273
-0.005452302
-0.007908536
-0.01030841
-0.01266502
-0.0151156
-0.01768283
-0.02031248
-0.02300433
-0.02575769
-0.02847317
-0.03100737
-0.03330919
-0.03534535
-0.03702632
-0.03825869
-0.03910803
-0.03976003
-0.04029748
-0.04064799
-0.04084697
-0.04097587
-0.04102582
-0.04095911
-0.0406594
-0.04007534
-0.03933601
-0.03850808
-0.03760209
-0.03658541
-0.03542427
-0.03415039
-0.03276681
-0.03131528
-0.02983559
-0.02828622
-0.02664484
-0.02492238
-0.02307408
-0.02115102
-0.01926753
-0.01744428
-0.0155931
-0.01377215
-0.01202137
-0.01030261
-0.00857825
-0.006912352
-0.00540848
-0.004030277
-0.002711883
-0.001526305
-0.0006727197
-0.0001734474
0.0002306692
0.000749924
0.001355445
0.001953057
0.002452326
0.002913483
0.003312174
0.003602923
0.003811692
0.003976718
0.004072177
0.004089172
0.004059409
0.003917835
0.003662864
0.003228468
0.002469004
0.001407113
7.368148e-05
-0.001439154
-0.003085856
-0.004742536
-0.00628651
-0.007682617
-0.008877097
-0.009802017
-0.01037609
-0.01051829
-0.01035534
-0.01007368
-0.009797328
-0.009568192
-0.00938582
-0.009124343
-0.008631932
-0.008077671
-0.007572349
-0.007033287
-0.006503052
-0.006116631
-0.005966974
-0.006009963
-0.006223274
-0.006676545
-0.007273065
-0.007753265
-0.008047713
-0.008238037
-0.008352174
-0.008330123
-0.008184949
-0.008055488
-0.007976244
-0.007856382
-0.00767745
-0.007534903
-0.007448998
-0.0073431
-0.00729863
-0.007451317
-0.007868426
-0.008497812
-0.009303306
-0.01031395
-0.01136334
-0.01221904
-0.01282862
-0.0131392
-0.01306833
-0.01269026
-0.01213492
-0.01151793
-0.01097615
-0.01063577
-0.01045344
-0.01021167
-0.009736551
-0.00890901
-0.007698829
-0.006119812
-0.004283521
-0.002504296
-0.001055567
-8.924188e-05
0.0002850731
6.244474e-05
-0.0007388492
-0.001983546
-0.003410766
-0.00482348
-0.006092064
-0.007113481
-0.007884473
-0.008464151
-0.008803601
-0.008787161
-0.008401758
-0.007802448
-0.006966262
-0.005778818
-0.004232319
-0.00232123
-0.0001578899
0.002044213
0.004097309
0.005881091
0.00723884
0.008176044
0.008804256
0.009239038
0.009504192
0.009556822
0.009405134
0.009030834
0.008443578
0.00770688
0.006839289
0.00585836
0.004912563
0.004215345
0.003849686
0.003799807
0.004030789
0.004484565
0.005043821
0.005547274
0.005881919
0.005969129
0.005848455
0.005516242
0.004946072
0.004154768
0.003263773
0.002437938
0.001767585
0.001335017
0.001177575
0.001254234
0.001619483
0.002223942
0.002906644
0.003611387
0.004266978
0.004776184
0.005108199
0.005246709
0.005271701
0.005405785
0.005644191
0.005890791
0.00616537
0.00656913
0.007044976
0.0074979
0.007905049
0.008296038
0.008639943
0.008876672
0.009023697
0.009217153
0.009456311
0.00967334
0.009861625
0.01002889
0.01012334
0.01000673
0.009768231
0.009526768
0.009337972
0.009260556
0.009306352
0.009439214
0.009695723
0.01004788
0.01034181
0.01038092
0.01008476
0.009448828
0.008608301
0.007630411
0.00654886
0.005490737
0.004601335
0.003926359
0.003332112
0.002711144
0.002173629
0.001792489
0.001504742
0.001291915
0.001100369
0.0009002765
0.0008006422
0.0008775151
0.000989969
0.001059645
0.001063103
0.0008825504
0.0004590883
-3.391366e-05
-0.0004423586
-0.0007396086
-0.0008389389
-0.0006816597
-0.0003134586
0.0003783055
0.001390468
0.002537757
0.00364297
0.004610458
0.00548834
0.006313854
0.0070598
0.00767528
0.00816069
0.008503042
0.008738913
0.008866768
0.008783019
0.008377785
0.007658865
0.006676701
0.005500146
0.004238377
0.002893235
0.001533934
0.000264632
-0.0008718787
-0.00186137
-0.002674342
-0.003360376
-0.003975634
-0.004451551
-0.004741709
-0.004934264
-0.004967772
-0.004756234
-0.004409998
-0.004010861
-0.003452842
-0.0026875
-0.001898916
-0.001295589
-0.0009602543
-0.0008609137
-0.0008587475
-0.0009743961
-0.00127631
-0.001688721
-0.002062193
-0.002336086
-0.002529919
-0.002675191
-0.002884328
-0.003214742
-0.003573185
-0.003922462
-0.004316633
-0.00470335
-0.004957506
-0.005041849
-0.005047808
-0.004955469
-0.00476567
-0.004547537
-0.004272728
-0.003985533
-0.003643821
-0.003248655
-0.002814836
-0.00219589
-0.001313391
-0.0003554229
0.0005698278
0.001519595
0.002542416
0.003574644
0.004476834
0.005262495
0.005995862
0.006645351
0.007165524
0.007623545
0.008142239
0.008788745
0.009485037
0.01011014
0.01065567
0.01123089
0.01181203
0.01222559
0.0123805
0.01240254
0.01231554
0.0120325
0.01158706
0.01104766
0.01045706
0.009913192
0.009357467
0.008745112
0.008070473
0.007300572
0.006466541
0.005643789
0.004800669
0.003952966
0.003178063
0.00263055
0.002350442
0.002234532
0.002300856
0.002412907
0.002491669
0.002583724
0.00253028
0.002152343
0.001571686
0.0009508319
0.0002552624
-0.0005195584
-0.001300463
-0.001993157
-0.00247836
-0.002767894
-0.002969697
-0.003083786
-0.003093284
-0.002987087
-0.002710112
-0.002310867
-0.001752369
-0.0009014818
0.0002865132
0.001764371
0.003429316
0.005122014
0.006768927
0.008235855
0.009420993
0.01033537
0.01096188
0.01128049
0.01132581
0.01108277
0.01056048
0.00976318
0.008744846
0.007600904
0.006315371
0.004853168
0.003368877
0.002015448
0.0008002444
-0.0003422276
-0.001486728
-0.002643218
-0.003741868
-0.004787696
-0.005820648
-0.006866956
-0.007868289
-0.008785021
-0.009583838
-0.01017157
-0.01048608
-0.01063197
-0.0107861
-0.01103168
-0.01141479
-0.01195638
-0.01256985
-0.01309567
-0.01343827
-0.01360996
-0.01357437
-0.01327261
-0.01272521
-0.01195523
-0.0110656
-0.01015122
-0.009230869
-0.008350054
-0.007498981
-0.00663972
-0.005806153
-0.005079765
-0.00452485
-0.004114561
-0.003704694
-0.003347928
-0.003038963
-0.002653898
-0.002163317
-0.001627948
-0.001015146
-0.000320574
0.0003397554
0.0008331689
0.001076877
0.001130086
0.001089765
0.001013052
0.0008182201
0.0004817243
8.194229e-05
-0.0002924907
-0.0006823886
-0.001192794
-0.001842201
-0.00259894
-0.003410909
-0.004287029
-0.005219481
-0.006148301
-0.007102207
-0.008099045
-0.009001833
-0.009738482
-0.01038072
-0.01097695
-0.01154564
-0.01200262
-0.01239379
-0.01273628
-0.01284178
-0.01268895
-0.01231847
-0.01171213
-0.0108566
-0.009812275
-0.008736979
-0.007796462
-0.007058197
-0.006552295
-0.006266011
-0.006072262
-0.005895076
-0.005703817
-0.005360807
-0.004831718
-0.00423956
-0.003743792
-0.003457474
-0.003342496
-0.003352041
-0.003498392
-0.003727317
-0.003931457
-0.004090736
-0.00411796
-0.003950977
-0.003762364
-0.003728776
-0.003806431
-0.003939181
-0.004093476
-0.004264451
-0.004391012
-0.004365626
-0.004167573
-0.003897193
-0.003619944
-0.003410211
-0.003348837
-0.003380358
-0.003486663
-0.003546241
-0.003396494
-0.003017773
-0.002372932
-0.001485733
-0.0004269664
0.00068473
0.001628689
0.002315918
0.002699296
0.002744861
0.002460097
0.001902675
0.001134366
0.0002583241
-0.000609778
-0.001436023
-0.00203053
-0.002306689
-0.002396889
-0.002383723
-0.002377399
-0.002482143
-0.002749094
-0.003165618
-0.003590537
-0.003839455
-0.00382763
-0.003608182
-0.003294964
-0.00294512
-0.002656759
-0.002604783
-0.002791062
-0.00310984
-0.003481157
-0.003819564
-0.004034849
-0.004085
-0.003936941
-0.0036168
-0.003225733
-0.00277987
-0.002280474
-0.001784282
-0.001319741
-0.000878956
-0.0003554376
0.0002411647
0.0007893388
0.001260411
0.001687406
0.002041082
0.002315038
0.002519402
0.002684662
0.002826775
0.00293506
0.0029859
0.003004673
0.003022502
0.002913663
0.002498185
0.001861255
0.001240221
0.0006595856
-1.828142e-05
-0.000781797
-0.001562592
-0.002502691
-0.00367233
-0.005043142
-0.006616493
-0.008299719
-0.01001605
-0.01168515
-0.01320334
-0.01451193
-0.01554004
-0.01630589
-0.01691244
-0.01736398
-0.01763216
-0.01783932
-0.01811068
-0.01841519
-0.01873635
-0.01916935
-0.01976508
-0.0204248
-0.02100987
-0.02141747
-0.0215115
-0.02121215
-0.020536
-0.01947494
-0.01811182
-0.01660211
-0.01508891
-0.01361759
-0.01223738
-0.01109988
-0.01018263
-0.009300722
-0.008354056
-0.007325966
-0.006113825
-0.00470316
-0.00310289
-0.001304065
0.0005718755
0.002355735
0.00408112
0.005829151
0.007552804
0.00905728
0.01018592
0.01088527
0.01119076
0.01113276
0.0107976
0.01036999
0.009885827
0.009350044
0.008870433
0.008542769
0.008374115
0.008365767
0.008556815
0.008974235
0.0095646
0.01019527
0.01080745
0.01152697
0.01227919
0.01282035
0.01300389
0.01289925
0.01265063
0.0122586
0.0116654
0.0109464
0.01021349
0.009431866
0.008521579
0.007509313
0.006356095
0.004958603
0.003272235
0.001398798
-0.0005032583
-0.002448634
-0.004428813
-0.006325367
-0.008101007
-0.009759444
-0.01125941
-0.01267978
-0.01403479
-0.01524238
-0.01622992
-0.01697748
-0.01742739
-0.01747362
-0.01710996
-0.01644834
-0.01566081
-0.01476674
-0.01372695
-0.01256097
-0.01136199
-0.01022437
-0.009166495
-0.008166197
-0.007137168
-0.006009604
-0.00480555
-0.003547253
-0.002141674
-0.0006162143
0.0009426067
0.002487252
0.003946907
0.005224208
0.006189658
0.00684421
0.007267884
0.007571069
0.007896976
0.008357484
0.008981252
0.009782826
0.01073791
0.01174691
0.01267627
0.01340476
0.01390543
0.01417051
0.01424366
0.01415399
0.01387523
0.01342099
0.01284648
0.01220579
0.01148272
0.01067345
0.009825369
0.008927231
0.007896198
0.00685437
0.005943884
0.005094516
0.004181494
0.003250344
0.002317605
0.001304472
0.000193009
-0.0008680309
-0.001718832
-0.00246768
-0.003062681
-0.003311724
-0.003185527
-0.002946614
-0.002826271
-0.002865737
-0.003128299
-0.003624253
-0.004237124
-0.004831669
-0.005289577
-0.005573503
-0.005617268
-0.005437746
-0.005090007
-0.004602497
-0.004017343
-0.003300704
-0.002504128
-0.001727764
-0.0008432464
0.0002048748
0.001232156
0.00208829
0.002844316
0.003539586
0.004241767
0.005014608
0.005773781
0.006451438
0.007075909
0.007582967
0.00785674
0.007866007
0.007647854
0.007204353
0.006608163
0.005951558
0.005412104
0.005004131
0.004586492
0.00413981
0.003585493
0.002911018
0.002192498
0.001414526
0.0005905119
-0.0001246201
-0.000571882
-0.0007908953
-0.0007770874
-0.0004013496
0.0003956371
0.001574629
0.003094951
0.004832097
0.006680218
0.008532878
0.01026522
0.01185664
0.01333104
0.01466334
0.01588472
0.01711394
0.0182826
0.01928316
0.02002949
0.02046993
0.02050739
0.01996452
0.01875893
0.01696269
0.01472802
0.01223256
0.00961862
0.007090302
0.005007727
0.003540489
0.002545195
0.001962343
0.001764926
0.001919026
0.002415971
0.003237143
0.004342158
0.005600484
0.00696952
0.008337308
0.009567201
0.01060748
0.01137405
0.01182854
0.01200469
0.01193852
0.01158628
0.01093166
0.0100211
0.008964182
0.007669163
0.00607727
0.004358116
0.002647765
0.001026644
-0.000372905
-0.001524237
-0.00242626
-0.003038319
-0.003357533
-0.003419594
-0.003254404
-0.002958226
-0.002720981
-0.002605092
-0.002607995
-0.002710267
-0.002935747
-0.003460248
-0.004165418
-0.004789996
-0.005222818
-0.005373321
-0.005178316
-0.004620764
-0.003782782
-0.002810987
-0.001747929
-0.0005391978
0.0007919195
0.00214074
0.003452987
0.004728801
0.006024182
0.007500496
0.009229217
0.01116287
0.01318555
0.01511675
0.01681544
0.01834453
0.01960453
0.0204646
0.02092547
0.0210974
0.021106
0.02095687
0.02067706
0.02037822
0.0201729
0.02004185
0.01998266
0.0199455
0.01981068
0.01951003
0.01902126
0.01837222
0.01751748
0.01643655
0.0152111
0.01391808
0.01258665
0.0112386
0.009907069
0.008648095
0.00755323
0.006700137
0.005995901
0.005318008
0.004585671
0.003751814
0.002762883
0.001619258
0.0004078797
-0.0008499066
-0.002020327
-0.003097761
-0.004170848
-0.005211693
-0.006089255
-0.006788386
-0.007331752
-0.007564315
-0.007368118
-0.006863679
-0.006117008
-0.005086936
-0.003747603
-0.002220328
-0.0006925039
0.0006451978
0.001695323
0.002418108
0.002837709
0.003030115
0.003121935
0.003101181
0.002888847
0.002521278
0.002060016
0.001558829
0.001097613
0.0007394554
0.0006019446
0.0008560963
0.001526196
0.002454084
0.003604169
0.005013886
0.006760494
0.008714902
0.01072607
0.01276085
0.01473667
0.01661443
0.01834811
0.01965802
0.020347
0.02045541
0.02009513
0.01934622
0.01827085
0.01697496
0.01557829
0.01420039
0.0129602
0.01189262
0.01090707
0.01010254
0.009499414
0.00893781
0.00834432
0.007752405
0.007162648
0.006436154
0.005572291
0.004691164
0.003924141
0.003381751
0.003030492
0.002776346
0.002626849
0.00258736
0.002592172
0.002582735
0.002549766
0.002453398
0.002364696
0.002214279
0.001882672
0.001367596
0.0007607846
8.457487e-05
-0.0006282418
-0.001156924
-0.001339121
-0.00114543
-0.0006035991
0.0002461877
0.001357361
0.002590328
0.003648723
0.00426834
0.004505995
0.004562606
0.004473647
0.004253424
0.004022165
0.003888765
0.003742169
0.003464673
0.003095636
0.002743963
0.002378516
0.001967289
0.001601017
0.001368268
0.001238765
0.001176773
0.001230071
0.001335927
0.001447088
0.001482825
0.001419703
0.001267933
0.001034592
0.0007397651
0.0004091513
0.0002183644
0.0001943862
0.0002328084
0.0003725115
0.0006061843
0.0008661386
0.001131394
0.001365952
0.001526484
0.001627075
0.001595236
0.001431843
0.001208572
0.0009494078
0.0006516284
0.00028346
-0.0001360174
-0.0005907732
-0.001024565
-0.001406791
-0.001735199
-0.001996792
-0.002178627
-0.002295921
-0.002545762
-0.002986809
-0.00350483
-0.00403654
-0.004657862
-0.005349256
-0.006001035
-0.006571637
-0.006923968
-0.007068454
-0.007054494
-0.006905253
-0.006647699
-0.006249957
-0.005749761
-0.005313288
-0.005024447
-0.00488603
-0.004959175
-0.0051993
-0.005458892
-0.005690555
-0.005900166
-0.00610531
-0.00623964
-0.006296758
-0.006231891
-0.006011518
-0.005772772
-0.005601114
-0.005509738
-0.005443857
-0.005342197
-0.005259407
-0.005223969
-0.005204875
-0.00506459
-0.004765631
-0.004370333
-0.003951019
-0.003630198
-0.003472319
-0.003463943
-0.003680454
-0.004137374
-0.004851159
-0.005744673
-0.006600595
-0.007320863
-0.007866492
-0.008201679
-0.008384798
-0.008536606
-0.008628733
-0.008615568
-0.008608168
-0.008691472
-0.008866229
-0.009126523
-0.009406022
-0.009631449
-0.009735317
-0.009729939
-0.00967984
-0.009553196
-0.009373115
-0.009217661
-0.009073286
-0.008934531
-0.008754965
-0.008620098
-0.008617322
-0.008656785
-0.008784638
-0.008914679
-0.008903753
-0.008781368
-0.008626451
-0.008612141
-0.008754872
-0.008947181
-0.009255205
-0.009784649
-0.01043201
-0.01109806
-0.01177508
-0.01245746
-0.01307156
-0.01358585
-0.01412532
-0.01476069
-0.01552297
-0.01636379
-0.01718102
-0.01797897
-0.0187374
-0.01944918
-0.02013372
-0.0207806
-0.02124296
-0.02136017
-0.02127043
-0.02114325
-0.02091989
-0.0205742
-0.02017994
-0.01975428
-0.01919398
-0.01843321
-0.01766816
-0.01695252
-0.01618672
-0.01527948
-0.01423148
-0.01319175
-0.01222358
-0.01129491
-0.01045061
-0.009662781
-0.008803033
-0.007845505
-0.006840321
-0.005852859
-0.004862106
-0.003829113
-0.002825015
-0.00191736
-0.001039765
-0.000104357
0.0009688317
0.002231651
0.003663747
0.005121187
0.006502387
0.007815725
0.009039769
0.01014527
0.01111212
0.01189201
0.01238166
0.01254377
0.01255863
0.01247463
0.01236504
0.01234265
0.01228516
0.0121752
0.01208542
0.01199012
0.01181154
0.01153349
0.01122084
0.01081159
0.01026417
0.009672245
0.009136723
0.008656482
0.008158631
0.007518457
0.006752646
0.005899393
0.004866872
0.003576299
0.002041681
0.000444807
-0.001079701
-0.002541958
-0.003891829
-0.004976255
-0.005827868
-0.006530618
-0.007147405
-0.007689372
-0.008218042
-0.008896766
-0.009666537
-0.01038151
-0.01104786
-0.01169776
-0.01230181
-0.01286028
-0.01335366
-0.01370181
-0.01396315
-0.01414649
-0.01419467
-0.01412002
-0.01394956
-0.01360549
-0.01303561
-0.01229276
-0.01143593
-0.01043452
-0.0093303
-0.008236763
-0.007227017
-0.006321436
-0.005493553
-0.004664577
-0.003877958
-0.00316484
-0.002511466
-0.001839361
-0.00108141
-0.000297523
0.0004444852
0.001031192
0.001452878
0.001714003
0.001866789
0.001962363
0.001969993
0.001990277
0.002218889
0.002611744
0.00319311
0.004048403
0.005078416
0.006268534
0.007617264
0.008985508
0.01026878
0.01143491
0.01244756
0.01326236
0.0138731
0.01423172
0.0142274
0.01380428
0.01303117
0.01201391
0.01082705
0.009593249
0.008435153
0.007460309
0.006763306
0.006413741
0.006360776
0.006391818
0.006413965
0.006371052
0.006208016
0.005958625
0.005745052
0.005550495
0.005241374
0.004694394
0.003880246
0.002901963
0.001658809
0.0001311912
-0.001450828
-0.002816172
-0.003920464
-0.00484813
-0.005530211
-0.006018682
-0.006387751
-0.006723858
-0.00710701
-0.00750985
-0.007876569
-0.008124942
-0.00826
-0.008434701
-0.008658742
-0.008876255
-0.009202456
-0.009635479
-0.009995761
-0.01014766
-0.01018733
-0.01026247
-0.01023522
-0.009961166
-0.009391718
-0.008442462
-0.007088677
-0.005449434
-0.003579819
-0.00152448
0.0005360229
0.002570647
0.004590881
0.006578717
0.008552001
0.01051003
0.01236621
0.01413403
0.01574081
0.01701513
0.01799331
0.01882867
0.01943548
0.01967327
0.01970816
0.01969533
0.01948934
0.01891554
0.01795434
0.01666745
0.01512212
0.01358284
0.01223306
0.01110248
0.01024762
0.009658279
0.009340081
0.00933273
0.009593327
0.01001316
0.01060548
0.01132387
0.01206958
0.01274572
0.0132831
0.01359282
0.01365496
0.01347888
0.01309299
0.01249361
0.0117511
0.01091605
0.01012634
0.009596816
0.009183115
0.008728579
0.008273106
0.00793369
0.007718652
0.007554784
0.007418354
0.007398624
0.007516365
0.007688619
0.007854179
0.008000676
0.008084861
0.008154395
0.008253877
0.008189451
0.007915856
0.007517766
0.006949833
0.006187916
0.005378683
0.004691224
0.004156413
0.003776332
0.003742779
0.004094656
0.004626051
0.005172674
0.005686041
0.006033723
0.006076165
0.005805232
0.005252643
0.004495212
0.003644022
0.002824691
0.002243874
0.001989796
0.001967669
0.002188412
0.002694415
0.003432267
0.004329445
0.005161676
0.005858493
0.006599603
0.007433897
0.008333393
0.009342801
0.01047748
0.0116832
0.01292854
0.01429288
0.01569656
0.01690786
0.01779163
0.01838298
0.01875727
0.01895603
0.01901869
0.01892098
0.01851839
0.01793624
0.01732551
0.01654771
0.01546273
0.01411036
0.01261123
0.01102862
0.009422249
0.008013769
0.006996401
0.006309932
0.005790053
0.005431573
0.005209434
0.005012615
0.004715013
0.004277513
0.003755126
0.00318071
0.002508272
0.00177986
0.001189702
0.0008704787
0.0007198319
0.0005809444
0.0004510921
0.000344701
0.0002391748
0.0001202931
-9.063214e-05
-0.0003319021
-0.000470954
-0.0006032399
-0.0007338959
-0.0008172421
-0.0009483535
-0.001161794
-0.001429445
-0.001745252
-0.002197653
-0.002752849
-0.00321985
-0.003659997
-0.0040919
-0.004469435
-0.004870667
-0.005297268
-0.005643832
-0.005873706
-0.006048168
-0.006170845
-0.006112553
-0.005659635
-0.004879539
-0.003792895
-0.002330018
-0.0005930892
0.001235143
0.002954389
0.004381313
0.005413783
0.006054313
0.006262509
0.006067783
0.005611961
0.005005455
0.004472597
0.004069693
0.003715966
0.003387757
0.00305835
0.002716414
0.002285378
0.001795166
0.001290743
0.0007356035
0.0001477297
-0.0003603851
-0.0006919059
-0.0008392467
-0.000827057
-0.0006492714
-0.0004589945
-0.0003393987
-0.0003188643
-0.0004427239
-0.0007303204
-0.001227008
-0.00185119
-0.002427628
-0.002931734
-0.003400678
-0.003764752
-0.003947894
-0.00402867
-0.004176434
-0.004487208
-0.004918105
-0.00536766
-0.005857621
-0.006306872
-0.006608444
-0.006663234
-0.006440444
-0.005918884
-0.005105433
-0.004071272
-0.002981525
-0.002009449
-0.001198747
-0.0005150751
-1.773921e-05
0.0002073328
0.000268105
0.0003179156
0.0003727078
0.0003859407
0.0003728232
0.0004060741
0.0005198225
0.0006737834
0.0008389631
0.0009266893
0.0009591651
0.001015751
0.001087358
0.001147886
0.001121987
0.001008241
0.0008230248
0.0005720655
0.0002542272
-0.0002550659
-0.0009664394
-0.001877622
-0.002985095
-0.00419859
-0.005387876
-0.006548495
-0.007792548
-0.009078625
-0.0102761
-0.01137876
-0.01247671
-0.01352934
-0.01446646
-0.01524204
-0.01578927
-0.01608059
-0.01617088
-0.01605266
-0.01564637
-0.01507287
-0.01433458
-0.01343534
-0.01241151
-0.01128775
-0.01019159
-0.009239024
-0.008486415
-0.007973296
-0.007635637
-0.007331583
-0.00696134
-0.006562233
-0.00606266
-0.005356532
-0.004617186
-0.003944709
-0.003317745
-0.002783006
-0.002392721
-0.002056942
-0.001758816
-0.001548041
-0.001327312
-0.0009332436
-0.0004298263
0.0001251586
0.0007577963
0.001446907
0.002218217
0.002989026
0.003613259
0.0040712
0.004379663
0.004498126
0.004438403
0.004265494
0.004075344
0.00388224
0.00370892
0.003601079
0.003572876
0.00351892
0.003371185
0.003058644
0.002524427
0.001784791
0.0008730683
-0.000170056
-0.001277193
-0.002340345
-0.003296015
-0.00419743
-0.005057707
-0.005809364
-0.006427042
-0.006958781
-0.007295615
-0.007339997
-0.00718612
-0.006839179
-0.006388613
-0.005931568
-0.005440662
-0.004870209
-0.004359066
-0.004030758
-0.003841511
-0.00384141
-0.004112607
-0.00466208
-0.005418673
-0.0062798
-0.007230067
-0.008190425
-0.009067326
-0.009650631
-0.0099028
-0.00982431
-0.009356701
-0.0085757
-0.007561834
-0.00638554
-0.0051138
-0.003831711
-0.002613156
-0.001491818
-0.0004897476
0.0003708865
0.00116105
0.001916851
0.00254766
0.003063421
0.003494123
0.003853719
0.004190478
0.004558094
0.004994122
0.005553176
0.006188916
0.006844341
0.007525479
0.008270758
0.00903999
0.009706378
0.01023787
0.01069792
0.01107699
0.01137537
0.0115959
0.0115005
0.01094862
0.01001099
0.008601158
0.00666615
0.004405964
0.002029456
-0.0003896081
-0.00264824
-0.00459112
-0.00624805
-0.007688613
-0.009012516
-0.0102909
-0.01159391
-0.01296812
-0.01435718
-0.01563158
-0.01667001
-0.01749884
-0.01812002
-0.01846396
-0.01851763
-0.01843547
-0.01832952
-0.01814817
-0.01805412
-0.01819163
-0.01848189
-0.01883411
-0.0193249
-0.01992094
-0.02051732
-0.02108531
-0.02159584
-0.02203657
-0.02234865
-0.02247935
-0.02247977
-0.02236241
-0.02208909
-0.02162238
-0.02105461
-0.02039685
-0.01959463
-0.01872723
-0.01785727
-0.01697065
-0.01605555
-0.01517259
-0.01442066
-0.01371934
-0.01298683
-0.01225367
-0.01157907
-0.01097067
-0.01036235
-0.009686102
-0.00893896
-0.008204538
-0.007499707
-0.006700499
-0.00574565
-0.004668965
-0.003588799
-0.002346944
-0.00088243
0.0006570612
0.002207406
0.003731687
0.005229588
0.006699108
0.008097199
0.009427526
0.01065602
0.01177366
0.01284888
0.01376781
0.01437321
0.01470877
0.01475581
0.01432913
0.01346502
0.01233769
0.01092807
0.009269732
0.007465987
0.005715156
0.004156943
0.002754252
0.00148685
0.0004029827
-0.0005380988
-0.001484215
-0.002431823
-0.003240289
-0.003955537
-0.004670168
-0.005371068
-0.005997265
-0.006537128
-0.007119405
-0.007827171
-0.008662454
-0.009531458
-0.01029669
-0.01107904
-0.01189618
-0.01257855
-0.01301898
-0.01328728
-0.01338619
-0.01325592
-0.0129058
-0.0123646
-0.01172996
-0.01107966
-0.01038887
-0.009731974
-0.009243401
-0.008830576
-0.008327915
-0.007710065
-0.00703273
-0.006278118
-0.005481244
-0.00472652
-0.004087226
-0.003587754
-0.003143103
-0.002708948
-0.002407131
-0.002289085
-0.002088756
-0.001584098
-0.000851134
1.121564e-05
0.001050111
0.002217965
0.003275892
0.004167262
0.00496629
0.005696433
0.006304343
0.006768861
0.007201995
0.007698116
0.008105984
0.008298592
0.008354798
0.008331126
0.008209387
0.007868515
0.007233681
0.006420765
0.005538148
0.004517426
0.00322959
0.001816264
0.0006021371
-0.0003650642
-0.001198882
-0.001792521
-0.002077721
-0.002138291
-0.002198907
-0.002330852
-0.002417793
-0.002461059
-0.002507408
-0.002499423
-0.002423949
-0.002300256
-0.002154405
-0.002042683
-0.001964078
-0.001798214
-0.001599601
-0.001556879
-0.001682748
-0.001882839
-0.002098371
-0.002338754
-0.002611327
-0.002851991
-0.003036656
-0.003125602
-0.003216204
-0.003371012
-0.003570512
-0.003774078
-0.003912689
-0.004074709
-0.004302979
-0.004507179
-0.004608029
-0.004618669
-0.004650804
-0.00475513
-0.00489248
-0.005117778
-0.005435565
-0.005819801
-0.006303475
-0.006832365
-0.007345299
-0.007819359
-0.008271755
-0.008688072
-0.009111557
-0.009608319
-0.01009722
-0.01049961
-0.01079174
-0.01088249
-0.0107245
-0.01044056
-0.01011485
-0.009642753
-0.008992168
-0.008343698
-0.007774675
-0.007244852
-0.006772854
-0.006372386
-0.005981338
-0.005566698
-0.005189089
-0.004998743
-0.005003766
-0.005099921
-0.005235802
-0.005338349
-0.005387626
-0.00528239
-0.004965569
-0.004435846
-0.003693469
-0.002837725
-0.001851034
-0.0007311388
0.0003884506
0.001418391
0.002355352
0.003189873
0.003852362
0.004352347
0.004811674
0.005246655
0.005499052
0.005549345
0.005540093
0.005545011
0.005551488
0.005469492
0.005304773
0.005179324
0.005196608
0.005265545
0.005258389
0.005179535
0.005062995
0.004847955
0.004529539
0.004187056
0.00386975
0.003526634
0.003160381
0.002908813
0.002776268
0.002686681
0.00268968
0.002783843
0.002919552
0.003095355
0.003382468
0.00373656
0.004029585
0.004264016
0.004527634
0.004772052
0.004912126
0.004961805
0.004964861
0.004919374
0.004753381
0.004430395
0.004063053
0.003717842
0.003338915
0.00287568
0.002295026
0.001642916
0.001020551
0.0005164625
4.654041e-05
-0.0004852907
-0.001009107
-0.001435355
-0.001738727
-0.002060818
-0.002377625
-0.002560875
-0.002641059
-0.002597478
-0.002350136
-0.001969128
-0.001464544
-0.0008007714
-8.11429e-06
0.0007651304
0.001420812
0.001926518
0.002259376
0.002415288
0.002469788
0.002488335
0.002520805
0.002591982
0.002616356
0.002623709
0.002680223
0.002793649
0.002900946
0.003026467
0.003185249
0.003309621
0.003384507
0.003461097
0.003516443
0.003486638
0.003412425
0.003317895
0.003263901
0.003279333
0.00326516
0.00316907
0.003146197
0.003227554
0.003277366
0.003232965
0.0031094
0.002929055
0.002639322
0.002294875
0.002040234
0.001891696
0.001767143
0.001627683
0.001502757
0.001512383
0.001586233
0.001471256
0.001143374
0.0008147317
0.000572323
0.0003183439
8.014416e-06
-0.0001842713
-6.226556e-05
0.0003199499
0.0008367481
0.001403243
0.001937204
0.002381325
0.002670596
0.002796504
0.002801716
0.002759719
0.002635193
0.002407742
0.002168447
0.001974682
0.001770783
0.001513275
0.001236232
0.0009265603
0.0005840581
0.0002611723
-3.476413e-05
-0.0003459158
-0.0007164577
-0.001125884
-0.001505942
-0.001820303
-0.002044096
-0.002155588
-0.002222907
-0.002312331
-0.002378414
-0.002473237
-0.002672862
-0.002965897
-0.003255584
-0.003479643
-0.003641184
-0.003666924
-0.003502425
-0.003186409
-0.002712387
-0.002151214
-0.00159507
-0.001022161
-0.0004662848
1.656042e-05
0.000445909
0.0009192808
0.001466897
0.002070806
0.002815339
0.00366502
0.004651196
0.005759795
0.006919137
0.008077459
0.009199802
0.0102397
0.01115807
0.01200248
0.01273384
0.01329694
0.01377658
0.01414193
0.01427022
0.01417817
0.01389955
0.01339896
0.01266213
0.0117656
0.01070951
0.009603842
0.008653371
0.007933034
0.007360883
0.006900723
0.006596513
0.006447678
0.006353162
0.00630913
0.006394891
0.006674676
0.006991693
0.007317415
0.007731396
0.008245934
0.008841626
0.009388793
0.009820763
0.01018096
0.01058095
0.01099923
0.01132237
0.01150304
0.01155213
0.01150258
0.01138543
0.01118486
0.01088004
0.01054526
0.01026868
0.01002601
0.009788438
0.009575322
0.009338741
0.008980833
0.008602235
0.008388182
0.008282217
0.008135238
0.007926198
0.007640552
0.00735543
0.007079963
0.006665529
0.006137929
0.005476536
0.00463704
0.003729077
0.002845022
0.002031929
0.001302526
0.0006922005
0.0002380773
-0.0001376947
-0.0005694677
-0.001011344
-0.001368765
-0.001653338
-0.001902346
-0.002055563
-0.002067213
-0.001914606
-0.001608035
-0.001294494
-0.001119889
-0.001051496
-0.001099399
-0.001378425
-0.001871007
-0.002438773
-0.003018436
-0.003629813
-0.004138546
-0.004482789
-0.004795514
-0.005058645
-0.005219216
-0.005363979
-0.005549834
-0.005841695
-0.006186143
-0.006452896
-0.006615166
-0.006729845
-0.006812532
-0.006802056
-0.006735474
-0.006592641
-0.006404569
-0.006223989
-0.005980201
-0.005725059
-0.005418291
-0.005063876
-0.00468793
-0.004310095
-0.004002728
-0.003752086
-0.003595508
-0.003540395
-0.00363288
-0.003868976
-0.004204487
-0.004608241
-0.005029181
-0.005473387
-0.00598911
-0.006514504
-0.006958618
-0.00742842
-0.007971106
-0.008448279
-0.00875303
-0.008971616
-0.009206198
-0.009321033
-0.009171705
-0.008876788
-0.008519562
-0.008053353
-0.007415928
-0.006702089
-0.006122129
-0.005563685
-0.004865083
-0.004145919
-0.003565412
-0.003082028
-0.002601948
-0.00216971
-0.001934185
-0.001991072
-0.002277246
-0.002683682
-0.003181141
-0.003787045
-0.00454121
-0.005391394
-0.006289723
-0.007219277
-0.008090038
-0.008846386
-0.00946837
-0.009938333
-0.01030386
-0.01056108
-0.01068028
-0.01072985
-0.01073169
-0.01070025
-0.01070533
-0.01064927
-0.01041155
-0.01004353
-0.009702693
-0.009469558
-0.009311637
-0.009283471
-0.009459432
-0.009820017
-0.01035887
-0.01099445
-0.01160049
-0.01210578
-0.01243275
-0.0125916
-0.01269531
-0.01284912
-0.01300771
-0.01314528
-0.01334461
-0.01365178
-0.01407578
-0.01447123
-0.01475205
-0.0148323
-0.01466206
-0.0143022
-0.01375527
-0.01305806
-0.012306
-0.0115354
-0.01081855
-0.0102687
-0.009825554
-0.009375987
-0.00894701
-0.008696264
-0.00853342
-0.008314918
-0.008096121
-0.007878749
-0.007621045
-0.007365804
-0.007101065
-0.006762907
-0.006352789
-0.005945517
-0.005600381
-0.005250291
-0.004907819
-0.004620062
-0.004411686
-0.004274783
-0.004162458
-0.003999864
-0.003833667
-0.003756163
-0.003746633
-0.003759434
-0.003830063
-0.003991036
-0.004189857
-0.004364221
-0.004493381
-0.004607528
-0.004743015
-0.004909779
-0.005098861
-0.005349303
-0.005708039
-0.006151408
-0.006591341
-0.006968011
-0.007288991
-0.007463934
-0.007434393
-0.007305666
-0.007196341
-0.007187057
-0.007280973
-0.007338832
-0.007367356
-0.007322862
-0.00709129
-0.006656906
-0.006036823
-0.005330025
-0.004619567
-0.003948032
-0.003302758
-0.002687399
-0.002159262
-0.001680501
-0.001185186
-0.0006673139
-0.0001337945
0.0004494188
0.00105369
0.001636893
0.002195643
0.002739082
0.003317893
0.003914798
0.004505975
0.00510512
0.005649012
0.006131617
0.006652324
0.007123645
0.007434084
0.007649277
0.007937688
0.00827011
0.008562961
0.008833923
0.009131862
0.009389267
0.009527809
0.009589486
0.0095707
0.009462028
0.009307923
0.009235638
0.009234172
0.009149663
0.00904173
0.008927967
0.008696468
0.008360223
0.007902914
0.007370595
0.006842339
0.006329923
0.005834242
0.005310509
0.004752913
0.004239615
0.003739527
0.003144455
0.002420622
0.001602217
0.000756024
-2.107911e-06
-0.000622606
-0.00115734
-0.001589673
-0.001896775
-0.002048652
-0.002099893
-0.002067126
-0.00196465
-0.001994759
-0.002169793
-0.002486023
-0.002971836
-0.003542534
-0.004083145
-0.00455677
-0.004886219
-0.005004484
-0.004962621
-0.004791772
-0.004505985
-0.004099456
-0.003576096
-0.003044299
-0.002573254
-0.002109144
-0.00164398
-0.001212428
-0.0008552415
-0.0006455427
-0.0005003612
-0.0002860929
-2.632977e-05
0.0001907384
0.00036115
0.0005698083
0.0008084975
0.001031958
0.001218936
0.001341041
0.001407698
0.001393536
0.001295174
0.001128881
0.0009580207
0.0008125304
0.000635102
0.0004114628
0.0001866494
2.967767e-06
-0.0001175805
-0.000225792
-0.0002972789
-0.0002972622
-0.0003054913
-0.0002819679
-0.0001270854
3.888976e-05
8.804015e-05
2.041019e-05
-6.501403e-05
-0.0001234917
-0.0002487149
-0.0004954947
-0.0008413908
-0.001212531
-0.001642725
-0.002115005
-0.002578745
-0.003129076
-0.003801612
-0.004577207
-0.005385187
-0.006067498
-0.006577902
-0.006982198
-0.007296049
-0.007491468
-0.007560655
-0.007572745
-0.007628181
-0.007582392
-0.007288139
-0.006931047
-0.006611589
-0.00623181
-0.005765552
-0.005285124
-0.004821693
-0.004484167
-0.004299012
-0.004188239
-0.00410383
-0.00407832
-0.004187263
-0.004393818
-0.004635271
-0.004915799
-0.005155386
-0.005243929
-0.005224445
-0.005170454
-0.004932244
-0.00441095
-0.003661907
-0.002800427
-0.001893478
-0.001003368
-0.0001206385
0.0007151358
0.001408668
0.002019076
0.002622886
0.003241809
0.003819356
0.004366118
0.004923536
0.005453834
0.005869673
0.006184716
0.006453611
0.006640742
0.006810727
0.007045126
0.007344744
0.00769154
0.008047007
0.008356644
0.008645269
0.008858867
0.008884832
0.008727757
0.008410372
0.007937039
0.007398335
0.006839706
0.006249356
0.005666571
0.005224393
0.004878035
0.004599795
0.004420024
0.004384117
0.004485771
0.004622157
0.004810301
0.005154553
0.005549668
0.005909069
0.006143897
0.006187804
0.006059411
0.005633944
0.004844909
0.003860017
0.002854019
0.001826627
0.0008103881
-0.0001417128
-0.001001783
-0.001818654
-0.00263668
-0.003398879
-0.004046423
-0.004553157
-0.004919306
-0.005088265
-0.004968723
-0.004552239
-0.003891946
-0.002984952
-0.001829987
-0.0005694675
0.0006527152
0.001716034
0.00256175
0.003245173
0.003824237
0.004377125
0.004946711
0.005546156
0.00621453
0.006877732
0.007458306
0.008021499
0.008514992
0.008806288
0.008891224
0.008906364
0.008906479
0.008840097
0.008756535
0.008711972
0.00868516
0.008623754
0.008565837
0.008530604
0.008409045
0.008217434
0.008020439
0.007808996
0.007539046
0.007247021
0.007085606
0.007002207
0.006968805
0.007028374
0.007065632
0.007160688
0.007364201
0.007507153
0.007529967
0.007477656
0.007432593
0.007402634
0.007309949
0.007142755
0.006975461
0.006848355
0.006604906
0.006165378
0.005638533
0.00508769
0.0045163
0.003909103
0.003272542
0.002735291
0.002357552
0.00200409
0.00159752
0.001247023
0.0009472358
0.0005657147
5.838513e-05
-0.0004822606
-0.000973102
-0.001401578
-0.001841151
-0.002294227
-0.002715925
-0.003064748
-0.003340899
-0.00357649
-0.003715714
-0.0037321
-0.003712436
-0.003677354
-0.003581067
-0.003349518
-0.003073059
-0.002847913
-0.002637574
-0.002355571
-0.002026703
-0.001771289
-0.001645485
-0.001561834
-0.001496793
-0.001486363
-0.001509839
-0.001475676
-0.001296671
-0.001050534
-0.0008352272
-0.0006054979
-0.0003787185
-0.0002194341
-0.0002042185
-0.0003511774
-0.0006111938
-0.0009446675
-0.001414415
-0.001985974
-0.002496941
-0.002945799
-0.003357902
-0.00362965
-0.003635459
-0.003438106
-0.003134499
-0.002828708
-0.00243085
-0.001888601
-0.001380903
-0.0009720145
-0.0005480971
3.194988e-06
0.0007298934
0.001551826
0.002345845
0.003015629
0.003621184
0.004121248
0.004413173
0.004526319
0.004559952
0.004565722
0.004573499
0.004576831
0.004693653
0.004858336
0.004983452
0.005094728
0.005234755
0.005390554
0.005476473
0.005464053
0.005396206
0.005362413
0.00538928
0.005367807
0.005182464
0.00482281
0.004384183
0.00379273
0.002882812
0.00173187
0.000515668
-0.0008095925
-0.002247974
-0.003590776
-0.004811661
-0.006014986
-0.00708986
-0.008026182
-0.008882442
-0.009562354
-0.01005953
-0.01037884
-0.01046604
-0.0103562
-0.0100892
-0.009618999
-0.008913384
-0.008049907
-0.007163262
-0.006249656
-0.005256922
-0.004278042
-0.003456216
-0.002781291
-0.002143415
-0.001423141
-0.0007412188
-0.0001667338
0.0003805146
0.0009650509
0.001534883
0.002081854
0.002621776
0.003198864
0.003809987
0.004453259
0.005133167
0.005793704
0.006381547
0.006805481
0.007031622
0.007164012
0.007272582
0.007225052
0.006999761
0.006771602
0.006624047
0.006452402
0.006273811
0.00628004
0.006443128
0.006665633
0.006863128
0.007006501
0.007195488
0.007369607
0.007478523
0.007551155
0.007604461
0.007595134
0.007477251
0.007270536
0.006956613
0.00645245
0.00579377
0.00503312
0.00415334
0.00325602
0.002519687
0.001921433
0.001377462
0.0009093337
0.0005582133
0.0003073416
0.0001317923
-7.296018e-06
-9.756009e-05
-0.0001304142
-0.0001169624
-5.587965e-05
8.11551e-05
0.0002300878
0.0003180699
0.0003578968
0.000416404
0.0004388193
0.0003302226
0.000199254
0.0001946044
0.000265637
0.0003728515
0.0005628058
0.000828428
0.00115641
0.001486766
0.0017219
0.001910518
0.002158502
0.002383253
0.002531237
0.002675825
0.002808524
0.00290759
0.002881539
0.002681808
0.002405034
0.00212695
0.00185058
0.001568506
0.001370313
0.001344549
0.001416802
0.001381901
0.001191427
0.0009749769
0.0008073425
0.0005965736
0.0002703423
-0.0001345879
-0.0005230682
-0.0008648307
-0.001198212
-0.00155918
-0.001883502
-0.002130019
-0.00239484
-0.002709697
-0.003018941
-0.003252699
-0.003384688
-0.003453605
-0.003481491
-0.003464445
-0.003424104
-0.003347858
-0.003219818
-0.003038135
-0.002865558
-0.002620802
-0.002203017
-0.001716173
-0.001165783
-0.0006162426
-9.43075e-05
0.0004016952
0.0008569108
0.001210635
0.001415676
0.001549548
0.001578028
0.001358468
0.0008257624
0.000135728
-0.0005386325
-0.001210114
-0.001841628
-0.002367745
-0.00283335
-0.003156413
-0.003334726
-0.003408563
-0.003413027
-0.00342913
-0.003435594
-0.00339461
-0.003311765
-0.003196314
-0.003077773
-0.002967139
-0.002805295
-0.002547538
-0.002271525
-0.002043936
-0.001859236
-0.001650767
-0.00139489
-0.001164374
-0.0009954644
-0.0009151647
-0.0008812394
-0.0008057172
-0.0007367167
-0.0006895824
-0.000698963
-0.0008294133
-0.001047256
-0.00124173
-0.001378857
-0.001478026
-0.00149726
-0.00136492
-0.001041566
-0.0005994434
-0.0001451544
0.0003687572
0.001000426
0.001667296
0.002326156
0.003015297
0.003688317
0.004283625
0.00475691
0.00506179
0.005252123
0.005300511
0.00513306
0.004862947
0.004586803
0.004309526
0.003994359
0.003605129
0.003317594
0.003154007
0.00291579
0.002628277
0.002402335
0.00218622
0.001891669
0.00155635
0.001298481
0.00105129
0.0007507871
0.0004460539
0.000141008
-9.665502e-05
-0.0001974539
-0.000228024
-0.0002196246
-0.0002227984
-0.0002332152
-0.00022351
-0.0002788889
-0.0004309557
-0.0006309134
-0.0008949461
-0.001232842
-0.001552582
-0.001770243
-0.001901413
-0.001989492
-0.001996659
-0.001976615
-0.001975911
-0.001965911
-0.001921257
-0.001860205
-0.001782204
-0.001670315
-0.001551591
-0.00144147
-0.001268959
-0.0009717072
-0.0006107028
-0.000223799
0.0001775474
0.0005795699
0.0009011362
0.001055811
0.00104373
0.0009394531
0.0007627291
0.0005535049
0.0003743197
0.000245649
0.0002148997
0.0002689911
0.0003752731
0.0005013899
0.0005852287
0.0006747572
0.0008202646
0.0009377998
0.0009746329
0.0009691802
0.0009075557
0.0008032798
0.0007916574
0.0008552225
0.000890071
0.001001166
0.001287341
0.001622297
0.001948573
0.002347179
0.002854155
0.003404399
0.003856896
0.004151918
0.004376725
0.004540199
0.004571503
0.004468555
0.004294655
0.004099742
0.003808962
0.003447624
0.003101183
0.002755946
0.002463405
0.002261401
0.002142384
0.002080943
0.002103671
0.002185263
0.002284116
0.002414792
0.002644567
0.002934782
0.003127258
0.00328301
0.003534571
0.003760613
0.003904133
0.004062581
0.004303984
0.004630616
0.004984654
0.005270419
0.005485563
0.005731056
0.005995438
0.006159845
0.006198636
0.006145608
0.006037037
0.005863973
0.005635985
0.005437065
0.005264741
0.005073829
0.004814466
0.004558772
0.00437999
0.004238267
0.004077143
0.003932556
0.003865507
0.003835872
0.003725602
0.003589914
0.003498404
0.00342128
0.003315991
0.003160634
0.003030869
0.002983282
0.002952814
0.002849897
0.002726791
0.002694429
0.002734653
0.002770697
0.002879344
0.003122548
0.003498485
0.003940585
0.004454136
0.005054994
0.005617616
0.006057902
0.006487086
0.00695804
0.007382941
0.007590451
0.007636624
0.007821975
0.008100443
0.008260447
0.008301237
0.008413378
0.008630356
0.008776109
0.008756703
0.008666007
0.008650441
0.008684343
0.008672723
0.008627971
0.008603235
0.008641047
0.008708431
0.008759332
0.008797609
0.008799655
0.008685886
0.00845502
0.00819965
0.008016418
0.007762226
0.007432704
0.007105533
0.006784673
0.006407606
0.005886592
0.00524977
0.004531105
0.003805039
0.003095504
0.002444743
0.001879531
0.001407656
0.001054545
0.0007629131
0.000640283
0.0007181663
0.0008828138
0.001027919
0.001137223
0.001208902
0.001197245
0.001062121
0.0008647874
0.0006999495
0.0005234305
0.0002973827
8.239935e-05
-3.957247e-05
-6.096579e-05
-6.687092e-05
-5.585359e-06
0.0002051719
0.0005436337
0.0009631442
0.001410638
0.001921266
0.002569294
0.003242959
0.003808394
0.004236168
0.004671089
0.005200134
0.005642956
0.00591232
0.006126451
0.0063212
0.006426337
0.006533753
0.006639893
0.006635513
0.006526188
0.006335285
0.006180047
0.006073147
0.005839736
0.005520615
0.005330633
0.005209475
0.005083051
0.004910119
0.004670073
0.004385152
0.004164858
0.003932956
0.003614022
0.003252989
0.002867017
0.002474189
0.002061021
0.001629263
0.00119799
0.0007868548
0.0004006397
2.826226e-05
-0.0002894718
-0.000527248
-0.0007636694
-0.0009683882
-0.001010796
-0.0008647442
-0.0005772157
-0.000193557
0.0002837391
0.000835854
0.001393725
0.001861412
0.002178549
0.002386321
0.002510117
0.002519169
0.002453939
0.002376096
0.002385422
0.002499071
0.002685189
0.003015279
0.003397527
0.003614761
0.003703347
0.003780515
0.003842731
0.003829596
0.00372076
0.003471641
0.003213935
0.003133087
0.003215358
0.003319993
0.003468192
0.003654541
0.003847293
0.004052028
0.004168926
0.00423073
0.004181245
0.003931862
0.003649526
0.003393835
0.003017406
0.002446896
0.001800089
0.001202615
0.0006813861
0.000127307
-0.0005637619
-0.001256815
-0.001833267
-0.002375685
-0.002894061
-0.003321543
-0.003577968
-0.003679642
-0.003694849
-0.003521808
-0.003102179
-0.002496421
-0.001815631
-0.001079447
-0.0002972931
0.0004997577
0.001244269
0.001898238
0.002436151
0.002929759
0.003386759
0.003702404
0.003879952
0.004061275
0.00431802
0.004577571
0.00490205
0.005307869
0.005680736
0.006021115
0.00634915
0.00660483
0.006713692
0.006719051
0.006647706
0.006495139
0.006332362
0.006105455
0.005775308
0.005432003
0.005085297
0.004716749
0.004278503
0.003800773
0.003374771
0.003068536
0.002819331
0.002560107
0.002298255
0.002096423
0.00184996
0.001499212
0.001089184
0.0005977004
2.480116e-05
-0.0006108859
-0.001173344
-0.001676583
-0.002188781
-0.002763578
-0.003284009
-0.003637287
-0.003907003
-0.004156703
-0.004279836
-0.004133219
-0.003890171
-0.003698817
-0.003473336
-0.003133764
-0.002704083
-0.00230772
-0.001889405
-0.001393555
-0.0008568726
-0.0002441572
0.0004440852
0.001156618
0.001882563
0.002555026
0.003037976
0.003321425
0.003494244
0.003494665
0.003426095
0.003372226
0.003270438
0.0031561
0.003079739
0.003025551
0.003097407
0.003252929
0.003364567
0.003443224
0.003554334
0.003739742
0.003957599
0.004219338
0.004526255
0.004834527
0.005154016
0.005443101
0.005628418
0.005666857
0.005639292
0.005552757
0.005308978
0.004989929
0.004710733
0.004406616
0.003947092
0.003433819
0.00302889
0.002654808
0.002188951
0.001688859
0.001296911
0.001035033
0.0008211884
0.0006782362
0.0006373675
0.0006818376
0.000681075
0.0005680221
0.0003810894
0.0002092822
5.601261e-05
-8.78709e-05
-0.0001892841
-0.0001902702
-0.0001034169
2.389024e-05
0.0001822469
0.0003396198
0.0004981956
0.0006024825
0.0006752365
0.0007511054
0.0008007875
0.0008300016
0.0008284209
0.0008143196
0.0007896616
0.0007016174
0.0005680263
0.0003642608
9.800882e-05
-0.0001871668
-0.0004499034
-0.0006892141
-0.0009129097
-0.001133412
-0.001358383
-0.001512941
-0.001574363
-0.001646678
-0.001770766
-0.001954045
-0.002148161
-0.002263992
-0.002358745
-0.00244114
-0.002451377
-0.002334242
-0.002182434
-0.002027952
-0.00191458
-0.001905083
-0.001977065
-0.002057669
-0.002129872
-0.002253855
-0.002384071
-0.00248179
-0.002555857
-0.002584178
-0.002593178
-0.002610513
-0.002653621
-0.002784032
-0.002959712
-0.003087233
-0.003215097
-0.003326554
-0.003334141
-0.003299356
-0.003278967
-0.003209933
-0.003016295
-0.002842384
-0.002853799
-0.003034083
-0.003291994
-0.003538039
-0.003838484
-0.004268305
-0.00470534
-0.005066631
-0.005445696
-0.005865362
-0.006155853
-0.006296159
-0.006354494
-0.006411743
-0.006537158
-0.006657979
-0.006641976
-0.006609797
-0.006662837
-0.006716768
-0.006682531
-0.006586661
-0.006507592
-0.006476394
-0.006404446
-0.006264122
-0.006166555
-0.006179814
-0.006303617
-0.006483766
-0.006663354
-0.006841773
-0.007064464
-0.007299718
-0.007427157
-0.007434798
-0.007376276
-0.007296982
-0.007175301
-0.007042847
-0.006889959
-0.006678639
-0.00647854
-0.006362374
-0.006321912
-0.006251425
-0.006107121
-0.006018588
-0.006030767
-0.00608454
-0.006069875
-0.005998296
-0.005930922
-0.005871966
-0.005817807
-0.005783146
-0.005815956
-0.005921862
-0.006035451
-0.006285108
-0.006751858
-0.007311078
-0.007761704
-0.008096676
-0.008422745
-0.008733013
-0.008998572
-0.009227226
-0.009408437
-0.009539274
-0.009661349
-0.009820766
-0.01005606
-0.01036215
-0.01065055
-0.01091415
-0.0112202
-0.01159223
-0.01189667
-0.01206594
-0.01215534
-0.01214956
-0.01203064
-0.01188346
-0.01176222
-0.01157306
-0.01123398
-0.01074177
-0.01022338
-0.009807301
-0.009395836
-0.008879458
-0.008398997
-0.008010021
-0.007718536
-0.007510088
-0.007327597
-0.007178673
-0.00707916
-0.006961704
-0.006806405
-0.006662283
-0.006518048
-0.006350429
-0.006128394
-0.005774002
-0.005372868
-0.005044763
-0.004794912
-0.004545746
-0.004316814
-0.00410405
-0.003892289
-0.003809521
-0.003833631
-0.003790055
-0.003652969
-0.003499401
-0.003361556
-0.003267931
-0.00314054
-0.00295587
-0.002733387
-0.002510012
-0.002389968
-0.002321738
-0.002115836
-0.001848921
-0.001662572
-0.001526585
-0.001354034
-0.00117155
-0.001079399
-0.001054787
-0.0009867791
-0.0008822384
-0.0007604841
-0.0006969689
-0.000670358
-0.0005495756
-0.0003415515
-0.0001664927
-5.363768e-05
8.424822e-05
0.0003663167
0.0006781102
0.0008543936
0.0009932055
0.001201454
0.001408595
0.001618081
0.001967401
0.002346152
0.002574622
0.002739824
0.002890742
0.003027214
0.003049058
0.002889989
0.002649811
0.002482826
0.002345763
0.002157016
0.001968599
0.001855484
0.001858497
0.001892436
0.001913173
0.001987133
0.002169197
0.002338963
0.002464636
0.002677031
0.002955389
0.003178798
0.003337676
0.003475291
0.003597686
0.003623617
0.003496758
0.003267341
0.002937786
0.002466909
0.001831035
0.001103788
0.00032998
-0.000485468
-0.001240387
-0.001824835
-0.002231407
-0.002545239
-0.002801891
-0.00296112
-0.002941202
-0.00285639
-0.002847637
-0.00288127
-0.002948521
-0.003075647
-0.003216752
-0.003320494
-0.003442538
-0.003605165
-0.003761912
-0.003963478
-0.00428148
-0.004554081
-0.004654999
-0.004746873
-0.004937337
-0.005052031
-0.004970344
-0.004810416
-0.004635959
-0.004408097
-0.004195883
-0.003977391
-0.00373324
-0.003505075
-0.003293211
-0.003064373
-0.002858619
-0.00276434
-0.002736389
-0.00261468
-0.002506425
-0.002531066
-0.002605177
-0.002586092
-0.002516524
-0.002505422
-0.002544997
-0.002507746
-0.002332307
-0.002179233
-0.002090329
-0.002023489
-0.001966464
-0.001947972
-0.001997516
-0.00206173
-0.002007383
-0.001879336
-0.00182029
-0.001791065
-0.001690316
-0.001513114
-0.001340675
-0.001151615
-0.0009443171
-0.0007973092
-0.0006960629
-0.0005332323
-0.000256874
1.340094e-05
0.0002173668
0.0004721549
0.0007961444
0.001170792
0.001578402
0.001879276
0.002156806
0.002565789
0.002986703
0.003261732
0.003480193
0.003692559
0.003831513
0.003916353
0.004008665
0.004079756
0.004080218
0.004020468
0.003952114
0.003913634
0.003877237
0.003782774
0.003646434
0.003507389
0.003326442
0.003083272
0.002900375
0.002769635
0.002757937
0.002868196
0.003029151
0.00327449
0.003562304
0.003885246
0.004288371
0.004696339
0.005080602
0.005441253
0.005773759
0.006127918
0.006465229
0.006773468
0.007066447
0.007317394
0.007492188
0.007572069
0.007561061
0.007458662
0.007325537
0.007196719
0.006911328
0.006455966
0.005973988
0.005615579
0.00539957
0.005224397
0.004993281
0.004691019
0.004468191
0.00434827
0.004254366
0.004081169
0.003819438
0.003581809
0.003418702
0.003237021
0.003069244
0.002962891
0.002852441
0.002750624
0.002732011
0.002768748
0.002734074
0.002601661
0.002569856
0.002629969
0.002595761
0.002453206
0.002297956
0.002220058
0.002126934
0.001957265
0.001750482
0.001536153
0.001307141
0.001051953
0.0008329514
0.0006738346
0.0005280654
0.000318159
1.44299e-05
-0.0003269045
-0.0005920502
-0.0007957493
-0.0009648984
-0.001134065
-0.001342403
-0.001517553
-0.001619903
-0.001701309
-0.001786311
-0.001892742
-0.0020311
-0.00220183
-0.002384579
-0.002579264
-0.00280808
-0.003070916
-0.003357338
-0.003658466
-0.004005813
-0.004389082
-0.004674524
-0.00484402
-0.004993116
-0.005117905
-0.00527111
-0.005347004
-0.005193241
-0.004914954
-0.004663092
-0.004342462
-0.003845901
-0.003338668
-0.002954003
-0.002688943
-0.002428605
-0.002119664
-0.001808421
-0.001495641
-0.001202268
-0.0009477056
-0.0007362722
-0.0004890048
-0.0001753801
8.064239e-05
0.000184458
0.0002541629
0.0003587175
0.0003365829
5.658296e-05
-0.0003557265
-0.0007462546
-0.001168219
-0.001738897
-0.002403344
-0.002996502
-0.003471483
-0.003862241
-0.004265821
-0.004546116
-0.004615973
-0.004656307
-0.004748209
-0.004775596
-0.004642025
-0.004352703
-0.003962333
-0.003491705
-0.00294525
-0.002316558
-0.001645579
-0.001069738
-0.0006818751
-0.0003779305
-9.774435e-05
8.665579e-05
0.000216514
0.0002918021
0.0004010045
0.0005392936
0.0006640162
0.0007909698
0.0009209323
0.0009968046
0.0009984277
0.001024234
0.001083489
0.00110784
0.001070914
0.001031198
0.001127198
0.001360703
0.001570105
0.001750837
0.001966665
0.002132688
0.002224688
0.002249915
0.002202668
0.002139776
0.002015393
0.001898013
0.001894188
0.001966079
0.002051138
0.002184476
0.002329352
0.002505445
0.002801052
0.003145989
0.003505688
0.003858047
0.004201558
0.004504662
0.004744986
0.004973709
0.005197715
0.005337978
0.005398286
0.00540406
0.00537067
0.005300478
0.005263551
0.005257369
0.005307527
0.005421676
0.005541066
0.005632586
0.005697017
0.005760994
0.005894992
0.006065952
0.006167922
0.006146061
0.006090898
0.005995327
0.00585463
0.005743186
0.005631931
0.00554417
0.005489631
0.005416159
0.005269255
0.005017852
0.004672944
0.004311444
0.003901658
0.003402746
0.002880336
0.002423214
0.002028982
0.001647698
0.001294967
0.001039135
0.0007797826
0.0005252531
0.0003436744
0.0001429184
-7.969995e-05
-0.0002051063
-0.0002620929
-0.0003139339
-0.0003271029
-0.0003201262
-0.0003700081
-0.0004179486
-0.0004591485
-0.0005109001
-0.0006264141
-0.0007830051
-0.0009110275
-0.001070869
-0.001347679
-0.001673925
-0.002006907
-0.002424312
-0.00288058
-0.00328941
-0.003624551
-0.003909913
-0.004133593
-0.004304655
-0.004463989
-0.004551821
-0.004540987
-0.004555252
-0.004635898
-0.00474979
-0.004979822
-0.005234569
-0.005371977
-0.005516217
-0.005672516
-0.005756901
-0.005818008
-0.005816773
-0.005758368
-0.005658338
-0.005503312
-0.005342457
-0.005155075
-0.004857826
-0.004498246
-0.004176483
-0.003961371
-0.003804847
-0.003631103
-0.003465774
-0.00340256
-0.003374074
-0.003268609
-0.003108268
-0.003017221
-0.003006504
-0.003071984
-0.003153779
-0.003153208
-0.003062333
-0.002935751
-0.002848303
-0.002673101
-0.002342857
-0.001966854
-0.001578866
-0.001098883
-0.0005086869
0.0001365787
0.0008099132
0.001521045
0.002269804
0.002916534
0.003463334
0.003969995
0.004377359
0.004690277
0.004967638
0.00528206
0.005543692
0.005768185
0.005983814
0.006227565
0.00651908
0.006821656
0.007105139
0.007302458
0.007303325
0.007159692
0.007024579
0.006870142
0.006577142
0.006205432
0.005876294
0.005561682
0.005250679
0.004942574
0.004613438
0.004280641
0.003992706
0.003672447
0.003225898
0.002807874
0.002513843
0.002154011
0.001730082
0.001411756
0.001135377
0.0009032011
0.0008030547
0.0007638593
0.0007091274
0.0005855812
0.0004903676
0.0005141242
0.0005766083
0.0006509155
0.0006559269
0.0006472483
0.0006688561
0.0007261958
0.0008111705
0.0008701589
0.0008791172
0.0009321231
0.001023727
0.001116533
0.001286719
0.001468206
0.001664231
0.001929094
0.002254308
0.002639822
0.003036113
0.00333784
0.003564349
0.003821061
0.004106171
0.004365126
0.004581886
0.00483556
0.005124598
0.00531728
0.005423173
0.005611663
0.005813506
0.005887223
0.005904725
0.005939305
0.005957275
0.005893285
0.005853169
0.005971077
0.006110613
0.006204602
0.006281125
0.006369189
0.006467558
0.006559281
0.006586727
0.006513628
0.006390191
0.006292365
0.006087393
0.005774419
0.005539318
0.005346053
0.005084902
0.004713874
0.004297976
0.003929802
0.003596755
0.00325146
0.002949139
0.002749964
0.002620928
0.002516852
0.00244582
0.002411349
0.002430671
0.002509771
0.002565384
0.002640545
0.002776641
0.002896661
0.003011498
0.003193369
0.003386607
0.003543012
0.003667733
0.00376027
0.00388437
0.004047364
0.004156472
0.004186665
0.004220399
0.004285606
0.004347323
0.004371673
0.004386536
0.004414232
0.004340765
0.00414656
0.003900769
0.003638936
0.0033453
0.002990335
0.002515134
0.001895859
0.001245051
0.000660169
0.0001561209
-0.0003395463
-0.000866901
-0.001373818
-0.001807372
-0.002143865
-0.002402475
-0.002653006
-0.002814278
-0.00270992
-0.00245492
-0.002190314
-0.001919511
-0.001563398
-0.001145581
-0.000804026
-0.0005851212
-0.0004047254
-0.0002676812
-0.0002511257
-0.0002712158
-0.0002121688
-0.0001267209
-7.496369e-05
-4.831648e-05
-4.197262e-05
-8.007816e-05
-9.790602e-05
-6.894396e-05
-7.292136e-05
-5.932394e-05
5.016751e-06
2.857681e-05
-5.0487e-06
-6.317169e-05
-0.0001495374
-0.0002118221
-0.0002353327
-0.0002700251
-0.0003287377
-0.0003503725
-0.0002769001
-0.0002258382
-0.0002309291
-0.0002357096
-0.0002433048
-0.0003151934
-0.0004715839
-0.000673267
-0.000921509
-0.001218697
-0.001513469
-0.001769903
-0.002013378
-0.002257893
-0.002460264
-0.002611442
-0.002747697
-0.002821905
-0.002874058
-0.002938312
-0.003022536
-0.003170828
-0.003279455
-0.003302189
-0.003371781
-0.003441678
-0.003466777
-0.003463882
-0.00338218
-0.003281004
-0.003162203
-0.002976985
-0.002752895
-0.002577792
-0.002463971
-0.002379929
-0.002335278
-0.002288189
-0.002270541
-0.002271338
-0.002218067
-0.002161725
-0.002217459
-0.002278267
-0.00228465
-0.002299518
-0.002422783
-0.00273007
-0.003118225
-0.003465967
-0.003751471
-0.004059967
-0.004426814
-0.004748613
-0.00504004
-0.005295277
-0.005446652
-0.005546054
-0.005702566
-0.005935259
-0.00615807
-0.006387527
-0.006678247
-0.007022046
-0.007395391
-0.007810077
-0.008254388
-0.008710647
-0.009200829
-0.009709923
-0.01019837
-0.01061158
-0.01093332
-0.01118263
-0.01146811
-0.01174902
-0.01191012
-0.01204862
-0.01223425
-0.0123034
-0.01218106
-0.01198147
-0.01170162
-0.01134949
-0.01093302
-0.01048348
-0.01000254
-0.009438679
-0.008879522
-0.00847042
-0.008241373
-0.008041321
-0.007756074
-0.007513049
-0.007332431
-0.007047404
-0.006661412
-0.006341149
-0.006122777
-0.00593603
-0.005776261
-0.005654775
-0.005616335
-0.005692703
-0.005832401
-0.005994689
-0.006145054
-0.006274526
-0.006365596
-0.006382473
-0.006441148
-0.006494876
-0.006453091
-0.006427399
-0.006443172
-0.006399067
-0.006287504
-0.006162763
-0.005987589
-0.005705441
-0.005356574
-0.004936765
-0.004476597
-0.004084905
-0.003787003
-0.003514243
-0.00331867
-0.003250678
-0.003208167
-0.003150089
-0.003135187
-0.00312262
-0.003019876
-0.002929407
-0.002883741
-0.002803919
-0.002669704
-0.002645248
-0.002664625
-0.002594118
-0.002548993
-0.002617045
-0.002673487
-0.002641064
-0.002617049
-0.002687316
-0.002825412
-0.002965538
-0.003134381
-0.003355587
-0.003566444
-0.003717647
-0.003834539
-0.003936271
-0.004036552
-0.004076958
-0.004066425
-0.004126375
-0.004127835
-0.003904794
-0.003578286
-0.003305058
-0.003062772
-0.002755033
-0.002399903
-0.002048364
-0.001795492
-0.001574547
-0.001311014
-0.001035873
-0.0007873028
-0.0005813513
-0.000352886
-7.215036e-05
0.0002108255
0.0004700346
0.0007276399
0.000976013
0.00120862
0.001409527
0.001578212
0.001738679
0.001867166
0.001973625
0.002062225
0.002201909
0.002415162
0.002643908
0.00292352
0.003229261
0.003439173
0.003506667
0.003484285
0.003483573
0.003480801
0.003379095
0.003208796
0.003013001
0.002805987
0.002562989
0.002269072
0.0019439
0.001661046
0.00138811
0.001076197
0.0007318448
0.0003950462
0.0001622723
-1.272992e-05
-0.0002084299
-0.0003334962
-0.0003227817
-0.0002223363
-0.0001625188
-0.0001562778
-0.0001305273
-6.260534e-05
-4.828279e-05
-6.20263e-05
-5.532128e-05
-8.032166e-05
-0.0001790535
-0.0002500863
-0.0002023892
-0.0001039368
4.03521e-06
0.0001254973
0.0002497396
0.0003827908
0.0005508379
0.0006641491
0.0006875324
0.0007033455
0.0007083082
0.0006155598
0.0004831966
0.0004081726
0.0003034586
9.53845e-05
-7.729079e-05
-0.000145005
-0.0001679613
-0.0001555357
-0.0001705307
-0.0002236298
-0.0002315377
-0.0001644008
-1.086394e-05
0.0002192632
0.0005792221
0.001061937
0.00161771
0.00220311
0.002753621
0.003315957
0.003893241
0.004423139
0.004938357
0.005373503
0.00568031
0.005974462
0.006303652
0.006634082
0.006862295
0.006957516
0.006971866
0.006908107
0.006722426
0.006469038
0.006213759
0.005935902
0.0055762
0.005189825
0.004840071
0.00448195
0.004088465
0.003710677
0.003341928
0.002956368
0.002546247
0.002149671
0.001832511
0.001577094
0.001354445
0.00114971
0.0009318829
0.0006905099
0.0004610647
0.0001816544
-0.0001246689
-0.0003543198
-0.0005537134
-0.0007576674
-0.0009021364
-0.0009560445
-0.0009525568
-0.0008927581
-0.0008462532
-0.0008635164
-0.0007817297
-0.0005541591
-0.0004025798
-0.0003388032
-0.0002789065
-0.0002606814
-0.0002984118
-0.0003568121
-0.0004367664
-0.0005434012
-0.0006482211
-0.0007695641
-0.0008937637
-0.001000448
-0.001063698
-0.001096909
-0.001136875
-0.00113345
-0.001116146
-0.001083732
-0.0010431
-0.0009929428
-0.000901024
-0.0007744612
-0.0005995498
-0.0004476492
-0.0003593603
-0.0002746488
-0.000166096
-5.877114e-05
2.211688e-05
4.454821e-05
2.487735e-05
4.088757e-05
2.65735e-05
-1.193045e-06
3.769575e-06
4.096209e-05
0.0001212411
0.0002558092
0.0003967749
0.0004675355
0.0004880486
0.0005956957
0.0007481763
0.000867117
0.0009755644
0.001127267
0.00126353
0.001330675
0.001377794
0.001489957
0.001621836
0.001677816
0.001666475
0.001719938
0.001839069
0.001872745
0.001835656
0.001884043
0.001981333
0.001997327
0.001931582
0.001877276
0.001899087
0.001933941
0.001894768
0.001855753
0.001871759
0.001892046
0.001846699
0.001780893
0.001757754
0.001744544
0.001763363
0.001803238
0.001782993
0.001737652
0.001716919
0.001665742
0.001534824
0.001403523
0.001361858
0.001320086
0.001220643
0.001110735
0.001085165
0.001128452
0.001167878
0.001218832
0.001301907
0.001326742
0.001279181
0.00123167
0.001188406
0.00110162
0.0009674549
0.0007947424
0.0006451502
0.0004857182
0.0002842065
7.64352e-05
-0.0001388726
-0.0003350965
-0.0005191529
-0.0007266137
-0.0009369021
-0.001160417
-0.001401287
-0.001605973
-0.001755351
-0.001825092
-0.001853444
-0.001910743
-0.002028122
-0.002127674
-0.002152976
-0.002201487
-0.002235224
-0.00219586
-0.002138665
-0.002164755
-0.002214453
-0.00218201
-0.002111048
-0.002061223
-0.002065259
-0.002065982
-0.002035891
-0.002001315
-0.001962965
-0.001933544
-0.001944772
-0.00197529
-0.001941477
-0.001890724
-0.001852516
-0.001859887
-0.001894744
-0.001952958
-0.002040322
-0.002119633
-0.002270288
-0.002512147
-0.002769411
-0.003003546
-0.00324376
-0.003471907
-0.003684639
-0.003901655
-0.00405076
-0.004085429
-0.004087055
-0.004113978
-0.004125131
-0.004060668
-0.003970174
-0.003876777
-0.003795244
-0.003729254
-0.003681909
-0.003574444
-0.00340435
-0.003231146
-0.003059801
-0.002856708
-0.002642015
-0.002375958
-0.0021051
-0.001905689
-0.00166587
-0.001400099
-0.001178894
-0.001041204
-0.0009834367
-0.0009098396
-0.0008037851
-0.0007363093
-0.0007197047
-0.0006847202
-0.0006301017
-0.0005776513
-0.0005456479
-0.0004886623
-0.0003832654
-0.0002606011
-9.460386e-05
0.0001048891
0.0002937268
0.0005182048
0.0007457687
0.0009436648
0.001159726
0.001364385
0.001448281
0.001465779
0.001512113
0.001538283
0.001471356
0.001296833
0.001078411
0.0008567168
0.0006240528
0.0004079041
0.0002178435
3.808521e-05
-0.0001593929
-0.0003225494
-0.0004205839
-0.000490665
-0.0005279583
-0.0005544079
-0.0005614302
-0.0004880155
-0.0002961423
-3.61624e-05
0.000226769
0.0004249957
0.0005672796
0.0007428114
0.0009544996
0.001154507
0.001295134
0.001389654
0.001473857
0.001529142
0.001547383
0.001562402
0.001553971
0.001558786
0.001601573
0.001649323
0.001695661
0.001716083
0.001724892
0.001775639
0.001898921
0.002016415
0.002129271
0.002309424
0.002502243
0.002690311
0.002900167
0.003061774
0.003123815
0.003190487
0.003344026
0.003586185
0.003826872
0.003990914
0.004130722
0.004311744
0.004477238
0.00454162
0.004514845
0.004455115
0.004367925
0.004242434
0.004077294
0.003954842
0.00388349
0.003809596
0.00374656
0.003717686
0.003720674
0.003695758
0.003566791
0.003425728
0.003318705
0.003220891
0.003123124
0.00301138
0.002930267
0.002883138
0.002809779
0.002731459
0.002692182
0.002656087
0.002581478
0.00244207
0.002258546
0.002149392
0.002124623
0.002054688
0.00196165
0.001948331
0.001968735
0.001932924
0.001839889
0.001777669
0.001747615
0.001692968
0.001628488
0.001578385
0.001548875
0.001530145
0.001496358
0.001491882
0.00156622
0.001617603
0.001653464
0.001783985
0.001965256
0.002091188
0.002192267
0.002346176
0.002521956
0.002669575
0.002775595
0.002862975
0.002952459
0.003022315
0.00308139
0.003148262
0.003194852
0.00323691
0.003287855
0.003294512
0.003255865
0.003233625
0.003198344
0.00311575
0.002999686
0.002889679
0.002837657
0.002809892
0.00272674
0.002595773
0.002492987
0.002427609
0.002337329
0.002256652
0.002219799
0.002173788
0.002110251
0.002076617
0.002073093
0.002073534
0.002053867
0.001992462
0.001916094
0.001844138
0.001717175
0.001555364
0.001416067
0.001299812
0.001186156
0.001046368
0.0008681443
0.0006902359
0.0005532081
0.0004577607
0.0003455089
0.000180436
5.859935e-06
-0.0001211852
-0.0002291565
-0.0003852174
-0.0005631317
-0.0006815873
-0.0008051523
-0.0009517407
-0.001041946
-0.001073488
-0.001148736
-0.001257734
-0.001276148
-0.001202561
-0.00112919
-0.001069023
-0.0009523796
-0.0007913123
-0.0006679016
-0.0005683416
-0.0004359439
-0.0003175634
-0.000255231
-0.0001978702
-0.0001430061
-9.160429e-05
-5.445374e-05
-5.932704e-05
-8.403255e-05
-0.0001205999
-0.0001993097
-0.0003270308
-0.0004070446
-0.0004732868
-0.0005922201
-0.000708625
-0.0007987827
-0.0008713479
-0.0009437387
-0.001018912
-0.001063368
-0.0010583
-0.001041289
-0.001015051
-0.000982813
-0.0009903406
-0.00101614
-0.001036669
-0.001083098
-0.001171829
-0.001283838
-0.001378969
-0.001452383
-0.001514537
-0.001579638
-0.001636734
-0.001694393
-0.001746938
-0.001782647
-0.001830167
-0.001884339
-0.001895148
-0.001864646
-0.001816883
-0.001789434
-0.001738049
-0.001637818
-0.00149862
-0.001335644
-0.001211921
-0.00113753
-0.001044095
-0.0009448461
-0.0009109028
-0.0009237913
-0.0008855757
-0.0007836877
-0.0006843617
-0.000611967
-0.0005710766
-0.0004881685
-0.0003638185
-0.0003012128
-0.0002942641
-0.0002732933
-0.0002344008
-0.0002109608
-0.0001942675
-0.0001289115
-1.853921e-05
8.173659e-05
0.0001528011
0.0001917995
0.0002380019
0.0003159453
0.0003836341
0.0004204998
0.0004548741
0.0004943099
0.0005236399
0.0005477624
0.0005621297
0.0005634385
0.0005387029
0.0005556486
0.0006447002
0.0007428326
0.0007906481
0.0008073827
0.0008592081
0.0009333097
0.00098239
0.001031328
0.001116274
0.00122919
0.001309987
0.001301446
0.001260315
0.001238993
0.001205645
0.001127463
0.001021828
0.0009100066
0.0007677129
0.0006207608
0.0004844692
0.0003207096
0.0001405863
-1.974505e-05
-0.000158053
-0.0003117192
-0.0004563951
-0.0005560331
-0.000625637
-0.0007096366
-0.000792664
-0.0008613032
-0.0009299622
-0.001000298
-0.001024227
-0.0010277
-0.00105975
-0.001114059
-0.001170315
-0.001205002
-0.001220951
-0.001214289
-0.001221294
-0.001268043
-0.001331433
-0.001354766
-0.001355073
-0.001385755
-0.001426219
-0.001456779
-0.001439891
-0.001382875
-0.001334866
-0.001288355
-0.001254466
-0.001251581
-0.00125506
-0.001240194
-0.001240187
-0.001260042
-0.001268067
-0.0012789
-0.001307924
-0.00137427
-0.001442713
-0.001487888
-0.001550992
-0.001649786
-0.001748188
-0.001809147
-0.00187035
-0.001934072
-0.001973118
-0.00200195
-0.002037712
-0.002071723
-0.002057857
-0.001992248
-0.001941696
-0.001934549
-0.001903304
-0.001814651
-0.001715717
-0.001651699
-0.001611038
-0.001548724
-0.001450095
-0.00134697
-0.001266226
-0.001179554
-0.001072591
-0.0009663427
-0.0008742707
-0.0007905296
-0.0006819087
-0.0005643509
-0.0004698133
-0.0003848168
-0.0003217497
-0.0002835322
-0.0002483308
-0.0001935081
-0.0001071943
-3.736699e-05
-2.404139e-05
-5.057756e-05
-4.370848e-05
9.459441e-06
2.304527e-05
-6.107095e-06
-1.111878e-05
3.082641e-05
4.345897e-05
2.287969e-05
-6.735745e-06
-6.410163e-05
-0.000140606
-0.000231838
-0.0003478937
-0.0004719142
-0.0005886754
-0.0006938405
-0.0007703302
-0.0008309019
-0.0008867024
-0.00090081
-0.0008651591
-0.0008218922
-0.0007784307
-0.0007272799
-0.0006740084
-0.0005916717
-0.0004886401
-0.0004070734
-0.0003431129
-0.0002931861
-0.0002584291
-0.000235293
-0.0002344181
-0.0002613144
-0.0002928038
-0.0003063024
-0.000324445
-0.000363391
-0.0004158931
-0.0004803906
-0.0005564494
-0.0006330367
-0.0006943853
-0.0007461346
-0.0007912224
-0.000840647
-0.0008965116
-0.0009317274
-0.0009439987
-0.000961828
-0.0009898411
-0.001028396
-0.001060923
-0.001058999
-0.001017808
-0.0009588503
-0.0009050008
-0.0008473007
-0.0007851519
-0.0007127054
-0.0006217634
-0.0005062129
-0.0003742615
-0.0002532801
-0.0001281898
5.247374e-06
0.0001325148
0.0002378175
0.0003195117
0.0004104466
0.0005109139
0.0006127191
0.0006849731
0.0007285717
0.0007662103
0.0007895369
0.0007869305
0.0007720548
0.0007305871
0.0006616811
0.0006144572
0.0005919891
0.0005525148
0.0005127565
0.0005021093
0.0005013899
0.0005221092
0.0005500059
0.0005689665
0.0005970746
0.0006192946
0.0006242754
0.0006354994
0.0006471515
0.0006486241
0.0006424345
0.000642155
0.0006420108
0.0006411303
0.0006439987
0.0006279167
0.0005870813
0.0005718289
0.0005788973
0.000575323
0.0005435605
0.0004952328
0.0004579586
0.0004245644
0.0003792462
0.0003155894
0.0002509555
0.0002044723
0.000175375
0.0001689525
0.0001654773
0.0001516226
0.000128767
0.0001073108
9.230668e-05
9.09291e-05
8.753831e-05
7.16923e-05
5.185055e-05
5.202319e-05
7.441637e-05
0.0001028762
0.0001168198
0.0001436288
0.0001963351
0.0002328592
0.0002494219
0.0002809503
0.0003234394
0.0003620065
0.0003865708
0.000411307
0.0004644523
0.0005092819
0.0005321575
0.0005379573
0.0005383712
0.0005644516
0.0006134778
0.0006551522
0.0007053122
0.0007700137
0.000830174
0.000892827
0.0009808239
0.001059903
0.00110935
0.00113616
0.001150408
0.00115715
0.001150519
0.00112166
0.001091849
0.001054476
0.0009952278
0.0009249781
0.0008633381
0.0008141546
0.0007639489
0.0007022379
0.0006480117
0.0006171042
0.0006054364
0.000609109
0.0006168066
0.0006254645
0.0006428842
0.0006583669
0.0006383789
0.0006010172
0.0006045497
0.0006277549
0.0006184459
0.0005863531
0.0005703017
0.0005606698
0.000542277
0.0005088063
0.0004610056
0.0004145043
0.0003653129
0.0003146744
0.0002715936
0.0002238859
0.0001722553
0.0001369213
0.0001174226
9.936978e-05
8.457735e-05
7.46321e-05
5.242977e-05
3.686486e-05
4.514815e-05
4.203376e-05
1.708372e-05
-3.803187e-07
-9.766753e-06
-2.496618e-05
-5.120815e-05
-8.396988e-05
-0.0001141005
-0.0001387586
-0.0001714114
-0.0002096687
-0.0002403964
-0.0002567024
-0.0002617898
-0.0002755052
-0.0003032742
-0.0003312184
-0.0003616786
-0.0003951502
-0.0004179274
-0.0004367738
-0.0004708192
-0.0005257033
-0.0005678869
-0.0006014025
-0.0006471436
-0.0006860804
-0.0007140574
-0.0007356549
-0.0007443427
-0.0007551896
-0.0007736176
-0.0007851164
-0.000781242
-0.0007771919
-0.0007846447
-0.0007933023
-0.0007992877
-0.0008041681
-0.0008106239
-0.0008236813
-0.0008308764
-0.0008322641
-0.000843071
-0.0008611464
-0.0008677256
-0.000873822
-0.0008930447
-0.0009289937
-0.0009726553
-0.001004315
-0.00103069
-0.001051558
-0.001059227
-0.001048917
-0.001034522
-0.001027304
-0.001024002
-0.0009999113
-0.0009607631
-0.0009406292
-0.0009352636
-0.0009234572
-0.0009055793
-0.0008864102
-0.0008690264
-0.0008484954
-0.0008210764
-0.0007999602
-0.0007882401
-0.0007801796
-0.0007654776
-0.0007461823
-0.0007278829
-0.0007146804
-0.0007088692
-0.0006921402
-0.0006677389
-0.0006491115
-0.0006259154
-0.0006000459
-0.0005795023
-0.0005664589
-0.0005496654
-0.0005224976
-0.0004954815
-0.0004752376
-0.0004524242
-0.0004291682
-0.0004106257
-0.0003982826
-0.0003855753
-0.000370357
-0.0003548431
-0.0003392284
-0.0003242114
-0.0003140866
-0.0003083995
-0.0002999688
-0.0002921662
-0.0002879082
-0.0002814739
-0.0002731006
-0.0002725237
-0.0002692842
-0.0002547185
-0.0002380399
-0.0002259208
-0.0002082303
-0.000179293
-0.0001469902
-0.000119204
-9.873379e-05
-8.497092e-05
-6.776497e-05
-5.124472e-05
-3.560765e-05
-1.887634e-05
5.38433e-06
3.414354e-05
5.57111e-05
7.579992e-05
0.0001050165
0.0001331199
0.0001536173
0.000163522
0.0001708411
0.0001793647
0.0001766317
0.0001650018
0.0001439545
0.0001157604
9.725393e-05
7.700424e-05
4.807871e-05
1.822719e-05
-5.248461e-06
-2.774078e-05
-5.225377e-05
-7.556064e-05
-8.652657e-05
-8.033867e-05
-7.398567e-05
-6.715919e-05
-4.749513e-05
-2.40679e-05
-3.714113e-06
1.79186e-05
3.985575e-05
5.629584e-05
6.307855e-05
7.23637e-05
8.658554e-05
9.647926e-05
9.595389e-05
8.966929e-05
9.141506e-05
0.0001052101
0.0001202439
0.0001294129
0.0001390039
0.0001540216
0.0001765151
0.0001970809
0.0002088532
0.0002174921
0.0002319571
0.0002439267
0.0002465237
0.0002450596
0.0002442488
0.0002468455
0.0002539582
0.0002623108
0.0002683589
0.0002703097
0.0002741171
0.0002846676
0.0002964834
0.0002991844
0.0002946604
0.0002931151
0.000293517
0.0002951874
0.0003012949
0.0003092146
0.0003153721
0.0003183336
0.0003179066
0.0003182497
0.0003163822
0.0003092003
0.0003006454
0.0002952004
0.0002941529
0.0002924592
0.0002891631
0.0002867569
0.0002872547
0.0002881244
0.0002875647
0.000284294
0.0002787889
0.0002757341
0.0002754421
0.0002761835
0.0002766857
0.0002769711
0.0002822303
0.0002926076
0.0002991135
0.0003015257
0.0003070868
0.0003141092
0.0003185373
0.0003177096
0.0003132655
0.0003139437
0.0003157194
0.0003116042
0.0003048767
0.0002997245
0.0002942752
0.000289193
0.0002858484
0.000285041
0.0002868287
0.0002860036
0.0002831446
0.0002836476
0.0002858422
0.0002832563
0.0002740881
0.0002644029
0.0002574222
0.0002508036
0.00024509
0.0002409367
0.0002400444
0.000242228
0.0002413981
0.0002381077
0.0002389145
0.0002443617
0.0002519168
0.0002569464
0.0002599662
0.0002639425
0.0002685229
0.0002731498
0.0002773219
0.0002824302
0.0002852404
0.0002862997
0.0002862273
0.0002866806
0.0002896667
0.0002915736
0.0002900006
0.0002876397
0.0002898137
0.0002946061
0.0002971226
0.0002992095
0.0003016723
0.0003022259
0.0003028021
0.0003058439
0.0003083102
0.0003080608
0.0003079327
0.0003080865
0.0003080533
0.0003085222
0.0003064044
0.0003017418
0.000297801
0.0002961308
0.0002951823
0.0002923321
0.000288531
0.0002861125
0.0002852
0.0002811455
0.0002755467
0.0002710665
0.000267493
0.0002623304
0.0002553521
0.0002466659
0.0002389468
0.0002331915
0.0002270026
0.0002227866
0.0002213165
0.0002196429
0.0002174462
0.0002158737
0.000214661
0.0002153312
0.0002161818
0.0002147529
0.0002130089
0.0002111139
0.0002071594
0.0002009755
0.0001951932
0.0001910553
0.00018649
0.0001810563
0.0001768961
0.0001739794
0.0001702681
0.0001658262
0.0001614108
0.0001589711
0.0001583713
0.0001571171
0.0001552656
0.0001551433
0.0001565754
0.0001580845
0.0001600332
0.0001622923
0.0001645062
0.0001654237
0.0001653621
0.00016584
0.0001664403
0.0001664874
0.0001666698
0.0001657729
0.0001638431
0.0001628015
0.000161855
0.0001595697
0.0001572524
0.0001543613
0.000149764
0.0001446016
0.0001395935
0.0001360277
0.0001320804
0.000126783
0.0001226715
0.0001199648
0.0001172383
0.0001139673
0.0001113459
0.00011049
0.0001097518
0.0001078708
0.0001062944
0.0001062079
0.0001063862
0.000106227
0.0001055545
0.000106114
0.0001084783
0.0001107795
0.0001121066
0.0001128504
0.0001141623
0.0001165673
0.0001178441
0.0001179098
0.0001183262
0.0001195492
0.0001202523
0.0001198311
0.0001191518
0.0001187598
0.0001182078
0.0001174743
0.0001166393
0.0001154741
0.0001139974
0.0001127982
0.0001113936
0.0001093132
0.0001071046
0.0001055408
0.0001039097
0.0001014638
9.866371e-05
9.614125e-05
9.426709e-05
9.288317e-05
9.170126e-05
9.050896e-05
8.840944e-05
8.566715e-05
8.337575e-05
8.158292e-05
7.937496e-05
7.635e-05
7.338051e-05
7.105792e-05
6.85026e-05
6.515585e-05
6.194549e-05
5.956055e-05
5.679379e-05
5.361626e-05
5.086427e-05
4.866237e-05
4.648315e-05
4.429407e-05
4.261481e-05
4.153597e-05
4.053547e-05
3.946957e-05
3.88724e-05
3.88868e-05
3.917313e-05
3.946614e-05
3.958823e-05
3.958855e-05
3.966728e-05
3.993338e-05
4.024138e-05
4.038446e-05
4.041641e-05
4.065607e-05
4.1051e-05
4.128522e-05
4.142701e-05
4.129823e-05
4.103941e-05
4.113162e-05
4.127e-05
4.120223e-05
4.109237e-05
4.096595e-05
4.078406e-05
4.095127e-05
4.114544e-05
4.106499e-05
4.096171e-05
4.075837e-05
4.047404e-05
4.014744e-05
3.955954e-05
3.888533e-05
3.849564e-05
3.825883e-05
3.778171e-05
3.727575e-05
3.692152e-05
3.648256e-05
3.595066e-05
3.546262e-05
3.507291e-05
3.469088e-05
3.414648e-05
3.354707e-05
3.288315e-05
3.224181e-05
3.152522e-05
3.048812e-05
2.919153e-05
2.789805e-05
2.657448e-05
2.517685e-05
2.383544e-05
2.259681e-05
2.1399e-05
2.027979e-05
1.935843e-05
1.862928e-05
1.792094e-05
1.725673e-05
1.663627e-05
1.600708e-05
1.542373e-05
1.494609e-05
1.455819e-05
1.414398e-05
1.3729e-05
1.340157e-05
1.310683e-05
1.280696e-05
1.249759e-05
1.22431e-05
1.203553e-05
1.180509e-05
1.152462e-05
1.122518e-05
1.094741e-05
1.069877e-05
1.048723e-05
1.030664e-05
1.01379e-05
1.003838e-05
9.906689e-06
9.764365e-06
9.728164e-06
9.750105e-06
9.695403e-06
9.592861e-06
9.51285e-06
9.421566e-06
9.305249e-06
9.170047e-06
9.00033e-06
8.778649e-06
8.476469e-06
8.139491e-06
7.816613e-06
7.473886e-06
7.102647e-06
6.722578e-06
6.354348e-06
5.980952e-06
5.540445e-06
5.055441e-06
4.603074e-06
4.188258e-06
3.750564e-06
3.290076e-06
2.849825e-06
2.47526e-06
2.116277e-06
1.729469e-06
1.362176e-06
1.048114e-06
7.6736e-07
4.510625e-07
1.066604e-07
-2.189399e-07
-5.573407e-07
-8.981283e-07
-1.231855e-06
-1.561237e-06
-1.899851e-06
-2.241334e-06
-2.581031e-06
-2.922672e-06
-3.261251e-06
-3.593493e-06
-3.923879e-06
-4.264814e-06
-4.605368e-06
-4.931241e-06
-5.248567e-06
-5.571483e-06
-5.891649e-06
-6.210763e-06
-6.532393e-06
-6.850885e-06
-7.167755e-06
-7.485554e-06
-7.80189e-06
-8.115268e-06
-8.426648e-06
-8.737935e-06
-9.04649e-06
-9.354148e-06
-9.656945e-06
-9.958412e-06
-1.025979e-05
-1.055834e-05
-1.08613e-05
-1.116731e-05
-1.146228e-05
-1.175212e-05
-1.204829e-05
-1.234791e-05
-1.26451e-05
-1.294156e-05
-1.323965e-05
-1.353899e-05
-1.383876e-05
-1.413964e-05
-1.44412e-05
-1.474022e-05
-1.503527e-05
-1.532902e-05
-1.562272e-05
-1.591636e-05
-1.621036e-05
-1.650383e-05
-1.6795e-05
-1.708481e-05
-1.737509e-05
-1.766447e-05
-1.795184e-05
-1.823762e-05
-1.852297e-05
-1.880858e-05
-1.909355e-05
-1.937693e-05
-1.965897e-05
-1.994017e-05
-2.022088e-05
-2.05007e-05
-2.077972e-05
-2.105798e-05
-2.133471e-05
-2.161035e-05
-2.188574e-05
-2.21607e-05
-2.243469e-05
-2.270763e-05
-2.298e-05
-2.325184e-05
-2.352285e-05
-2.379312e-05
-2.40628e-05
-2.433189e-05
-2.460028e-05
-2.486795e-05
-2.513495e-05
-2.540131e-05
-2.566705e-05
-2.593213e-05
-2.619658e-05
-2.646039e-05
-2.672357e-05
-2.698615e-05
-2.72481e-05
-2.750943e-05
-2.777018e-05
-2.803033e-05
-2.82899e-05
-2.854887e-05
-2.880725e-05
-2.906504e-05
-2.932224e-05
-2.957885e-05
-2.983486e-05
-3.009028e-05
-3.03451e-05
-3.059933e-05
-3.085296e-05
-3.110599e-05
-3.135842e-05
