-5.313531e-06
-5.231491e-06
-5.192264e-06
-5.496516e-06
-5.269345e-06
-4.534296e-06
-5.328013e-06
-6.039823e-06
-5.431742e-06
-5.305183e-06
-5.498102e-06
-5.336362e-06
-3.530495e-06
-4.491868e-06
-6.479379e-06
-5.919142e-06
-6.843575e-06
-3.950915e-06
-3.57257e-06
-5.530624e-06
-3.301936e-06
-3.001567e-06
-5.510731e-06
-9.72865e-06
-4.735059e-06
8.180245e-06
-9.330673e-06
-2.834364e-05
-1.465564e-05
2.589053e-06
-4.3342e-06
-8.24709e-06
-9.697425e-06
-9.453862e-06
-2.317477e-05
-9.42125e-06
-1.186415e-05
-7.763762e-06
2.941234e-06
1.735475e-08
5.777995e-06
2.800451e-05
-1.465103e-05
-2.790533e-05
2.793341e-06
5.819237e-06
-8.63933e-06
-1.749578e-05
-1.00005e-05
-3.004733e-06
-1.365136e-05
-4.23987e-05
-5.455096e-07
-1.110398e-06
3.314638e-06
-4.179345e-06
-1.092748e-05
-4.50194e-06
6.00982e-06
-3.827032e-06
6.309976e-06
1.663838e-05
5.475117e-06
-4.287153e-05
-1.548946e-05
4.319418e-05
4.872362e-05
-4.523327e-05
-1.594637e-05
4.562729e-05
6.514609e-06
-4.540834e-05
-2.684813e-05
-9.713677e-05
-2.327481e-05
1.607291e-07
-1.72999e-05
5.677912e-07
-2.383309e-05
-0.0001135398
6.737483e-06
6.418783e-05
-2.295594e-05
-9.187659e-05
4.189184e-05
3.139199e-05
-1.180184e-05
-1.46986e-05
-1.446798e-06
4.757739e-05
7.265662e-06
-3.301936e-05
-0.0001368602
-3.216896e-05
-7.46725e-05
-5.57882e-05
2.809519e-05
3.349704e-05
-1.895105e-05
-4.270615e-05
0.0001020072
0.0001771465
3.67463e-06
-0.0002402315
4.864726e-05
9.072757e-05
-9.535018e-06
-2.590577e-05
-3.914759e-05
0.0001120274
-5.492487e-05
-0.0001469113
1.871013e-05
8.272761e-06
-3.687047e-05
-3.45828e-05
0.0001629402
-6.655875e-07
-5.746386e-05
1.691896e-05
-8.997013e-05
7.135986e-05
-5.793096e-06
-0.0001161728
3.399986e-05
9.990005e-05
3.419331e-05
-5.310287e-07
-3.331124e-05
-0.0001578346
2.705334e-05
4.656665e-05
-6.537693e-05
-2.236565e-05
5.368824e-05
8.931266e-05
-5.901285e-05
-0.0002016296
-0.0001713198
8.753915e-05
0.0001125106
3.922519e-05
5.513312e-05
-9.596424e-05
-0.0002166597
6.631767e-05
2.027984e-05
-4.304881e-05
-4.908593e-05
8.611041e-05
-2.682749e-06
-7.740681e-05
-1.633329e-05
-1.250787e-05
4.736329e-05
0.0001046593
4.878128e-05
-1.544233e-05
-1.290285e-05
-1.775872e-05
-9.263942e-06
4.187606e-05
-1.049005e-05
-8.201226e-05
6.086054e-05
0.0002087028
6.689291e-06
-2.933151e-05
-6.781406e-06
-1.53561e-05
-8.042667e-05
-6.783885e-05
0.0002252872
0.0002912998
-1.676217e-05
-0.0001297065
0.0001640189
0.0002242163
6.431235e-05
-4.037764e-05
-0.0001709698
8.928673e-05
0.0001750881
4.833151e-05
4.289764e-05
4.960414e-05
4.373687e-05
5.020059e-05
0.000103506
0.0001113784
0.0001056976
4.457845e-05
5.37588e-05
9.69587e-05
-3.635544e-06
-2.460753e-05
5.935289e-05
8.680978e-05
1.935082e-05
-6.264721e-05
-0.0002040817
0.0002461671
0.0001304057
-0.000201922
-0.0001392191
-1.272017e-05
4.836224e-05
-2.135581e-05
-6.398702e-05
3.425995e-05
-7.169754e-06
-1.337229e-05
-2.333812e-05
-0.0001252192
-2.174343e-05
-1.555155e-05
-6.603242e-05
-3.171408e-05
1.018657e-05
7.707049e-05
-4.563354e-05
8.584858e-05
-2.487147e-06
-0.0002684382
-0.0001832037
0.0001512589
0.0001210685
-2.144606e-05
-7.432051e-05
-1.196989e-05
0.0001036255
4.834461e-05
-1.234336e-05
-2.195377e-05
-3.682061e-07
-3.631821e-05
-0.000171162
-4.162265e-05
1.215846e-05
1.718331e-05
1.773529e-05
0.0001996104
6.968364e-06
-0.0001511746
-4.546277e-07
0.0001516635
2.419117e-06
-9.106546e-05
-6.041356e-05
3.060445e-05
-7.468971e-07
3.868687e-05
-1.574418e-05
-6.708193e-05
3.57709e-05
-8.262519e-06
-1.342264e-05
-2.168428e-05
-0.000130214
-1.344995e-05
9.497841e-05
6.870278e-05
8.043724e-05
-0.0001124189
-3.114691e-05
5.603084e-05
-2.174348e-05
-7.099167e-05
0.0001095635
0.000157917
-6.286837e-05
-2.214662e-05
4.662364e-05
-1.159844e-05
-1.684072e-05
-1.495872e-05
-1.303238e-05
4.49458e-05
4.751478e-05
-1.742281e-05
-1.094662e-05
0.000108766
-2.97469e-05
-0.0001660486
-5.739167e-05
-0.0002161298
-4.88623e-05
9.201013e-06
-3.200031e-05
-6.204533e-05
3.517203e-05
5.707924e-05
-9.002487e-05
-0.0001800267
3.04579e-05
5.465419e-05
-1.51742e-05
-1.931665e-05
-8.165479e-06
0.0001004186
0.0001748072
0.0001631413
-1.100988e-05
-0.0001424631
-1.796995e-06
0.0001472447
7.91945e-06
9.077679e-05
0.0001148256
4.5974e-05
-1.926319e-05
-6.822666e-05
-2.414543e-05
-5.12489e-06
3.807439e-05
-9.766407e-06
-1.665971e-05
4.674797e-05
4.578542e-05
-1.471589e-05
-1.553325e-05
5.210795e-05
-9.004221e-05
-0.0003023778
-2.619573e-05
0.0001694441
5.141204e-05
-2.242926e-05
-5.210507e-06
3.571126e-05
-7.043727e-05
-7.057348e-06
-4.00872e-05
-0.0002198096
-5.863165e-05
-9.901414e-05
8.245859e-05
5.701321e-05
-0.0001396853
-0.0001353395
-1.898171e-05
5.361046e-05
-2.335115e-05
-0.0002563955
-0.0001278849
0.0001501283
4.624339e-06
-9.529728e-05
9.896141e-06
7.407234e-05
-0.000162335
-4.411316e-05
3.109676e-06
3.84755e-05
4.664533e-05
-1.097214e-05
-2.332196e-05
9.104859e-07
-4.004979e-05
-0.0001673129
7.833601e-05
0.000129825
2.886296e-05
-0.0001242526
-8.313722e-05
-1.378137e-05
-1.130682e-05
-2.134591e-05
-6.934529e-05
-1.900541e-05
-1.354754e-05
-1.873833e-05
0.0001809632
0.0002689823
-5.661525e-05
-2.206867e-05
0.0001014858
-4.219471e-06
3.651165e-05
0.0001149727
9.870463e-05
-5.321857e-06
-2.495994e-05
-6.068114e-06
0.0001001035
0.0001132614
-2.30748e-05
-0.0001266037
-2.450672e-05
-1.003727e-05
-1.447762e-05
4.038477e-05
0.0001174152
0.0001556491
-5.804237e-06
4.279561e-05
0.0002308154
0.0001600193
3.61913e-06
-4.042078e-05
-0.0001182463
0.0002945808
0.0002595154
-0.0004657138
-0.0002192797
0.0002280663
0.0001824523
2.57561e-05
-0.000112945
-4.223164e-05
-4.734796e-05
1.731444e-05
-4.993347e-05
2.519461e-05
-1.126068e-06
-2.2632e-05
-1.305256e-05
4.942692e-05
9.862818e-05
5.688945e-05
9.647897e-05
5.487632e-05
-2.35939e-05
-6.608223e-05
-2.816122e-05
2.087738e-06
2.549483e-05
-5.733576e-05
9.666512e-05
0.0001068155
-7.22098e-05
-1.183107e-05
-3.267656e-05
-0.0001068741
7.231114e-05
-4.551367e-05
-3.969449e-05
6.734514e-05
0.000148975
-2.894611e-06
4.315912e-05
0.0001667971
-7.975021e-05
-0.000250868
4.204603e-05
0.0001600901
2.279163e-06
2.514431e-05
5.242249e-06
2.730074e-05
-6.160693e-05
-2.207767e-05
-2.043604e-05
6.360809e-06
-5.191443e-05
-0.0003394084
-4.851496e-05
6.405227e-05
-2.200335e-05
-1.244169e-05
4.152515e-05
0.0001174042
2.691736e-05
-0.0001747987
-3.490375e-05
-5.185318e-06
-1.619471e-05
4.360279e-05
-1.744872e-05
-2.188913e-06
-4.006492e-05
-0.0002288768
-4.21283e-05
3.495709e-06
-2.786464e-05
-5.802843e-06
4.21296e-05
-0.000145156
-0.0002390994
1.9858e-05
8.181695e-06
-3.183596e-05
-0.0001291892
-7.546044e-05
3.782508e-05
-3.645093e-06
-2.735545e-05
-6.622337e-05
3.950275e-05
0.0001105313
4.009407e-05
-3.412191e-06
-3.223038e-05
-0.0001840382
-1.740789e-05
3.345931e-05
-0.0001794612
-3.09113e-05
0.0001166465
9.820751e-05
5.751247e-05
3.187534e-05
-0.0001282227
-7.25957e-05
-9.461311e-05
-0.0002958945
-3.437979e-05
0.0001149828
4.614855e-05
-2.090562e-05
-6.247877e-06
9.584923e-05
5.732692e-05
-2.86713e-05
-5.95547e-05
2.558406e-05
6.498284e-06
2.383591e-05
-5.546733e-05
-3.515767e-05
3.647232e-06
8.92051e-05
4.426373e-07
-9.272474e-05
-5.640585e-05
8.36204e-05
6.417024e-06
3.022405e-05
-9.956898e-06
-7.729472e-06
-3.694819e-05
-0.0001066993
0.0001384643
3.235082e-06
-0.0001447248
-7.458308e-05
-1.666595e-05
-1.352827e-05
-1.743272e-05
-1.23177e-05
-2.219e-05
-8.577108e-07
-3.977292e-05
-0.0001672339
1.46905e-05
8.735313e-06
3.145862e-05
-1.15551e-05
-1.066495e-05
9.691338e-05
5.703089e-05
-2.599603e-05
-0.0001308334
-1.58736e-05
0.0001049285
-8.280787e-05
-0.0001147877
7.52333e-06
-0.0001537078
4.389013e-06
1.327097e-05
0.0001591285
3.091983e-05
-0.0002280614
1.058522e-05
1.294649e-05
2.528195e-05
6.161294e-05
9.142753e-05
7.789643e-07
-9.353371e-05
-0.0001238502
0.0002238603
0.0004093771
4.719698e-05
-0.0001968027
4.659226e-05
0.0002206027
5.774396e-05
-2.766636e-05
-4.565206e-06
9.81219e-05
5.012146e-05
-1.698787e-05
4.650185e-05
0.0001055565
4.545168e-05
-1.489306e-05
4.757362e-05
3.899739e-05
-6.722086e-05
-2.488156e-05
5.434006e-05
9.782427e-05
5.336197e-05
4.092277e-05
-1.521743e-05
-1.558398e-05
0.0001762955
8.464727e-05
-0.0002328341
2.81878e-05
0.0001104794
-0.0002002922
-0.000126437
0.0001472461
6.460488e-06
-9.765517e-05
7.483639e-06
0.0002030384
7.019911e-05
-3.624534e-05
-0.0001233367
-2.00003e-05
-2.329917e-05
-0.0001194574
-3.959518e-05
-5.036862e-05
1.849807e-05
1.1903e-05
7.829398e-05
1.472421e-05
-5.014159e-05
-0.0001595943
-5.484308e-05
-0.0001669656
-3.353539e-05
4.928963e-05
-1.099616e-05
4.055797e-05
-1.687384e-05
-6.348384e-06
9.306546e-05
-4.692006e-06
-1.909654e-05
-1.978978e-05
-6.868509e-05
3.887453e-05
4.772244e-05
-1.319424e-05
-2.483758e-05
6.66461e-05
1.054016e-05
-0.000280877
1.414351e-05
0.0001228548
-2.130088e-05
-7.572438e-05
-1.381669e-05
4.117989e-05
-1.023208e-05
-2.176317e-05
-6.56311e-06
-3.078721e-05
-5.518719e-05
8.298744e-05
3.285296e-06
3.517938e-05
4.669568e-05
-9.543446e-06
-2.908934e-05
5.692021e-06
8.014388e-05
-0.000113802
-3.152154e-05
0.0001145066
0.000102814
-1.531013e-05
-7.404127e-05
-1.930406e-05
-1.482249e-05
4.968003e-05
9.802916e-05
-7.296746e-06
-2.113894e-05
-1.220432e-05
-8.116272e-05
-7.151486e-05
0.0001045926
0.000102943
-7.418592e-05
5.289889e-05
0.000147709
-5.243164e-05
2.547252e-05
5.84397e-05
-2.590708e-05
-6.556688e-05
-2.772368e-05
-6.671177e-05
-2.179939e-05
4.881755e-05
3.964015e-05
5.955936e-05
-4.256592e-05
-0.0002228153
-5.461043e-05
-0.0001058202
-3.672486e-05
-3.863404e-06
-2.530161e-05
6.113157e-05
1.863617e-05
-0.0001651557
1.332109e-05
9.08072e-06
-3.530981e-05
3.330872e-06
8.531479e-05
6.435554e-06
-3.752997e-05
-0.0001188889
-2.872891e-05
-1.090949e-05
-1.362784e-05
3.974922e-05
-1.019515e-05
-2.157022e-05
5.502714e-05
8.835786e-05
7.137667e-05
0.0001387704
-0.0001749803
-0.0003386403
-0.0001852519
9.732266e-05
4.709111e-05
-0.0001358148
-1.485041e-05
9.998691e-05
-8.348939e-06
-2.069406e-05
4.806949e-05
4.187965e-05
-1.085775e-05
-2.239287e-05
-7.613658e-06
3.472321e-05
-1.427927e-06
-9.618824e-05
-0.0001784189
9.234344e-05
0.0001097845
-0.0001350455
-0.0001439012
5.885561e-05
1.832297e-05
-0.0002232541
8.846424e-06
7.373474e-05
8.690804e-05
-4.625487e-06
-2.090736e-05
4.695159e-05
4.47478e-05
-1.767659e-05
-9.598573e-06
3.36057e-05
1.677534e-07
2.61637e-05
3.483672e-06
9.068944e-05
-7.491644e-06
-7.964327e-05
4.723497e-05
0.0001015254
-8.815048e-06
-8.664018e-05
-6.296672e-05
-3.272837e-05
-0.0001852625
-2.211524e-05
0.0002889493
0.0002958052
-3.307921e-05
-0.0001706593
0.0001991662
0.000122403
-1.362605e-05
-3.388791e-05
-5.108832e-05
0.0002046856
0.0001199829
-2.056975e-05
4.601171e-05
0.0001060066
4.351818e-05
-1.172901e-05
3.962833e-05
4.989921e-05
4.25873e-05
-1.678475e-05
-1.252209e-05
0.000103691
0.0001041249
5.113666e-05
0.0001012906
4.029706e-05
6.758265e-05
4.197071e-06
-0.0002747009
0.0001353855
0.0001137113
-0.0002535603
-2.057825e-05
0.0002867633
0.0001725549
-8.308031e-05
-0.0001312515
4.038188e-05
4.440108e-05
-7.318986e-05
-1.594634e-05
-2.692322e-05
-5.119351e-05
-5.495196e-05
-0.0002176726
0.0001343793
0.0001844812
-2.405243e-05
-8.386062e-06
9.722602e-05
-9.603832e-06
-7.964007e-05
-1.356774e-05
-2.151095e-05
-7.075765e-05
4.554753e-05
-2.903021e-05
-0.0001753392
1.783175e-05
7.040351e-05
8.250812e-05
8.989066e-06
-4.513858e-05
-0.0001057185
7.57812e-05
6.535668e-06
-2.989283e-05
-6.689733e-06
-2.618996e-05
-2.82274e-06
9.246749e-05
-6.823058e-06
-1.923089e-05
0.000104969
0.0001109277
-8.765426e-05
-0.000245627
-2.76877e-05
4.797972e-05
-1.057303e-05
-2.635133e-05
-6.532707e-05
3.192549e-05
0.0001242726
1.754014e-05
-0.000226283
-4.729469e-05
3.055274e-06
0.0001638457
0.0002188774
-6.315952e-05
-0.0001531857
3.00712e-06
0.0001399786
1.951614e-05
-5.804418e-05
-0.0002169363
7.481976e-06
1.17069e-05
-3.701346e-05
3.441211e-06
8.627945e-05
6.788673e-07
3.481794e-05
4.818212e-05
-1.544928e-05
-1.641693e-05
-1.927001e-05
5.17754e-05
0.0001609815
-1.627679e-05
-0.0001922339
-8.713797e-05
-4.553673e-06
-3.157136e-05
-5.672486e-05
8.448903e-05
8.213557e-07
-2.60022e-05
-1.174407e-05
-1.782115e-05
-1.503245e-05
-1.708528e-05
-1.608856e-05
4.691286e-05
0.0001017008
5.173732e-05
-2.72452e-05
-9.776532e-08
0.0001496999
-2.247179e-06
-0.000148754
-6.719362e-05
9.775148e-05
-1.404079e-05
-0.0001339651
-2.143628e-05
-1.479327e-05
-7.328452e-05
-8.630321e-05
-6.162678e-05
-3.856933e-05
-0.0001127918
2.520663e-05
-7.179659e-05
-6.757405e-05
0.0001526814
-1.178473e-05
-3.864374e-06
0.0002051659
5.518195e-06
-9.071193e-05
-7.256136e-05
-1.331739e-05
-2.371937e-05
-0.0001927428
-0.0001376937
-2.567965e-05
-9.319521e-07
9.097396e-05
-6.787412e-06
-2.022949e-05
0.0001110747
3.216823e-05
-0.0001193991
2.786026e-05
-7.128381e-06
-8.027261e-05
4.800062e-05
9.991825e-05
-7.048188e-05
-0.0001444545
-1.019949e-05
0.0001630291
4.294812e-05
-0.0001305402
-2.740198e-05
0.0001204416
8.73725e-05
-0.0001803217
-0.0001531268
-6.882055e-06
0.0001009631
4.716354e-05
-8.082316e-05
-8.363355e-06
0.0001571205
5.045673e-05
-1.568775e-05
4.27158e-05
-7.876721e-05
-0.0001955598
-1.601775e-05
9.817499e-05
-3.51174e-06
-2.933854e-05
-6.818725e-05
-1.714241e-05
-8.517449e-05
-0.0001903559
0.0001685182
0.0003342434
5.552094e-06
-3.626603e-05
0.0001244072
0.0002071805
6.825165e-05
1.969519e-05
8.787213e-06
0.0001448706
6.155978e-05
-3.085271e-05
6.30175e-05
0.0001433952
-5.337166e-05
-3.565075e-05
5.806418e-05
0.0001595061
0.0001071334
-1.279728e-05
-2.275955e-05
-7.121584e-06
3.152141e-05
6.231523e-05
0.0001486512
-5.198979e-06
-1.293495e-05
-3.46069e-05
-0.0001158362
0.0002790099
0.0002179513
-0.000302493
-0.0001511885
0.0001700492
0.0001077924
-0.0001452557
-0.0001240458
0.0001464735
0.0001296224
-4.41837e-05
-0.0001681883
7.703135e-05
6.614933e-05
-3.237403e-05
-3.016646e-08
8.651683e-05
5.610629e-06
-3.989537e-05
-5.543506e-05
0.0001539313
4.264832e-05
-0.0001848261
-3.558302e-05
6.285029e-05
9.156821e-05
-7.050559e-05
-7.431372e-05
3.325716e-05
-1.107445e-06
3.006774e-05
-5.24899e-06
3.841816e-05
4.743575e-05
-1.91332e-05
-1.108291e-05
3.938567e-05
-7.878286e-05
-6.345592e-05
1.768349e-05
-0.0001027966
-5.420476e-05
-0.0001656201
-4.197216e-05
4.162598e-07
-2.609663e-05
-7.342035e-05
-1.537713e-05
0.0001016434
5.044645e-05
-8.646941e-05
-0.0001242369
-3.351643e-05
-0.0001237883
-8.602283e-05
-1.249508e-05
-2.021603e-05
-8.01483e-06
-3.037825e-05
-0.000122852
3.393647e-05
4.783699e-05
-7.559666e-05
-2.276332e-05
0.0001849738
6.738012e-05
-0.0002659451
-7.425118e-05
-0.0002784736
-0.0001588492
4.59824e-05
-7.291963e-06
-3.066471e-05
-5.866758e-05
-3.85733e-05
-0.0001190873
9.825453e-05
9.723061e-05
-0.0001202336
2.600185e-05
0.0001210332
3.118824e-05
-0.0001274187
-2.337851e-05
0.0001118413
-2.925591e-05
-0.0001162487
7.990362e-05
4.782367e-06
-3.033343e-05
-6.978413e-06
-2.467927e-05
-7.016589e-05
-2.093183e-05
-1.474109e-05
-7.969286e-05
-9.888369e-06
9.484657e-05
5.577878e-05
9.690336e-05
5.368334e-05
-0.0002144213
-0.0003627107
-3.261396e-05
4.995655e-05
-7.416462e-05
-2.13658e-05
4.596777e-05
0.0001093653
9.844809e-05
-7.159374e-05
-7.672559e-05
-2.766738e-05
7.488857e-06
8.460671e-06
-0.0001577562
6.870212e-05
8.855785e-06
-9.289983e-05
-6.205249e-06
0.0001601818
0.0001085676
-8.154599e-05
-5.66206e-06
0.0001500146
-9.549144e-07
-2.604312e-05
4.939413e-05
4.129599e-05
-1.389721e-05
-1.739138e-05
-1.721527e-05
-7.638034e-05
-7.800472e-05
-1.732681e-05
4.898003e-05
-2.741967e-05
-0.0001210371
-3.60896e-05
-6.188631e-05
3.556191e-05
0.0001129018
-3.343242e-05
1.876639e-05
0.0001775502
-0.0002095438
-0.0001780232
-0.000114104
-2.946416e-05
5.089977e-05
4.110635e-05
-1.277137e-05
-8.551137e-05
-1.494735e-06
0.0001470919
2.241161e-07
-2.381632e-05
-2.056895e-05
-4.043113e-06
0.0001516957
5.682118e-05
-8.524411e-05
-0.0001366167
4.889479e-05
0.0002210368
-1.499558e-05
-0.0001941844
-2.328687e-05
4.731549e-05
-1.440038e-05
-2.362759e-05
0.0001178763
0.0002749382
5.317803e-05
-7.96731e-05
0.0001056554
0.0002265245
0.0001063996
-1.683621e-05
4.656457e-05
0.0001010136
-1.132695e-05
-8.290755e-05
-9.585994e-06
9.70043e-05
5.212058e-05
4.011838e-05
4.504998e-05
4.748915e-05
3.895257e-05
-1.080553e-05
4.151742e-05
4.41374e-05
-1.589847e-05
4.733015e-05
9.962139e-05
-1.315388e-05
-1.084661e-05
-3.193006e-05
-0.000122812
0.0002248017
0.0002749486
-0.0001811171
-0.0001480605
4.246475e-05
-1.009767e-05
-2.097176e-05
-1.61003e-05
-1.342691e-05
-2.196802e-05
-7.185919e-05
-2.113876e-05
4.875029e-05
3.817672e-05
-6.79674e-06
-2.868338e-05
-0.0001269923
-8.641444e-05
-1.041747e-05
3.865273e-05
5.280781e-05
-2.802134e-05
-0.000188232
-8.543186e-05
4.960085e-05
-2.258985e-05
-0.0001316568
-2.086156e-05
4.487136e-05
-1.686686e-05
4.837437e-05
0.0001608282
4.596677e-05
-9.479084e-06
2.888834e-05
4.124691e-06
8.373644e-05
3.828266e-06
-3.619075e-05
3.456979e-06
0.0001470168
6.174392e-05
-9.309515e-05
-0.0001846179
-9.325542e-05
1.488961e-06
2.102609e-05
-4.767894e-05
1.014247e-05
-0.0001048716
-4.290498e-05
-0.000128529
-3.354913e-06
6.968142e-05
-0.0002136162
7.35226e-07
1.489871e-05
2.609721e-05
-8.361683e-06
-1.94288e-05
4.79929e-05
-2.511963e-05
-0.0001272896
3.799865e-05
3.909063e-05
-5.90037e-05
-4.549868e-05
-0.0001051106
7.430482e-05
7.021583e-06
-3.281183e-05
-4.106326e-06
-2.717344e-05
-0.000192709
-0.0002026735
-1.439709e-05
3.993464e-05
-7.088818e-05
-8.722855e-05
5.984692e-05
0.0001446355
-5.448854e-05
-3.426289e-05
-8.640252e-06
4.741397e-05
3.192237e-05
-0.0001220453
-3.018629e-05
-1.115569e-05
-1.29217e-05
-2.696573e-05
-0.0001275515
-2.174315e-05
-2.033935e-05
-0.0001294591
-2.690752e-05
5.61954e-05
-3.340895e-05
-0.0001180528
0.000148782
0.0001763284
-1.910127e-05
-0.0001428035
-5.451094e-06
0.0002121048
5.829561e-05
-8.767396e-05
-6.946158e-05
3.543602e-05
5.577797e-05
-3.096422e-05
-0.0001849384
-8.750173e-05
-1.71333e-05
5.801723e-05
8.045176e-05
-0.0001101677
2.336634e-05
-1.002086e-05
-1.202662e-05
0.0002226109
0.0001028271
-0.0001930062
-7.973051e-05
9.962397e-05
5.411145e-05
3.558411e-05
-1.095887e-05
-1.86826e-05
-1.815578e-05
-1.221311e-05
3.81509e-05
5.122624e-05
9.867311e-05
0.0001116693
0.0001008598
-1.603535e-05
-7.215941e-05
-2.936638e-05
6.289577e-05
0.0002084792
-2.932978e-06
-0.0001483136
-2.670719e-06
2.016799e-05
-0.0001698099
1.941302e-05
5.660902e-05
4.565158e-05
3.423592e-05
-0.0001263777
-8.805944e-05
-7.144656e-06
-2.913995e-05
-6.175174e-05
9.006839e-05
5.492734e-05
-2.160947e-05
-1.650544e-05
0.0001087853
0.0002235091
4.614427e-05
-0.0002009125
-0.0001351082
0.0001000807
0.0001098001
-2.132576e-05
-8.672724e-06
9.324788e-05
6.087977e-05
1.987312e-05
0.000140692
0.0003696981
1.872632e-05
-0.0001022437
6.118954e-05
0.0002143539
0.0001155067
-2.486418e-05
-8.784328e-06
9.885083e-05
4.703443e-05
-1.648236e-05
0.0001064066
0.0001620472
5.07102e-05
-2.371254e-05
-8.341713e-06
3.384723e-05
-4.013955e-06
-3.129476e-05
-6.187713e-05
2.897699e-05
5.710255e-05
9.676103e-05
4.964997e-05
-2.415595e-05
6.247444e-05
1.253833e-05
-0.0002253095
0.0001434671
0.0001716788
-0.000260301
-0.0001930541
0.000153525
5.325989e-05
-7.767691e-05
-2.316907e-05
-6.909446e-06
-2.951041e-05
-6.154354e-05
2.46994e-05
8.362511e-06
-0.0001110451
-0.0002816703
-5.6262e-05
-4.816863e-05
9.222424e-05
0.0001010727
2.302957e-07
8.391054e-05
-5.672274e-05
-0.0001610247
-5.085144e-05
0.0001987423
7.115207e-06
-9.500332e-05
5.924232e-05
0.0002129186
5.629197e-05
-8.651065e-05
-6.939306e-05
-2.570662e-05
-7.134457e-05
4.431939e-05
0.0001605907
5.186181e-05
-2.250448e-05
-1.448792e-05
0.000107781
0.0001607956
-1.245142e-05
-7.690011e-05
-2.311695e-05
-5.387221e-06
-3.271812e-05
-0.0001190171
-3.843956e-05
5.744185e-06
8.275964e-05
5.538016e-06
-3.785099e-05
-0.0001207049
-2.820137e-05
-1.529037e-05
-6.535452e-06
2.360914e-05
-4.990695e-05
7.496065e-05
7.271879e-05
0.0001443719
-3.549206e-06
-8.52267e-05
5.372747e-05
3.004359e-05
-0.0002495477
-0.0001353992
-3.785004e-05
-0.0002304562
-4.540838e-05
6.652333e-05
8.896894e-05
-5.225546e-06
-2.317414e-05
-1.430703e-05
-1.835438e-05
4.946851e-05
3.354115e-05
-6.352954e-05
3.068523e-05
5.588092e-05
-2.715294e-05
-0.0001293941
-2.487371e-05
0.0001148009
3.198846e-05
-0.0001906407
-1.211223e-05
8.365505e-05
-0.0001700254
-4.066267e-05
-8.500337e-06
5.492205e-05
7.99307e-05
-0.0001699
-3.94639e-05
-7.521592e-06
-1.262805e-05
3.074035e-05
1.268651e-06
8.824121e-05
-3.043732e-06
-9.113039e-05
2.42211e-06
7.871518e-05
-0.0001099352
-4.090797e-05
1.477175e-07
3.282621e-05
5.393788e-05
3.390786e-05
-5.252908e-06
3.364669e-05
-8.495436e-06
-2.345052e-05
5.227846e-05
9.513912e-05
-6.264915e-06
-2.43749e-05
-1.463818e-05
5.024914e-05
3.068146e-05
-0.0001233222
3.51642e-05
0.0001048108
-9.444435e-06
-2.652707e-05
-6.69808e-06
3.598935e-05
-7.276618e-05
-0.0001417653
-1.240186e-05
9.911901e-05
-1.157153e-05
-7.966642e-05
-1.820616e-05
4.977282e-05
-2.606638e-05
-0.0001908775
-2.06026e-05
0.0001675478
-2.223023e-05
-0.0001890147
3.503135e-05
0.0001079661
-1.512879e-05
-1.778412e-05
4.369183e-05
4.348201e-05
5.125288e-05
-3.2956e-05
-0.0001159294
8.419078e-05
-4.865787e-06
-0.0001409989
-8.039091e-05
-1.48141e-05
4.889454e-05
-3.387784e-05
1.284584e-05
0.0003182906
3.903151e-06
-0.0002715472
-4.709041e-06
0.0002078072
6.027571e-06
-3.629287e-05
-2.397158e-06
3.641927e-05
-7.792952e-05
-7.276067e-05
0.0002871999
0.000342952
-8.145587e-06
-8.157531e-05
0.0001049174
0.0001662032
0.0001103761
-2.945666e-05
-5.776797e-05
0.0001448021
6.145847e-05
-2.943548e-05
5.73103e-05
0.0001505091
6.178895e-05
2.712016e-05
-1.129973e-07
2.851294e-05
-2.472259e-06
3.181459e-05
5.711881e-05
2.781295e-05
5.791873e-06
7.74523e-05
1.42652e-05
7.249797e-05
1.91081e-05
-5.433405e-05
-0.0002315039
0.0001601735
0.0002079206
-0.0003551984
-0.0001534148
0.0001621883
5.892753e-05
-3.218494e-05
-0.0001286483
-1.706591e-05
3.330163e-05
-5.878257e-05
2.317925e-05
2.130149e-06
2.949363e-05
-5.909108e-06
-2.440934e-05
-1.17164e-05
4.22639e-05
4.489668e-05
-2.266526e-05
6.592544e-05
-5.742249e-05
-0.0004570546
-5.221812e-05
0.0001183208
-1.271766e-05
3.443225e-05
-6.997521e-06
-8.688509e-05
-0.0001305988
-2.099434e-05
-1.871772e-05
-7.195396e-05
4.09963e-05
4.056111e-05
-6.936821e-06
9.444051e-05
5.341794e-05
-2.560022e-05
5.390583e-05
0.0002227568
-2.381786e-05
-0.0003065157
-2.701744e-05
4.003869e-05
-0.0001220306
-3.893399e-05
7.403504e-06
1.891499e-05
-0.0001142267
-3.665439e-05
-3.805504e-06
3.83588e-05
4.519911e-05
-1.517645e-05
-1.832612e-05
-1.641933e-05
-1.409723e-05
-2.455815e-05
5.736263e-05
0.0002151252
-1.302893e-05
-0.0001935252
-2.685151e-05
5.215451e-05
4.102728e-05
-1.832215e-05
-1.068751e-05
9.741013e-05
5.094452e-05
-1.868278e-05
-8.63785e-05
1.149353e-05
-6.759527e-05
-0.0004428769
-8.901082e-06
7.6499e-05
-2.96859e-05
-1.541986e-05
4.967332e-05
9.781681e-05
-7.333637e-05
-7.618425e-05
9.953826e-05
0.0001146532
-9.268699e-05
-0.0002403571
-3.708598e-05
-2.076414e-06
-2.455467e-05
-1.409208e-05
4.566769e-05
0.0001017828
4.705508e-05
4.538835e-05
3.884584e-05
-8.767141e-06
3.738049e-05
4.740315e-05
0.0001062823
0.0001654817
-1.971949e-05
-0.0001947441
-1.738427e-05
0.0001001589
-7.237949e-05
-7.755314e-05
3.969526e-05
-1.168914e-05
-8.083971e-05
-7.659474e-05
-1.467941e-05
-2.285913e-05
-6.903198e-05
3.736723e-05
4.709504e-05
-1.625666e-05
-1.735839e-05
-1.718753e-05
-1.606461e-05
4.592629e-05
3.983229e-05
-7.15633e-05
-8.476653e-05
-7.433327e-06
3.254003e-05
-6.672039e-05
-2.19864e-05
-1.86462e-05
-7.259942e-05
4.295349e-05
3.819869e-05
-6.698064e-05
3.555708e-05
4.673909e-05
-1.295588e-05
-2.374156e-05
-7.006975e-05
-2.366382e-05
5.013377e-05
0.0001022025
-1.748956e-05
-0.0001356585
-1.83746e-05
0.0001049419
4.368793e-05
-1.17907e-05
-2.673385e-05
-6.20848e-05
-4.001822e-05
1.630457e-05
0.0001259148
-9.861248e-05
-4.747893e-05
-0.0001216896
-0.0001449628
-1.412718e-05
-2.055295e-05
-7.417821e-05
0.0001058494
0.000225541
-8.097081e-05
-0.0003134507
-2.166795e-05
0.00016114
6.145831e-05
-4.732829e-05
-3.100347e-05
0.0001092115
-0.0002687972
-5.350798e-05
0.0002489282
0.0002144413
-9.913261e-06
-1.534249e-05
9.841697e-05
-1.083042e-05
-1.647138e-05
3.870651e-05
-8.508022e-06
-2.592987e-05
-5.735422e-06
3.222296e-05
-6.378042e-06
0.000100113
0.0001677554
4.204285e-05
-9.069477e-06
3.102026e-05
8.550561e-07
2.413293e-05
4.251131e-06
8.792471e-05
-7.185217e-06
-1.761016e-05
0.0001035292
4.041705e-05
-1.000975e-06
-4.139544e-05
-0.0002401111
0.0001041961
0.0002080891
-0.0002986283
-0.0001496522
0.0002288578
3.838397e-05
-0.0001823408
-3.996947e-05
-5.612192e-05
-3.342134e-05
-4.637991e-06
9.88214e-05
0.0001058778
4.964033e-05
3.547851e-05
-6.663556e-06
3.595945e-05
-9.838654e-06
-8.609738e-05
-3.415798e-06
0.000150827
-4.469203e-06
-8.349502e-05
-1.504746e-05
-1.547775e-05
-0.0001439947
-0.0001900118
-2.689658e-05
-9.968659e-06
-2.003448e-05
4.874524e-05
3.601915e-05
-6.610077e-05
-2.745681e-05
-1.105077e-05
0.0001083552
0.0001551425
3.780162e-07
-3.710714e-05
6.567654e-06
0.0001429578
3.880279e-06
-9.409195e-05
-6.4082e-05
9.405875e-05
0.0001163717
-3.045647e-05
-0.0001206372
2.652675e-05
-4.927894e-06
-1.858373e-05
-2.364825e-05
-6.488869e-05
3.113578e-05
-7.075448e-06
-1.996021e-05
-1.975358e-05
-7.558147e-06
3.272035e-05
-6.936059e-05
-1.47136e-05
-3.043463e-05
-0.0001790217
-3.59804e-05
-2.817454e-06
-2.603864e-05
-8.576201e-06
3.739248e-05
-1.209204e-05
-1.787811e-05
4.361389e-05
4.65462e-05
-2.068266e-05
-7.091818e-05
-2.527816e-05
-7.476874e-06
3.662843e-05
-1.165907e-05
-1.795432e-05
4.101953e-05
0.0001171076
2.132253e-05
-0.0001671979
9.545377e-06
1.407764e-05
2.268353e-05
-0.0001303347
-7.036659e-05
0.0001483135
6.357634e-05
9.518376e-05
-1.95379e-05
-0.0001246674
2.508701e-05
6.461367e-06
-0.0001683308
-0.00028497
7.942825e-06
1.065307e-05
9.046586e-05
0.0001740085
4.030195e-05
-0.000140368
-1.963129e-06
0.0001386317
-0.0001066674
-4.021481e-05
-6.896323e-05
-7.164808e-05
2.992707e-05
-6.170881e-05
-2.77293e-05
-1.402456e-05
5.371014e-05
2.361092e-05
-0.0001722661
-4.291712e-05
5.18362e-06
2.596334e-05
1.94682e-06
-3.51025e-05
-0.0001848306
-8.444751e-05
4.427363e-05
-1.394598e-05
-1.832748e-05
4.687657e-05
3.895739e-05
-7.564591e-06
3.475105e-05
-8.716646e-06
-2.15497e-05
-1.271125e-05
-2.15875e-05
-8.35849e-06
3.365819e-05
-5.97486e-06
3.963546e-05
-2.211579e-05
-4.934839e-07
0.0002079312
6.092595e-05
-9.032982e-05
-3.483483e-06
0.0001534872
-6.95012e-06
-0.0001436481
-1.434889e-05
0.0002296198
0.0002192547
-3.123632e-06
-3.146279e-05
-8.289887e-07
2.756249e-05
-5.960614e-05
-3.419127e-05
-4.845202e-07
9.447608e-05
-1.3417e-05
-7.421121e-05
0.0001021021
0.0001067084
-8.260659e-05
1.182385e-06
0.0001360827
-0.0001039092
-4.638425e-05
5.627531e-06
3.048336e-05
-7.225582e-05
-1.482087e-05
0.0002862316
0.0002881458
-1.546812e-05
-0.0001379485
4.673421e-05
9.454101e-05
5.072664e-06
1.581272e-05
-4.859797e-05
0.0001469166
4.949898e-05
-0.0001325447
3.754209e-05
0.0001073515
4.767546e-05
3.933355e-05
5.152159e-05
3.494971e-05
-4.033391e-06
3.119333e-05
-4.05577e-06
3.33836e-05
0.0001174788
0.0001527097
6.108631e-05
2.326746e-05
1.572211e-05
-6.338038e-05
-0.0002065231
0.0003067649
0.0001858443
-0.0002591372
-0.0002722818
-6.1436e-05
0.0001487208
1.718229e-06
-0.0001588082
-0.0001118409
7.300567e-05
-4.53286e-05
1.98491e-05
-2.085017e-06
-2.037841e-05
-2.227742e-05
-2.139499e-06
8.751449e-05
-6.328824e-05
-1.941362e-05
3.305076e-05
9.562243e-06
8.341391e-06
-0.0001621988
0.0001380085
0.0002469945
-3.377488e-05
-0.0002396027
-4.005328e-05
0.0001304328
0.0001424788
-0.0001197283
-8.50435e-05
4.111927e-05
-5.964038e-06
-2.986095e-05
-6.289255e-05
3.092223e-05
5.646442e-05
9.549002e-05
0.0001150622
9.844116e-05
-7.476494e-05
-0.0001370753
4.405326e-05
0.0001020841
-1.039013e-05
-2.066657e-05
-1.556975e-05
-1.517634e-05
4.406605e-05
4.319778e-05
-1.357529e-05
-1.901726e-05
-1.438671e-05
-1.84173e-05
-1.325916e-05
-2.110125e-05
-7.029245e-05
-8.781312e-05
-4.100564e-06
0.0002198101
0.0001035548
-0.0001272858
-2.92554e-05
5.167201e-05
0.000111926
-0.000101887
-0.0003427149
-5.873626e-05
-0.0001073739
-2.905995e-05
4.046823e-05
-1.106559e-06
8.652086e-05
2.651376e-06
-3.448891e-05
1.26867e-06
0.0001525867
5.253015e-05
-8.107026e-05
-9.481025e-06
-3.027083e-05
-0.0001822378
-2.892878e-05
4.9352e-05
-1.544131e-05
-1.861583e-05
-1.406215e-05
-1.867487e-05
-1.397279e-05
4.382466e-05
4.347594e-05
-1.368374e-05
-1.861965e-05
-1.492586e-05
-1.68065e-05
-1.642624e-05
-1.519151e-05
-1.818914e-05
-1.577116e-05
5.041985e-05
-3.139212e-05
-0.0001779997
2.538356e-05
5.584064e-05
-1.763172e-05
-8.513805e-05
-6.153759e-05
8.644276e-05
4.560114e-07
3.359389e-05
0.0001142425
3.53094e-05
-0.0001279924
-8.582889e-05
-1.003213e-05
-2.185569e-05
-7.065257e-05
-2.528792e-05
0.0001176509
0.000217538
-7.557494e-05
-0.000251659
-2.916563e-05
5.535704e-05
3.807408e-05
-1.209233e-05
-1.88025e-05
-1.461528e-05
-1.700913e-05
-1.846602e-05
5.433536e-05
2.472272e-05
-0.0001091251
1.169765e-05
1.47282e-05
0.0001430127
5.902721e-05
-2.23719e-05
4.559393e-05
0.0001105677
-2.793848e-05
-0.0002445388
-9.155225e-05
5.528762e-05
3.676713e-05
-7.11874e-05
-2.039804e-05
0.0001107359
3.719652e-05
-0.0001915209
-0.0001428405
4.79639e-05
3.866259e-05
-6.697628e-05
-2.775666e-05
-6.600759e-06
3.976267e-05
-1.674094e-05
-7.335143e-05
4.25836e-05
4.284891e-05
-7.29829e-05
-2.085313e-05
0.0001137886
3.031995e-05
-0.0001811098
-3.094044e-05
5.294323e-05
-1.899652e-05
-1.977144e-05
0.0002419747
0.0003882575
5.564261e-06
-8.991523e-05
4.884454e-05
0.0001071952
3.962886e-05
-8.919631e-06
0.0001614114
0.0002300473
0.0001053926
-1.513924e-05
-1.797316e-05
4.690273e-05
0.000105316
4.162727e-05
-8.073128e-06
3.423316e-05
-6.279227e-06
3.732047e-05
0.000112529
9.904318e-05
-9.575627e-06
-2.141955e-05
5.070788e-05
9.46289e-05
0.0001291614
8.324576e-06
-0.0002813338
7.95309e-05
0.0001112911
-0.0001929505
-2.002981e-05
0.0001659609
-7.8131e-05
-0.000314282
-0.0002097228
-6.625092e-05
3.555682e-05
-1.137984e-05
4.845752e-05
9.379725e-05
1.489086e-06
2.608675e-05
1.488676e-06
2.924921e-05
-2.285466e-07
-3.729109e-05
1.641978e-05
6.173544e-05
-0.0002113085
-5.99003e-05
1.636305e-05
0.0001490795
4.851918e-05
-0.0001315799
-2.642246e-05
5.683106e-05
3.027744e-05
-5.928383e-05
2.718784e-05
-2.039913e-06
-2.329235e-05
-0.0001389193
-0.0001919309
-2.546151e-05
5.367081e-05
3.755942e-05
-1.054687e-05
4.331712e-05
4.364598e-05
-7.809507e-05
-6.726714e-06
8.825e-05
-5.622204e-05
-3.464083e-05
-1.123453e-06
3.303731e-05
-6.25064e-06
-2.448116e-05
-7.025573e-06
3.224036e-05
6.560091e-05
1.526937e-05
-0.0001657906
7.948539e-05
0.0001188181
4.626941e-05
3.249277e-05
5.566988e-06
1.864576e-05
-0.0001761155
-2.820594e-05
0.0001084172
-1.742324e-05
-6.578971e-06
2.579476e-05
-0.000113258
-4.123464e-05
7.351018e-06
8.575164e-05
4.609471e-07
-2.859168e-05
-5.655322e-06
3.65319e-05
-1.07211e-05
-1.521396e-05
-2.445921e-05
-7.282721e-07
0.0001496266
6.088382e-05
-3.032493e-05
9.472985e-08
8.8161e-05
1.567506e-07
3.453747e-05
5.077294e-05
-2.155367e-05
-5.130843e-06
2.677279e-05
-5.264964e-05
-4.128088e-05
-0.0001796462
-2.53972e-05
0.0001698345
4.320894e-05
-0.0001361539
-1.368996e-05
0.0001583251
0.0001219915
-3.99331e-05
-0.0001661616
3.991632e-06
3.451029e-05
-1.588532e-05
-0.0002548514
0.0001072369
9.09169e-05
-4.729554e-05
-0.0001813149
-1.810124e-05
9.464449e-05
-0.0001216124
-8.776802e-05
-7.651779e-05
-6.836254e-05
3.274854e-05
-4.415078e-06
3.488227e-05
0.0001204877
2.22513e-05
-0.0001708367
8.275974e-05
0.0001175044
-1.345508e-05
-0.0001539045
-0.0001696374
5.404415e-06
-9.286765e-05
-6.203242e-05
-0.0001540134
-5.794595e-05
-9.88427e-05
-5.44216e-05
-3.472014e-05
-2.434317e-06
-0.0002088704
-0.0001279088
-9.013237e-05
0.0001265967
1.435197e-05
-9.572088e-05
-0.0001296493
-1.346643e-05
9.470659e-05
8.011227e-07
2.848045e-05
-2.361785e-06
3.747404e-05
-1.483782e-05
-7.200934e-05
-2.353789e-05
-7.719347e-06
3.80295e-05
5.175335e-05
3.902246e-05
-9.682135e-06
-2.145967e-05
-1.103093e-05
4.18539e-05
4.865776e-05
-2.284863e-05
-1.555845e-06
8.584727e-05
4.724947e-06
9.375812e-05
-1.44824e-05
-0.0001934996
-2.067405e-05
0.0001709421
9.816117e-05
3.113803e-06
1.398223e-05
2.285827e-05
0.0003169935
6.126465e-05
-0.0001347545
9.30693e-05
0.0001818849
0.0001559507
-1.014837e-05
-1.439539e-05
0.0001014492
4.744744e-05
4.943414e-05
9.802051e-05
-8.379344e-06
-1.8708e-05
4.433009e-05
4.780305e-05
4.370538e-05
-1.642691e-05
-1.284356e-05
0.0001015761
0.0001775616
2.249619e-05
-9.718423e-05
-9.904375e-06
-0.0002007458
5.518579e-05
2.341114e-05
-0.0001079415
-0.0001100933
0.000145511
0.000118577
-1.893867e-05
-1.66004e-05
-1.36366e-05
-1.841127e-05
-1.17423e-05
4.067792e-05
5.035573e-05
4.044579e-05
-1.016583e-05
-2.325389e-05
5.610384e-05
0.0001565447
-9.07741e-06
-7.980509e-05
0.0001140721
8.904038e-05
-0.0001769659
-3.077434e-05
4.829553e-05
-9.278961e-06
3.664212e-05
-1.001242e-05
-1.548665e-05
-2.063563e-05
-7.0455e-05
4.157808e-05
0.0001082304
-1.752947e-05
-0.0001374784
-6.994292e-06
2.301137e-05
-0.0001045136
7.184305e-05
1.183612e-05
2.938508e-05
-1.041638e-05
-7.40372e-05
-2.243063e-05
-6.352253e-06
-2.527746e-05
-0.0001310321
-1.588769e-05
0.0001626677
0.0001130656
-2.125456e-05
-0.0001339271
-7.756686e-05
4.485861e-05
4.61573e-05
-1.619007e-05
-1.389504e-05
4.329446e-05
4.694703e-05
4.554012e-05
4.427748e-05
-1.328196e-05
-0.0001398629
-0.0002602892
-0.0001322556
0.0001009576
-1.726269e-05
-0.0001268028
3.197164e-05
-5.131898e-06
-8.459496e-05
-5.125461e-06
9.276738e-05
-2.695836e-06
3.952677e-05
4.171636e-05
-1.531223e-06
2.191174e-05
1.675378e-05
0.000129943
-3.82768e-05
-4.918356e-05
-0.0001140064
9.909873e-05
0.0001570111
-5.144249e-05
-0.0001096152
-0.0002244395
-4.771564e-05
1.100594e-05
8.632116e-05
6.068798e-05
3.426351e-05
-6.099154e-06
-2.487796e-05
-4.646015e-06
3.449039e-05
-6.719828e-05
-8.378109e-05
5.235441e-05
0.0001629795
-1.669785e-05
-0.0001906061
-8.723649e-05
-5.305566e-06
3.727457e-05
-9.142213e-06
-1.952225e-05
-1.257838e-05
-1.833221e-05
-1.157925e-05
4.042466e-05
5.307021e-05
-2.450691e-05
-0.0001918975
-7.535011e-05
9.62511e-05
6.415477e-05
-4.00794e-05
-0.0001719978
2.408619e-05
-4.34419e-07
-0.0002140746
-0.0001133836
0.0001973404
7.796435e-05
-4.575444e-05
-0.000107513
-4.449375e-05
-0.0001730124
-0.0001579377
-5.855579e-05
2.795102e-05
2.625514e-06
2.905276e-05
-1.812559e-06
3.638797e-05
5.1964e-05
3.8809e-05
0.0001179682
0.0001535266
-6.522444e-05
-7.947154e-05
4.226793e-05
-9.468132e-06
-8.153411e-05
-7.546568e-05
0.0001164781
8.470052e-05
-0.0002340023
-3.02431e-05
0.0001053497
-1.795381e-06
2.737762e-05
3.757454e-06
2.88774e-05
-6.52013e-05
-1.73043e-05
3.941754e-05
-6.521064e-06
0.0001042054
3.760798e-05
-0.0001218918
3.177795e-05
5.241656e-05
-1.42198e-05
-2.181698e-05
-4.561596e-06
3.299706e-05
-6.423662e-05
-2.492103e-05
0.000114507
0.0002242443
0.0001061529
-9.284224e-06
9.907443e-05
0.000174786
0.0001628992
4.785849e-05
-1.316421e-05
-2.045866e-05
-7.036887e-05
-1.872431e-05
4.465313e-05
0.0001149586
9.183345e-05
-5.789374e-05
2.984457e-05
5.721224e-05
3.721664e-05
5.481426e-05
9.767011e-05
5.186047e-05
0.0001083385
9.827182e-05
-6.587655e-05
3.91367e-05
0.0001724486
3.98379e-05
-0.0001324105
5.174714e-05
8.620402e-05
-0.0001704087
2.370309e-05
0.0001173597
4.557458e-05
-2.112687e-05
-6.600332e-05
-2.723188e-05
-6.462602e-05
-2.424318e-05
-7.424826e-06
-2.453604e-05
-9.61468e-07
2.865234e-05
-0.0001231247
-1.990531e-05
0.0001035646
-9.938854e-06
-1.712073e-05
4.601292e-05
-1.608885e-05
-7.474375e-05
4.781444e-05
0.000101928
-7.250215e-05
-7.461993e-05
0.0001020974
0.0001136739
-2.551322e-05
-5.983909e-05
8.8862e-05
-2.356553e-06
-1.730985e-05
-2.177363e-05
-0.0001276975
-2.04039e-05
4.578701e-05
-1.314881e-05
4.715664e-05
0.0001023506
-8.806975e-06
-8.290437e-05
-7.427553e-06
0.000162256
0.0001081528
-1.24548e-05
4.459759e-05
4.402702e-05
-7.246316e-05
-7.880251e-05
-1.219756e-05
-1.961327e-05
-6.990934e-05
-1.994776e-05
-1.256454e-05
-1.680762e-05
5.190238e-05
3.384265e-05
-6.123977e-05
9.863427e-05
4.232448e-05
-0.0001229475
-3.264694e-05
2.188873e-06
2.829015e-05
8.955917e-06
-0.0001107789
-0.0002756921
-5.969589e-05
-0.0001642724
-9.253684e-05
-1.33287e-05
-7.083472e-05
4.448772e-05
3.632716e-05
9.563601e-06
1.101719e-05
-0.0002240759
2.161754e-05
0.0001821617
-2.613365e-05
-0.0001845208
-2.812422e-05
5.554727e-05
4.228987e-05
-1.782183e-05
5.637925e-05
0.000215719
5.811306e-05
-8.670756e-05
7.083192e-07
8.406548e-05
-4.943014e-05
2.426026e-05
-6.234108e-05
-0.0001447799
-6.8192e-06
0.000157363
0.0001196942
-2.436056e-05
-0.0003179023
-0.0003157424
0.0001053291
0.0001624552
-0.000189191
-0.0002026717
4.830549e-05
0.0001030301
-7.213992e-06
-2.34897e-05
-7.066941e-06
4.229189e-05
-1.799467e-05
-3.765977e-06
0.000154434
5.615012e-05
-1.693134e-05
-1.898864e-05
-9.469129e-06
0.0001083136
-2.478892e-05
-0.0003085766
-7.567564e-05
9.165104e-05
-0.0001132675
-3.640219e-05
6.291173e-05
9.446559e-05
-3.3819e-06
-8.816593e-05
-5.921069e-05
2.499565e-05
-5.137826e-05
-3.947985e-05
-5.344316e-05
9.105968e-05
5.644297e-05
-8.478541e-05
-1.16244e-06
0.00015267
-6.494171e-05
-0.0001402441
0.0001086198
0.000227375
4.627557e-05
-6.925879e-05
-2.771339e-05
2.719005e-06
8.874736e-05
3.19005e-06
-3.211019e-05
4.46758e-06
8.729295e-05
1.662718e-06
9.997085e-05
0.0001670083
5.200223e-05
4.208647e-05
4.499626e-05
5.857172e-05
-0.0001014338
-0.0002867299
8.120066e-05
5.76903e-05
-0.0002608193
-0.000194457
3.836372e-05
5.800754e-05
-2.905151e-05
-3.764251e-07
0.0003455962
0.0003449869
-2.235545e-06
3.986485e-05
0.0001033368
-2.104814e-06
-3.189022e-05
4.470944e-06
0.0002131318
0.0001787556
4.176281e-05
-1.136648e-05
-2.031656e-05
5.664874e-05
0.0001557603
5.737831e-05
4.086706e-05
4.742853e-05
-1.374254e-05
-1.463822e-05
4.472952e-05
0.0001123802
9.938857e-05
-5.83546e-06
4.359857e-05
3.563699e-05
7.80036e-05
5.702458e-05
-0.0002664077
0.0001976976
0.0001676434
-0.0002967302
-0.0001008265
6.455282e-05
3.427158e-05
-6.612671e-05
-2.149896e-05
5.224893e-05
4.013255e-05
-6.822971e-06
3.893294e-05
5.301828e-05
4.200564e-05
-1.344557e-05
-9.605734e-06
-2.608909e-05
-0.0001196191
-3.442396e-05
6.691465e-05
0.0002142362
-9.615093e-06
-0.0001911522
-2.847155e-05
0.0001283532
7.869104e-05
-0.0001620832
-5.142268e-05
2.034335e-05
0.0001387028
8.017921e-06
-2.791471e-05
-8.150163e-06
-1.620681e-05
-1.49565e-05
-1.291613e-05
4.533379e-05
4.839105e-05
-1.803234e-05
-1.106323e-05
0.000173686
2.783465e-05
-0.00029228
-3.874319e-05
0.000125333
-3.004204e-05
-0.0001803998
-3.058813e-05
6.053837e-05
3.257535e-05
3.663746e-06
2.409103e-05
-5.042829e-05
2.261081e-05
7.31116e-06
2.665533e-05
6.343906e-06
-3.563659e-05
-0.0001794373
-2.474816e-05
0.0001117375
-7.602143e-05
-0.000324005
-0.0001833226
0.0001474764
6.759966e-05
3.021416e-05
6.183064e-05
3.036096e-05
-0.0001211462
-2.248611e-05
4.393709e-05
1.107363e-06
-0.0001019008
-0.0002877017
-4.049855e-05
-2.852527e-06
-5.454362e-06
-4.474433e-05
-8.893174e-05
0.0001804358
-0.0002234065
-0.0003360016
5.523172e-05
0.0002211761
-7.171495e-06
-7.576515e-05
4.157905e-05
5.377173e-05
4.103708e-05
-1.041172e-05
-1.735481e-05
-6.758241e-06
-0.0001534305
-0.0002326928
8.394005e-05
5.785056e-05
-8.159288e-06
2.758024e-05
-5.053574e-05
8.651711e-05
-1.443812e-06
-8.006274e-05
-1.329664e-05
-1.068356e-05
-0.0002104448
-0.0002332488
7.798588e-05
1.063889e-05
-2.991406e-05
-3.235221e-06
-2.710828e-05
5.832074e-06
8.090727e-05
-4.49839e-05
-4.147838e-05
-0.0001775053
-0.0001466622
-9.964279e-06
4.387677e-05
5.476889e-05
-9.061131e-05
-0.0002382302
3.010685e-05
0.0001783503
0.0001063669
-2.070811e-05
2.517588e-06
8.561261e-05
-0.0001789985
-0.0001419158
4.124702e-05
5.764818e-05
9.903551e-05
-8.503605e-06
-0.000141771
-6.359131e-05
2.930415e-05
-0.0001175896
-2.824507e-05
0.0001182371
0.0001009681
-0.000133843
-0.0001933533
-2.049096e-05
-6.448688e-06
-0.0001495218
-0.0001090144
5.238252e-06
-0.0001477121
6.10384e-05
2.677925e-05
-5.096202e-05
-9.974674e-05
7.510681e-05
1.020369e-05
3.447483e-05
5.275821e-05
-8.290588e-05
2.493296e-06
0.0002090079
3.018078e-06
-8.288773e-05
4.803288e-05
0.0001129535
-2.584378e-05
-0.0001781619
-3.551722e-05
6.998546e-06
2.921053e-05
-3.096234e-06
0.0002316776
0.0003406485
-1.130932e-06
-8.226932e-05
0.0001125961
0.0001638325
-7.762388e-06
-7.929361e-05
-1.221305e-05
0.0001108124
0.000100624
-3.496647e-06
9.889846e-05
0.0001774576
9.884241e-05
-3.26338e-06
9.987384e-05
0.0001131312
-1.731494e-05
-7.106216e-05
4.45248e-05
0.0001088717
4.780588e-05
-1.41507e-05
-1.325006e-05
4.354251e-05
0.000121054
-3.776233e-05
-0.0002936364
0.0001589223
0.0002846557
-0.0003109013
-0.0003163607
0.0002257827
0.0001012265
-0.0003623309
-0.0002140768
6.032523e-05
9.506228e-05
3.25872e-06
2.775819e-05
5.154021e-06
9.421804e-05
5.300565e-05
5.173431e-05
9.508562e-05
6.406302e-06
-3.848549e-05
-0.0001104001
8.898632e-05
5.702737e-05
-7.770404e-05
-1.122395e-05
0.0001035381
0.0001142165
0.0001052505
-1.648847e-05
-6.561831e-05
3.606811e-05
-4.719864e-06
-2.053709e-05
5.916282e-05
-3.954177e-05
-0.0001514922
-7.488349e-05
-0.0002540315
0.0001170165
7.990679e-05
-9.479909e-05
1.017161e-05
-4.937603e-05
-0.0003401398
1.974152e-05
0.0001779953
-8.872891e-06
-2.198243e-05
-5.939698e-06
4.023855e-05
5.581737e-05
3.785284e-05
-6.568971e-05
-1.953949e-05
5.050283e-05
4.654235e-05
-1.486482e-05
-9.464354e-06
4.240779e-05
-9.740817e-06
-1.702662e-05
0.0001165785
9.352791e-05
-0.0001169776
-3.173305e-05
0.0001290701
7.904002e-05
-9.429268e-05
-6.147075e-05
-0.0002734142
-0.0001097473
1.123568e-05
2.867896e-05
4.099562e-06
2.944895e-05
4.587376e-06
3.248159e-05
-6.682895e-05
-1.061254e-05
0.0001561979
0.0001919043
0.0001422234
-0.0001698798
-0.0001566204
1.558776e-06
0.0001586165
0.0001191155
-8.862688e-05
-0.0001778761
3.000704e-05
-3.46943e-06
-7.600832e-05
-1.579368e-05
-1.171476e-05
-1.235071e-05
-1.685098e-05
-1.024393e-05
0.0001086411
0.0001074555
-0.0001400317
-0.0001220848
0.0002161595
0.0001140316
-6.903704e-05
3.831595e-05
5.555434e-05
-1.971141e-05
-6.834858e-05
-1.828192e-05
-1.151638e-05
-1.107912e-05
-1.849217e-05
-6.980932e-05
4.691381e-05
0.0001670705
0.000112204
4.443754e-05
5.280592e-05
3.905446e-05
-1.968285e-06
9.606923e-05
0.0001243946
-3.385537e-05
-0.0002362679
3.49021e-05
0.0001710961
-9.441357e-06
-1.454889e-05
4.533257e-05
-1.101122e-05
-1.294431e-05
4.653865e-05
-1.408379e-05
-7.133237e-05
-1.565829e-05
-1.266453e-05
-7.614484e-05
-4.86377e-06
3.061488e-05
-5.088191e-05
8.310017e-05
0.0001356238
8.207198e-05
-0.0001737767
-8.881008e-05
0.0001179353
9.915451e-05
5.806812e-07
2.950888e-05
7.133365e-05
8.077599e-05
-0.0001065342
-3.719695e-05
3.270142e-06
3.9263e-05
-1.080869e-05
-7.471375e-05
5.201837e-05
0.0001002923
-6.692557e-05
-1.287361e-05
0.0001013518
-3.172669e-06
-2.278892e-05
5.82453e-05
9.826946e-05
-6.716518e-05
-7.440079e-05
4.319713e-05
-6.70367e-06
-8.101595e-05
-8.018377e-06
0.0002943429
0.0002804436
-0.0001200927
-0.0001480442
0.0001221738
0.0002129365
9.855946e-06
-3.810167e-05
1.183549e-05
0.0002095805
0.0001244325
-2.419951e-05
-1.475818e-06
9.457001e-05
6.464593e-05
3.1431e-05
-6.130052e-05
4.290593e-05
0.0001061261
-5.69018e-06
-2.124021e-05
-4.36459e-06
3.786235e-05
5.910404e-05
0.0001626665
0.0001044034
0.0001345802
6.225884e-05
-0.0002643963
0.0001918266
0.0001870685
-0.0002649411
-0.0001201956
0.0002716401
-1.135155e-07
-0.0001947988
3.703463e-05
0.0001868569
8.708607e-05
-0.0001711285
-3.632068e-05
0.000129858
0.0001511163
-5.767841e-05
-8.646486e-05
-1.909122e-06
-2.3861e-05
-0.000189055
-7.221447e-05
0.0001012174
-6.763855e-05
-0.0001353506
4.53802e-05
0.0001701233
0.0001805224
-0.0001007552
-0.0003369419
1.2683e-06
2.730143e-05
8.148781e-05
1.408373e-06
-1.497415e-05
4.1586e-05
-2.303833e-06
3.823879e-05
-6.700942e-06
-1.31577e-05
-1.917134e-05
-6.181929e-07
9.386649e-05
3.292548e-06
-9.005612e-05
-0.0001200022
3.96458e-05
-1.514242e-05
-0.0001232237
3.422426e-05
5.934154e-05
4.038868e-05
5.462238e-05
0.0001044623
5.012857e-05
-1.089622e-05
-1.790207e-05
-5.257292e-06
3.955027e-05
-2.844851e-06
-2.600611e-05
6.69405e-05
0.0002102801
4.278132e-06
-8.282337e-05
-1.018831e-05
4.981605e-05
4.414219e-05
-7.653228e-06
4.517603e-05
4.816073e-05
-1.007028e-05
-1.646826e-05
-7.742279e-06
-1.905214e-05
-6.73966e-05
-1.568781e-05
-1.563573e-05
-4.081445e-06
9.868624e-05
5.801477e-05
3.925895e-05
0.0001214811
0.0001543266
4.022515e-06
3.547531e-05
5.752662e-05
-2.10617e-05
-6.460558e-05
4.068489e-05
5.332563e-05
-1.628707e-05
-8.170245e-06
4.454948e-05
-1.305709e-05
-6.409852e-06
0.0001013464
-8.227126e-06
-7.217605e-05
-1.695917e-05
-8.066575e-06
3.9928e-05
0.0001944154
-5.930194e-05
-0.0005623056
-0.0001275621
2.187214e-05
-3.045338e-05
-5.448135e-07
-2.652673e-05
-5.487918e-05
2.492862e-05
1.686796e-05
-4.788632e-05
-0.0002200728
1.945088e-05
6.496934e-05
-1.849405e-05
-1.170558e-05
-1.124052e-05
-1.419125e-05
-1.405264e-05
0.0001203018
8.822139e-05
-0.0001713529
3.277432e-05
0.0001738409
5.372615e-05
-2.037949e-05
-6.541902e-05
-2.004299e-05
-4.928583e-06
-2.052191e-05
-6.543427e-05
-1.768579e-05
-1.337662e-05
5.672691e-05
0.000159446
-4.855673e-06
-7.382408e-05
-1.605003e-05
-7.273854e-05
-6.553532e-05
-8.972692e-05
-0.0002390647
-2.174101e-05
0.0001076984
-2.969637e-06
-2.400996e-05
-3.666939e-07
9.557025e-05
0.0001306365
-4.311985e-05
-0.0003422216
-0.0001060642
1.170991e-05
-2.84375e-05
-0.0001263166
-1.012467e-05
9.876345e-05
-6.045257e-05
-2.121217e-05
5.367833e-05
-1.539696e-05
-0.0001349032
-4.240141e-06
0.000155652
5.780547e-06
-9.229937e-05
-5.241458e-05
8.789972e-05
7.760833e-06
3.039806e-05
0.000191179
0.0002704699
6.6152e-06
-2.311455e-05
0.000115758
0.0001020792
6.180447e-05
9.369675e-05
1.903607e-06
4.127354e-05
4.851124e-05
-6.209295e-06
4.052288e-05
5.640715e-05
0.0001058184
4.710403e-05
-4.780126e-06
3.927659e-05
-5.581989e-06
4.834186e-05
0.0001061812
-1.010515e-05
-7.013091e-06
3.484379e-05
8.760332e-06
8.528602e-05
1.397204e-05
-3.737226e-05
-0.000115039
0.0001617456
0.0002992033
-0.0002128543
-0.0004677856
7.647182e-05
0.0001300354
-8.096016e-05
-6.573206e-06
0.000101225
5.95333e-05
3.860463e-05
-9.289232e-07
-8.85042e-05
-0.0001122112
2.000191e-05
2.436707e-05
4.411925e-06
-0.0001460586
6.574794e-05
-4.475454e-05
-1.867172e-05
-2.366233e-05
-0.000237694
-2.697574e-05
0.0001809292
0.0001005165
-6.196809e-05
-2.186583e-05
-5.566928e-06
-1.715449e-05
5.760769e-05
9.332122e-05
7.76059e-05
6.769357e-05
-7.996256e-05
-7.641288e-06
-0.0003327901
-0.0001591987
0.0001188625
4.427239e-05
-1.945875e-06
-2.617289e-05
-0.0001859423
-8.432645e-06
0.0001597428
-0.0002510222
-0.0003685104
-3.219423e-05
7.28793e-05
2.372565e-05
-0.0001068232
-3.921395e-05
-4.816941e-05
2.841915e-05
4.585892e-06
-2.49751e-05
-6.32076e-05
-1.711399e-05
-1.157545e-05
-1.064956e-05
0.0001131457
4.09077e-05
-0.0002503017
-0.0001274276
9.059941e-05
-4.74634e-05
-3.682192e-05
1.106679e-05
9.028312e-05
-5.763594e-05
-0.0001449922
-6.267593e-05
3.783749e-05
7.169579e-07
-2.592303e-05
5.035503e-06
9.10541e-05
7.996605e-06
-3.110007e-05
-5.464106e-05
3.392915e-05
-1.267154e-06
-1.783924e-05
5.285122e-05
0.0001076899
5.23348e-05
-7.922194e-05
-6.173486e-05
9.901097e-05
-7.650179e-06
-6.627568e-05
3.529719e-05
3.312124e-06
3.959699e-05
-7.260559e-05
-0.0001245014
3.402806e-05
6.81696e-05
2.779757e-05
-5.351055e-05
0.0001650999
3.608238e-05
-0.0002908771
-3.541088e-05
6.191217e-05
-1.547456e-05
-9.458952e-06
-1.711533e-05
-2.653359e-06
0.0001004748
5.826509e-05
-2.063005e-05
-8.506e-07
9.927518e-05
-3.493316e-06
-7.673241e-05
-1.08736e-05
0.0001135656
0.000102105
9.189907e-07
3.431657e-05
8.998886e-06
-0.0001675037
-0.0002648965
-7.608604e-05
-0.0003151331
-5.845534e-05
1.418833e-05
-1.990594e-05
-1.384104e-05
-6.550179e-05
-1.98591e-05
-3.973015e-06
4.324343e-05
5.43515e-05
4.560826e-05
-7.482978e-06
-7.888534e-05
-6.282207e-05
3.797847e-05
-1.431027e-06
-1.888243e-05
-4.332074e-06
-2.475862e-05
1.535248e-05
-5.488095e-05
-0.0003246929
-7.536574e-07
8.905401e-05
8.284452e-05
-5.507738e-05
-2.109932e-05
0.0001768896
0.0002307003
-1.497784e-05
-0.0002463552
-0.0001456143
1.640621e-06
9.614728e-05
6.446363e-05
9.874431e-05
-5.699846e-06
-7.204578e-05
-1.51873e-05
-6.743786e-06
-1.695189e-05
-4.093273e-06
4.048645e-05
-1.254989e-06
-2.09204e-05
-6.470714e-06
0.0002367277
0.0003435947
-4.981027e-07
-0.0001400139
5.522382e-05
0.0001651711
-8.573726e-06
-5.118074e-06
0.0001572199
0.0001285261
9.533468e-05
-6.484398e-05
-8.448185e-06
0.0001617208
6.042315e-05
-1.857306e-05
-9.19021e-06
0.0001149549
0.0001617322
7.955415e-07
-2.118023e-05
-5.830196e-06
4.930196e-05
4.503404e-05
-2.100403e-06
3.563433e-05
7.171253e-05
1.832325e-05
-9.956236e-05
0.0002706408
0.000181719
-0.0003886922
-0.0002886906
0.0002523225
9.12053e-05
-4.52073e-05
-4.395633e-05
8.679342e-05
5.204246e-06
-1.508025e-05
-8.369487e-05
-0.0001091143
0.0001431139
7.436295e-05
3.429102e-05
-5.488819e-06
5.234768e-05
0.0001660504
5.199425e-05
-4.388633e-06
-2.706718e-05
-0.00011247
2.84457e-05
7.256046e-05
-3.95531e-05
-0.0001590362
1.406668e-05
-0.0001054564
-8.812839e-05
-3.953183e-06
-1.469869e-05
-8.649552e-06
4.950201e-05
4.721879e-05
-6.613415e-06
4.616896e-05
5.335455e-05
-1.853977e-05
3.950495e-06
3.212224e-05
-0.0003085683
-0.0002423615
7.874244e-05
3.121858e-05
6.842278e-05
-0.0001578794
-0.0001602619
-0.0001145288
-2.291859e-05
-4.678778e-06
-1.284312e-05
-1.289869e-05
-6.277155e-06
4.232353e-05
6.178322e-05
3.225275e-05
-4.751965e-05
1.952874e-05
2.194497e-05
0.0001437059
-0.0001168877
-0.0002574943
-7.914404e-05
6.198037e-05
9.746497e-05
-6.148207e-05
-1.377694e-05
4.548581e-05
-6.552509e-05
-7.561514e-05
-7.023937e-05
-0.0001394517
5.563941e-06
0.0002087468
1.368277e-05
-3.126348e-05
6.774516e-05
0.0001547894
6.659607e-05
3.565894e-05
2.976431e-06
-2.786109e-05
1.092385e-05
0.0001484699
9.257678e-06
-2.551026e-05
6.198172e-05
9.921393e-05
1.257625e-06
-2.270645e-05
1.532274e-06
3.668504e-05
1.369433e-06
0.0001037731
0.0001126222
-8.353206e-06
-7.559017e-05
-6.771267e-05
4.234727e-05
0.0001906417
1.825305e-05
-0.0004016422
-9.787425e-05
0.000122565
-1.866749e-05
8.766443e-06
-4.751542e-05
-0.0003315562
-5.074022e-05
1.563411e-05
-2.56805e-05
-2.314143e-06
4.680665e-05
-1.420835e-05
-6.092673e-05
3.473562e-05
5.063547e-06
3.858159e-05
-7.961671e-06
6.046724e-05
8.883167e-05
-0.0001049721
2.596913e-05
6.606551e-05
4.508039e-05
-7.879608e-05
-0.0001130692
2.276504e-05
-0.0001059665
-2.957218e-05
-1.940503e-06
-1.067112e-05
-1.722917e-05
-6.031666e-05
-2.535545e-05
4.349071e-06
0.0001614451
0.0001162391
-1.39033e-05
6.013345e-05
3.171322e-05
-0.0002352718
-8.079275e-05
4.526177e-05
-5.777584e-05
-2.484417e-05
-6.289072e-05
-1.362931e-05
5.375105e-05
-0.0001442473
-0.0002338851
8.867211e-05
0.00012996
-2.545824e-05
-0.0001181607
-2.530635e-05
4.746333e-06
-2.775923e-05
-5.383755e-05
9.975652e-05
-1.033958e-05
-0.0001249504
0.0001684205
0.0002267568
4.73798e-06
-2.690368e-05
-5.911072e-05
-1.753157e-05
-6.988492e-06
-1.631436e-05
0.0001858232
0.0003378165
2.462282e-06
-0.0001351579
4.663389e-05
0.0001147099
0.000113845
4.136293e-05
2.91251e-06
0.0001618316
5.331157e-05
-0.0001293842
-1.342645e-05
0.0001119431
5.053602e-05
-9.203881e-06
4.916492e-05
0.0001125071
0.0001097773
0.0001169846
0.000100395
6.934376e-05
8.50627e-05
2.20169e-05
0.0001390721
7.775254e-05
0.0001605832
-1.620696e-05
-0.0002415813
0.0001710082
0.0002170079
-0.0002928025
-0.0001471832
0.0002428123
9.610228e-05
-0.0001676735
2.144604e-05
7.70226e-05
2.874271e-05
-0.0001163333
-1.856799e-05
0.0001134699
5.097994e-05
-9.621079e-06
-1.184187e-05
-9.082933e-06
-1.095448e-05
-8.948132e-06
-1.551403e-05
6.284522e-05
9.4619e-05
-0.0001180807
-1.469105e-05
0.0001685912
5.70409e-05
-1.53774e-05
5.653986e-05
0.0001038857
-2.288207e-06
-1.536933e-05
-9.232094e-06
-6.80888e-06
-1.933487e-05
5.698717e-06
8.89073e-05
1.869252e-05
-4.252961e-05
-0.0002246515
-3.182386e-05
6.629921e-05
-0.000150286
-0.0002302418
8.819254e-05
6.610881e-05
-7.800716e-05
-6.81151e-05
-1.198065e-05
-1.172871e-05
5.860336e-05
0.0001576834
0.0001344381
8.429604e-05
-0.0001054906
3.180398e-05
6.171016e-05
-8.13922e-05
7.204294e-06
0.000209883
7.498769e-05
3.276623e-05
2.263512e-07
4.755658e-05
0.0001104125
5.539168e-05
-1.697722e-05
-6.188109e-05
-1.969727e-05
-6.594203e-05
-5.693882e-06
-2.534548e-05
-0.0001722663
-2.77195e-05
-2.986893e-06
-4.064726e-06
-2.606234e-05
-0.0001768883
4.752435e-05
9.491278e-05
2.254044e-05
0.0003228271
0.0001944265
4.24065e-05
0.000117667
3.593168e-05
-3.81402e-05
-0.0001231511
-0.0004340236
-0.0002576884
-0.0003817462
-0.0002983498
-0.0001584776
8.670328e-05
6.642387e-05
-1.721032e-05
5.37232e-05
0.0001734159
0.0002313654
0.000237852
0.00041372
0.0006074189
0.0005249332
0.0003137247
0.0004658583
0.0003570733
-2.481764e-06
-0.0001418728
-0.0001810457
-0.0003320921
-0.0005971747
-0.0007081888
-0.000777771
-0.00051663
-0.0003660652
-0.0003235499
6.539242e-06
0.000387559
0.0005222162
0.000667001
0.0006578359
0.001109026
0.0007934724
0.0002508247
0.0003313745
0.0001928807
-2.302784e-05
-0.000181249
-0.0003276234
-0.0005489716
-0.0005622221
-0.0006240487
-0.0008598152
-0.0008028648
-0.0005039401
-0.0002442848
-2.433457e-05
0.0001945357
0.0004517921
0.0005044755
0.0007653663
0.0007917545
0.0005402543
0.0002861028
0.0003133637
0.0005785685
0.0004371673
0.0001579442
-0.0001183257
-0.0003282837
-0.0005454466
-0.0006333684
-0.0006091932
-0.0003800446
-0.0002600522
-0.00023847
-8.953669e-05
-0.0001783029
-0.0002553094
-0.0005175261
-0.0005784688
-0.0001851531
-0.000264224
-0.0001110996
2.256066e-05
2.326789e-05
-0.0001694649
-8.632136e-05
0.0001199807
0.0002938836
0.0004168847
0.0004754749
0.0007351852
0.0008259583
0.0002513902
-0.000266587
-0.000359434
-0.0004026236
-0.0005229126
-0.0002325405
8.906684e-05
0.0005117229
0.0003684779
5.462739e-05
-2.016311e-05
-0.0001812093
-0.0003251605
-0.0004272981
-0.0003237906
-6.217803e-05
0.0002887575
0.0004226332
0.0002908581
5.859568e-05
-8.176762e-05
4.335795e-06
0.0004069851
0.0006011491
0.0006752487
0.0006993802
0.000561228
0.0008407925
0.0007062489
-4.66479e-05
-0.0002076096
-0.0001892268
-0.0004351727
-0.0006851727
-0.0007904912
-0.001132226
-0.001748473
-0.001809783
-0.001449136
-0.0005781023
0.0004321582
0.00138165
0.002080578
0.00235144
0.002149685
0.001859425
0.001353257
0.0008345069
0.0001662253
-0.0001019482
0.0001291423
-2.619561e-05
-3.770878e-05
-0.0004938384
-0.0009090686
-0.0007018628
-0.0006659387
-0.0006873842
-0.0005587869
-0.0002478324
-1.672218e-05
-0.0002515169
-0.0004911954
-0.0004482757
-0.0003016342
0.0001589087
0.0009245191
0.001621836
0.001461284
0.0009752677
0.000644821
0.0001967632
-0.0002812786
-0.0007142209
-0.0005751479
-0.0005613916
-0.0006587307
-0.0005936712
-0.0007024896
-0.0005922444
-0.0008434221
-0.001051392
-0.0009967934
-0.0005964816
0.0001468409
0.0004978863
0.000901734
0.001204723
0.00110044
0.001075297
0.001412728
0.001865587
0.001586439
0.001027107
0.0008453177
0.0008453607
0.0005969094
0.0001844139
-0.0001467426
-0.0003586325
-0.0002064209
-6.03172e-05
-7.684834e-05
-0.0002495671
-0.0004377586
-0.0006168702
-0.0008741522
-0.0008422312
-0.0004028439
-4.597605e-05
0.0006452972
0.001409468
0.001740636
0.001725345
0.001797992
0.00147358
0.0008319624
0.0001260047
-0.0004521854
-0.0008428895
-0.001011626
-0.001139388
-0.0009542657
-0.0006558448
3.869475e-05
0.0007207734
0.001409855
0.002170695
0.002199348
0.001755946
0.001336402
0.001027053
0.0006015608
-9.606014e-06
-0.000557904
-0.0008607423
-0.001115072
-0.001404904
-0.001415229
-0.001358273
-0.001277007
-0.001002242
-0.0007266837
-0.0002036134
0.0004300565
0.0009498972
0.001417623
0.001987058
0.002006911
0.002019965
0.00241274
0.002263025
0.001633908
0.0008423983
0.0002446914
-0.0001404012
-0.0008621966
-0.001648491
-0.002157479
-0.002564256
-0.002510104
-0.002096217
-0.001513759
-0.0007676802
-0.0001645685
0.0006951648
0.001730565
0.002647989
0.002695391
0.00248488
0.002378385
0.001872946
0.0007950965
-0.000260637
-0.001039999
-0.001604135
-0.001951468
-0.001972884
-0.00183104
-0.001478553
-0.00104804
-0.0005483727
-8.697269e-05
0.0001928312
0.0007106316
0.001154683
0.00151918
0.001881249
0.001882564
0.001577596
0.001522025
0.001815379
0.00194695
0.001707124
0.0007662031
-0.0008377682
-0.002350084
-0.003664295
-0.003782445
-0.002648411
-0.001649644
-0.0008033172
0.0004830739
0.001934745
0.002996788
0.003510949
0.003494392
0.00326411
0.0025111
0.001566093
0.0006105834
-0.000440829
-0.001841284
-0.003237841
-0.003920759
-0.003788378
-0.002881581
-0.00128792
0.0009077355
0.003161144
0.004878402
0.005968379
0.006588672
0.006878175
0.00684819
0.006302667
0.005406346
0.004902134
0.003604471
0.001820486
0.0007331215
-0.0001486891
-0.001521794
-0.002447984
-0.002645863
-0.002620677
-0.00226975
-0.002094795
-0.002183363
-0.002172776
-0.002118198
-0.001374351
1.216477e-05
0.00167973
0.002942281
0.003570361
0.003551446
0.003457622
0.003289875
0.003231045
0.003344273
0.002979028
0.002076802
0.0008954909
-0.0005513422
-0.00165584
-0.002027931
-0.00171292
-0.0006781207
0.0006505323
0.002087515
0.003570205
0.004281895
0.00425092
0.003724236
0.003096559
0.002439622
0.001453662
-0.0003789748
-0.002808239
-0.005017425
-0.006907243
-0.00830486
-0.008741594
-0.008239636
-0.0073462
-0.006525555
-0.005570032
-0.004770759
-0.004089173
-0.003136078
-0.001818899
-0.000336096
0.0005570562
0.0009637588
0.0006571953
-0.0004308596
-0.00170659
-0.003519507
-0.005641952
-0.006698162
-0.00724705
-0.007349424
-0.006769872
-0.005389527
-0.00354278
-0.001293526
0.001578847
0.005061999
0.008468706
0.01091874
0.01263024
0.01390078
0.01440288
0.01371665
0.01147828
0.007540532
0.002218906
-0.003708592
-0.009550635
-0.01383729
-0.01651846
-0.01761539
-0.01725493
-0.01522462
-0.01220968
-0.008545892
-0.004542262
-0.0005991624
0.003454426
0.006841522
0.00876326
0.008925871
0.00753522
0.004650114
0.001324793
-0.001840188
-0.004394531
-0.006058599
-0.00702779
-0.006591701
-0.004046417
0.0001790067
0.005367818
0.01023234
0.01361541
0.01543026
0.0152412
0.01319364
0.01016271
0.006484877
0.002595073
-0.001458231
-0.004959592
-0.007629138
-0.0095465
-0.01005926
-0.008317177
-0.005571016
-0.002859657
-2.712856e-05
0.002638428
0.004845093
0.006495081
0.007774368
0.007403968
0.004722679
0.0004508783
-0.003635634
-0.007129691
-0.01003207
-0.01262997
-0.01485493
-0.01604158
-0.01540606
-0.01293987
-0.008490637
-0.002816679
0.002239899
0.006052507
0.008946426
0.01062557
0.01132831
0.01167302
0.01162245
0.01020949
0.007540082
0.004158041
0.001137908
-0.0009664295
-0.002472934
-0.003771915
-0.004167162
-0.003671572
-0.002264877
0.0007276855
0.004809814
0.008175511
0.009558963
0.009601891
0.009240088
0.007769016
0.005094716
0.001722868
-0.00148747
-0.004880036
-0.008750723
-0.01213618
-0.01356988
-0.01294521
-0.01038128
-0.006173309
-0.001535856
0.002429936
0.005562799
0.007649309
0.008460218
0.008307374
0.006435528
0.003759563
0.000722751
-0.002062521
-0.003833801
-0.003855947
-0.00147323
0.00163254
0.00513507
0.008635138
0.01223032
0.01515431
0.01681318
0.0171019
0.01676598
0.01562059
0.01311694
0.009255666
0.004724212
-0.0001736218
-0.005523029
-0.009190588
-0.01036028
-0.009673559
-0.008114378
-0.005371341
-0.001801006
0.001666927
0.005038886
0.007503266
0.008913557
0.009011549
0.007079578
0.00395609
0.0009174183
-0.001918664
-0.004743897
-0.006871799
-0.007732309
-0.006799048
-0.005072717
-0.00305321
-0.0006202648
0.001389861
0.002504728
0.00321468
0.003976038
0.004915337
0.005809425
0.006879842
0.007680598
0.008356899
0.009706768
0.01119884
0.01222215
0.01353397
0.01451381
0.01452402
0.01445605
0.01494998
0.01554461
0.01563419
0.0149321
0.01281247
0.009706715
0.006081428
0.00171276
-0.002879251
-0.007278698
-0.01091129
-0.0134081
-0.01473891
-0.01426322
-0.01255807
-0.009480231
-0.005190936
-0.0004340917
0.003711742
0.006400393
0.007876505
0.008393861
0.008075812
0.007234402
0.005188023
0.002377023
-0.0003826668
-0.003109902
-0.005874513
-0.008679444
-0.01066341
-0.01176577
-0.01266555
-0.01229648
-0.01056919
-0.007188076
-0.002414931
0.00190309
0.005417689
0.008225423
0.01057523
0.01216167
0.01236002
0.0118086
0.009582361
0.005186017
-0.0009952366
-0.008174355
-0.01472845
-0.01964454
-0.02297733
-0.0255014
-0.02735892
-0.02919254
-0.0309213
-0.03209713
-0.03237312
-0.03000015
-0.02558205
-0.01988805
-0.01327325
-0.006829436
-0.0006857701
0.004636783
0.008040211
0.008971366
0.008049953
0.00572095
0.002447829
-0.001002573
-0.004252487
-0.007127776
-0.009355929
-0.009889683
-0.008806421
-0.005661231
-0.00169364
0.002361428
0.00609757
0.009156418
0.01084216
0.01056326
0.009324027
0.008117599
0.00706003
0.005814128
0.004104115
0.002179594
0.0007971992
-0.001187245
-0.003823876
-0.006938208
-0.00967269
-0.0111646
-0.01014164
-0.006600659
-0.002203198
0.001393644
0.003656817
0.005174674
0.006361862
0.006238283
0.004066203
0.001000562
-0.003354971
-0.008246361
-0.01142247
-0.01136143
-0.007871627
-0.002347905
0.003562746
0.008931469
0.01290024
0.01614118
0.0190618
0.02145115
0.02253447
0.02274641
0.02264043
0.02246184
0.02146029
0.01868746
0.01474718
0.01044682
0.006568577
0.003540703
0.002135926
0.001804802
0.001056702
-0.0008287842
-0.004133717
-0.007650782
-0.0106222
-0.01257806
-0.01350229
-0.01391747
-0.01435237
-0.01575153
-0.01857374
-0.02153255
-0.02273061
-0.02184952
-0.01892476
-0.01484947
-0.01086263
-0.007029368
-0.003186022
0.0009186545
0.00517014
0.008603547
0.01079541
0.01165055
0.01110124
0.009693017
0.008788219
0.00926977
0.009996863
0.009338168
0.007125382
0.004273756
0.001643268
-0.00124566
-0.004316177
-0.006252919
-0.007010727
-0.006858913
-0.006031888
-0.004785685
-0.00401937
-0.004108842
-0.004766664
-0.004386857
-0.001806294
0.003017719
0.009791066
0.01624466
0.02073985
0.02269356
0.02300693
0.02361993
0.02494058
0.02619477
0.02695249
0.02638032
0.02353355
0.017705
0.01012066
0.002678787
-0.003237671
-0.006973873
-0.0082967
-0.006975926
-0.003537764
0.001270614
0.006575903
0.01240561
0.01864034
0.0240704
0.02846679
0.03194077
0.03507417
0.03728243
0.03845885
0.03879789
0.03705236
0.03208828
0.0236836
0.01310724
0.002260007
-0.007208966
-0.01491205
-0.02043322
-0.02346135
-0.02544321
-0.02755437
-0.02909532
-0.02823427
-0.0248063
-0.02057153
-0.01752307
-0.01489891
-0.01209728
-0.008170613
-0.00406297
-0.0005766655
0.001281662
0.001218911
-0.0006876675
-0.004273224
-0.008067289
-0.01086419
-0.01319631
-0.01685258
-0.02227999
-0.0279684
-0.03149269
-0.0308971
-0.02648909
-0.02058483
-0.01598867
-0.01411315
-0.01459883
-0.015428
-0.01571872
-0.01671061
-0.01845565
-0.02019237
-0.02120312
-0.02135495
-0.02010111
-0.01695911
-0.01198972
-0.006206771
-0.000950876
0.002638554
0.005412581
0.007755824
0.008528966
0.006156976
0.0007984168
-0.006247873
-0.01360639
-0.0192388
-0.0222762
-0.023581
-0.02416189
-0.02382034
-0.02221877
-0.01850742
-0.01153196
-0.001238112
0.01068123
0.0225065
0.03320294
0.04186618
0.04667114
0.04657788
0.04276749
0.03625929
0.02708917
0.01475358
0.0006247569
-0.01271851
-0.02398266
-0.03176031
-0.03464509
-0.03361266
-0.03231463
-0.03295013
-0.03488213
-0.03451027
-0.03111716
-0.0271401
-0.02382896
-0.02006752
-0.01577886
-0.01102317
-0.006213028
-0.0003877198
0.007267979
0.01562182
0.02151172
0.02394977
0.02548739
0.02692374
0.027618
0.02785765
0.02864944
0.0293162
0.02932251
0.02841062
0.02638614
0.02247734
0.01781164
0.01316264
0.008510942
0.003180968
-0.003921958
-0.01177239
-0.01950006
-0.02517681
-0.02789113
-0.02728485
-0.02443111
-0.02202451
-0.02200293
-0.02403181
-0.02534766
-0.02448323
-0.02117473
-0.01583176
-0.009085491
-0.0006324634
0.009169757
0.01852003
0.02479734
0.02647591
0.02195625
0.01202591
0.0007279632
-0.009156455
-0.0174894
-0.02347176
-0.02583927
-0.0275926
-0.03181256
-0.03644427
-0.03612228
-0.02907621
-0.01874129
-0.007462387
0.005693289
0.02090016
0.0354156
0.04702734
0.05483178
0.05867947
0.0583069
0.05508341
0.05074424
0.04605006
0.04034435
0.0347314
0.03044171
0.02642593
0.02159828
0.01634734
0.01233324
0.01030363
0.008958623
0.007573768
0.006763565
0.006396466
0.006176573
0.005824273
0.005213058
0.005159402
0.005310571
0.005613463
0.005544722
0.003349517
-0.001474685
-0.0071962
-0.01210197
-0.01623739
-0.0194758
-0.02113039
-0.02068207
-0.01876612
-0.01695338
-0.01606911
-0.01697774
-0.01916056
-0.02107058
-0.02234789
-0.02306428
-0.02376812
-0.02495015
-0.02536317
-0.02334039
-0.01885457
-0.01388441
-0.008453695
-0.003037398
0.001189493
0.003738731
0.005657575
0.007380684
0.009090964
0.01091331
0.01214839
0.01164173
0.008603308
0.004025456
-0.0006840221
-0.004880568
-0.008317976
-0.01061259
-0.01058614
-0.006941125
0.000409575
0.008532944
0.01513684
0.02038251
0.02403337
0.02502532
0.02317929
0.0192906
0.01450911
0.009467515
0.004681824
0.0007830271
-0.000769419
-0.0006022911
-0.001423396
-0.003770742
-0.007420885
-0.0107092
-0.01268196
-0.01315579
-0.01193004
-0.008662456
-0.003436888
0.004297191
0.01257016
0.01984623
0.02554444
0.02906383
0.03166283
0.03460052
0.03863535
0.04362261
0.04840969
0.05155282
0.0516436
0.04868966
0.04357947
0.03753288
0.0308097
0.02288848
0.01354841
0.00236074
-0.01012374
-0.02191796
-0.03224085
-0.04101524
-0.04760552
-0.05263526
-0.05735997
-0.06184974
-0.06609471
-0.07002146
-0.07391509
-0.07788792
-0.08161068
-0.0843574
-0.08514392
-0.08370002
-0.08030293
-0.07542496
-0.06941373
-0.06176714
-0.05294065
-0.0424521
-0.0313109
-0.02014986
-0.0086074
0.002790169
0.01300637
0.02164424
0.0288804
0.03489211
0.03851761
0.03867444
0.03578048
0.03146447
0.02681356
0.02219155
0.0168421
0.01129826
0.00638584
0.001897466
-0.001537645
-0.003178
-0.002629744
-7.11518e-05
0.003966976
0.008895948
0.0139212
0.01805037
0.02001698
0.01964891
0.01750712
0.01409865
0.009875313
0.0051871
0.0004798516
-0.004333857
-0.009664948
-0.0153039
-0.02095303
-0.02766063
-0.03453835
-0.03852976
-0.03790457
-0.03308406
-0.02674552
-0.02197937
-0.01934979
-0.01734744
-0.0144579
-0.01022325
-0.004799311
0.001860828
0.008977884
0.01689684
0.02593619
0.03502097
0.04254623
0.04727738
0.04885037
0.04792922
0.04550271
0.04300391
0.0392387
0.03339268
0.02646678
0.01960897
0.01376083
0.009177539
0.006258922
0.004280952
0.002915305
0.002256047
0.002498009
0.003166432
0.003043359
0.001589752
-0.0008184979
-0.003268916
-0.005354682
-0.007846149
-0.01009928
-0.01189578
-0.01318876
-0.01430013
-0.01488639
-0.01337565
-0.009531364
-0.003970029
0.003223343
0.01184706
0.02042527
0.02673459
0.0300897
0.03043794
0.02832415
0.02574779
0.02398085
0.02257999
0.020135
0.01579211
0.0109409
0.007600554
0.005999388
0.005886053
0.006923543
0.0088166
0.009901051
0.009380664
0.007327679
0.004322794
0.0006081192
-0.003854763
-0.008849571
-0.01362467
-0.01696859
-0.01751627
-0.01540712
-0.01163474
-0.007113488
-0.003343694
-0.0001449472
0.003315758
0.006915646
0.009920375
0.01253537
0.01405511
0.01425821
0.01301693
0.01009417
0.005711161
0.0008689937
-0.004060865
-0.007541053
-0.008647445
-0.00759412
-0.00591419
-0.004286183
-0.002135524
0.001636279
0.007932623
0.01701875
0.02807776
0.03910496
0.04804309
0.05387239
0.05616735
0.05514263
0.0516624
0.04738547
0.04281508
0.03768362
0.0305999
0.02163833
0.01246316
0.005548578
0.001021148
-0.002736414
-0.006671918
-0.01128651
-0.01630449
-0.02185334
-0.02821197
-0.03471733
-0.04048965
-0.04558038
-0.0497069
-0.05235719
-0.05305138
-0.053167
-0.05469231
-0.05835503
-0.06372471
-0.07007272
-0.07673046
-0.08252618
-0.08568262
-0.08555178
-0.08229151
-0.07598806
-0.06795837
-0.05770531
-0.04590304
-0.03392912
-0.02310478
-0.01431659
-0.007356326
-0.002805256
0.0003617334
0.003531853
0.006283066
0.007432206
0.007021452
0.006642481
0.007443058
0.009753125
0.01342921
0.01751209
0.0196978
0.01899179
0.01754501
0.01859058
0.02290786
0.02704557
0.02953491
0.03118147
0.03180115
0.02964722
0.02349358
0.0153841
0.008344592
0.003368981
-0.0004578097
-0.004131363
-0.006860624
-0.007925662
-0.006915916
-0.004200915
-0.0009440197
0.001369585
0.001785124
0.000152887
-0.001736389
-0.003475617
-0.0051983
-0.006714278
-0.008129684
-0.009883592
-0.01235018
-0.01518342
-0.01730204
-0.01810444
-0.01731321
-0.01510712
-0.0111439
-0.006148656
-0.0003860211
0.006161706
0.01385622
0.0219624
0.0282445
0.03186796
0.0332004
0.03127894
0.02621582
0.02010349
0.01326541
0.005712943
-0.002318152
-0.009093133
-0.01326267
-0.01524961
-0.0161936
-0.01751096
-0.01955023
-0.02189514
-0.02414555
-0.02597279
-0.02627884
-0.02513304
-0.02247991
-0.01867113
-0.01460149
-0.01123439
-0.008245096
-0.004521492
-6.144585e-06
0.003901425
0.005666869
0.005427406
0.005247567
0.007006725
0.01098854
0.016341
0.02185745
0.02683503
0.03101761
0.03475878
0.03817924
0.04048159
0.03993756
0.03745763
0.03394449
0.02878168
0.02186367
0.01524624
0.01055113
0.008487296
0.009014896
0.0111203
0.01364491
0.0157029
0.01755115
0.01918059
0.02017868
0.01924003
0.01571733
0.01051861
0.005895432
0.002754279
0.001207359
0.0007895864
0.0009210219
0.0008250102
0.0004474885
0.0008991279
0.001331187
0.0008044872
-0.0003923768
-0.001877078
-0.003068004
-0.004464886
-0.005785446
-0.005957433
-0.004236163
-0.0005962299
0.002714082
0.004362772
0.003737426
0.001507914
-0.001340838
-0.003614097
-0.004443977
-0.004121258
-0.003093922
-0.0006269047
0.002617763
0.005496352
0.007611678
0.009098896
0.0106144
0.01170412
0.01154166
0.009878954
0.006088305
0.0003834059
-0.006319179
-0.0133467
-0.01907172
-0.0226181
-0.02409582
-0.02376583
-0.02078596
-0.016291
-0.01093259
-0.00434387
0.003369336
0.01070646
0.01601695
0.01962146
0.02138273
0.02090431
0.0180174
0.01402717
0.009582022
0.004435676
-0.0005901382
-0.004125095
-0.006138639
-0.007291306
-0.009393322
-0.01252533
-0.01500796
-0.01564274
-0.01476593
-0.01313638
-0.01183523
-0.01197908
-0.01410237
-0.01708014
-0.01987282
-0.02181441
-0.02190148
-0.02071228
-0.01902403
-0.01865914
-0.01960961
-0.02069148
-0.02069768
-0.01940599
-0.01784996
-0.01609362
-0.01289817
-0.008971899
-0.005631832
-0.003033196
-0.00119843
-0.0004612423
9.321108e-05
0.0006763475
0.00176648
0.003463711
0.005438457
0.007735527
0.01007566
0.01224681
0.01418175
0.0155812
0.01602858
0.01625218
0.01613903
0.01620392
0.01662282
0.01729994
0.01802684
0.01938003
0.02113839
0.02242808
0.02235619
0.0214054
0.0197158
0.01732195
0.01489838
0.01334395
0.01332522
0.01486045
0.01674249
0.01834601
0.01905585
0.01865826
0.01702866
0.01489185
0.01274166
0.01014211
0.006442763
0.001245051
-0.004983352
-0.01174773
-0.01792251
-0.0233514
-0.02755729
-0.03032007
-0.03102111
-0.02948577
-0.02545171
-0.01904967
-0.0122156
-0.007141975
-0.004532871
-0.003521601
-0.003030595
-0.002230565
0.0005234483
0.004883198
0.009886005
0.01463482
0.01837688
0.0213998
0.02455827
0.02816737
0.03125424
0.0345443
0.03868901
0.04222617
0.04358277
0.04228446
0.03833621
0.03226373
0.02528964
0.0187098
0.01239969
0.006823583
0.002624491
-6.840884e-05
-0.001834465
-0.00348469
-0.005376309
-0.007145396
-0.008183533
-0.008484424
-0.008746847
-0.009323716
-0.01027298
-0.0126324
-0.01618981
-0.01908964
-0.02028216
-0.02082441
-0.02067525
-0.01936872
-0.01831387
-0.01782522
-0.01690685
-0.01569943
-0.01526061
-0.01556686
-0.01599862
-0.01611999
-0.01532119
-0.01325178
-0.0106258
-0.00848502
-0.007280269
-0.006271617
-0.00436349
-0.001503648
0.002163537
0.006061642
0.010294
0.01434666
0.01799233
0.02161018
0.02525734
0.02782963
0.02807066
0.02544428
0.02032703
0.01359619
0.006290187
-0.0001920951
-0.005248636
-0.008990268
-0.01133396
-0.01229944
-0.01268183
-0.01233662
-0.01185632
-0.01183148
-0.01185831
-0.01207569
-0.01284333
-0.01407969
-0.01522009
-0.0167839
-0.0184994
-0.01941004
-0.01948453
-0.01933901
-0.01931021
-0.0190944
-0.01746713
-0.01446867
-0.0111181
-0.007749877
-0.003858078
0.001038786
0.007072454
0.01354098
0.01965363
0.02483296
0.02819494
0.0294049
0.02924927
0.02829804
0.02606119
0.02344137
0.0216484
0.02070024
0.02031045
0.01970765
0.01887374
0.01790286
0.01701303
0.01709371
0.01767505
0.01920095
0.02032288
0.01935216
0.01578603
0.01045555
0.00540025
0.001737888
-0.0005888304
-0.002967259
-0.00551523
-0.008296169
-0.01111914
-0.01384914
-0.01692811
-0.02061569
-0.02431054
-0.02783179
-0.03076039
-0.03297701
-0.03459853
-0.03516901
-0.03503452
-0.03486066
-0.03491162
-0.03492209
-0.03448712
-0.033088
-0.03070156
-0.02802982
-0.02568987
-0.02357281
-0.02167318
-0.01964495
-0.01748828
-0.01516845
-0.0117598
-0.007176148
-0.001127661
0.00556472
0.01213071
0.01800286
0.02313326
0.02744321
0.03066212
0.03249813
0.03217326
0.03077034
0.02882927
0.02658343
0.02554687
0.02502082
0.02429656
0.02336273
0.02160697
0.01909276
0.01678921
0.01573363
0.01605036
0.01764052
0.0197532
0.02144714
0.02205423
0.02102714
0.01955372
0.01864465
0.01912641
0.02077697
0.02329113
0.0252093
0.02563356
0.02452354
0.02227904
0.02013658
0.01872977
0.0178858
0.01719522
0.01649056
0.01585023
0.01465532
0.01249887
0.00915666
0.004696818
-0.0008687954
-0.00695105
-0.01239486
-0.01729061
-0.02159444
-0.02448524
-0.02650094
-0.02800827
-0.0282728
-0.0271611
-0.02514836
-0.02327195
-0.02226353
-0.02241993
-0.0247797
-0.0292356
-0.03480844
-0.04026598
-0.04452741
-0.04739569
-0.04856805
-0.0482402
-0.04661025
-0.04527533
-0.04414003
-0.04229414
-0.03957587
-0.03550023
-0.02926986
-0.02134385
-0.01204892
-0.002006369
0.008530454
0.01922267
0.02972457
0.03952838
0.0484766
0.05710755
0.06487991
0.07141415
0.07638761
0.07998102
0.08285999
0.08392344
0.08300304
0.08099532
0.07774545
0.07268778
0.06690123
0.06169001
0.05701061
0.05278388
0.04871298
0.04380996
0.03710325
0.02978994
0.02379628
0.0189759
0.0143394
0.009825699
0.005973853
0.003108298
0.001470993
0.0008852158
0.001558964
0.003923843
0.006685168
0.009295967
0.01193245
0.01565887
0.02002078
0.02478108
0.03001737
0.03521585
0.0402234
0.04472147
0.04840932
0.05150713
0.05350885
0.05452806
0.0552002
0.05501854
0.05380548
0.05067085
0.04509264
0.03674493
0.02605034
0.01465375
0.004324338
-0.004819666
-0.01380898
-0.02318215
-0.03267102
-0.04234788
-0.05190255
-0.06022581
-0.06587143
-0.06921856
-0.07104177
-0.07154714
-0.07085755
-0.06897632
-0.06659615
-0.06409274
-0.06066573
-0.05592276
-0.05089897
-0.04688864
-0.0447943
-0.04463284
-0.04583174
-0.04761504
-0.05017822
-0.05377579
-0.05767666
-0.06129569
-0.06437994
-0.06637289
-0.0665686
-0.0642952
-0.06041732
-0.05562122
-0.04996849
-0.0435652
-0.03596398
-0.02599584
-0.01491389
-0.003952617
0.005764474
0.01462346
0.02264311
0.03003372
0.03690253
0.04322425
0.04997295
0.05700863
0.06315967
0.06744531
0.06999501
0.07142168
0.07180959
0.07088587
0.06887856
0.06532167
0.06040799
0.05414697
0.04618552
0.03638276
0.02556879
0.01415053
0.002143495
-0.009906869
-0.02073995
-0.02827979
-0.03172302
-0.03218321
-0.03205177
-0.0313583
-0.02853231
-0.02329107
-0.01657453
-0.0104788
-0.005759252
-0.002496195
-0.0001914589
0.001337809
0.002068834
0.00238743
0.002596201
0.003501336
0.006448724
0.01055754
0.01458981
0.01804439
0.02083664
0.0226719
0.02223158
0.01994588
0.01665887
0.01270234
0.007601397
0.001124697
-0.005765685
-0.01274916
-0.01868021
-0.02283259
-0.02570659
-0.02745444
-0.02810051
-0.0283638
-0.02883156
-0.0302656
-0.03223599
-0.03387832
-0.03448592
-0.03394684
-0.03307347
-0.03328078
-0.0357656
-0.03961587
-0.04303393
-0.04517506
-0.04613641
-0.04653142
-0.04667627
-0.0461631
-0.04558502
-0.04579481
-0.04728906
-0.04995282
-0.05332913
-0.05629106
-0.05841357
-0.05877426
-0.05543981
-0.04607894
-0.02928857
-0.00882003
0.008569248
0.02002884
0.02830955
0.03786242
0.04743338
0.0544201
0.05825258
0.05777941
0.04960866
0.03419074
0.01683082
0.001239958
-0.01316076
-0.02787327
-0.04084434
-0.05059144
-0.05843709
-0.06571724
-0.07203508
-0.07806786
-0.08490399
-0.09228593
-0.09864885
-0.1012441
-0.09700516
-0.08381609
-0.06003194
-0.02889603
-7.461352e-05
0.02081166
0.0363818
0.05015969
0.06157395
0.06945275
0.07507106
0.07983985
0.08248324
0.08145777
0.0774089
0.07131316
0.06577728
0.06237996
0.06139123
0.06274529
0.06627967
0.07151498
0.07808964
0.08443583
0.08681322
0.08286776
0.07123055
0.05212391
0.02769725
0.002440944
-0.01750818
-0.02882724
-0.0323474
-0.02959832
-0.02217651
-0.01152349
0.001452419
0.01428254
0.02409849
0.02978101
0.03199496
0.03049118
0.02411571
0.01379832
0.0001700259
-0.01709224
-0.03613478
-0.05370767
-0.06879364
-0.08295248
-0.09668624
-0.1078371
-0.1146474
-0.1176604
-0.1178255
-0.1158839
-0.1122752
-0.1080732
-0.1034845
-0.09800231
-0.0902391
-0.07908707
-0.0635014
-0.04404894
-0.02334635
-0.004936982
0.009948563
0.02097101
0.02828248
0.03328321
0.03714626
0.04054728
0.04195209
0.04086782
0.03791786
0.03398102
0.02904833
0.02392553
0.0203194
0.01873503
0.01830211
0.01788205
0.01647718
0.01220545
0.002916725
-0.01104762
-0.02630086
-0.04053638
-0.05408944
-0.06621964
-0.07439622
-0.07820905
-0.07909387
-0.07727823
-0.07354471
-0.0703289
-0.06939313
-0.06953072
-0.0685329
-0.06600054
-0.06346492
-0.06148799
-0.05912646
-0.05512411
-0.05050331
-0.0456192
-0.03953991
-0.03303926
-0.02702843
-0.0227932
-0.01993083
-0.01817088
-0.01675209
-0.01432408
-0.009668158
-0.003466987
0.002904683
0.008563037
0.01327727
0.0163184
0.01723694
0.01632143
0.015171
0.01405056
0.01225224
0.008907914
0.004336974
-0.0009278246
-0.007444597
-0.01539135
-0.02404606
-0.03229273
-0.03998506
-0.04742194
-0.05434153
-0.05985324
-0.06381354
-0.06791688
-0.07264899
-0.07739033
-0.08075555
-0.08161208
-0.0793446
-0.07362506
-0.06443984
-0.05197628
-0.03665219
-0.01895982
-0.001140826
0.01541652
0.03034162
0.04436069
0.05779594
0.07024647
0.08092342
0.08899383
0.09409122
0.09712605
0.1001273
0.1036667
0.1070093
0.1091594
0.1110059
0.1118671
0.1106676
0.1077586
0.1039141
0.09926465
0.09212331
0.08244341
0.07098204
0.05914339
0.04827059
0.03827442
0.0277561
0.01526891
0.0009571613
-0.01377394
-0.0271928
-0.03842192
-0.04703235
-0.0538742
-0.05927846
-0.06402912
-0.0683676
-0.07115602
-0.07216692
-0.07292048
-0.0745506
-0.0770697
-0.07899993
-0.0792826
-0.07733145
-0.07386822
-0.07042885
-0.06739354
-0.06446372
-0.06076991
-0.05632485
-0.05147125
-0.04501962
-0.03771693
-0.02972391
-0.02088616
-0.01238973
-0.005267592
0.0006895934
0.00606758
0.01070889
0.01491487
0.01857988
0.02212693
0.02540036
0.02879392
0.03277867
0.03728015
0.04163143
0.04508238
0.04756483
0.04953028
0.05062226
0.05068062
0.05007763
0.05014356
0.05042367
0.0500312
0.04865975
0.04623478
0.04274481
0.03892408
0.03465426
0.03060235
0.02748955
0.02449699
0.02189033
0.01984195
0.01848352
0.01770272
0.01731363
0.01766065
0.01889025
0.02008963
0.02166443
0.02391113
0.02649603
0.02970892
0.03375436
0.03875819
0.04397713
0.0491727
0.05468417
0.06012202
0.06597153
0.07145011
0.07749281
0.08349454
0.08782196
0.09021549
0.09104515
0.09052769
0.08848863
0.08336882
0.07428626
0.06217958
0.04931754
0.03845813
0.02947891
0.01948995
0.008791444
-6.916566e-05
-0.00812654
-0.01604096
-0.02413471
-0.03152411
-0.03819268
-0.04426954
-0.04966874
-0.05397722
-0.05650979
-0.05609536
-0.05293048
-0.04797281
-0.0413188
-0.03383091
-0.02696919
-0.02113203
-0.01623403
-0.01190665
-0.008186692
-0.005432374
-0.003907748
-0.004046623
-0.005476017
-0.007219531
-0.009350859
-0.01096046
-0.01157547
-0.01266908
-0.01419258
-0.01553533
-0.0165738
-0.01829951
-0.02002662
-0.0209968
-0.02192278
-0.02355801
-0.02551729
-0.02735072
-0.0289882
-0.030538
-0.03195809
-0.03324483
-0.03469627
-0.03549366
-0.03605853
-0.03705952
-0.03937107
-0.04315891
-0.04711333
-0.05007079
-0.05185721
-0.05295617
-0.05392703
-0.05373935
-0.05193184
-0.04816694
-0.04248536
-0.03516538
-0.02629359
-0.01688786
-0.007885299
0.0007819597
0.008730603
0.01666466
0.02321489
0.02831593
0.03190015
0.03352103
0.03398251
0.03313981
0.03045628
0.02549773
0.01844932
0.009971404
0.0007200851
-0.008919923
-0.01953107
-0.030021
-0.04075117
-0.05084725
-0.05934593
-0.06589914
-0.0702724
-0.07367214
-0.07628724
-0.07789664
-0.07916463
-0.08019422
-0.08107911
-0.08201535
-0.08241248
-0.08240793
-0.0814698
-0.07899873
-0.07592469
-0.07246234
-0.06767909
-0.06117541
-0.05413354
-0.04743905
-0.04095061
-0.0339449
-0.02643505
-0.01873692
-0.01100096
-0.003292579
0.004385786
0.01110724
0.01596952
0.01961637
0.02285703
0.02478519
0.0259366
0.0273983
0.02904508
0.03063758
0.03252464
0.03497115
0.03771082
0.0402207
0.04241194
0.04461001
0.04730833
0.05020737
0.05250818
0.05411209
0.0546353
0.05413518
0.0522219
0.04939744
0.04740738
0.04619453
0.04590095
0.04736029
0.0496763
0.05124549
0.05277416
0.05524169
0.05753063
0.0602759
0.06372037
0.06806006
0.07315626
0.07850534
0.08451793
0.09081976
0.09697596
0.1030933
0.1092891
0.1156256
0.121853
0.1265983
0.1298804
0.1315153
0.1311111
0.1297432
0.1286142
0.1276052
0.1247004
0.1185181
0.1089533
0.09655188
0.08189647
0.06702535
0.05486209
0.04613889
0.03972886
0.03436809
0.02908718
0.02377836
0.01862807
0.01321431
0.009255952
0.007693016
0.008538145
0.01171557
0.01696401
0.02373871
0.03118104
0.03869872
0.04582454
0.05194776
0.05680419
0.06074266
0.06467808
0.06867378
0.07231262
0.07495251
0.07671246
0.07806747
0.07860534
0.07708185
0.07341774
0.06898873
0.0638665
0.05703113
0.04930218
0.04082845
0.03143169
0.02154926
0.01108998
1.285985e-05
-0.01087417
-0.02143202
-0.03130062
-0.03981132
-0.04705615
-0.05266996
-0.05647986
-0.05832828
-0.05776332
-0.05541592
-0.05121122
-0.04535162
-0.03937889
-0.03430109
-0.02941952
-0.02406222
-0.01830181
-0.01252609
-0.007692324
-0.003967767
-0.001107421
0.0006727491
0.001147326
0.0003125328
-0.001721912
-0.00525118
-0.009822966
-0.01472955
-0.01938866
-0.02328699
-0.02658868
-0.02907512
-0.03154851
-0.03467986
-0.03856734
-0.04311041
-0.0479575
-0.05245593
-0.05637426
-0.05930129
-0.06094166
-0.06076955
-0.05924294
-0.05610865
-0.05164205
-0.04589044
-0.03865817
-0.03044464
-0.02161886
-0.01331759
-0.005844353
0.001249812
0.008139045
0.01548
0.02282878
0.02984257
0.03618923
0.04118425
0.04505705
0.04838059
0.05084236
0.05285814
0.05479626
0.05621504
0.05718539
0.05791267
0.05866211
0.05948744
0.05995593
0.05953969
0.05733136
0.05326681
0.04699452
0.03900204
0.03057421
0.02238757
0.01509029
0.009006429
0.003679647
-0.0008124996
-0.00481646
-0.008432361
-0.01165744
-0.01465249
-0.01771159
-0.02055845
-0.02260542
-0.02397012
-0.02480522
-0.02543995
-0.02516036
-0.0234387
-0.02007857
-0.01534564
-0.009126582
-0.001141028
0.007477298
0.01613621
0.02413667
0.03163661
0.03897414
0.04665317
0.05391051
0.06083917
0.06731703
0.07287782
0.07743238
0.08138166
0.08499274
0.08728828
0.08861822
0.08941212
0.08910478
0.08727941
0.0840411
0.07922025
0.07238599
0.0636472
0.05427434
0.04563204
0.03779414
0.03080631
0.02442047
0.01860899
0.01323431
0.008502951
0.004416262
0.0007678816
-0.001800033
-0.004266123
-0.006781864
-0.008660296
-0.01027475
-0.0122555
-0.01405333
-0.01543337
-0.01668138
-0.01781211
-0.01795654
-0.0167843
-0.01453204
-0.01172058
-0.00898062
-0.006647903
-0.004960377
-0.004198437
-0.004357977
-0.005475265
-0.007342628
-0.01043823
-0.01434114
-0.01819702
-0.02203684
-0.02569969
-0.02868767
-0.03100977
-0.03333758
-0.03575284
-0.03798931
-0.04020635
-0.04195095
-0.04302205
-0.04310398
-0.04204805
-0.03981233
-0.03636277
-0.03188502
-0.02714771
-0.02229334
-0.01745581
-0.0123368
-0.006586821
-0.0007539603
0.004530602
0.009502947
0.01398202
0.01793154
0.02149081
0.024701
0.02753763
0.03037597
0.03333565
0.03648112
0.03937596
0.04167235
0.04303134
0.0435768
0.04313851
0.04139582
0.03829902
0.03408923
0.02968254
0.02536019
0.02200483
0.01948223
0.01780766
0.01709691
0.01725633
0.01801533
0.01915029
0.02008294
0.02068247
0.02094067
0.02024509
0.0179566
0.01432975
0.00969945
0.005134516
0.001391834
-0.002204821
-0.00566524
-0.008747339
-0.01219913
-0.01630596
-0.02099903
-0.02575603
-0.03003965
-0.0336884
-0.03644627
-0.0382714
-0.03906457
-0.03888515
-0.03797076
-0.03631111
-0.03419323
-0.03234928
-0.030459
-0.02796153
-0.02507968
-0.0224295
-0.01967966
-0.01609555
-0.01261057
-0.009053832
-0.005304833
-0.001412364
0.002615342
0.007030771
0.01163489
0.01550344
0.01905839
0.02186929
0.0229262
0.0229696
0.0218779
0.01956282
0.01576131
0.01121536
0.006659231
0.002364211
-0.001636008
-0.005329155
-0.008966817
-0.01214565
-0.01479545
-0.01675158
-0.01774845
-0.0185802
-0.01894842
-0.01977355
-0.02154027
-0.02419345
-0.02768507
-0.03153142
-0.0355589
-0.03877319
-0.04151453
-0.04381107
-0.04487809
-0.04485928
-0.04346452
-0.04015802
-0.035173
-0.02922703
-0.02259819
-0.01580578
-0.009100267
-0.002697364
0.00349474
0.009422254
0.0149292
0.02052519
0.02547844
0.02975804
0.0330939
0.03544295
0.03681265
0.03733813
0.03681426
0.03501227
0.03217699
0.02941168
0.02678069
0.02424445
0.02225452
0.02052712
0.01864309
0.01620873
0.01338146
0.01004546
0.007168216
0.004659079
0.00247427
0.0009989686
0.0008264831
0.001484648
0.002531235
0.003692394
0.004729398
0.004519622
0.003855606
0.003515585
0.002516687
0.0005924225
-0.002006492
-0.004527112
-0.006653461
-0.008303831
-0.009529106
-0.01037334
-0.01081131
-0.01099272
-0.01061281
-0.009660002
-0.008969969
-0.00884552
-0.009730365
-0.01157489
-0.01332146
-0.01532955
-0.01732447
-0.01825658
-0.01887219
-0.0200713
-0.02161977
-0.02349583
-0.02564148
-0.02795827
-0.03021041
-0.03242053
-0.03497113
-0.03784602
-0.04102311
-0.04430758
-0.04725307
-0.04961876
-0.05102957
-0.0515872
-0.05149669
-0.05124095
-0.05149079
-0.05171853
-0.05223682
-0.05336624
-0.0545443
-0.05508289
-0.05540443
-0.05543524
-0.05529603
-0.05506023
-0.05469003
-0.05420388
-0.05365414
-0.0532238
-0.05329204
-0.05413885
-0.05542518
-0.05676601
-0.05798781
-0.05890537
-0.05914151
-0.05866391
-0.0581684
-0.0580485
-0.05817538
-0.05821597
-0.05832361
-0.05861686
-0.05858206
-0.05880235
-0.0588712
-0.05895433
-0.05858092
-0.05803895
-0.05748646
-0.05623399
-0.05579265
-0.05539612
-0.05516806
-0.05518346
-0.05499392
-0.05469708
-0.05456476
-0.05463303
-0.05487875
-0.05504642
-0.05501346
-0.05492364
-0.05426565
-0.05341966
-0.05291092
-0.05243924
-0.05212826
-0.05206657
-0.05200458
-0.05194847
-0.05194423
-0.05157929
-0.05053687
-0.04914974
-0.04759884
-0.04566384
-0.0441973
-0.04382415
-0.0439492
-0.04413609
-0.04449466
-0.04505821
-0.04551962
-0.04573848
-0.04613755
-0.04620112
-0.04592442
-0.04551164
-0.04439396
-0.04315175
-0.04187356
-0.04016438
-0.03833964
-0.03680348
-0.03535033
-0.03380711
-0.0325507
-0.03209817
-0.0319298
-0.03180511
-0.03192058
-0.0324871
-0.03355348
-0.03518686
-0.03775988
-0.0406727
-0.04369759
-0.04620258
-0.0478762
-0.04849668
-0.04758735
-0.04568555
-0.04281918
-0.03971983
-0.0363903
-0.03296537
-0.02947283
-0.02590808
-0.02218647
-0.01805129
-0.01412454
-0.01023503
-0.006745205
-0.003641219
-0.001185684
0.0004993921
0.001078974
0.001174782
0.0006382787
-9.02256e-05
-0.0009600177
-0.001983227
-0.003080676
-0.004324889
-0.005876003
-0.00669689
-0.007298253
-0.007910208
-0.008204273
-0.008042868
-0.008270542
-0.008450081
-0.008657515
-0.009047644
-0.009399342
-0.009219639
-0.008611932
-0.008433128
-0.008840426
-0.00966719
-0.01097099
-0.01235273
-0.01377779
-0.01516639
-0.0163948
-0.01712079
-0.01804792
-0.01955613
-0.0218394
-0.02448571
-0.02753867
-0.03068319
-0.03336767
-0.03535207
-0.03638109
-0.03742278
-0.03789435
-0.03805477
-0.03762651
-0.0368568
-0.03565551
-0.03381793
-0.03137118
-0.02858182
-0.0255677
-0.02185843
-0.01795554
-0.01440401
-0.01086625
-0.007405195
-0.004130975
-0.0008903517
0.001978539
0.004732513
0.006840097
0.008484711
0.009742391
0.01051757
0.01125846
0.01180759
0.01222299
0.01260902
0.0136986
0.01459602
0.01530531
0.01673491
0.01871119
0.02021663
0.02140215
0.02259248
0.02379074
0.02434301
0.02448422
0.0248235
0.02484234
0.02446644
0.02405084
0.0235416
0.0228358
0.02238433
0.02215958
0.02195552
0.02168379
0.02126358
0.02090564
0.0215714
0.02259874
0.02366041
0.02502856
0.02722263
0.02969424
0.03201043
0.03482047
0.03747484
0.04035914
0.04359606
0.04667146
0.0500628
0.05318709
0.05637166
0.05969948
0.06315382
0.06666701
0.06972132
0.07218374
0.07472186
0.07650219
0.07767053
0.07868846
0.0798761
0.0809985
0.08207819
0.08332415
0.08450223
0.08541802
0.08632446
0.08669404
0.0868906
0.08691875
0.08690675
0.08703033
0.08733572
0.08801865
0.08871559
0.08932502
0.09023228
0.09071875
0.09104599
0.09130939
0.09148738
0.09148482
0.09100077
0.0900231
0.08855481
0.0867319
0.08476684
0.08276787
0.08091716
0.07935693
0.07822632
0.07746042
0.07757269
0.07823404
0.07867963
0.07896859
0.07904363
0.07872169
0.07806928
0.07762811
0.07744768
0.0775187
0.07774311
0.07770705
0.07731423
0.07642485
0.07524257
0.07379319
0.07232375
0.07079258
0.06897267
0.06694221
0.06483125
0.06259905
0.06007346
0.05790249
0.05629047
0.0549636
0.05367368
0.05289266
0.05225409
0.05175187
0.0513256
0.05071859
0.05004598
0.04937597
0.04863315
0.04798656
0.04752483
0.04676003
0.04608148
0.0453898
0.04439525
0.04324181
0.04158779
0.03989122
0.03828512
0.03684557
0.03522751
0.03343049
0.03162759
0.02989232
0.02777135
0.02539204
0.02299755
0.02045376
0.01787197
0.01507672
0.01220389
0.009389883
0.006789125
0.004296037
0.001940097
-2.341826e-06
-0.002266549
-0.003952977
-0.005285236
-0.00617996
-0.006843425
-0.007010491
-0.00623395
-0.005567875
-0.005355937
-0.005023167
-0.004943008
-0.005064125
-0.005141884
-0.005176816
-0.004963699
-0.004625295
-0.004107958
-0.003595419
-0.002812832
-0.001896601
-0.001290003
-0.0008428905
-0.00063622
-0.001201519
-0.002277001
-0.003968201
-0.005791483
-0.007524409
-0.009641252
-0.01165502
-0.0134395
-0.01556893
-0.01756598
-0.01919003
-0.02110213
-0.02309142
-0.02500896
-0.02700272
-0.02940061
-0.03194261
-0.03483817
-0.03810774
-0.04142477
-0.04433407
-0.04717066
-0.04987486
-0.05249082
-0.05518246
-0.05779855
-0.06018861
-0.06244028
-0.06445763
-0.06604201
-0.06732615
-0.06866733
-0.07026083
-0.07188314
-0.0736495
-0.07545819
-0.07657725
-0.07823589
-0.08014648
-0.08111223
-0.08137722
-0.0815935
-0.0813804
-0.08024301
-0.07840052
-0.07676094
-0.07528023
-0.0741477
-0.07337675
-0.07306081
-0.07299977
-0.07288403
-0.07269711
-0.0722594
-0.07174494
-0.07113746
-0.07010214
-0.06963285
-0.06945575
-0.06942094
-0.07004595
-0.0711422
-0.07242038
-0.07302806
-0.07335404
-0.07337425
-0.07294237
-0.07208163
-0.07099576
-0.07006855
-0.0690352
-0.06769792
-0.06615655
-0.06477732
-0.06395652
-0.06330991
-0.06261747
-0.06177938
-0.06079669
-0.05938272
-0.05787353
-0.05738586
-0.05735427
-0.05673688
-0.05588221
-0.05490518
-0.05411727
-0.05312469
-0.05205603
-0.05091294
-0.04975183
-0.04845778
-0.04695216
-0.04571068
-0.04475155
-0.04394554
-0.04303328
-0.04212781
-0.04113353
-0.03955834
-0.03785147
-0.03649924
-0.03510077
-0.03339752
-0.03136179
-0.02920651
-0.02707379
-0.02462537
-0.02282656
-0.02160403
-0.02040032
-0.01935235
-0.0180032
-0.01624465
-0.01490989
-0.01383169
-0.01273191
-0.01261814
-0.01295526
-0.01312098
-0.01307176
-0.01282327
-0.01183793
-0.009843914
-0.007258057
-0.004222978
-0.001101903
0.001886798
0.004755154
0.007440009
0.009886077
0.01195078
0.01367466
0.01536866
0.0170293
0.01848172
0.01947854
0.0196828
0.01932299
0.01892726
0.01817486
0.01770282
0.01738587
0.0173298
0.01708196
0.01734016
0.01761332
0.01790853
0.01801951
0.01824155
0.01823175
0.01771807
0.01724282
0.01680057
0.01688996
0.0171492
0.01721072
0.01707508
0.01709736
0.01774796
0.01855169
0.01922159
0.01995511
0.02068181
0.02118104
0.02134832
0.02118429
0.02086191
0.02020095
0.0192815
0.01836863
0.01744805
0.01647911
0.01561432
0.0150181
0.01463456
0.01410322
0.01341397
0.01282085
0.0126848
0.0128791
0.01316737
0.0137493
0.01467554
0.0155291
0.01657016
0.01746807
0.01848412
0.01958076
0.02070115
0.02213044
0.02375792
0.02574211
0.02738973
0.02901793
0.03107742
0.0330087
0.03503105
0.03691637
0.03944116
0.04171515
0.04329875
0.04446649
0.04561021
0.04635779
0.04708601
0.04750257
0.04770508
0.04804997
0.04880856
0.04949942
0.05023211
0.05113639
0.05169718
0.05198718
0.05256984
0.05324721
0.0532463
0.05338321
0.05371953
0.05375441
0.05317054
0.05216954
0.05078401
0.04924797
0.04760343
0.04571203
0.043512
0.04101378
0.03832296
0.03546172
0.03252062
0.02978569
0.02771316
0.02597073
0.02463091
0.02425602
0.02362883
0.02294869
0.02275235
0.02252955
0.02201208
0.02162239
0.02213622
0.02301309
0.02379728
0.02440976
0.02477641
0.02477798
0.02409694
0.02271633
0.02078551
0.0183972
0.01601599
0.01357307
0.01157593
0.0095856
0.007436011
0.005742005
0.004750081
0.003839673
0.00287295
0.002119931
0.001471794
0.0007867545
-0.0006264631
-0.002607068
-0.004356121
-0.006225953
-0.00780154
-0.008827365
-0.009415441
-0.00939899
-0.009656089
-0.009628612
-0.009681972
-0.009657461
-0.009838974
-0.01011658
-0.009975285
-0.009933146
-0.01003232
-0.01024141
-0.01027324
-0.01030671
-0.01045135
-0.01086274
-0.0112984
-0.01159935
-0.01190937
-0.01232975
-0.01282427
-0.01343382
-0.01397472
-0.01429733
-0.01439883
-0.01398647
-0.01325077
-0.01226934
-0.01092886
-0.009716865
-0.00890401
-0.008015379
-0.006579144
-0.004353038
-0.001949959
0.0005417691
0.003171182
0.005608557
0.007561795
0.009219324
0.01072589
0.01190753
0.01286994
0.01323644
0.01294018
0.01244677
0.01170773
0.01080413
0.01037398
0.01023997
0.009953939
0.00987561
0.01025676
0.01109421
0.01227471
0.01371874
0.01501507
0.01616922
0.01726801
0.01818027
0.01886955
0.0189513
0.01815564
0.01693629
0.01477669
0.01221336
0.009611826
0.007106969
0.005650395
0.004521436
0.003287415
0.002196673
0.001217942
-0.0002018428
-0.001990414
-0.003823119
-0.006198099
-0.008631109
-0.01116986
-0.01323593
-0.01461258
-0.01585713
-0.01636857
-0.01593424
-0.01471586
-0.01281218
-0.01088459
-0.009514752
-0.008059577
-0.006547877
-0.005360163
-0.004106962
-0.002863541
-0.001720234
-0.0009778717
-0.0007336337
-0.001058224
-0.001617657
-0.002376049
-0.003788506
-0.005128229
-0.006918537
-0.008451955
-0.009883191
-0.01129975
-0.01238378
-0.01351487
-0.01475029
-0.01534038
-0.01580915
-0.01647801
-0.01716751
-0.01787056
-0.01857851
-0.01964053
-0.0206478
-0.02141859
-0.02179706
-0.0219839
-0.02183836
-0.02120797
-0.02042393
-0.0194412
-0.01865642
-0.01797359
-0.01755317
-0.01756159
-0.01796194
-0.01811975
-0.01863847
-0.01926541
-0.02012057
-0.02077395
-0.02117319
-0.02137226
-0.02155025
-0.02172647
-0.02168833
-0.02109924
-0.01980074
-0.01873718
-0.01757435
-0.01594303
-0.01447739
-0.01267967
-0.01015299
-0.008306868
-0.007254657
-0.006302502
-0.005983642
-0.006290729
-0.006474464
-0.006289275
-0.006236801
-0.006589477
-0.00690519
-0.006965173
-0.006710337
-0.006363345
-0.006467338
-0.006898887
-0.007773862
-0.00900144
-0.01037319
-0.01185088
-0.01236837
-0.01336773
-0.01488625
-0.01562968
-0.01638482
-0.01760377
-0.0186062
-0.01949461
-0.01956069
-0.01953369
-0.01951966
-0.01919742
-0.01883502
-0.01821647
-0.01805787
-0.01826511
-0.01823728
-0.0179748
-0.01773888
-0.01711758
-0.01658695
-0.01632484
-0.01584728
-0.01455371
-0.01323876
-0.01209118
-0.0108762
-0.009450692
-0.00783817
-0.00633397
-0.004530916
-0.002877631
-0.00169758
-0.001068563
-0.001075962
-0.001063309
-0.00139907
-0.002019808
-0.002575119
-0.002801576
-0.002638092
-0.002630306
-0.002439155
-0.001536452
-0.0004928455
0.0001792001
0.000543112
0.0007309911
0.0007790037
0.0009856855
0.00174923
0.002694757
0.003526512
0.003895543
0.004413569
0.005449001
0.006569798
0.00813678
0.009411128
0.01080683
0.01217486
0.01314456
0.01493487
0.01726774
0.01941064
0.02116647
0.0223989
0.02337334
0.02403634
0.0242322
0.0242829
0.02429099
0.02409664
0.02362911
0.02292377
0.02217371
0.02201053
0.02203939
0.02208281
0.02209879
0.02183334
0.02118582
0.02068014
0.02031741
0.01996769
0.01943672
0.01883263
0.01869788
0.01814281
0.01756938
0.01738342
0.01758381
0.01829579
0.01904721
0.0195146
0.01972583
0.01993382
0.02009661
0.02054352
0.02113088
0.02183702
0.02214234
0.02236412
0.02277285
0.02300621
0.02343017
0.02306047
0.02235459
0.02101532
0.01933648
0.01738098
0.01533587
0.01364484
0.01191036
0.01067686
0.009994319
0.009590903
0.00969093
0.01006783
0.01067736
0.01147732
0.01187221
0.01229851
0.0138206
0.01539402
0.01657977
0.01784507
0.01918207
0.02017736
0.02144951
0.0223491
0.02287831
0.02337436
0.02373485
0.02379952
0.02350298
0.02243357
0.02059748
0.01863726
0.01619923
0.01364711
0.01093228
0.008350681
0.006227982
0.004442666
0.002750277
0.001209797
-0.0002439253
-0.001716878
-0.003358395
-0.005258368
-0.007319125
-0.009420837
-0.01127329
-0.01241885
-0.01316694
-0.01344843
-0.01342276
-0.01288758
-0.01178238
-0.01044303
-0.009220166
-0.00824732
-0.007383009
-0.006728152
-0.006526886
-0.006482382
-0.006341255
-0.006186076
-0.006088667
-0.005820633
-0.005849413
-0.006367485
-0.007250517
-0.008323476
-0.009873987
-0.01180651
-0.01377023
-0.01529658
-0.0164532
-0.01687051
-0.01727186
-0.01776405
-0.0178905
-0.01794736
-0.01837971
-0.01916724
-0.01983912
-0.02039807
-0.02099005
-0.02144186
-0.02165593
-0.02150798
-0.0212262
-0.02077388
-0.02043859
-0.02009572
-0.01970937
-0.0191812
-0.01824996
-0.01640969
-0.01444538
-0.01289785
-0.01079218
-0.008632145
-0.006513889
-0.004484382
-0.002111363
-4.448222e-05
0.001506088
0.002447875
0.002850613
0.002941628
0.002842841
0.002336166
0.001562398
0.0003142126
-0.001109563
-0.002573956
-0.003891923
-0.00528226
-0.007302328
-0.009057235
-0.010248
-0.01081113
-0.01105759
-0.01110347
-0.01081866
-0.01061448
-0.01064014
-0.01054514
-0.009788748
-0.008661386
-0.007086546
-0.005261384
-0.003411891
-0.001419558
0.0004891389
0.002433392
0.004331271
0.0056069
0.005853925
0.005550679
0.005369866
0.005110032
0.004587866
0.00431301
0.00440421
0.004802697
0.0050747
0.005103575
0.004965289
0.004663468
0.003924352
0.003713837
0.0038252
0.003864786
0.004304268
0.004893578
0.005909486
0.007014108
0.007563044
0.007563067
0.007323578
0.006821389
0.005987847
0.005234281
0.00469816
0.004640779
0.004798091
0.004963575
0.005585386
0.006364449
0.007238565
0.007887682
0.008213992
0.008132851
0.007856037
0.007011224
0.005933191
0.004857304
0.003055733
0.001161401
-0.0005085107
-0.002429484
-0.004295717
-0.005601147
-0.005939851
-0.005920914
-0.005737943
-0.005445565
-0.005369322
-0.005379679
-0.005556898
-0.006051406
-0.006655528
-0.006959891
-0.007213119
-0.007697354
-0.007622806
-0.006667997
-0.005747958
-0.004562829
-0.002591478
-0.0006604953
0.001144617
0.002931825
0.004746392
0.006599742
0.008400146
0.009961066
0.0115174
0.01269775
0.01335528
0.01361356
0.01347589
0.01281229
0.01203267
0.01107697
0.009727501
0.008826705
0.008177715
0.007932965
0.008356484
0.008775083
0.008979988
0.009506473
0.01025193
0.01116769
0.01219221
0.01319241
0.01414039
0.0146536
0.01494457
0.01506864
0.01507563
0.01512539
0.01513853
0.01512328
0.01520011
0.0156166
0.01610871
0.01653008
0.01740419
0.01871522
0.01960104
0.02012499
0.02063919
0.02115448
0.02144202
0.02163588
0.02156746
0.02139518
0.02076105
0.02001081
0.01927753
0.01843737
0.0175008
0.01630023
0.01512684
0.01391648
0.01237524
0.01068818
0.009386719
0.008116048
0.006582336
0.005070808
0.003766666
0.002505954
0.001584996
0.0007720192
1.77395e-05
-0.0002652742
-0.0008567016
-0.001769157
-0.002451486
-0.00311803
-0.00378349
-0.004229506
-0.004315293
-0.00436823
-0.005043554
-0.005581803
-0.005658644
-0.005462454
-0.005292412
-0.004659758
-0.003838329
-0.003253308
-0.00279917
-0.001966447
-0.0009229007
0.0002524733
0.001376829
0.001972903
0.002412813
0.002756521
0.003477215
0.00411698
0.00467878
0.005630047
0.005569389
0.005118547
0.005245308
0.005359282
0.00488778
0.003950032
0.002758137
0.001376726
-0.0002835357
-0.001926805
-0.003575734
-0.004915981
-0.006266279
-0.007538454
-0.008702663
-0.009741809
-0.01090557
-0.01130805
-0.01099165
-0.01055558
-0.01027478
-0.01005859
-0.009232063
-0.008124154
-0.006768439
-0.005029157
-0.003155815
-0.001249114
0.0001953612
0.001448204
0.00244766
0.002846345
0.002881056
0.003283198
0.003528733
0.003301807
0.003165656
0.002969971
0.003081569
0.003612706
0.00351527
0.003314609
0.003146515
0.002883087
0.002105141
0.001684074
0.001341485
0.0007956165
0.000162182
-0.0005898347
-0.001384107
-0.00222084
-0.002427183
-0.002532809
-0.002474691
-0.002610759
-0.002819267
-0.003188084
-0.003401305
-0.003140664
-0.003168203
-0.002992308
-0.002397305
-0.002003922
-0.002038294
-0.002366189
-0.002459594
-0.002686585
-0.003118575
-0.003418539
-0.003802315
-0.004438032
-0.005226547
-0.006066045
-0.006399973
-0.006492639
-0.005834793
-0.005056111
-0.004220353
-0.003358526
-0.003008644
-0.002855964
-0.00227398
-0.002085395
-0.002611052
-0.003450272
-0.004431387
-0.004852646
-0.004930725
-0.004533754
-0.003842453
-0.003183727
-0.002874732
-0.002744948
-0.002580109
-0.002493524
-0.002523249
-0.002918977
-0.003623895
-0.004741316
-0.006265956
-0.007778908
-0.00821273
-0.008475849
-0.009041074
-0.00977295
-0.01068065
-0.01179352
-0.01311891
-0.01429449
-0.01537946
-0.01655327
-0.01782031
-0.01874787
-0.01916852
-0.01904669
-0.01862625
-0.01818363
-0.01784816
-0.01754624
-0.01733301
-0.01733917
-0.01641623
-0.01540905
-0.01443438
-0.01366408
-0.01294874
-0.0122152
-0.01141651
-0.0101344
-0.008621475
-0.007313351
-0.006256646
-0.005341004
-0.00437915
-0.003879824
-0.003071791
-0.002267251
-0.001760629
-0.001307898
-0.001018917
-0.0006452347
-0.0002143446
0.0002021753
-0.0001578333
-0.0008236139
-0.001568358
-0.002472
-0.00364587
-0.004416386
-0.004808307
-0.005346681
-0.005822419
-0.005541962
-0.005218702
-0.004672606
-0.003946345
-0.003086685
-0.002170965
-0.001071497
-0.0004117409
9.734441e-05
0.0009355377
0.00179496
0.001913341
0.001929014
0.002081522
0.002248827
0.002061703
0.001723732
0.001615822
0.001423364
0.001563692
0.001772599
0.002010661
0.002119111
0.002028721
0.001982814
0.001973279
0.002357756
0.002503703
0.002369153
0.002573972
0.002776091
0.002340468
0.001867023
0.001350465
0.0007770068
0.0002521324
-0.0001457457
-0.000349673
-0.0002087731
-0.0002365772
-0.0003757514
-0.0006776641
-0.001288733
-0.001884833
-0.002474027
-0.002779072
-0.002106221
-0.001581296
-0.001536818
-0.001458593
-0.001671521
-0.002734588
-0.004107456
-0.005488435
-0.006850424
-0.008237748
-0.009410136
-0.01025452
-0.01081493
-0.01116597
-0.01136857
-0.01153353
-0.01141781
-0.0112477
-0.01097589
-0.0100285
-0.008844593
-0.007955925
-0.007365702
-0.006936956
-0.006923219
-0.007002984
-0.007485193
-0.007580226
-0.007468351
-0.007178054
-0.006077001
-0.004931121
-0.003795103
-0.00288012
-0.002312725
-0.001909159
-0.00195522
-0.002193863
-0.002650228
-0.003459735
-0.004115362
-0.004816856
-0.00513584
-0.00488248
-0.004779711
-0.005177748
-0.0055691
-0.006110047
-0.006709819
-0.007099239
-0.007377832
-0.007338477
-0.007143316
-0.006781347
-0.006166288
-0.005571792
-0.005049282
-0.004553249
-0.004304217
-0.003883159
-0.003642766
-0.003256041
-0.002686315
-0.001831692
-0.001051338
-0.001100635
-0.001592826
-0.001892846
-0.002215789
-0.002855073
-0.003568386
-0.0043756
-0.005032763
-0.005788455
-0.006237378
-0.006356339
-0.006339051
-0.006440588
-0.006625019
-0.006201991
-0.00571734
-0.005272656
-0.00500233
-0.004580078
-0.004103614
-0.00403055
-0.003902573
-0.00381072
-0.004249178
-0.005104733
-0.006441498
-0.007725072
-0.009259809
-0.01088862
-0.01244098
-0.01368784
-0.01495591
-0.01629635
-0.01747969
-0.01810176
-0.0181669
-0.01878197
-0.01930098
-0.01935093
-0.01941986
-0.01965069
-0.01979193
-0.01970654
-0.01936921
-0.01909451
-0.01887854
-0.01885731
-0.01874736
-0.01843742
-0.01800897
-0.01747337
-0.01657955
-0.01555223
-0.01485123
-0.0135932
-0.01243501
-0.01142797
-0.0105075
-0.00963426
-0.009061364
-0.009322798
-0.009728495
-0.009938508
-0.0100281
-0.01049963
-0.01105083
-0.01129972
-0.01160406
-0.01208711
-0.01246186
-0.01257146
-0.0124693
-0.01213699
-0.0111902
-0.009699862
-0.007698017
-0.005754665
-0.00401374
-0.002224602
-0.0009064192
0.0001664774
0.001167347
0.001862571
0.002285422
0.002887182
0.003381552
0.00431033
0.00530585
0.006228129
0.007125152
0.007445437
0.007257019
0.006769775
0.005907095
0.00483418
0.00350675
0.001674117
-3.825653e-05
-0.001501814
-0.002408409
-0.003289913
-0.004101226
-0.004633778
-0.00521579
-0.00571538
-0.005518236
-0.005438069
-0.005480982
-0.005402253
-0.005784584
-0.006175841
-0.006668102
-0.007009204
-0.006366538
-0.005064811
-0.003609773
-0.002325489
-0.001166417
0.0002428106
0.001817161
0.00317576
0.004319608
0.005313366
0.006146033
0.006725055
0.007051067
0.00710283
0.007165039
0.007103806
0.007413796
0.008076387
0.009119067
0.01040933
0.01184975
0.01303321
0.01475113
0.01596979
0.0163796
0.01736465
0.01850681
0.01914077
0.01917301
0.01939984
0.01964177
0.0193514
0.01865992
0.01782812
0.0170745
0.01611221
0.01506634
0.01434398
0.01395961
0.01374242
0.0137706
0.01398539
0.01463878
0.01524189
0.01564105
0.0161439
0.01624978
0.01621665
0.01610876
0.01624405
0.01638091
0.01621172
0.01624404
0.01614694
0.01644792
0.0165485
0.01609314
0.01546254
0.01447898
0.01286175
0.01147672
0.01017802
0.009105696
0.007527449
0.006272745
0.005851955
0.005858055
0.006273026
0.007387248
0.009454337
0.01170033
0.01374585
0.01591149
0.01768868
0.01930924
0.02076262
0.02134287
0.02180716
0.02180324
0.02178442
0.02170484
0.02126154
0.02071852
0.01972928
0.018839
0.01826075
0.01760835
0.01674762
0.01613853
0.01528454
0.01387174
0.01199983
0.01033386
0.008194731
0.005903512
0.003912296
0.001985372
0.0002752944
-0.0009086118
-0.001904352
-0.002199247
-0.00208839
-0.001206551
-0.0004128658
0.0006631142
0.002306872
0.003849342
0.004922804
0.005569126
0.006132546
0.006433748
0.006491044
0.00618866
0.00643924
0.007222172
0.007895077
0.008208933
0.008934112
0.009606462
0.009786359
0.00955413
0.009660997
0.009792104
0.01003993
0.01013948
0.01036948
0.01054468
0.01025829
0.009932881
0.009831501
0.009930373
0.009956407
0.01004756
0.01045413
0.01137959
0.01253399
0.01407134
0.0153878
0.0164061
0.01727095
0.01805501
0.0188631
0.019576
0.01989763
0.02013604
0.0203148
0.02007849
0.019461
0.0186735
0.01793762
0.01726449
0.01672311
0.01640621
0.01617249
0.01604698
0.0157965
0.01526103
0.01457342
0.01361279
0.01231505
0.0107443
0.00920067
0.00776359
0.006188574
0.004670924
0.004050744
0.003495481
0.002844833
0.002514542
0.002724771
0.002934303
0.003039955
0.003231455
0.003715017
0.00445816
0.004917399
0.005088778
0.005520358
0.005629903
0.005413492
0.004882695
0.004264134
0.00366115
0.002791287
0.001833122
0.001587284
0.001677776
0.00174072
0.002273697
0.002833463
0.003820036
0.004824344
0.005543277
0.00616429
0.006701128
0.006958364
0.006945788
0.006775353
0.006578382
0.006353275
0.006137098
0.006250817
0.006860606
0.007029852
0.007315277
0.00811129
0.008717641
0.008854391
0.008766925
0.008742975
0.009006146
0.009103388
0.009263787
0.009517475
0.009760861
0.009999511
0.01025511
0.0105454
0.01073699
0.01105638
0.01119263
0.01107443
0.01176336
0.01205651
0.01169544
0.01184797
0.01181983
0.01136295
0.01028735
0.009364705
0.008194453
0.006439221
0.00448274
0.002701503
0.000645951
-0.001451015
-0.003631017
-0.005281628
-0.006706684
-0.007819768
-0.008494317
-0.008915327
-0.008846945
-0.008695864
-0.008701092
-0.008466182
-0.008268382
-0.007856479
-0.007356711
-0.006380869
-0.005298076
-0.004106934
-0.002804161
-0.001604179
-0.0006627573
-8.538376e-05
1.45028e-05
-0.0001497486
-0.0006538374
-0.001437709
-0.002534131
-0.003775528
-0.005255935
-0.006667794
-0.008241641
-0.00865474
-0.008841432
-0.009033562
-0.008690278
-0.00785706
-0.006619951
-0.005908533
-0.005759938
-0.005909146
-0.006183743
-0.007084779
-0.008232891
-0.009185686
-0.00992434
-0.0101066
-0.01017607
-0.009909114
-0.009574071
-0.009608755
-0.009811858
-0.009535137
-0.009601802
-0.01017281
-0.01046716
-0.01098029
-0.01154081
-0.01209934
-0.01287629
-0.01355949
-0.01428917
-0.01531962
-0.01656282
-0.01737389
-0.01730978
-0.01713197
-0.01674523
-0.01641849
-0.01636109
-0.01673837
-0.01745467
-0.01782724
-0.0180819
-0.0186714
-0.01930283
-0.01989583
-0.02039734
-0.02081998
-0.02092867
-0.02090485
-0.02097279
-0.0205976
-0.02026269
-0.01971283
-0.01888047
-0.01842539
-0.01820655
-0.0180597
-0.01808461
-0.01867622
-0.01947862
-0.02020508
-0.02119242
-0.02252393
-0.02349999
-0.0239448
-0.02410109
-0.02381642
-0.02351307
-0.02305458
-0.02225473
-0.02170352
-0.0210861
-0.0206302
-0.01988878
-0.01901831
-0.01859171
-0.01784705
-0.01721112
-0.01697969
-0.01665819
-0.0161941
-0.01610712
-0.01631676
-0.01652516
-0.01676071
-0.01718469
-0.01724619
-0.01744266
-0.01784372
-0.01830119
-0.01870202
-0.0190274
-0.01913213
-0.01933654
-0.01948854
-0.01965331
-0.01978558
-0.01983603
-0.02003925
-0.02025213
-0.01998445
-0.01951542
-0.01919772
-0.01914697
-0.0186977
-0.01831225
-0.01838022
-0.01855623
-0.01869001
-0.01898138
-0.01942185
-0.01989971
-0.02008633
-0.01991248
-0.01933578
-0.01846652
-0.01761785
-0.01638182
-0.01538258
-0.01465485
-0.01367175
-0.01284025
-0.01249861
-0.01210996
-0.0117073
-0.01137985
-0.01115312
-0.01082844
-0.01092392
-0.01135297
-0.01210849
-0.01323265
-0.01405339
-0.0149668
-0.01597765
-0.01669743
-0.01724899
-0.01742601
-0.01781578
-0.01807811
-0.01776154
-0.01729036
-0.0170232
-0.01668018
-0.01622958
-0.01583125
-0.0154894
-0.01491972
-0.01433063
-0.01369707
-0.0131091
-0.01254307
-0.01206
-0.01164487
-0.0115489
-0.01154792
-0.01177841
-0.01135135
-0.01151561
-0.0119158
-0.01178265
-0.01161054
-0.01171813
-0.01172933
-0.01154024
-0.01136149
-0.01123561
-0.01093066
-0.01038953
-0.009693449
-0.009134919
-0.008686175
-0.007811005
-0.007166246
-0.006131143
-0.00525791
-0.004692364
-0.003860319
-0.003373867
-0.002906267
-0.002003293
-0.00117805
-0.0002395514
0.0003435253
0.001053935
0.00167289
0.00222423
0.002519772
0.002718227
0.002822034
0.003019969
0.003384251
0.003795201
0.003883546
0.004290346
0.00453225
0.004863241
0.005378021
0.00546899
0.004948398
0.004820408
0.004978181
0.004778725
0.004730288
0.004898006
0.005345815
0.005742909
0.006393949
0.00750996
0.008828089
0.01014408
0.01151268
0.01245197
0.01323626
0.01422036
0.01510951
0.01614012
0.01759789
0.01838901
0.01889898
0.01971847
0.02086307
0.02171235
0.0223561
0.02309188
0.02352934
0.02400381
0.02437919
0.02511439
0.0258311
0.0262808
0.02650057
0.02683353
0.02710477
0.02726626
0.02734507
0.02745284
0.02740614
0.02695755
0.02631622
0.02598048
0.02551431
0.02471068
0.0236669
0.02284498
0.02223073
0.02146658
0.02118421
0.02090802
0.02102549
0.02105802
0.02105644
0.02128498
0.02148214
0.02203243
0.02293075
0.02374723
0.02446743
0.02463843
0.02442972
0.02445217
0.02392174
0.02277222
0.02139351
0.01997826
0.01902028
0.01775284
0.01642705
0.01578436
0.01532928
0.01474494
0.01411881
0.01369412
0.0133319
0.01345542
0.01356244
0.01358808
0.01362413
0.0135798
0.01332116
0.01341133
0.01341541
0.01319268
0.01316054
0.01300523
0.01286719
0.01274978
0.01262742
0.01257448
0.01230297
0.01192219
0.01205447
0.01215379
0.01231686
0.01269099
0.01323379
0.01397832
0.01475907
0.01518096
0.01601477
0.0175874
0.01884822
0.01958094
0.01965337
0.02020167
0.02035297
0.02024013
0.01995926
0.01933767
0.01849008
0.01750904
0.01641206
0.01519067
0.01397488
0.0126781
0.01136308
0.01016566
0.008865866
0.007721637
0.006912923
0.006749855
0.006723881
0.006564236
0.006672441
0.007476709
0.008190605
0.008642293
0.009172061
0.009853972
0.01015103
0.01022652
0.009956711
0.009568019
0.009149263
0.008790198
0.008403049
0.007816332
0.007562104
0.007368611
0.00696252
0.006944762
0.007262136
0.007369589
0.007146394
0.007001532
0.007018655
0.007379975
0.007858393
0.008244226
0.008774142
0.009212674
0.009456044
0.009510532
0.009451713
0.009717958
0.009901679
0.009744978
0.01021653
0.01018937
0.00977418
0.009866691
0.009700924
0.00909639
0.008337361
0.007646158
0.007235234
0.00647784
0.0056574
0.005380343
0.005531115
0.005374862
0.005176868
0.005309048
0.005474524
0.005447066
0.005269861
0.005042388
0.005075851
0.004542411
0.004128556
0.003900365
0.003546215
0.002895213
0.002169706
0.002025874
0.001739043
0.001493572
0.001043704
0.0007253291
0.0006568901
0.0005559632
0.0004035746
0.0001338705
3.912447e-05
-0.0001200381
-0.0001911031
-0.0001942558
-0.0003623389
-0.0008161052
-0.001455149
-0.001725185
-0.002077452
-0.002822602
-0.003346541
-0.003322148
-0.003411794
-0.003546177
-0.003867731
-0.004251283
-0.00431051
-0.004617345
-0.004912144
-0.005175574
-0.005212323
-0.005055127
-0.004660765
-0.00427269
-0.003717015
-0.003400056
-0.003193455
-0.0019979
-0.001149926
-0.0008002103
-0.0003815096
1.104633e-05
-3.49037e-05
-0.0006462152
-0.0009467874
-0.001276811
-0.001593497
-0.001905118
-0.002440834
-0.002942045
-0.003298153
-0.003488822
-0.003606585
-0.003668947
-0.003786443
-0.004232716
-0.004682658
-0.004669377
-0.004872956
-0.005262427
-0.005807556
-0.006343849
-0.006675
-0.006887804
-0.006671347
-0.006227257
-0.005620156
-0.005078251
-0.004945871
-0.005012043
-0.005140299
-0.005177565
-0.00516317
-0.005219636
-0.005100953
-0.005796645
-0.006712808
-0.007034953
-0.007450709
-0.008123659
-0.008549038
-0.008621462
-0.008535863
-0.008511439
-0.008777841
-0.008802099
-0.008986308
-0.00957322
-0.01009706
-0.01048552
-0.01051916
-0.01056133
-0.01043759
-0.01009122
-0.009816871
-0.009483883
-0.009208969
-0.008866409
-0.008730016
-0.008858823
-0.008980309
-0.008790702
-0.008374388
-0.008185509
-0.008055452
-0.007892761
-0.007930799
-0.007885627
-0.007818518
-0.007878859
-0.007945427
-0.007873106
-0.007704711
-0.007818408
-0.008050994
-0.008519381
-0.009182701
-0.009509981
-0.0101622
-0.01084074
-0.01151841
-0.01192485
-0.01226792
-0.01245772
-0.01233986
-0.01208815
-0.01166515
-0.01118282
-0.01054983
-0.00991972
-0.009681926
-0.0095572
-0.009690067
-0.009660752
-0.009770629
-0.0102638
-0.01049679
-0.01020957
-0.009887684
-0.009655456
-0.00933975
-0.008867053
-0.008287735
-0.00791406
-0.007778197
-0.007245928
-0.007122818
-0.007287296
-0.007376457
-0.007348688
-0.007372631
-0.00729323
-0.007061026
-0.006683223
-0.006888427
-0.007401007
-0.007693723
-0.007691774
-0.007959546
-0.008589136
-0.008754363
-0.008786611
-0.008793927
-0.008872886
-0.008828629
-0.008402538
-0.008097673
-0.007283802
-0.006168964
-0.005072765
-0.003790945
-0.002443965
-0.001488392
-0.000653903
0.0005839707
0.001221512
0.001268654
0.001715532
0.002479501
0.002502498
0.002131783
0.002001135
0.001952466
0.001816616
0.001647742
0.001759892
0.002005425
0.002195033
0.002307043
0.002254412
0.002250336
0.002375324
0.002488991
0.002687673
0.003161565
0.003467682
0.003668076
0.004004503
0.004160974
0.004186141
0.004160653
0.004312848
0.004218197
0.003690199
0.003395709
0.003534907
0.003101928
0.002818321
0.002277368
0.001750108
0.001464028
0.001392805
0.001642585
0.002313692
0.003165683
0.003832777
0.004642764
0.005905629
0.006945894
0.00782491
0.008749606
0.00937851
0.009631691
0.009413431
0.009488328
0.008921704
0.008598225
0.008093886
0.007652344
0.007218575
0.006749092
0.006050759
0.005169828
0.004026198
0.002685457
0.001008313
-0.0007056036
-0.001689839
-0.002602352
-0.00338512
-0.004085899
-0.004335783
-0.004358676
-0.004320062
-0.00349651
-0.002450295
-0.001647985
-0.0008053046
-8.158913e-06
0.0007335307
0.00132131
0.001658833
0.002109616
0.00263665
0.003153658
0.003107596
0.002926962
0.003290149
0.003522005
0.003121193
0.00260068
0.00215047
0.001615755
0.0008067594
0.0005349669
0.0005390485
0.000242449
-7.053153e-05
-0.0002521485
-0.0003682848
-0.0006865387
-0.001341669
-0.001967004
-0.002500125
-0.003196047
-0.004015312
-0.004424629
-0.004497676
-0.004426152
-0.004692784
-0.004523692
-0.003797922
-0.003296681
-0.003126523
-0.002926177
-0.002587647
-0.002419832
-0.002737332
-0.003368746
-0.003299054
-0.003250634
-0.003107598
-0.002891432
-0.002061688
-0.001129917
-0.0003476365
8.346403e-05
0.0006488933
0.0007852726
0.0003709391
9.832883e-05
7.202224e-05
0.0002241533
-0.0001287856
-0.0006067835
-0.0007506905
-0.001101712
-0.001593197
-0.001895826
-0.002279158
-0.002670259
-0.002776377
-0.003164244
-0.003680861
-0.004205312
-0.004908009
-0.005725605
-0.006062164
-0.006288004
-0.00672363
-0.007209213
-0.007568226
-0.008080795
-0.00883357
-0.009248452
-0.00938482
-0.00905451
-0.008670433
-0.00818144
-0.007460769
-0.006896794
-0.006606774
-0.006469364
-0.006237985
-0.006107246
-0.006237077
-0.006348979
-0.006058332
-0.005422803
-0.004978301
-0.004919456
-0.004488945
-0.004018481
-0.003438061
-0.002555061
-0.00155427
-0.0007158853
0.0002152213
0.0009842168
0.001697529
0.002060658
0.00202148
0.001931795
0.001525779
0.0009712835
0.0001709909
-0.001108898
-0.002186791
-0.002903556
-0.003823748
-0.004486171
-0.004874099
-0.00477593
-0.004459437
-0.004284082
-0.004209667
-0.004351478
-0.005005352
-0.005804423
-0.006544723
-0.007205277
-0.007503425
-0.007973713
-0.008572234
-0.008334877
-0.008489557
-0.00884636
-0.008068103
-0.006787665
-0.00586311
-0.004884308
-0.003802968
-0.00310967
-0.002579442
-0.00201047
-0.001487885
-0.001088551
-0.000508739
-6.335622e-05
0.000300916
0.0007165346
0.001101635
0.001511836
0.001516652
0.001105391
0.0003329239
-0.00064702
-0.001132417
-0.001641356
-0.002022468
-0.002150452
-0.00219708
-0.002081803
-0.002278118
-0.00267593
-0.002579271
-0.002635997
-0.003170351
-0.003619461
-0.003902233
-0.004049164
-0.004142175
-0.004049709
-0.004089142
-0.004152161
-0.004425785
-0.004665242
-0.004453829
-0.004531613
-0.00457267
-0.004970531
-0.005292177
-0.005589198
-0.005836903
-0.00627036
-0.006424982
-0.006604602
-0.006894281
-0.006601456
-0.006061467
-0.005475898
-0.004799978
-0.004371041
-0.003632703
-0.002857111
-0.002161363
-0.001396792
-0.0002542185
0.0005291632
0.0006856862
0.000886024
0.0009897859
0.00106865
0.001240482
0.001670856
0.001977964
0.002340391
0.002648105
0.003201759
0.003611124
0.003951254
0.004143995
0.004148592
0.004009206
0.003672885
0.003266147
0.002758959
0.00272981
0.002737341
0.002503408
0.002421448
0.002696846
0.003202545
0.003498751
0.003753849
0.003667725
0.003652696
0.003833528
0.003904028
0.004017197
0.004266387
0.004757635
0.005348546
0.006124753
0.006973147
0.007236251
0.007398406
0.007476778
0.007832739
0.008077358
0.008268937
0.008315972
0.008273589
0.007941846
0.007612729
0.007324035
0.006883618
0.006278786
0.005866176
0.005398322
0.004535478
0.004192549
0.004011866
0.003862052
0.003873544
0.003241458
0.00255454
0.002309917
0.002127697
0.001950565
0.00193863
0.002016957
0.00199328
0.001716542
0.001504011
0.001348491
0.001265735
0.001029037
0.0009831063
0.001311057
0.001790978
0.002774889
0.003854222
0.005114142
0.006215893
0.006831749
0.007316222
0.007804647
0.008109538
0.008113177
0.007800998
0.007258335
0.006830099
0.006517936
0.006104411
0.005597253
0.005069482
0.004807609
0.004629211
0.004644469
0.004852461
0.005026254
0.005455357
0.005758192
0.005893157
0.005308096
0.004455828
0.003764809
0.002750823
0.001503422
0.0005042793
-9.716242e-05
-0.0008358012
-0.001366302
-0.001895789
-0.002260538
-0.002271424
-0.002387394
-0.002506556
-0.002328178
-0.002084519
-0.001899109
-0.001466394
-0.0009344062
-0.0006655738
-0.0003870695
0.000127043
0.001082958
0.002130282
0.003231291
0.00450124
0.005682172
0.006382828
0.006417114
0.006458576
0.006268317
0.005688508
0.005161458
0.00445864
0.003962838
0.003636404
0.003323132
0.00311812
0.002909506
0.003566847
0.003710955
0.003313553
0.003565279
0.003866285
0.003740971
0.003273639
0.002993139
0.002300175
0.001599447
0.0006290664
-1.186939e-05
-0.0005761228
-0.001248887
-0.001769079
-0.002579673
-0.002855056
-0.003276432
-0.003876992
-0.004186259
-0.004258753
-0.004670181
-0.004672483
-0.004507467
-0.004472694
-0.004644526
-0.004637778
-0.004357446
-0.004136647
-0.003877115
-0.003764192
-0.003698336
-0.00388854
-0.003869316
-0.003845923
-0.003791912
-0.003549113
-0.003241953
-0.002814617
-0.002205779
-0.00159145
-0.001294763
-0.001285704
-0.001043137
-0.0006821655
-0.0007425824
-0.0009150799
-0.0006848807
-0.0003756554
-5.767847e-05
0.0003396233
0.0007499116
0.001369988
0.001904659
0.002792553
0.003830485
0.004954335
0.006318667
0.007396182
0.00833858
0.008982973
0.008942057
0.008068137
0.007250509
0.006267546
0.004841495
0.003246966
0.001752386
0.001103467
0.0005174413
0.0003954962
0.0006837561
0.000947319
0.0009916667
0.001133533
0.001042808
0.0006550566
1.206026e-06
-0.000872105
-0.001769952
-0.002324205
-0.002952168
-0.003832766
-0.00429441
-0.004581549
-0.004640219
-0.004350488
-0.00391038
-0.003047643
-0.002171919
-0.001620502
-0.0007679764
-0.0002989651
-7.05957e-05
0.000354652
0.001035837
0.001941169
0.002679271
0.003106465
0.003285271
0.003171217
0.002614055
0.001449985
0.0002592365
-0.0007715976
-0.002116037
-0.002952589
-0.003359924
-0.003668277
-0.003857547
-0.003907664
-0.003854605
-0.004164615
-0.004573897
-0.004410913
-0.003967431
-0.003624434
-0.003088015
-0.002374339
-0.002032115
-0.00144805
-0.001403112
-0.001327895
-0.0009041626
-0.0009402627
-0.0008297595
-0.001225421
-0.001694038
-0.001937085
-0.00265239
-0.003341099
-0.003943713
-0.003937356
-0.003589181
-0.003203602
-0.002726388
-0.001992855
-0.00137642
-0.0007183526
-2.57499e-05
0.0009293195
0.001484786
0.002174049
0.003117908
0.003759428
0.004099852
0.004802159
0.005671512
0.006405002
0.006885095
0.006943167
0.007223053
0.007574378
0.007429675
0.007760884
0.008023014
0.008016186
0.007839049
0.007833938
0.007584327
0.007305904
0.006766341
0.005917675
0.005182063
0.004191176
0.002880725
0.00168346
0.0003075971
-0.00104518
-0.002273693
-0.003352893
-0.003925351
-0.004087166
-0.003799126
-0.003178868
-0.002260428
-0.001485015
-0.001154451
-0.0007486953
-0.0003663169
-0.0004447525
-0.0009144241
-0.001109008
-0.00110755
-0.001349986
-0.001654739
-0.001655759
-0.001350095
-0.0009873273
-0.0005508416
4.591213e-05
0.0006712196
0.001326677
0.002017925
0.002721716
0.0033738
0.003927972
0.003997266
0.00385768
0.003566849
0.003884892
0.003888367
0.003368296
0.00352315
0.003893285
0.004032631
0.004316683
0.004630546
0.005072667
0.005397767
0.005393303
0.005826552
0.006301976
0.006371804
0.006133918
0.005995008
0.005456322
0.005099686
0.004826055
0.004375222
0.0039138
0.003637103
0.003365435
0.003216807
0.002983089
0.002812714
0.002656689
0.002147299
0.001820184
0.001316433
0.0008211185
0.0009920399
0.001058207
0.001320591
0.001644257
0.001885913
0.00218464
0.002505769
0.002658764
0.002640344
0.002902373
0.002993894
0.00304033
0.003289012
0.003594145
0.003714832
0.003588848
0.003608408
0.003752324
0.003681164
0.003815398
0.003850487
0.003777492
0.003331814
0.002707024
0.002466389
0.001841772
0.001023015
0.0002359028
-0.0004318607
-0.0009214165
-0.001605411
-0.002371501
-0.002706829
-0.003114072
-0.003729929
-0.004411237
-0.00486961
-0.00510779
-0.005333495
-0.005246832
-0.005388126
-0.005425133
-0.005710113
-0.005642491
-0.005311459
-0.004829899
-0.004031872
-0.003319028
-0.002664596
-0.001936999
-0.001436864
-0.0005817281
0.0001263356
0.0004736706
0.0006778645
0.0004495373
4.104367e-05
-6.590212e-05
-0.0005606592
-0.0009726611
-0.001676447
-0.002363191
-0.002955646
-0.003606309
-0.004326694
-0.00454765
-0.005113946
-0.005265535
-0.005569913
-0.005596422
-0.005545412
-0.005258261
-0.004654167
-0.004026915
-0.003184037
-0.002459277
-0.001755388
-0.0009505069
-0.0005964197
-0.0002612231
-7.310958e-05
-0.0001134258
-0.0002780875
-0.0007068056
-0.001081827
-0.00168224
-0.00210948
-0.00267842
-0.003125565
-0.00342225
-0.003983848
-0.00457325
-0.00465363
-0.004648639
-0.004758686
-0.004782755
-0.004752148
-0.00447996
-0.004083398
-0.00331109
-0.002331042
-0.001206666
-0.0002938931
0.0003476959
0.001663974
0.002382718
0.002568706
0.002778571
0.002570318
0.002434201
0.00229566
0.002151382
0.002536778
0.002870073
0.003043169
0.003161156
0.003114365
0.00272861
0.001767091
0.0008499424
0.0002893829
-0.0001804597
-0.0006326373
-0.001023145
-0.001320085
-0.001681874
-0.001747866
-0.002061581
-0.002339438
-0.002501417
-0.002822432
-0.003425445
-0.003901921
-0.004362981
-0.005235026
-0.005880614
-0.006351965
-0.006596062
-0.006483493
-0.006166364
-0.005569781
-0.004693375
-0.00387497
-0.003461008
-0.00308278
-0.002984174
-0.002936492
-0.003140112
-0.003394104
-0.003148778
-0.003351247
-0.00367184
-0.003547047
-0.003489339
-0.00397438
-0.004645943
-0.005008198
-0.005329962
-0.005850821
-0.006248714
-0.006590198
-0.006720699
-0.006917539
-0.007312063
-0.007532474
-0.007939966
-0.008163868
-0.008477687
-0.009109567
-0.008893106
-0.009095126
-0.009705192
-0.009469886
-0.00886893
-0.00847183
-0.008030524
-0.007299082
-0.006023575
-0.004801206
-0.003385232
-0.001946017
-0.0006326152
0.0005565262
0.001687897
0.002500609
0.003169562
0.003644255
0.003722607
0.003900322
0.003950684
0.003478333
0.002980964
0.002676794
0.002192163
0.001329495
0.0003600409
-0.0002350716
-0.001211161
-0.002693234
-0.003485345
-0.004419535
-0.005098605
-0.005673792
-0.00623675
-0.006535887
-0.006605467
-0.006345868
-0.005698074
-0.00481084
-0.003816484
-0.002909746
-0.001805858
-0.0007174443
0.0005280325
0.001460835
0.002004155
0.002684314
0.003401017
0.003718651
0.004025968
0.004557823
0.005010916
0.005350577
0.005310269
0.005056618
0.004564699
0.003846778
0.003094208
0.002259646
0.001572834
0.001094206
0.0009047327
0.001034634
0.001206597
0.001155886
0.001149831
0.001339848
0.001383392
0.00123204
0.001192159
0.001106028
0.001268587
0.001394518
0.00126998
0.001537599
0.002033134
0.002166219
0.002584695
0.002944105
0.003215324
0.003227488
0.0032934
0.00371346
0.003773074
0.003221766
0.002950736
0.002746543
0.001946647
0.001586629
0.0009414926
0.0003453914
-0.0001941137
-0.0007291737
-0.0009334718
-0.001165828
-0.001340374
-0.001554725
-0.001935091
-0.001986747
-0.002057763
-0.002351901
-0.00298038
-0.003187652
-0.003125312
-0.003172369
-0.003011932
-0.002368004
-0.001317646
-0.0002816128
0.0009390194
0.001968066
0.003028752
0.003969808
0.004617939
0.005078972
0.005271518
0.005033018
0.00490083
0.004658133
0.004616575
0.004387638
0.003963433
0.00395881
0.004136766
0.004154338
0.004059812
0.004175589
0.00459307
0.00453814
0.004616863
0.004753031
0.004758186
0.004872229
0.004870084
0.004885427
0.005170065
0.005427396
0.005795819
0.006326786
0.006785792
0.007232373
0.007580303
0.008225802
0.008461281
0.008203261
0.008006586
0.007603456
0.00746362
0.007095178
0.006756905
0.006403922
0.005787457
0.005186107
0.004805295
0.004520168
0.004189347
0.00372858
0.003404131
0.002855609
0.002022411
0.001188811
0.0003844712
3.359589e-05
-0.000427868
-0.0008576607
-0.0009372032
-0.0006592046
-2.939163e-05
0.0004958888
0.001207253
0.001944451
0.002430331
0.003059674
0.003685483
0.003995491
0.004415935
0.004408354
0.004368985
0.004776298
0.005211657
0.005022254
0.004982602
0.005125546
0.004993991
0.00444859
0.003714148
0.003110599
0.002422456
0.001470067
0.0006510832
6.38932e-05
-0.0003796406
-0.001110156
-0.002009802
-0.002707807
-0.003418857
-0.003903904
-0.004614442
-0.005588921
-0.005827097
-0.006289269
-0.007278318
-0.007490422
-0.006943593
-0.006804057
-0.006634196
-0.006327359
-0.00564349
-0.005001554
-0.00440766
-0.003728666
-0.003180422
-0.00300619
-0.002928726
-0.002328088
-0.001728358
-0.001453726
-0.001127721
-0.0008423794
-0.000513111
-0.0003623726
-0.0001993757
6.250357e-05
0.0001603721
-4.647142e-05
-0.0004061432
-0.0008229402
-0.000961763
-0.001509258
-0.00196249
-0.002472426
-0.003021004
-0.002916058
-0.002970697
-0.002889215
-0.002815692
-0.002867822
-0.00283139
-0.002611599
-0.00216383
-0.002071563
-0.001966022
-0.001527486
-0.001179665
-0.001093825
-0.0008069367
-0.000501743
-0.0002388351
0.0001626015
0.0002988725
0.0005564939
0.0009375035
0.001130887
0.001477805
0.001428297
0.001433141
0.001537493
0.001680422
0.001844008
0.002114308
0.00194614
0.001707162
0.002066777
0.002240293
0.001715989
0.001013401
0.000317892
-0.0005238307
-0.001686428
-0.002656531
-0.003724817
-0.004503987
-0.005241993
-0.006239599
-0.006274849
-0.006402593
-0.006526493
-0.006385643
-0.006258386
-0.005776888
-0.005600507
-0.005462692
-0.004794603
-0.00396419
-0.003617138
-0.002860207
-0.002230485
-0.001935738
-0.001858303
-0.001762589
-0.00192224
-0.001557103
-0.001157718
-0.001177376
-0.001146644
-0.00114048
-0.001372622
-0.001143523
-0.0007696294
-0.0003399127
-0.0001692108
-2.820163e-05
0.000197634
0.0002731755
-0.0002924786
-0.001061211
-0.001765668
-0.002398271
-0.003173551
-0.004046091
-0.00469397
-0.005029784
-0.005360336
-0.005645921
-0.005837341
-0.005844059
-0.005828945
-0.005284569
-0.004944687
-0.004694399
-0.004366413
-0.004319853
-0.003799779
-0.003188576
-0.002864352
-0.002399723
-0.001830414
-0.001235847
-0.0007357785
-0.0003138194
-7.356344e-05
6.001845e-05
0.0004129369
0.0008494979
0.001275824
0.001568061
0.001904102
0.002408731
0.002637104
0.002910995
0.002983401
0.002803251
0.002795341
0.002927519
0.002912671
0.002625446
0.002429128
0.002186458
0.001832745
0.00137956
0.000808095
0.0003274927
-0.0001498116
-0.0006079997
-0.001361084
-0.001572917
-0.001877662
-0.002155276
-0.002077548
-0.001778342
-0.001604261
-0.001393662
-0.0008241658
-0.0004100895
-0.0002213387
-0.0001576791
0.0002673013
0.000438099
0.000536659
0.0006503295
0.001060709
0.001779894
0.002048776
0.00252283
0.002938971
0.00346996
0.003946893
0.004219582
0.004803394
0.005242836
0.005425038
0.005789426
0.006345291
0.006506084
0.006243364
0.006068041
0.005689574
0.005413414
0.005056731
0.004580796
0.004125577
0.003546992
0.003222048
0.002728987
0.00202856
0.001484676
0.0009519347
0.0004878698
-0.0002017086
-0.0002215185
-0.0004936781
-0.0009078855
-0.0005764018
-0.0001143482
0.0001619284
0.0002450454
0.0006613433
0.001327288
0.001844925
0.001781415
0.001389147
0.001712313
0.001671899
0.00156326
0.00170718
0.001945008
0.002000038
0.001893969
0.001994662
0.002142661
0.002109428
0.001901815
0.002118825
0.002312577
0.002067628
0.001761798
0.00164442
0.001384647
0.000798661
0.0003503168
-0.0001330866
-0.0006010745
-0.001138243
-0.001798891
-0.002001468
-0.002291322
-0.002544184
-0.002718975
-0.002615647
-0.002449732
-0.002407193
-0.002670126
-0.001723694
-0.001003961
-0.0007621763
-0.0006124663
-0.0001785555
0.0002047557
0.0001540336
0.0004457992
0.0004980576
0.0006047891
0.0006439961
0.0003845689
0.0003357328
6.461544e-05
-0.0002535615
-0.0004992007
-0.0008629404
-0.001099017
-0.001241413
-0.00152266
-0.001601797
-0.001648681
-0.002098387
-0.002731787
-0.003081919
-0.003657384
-0.004220142
-0.004716952
-0.005242007
-0.005579679
-0.005790054
-0.005636751
-0.005305211
-0.004910033
-0.004249093
-0.003287877
-0.002396926
-0.001278431
-0.0008246002
-0.0005838533
-0.0003535539
-0.0002106722
-0.0003546829
-0.0006390353
-0.000964019
-0.001123803
-0.001461475
-0.001848915
-0.002007673
-0.002103659
-0.002308237
-0.002033527
-0.001590641
-0.001415615
-0.001405624
-0.001418642
-0.001533117
-0.001521769
-0.001623603
-0.001920039
-0.001824994
-0.001792358
-0.001575701
-0.001565421
-0.001240945
-0.0009275103
-0.0009116672
-0.0008137997
-0.0007933089
-0.000744172
-0.0007406558
-0.0008592298
-0.001053528
-0.001155789
-0.001057365
-0.001041272
-0.000798348
-0.0003757531
-0.0004461614
-0.0005374629
0.0001578847
0.0008549004
0.001207222
0.001585402
0.002182759
0.0027403
0.003292143
0.003826154
0.004219793
0.004488184
0.004406576
0.004248737
0.003843965
0.003413692
0.002969658
0.002449721
0.002235346
0.002019345
0.0016862
0.00147016
0.00181758
0.002124261
0.002012543
0.002000736
0.002256908
0.002422101
0.002204559
0.001743359
0.001110871
0.0006429701
0.0002543731
9.865719e-05
4.012469e-06
-1.837762e-05
1.824076e-06
0.0001035943
0.0003047948
0.0007246519
0.000957923
0.0009206471
0.0011467
0.001143383
0.000800348
0.0006506155
0.0004854838
0.0003575443
0.0003617985
0.0002198556
0.0002062514
0.0005012837
0.0003948332
0.0003348304
-4.335578e-06
-0.0002991141
-0.0002757028
-0.0004151612
-0.000320454
-0.0003828145
-0.0006617787
-0.000696527
-0.0008535982
-0.0009843652
-0.001053393
-0.001216441
-0.001365819
-0.001521051
-0.001356215
-0.001173362
-0.0009706504
-0.0004538354
0.0001940943
0.001012003
0.001715104
0.002418416
0.003127869
0.003557134
0.003752809
0.004609799
0.004991649
0.004772605
0.005037394
0.005380334
0.005405575
0.005136556
0.005048162
0.004750084
0.004334755
0.004317544
0.004389483
0.004383942
0.004455164
0.004492193
0.004471176
0.004663956
0.004779785
0.004974642
0.004887055
0.004752243
0.004559671
0.004279364
0.004308492
0.004467522
0.004543889
0.004414644
0.004484935
0.00433864
0.004198719
0.004207017
0.004070538
0.00397859
0.00417944
0.00428688
0.004491507
0.004638084
0.004940356
0.005285921
0.005505565
0.005897031
0.005917363
0.005728278
0.00585819
0.005895683
0.005446427
0.004911336
0.004349993
0.003936725
0.003305867
0.002541864
0.001651066
0.0007716728
7.492049e-05
-0.0005285503
-0.001192222
-0.001381701
-0.001698328
-0.001908685
-0.001776161
-0.001466646
-0.001371088
-0.001315448
-0.0009106385
-0.0006811051
-0.0005060824
-0.000604688
-7.305158e-05
3.604051e-05
0.0001515308
0.0003672455
0.0005417384
0.0006523307
0.0008084031
0.001057065
0.001067009
0.001298697
0.001307754
0.001176819
0.001064263
0.00143376
0.001398664
0.001102175
0.001138142
0.0009152442
0.0004145683
-3.225184e-06
-0.0001962599
-0.0003719619
-0.0005542923
-0.0008131541
-0.001025513
-0.001009433
-0.00108561
-0.0008722605
-0.0006856097
-0.0004778161
-3.065979e-05
0.0001315807
0.0002857818
0.0003694863
9.430663e-05
-0.0002249848
-3.467266e-05
7.086813e-05
0.0001666696
0.0002383094
0.0002333469
0.0003665633
0.0005256389
0.0006194435
0.001018296
0.001335039
0.001526918
0.001747767
0.001835501
0.002061218
0.002125683
0.001892894
0.001563606
0.001235718
0.0009987773
0.000755889
0.001066743
0.001286059
0.001208983
0.0009650847
0.0007345324
0.0005255803
0.0001310994
-0.0002067283
-0.000605011
-0.0009979065
-0.001274782
-0.001309619
-0.001199744
-0.001148418
-0.001299194
-0.001100437
-0.001117557
-0.0010847
-0.001509241
-0.001978289
-0.002120841
-0.002489086
-0.003251269
-0.003724153
-0.004482573
-0.004913262
-0.005376237
-0.006041322
-0.006551189
-0.007081231
-0.007328466
-0.007529367
-0.007864542
-0.00783581
-0.007622231
-0.007474369
-0.007252011
-0.006543252
-0.006252696
-0.006264317
-0.005340325
-0.00445764
-0.004093173
-0.003743851
-0.003035848
-0.002300231
-0.0022339
-0.002165149
-0.002261676
-0.002380729
-0.002401112
-0.002866269
-0.003615265
-0.004464243
-0.005123809
-0.005709794
-0.006258492
-0.006514719
-0.007182972
-0.007656143
-0.007617876
-0.007543779
-0.007723692
-0.007737765
-0.007782802
-0.007548398
-0.007428963
-0.007290077
-0.007196619
-0.00709852
-0.006961172
-0.006658005
-0.006426477
-0.006471917
-0.006283764
-0.006206046
-0.006191903
-0.00534332
-0.005140709
-0.005477317
-0.004974
-0.004389048
-0.004292789
-0.00432916
-0.003983767
-0.003667619
-0.003673562
-0.003659916
-0.003569569
-0.003454262
-0.003285459
-0.003440684
-0.003411657
-0.003503215
-0.003530533
-0.00375295
-0.003764793
-0.003825974
-0.003816413
-0.003710471
-0.00338024
-0.003236963
-0.003240865
-0.003191135
-0.003106253
-0.002956172
-0.002921182
-0.002584073
-0.002134444
-0.001849893
-0.001709319
-0.001289422
-0.0009329035
-0.0009742204
-0.001050931
-0.001229881
-0.001534948
-0.001640892
-0.00200076
-0.002569031
-0.002712875
-0.003097041
-0.003014868
-0.003307789
-0.003155275
-0.002738318
-0.002395346
-0.002082069
-0.001655471
-0.0009238289
-0.000131188
0.0005398207
0.001277652
0.002244566
0.003231642
0.004137072
0.004879521
0.005420859
0.005666606
0.005853557
0.006162765
0.005950211
0.005216858
0.004709344
0.00412318
0.003740269
0.003070434
0.002412891
0.001961704
0.001749805
0.001397892
0.001040785
0.0006988874
0.0003307359
0.0003869734
0.0003180327
0.0005309299
0.0009774641
0.001012492
0.0008062997
0.001136415
0.001522481
0.001701
0.00188569
0.001936203
0.001840318
0.00161476
0.001178879
0.001064643
0.0009937998
0.0008168975
0.0005122545
0.0004542945
0.0001209326
6.925775e-05
0.0003254938
0.0002082006
0.0003354575
0.000369543
0.0003444045
0.0008165916
0.00128121
0.001214686
0.001703894
0.002051542
0.002337103
0.002460882
0.002652435
0.002827397
0.002764905
0.00240806
0.002465503
0.002511904
0.002544086
0.002689823
0.002780516
0.002882174
0.003333154
0.003475706
0.003348385
0.003594996
0.004079723
0.004196774
0.004096504
0.004183213
0.004223263
0.004308237
0.004214739
0.004136425
0.004083839
0.003954815
0.003846556
0.003699759
0.003426354
0.003337425
0.003167149
0.003049657
0.003160514
0.003099484
0.003182806
0.003630765
0.003919395
0.004248167
0.004519501
0.004744354
0.004882903
0.004923802
0.00501347
0.005282743
0.005440915
0.005657452
0.005731923
0.005731545
0.005787139
0.005609464
0.005174148
0.004823976
0.004561925
0.003771436
0.002936259
0.002724966
0.002438473
0.001945506
0.001636071
0.001649084
0.001682715
0.00154502
0.001482074
0.001436294
0.001723705
0.001727441
0.001872146
0.002069141
0.002063851
0.002201876
0.002349834
0.002272039
0.002485322
0.002364914
0.001776628
0.001565896
0.00158842
0.001509443
0.001217429
0.001091641
0.001145191
0.001159406
0.001206268
0.001214893
0.001336544
0.001634978
0.001949841
0.002249194
0.002302399
0.002212819
0.001968314
0.001495302
0.001619421
0.001208545
0.0001881126
-7.263514e-05
4.406531e-05
-0.0001198124
-0.0001337672
-1.193961e-05
5.983826e-05
0.0001087544
-6.915387e-05
-0.0003097018
-0.0003754403
-0.000505244
-0.0005964262
-0.0007107668
-0.001259556
-0.001555046
-0.001767901
-0.001966186
-0.002134999
-0.00259458
-0.00302302
-0.002979697
-0.003266108
-0.003580438
-0.003886353
-0.003998411
-0.004205535
-0.004282139
-0.004292452
-0.004199604
-0.003688723
-0.003356694
-0.002996746
-0.00245677
-0.00201665
-0.001534893
-0.0009899172
-0.0003660575
0.0002932763
0.0004707106
0.0005017793
0.0008830894
0.0009855584
0.001022365
0.001026373
0.0009819475
0.0007617868
0.0002648011
-3.695109e-05
-0.0004682956
-0.001017503
-0.001612018
-0.002080654
-0.002565676
-0.002389651
-0.002528366
-0.002346115
-0.001965712
-0.001693302
-0.001572688
-0.001795958
-0.001509141
-0.001388881
-0.00148402
-0.001776949
-0.002017358
-0.001967931
-0.001894776
-0.00184433
-0.001711343
-0.001419871
-0.001094342
-0.0009430025
-0.0009605949
-0.0007049069
-0.0004108944
-9.251918e-05
1.220769e-05
9.883377e-05
6.106883e-05
0.0001102282
0.0003619326
0.000474032
0.0003018317
0.0001744039
0.0001124236
-7.172532e-05
-0.0001205382
-2.221737e-05
-0.0001187572
-0.0001936853
-0.0003837385
-0.0006014457
-0.0005114715
-0.000676555
-0.0009093662
-0.001198515
-0.001616763
-0.001633143
-0.001988132
-0.002608519
-0.003016984
-0.002856874
-0.003092193
-0.003319939
-0.003293365
-0.003255646
-0.00322719
-0.003015751
-0.002741508
-0.002271621
-0.001965053
-0.001893284
-0.001600108
-0.001285647
-0.001297529
-0.001463926
-0.001355954
-0.001351025
-0.001716327
-0.002083612
-0.00220296
-0.002332623
-0.002690203
-0.002876254
-0.002758762
-0.002562844
-0.002407392
-0.001932699
-0.0008917931
-0.0002324688
0.0002249027
0.0007338375
0.001136618
0.001477412
0.001921961
0.002149169
0.002413354
0.002759979
0.00308124
0.00312442
0.003336725
0.003538479
0.003462938
0.003361509
0.003392871
0.003306499
0.00308695
0.002566985
0.002125392
0.001697232
0.001032718
0.000481021
0.0001086438
-0.0002423102
-0.0006346307
-0.0009047851
-0.0007543938
-0.0008577095
-0.001291609
-0.00146821
-0.00135943
-0.001280599
-0.001237835
-0.001159689
-0.0008730142
-0.0004150803
-0.0001687767
4.564144e-05
0.0009114281
0.001383589
0.001723981
0.001908887
0.002360791
0.002802283
0.002915795
0.003241004
0.003759152
0.003723929
0.003532875
0.003586323
0.003601749
0.003400216
0.002927061
0.002620906
0.002355324
0.001970627
0.001734695
0.00129321
0.001085648
0.0008948203
0.0006890906
0.000754614
0.0006294294
0.0007626452
0.001114046
0.001427404
0.001608031
0.002111487
0.002126646
0.001829706
0.002376307
0.003148951
0.003246305
0.003268372
0.003614872
0.004061246
0.003902933
0.00385327
0.004052611
0.003619873
0.003086379
0.00256444
0.002187267
0.001820921
0.00127531
0.000784283
0.000544354
0.0002883702
-0.0002326077
-0.00102495
-0.001530944
-0.001365327
-0.001774225
-0.001636436
-0.00139254
-0.001478371
-0.001842604
-0.002260196
-0.002388925
-0.002704621
-0.003163737
-0.003199588
-0.003108903
-0.002882602
-0.002512254
-0.001829473
-0.0008800849
1.548013e-05
0.0009385348
0.001855858
0.003074385
0.003981676
0.004674761
0.005196547
0.005462807
0.005512417
0.005579901
0.005200561
0.004739689
0.004392504
0.0042031
0.00395553
0.003473425
0.00310547
0.00292128
0.002670206
0.002510367
0.00241742
0.00176423
0.001226902
0.001131866
0.0006127079
-2.511498e-06
-0.0005787188
-0.001195676
-0.001632887
-0.002294909
-0.002529731
-0.002567255
-0.002445965
-0.002022139
-0.001851775
-0.001755793
-0.001250069
-0.0009730452
-0.0008049618
-0.0004953613
-0.0002549791
-0.0001261466
4.76134e-05
0.0003038412
0.0004730288
0.0003022181
4.780512e-05
6.176441e-05
0.0002230327
0.0002485946
0.000348984
0.0003663897
0.0001598597
1.759788e-05
-3.810635e-05
-0.0006580332
-0.001173925
-0.001599236
-0.002263278
-0.002689925
-0.00288169
-0.003249141
-0.003280786
-0.002850449
-0.002659624
-0.002230514
-0.001884954
-0.0016048
-0.001222453
-0.0007409201
-0.0005654859
-0.0006677971
-0.0005653459
-0.000615536
-0.0009885779
-0.00122079
-0.001176222
-0.001345441
-0.001723069
-0.001887514
-0.001862393
-0.001864124
-0.001828788
-0.001839655
-0.00140757
-0.001618021
-0.001793869
-0.00183749
-0.002142308
-0.002451672
-0.00262811
-0.002825262
-0.003166608
-0.003508213
-0.003829035
-0.003874694
-0.004085939
-0.004158528
-0.003983195
-0.003783806
-0.003427194
-0.00319503
-0.00285011
-0.002114982
-0.001691177
-0.001244189
-0.0009178608
-0.0008009701
-0.0008073988
-0.0008518483
-0.0008772647
-0.001028938
-0.001064684
-0.0009630673
-0.0007017102
-0.0006611081
-0.0005694616
-0.0004904147
-0.0004361968
-0.000379967
-0.0002381062
-9.050628e-05
-0.0001691317
-2.411776e-05
2.084334e-07
-0.0001949215
-0.000433766
-0.0006184249
-0.0008633748
-0.001349755
-0.00196478
-0.002381126
-0.002578661
-0.002998323
-0.003478279
-0.003869584
-0.004321918
-0.004602729
-0.004885499
-0.004755789
-0.004552908
-0.00479991
-0.004606886
-0.004207245
-0.003923832
-0.00372136
-0.003436213
-0.003113339
-0.002695027
-0.002456313
-0.002376211
-0.002037184
-0.001577967
-0.001186031
-0.0011539
-0.001048954
-0.000995733
-0.001020709
-0.001018658
-0.001258545
-0.00112259
-0.001291667
-0.001832879
-0.00177431
-0.00154849
-0.001823649
-0.002034904
-0.001946204
-0.001922781
-0.002175593
-0.002301023
-0.002352715
-0.002113633
-0.002248007
-0.002515926
-0.002759072
-0.003050978
-0.003310755
-0.003854467
-0.004395002
-0.004712743
-0.005323823
-0.005975717
-0.006064989
-0.006038457
-0.006124079
-0.006160667
-0.005691545
-0.004954669
-0.004082677
-0.003329861
-0.002908613
-0.002230715
-0.001696555
-0.001433072
-0.001205826
-0.0007001367
-0.0003603832
-7.94232e-05
0.000309791
0.0005233478
0.000377428
0.0003400164
0.0003756161
0.0002799343
-0.0001774411
-0.0005663773
-0.0006747423
-0.0006193422
-0.0006802482
-0.0009911465
-0.001081848
-0.001215245
-0.001654986
-0.001656268
-0.002036547
-0.002113102
-0.001939058
-0.001866988
-0.001678869
-0.001208683
-0.001199141
-0.000935659
-0.0004363186
-0.0001264409
0.0002361016
0.000595841
0.0009186145
0.00120158
0.001215532
0.001403759
0.001809242
0.001894447
0.002001216
0.002253305
0.002427261
0.002502393
0.002612057
0.002487294
0.00233197
0.002162391
0.001474751
0.00115095
0.001138511
0.0008026852
0.0004029296
4.516607e-06
-0.0001375888
-0.0001892891
-0.000190418
-8.571221e-06
0.0002946492
0.0006692644
0.001021461
0.001217676
0.001580435
0.001997346
0.002203736
0.002289901
0.002398359
0.002715131
0.002569169
0.002302707
0.002387108
0.002405762
0.002162049
0.002283542
0.00220086
0.002134244
0.002231143
0.002331833
0.002852069
0.003033246
0.002882866
0.003143541
0.003304425
0.003273941
0.003178763
0.003156955
0.002858112
0.002452746
0.001969077
0.001441394
0.001598854
0.001427263
0.0008779748
0.0005135606
0.0006911192
0.0006884348
0.0007107751
0.0007266439
0.0007915797
0.0009585193
0.0009765049
0.001147583
0.001519297
0.001943532
0.002374365
0.002857965
0.00341166
0.004020575
0.004446644
0.004564813
0.004765751
0.005043034
0.004758953
0.00439026
0.004257794
0.003840931
0.003101856
0.002378127
0.001753
0.001099675
0.0005964061
0.0001752221
-6.320891e-05
-0.0001399413
-0.0003020561
-0.0003864496
-0.0003015048
-1.35888e-05
-1.523046e-05
-0.0001110173
9.052103e-05
0.0001339152
0.0002845224
0.0004836093
0.0007929149
0.001010956
0.0009944978
0.001122953
0.001179661
0.001368635
0.001484355
0.001549915
0.00142282
0.001438216
0.001218503
0.001032058
0.00127123
0.001395875
0.001087733
0.0007929755
0.0008380346
0.0007920488
0.0005346456
0.0003034266
0.000356131
0.0003538576
0.000182353
0.000169288
0.0002983405
0.0005450457
0.0007187247
0.0005423518
0.0004270949
0.0005218046
0.0006369518
0.0006127211
0.0004113316
0.001058034
0.001152244
0.0008031169
0.001379509
0.002138392
0.002239641
0.001834685
0.001630764
0.001525008
0.001203961
0.0006742854
0.0002843286
6.712285e-05
-1.927264e-05
-0.0003140939
-0.0003540371
-0.0001688346
-0.000143037
0.0003121174
0.0005756354
0.0009508626
0.001153704
0.001277786
0.001884399
0.002486769
0.002687759
0.00284955
0.003180205
0.003512145
0.003556332
0.003504525
0.003315322
0.003266397
0.002931398
0.0025572
0.002304722
0.001886598
0.001585139
0.001322077
0.0007969655
0.0003554236
-7.888442e-05
-0.0003550985
-0.0002102417
-0.0003032471
-0.0004332085
-0.0004475361
-0.0003561331
3.396241e-05
0.0003748043
0.0008309762
0.001473023
0.002235432
0.002745814
0.003351432
0.004073636
0.004513684
0.004876255
0.005234273
0.005550487
0.006104606
0.006431337
0.006570957
0.007078249
0.007063891
0.006899837
0.006692089
0.006909662
0.006919424
0.006864104
0.0068547
0.006736285
0.006306491
0.006261224
0.006284667
0.006096385
0.005786329
0.005369014
0.004928272
0.004456348
0.00401221
0.003538276
0.003279432
0.003431181
0.003551111
0.003651589
0.004447396
0.004866693
0.00519821
0.005337598
0.005456218
0.005321913
0.005171544
0.004814628
0.004139773
0.003786559
0.003702384
0.003234946
0.002793392
0.003056763
0.003572812
0.003556061
0.003379105
0.003575024
0.004034184
0.00362849
0.003271337
0.003111451
0.002608179
0.001960036
0.001437273
0.0008093533
8.649264e-05
-0.0007745151
-0.001304408
-0.002031619
-0.002653125
-0.003064832
-0.003777482
-0.003674487
-0.003869124
-0.004063734
-0.004020144
-0.003737064
-0.003613755
-0.00365801
-0.003439912
-0.003107498
-0.002645874
-0.002188734
-0.001800117
-0.001507746
-0.001068646
-0.0009714259
-0.0008651541
-0.0005592057
-0.000373002
-0.0003118704
-0.0003160812
-0.0003718532
-0.0004934033
-0.0009332145
-0.00152351
-0.00159578
-0.001605573
-0.001944584
-0.002161466
-0.002247778
-0.002225678
-0.002247022
-0.002032889
-0.001966146
-0.001936426
-0.001940365
-0.002283414
-0.002116832
-0.002125861
-0.002334166
-0.002447845
-0.002388798
-0.002201591
-0.002213115
-0.002442252
-0.002387627
-0.002275682
-0.002374282
-0.002404749
-0.002427347
-0.002602246
-0.00296179
-0.002972131
-0.003096456
-0.003010498
-0.002811986
-0.002757223
-0.002685121
-0.002649311
-0.002548874
-0.002044626
-0.00163625
-0.0014293
-0.001396732
-0.001238388
-0.001103899
-0.0009816676
-0.0008057701
-0.0007992178
-0.0008607408
-0.0009289039
-0.0009763831
-0.0009317885
-0.0009184575
-0.000800222
-0.0006864719
-0.0007305142
-0.0007475777
-0.000925753
-0.001147165
-0.001636887
-0.002275167
-0.002121097
-0.002623944
-0.003473096
-0.003566399
-0.00353368
-0.003680232
-0.003970265
-0.00397163
-0.003804197
-0.003774612
-0.003751408
-0.00383168
-0.003812187
-0.003838455
-0.003614864
-0.0033078
-0.003047669
-0.002770797
-0.002618185
-0.002273635
-0.002139953
-0.002521751
-0.002793288
-0.002655065
-0.002990517
-0.003352322
-0.003515273
-0.003819291
-0.003820637
-0.004019735
-0.004101824
-0.003918293
-0.003718537
-0.003693434
-0.003760245
-0.003517833
-0.003649708
-0.003799094
-0.003856246
-0.003906401
-0.003860842
-0.003969241
-0.00416569
-0.004206523
-0.004176904
-0.004381039
-0.004546518
-0.004626344
-0.004357735
-0.004024437
-0.003680025
-0.0032322
-0.002644915
-0.00206791
-0.001552792
-0.001146012
-0.0006405361
-0.0003506479
-0.0002794971
-0.000345446
-0.0002707859
-0.000863305
-0.001700164
-0.00198056
-0.002313126
-0.002763797
-0.003174124
-0.003372998
-0.003353571
-0.003199153
-0.002973695
-0.002602106
-0.002357437
-0.001863354
-0.001581359
-0.001473683
-0.001546192
-0.001631529
-0.001443823
-0.001377625
-0.001197576
-0.001269936
-0.00117387
-0.0009910347
-0.0009666354
-0.001071995
-0.00126288
-0.0008167218
-0.0003766776
-0.0001723253
-3.638519e-05
-0.0001623741
-2.57864e-05
-0.0001290589
-0.0003005049
-0.0001462725
-0.0001184412
-7.22799e-05
-1.250116e-05
6.2221e-05
0.0002297474
0.0001107055
6.887047e-06
0.0001541238
0.0001368599
0.0001504169
0.0002650553
0.0005111129
0.0003835661
0.0002825712
0.0001162994
1.396455e-06
3.682297e-05
8.25905e-06
0.0002271917
0.0003585094
0.0003612551
0.0005448642
0.0006482114
0.000746028
0.001200126
0.001145089
0.0008656926
0.001200344
0.001268271
0.00110833
0.001441291
0.001708299
0.001759397
0.001828769
0.001750927
0.001471777
0.001318392
0.001172212
0.0008202103
0.0001450283
-0.0003440975
-0.000773292
-0.0008845399
-0.0009703507
-0.0009883399
-0.001112536
-0.001277502
-0.001120369
-0.0009674917
-0.001068843
-0.001263898
-0.001001081
-0.001042173
-0.001413254
-0.001332103
-0.001271679
-0.001478024
-0.001028622
-0.001153295
-0.001395712
-0.001320474
-0.001687394
-0.001860611
-0.001823184
-0.001787424
-0.00208386
-0.002254803
-0.00197754
-0.001819315
-0.001864989
-0.00180768
-0.001192733
-0.0009172069
-0.0007220972
-0.0004138386
-0.0001396648
0.0006758296
0.001065327
0.001373678
0.001716407
0.001992802
0.002202588
0.002602206
0.003183389
0.003637743
0.003477589
0.003355913
0.00351955
0.003297648
0.002856736
0.002432492
0.002136406
0.001806266
0.001420606
0.001306334
0.001241569
0.001431062
0.001540085
0.001621602
0.001594891
0.001624863
0.001658794
0.001617382
0.001534307
0.002014097
0.002030337
0.001262952
0.001293023
0.001423212
0.001317205
0.001043393
0.0008953083
0.0009219129
0.0009528756
0.0007978385
0.000844248
0.0009005586
0.0007951826
0.0009655994
0.001205538
0.001532932
0.002113571
0.002443287
0.00260978
0.002810683
0.002782753
0.002390771
0.002177012
0.001949756
0.001583048
0.001138604
0.0008072325
0.0007639793
0.000369446
5.884426e-05
-0.0001496198
-0.0004685753
-0.0005255479
-0.0005268784
-0.0003481584
-0.0001421267
-0.0001357055
-0.000479461
-8.099119e-05
-1.084908e-05
-4.597013e-05
-0.0003587988
-0.0003664835
-2.876193e-05
-0.0001082434
-8.474951e-05
3.419064e-06
4.702258e-05
-0.0001356973
-0.0001628292
-0.0002445998
-0.0005490989
-0.0001330185
-0.0001490365
-2.231662e-05
0.00023082
0.0003103523
0.000714249
0.001155301
0.001523112
0.001687291
0.001782252
0.002168123
0.002454366
0.002535814
0.002448951
0.002672036
0.002919168
0.002803658
0.002681343
0.002537397
0.002534203
0.002555492
0.002263313
0.00254491
0.002432581
0.002327431
0.002096931
0.002055107
0.001821993
0.001158728
0.0007173673
0.0006119298
0.0005308877
0.0001204378
-0.0001268669
-0.0002007352
-0.0004820615
-0.0008804248
-0.001145858
-0.00100318
-0.0009738365
-0.0009258191
-0.0007402264
-0.0007408004
-0.0009833118
-0.0012285
-0.001230763
-0.0009775876
-0.0007488463
-0.0007993604
-0.0004835698
0.0001480816
0.0005208921
0.0006731093
0.0005961049
0.001169364
0.001420678
0.001388822
0.001450885
0.001777864
0.002297424
0.002187106
0.00203429
0.002078454
0.001883214
0.002076157
0.001731758
0.001512308
0.001510291
0.001159562
0.000906861
0.0008454998
0.0006582097
0.0005009219
0.0002604695
-0.0001439631
-5.251184e-05
-0.0002149241
-0.0004082823
-0.0003929507
-0.0003045791
-0.0005617871
-0.0004229691
-0.0005203769
-0.000704861
-0.0009645601
-0.001185393
-0.001332527
-0.001486002
-0.002079004
-0.002690948
-0.002811449
-0.003016393
-0.003337029
-0.003145103
-0.002987925
-0.002744396
-0.002599912
-0.002657029
-0.002110021
-0.001769899
-0.001583891
-0.001249809
-0.0009635233
-0.0003198304
9.849677e-05
0.0004566393
0.001226005
0.001627148
0.00202805
0.002090655
0.002371682
0.002595879
0.002410423
0.002202892
0.001750434
0.001661914
0.001234894
0.000780779
0.0004768579
5.66023e-05
-0.0001874429
-0.00026421
-0.0002302507
-9.576734e-05
-0.0001663591
3.962002e-05
0.0001164986
-6.458565e-05
-7.513711e-05
0.0001249822
0.0002806244
0.0002568846
0.0004017025
0.0004304232
0.0004769217
0.0005424724
0.0004759998
0.0004941831
0.0005798407
0.0005680829
0.0008256704
0.0008560304
0.0008510123
0.0009519281
0.0009996687
0.0009265578
0.0005825696
0.0008873795
0.0007797312
0.0001326621
0.0001043146
0.0001096013
-0.0002383568
-0.0005093934
-0.0007920405
-0.0009855018
-0.001237808
-0.001450134
-0.001506094
-0.001616758
-0.001384174
-0.001452948
-0.001474312
-0.001424553
-0.001510124
-0.001440294
-0.001385822
-0.001051544
-0.001254617
-0.001359082
-0.0003065437
0.0002155785
0.000270469
0.0003197844
0.0005824781
0.0008018261
0.001021721
0.001029212
0.0009734618
0.001214951
0.001259877
0.001052544
0.001069886
0.000859077
0.0005416232
0.0001632418
-0.0001704761
-0.0002686706
-0.0007978835
-0.001219603
-0.0009922759
-0.0009244138
-0.001278493
-0.001733449
-0.002066116
-0.001906372
-0.001908496
-0.002124696
-0.001978911
-0.001891363
-0.00177174
-0.001736257
-0.001810787
-0.001500554
-0.00126532
-0.001004226
-0.0007250053
-0.0003171079
-0.0002622944
-0.0004141214
-0.0001504106
7.63049e-06
4.25315e-05
0.0001220318
0.0004179052
0.0006579164
0.0007972068
0.001137924
0.001534846
0.001865752
0.001903016
0.001991138
0.002076885
0.00225205
0.002174877
0.001910259
0.001913251
0.001801513
0.001471072
0.0008974624
0.0009234724
0.0008867074
0.0006842153
0.0005249866
0.0008061592
0.0007528835
0.0007129848
0.0007240225
0.000671367
0.0007175043
0.0006052608
0.0005452558
0.0006562475
0.0007357502
0.0006516246
0.0003663975
0.000361868
0.0004063803
0.0001310453
-2.137949e-05
-0.0001194149
-0.0001980399
-0.000368434
-0.0005609878
-0.0007356393
-0.0008660712
-0.0009236452
-0.0006680165
-0.0003959444
-0.0004067502
-0.0002183239
-4.446998e-05
0.0002173989
0.000371457
0.000597368
0.0009058868
0.001281973
0.001692946
0.001765772
0.001826771
0.002059784
0.002203397
0.002043504
0.001798405
0.001842106
0.001621293
0.001422056
0.000933266
0.0005867741
0.0004920718
0.0004106915
0.00012262
-0.0002015773
-0.0002330839
-0.0001527367
-0.0004772541
-0.0006255648
-0.0006188934
-0.0007944294
-0.001056748
-0.001151625
-0.0008746643
-0.0008585929
-0.001037546
-0.001183593
-0.001266859
-0.001129849
-0.001206218
-0.001308928
-0.001334286
-0.001112868
-0.001172478
-0.001520914
-0.001605827
-0.001707934
-0.001909473
-0.002007697
-0.001972956
-0.002264632
-0.002374311
-0.002104632
-0.0020606
-0.002039565
-0.002069872
-0.001968178
-0.001835089
-0.001778045
-0.001779572
-0.001772857
-0.00172177
-0.001774163
-0.001777591
-0.001719235
-0.001709698
-0.001790529
-0.00175952
-0.001427986
-0.001459375
-0.001852123
-0.002005028
-0.001609007
-0.001401835
-0.001602051
-0.001828864
-0.001789484
-0.001641477
-0.001547063
-0.001707858
-0.001656304
-0.001353697
-0.001163945
-0.001047593
-0.0008560885
-0.0006340907
-0.0003388305
-0.0001837739
-0.0003157181
0.0004439499
0.0006688134
0.0003121351
0.0005879326
0.0009780991
0.0009652063
0.000538176
0.0003113247
0.0004012267
0.0001933082
-8.68367e-05
-0.0001652075
-0.0001625774
-0.0004630401
-0.0005162067
-0.0007993446
-0.001092073
-0.001001754
-0.001035525
-0.0008592305
-0.0005646888
-0.0006769865
-0.0007293773
-0.0005178641
-0.0003434052
-0.0002213483
-0.0005368359
-0.0004375237
-1.409197e-05
-5.127016e-06
2.090919e-06
0.0001569501
0.0001963728
0.0004039341
0.0004895111
0.0005379129
0.000728621
0.0009038883
0.0009109096
0.0009068703
0.0009125131
0.0006522471
0.0003143294
0.0004055081
0.0004891216
0.0003567273
-1.026718e-05
-0.0003681566
-0.0003806199
-0.0002984006
-0.000644792
-0.001193916
-0.001010949
-0.0009104585
-0.001047662
-0.001104171
-0.001173863
-0.001215208
-0.001182789
-0.001337933
-0.001412553
-0.001608644
-0.001809868
-0.001749739
-0.001995723
-0.001910715
-0.001596166
-0.001340379
-0.001058619
-0.0009081529
-0.0007509132
-0.0007409885
-0.0004736105
-0.0002332111
-0.0004432353
-0.0002389379
-0.0002750753
-0.0003987277
-0.0006663912
-0.0007405737
-0.0006818424
-0.0009261292
-0.0009721733
-0.0005080499
-0.0001862976
8.536418e-08
0.0001566985
0.0003263904
0.0007516281
0.001005195
0.001302267
0.00136042
0.001627456
0.001886205
0.001953829
0.00192919
0.001907354
0.002107095
0.002020193
0.002003376
0.002187776
0.002315714
0.002428269
0.002626342
0.002791213
0.002559108
0.002376002
0.00255431
0.002613594
0.002438777
0.0024354
0.002424857
0.002263399
0.002241883
0.002131919
0.002007103
0.002129405
0.002310622
0.002312058
0.002250993
0.00231789
0.002234742
0.002031023
0.002043335
0.001782801
0.001439782
0.001294594
0.001371615
0.001366069
0.001359828
0.001373922
0.001914304
0.002270443
0.002484756
0.002807532
0.003158949
0.003359478
0.003337237
0.0032384
0.0035288
0.00383548
0.003721518
0.003520646
0.0037403
0.004110128
0.00380673
0.0036342
0.003730174
0.0038277
0.003597914
0.003292225
0.003035563
0.002689862
0.002419587
0.002210386
0.001920984
0.001356268
0.001206498
0.001144981
0.0008593844
0.0007825734
0.0005297202
0.0003227986
0.0006369176
0.0007489696
0.000581352
0.000319796
0.0002757391
0.0002008492
-3.809413e-05
-0.0003387767
-0.0001623474
-9.837607e-05
-0.0003439031
-0.0007108581
-0.0004532921
-0.000120011
-0.0001376616
-0.0001169516
4.163485e-05
-0.0001825363
-0.0006251941
-0.0007855159
-0.0008839809
-0.001329517
-0.00148374
-0.001467905
-0.001655458
-0.002024175
-0.002321101
-0.0023919
-0.002571471
-0.002868544
-0.00319365
-0.003532618
-0.003619354
-0.003730248
-0.003832683
-0.00419987
-0.004656627
-0.004007016
-0.003849606
-0.004325728
-0.004175539
-0.00370749
-0.003706142
-0.004048195
-0.003777848
-0.003691402
-0.003701485
-0.00376208
-0.003696011
-0.003769635
-0.003745776
-0.003721121
-0.003733312
-0.003856779
-0.003963756
-0.00386569
-0.003841905
-0.003794064
-0.003921492
-0.004080125
-0.003931554
-0.003900348
-0.003854722
-0.00386929
-0.003685328
-0.003558263
-0.004014579
-0.003615841
-0.003506339
-0.003436768
-0.003437602
-0.003579325
-0.003462729
-0.003508275
-0.003397341
-0.003526308
-0.003432347
-0.003181095
-0.003182366
-0.00311537
-0.002756917
-0.002510186
-0.002510592
-0.002377964
-0.002224541
-0.002239647
-0.002045326
-0.001945063
-0.001658981
-0.001354363
-0.001343257
-0.001355321
-0.001285827
-0.00110643
-0.0009842599
-0.001046463
-0.001099935
-0.001113769
-0.001281695
-0.001357837
-0.001154174
-0.0009394865
-0.001091209
-0.001113325
-0.0009834842
-0.0009161558
-0.001056922
-0.001338289
-0.001230398
-0.001175794
-0.001456983
-0.001669915
-0.00188703
-0.002031533
-0.002133455
-0.00215472
-0.002070269
-0.001847157
-0.001834775
-0.001840803
-0.001402506
-0.0008743028
-0.0007925085
-0.0006176881
-0.0001304696
0.0001704637
0.0003738939
0.000701588
0.001001549
0.001236615
0.001066806
0.00112621
0.001104041
0.001089508
0.001153073
0.0009605736
0.0008667087
0.001008408
0.0006810836
0.0002235092
7.237831e-05
2.695867e-05
-0.0002210609
-0.0002137994
-0.0003054044
-0.0001752325
-3.89255e-05
-0.000399685
-0.0003386926
-0.0001721946
-0.0001450018
-0.0001744333
-7.96574e-05
-0.0002483132
-0.0004910673
-0.0004413129
-0.0002452729
-9.803329e-06
5.261755e-05
5.587603e-05
0.0003616378
0.0007764877
0.001048662
0.001185861
0.001249414
0.001603054
0.001734189
0.002045715
0.00238404
0.002801467
0.003095311
0.003060378
0.003087075
0.003247992
0.003576769
0.003602573
0.003653243
0.003904692
0.003760678
0.003370829
0.003580539
0.003721007
0.003283743
0.002870186
0.002916545
0.002861517
0.002497634
0.002250652
0.002129565
0.001762466
0.00108761
0.0006749043
0.0007145175
0.0006062282
0.000488117
0.0005908313
0.0007361672
0.001090751
0.001260396
0.001361619
0.001858142
0.002146703
0.002430948
0.002608932
0.002629506
0.002977825
0.003223248
0.003180826
0.003083971
0.003071202
0.003386235
0.00342865
0.003337117
0.003243616
0.002960097
0.002581743
0.002665335
0.002367941
0.001656788
0.001444088
0.001403795
0.001272975
0.001028448
0.0008525289
0.0009024397
0.00103628
0.001208742
0.001400423
0.001699527
0.002071657
0.00236495
0.002633334
0.002901092
0.003003226
0.003343626
0.003459258
0.003495656
0.004065452
0.004143842
0.003846985
0.00413604
0.004699744
0.00480183
0.004586892
0.004743888
0.0048753
0.004821128
0.004930848
0.005002211
0.004933826
0.004812438
0.004953547
0.004961406
0.004684865
0.004693463
0.004384504
0.004277085
0.0039378
0.003567802
0.00305839
0.002735086
0.002745324
0.002479336
0.002096672
0.002029895
0.00205645
0.002186887
0.002210463
0.002466106
0.002153046
0.002488509
0.002791485
0.002820705
0.00252467
0.002544319
0.002614239
0.002441409
0.00250107
0.0022258
0.001799845
0.002158309
0.002396479
0.002164839
0.001988197
0.001883616
0.001473233
0.001503376
0.00115456
0.001174409
0.001045596
0.0007897256
0.000773851
0.0008022601
0.001016526
0.001102319
0.001205925
0.001463511
0.001884118
0.002065166
0.001946891
0.002075366
0.002302713
0.001949289
0.001462904
0.001330224
0.001213424
0.001040235
0.0008289869
0.0006265054
0.0007692678
0.0006059556
0.0003126907
8.946862e-05
-0.0002841434
-0.0002737259
-0.0002347127
-0.0002640108
-0.0003010255
-0.0001959052
-0.0001327319
6.753846e-05
0.0004661069
0.0004892888
0.0005439363
0.0008424553
0.0009738518
0.0009049235
0.0008534416
0.000899688
0.0009219783
0.0008906286
0.0008060105
0.001017304
0.001093729
0.001162948
0.001437228
0.00173268
0.001910078
0.001553106
0.001490234
0.001730402
0.00185483
0.001486491
0.001312798
0.001356401
0.00137595
0.001114015
0.0008251659
0.0005624765
0.0005317615
0.0002341004
-0.0001762154
-0.000205173
-0.0003007994
-0.0005009899
-0.000739322
-0.0007947445
-0.0007437061
-0.001049043
-0.001275129
-0.000997005
-0.0009128088
-0.001175943
-0.001337037
-0.001177972
-0.001222428
-0.001468054
-0.001728093
-0.001820034
-0.001608016
-0.001835111
-0.002256826
-0.002400542
-0.002494025
-0.002647551
-0.002920398
-0.002953946
-0.002787842
-0.002795392
-0.002945405
-0.002434356
-0.002294562
-0.002342191
-0.002381307
-0.002386576
-0.002391689
-0.002502965
-0.002577665
-0.002620012
-0.002651057
-0.002540623
-0.002177857
-0.00217052
-0.002112039
-0.001993712
-0.001738433
-0.001763222
-0.00183888
-0.001971104
-0.002125126
-0.00197601
-0.002071926
-0.002333171
-0.002379998
-0.002207866
-0.002330381
-0.002621186
-0.002639757
-0.002690279
-0.002810939
-0.002879321
-0.003000397
-0.002919796
-0.002785559
-0.002773478
-0.002362767
-0.002303913
-0.002211028
-0.001900204
-0.001652099
-0.001411541
-0.001227059
-0.001169378
-0.001096844
-0.0009387568
-0.0007145475
-0.0004011162
-0.0004117239
-0.0001983849
-1.270521e-05
-5.297815e-05
-2.338327e-05
-0.0001148431
-7.977585e-05
8.149426e-06
-0.0001474612
-0.0006045661
-0.0005497599
-0.000519403
-0.001017376
-0.001000117
-0.000788863
-0.001064698
-0.001372982
-0.001340001
-0.001535743
-0.001589209
-0.001971738
-0.002061042
-0.002045834
-0.002058622
-0.002164945
-0.001933228
-0.001874469
-0.001789464
-0.001653257
-0.001402557
-0.00111705
-0.001218855
-0.001293798
-0.001157048
-0.001244829
-0.001634923
-0.001606959
-0.001466689
-0.001470773
-0.001475973
-0.001282447
-0.0008024608
-0.0005018469
-0.0004166937
-0.0003967938
-0.0005943935
-0.0005685339
-0.0007406387
-0.001094233
-0.001239808
-0.001523919
-0.001842069
-0.00202213
-0.001888153
-0.001738063
-0.001804705
-0.001756581
-0.001672113
-0.001143922
-0.00089239
-0.0007650527
-0.0005258193
-0.0002866102
-0.0003995622
-0.0002150521
-5.282507e-05
-1.410911e-05
-5.443728e-06
0.0001224559
0.0002799626
0.0003308323
0.0003159185
3.725283e-05
0.0003906166
0.0005521614
0.000367992
0.000154249
2.502998e-05
0.0002042212
1.946255e-05
-0.0001446236
-0.00030182
-0.0005670489
-0.00078391
-0.0009411692
-0.001333288
-0.001542545
-0.001527597
-0.001411899
-0.001290367
-0.001160556
-0.000991578
-0.0008529132
-0.0005617283
-0.0003075271
-0.000255942
-0.0003063791
-0.000252117
-0.0003178443
-0.0004831937
-0.0005669923
-0.0008561717
-0.001044355
-0.0008593264
-0.0006851119
-0.0006683747
-0.0005031712
-0.0003048631
-0.0001977502
-0.0001193763
4.688239e-05
5.803138e-05
-8.073663e-06
5.722097e-05
0.0001115268
-5.197463e-06
-6.406125e-05
-1.272749e-05
-6.435426e-05
-2.530858e-06
0.0001024788
0.0001974674
0.0004542606
0.0006964731
0.001060063
0.001179661
0.001439565
0.001656118
0.001623042
0.001544038
0.001554344
0.001113514
0.0006457647
0.0005053682
0.0004537666
1.540406e-05
-0.0001336774
-0.0002635981
-0.0005953942
-0.0006342663
-0.000915561
-0.001346683
-0.001599093
-0.00177408
-0.001831298
-0.002098558
-0.002607773
-0.002777401
-0.002789834
-0.002719181
-0.002781178
-0.002913012
-0.003208067
-0.002952357
-0.002939549
-0.003413988
-0.003429649
-0.003181272
-0.003119037
-0.003055357
-0.002817229
-0.002631494
-0.002444321
-0.002147141
-0.001894873
-0.001719725
-0.001527235
-0.001293017
-0.001162938
-0.001049978
-0.0007836033
-0.0007081796
-0.0008862736
-0.0005221759
-0.0003599453
-0.0004983362
-0.0005527727
-0.0006240304
-0.0007272848
-0.0007544981
-0.000780352
-0.0007626914
-0.0008349437
-0.000762699
-0.0007853771
-0.0005566095
-0.0003205798
-0.0003670504
6.596329e-07
0.0004663139
0.0002496077
-1.100159e-05
0.0001178028
0.0002954445
0.0002403917
0.0001147014
5.485735e-05
-7.81309e-06
-0.0001244438
-0.0003204539
-0.0004808741
-0.0004507138
-0.0004778197
-0.0004475356
-0.0005485607
-0.0005534657
-0.0005103384
-0.0004607956
-0.0004888749
-0.0006101889
-7.857008e-06
-8.197825e-05
-0.000470816
-0.0004581772
2.182968e-05
-4.813512e-05
-0.000316354
-0.0004364959
-0.0006138541
-0.0006792785
-0.0006145751
-0.0006222727
-0.0007301682
-0.0006904114
-0.0004162145
3.19839e-05
0.0002640307
0.0003924628
0.0003851933
0.0007689377
0.00110372
0.001022584
0.0006692468
0.0006067436
0.0007787023
0.0007360574
0.0005308353
0.0003156497
0.000153336
-3.934567e-05
-3.538469e-05
-0.0001635935
-0.0002110729
-0.0002926247
-0.0003931314
-0.000467638
-0.0004715529
-0.0004453905
-0.0001838337
-0.0003200668
-0.0002335447
-0.0002145377
-0.0001609258
-9.705076e-05
8.776915e-05
1.226448e-05
4.738605e-05
0.0001763219
0.0001170914
5.561071e-05
-8.171023e-06
-0.0001313095
-0.0001172614
-8.38722e-05
-0.0004210943
-0.0005569048
-0.0005071093
-0.0004086975
-0.0002235596
-0.0002161619
9.375467e-05
5.530676e-05
1.015318e-05
0.0005221396
0.0008627847
0.001084678
0.001218877
0.001209562
0.001155834
0.001281576
0.001256164
0.001059772
0.001184625
0.001177955
0.001196807
0.001163438
0.00121078
0.001275351
0.001153064
0.0009725449
0.0007838184
0.0005454246
0.0003572776
0.0002447059
-8.150707e-05
-0.0005971791
-0.0008224582
-0.0008950981
-0.001013608
-0.00144322
-0.001549422
-0.00165042
-0.001831437
-0.001849623
-0.001760632
-0.001548287
-0.001580521
-0.001602249
-0.001466014
-0.001165121
-0.00105339
-0.001150456
-0.001121069
-0.001153932
-0.001053034
-0.000848744
-0.0008808489
-0.00107967
-0.0008853294
-0.0007160649
-0.0007022769
-0.0007126225
-0.0003928378
-0.0003043989
-0.0002441771
-1.93729e-05
6.474442e-06
4.672901e-05
0.0001160801
0.0003683148
0.0006529496
0.0005497746
0.0006076498
0.0008968936
0.0009914508
0.0008117956
0.0006604374
0.0007781709
0.0003660341
0.0004334828
0.0002633665
-1.872585e-05
8.3922e-06
-9.218221e-05
-0.0004042976
-0.0002714724
-0.0002459428
-0.0002397358
-2.477932e-05
1.240235e-05
0.000100989
0.0001263117
0.0002281837
0.0004944105
0.0007124579
0.0005508206
0.0004842904
0.0005347661
0.0003041919
0.0001196464
-2.109229e-05
-0.0002257701
-0.0004030691
-0.0007710045
-0.0007578413
-0.0007313962
-0.0007988875
-0.0008024006
-0.000801505
-0.0005467527
-0.0002010984
-0.0003017465
-0.0005048646
-0.0002941884
9.293017e-05
1.505745e-05
-2.30075e-05
0.0001302834
0.0002880237
5.655683e-05
-0.0001181476
3.510764e-05
0.0002028071
0.0003311821
0.000143623
0.0001494016
0.0003330786
0.0003756151
0.0001039838
0.0003216854
0.0001357911
-0.0003190794
-0.000428212
-0.0003186702
-0.0003013861
-0.0004475733
-0.0005994245
-0.000509377
-0.0005486688
-0.0005535467
-0.0004402812
-0.0004271891
-0.0003146113
-0.0001278051
-4.889803e-06
-7.838641e-06
-7.167228e-05
1.457556e-05
-0.0001682421
-0.0006948311
-0.0003340164
-0.0003226304
-0.0008232982
-0.0009079339
-0.001059429
-0.000899542
-0.00082797
-0.0007679538
-0.0007723846
-0.0006408026
-0.0006566809
-0.0006977369
-0.0006556767
-0.0004563124
-0.0004138396
-0.0003227685
-0.0003728902
-0.0003601733
-8.761565e-05
0.0001383504
0.0004042553
0.0002428321
6.043037e-05
0.0002897285
0.0004905515
0.0004765639
0.0002948392
0.0004432662
0.0006257336
0.0003424422
0.0005108388
0.0005581317
0.0004807364
0.000476304
0.0003690977
0.0002273584
6.427179e-05
0.0001726784
0.0003562724
0.0005545189
0.0007120323
0.0006142057
0.0007822125
0.001284529
0.001436617
0.001309776
0.001541674
0.001680431
0.001789526
0.001609361
0.001621485
0.001718427
0.001686744
0.001598509
0.001686337
0.001715723
0.00175369
0.001835299
0.001874169
0.00183551
0.001941015
0.002010267
0.001941792
0.002144563
0.002531721
0.002714811
0.002759653
0.002535734
0.002774381
0.002876366
0.002667107
0.002703811
0.002761215
0.002543636
0.002759828
0.002770358
0.002716858
0.002769878
0.002635409
0.002307954
0.002380257
0.001930686
0.001483793
0.001369475
0.001492794
0.001106103
0.0007262775
0.0007820781
0.000792697
0.0006577793
0.0006182594
0.0007650623
0.0008792516
0.0009947772
0.0008233592
0.0009435805
0.0009237723
0.0008447827
0.0008461276
0.0008523264
0.0009085763
0.0008433427
0.0007972551
0.001022158
0.001157046
0.001161831
0.0009458011
0.0008875079
0.001476986
0.001740524
0.001854886
0.001912065
0.002172654
0.002321402
0.002497133
0.002798761
0.002799425
0.002630536
0.002468494
0.002485234
0.002549808
0.002078436
0.002444467
0.002703085
0.002746173
0.002584403
0.002371669
0.002609787
0.002375098
0.002640786
0.002693948
0.002433466
0.002498951
0.002670643
0.002695486
0.002595375
0.002463567
0.002651589
0.002702195
0.002725175
0.002566275
0.002309937
0.002126589
0.002145184
0.002103437
0.001734328
0.001678743
0.001527051
0.001534832
0.001546732
0.001196464
0.001177448
0.0009302187
0.0008487545
0.0008313845
0.0005668942
0.0005259869
0.0003013294
0.0002515055
0.0005828238
0.0006872216
0.0007098101
0.0006699525
0.001044891
0.001492896
0.001364128
0.001502179
0.001771766
0.001886098
0.001755469
0.001660118
0.001798869
0.001797252
0.00166405
0.001254292
0.001183692
0.0009871167
0.0009059324
0.001030593
0.0009086522
0.0006695764
0.0006583799
0.0009215725
0.001137089
0.0009872586
0.0008976436
0.000854575
0.0008480389
0.0007845955
0.0006066366
0.0005461206
0.0004747541
0.0002465551
0.0001720878
0.0001777391
0.0001826275
0.0001607526
0.0002711271
0.0004355306
0.0002824351
0.0007679982
0.0007741531
0.0002089074
0.0003328693
0.0003119879
-6.817075e-06
-0.0002571109
-0.0002352509
-8.740496e-05
-0.0002293193
-0.0003276697
-0.0004221946
-0.0004393452
-0.0004885047
-0.0007504249
-0.0009588987
-0.001077434
-0.001431507
-0.001571982
-0.001736658
-0.00181187
-0.002172203
-0.002415888
-0.002410822
-0.002432613
-0.002825152
-0.00273377
-0.002601805
-0.002396675
-0.002517571
-0.002790741
-0.002593891
-0.002551232
-0.002580183
-0.002624442
-0.002573267
-0.002381757
-0.002148745
-0.001950847
-0.001723409
-0.001644862
-0.001724091
-0.001831741
-0.001526626
-0.001122468
-0.001014285
-0.001019543
-0.001189407
-0.0009458532
-0.001040836
-0.001272472
-0.001244095
-0.001709029
-0.002194694
-0.002281058
-0.002364649
-0.002534826
-0.002843698
-0.002904828
-0.003036348
-0.00293631
-0.003145302
-0.003436869
-0.002988405
-0.002829914
-0.002664188
-0.002542545
-0.002410328
-0.002421214
-0.002541385
-0.002649873
-0.002491497
-0.002653674
-0.002596392
-0.002548205
-0.002774518
-0.003096343
-0.003070809
-0.003244464
-0.003527514
-0.003627377
-0.004207353
-0.00470154
-0.004779796
-0.004809157
-0.004910636
-0.005171614
-0.005150521
-0.005060921
-0.004893466
-0.004703684
-0.004585764
-0.004396803
-0.004097322
-0.00391425
-0.003783897
-0.003492782
-0.003171246
-0.002881668
-0.002750703
-0.0025612
-0.002463953
-0.002613206
-0.002395916
-0.002078854
-0.001959564
-0.001832872
-0.001661992
-0.001522123
-0.00135431
-0.001472524
-0.00170752
-0.001721746
-0.001832681
-0.002145664
-0.002442215
-0.002575388
-0.002683889
-0.002823542
-0.002924482
-0.002819167
-0.002879672
-0.002920664
-0.002586737
-0.002312055
-0.002025051
-0.001840846
-0.001643814
-0.001236008
-0.0009787994
-0.0007365278
-0.0003132486
5.360054e-05
0.0003673748
0.0006527378
0.0008679151
0.001066135
0.001127312
0.001235181
0.001133694
0.001245716
0.0009806428
0.0008585715
0.001196052
0.001232284
0.001140759
0.001042244
0.001084554
0.001158118
0.001280075
0.001199002
0.0009968177
0.001003082
0.0007512832
0.0005854557
0.0005598699
0.0005894762
0.0004356249
0.0002245793
6.862329e-05
4.506416e-05
-0.0001819067
-0.0005041094
-0.0004141076
-8.863595e-05
-0.0002997807
-0.0003654433
-8.618688e-05
1.771552e-05
0.0002167452
0.0003754654
0.0007238692
0.0008967811
0.0009357999
0.001243413
0.001431714
0.001732209
0.001974712
0.002416438
0.002629937
0.002549771
0.002505164
0.002610317
0.002625697
0.002552005
0.002501152
0.002556749
0.002553539
0.002504409
0.002610952
0.002625412
0.002491452
0.002314581
0.002443355
0.002663192
0.002641354
0.002651552
0.002657032
0.002630542
0.002424881
0.002890148
0.002933491
0.002625054
0.002852603
0.003304654
0.003448147
0.003386707
0.003681184
0.003683533
0.003704644
0.003654336
0.003609122
0.003700052
0.003485149
0.003411929
0.003521033
0.00368523
0.003736267
0.003396821
0.003498935
0.003309545
0.00285745
0.00249076
0.002392797
0.002348997
0.00184779
0.001631561
0.001581806
0.001401212
0.001274327
0.001214468
0.001217093
0.001275051
0.001273414
0.001283357
0.001328951
0.001216871
0.001286878
0.001436459
0.001424526
0.001745165
0.001893809
0.001947637
0.002253051
0.002552912
0.002688171
0.002794691
0.002802421
0.002936233
0.002960856
0.002646916
0.002658049
0.002631242
0.002490944
0.002319092
0.002059524
0.001903149
0.001927054
0.001785083
0.001681854
0.001608348
0.001425373
0.001005011
0.001067907
0.001107613
0.0009005429
0.0006744191
0.0005361746
0.0003052183
-1.136303e-05
-0.0003003415
-0.0006333056
-0.0009618997
-0.0009347688
-0.001103869
-0.001337716
-0.00123952
-0.00115578
-0.0009267036
-0.0004900348
-6.676974e-05
4.622035e-05
0.0001973046
0.000702765
0.001052045
0.001508486
0.001950355
0.002320332
0.002541321
0.002643001
0.002899705
0.002879634
0.002918749
0.00292352
0.002615883
0.002448805
0.002475378
0.002280325
0.002035825
0.001803095
0.001792277
0.001231047
0.0008509555
0.001024701
0.0008527486
0.0002965373
-5.764767e-05
-0.0001412851
-0.0003592579
-0.0004987383
-0.0006836235
-0.0007792076
-0.0007667774
-0.001012485
-0.001008827
-0.0009603463
-0.0008767337
-0.0009099999
-0.0008050268
-0.0004896022
-0.0001937626
-5.821621e-05
-2.00701e-05
0.0001377497
0.0005231586
0.00055162
0.0006801512
0.0008121615
0.0006558828
0.0007977813
0.0005199186
0.0004681793
0.0003548771
9.618452e-06
-1.744363e-05
-0.0001843556
-0.0005548636
-0.0007980142
-0.0008632188
-0.0008564748
-0.0008589364
-0.001173865
-0.001579905
-0.001540514
-0.00152525
-0.001907838
-0.00224609
-0.002162466
-0.002122905
-0.002095629
-0.002131999
-0.0020224
-0.00190195
-0.001887332
-0.001852136
-0.001816213
-0.001735654
-0.001942272
-0.001968881
-0.001767024
-0.001722729
-0.002017014
-0.002133389
-0.002097431
-0.002367536
-0.002583463
-0.002684603
-0.002502042
-0.002462632
-0.002859523
-0.002817415
-0.002451554
-0.002315838
-0.002337849
-0.002245933
-0.001914791
-0.001828547
-0.001648958
-0.001418986
-0.001649061
-0.00183099
-0.001665545
-0.001455868
-0.00123911
-0.001218942
-0.001101358
-0.0009348685
-0.0007759255
-0.0004597228
-0.0003461657
-0.000147904
-5.123567e-05
-1.742039e-05
4.535096e-06
0.0001083317
0.000185977
0.0001647247
0.0001397023
8.259727e-05
-3.140405e-05
0.0004625666
0.0005441554
0.0001228891
0.0003031866
0.0006522446
0.0004340065
0.0002355184
0.0002351637
0.0001822088
0.0001758745
0.0001753048
0.0002444129
0.0004158445
0.0004857042
0.0005450533
0.0006634815
0.0007248445
0.0008636089
0.0008178657
0.0005873722
0.0007434937
0.0005204611
0.0002693747
0.0001416122
0.0002837195
0.0001790565
9.943664e-06
-3.409899e-05
-0.000214318
-0.0002212595
-0.0005924235
-0.0008745141
-0.0009076061
-0.0009999639
-0.001265352
-0.001367612
-0.001522612
-0.001400784
-0.001251029
-0.001377567
-0.001191358
-0.001271618
-0.001479426
-0.001462084
-0.00135268
-0.001598981
-0.001757347
-0.001429816
-0.00133246
-0.001421007
-0.001457494
-0.00142538
-0.001450552
-0.001432105
-0.001504308
-0.001562428
-0.001681148
-0.001502138
-0.001439279
-0.001504099
-0.001675189
-0.001693606
-0.001986788
-0.001977307
-0.002012791
-0.002325393
-0.002573097
-0.002492493
-0.002417479
-0.002520856
-0.002383934
-0.002383445
-0.001956605
-0.001786928
-0.001508844
-0.001256953
-0.0008850318
-0.0005290491
-0.0002794628
-9.499982e-05
0.0003946713
0.0005623026
0.0005298971
0.00074228
0.001081068
0.000911863
0.0006122564
0.0006626037
0.0004115701
1.683429e-05
3.125789e-05
-4.555982e-05
-0.000206041
-0.0004159881
-0.0005702065
-0.0007854727
-0.0008718521
-0.0008451906
-0.0008797854
-0.001022149
-0.0009318711
-0.001170619
-0.001454188
-0.001056874
-0.0007296188
-0.0008679279
-0.0009714658
-0.0005642
-0.00011783
-8.164475e-05
-0.0002264769
-9.316494e-05
2.00384e-05
0.0002200842
0.0001253656
-4.969333e-06
5.118154e-05
6.170525e-05
-1.359726e-05
-5.465662e-05
4.113664e-05
7.387261e-05
9.25026e-05
0.0002077915
0.0005761521
0.0005038108
0.0003471648
0.0004350648
0.0005890156
0.0005613707
0.0005282935
0.0003733588
0.0002297548
0.0001231458
0.0001120734
0.0001817164
0.0002357205
0.0001801245
0.0001135598
0.000244099
0.0004789324
0.000481376
0.0004884466
0.0008479477
0.001084374
0.001112338
0.001189614
0.001184387
0.001305364
0.001308682
0.001429734
0.001423136
0.001503825
0.001407865
0.001150003
0.0009718471
0.0009761496
0.0009017582
0.0004899516
0.0002348812
0.0002464727
4.035114e-05
-0.0004155745
-0.0004384073
-0.0005037338
-0.0007178366
-0.0005712463
-0.0005491106
-0.0004883857
-0.0001960352
-6.345647e-05
6.023659e-05
0.0002309499
0.0002448447
0.0002987025
0.0003010114
4.657854e-05
1.437279e-05
0.000399935
0.0003764084
0.0001707423
0.0001173058
0.0003058568
0.0004719117
0.0003135298
0.0001615108
0.0001998627
0.0003346235
0.0001415315
9.932878e-05
0.000125377
0.000239439
0.0002934047
0.000184344
0.0002997879
0.0004784479
0.0004834739
0.000621976
0.0005660268
0.0003506496
0.0008713364
0.0007406656
0.0002444445
0.0003514808
0.0005542285
0.0003457929
1.421677e-05
0.0002230122
0.00049194
0.0006008511
0.0006692525
0.0007852719
0.0009750875
0.001209582
0.00147047
0.001685226
0.001852873
0.002099561
0.002098307
0.002354981
0.002572285
0.002484267
0.002265332
0.002306244
0.002377452
0.002314163
0.002194713
0.001880034
0.001466506
0.001338448
0.00120405
0.0009276229
0.0008965499
0.0007304035
0.0006153628
0.0006421281
0.0006434034
0.00061726
0.0002267057
0.0003854677
0.0004424208
0.0002921518
0.0001157638
6.473411e-05
0.000102555
-4.944337e-05
-0.0001461313
-0.0001642653
-0.000157377
-0.0003378212
-0.0002816048
-0.0002818813
-0.0002108729
-0.0002944012
-0.0003194985
-0.0002451671
-0.0001267577
-6.978327e-05
-0.0001226612
-6.932726e-05
-1.980061e-06
-7.094855e-05
-0.0001829991
-6.830475e-05
5.443097e-05
-1.344896e-06
-7.235059e-05
6.553954e-05
0.0004105583
0.000616205
0.0007180012
0.0007345846
0.0007834229
0.0007923668
0.0007205883
0.00073929
0.000832861
0.0006861457
0.0004588381
0.0002665739
0.0002783519
-0.0001841028
-0.0005379516
-0.0004619059
-0.0006417404
-0.000896491
-0.00124997
-0.001258122
-0.001383417
-0.001490309
-0.001513689
-0.001420581
-0.001589283
-0.001830558
-0.001844758
-0.001829473
-0.00171582
-0.001655405
-0.00171093
-0.001653665
-0.001592964
-0.001712404
-0.001842198
-0.001635886
-0.001376067
-0.001499219
-0.001374459
-0.001208801
-0.0009254543
-0.0008052601
-0.0009067843
-0.0008735267
-0.0009719217
-0.001107763
-0.001287562
-0.001465788
-0.001536294
-0.001587396
-0.001592883
-0.001659766
-0.00169631
-0.001740288
-0.001995061
-0.001784476
-0.001723343
-0.002058287
-0.002229131
-0.002358323
-0.002348101
-0.002610758
-0.00289112
-0.002913655
-0.002834756
-0.003163926
-0.003305429
-0.003117538
-0.003119896
-0.00329699
-0.003303454
-0.003117902
-0.002930841
-0.002940257
-0.003118478
-0.002857754
-0.002476448
-0.002594589
-0.002539705
-0.002358284
-0.001977306
-0.001827553
-0.001714001
-0.001410132
-0.001229364
-0.001094685
-0.0008685764
-0.0007969698
-0.0006650548
-0.0005775533
-0.0007717817
-0.0006970857
-0.0008488724
-0.001227138
-0.001541651
-0.00144153
-0.001270373
-0.001664028
-0.001698465
-0.001616487
-0.00131185
-0.001215742
-0.001099032
-0.000872883
-0.0009074573
-0.0008050118
-0.0006197138
-0.0002920508
2.392412e-05
0.0001558531
0.0006321706
0.0007496633
0.0007154927
0.0007959549
0.0009636033
0.001164625
0.001267484
0.001036389
0.0008519678
0.0009068205
0.0007900047
0.0004821705
0.000303707
0.0002955904
0.0001822481
-9.829983e-06
-0.000118265
-0.0001398106
-0.0001761209
-6.925721e-06
-1.818662e-05
1.542697e-05
0.0006577827
0.000775187
0.0003864802
0.000707245
0.001104551
0.001086411
0.0009164123
0.001032621
0.001206525
0.001295311
0.001372353
0.001249495
0.001115966
0.0008265943
0.0009409723
0.0009322552
0.0007115675
0.0004343284
0.0003547679
0.0003000076
0.0001837087
0.0001101111
-2.18975e-06
0.0001235709
0.0002851637
0.0002565668
0.0004695437
0.0007373462
0.0009008678
0.0009852156
0.001013203
0.0009960695
0.001189598
0.001301175
0.001501155
0.001595148
0.001759496
0.001947212
0.002136623
0.002427362
0.002636696
0.002529664
0.002288883
0.002651126
0.00275802
0.002552865
0.002374776
0.002321141
0.002241472
0.001960637
0.001819013
0.001582327
0.001219629
0.0009653298
0.000800015
0.0005245838
0.0002039082
0.0002758381
0.0003180158
0.0004692359
0.0006872931
0.0005094847
9.810284e-05
0.0004503816
0.0006201691
0.0004838239
0.0003522545
0.0001920717
0.0001001384
-4.706252e-05
-2.526973e-05
7.77253e-05
0.0002804867
0.000252254
0.0003567621
0.0006059219
0.0006646488
0.0006108187
0.0005981344
0.0006110328
0.0007292673
0.000655197
0.0004372458
0.0005984797
0.0005974541
0.0003834051
0.0003304548
0.0002725738
0.0005159573
0.0005016185
0.0004150574
0.0003001595
0.0001204655
5.217482e-05
6.142203e-05
4.764211e-05
8.755354e-06
3.608465e-05
0.0001438182
0.0004508172
0.0005230775
0.0003756393
4.062641e-05
0.0004524366
0.0007393858
0.0006660189
0.0007267577
0.000847643
0.000976048
0.001148528
0.00128593
0.001266601
0.00103818
0.001098589
0.001264676
0.001045164
0.000839419
0.0008017752
0.000707726
0.0005062818
0.0005896721
0.000426329
0.0001794098
0.0003698334
0.0003967855
9.468487e-05
0.0001973321
0.000278926
0.000451421
0.0003174382
0.0004261835
0.0006435679
0.0006395343
0.0008752658
0.0009410614
0.001130223
0.001240406
0.00112385
0.001007573
0.001428085
0.001545
0.001317232
0.001236047
0.001628941
0.001829392
0.001770649
0.00181836
0.001832092
0.001825877
0.001635897
0.001412051
0.001386432
0.001162786
0.0008448237
0.0006734674
0.0005340976
0.0003113991
0.0002330146
0.0001171097
-1.882861e-06
5.964582e-05
-8.078237e-05
-0.0002885746
-1.873215e-05
-6.838074e-06
-0.0002339955
-0.0002040011
-0.0003029764
-0.0002410515
-8.842185e-05
-9.22482e-05
-4.435702e-05
-0.0002157253
0.0001631251
0.0005407995
0.0006175742
0.0009048005
0.0009661362
0.0008611392
0.001148347
0.0013965
0.001347225
0.001205182
0.0009794827
0.0009709062
0.001028113
0.0009773004
0.001091782
0.001276769
0.001337335
0.001401848
0.001579637
0.001703772
0.001770622
0.001755139
0.001656655
0.001688758
0.001663299
0.001494486
0.001303223
0.001633402
0.001446434
0.0007532709
0.000829053
0.001046546
0.0007754308
0.0003134415
0.000355559
0.0004823611
0.0003020265
0.0002406192
0.0004849364
0.0005959354
0.0005633832
0.0007019255
0.0008810318
0.001181843
0.001248323
0.001494553
0.001662239
0.001755834
0.001579071
0.001414852
0.001496918
0.001426406
0.001372703
0.001115113
0.0009593724
0.0006702853
0.000240172
-6.56425e-05
-0.0003743165
-0.0007908894
-0.001237198
-0.001577433
-0.001662133
-0.002020611
-0.00243337
-0.002465248
-0.00236278
-0.002224167
-0.002367296
-0.002335771
-0.002071756
-0.001841531
-0.001894185
-0.002019458
-0.001895551
-0.001655158
-0.00158703
-0.00172416
-0.001695479
-0.001369598
-0.001326016
-0.001428947
-0.001511497
-0.001301061
-0.001157565
-0.00104132
-0.0008676846
-0.0007205741
-0.0006990363
-0.0008997501
-0.0006236585
-0.0003144026
-0.0003612689
-0.0003770744
-0.0004354254
-0.0004158751
-0.0003976335
-0.0005872066
-0.0003879845
-0.00036937
-0.0005463647
-0.0004378548
-0.0003727627
-0.0003636625
-0.0002524156
-0.000380255
-0.0004686448
-0.0003394226
-0.0006571214
-0.0007337113
-0.0007629829
-0.001064561
-0.001080214
-0.00138203
-0.001480976
-0.001408864
-0.001400915
-0.001420011
-0.001517773
-0.001480575
-0.001462127
-0.001412934
-0.001402932
-0.001602981
-0.00181702
-0.001737463
-0.001628142
-0.001486398
-0.001835669
-0.00212293
-0.001983516
-0.002119828
-0.002151331
-0.002079014
-0.001952738
-0.001719531
-0.001589371
-0.001404397
-0.001173496
-0.001030737
-0.0008089808
-0.0006066399
-0.0003744217
-0.0002510557
-0.0001810583
-1.123308e-05
-2.541693e-06
-0.0001204884
-0.0003856345
-0.0005980961
-0.0002578125
-0.0001254982
-0.0006191616
-0.0009060451
-0.0006945561
-0.0007217954
-0.0009303697
-0.001157746
-0.001289207
-0.00147005
-0.001772017
-0.002022757
-0.002135388
-0.002146868
-0.002257493
-0.002330139
-0.002194934
-0.001959475
-0.002151341
-0.00236622
-0.001911994
-0.00158443
-0.001658921
-0.001579496
-0.001239696
-0.001156106
-0.001039706
-0.0008104776
-0.0005964494
-0.000269288
-0.0001681005
-0.0001437849
-0.0001757562
5.211477e-05
0.0002995634
0.0003006058
0.0003656002
0.0005408701
0.000421427
0.0001843778
0.0001712534
0.0001886984
-2.27782e-05
-0.0002807645
-0.0002868726
-0.0003873005
-0.0004172509
-0.0007562973
-0.0007688109
-0.0007753058
-0.0008766282
-0.001028909
-0.0009866616
-0.000926466
-0.0007804869
-0.0005144172
-0.0007204111
-0.0009288564
-0.0009176257
-0.0007953965
-0.0008098203
-0.0009794579
-0.0008630341
-0.0006263505
-0.0005446814
-0.0005102751
-0.0005435543
-0.0003807757
-0.0002488124
-0.000246863
-0.0002565831
-0.0002396356
-0.0001354363
-0.0001870435
-0.0001703041
-0.0002844807
-0.0005053642
-9.992428e-05
-0.0003544253
-0.0009183533
-0.0006658543
-0.0001992872
-0.0003499805
-0.0005625142
-0.0004155073
-2.327977e-06
-9.807545e-06
-0.0002193699
-1.974675e-05
-4.669127e-05
-0.0001208651
-5.664146e-05
-0.0001846079
-0.0003534056
-0.0001795968
-6.472554e-05
-0.0001014746
0.0001191865
0.0001242909
8.437642e-05
0.0003507062
0.0005212354
0.0005855726
0.0005966346
0.0008170424
0.0007834982
0.0009472077
0.001010729
0.001211898
0.00135691
0.001347314
0.001348356
0.001475795
0.001648269
0.001596549
0.001527755
0.001664
0.001693092
0.001437982
0.00137864
0.001375936
0.001694096
0.001842575
0.001833511
0.001951428
0.002143869
0.002249636
0.002140442
0.002259053
0.00255357
0.002564081
0.002433314
0.00243677
0.002562251
0.00235868
0.001900448
0.002068405
0.002235354
0.001718667
0.001326317
0.001286012
0.001207009
0.000732688
0.0003114776
0.0001707475
7.845843e-05
0.0001083639
1.404522e-05
-6.741844e-05
-0.0001120525
-6.330222e-05
3.85583e-06
0.0001289472
0.0001675185
0.0002120258
0.0004494299
0.0004668269
0.0005650659
0.0005240098
0.0008155238
0.001115989
0.001310225
0.001160053
0.001084429
0.001266645
0.001390261
0.00138315
0.001333507
0.001314369
0.001272274
0.00144699
0.001422189
0.001296645
0.001582672
0.001534977
0.001469898
0.001462788
0.001602155
0.001314447
0.001028542
0.001232708
0.001333137
0.001284662
0.001352056
0.001488147
0.001325416
0.001463761
0.001200675
0.001487381
0.001585504
0.001322827
0.00110629
0.001188212
0.000929509
0.0007136441
0.0003063463
0.0002683053
0.0002057911
-0.0002449118
-0.0004005678
-0.0004303895
-0.0003919042
-0.0004392595
-0.000440583
-0.0004501324
-0.0005531707
-0.0005693422
-0.0006163634
-0.0006872996
-0.0006085211
-0.0004628495
-0.0003516951
-0.0001161615
-0.0001141424
0.0001374231
0.0004005465
0.0005688262
0.0007612294
0.0005992607
0.0004400522
0.0008716422
0.0008495566
0.0008995369
0.0008100721
0.0006294384
0.0006744336
0.0006329358
0.0004297169
0.00028157
0.0004870998
0.0005116846
0.0002513807
0.0001005147
0.0002419856
0.0002839894
0.000233735
0.0001720327
0.0003527958
0.0001522832
-3.401858e-05
7.092971e-05
2.763064e-05
2.548643e-05
-0.0001142994
-0.0003686294
-0.0002996599
-0.0003114449
-0.0004158079
-0.0005406646
-0.000607355
-0.0006997464
-0.0004995115
-0.0005800041
-0.0005528692
-0.000469859
-6.576258e-05
-2.384442e-05
-0.0002184266
-0.0001556855
8.075922e-05
0.0002527734
0.0001953483
0.0002005683
0.0003025298
0.0002657409
0.0001179567
3.56228e-05
0.000298253
0.0003093364
8.16675e-05
0.0001276574
0.0001859613
0.0002673189
0.0002718586
6.245569e-05
1.687957e-05
-0.0002902912
-1.102837e-05
1.299028e-05
-0.0005010544
-0.0006384486
-0.0005591262
-0.0007017374
-0.001011164
-0.00105471
-0.001251049
-0.001377641
-0.001569223
-0.001752313
-0.001524383
-0.001454068
-0.001402315
-0.001457442
-0.001268552
-0.001244895
-0.001302004
-0.00113734
-0.001064611
-0.001197595
-0.001338598
-0.001379308
-0.001682364
-0.001816925
-0.002056783
-0.002301907
-0.001941578
-0.001797813
-0.00184509
-0.001884185
-0.001928274
-0.001605393
-0.001578865
-0.00153207
-0.001593816
-0.001383911
-0.00122372
-0.001233694
-0.001006365
-0.001062359
-0.0009882028
-0.0007301205
-0.0004075086
-0.0001534645
-7.702629e-05
-2.114888e-05
0.0003128851
0.0003133685
0.0003900119
0.0005172094
0.0005200258
0.0004490207
0.0002917624
0.0004009645
0.0005032721
0.0002970322
9.935964e-05
7.281103e-05
0.0001589898
-0.0001701433
-0.0004983742
-0.0003487781
-0.0003936165
-0.0006094393
-0.0007516357
-0.000815147
-0.0007621159
-0.0009765591
-0.001039825
-0.001082918
-0.00121846
-0.001401113
-0.0009890288
-0.0009115295
-0.0009562948
-0.0008742431
-0.0006627063
-0.0003083232
-0.0001081387
-0.0001908647
-0.0001010089
7.63259e-05
0.0002448482
0.0004714219
0.000335472
4.937364e-05
0.0001535612
9.939454e-05
0.0001727112
0.0002470322
0.0001793452
0.0002559888
0.0003270729
0.0002128457
0.0004394687
0.0005871712
0.0006157195
0.0006944847
0.0007214845
0.0004665137
0.0004023574
0.0005036787
0.000355901
0.0001107561
-2.848768e-05
0.0001141969
1.620969e-05
-0.0003173466
-0.0004248863
-0.000315
-0.0004318653
-0.000684704
-0.0007115633
-0.0007386474
-0.0007006424
-0.0006875611
-0.0006997655
-0.0005049166
-0.0003353064
-0.0005481845
-0.0003216415
-2.325947e-05
2.595031e-05
1.911125e-05
0.0002002224
0.0005552622
0.0006901801
0.0008268408
0.001124735
0.00146534
0.001671658
0.001998331
0.002149487
0.002261306
0.002417307
0.002569845
0.002345328
0.002528928
0.002963103
0.002783585
0.002433185
0.002538227
0.002698947
0.00285077
0.002678818
0.002583509
0.002601056
0.002630657
0.002648751
0.002495632
0.002228848
0.002206436
0.001944684
0.001953384
0.002013093
0.001913634
0.001936489
0.002018402
0.002140505
0.001834525
0.001622993
0.001808308
0.001832137
0.001638028
0.001408287
0.00129827
0.001202662
0.001393825
0.001240248
0.0009780097
0.000748341
0.0007206193
0.0006227335
0.0004779005
0.0002702976
0.0001948805
0.0006681459
0.0005518953
0.0003747027
0.0002594833
0.0003417445
0.0004509299
0.0002934979
2.817003e-05
-0.0001226701
-0.0001324437
-0.0002261012
-0.0003914482
-0.0005934517
-0.0006431214
-0.00059899
-0.0006368098
-0.0006511826
-0.0005804429
-0.0004475707
-0.0004664692
-0.0006674837
-0.000816235
-0.0003420272
-0.0003896987
-0.0009745017
-0.0008567775
-0.0006267173
-0.0007893914
-0.001040767
-0.0009792839
-0.0009552447
-0.001161742
-0.001056895
-0.001013267
-0.0009899102
-0.0009639575
-0.0009865894
-0.001060572
-0.0009768941
-0.001016869
-0.001167398
-0.001059786
-0.0009208431
-0.0009930497
-0.001027157
-0.0009303037
-0.0006711982
-0.0008367111
-0.001051798
-0.00105083
-0.001037339
-0.001100171
-0.001334895
-0.001439464
-0.0014341
-0.001531442
-0.001676098
-0.00166966
-0.001627572
-0.001598802
-0.001480443
-0.001437002
-0.001268341
-0.001297462
-0.001290218
-0.001057754
-0.0009836699
-0.0009468702
-0.0009900812
-0.001026598
-0.001048951
-0.001108308
-0.0009484577
-0.000909855
-0.0009351016
-0.001061758
-0.001117466
-0.001060941
-0.001061172
-0.001153713
-0.001198074
-0.001202063
-0.001281496
-0.001445897
-0.00166148
-0.001573281
-0.001573663
-0.001791022
-0.001761582
-0.001689288
-0.0016949
-0.001831022
-0.001969374
-0.001966712
-0.001955053
-0.002105627
-0.002270555
-0.002192965
-0.002163604
-0.002124565
-0.002058895
-0.001968041
-0.001802695
-0.001574743
-0.001514702
-0.001258505
-0.0008553491
-0.0009164161
-0.0009802769
-0.0008249257
-0.000688581
-0.0006234434
-0.0005954896
-0.0007091265
-0.0007828305
-0.0007927852
-0.0007358576
-0.0008322588
-0.0007704961
-0.0007464202
-0.0006995176
-0.0007099426
-0.0009204949
-0.0009352734
-0.0008276359
-0.0007356949
-0.0007275056
-0.0008796678
-0.0009360549
-0.0007954309
-0.0009267
-0.0008684511
-0.0008005046
-0.0007981893
-0.0007577885
-0.0007867647
-0.0008474514
-0.0009586734
-0.001077673
-0.00126697
-0.001251733
-0.001266482
-0.001222913
-0.001372125
-0.00165276
-0.001406802
-0.001149322
-0.001206915
-0.001320655
-0.001241787
-0.001229698
-0.001122515
-0.0008725254
-0.0008394679
-0.0006710857
-0.0005382247
-0.0005059761
-0.0004149422
-0.0004503846
-0.00013039
0.0001186676
0.0001585761
0.0001983127
0.0002574865
0.0002798424
0.0002152958
0.00042645
0.0004575186
0.0002250626
0.0003192288
0.0003012744
0.0002048408
0.0001534071
8.291091e-05
5.998291e-05
-4.428325e-05
-0.0001142034
-0.0002678949
-0.0002726702
-0.0002831025
-0.0003815398
-0.0003348381
-0.0003721572
-0.0002825703
-0.0002933788
-0.0001261132
7.937057e-05
6.622989e-05
0.0001636352
0.000234165
0.0004423253
0.000511175
0.0004638492
0.0007633599
0.0007894211
0.0007907089
0.0008846929
0.0008059022
0.0009181972
0.0009224274
0.001101259
0.001198058
0.001063991
0.0009731195
0.001063073
0.001172953
0.001147119
0.001207135
0.001267441
0.001239415
0.001093666
0.001065198
0.0009949157
0.0009857233
0.001024231
0.0008941111
0.000775821
0.0007962581
0.0008169901
0.0009226887
0.0008398309
0.0007626138
0.001087526
0.001240484
0.001005847
0.001118137
0.001395866
0.001282514
0.001103332
0.001056552
0.001153751
0.001152059
0.0009564611
0.001145366
0.001177522
0.001121199
0.001065703
0.0009667385
0.00100815
0.0009647391
0.0009600264
0.0008321893
0.0008037084
0.000607576
0.0003288101
0.0003577671
0.0004886337
0.0004323119
0.0002909289
0.00038933
0.0004463838
0.0003064775
0.0001721977
0.0002176906
0.0002144562
0.000338832
0.0004468772
0.0005385077
0.0005601093
0.0006558961
0.0008287394
0.00112888
0.001327679
0.001279279
0.001197982
0.001354108
0.001530151
0.001427355
0.001322579
0.001296735
0.001393529
0.001397595
0.001307597
0.001269475
0.001300769
0.001167541
0.001081503
0.001178351
0.0009572688
0.000995872
0.001077693
0.0009631327
0.0009941022
0.001022493
0.0008718507
0.0009141272
0.0009944785
0.0008440562
0.0009506705
0.0009722644
0.0009220661
0.0009136185
0.0008806288
0.0009461166
0.0009395603
0.0008327839
0.0007775944
0.0007147544
0.0006565521
0.0006016038
0.0005696251
0.0004880022
0.0005695612
0.0004711622
0.000240472
0.0002863699
0.0004465727
0.0004415705
0.0004720626
0.0004760285
0.000616276
0.0006076
0.0006246887
0.000658713
0.0007018974
0.0009041929
0.0009758052
0.0009796564
0.001029126
0.000934944
0.0008796921
0.0008463678
0.0008074254
0.0006842195
0.0005228808
0.0004945156
0.0003362891
0.0001738853
8.471847e-05
-4.904879e-05
-0.0002259774
-0.00015694
-0.0001959433
-0.0002526531
-0.0002356081
-0.0001780273
-0.0002360801
-0.0003506743
-0.0003752602
-0.0002362307
-0.0002485994
-0.0003574003
-0.0001825768
-0.0001554581
-0.0001331303
8.620467e-06
0.0001113854
0.0001423957
0.0002211532
0.0002289807
9.29582e-05
0.000189319
0.0002552195
0.0003672895
0.0004119055
0.0003345328
0.0002338214
0.0002344047
0.0002570332
0.0002040366
0.0002157414
0.0002357969
0.0002842062
8.571852e-05
-0.0001045501
1.018578e-05
2.453488e-05
-4.82527e-05
-8.240654e-05
-8.115036e-05
2.217816e-05
0.0001076522
9.298864e-05
0.0002054335
0.0002455216
0.0002811198
0.0003590624
0.0003860169
0.0004446612
0.0003489453
0.0003801012
0.0003986454
0.0003860421
0.0002864239
0.0001281736
0.0001574584
0.000179151
0.0001025042
7.08905e-05
9.8573e-06
6.823919e-05
3.645488e-05
4.133903e-05
2.753975e-05
1.379834e-05
-7.486496e-06
-5.588653e-05
6.103221e-06
8.099942e-05
-7.661667e-05
1.974992e-05
-9.551093e-05
-0.0002077096
-0.0001435427
-0.0001049389
-0.0001161344
-0.0001968972
-0.0001748754
-0.0001401533
-0.0001064698
-8.208612e-05
-0.0001688208
-0.0002314782
-0.0002001172
-0.0002318784
-0.0003485413
-0.0004127271
-0.0004056055
-0.0003823833
-0.000363433
-0.000420303
-0.0005669737
-0.0003410107
-0.0003225427
-0.0006431706
-0.0004977096
-0.0003876168
-0.0005038137
-0.0005716445
-0.0005832835
-0.0005374493
-0.0005493746
-0.000497989
-0.0004614211
-0.0005182139
-0.0006049476
-0.0006261619
-0.0005429377
-0.0004725813
-0.0004791001
-0.0006466714
-0.0006917952
-0.0005919355
-0.0006821213
-0.0007244524
-0.0006168863
-0.0005517228
-0.0006329354
-0.0005417995
-0.0005239408
-0.0005515446
-0.0004686138
-0.0004016322
-0.0004103865
-0.0004496577
-0.0003494355
-0.0002821181
-0.0002291521
-0.0001452629
-5.611058e-05
-4.316736e-05
-1.602741e-05
0.0001381448
0.000123997
0.0001640566
0.00020003
0.0003293364
0.0003220986
0.0003101181
0.0003045489
0.0002609967
0.0002953273
0.0002584041
0.0001824407
9.815996e-05
0.0001248948
6.846327e-05
2.0815e-05
-4.288233e-05
-2.460268e-05
-2.968079e-05
-6.792208e-06
3.693465e-06
-0.0002053004
-9.532407e-05
1.602879e-05
1.943689e-05
-4.400033e-05
-2.647594e-05
5.311163e-05
7.787869e-05
2.358977e-05
-4.799486e-05
-2.798049e-05
1.178187e-06
-2.688383e-06
-2.365953e-05
-2.987384e-05
-2.32645e-05
4.653655e-05
4.462255e-05
7.338908e-07
6.78829e-05
9.416605e-05
1.827409e-05
4.816179e-05
0.0001553786
0.0001498174
9.587728e-05
8.599157e-05
0.0001800227
1.181861e-05
-2.367868e-06
-4.26894e-06
-6.280544e-05
-8.118633e-05
-5.915645e-05
-8.513376e-05
-0.0001481554
-0.0001326555
-0.0001246217
-0.0001070335
-7.534615e-05
-0.0001121501
-0.0001843654
-6.349e-05
-3.158148e-05
-0.0001235808
-0.0001465805
-0.0001702974
-0.0002317151
-0.0002355369
-0.0002084019
-0.0001635069
-0.0001173657
-0.000144157
-0.0001508375
-0.0001308444
-0.0002097605
-0.0001029995
-4.48903e-05
-4.766974e-05
-7.534109e-06
-4.778864e-05
-0.0001127042
-0.0001137878
-6.538247e-05
-9.751175e-05
-0.0001867626
-9.538638e-05
-2.183956e-05
-5.030207e-05
-3.959451e-05
5.5206e-06
-1.518627e-05
6.878453e-05
7.959508e-05
3.283641e-05
3.359703e-05
3.202154e-05
-8.838749e-06
-2.755059e-05
-1.142988e-05
-4.643655e-05
-0.0001134199
-0.0001230174
-1.288576e-05
1.048783e-05
1.313469e-05
0.0001232644
0.0001852367
0.0002011976
0.0002170709
0.000216389
0.0002315278
0.0002698699
0.0002614109
0.0001910312
0.0001791138
0.0002052536
0.0002698335
0.0002705648
0.0002523986
0.0001995896
0.0001261104
0.0002099136
0.0002297607
0.0002459433
0.0002367139
0.0002458161
0.0002072064
0.0001181598
0.0001131756
0.0001309779
7.359843e-05
6.686175e-06
-1.481659e-06
-2.796703e-05
-7.549443e-05
-9.224829e-05
-6.349829e-05
-0.0001765794
-0.0002305534
-0.0002482636
-0.0002038306
-0.0001837567
-0.0002298415
-0.0002685213
-0.000290146
-0.0002663491
-0.0002858525
-0.0002757515
-0.0003029111
-0.0003310778
-0.0003173101
-0.0003416773
-0.0003583939
-0.0003527542
-0.0003699424
-0.0003888833
-0.0004333093
-0.0005187172
-0.0004385159
-0.0004372844
-0.00058295
-0.0006245718
-0.0005148882
-0.0005365205
-0.0005615544
-0.0005281712
-0.0005061557
-0.0005456791
-0.0005263264
-0.0004898102
-0.0004420945
-0.0004363992
-0.0003711518
-0.0003452905
-0.0003592933
-0.0003245975
-0.0002812013
-0.0002733533
-0.0002904095
-0.0003372302
-0.0003700214
-0.0003674988
-0.0003806329
-0.0004962362
-0.000477405
-0.0004510876
-0.000516142
-0.0005641161
-0.0005438583
-0.0004991773
-0.0004603622
-0.0004522748
-0.0004864114
-0.0003989011
-0.0003637859
-0.0004087526
-0.0003956586
-0.0003735811
-0.0003578026
-0.0003528151
-0.000348076
-0.0003037577
-0.0002789855
-0.0003185366
-0.0003205984
-0.0002981415
-0.0002743549
-0.0002652129
-0.0002414703
-0.0002347546
-0.0002198148
-0.0001936635
-0.0001759057
-0.0001405485
-9.880176e-05
-6.560466e-05
-6.027741e-05
-1.446551e-05
5.821152e-05
5.32587e-05
1.703296e-05
8.656524e-05
0.0001411893
0.0001436322
0.0001051508
9.91271e-05
0.0001031136
9.975538e-05
7.999622e-05
5.668656e-05
3.594962e-05
3.752334e-05
4.622468e-05
1.768584e-05
-4.525851e-06
-1.329598e-05
-1.184324e-05
-7.050084e-07
-9.822522e-06
-3.97848e-05
-3.641421e-05
2.443734e-06
6.54308e-06
-4.097994e-06
-1.356262e-05
1.077547e-05
6.556486e-05
6.035579e-05
5.868743e-05
8.801169e-05
9.809587e-05
8.682574e-05
0.0001100451
0.0001483199
0.0001399984
0.0001649864
0.0001537588
0.0001768111
0.0002110162
0.000184961
0.0001711986
0.0002104797
0.0002361851
0.0002004792
0.0002228248
0.0002567501
0.0002887737
0.0002846291
0.0002929407
0.0003018272
0.0003226746
0.0003434343
0.0003325127
0.0003281659
0.0003234364
0.000305695
0.0002906276
0.0002754474
0.0002681557
0.0002272774
0.0002192062
0.0002414832
0.0002082113
0.0002064254
0.000200512
0.0001976729
0.0001925076
0.0001743225
0.0001544147
0.0001222036
0.0001499434
0.0001178759
9.986363e-05
9.002024e-05
8.699824e-05
8.637108e-05
7.218957e-05
7.834565e-05
8.438153e-05
6.309541e-05
4.90007e-05
8.415073e-05
9.890593e-05
7.302562e-05
8.130961e-05
7.84325e-05
0.0001218338
0.0001243294
0.0001036519
0.0001393111
0.0001705907
0.00016819
0.000159626
0.0001697797
0.0001995147
0.0002189727
0.0002128378
0.0002314529
0.0002412232
0.0002201157
0.0001855173
0.0001746156
0.0001905341
0.0001634564
0.0001342311
0.000130493
0.0001234264
8.833401e-05
9.288228e-05
0.0001004418
9.734649e-05
9.05235e-05
9.011924e-05
0.0001033595
0.0001022919
0.0001173708
0.0001500619
0.0001385416
0.0001104058
0.0001186758
0.0001360614
0.000135432
0.0001307339
0.0001262546
0.0001308609
0.000121535
0.0001123078
0.0001069512
0.0001140681
0.0001107504
9.224995e-05
0.0001022371
0.0001102887
0.0001038214
0.0001003694
0.0001103134
0.0001116245
8.505322e-05
0.0001089508
0.0001029724
6.549448e-05
8.49758e-05
0.0001034172
9.424035e-05
7.400921e-05
7.395771e-05
7.842056e-05
7.416995e-05
5.915915e-05
5.069819e-05
3.647507e-05
3.288317e-05
3.360968e-05
3.88827e-05
3.393039e-05
2.671398e-05
2.253388e-05
1.491787e-05
3.138403e-05
2.248594e-05
1.329358e-05
1.897208e-05
1.559786e-05
1.017003e-05
3.331417e-06
-1.595121e-06
-4.477989e-06
-9.909198e-06
-2.181795e-05
-2.020238e-05
-2.292024e-05
-3.647473e-05
-4.176249e-05
-4.341034e-05
-5.670451e-05
-5.435554e-05
-5.749257e-05
-6.695433e-05
-5.687824e-05
-6.651209e-05
-7.77316e-05
-7.202953e-05
-6.654274e-05
-6.49067e-05
-7.677163e-05
-7.060158e-05
-5.394594e-05
-5.488667e-05
-5.261748e-05
-4.367652e-05
-3.248166e-05
-2.804796e-05
-3.185114e-05
-2.548955e-05
-2.187593e-05
-2.263109e-05
-2.76867e-05
-2.700225e-05
-2.098762e-05
-2.683588e-05
-3.073106e-05
-2.921191e-05
-2.355395e-05
-2.716433e-05
-2.769237e-05
-2.544184e-05
-2.965941e-05
-3.437762e-05
-3.601605e-05
-3.629041e-05
-4.184602e-05
-5.089426e-05
-5.547525e-05
-4.531268e-05
-4.69917e-05
-5.74142e-05
-5.654198e-05
-6.008761e-05
-5.40758e-05
-5.191928e-05
-6.165847e-05
-5.390521e-05
-4.397154e-05
-4.658623e-05
-4.068079e-05
-3.557165e-05
-4.095608e-05
-3.671972e-05
-3.16536e-05
-2.70424e-05
-2.646571e-05
-2.642727e-05
-2.478564e-05
-2.436858e-05
-2.468147e-05
-2.731542e-05
-2.925565e-05
-2.999995e-05
-2.880393e-05
-3.266009e-05
-3.728499e-05
-3.633042e-05
-3.357246e-05
-3.995605e-05
-4.53759e-05
-4.328e-05
-4.11119e-05
-4.493265e-05
-5.06027e-05
-4.881146e-05
-4.64587e-05
-4.430087e-05
-3.983873e-05
-3.787218e-05
-3.71668e-05
-3.426108e-05
-3.254117e-05
-2.800551e-05
-2.369444e-05
-2.831138e-05
-3.008103e-05
-2.759018e-05
-2.244026e-05
-2.121821e-05
-2.326129e-05
-2.707114e-05
-2.48493e-05
-2.761002e-05
-2.894474e-05
-2.922658e-05
-3.076928e-05
-3.241179e-05
-3.552535e-05
-3.803175e-05
-4.08116e-05
-4.306889e-05
-4.561247e-05
-4.563996e-05
-4.54223e-05
-4.803342e-05
-4.931168e-05
-4.567813e-05
-4.453497e-05
-4.578822e-05
-4.226571e-05
-3.794843e-05
-3.593109e-05
-3.455141e-05
-3.486033e-05
-3.267252e-05
-2.925935e-05
-2.806264e-05
-2.830501e-05
-2.508098e-05
-2.410636e-05
-2.335723e-05
-2.246927e-05
-2.16111e-05
-1.809923e-05
-2.038248e-05
-1.79849e-05
-1.450798e-05
-1.148196e-05
-8.372725e-06
-8.275572e-06
-5.341613e-06
-3.258284e-06
-3.732696e-06
-3.039159e-06
-6.925763e-07
4.190376e-07
5.057937e-07
8.782945e-07
1.105124e-06
6.623138e-07
8.094334e-07
2.407262e-06
-1.167622e-06
-1.846883e-06
-1.760259e-06
-1.964587e-06
-2.666963e-06
-3.008582e-06
-2.983944e-06
-4.017819e-06
-3.955357e-06
-4.196783e-06
-4.750568e-06
-4.718518e-06
-4.683009e-06
-4.344893e-06
-5.055819e-06
-4.609815e-06
-3.953885e-06
-4.181399e-06
-3.451938e-06
-3.25434e-06
-4.693378e-06
-2.437878e-06
-1.873492e-06
-3.870321e-06
-2.509791e-06
-1.125262e-06
-1.442256e-06
-1.269502e-06
-1.413846e-06
-1.634234e-06
-2.482132e-06
-1.600987e-06
-1.3652e-06
-6.91383e-07
-4.025541e-07
1.348259e-07
1.004215e-06
1.023142e-06
9.189561e-07
1.579247e-06
2.154626e-06
3.038543e-06
2.930466e-06
2.000259e-06
2.907876e-06
3.164364e-06
2.529561e-06
2.702661e-06
2.849067e-06
2.726007e-06
2.755126e-06
2.167819e-06
2.044403e-06
1.625434e-06
1.283997e-06
1.178802e-06
7.296933e-07
3.871588e-07
5.588486e-07
3.945017e-07
7.849888e-07
1.200909e-06
7.085525e-07
4.803067e-07
5.053177e-07
1.438301e-06
1.374469e-06
1.236112e-06
1.552081e-06
1.841211e-06
2.065679e-06
2.355702e-06
2.941186e-06
3.077762e-06
3.090164e-06
3.208694e-06
3.390603e-06
3.099395e-06
3.227941e-06
3.581713e-06
3.573949e-06
3.673069e-06
3.403679e-06
3.287422e-06
3.476827e-06
3.659336e-06
3.677242e-06
3.586861e-06
3.269333e-06
3.337589e-06
3.255383e-06
2.984924e-06
3.005039e-06
2.866281e-06
2.679783e-06
2.696812e-06
2.635981e-06
2.600094e-06
2.57745e-06
2.386092e-06
2.241918e-06
2.328535e-06
2.234655e-06
2.148749e-06
2.077234e-06
1.979627e-06
1.975948e-06
1.922153e-06
1.916333e-06
1.889119e-06
1.737414e-06
1.590415e-06
1.644331e-06
1.553387e-06
1.382951e-06
1.372149e-06
1.334765e-06
1.26523e-06
1.176612e-06
1.192611e-06
1.166676e-06
1.072834e-06
1.019488e-06
9.336882e-07
8.926018e-07
9.452105e-07
9.133193e-07
7.995404e-07
7.692351e-07
7.282738e-07
6.587562e-07
6.323306e-07
5.670214e-07
4.791541e-07
4.34455e-07
3.83483e-07
3.231955e-07
2.784236e-07
2.383045e-07
2.234759e-07
2.125577e-07
1.82924e-07
1.781759e-07
1.501066e-07
1.386925e-07
1.323031e-07
1.14198e-07
9.848991e-08
8.646383e-08
7.18155e-08
5.679335e-08
3.184626e-08
2.776816e-08
1.169006e-08
-6.40618e-09
-2.115707e-08
-4.122027e-08
-4.527797e-08
-5.464404e-08
-8.089735e-08
-1.092493e-07
-1.151186e-07
-1.423485e-07
-1.667555e-07
-1.74471e-07
-1.829755e-07
-2.025905e-07
-2.250052e-07
-2.451056e-07
-2.559957e-07
-2.646881e-07
-2.820702e-07
-2.996298e-07
-3.12678e-07
-3.268178e-07
-3.451328e-07
-3.628513e-07
-3.800304e-07
-3.934354e-07
-4.099931e-07
-4.27473e-07
-4.424274e-07
-4.599802e-07
-4.758131e-07
-4.90236e-07
-5.047709e-07
-5.192381e-07
-5.325035e-07
-5.460812e-07
-5.605545e-07
-5.739666e-07
-5.868704e-07
-5.999872e-07
-6.131359e-07
-6.258962e-07
-6.385409e-07
-6.50533e-07
-6.630732e-07
-6.753302e-07
-6.87048e-07
-6.992146e-07
-7.111706e-07
-7.226469e-07
-7.341972e-07
-7.456868e-07
-7.569955e-07
-7.682217e-07
-7.793785e-07
-7.904807e-07
-8.014646e-07
-8.124013e-07
-8.232924e-07
-8.341315e-07
-8.449127e-07
-8.556328e-07
-8.662928e-07
-8.768984e-07
-8.874468e-07
-8.979349e-07
-9.083648e-07
-9.187347e-07
-9.290445e-07
-9.392938e-07
-9.494826e-07
