7.857325e-06
7.890071e-06
7.902793e-06
7.654978e-06
7.693081e-06
8.043526e-06
7.958577e-06
7.677937e-06
7.520695e-06
7.703272e-06
7.767105e-06
7.704046e-06
8.217942e-06
7.592133e-06
5.768526e-06
7.794309e-06
8.211932e-06
7.565984e-06
7.58407e-06
7.601925e-06
7.558312e-06
7.613535e-06
7.57167e-06
7.108382e-06
7.755928e-06
1.196183e-05
1.102275e-05
4.909711e-06
1.090049e-05
9.682427e-06
7.686767e-06
5.123816e-06
-2.048134e-06
2.267315e-06
1.08454e-05
7.706836e-06
1.024695e-05
1.540777e-05
3.98206e-06
5.292538e-06
1.63053e-05
1.117645e-05
-4.121866e-06
-9.349746e-07
3.476713e-06
1.273375e-05
6.913699e-06
-2.13213e-06
4.110435e-06
7.146478e-06
6.333506e-06
7.149389e-06
4.588545e-06
-6.680601e-06
-7.25202e-06
4.349144e-06
9.639787e-06
-2.338589e-06
-1.357959e-05
1.041594e-05
1.206369e-05
6.167958e-06
8.853871e-07
-8.983129e-06
7.742264e-06
1.632804e-05
-6.129828e-06
3.556286e-06
2.173976e-05
1.077764e-05
4.599078e-06
-3.899899e-06
1.124977e-06
2.926481e-05
-2.376334e-06
-2.734328e-06
3.342039e-05
5.404887e-05
3.260254e-05
4.975075e-06
2.624199e-06
1.186474e-05
-1.321737e-05
-5.929927e-05
-2.207153e-05
3.197813e-05
7.04641e-05
1.794237e-05
1.108037e-05
5.051337e-05
1.620855e-05
6.054176e-06
2.733204e-05
1.249968e-05
1.50011e-06
-1.178322e-07
6.368962e-06
4.659025e-05
6.170278e-05
2.136523e-05
3.33638e-05
4.279652e-05
7.164703e-07
-2.924099e-05
-5.776491e-06
6.910452e-06
3.186966e-06
-9.153562e-07
8.454988e-06
3.961682e-05
5.293588e-05
4.015927e-05
7.867035e-06
-6.955422e-07
6.523427e-06
-7.661197e-06
-3.161558e-05
-7.79565e-06
8.404192e-06
-8.633092e-06
-2.542501e-05
-2.599848e-05
-7.5849e-05
-5.517048e-05
-1.34426e-06
6.068931e-06
-3.275512e-06
1.077865e-05
3.950493e-05
2.08665e-05
-2.578943e-05
-7.402099e-05
-2.017583e-05
4.432086e-06
8.549507e-06
5.4913e-05
4.505756e-05
-4.176285e-05
-5.651169e-05
-1.038789e-05
2.718205e-05
1.683773e-05
-6.819425e-05
-3.264585e-05
1.811704e-05
5.525423e-05
5.186256e-05
8.829637e-06
5.889852e-06
-2.452232e-05
-8.234489e-05
-2.420411e-05
9.570706e-06
-3.461528e-06
1.210005e-05
4.257275e-05
1.409052e-05
-4.409128e-07
-1.192284e-05
-3.715913e-05
-2.703454e-05
-3.706658e-05
-2.879761e-06
-2.429348e-05
-8.422271e-05
-1.109164e-05
-3.605201e-05
-0.0001219577
2.743823e-05
5.174646e-05
-0.0001003818
-6.546997e-05
0.000124081
0.0001682198
1.590971e-05
-5.822845e-05
-1.233234e-05
3.417903e-06
1.874276e-05
2.511384e-05
-2.164571e-05
3.531713e-05
7.529242e-05
4.808582e-05
1.65091e-05
5.272814e-05
5.726567e-05
8.637954e-06
4.326658e-07
-7.610511e-06
-5.541895e-05
-5.64484e-05
-7.379677e-06
4.816416e-06
-3.432233e-06
1.303718e-05
3.756108e-05
2.325329e-05
6.27096e-05
2.465457e-05
-6.967704e-05
3.118358e-05
5.943865e-05
-5.092276e-05
-5.547202e-05
4.442398e-05
8.193326e-05
3.795297e-05
-3.97097e-05
-4.208534e-06
4.580595e-05
2.687184e-05
3.560419e-05
1.458764e-05
1.577894e-05
-5.722631e-05
-0.0001600408
-8.789907e-06
3.379199e-05
-3.848312e-06
-8.74209e-06
1.450148e-05
5.461206e-05
-1.358046e-05
-9.112752e-05
-2.544177e-05
1.069317e-05
-4.07711e-06
1.204225e-05
4.387478e-05
1.411295e-05
-4.554568e-06
3.499289e-07
8.905975e-07
5.746245e-07
9.6052e-07
-1.407193e-08
-4.174251e-06
1.480934e-05
4.26128e-05
7.21821e-06
1.634108e-05
3.929071e-05
-6.688851e-05
-7.761232e-05
8.145926e-05
-1.402309e-05
-0.0001630259
-0.0001112571
-0.0001492791
1.381967e-05
0.0001294118
6.695323e-05
1.726817e-06
-9.260758e-06
1.575834e-05
4.411261e-05
1.342395e-05
-4.750992e-06
3.893751e-07
2.068366e-06
1.696827e-07
-5.405863e-06
1.423485e-05
4.920455e-05
-3.023967e-06
-3.995172e-05
3.434255e-05
8.857306e-05
9.611228e-05
2.147591e-05
-8.707859e-06
-3.864282e-06
1.498965e-05
4.378066e-05
1.240353e-05
-3.75381e-06
5.15621e-06
-1.298307e-05
-4.327509e-05
-6.82598e-06
-6.433747e-06
-5.264102e-05
1.91673e-06
0.0001179216
0.0001239165
-4.408133e-06
-0.0001098976
-7.284498e-05
1.131156e-05
4.894146e-05
1.199902e-05
-5.624041e-06
8.335983e-07
6.014291e-06
-1.282363e-05
-4.322812e-05
-1.264359e-05
5.239338e-06
4.256475e-07
1.884045e-07
3.980949e-07
-8.401882e-07
5.622502e-07
1.047712e-05
-2.539196e-05
-9.011415e-05
-1.844467e-05
5.982401e-05
7.568401e-05
5.272786e-05
-7.350074e-05
-0.0001518742
-2.721147e-05
7.271164e-05
6.669062e-05
-1.973977e-05
-9.524895e-05
-1.236522e-05
4.837271e-05
3.180496e-05
3.023894e-05
-4.313925e-05
-6.619935e-05
4.598777e-06
5.93014e-05
-8.444761e-06
-0.0001063649
-6.792415e-05
1.726802e-06
-1.24624e-05
-3.072417e-05
3.342128e-05
1.127168e-06
-2.470783e-05
2.998391e-06
-6.747271e-05
-2.938337e-05
7.226403e-06
-3.582564e-06
2.205598e-05
2.197969e-05
-8.51375e-05
-7.502282e-05
-7.502549e-06
1.995258e-05
4.125664e-05
8.026258e-06
1.900655e-05
1.735903e-05
-7.266742e-05
-3.067414e-05
9.653268e-06
1.151407e-06
-2.989448e-07
1.274999e-06
-3.517781e-06
3.885516e-06
6.58539e-05
0.0001118551
6.533998e-05
1.409563e-05
-2.553107e-05
-0.0001034345
-5.542113e-05
3.969941e-05
1.887695e-05
-5.592515e-06
2.080986e-07
-1.413406e-06
8.46384e-06
4.227031e-05
9.673056e-05
0.000139083
3.536656e-05
-1.380425e-05
5.136986e-08
2.985667e-06
5.547087e-06
-1.828965e-05
-3.098452e-05
3.103818e-05
2.811812e-05
-3.082115e-05
-8.734022e-05
-2.454318e-05
1.011925e-05
-4.34478e-06
1.228078e-05
4.387519e-05
1.391035e-05
-4.451284e-06
6.114118e-07
8.780893e-07
-2.733087e-06
1.280984e-05
3.448606e-05
3.986942e-05
8.307444e-05
2.550901e-05
-9.047564e-06
5.542362e-06
-5.692937e-06
-6.116676e-05
-4.96969e-05
4.930045e-05
7.142851e-05
-1.804924e-05
-9.155364e-05
-2.533437e-05
6.28218e-06
1.31027e-05
4.265214e-05
1.509659e-05
-5.130622e-06
-9.519442e-06
3.295743e-05
7.492011e-05
-2.216385e-05
-1.376914e-05
6.192068e-05
5.873138e-05
4.073994e-06
7.147259e-06
4.034021e-05
3.215804e-05
2.576262e-05
-3.059968e-05
-1.58141e-05
5.447701e-06
-3.766867e-06
8.056347e-06
5.702299e-05
5.715817e-05
8.659096e-06
-4.260676e-06
1.925557e-06
-3.029001e-06
7.199495e-06
5.16696e-05
7.960317e-05
3.090441e-05
-8.74146e-05
-8.658485e-05
-4.152754e-05
-2.013514e-05
-3.858594e-05
-1.45347e-05
-1.131597e-07
1.850551e-05
3.5413e-05
-4.35753e-05
-6.08378e-05
-8.309385e-06
9.930531e-06
-1.329595e-05
-3.491928e-05
-3.779666e-05
-7.749152e-05
-4.422987e-05
-1.699387e-05
2.292947e-05
-3.390902e-05
-7.438779e-05
-5.65599e-05
5.786997e-06
4.860112e-05
1.256604e-05
-4.632956e-06
5.467669e-08
1.866713e-06
2.193152e-07
-1.154174e-06
8.564136e-07
1.003604e-05
-2.580118e-05
-8.680229e-05
-2.574393e-05
1.057019e-05
5.015852e-07
-5.273063e-06
1.410675e-05
4.007043e-05
2.154891e-05
4.771019e-05
7.019843e-05
5.166267e-05
9.301602e-06
2.123572e-06
-1.36732e-05
-5.229917e-05
2.281809e-05
6.797136e-05
-5.988328e-05
-5.049122e-05
4.372016e-05
0.0001461433
8.350794e-05
-1.636264e-06
-1.475664e-05
2.903424e-05
9.29163e-05
1.22087e-05
-5.267244e-05
-7.447373e-06
-6.815664e-06
-4.498086e-05
-1.27654e-05
1.997847e-05
-4.343783e-05
-0.0001191565
4.801017e-06
3.784908e-05
-3.024357e-05
-8.931269e-05
-2.459331e-05
1.22325e-05
-4.934748e-06
2.013253e-06
7.027381e-05
0.0001059071
8.531889e-06
-5.269442e-05
-1.256113e-05
6.498818e-06
1.181436e-06
-2.413601e-07
-4.156985e-06
8.873561e-06
5.660484e-05
5.695706e-05
1.300102e-05
-1.70289e-05
-3.786567e-05
-2.93901e-05
-2.546566e-05
2.65245e-05
3.063732e-05
3.560578e-05
2.537283e-05
3.416772e-05
2.878096e-05
4.367957e-05
-1.004521e-05
-2.025554e-05
7.970327e-05
1.350793e-05
-4.383461e-05
4.317421e-05
6.328183e-05
4.361876e-06
7.415203e-06
4.433924e-05
1.510007e-05
-4.818033e-06
-1.457745e-06
1.972494e-06
1.050415e-05
-2.956425e-05
-7.869321e-05
2.159986e-05
9.242743e-05
9.598617e-05
2.104821e-05
-5.350395e-06
-1.635066e-05
-1.958988e-05
4.153762e-06
-6.671199e-05
-3.283879e-05
6.424835e-06
6.546629e-05
0.0002002462
0.0001953054
-3.783115e-06
-3.194099e-05
4.32806e-06
3.8891e-06
1.4192e-05
-4.001499e-05
-0.0001334575
-2.628587e-05
5.369131e-05
2.689476e-05
3.717225e-05
1.378764e-05
-2.817907e-06
-4.903789e-06
1.340289e-05
4.412812e-05
1.831765e-05
-1.756746e-05
-4.367927e-05
-1.133993e-05
6.728964e-06
-4.851127e-06
2.505535e-06
7.073419e-05
0.000105859
6.963655e-06
-5.31766e-05
-1.669955e-06
-1.522253e-05
-0.0001052438
-5.636556e-05
4.494675e-05
1.296025e-06
-3.611168e-05
2.909141e-05
1.969127e-05
7.811948e-07
-1.415536e-05
-4.234305e-05
-1.167709e-05
4.688949e-06
-4.039192e-06
1.238244e-05
4.460518e-05
1.460267e-05
-7.261898e-06
-3.895788e-06
2.995431e-05
4.377746e-06
-0.000126872
-1.789086e-05
0.0001017961
3.185211e-05
-2.420686e-05
-3.820262e-05
-2.405181e-05
-4.329174e-05
8.788997e-07
4.785593e-05
9.381334e-06
7.896863e-06
4.260006e-05
1.638797e-05
5.979044e-07
-2.321415e-05
-2.099938e-05
9.118353e-05
6.371414e-05
-3.415391e-05
-4.2939e-05
-1.528202e-05
9.823584e-05
4.789059e-05
-8.364211e-05
-3.272293e-05
1.634237e-05
-1.852029e-06
-7.126759e-05
-9.990206e-05
-2.046167e-05
1.001553e-05
-5.015973e-08
-1.331603e-06
1.945436e-06
3.980065e-07
-5.663346e-06
1.325352e-05
5.403593e-05
-1.158265e-05
-9.252441e-05
-3.52268e-05
4.417536e-05
6.231887e-05
-4.735355e-05
-7.49446e-05
-0.0001238062
-2.469779e-05
4.742538e-05
4.034765e-05
8.017853e-05
2.513943e-05
-1.720487e-06
-4.971789e-06
-7.228731e-05
-8.187927e-05
8.268072e-06
-2.019425e-05
-1.230395e-05
-9.705284e-06
-4.415705e-05
-1.246058e-05
1.912053e-05
-3.843554e-05
-0.0001310919
-3.893816e-05
1.548143e-05
7.372282e-07
-5.680578e-06
1.300432e-05
4.001868e-05
2.695041e-05
3.892542e-05
8.997488e-06
1.019138e-05
3.940523e-05
2.237468e-05
4.72686e-05
7.007287e-05
5.378445e-05
7.707281e-06
-8.633683e-06
1.888977e-05
3.15304e-05
-3.007101e-05
-1.836199e-05
5.295301e-06
6.016819e-06
-1.327425e-05
-4.305357e-05
-1.329692e-05
4.488656e-06
6.10008e-06
-8.129193e-06
-6.055379e-05
-4.753575e-05
4.361025e-05
7.448708e-05
5.269268e-05
1.243683e-05
-2.152837e-05
-2.925459e-05
3.122961e-05
1.816239e-05
-4.020312e-06
-5.908347e-07
4.506167e-07
1.510011e-06
4.352307e-06
-1.638715e-05
-2.947661e-05
2.527302e-05
2.657261e-05
5.719248e-05
4.415814e-05
-3.400004e-05
-2.432949e-05
1.901703e-05
5.665758e-05
-1.428702e-05
-0.0001055505
1.340381e-05
0.0001403785
4.146733e-05
-1.124098e-05
-1.873547e-05
-2.640377e-05
3.525714e-05
-2.524675e-07
-3.429918e-05
3.002103e-05
1.877709e-05
-3.961533e-06
-4.548389e-08
1.403274e-06
-4.709122e-06
1.216034e-05
4.816465e-05
1.027575e-05
-6.885761e-05
-0.0001128852
-6.848265e-05
9.00439e-06
4.729538e-05
2.180139e-05
-2.426106e-05
-9.881509e-05
-8.293467e-05
2.675231e-05
0.0001604091
0.000126278
2.179514e-05
-3.59839e-05
-8.941754e-05
-9.909803e-06
5.06941e-05
8.50722e-06
1.756786e-05
2.630894e-05
-0.0001020643
-0.0001001385
4.704089e-06
7.005536e-06
6.369973e-05
4.258968e-05
3.561695e-05
1.388153e-05
-3.952145e-06
-4.541383e-06
1.458218e-05
4.781675e-05
-4.24663e-06
-2.871768e-05
1.541296e-05
-2.866218e-05
3.803901e-06
3.250193e-05
-4.869005e-05
4.128163e-05
0.0001700777
-1.313536e-05
-4.971218e-05
8.430868e-05
2.189165e-05
-6.339363e-05
9.562052e-06
9.947553e-05
2.802749e-05
-9.247883e-05
-0.0001431301
-3.735095e-05
2.326143e-05
5.631664e-05
5.477272e-05
1.040692e-05
-4.353758e-06
-5.995081e-06
1.4847e-05
5.738165e-05
-2.58209e-05
-0.0001299981
-5.236232e-05
-2.79138e-05
-1.238701e-05
2.904137e-06
1.282379e-06
2.586769e-07
-4.703664e-06
1.386746e-05
4.37461e-05
1.370948e-05
-4.499185e-06
3.664093e-07
1.010911e-06
5.805913e-07
5.393097e-08
6.350221e-07
2.839536e-07
6.497165e-07
3.261395e-08
5.962708e-07
9.308161e-07
5.528828e-07
-4.648598e-06
1.337499e-05
4.399082e-05
1.696661e-05
-1.717043e-05
-3.367664e-05
-3.834389e-05
-8.172983e-05
-2.587217e-05
9.164051e-06
7.387164e-07
2.744836e-08
3.433575e-08
-4.07143e-06
1.350357e-05
4.483454e-05
1.221036e-05
-8.457964e-06
1.84952e-05
3.065271e-05
-3.374635e-05
2.277158e-07
3.006819e-05
-1.625419e-05
2.926424e-05
9.839086e-06
-5.436456e-05
-7.041399e-05
-5.585869e-05
5.820838e-06
4.770613e-05
1.352348e-05
-5.263598e-06
-1.784758e-07
2.012303e-06
5.133475e-06
-1.787084e-05
-2.965987e-05
3.032259e-05
1.906088e-05
-4.042485e-06
-2.04442e-06
-1.557438e-06
2.26342e-05
7.000773e-06
-4.535721e-05
6.049309e-05
1.396244e-05
-2.542682e-05
7.098534e-05
3.320662e-05
1.71966e-06
-2.910475e-05
-8.617899e-05
-1.581884e-05
-6.204559e-06
-0.0001126618
-0.0001197245
-3.060966e-06
5.911163e-05
-8.111797e-07
-4.933177e-05
-1.254116e-05
6.233042e-06
4.453653e-07
-5.265754e-07
5.453993e-07
4.596705e-07
4.233111e-07
8.899232e-07
8.822765e-08
-3.190491e-06
1.340006e-05
3.747694e-05
2.713208e-05
4.930634e-05
-1.294212e-05
-9.525402e-05
-1.353091e-05
5.319708e-05
1.909901e-05
-1.373104e-05
-5.658748e-05
-5.969351e-05
5.131066e-06
4.776249e-05
1.361562e-05
-3.906718e-07
-1.319545e-05
-4.254385e-05
-7.982864e-06
-6.72336e-06
-4.270848e-05
-2.373076e-05
3.002966e-05
9.298575e-05
2.308969e-05
-7.921172e-05
-0.0001046214
-6.550127e-06
5.363164e-05
1.249007e-05
-4.791128e-06
8.838644e-07
-3.568576e-06
8.464286e-06
5.795327e-05
5.656028e-05
3.691572e-06
9.284863e-06
4.814159e-05
-2.695308e-06
-2.96506e-05
1.249986e-05
-1.604587e-05
3.884812e-05
6.098964e-05
1.34426e-05
-1.765949e-05
-3.729594e-05
-2.595941e-05
-4.363092e-05
6.714674e-06
3.604537e-05
-3.943209e-05
-2.097265e-06
0.0001176281
0.0001200162
8.093492e-06
-6.738878e-05
-5.463321e-05
-1.058209e-06
-8.3205e-06
-4.872498e-05
-9.899154e-08
4.886723e-05
1.393489e-05
-5.213794e-06
2.533887e-07
1.350621e-06
4.728278e-07
-5.969547e-08
5.729247e-07
1.186243e-06
4.312618e-08
-4.348304e-06
1.435119e-05
4.337226e-05
9.251127e-06
9.549762e-06
4.169864e-05
1.038424e-05
1.901784e-05
1.561006e-05
-7.705912e-05
-7.902654e-06
2.67647e-05
-7.216756e-05
-3.22809e-05
9.518244e-06
2.7019e-06
-1.109801e-06
-4.683212e-06
1.322208e-05
4.440329e-05
1.840467e-05
-1.922771e-05
-4.269834e-05
-2.016527e-06
-2.110278e-05
-9.093119e-05
-1.344592e-05
4.91965e-05
2.718694e-05
3.338998e-05
2.619617e-05
3.647503e-05
2.58713e-05
3.495906e-05
2.68337e-05
4.068551e-05
8.494077e-06
5.723256e-06
4.469207e-05
3.821098e-05
-7.00268e-05
-0.000218243
-6.428699e-05
2.928015e-05
-1.244096e-05
-4.663313e-05
-1.117288e-05
5.960729e-06
-1.026181e-05
2.626223e-05
9.280834e-05
1.304394e-05
-5.514788e-05
-6.778324e-06
8.54848e-06
-8.768863e-05
-0.0001373516
2.738857e-05
6.755162e-05
-5.674102e-05
-0.0001156017
-7.167278e-05
-5.765376e-05
-5.373847e-05
-1.41487e-05
2.800877e-05
1.843205e-05
-7.57528e-05
-3.566015e-05
3.228357e-05
2.451491e-05
-8.679794e-05
-8.032571e-05
7.567561e-07
8.141624e-05
8.607133e-05
-2.503075e-05
-2.050453e-05
2.032852e-05
-4.228267e-05
-0.000122747
1.737006e-05
7.162368e-05
9.592216e-06
-6.814211e-06
1.895444e-07
2.019251e-06
4.871325e-06
-1.314786e-05
-4.293107e-05
-1.200158e-05
5.076958e-06
-4.508278e-06
1.322844e-05
4.439518e-05
1.273217e-05
-8.360643e-06
1.876066e-05
2.644052e-05
-2.146754e-05
3.875006e-05
6.206839e-05
9.526217e-06
-5.956805e-06
1.151048e-06
6.354757e-06
-1.476035e-05
-4.207812e-05
-3.751501e-06
-2.232653e-05
-8.470662e-05
-1.724476e-05
-2.619985e-05
-5.958191e-05
6.025377e-05
3.600508e-05
-1.293837e-05
1.169445e-05
4.444144e-05
1.411888e-05
1.615209e-07
-1.193424e-05
-4.518403e-05
-1.382328e-05
2.106186e-05
-2.571544e-05
-0.0001785844
-0.0001381773
4.371264e-05
7.269948e-06
3.765044e-05
4.109663e-05
-1.998619e-05
2.631304e-05
2.268323e-05
-2.017841e-05
-3.136099e-05
2.675773e-05
3.143308e-05
3.905112e-05
1.376148e-05
-3.691708e-06
-6.047158e-06
1.447482e-05
5.404426e-05
-1.256654e-05
-9.62013e-05
-1.425405e-05
5.432637e-05
2.408828e-05
-3.251735e-05
-8.778837e-05
-2.471636e-05
1.903643e-05
-2.493131e-05
-8.403043e-05
-4.353156e-05
-1.502723e-05
1.696714e-05
-2.614533e-05
-1.298266e-05
-8.030401e-06
-4.225652e-05
-1.309448e-05
1.114304e-06
1.383783e-05
3.438657e-05
3.959961e-05
7.713154e-05
4.087872e-05
3.936904e-05
-4.815858e-06
-3.363186e-05
3.413369e-05
6.570032e-06
-3.820616e-05
-4.471705e-05
-6.782871e-05
1.7617e-05
2.131443e-05
1.259525e-06
-1.097431e-05
-4.47937e-05
-3.160567e-05
6.704696e-05
0.0001533597
-4.801291e-05
-8.834732e-05
-3.827033e-06
8.667424e-06
-1.244166e-06
-1.11744e-06
2.597085e-06
1.340248e-07
-9.296912e-06
2.691438e-05
8.744157e-05
2.603222e-05
-8.987529e-06
4.901418e-06
-1.142901e-05
-4.281559e-05
-1.321307e-05
5.213429e-06
-6.89565e-08
3.197011e-06
-7.451553e-06
-4.576246e-05
-8.432691e-05
-9.616367e-05
-1.052166e-05
-5.708207e-06
-0.0001184918
-0.0001099469
5.036739e-05
0.0001213273
5.448839e-05
4.404918e-05
4.82286e-05
-0.0001201754
-7.747144e-05
4.42435e-05
1.394955e-05
7.692187e-06
5.192264e-05
-1.18162e-05
-9.120673e-05
-2.144328e-05
-2.676552e-06
-4.250965e-05
-1.348733e-05
4.418927e-06
-3.686906e-06
1.491411e-05
4.325826e-05
-4.927312e-07
3.489167e-05
0.0001309985
4.051021e-05
-1.454658e-05
-2.296136e-07
7.461425e-06
-1.265611e-05
-4.361358e-05
-1.265819e-05
4.863823e-06
1.667278e-06
6.905417e-07
-6.264918e-06
7.923463e-06
6.787143e-05
4.016348e-05
-0.0001100388
-0.0001044367
3.246759e-05
1.11631e-05
-4.921526e-05
-1.428496e-05
6.357425e-06
2.769197e-07
-4.670956e-07
5.061049e-06
-1.244991e-05
-4.221875e-05
-1.342187e-05
3.533136e-07
1.555261e-05
4.302746e-05
2.493057e-06
2.185883e-05
9.6898e-05
5.942059e-06
-0.0001093544
-6.982016e-05
-1.452511e-06
4.92899e-06
-1.741856e-06
4.514764e-06
-7.290822e-06
-5.537635e-05
-5.734661e-05
-1.24955e-05
2.348278e-05
3.049079e-05
-3.202097e-05
-1.675008e-05
1.127547e-05
-1.282911e-05
-5.336551e-05
1.799288e-05
8.005429e-05
-1.608883e-05
-2.81219e-05
1.344423e-05
5.883422e-05
5.568786e-05
8.383811e-06
7.576592e-07
-1.244342e-05
-4.214933e-05
-1.313149e-05
5.348222e-06
1.038413e-07
4.081279e-07
8.374758e-07
-8.702987e-07
-4.171423e-06
2.381191e-05
1.636323e-05
-7.423114e-05
-2.490086e-05
5.349794e-06
-7.32753e-05
-8.224495e-05
9.308041e-06
-2.434567e-05
-1.021564e-05
6.093277e-05
5.838894e-05
7.084071e-06
-8.776763e-06
2.373242e-05
1.335438e-05
-5.955453e-05
1.22575e-05
1.847892e-05
9.75338e-06
4.245894e-05
1.335193e-05
-2.71586e-06
7.327284e-07
-3.861473e-06
4.253023e-06
7.099799e-05
9.616006e-05
2.954524e-05
4.259305e-05
7.560523e-05
4.012643e-05
-3.515085e-05
-1.599862e-05
6.344138e-06
-8.698226e-06
2.123992e-05
0.0001000818
7.063222e-05
4.652122e-06
-5.090463e-06
-3.196464e-06
1.500327e-05
4.363614e-05
8.774202e-06
7.335226e-06
4.430359e-05
2.349717e-05
-3.04897e-05
-8.636886e-05
-2.520252e-05
5.110938e-06
1.405253e-05
4.230134e-05
1.281112e-05
-2.863463e-06
4.371117e-06
-1.675487e-05
-2.936646e-05
3.099831e-05
1.321049e-05
7.268903e-06
4.51014e-05
2.406727e-05
-4.079863e-05
-6.541374e-05
7.970367e-05
6.668727e-05
-3.851358e-05
-2.018586e-05
2.38104e-06
1.700894e-05
3.748803e-05
1.156041e-05
7.824046e-05
0.0001485492
2.825667e-05
-7.049783e-05
-6.119414e-05
3.308428e-06
6.185558e-05
5.092873e-05
2.138747e-05
3.957926e-05
1.494131e-05
-8.301785e-06
8.401525e-06
5.327066e-05
7.022608e-05
4.791667e-05
2.167912e-05
3.478665e-05
2.736282e-05
3.962568e-05
1.310004e-05
-3.915857e-06
1.455557e-06
3.579917e-07
-5.052976e-06
1.456602e-05
4.891979e-05
-6.170676e-06
-3.506444e-05
4.154695e-05
-2.955828e-06
-0.0001108696
-5.511068e-05
5.065179e-05
-1.767046e-05
-7.058811e-05
7.815599e-05
6.268754e-05
-2.586182e-05
2.455665e-05
1.991903e-05
-8.517126e-06
1.084361e-05
4.960498e-05
1.055404e-05
-7.445773e-05
-0.0001006046
-2.016141e-05
1.497549e-05
-1.329447e-05
-4.444968e-05
-1.246434e-05
5.248922e-06
6.304844e-07
5.839819e-07
-5.033424e-07
-4.672168e-06
1.863273e-05
3.508862e-05
-4.290664e-05
-5.98325e-05
-8.461847e-06
-2.7332e-06
2.618699e-05
8.113777e-05
4.042647e-05
3.599905e-05
1.17709e-05
-1.227445e-05
3.208924e-05
7.435676e-05
-2.146245e-05
-9.155822e-06
4.842271e-05
1.4504e-05
-4.992979e-06
4.510268e-06
-1.082428e-05
-4.338276e-05
-1.774572e-05
1.858177e-05
4.419368e-05
1.205474e-05
-4.217481e-06
5.40926e-06
-1.19549e-05
-4.404024e-05
-1.270701e-05
1.06198e-05
-1.22388e-05
-4.865539e-05
-1.113968e-06
4.95391e-05
2.33988e-05
-3.245543e-05
-8.670261e-05
-1.889345e-05
-2.783366e-06
-5.208044e-05
7.109567e-06
0.0001010533
8.457195e-05
4.244362e-05
1.632909e-05
4.890431e-05
7.169802e-05
5.240624e-05
2.85388e-06
9.393746e-06
5.00633e-05
6.44675e-07
-5.260876e-05
2.521861e-07
4.878271e-05
1.34231e-05
-6.302101e-07
-8.456449e-06
-5.382157e-05
-5.516513e-05
-1.821193e-05
2.230579e-05
0.0001131458
0.00011314
1.681041e-05
-8.772618e-06
2.293424e-06
-1.095095e-08
-5.66427e-06
2.664079e-05
1.462146e-05
-0.0001339813
-0.0001566748
-9.782652e-05
-1.714463e-05
3.970806e-06
2.314838e-05
1.668577e-05
-8.313516e-05
-3.972548e-06
9.724801e-05
2.774667e-05
-1.531857e-05
1.276496e-05
4.575375e-05
1.436281e-05
-4.83908e-06
-5.002153e-06
1.346912e-05
4.884942e-05
6.062712e-06
-6.09333e-05
-6.322185e-05
6.638485e-06
5.982804e-05
-1.460159e-05
-0.0001012143
5.225343e-06
8.395224e-05
-1.624061e-05
-1.921302e-05
-8.249192e-06
-4.10073e-05
-1.349905e-05
4.458633e-06
1.212987e-06
3.384781e-07
-7.837157e-07
-2.272475e-06
1.038083e-05
-6.095406e-06
-0.0001354319
-0.0002169197
-6.760099e-05
3.202552e-05
-1.727759e-05
3.648381e-05
6.081785e-05
9.791482e-06
-1.104506e-06
-7.437624e-06
-5.035606e-05
-7.039615e-05
-5.115444e-05
-3.50105e-06
-8.492591e-06
-4.168446e-05
-1.350169e-05
-6.903783e-06
2.827467e-05
0.0001012155
-1.404327e-05
-0.0001432114
-1.762991e-05
2.874619e-05
-5.483784e-05
-2.97153e-06
-2.051839e-05
-1.55872e-05
3.483785e-06
6.408776e-08
4.090754e-07
5.228e-06
-1.170855e-05
-4.771301e-05
-4.622091e-06
5.765171e-05
7.112905e-05
4.623888e-05
1.702044e-05
5.367176e-05
5.744732e-05
4.255573e-06
8.490447e-06
4.497766e-05
1.415154e-05
-9.060131e-06
1.281235e-05
4.401366e-05
1.528416e-05
-7.506691e-07
-2.160107e-05
-1.510444e-05
7.000595e-05
3.425339e-05
5.856256e-05
0.0001021762
3.727048e-05
-6.04287e-05
-0.0001036237
6.518144e-05
1.152783e-06
-0.0001456288
-2.817233e-05
6.979564e-05
-1.126706e-05
-9.646191e-05
-2.614833e-05
2.596132e-05
-3.384191e-05
-0.0001455501
-8.298112e-05
6.225033e-06
-2.336619e-06
-5.357247e-05
-7.072568e-05
-5.042038e-05
-3.749461e-06
-9.106674e-06
-3.8583e-05
-2.184151e-05
-5.12851e-05
-5.525451e-05
-8.886801e-06
5.097908e-07
1.340873e-05
4.270851e-05
1.405876e-05
-3.714631e-06
-4.362642e-07
-3.527137e-06
1.751296e-05
3.057892e-05
-2.395145e-05
-3.121138e-05
-4.397103e-05
2.186756e-06
5.312757e-05
-5.321494e-06
-3.633191e-05
3.5728e-05
1.579388e-05
-7.496258e-05
-0.000100244
-1.591665e-05
-3.30585e-06
-4.294764e-05
-9.433926e-06
-1.257187e-05
-2.942858e-05
2.955209e-05
1.916778e-05
-3.460357e-06
-5.63738e-06
9.320782e-06
5.817205e-05
5.643069e-05
4.288394e-06
8.061128e-06
4.494236e-05
1.491084e-05
-5.667623e-06
-5.199866e-06
2.264627e-05
2.299013e-05
-7.709001e-05
-0.0001015864
-9.01971e-05
-1.365555e-05
-4.586882e-06
-5.400343e-05
1.205437e-05
9.721847e-05
1.896828e-05
-6.685067e-05
-5.709143e-05
-4.925649e-06
5.961052e-06
-7.747459e-06
8.194548e-06
7.202783e-05
2.116972e-05
-0.0001342929
-8.165535e-05
-1.19319e-05
-4.617757e-05
1.776044e-05
6.59825e-05
-3.962838e-05
-8.94595e-05
-0.0001691317
-3.299277e-05
4.875957e-05
-2.492545e-05
-3.314826e-05
-3.878461e-05
-9.554884e-06
2.964734e-06
-5.899201e-06
1.888239e-05
4.16711e-05
-6.141042e-05
-0.0001007039
4.822226e-05
0.0001107583
2.191515e-05
-7.678418e-06
-1.259405e-05
-3.12078e-05
-3.480013e-05
-9.599851e-05
-6.831482e-05
5.648493e-07
-1.107219e-05
-3.165123e-05
2.377901e-05
3.358485e-05
4.855441e-05
-2.259844e-05
-6.491831e-05
5.747659e-05
4.975301e-05
2.995544e-05
2.125105e-05
5.390464e-05
4.692342e-05
3.409211e-05
8.758364e-05
2.336625e-05
-7.76185e-05
-9.984758e-05
-2.395851e-05
1.873641e-05
5.068918e-05
6.844614e-05
5.717068e-05
1.149545e-06
-6.083982e-05
-5.698679e-05
-7.178697e-06
1.49579e-05
-2.663586e-05
-8.700427e-05
-2.628068e-05
1.038234e-05
2.285045e-06
-2.153928e-06
-9.558099e-06
3.2152e-05
7.815749e-05
-2.95542e-05
-6.151412e-05
-2.151856e-05
-3.476809e-05
-1.381592e-05
-7.017758e-06
2.840891e-05
9.617138e-05
-4.44071e-06
-8.28367e-05
1.721285e-05
2.450313e-05
-4.025163e-06
-1.360726e-06
1.23494e-06
-3.302354e-07
5.571082e-07
7.249095e-06
-1.667541e-05
-4.461873e-05
6.06644e-05
0.0001749157
0.0001221112
1.259801e-05
-9.271747e-06
-3.809409e-06
1.522992e-05
5.269316e-05
-1.283059e-05
-9.073082e-05
-2.62358e-05
6.687393e-06
1.362581e-05
3.718569e-05
2.762978e-05
4.029384e-05
7.471362e-06
4.185141e-06
6.200088e-05
4.887669e-05
-4.794653e-05
-6.001523e-05
-7.232493e-06
-2.967708e-06
2.132767e-05
9.69093e-05
7.125283e-05
2.026833e-05
-4.534875e-05
-0.0001398167
-6.536884e-06
9.754824e-05
-4.275248e-05
-0.000111463
-1.836222e-05
6.729395e-07
-3.429949e-05
-4.708871e-05
-6.823663e-05
2.796899e-05
-3.316145e-06
-9.197034e-05
-3.179305e-05
2.795482e-05
3.249027e-05
-3.089895e-05
-2.187133e-05
8.836287e-06
6.909552e-05
9.998028e-05
3.585471e-05
-4.72601e-05
-0.0001279839
-5.469479e-05
-1.081841e-06
-6.107781e-06
-0.0001300093
-5.95171e-05
-4.682231e-06
-8.846587e-05
5.522705e-05
7.64581e-05
1.495008e-05
6.037216e-05
3.07039e-05
-8.284478e-05
-1.29778e-05
5.035077e-05
-5.583071e-05
-0.0001057531
-1.708325e-05
-1.60682e-06
-4.294513e-05
-1.44505e-05
3.350359e-07
1.424893e-05
4.355991e-05
1.35997e-05
-8.984496e-06
1.268616e-05
4.453116e-05
1.837916e-05
-1.691307e-05
-4.34889e-05
-1.722256e-05
1.893112e-05
4.558018e-05
7.666632e-06
-2.249704e-06
7.051047e-05
0.0001110385
-4.596091e-06
-9.724154e-05
-2.475593e-05
1.607566e-05
-1.67217e-05
-3.222769e-05
2.688582e-05
3.247484e-05
3.395747e-05
2.088657e-05
5.398856e-05
5.670792e-05
3.634427e-06
9.45713e-06
4.901017e-05
-3.083161e-06
-3.652787e-05
2.942958e-05
2.900071e-05
-2.077728e-05
-0.0001143043
-0.0001121045
-1.535291e-05
9.804822e-06
-5.322287e-06
1.198505e-05
4.43848e-05
1.366199e-05
-4.272155e-06
-4.285677e-08
8.966943e-07
5.676631e-07
3.501019e-06
-1.235441e-05
-3.341784e-05
-3.881699e-05
-8.260987e-05
-2.619622e-05
1.417991e-05
-7.590574e-06
-5.747387e-05
-5.637821e-05
-7.626847e-06
5.339571e-06
7.487849e-08
-1.029748e-06
-1.399882e-07
5.52739e-06
-7.361914e-06
-5.643165e-05
-6.108693e-05
5.303078e-06
4.865918e-05
1.293182e-05
-4.788707e-06
1.238485e-06
-3.023864e-06
7.698059e-06
5.184888e-05
7.60644e-05
3.95577e-05
-4.051159e-05
-8.764177e-06
6.715164e-05
4.546484e-05
-3.576082e-05
-2.347637e-05
1.948689e-05
4.927532e-05
-6.554756e-07
-4.746045e-05
-1.20066e-05
7.135602e-07
9.102354e-06
5.568113e-05
5.741968e-05
9.562536e-06
-5.604456e-06
-3.554091e-06
1.909308e-05
2.973976e-05
-2.987571e-05
-1.276543e-05
-8.018423e-06
-4.251395e-05
-1.34058e-05
5.424268e-06
1.149021e-06
-5.268019e-06
1.20445e-05
4.448245e-05
2.297991e-05
-3.057803e-05
-8.709156e-05
-2.513503e-05
1.04698e-05
8.133625e-07
-5.848256e-06
1.206746e-05
4.468433e-05
2.284051e-05
-3.068971e-05
-8.63922e-05
-2.588959e-05
8.724715e-06
5.009782e-06
-3.752836e-06
-6.755991e-05
-0.0001046584
-2.254363e-05
9.313488e-05
0.0001434433
3.370893e-05
-1.337883e-05
1.987481e-07
-1.432082e-06
1.458611e-05
3.735612e-05
1.76167e-05
7.014079e-05
8.694433e-05
-2.075468e-05
-2.156024e-05
3.827692e-06
-2.375737e-06
1.877288e-05
2.997876e-05
-3.912733e-05
8.623769e-06
9.16026e-05
2.803769e-05
-8.714098e-06
-4.353232e-06
5.513968e-06
6.371771e-05
0.0001138984
7.496777e-05
-2.308312e-05
-9.129879e-05
-1.959915e-05
-2.035591e-06
-4.388656e-05
-1.913832e-05
2.314348e-05
3.197814e-05
-3.083551e-05
-2.243633e-05
1.75724e-05
4.510171e-05
1.758972e-05
-1.876444e-05
-4.230179e-05
-7.381311e-06
-9.515265e-06
-4.320208e-05
-2.703009e-06
-2.049535e-05
-9.264224e-05
-1.862208e-05
7.605904e-05
3.615665e-05
-9.226744e-05
-7.450981e-05
-7.281314e-06
1.929338e-05
4.277539e-05
1.32725e-05
-8.634147e-06
1.038491e-05
4.487109e-05
3.319467e-05
-5.545207e-05
-0.0001789875
-4.939613e-05
8.955637e-05
0.0001110297
-7.052166e-06
-9.852288e-05
-2.39807e-05
2.196604e-05
-2.679919e-05
-9.793363e-05
5.512833e-06
8.423335e-05
-1.74509e-05
-2.351126e-05
9.385476e-06
-1.032346e-05
-4.48295e-05
-1.281496e-05
7.213408e-06
-2.765242e-07
-1.37866e-05
4.269378e-05
0.0001135938
1.960206e-05
-9.951184e-06
-7.416813e-05
-1.568169e-05
5.312076e-05
1.696261e-05
-1.843565e-05
-3.429847e-05
-3.294832e-05
-9.569325e-05
-6.584004e-05
-1.533551e-05
-2.873706e-05
-4.994711e-05
-5.570154e-05
6.173747e-05
3.188037e-05
-1.76618e-07
4.908386e-05
6.695659e-05
7.555428e-05
2.506201e-05
-7.75991e-05
-3.052503e-05
1.126117e-05
1.530408e-06
-6.208035e-06
9.044771e-06
5.842237e-05
5.169612e-05
1.650833e-05
5.207681e-05
6.247258e-05
-3.885207e-06
-4.801077e-05
-1.260224e-05
5.631121e-06
4.17047e-07
3.220281e-06
-1.209582e-05
-3.663541e-05
-3.039789e-05
-3.595056e-05
5.265311e-05
0.0001231157
5.250892e-05
-4.527604e-05
-4.815717e-06
5.079998e-05
1.878738e-05
-2.261206e-05
-3.070786e-05
2.682885e-05
3.252006e-05
3.878045e-05
6.535317e-06
9.663582e-06
5.332999e-05
-1.177292e-05
-9.089508e-05
-3.07726e-05
1.920663e-05
5.456926e-05
5.696264e-05
2.357142e-05
-4.654016e-05
-0.000133838
-6.21031e-06
5.261038e-06
-0.0001590392
-5.941931e-05
1.39126e-05
1.567485e-05
4.520627e-05
6.094413e-07
-4.52895e-05
-1.880221e-05
8.825658e-06
7.106031e-05
0.0001045461
3.826189e-06
-4.012523e-05
3.106385e-05
2.459079e-05
-1.766902e-05
-4.413478e-05
-1.209272e-05
4.806574e-06
8.405019e-07
3.633718e-06
-1.39682e-05
-3.734992e-05
-1.698535e-05
-6.719207e-05
-8.706954e-05
1.015742e-05
4.989507e-05
9.661546e-05
-1.421734e-05
-0.0001372644
-4.346153e-05
1.863494e-05
6.513403e-05
0.0001162212
5.769182e-05
-5.2228e-05
-6.640218e-05
7.201873e-06
5.006773e-05
1.030508e-05
-1.046143e-05
2.949007e-05
7.908512e-06
-0.0001273536
-3.805908e-05
0.0001547613
0.0002075875
2.531112e-05
-6.000778e-05
4.606676e-05
0.0001351213
0.0001273239
-3.739447e-05
-0.0001804787
-5.093021e-05
6.962825e-06
3.50656e-05
0.0001361386
9.649879e-05
4.389014e-05
6.894868e-06
-2.855731e-06
5.766666e-06
-7.751318e-06
-5.651519e-05
-5.611337e-05
-8.115132e-06
5.036281e-06
-4.894357e-07
3.616974e-06
-1.088494e-05
-3.817661e-05
-3.628437e-05
-1.371159e-05
8.006378e-05
2.787875e-05
-8.069866e-05
-0.0001050276
3.637829e-06
2.725037e-05
-7.911512e-05
-1.839765e-05
5.320245e-05
1.142895e-05
6.135128e-06
3.721103e-05
3.299493e-05
3.614386e-05
-5.702765e-05
-0.0001085274
-8.231724e-06
5.41807e-05
1.288338e-05
-5.883832e-06
9.781984e-07
6.953074e-07
-4.433028e-06
1.725463e-05
3.096595e-05
-2.529271e-05
-3.074039e-05
-3.857478e-05
-1.201468e-05
4.17847e-06
1.016506e-06
2.424407e-07
-4.365438e-06
9.103317e-06
5.537794e-05
5.650774e-05
1.887156e-05
-2.600077e-05
-0.0001011326
-6.848092e-05
7.579878e-06
-2.063381e-05
-9.769292e-05
-4.872626e-06
0.0001105287
6.906277e-05
2.881434e-06
4.00253e-06
-2.311701e-05
-8.527676e-05
-3.147669e-05
1.344374e-05
7.331657e-05
8.597509e-05
-6.743723e-06
-6.059482e-05
-0.0001291346
-3.421304e-05
7.75439e-05
0.0001136192
7.345276e-05
-2.141761e-05
-9.162453e-05
-3.398701e-05
4.154741e-05
7.250399e-05
-1.741922e-05
-1.296513e-05
-2.25463e-05
-8.472075e-05
-1.701512e-05
-1.769433e-05
-8.562254e-05
-2.279762e-05
-3.257122e-06
-4.242702e-05
-1.438689e-05
5.020457e-06
9.16944e-07
-5.217137e-07
2.209408e-07
6.528093e-07
-1.399124e-07
5.888054e-07
9.265964e-07
-4.835134e-07
-4.688326e-06
1.85392e-05
3.130671e-05
-3.113835e-05
-2.229668e-05
2.373975e-05
3.082083e-05
-3.533506e-05
-3.5645e-06
4.822497e-05
5.306419e-06
2.16598e-05
8.179864e-05
3.661478e-05
4.619069e-05
5.522327e-05
1.59162e-05
-8.267881e-06
-7.432868e-05
-8.574228e-05
2.194702e-05
2.341006e-05
-5.076317e-06
-2.071908e-06
2.322328e-06
5.104515e-06
-1.870841e-05
-2.931848e-05
3.526129e-05
1.505265e-06
-3.571073e-05
2.388037e-05
3.707524e-05
3.551826e-05
-5.686942e-05
-0.0001025738
-2.64768e-05
1.433553e-05
6.987024e-05
9.784571e-05
2.209396e-05
-3.291904e-06
-1.24962e-05
-4.79812e-05
-9.740798e-07
5.823012e-05
-3.007858e-06
-0.0001183163
-0.0001135108
-1.543132e-05
1.07405e-05
-6.205768e-07
-6.165015e-06
1.246473e-05
4.528662e-05
2.240733e-05
-3.549588e-05
-7.305082e-05
1.81016e-05
1.822805e-05
8.814212e-06
4.202577e-05
1.476429e-05
-3.972701e-06
-2.690057e-06
1.787757e-06
1.512528e-05
-3.94586e-05
-0.0001341165
-2.66875e-05
5.362038e-05
2.870221e-05
3.533546e-05
3.831521e-06
2.9394e-05
7.311802e-05
-2.539029e-05
3.910463e-06
8.940008e-05
2.895553e-05
3.463387e-06
-3.913901e-05
-0.0001257115
-4.489705e-05
8.10057e-06
9.801868e-05
0.0001849305
4.304055e-05
-5.242522e-06
4.65664e-05
4.524096e-06
-3.806838e-05
-4.58405e-05
-7.231995e-05
3.559679e-05
5.238045e-05
-3.438917e-05
-1.872289e-05
4.606479e-06
1.249769e-06
4.045292e-06
-8.108505e-06
-5.61975e-05
-5.621658e-05
-8.500312e-06
5.540297e-06
2.389279e-07
-8.669516e-07
-4.083631e-06
1.642782e-05
3.115737e-05
-1.890422e-05
-4.553727e-05
-9.141038e-05
7.351448e-06
8.267845e-05
-2.643333e-05
2.726445e-06
9.168652e-05
2.871943e-05
-1.09615e-05
-2.828256e-07
6.769298e-06
-1.270356e-05
-4.400762e-05
-1.262597e-05
5.715802e-06
3.475467e-07
-5.339138e-06
1.347602e-05
4.393295e-05
1.34835e-05
-4.819864e-06
1.070818e-07
1.863955e-06
1.556551e-07
-5.632532e-06
1.400911e-05
4.84325e-05
-2.615144e-07
-4.815455e-05
-8.16821e-06
-6.825027e-06
-4.289507e-05
-1.871337e-05
1.759679e-05
4.431469e-05
1.752332e-05
-1.797473e-05
-4.314105e-05
-1.154451e-05
4.903356e-06
-4.585526e-06
1.273876e-05
4.391741e-05
1.364341e-05
-5.304911e-06
1.90651e-07
5.638536e-06
-1.247747e-05
-4.300289e-05
-1.624136e-05
1.292232e-05
4.763578e-05
8.226713e-05
9.59216e-05
2.178515e-05
-9.560764e-06
2.922317e-07
7.041246e-06
-1.155905e-05
-4.873567e-05
-1.004344e-05
7.533628e-05
0.0001054328
7.077495e-06
-5.357588e-05
-5.915378e-06
-5.074697e-06
-5.306824e-05
-2.623995e-06
0.0001318449
0.0001587491
2.910982e-05
-2.429087e-05
2.808756e-05
8.894401e-05
2.592796e-05
-9.202125e-06
3.962196e-06
-1.542125e-05
-2.458682e-05
1.178131e-05
-1.644483e-05
3.914512e-05
6.043322e-05
8.603304e-06
-3.75703e-07
-7.678562e-06
-5.18159e-05
-7.055559e-05
-4.163064e-05
-2.874652e-05
-9.652985e-05
-7.452144e-05
1.407825e-05
3.51865e-05
-3.099339e-05
-1.376551e-05
-8.028249e-06
-4.173713e-05
-1.382918e-05
3.143041e-06
1.570081e-06
1.000578e-05
-3.04369e-05
-8.01148e-05
2.692747e-05
8.952428e-05
2.162329e-05
-7.205382e-05
2.542593e-05
6.890618e-05
1.43413e-05
-2.814186e-05
-2.19028e-05
8.328606e-05
8.806762e-05
5.174277e-05
-8.688073e-06
-3.331914e-05
2.090762e-05
4.006169e-05
0.0001005985
5.580586e-05
-3.883388e-05
-1.795397e-05
6.243714e-06
1.227325e-06
-1.567228e-06
3.483995e-07
5.340708e-06
-1.304947e-05
-4.303679e-05
-1.293923e-05
4.375689e-06
6.306611e-07
4.101717e-06
-1.28179e-05
-4.21881e-05
-1.40276e-05
7.020785e-07
1.756529e-05
3.075497e-05
-2.916463e-05
-1.971598e-05
-3.500188e-06
4.06219e-05
4.255134e-05
-8.559902e-05
-1.828831e-05
-2.123783e-05
-2.148619e-06
4.636371e-05
1.239924e-05
-5.000233e-06
9.34846e-06
-1.944281e-05
-0.000100441
-7.473978e-05
1.122837e-05
4.874055e-05
5.149935e-06
7.948592e-06
5.911471e-05
-2.415168e-05
-0.0001400315
-3.611971e-05
8.458044e-05
0.0001010004
2.403564e-05
-2.218525e-05
-4.166606e-05
-1.592713e-05
1.282188e-05
5.196922e-05
7.013801e-05
5.158592e-05
4.647115e-06
9.463666e-06
3.937979e-05
2.219425e-05
5.200079e-05
5.642416e-05
9.608957e-06
-4.688618e-06
-4.481131e-07
1.328273e-06
5.243996e-06
-1.314253e-05
-4.745873e-05
-1.18231e-07
4.411465e-05
2.751919e-05
3.382825e-05
2.024419e-05
4.910335e-05
7.542282e-05
3.456586e-05
-2.899974e-05
4.076654e-05
7.318962e-05
-2.11038e-05
-0.0001012107
2.439245e-05
3.2821e-05
-0.0001922767
-7.780561e-05
3.013018e-05
-2.929329e-07
-8.336261e-05
-7.572132e-05
6.896697e-05
4.470297e-05
-4.528316e-05
-6.23348e-05
6.277814e-05
3.294914e-05
2.522916e-06
3.260846e-05
4.582046e-05
6.970016e-05
-1.766003e-05
-2.162459e-05
3.886558e-06
1.798996e-06
4.300795e-06
-1.327157e-05
-4.273759e-05
-1.401072e-05
5.160129e-06
5.210447e-06
-1.129939e-05
-5.508571e-05
-4.189416e-05
-5.059596e-05
-0.0001246885
-2.083108e-05
-3.773309e-05
-0.0001735579
-5.935949e-05
3.232185e-05
4.866001e-05
-2.808822e-06
-3.87309e-05
-3.792725e-05
-8.098731e-05
-3.10695e-05
1.743809e-05
5.714192e-05
5.524325e-05
8.336974e-06
-4.111965e-07
-1.171097e-05
-3.723605e-05
-3.176455e-05
-2.947906e-05
4.462367e-05
5.651065e-05
1.352236e-05
5.967428e-05
0.0001034989
9.182002e-05
9.506196e-05
1.473505e-05
-6.548211e-05
-6.155819e-05
7.40429e-06
5.294793e-05
-9.646973e-06
-2.184781e-05
6.9096e-05
4.077102e-05
4.645871e-05
5.53019e-05
1.487521e-05
-1.356734e-05
-5.618259e-05
-5.07072e-05
-2.243975e-05
-3.796649e-05
-8.866745e-06
-9.320516e-06
-4.28823e-05
-9.406238e-06
-8.086214e-06
-3.823809e-05
-2.723097e-05
-3.759147e-05
-1.208984e-05
-1.525576e-06
8.936908e-06
6.090032e-05
4.363891e-05
-3.425849e-05
-1.822185e-05
1.5933e-06
1.365718e-05
3.780343e-05
2.773009e-05
3.951596e-05
3.316622e-06
1.752245e-05
0.0001001393
7.06114e-05
3.967667e-06
-6.40642e-06
2.307797e-06
6.080881e-06
-1.492415e-05
-4.716655e-05
9.629204e-06
1.752232e-05
-6.029095e-05
1.10656e-05
2.297069e-05
1.2921e-06
-1.425678e-05
-4.310795e-05
-1.302146e-05
4.70381e-06
5.809976e-06
-1.513186e-05
-4.350422e-05
-6.861342e-06
-3.346538e-06
-6.571386e-05
-3.136185e-05
7.503022e-05
4.846458e-05
1.435957e-05
-9.544086e-06
1.089343e-05
-8.556125e-05
-0.0001437869
-0.0001041682
-1.660324e-05
9.554416e-06
2.911804e-06
-1.388604e-05
-4.189729e-05
-1.213113e-05
-5.291113e-06
2.224272e-05
9.925276e-05
6.988268e-05
3.907015e-06
-2.127771e-06
-1.051002e-05
-3.173306e-05
-4.546855e-05
-7.82745e-05
4.762991e-05
9.693334e-05
-1.671827e-05
-3.912899e-05
-3.853434e-05
3.692251e-06
-3.137173e-05
-0.0001426019
-8.200311e-05
-4.617607e-06
9.737605e-06
7.25805e-05
8.538381e-05
-2.032685e-05
-1.718754e-05
-1.26648e-05
-3.490294e-05
4.276562e-05
7.04265e-05
-1.240714e-05
-0.0001044283
-6.867784e-05
-1.249452e-05
2.721593e-05
9.856034e-05
6.793535e-05
5.222212e-06
4.465549e-06
-2.970322e-05
-7.294425e-05
1.657847e-05
2.339299e-05
-2.942949e-06
-5.856099e-06
4.136177e-06
6.569156e-05
0.0001129816
6.531326e-05
3.518255e-06
-4.425644e-06
1.324692e-06
1.556377e-06
-6.851001e-07
-4.669965e-06
1.39931e-05
4.365182e-05
8.446388e-06
7.60488e-06
4.408713e-05
1.859652e-05
-1.903505e-05
-4.323615e-05
-3.390068e-06
-2.20605e-05
-8.149845e-05
-3.521212e-05
-4.834913e-05
-5.566102e-05
-4.226915e-07
-2.039186e-05
-8.658738e-05
-3.2212e-05
1.895029e-05
5.775928e-05
5.05107e-05
1.685964e-05
5.127886e-05
5.739465e-05
1.471839e-05
-1.838411e-05
-4.80326e-05
1.491698e-06
4.854812e-05
1.106719e-05
-6.168777e-06
1.505586e-05
-2.946392e-05
-0.0001578406
-0.0001223363
-1.50766e-05
-5.457701e-05
-0.0001142502
-7.009997e-05
5.536008e-06
5.151366e-05
8.192716e-05
9.505124e-05
2.170522e-05
-1.210098e-05
1.329161e-05
3.415824e-05
4.000241e-05
8.733189e-05
1.24302e-05
-5.696533e-05
4.57477e-06
3.652333e-05
-2.970701e-05
-2.007191e-05
5.185854e-06
6.493934e-06
-1.361311e-05
-4.853404e-05
-3.371023e-07
4.814775e-05
1.933819e-05
-1.834972e-05
-4.9292e-05
-2.566099e-06
6.585112e-05
3.803649e-05
-2.165638e-05
3.030162e-05
7.443602e-07
-3.512715e-05
3.015288e-05
2.377403e-05
-2.14395e-05
-3.658561e-05
3.978649e-05
7.456457e-05
5.199536e-05
8.147188e-06
-4.080854e-06
-4.070663e-06
1.320041e-05
4.361407e-05
1.717786e-05
-1.758992e-05
-3.878194e-05
-2.545895e-05
-3.877521e-05
-1.323453e-05
5.282474e-06
-9.355344e-08
-5.789174e-06
1.309982e-05
4.900896e-05
-4.490301e-07
-4.857133e-05
-1.250389e-05
9.569412e-06
-1.748019e-05
-2.659399e-05
1.719517e-05
-2.419004e-05
-1.827142e-05
-1.486134e-06
1.492888e-05
4.776934e-05
-5.130439e-06
-3.469583e-05
2.998216e-05
1.891866e-05
-4.435559e-06
-1.573365e-06
1.893284e-07
4.785065e-06
-8.255904e-06
-5.292232e-05
-6.937256e-05
-4.58098e-05
-2.150836e-05
-4.825181e-05
1.25154e-05
8.721052e-05
3.99373e-05
2.842079e-05
2.52025e-05
4.145902e-05
1.739079e-05
-2.23695e-05
-2.94357e-05
3.056785e-05
1.325536e-05
8.750599e-06
4.362906e-05
9.608937e-06
2.870458e-06
5.153406e-05
7.633609e-05
3.841334e-05
-4.023481e-05
-3.886841e-06
4.954182e-05
1.043298e-05
2.234918e-06
4.676191e-05
8.47807e-05
9.522633e-05
1.632334e-05
3.796576e-06
4.470574e-05
1.568114e-05
-1.002767e-05
3.108236e-06
7.067932e-05
0.0001003469
2.105786e-05
-9.51491e-06
7.936492e-07
1.643152e-06
-4.541903e-06
1.205457e-05
4.006199e-05
3.013706e-05
2.033109e-05
-1.255541e-05
1.821332e-05
-3.889195e-05
-6.130138e-05
-9.367623e-06
1.02444e-05
-1.182185e-05
-4.513093e-05
-2.206613e-05
3.125277e-05
8.623195e-05
2.516084e-05
-2.96898e-06
-1.227592e-05
-5.287938e-05
3.611308e-06
0.0001232244
0.0001006924
-3.200245e-05
-1.394776e-05
6.072794e-05
5.417811e-05
3.061798e-05
1.109843e-05
-7.753638e-05
-1.244271e-05
3.946143e-05
-2.901291e-05
-1.964802e-05
3.615978e-06
3.162794e-06
3.463382e-06
-2.291222e-05
-1.682242e-05
7.398627e-05
3.018899e-05
-9.158939e-06
3.532803e-06
-1.053286e-05
-4.476885e-05
-1.633484e-05
1.287268e-05
5.66914e-06
-0.0001119775
-0.0001477759
8.847768e-05
4.608008e-05
-6.279562e-05
-8.207244e-06
6.367719e-05
5.789817e-05
6.339008e-06
-4.615684e-06
1.374469e-06
6.632877e-07
-5.173552e-06
1.316125e-05
4.351241e-05
1.331923e-05
-5.167031e-06
4.21184e-08
1.576362e-06
-8.288663e-07
-5.534956e-06
1.806242e-05
3.510521e-05
-4.26401e-05
-6.199631e-05
-1.302002e-05
1.954371e-05
4.196757e-05
7.589612e-06
1.3945e-05
3.019697e-05
-3.339797e-05
-6.11034e-06
4.291772e-05
3.288374e-05
2.89029e-05
-4.881454e-05
-4.240732e-05
2.241653e-05
-2.5041e-05
-2.319498e-05
1.682205e-05
4.463547e-05
1.262874e-05
-5.17097e-06
1.331007e-07
5.95991e-07
1.550527e-07
-5.618891e-07
9.925704e-08
8.363498e-07
-1.357067e-07
-5.647209e-06
1.338667e-05
4.824655e-05
2.421487e-07
-4.910485e-05
-1.31739e-05
8.190059e-06
-1.56645e-06
-1.660396e-05
4.630452e-05
0.0001266585
-4.051787e-05
-8.814103e-05
6.900223e-05
2.56726e-05
-4.934941e-05
-2.9999e-05
-3.195349e-05
-1.611956e-05
-6.564645e-05
-0.0001000822
-2.680468e-05
2.279794e-05
4.337941e-05
1.147097e-05
-4.88619e-06
9.448532e-07
9.956562e-07
-4.981189e-06
7.926679e-06
5.732423e-05
5.617069e-05
6.723469e-06
-3.105912e-06
1.007884e-05
-3.508071e-05
-6.506403e-05
7.277651e-05
7.481821e-05
2.192713e-05
2.342853e-05
-2.902354e-05
-1.596924e-05
3.077411e-06
-3.883369e-06
1.684924e-05
3.136385e-05
-2.954361e-05
-2.483636e-05
1.329895e-05
6.854617e-05
2.92325e-05
-8.838971e-05
-4.967769e-06
9.704981e-05
2.812006e-05
-1.157927e-05
-5.477356e-06
1.58874e-05
4.305856e-05
8.198383e-06
7.655981e-06
4.359688e-05
1.577634e-05
-5.639846e-06
-1.455237e-05
4.202637e-05
0.0001259303
4.110254e-05
5.07113e-05
0.0001231447
4.11447e-05
-8.838941e-05
-2.332651e-05
6.803922e-05
5.684073e-05
6.885506e-06
-4.304821e-06
1.123505e-06
-8.589322e-06
2.537457e-05
8.166385e-05
4.473325e-05
2.12364e-05
-3.17267e-05
-2.138062e-05
2.356556e-05
2.995778e-05
-3.5325e-05
-4.606105e-06
4.82366e-05
7.808428e-06
1.152288e-05
3.601943e-05
-3.335557e-05
-9.697549e-05
-6.856687e-05
6.095452e-05
4.315551e-05
4.721862e-05
5.95243e-05
-8.414548e-06
-3.366423e-05
2.975787e-05
1.260369e-05
8.634906e-06
5.230033e-05
-1.331857e-05
-9.219892e-05
-2.203862e-05
2.749018e-06
-5.670437e-05
-6.288889e-05
4.59139e-06
4.838952e-05
1.236029e-05
-1.66039e-06
-1.183277e-05
-3.986598e-05
-2.376506e-05
1.058729e-05
0.0001404764
0.0002055584
2.538351e-05
-5.965293e-05
5.218533e-05
0.0001216085
6.532743e-05
-3.177837e-06
4.268904e-06
5.778657e-05
5.716424e-05
8.250336e-06
-4.985325e-06
-3.626331e-06
1.293912e-05
3.857091e-05
3.085964e-05
2.537915e-05
-3.015391e-05
-1.729283e-05
2.855948e-06
9.299137e-07
9.799399e-06
-2.684885e-05
-9.236752e-05
-1.291986e-05
5.768804e-05
-2.81939e-07
-4.973848e-05
-9.048998e-06
-6.991621e-06
-4.049769e-05
-2.686096e-05
-2.862898e-05
-3.90011e-05
-8.798092e-05
-1.377396e-05
5.266831e-05
1.813794e-05
-1.925301e-05
-4.401685e-05
-1.182275e-05
4.590542e-06
-9.748401e-07
-7.421818e-07
5.417597e-06
-1.24643e-05
-4.871187e-05
-4.794898e-06
6.125743e-05
5.684527e-05
7.391737e-06
-4.78928e-06
4.838659e-07
1.692464e-07
-2.23982e-07
3.873904e-06
-1.289046e-05
-3.862206e-05
-2.730557e-05
-3.839292e-05
-8.956987e-06
-6.986393e-06
-5.110337e-05
-5.126913e-05
-0.0001046541
-0.0001815862
-4.940239e-05
1.747791e-05
5.227377e-06
-7.107216e-06
-6.95638e-05
-9.506367e-05
-3.510045e-05
-3.237252e-05
-1.404648e-05
-6.260184e-06
2.643869e-05
8.661321e-05
2.59935e-05
-9.622524e-06
-6.218534e-07
2.10713e-06
-3.317214e-07
-5.311484e-06
1.316525e-05
4.347331e-05
1.287863e-05
-5.100156e-06
5.052364e-07
8.323812e-07
-4.929199e-06
8.972312e-06
5.56187e-05
5.128372e-05
2.627444e-05
3.012277e-05
-4.32125e-05
-6.063098e-05
-9.24691e-06
5.764946e-06
-4.32573e-07
-1.145977e-06
-3.544237e-06
1.453899e-05
2.567953e-05
2.61087e-06
-2.331666e-05
-0.0001739152
-8.213139e-05
3.432641e-05
-2.409317e-05
-1.487246e-05
-1.077547e-05
-4.620698e-05
3.443887e-06
3.494734e-05
-2.911462e-05
-1.98701e-05
-9.664069e-07
1.987997e-05
3.402652e-05
-4.847736e-05
-4.859225e-05
3.471083e-05
2.034861e-05
-5.770913e-06
-1.167372e-05
2.716572e-05
9.237639e-05
1.320726e-05
-5.727795e-05
-5.844516e-06
5.821726e-05
7.053179e-05
4.974775e-05
3.313801e-06
1.374714e-05
3.141784e-05
-3.009726e-05
-2.331443e-05
1.72234e-05
4.590449e-05
1.234758e-05
-1.488894e-05
2.214607e-05
0.0001004477
6.477276e-05
1.653686e-05
3.826739e-05
1.354163e-05
-4.17383e-06
3.969574e-06
-1.19102e-05
-4.386574e-05
-1.80931e-05
1.779049e-05
4.279734e-05
1.245425e-05
-3.227578e-07
-1.304662e-05
-4.307709e-05
-1.401575e-05
4.452628e-06
4.969714e-06
-1.367893e-05
-4.451416e-05
-1.420875e-05
9.73205e-06
-4.389273e-06
-7.043862e-05
-9.57535e-05
-3.42721e-05
-3.432675e-05
-1.41888e-05
3.53888e-06
4.840991e-06
-1.701048e-05
-3.141531e-05
2.100474e-05
4.465007e-05
8.128717e-05
2.067485e-05
8.473623e-06
3.023023e-05
-2.852199e-05
-1.894471e-05
-1.895653e-06
1.990497e-05
3.515233e-05
-4.903019e-05
-5.715605e-05
6.078879e-05
0.0001009047
3.393925e-05
3.193247e-05
1.421197e-05
-1.202284e-06
-6.051491e-06
-1.65922e-06
8.26585e-05
0.0001480426
2.286157e-05
-5.888768e-05
-2.274943e-05
3.3793e-05
8.640627e-05
2.008531e-05
4.14292e-06
4.273093e-05
1.013644e-05
8.923139e-06
3.760946e-05
2.149043e-05
5.186353e-05
6.070719e-05
-4.430793e-06
-4.79892e-05
-1.284633e-05
1.225999e-06
8.537679e-06
5.07028e-05
6.470887e-05
6.513492e-05
5.104137e-05
9.150194e-06
-4.432088e-06
-1.13128e-06
-3.404647e-07
9.54126e-06
-2.146494e-05
-9.993636e-05
-7.501282e-05
7.997402e-06
4.867103e-05
2.140769e-05
-3.250092e-05
-8.670385e-05
-2.524569e-05
8.65632e-06
-4.756809e-06
1.540144e-05
3.03827e-05
-2.451618e-05
-3.277912e-05
-4.362379e-05
6.112719e-06
3.396502e-05
-3.589287e-05
-4.466741e-06
4.842259e-05
8.257386e-06
1.688192e-06
6.168888e-05
4.967372e-05
-5.349938e-05
-5.457993e-05
4.889262e-05
6.679467e-05
-5.687203e-06
-4.976348e-05
-1.248186e-05
5.281781e-06
-2.696155e-07
-1.365846e-06
1.751626e-07
-1.615297e-07
-1.157639e-06
-2.660963e-07
5.606551e-06
-1.421494e-05
-4.842969e-05
5.932283e-07
4.904991e-05
3.251576e-06
1.524637e-05
9.560134e-05
9.007301e-05
1.689012e-05
-4.665012e-05
-4.352882e-05
-0.0001426711
-4.776387e-06
8.619926e-05
5.165306e-05
1.110919e-05
-9.473882e-06
-6.911227e-05
-9.552193e-05
-2.904703e-05
-4.797262e-05
-6.242883e-05
3.753163e-06
5.300769e-05
-5.140512e-06
-3.624642e-05
2.935729e-05
1.86024e-05
-4.541377e-07
-1.361151e-05
-4.251532e-05
-1.88756e-05
1.283349e-05
6.114186e-05
4.253762e-05
-3.472894e-05
-1.822346e-05
-2.9772e-07
1.384915e-05
4.371739e-05
1.232371e-05
-1.434402e-05
2.574019e-05
8.740174e-05
2.602912e-05
-1.009292e-05
-5.786638e-07
1.096988e-06
-1.869653e-07
-8.317306e-07
-6.114253e-08
-3.561885e-07
-1.337836e-07
-6.304712e-07
-2.329569e-07
5.408129e-07
-4.847909e-07
-5.775634e-06
1.338754e-05
4.708271e-05
-6.663461e-07
-4.383242e-05
-2.156035e-05
-5.201363e-05
-5.682266e-05
-8.892595e-06
8.0097e-06
-1.841535e-05
-2.139479e-05
3.688889e-06
-7.013324e-05
-3.112899e-05
1.65628e-05
-2.454712e-05
-7.951177e-05
-5.677418e-05
-6.363295e-05
1.055332e-05
2.984746e-05
6.232266e-05
2.719237e-05
-8.082208e-05
-2.03702e-05
1.790277e-06
-0.0001419158
-0.0001888895
-9.838351e-06
5.473131e-05
9.423045e-05
6.478615e-05
4.928512e-06
4.847671e-06
-2.658053e-05
-8.641412e-05
-2.257346e-05
-3.061177e-06
-4.253173e-05
-2.062521e-05
1.164692e-05
6.226179e-05
5.085114e-05
-6.141474e-05
-9.992882e-05
-3.483384e-05
-3.745923e-05
-3.513362e-07
4.154074e-05
2.174622e-05
5.022453e-05
5.620745e-05
1.408728e-05
-1.820511e-05
-4.757257e-05
-1.550093e-06
4.383385e-05
3.632849e-05
9.575887e-06
-7.886902e-05
-7.015812e-06
2.643319e-05
-7.882827e-05
-2.108581e-05
5.741567e-05
1.175217e-05
-7.70215e-05
-0.0001061506
-6.114472e-06
5.407743e-05
2.295513e-06
9.246783e-06
0.0001131549
0.0001194993
2.849488e-06
-5.878683e-05
8.092424e-07
4.920686e-05
1.247718e-05
-5.143744e-06
-8.774422e-07
-4.888426e-06
1.366082e-05
4.724204e-05
-5.030167e-06
-3.475264e-05
2.938422e-05
1.346496e-05
9.009705e-06
4.143931e-05
9.007784e-06
8.926168e-06
4.163552e-05
8.844302e-06
1.315356e-05
2.964918e-05
-3.179784e-05
-1.749261e-05
1.390874e-05
-2.652141e-05
-9.205503e-05
-9.057692e-06
3.483076e-05
-1.72882e-05
2.39777e-05
1.789193e-05
-7.408782e-06
6.580159e-06
4.707754e-05
8.298452e-05
9.431902e-05
2.135126e-05
-9.078142e-06
-8.282999e-07
-3.047406e-06
1.701622e-05
2.454406e-05
-1.602402e-05
2.491275e-05
9.955403e-06
9.96206e-06
5.742119e-05
-2.850927e-05
-0.0001402169
-1.3472e-05
2.389854e-05
-0.0001261124
-0.0001029721
-4.205212e-05
-9.378694e-06
-2.753065e-06
2.71149e-05
8.215283e-06
-0.0001357363
-7.472818e-05
4.359435e-05
1.863588e-05
-5.733375e-06
-1.288778e-06
-8.621258e-06
2.065452e-05
9.939178e-05
7.090899e-05
2.70582e-06
-1.507364e-05
2.691066e-05
8.753433e-05
2.521294e-05
-9.869012e-06
-1.190049e-06
1.956417e-06
-1.058473e-06
-2.445774e-06
7.113099e-07
1.291504e-05
-4.473757e-05
-0.0001096276
-2.105222e-05
-5.100178e-05
-6.433286e-05
-6.239893e-05
1.997827e-05
-5.667743e-05
-0.0001678843
-6.615984e-05
4.948106e-05
5.092014e-06
-5.184657e-05
-1.389003e-05
6.5813e-06
-3.90556e-07
-1.056104e-05
2.587592e-05
8.186719e-05
3.901251e-05
3.322548e-05
1.260136e-05
-3.674946e-06
-1.42298e-06
-9.477874e-07
5.79152e-06
-9.520593e-06
-6.206532e-05
-4.417482e-05
3.888036e-05
5.122667e-06
-4.421353e-05
-3.23013e-05
-2.674502e-05
2.986664e-05
2.697377e-05
-2.669609e-05
-0.000106213
-5.658373e-05
4.044249e-05
1.740049e-05
-1.103846e-05
1.085032e-05
4.457928e-05
1.683029e-05
-1.775619e-05
-4.325248e-05
-1.605179e-05
-6.549455e-07
3.261233e-05
-4.701348e-06
-0.0001794673
-9.337935e-05
6.166037e-05
6.716213e-05
-6.363715e-06
-5.056141e-05
-2.155109e-05
3.103419e-05
8.678224e-05
2.41653e-05
-9.497911e-06
4.99211e-07
2.676172e-07
-1.04202e-05
2.955766e-05
7.506436e-05
-1.325769e-05
-4.596261e-05
-1.319807e-05
7.469705e-05
2.992781e-05
-9.520416e-06
-1.327597e-06
-4.801044e-06
1.332738e-05
4.684114e-05
-1.396252e-07
-4.824822e-05
-1.385764e-05
2.640968e-08
1.298464e-05
4.185389e-05
1.309748e-05
-5.316623e-06
-1.632947e-06
1.076126e-06
4.841977e-06
-1.88484e-05
-3.55337e-05
4.291515e-05
6.068259e-05
8.829868e-06
-6.194468e-06
-3.07347e-06
1.632863e-06
1.788504e-05
-5.360764e-05
-0.0001736678
-4.911757e-05
7.494678e-07
-2.526248e-05
1.375352e-05
-2.605393e-05
-1.76508e-05
3.018118e-06
1.17055e-06
-9.791579e-07
-6.477908e-06
1.274474e-05
4.77239e-05
3.190278e-06
-6.126318e-05
-5.088194e-05
-2.642065e-05
-3.672321e-05
5.485342e-05
0.0001132574
2.973357e-07
-0.0001095607
-7.490017e-05
1.190894e-06
6.985442e-05
0.0001108582
5.963719e-05
1.729933e-05
3.345763e-05
2.152595e-05
5.196239e-05
6.046085e-05
-4.776194e-06
-4.870687e-05
-1.364574e-05
4.968279e-06
-1.684473e-08
-4.989194e-07
-5.609692e-06
7.457598e-06
5.591559e-05
6.147626e-05
-5.394198e-06
-5.056731e-05
-1.302081e-05
1.581066e-05
-2.715516e-05
-9.456602e-05
-1.337977e-05
6.257321e-05
-1.345156e-05
-9.448425e-05
-2.689186e-05
1.496235e-05
-1.344718e-05
-4.585032e-05
-1.345404e-05
4.668755e-06
-1.036926e-06
-1.780476e-06
4.243819e-06
-1.131538e-05
-4.475977e-05
-2.806204e-05
4.363209e-05
0.0001300406
3.835526e-05
-1.499562e-05
-1.529099e-06
1.486212e-06
4.13905e-06
-1.37639e-05
-4.310684e-05
-1.892055e-05
1.254423e-05
5.641431e-05
5.650069e-05
3.745002e-06
9.182412e-07
5.080056e-05
8.392461e-05
2.160223e-05
-0.0001445498
-0.0001451067
-5.523843e-05
1.752879e-06
-1.097721e-05
-4.577204e-05
-1.281415e-05
4.679711e-06
-5.779491e-06
8.102277e-06
5.766699e-05
4.760651e-05
1.978276e-05
0.0001114293
0.0001784949
0.0001289154
5.329959e-05
1.300142e-05
-2.083175e-05
-0.0001077923
-0.0001225896
-7.38749e-05
-4.627041e-05
-1.035782e-05
-6.089255e-06
2.650549e-05
7.886441e-05
4.242703e-05
8.388176e-05
0.0001599145
0.0002051098
8.557801e-05
-7.569925e-06
-3.914411e-06
1.124979e-05
-2.685903e-05
-8.879652e-05
-2.245367e-05
-4.707645e-09
-5.168971e-05
-6.729407e-05
-6.595967e-05
-5.121634e-05
-8.286713e-06
-1.711333e-06
2.765239e-06
6.837149e-05
0.0001000642
2.063147e-05
-1.091814e-05
3.295344e-07
5.455191e-06
-1.8349e-05
-3.063556e-05
2.535483e-05
2.576128e-05
4.675228e-05
6.792531e-05
5.026055e-05
1.305799e-05
-9.229635e-06
-6.599938e-05
-0.0001126301
-5.614636e-05
-3.634006e-05
-6.730734e-05
1.390693e-05
1.956612e-05
4.672186e-05
0.0002321182
0.0003245473
0.0001232469
8.224459e-05
-1.091334e-05
-7.3364e-06
5.5142e-05
-7.709118e-05
-0.0002657446
-0.0002934898
-0.0002612364
-0.000155065
-0.0001101279
-5.753877e-05
5.473315e-05
0.0001155969
0.0001359067
0.0001764626
0.0001624472
0.0001638263
0.0002684798
0.0001871103
1.99937e-05
-2.473103e-05
-4.479827e-05
-6.932178e-05
-0.0001323678
-0.0001511859
-0.0001042221
-0.0001570109
-0.0001223695
-1.342235e-05
4.424705e-06
2.207343e-06
6.329676e-05
0.0001079152
7.328726e-05
6.027474e-05
4.78627e-05
1.295852e-05
5.429834e-05
0.0001224738
0.0001171352
1.399472e-05
-0.0001490613
-0.0002834051
-0.000180944
-2.514342e-05
-4.305146e-05
-5.931196e-05
-1.329748e-05
-5.361774e-07
2.795967e-05
9.242452e-06
-0.0001396367
-8.045575e-05
0.0001284754
0.0002320528
0.000189113
0.0001862777
0.0002520473
0.0001388249
-0.0001197596
-0.0001762006
-0.0002102695
-0.0002736027
-0.0003348766
-0.0002806025
-0.0001511929
4.83458e-05
9.901017e-05
4.377847e-05
0.0001394406
0.000215458
0.0002214833
0.0001179349
9.901875e-05
0.0001891699
9.311775e-05
9.270834e-06
-4.608101e-05
-0.0001334468
-2.525886e-05
5.580142e-05
7.120769e-06
8.340879e-06
4.112821e-05
-5.077892e-05
-0.0001788862
-0.0002640344
-0.0002773626
-0.0001509495
1.098881e-05
0.0002555522
0.0004732049
0.0004661871
0.0004810994
0.0007023608
0.0005698805
0.0001403903
-5.059839e-06
-8.670279e-05
-0.0002085568
-0.0003452526
-0.000381838
-0.000355776
-0.0003259655
-0.0002699471
-0.0001671845
-0.0001485197
-7.625643e-05
-5.841781e-06
1.424333e-05
4.465599e-05
7.030428e-05
0.0001774617
0.0003682138
0.0005511846
0.0005977516
0.0004956429
0.0003843542
0.0001925382
-0.0001303937
-0.0002612602
-0.0003991697
-0.0006170168
-0.0006545835
-0.0006545306
-0.0005558517
-0.0002901797
-3.043234e-05
3.187231e-05
3.123205e-05
7.723191e-05
0.0003135803
0.0005754617
0.0006438186
0.0006610442
0.0005315519
0.0002657892
0.0001130497
5.108107e-05
-4.089858e-05
-0.0002028487
-0.0005010435
-0.0006674643
-0.0006581136
-0.0007431694
-0.0005766272
-0.0003664385
-0.0001076487
0.0001484668
0.0004898317
0.0007634917
0.0007685047
0.0006453568
0.0003662128
8.686884e-05
-0.0001041374
-0.0002687167
-0.0002070657
1.722237e-05
0.0002214203
0.0002673139
0.0002213339
0.0001363299
0.0001177765
0.0001187502
5.55291e-05
1.244871e-05
5.217609e-05
5.397992e-05
1.031949e-05
6.047756e-05
0.0001617002
0.0002830025
0.0004369507
0.0004762463
0.0005083749
0.0004499925
0.000365197
0.0002195612
3.0642e-05
-1.556565e-05
-7.132646e-05
-0.0001671815
-0.0001285178
-9.749957e-06
7.896116e-05
9.916883e-05
1.536829e-05
-9.577045e-06
7.064588e-05
0.00016691
0.0001931873
0.0002419371
0.0003015048
0.000250719
3.912615e-05
-0.0002154357
-0.0003201059
-0.0004470933
-0.0006259123
-0.000720239
-0.0008386408
-0.0007028199
-0.000305827
5.836281e-05
0.0005083611
0.0008785719
0.001076413
0.001060903
0.0008876495
0.0005712268
0.0002397656
-0.0001547527
-0.000539944
-0.0007619726
-0.0009765823
-0.000790064
-0.0004263131
-0.0002459275
4.61987e-05
0.0002656973
0.0003083334
0.0004256956
0.0004663055
0.0005426453
0.0005701616
0.0005694653
0.0006339037
0.0004428729
0.0003196428
0.0002701542
0.0002275804
0.000119223
7.728635e-05
0.0002258295
0.0003788445
0.0004043737
0.0002835364
7.350857e-05
-0.0002836512
-0.0004596248
-0.0004989462
-0.00066114
-0.0006536913
-0.0005979706
-0.0004963518
-0.0002286003
0.0001686072
0.000472174
0.0007235214
0.0009663206
0.000970572
0.00100629
0.001054303
0.0009621529
0.0006139573
0.0001274859
-0.0003190537
-0.0006553886
-0.0008082831
-0.0007993552
-0.0005188996
-4.248037e-05
0.0002764661
0.000455593
0.0005309
0.0004512317
-8.063304e-06
-0.0004425551
-0.0004127602
-0.0002209647
-1.42371e-05
0.0001913049
0.0004294132
0.0005888295
0.0005792386
0.0004590559
0.00014083
-0.0002603523
-0.0005976087
-0.0007399394
-0.0007402425
-0.0006508995
-0.0005195255
-0.0004615448
-0.0003807497
-0.0003120079
-0.0002263661
-7.401451e-05
-1.2614e-05
3.117816e-05
0.000207384
0.0003939564
0.0005845504
0.0007017243
0.0006947593
0.0005726988
0.0006602623
0.0010017
0.0012224
0.00109661
0.0009536164
0.0006563537
0.0001350744
-0.000235051
-0.0003370984
-0.00032363
-0.000290243
-0.0004040942
-0.000411457
-0.0002396329
6.561806e-05
0.0006872757
0.001169358
0.001237093
0.0008746421
0.0002901402
-3.544916e-05
-0.0001039141
-9.609204e-06
0.0001201096
0.0002459084
0.00037583
0.0003384355
2.968944e-05
-0.0003305941
-0.0005963861
-0.0006174957
-0.0004231595
-0.0002008604
-8.03276e-05
-0.0001344553
-0.0003535261
-0.0003412405
-0.0003783092
-0.0005897734
-0.0006776259
-0.0006702186
-0.0007522027
-0.0008317341
-0.0005544648
3.912924e-05
0.0007644712
0.001495482
0.001910969
0.001936583
0.001660919
0.001268531
0.0008025171
0.0001817154
-0.0007414602
-0.001836933
-0.002540682
-0.002461486
-0.001836302
-0.0009505265
-4.046838e-05
0.0006433739
0.001206031
0.001576713
0.001732469
0.001741699
0.001539611
0.001224235
0.0007204657
-0.0001205831
-0.001100187
-0.001818985
-0.002042509
-0.00173887
-0.0008808579
0.0002512921
0.001415593
0.002297198
0.002630702
0.00263233
0.002554071
0.002312232
0.001737231
0.0006243444
-0.001061191
-0.002706538
-0.003833762
-0.004226849
-0.003890664
-0.002944686
-0.00164327
-0.0001881684
0.001175669
0.00204544
0.002161533
0.001867173
0.001664871
0.001895882
0.002298723
0.002441595
0.002404042
0.002292849
0.001899541
0.001281603
0.0006699396
0.0001812472
-0.0002409391
-0.0007385709
-0.001352721
-0.001864359
-0.002108374
-0.002245797
-0.002246199
-0.002165309
-0.002118322
-0.00188838
-0.001430335
-0.0008214263
-2.964413e-05
0.0008024505
0.00171343
0.002619354
0.003172288
0.003160974
0.002710615
0.001994601
0.0008508
-0.0006577183
-0.002212354
-0.003532141
-0.004346865
-0.004542945
-0.00428243
-0.003755544
-0.002775277
-0.001583192
-9.02801e-05
0.001450972
0.002907484
0.004281452
0.005238504
0.005575824
0.004952948
0.003557813
0.001854425
0.0002715676
-0.000658478
-0.001043673
-0.001133443
-0.0008659104
-0.0008152776
-0.001174007
-0.00184417
-0.002359014
-0.002144825
-0.001235892
8.165222e-05
0.001512243
0.002624719
0.003221342
0.003395062
0.003063443
0.001865361
3.697288e-05
-0.001882865
-0.003229983
-0.003670155
-0.003246794
-0.001937879
0.0001869233
0.002477844
0.004163768
0.005008191
0.004931345
0.00391535
0.002243511
0.000379273
-0.001219031
-0.002470288
-0.003382255
-0.003869308
-0.004205298
-0.004458118
-0.004284229
-0.003154984
-0.0009239866
0.001640815
0.003548382
0.004306578
0.00407223
0.003248503
0.001873399
0.0001983279
-0.001314033
-0.001838048
-0.001103058
0.0004330889
0.002059153
0.003248346
0.003894334
0.00391385
0.003112649
0.001214952
-0.001663923
-0.004607007
-0.00644419
-0.006681322
-0.005397247
-0.003236379
-0.0007075082
0.001729699
0.003521247
0.004469041
0.004498232
0.00386997
0.002647182
0.000907747
-0.001352255
-0.003833396
-0.005765754
-0.00642368
-0.005714441
-0.00456856
-0.003665669
-0.003051534
-0.002434192
-0.001609021
-0.0005841161
0.0005260427
0.001349415
0.00170838
0.001587112
0.001035549
0.0003615908
0.0002230776
0.001345613
0.003582058
0.005666204
0.006883244
0.006930892
0.006197102
0.005484157
0.004819308
0.003823518
0.002528925
0.001340231
0.0002177518
-0.001017047
-0.002251743
-0.003573586
-0.004974654
-0.005941259
-0.006156567
-0.005601658
-0.004626817
-0.003482277
-0.001996196
-0.0004744977
0.000805272
0.001546801
0.001638103
0.001409824
0.00101922
0.0007078876
0.0003150382
-0.0002610777
-0.0007875753
-0.0008902805
-0.0007195335
-0.0007631789
-0.0009237018
-0.001103748
-0.001335572
-0.001600863
-0.001765772
-0.001514127
-0.0007604819
0.0003317988
0.001687049
0.003056171
0.004223606
0.004860553
0.004647503
0.003787472
0.002734988
0.001952664
0.00184743
0.002354123
0.002950453
0.003269935
0.003138767
0.002611744
0.001690884
0.0006922547
6.565151e-05
-0.000455119
-0.00145323
-0.003034491
-0.005097502
-0.007259832
-0.008401336
-0.007653789
-0.005228532
-0.001920988
0.00141777
0.004408617
0.006736609
0.008199068
0.009047292
0.00912873
0.007998057
0.005929725
0.003708022
0.001906534
0.0005445927
-0.0009826195
-0.003125324
-0.005536147
-0.007445135
-0.008506212
-0.008598294
-0.007435087
-0.005141045
-0.002441674
1.866403e-06
0.001883251
0.003188338
0.004010099
0.004396347
0.004523983
0.004398589
0.003688902
0.002359154
0.0009478086
-0.0001772081
-0.0007250136
-0.0006803107
-0.0003794735
-2.617425e-05
0.0002530037
0.0002935776
0.0003257013
0.0004447446
0.0007868889
0.001116537
0.0007545179
-0.0007080191
-0.002749318
-0.004637931
-0.005766662
-0.005453661
-0.003318753
-0.0001210233
0.002921086
0.004846145
0.005155175
0.003895059
0.001903112
-0.0003901855
-0.00344201
-0.006710518
-0.009185021
-0.01003788
-0.008926114
-0.006604675
-0.004061734
-0.001826666
6.564029e-05
0.001921152
0.003324938
0.004150916
0.004709967
0.004837908
0.004696692
0.004581835
0.004564365
0.004524698
0.004336859
0.003823364
0.003009681
0.002244453
0.001600213
0.0008458505
-0.0002692149
-0.001423411
-0.002041248
-0.002262112
-0.002358797
-0.002477817
-0.00265605
-0.002642352
-0.002553713
-0.002757695
-0.003535664
-0.004714946
-0.005773399
-0.00630536
-0.006416205
-0.006076637
-0.004999
-0.002930487
0.0001528053
0.003168341
0.005122864
0.005933894
0.005915482
0.005112823
0.003497176
0.00125902
-0.001326028
-0.003794199
-0.005802077
-0.007006903
-0.007114988
-0.005980457
-0.003686324
-0.0007923382
0.002443025
0.005118396
0.006607158
0.007401065
0.007630824
0.007346657
0.006391723
0.004377033
0.001674477
-0.0006306635
-0.001759772
-0.001468864
-0.0001380223
0.001553237
0.002845707
0.002990289
0.002072597
0.0009286552
0.0002905838
0.0002423464
0.0004995847
0.0005999979
0.0001747206
-0.000425385
-0.0002954615
0.001094876
0.00339297
0.005900603
0.007951264
0.008806513
0.008315785
0.006492536
0.003504325
0.0001217105
-0.003013479
-0.005408114
-0.006555238
-0.006326814
-0.004902478
-0.002798
-0.0005041204
0.001555718
0.002942679
0.003278494
0.002715007
0.001416675
-0.000187408
-0.001602879
-0.002468331
-0.002841375
-0.003292665
-0.003962579
-0.004614514
-0.005143783
-0.005152321
-0.003810754
-0.001338674
0.001605284
0.003862915
0.004797089
0.004608619
0.003886187
0.002916286
0.001920693
0.0009640777
-0.0003943849
-0.002154479
-0.003640165
-0.004318675
-0.003778718
-0.002267468
-0.0006156715
0.0006033194
0.001367444
0.001738929
0.001474305
0.0005037849
-0.001249338
-0.003652384
-0.005807945
-0.006745407
-0.006326453
-0.005291741
-0.004215487
-0.003482483
-0.003298233
-0.00360515
-0.004264612
-0.005308669
-0.006920428
-0.008777022
-0.009826922
-0.009334872
-0.007510801
-0.005154585
-0.002762467
-0.0004142925
0.001552864
0.002871157
0.003026338
0.001774974
-0.000160258
-0.001811664
-0.00253537
-0.001888529
-0.0002174136
0.001857618
0.004132112
0.006176374
0.007212128
0.006359288
0.00363808
0.0003701664
-0.002472412
-0.004609412
-0.005821927
-0.005986529
-0.004794879
-0.002284616
0.0007296237
0.003441833
0.005216854
0.005623121
0.004959772
0.003694079
0.002093404
0.0005493707
-0.0007044468
-0.001418095
-0.001379809
-0.001030509
-0.0006571194
-0.0002881478
0.0002388632
0.001179745
0.002134286
0.002901436
0.003496135
0.003917282
0.004666272
0.005875086
0.007053176
0.008030637
0.008841703
0.009755532
0.01055565
0.01040309
0.009349493
0.007884748
0.006534099
0.005635417
0.004572838
0.003062401
0.001464696
-3.484848e-06
-0.001471607
-0.003113224
-0.004935295
-0.006968544
-0.009285689
-0.01164032
-0.01355948
-0.01467131
-0.01443526
-0.01245193
-0.009257225
-0.005581232
-0.001649126
0.001979997
0.004684537
0.006226365
0.006408491
0.005332116
0.002921312
-0.000155602
-0.002717487
-0.004113413
-0.004251541
-0.003467754
-0.001706077
0.0009851477
0.003938135
0.006300505
0.007709297
0.007871929
0.006670719
0.004392666
0.0009398607
-0.003125513
-0.006762624
-0.009052286
-0.009556625
-0.008277433
-0.00547236
-0.001286043
0.003600836
0.007865969
0.01019437
0.009946182
0.007380511
0.003482314
-0.0004864337
-0.003556584
-0.005235295
-0.005549131
-0.005214753
-0.00500207
-0.005095762
-0.00577111
-0.007573641
-0.01016538
-0.0125532
-0.01399495
-0.01418695
-0.01356485
-0.01230368
-0.01020205
-0.007466831
-0.004425825
-0.00131347
0.001482617
0.003839991
0.005711796
0.007189198
0.008246464
0.008330754
0.00726285
0.005095429
0.002404383
0.0003693125
-0.0003967702
3.701649e-05
0.00130228
0.002721727
0.00391529
0.004694903
0.005038376
0.004478348
0.003130174
0.001692642
0.0003980707
-0.0001108131
0.0003858651
0.001447899
0.002535374
0.002922581
0.002634111
0.002311308
0.002165029
0.001593115
-0.0001528372
-0.002794683
-0.005785973
-0.008440826
-0.009733437
-0.009374351
-0.007787785
-0.005706862
-0.00350989
-0.00144107
0.0004190225
0.001864843
0.002974182
0.004033253
0.004890459
0.005348508
0.00524343
0.005226083
0.005507769
0.005647161
0.005150964
0.004007501
0.002394355
0.0006042873
-0.001118055
-0.002414479
-0.003008532
-0.003297849
-0.003838645
-0.00489052
-0.006240519
-0.007048689
-0.006451043
-0.004362194
-0.001349558
0.001260866
0.002439751
0.00235561
0.001652375
0.0008960732
0.0008846557
0.001727885
0.00269342
0.002397216
2.990501e-05
-0.003661273
-0.007539011
-0.01063099
-0.01226328
-0.01230398
-0.01037357
-0.006482607
-0.001290891
0.004292148
0.009027699
0.01138681
0.01070843
0.007846649
0.004348749
0.001707081
0.0004263617
0.0001103183
0.0003646242
0.00134246
0.003317197
0.005933712
0.008345929
0.009977893
0.01032231
0.009515846
0.008177641
0.00685858
0.005619683
0.004328916
0.003266797
0.002423724
0.002110802
0.002832246
0.004419937
0.006333004
0.007739679
0.008200909
0.007784539
0.006676132
0.005221181
0.003630011
0.001975073
4.399859e-05
-0.002366228
-0.005465696
-0.008867159
-0.01200445
-0.01431938
-0.01523323
-0.01408912
-0.01098454
-0.00651549
-0.001352276
0.003099114
0.005832134
0.006395222
0.005398224
0.003960424
0.00253677
0.001240648
0.0001914321
-0.001008886
-0.00278479
-0.004718421
-0.005911209
-0.005437305
-0.002988301
0.000896329
0.005102694
0.008243433
0.00908933
0.007451978
0.00382375
-0.0005167182
-0.004375351
-0.006920825
-0.007916699
-0.007634399
-0.006853316
-0.006140193
-0.005363824
-0.004007686
-0.001734004
0.0007864933
0.003084262
0.004651089
0.005285375
0.005276395
0.005105765
0.004824113
0.004280704
0.003274486
0.001717336
-0.0001075453
-0.001984593
-0.003721296
-0.004795961
-0.005264025
-0.006116831
-0.007883149
-0.00979425
-0.0107137
-0.01030149
-0.00872603
-0.006497175
-0.004003107
-0.00129621
0.001224246
0.002984848
0.003589868
0.00314018
0.002028088
0.000658284
-0.0004101706
-0.001010096
-0.0009970743
-0.0004225646
0.0005527088
0.001577958
0.002125821
0.001929072
0.0009028648
-0.0007750266
-0.002381542
-0.003691236
-0.004361591
-0.004056723
-0.002676928
-0.0005500067
0.00178316
0.003419283
0.004233965
0.004671724
0.00489269
0.004902291
0.004334294
0.002990881
0.001368623
-0.0003023567
-0.001596986
-0.001869723
-0.0009366872
0.0006123784
0.002201276
0.003694567
0.005351612
0.007352418
0.009106244
0.01010573
0.01028313
0.009767157
0.008310174
0.006154247
0.004490776
0.004030384
0.004816307
0.006299859
0.007425537
0.007221849
0.005687283
0.003901241
0.003210965
0.003529434
0.003980237
0.003943901
0.003250378
0.00208239
0.0002745568
-0.002418963
-0.005686097
-0.008978334
-0.01153489
-0.01257052
-0.01184649
-0.00988529
-0.007642162
-0.005969945
-0.005266458
-0.005536403
-0.006433306
-0.007489526
-0.008137906
-0.008160596
-0.007757782
-0.007478985
-0.007458862
-0.007304539
-0.00688714
-0.00591584
-0.004283668
-0.002375206
-0.0007359007
0.0002292354
0.0006907733
0.001318419
0.002696582
0.005064651
0.007879142
0.01002897
0.01080576
0.01030031
0.008843342
0.00729821
0.005989035
0.004866304
0.003977885
0.00353655
0.003538303
0.003706881
0.003745345
0.00335562
0.002145676
0.0004216944
-0.0008635213
-0.001750203
-0.002644779
-0.003379244
-0.003798674
-0.003627593
-0.002840129
-0.002063977
-0.001662731
-0.001514019
-0.001286415
-0.0009905104
-0.0008879846
-0.001203773
-0.001929447
-0.002437358
-0.002467172
-0.00235259
-0.002534775
-0.003395789
-0.004721419
-0.005973206
-0.006527761
-0.006235284
-0.005432365
-0.004407962
-0.003205786
-0.001872108
-0.000648142
0.0005465017
0.00175471
0.003108921
0.005029379
0.007602421
0.01023908
0.01238485
0.01335788
0.01229927
0.009528365
0.005887757
0.002344396
-1.673777e-05
-0.0008467644
-0.0006156431
-0.0003039285
-0.000633254
-0.001442871
-0.00189666
-0.001547606
-0.0003924967
0.001347511
0.003233499
0.005013919
0.006189145
0.006767859
0.007053839
0.007432365
0.007964167
0.007901553
0.006964859
0.005326652
0.002719261
-0.0003076508
-0.002666786
-0.004145454
-0.004690433
-0.004241053
-0.00282154
-0.0006185134
0.001775228
0.003918412
0.005016524
0.00476927
0.003335564
0.001109821
-0.001232646
-0.003270776
-0.005051002
-0.006740152
-0.007959657
-0.008406535
-0.008010012
-0.006952439
-0.005337672
-0.003126737
-0.0005935597
0.001294889
0.002007544
0.001587473
0.000312469
-0.001543154
-0.003614794
-0.005206103
-0.006014358
-0.006619502
-0.007203207
-0.007548727
-0.007892408
-0.007897108
-0.00697548
-0.005564783
-0.004563543
-0.004543492
-0.005469077
-0.006672139
-0.007503539
-0.007449201
-0.006342578
-0.004480346
-0.002345231
-0.0003483767
0.001115221
0.00215526
0.002821501
0.00313723
0.003669528
0.004549287
0.005333906
0.005646366
0.005207043
0.003968873
0.001740453
-0.00143807
-0.004834078
-0.00759131
-0.008749659
-0.007723355
-0.005004569
-0.00145746
0.001907057
0.003962032
0.004348373
0.003789991
0.00264481
0.001283565
-3.857046e-05
-0.001098187
-0.001708949
-0.002173528
-0.002199109
-0.001359638
0.0003898564
0.002536609
0.003980981
0.003896378
0.00206426
-0.0009585751
-0.004288691
-0.007376153
-0.009786775
-0.01096965
-0.01027016
-0.007555418
-0.003369383
0.001143029
0.004875501
0.006922724
0.006804018
0.005201275
0.002548181
-0.0003893821
-0.002710232
-0.004276991
-0.005009482
-0.004618061
-0.003083949
-0.0008990232
0.001466683
0.003442733
0.00462981
0.00489315
0.003862022
0.001656347
-0.001487812
-0.005357827
-0.009349551
-0.01269288
-0.01459275
-0.0145257
-0.01245298
-0.008852234
-0.004471758
2.286151e-05
0.004069474
0.007010197
0.008631253
0.009119083
0.00874494
0.008126107
0.00764921
0.007490333
0.007840676
0.008308472
0.008476671
0.008002729
0.006596515
0.004226903
0.001758333
0.000758896
0.001849323
0.004569723
0.00773551
0.01037697
0.01223271
0.01307626
0.01254706
0.01077984
0.008059286
0.004946537
0.002067483
-0.0001821687
-0.001592158
-0.002199042
-0.002244802
-0.002110705
-0.001935778
-0.001329054
-0.0002776496
0.0007423193
0.001546391
0.001961217
0.001946672
0.001957363
0.002127403
0.002402621
0.00230791
0.001818537
0.001101558
-3.679629e-05
-0.00127682
-0.002342731
-0.00316338
-0.00353763
-0.003432624
-0.002935123
-0.001986261
-0.0007123753
0.000497625
0.001674078
0.002694836
0.003153734
0.003087515
0.002565079
0.002015874
0.002122462
0.003371948
0.005665413
0.008121694
0.009797554
0.01041004
0.01022775
0.009170848
0.00699101
0.003568892
-0.0008129147
-0.005700473
-0.01013197
-0.01313641
-0.01449
-0.01389539
-0.01179277
-0.009029105
-0.005998654
-0.003700391
-0.002889339
-0.003370999
-0.004857255
-0.006710945
-0.008123441
-0.008827383
-0.008279511
-0.006402442
-0.003799042
-0.001050093
0.0008711222
0.001527536
0.001290238
0.0003267951
-0.0008666142
-0.001774176
-0.002180924
-0.002399201
-0.003063196
-0.00419803
-0.005304816
-0.006127637
-0.006535503
-0.006070125
-0.004617902
-0.002793317
-0.0009127596
0.001054874
0.003372271
0.006021988
0.008040844
0.009019196
0.008938168
0.008305336
0.007737686
0.00712573
0.006578742
0.006015184
0.005528472
0.005459161
0.005571372
0.005319464
0.003977089
0.001505275
-0.001046076
-0.002996099
-0.004239002
-0.004652565
-0.004255938
-0.003704462
-0.003368194
-0.00318021
-0.002734872
-0.001721914
-0.0003655838
0.0009138371
0.001757495
0.002034078
0.001806982
0.001216774
0.0008163292
0.001070273
0.001898666
0.00317382
0.004636322
0.005851269
0.006532077
0.006768257
0.006836571
0.006909002
0.006861661
0.00660778
0.006484108
0.006438826
0.006052361
0.005428642
0.004998989
0.005077375
0.005596591
0.006155832
0.006505061
0.006303533
0.005074762
0.003123712
0.001028838
-0.0009919849
-0.002722586
-0.003821293
-0.004059907
-0.00331555
-0.002064599
-0.001003518
-0.0005243866
-0.0005689589
-0.00108479
-0.001935172
-0.002800434
-0.003426918
-0.004128144
-0.004680732
-0.004927171
-0.005089146
-0.005157473
-0.005177625
-0.00489417
-0.00401891
-0.002566943
-0.001003893
0.0002242825
0.0008702068
0.000575283
-0.0005044196
-0.001956476
-0.003163455
-0.003624124
-0.003270856
-0.002349612
-0.001388924
-0.0006864093
-0.0004712853
-0.001001364
-0.002424038
-0.004304748
-0.005827487
-0.006300323
-0.006001977
-0.005578285
-0.005435376
-0.005735635
-0.006196364
-0.007046143
-0.008181993
-0.009039507
-0.009301214
-0.008371293
-0.006233617
-0.003418608
-0.0004358867
0.002393305
0.00479664
0.006367879
0.006763341
0.005664637
0.003298516
0.000494325
-0.002081735
-0.004279973
-0.006048738
-0.007062324
-0.00699094
-0.005773753
-0.003496615
-0.0007229248
0.001868825
0.003920764
0.005479495
0.006435866
0.006416545
0.005341061
0.004084252
0.003347212
0.003175401
0.003296436
0.003403426
0.003474259
0.003755744
0.004107543
0.003970905
0.003499546
0.003145735
0.003007125
0.003091624
0.003250799
0.003289427
0.002908074
0.002154753
0.001462489
0.0008971957
0.0002509815
-0.0005337249
-0.001516275
-0.002520022
-0.003005051
-0.003242212
-0.003910962
-0.005195274
-0.006628276
-0.007609317
-0.007792681
-0.006830923
-0.005026015
-0.003171564
-0.001767995
-0.001036852
-0.001119073
-0.001867716
-0.002787262
-0.003431227
-0.003527293
-0.00333428
-0.002882595
-0.002196926
-0.001453142
-0.001075153
-0.001422063
-0.00237247
-0.003662917
-0.004665065
-0.004800839
-0.00345447
-0.001201308
0.001362448
0.003995905
0.005999585
0.007193237
0.007416297
0.007030431
0.006119994
0.004550989
0.002651123
0.0005305419
-0.002057826
-0.005546229
-0.009396316
-0.0124567
-0.01391112
-0.01362864
-0.01201553
-0.009580631
-0.006920854
-0.004371981
-0.001804836
0.0008334574
0.003333757
0.005085868
0.00622952
0.007465958
0.00866553
0.009763233
0.01111477
0.01286903
0.01453628
0.01529126
0.01466787
0.01305447
0.01115199
0.009723972
0.009261284
0.009404121
0.009328625
0.00823752
0.005805809
0.002180497
-0.002068355
-0.005935149
-0.008459619
-0.00925121
-0.008580195
-0.006752288
-0.00411033
-0.001130545
0.001235293
0.002341712
0.00225412
0.001343934
-0.0004478338
-0.002908593
-0.005645541
-0.008020585
-0.00958085
-0.01000618
-0.00933761
-0.008133604
-0.006835084
-0.005255155
-0.002971982
-9.627996e-05
0.002656324
0.004657523
0.005596233
0.005801985
0.005787039
0.00608145
0.006387021
0.006310945
0.005843633
0.004823086
0.003163551
0.001044042
-0.001164654
-0.003176652
-0.004779894
-0.005762414
-0.006199422
-0.006593619
-0.0068885
-0.006589352
-0.005589268
-0.004149333
-0.002714317
-0.00182279
-0.001192102
-0.000802201
-0.0006041727
-0.0004216371
-0.000496413
-0.00124441
-0.002412383
-0.003083251
-0.002653809
-0.001084851
0.001017899
0.002964444
0.003892411
0.003567145
0.002348448
0.0005165009
-0.001567672
-0.003506878
-0.004723038
-0.005126909
-0.004991883
-0.004849567
-0.005173379
-0.005749778
-0.00604301
-0.005543185
-0.004183729
-0.002282887
-0.0001659089
0.001673693
0.00298827
0.003449864
0.003006279
0.002143957
0.001016654
-0.0005465035
-0.002268774
-0.003464883
-0.003612451
-0.002819404
-0.001387544
0.0004617131
0.002525325
0.004718461
0.006777323
0.008230508
0.008440768
0.007894004
0.007298072
0.006705968
0.00606809
0.005229674
0.003869875
0.002329299
0.001213505
0.000325721
-0.0002865826
-0.0005998137
-0.0006360772
-5.010585e-06
0.001188367
0.002601831
0.004113185
0.005497111
0.006793648
0.007788554
0.007808827
0.006605869
0.004494304
0.00207753
0.0001958855
-0.0006901345
-0.0006743959
0.000176889
0.001798851
0.00367321
0.005034051
0.005846151
0.006338531
0.006786414
0.007253665
0.007382853
0.006877085
0.005898644
0.004767872
0.003582052
0.00263343
0.001899873
0.0009627416
-0.0009428246
-0.003551293
-0.00616049
-0.008314221
-0.009880678
-0.01093425
-0.01165434
-0.01209899
-0.0120197
-0.01099081
-0.008895424
-0.00615588
-0.003238866
-0.0002924578
0.002162748
0.003744934
0.00427878
0.003732342
0.002181186
0.000380167
-0.001750524
-0.003895506
-0.005133652
-0.00537955
-0.004822654
-0.003918667
-0.00289381
-0.002271342
-0.002303769
-0.00274932
-0.003386956
-0.003810367
-0.003447171
-0.002261618
-0.0004587093
0.001413542
0.002656059
0.003279192
0.003417294
0.003176715
0.002611206
0.001769699
0.0008643399
-2.636828e-05
-0.001013737
-0.002099745
-0.003294654
-0.004319233
-0.004911315
-0.004992781
-0.004405895
-0.003328053
-0.002386486
-0.002079252
-0.00209801
-0.002399765
-0.002849513
-0.003008243
-0.00278763
-0.002419885
-0.002115578
-0.001580158
-0.0007051176
0.0004457101
0.002072223
0.004078802
0.006100574
0.007937955
0.009569328
0.01099442
0.01213293
0.01264689
0.01212044
0.01032902
0.007562065
0.004201614
0.0006223147
-0.002831678
-0.005893492
-0.008225062
-0.009529903
-0.009525253
-0.008487119
-0.00688356
-0.00565749
-0.005320718
-0.005799144
-0.006477488
-0.006476783
-0.005214062
-0.003000083
-0.0007254339
0.001281302
0.002828355
0.004294187
0.005803179
0.00711707
0.00835304
0.009198387
0.009166827
0.008168268
0.006401998
0.004347601
0.002475715
0.0009886426
1.065941e-05
-0.0006504299
-0.001080748
-0.0007801883
0.0003334864
0.001725169
0.003041708
0.004080614
0.004839902
0.005334973
0.005464893
0.005285876
0.00475132
0.004098435
0.003559695
0.002623227
0.0006094573
-0.002355358
-0.00593795
-0.009112002
-0.01073466
-0.01070241
-0.009601122
-0.008687642
-0.008711614
-0.009399778
-0.0102108
-0.01056136
-0.009808997
-0.007898244
-0.005541091
-0.003381014
-0.001514577
0.0004793811
0.002770686
0.004873213
0.006190321
0.006571777
0.005659176
0.00387568
0.001908016
0.0002960046
-0.0009150393
-0.001907411
-0.002567554
-0.002535979
-0.001916983
-0.001439275
-0.001209986
-0.0009311678
-0.0009273796
-0.001258323
-0.00200066
-0.003045718
-0.004366706
-0.00589308
-0.00722519
-0.008215468
-0.008842849
-0.008917032
-0.00791993
-0.005961709
-0.003420754
-0.0009405417
0.0009977028
0.002364129
0.003058086
0.002966737
0.00211081
0.0006196267
-0.001424655
-0.003571385
-0.005546532
-0.007140251
-0.00836481
-0.009427969
-0.0102744
-0.01071297
-0.01099578
-0.01114717
-0.01106603
-0.01105047
-0.01129022
-0.01160482
-0.01160231
-0.01090553
-0.009566859
-0.008012202
-0.006506835
-0.005368848
-0.004388951
-0.003171889
-0.001806673
-0.0006769577
-0.0002438898
-0.001142837
-0.003153162
-0.0058418
-0.008945593
-0.01185685
-0.01416092
-0.01568623
-0.01648013
-0.01668032
-0.01616854
-0.01457986
-0.01198596
-0.009022233
-0.00635133
-0.004534605
-0.003722733
-0.00362402
-0.004170622
-0.00537898
-0.006516896
-0.007536387
-0.008618887
-0.009381858
-0.01005314
-0.01056617
-0.01101229
-0.01124017
-0.01142084
-0.01191482
-0.01262033
-0.01313927
-0.01329236
-0.01315443
-0.01284665
-0.01230218
-0.01152588
-0.01031182
-0.00856081
-0.006420899
-0.003982792
-0.001603951
0.0001706638
0.001527929
0.002392491
0.002772397
0.003422907
0.004620763
0.005912436
0.006971347
0.007843671
0.008700201
0.009728264
0.01081046
0.01203931
0.01338707
0.01468595
0.01606603
0.01755491
0.01914151
0.02037894
0.0210574
0.02148001
0.02192515
0.02231202
0.02244777
0.02269101
0.02326188
0.02370159
0.02396733
0.0243223
0.02485172
0.0253065
0.02554497
0.02510184
0.02353691
0.02075704
0.01727523
0.01371536
0.01040409
0.007399423
0.004730827
0.002958166
0.00242258
0.002883714
0.003668669
0.004884673
0.007082764
0.01029941
0.0139253
0.01719253
0.01953943
0.02087007
0.02122342
0.02072855
0.01964179
0.01848882
0.01842006
0.01979693
0.02243661
0.02612545
0.02995891
0.03323302
0.03593712
0.03761633
0.03834022
0.03831332
0.03746702
0.03589557
0.0336412
0.03017248
0.02476227
0.0172993
0.008236833
-0.0009053653
-0.00842727
-0.01383904
-0.01799055
-0.02193887
-0.02577629
-0.02923059
-0.03192546
-0.03357947
-0.03405141
-0.03345433
-0.03239702
-0.03172501
-0.03193147
-0.03292707
-0.03485563
-0.0373519
-0.03926993
-0.03944368
-0.03775185
-0.03548201
-0.03350152
-0.03165183
-0.03006113
-0.02953857
-0.03035182
-0.0318872
-0.03336751
-0.03452772
-0.03510387
-0.03497557
-0.03399671
-0.03171047
-0.02736381
-0.02065632
-0.01281401
-0.005636372
-0.0002888785
0.003023116
0.0044381
0.003904124
0.001083374
-0.003758002
-0.01011238
-0.01705755
-0.02348561
-0.02842504
-0.03172885
-0.03365816
-0.03396066
-0.03263288
-0.0301804
-0.02738925
-0.02450535
-0.02115385
-0.01673569
-0.0113119
-0.005417672
0.000187685
0.004374592
0.006431654
0.006973449
0.006904826
0.005969492
0.004345961
0.003050907
0.002679171
0.002935242
0.003202345
0.003499998
0.004749092
0.007560331
0.01156849
0.01543438
0.01767508
0.01789778
0.0157654
0.01118891
0.005387021
0.0001471102
-0.003683547
-0.006937052
-0.009832544
-0.01178364
-0.01237589
-0.01198081
-0.01149533
-0.01108131
-0.01015987
-0.008396294
-0.005905868
-0.00313723
-0.0004543322
0.001550888
0.002549366
0.002961747
0.003603598
0.004131713
0.004316317
0.004240911
0.00341002
0.001606565
-0.0008948898
-0.003615094
-0.006042514
-0.008184424
-0.01011322
-0.01215979
-0.01404298
-0.01527026
-0.01577598
-0.01508846
-0.01335079
-0.01173471
-0.01156584
-0.01272818
-0.01368299
-0.01337251
-0.01194887
-0.01048029
-0.01003304
-0.01090181
-0.01321626
-0.01698587
-0.02223405
-0.02836551
-0.03424749
-0.03918921
-0.04310471
-0.04610967
-0.0482918
-0.04955434
-0.04953172
-0.04901281
-0.04907903
-0.05000796
-0.05116704
-0.05192381
-0.05240815
-0.05252868
-0.05165585
-0.04892682
-0.04411489
-0.03730797
-0.02886762
-0.0194142
-0.009890114
-0.001414587
0.005119777
0.00929981
0.0110674
0.01074397
0.009495875
0.008241281
0.007122333
0.006367239
0.006203328
0.007128865
0.00978804
0.01469276
0.02116324
0.0283412
0.03542818
0.04206621
0.04821017
0.05384159
0.05843076
0.06168693
0.0635017
0.06373634
0.06235081
0.05978041
0.05629462
0.05174702
0.04527976
0.0358957
0.02323441
0.007889336
-0.008563004
-0.02422712
-0.03728982
-0.04658515
-0.0516898
-0.05262746
-0.04986098
-0.04424404
-0.03701001
-0.02918864
-0.02097104
-0.01258446
-0.005379745
-0.0009854858
0.0001157237
-0.001042465
-0.002846116
-0.004489597
-0.006206638
-0.007966417
-0.00885125
-0.007158224
-0.001907893
0.006526832
0.01754125
0.0300151
0.04300223
0.05563993
0.06686902
0.07654157
0.08544585
0.09369503
0.1006888
0.1066174
0.1113973
0.1152641
0.118184
0.1194486
0.1188665
0.1167521
0.1137334
0.1104568
0.1053816
0.09529045
0.07952475
0.06161904
0.04555855
0.03164895
0.01752842
0.002703485
-0.01011421
-0.01863279
-0.02389064
-0.02848278
-0.03266035
-0.03495236
-0.03470949
-0.03316015
-0.03140396
-0.02843073
-0.02324018
-0.01652484
-0.009338102
-0.001054355
0.009700298
0.02248162
0.03428784
0.04273003
0.04816468
0.05275539
0.05754048
0.06013879
0.05814474
0.05305077
0.04897093
0.04801586
0.04800328
0.04558802
0.04094012
0.0363693
0.0325222
0.02819256
0.02262748
0.01729571
0.01522664
0.01772048
0.0220567
0.02492481
0.02561069
0.02553434
0.0264857
0.02891501
0.03228614
0.03635329
0.04141119
0.04749465
0.05345433
0.05829371
0.06232337
0.0657265
0.06831124
0.06976052
0.0709846
0.07357503
0.0779564
0.0829796
0.08724763
0.08978377
0.09052431
0.08940344
0.08535854
0.076727
0.06276564
0.045285
0.02747798
0.012098
0.000497822
-0.007673152
-0.01436896
-0.02053292
-0.02535902
-0.02799379
-0.028513
-0.02826463
-0.0287734
-0.03045943
-0.03262599
-0.03424065
-0.03421404
-0.03355139
-0.03432186
-0.03711849
-0.0415025
-0.04532491
-0.04635569
-0.04450594
-0.04186109
-0.0410354
-0.04227548
-0.04390654
-0.04518945
-0.04680772
-0.04923735
-0.05286386
-0.05727731
-0.06168588
-0.06560099
-0.06831583
-0.06936038
-0.06907711
-0.06841091
-0.06757535
-0.0663219
-0.06485489
-0.06394788
-0.06391921
-0.06441423
-0.06445304
-0.06318217
-0.06016613
-0.05402589
-0.04361077
-0.0299422
-0.01633571
-0.006016414
0.0001058249
0.004163426
0.008827424
0.0138966
0.01666144
0.01618736
0.01529147
0.01702794
0.0213385
0.02604298
0.02978217
0.03292816
0.03606078
0.03883515
0.04116182
0.04369248
0.04605701
0.04622158
0.04224718
0.03510059
0.0275318
0.02014955
0.01163818
0.00135859
-0.009704143
-0.01907652
-0.02513318
-0.02882464
-0.03191147
-0.03472632
-0.03678483
-0.03709518
-0.03548732
-0.03290327
-0.03020939
-0.02795025
-0.02667819
-0.02675599
-0.02764754
-0.02805365
-0.02729548
-0.02578456
-0.02356206
-0.0196315
-0.01349294
-0.00642651
-0.0003156752
0.004135198
0.007425112
0.009558937
0.009023672
0.004632515
-0.002702077
-0.01023892
-0.01541166
-0.01794923
-0.01926919
-0.02024219
-0.02132321
-0.02266801
-0.02311662
-0.02076094
-0.01517939
-0.008626326
-0.005016494
-0.00700076
-0.01381315
-0.02120855
-0.02343726
-0.01862163
-0.01334947
-0.0157198
-0.0241532
-0.02883422
-0.02505367
-0.02008936
-0.02229202
-0.02838994
-0.02906592
-0.02261686
-0.01504148
-0.01037332
-0.007688315
-0.00647602
-0.008380957
-0.01209675
-0.0114812
-0.003209979
0.007911797
0.01356986
0.0109173
0.004193044
-0.003655616
-0.0128226
-0.0205376
-0.02154464
-0.01544313
-0.00840331
-0.005055675
-0.003833825
-0.002246251
-0.001455817
-0.003169444
-0.007626723
-0.01375752
-0.01968951
-0.02359443
-0.02489146
-0.02461734
-0.02545648
-0.02967012
-0.03605141
-0.04118095
-0.04287749
-0.04133187
-0.03790015
-0.03443973
-0.03328921
-0.03578686
-0.04031077
-0.04415992
-0.04603045
-0.04706249
-0.04906059
-0.05203425
-0.05423613
-0.05482179
-0.05452781
-0.05342992
-0.05051624
-0.04604109
-0.04059451
-0.03389847
-0.02558197
-0.01595026
-0.005850958
0.002656739
0.007838378
0.01075947
0.01442834
0.02013035
0.02584439
0.02871877
0.02809374
0.02635223
0.02785123
0.03477934
0.04348281
0.04676429
0.0413742
0.03192503
0.02678721
0.03062011
0.04086685
0.05148931
0.05829929
0.0606314
0.05941884
0.05546481
0.04948443
0.0417717
0.03206586
0.0209348
0.009134929
-0.004225529
-0.02012162
-0.03725252
-0.05151777
-0.05836571
-0.05785572
-0.05451711
-0.05202928
-0.05048778
-0.04823058
-0.04512657
-0.04253895
-0.04162917
-0.04249172
-0.04401247
-0.04434146
-0.04187458
-0.03574618
-0.02578358
-0.01413803
-0.004683109
0.0006587178
0.00406392
0.01008526
0.01992922
0.02915189
0.03212
0.02919405
0.02739522
0.03164155
0.03900114
0.04386293
0.04453124
0.0431111
0.04140347
0.03935821
0.03644967
0.03211356
0.02543795
0.01608403
0.005722434
-0.002528384
-0.007181164
-0.009633911
-0.01122309
-0.01314706
-0.01740477
-0.02506662
-0.0325516
-0.03256615
-0.02226447
-0.007953529
0.0004149651
0.0003568
-0.0009806087
0.003492753
0.01131535
0.0138897
0.009183215
0.003356446
0.001482794
0.003285463
0.007174584
0.01340715
0.02223515
0.03286029
0.04494074
0.0578956
0.06832355
0.07106674
0.06532913
0.05872819
0.06097
0.0737958
0.09016092
0.1022213
0.1070203
0.1052763
0.09862895
0.09015339
0.08319644
0.07881378
0.07486272
0.06810047
0.05772338
0.04617075
0.03637168
0.02846622
0.01990272
0.008602549
-0.003951134
-0.01408812
-0.01941562
-0.02017549
-0.01790717
-0.01396947
-0.009555933
-0.005758445
-0.004479358
-0.007047224
-0.01187173
-0.01622798
-0.01896594
-0.02121997
-0.02347983
-0.02467976
-0.02468465
-0.02501042
-0.02634012
-0.02757041
-0.0280405
-0.02843571
-0.02940107
-0.03046885
-0.03041834
-0.02889663
-0.02608469
-0.02232371
-0.01827201
-0.01416658
-0.009829244
-0.004906146
-0.000126246
0.003684144
0.006867427
0.01026369
0.01315942
0.01366555
0.01107655
0.006764789
0.002727385
-0.0005253831
-0.00319689
-0.005223225
-0.006631337
-0.007225972
-0.006657229
-0.004384897
-0.0004337639
0.003895231
0.00659849
0.006091018
0.002060623
-0.004073292
-0.01010447
-0.01470375
-0.01827268
-0.02236083
-0.02726018
-0.03229455
-0.03698461
-0.04178077
-0.04688979
-0.05196844
-0.05598055
-0.05785083
-0.05748741
-0.0550394
-0.05111816
-0.04678971
-0.04275931
-0.03911288
-0.03515698
-0.03041177
-0.02531958
-0.02111342
-0.01920681
-0.01970453
-0.02067931
-0.0200403
-0.01725182
-0.01334615
-0.009924581
-0.007723805
-0.006564366
-0.005771507
-0.00503124
-0.004448185
-0.004431406
-0.005111828
-0.006945991
-0.01022534
-0.01395234
-0.01669537
-0.0176975
-0.01786565
-0.01859523
-0.02015528
-0.02215
-0.02417358
-0.02614806
-0.02799304
-0.02943481
-0.0304729
-0.03117825
-0.03179003
-0.03303971
-0.035262
-0.03718488
-0.03702966
-0.0351007
-0.03288192
-0.03045612
-0.02703798
-0.02240947
-0.01726802
-0.01242486
-0.007870986
-0.002695935
0.003321991
0.009346981
0.01484986
0.01892757
0.02100441
0.02131007
0.02117346
0.02258447
0.02628826
0.03141681
0.03556639
0.03690324
0.03597669
0.03482841
0.03470204
0.03528525
0.03558533
0.03560432
0.03556655
0.03467944
0.03175471
0.02646135
0.01993725
0.01348206
0.007916911
0.003257885
-0.0007133318
-0.003500277
-0.005471491
-0.007111739
-0.008143615
-0.008520498
-0.008737964
-0.009511826
-0.01040696
-0.01004269
-0.008578799
-0.007785656
-0.008330449
-0.009180905
-0.00952611
-0.00980759
-0.01091733
-0.01242791
-0.01390239
-0.01539707
-0.01737808
-0.02013671
-0.02308149
-0.02480663
-0.02454171
-0.02199423
-0.01699484
-0.009978232
-0.002330562
0.004829555
0.01121666
0.01697568
0.02243218
0.02797944
0.03408186
0.04091045
0.04844864
0.0561553
0.06320553
0.06912091
0.07404099
0.07836226
0.08247549
0.08594416
0.08831929
0.08946139
0.08953774
0.08905147
0.08824903
0.08679841
0.08407064
0.07975303
0.07411328
0.06746954
0.06046014
0.0535938
0.04707867
0.04047291
0.03319406
0.02551966
0.01815985
0.01224896
0.008360528
0.00629391
0.005294223
0.004560497
0.003996101
0.00381852
0.003789734
0.003647774
0.003366998
0.00309421
0.002881685
0.002734211
0.002661617
0.003024243
0.00419028
0.005782305
0.007457901
0.009260659
0.01107194
0.01233574
0.01225505
0.01041239
0.006447487
0.0009347556
-0.004526353
-0.008619138
-0.01083661
-0.01145184
-0.01093062
-0.008843725
-0.004821272
-0.0002093965
0.002120606
0.0003601585
-0.003719788
-0.007246386
-0.009517864
-0.01116586
-0.01268919
-0.01353956
-0.01274768
-0.01078894
-0.008793223
-0.007708869
-0.007642851
-0.00782881
-0.00791237
-0.008500328
-0.009501629
-0.009785692
-0.008475247
-0.005609312
-0.002309458
0.0002481064
0.001697664
0.002107436
0.002371354
0.002866351
0.002804805
0.0009132956
-0.003390033
-0.009073185
-0.01408517
-0.01730287
-0.01887645
-0.01900696
-0.01805005
-0.01710676
-0.01726933
-0.01897211
-0.02114115
-0.02253293
-0.02271198
-0.02144643
-0.0192594
-0.0164906
-0.01300467
-0.00905354
-0.005193001
-0.002886485
-0.003326578
-0.005828812
-0.008471116
-0.01025602
-0.01123584
-0.01150951
-0.01167725
-0.01216232
-0.01348734
-0.01677665
-0.02268051
-0.03069974
-0.03848371
-0.04424155
-0.04800272
-0.05141887
-0.05580334
-0.06029625
-0.0640379
-0.06745915
-0.07141424
-0.07628478
-0.08203294
-0.08842409
-0.09462139
-0.09943552
-0.1026323
-0.1041875
-0.1033134
-0.09931934
-0.09244119
-0.08314605
-0.07183045
-0.05930859
-0.0463292
-0.03400491
-0.02370253
-0.01622167
-0.01155373
-0.009328507
-0.008883927
-0.009257375
-0.009280856
-0.008335983
-0.006134437
-0.002351009
0.002871302
0.009162025
0.01584695
0.0222015
0.0281087
0.03363883
0.03848963
0.04250648
0.0455281
0.04787074
0.04995146
0.05190219
0.05397786
0.05636975
0.0591087
0.06171603
0.06389593
0.06577946
0.06787578
0.0706326
0.07362831
0.07594108
0.07720878
0.07738528
0.07650875
0.07487324
0.0726581
0.06943971
0.06534071
0.06111591
0.05720832
0.05372022
0.04999935
0.04533312
0.03981406
0.0337062
0.02740869
0.02091866
0.013956
0.006695054
-0.0005265379
-0.00776722
-0.01466921
-0.02078213
-0.02626503
-0.03085281
-0.03372111
-0.03431034
-0.0323199
-0.02816896
-0.02308413
-0.01779649
-0.0123657
-0.006688351
-0.0004153884
0.006576108
0.01384131
0.01978248
0.02313039
0.02394868
0.02269456
0.02057489
0.0189866
0.01817748
0.0170854
0.01451359
0.01024843
0.005205016
0.0004601298
-0.003526627
-0.006666842
-0.009166093
-0.01121685
-0.01300664
-0.01480535
-0.01626691
-0.01643767
-0.01501529
-0.01251148
-0.009848978
-0.007681253
-0.00592957
-0.004280873
-0.002557806
-0.0009948513
-0.000226349
-0.0007012302
-0.002085692
-0.002782267
-0.001126698
0.003051282
0.008572072
0.01348251
0.0164559
0.01817129
0.01987942
0.02227481
0.02492388
0.02685202
0.02837668
0.02992046
0.03183564
0.03459058
0.03778202
0.04061046
0.04282256
0.04471463
0.04602571
0.04624831
0.04527076
0.04368813
0.04203855
0.04015856
0.03792921
0.03484484
0.03088372
0.02666972
0.02272488
0.01896798
0.01517201
0.01144696
0.007540966
0.00412816
0.002106488
0.001666956
0.002256085
0.003570857
0.005323596
0.006916709
0.008232719
0.009328958
0.01042471
0.01198004
0.01432997
0.01729381
0.02070432
0.02419865
0.02667213
0.02755603
0.02641783
0.02351668
0.01986173
0.01650734
0.01420501
0.01275226
0.01163991
0.01068858
0.00991549
0.008830261
0.006967934
0.004775783
0.00238727
-0.0001210717
-0.002694379
-0.005331376
-0.007777943
-0.009797921
-0.01148933
-0.01249027
-0.01227908
-0.01118623
-0.009996914
-0.00930514
-0.009314105
-0.00973585
-0.01011855
-0.009788348
-0.008340517
-0.005999795
-0.003615571
-0.001636745
0.0003433237
0.003003595
0.006776365
0.0113111
0.01602511
0.02068124
0.0248579
0.02842015
0.03155387
0.03358763
0.03383694
0.03281352
0.03157314
0.03092621
0.03094859
0.03145843
0.03246439
0.03393181
0.03531297
0.03654177
0.0378214
0.03963652
0.04221099
0.04463864
0.04549191
0.04404141
0.04142322
0.03999708
0.04148497
0.04423298
0.04502334
0.04251824
0.03809601
0.03351759
0.02880283
0.02399099
0.02017819
0.01877339
0.02013123
0.02271817
0.02469122
0.02516071
0.02330468
0.01875488
0.0123241
0.005090767
-0.001183046
-0.005047414
-0.006533141
-0.007516558
-0.01015257
-0.01465744
-0.01895859
-0.02088275
-0.02044268
-0.01951295
-0.01992366
-0.02210988
-0.02565831
-0.02945933
-0.03228711
-0.03396698
-0.0350752
-0.03607795
-0.03739195
-0.0391336
-0.04135052
-0.04469085
-0.04901392
-0.05280661
-0.05446456
-0.05399731
-0.05323458
-0.05368034
-0.05570417
-0.05894804
-0.06230764
-0.06491891
-0.06648169
-0.06689239
-0.06620512
-0.06401937
-0.06048412
-0.05675249
-0.05378694
-0.05167411
-0.05056965
-0.05063718
-0.05174248
-0.05294333
-0.05326215
-0.05272022
-0.05266467
-0.05397661
-0.05523527
-0.05477371
-0.05330408
-0.05251987
-0.05298192
-0.05437203
-0.05669609
-0.05957612
-0.06231098
-0.06447611
-0.06608169
-0.06728937
-0.0682419
-0.06870197
-0.06863818
-0.06859797
-0.06891169
-0.06964437
-0.07069692
-0.07170474
-0.0721558
-0.07184875
-0.07079032
-0.06905273
-0.06672465
-0.06362076
-0.05981482
-0.05587551
-0.05190156
-0.04791362
-0.04382548
-0.03944874
-0.03452924
-0.02890057
-0.0228597
-0.01695258
-0.01175216
-0.007234902
-0.003218165
0.0004169047
0.003336039
0.005147574
0.005766224
0.005261499
0.004012809
0.002274924
8.294894e-06
-0.002867267
-0.006166774
-0.009813034
-0.01299604
-0.01489701
-0.01547082
-0.01505393
-0.01405047
-0.01319536
-0.01301407
-0.01334223
-0.01376355
-0.01410721
-0.01401762
-0.01326992
-0.01215009
-0.01080524
-0.009159705
-0.00726315
-0.005390349
-0.003782156
-0.002376761
-0.001186794
-0.0004059545
-0.0002007898
-0.0007498441
-0.001707963
-0.002352988
-0.00261813
-0.003032112
-0.003604906
-0.00427668
-0.005209088
-0.006397084
-0.007581115
-0.008727375
-0.01008302
-0.01189827
-0.01412406
-0.01633001
-0.01799059
-0.01893016
-0.01912521
-0.01873413
-0.01760602
-0.01620843
-0.01480189
-0.01300709
-0.01083666
-0.00840324
-0.005504667
-0.002209984
0.00116605
0.004317409
0.007012837
0.009345244
0.01151649
0.0136061
0.01576803
0.01806144
0.02051156
0.02334068
0.02601561
0.02827531
0.03008538
0.03065805
0.02992596
0.02875301
0.02793832
0.02726127
0.0265866
0.02581039
0.02509753
0.02474831
0.02480747
0.02517765
0.02551634
0.02592846
0.02691164
0.02889103
0.03168643
0.03475299
0.03796012
0.04094473
0.04312547
0.04440771
0.04512623
0.045419
0.04560406
0.04590877
0.0465029
0.04767484
0.04915144
0.05077711
0.05228864
0.0533561
0.05387721
0.05388632
0.05365787
0.0534038
0.05293562
0.05218383
0.05131761
0.05015775
0.04880464
0.04709627
0.04500972
0.04277499
0.04023596
0.03748891
0.03488577
0.03228158
0.02987028
0.02754481
0.02511554
0.02253746
0.02001719
0.01755129
0.01503532
0.01255394
0.01000958
0.007382945
0.004808074
0.002568808
0.0009683872
-5.12932e-07
-0.0005692919
-0.0008978681
-0.0009961436
-0.0009886947
-0.000895683
-0.0008029999
-0.001089224
-0.001577587
-0.001643983
-0.001457986
-0.00109954
-0.0005475156
-1.362475e-05
0.0003427306
0.0008999467
0.002128247
0.003830447
0.005609537
0.00647512
0.006020895
0.005180109
0.004610163
0.004367865
0.004345261
0.004465727
0.005269464
0.006983974
0.0091537
0.011608
0.01437837
0.01735187
0.02041948
0.02344285
0.02648286
0.02942288
0.03178448
0.03312431
0.03358805
0.03356377
0.03287549
0.03131742
0.02934152
0.02766861
0.02658634
0.02563992
0.02433074
0.02249278
0.02014892
0.01725887
0.01405263
0.01057076
0.007039586
0.003478867
-0.000134979
-0.003259087
-0.005753423
-0.00761584
-0.00884848
-0.009801453
-0.01067222
-0.01113891
-0.01134628
-0.01189421
-0.01261589
-0.01326278
-0.014173
-0.01550473
-0.01690128
-0.01807285
-0.01924081
-0.02068405
-0.02229961
-0.02371877
-0.02463809
-0.02516973
-0.02556087
-0.02622015
-0.02717
-0.02840245
-0.02977559
-0.03094054
-0.0319516
-0.03306319
-0.0341997
-0.03521514
-0.03594762
-0.03639934
-0.03661408
-0.03637826
-0.03561441
-0.03444494
-0.0331852
-0.032407
-0.03192331
-0.03106376
-0.02955976
-0.02776436
-0.02626004
-0.02557448
-0.02581412
-0.02664828
-0.02737198
-0.02730382
-0.02679835
-0.02667385
-0.02730514
-0.0281965
-0.02836032
-0.02755166
-0.02639677
-0.02499517
-0.02283779
-0.02009374
-0.0174664
-0.01543996
-0.01421771
-0.01412224
-0.01542845
-0.0177896
-0.02032159
-0.02194697
-0.02245878
-0.02254461
-0.02266513
-0.02321358
-0.02402627
-0.02443701
-0.02405009
-0.0227088
-0.02062632
-0.01838707
-0.01644208
-0.01449613
-0.01204827
-0.009464715
-0.007442317
-0.006390719
-0.006168134
-0.006398155
-0.007275541
-0.008573252
-0.009907059
-0.01144769
-0.01290962
-0.01326784
-0.01196183
-0.009153085
-0.005650843
-0.002339438
0.0002448233
0.001699297
0.002139218
0.001742475
0.001008351
0.00019797
-0.0006392947
-0.001510918
-0.002280669
-0.00290959
-0.003464783
-0.003988767
-0.004243392
-0.004220932
-0.003707014
-0.002468949
-0.0007784415
0.0008931076
0.002073776
0.002738298
0.003130999
0.003369185
0.003566193
0.004268431
0.00564224
0.007535031
0.009865271
0.01231099
0.01479371
0.017436
0.0201141
0.02298594
0.02633285
0.02983909
0.0332157
0.03623235
0.0384582
0.03965977
0.03990935
0.039678
0.03946459
0.03940839
0.03928541
0.03882833
0.03847091
0.03830236
0.03863525
0.03971869
0.04099888
0.04220213
0.04303701
0.04339343
0.04319498
0.04243203
0.04135652
0.04029008
0.03961639
0.0393361
0.03920444
0.03916939
0.03904838
0.03871867
0.03810803
0.03706444
0.03576816
0.03426572
0.03257087
0.03089549
0.02920781
0.02756378
0.02574845
0.0236339
0.02116073
0.01812634
0.01457537
0.01082216
0.007098511
0.003397153
-0.000225205
-0.003834726
-0.007085471
-0.009579138
-0.01125812
-0.01218145
-0.01230796
-0.01175018
-0.01063911
-0.009367534
-0.008015308
-0.006381739
-0.004715069
-0.002960883
-0.00089557
0.001310769
0.003496568
0.00552032
0.007425515
0.008920605
0.009604095
0.009441295
0.008810081
0.007879522
0.007018425
0.006581134
0.006585525
0.00684578
0.006986898
0.006671805
0.005906599
0.004634662
0.002857179
0.0007974844
-0.001282697
-0.003378501
-0.005477967
-0.007239694
-0.008315318
-0.008653524
-0.00885043
-0.009072586
-0.009257395
-0.009550941
-0.009992238
-0.01070659
-0.01170144
-0.01309025
-0.01475777
-0.01649248
-0.01794742
-0.01905525
-0.01968643
-0.02009507
-0.02030022
-0.02010943
-0.01971135
-0.01922687
-0.01869605
-0.01805741
-0.01715709
-0.01606828
-0.01489371
-0.01354051
-0.01205195
-0.01061843
-0.009202606
-0.007906093
-0.007013936
-0.00640539
-0.005939016
-0.005665671
-0.00558894
-0.005575621
-0.005425245
-0.005274907
-0.005152461
-0.005258089
-0.005613476
-0.006082506
-0.006845903
-0.007936394
-0.008758847
-0.009346149
-0.009953033
-0.01055871
-0.0111134
-0.01172671
-0.01246768
-0.01311078
-0.01342512
-0.01371714
-0.01429763
-0.01494155
-0.01548285
-0.01556762
-0.01510527
-0.01413987
-0.01258493
-0.01070272
-0.008768723
-0.006861309
-0.005129064
-0.003537069
-0.002080955
-0.001002165
-0.0003999781
-0.0001612034
-0.0003342499
-0.0008437535
-0.001558034
-0.002072106
-0.002378215
-0.002459831
-0.001881104
-0.001058313
-0.000543763
-2.425779e-05
0.0002770384
8.084323e-05
-0.0003798414
-0.0009222966
-0.001414095
-0.001691402
-0.001753381
-0.001731798
-0.001571917
-0.001431176
-0.001380267
-0.001521889
-0.001636983
-0.001611165
-0.001651447
-0.001707956
-0.001649843
-0.001600319
-0.001783029
-0.002109026
-0.002439388
-0.002805209
-0.003128336
-0.003610601
-0.004065728
-0.004515936
-0.00492982
-0.005290196
-0.005652534
-0.00580345
-0.005888827
-0.006086984
-0.006238662
-0.006342717
-0.006567542
-0.006913257
-0.007198411
-0.007532306
-0.007844347
-0.008232358
-0.008731959
-0.009358841
-0.01005512
-0.01064087
-0.01116679
-0.01166629
-0.01215746
-0.01261477
-0.01310663
-0.01376641
-0.01441378
-0.01510473
-0.01584544
-0.01631326
-0.01643869
-0.01614456
-0.01542861
-0.01460826
-0.01385526
-0.01330672
-0.01288289
-0.01278413
-0.01289645
-0.0131938
-0.01367537
-0.01420247
-0.01483766
-0.01560607
-0.01625416
-0.01700583
-0.01761815
-0.01800264
-0.01834664
-0.0182944
-0.01782735
-0.01709918
-0.01577658
-0.01399054
-0.01194448
-0.009679221
-0.007307585
-0.004826821
-0.002528035
-0.0006593923
0.0009684662
0.002542542
0.004170452
0.005845989
0.007282244
0.008597066
0.01015965
0.01151111
0.0123043
0.01264744
0.01253993
0.01212359
0.01128502
0.009896259
0.007855723
0.004994409
0.001424803
-0.002659017
-0.007134292
-0.01147683
-0.01514135
-0.01790079
-0.01964085
-0.02028849
-0.02000049
-0.01907926
-0.01791086
-0.01666401
-0.01543701
-0.01422248
-0.01347535
-0.01312137
-0.01283536
-0.01249972
-0.01205975
-0.01144641
-0.01040319
-0.008981116
-0.007237677
-0.005360972
-0.003697478
-0.002140122
-0.000709799
0.0005830325
0.001927056
0.003044589
0.003664016
0.003715125
0.003168331
0.002124364
0.0009236348
-2.827622e-05
-0.0005160573
-0.0005448238
-0.0003260498
0.0002675254
0.001175558
0.002299726
0.003418811
0.004326172
0.004819829
0.004681185
0.003803397
0.002226195
6.498779e-05
-0.002125029
-0.003828173
-0.00477768
-0.004816463
-0.004287949
-0.003481386
-0.002699593
-0.001919028
-0.001431835
-0.001299763
-0.001333217
-0.001742397
-0.002471015
-0.003361882
-0.004113585
-0.004834376
-0.005934043
-0.007112342
-0.008228072
-0.009357927
-0.01061667
-0.01180123
-0.01243013
-0.01211145
-0.01093188
-0.009021658
-0.006612593
-0.00415074
-0.001786672
0.0006868042
0.003451797
0.006299728
0.008944552
0.01118763
0.01308831
0.01473592
0.01620206
0.01728663
0.01792211
0.01819418
0.01829867
0.01826263
0.01789041
0.0170836
0.01595857
0.01413518
0.01173604
0.009582936
0.007977452
0.006644499
0.005488771
0.004709423
0.004246964
0.003674842
0.002781459
0.001770972
0.001235836
0.001433613
0.002065904
0.003024841
0.004086715
0.004756675
0.004990781
0.004884694
0.004891538
0.005006874
0.00533826
0.005916351
0.006638566
0.007902421
0.009701959
0.01184391
0.01402374
0.01586046
0.01721493
0.01812759
0.01857624
0.01878018
0.01917762
0.01974927
0.02044938
0.02128961
0.02248211
0.02374378
0.02484213
0.02574955
0.02646365
0.0271943
0.02809639
0.02887579
0.0294169
0.02966382
0.02944649
0.02889743
0.02853563
0.02857452
0.02897348
0.0294829
0.0298359
0.02978878
0.02920853
0.02821993
0.02714105
0.02598655
0.02474727
0.02344834
0.02205274
0.02095556
0.02018782
0.01960481
0.01947039
0.01943369
0.01921017
0.01866114
0.01795717
0.01739043
0.0168208
0.01611473
0.01551761
0.01505085
0.01432673
0.01333994
0.01234041
0.01137279
0.01074243
0.01052301
0.01064855
0.01120979
0.01195116
0.01270852
0.01357966
0.01466042
0.01600646
0.01714724
0.01762797
0.01774546
0.01747249
0.01684346
0.01617597
0.01533384
0.01448117
0.0136842
0.01284539
0.01220079
0.01156366
0.01053744
0.00892041
0.006557458
0.003892344
0.001381366
-0.0006340634
-0.002126393
-0.003580849
-0.005138652
-0.006890157
-0.008946223
-0.01114674
-0.01300685
-0.01448513
-0.01574842
-0.01666542
-0.01713374
-0.01745528
-0.01789153
-0.01810032
-0.01802509
-0.01754135
-0.01664029
-0.01593223
-0.01567241
-0.01572495
-0.01583385
-0.01566643
-0.01523364
-0.01445356
-0.01318568
-0.01136349
-0.00942425
-0.007455273
-0.005652619
-0.004111674
-0.002663009
-0.00157426
-0.001052473
-0.001166648
-0.001770926
-0.002738872
-0.004248048
-0.006386469
-0.008626793
-0.01044295
-0.01150806
-0.01197446
-0.01213659
-0.01178716
-0.01106941
-0.01004479
-0.009018008
-0.008322318
-0.00822917
-0.008759997
-0.009674902
-0.0106526
-0.01171249
-0.01277016
-0.01359862
-0.01401416
-0.01394959
-0.01337823
-0.01266991
-0.01193836
-0.01080381
-0.009437665
-0.008333334
-0.007659503
-0.007558418
-0.007948222
-0.008674644
-0.00951286
-0.01034542
-0.01126034
-0.01231712
-0.01358766
-0.01477592
-0.01588949
-0.01714425
-0.01845238
-0.0195772
-0.0203437
-0.02088842
-0.02122024
-0.02127197
-0.02116763
-0.02083411
-0.02013194
-0.01899929
-0.0176355
-0.01625949
-0.01487064
-0.01328896
-0.01149212
-0.009565693
-0.007883313
-0.00631778
-0.004656782
-0.003290949
-0.002175451
-0.0008732702
0.0002761186
0.001259913
0.002258524
0.00347178
0.004948857
0.006492932
0.0079704
0.009429782
0.01060803
0.01149615
0.01229118
0.01296113
0.01352881
0.01384806
0.0139215
0.01383235
0.01351258
0.01283188
0.01167886
0.01031383
0.008647988
0.006399418
0.003842218
0.001606028
-0.0001044547
-0.001508355
-0.002461664
-0.002849126
-0.002901183
-0.003112119
-0.003531161
-0.003995387
-0.004437714
-0.004729608
-0.004865666
-0.004846699
-0.00486884
-0.005091886
-0.005556516
-0.006021897
-0.006452962
-0.007127563
-0.007922116
-0.008788857
-0.009693853
-0.01033571
-0.01082037
-0.01087736
-0.01053742
-0.009835326
-0.008617055
-0.007075265
-0.005215485
-0.003215198
-0.001049181
0.0007557807
0.002019447
0.002633001
0.002565662
0.002063573
0.001014705
-0.0002638126
-0.001544444
-0.002604504
-0.003255454
-0.003742151
-0.004239977
-0.004866945
-0.005912779
-0.007190945
-0.008515963
-0.009939669
-0.01129524
-0.01246769
-0.01342813
-0.01409325
-0.01455651
-0.01493443
-0.01504855
-0.01480045
-0.0143164
-0.0141032
-0.01427112
-0.01461544
-0.01505804
-0.01552093
-0.01601495
-0.01619923
-0.01566976
-0.01456878
-0.01296567
-0.01091295
-0.008489593
-0.006012683
-0.003642594
-0.001227681
0.0009610618
0.002490388
0.003363744
0.003787943
0.003629058
0.002746809
0.001550706
0.0002631267
-0.001338024
-0.00305179
-0.004516256
-0.005714591
-0.006720954
-0.0075287
-0.008238862
-0.008464905
-0.00824257
-0.007619049
-0.006618465
-0.005487296
-0.004388278
-0.003587953
-0.003192833
-0.002945025
-0.002984361
-0.003107756
-0.002675461
-0.001890357
-0.0009734064
4.43405e-05
0.001096327
0.002144778
0.003013912
0.003559084
0.003970924
0.004161691
0.004068712
0.004068568
0.004181816
0.004484269
0.005237973
0.00617689
0.00714885
0.008276732
0.009280332
0.01024766
0.01114483
0.01207669
0.01272018
0.01283103
0.01282892
0.01290005
0.01294767
0.01325432
0.01399929
0.01504098
0.01628088
0.01735827
0.01818289
0.01885734
0.01906814
0.01896311
0.01880576
0.01871217
0.01863426
0.01846682
0.01794351
0.01698459
0.01557223
0.01382889
0.01232253
0.01112367
0.01017665
0.009729298
0.009637574
0.009901758
0.01059075
0.01154893
0.01267448
0.01380121
0.01481263
0.0156359
0.01632282
0.01700485
0.01783559
0.01869284
0.01970689
0.02086565
0.02190571
0.02263126
0.02302287
0.02311172
0.02281185
0.02230542
0.02175288
0.02093372
0.01984516
0.0184946
0.01659676
0.0142472
0.01189478
0.009209803
0.006434349
0.004190576
0.002430754
0.0009187807
-0.0003841663
-0.001389265
-0.002042579
-0.002488969
-0.002763419
-0.002880832
-0.002725796
-0.002292503
-0.001891646
-0.001567642
-0.001394252
-0.001546264
-0.001868621
-0.002433255
-0.003174678
-0.004003083
-0.004772846
-0.005377202
-0.006117869
-0.006946165
-0.007845189
-0.008687641
-0.009595561
-0.01060709
-0.01155848
-0.01238978
-0.01293307
-0.01310061
-0.01284208
-0.01205804
-0.01111104
-0.01024265
-0.009558757
-0.009185115
-0.009123661
-0.009592152
-0.01048436
-0.01148819
-0.01253827
-0.01345743
-0.01401058
-0.01440982
-0.0147531
-0.01511133
-0.01567262
-0.01631154
-0.01689715
-0.01737308
-0.01760426
-0.01730765
-0.01659911
-0.01556099
-0.01424992
-0.01273234
-0.01095238
-0.009050526
-0.006968419
-0.004792672
-0.002915517
-0.001147453
0.0002862213
0.001404159
0.002277829
0.002700913
0.00313128
0.003528056
0.003854619
0.004279803
0.004638173
0.004890412
0.005368965
0.005873893
0.006411494
0.006936264
0.00720457
0.007256942
0.007307853
0.007645645
0.008394985
0.009341848
0.01037262
0.01139801
0.01227236
0.01287293
0.0129763
0.01253165
0.01170042
0.01048966
0.009080507
0.007904123
0.007089247
0.006370651
0.005895235
0.005826536
0.006052395
0.006307151
0.006773064
0.007426583
0.007931146
0.00818216
0.008221203
0.008123817
0.008099285
0.008366386
0.0090837
0.01013237
0.01120539
0.01204503
0.01249439
0.01224572
0.01137572
0.01035378
0.009388317
0.00868109
0.008398396
0.008481008
0.008977039
0.00981269
0.01061118
0.01104987
0.01097863
0.01029794
0.009108481
0.007602498
0.005757859
0.003496565
0.0007758402
-0.002198312
-0.005323617
-0.008338209
-0.01135062
-0.0142884
-0.01684619
-0.01887366
-0.02050038
-0.02199384
-0.02356214
-0.02507764
-0.02645016
-0.02782764
-0.02925474
-0.03067702
-0.03209585
-0.03358228
-0.03496691
-0.03628395
-0.03738776
-0.0382472
-0.03885982
-0.03926422
-0.03942967
-0.03944857
-0.03915309
-0.03869515
-0.0382237
-0.0376502
-0.03688007
-0.03607083
-0.03542712
-0.03494442
-0.0345207
-0.03429821
-0.03418121
-0.03400346
-0.03377565
-0.03348063
-0.03311828
-0.03289708
-0.03264474
-0.03213522
-0.03140977
-0.03049636
-0.02947213
-0.02823625
-0.02708886
-0.02644029
-0.02569748
-0.02436675
-0.02298786
-0.0217294
-0.02059814
-0.01962545
-0.01871924
-0.01787189
-0.01677631
-0.01536306
-0.01376713
-0.01185985
-0.009776428
-0.007692193
-0.005674153
-0.00386351
-0.002339506
-0.000816859
0.0008101579
0.00201579
0.002679183
0.003062659
0.00327053
0.003277339
0.003515019
0.004408373
0.00568991
0.007139787
0.008567786
0.009987993
0.01161525
0.01319328
0.01452272
0.01542034
0.01581608
0.01585934
0.01556148
0.01485953
0.01390991
0.01291113
0.01178333
0.01083633
0.009858009
0.00886361
0.008491406
0.00888247
0.009576759
0.01032955
0.01107676
0.01166623
0.01214397
0.01242197
0.01235921
0.01191914
0.01100802
0.009920297
0.008993528
0.008445305
0.008265903
0.00850611
0.009060035
0.009797459
0.01036914
0.01064098
0.01057696
0.01007838
0.0094245
0.008607707
0.007405464
0.006299744
0.005562724
0.005054917
0.004816833
0.00480222
0.005291531
0.006186252
0.007377243
0.008867902
0.01016187
0.01135303
0.01276082
0.0139063
0.01468497
0.01526898
0.01551313
0.01564189
0.01574375
0.0157574
0.01578913
0.01555391
0.01520447
0.01493598
0.01495684
0.01518653
0.01561707
0.01616357
0.01699402
0.01787085
0.01863775
0.0193125
0.01971923
0.01990829
0.01979686
0.0192432
0.01849277
0.01766505
0.01680546
0.01617903
0.01567318
0.01529738
0.01533915
0.01536553
0.01548838
0.015732
0.01592966
0.01610868
0.01628326
0.0164314
0.01649918
0.0165105
0.01670245
0.01695068
0.01716332
0.01744789
0.01766939
0.01774033
0.01770948
0.01746641
0.01734793
0.01754087
0.0178922
0.01854766
0.01959569
0.02084013
0.02205631
0.02317866
0.02379013
0.0234983
0.02233439
0.02055957
0.01848045
0.01638342
0.01434976
0.01234862
0.01082541
0.009815413
0.009087525
0.00899719
0.009519929
0.01050151
0.01175754
0.01306997
0.01439033
0.01562319
0.01670885
0.01764776
0.01841526
0.01885397
0.01898248
0.01896877
0.01891622
0.01886665
0.01870556
0.0183274
0.01793316
0.01755583
0.01718068
0.01678928
0.01622263
0.01557345
0.01472992
0.01384665
0.01303373
0.0124174
0.01217888
0.01214137
0.01232649
0.01293673
0.01397529
0.01522403
0.01663453
0.01834294
0.02001998
0.02140242
0.02254221
0.02354831
0.02417915
0.02449295
0.02475521
0.02457933
0.02406859
0.02341326
0.02265128
0.02157217
0.02031385
0.0189536
0.01760425
0.01645402
0.01526162
0.01389374
0.01258438
0.01171682
0.01120191
0.01076188
0.01046294
0.01046037
0.01091315
0.01155504
0.01226679
0.01317301
0.0140125
0.01493288
0.01598506
0.01714326
0.0183747
0.01946595
0.02010173
0.02036614
0.02066917
0.02083775
0.02085039
0.02109363
0.02146502
0.02180923
0.02207367
0.0219655
0.02136053
0.02038785
0.01913196
0.01767968
0.01617346
0.01456453
0.01310776
0.0117429
0.0104785
0.00954948
0.0087117
0.007895454
0.007198613
0.00640318
0.00568984
0.005642595
0.005745403
0.005629955
0.005598881
0.005525996
0.005549826
0.005580181
0.005510484
0.005616322
0.005824819
0.005881832
0.005833655
0.005683802
0.005484929
0.00528647
0.005267184
0.00561572
0.005982979
0.006175877
0.006513042
0.006876706
0.007314653
0.007527089
0.007358951
0.007176374
0.006958997
0.006513706
0.005752958
0.004725684
0.003500117
0.002303245
0.001142648
7.588749e-05
-0.0007515277
-0.001469946
-0.002197661
-0.003000198
-0.003973019
-0.005132924
-0.006412555
-0.007756887
-0.009166631
-0.01061947
-0.01202781
-0.01339108
-0.0146805
-0.015848
-0.01702258
-0.0180038
-0.01868274
-0.01931079
-0.02001434
-0.02061681
-0.02121113
-0.0220535
-0.0227758
-0.02306536
-0.0233798
-0.0237221
-0.0238254
-0.02381935
-0.02372729
-0.02339841
-0.02289053
-0.02227437
-0.02169053
-0.02129211
-0.02101331
-0.02080576
-0.0206533
-0.02055861
-0.02040109
-0.02014836
-0.01977297
-0.01930081
-0.01886686
-0.0184957
-0.01818705
-0.01809178
-0.01830355
-0.01861778
-0.01899741
-0.01959438
-0.02039485
-0.0212355
-0.02199819
-0.02268744
-0.0233399
-0.02416295
-0.02517142
-0.02616702
-0.02692781
-0.02761801
-0.02834526
-0.02897419
-0.02959575
-0.03007731
-0.03049598
-0.03116658
-0.03207347
-0.03317938
-0.03445827
-0.03594773
-0.03735072
-0.03845278
-0.03947147
-0.04048753
-0.04123293
-0.04186455
-0.0425541
-0.04328472
-0.0438655
-0.04422761
-0.04455026
-0.04472344
-0.04478016
-0.04491656
-0.04489827
-0.04467139
-0.04447972
-0.04410023
-0.04359995
-0.04320971
-0.04252238
-0.04162582
-0.04071246
-0.03986915
-0.03912048
-0.03835767
-0.037446
-0.0363606
-0.0353775
-0.03445804
-0.03342503
-0.03207114
-0.03051601
-0.02887676
-0.02723375
-0.02563081
-0.0240691
-0.02257639
-0.02113285
-0.01983314
-0.01876849
-0.01785235
-0.01689213
-0.01596335
-0.0150474
-0.01421172
-0.01338584
-0.01249396
-0.01152506
-0.01040085
-0.008811919
-0.006973427
-0.005246409
-0.003777948
-0.002790345
-0.00234569
-0.002105552
-0.002022504
-0.002052192
-0.002195435
-0.002516538
-0.002779836
-0.003183283
-0.00378191
-0.004336308
-0.004778731
-0.005189543
-0.005552311
-0.00587868
-0.006174214
-0.006208497
-0.005882744
-0.005459288
-0.004899077
-0.004074808
-0.00336636
-0.002722306
-0.001918796
-0.001168605
-0.0004960974
0.0003869129
0.001536344
0.002718731
0.003990923
0.005268538
0.006448619
0.007307171
0.007903493
0.00842443
0.008836521
0.009237524
0.009396401
0.00939394
0.009541124
0.009771063
0.009862155
0.01010381
0.01062145
0.01140971
0.01236899
0.01344278
0.01467908
0.01595243
0.01711045
0.01797218
0.01863231
0.019143
0.01954792
0.01965428
0.01966851
0.01980444
0.01989835
0.01990481
0.01968672
0.01899146
0.01786791
0.01647377
0.01502089
0.01358463
0.01215288
0.0109108
0.009967409
0.00921404
0.008612872
0.008416898
0.008383583
0.008539125
0.008893024
0.009333986
0.009900538
0.01045887
0.01076764
0.01089124
0.0108839
0.01083878
0.01074166
0.01073494
0.01099088
0.01144778
0.01197122
0.01262449
0.0133658
0.0140087
0.01449913
0.01490491
0.01509549
0.01519198
0.01516951
0.01497265
0.01474898
0.01440506
0.01384504
0.01304757
0.01210739
0.01099939
0.009554612
0.007954458
0.006314676
0.004730712
0.003111851
0.001638024
0.0006262643
2.4262e-05
-0.0005399309
-0.001094541
-0.001569217
-0.001850218
-0.001739448
-0.00155184
-0.001310235
-0.0007549724
-0.0001470984
0.0003297696
0.0007676764
0.0009760428
0.0008555368
0.0005053538
0.0002487013
0.0002932174
0.0001912262
9.122474e-05
0.0001348439
-5.859295e-05
-0.0004060176
-0.0007279017
-0.001047054
-0.001270889
-0.001645035
-0.002060344
-0.002413184
-0.002920027
-0.003554713
-0.004153437
-0.004524837
-0.004627368
-0.004631744
-0.004580226
-0.00420984
-0.003709761
-0.003037569
-0.002258564
-0.001527687
-0.0007227154
-0.0001763944
0.0001122676
0.0003763429
0.0006413824
0.0007271794
0.0007152122
0.0005607101
0.0002311041
0.0002901242
0.0003691316
0.0003773685
0.0005915759
0.001032894
0.001702179
0.002622104
0.003770355
0.005068185
0.006451586
0.007820596
0.009076358
0.0100644
0.01080578
0.01140083
0.01182315
0.01211793
0.01226052
0.0121365
0.01205322
0.01194526
0.01185444
0.01201788
0.01224222
0.0122805
0.01224583
0.01228371
0.01241874
0.01252459
0.01268113
0.0129287
0.01325775
0.01357691
0.01373986
0.01392266
0.01412759
0.01417047
0.01415385
0.01414504
0.01416043
0.01433593
0.01475932
0.01544199
0.01629032
0.01707758
0.01768328
0.01828897
0.01896515
0.01952383
0.02018797
0.02069352
0.02094109
0.02131419
0.02153151
0.02156966
0.02170205
0.02183981
0.02193567
0.02197725
0.02188565
0.02185831
0.02157226
0.02093129
0.02046931
0.01979613
0.01900187
0.01826083
0.01742023
0.01665259
0.01595692
0.01536425
0.01496251
0.01447304
0.01399241
0.01357146
0.01301284
0.0124509
0.011932
0.01138008
0.01077159
0.009886947
0.008790009
0.007619265
0.006285482
0.004672025
0.002901056
0.001236138
-0.0003465169
-0.001719096
-0.002894926
-0.003876625
-0.004616171
-0.005361522
-0.006109363
-0.006793489
-0.007371887
-0.007829427
-0.008320264
-0.008767565
-0.008992727
-0.009235152
-0.009615082
-0.01006878
-0.01061886
-0.01117892
-0.01193904
-0.01256949
-0.01290827
-0.01317901
-0.01336328
-0.01346405
-0.01350793
-0.01348748
-0.01357608
-0.01358389
-0.01346117
-0.0133026
-0.0131966
-0.0129771
-0.01288015
-0.01300386
-0.01318602
-0.01338247
-0.01366216
-0.01407187
-0.01456368
-0.01497228
-0.01545817
-0.01610418
-0.01673642
-0.01734134
-0.01794426
-0.0185196
-0.01894963
-0.01915916
-0.01931133
-0.01932192
-0.01927822
-0.01917985
-0.01898318
-0.01862456
-0.01807378
-0.01733342
-0.01644572
-0.01546847
-0.01446452
-0.01363801
-0.01282255
-0.01220042
-0.01189662
-0.01167114
-0.01167951
-0.01174739
-0.01184316
-0.0119586
-0.01210997
-0.01232293
-0.01239921
-0.01226872
-0.01205321
-0.01180731
-0.01146725
-0.01113723
-0.01070087
-0.01027703
-0.009866871
-0.009295124
-0.008742346
-0.008303612
-0.007803956
-0.007226867
-0.006784218
-0.006386883
-0.005909028
-0.00545225
-0.004991899
-0.004682299
-0.004403007
-0.004110768
-0.003829133
-0.003505328
-0.003234386
-0.002991029
-0.002817718
-0.002826878
-0.00286324
-0.002611127
-0.002189698
-0.001805355
-0.001102505
-7.701743e-05
0.0008958152
0.001785122
0.002801712
0.00375588
0.004400597
0.00489193
0.00527135
0.005446015
0.005617176
0.005766254
0.005742391
0.005692472
0.005568363
0.005197268
0.004904799
0.004710396
0.004227385
0.003596719
0.003037046
0.002557052
0.002149852
0.001716321
0.001211853
0.0008181426
0.0002700271
-0.0003024085
-0.0005538899
-0.000852441
-0.001121055
-0.001245405
-0.001386897
-0.001406799
-0.001695536
-0.002266778
-0.002871467
-0.003427094
-0.003978201
-0.004522476
-0.00492398
-0.005197681
-0.005297028
-0.004884287
-0.004267097
-0.003472815
-0.002391282
-0.001242511
-0.000171979
0.0008486881
0.001627819
0.002008953
0.002202889
0.002321267
0.002086401
0.00149646
0.001163174
0.00110351
0.001020662
0.001065537
0.001153845
0.001287182
0.001512673
0.001698002
0.001826417
0.002021943
0.002230252
0.0022592
0.002203101
0.002111677
0.001833113
0.001408634
0.0009297704
0.0006038435
0.0006721952
0.0008218034
0.001056277
0.00156446
0.002469104
0.00339505
0.004311603
0.005439327
0.006567605
0.007571555
0.008361321
0.009067712
0.009655483
0.01037764
0.01098871
0.01150008
0.01196446
0.01224601
0.01254382
0.0127038
0.01253816
0.01217478
0.01199721
0.01201894
0.01220189
0.01257848
0.01302681
0.01339549
0.01369923
0.01379429
0.01374046
0.01358084
0.01319579
0.0126263
0.01181434
0.01083073
0.009906808
0.009057989
0.008390875
0.007883261
0.007561797
0.007301404
0.006977104
0.006621893
0.006173356
0.005727519
0.005300925
0.004877878
0.004507637
0.004219459
0.00393368
0.003618966
0.003519986
0.003672058
0.003931802
0.00423238
0.004745558
0.005363234
0.005901126
0.00643607
0.007038436
0.007517634
0.007984536
0.008550197
0.009068624
0.009341077
0.00946176
0.009503071
0.009394271
0.009222412
0.009070177
0.008917238
0.008839162
0.008786031
0.008592325
0.008121913
0.007369724
0.006401575
0.005438907
0.004614586
0.003860076
0.003194487
0.002721865
0.002589398
0.002498985
0.002323726
0.002120583
0.001833033
0.00144085
0.0009986221
0.0005780738
7.69058e-07
-0.0007177251
-0.001579875
-0.002572158
-0.003412016
-0.004191255
-0.004830825
-0.005332258
-0.005723639
-0.005930042
-0.006136695
-0.006428233
-0.006759251
-0.007388607
-0.00815474
-0.008832723
-0.00957157
-0.01029957
-0.01105559
-0.01177548
-0.01200178
-0.01199419
-0.01184989
-0.01135361
-0.01071928
-0.00989383
-0.008994635
-0.008231398
-0.00758809
-0.007061426
-0.006699366
-0.006504235
-0.006177739
-0.005808399
-0.005638648
-0.005524706
-0.005217434
-0.004899474
-0.004555244
-0.003994106
-0.003360659
-0.002693469
-0.001944921
-0.001239964
-0.0008210989
-0.0004989174
-6.332203e-05
0.0001430825
0.0001689978
0.0001326218
-4.295906e-05
-0.0003387689
-0.0004460889
-0.0004215966
-0.0004849461
-0.0004661962
-8.812888e-05
0.0001495796
0.000251234
0.000264451
7.950646e-05
-6.645634e-05
-0.0001573049
-0.0002612055
-0.0003662344
-0.0006491217
-0.0008429518
-0.0009843757
-0.001320145
-0.001802645
-0.002643178
-0.003312498
-0.003538006
-0.003568887
-0.003601529
-0.003445268
-0.003190651
-0.003183511
-0.003138615
-0.003123176
-0.003299307
-0.003549374
-0.003710352
-0.003826583
-0.004066864
-0.004333945
-0.004809991
-0.00557205
-0.006260232
-0.006954448
-0.00776263
-0.008617613
-0.009322657
-0.009858017
-0.01049342
-0.011239
-0.01202106
-0.01290429
-0.01396499
-0.01508829
-0.01624862
-0.01739111
-0.01837973
-0.0192437
-0.02000728
-0.02065523
-0.02128548
-0.02189285
-0.02236724
-0.02254123
-0.02273356
-0.02311885
-0.02341835
-0.0237645
-0.02432647
-0.02474266
-0.0251618
-0.02549465
-0.02573233
-0.02585067
-0.02593245
-0.02594118
-0.02590813
-0.02586118
-0.02565322
-0.02539101
-0.02517399
-0.0248725
-0.02433037
-0.02379355
-0.0233329
-0.02288812
-0.02239723
-0.0220071
-0.02182658
-0.0216349
-0.02135642
-0.02094795
-0.02045068
-0.01990803
-0.01928896
-0.01857041
-0.01780404
-0.01714586
-0.01666979
-0.01617377
-0.01582557
-0.01563564
-0.01549519
-0.01507607
-0.01458723
-0.01388694
-0.01281882
-0.01160502
-0.01026082
-0.008979747
-0.007747064
-0.006753325
-0.005876259
-0.005003066
-0.004125471
-0.003184969
-0.002201157
-0.00151828
-0.0008783463
-0.000198516
0.0001657359
0.0004650256
0.0007804528
0.001104118
0.001513929
0.001993991
0.002648878
0.003559751
0.004531514
0.005540765
0.006464482
0.007127859
0.007511594
0.007731452
0.007879566
0.008041951
0.008169639
0.008247174
0.008268525
0.008202312
0.00814782
0.008056685
0.008061478
0.008272869
0.008678449
0.009381669
0.01031502
0.01134272
0.01231145
0.01321103
0.01403577
0.01470313
0.01539082
0.01588274
0.01615711
0.01630382
0.0163329
0.01618205
0.01591286
0.01556877
0.01517807
0.01477383
0.01450945
0.01447568
0.01462717
0.01481186
0.01517725
0.01580564
0.01638949
0.01706166
0.01789168
0.01878807
0.01950969
0.02003231
0.02061969
0.0212756
0.02193944
0.02260082
0.02308577
0.02349508
0.02383931
0.02411326
0.0245352
0.02508033
0.02547045
0.02574542
0.02620129
0.0265435
0.02669017
0.02675673
0.02670203
0.02655912
0.02629438
0.02599992
0.02554769
0.02511944
0.02477571
0.02459518
0.02465696
0.02481137
0.02493206
0.02504327
0.02503412
0.02503623
0.02502977
0.02494676
0.02505661
0.02513048
0.0249809
0.02468874
0.02430056
0.02397301
0.02369113
0.02327203
0.02268205
0.02217845
0.02168047
0.02115121
0.02064647
0.02025418
0.01979663
0.01927469
0.01893224
0.01856156
0.01824983
0.01817129
0.01831407
0.01859358
0.01888903
0.01908939
0.0191898
0.01944265
0.01951183
0.01950697
0.01952583
0.01959229
0.01970269
0.01976707
0.01982759
0.01997841
0.02008553
0.01993708
0.01975221
0.01944834
0.01900617
0.01858075
0.0180811
0.01749489
0.01679092
0.01603636
0.01531748
0.01476292
0.01440766
0.0141331
0.01386008
0.01374772
0.01367512
0.01342081
0.0131827
0.01291418
0.0126812
0.0122784
0.01178529
0.01154527
0.01115024
0.01059507
0.01022647
0.009860358
0.009497219
0.009355549
0.009235536
0.009007641
0.008613159
0.008160407
0.007706215
0.007163553
0.00642844
0.00572196
0.005117114
0.004578364
0.004079541
0.003530798
0.002930687
0.002366136
0.001887544
0.001532682
0.001191279
0.0007397957
0.000364427
0.0001034888
-0.0002373449
-0.0007550617
-0.0014597
-0.002250977
-0.003284947
-0.004648945
-0.006040909
-0.007406972
-0.008591279
-0.009611808
-0.01042087
-0.0110789
-0.01156327
-0.01202919
-0.01245276
-0.01269378
-0.01290028
-0.01330246
-0.01380943
-0.01420881
-0.01448756
-0.01490464
-0.01548212
-0.0160875
-0.01672471
-0.0171308
-0.01725484
-0.01738243
-0.01746144
-0.01746507
-0.01753513
-0.01768234
-0.01785446
-0.01817347
-0.01863744
-0.01922988
-0.01982751
-0.02041371
-0.02111776
-0.02177865
-0.0223202
-0.0228479
-0.02336643
-0.02403032
-0.02466095
-0.02522856
-0.02588428
-0.02653339
-0.02714687
-0.0278564
-0.02859425
-0.02950406
-0.03046858
-0.03136869
-0.0325347
-0.03366107
-0.03439705
-0.0350514
-0.03567499
-0.03605569
-0.0362388
-0.03613846
-0.03585482
-0.03550536
-0.03498758
-0.03438782
-0.03371764
-0.03295147
-0.03232363
-0.03175031
-0.03127457
-0.03092459
-0.0306049
-0.03045109
-0.03048198
-0.03055607
-0.03054835
-0.03063936
-0.03082323
-0.0309652
-0.03099563
-0.03089714
-0.03084314
-0.03080725
-0.03059825
-0.03033437
-0.0301722
-0.03008161
-0.02990965
-0.02976039
-0.02969843
-0.02949647
-0.02926108
-0.02908983
-0.02890038
-0.02881206
-0.02879505
-0.0288461
-0.02904237
-0.02911307
-0.02895878
-0.02867421
-0.02821959
-0.02763686
-0.02701267
-0.02640703
-0.02572125
-0.02507263
-0.02458073
-0.0241309
-0.02341092
-0.02258739
-0.02179488
-0.02098449
-0.02025404
-0.01966863
-0.01902548
-0.01848939
-0.01806543
-0.01766574
-0.01725566
-0.01674625
-0.01624881
-0.0157298
-0.01515687
-0.01474255
-0.01436094
-0.01376064
-0.01335445
-0.01317462
-0.01281976
-0.01257708
-0.01241291
-0.01221883
-0.01215886
-0.01193836
-0.01159927
-0.01121115
-0.01088086
-0.01058232
-0.01005227
-0.009670162
-0.009152179
-0.00837871
-0.007793223
-0.007438626
-0.007109069
-0.007023066
-0.006947426
-0.006812991
-0.006547204
-0.006198594
-0.005632849
-0.004671125
-0.003760222
-0.002884396
-0.00161756
-0.0002556774
0.000896791
0.002054038
0.003355786
0.004475244
0.00549984
0.006419627
0.007123647
0.007762768
0.008209755
0.008489675
0.008715998
0.009103778
0.009422239
0.009664112
0.01003388
0.01074391
0.0114084
0.01177764
0.01229164
0.01281049
0.01311864
0.01329999
0.01348144
0.01366665
0.01378017
0.01385006
0.01404321
0.01437875
0.01470993
0.01508108
0.01546941
0.01576637
0.01603378
0.01615809
0.01613173
0.01607552
0.01600508
0.01610709
0.01633032
0.01656198
0.01687066
0.01722792
0.01768543
0.01811141
0.01844098
0.01878003
0.01910443
0.01939985
0.0196364
0.01985631
0.02004018
0.02003687
0.01999712
0.02003159
0.02010947
0.02015789
0.02029702
0.02059042
0.02100735
0.02146802
0.02203757
0.02256317
0.02306781
0.02356851
0.02413559
0.0245506
0.0250129
0.02543028
0.02584377
0.0261333
0.02628194
0.02643538
0.02679467
0.02730023
0.02787314
0.02865389
0.02939474
0.03012673
0.03103139
0.03178698
0.03236459
0.0329884
0.03359902
0.03399737
0.0340347
0.03404039
0.0339733
0.03369656
0.03339692
0.03308407
0.03271647
0.03246732
0.0321187
0.03186591
0.0318343
0.0318052
0.03171731
0.03163675
0.03163178
0.03164577
0.03177587
0.03184853
0.03180342
0.03179133
0.03178345
0.03169183
0.03150594
0.03130403
0.03125326
0.03107559
0.03089589
0.03084606
0.03078601
0.03072088
0.03061441
0.03046778
0.03011829
0.02968744
0.02926721
0.02887898
0.02841558
0.02804218
0.02777477
0.02765377
0.02761564
0.0275366
0.02754692
0.02745418
0.02709395
0.02688866
0.02666705
0.02609468
0.02536912
0.02485075
0.02438095
0.02383833
0.02311846
0.02242951
0.02192533
0.02132161
0.02060989
0.01983831
0.01908855
0.01838319
0.01766743
0.016859
0.01611393
0.01539504
0.01470328
0.01421657
0.01371106
0.01320507
0.01265151
0.01206592
0.01135594
0.01046971
0.009551259
0.008750087
0.007885076
0.00694267
0.005988541
0.005032105
0.004068692
0.00311195
0.002046481
0.001151441
0.00039297
-0.0003978276
-0.001127191
-0.001902188
-0.002664637
-0.003389898
-0.004277297
-0.005173803
-0.005879355
-0.006551716
-0.007167968
-0.007625475
-0.008073864
-0.008474673
-0.008939552
-0.009436121
-0.01005204
-0.01077742
-0.01156309
-0.01232066
-0.01309259
-0.0136892
-0.01418028
-0.01463142
-0.01491678
-0.01507777
-0.01507347
-0.0149133
-0.01470601
-0.01447072
-0.01429469
-0.01423228
-0.01414881
-0.01399211
-0.01400502
-0.01418223
-0.01433625
-0.01461674
-0.01499016
-0.01548328
-0.01602075
-0.01659029
-0.01710563
-0.01758181
-0.01801428
-0.01837604
-0.01866593
-0.01898967
-0.0192483
-0.01922032
-0.01934723
-0.01937487
-0.01929441
-0.01935372
-0.0195972
-0.01991512
-0.02011489
-0.02019915
-0.02034744
-0.02041111
-0.02051765
-0.02075435
-0.0209948
-0.02125584
-0.02168037
-0.02220149
-0.02267476
-0.02318749
-0.02373448
-0.02440811
-0.02515256
-0.02562158
-0.02605924
-0.02660483
-0.02725298
-0.02799922
-0.02869615
-0.02944271
-0.03026823
-0.03093315
-0.03148192
-0.0320737
-0.03243598
-0.03253194
-0.03246641
-0.03240051
-0.03228099
-0.03188002
-0.03152749
-0.03116841
-0.03097118
-0.03105656
-0.03084851
-0.03056882
-0.03046482
-0.03023948
-0.03008255
-0.02994083
-0.02957658
-0.02945296
-0.02933934
-0.02910557
-0.02902853
-0.02895394
-0.02879586
-0.02865317
-0.02869258
-0.02873323
-0.02865056
-0.02869134
-0.02887938
-0.02897938
-0.02890134
-0.02880547
-0.02861797
-0.02830553
-0.02790216
-0.02735153
-0.02688113
-0.02632529
-0.02571012
-0.02508522
-0.02430102
-0.02331552
-0.02230316
-0.02145911
-0.0208073
-0.02027593
-0.01958651
-0.01888984
-0.01828505
-0.01787874
-0.01751804
-0.01710286
-0.01674217
-0.01640182
-0.01600349
-0.01573313
-0.01549846
-0.01501511
-0.01465876
-0.01429623
-0.01368518
-0.01307573
-0.01237637
-0.01162688
-0.01084613
-0.01011741
-0.0092891
-0.008360563
-0.007544731
-0.006863181
-0.006130881
-0.00551362
-0.004988396
-0.00427629
-0.003531793
-0.002858279
-0.002111108
-0.00145592
-0.0006644519
7.434638e-05
0.0006527303
0.00111164
0.001481284
0.001811368
0.002219354
0.002484892
0.002722725
0.003131878
0.003401313
0.003644121
0.004080992
0.00450267
0.004961998
0.005372899
0.005868667
0.006504181
0.0070723
0.007646429
0.008322635
0.008987726
0.009694885
0.01035771
0.01092288
0.01154271
0.01218641
0.01260964
0.01292656
0.01329147
0.01347417
0.01363589
0.01374081
0.0137711
0.01380987
0.01394421
0.01411526
0.01432112
0.01446388
0.01451599
0.01447528
0.01424307
0.0138122
0.01348389
0.01322315
0.01280378
0.01236552
0.01201364
0.01158136
0.01127639
0.01093617
0.01055219
0.01046115
0.01035742
0.01014205
0.01013485
0.01028176
0.01032481
0.01036245
0.01050824
0.01063645
0.01060416
0.01050052
0.01028248
0.01016784
0.01015395
0.01005754
0.00997186
0.01029442
0.01065984
0.01094324
0.01119336
0.01158221
0.01198922
0.01237492
0.0128781
0.01327744
0.01364631
0.01396325
0.01430863
0.01471966
0.01503428
0.01544252
0.01589482
0.01618491
0.01642951
0.01654887
0.01644877
0.01647055
0.01651683
0.0163
0.01597306
0.01582964
0.01589605
0.01585716
0.01583557
0.01601278
0.01613019
0.0161231
0.01619126
0.0164347
0.01641661
0.01640298
0.01637201
0.01622553
0.01612544
0.01581515
0.01536685
0.01503268
0.01479045
0.01441896
0.01408092
0.01393306
0.01386697
0.01371056
0.01363198
0.01361622
0.01373859
0.01394454
0.01410736
0.01440329
0.01481952
0.0151084
0.01530193
0.01556097
0.01572187
0.01590743
0.01603544
0.01606955
0.01608728
0.01598701
0.01586935
0.01586134
0.01585785
0.01573678
0.01557044
0.01542934
0.01517871
0.01484491
0.01462637
0.01447324
0.01425701
0.01392307
0.01366298
0.01353446
0.0134501
0.01330032
0.01312355
0.01326287
0.01335256
0.01320469
0.01302211
0.01284975
0.01265591
0.01220589
0.0116657
0.01122498
0.01063793
0.009812119
0.008992827
0.00804406
0.00704675
0.006132491
0.005049181
0.003933051
0.003078999
0.002328994
0.001558855
0.0008169882
0.0002154166
-0.0003673174
-0.0008712225
-0.001125423
-0.001283743
-0.001691375
-0.001994778
-0.002063394
-0.002245235
-0.002437778
-0.002536122
-0.002598402
-0.002600137
-0.002678451
-0.002796032
-0.003049508
-0.003483857
-0.003769544
-0.004038608
-0.004238894
-0.004322365
-0.004574001
-0.004805095
-0.004910698
-0.005200876
-0.005666274
-0.00603993
-0.006406302
-0.006822129
-0.007105488
-0.00752573
-0.007890111
-0.008201634
-0.008530816
-0.008749348
-0.008901574
-0.009068442
-0.00924758
-0.009316962
-0.009434616
-0.009695193
-0.01007998
-0.01038141
-0.01070332
-0.0109486
-0.01125172
-0.0115784
-0.01167757
-0.01165705
-0.01169174
-0.01172824
-0.01167372
-0.01173721
-0.01167537
-0.01155481
-0.01153637
-0.0114704
-0.01130805
-0.01118726
-0.01103173
-0.01069132
-0.01040825
-0.01029227
-0.01008544
-0.009844991
-0.009695506
-0.009544575
-0.009330372
-0.009036316
-0.008829083
-0.00863557
-0.008073653
-0.007344537
-0.006772261
-0.006292159
-0.0058041
-0.005388341
-0.005114353
-0.004922858
-0.004720429
-0.00438342
-0.004081641
-0.003651652
-0.00302479
-0.002437786
-0.001877736
-0.001399316
-0.001052397
-0.0005821073
-0.0001970682
1.28066e-05
0.0002237726
0.0004263342
0.0005991417
0.0007322142
0.0008378361
0.0009194569
0.001028382
0.001130494
0.001267205
0.001401949
0.001229006
0.001119265
0.001312061
0.001387907
0.001235881
0.001087445
0.0008966691
0.0006070675
0.0004370708
0.000462103
0.0004796735
0.0005098018
0.0005629373
0.0004554794
0.0002789476
-5.791287e-06
-0.0003543403
-0.0007129749
-0.00107062
-0.001240145
-0.001360668
-0.001464483
-0.001332231
-0.001062173
-0.00100556
-0.0009856688
-0.0007281314
-0.0006667466
-0.0009009052
-0.001327142
-0.001917261
-0.002480033
-0.003109813
-0.003712835
-0.004201376
-0.004524597
-0.004508163
-0.004396441
-0.004070488
-0.003437241
-0.002900765
-0.002535919
-0.002018283
-0.001521489
-0.001226735
-0.0008878359
-0.0007694718
-0.0008540712
-0.0008712263
-0.00104834
-0.001278044
-0.001483495
-0.00151027
-0.001513401
-0.001474335
-0.001356893
-0.001152077
-0.0008242835
-0.0003967961
0.0001304081
0.0006401215
0.001261349
0.001825372
0.00211718
0.002221442
0.002270794
0.00217434
0.001969767
0.0015919
0.001295272
0.001181638
0.001047556
0.0009766141
0.0009554249
0.0008465816
0.0007483474
0.0006962436
0.0005024877
0.0002247041
-5.653909e-05
-0.000261629
-0.0003723195
-0.0003542506
-0.0003398022
-0.0005451254
-0.000784025
-0.0009478906
-0.001156475
-0.001273709
-0.001257372
-0.00119874
-0.001002082
-0.0007284253
-0.0004476876
-0.0002184752
-0.0001270859
-0.0001806911
-5.796902e-05
6.384225e-05
0.000213904
0.0003520124
0.0002999659
0.0003920259
0.000481502
0.0004263432
0.0003522513
0.0003776751
0.0004549822
0.0004414884
0.0004639182
0.0005726392
0.0006215971
0.0003963304
9.402546e-05
-0.0002392547
-0.0006183952
-0.001067058
-0.001423371
-0.001526303
-0.001612198
-0.001622506
-0.001572692
-0.001426288
-0.001222666
-0.0009681159
-0.0007752049
-0.0007599979
-0.0007601194
-0.000872329
-0.001012486
-0.001011168
-0.001034021
-0.001044972
-0.000924241
-0.000667062
-0.0003999684
-0.0002193575
-1.863921e-05
9.122703e-05
0.0002220659
0.0006326677
0.001085418
0.00155576
0.002094295
0.002438706
0.002705672
0.003013382
0.003178084
0.003299251
0.003457292
0.003540475
0.003595194
0.003703846
0.003931973
0.00421431
0.00438085
0.004591026
0.004773234
0.004995552
0.005247198
0.005398246
0.005529507
0.00582064
0.006038913
0.006175955
0.00638038
0.00665016
0.007101561
0.007632286
0.008026957
0.008544944
0.009101483
0.009563781
0.01023358
0.01095004
0.01157765
0.01222687
0.01262521
0.01278963
0.01281071
0.01262171
0.01253724
0.01250373
0.01246972
0.01241624
0.01219875
0.0120652
0.01206429
0.01190043
0.01179265
0.01167585
0.01150852
0.01129908
0.01116181
0.01109035
0.01105297
0.01115889
0.01139838
0.0117268
0.01207503
0.01224015
0.01228856
0.01249923
0.01268243
0.01255089
0.01224815
0.01196061
0.01150718
0.01108578
0.01079403
0.01068955
0.01077728
0.01093097
0.01115958
0.01141272
0.01155864
0.01160343
0.01154404
0.01119116
0.01102078
0.0107511
0.01017502
0.009813905
0.009608156
0.009297082
0.009023983
0.008821229
0.008693049
0.008706114
0.008638056
0.008580764
0.008818777
0.00908008
0.009235473
0.009417687
0.009626829
0.009827402
0.009778765
0.009737411
0.009679875
0.009338978
0.009122789
0.008959593
0.008673682
0.008339706
0.008014245
0.007717645
0.007378818
0.007236772
0.007264696
0.00703303
0.006725113
0.006500807
0.006154994
0.005765195
0.005439504
0.005089914
0.00494025
0.004911338
0.004777233
0.004629023
0.00443098
0.004171873
0.003938378
0.00360236
0.003170052
0.002675635
0.00206671
0.00134262
0.0005396141
-0.0003217
-0.001146968
-0.001901155
-0.002843194
-0.003936568
-0.004783909
-0.005497073
-0.006358429
-0.00739544
-0.00840169
-0.009325039
-0.01035839
-0.01134008
-0.01233721
-0.013418
-0.01428197
-0.01518328
-0.01613098
-0.01694439
-0.01763881
-0.01831388
-0.01880278
-0.01924974
-0.01962117
-0.02002974
-0.02043181
-0.02072002
-0.02104824
-0.021445
-0.02189703
-0.02237154
-0.02293469
-0.02350611
-0.02414699
-0.02478915
-0.02527519
-0.02584732
-0.02638125
-0.02687689
-0.02739137
-0.02784304
-0.02835307
-0.028884
-0.02929801
-0.02976514
-0.03008846
-0.0302902
-0.03067416
-0.03107382
-0.03118258
-0.03131383
-0.03141296
-0.03128199
-0.03112372
-0.03101749
-0.03094645
-0.03088912
-0.0309067
-0.03098456
-0.03103957
-0.03117949
-0.03132416
-0.03138361
-0.03129444
-0.03111448
-0.03097303
-0.03072594
-0.0305257
-0.03046466
-0.0304413
-0.03049825
-0.03080852
-0.03118205
-0.03161001
-0.03210669
-0.03242405
-0.03265243
-0.03273364
-0.03276944
-0.03261267
-0.03240132
-0.03212113
-0.03194932
-0.03161516
-0.0311782
-0.03089775
-0.03064009
-0.0304097
-0.03008598
-0.02980714
-0.02953632
-0.02925253
-0.02879551
-0.02831089
-0.02776845
-0.02718972
-0.0266662
-0.02600529
-0.02516145
-0.02429552
-0.02350798
-0.0228255
-0.02223804
-0.0216728
-0.02091847
-0.02005455
-0.01941782
-0.01884143
-0.01808484
-0.0174215
-0.01694694
-0.01638022
-0.01568767
-0.01496472
-0.01428064
-0.01364222
-0.01296315
-0.01220149
-0.01157647
-0.01093816
-0.01024756
-0.009694621
-0.009229796
-0.00851763
-0.007831075
-0.007365939
-0.006986107
-0.006709276
-0.006485451
-0.006282139
-0.006063399
-0.005803657
-0.005353311
-0.004754686
-0.004173883
-0.00344093
-0.002710319
-0.002052456
-0.001302264
-0.0005762282
0.0001556047
0.001003361
0.00168934
0.002292201
0.003064358
0.003801474
0.004451035
0.004955102
0.005495282
0.006345057
0.007092258
0.007740807
0.008547796
0.009507331
0.01035885
0.01105311
0.0117791
0.01248501
0.01305513
0.01370841
0.01444253
0.01501582
0.01571111
0.0163412
0.01679286
0.01726957
0.01773513
0.01806965
0.01838153
0.0186274
0.01871737
0.01887953
0.01904703
0.01923562
0.01936219
0.01932432
0.01931278
0.0192281
0.01909379
0.01904134
0.01909615
0.0191484
0.01916842
0.01928163
0.01944893
0.01960497
0.0198052
0.02004795
0.0203289
0.02055399
0.02083585
0.02097813
0.02109158
0.0213843
0.02158962
0.02176594
0.02205008
0.02214202
0.02220144
0.02244172
0.02264404
0.02289773
0.02301348
0.02308238
0.02322395
0.02331329
0.02345308
0.02363691
0.0237053
0.02378711
0.0238511
0.02386153
0.02393527
0.02400575
0.02395792
0.02394552
0.02394923
0.02395856
0.02386162
0.02373932
0.02369748
0.0235469
0.02326877
0.02326087
0.02318595
0.02296016
0.02287399
0.0229445
0.02304611
0.0231704
0.02330932
0.02330026
0.02339451
0.02358126
0.02377364
0.0238622
0.02399795
0.0242673
0.02445914
0.02463136
0.02483947
0.02488727
0.02491377
0.02492334
0.02501308
0.0250634
0.02496946
0.02490764
0.02485461
0.0247642
0.02480081
0.02477312
0.0247335
0.02482438
0.02482115
0.02467414
0.02457093
0.02449282
0.02431098
0.02395425
0.02364778
0.02339664
0.0231002
0.02264308
0.02222805
0.02195346
0.02158063
0.02120716
0.02109903
0.02097743
0.02062875
0.0203293
0.02025129
0.02018793
0.02001114
0.01992452
0.01995235
0.0198983
0.01989228
0.01980578
0.01976419
0.01968621
0.0194873
0.01934029
0.01913479
0.01876206
0.01835626
0.01783867
0.01735023
0.01705217
0.01653116
0.01603154
0.01560768
0.01514885
0.0146793
0.01418225
0.01370216
0.01312189
0.01252269
0.01192974
0.01124123
0.01060959
0.01007033
0.009497533
0.008858565
0.008301207
0.007721545
0.006965662
0.006225521
0.00553985
0.004743421
0.003919497
0.003288387
0.002714458
0.002101976
0.001619609
0.001165297
0.0006547163
0.0001187539
-0.0003014459
-0.0006268857
-0.001052486
-0.001511625
-0.001846
-0.002215624
-0.002678476
-0.003055931
-0.003370869
-0.003745819
-0.004045717
-0.004213752
-0.004556409
-0.004822489
-0.004849061
-0.004798359
-0.004811967
-0.004959198
-0.005052979
-0.005235074
-0.005500657
-0.005874422
-0.006411559
-0.007013083
-0.007660508
-0.008353323
-0.00890689
-0.009422863
-0.0101506
-0.01083312
-0.01119945
-0.01160592
-0.01221722
-0.0127324
-0.01304101
-0.01342365
-0.01379857
-0.01396929
-0.01407979
-0.01431416
-0.01449337
-0.01458627
-0.01459781
-0.01457492
-0.01464198
-0.01471844
-0.01444451
-0.01404999
-0.0136494
-0.01316621
-0.01272102
-0.01231956
-0.01206049
-0.01178407
-0.01163631
-0.01174992
-0.01186505
-0.01197202
-0.01208398
-0.01214511
-0.01224885
-0.0123433
-0.01220485
-0.01198973
-0.01169694
-0.01139408
-0.01107052
-0.01080299
-0.010576
-0.01029809
-0.01003998
-0.0100138
-0.01007276
-0.009986229
-0.009976042
-0.01016549
-0.01007377
-0.009951705
-0.009866104
-0.009681491
-0.009514282
-0.009275159
-0.009001396
-0.008839653
-0.008726399
-0.008721292
-0.008777966
-0.008689586
-0.008760313
-0.008773152
-0.008738466
-0.008847836
-0.008842132
-0.008898851
-0.009049299
-0.009208636
-0.009367018
-0.009563612
-0.009741384
-0.009922465
-0.01009654
-0.01039967
-0.01064534
-0.0105888
-0.01059495
-0.01067966
-0.01058091
-0.01050639
-0.01035598
-0.01025121
-0.01019291
-0.01014724
-0.01020038
-0.01031267
-0.01044852
-0.01069789
-0.01103002
-0.01133048
-0.01163027
-0.01187123
-0.01215657
-0.01236484
-0.01242809
-0.01258527
-0.01265929
-0.01249981
-0.01245344
-0.01242426
-0.01226619
-0.01215482
-0.01208703
-0.01217725
-0.01216261
-0.01203073
-0.01197725
-0.01201854
-0.01203609
-0.01203369
-0.01202649
-0.01197139
-0.01190607
-0.01190854
-0.01198997
-0.01198606
-0.0118224
-0.01186414
-0.01195376
-0.01189212
-0.01199888
-0.01202352
-0.0121425
-0.01231714
-0.01242331
-0.0125604
-0.01265151
-0.01269754
-0.0127043
-0.01270024
-0.01270324
-0.01271124
-0.01267067
-0.01263025
-0.01272038
-0.01271125
-0.01272477
-0.01285967
-0.0128914
-0.01289133
-0.01300947
-0.01317723
-0.0133189
-0.01356982
-0.01389835
-0.01413029
-0.01431993
-0.01451745
-0.01467176
-0.0144903
-0.01417147
-0.01392407
-0.01360421
-0.01312949
-0.01273454
-0.01247509
-0.01210418
-0.01182572
-0.01160473
-0.01108423
-0.01058188
-0.01023055
-0.00977785
-0.009315993
-0.008870679
-0.008277275
-0.007817097
-0.007562101
-0.007349538
-0.007127912
-0.006908495
-0.006875726
-0.00690418
-0.006707301
-0.006594276
-0.006504494
-0.006282144
-0.006057992
-0.005791737
-0.005585124
-0.005293133
-0.004891848
-0.004537894
-0.004469682
-0.004231488
-0.003734561
-0.003245197
-0.002801718
-0.002284475
-0.001630419
-0.0008775193
-0.0002584109
0.0002572327
0.0008430089
0.001310895
0.001564521
0.001713841
0.001680345
0.001613397
0.001489577
0.0012845
0.00108687
0.001192601
0.001302786
0.001340278
0.001575995
0.001816906
0.002078283
0.002306696
0.002563939
0.002717521
0.002905751
0.003108368
0.003283962
0.003493236
0.003683591
0.003741095
0.003834836
0.003946793
0.003982139
0.00399454
0.003985184
0.004021271
0.003919341
0.003720831
0.003727521
0.003664763
0.003556536
0.003501041
0.003373391
0.003276345
0.003236712
0.003221322
0.003170994
0.003098971
0.003061759
0.003023468
0.002877188
0.002725248
0.002651924
0.00255544
0.002322221
0.002202444
0.002022003
0.001825722
0.001719114
0.001532474
0.001263524
0.001312783
0.001530966
0.001611613
0.001617109
0.001873109
0.002170683
0.002290344
0.002316625
0.002331246
0.002463903
0.002460816
0.002486767
0.002424918
0.002394017
0.002412903
0.002519085
0.002637453
0.002877102
0.003123008
0.003207713
0.003398847
0.003581845
0.003554819
0.003328784
0.002935223
0.002560655
0.002235646
0.001899391
0.001639338
0.001449185
0.001338382
0.001420496
0.00159442
0.001679384
0.001889738
0.002082419
0.002175916
0.002553154
0.003011548
0.003256055
0.003536864
0.003869913
0.004123619
0.004344283
0.004482819
0.004676548
0.004828543
0.004833757
0.00489343
0.005217859
0.005419452
0.005607659
0.005729675
0.005890065
0.006446719
0.006903897
0.00735508
0.008002543
0.00856966
0.009069384
0.009524939
0.009937825
0.01019928
0.01020017
0.01013719
0.01031544
0.01030822
0.01010971
0.009943729
0.0097365
0.009759949
0.009912225
0.009968254
0.01006787
0.0101489
0.01017446
0.01034066
0.01041757
0.01041916
0.0104855
0.01048903
0.01064244
0.01079556
0.01088835
0.01092914
0.01084058
0.01085134
0.01075931
0.01047957
0.01034318
0.0102431
0.01014307
0.01016761
0.01026259
0.01036481
0.01035397
0.01032825
0.01049635
0.01064338
0.01057235
0.01057332
0.01062229
0.01048227
0.01033819
0.01013321
0.009887429
0.00962832
0.009272218
0.008850311
0.008404885
0.00793696
0.007500594
0.007061685
0.006605014
0.006198814
0.005801592
0.005497472
0.00526795
0.005106005
0.005145955
0.005133392
0.005001656
0.00480337
0.00458423
0.004441972
0.004323188
0.00421503
0.004135072
0.004024555
0.003894968
0.003797374
0.003679963
0.00350694
0.003518701
0.003653032
0.003779561
0.003911789
0.003993963
0.003993916
0.004052568
0.00410826
0.004126181
0.004023537
0.003908293
0.003900734
0.003875265
0.003814742
0.003872059
0.003902824
0.003917998
0.003932449
0.003809756
0.003618366
0.003439194
0.003478474
0.003495581
0.003263692
0.003093125
0.00305094
0.003022171
0.003025799
0.00312954
0.003117054
0.003118658
0.003272935
0.003420714
0.003470972
0.003401493
0.003306621
0.003280207
0.003156062
0.002892236
0.002573046
0.002182937
0.001839965
0.001413811
0.001108117
0.001000201
0.0008720059
0.0007209436
0.0004643022
0.0001431799
-8.692412e-05
-0.0003669277
-0.0007412111
-0.001101785
-0.001352838
-0.001525967
-0.001726495
-0.002017849
-0.002304096
-0.002615839
-0.003016011
-0.003251031
-0.003506614
-0.003950868
-0.0043485
-0.004647922
-0.004936224
-0.00528862
-0.005643536
-0.00575884
-0.00582987
-0.005882106
-0.005721703
-0.005585138
-0.00561812
-0.005730748
-0.005621399
-0.005593512
-0.005686618
-0.005874377
-0.006153045
-0.006447799
-0.006677337
-0.006699045
-0.00669484
-0.006675198
-0.006639829
-0.00657799
-0.00641144
-0.006056957
-0.005822048
-0.005569877
-0.005328278
-0.005185008
-0.005014963
-0.004812467
-0.004747837
-0.004839905
-0.004803401
-0.004797005
-0.005000295
-0.005378137
-0.005657162
-0.006059029
-0.006506681
-0.006672031
-0.006740307
-0.006860712
-0.006955932
-0.007047949
-0.006901091
-0.006711069
-0.006643782
-0.006480321
-0.006452119
-0.006395032
-0.006272621
-0.006269465
-0.006163596
-0.005945703
-0.005812521
-0.005633672
-0.00538407
-0.005337598
-0.005185385
-0.004929103
-0.004795596
-0.004594237
-0.004343639
-0.00415289
-0.003980895
-0.003718413
-0.003309057
-0.002886569
-0.002480026
-0.002054868
-0.001696709
-0.001225482
-0.0006251519
-7.236151e-05
0.000438774
0.0009487496
0.00135335
0.001686173
0.002018015
0.002440217
0.002843995
0.003111272
0.003433527
0.003804528
0.003980783
0.00407894
0.004206752
0.004315823
0.004406675
0.00454546
0.004727023
0.004954415
0.005105413
0.005212739
0.005114181
0.004969033
0.004977379
0.004865525
0.004652907
0.004625587
0.004693891
0.004617967
0.004464895
0.004511595
0.004685306
0.004739298
0.004791547
0.005024952
0.00519675
0.005237987
0.005185931
0.005053372
0.004875884
0.004760202
0.004756478
0.004728055
0.004679879
0.004763804
0.004905311
0.005302865
0.005852157
0.006191645
0.00638426
0.006799569
0.00732424
0.007815548
0.008217415
0.008537581
0.008997738
0.009532641
0.009775614
0.009899791
0.01003381
0.01002696
0.009975761
0.009987449
0.01001644
0.009777566
0.009523758
0.009452476
0.009308206
0.008993166
0.008773332
0.008653812
0.008543473
0.008484489
0.008459375
0.008430059
0.00848512
0.00850609
0.008395502
0.00832321
0.008191214
0.007988314
0.007715455
0.007548532
0.007660593
0.007600506
0.007287813
0.007139284
0.007039131
0.006729737
0.006469846
0.006328836
0.006089684
0.005814736
0.005707477
0.005688285
0.005659369
0.005477561
0.005216229
0.00494116
0.004520609
0.004016013
0.003259878
0.002569119
0.001988096
0.001199287
0.0004008835
-9.061447e-05
-0.0005682649
-0.001148337
-0.001585706
-0.001983412
-0.002559702
-0.00311522
-0.003475182
-0.003830373
-0.004289482
-0.004620151
-0.004936472
-0.005255611
-0.005561037
-0.005877782
-0.006148707
-0.006366539
-0.006795725
-0.007417606
-0.007990018
-0.008482996
-0.008880258
-0.009333933
-0.009499448
-0.00952799
-0.009590586
-0.0095601
-0.009460003
-0.009417441
-0.00923387
-0.009137428
-0.009223722
-0.009214628
-0.009256248
-0.009278722
-0.00932662
-0.009397953
-0.009344356
-0.009449602
-0.009447076
-0.009124499
-0.008780078
-0.008579981
-0.008437963
-0.008240535
-0.008220707
-0.008173028
-0.008033729
-0.007973628
-0.007900652
-0.007801388
-0.007655633
-0.007494195
-0.00728409
-0.007081918
-0.006843815
-0.006532209
-0.006231801
-0.006081634
-0.005974853
-0.00582987
-0.005996535
-0.006116458
-0.006069378
-0.006018217
-0.00596627
-0.005892971
-0.005566941
-0.005162562
-0.004840724
-0.004509804
-0.004309239
-0.004107283
-0.003914054
-0.003781974
-0.003690805
-0.003574061
-0.003388482
-0.00336239
-0.003425175
-0.003325147
-0.00326077
-0.003518136
-0.00374423
-0.003973153
-0.004144914
-0.004375233
-0.004525349
-0.004585356
-0.00472335
-0.004863265
-0.004834215
-0.004854228
-0.005036555
-0.005152203
-0.005263646
-0.005359382
-0.00537818
-0.005522916
-0.00579437
-0.005770825
-0.005498621
-0.005397735
-0.005264659
-0.005014054
-0.004775344
-0.004560486
-0.004374235
-0.004303369
-0.004254999
-0.004244157
-0.004178909
-0.004106438
-0.003868986
-0.003409853
-0.003106904
-0.002852982
-0.002537731
-0.002376045
-0.002317956
-0.002284537
-0.002300487
-0.002348059
-0.0025051
-0.002615364
-0.002588025
-0.002568442
-0.002495391
-0.002280574
-0.002013701
-0.001717955
-0.001458544
-0.001381882
-0.001497863
-0.0015405
-0.001622081
-0.00179075
-0.00187884
-0.002052508
-0.00229667
-0.002526656
-0.002673709
-0.002916221
-0.003113792
-0.0031913
-0.003250042
-0.003150784
-0.002784309
-0.002373472
-0.001951373
-0.001558401
-0.00125583
-0.0009471719
-0.0007333023
-0.0005418955
-0.0003381199
-0.0002206249
-0.000155007
-0.0001767156
-0.0001278102
5.002281e-05
0.0002366277
0.0003635328
0.0004224691
0.000404199
0.0003848221
0.0004693721
0.0004660704
0.0003922962
0.0004518803
0.0005612017
0.0007165759
0.0009100133
0.001151216
0.0014259
0.001566046
0.001610641
0.00196433
0.002100953
0.001881018
0.001788437
0.00171431
0.001513484
0.001218228
0.0009638181
0.0008147969
0.0006622904
0.000493051
0.000634767
0.0006922145
0.0005491523
0.0005446741
0.0005143383
0.0005293178
0.0006115018
0.0007156242
0.0007981581
0.000843141
0.0007814298
0.0006701783
0.0006677138
0.000727911
0.0006369942
0.0004122423
0.0002466983
1.138954e-05
-0.0001016228
-0.0001680223
-0.000551009
-0.0009504996
-0.001076668
-0.001220596
-0.001454394
-0.001689345
-0.001852688
-0.001818078
-0.001820219
-0.001877205
-0.002079201
-0.002447201
-0.002592662
-0.002774623
-0.003149256
-0.003440798
-0.003656757
-0.003943319
-0.004283167
-0.004535035
-0.00476464
-0.004738336
-0.004700216
-0.004836356
-0.004988324
-0.005041491
-0.005102167
-0.005174792
-0.005261192
-0.005309465
-0.005534793
-0.005732279
-0.005843323
-0.005998066
-0.006102797
-0.006192429
-0.006062829
-0.005862909
-0.005827512
-0.005817626
-0.005617651
-0.005389693
-0.005105715
-0.004878416
-0.004638715
-0.004346709
-0.004166284
-0.004069103
-0.003957803
-0.003843428
-0.003698915
-0.003646462
-0.003344625
-0.003056616
-0.002930818
-0.002746324
-0.002456571
-0.002210148
-0.002002994
-0.001730523
-0.001470734
-0.001212819
-0.0009448431
-0.0007241829
-0.0004253014
-0.0001067248
0.0001779147
0.0005343684
0.00077948
0.001068705
0.001274388
0.001332618
0.001425263
0.001537398
0.001488664
0.001511731
0.00169331
0.001967403
0.002281113
0.002585748
0.003031488
0.00347897
0.003757651
0.003933371
0.004176037
0.004330866
0.004420757
0.004435047
0.004366102
0.004483617
0.00443049
0.004389517
0.004483033
0.004606926
0.004784835
0.004878937
0.005036174
0.005237979
0.005241446
0.005274716
0.005235638
0.005146061
0.005153078
0.00515388
0.00512672
0.005130501
0.00537368
0.005543092
0.005786143
0.006282592
0.006660484
0.007101354
0.007716823
0.008110718
0.008247601
0.008350615
0.008409874
0.008352813
0.00826184
0.008119385
0.00785378
0.007734231
0.00759683
0.007338148
0.007281655
0.007313987
0.007196101
0.007285421
0.007512263
0.00768361
0.007724036
0.007785062
0.008018172
0.008113866
0.008064024
0.008041735
0.007988004
0.007863128
0.007761063
0.007729359
0.007673102
0.00772986
0.007929643
0.007968655
0.008035904
0.00817225
0.008307085
0.008430418
0.008681578
0.009139089
0.009217716
0.009134321
0.009280578
0.009413829
0.009582587
0.009805405
0.009951375
0.01005792
0.01019401
0.01036593
0.01048303
0.01056636
0.01073217
0.01090305
0.01106951
0.01131076
0.01151459
0.01165117
0.01170311
0.01200768
0.01234547
0.01250741
0.01268415
0.01280425
0.01302241
0.01318371
0.01325138
0.01327815
0.01324682
0.01332174
0.01342812
0.01342163
0.01350425
0.01348457
0.01338689
0.01332467
0.01320269
0.01316649
0.0131781
0.01312899
0.01295372
0.01280917
0.01294647
0.0130213
0.01290357
0.01273303
0.01264812
0.01246092
0.01226318
0.01214865
0.01192003
0.01152274
0.01116768
0.01078597
0.01045411
0.01007909
0.009770193
0.009553219
0.009281456
0.009049152
0.008787575
0.008419783
0.008195563
0.007866298
0.007401145
0.006991422
0.006594873
0.006225651
0.005833041
0.005382441
0.00500658
0.004588875
0.004085739
0.003721216
0.003319688
0.002984161
0.002720833
0.002453276
0.002259188
0.001966378
0.001516679
0.001169883
0.0007919158
0.000466589
0.0001638324
-0.0003260301
-0.0005316324
-0.0005753568
-0.0008342305
-0.0009831879
-0.001134448
-0.001295483
-0.001541404
-0.001890024
-0.00219508
-0.002525769
-0.002998136
-0.003399631
-0.003628092
-0.003979289
-0.004441327
-0.004782983
-0.005061299
-0.005388931
-0.005801734
-0.006155251
-0.00644519
-0.006809153
-0.007178033
-0.007551324
-0.007833687
-0.008110572
-0.008506839
-0.009030633
-0.009460605
-0.009722678
-0.009948938
-0.01014124
-0.0102581
-0.01031249
-0.0104107
-0.01053315
-0.01045256
-0.01034519
-0.01033678
-0.01031267
-0.01034005
-0.0102739
-0.01028086
-0.01040851
-0.01046277
-0.01057732
-0.01071464
-0.01072203
-0.01073166
-0.01067983
-0.01059497
-0.0105269
-0.0103535
-0.01018312
-0.009958385
-0.009652223
-0.009341551
-0.009100744
-0.008986189
-0.00890883
-0.00873561
-0.008547004
-0.008519387
-0.00856047
-0.008479484
-0.008516625
-0.008637996
-0.008718847
-0.008608262
-0.008442169
-0.008438054
-0.008392495
-0.008163081
-0.00803873
-0.008025797
-0.007966083
-0.007793652
-0.007740711
-0.007757195
-0.007765701
-0.007807766
-0.007898615
-0.008037304
-0.008147556
-0.008302146
-0.008405571
-0.008475923
-0.008626303
-0.008638798
-0.008616715
-0.008573643
-0.008501878
-0.0084668
-0.008237371
-0.008196978
-0.008249168
-0.008119611
-0.008154534
-0.008328505
-0.008457633
-0.008470983
-0.008517255
-0.008505904
-0.008494348
-0.008473678
-0.008393098
-0.008328079
-0.008312399
-0.008347932
-0.008186343
-0.008108781
-0.007981176
-0.007655269
-0.00739632
-0.007194435
-0.006844587
-0.006424035
-0.006104139
-0.005867567
-0.005675316
-0.005577595
-0.005604035
-0.005632758
-0.005674516
-0.005756968
-0.005851498
-0.005867327
-0.005885132
-0.005898106
-0.005764852
-0.00560799
-0.00546374
-0.005215147
-0.004796386
-0.004529739
-0.004374316
-0.004104118
-0.003936333
-0.003944346
-0.003858335
-0.003745221
-0.003712504
-0.003615066
-0.003422876
-0.003182363
-0.002932387
-0.002698029
-0.002499547
-0.002342037
-0.002239958
-0.002170946
-0.002187226
-0.002136581
-0.002042954
-0.001998939
-0.001854105
-0.00157523
-0.001248389
-0.001021469
-0.0008339228
-0.0005684036
-0.0001660394
5.062776e-05
0.0002153839
0.0005660025
0.0008603785
0.001099272
0.001330744
0.001447033
0.00148559
0.001546558
0.001552749
0.001551218
0.001476317
0.001403049
0.001297787
0.001213084
0.001345321
0.001422625
0.001510835
0.001708832
0.00195441
0.002082124
0.002212456
0.00260253
0.002835943
0.002990277
0.003143642
0.00318687
0.003226626
0.003267082
0.003386721
0.003690973
0.003902078
0.00397178
0.004067375
0.004224941
0.004375077
0.004314943
0.004174921
0.004180701
0.004150968
0.004021878
0.003897764
0.003848122
0.003825486
0.003715942
0.003623813
0.003541357
0.003348349
0.003241292
0.00313731
0.003090798
0.003053739
0.002973279
0.002876865
0.002790824
0.002621748
0.002366956
0.002146399
0.001991316
0.001768892
0.001518671
0.001348037
0.001187812
0.0009408574
0.0006995502
0.0004373425
0.0002261367
7.413863e-05
-9.964697e-05
-0.0003448999
-0.0004955832
-0.0006994144
-0.001089686
-0.001407541
-0.001591994
-0.001862157
-0.002233089
-0.002453959
-0.002657101
-0.002904667
-0.002945254
-0.002885283
-0.002870237
-0.002802243
-0.002702094
-0.002768412
-0.002900097
-0.002903322
-0.002991549
-0.003175435
-0.00330255
-0.003366212
-0.003428121
-0.003475485
-0.003487297
-0.00356418
-0.003643533
-0.003554879
-0.003493802
-0.003610049
-0.003697083
-0.003658076
-0.003631507
-0.003423416
-0.003155025
-0.002954886
-0.002595483
-0.002193143
-0.001845425
-0.001528744
-0.001156853
-0.0008172528
-0.0006623916
-0.000577694
-0.000393687
-0.0001093639
4.472358e-06
0.00014277
0.0004442975
0.000677495
0.0009365338
0.001159546
0.001147513
0.00111146
0.00100423
0.000813023
0.0005106742
0.0002334617
-9.61851e-05
-0.000450671
-0.0005847955
-0.0006784344
-0.0007182094
-0.0005827645
-0.0003424904
-4.084846e-05
0.0002101599
0.0004580146
0.000614704
0.0007200782
0.0008600767
0.001010563
0.001116263
0.001250515
0.00142197
0.001681518
0.001957054
0.002258264
0.002537661
0.002751642
0.003063073
0.00336904
0.003512315
0.003756216
0.004093466
0.004382508
0.004505234
0.004525457
0.004553959
0.004526058
0.004431325
0.004286038
0.004184128
0.00410691
0.004054902
0.003985277
0.004012839
0.004067278
0.004127245
0.004203143
0.004193342
0.004380062
0.00455544
0.004437336
0.004327247
0.004373224
0.004187594
0.004021695
0.003996059
0.003999135
0.004039574
0.004056373
0.004248897
0.004522777
0.004670376
0.004658221
0.004681491
0.004682581
0.004606933
0.004452631
0.004203724
0.004169082
0.00421223
0.004327605
0.004640033
0.005058369
0.005334068
0.005543907
0.00592215
0.006189764
0.006320812
0.006366671
0.006367617
0.00631313
0.00632663
0.006273661
0.006108186
0.005976799
0.005838977
0.005622294
0.005420753
0.005241435
0.005066129
0.004917189
0.004854611
0.004895696
0.004829127
0.004842252
0.004953284
0.004906364
0.004871856
0.004877033
0.004791026
0.00468306
0.004648023
0.004388502
0.004076119
0.003822503
0.00334771
0.002962217
0.002677403
0.002388318
0.002100579
0.001866214
0.001792822
0.00164316
0.001483012
0.001431794
0.001347995
0.001269934
0.001246734
0.001131111
0.0009595213
0.001132466
0.001173081
0.001113161
0.001191812
0.001226753
0.001141374
0.0009808262
0.0008539731
0.0006393536
0.0002701841
-4.094822e-05
-0.0002658462
-0.0004819267
-0.0009006236
-0.00120731
-0.001272468
-0.00129399
-0.001225899
-0.001114134
-0.000760844
-0.0003855714
-0.0001009632
0.0002186327
0.0004302609
0.0004708864
0.0004347562
0.0004749031
0.0005382592
0.000557756
0.0005243374
0.0004310596
0.0004238635
0.0004859618
0.0004469287
0.0004120282
0.0006425714
0.0007564428
0.0006613753
0.0006794805
0.0006323254
0.0004601456
0.0001952827
-1.598652e-05
-0.0001901977
-0.0003599099
-0.0005242758
-0.000634213
-0.0005975111
-0.0006448584
-0.0007704035
-0.0008902164
-0.00087926
-0.0009214407
-0.001097818
-0.001295744
-0.001460987
-0.001601868
-0.001777904
-0.001895104
-0.001878744
-0.001942349
-0.002235369
-0.002366492
-0.002382145
-0.002579746
-0.002712954
-0.002819786
-0.002974655
-0.003147697
-0.003345174
-0.003358903
-0.003260834
-0.003276987
-0.00339592
-0.003512093
-0.003439324
-0.003375055
-0.003405875
-0.003362816
-0.00332831
-0.003387337
-0.003443257
-0.003631916
-0.003791423
-0.00371758
-0.003791942
-0.00387398
-0.003694006
-0.003563378
-0.00350296
-0.003276609
-0.003049536
-0.002797041
-0.002480102
-0.002169486
-0.001797259
-0.001531519
-0.001396351
-0.00130505
-0.001282508
-0.001264845
-0.001341233
-0.001540236
-0.001489892
-0.001365428
-0.001382537
-0.001430757
-0.001529355
-0.001628777
-0.001824728
-0.002224324
-0.002513931
-0.002772051
-0.003170923
-0.003469678
-0.003572833
-0.003646088
-0.003684839
-0.003657349
-0.003493294
-0.003223317
-0.002977389
-0.002754835
-0.002384261
-0.002095752
-0.001925939
-0.001958909
-0.002008835
-0.001886707
-0.001881367
-0.002161775
-0.00233656
-0.002395172
-0.00250384
-0.002574682
-0.002486546
-0.002360819
-0.002420277
-0.00246592
-0.002360642
-0.002180598
-0.002107616
-0.002037165
-0.002025391
-0.00206477
-0.00209109
-0.002213953
-0.002366239
-0.002394779
-0.002457186
-0.002618407
-0.002703883
-0.002664585
-0.002673854
-0.002904087
-0.003062141
-0.00312668
-0.003302385
-0.003542024
-0.003670558
-0.003655156
-0.003646713
-0.003677301
-0.003576724
-0.003614705
-0.003768408
-0.003736282
-0.003618787
-0.00359012
-0.003624727
-0.003654548
-0.003552731
-0.003360739
-0.003186484
-0.003045286
-0.002894269
-0.002729548
-0.002525683
-0.002389607
-0.002241041
-0.001987806
-0.001766579
-0.001505303
-0.001287677
-0.00122425
-0.001013973
-0.0008713821
-0.0008916733
-0.0009422821
-0.001165924
-0.001527246
-0.001889351
-0.002338775
-0.003010031
-0.003624436
-0.003956737
-0.004318547
-0.004710425
-0.005013144
-0.005183002
-0.005277799
-0.005352326
-0.005277882
-0.005109995
-0.004966824
-0.005018995
-0.005102652
-0.005039334
-0.005061813
-0.005194594
-0.005318885
-0.005368011
-0.005395649
-0.00547597
-0.005529078
-0.005522706
-0.005415352
-0.005351418
-0.005208546
-0.004939446
-0.004589683
-0.004294362
-0.004038116
-0.003833721
-0.003734065
-0.003316897
-0.003047275
-0.002973808
-0.002822702
-0.002720672
-0.002642516
-0.00241716
-0.002334917
-0.002359006
-0.002218289
-0.002075597
-0.002108232
-0.002150609
-0.002011388
-0.001987294
-0.002047935
-0.002047513
-0.001923903
-0.001903162
-0.001929399
-0.001861891
-0.001906282
-0.001979697
-0.001950131
-0.001985588
-0.001959516
-0.001988784
-0.00217193
-0.002277396
-0.002387273
-0.002632231
-0.002932439
-0.003114963
-0.003135925
-0.003033653
-0.002829808
-0.002700011
-0.002542007
-0.00217538
-0.001740475
-0.001328419
-0.001017562
-0.0006053865
-0.0002308559
-9.45555e-05
0.0001153158
0.0003955079
0.0005735652
0.0007038276
0.0007334363
0.0007343061
0.000710148
0.0005544304
0.0003053972
-3.955181e-05
-0.0003860936
-0.000519852
-0.0007023582
-0.0008584735
-0.0007435589
-0.0006305662
-0.0004723412
-0.0002608182
-6.795818e-05
-7.66261e-05
-4.03503e-05
2.392789e-05
-3.351974e-05
-0.0003103252
-0.0004660281
-0.0002760072
-7.206056e-05
8.530533e-05
0.000320856
0.0005728872
0.0009067678
0.001122337
0.001139713
0.001174833
0.001113918
0.001025375
0.0009583793
0.0009460283
0.0009185069
0.0007011816
0.0006020947
0.00064757
0.0006757645
0.0007912947
0.001024263
0.001272686
0.001530774
0.001816883
0.002004375
0.00208207
0.002110787
0.002092464
0.002045207
0.001904775
0.001743621
0.001619529
0.001512699
0.001414452
0.001589917
0.001716582
0.001760857
0.001963258
0.002291432
0.002508335
0.0026646
0.002957705
0.00337014
0.003611294
0.003803882
0.003964139
0.00396089
0.004045733
0.004090695
0.004150472
0.004384085
0.004757629
0.005165953
0.005583962
0.005990752
0.00624963
0.006580047
0.006951487
0.007121392
0.00709308
0.007067298
0.007005297
0.006836918
0.006649921
0.006453265
0.006222373
0.006052982
0.00594043
0.005827126
0.005897385
0.006028332
0.006128881
0.006169162
0.006087192
0.006068006
0.005922389
0.005596474
0.005336983
0.005255838
0.005180017
0.00510518
0.005021774
0.005183764
0.005313708
0.005511961
0.00595246
0.006341941
0.006599543
0.006816158
0.007015824
0.007267556
0.007551436
0.007729807
0.007921587
0.008164001
0.008213409
0.008421236
0.008821373
0.009093484
0.009288876
0.009488323
0.009602434
0.009675828
0.009707969
0.009777892
0.00977961
0.009602319
0.009598564
0.00969862
0.009634981
0.009670191
0.00970004
0.009647357
0.00961425
0.009683413
0.009825848
0.009789002
0.009836148
0.009963224
0.0099092
0.009823868
0.009676982
0.009347729
0.00902631
0.008773741
0.008502909
0.008119004
0.007692962
0.00751095
0.007275347
0.00694388
0.006675011
0.006410072
0.006031651
0.005760727
0.005485571
0.005256357
0.005247932
0.005276488
0.005203506
0.00525277
0.005390964
0.005454281
0.005616627
0.005746363
0.005731098
0.005803933
0.005816277
0.005796303
0.005705674
0.005513962
0.005422538
0.005336715
0.005222496
0.005224539
0.00510163
0.004849683
0.004742622
0.004610183
0.004367922
0.004168849
0.003922239
0.003705918
0.00354274
0.00340666
0.003277484
0.003263001
0.003380569
0.003348972
0.00331583
0.003468586
0.003492431
0.003340804
0.003410651
0.00341257
0.003180846
0.003186743
0.003244412
0.003148948
0.003008174
0.00303968
0.003087934
0.003015982
0.002949485
0.00289683
0.002905626
0.002788192
0.00259079
0.002480284
0.002222608
0.0018927
0.001752762
0.001565397
0.001453401
0.001313023
0.001054089
0.0009106428
0.0008337573
0.0006608627
0.0005260555
0.0004162237
0.0001038064
-7.995091e-05
-0.0001316557
-0.0002568624
-0.0004153343
-0.0005038609
-0.0006282998
-0.0007743352
-0.0008194186
-0.0009163424
-0.001093233
-0.001323392
-0.001525149
-0.001621003
-0.001822586
-0.001861831
-0.001989907
-0.002275577
-0.002354258
-0.00238616
-0.002495818
-0.002638494
-0.002826815
-0.002951289
-0.003004903
-0.003175239
-0.003219503
-0.003287026
-0.003430624
-0.003601696
-0.003780656
-0.004077691
-0.004446715
-0.00472849
-0.005185001
-0.005620252
-0.005986634
-0.006283934
-0.006759128
-0.007212353
-0.007422478
-0.007647541
-0.008037202
-0.008189726
-0.008261417
-0.008345125
-0.008461623
-0.008438358
-0.008306602
-0.008199128
-0.008022884
-0.007752001
-0.007582089
-0.007428719
-0.007374651
-0.007338063
-0.007245562
-0.007259331
-0.007450753
-0.007565648
-0.00771861
-0.00791529
-0.008147982
-0.008340205
-0.008584272
-0.00888402
-0.009246646
-0.009634944
-0.01003507
-0.01022301
-0.01030231
-0.01042141
-0.01050824
-0.01041028
-0.01048611
-0.01059333
-0.01033123
-0.01026479
-0.01031296
-0.01016155
-0.01008158
-0.009899309
-0.009752143
-0.009716969
-0.009493118
-0.009301679
-0.009177641
-0.008958099
-0.008833282
-0.008749474
-0.008590213
-0.008336351
-0.008096219
-0.007835176
-0.007632997
-0.007444319
-0.007169071
-0.006796331
-0.00641867
-0.006237633
-0.005948471
-0.005631073
-0.005407279
-0.005244264
-0.005130801
-0.004882854
-0.004686629
-0.004376153
-0.003959383
-0.003690334
-0.00338208
-0.002994219
-0.002564797
-0.002195846
-0.002061002
-0.002021361
-0.001752392
-0.001599655
-0.001680842
-0.001809834
-0.00201321
-0.002107539
-0.002144366
-0.002334099
-0.002341245
-0.002215482
-0.002128019
-0.002018379
-0.001920375
-0.001808374
-0.001544489
-0.001302194
-0.001139276
-0.000933522
-0.0008185641
-0.0007579423
-0.0005971801
-0.000529895
-0.0004952833
-0.0004717939
-0.0003474934
-0.0001112497
-0.0001777941
-0.0001480717
-6.003502e-06
-3.079703e-05
-0.0001285642
-0.0001412894
-0.0002566383
-0.0002648401
-0.0002681138
-0.0003548643
-0.0003018145
-0.0002171537
-0.0002919071
-0.0003183544
-0.0001750382
-3.138052e-05
-4.750075e-05
-1.660207e-05
0.0001912415
0.0004640887
0.0006136431
0.0007256564
0.0009098244
0.001095425
0.001141486
0.001041844
0.0009808501
0.000933158
0.0008427013
0.0008510531
0.000829112
0.0009082166
0.0009197362
0.000872239
0.001066488
0.001226666
0.00139919
0.001504046
0.001675164
0.001839583
0.00193547
0.001961857
0.001931039
0.001835136
0.001761259
0.001707162
0.001568921
0.001349771
0.001206007
0.001163447
0.001137525
0.001048425
0.0009665541
0.0008839318
0.0009068433
0.001085023
0.00108055
0.001072058
0.001090794
0.001116796
0.00110342
0.001037779
0.001148673
0.001264144
0.001436323
0.001511408
0.001487709
0.001493261
0.001400953
0.001298755
0.001185792
0.0008626073
0.0004746801
0.0002028015
-5.142339e-05
-0.0004562481
-0.0007472689
-0.0009393492
-0.001136964
-0.001312452
-0.001576742
-0.00185766
-0.002039084
-0.002140014
-0.002339952
-0.002395605
-0.002412582
-0.002529051
-0.002600065
-0.002690326
-0.002663833
-0.002533303
-0.002639795
-0.002843724
-0.002829476
-0.002820256
-0.002989864
-0.003179557
-0.003291338
-0.003452183
-0.003707955
-0.003781312
-0.003753811
-0.003903287
-0.00408453
-0.00416242
-0.004294105
-0.00449481
-0.004603349
-0.004706147
-0.004807929
-0.004914004
-0.005122326
-0.005245059
-0.005211834
-0.005182569
-0.005191736
-0.005274644
-0.00540912
-0.005510428
-0.005775914
-0.006100283
-0.006241087
-0.006499312
-0.006721883
-0.006854694
-0.007015851
-0.007150231
-0.007203821
-0.007160596
-0.007003412
-0.006737651
-0.006532483
-0.006355967
-0.006090292
-0.005838181
-0.005779828
-0.005743641
-0.005763906
-0.006008287
-0.006472479
-0.007041339
-0.007202002
-0.007138242
-0.007207963
-0.007199314
-0.007093322
-0.006854327
-0.006560313
-0.00615406
-0.005975894
-0.005745551
-0.005631409
-0.005704073
-0.005508911
-0.005417155
-0.005439974
-0.005355899
-0.005238847
-0.005215192
-0.005020397
-0.004729136
-0.004475218
-0.004217532
-0.00404475
-0.003734639
-0.003538377
-0.003520249
-0.003324098
-0.003180851
-0.003031303
-0.002984882
-0.002991319
-0.002954386
-0.002848764
-0.002652467
-0.002557705
-0.002579602
-0.002612999
-0.002592699
-0.002548455
-0.002404718
-0.002179125
-0.001936169
-0.001728135
-0.001455947
-0.001253417
-0.001063805
-0.00090967
-0.000757414
-0.000519469
-0.0002282068
-0.0001119139
4.112677e-06
0.0002240523
0.0003616766
0.0004249105
0.0005452505
0.0007217977
0.0008474908
0.0009151779
0.0009648955
0.0009769838
0.0009591952
0.0009809264
0.001155692
0.001382416
0.001536712
0.0016953
0.001879839
0.002141396
0.002504779
0.002758902
0.002916752
0.003318133
0.003730726
0.003939933
0.004057422
0.004296056
0.004520906
0.004715097
0.004819736
0.004828778
0.005007538
0.005064078
0.005091351
0.005272153
0.005378097
0.005420319
0.005503764
0.005585413
0.005558783
0.005617547
0.005841395
0.006040624
0.006159794
0.00627259
0.006486198
0.006791043
0.007059309
0.007343241
0.0075069
0.007710373
0.008019822
0.008181036
0.008305157
0.008533007
0.008716248
0.008787286
0.008906221
0.009154624
0.009382076
0.009453922
0.009533509
0.009739412
0.009890748
0.009948721
0.009916951
0.009870573
0.009876065
0.009769038
0.009696447
0.009562265
0.009492302
0.00939902
0.009263414
0.009231993
0.009314298
0.009320241
0.00937124
0.009608698
0.009694056
0.009659441
0.009803647
0.01007931
0.01029272
0.0103159
0.01031854
0.01041198
0.01051214
0.01060153
0.0106081
0.01064058
0.01076679
0.01081467
0.01085302
0.01092816
0.01095506
0.01090349
0.01086285
0.0107768
0.01087218
0.01090038
0.01072465
0.01077246
0.01070717
0.01062843
0.0106387
0.0105914
0.01053059
0.01030658
0.01002192
0.009868213
0.009760562
0.009642165
0.009518512
0.009316184
0.0090546
0.008871044
0.008756557
0.008705432
0.008467624
0.008066742
0.007816755
0.007641438
0.007379597
0.007137976
0.006803772
0.006583544
0.006450489
0.006219354
0.00600913
0.005851146
0.005680285
0.005741391
0.005811196
0.005863052
0.005889758
0.005818894
0.005770619
0.005692526
0.005524323
0.005200518
0.004869993
0.004570887
0.004272331
0.003951306
0.003606659
0.003282662
0.002932781
0.002530874
0.002182413
0.001947748
0.001566758
0.001189205
0.0008577367
0.0006081173
0.0004127855
0.0001772178
-4.632941e-05
-0.0002894963
-0.0006316907
-0.000896554
-0.001151577
-0.001328909
-0.001522808
-0.001831641
-0.002019569
-0.00221318
-0.002372317
-0.002522685
-0.00255343
-0.002526927
-0.002422381
-0.00235822
-0.002288511
-0.002175605
-0.00198976
-0.00180924
-0.001610988
-0.001521818
-0.001596341
-0.001784812
-0.001934648
-0.001984163
-0.002131002
-0.002324571
-0.002448977
-0.002510772
-0.002557839
-0.002654045
-0.002783704
-0.002776855
-0.002679673
-0.002504447
-0.002338083
-0.002259817
-0.002124919
-0.001930128
-0.001807951
-0.00166727
-0.00159245
-0.001648707
-0.001784277
-0.001946611
-0.002089658
-0.002272472
-0.002417709
-0.00248332
-0.002608727
-0.00263263
-0.002511418
-0.002390313
-0.002308814
-0.002238487
-0.002146936
-0.002013349
-0.002123709
-0.002234874
-0.002199637
-0.00221041
-0.002159306
-0.002296901
-0.002569563
-0.00262242
-0.002656951
-0.002717777
-0.002788428
-0.002773912
-0.002735353
-0.002699277
-0.002706455
-0.002647742
-0.00249829
-0.002538059
-0.002580095
-0.002498256
-0.002403182
-0.002429214
-0.002526937
-0.002664684
-0.002846212
-0.003154795
-0.003427645
-0.003689163
-0.003985728
-0.004287378
-0.004640264
-0.004733864
-0.004833483
-0.005125998
-0.00536566
-0.005455733
-0.005549274
-0.005686497
-0.005858747
-0.006063387
-0.006269725
-0.006432007
-0.006660412
-0.006885214
-0.007035601
-0.00727998
-0.00755638
-0.007636812
-0.007644523
-0.007758865
-0.007806962
-0.00757596
-0.00721947
-0.006948412
-0.006739673
-0.006508703
-0.006197607
-0.00597265
-0.005800774
-0.005645718
-0.005456006
-0.005177693
-0.005042982
-0.004961493
-0.004877485
-0.00479537
-0.004661535
-0.004426459
-0.00442429
-0.004521223
-0.00439855
-0.004362581
-0.004432965
-0.004479469
-0.004388697
-0.00429253
-0.004138915
-0.003992305
-0.003820812
-0.003725774
-0.003587364
-0.003360758
-0.003368215
-0.003442015
-0.003112751
-0.003034726
-0.003221388
-0.002985413
-0.002619948
-0.00239113
-0.002195328
-0.001886816
-0.001630147
-0.001554489
-0.001420464
-0.001303507
-0.001277227
-0.001134585
-0.0009994845
-0.001009309
-0.0008148994
-0.0006293172
-0.0004059234
-9.397953e-05
0.0003287577
0.0007442328
0.00121212
0.001704564
0.002060148
0.002259341
0.002444906
0.002593349
0.002590861
0.002521043
0.002408375
0.002413578
0.002440458
0.002449316
0.002402457
0.00230248
0.002311281
0.002383092
0.002620254
0.002769587
0.002935738
0.003123386
0.003280541
0.003622476
0.003921112
0.004049524
0.004135532
0.004350134
0.004383252
0.004312475
0.004329156
0.004258892
0.00422267
0.004180551
0.004185862
0.00413606
0.004116292
0.004235611
0.004270123
0.004292068
0.004358553
0.004275339
0.004164279
0.004108656
0.003993721
0.003895925
0.003677818
0.00342331
0.003405149
0.003318811
0.003256268
0.003154275
0.002889926
0.002804734
0.002626688
0.002401448
0.002283691
0.002082359
0.001830231
0.001565475
0.001298586
0.001124416
0.001060454
0.00114668
0.00113038
0.0009424799
0.0008395997
0.0006993789
0.0004754822
0.0002982059
4.823854e-05
-0.0001036997
-0.0002289256
-0.0003200194
-0.0003741773
-0.0003592005
-0.0002678489
-0.0002321014
-0.0002608705
-0.0003817807
-0.0004509293
-0.000443544
-0.0005385981
-0.0005474605
-0.000670008
-0.0007649934
-0.0007159991
-0.000796078
-0.0008191197
-0.0006749533
-0.0006339285
-0.0005637424
-0.0005206871
-0.0005117888
-0.0003997542
-0.0004387534
-0.0005923072
-0.0006254141
-0.0006398599
-0.0006283147
-0.0004795777
-0.0004135554
-0.00030164
-8.537032e-05
6.578996e-05
0.0001795598
0.0002830326
0.0003943652
0.0004978384
0.0004626025
0.0004584131
0.0004318382
0.0003536172
0.0002435408
0.0001283928
-5.525024e-05
-0.0002269283
-0.0002093183
-0.0003914021
-0.0005550721
-0.0005724734
-0.0005935083
-0.0006473978
-0.0007040485
-0.0006354115
-0.0006719055
-0.0009297154
-0.001216972
-0.001338416
-0.001494374
-0.001950167
-0.002435658
-0.002702154
-0.002868793
-0.00307583
-0.00325748
-0.003364955
-0.003538061
-0.003612142
-0.003669941
-0.003644898
-0.003719266
-0.003791087
-0.003645311
-0.00346273
-0.003523534
-0.003601148
-0.003613744
-0.003802368
-0.004137342
-0.004346527
-0.004456903
-0.004656427
-0.004946834
-0.005103275
-0.005183593
-0.005461056
-0.005685071
-0.005835804
-0.005986679
-0.006126475
-0.006408763
-0.006505503
-0.006540786
-0.006642248
-0.006726709
-0.00685013
-0.006950602
-0.006907183
-0.00683915
-0.006919066
-0.007057541
-0.00705202
-0.00699852
-0.006992709
-0.007065528
-0.007025885
-0.006903311
-0.006870399
-0.00678105
-0.00647469
-0.006319009
-0.006245366
-0.006106122
-0.005848116
-0.005604215
-0.005442417
-0.005121568
-0.004785909
-0.004496158
-0.004323287
-0.004087402
-0.00379434
-0.003700265
-0.003666139
-0.003414342
-0.003287297
-0.003289427
-0.003256922
-0.003236209
-0.003218663
-0.003290705
-0.003438323
-0.003303251
-0.003159603
-0.003322746
-0.003488711
-0.003638669
-0.003806264
-0.003819873
-0.003854231
-0.003870723
-0.003798323
-0.003722485
-0.00338512
-0.003101265
-0.002912689
-0.002518275
-0.002299493
-0.002191968
-0.002094714
-0.002149214
-0.002246533
-0.002197747
-0.00218529
-0.002262334
-0.002139221
-0.001971791
-0.001809864
-0.001770683
-0.001627462
-0.00126389
-0.0009484543
-0.0007102819
-0.0005252562
-0.0002615997
-7.774021e-05
-4.74915e-05
-1.856487e-05
-2.928863e-06
-4.921629e-08
-1.833431e-05
-5.010005e-05
-2.71413e-05
2.730193e-05
7.067072e-05
3.88978e-05
0.0001468743
0.0003178914
0.0004692246
0.0005500391
0.0006103605
0.0006492228
0.0006210142
0.0006030189
0.0005218076
0.0004006926
0.000376797
0.000333716
0.0003513935
0.0003360824
0.0003459786
0.0005607412
0.0007569347
0.0009437606
0.001181473
0.001515075
0.001725024
0.001887469
0.002341545
0.002721473
0.002966007
0.003388867
0.003836369
0.004211473
0.004646545
0.005085728
0.005416143
0.005728476
0.005983375
0.006298388
0.006393354
0.006451821
0.006789816
0.007073656
0.007295143
0.007571343
0.007789519
0.008093363
0.00834859
0.008496394
0.008649756
0.008719604
0.008682334
0.008559028
0.008401465
0.008400495
0.008272277
0.007964245
0.007844571
0.007884887
0.007911566
0.007809252
0.007769934
0.007829967
0.007782669
0.00770471
0.007678623
0.007747022
0.007673464
0.007586038
0.00752997
0.007550175
0.007496911
0.007325527
0.00720362
0.007114509
0.00697937
0.006859189
0.006748882
0.006666791
0.006490599
0.006394599
0.006409172
0.006390741
0.006286089
0.006241061
0.006233557
0.006152507
0.006180733
0.0061726
0.006166137
0.006205513
0.006227745
0.006285518
0.006335996
0.006270513
0.006190554
0.006181728
0.006066727
0.005898812
0.005671969
0.005440039
0.0052222
0.004955422
0.004746748
0.004580531
0.004371838
0.004105538
0.003887323
0.003653248
0.003430816
0.003264526
0.00307402
0.002897304
0.002699456
0.002558361
0.002408599
0.00222927
0.002123026
0.001781807
0.001279265
0.001115564
0.00104111
0.0007878914
0.000416048
0.0001313374
4.65024e-05
-2.245613e-05
-7.931941e-05
-7.331791e-05
-0.0001209034
-1.422447e-06
0.0001680887
0.0003080909
0.0002901857
0.0002480024
0.0001768186
0.000109624
-7.302038e-05
-0.0001441174
-0.0002734485
-0.0005715766
-0.000843238
-0.001130007
-0.001315042
-0.001441993
-0.001561852
-0.00175526
-0.001895607
-0.002038313
-0.002307276
-0.002572481
-0.002829504
-0.003078762
-0.003357908
-0.003792662
-0.004146628
-0.004411463
-0.00457313
-0.004772103
-0.004955276
-0.005112216
-0.005093612
-0.00513179
-0.005087377
-0.005107107
-0.005140297
-0.004847812
-0.00460346
-0.00462486
-0.004566364
-0.004388772
-0.004278258
-0.004145594
-0.004133315
-0.004086069
-0.003991051
-0.004037405
-0.004059977
-0.00396213
-0.00392666
-0.00388994
-0.003924374
-0.004046999
-0.00419057
-0.004038807
-0.003945848
-0.003973597
-0.004041605
-0.004145324
-0.004236558
-0.004301138
-0.004332888
-0.004411634
-0.004296549
-0.0041692
-0.004133181
-0.003990987
-0.003712836
-0.003381975
-0.003146704
-0.003057685
-0.003031016
-0.002831967
-0.002778809
-0.002676584
-0.002473982
-0.002448642
-0.002411226
-0.002186444
-0.001989065
-0.001786495
-0.001599746
-0.001388718
-0.001070122
-0.0007162021
-0.0003143136
-1.99382e-05
0.0001209581
0.000335746
0.0005325508
0.0004899313
0.000571159
0.0006701534
0.000668846
0.0006611109
0.0007407183
0.0008837264
0.001006403
0.001167529
0.001341425
0.001565476
0.001645672
0.001801126
0.001861256
0.001820932
0.001891461
0.001859608
0.001813647
0.001768436
0.001689982
0.001674187
0.00177459
0.001891775
0.002062595
0.002114377
0.002306228
0.002602709
0.002817996
0.003040831
0.003287343
0.003540586
0.003777658
0.003947233
0.004111139
0.004370929
0.004554896
0.004752388
0.005039076
0.00514508
0.005235524
0.005213842
0.0053257
0.005490118
0.005424405
0.00539483
0.005364569
0.005388206
0.005527357
0.005607261
0.005700962
0.005877091
0.005991714
0.006238794
0.006610892
0.006859967
0.007061565
0.007200086
0.007254191
0.007263892
0.007254969
0.0071895
0.007087727
0.007010925
0.006870968
0.006743188
0.006801344
0.00685204
0.006803982
0.006734959
0.006824536
0.006875327
0.006726476
0.006577475
0.006527553
0.006531479
0.006450176
0.006226255
0.006054193
0.005936947
0.005725856
0.005481087
0.005185687
0.005087653
0.004934792
0.004652418
0.004439097
0.004265442
0.004087161
0.003914353
0.003673493
0.003417572
0.003354349
0.003195919
0.002987966
0.002786867
0.002562103
0.002458061
0.0023979
0.002163248
0.001927343
0.001776813
0.001704552
0.001565782
0.001348446
0.001285513
0.001326868
0.001196142
0.001020132
0.001037332
0.00102255
0.0009274127
0.0006862095
0.000561131
0.0005629173
0.0004556254
0.0003670803
0.0001848496
-6.285e-05
-2.260953e-05
-0.0001095027
-0.0005028977
-0.0006861977
-0.0007693697
-0.0009965424
-0.001217895
-0.001351439
-0.0012741
-0.001260788
-0.00129827
-0.001281715
-0.001169394
-0.001031324
-0.001002843
-0.001097992
-0.001066205
-0.0009957105
-0.001155858
-0.001197639
-0.001229987
-0.001326811
-0.001375735
-0.001378077
-0.001315696
-0.001327041
-0.001369922
-0.001371458
-0.00134583
-0.00140187
-0.001406511
-0.001554156
-0.001738883
-0.001878263
-0.001966234
-0.002150632
-0.002433168
-0.002633872
-0.002813653
-0.003122455
-0.003541178
-0.003905844
-0.004168311
-0.004396802
-0.004558008
-0.004759641
-0.005071984
-0.005171172
-0.005182674
-0.00518484
-0.005206425
-0.005314195
-0.005357896
-0.005286133
-0.005223106
-0.005150286
-0.005193465
-0.005305223
-0.005329276
-0.005296583
-0.00532851
-0.005574007
-0.00577045
-0.005636411
-0.005509943
-0.005610654
-0.005673975
-0.005576356
-0.005472132
-0.005486798
-0.005557424
-0.00542219
-0.005363611
-0.005433104
-0.005496745
-0.00557757
-0.005653458
-0.0056454
-0.005666811
-0.00569376
-0.005662834
-0.00558191
-0.005547959
-0.005491128
-0.005452606
-0.005557942
-0.005665078
-0.005696093
-0.005813491
-0.00595071
-0.005973302
-0.006006104
-0.005947523
-0.005934084
-0.005942907
-0.005942892
-0.006012334
-0.005950319
-0.006052851
-0.006151477
-0.006109398
-0.006005556
-0.006047256
-0.005881313
-0.005626449
-0.005575153
-0.005517538
-0.005228001
-0.005008674
-0.00492357
-0.004861405
-0.004865298
-0.004763745
-0.004612767
-0.004478434
-0.004253416
-0.004084223
-0.003894611
-0.003688539
-0.003675148
-0.00368438
-0.00360293
-0.003685353
-0.003809207
-0.003970864
-0.004150428
-0.004281212
-0.004402359
-0.004516155
-0.004584927
-0.004596989
-0.004486656
-0.004257584
-0.004139406
-0.003948905
-0.003660113
-0.003426061
-0.003100112
-0.002846139
-0.002663837
-0.002453447
-0.002200553
-0.002170325
-0.002141082
-0.002029308
-0.002020061
-0.002078859
-0.002068199
-0.002035719
-0.002150832
-0.002221189
-0.002131838
-0.002166356
-0.002224467
-0.002191327
-0.002013488
-0.001857604
-0.001881676
-0.001893727
-0.001855944
-0.001874014
-0.001968074
-0.002224714
-0.002467461
-0.002456521
-0.002561149
-0.002782525
-0.002711856
-0.002695652
-0.002793822
-0.002969319
-0.002998119
-0.002951609
-0.003038422
-0.003193744
-0.003355143
-0.00341796
-0.0034426
-0.003516356
-0.0035834
-0.003625486
-0.003519717
-0.003402832
-0.003249095
-0.003057092
-0.002859535
-0.002726398
-0.002646062
-0.002422017
-0.002236853
-0.002171883
-0.002170544
-0.002040257
-0.001895642
-0.001817595
-0.001816327
-0.001853703
-0.00172001
-0.001705628
-0.00182574
-0.001622652
-0.001437886
-0.00141998
-0.001256552
-0.001100111
-0.001038444
-0.0009820932
-0.000927227
-0.0009053054
-0.000953657
-0.001052782
-0.001101837
-0.001238575
-0.001312366
-0.001406258
-0.00152774
-0.001586991
-0.001662495
-0.001845458
-0.001983608
-0.001999305
-0.002125537
-0.002191444
-0.002095977
-0.002015716
-0.001958987
-0.001826834
-0.00166507
-0.001594432
-0.001521984
-0.001329181
-0.001237351
-0.001242298
-0.0009545397
-0.0007405924
-0.0005794736
-0.0004904854
-0.0004248024
-0.0002639823
-4.566259e-05
0.0001642274
0.000220375
0.0003495763
0.0007378392
0.001003023
0.001070189
0.001054821
0.001135997
0.001286524
0.001458446
0.001571408
0.001602033
0.001616997
0.001598132
0.001652728
0.001664494
0.001564851
0.001619152
0.001702333
0.001714834
0.001698643
0.001633932
0.001589888
0.001665797
0.001636572
0.001420483
0.001454564
0.001561623
0.001627857
0.001500156
0.00132257
0.001357619
0.001350155
0.001294111
0.001236208
0.001197567
0.001377995
0.001572766
0.001718545
0.002010964
0.00235746
0.002578518
0.002717773
0.00283305
0.002956283
0.002935738
0.002872334
0.002848561
0.002801969
0.002825884
0.002894223
0.002811367
0.002758795
0.002841144
0.002868899
0.002872294
0.002918517
0.0029145
0.002883543
0.002908799
0.002867738
0.002741672
0.002621112
0.002548848
0.00251911
0.002468648
0.002326621
0.002326899
0.002481802
0.00248956
0.002399062
0.002416398
0.00245088
0.002410138
0.002357411
0.002381691
0.002317028
0.002180156
0.001947009
0.001925535
0.00188482
0.001567606
0.001253246
0.001181135
0.001056631
0.0007494777
0.0004771035
0.0005041768
0.0004932651
0.0003564563
0.0003159191
0.0004116828
0.000406447
0.0003266339
0.0004151968
0.0005251655
0.0005601901
0.0007404498
0.0009918848
0.001141925
0.001346596
0.001582885
0.00182131
0.00180775
0.001760946
0.001678153
0.001486905
0.001389971
0.001328776
0.001223305
0.001164694
0.001120842
0.001079202
0.001166774
0.00120617
0.001159286
0.001009624
0.001096919
0.001306218
0.001355016
0.001475082
0.001737082
0.001951147
0.00223269
0.002549787
0.002674858
0.002917874
0.003130131
0.003154084
0.00326584
0.003357499
0.003346773
0.003358227
0.00353348
0.003779004
0.003901118
0.003879739
0.003955963
0.004205428
0.004234254
0.004222639
0.004285749
0.004311374
0.004418978
0.004468316
0.004440357
0.004390702
0.004456855
0.004687434
0.004940604
0.005123119
0.005241282
0.005360592
0.00557291
0.005816097
0.005943911
0.00615216
0.006402105
0.006519316
0.006530962
0.006601355
0.00667199
0.006624654
0.006627596
0.006588159
0.006466045
0.00634845
0.006212645
0.005977258
0.005728999
0.0056323
0.005628322
0.005535011
0.005457949
0.005302978
0.005210299
0.005279934
0.005248702
0.005121095
0.005084573
0.005068993
0.004946382
0.004924176
0.00495308
0.005126974
0.005136691
0.005088931
0.005123463
0.005132015
0.005195456
0.004990518
0.004752822
0.004759888
0.004590112
0.004281692
0.00400087
0.003677242
0.003333041
0.002996275
0.002807847
0.002727538
0.002622319
0.002574139
0.002601065
0.002551122
0.002543922
0.002611776
0.002551293
0.002661959
0.00285852
0.002933356
0.002912823
0.002886487
0.002892013
0.0028319
0.002789176
0.002675696
0.002509167
0.002424336
0.00239744
0.002334087
0.002234869
0.00235734
0.002491101
0.002446249
0.0023662
0.002390902
0.002481269
0.002440497
0.002316056
0.002261216
0.002226924
0.00211654
0.00194609
0.001700435
0.001673542
0.001656731
0.001430408
0.001143719
0.001046655
0.0009289995
0.0008109929
0.0006623781
0.0005039499
0.0006688026
0.00080532
0.0008589403
0.0009529232
0.001053521
0.001139469
0.001087278
0.0009992775
0.0009467333
0.0007228645
0.000451955
0.0003327665
0.0001820371
2.376113e-05
-0.0001274183
-0.0002951097
-0.0003098793
-0.0005193178
-0.0008945993
-0.001174218
-0.001273178
-0.001564568
-0.001990442
-0.002208739
-0.002123066
-0.002215097
-0.002387365
-0.002322181
-0.002358935
-0.002498242
-0.002727219
-0.003011428
-0.00315141
-0.003338921
-0.003642052
-0.003918108
-0.004013681
-0.004223293
-0.004412123
-0.004386385
-0.004505377
-0.004697236
-0.004781296
-0.004799846
-0.004869892
-0.005035035
-0.005013849
-0.004962395
-0.005139492
-0.005283546
-0.005156751
-0.005062277
-0.005151624
-0.005214012
-0.005102099
-0.005138263
-0.005281144
-0.005290629
-0.00528635
-0.005278688
-0.005298278
-0.005254046
-0.005212872
-0.005227172
-0.005208152
-0.005257478
-0.005314121
-0.005166357
-0.004939128
-0.004900278
-0.004857263
-0.004811942
-0.004772136
-0.004762201
-0.004777661
-0.004742349
-0.004660232
-0.004721798
-0.004779423
-0.00462761
-0.00456764
-0.004568393
-0.004551071
-0.004554318
-0.004475927
-0.004399628
-0.004337938
-0.00419874
-0.004073971
-0.004047934
-0.003947616
-0.003881315
-0.003892712
-0.003915216
-0.003841776
-0.003936291
-0.004130853
-0.00422603
-0.004148154
-0.004180926
-0.004234414
-0.004208862
-0.004091543
-0.003982857
-0.003969428
-0.003900377
-0.003742409
-0.003658308
-0.003678355
-0.003708139
-0.00369014
-0.003713061
-0.003736996
-0.003770798
-0.00389022
-0.004054341
-0.004033618
-0.00413368
-0.004499196
-0.004552756
-0.004262464
-0.004207666
-0.00430858
-0.004311364
-0.004327973
-0.00426666
-0.00410451
-0.004044885
-0.004059375
-0.004021656
-0.00398162
-0.00383454
-0.003754236
-0.003750386
-0.003849637
-0.003892913
-0.003803272
-0.003799554
-0.00382903
-0.0036733
-0.003498339
-0.003460904
-0.003456667
-0.003372801
-0.003176835
-0.0031238
-0.003108945
-0.003068678
-0.002852941
-0.002660665
-0.002585534
-0.002645425
-0.002572539
-0.0022716
-0.002159962
-0.002092095
-0.002010732
-0.002046483
-0.002164912
-0.002165884
-0.002201065
-0.002309646
-0.002407646
-0.002484679
-0.002464427
-0.002433942
-0.002397332
-0.002318446
-0.002125728
-0.001940205
-0.001845368
-0.001628358
-0.001453707
-0.001358603
-0.00127248
-0.001174248
-0.001172067
-0.00120413
-0.001129733
-0.001017387
-0.000879943
-0.000794229
-0.0006580979
-0.0004636329
-0.0003481606
-0.0001887563
-2.546885e-05
7.970259e-05
0.0002349829
0.0003332111
0.000405055
0.0006395121
0.0007803863
0.0008168465
0.0009415877
0.001061351
0.001125663
0.001106099
0.001233492
0.001483276
0.001614623
0.0017462
0.001894339
0.002071425
0.002242836
0.00238992
0.002544519
0.002636127
0.00264836
0.002667115
0.002818774
0.002885691
0.002925621
0.002978632
0.002974993
0.003023524
0.003117557
0.003031085
0.002944283
0.002968581
0.003135496
0.003175628
0.003175035
0.003352077
0.003601919
0.0036749
0.003677227
0.003876562
0.003958561
0.00406128
0.004146809
0.00415032
0.004139871
0.004147764
0.004210935
0.004255761
0.004222525
0.004178145
0.004194708
0.004268595
0.004186685
0.004200209
0.004305499
0.004365777
0.004412848
0.004347637
0.00434122
0.004352067
0.004242164
0.004194035
0.004135465
0.004031379
0.00403705
0.004058862
0.003908823
0.003795072
0.003828364
0.003764641
0.003623239
0.003643079
0.003713108
0.003730715
0.003766138
0.003849877
0.00402362
0.004189564
0.004299954
0.004410643
0.004480571
0.004687072
0.004931512
0.005064892
0.005183392
0.005374438
0.005526641
0.00551868
0.005454792
0.00539356
0.005476416
0.005552584
0.005471232
0.005338512
0.005279203
0.005058379
0.004720782
0.00441524
0.004066538
0.003659966
0.003182392
0.002834625
0.002539197
0.002399138
0.002137063
0.002038895
0.002089556
0.002051179
0.001825227
0.001675532
0.001721072
0.001670871
0.001577231
0.001450302
0.001283771
0.001163973
0.001011572
0.000737693
0.0005573599
0.0005185709
0.0004433497
0.0003542104
0.0002294373
0.0001367574
0.0001578667
0.0001436961
1.158639e-05
-0.0001432946
-1.539664e-05
9.645689e-05
-5.535451e-05
-0.0001123988
0.0001049529
0.0002912606
0.0003160496
0.0003526221
0.0004304582
0.0004667986
0.0004420828
0.0004680189
0.0004965243
0.0004675
0.0003770384
0.0003464719
0.0003802692
0.000403926
0.0002974474
0.0002130257
0.000191845
2.26165e-05
-6.606716e-05
-1.012078e-05
-1.529418e-05
-0.0001014311
-0.0001584431
-0.000222453
-0.0002553857
-0.0003933483
-0.0005846455
-0.000561713
-0.0005137933
-0.0005924803
-0.0006195259
-0.0006262444
-0.0007271455
-0.0008560754
-0.001007719
-0.001114019
-0.001106602
-0.001166068
-0.001147615
-0.001138693
-0.001114765
-0.001099088
-0.001115849
-0.001073197
-0.0009688274
-0.0009236506
-0.0008566754
-0.0008726354
-0.000828509
-0.0007859326
-0.0007417121
-0.0006707025
-0.0006226167
-0.0006161592
-0.0005445337
-0.000378505
-0.0003056702
-0.0003921714
-0.0004522361
-0.0003415552
-0.0003788599
-0.0005120183
-0.0005454248
-0.0006324825
-0.0007060176
-0.0008432651
-0.0009901518
-0.001097983
-0.001162828
-0.001244313
-0.00130894
-0.001282102
-0.001278348
-0.001233223
-0.001306325
-0.00122655
-0.001063685
-0.001085039
-0.001184604
-0.001188217
-0.001093922
-0.001118113
-0.001138361
-0.00119462
-0.00131971
-0.001565036
-0.0017823
-0.001975026
-0.002115361
-0.002085056
-0.00211233
-0.002212126
-0.002119107
-0.002004463
-0.001899338
-0.00176769
-0.001671982
-0.001631365
-0.001538768
-0.001485377
-0.001495641
-0.001506986
-0.001637517
-0.001698785
-0.001683719
-0.001807062
-0.001982271
-0.002127226
-0.002126249
-0.00212956
-0.002209319
-0.00204112
-0.001847318
-0.001818288
-0.001784444
-0.001707513
-0.001657421
-0.001721887
-0.001813105
-0.00186207
-0.001996798
-0.002171592
-0.002274238
-0.002260928
-0.002344116
-0.00233689
-0.002266197
-0.002261987
-0.002264387
-0.002191652
-0.002093773
-0.002084312
-0.00199576
-0.001729935
-0.001543393
-0.001444301
-0.001229924
-0.001077343
-0.001040172
-0.000927893
-0.0008740915
-0.0006792703
-0.0004752438
-0.0003702414
-0.000164525
-0.0001411912
-0.0002022866
-9.594193e-05
-0.0001426297
-0.0003327826
-0.0003868966
-0.0005194357
-0.0007533429
-0.0008292884
-0.0009109121
-0.001052163
-0.001134803
-0.00114911
-0.001193292
-0.001040603
-0.0008213676
-0.0007840984
-0.0007408493
-0.0005419305
-0.0003334785
-0.0002952295
-0.0002532267
-0.0001131774
-3.483731e-05
-0.0001077243
-5.378583e-05
9.242392e-05
5.762945e-05
2.014656e-05
0.000154264
0.0002399936
0.0002609145
0.0003275901
0.0004458513
0.0007446603
0.000968149
0.0009847082
0.001234512
0.001528624
0.001706133
0.001831785
0.001934127
0.002017027
0.002151731
0.002196599
0.002082944
0.002128152
0.002171185
0.002249191
0.002270859
0.002328036
0.002626511
0.002680536
0.002582224
0.002746207
0.002948281
0.002897893
0.0028513
0.002865509
0.002806982
0.002594703
0.002361758
0.002271047
0.002079859
0.001911101
0.001858236
0.001712747
0.001589007
0.00164011
0.001756273
0.001840092
0.001930213
0.002037195
0.002156116
0.002216669
0.00238312
0.002525864
0.00246193
0.002440475
0.002467676
0.002413816
0.002348691
0.002186687
0.002110053
0.002205198
0.002159005
0.002068343
0.00199282
0.001921442
0.001890548
0.001893832
0.002091267
0.002118182
0.002051408
0.002227423
0.00237329
0.002317764
0.002213172
0.002084961
0.001879574
0.001786759
0.001658263
0.001526861
0.001437816
0.001371766
0.001363702
0.001299128
0.001326959
0.001478405
0.001606886
0.001615924
0.001705428
0.001715064
0.001598625
0.001638509
0.001602759
0.001605671
0.001621066
0.00130277
0.001001191
0.001124902
0.001150388
0.001058982
0.0009964877
0.001087319
0.001148902
0.001019833
0.0009573671
0.001075545
0.001117155
0.001118337
0.001007182
0.0007695328
0.0005914517
0.0005049369
0.0004076596
0.000330531
0.0002838208
0.0001984477
2.724805e-05
-6.475971e-05
-8.114482e-05
-0.000239614
-0.0003653818
-0.0004464853
-0.0005343132
-0.0007248533
-0.0009087206
-0.001004515
-0.001240517
-0.001368835
-0.001279572
-0.00126414
-0.001366951
-0.001463437
-0.001564523
-0.001615221
-0.001657699
-0.001795724
-0.001868023
-0.001901837
-0.001982798
-0.001918136
-0.001798082
-0.001846197
-0.001812646
-0.001720383
-0.001734047
-0.001705004
-0.001568769
-0.001401188
-0.001298096
-0.001342323
-0.00141505
-0.001167938
-0.001051997
-0.001093312
-0.001150437
-0.001216202
-0.001255087
-0.001299073
-0.00141847
-0.001556632
-0.001725868
-0.001771674
-0.001823038
-0.002004227
-0.002169879
-0.002203315
-0.002180868
-0.002095135
-0.002062567
-0.002178658
-0.002098227
-0.002007507
-0.001957629
-0.001884272
-0.001865984
-0.001699255
-0.001581512
-0.001501163
-0.001473187
-0.001345601
-0.001280254
-0.00137074
-0.001466158
-0.001560695
-0.001652759
-0.001717156
-0.001740469
-0.001833463
-0.001835721
-0.001855805
-0.00202566
-0.002258263
-0.00231128
-0.002373713
-0.002507042
-0.002493831
-0.00246032
-0.002551924
-0.002711661
-0.002616477
-0.002345212
-0.002307853
-0.00230453
-0.002198371
-0.00209281
-0.002047193
-0.001822822
-0.00168465
-0.001777178
-0.00187789
-0.001877286
-0.001847883
-0.001986283
-0.002055989
-0.002093402
-0.002138117
-0.002168523
-0.002247513
-0.002357336
-0.002478029
-0.002474573
-0.002416913
-0.002350333
-0.002313745
-0.002114422
-0.001807937
-0.001716961
-0.001614377
-0.001322357
-0.001229359
-0.001341957
-0.001330687
-0.001250331
-0.001408101
-0.001620849
-0.001594007
-0.001544588
-0.001596588
-0.001632038
-0.001711974
-0.001724295
-0.001812759
-0.001935678
-0.001907849
-0.001855172
-0.002020276
-0.002162096
-0.002256515
-0.002431433
-0.002546461
-0.002617818
-0.002661752
-0.002729014
-0.002770372
-0.002865569
-0.002975362
-0.003065826
-0.003190904
-0.003304875
-0.003446055
-0.003424487
-0.003255678
-0.003161588
-0.002983392
-0.002784524
-0.002576312
-0.002330027
-0.002140522
-0.001964922
-0.001905156
-0.001904064
-0.001886248
-0.001771579
-0.00182049
-0.00192694
-0.001864098
-0.001851946
-0.001858805
-0.001917708
-0.001810351
-0.001737545
-0.001836716
-0.001879788
-0.001888142
-0.002020071
-0.002111895
-0.002235292
-0.002284365
-0.002273721
-0.002396663
-0.002467379
-0.002430787
-0.002378441
-0.002315077
-0.002312746
-0.002300164
-0.002317931
-0.0023474
-0.002367995
-0.002340956
-0.002317538
-0.002245317
-0.002154247
-0.002191793
-0.002236384
-0.002185541
-0.002214133
-0.0023183
-0.002236578
-0.002217359
-0.002357
-0.002229801
-0.002017008
-0.002011793
-0.001984946
-0.001868102
-0.001722825
-0.001570494
-0.001485117
-0.001450944
-0.001402678
-0.001295172
-0.001203165
-0.001049334
-0.00100162
-0.0009815275
-0.0009435383
-0.0009513387
-0.000771636
-0.000702937
-0.0008082592
-0.000613976
-0.0004249307
-0.0004433828
-0.000340886
-6.924582e-05
0.0001341832
0.0002498236
0.0003247471
0.000488224
0.0008015052
0.000955004
0.001193433
0.001494236
0.001800672
0.00204113
0.002315455
0.002638286
0.00276379
0.002916399
0.003186761
0.003378808
0.00341886
0.003372351
0.003355365
0.003367043
0.003342092
0.003248707
0.003175938
0.003102894
0.003010226
0.002994383
0.002975122
0.002895485
0.002853926
0.002816143
0.00281149
0.002849663
0.002879937
0.002896723
0.002845848
0.002949542
0.003254323
0.003403992
0.003436508
0.003447384
0.003543293
0.003610423
0.003642941
0.003667473
0.003822195
0.003900476
0.003850929
0.003831037
0.003810285
0.003814197
0.003862324
0.003836995
0.003922364
0.003882779
0.003859234
0.004021652
0.004189465
0.00415685
0.004053598
0.00412469
0.00414231
0.004069655
0.003960744
0.003956493
0.0039118
0.003820917
0.00375832
0.003646506
0.003586718
0.003560651
0.003605562
0.003631638
0.003549832
0.003522827
0.003571305
0.003643335
0.003715496
0.003752352
0.003818611
0.003842209
0.003819556
0.003756099
0.003718512
0.003725752
0.003652713
0.003552913
0.003462321
0.003445024
0.003429895
0.003340769
0.003234019
0.003165575
0.003253654
0.003269685
0.003089228
0.003078795
0.003262539
0.003266028
0.003142796
0.003107431
0.003021259
0.002887309
0.002653498
0.002467224
0.002340566
0.002124712
0.001853658
0.001593005
0.001373079
0.0012418
0.001076757
0.000999648
0.0009833353
0.0008810909
0.0007960309
0.0007831385
0.0007410609
0.0008204007
0.0008949057
0.000854208
0.0008975355
0.000929229
0.0009067555
0.0008898027
0.0008641073
0.0007421154
0.0007162311
0.0006227661
0.0004623283
0.0002839506
-2.177011e-05
-0.0001078125
-0.0001218989
-0.0003449226
-0.0006134145
-0.0005738912
-0.0005484413
-0.0006330898
-0.0007332138
-0.000784178
-0.0007944083
-0.0008415268
-0.0008760244
-0.0009276317
-0.001063001
-0.001156953
-0.001220146
-0.001136014
-0.00108459
-0.001115287
-0.00113459
-0.001058659
-0.0009812751
-0.0009330458
-0.0008875969
-0.0008037613
-0.0006804635
-0.0006592019
-0.0006445675
-0.0005629164
-0.0005636544
-0.0005832739
-0.0004448968
-0.0003628763
-0.0004669604
-0.0005109003
-0.0004910446
-0.0005000454
-0.0005470568
-0.0005394709
-0.0004552311
-0.0003759638
-0.0002794876
-0.0001968071
-9.066861e-05
0.0001315174
0.0002145209
0.0001951295
0.0003701262
0.0004467884
0.0003744747
0.0003833534
0.0003909496
0.0003615614
0.00032898
0.0001816228
-2.255037e-05
-0.0001310873
-0.0001949087
-0.0003391348
-0.0005076329
-0.0005891134
-0.0006162617
-0.0007746475
-0.000934536
-0.0008834734
-0.0008688509
-0.0009418003
-0.0009299543
-0.0008855839
-0.0008939726
-0.0009657582
-0.0009230223
-0.0009783779
-0.001113959
-0.001082976
-0.001111206
-0.001189098
-0.001087993
-0.0009899244
-0.001048834
-0.0009607327
-0.000830192
-0.0008470162
-0.0009131447
-0.0008458573
-0.0007649574
-0.0008057941
-0.0008825533
-0.0008125747
-0.0008131149
-0.0008485469
-0.0008702326
-0.0009186447
-0.0007920616
-0.0007232535
-0.0007413683
-0.0006135982
-0.0004728655
-0.0004737209
-0.0005527575
-0.0006479727
-0.0006431996
-0.0008624475
-0.001177089
-0.001270453
-0.00141456
-0.001804492
-0.002181588
-0.002381673
-0.00257738
-0.002747184
-0.002888466
-0.003018519
-0.003138706
-0.003252244
-0.003250503
-0.003221405
-0.003267533
-0.003235245
-0.003147405
-0.003025593
-0.002832514
-0.002829438
-0.002826193
-0.002539332
-0.002440531
-0.002475913
-0.002319443
-0.002190424
-0.002112095
-0.002117715
-0.002182845
-0.002153442
-0.002067305
-0.0020709
-0.002182301
-0.002135496
-0.002069588
-0.002106268
-0.002077478
-0.001981916
-0.002019093
-0.002035701
-0.001942059
-0.001803199
-0.001709206
-0.001740988
-0.001672796
-0.001518338
-0.00141154
-0.001353342
-0.001313069
-0.001307669
-0.00127499
-0.001232369
-0.001306987
-0.001355696
-0.001363566
-0.00133358
-0.001321644
-0.001310508
-0.001266011
-0.001263814
-0.001308522
-0.001274142
-0.001180606
-0.001238683
-0.001258764
-0.00112482
-0.001070711
-0.001035218
-0.0009381933
-0.0008430621
-0.0007763498
-0.0007039752
-0.0006224121
-0.0005071183
-0.0004398191
-0.0003931663
-0.0003089258
-0.0001815574
-8.226609e-05
-0.0001489327
-0.0001888388
-4.812431e-05
4.041799e-05
4.304611e-06
0.0001462732
0.0002699971
0.0003492993
0.0005231076
0.0006759338
0.0008077
0.0008843914
0.001041259
0.001193501
0.001146513
0.00118198
0.001264713
0.00130362
0.001404226
0.001454649
0.001412066
0.001404696
0.001489774
0.001589679
0.001601988
0.001545384
0.001617953
0.001715845
0.001734934
0.001847078
0.001971855
0.002086125
0.002190281
0.002226372
0.002216312
0.002288824
0.002263315
0.002291268
0.002380163
0.002334771
0.002247763
0.002158842
0.002122073
0.002141267
0.002084336
0.002025869
0.002112878
0.002165136
0.002120891
0.002110805
0.00214358
0.002131836
0.00210016
0.002133616
0.002075851
0.001911502
0.00186914
0.001734464
0.00159111
0.001481559
0.001357722
0.001201621
0.00116229
0.001194267
0.001132424
0.001100093
0.001073862
0.001058947
0.0009520612
0.0008685247
0.00089158
0.0008365194
0.0006974784
0.0006528002
0.0006362764
0.0005718284
0.0004458633
0.0003709738
0.0003899086
0.0003545784
0.0002770261
0.0002604434
0.0002717035
0.0002565174
0.0002255906
0.0002713227
0.0003314424
0.0002684267
0.0001787045
0.0001235927
4.182706e-05
-3.004305e-05
-5.117237e-05
-0.0001210605
-0.0002552262
-0.0003834501
-0.0004070814
-0.000348725
-0.0003759495
-0.0004462675
-0.000466066
-0.000509168
-0.0005113613
-0.0003948102
-0.0003501976
-0.0003834383
-0.0003903095
-0.0002776894
-0.0002254934
-0.0002889306
-0.0001974273
-8.952138e-05
-0.0001410235
-0.0001388815
-3.97954e-05
-8.374761e-05
-0.0001903323
-0.0001576855
-0.0001546374
-0.000160149
-0.0002920674
-0.0004783969
-0.0005103825
-0.0005669506
-0.0007049376
-0.0008900142
-0.000962123
-0.001048449
-0.001213578
-0.001268407
-0.001277604
-0.001366121
-0.001457686
-0.001534032
-0.001607564
-0.001619338
-0.001621287
-0.001725698
-0.001747991
-0.001638394
-0.001553611
-0.001570585
-0.001487677
-0.001339181
-0.001233128
-0.00117003
-0.001039067
-0.0009232038
-0.0009332754
-0.000855133
-0.0007226947
-0.0006286436
-0.0005676548
-0.0005422928
-0.0005100826
-0.0005329142
-0.000548482
-0.0004076725
-0.0003494591
-0.0004126041
-0.0003706749
-0.0002491961
-0.000193457
-0.0001239617
-5.14796e-05
4.731114e-05
0.0001329927
0.0001652823
0.0001727383
0.0002059769
0.0002448197
0.0002407432
0.0002130545
0.000199107
0.0001677738
0.0001260416
0.000104472
5.827865e-05
-2.939e-05
8.382251e-06
-1.455801e-05
-0.0001649083
-0.000210732
-0.0002673363
-0.0003134296
-0.0003847364
-0.0005036612
-0.0005310386
-0.0006023286
-0.0006751633
-0.0006907076
-0.0007106024
-0.0007019483
-0.000673466
-0.0007182759
-0.0007369111
-0.0006154751
-0.0005767494
-0.0005544409
-0.0004535051
-0.0004159768
-0.000337288
-0.0001736725
-9.094653e-05
-7.687639e-05
-1.497659e-05
1.99625e-05
-4.785926e-05
-0.0001156944
-7.659791e-05
-2.745776e-05
-5.791907e-05
-5.897738e-05
-3.644589e-05
1.48989e-06
-1.497771e-05
-0.0001536981
-0.000220814
-0.0001520611
-0.0001812233
-0.0002310573
-0.0002735194
-0.0002863499
-0.0002691182
-0.0002580469
-0.0002511769
-0.0001890491
-0.0001451454
-0.0001095281
-7.847216e-05
8.569771e-06
0.000126047
0.0002147447
0.0002875553
0.0003630373
0.0003997871
0.0005575386
0.0007334822
0.0008742747
0.001027908
0.001041146
0.001044246
0.001131117
0.001092665
0.001068041
0.00107359
0.0009964175
0.0009599249
0.0009477786
0.0008670518
0.0008499051
0.0008377296
0.0007887204
0.0007215013
0.000694095
0.0006961781
0.0006737397
0.0006749579
0.0006731315
0.0007561324
0.0007602376
0.000678536
0.0006919221
0.0007271288
0.0006344402
0.0005225688
0.000597679
0.0006345141
0.0006092992
0.0007196364
0.0008434544
0.0009308855
0.001028087
0.001148919
0.001249789
0.001296128
0.00130323
0.001361725
0.001431563
0.001427267
0.001383078
0.001279265
0.001177018
0.001112601
0.001095239
0.001027421
0.0009800335
0.0009643024
0.0009122261
0.0008622338
0.0008333228
0.0008345322
0.0008014614
0.0007183429
0.0007009782
0.0006579669
0.0005870011
0.0005512222
0.0005471871
0.0005463929
0.0005407451
0.000540383
0.0005408753
0.0004907227
0.0003836611
0.0003460101
0.0003568559
0.0003189171
0.0002735978
0.0001985303
0.0001031119
8.046329e-05
4.260239e-05
-1.540121e-05
3.905714e-06
8.133118e-06
-2.247919e-05
-5.863411e-05
-4.810829e-07
6.208295e-05
8.990998e-06
-1.229704e-05
1.852305e-05
2.225399e-05
-7.634045e-06
-4.196192e-05
-6.451153e-05
-7.545321e-05
-9.288963e-05
-9.65644e-05
-0.000109843
-0.0001107833
-1.570592e-05
7.207973e-05
0.0001213589
0.0002154495
0.0003135195
0.0003906258
0.0004649596
0.0005173737
0.0004847282
0.0004740255
0.0004889515
0.0004380066
0.000376213
0.0003797166
0.000387846
0.0003103153
0.0002681471
0.0003175979
0.0003036013
0.0002885584
0.0003722641
0.0004356297
0.0004739388
0.0005625641
0.0006536921
0.000735181
0.0008025297
0.0008368809
0.0008802795
0.0009290367
0.0009563178
0.0009633992
0.0009770275
0.001039962
0.001047934
0.0009910288
0.00100723
0.001046509
0.00104966
0.001034896
0.001067078
0.001086207
0.001055637
0.001055265
0.001085716
0.001049588
0.001015496
0.001089252
0.001090776
0.001011818
0.00103601
0.001030772
0.0009873595
0.0009269414
0.0008973967
0.0008827673
0.0008604353
0.0007863722
0.0006676963
0.0005449564
0.0004473437
0.0003528086
0.0002750894
0.0001719541
2.226996e-05
-4.320048e-05
-8.017814e-05
-0.0001959125
-0.0002848315
-0.0002894075
-0.0003132464
-0.0003223566
-0.0002939834
-0.0002790842
-0.0002850516
-0.0002506183
-0.0002194097
-0.0002244067
-0.0002177736
-0.0001404625
-7.188155e-05
-8.004863e-05
-3.937116e-05
1.401912e-05
4.82713e-05
9.81102e-05
0.0001386653
0.0001771863
0.000152271
0.000105071
0.0001676234
0.0001903929
0.0001687963
0.0001745057
0.0001509836
0.0001134637
0.0001184479
0.0001264034
0.0001148669
0.0001017412
0.0001061591
9.509574e-05
7.935742e-05
7.088018e-05
6.942558e-05
3.93475e-05
3.556675e-05
4.035165e-05
-8.197566e-06
-4.95111e-05
-5.769839e-05
-5.477796e-05
-0.0001052034
-0.0001868435
-0.0002633842
-0.0002907067
-0.0002949093
-0.0003028466
-0.0002986439
-0.0003026815
-0.0002936566
-0.0002886971
-0.0002821383
-0.0002777091
-0.0002982967
-0.0002938376
-0.0002875259
-0.0002821936
-0.0002725244
-0.0002825009
-0.0002873121
-0.0002857464
-0.0002917155
-0.0002741777
-0.0002155938
-0.0001965795
-0.0002091583
-0.0002203915
-0.0002112561
-0.0001984115
-0.0001937688
-0.0002212787
-0.0002471439
-0.0002707679
-0.0002989749
-0.0003142006
-0.0003342365
-0.0003533192
-0.0003956869
-0.0004177127
-0.0004241937
-0.000447661
-0.0004601349
-0.0004619158
-0.0004577812
-0.0004830073
-0.0004945824
-0.0004968765
-0.0005382858
-0.000560855
-0.0006014112
-0.0006580097
-0.0006891772
-0.0006832517
-0.0006874795
-0.0007318655
-0.0007392949
-0.0006914165
-0.0006927682
-0.0007123218
-0.0006546137
-0.0006302242
-0.0006457788
-0.0006457098
-0.0006432125
-0.0006485083
-0.0006547331
-0.0006777687
-0.0006946578
-0.0006863502
-0.0006701828
-0.0006762044
-0.0006965284
-0.0007142284
-0.0007215734
-0.0007488582
-0.0007427331
-0.0006782231
-0.0006809016
-0.0007141217
-0.0006748849
-0.0006312932
-0.0006435105
-0.0006687456
-0.0006515
-0.0006107428
-0.0005965115
-0.0006155229
-0.0006154029
-0.0005980327
-0.0005876236
-0.0005682762
-0.0005563401
-0.0005689812
-0.0005786049
-0.0005993564
-0.0006058152
-0.0005907525
-0.0006235563
-0.000691818
-0.0006998261
-0.0006947554
-0.000724561
-0.0007418996
-0.0007271924
-0.000703514
-0.0006973421
-0.0006740661
-0.0006418873
-0.0006255416
-0.0006224907
-0.0005813017
-0.0005723784
-0.0005839312
-0.0005308989
-0.0004739984
-0.0004741981
-0.0004710307
-0.0004463018
-0.0004504832
-0.0004721533
-0.0004868598
-0.0005085545
-0.0005257351
-0.000526563
-0.0005503365
-0.0005882662
-0.0005939394
-0.0005958425
-0.0006024649
-0.0006002085
-0.0005866055
-0.000567927
-0.0005565794
-0.0005268725
-0.0005204799
-0.0005136988
-0.0004596702
-0.0004395803
-0.0004659389
-0.0004608176
-0.0004438142
-0.0004735471
-0.0004862452
-0.0004582339
-0.0004382596
-0.0004480419
-0.0004607953
-0.0004525873
-0.000450253
-0.0004543906
-0.0004504441
-0.0004149631
-0.0003934873
-0.0003949401
-0.0003589163
-0.000325011
-0.0003212137
-0.0003269157
-0.0003285094
-0.0003275446
-0.0003166268
-0.0003270831
-0.0003573596
-0.0003624017
-0.000361022
-0.0003775488
-0.0003999186
-0.0003882061
-0.0003880813
-0.0003986761
-0.0003916619
-0.0003919143
-0.0003955781
-0.0003919419
-0.0004026293
-0.000410306
-0.0003877871
-0.0003884543
-0.0003944579
-0.000398082
-0.0003777244
-0.0003794281
-0.0003814732
-0.0003316709
-0.0002888522
-0.0002638738
-0.0002303442
-0.0002012321
-0.0001925101
-0.000168781
-0.0001239608
-9.32542e-05
-8.058932e-05
-8.024295e-05
-6.071309e-05
-3.620227e-05
-3.401958e-05
-3.132223e-05
-2.399927e-05
-5.417472e-06
1.207615e-05
1.664781e-05
2.617371e-05
4.331608e-05
5.530411e-05
6.461632e-05
7.221511e-05
7.682767e-05
8.114959e-05
7.748599e-05
7.6198e-05
7.608768e-05
7.222805e-05
6.541543e-05
6.010164e-05
7.651192e-05
8.228358e-05
6.414265e-05
4.271792e-05
4.437946e-05
5.775328e-05
5.461735e-05
4.684453e-05
4.730768e-05
4.781636e-05
4.506922e-05
3.910066e-05
2.692003e-05
2.658314e-05
2.7924e-05
3.319448e-05
3.331012e-05
3.273821e-05
5.066134e-05
6.790946e-05
7.936869e-05
8.918217e-05
8.645281e-05
8.651705e-05
0.0001007551
0.0001147397
0.0001173367
0.0001128685
0.0001144648
0.0001324568
0.0001396039
0.0001430229
0.0001512266
0.0001563759
0.000148039
0.0001413246
0.000151459
0.0001515087
0.0001501238
0.0001527258
0.0001515482
0.0001531494
0.0001483846
0.0001423853
0.0001479537
0.0001596652
0.0001650897
0.0001653181
0.0001716834
0.000178925
0.0001779963
0.0001843515
0.0001964772
0.0002156406
0.0002359162
0.0002420149
0.0002528137
0.0002603014
0.0002597695
0.0002642683
0.0002654315
0.0002811396
0.0002971409
0.000300791
0.0003140786
0.0003287519
0.0003338873
0.000339556
0.0003566938
0.0003667756
0.0003640878
0.0003592786
0.0003670497
0.0003711296
0.000367372
0.0003724406
0.0003687376
0.0003529283
0.0003408063
0.0003265288
0.0003142507
0.0003115136
0.0002998805
0.0002960616
0.0003012365
0.0002950157
0.0002854516
0.0002773121
0.0002814451
0.0002847628
0.0002700954
0.0002542309
0.0002496927
0.0002423154
0.0002233785
0.0002046049
0.0001914315
0.0001801925
0.000175136
0.0001721649
0.0001657842
0.0001542409
0.0001492802
0.0001466656
0.000151885
0.0001511222
0.0001441659
0.00014244
0.0001411062
0.0001387276
0.0001314533
0.0001243939
0.0001127323
0.0001070382
0.0001048868
9.264659e-05
8.25327e-05
8.622166e-05
7.867524e-05
6.016547e-05
5.123346e-05
5.587398e-05
5.548493e-05
4.828218e-05
4.825931e-05
4.953221e-05
5.016051e-05
5.097292e-05
5.038687e-05
5.398875e-05
5.875621e-05
6.261934e-05
6.391011e-05
6.583316e-05
6.412511e-05
5.744901e-05
5.496626e-05
5.264971e-05
4.742003e-05
3.967017e-05
3.138993e-05
2.986527e-05
2.59797e-05
1.970684e-05
2.364317e-05
2.644286e-05
2.644581e-05
2.825141e-05
3.29132e-05
3.892458e-05
3.677064e-05
3.038638e-05
3.069122e-05
2.996824e-05
2.379006e-05
2.883536e-05
3.583628e-05
3.886633e-05
3.914308e-05
3.70246e-05
3.985213e-05
4.313706e-05
4.189128e-05
3.912056e-05
4.260125e-05
4.576505e-05
4.40827e-05
4.521678e-05
4.754844e-05
5.197285e-05
5.431886e-05
5.465344e-05
5.433185e-05
5.327692e-05
5.495257e-05
5.385573e-05
5.621234e-05
5.903315e-05
5.518962e-05
5.221775e-05
5.558156e-05
5.587653e-05
5.277074e-05
5.237216e-05
5.381748e-05
5.76419e-05
5.824744e-05
5.639456e-05
5.884345e-05
5.900524e-05
5.605509e-05
5.371581e-05
5.043573e-05
4.858577e-05
4.525881e-05
4.322801e-05
4.544568e-05
4.560136e-05
4.507172e-05
4.67539e-05
5.164041e-05
5.26051e-05
5.140975e-05
5.302454e-05
5.706544e-05
5.871523e-05
5.900281e-05
5.95369e-05
6.061068e-05
6.179324e-05
6.148108e-05
6.188168e-05
6.360144e-05
6.324561e-05
6.139239e-05
6.24413e-05
6.309344e-05
6.179976e-05
5.893092e-05
5.904165e-05
6.045347e-05
6.041241e-05
5.866202e-05
6.057019e-05
6.280604e-05
6.174541e-05
6.310954e-05
6.378298e-05
6.296618e-05
6.189089e-05
6.00414e-05
5.868448e-05
5.551556e-05
5.224638e-05
5.050465e-05
4.927379e-05
4.799462e-05
4.759706e-05
4.698988e-05
4.578817e-05
4.575346e-05
4.714846e-05
4.660008e-05
4.553482e-05
4.477849e-05
4.448375e-05
4.280465e-05
4.174518e-05
4.116063e-05
3.963103e-05
3.897658e-05
3.738712e-05
3.485676e-05
3.372637e-05
3.246079e-05
2.944945e-05
2.656686e-05
2.61256e-05
2.604095e-05
2.522718e-05
2.432429e-05
2.442973e-05
2.425111e-05
2.293122e-05
2.300611e-05
2.389221e-05
2.349625e-05
2.301317e-05
2.202001e-05
2.142416e-05
2.173093e-05
2.113136e-05
2.101745e-05
2.021964e-05
1.885147e-05
1.807481e-05
1.737446e-05
1.698578e-05
1.63017e-05
1.471217e-05
1.391909e-05
1.372645e-05
1.233172e-05
1.096934e-05
1.07826e-05
1.105086e-05
9.910341e-06
7.886417e-06
7.950593e-06
7.857174e-06
6.284238e-06
5.357315e-06
4.882213e-06
3.384112e-06
2.233238e-06
1.662568e-06
1.392571e-06
6.744352e-07
-2.383441e-07
-5.656143e-09
-5.912561e-07
-1.07766e-06
-9.505525e-07
-6.93939e-07
-3.058746e-07
-1.932969e-07
-3.318889e-07
-1.976583e-07
1.888822e-07
2.672865e-07
2.932438e-07
6.639123e-07
7.909297e-07
9.919998e-07
1.039791e-06
1.180648e-06
1.81709e-06
2.044665e-06
2.774295e-06
3.361036e-06
3.16415e-06
3.596286e-06
3.404159e-06
2.980591e-06
2.835919e-06
2.889453e-06
2.869994e-06
2.473417e-06
2.266579e-06
2.520443e-06
2.256188e-06
1.635643e-06
1.444653e-06
1.356957e-06
1.167095e-06
1.237244e-06
1.497347e-06
1.643408e-06
1.677034e-06
1.662736e-06
1.789796e-06
1.712472e-06
1.314183e-06
1.421327e-06
1.532088e-06
1.143826e-06
9.185333e-07
1.029947e-06
9.816903e-07
9.771189e-07
9.771801e-07
1.074543e-06
1.275361e-06
1.469222e-06
1.586353e-06
1.735753e-06
1.842571e-06
2.011586e-06
2.21081e-06
2.306908e-06
2.262455e-06
2.503528e-06
2.760371e-06
2.726896e-06
2.862091e-06
3.181793e-06
3.17709e-06
3.192998e-06
3.514954e-06
3.771043e-06
3.91919e-06
4.041957e-06
4.064029e-06
4.166288e-06
4.252677e-06
4.205689e-06
4.294769e-06
4.350914e-06
4.361369e-06
4.275175e-06
4.281011e-06
4.449809e-06
4.420617e-06
4.315224e-06
4.43435e-06
4.511801e-06
4.437131e-06
4.468428e-06
4.478636e-06
4.390073e-06
4.361961e-06
4.39168e-06
4.322879e-06
4.234301e-06
4.155374e-06
4.142966e-06
4.137846e-06
4.091566e-06
4.063866e-06
4.064541e-06
4.124102e-06
4.157218e-06
4.18174e-06
4.217077e-06
4.229939e-06
4.273069e-06
4.2881e-06
4.252417e-06
4.192151e-06
4.181647e-06
4.17268e-06
4.094368e-06
3.978297e-06
3.925306e-06
3.891896e-06
3.835054e-06
3.813695e-06
3.824028e-06
3.769597e-06
3.72481e-06
3.723014e-06
3.673734e-06
3.613463e-06
3.611491e-06
3.600151e-06
3.556549e-06
3.484682e-06
3.439213e-06
3.41284e-06
3.356045e-06
3.283274e-06
3.224962e-06
3.171457e-06
3.119211e-06
3.057298e-06
2.992542e-06
2.928236e-06
2.859175e-06
2.799938e-06
2.741859e-06
2.675673e-06
2.609957e-06
2.546953e-06
2.475449e-06
2.401785e-06
2.325251e-06
2.247094e-06
2.171568e-06
2.094105e-06
2.02125e-06
1.948916e-06
1.86902e-06
1.790849e-06
1.71616e-06
1.641883e-06
1.564512e-06
1.486698e-06
1.410324e-06
1.333761e-06
1.254833e-06
1.178087e-06
1.106525e-06
1.034253e-06
9.587054e-07
8.843807e-07
8.159489e-07
7.459173e-07
6.757546e-07
6.067818e-07
5.378946e-07
4.679678e-07
3.983996e-07
3.284951e-07
2.594973e-07
1.91141e-07
1.23081e-07
5.519585e-08
-1.26267e-08
-8.06463e-08
-1.48426e-07
-2.151124e-07
-2.810952e-07
-3.471456e-07
-4.130159e-07
-4.784293e-07
-5.43645e-07
-6.08728e-07
-6.736178e-07
-7.383708e-07
-8.028687e-07
-8.671661e-07
-9.313846e-07
-9.95581e-07
-1.059549e-06
-1.123314e-06
-1.186947e-06
-1.25048e-06
-1.313906e-06
-1.377253e-06
-1.440523e-06
-1.503767e-06
-1.566935e-06
-1.630035e-06
-1.693104e-06
-1.756129e-06
-1.819107e-06
-1.882045e-06
-1.944947e-06
-2.007814e-06
-2.070645e-06
-2.13344e-06
-2.196201e-06
-2.258927e-06
-2.321617e-06
-2.384271e-06
-2.446888e-06
-2.509468e-06
