-3.466537e-06
-3.437146e-06
-3.459647e-06
-3.574369e-06
-3.384706e-06
-2.961055e-06
-3.165254e-06
-3.901506e-06
-4.386624e-06
-4.085271e-06
-3.57085e-06
-3.525218e-06
-3.638268e-06
-3.263351e-06
-2.747409e-06
-3.409425e-06
-3.303739e-06
-2.54091e-06
-2.742593e-06
-2.464453e-06
-2.522154e-06
-2.026277e-06
-3.402341e-06
-3.407453e-06
-7.925068e-07
-2.050893e-07
-2.331034e-06
-6.682433e-06
-1.155153e-05
-2.373328e-06
8.263484e-06
-8.043227e-07
-1.33548e-05
-1.181402e-05
4.197855e-06
5.089857e-06
-2.983256e-06
-7.672608e-06
-7.912987e-06
-3.14044e-07
-1.510141e-06
-4.397853e-06
-7.884521e-06
-8.957666e-06
1.893752e-07
-1.165719e-06
-4.366413e-06
-8.043061e-06
-1.334406e-05
-7.664226e-06
-3.799065e-06
-5.047996e-06
-6.397122e-06
-1.052672e-06
6.530362e-06
-5.375035e-06
-1.684518e-05
-9.700903e-06
-7.583926e-06
1.73619e-06
3.071727e-05
2.450165e-05
-1.418697e-05
-8.105101e-06
1.144918e-05
-5.252954e-06
-2.380095e-05
-6.480929e-06
1.00801e-05
5.646969e-06
8.543001e-06
5.724955e-07
-8.153624e-06
-1.212117e-05
4.904288e-06
4.946202e-05
2.193638e-05
-4.76113e-05
-1.169015e-05
4.703671e-06
-7.376269e-06
3.139941e-06
-2.616268e-07
-4.016212e-05
-3.205106e-05
-2.519444e-05
-1.38327e-05
-8.018409e-06
9.256485e-07
1.741795e-05
3.806419e-06
-1.859915e-05
-3.400735e-05
-1.507145e-05
-1.062299e-06
-1.709103e-05
-3.93048e-05
-8.315248e-06
3.741862e-05
7.770229e-06
-4.814608e-05
-2.304371e-06
8.142794e-06
-1.014871e-05
-1.215676e-05
5.805796e-06
1.193898e-05
-2.920525e-05
-2.135413e-05
-2.813211e-06
-1.777053e-05
-4.143108e-05
-2.13803e-05
-3.352509e-06
-1.023792e-06
-3.287924e-05
-7.616623e-05
-3.173493e-05
-3.20689e-06
-7.844128e-06
-4.535513e-06
-1.309577e-05
-7.086971e-05
-9.840518e-05
-1.40463e-05
4.539669e-05
-3.848973e-05
-0.0001115179
-6.902189e-06
6.44588e-06
-6.12927e-05
-6.269226e-05
-1.487082e-05
-1.597368e-05
-4.790399e-05
-2.902178e-05
4.057482e-06
4.537562e-05
4.209861e-05
-5.312118e-06
-4.147898e-06
4.434872e-05
4.385405e-05
-3.795281e-06
-8.280081e-07
3.016618e-05
5.420242e-06
-1.376609e-05
-1.093973e-05
-8.961051e-06
-9.372446e-06
-1.00726e-05
-9.684462e-06
-9.762419e-06
-9.658315e-06
-1.014024e-05
-9.470286e-06
-9.078428e-06
-1.050227e-05
-1.427122e-05
3.913954e-06
3.221369e-05
8.656491e-06
-2.841208e-05
-5.097694e-05
-2.387976e-05
-8.176809e-06
-6.997282e-06
4.268602e-06
-4.84534e-05
-0.0001532095
-8.816459e-05
5.837908e-05
9.471073e-05
1.22275e-05
-2.483077e-05
5.016089e-06
3.30535e-05
-1.112831e-06
-3.912045e-06
4.742059e-05
4.415706e-05
-1.263453e-05
2.282758e-05
0.0001283616
7.772338e-05
-1.089302e-05
-2.974787e-05
3.470077e-05
0.0001150365
3.258901e-05
-2.241286e-05
-1.204454e-05
-7.494202e-06
-1.31068e-05
-9.053124e-07
4.0182e-05
5.778839e-05
5.629922e-05
3.241318e-05
7.13527e-06
6.535444e-05
6.378584e-05
-8.187437e-05
-9.833351e-05
5.914618e-06
9.643705e-05
6.547394e-05
-2.213412e-05
-6.475898e-05
6.293294e-06
7.667024e-05
1.559156e-05
-4.601093e-06
2.908711e-05
5.970458e-06
-1.28233e-05
-9.773352e-06
-1.103052e-05
-1.772782e-05
1.891555e-05
7.251909e-05
1.843373e-05
-1.861025e-05
-8.823955e-06
-5.911735e-06
-3.120694e-05
-3.361282e-05
3.573582e-05
-4.511423e-05
-0.0001960818
-9.918352e-05
4.739833e-05
5.002966e-05
1.368668e-05
2.423365e-05
1.856803e-06
-1.361588e-05
1.621998e-05
-1.156217e-05
-0.0001188792
-5.641431e-05
6.14491e-06
-1.926375e-05
-5.39973e-05
-2.977457e-05
1.063467e-05
3.422163e-05
-1.814917e-06
-1.41505e-05
6.496408e-05
0.0001572402
0.000113239
6.549921e-06
-3.736874e-05
-2.683227e-05
-5.279258e-06
-8.711336e-05
-8.353357e-05
-2.204234e-05
9.44088e-06
3.405426e-05
1.228466e-05
-4.370055e-05
-9.930581e-05
-1.093428e-05
7.19583e-05
5.049659e-05
6.399154e-05
1.363083e-05
-2.389953e-05
2.23628e-05
6.168552e-05
-2.485313e-05
-4.591718e-05
3.630733e-05
0.0001204962
1.966189e-05
-6.503973e-05
-3.089991e-05
1.120168e-05
3.31556e-05
2.968129e-06
-1.326543e-05
-1.038918e-05
-1.230024e-05
-1.128026e-06
3.854952e-05
6.3834e-05
5.569929e-05
-4.587809e-05
-0.0001454967
-2.28975e-05
8.544976e-05
1.678768e-05
-1.033816e-05
4.40575e-05
4.820107e-05
-4.325843e-06
-6.540835e-06
4.709716e-05
5.268613e-05
-1.60286e-05
-6.455996e-05
5.372046e-06
7.802682e-05
1.55387e-05
-1.144184e-05
4.121071e-05
6.868447e-05
2.470966e-05
-5.557381e-05
1.527636e-05
0.0001226363
2.435285e-05
-7.72887e-05
-6.438011e-05
-3.152575e-05
-4.487332e-05
-2.485645e-05
-5.164855e-06
-7.944774e-06
-1.619574e-05
-4.193266e-06
6.047459e-05
8.784115e-05
1.479398e-05
-2.419503e-05
-5.742081e-07
4.757796e-05
4.617723e-05
-6.131294e-08
-1.463124e-05
-9.492589e-06
-8.548759e-06
-1.13294e-05
-8.646206e-06
-2.447086e-06
-2.432697e-05
-6.66954e-05
6.655546e-06
0.0001615378
0.0001602484
6.116754e-06
-5.616557e-05
-4.628266e-05
-0.0001015747
-9.475062e-05
3.460986e-05
0.0001672744
0.0001157954
6.556556e-05
2.98259e-05
1.194099e-05
-3.724194e-05
-3.217429e-05
7.524464e-06
3.52306e-05
8.040984e-06
-3.517273e-05
-3.93573e-05
3.796804e-05
3.305479e-05
-4.785936e-05
1.98346e-06
7.511279e-05
5.815879e-06
1.446105e-05
0.0001452619
0.0001246779
-3.759205e-05
-7.237912e-05
0.0001324744
0.0001546025
-1.882117e-05
-4.910533e-05
6.725658e-06
6.104213e-05
1.254242e-05
-9.39209e-05
3.490501e-06
0.0001080145
-2.291561e-06
-4.052904e-05
-1.965938e-05
2.575882e-05
8.258892e-05
-1.293888e-05
-0.000108477
-1.049421e-05
8.436842e-05
1.597918e-05
-2.035783e-05
6.375493e-05
0.000160665
0.0001110483
-2.734908e-06
-6.257771e-06
5.93489e-05
3.456512e-06
-0.0001262487
-4.040438e-05
3.039706e-05
-2.760129e-05
-4.530681e-05
-4.814953e-05
-2.020747e-05
-5.488696e-06
-2.422623e-05
-2.272787e-05
-2.752847e-05
-0.0001212214
-3.899136e-05
5.770953e-05
-3.096354e-05
-0.0001636504
-7.504594e-05
0.0001020535
0.0001077589
3.685442e-06
-6.376433e-06
3.849527e-05
-5.393937e-06
-7.740044e-05
-3.708529e-05
6.335843e-05
2.033246e-05
-8.857895e-06
3.885438e-05
6.277477e-05
4.153389e-05
-5.422974e-06
4.784358e-07
3.347667e-05
4.710184e-06
-2.175761e-05
3.19565e-06
6.066386e-05
1.092497e-06
-0.0001310184
-2.870751e-05
8.450167e-05
2.270192e-05
-1.913825e-05
-8.390233e-06
-2.147164e-05
-4.992497e-05
-2.476272e-05
-5.080317e-06
-7.585275e-06
-1.120523e-05
-1.402115e-05
5.296858e-06
3.156688e-05
4.853331e-06
-1.425366e-05
-9.3304e-06
-7.410012e-06
-1.331226e-05
-1.675588e-05
2.972933e-05
4.781374e-05
-8.255503e-05
-7.73832e-05
3.892383e-05
5.344657e-05
-4.335164e-06
-6.568179e-06
4.636336e-05
4.805593e-05
-4.735152e-07
-1.920061e-05
5.828546e-06
3.239477e-05
-2.120338e-07
-3.774545e-06
4.503646e-05
4.70755e-05
8.838469e-07
-1.630671e-05
-8.36803e-06
-2.275083e-06
-2.49663e-05
-6.10068e-05
8.617209e-07
9.555092e-05
5.279523e-05
-5.627646e-05
-8.692537e-05
-5.712163e-05
-1.00386e-05
-3.823127e-05
-7.740998e-05
2.181025e-06
1.32938e-05
-1.137507e-05
-1.203152e-05
-8.987345e-06
-8.761958e-06
-1.073994e-05
-8.346539e-06
-4.857153e-06
-2.337475e-05
-5.420763e-05
-1.554744e-05
4.17799e-05
7.58448e-05
8.204221e-05
1.395486e-05
-1.772216e-05
-1.037631e-05
-8.240571e-06
-8.843544e-06
-9.063462e-06
-1.027088e-05
-1.411783e-05
5.036381e-06
3.386043e-05
4.361042e-06
-2.483403e-05
1.088322e-05
0.0001063943
8.878137e-05
-3.192968e-05
-3.935437e-05
9.732843e-06
4.289781e-05
-2.207955e-05
-9.375288e-05
-6.21124e-05
-1.38284e-05
6.264725e-05
2.917211e-05
-4.580623e-05
-8.930602e-05
-4.656536e-05
-5.138099e-05
-7.585482e-05
-6.337309e-05
-2.858911e-05
1.997693e-05
8.77084e-05
6.045991e-05
-6.846358e-06
-1.850833e-05
1.642052e-05
1.129807e-05
-0.0001101461
-0.0001090732
8.866955e-06
1.139405e-05
2.279658e-06
3.250136e-05
-7.635219e-06
-5.391611e-05
-3.043307e-05
5.688573e-06
4.751209e-05
4.540161e-05
-8.254474e-07
-1.460722e-05
-3.718683e-06
-1.442056e-05
-7.858508e-05
-0.0001055825
-3.823766e-05
7.720109e-06
4.25295e-05
6.669281e-05
3.351698e-05
-6.865968e-05
-6.260115e-05
0.0001354063
0.0002367471
3.967601e-05
-8.540432e-05
-6.220445e-06
0.0001115601
0.0001012436
1.389781e-06
8.94162e-06
6.821514e-05
3.048838e-05
3.369448e-05
5.86708e-05
4.251196e-05
-3.535072e-06
-2.759818e-07
3.150776e-05
7.053469e-06
-1.272844e-05
-1.706018e-05
-2.599551e-06
6.087446e-05
8.835194e-05
1.316933e-05
-2.401171e-05
6.814656e-06
4.135237e-05
-2.968539e-05
-8.248972e-05
1.077122e-05
1.012619e-05
-0.000103252
-0.0001212369
3.33074e-05
3.448895e-05
-1.116438e-05
-2.75762e-05
-5.048674e-05
-2.635245e-05
8.482276e-06
3.28742e-05
3.911071e-06
-1.352717e-05
-9.517827e-06
-8.160416e-06
-1.383277e-05
-1.099394e-06
4.270482e-05
6.493369e-05
2.812928e-05
-4.196447e-05
-3.169066e-05
8.335576e-06
3.018454e-05
1.780562e-05
2.303659e-05
1.756839e-05
2.867405e-05
9.364716e-06
-2.272422e-05
-6.60057e-05
-6.516885e-05
-1.763252e-05
2.050945e-06
-3.563744e-05
-8.307062e-05
-6.695556e-05
-8.836125e-05
-2.575991e-05
5.41111e-05
4.709879e-05
-5.993229e-06
-3.780439e-06
5.053621e-05
3.237422e-05
-3.977875e-05
-2.836736e-05
-6.300137e-06
-1.194916e-05
4.856619e-06
3.290078e-05
3.343401e-06
-2.250426e-05
1.870191e-05
7.741007e-05
1.005885e-05
-6.758928e-05
-7.769634e-05
-7.674521e-05
-4.585995e-05
1.729504e-05
2.445309e-05
2.692596e-05
-7.986423e-07
1.082062e-06
3.175591e-05
7.123447e-06
-1.528153e-05
-1.885492e-05
2.025349e-05
7.337911e-05
1.873335e-05
-1.81115e-05
-9.952231e-06
-4.117287e-06
-2.59155e-05
-3.860798e-05
1.026181e-05
3.738074e-05
6.486958e-05
2.859717e-05
3.759122e-05
3.987985e-05
1.609786e-05
2.923359e-05
6.835608e-06
-3.155634e-05
-3.495877e-05
2.190811e-05
-1.015265e-05
-4.32861e-05
2.996337e-05
5.065373e-05
2.161298e-06
-1.423177e-05
-9.218798e-06
-1.36136e-05
-4.248318e-06
5.888972e-05
9.150638e-05
2.209976e-05
-5.791544e-05
-6.68537e-05
6.657094e-05
5.314786e-05
-5.274921e-05
-5.988773e-06
9.580848e-05
4.985474e-05
-4.639631e-05
-3.449991e-05
1.006629e-05
3.433184e-05
3.71716e-06
-1.398048e-05
-8.882532e-06
-8.334791e-06
-1.445902e-05
-6.785279e-07
4.774764e-05
5.21483e-05
-1.542943e-05
-6.486414e-05
5.159212e-06
8.343087e-05
1.012667e-05
-7.476185e-05
-6.59385e-05
-1.379773e-05
-1.713073e-05
-5.01005e-05
-2.722793e-05
-8.120028e-06
1.498688e-05
7.433322e-06
-8.751704e-05
-9.721644e-05
-5.74463e-05
-1.657564e-05
-5.380812e-06
-9.743036e-06
-1.002377e-05
-8.689922e-06
-8.518332e-06
-1.109744e-05
-1.230545e-05
9.143313e-06
1.727296e-05
-3.512064e-05
-2.742825e-05
-9.26014e-06
-8.920752e-06
1.440362e-05
5.288421e-07
-8.472592e-05
-1.355316e-05
7.931331e-05
2.333571e-05
-1.461143e-05
-2.610676e-05
-4.848694e-05
-2.409358e-05
-4.263035e-06
-2.943586e-06
-2.609325e-05
-5.537619e-05
-5.948114e-06
3.966607e-05
-1.855546e-05
-3.465023e-05
8.537993e-05
0.0001072106
1.40246e-05
-2.187276e-05
-1.887227e-05
1.836128e-05
8.299268e-05
6.773974e-05
4.586503e-05
7.191352e-05
6.455501e-05
-1.01643e-05
9.953228e-06
4.643508e-06
-1.768811e-05
2.430992e-05
5.675818e-05
-3.093775e-05
-5.877946e-06
9.318411e-05
4.536088e-05
-3.424834e-05
1.552152e-05
6.96491e-05
0.0001094697
0.0001135478
5.425519e-05
-3.108121e-05
-2.903324e-05
9.108055e-05
3.248388e-05
-0.000177501
-0.0001531279
4.69874e-05
2.305945e-05
-5.908645e-05
-3.28712e-05
1.06629e-05
3.354623e-05
4.452855e-06
-9.254543e-06
-2.347852e-05
-5.046805e-05
-2.784538e-05
9.668898e-06
3.375745e-05
1.83148e-06
-1.748172e-05
1.170712e-05
2.190103e-05
-6.058522e-05
-4.861989e-05
9.148967e-05
0.0001073062
6.684793e-06
-1.069209e-05
4.578131e-05
4.850146e-05
1.154675e-06
-1.489501e-05
-9.49815e-06
-8.609562e-06
-7.868842e-06
-7.974374e-06
-1.524337e-05
-8.411488e-06
6.979969e-05
0.0001433777
7.632541e-05
-2.161286e-05
-6.343387e-05
-1.754683e-05
6.846753e-05
9.606764e-05
-1.525447e-05
-0.0001008209
-3.333037e-05
-8.641185e-06
-6.319627e-05
-7.092048e-05
-5.353038e-06
3.759052e-05
5.63534e-06
-1.485971e-05
-9.878433e-06
-7.337388e-06
-9.342484e-06
-1.474523e-05
4.254415e-06
3.554486e-05
1.153324e-05
-5.06347e-05
-6.349052e-05
4.579676e-05
2.815647e-05
-2.058436e-05
-3.050102e-06
4.469181e-05
5.96386e-05
3.322317e-05
2.873309e-05
6.857402e-05
1.969675e-05
-1.697748e-05
-1.121877e-05
-6.821376e-06
-8.849914e-06
-1.461771e-05
8.734338e-07
4.580006e-05
4.688788e-05
4.456238e-06
-2.684385e-05
-4.664745e-05
-4.100985e-05
-3.554102e-05
2.727874e-05
5.812248e-05
5.831408e-05
5.023639e-05
-2.328762e-05
-0.0001104447
-8.368236e-05
2.491571e-07
3.882556e-05
3.793705e-06
-1.903744e-05
4.048594e-06
3.364862e-05
8.864275e-06
-2.703299e-05
-4.694037e-05
-3.707912e-05
-4.566829e-05
-2.329404e-05
-5.188407e-06
-7.13095e-06
-1.131934e-05
-1.676095e-05
1.833496e-05
6.81753e-05
3.615571e-05
2.635664e-05
-1.599125e-05
-3.765995e-05
2.16419e-05
-4.546657e-06
-5.391214e-05
-2.794943e-05
9.745007e-06
2.380192e-05
2.398511e-05
9.272661e-05
0.0001146436
5.419904e-05
-6.46852e-07
-2.908272e-05
-4.856575e-05
-2.1086e-05
-6.803302e-06
-1.764149e-05
1.794524e-05
7.669934e-05
2.520447e-05
-5.478994e-05
-6.183335e-05
4.84525e-05
4.695108e-06
-3.01914e-05
6.087089e-05
2.595591e-05
-9.243314e-05
-0.000182837
-0.0001145557
1.933829e-05
4.951227e-06
-4.238253e-05
-7.437012e-05
-0.0001175838
1.556528e-06
7.149141e-05
4.001846e-05
1.116771e-05
2.926285e-05
1.356965e-05
-4.433646e-05
-7.920225e-05
-1.791617e-06
2.996135e-05
3.517617e-05
-1.401275e-05
-6.195422e-05
6.232435e-06
7.529032e-05
1.609654e-05
1.444656e-06
2.500107e-05
-6.091177e-05
-0.000115774
-3.580278e-05
8.23754e-05
0.0001503319
5.328812e-05
-5.91313e-05
-4.7013e-06
9.375431e-05
6.273267e-05
-8.458463e-06
-5.749007e-06
4.165352e-05
5.818461e-05
5.732015e-05
3.967595e-05
-4.558962e-06
2.194623e-06
3.811908e-05
-8.751251e-06
-6.571265e-05
-4.415407e-06
0.0001122376
9.437786e-05
-4.723171e-05
-8.258644e-05
8.085733e-06
7.822349e-05
2.37165e-05
-7.580151e-06
-5.825968e-05
-0.0001160328
-1.073312e-05
1.704799e-05
-9.431225e-06
-1.283489e-05
-1.142011e-05
-5.852271e-06
1.785358e-06
-3.892531e-05
-0.0001061824
-4.817962e-06
0.0001533101
0.0001272728
-2.346589e-05
-0.0001080837
-2.447044e-05
4.595933e-05
1.61338e-05
-5.08278e-05
-8.700673e-05
3.520383e-05
9.901632e-05
-1.558418e-06
-4.636924e-05
1.664849e-05
1.074501e-05
-1.637047e-05
3.197975e-06
3.327058e-05
4.75934e-06
-1.757602e-05
4.757735e-06
3.240696e-05
2.570501e-06
-3.575486e-06
3.47791e-05
6.646908e-05
0.000113616
0.0001011416
-4.018544e-06
-6.383968e-05
-1.003015e-05
3.870024e-05
9.475376e-06
-2.755856e-05
-4.640069e-05
-3.751808e-05
-5.011284e-05
-9.039085e-06
3.663698e-05
9.418208e-06
-2.836167e-05
-4.829438e-05
-2.079595e-05
-2.891309e-05
-1.906833e-05
6.677548e-05
-3.507265e-06
-0.0001008038
-4.89231e-05
3.153163e-05
7.520182e-05
6.140362e-06
3.668225e-06
0.0001051854
8.903308e-05
-3.418398e-05
-2.46459e-05
4.746595e-05
6.17959e-05
3.321553e-05
2.778346e-05
6.931031e-05
2.025426e-05
-1.760903e-05
-1.430333e-05
6.393147e-06
2.744812e-05
1.504187e-05
4.201777e-05
4.530178e-05
3.029012e-06
-1.424512e-05
-1.449035e-05
1.667222e-06
4.582498e-05
4.822444e-05
4.072597e-06
-3.340588e-05
-3.550736e-05
2.307638e-05
-3.120193e-06
-5.472175e-05
-3.448874e-05
2.017365e-05
8.875693e-05
6.019469e-05
-2.692441e-06
-1.711093e-05
-1.126043e-05
1.1486e-05
1.618785e-05
-4.018805e-05
-1.235088e-05
3.517019e-05
3.239605e-06
-5.28765e-06
3.940864e-05
6.460732e-05
4.949693e-05
-3.248235e-05
-8.062584e-05
1.442187e-06
1.117728e-05
7.527571e-06
1.563126e-05
-3.682274e-05
-2.970578e-05
7.815117e-06
3.07352e-05
4.234247e-06
1.242103e-05
-1.531893e-05
-0.0001036432
-1.906948e-05
3.07965e-05
3.125328e-05
2.758818e-06
-1.188578e-05
-1.10533e-05
-1.68569e-05
1.967523e-05
7.301019e-05
2.066086e-05
-1.880112e-05
-1.511843e-05
8.15938e-06
3.216609e-05
-2.056808e-06
-1.301834e-06
5.208631e-05
3.061049e-05
-5.343781e-05
1.01149e-05
0.0001333692
7.728014e-05
-1.332167e-05
-7.617836e-06
4.923388e-05
5.294532e-05
-1.476004e-05
-5.96733e-05
-9.449877e-06
3.758821e-05
7.082064e-06
-1.550156e-05
-1.418912e-05
7.208873e-06
3.12089e-05
8.848853e-07
1.228878e-06
3.100747e-05
5.95743e-06
-1.289424e-05
-9.462875e-06
-8.952136e-06
-1.191841e-05
-5.619636e-06
6.036061e-06
-5.433226e-05
-0.0001461706
-1.319993e-05
0.0001430215
7.778891e-05
-2.000145e-05
3.112952e-06
0.0001049202
0.0001041363
5.363332e-06
-1.464365e-05
5.623384e-05
0.0001040091
5.653471e-05
-4.714259e-06
-1.419736e-05
-7.288713e-06
-9.083743e-06
-1.337513e-05
4.811469e-06
3.250204e-05
5.845809e-06
-1.413803e-05
-1.355568e-05
6.255226e-06
2.779546e-05
1.428384e-05
3.771974e-05
6.0645e-05
4.325935e-05
-2.174641e-06
-1.628191e-05
1.448218e-05
5.122075e-06
-7.961421e-05
-4.839561e-05
3.11031e-05
5.643478e-05
-1.320504e-05
2.292703e-05
5.33751e-05
-5.13025e-06
-6.596615e-05
-8.050792e-05
-5.834e-05
-1.435124e-05
-1.757616e-05
-4.794119e-05
-4.139807e-05
-2.728671e-05
4.452018e-06
-3.352216e-05
-2.53482e-05
-1.844635e-06
-2.251318e-05
-5.385567e-05
-1.050899e-05
3.258742e-05
2.054676e-05
2.571795e-05
5.651714e-06
-6.132874e-06
-2.641101e-05
-5.919299e-05
7.218387e-06
8.238998e-05
4.804462e-06
-6.688397e-05
1.782952e-06
7.544048e-05
3.789977e-05
1.038947e-05
-2.884432e-05
-5.511301e-05
-9.262763e-05
-2.256224e-05
4.382446e-05
8.722121e-06
-4.311429e-05
-1.311304e-05
0.0001212514
7.066995e-05
-6.3439e-05
-8.111482e-05
9.951474e-06
8.083114e-05
2.361747e-05
-3.220935e-05
-5.197051e-05
-2.611498e-05
4.729519e-06
4.343802e-05
6.028847e-05
3.764354e-05
8.623929e-06
3.804538e-05
6.601365e-05
3.272784e-05
-5.538864e-05
-6.884426e-05
-1.831384e-05
-4.409e-06
-1.252433e-05
4.743145e-06
3.117174e-05
1.45403e-06
1.260204e-06
3.056548e-05
6.566221e-06
-1.206047e-05
-1.158852e-05
-1.293111e-05
7.492882e-06
3.288298e-05
-2.750327e-06
-1.03207e-05
7.849079e-05
0.0001157671
-1.238792e-05
-4.068738e-05
8.18771e-06
3.419193e-05
-1.620605e-06
1.217781e-05
6.439963e-05
5.008499e-05
6.378589e-05
1.342826e-05
-5.126422e-07
2.94783e-05
2.007651e-06
2.027307e-06
3.122837e-05
5.14291e-06
-1.676352e-05
4.26603e-06
3.143233e-05
5.760558e-06
-7.234336e-06
-1.928943e-05
-6.946419e-05
-5.90334e-05
4.701053e-05
0.0001076483
5.090463e-05
3.277783e-06
4.340588e-05
5.947711e-05
-3.885628e-05
-0.0001346571
-7.22041e-05
-2.074233e-05
2.543565e-05
-7.884496e-06
-5.790154e-05
-1.137532e-05
3.423067e-05
2.429358e-05
8.219596e-06
-2.172946e-05
1.377723e-05
6.464092e-06
-8.66796e-06
1.924128e-06
-5.123537e-05
-0.0001320364
-5.447243e-05
5.798727e-06
4.169122e-06
-4.122323e-05
-0.0001013072
-1.253863e-05
9.600705e-05
6.355986e-05
-5.91282e-06
-1.949026e-05
7.663912e-06
3.155892e-05
-4.025825e-07
3.844456e-06
3.829231e-05
-2.666239e-05
-8.039652e-05
2.061114e-06
1.341774e-05
-1.054323e-05
-6.711219e-06
-1.871247e-05
-6.330033e-05
-6.595675e-05
-1.979584e-05
2.419409e-06
-1.469108e-05
-7.984332e-05
-0.0001056914
-3.303068e-05
1.143531e-06
-8.993012e-06
-1.495023e-05
5.932742e-06
3.259528e-05
9.653022e-07
-4.266217e-06
4.150253e-05
6.217747e-05
4.174966e-05
-3.708882e-06
1.09801e-07
2.906482e-05
1.946295e-05
2.274868e-05
1.840417e-05
3.450114e-05
-5.090545e-06
-6.982885e-05
-6.856606e-05
9.7712e-08
2.392113e-05
-3.67219e-05
-3.258724e-05
8.503242e-06
3.380964e-05
4.974859e-06
-1.250746e-05
-1.054082e-05
-1.484658e-05
1.270275e-05
7.55018e-05
9.420369e-05
9.63804e-05
-4.552401e-05
-0.0001845558
-4.920471e-05
3.770672e-05
-2.894485e-05
-4.976055e-05
-3.120782e-05
2.296364e-05
-1.313824e-05
-2.585222e-05
5.377213e-05
3.783729e-05
2.117919e-05
1.653468e-05
2.916895e-05
5.409163e-06
-1.288046e-05
-1.076869e-05
-8.247993e-06
-3.5056e-06
-1.954467e-05
-6.374365e-05
-6.497443e-05
-2.09459e-05
-1.561311e-06
4.619336e-07
-3.982406e-05
-9.542176e-05
-2.315946e-05
4.151347e-05
7.034328e-06
-2.00756e-05
-1.555751e-07
4.916148e-05
4.498534e-05
-4.685449e-06
2.168055e-06
4.054053e-05
-2.287657e-05
-9.573208e-05
-3.746016e-05
3.749945e-06
-2.469706e-05
-3.926368e-05
1.457787e-05
2.811278e-05
1.272693e-05
-3.514497e-05
-1.805386e-05
-3.49698e-05
-9.378514e-05
-2.373112e-05
3.945435e-05
8.063281e-06
-1.420286e-05
-1.08333e-05
-1.174638e-05
3.313975e-06
3.021322e-05
2.588814e-05
5.194101e-06
-3.652309e-05
6.186121e-05
0.0001415297
-1.711509e-05
-0.0001236079
-1.557483e-05
-6.800401e-05
-0.0001391762
8.302402e-07
7.958295e-05
2.975016e-05
-5.127319e-05
-8.152451e-07
7.381238e-05
3.673393e-05
2.255444e-05
-7.90319e-07
-1.802615e-06
3.916588e-05
5.894559e-05
6.542277e-05
1.211772e-05
-8.190603e-05
-4.081479e-05
3.210562e-06
-2.031803e-05
-5.190595e-05
-2.442734e-05
-3.034403e-06
-6.286428e-06
-1.711003e-05
-6.403386e-06
6.527085e-05
0.0001046448
-4.235732e-05
-0.0001846438
-6.536474e-05
1.974481e-05
-3.48576e-05
-0.0001048042
-1.312778e-05
0.0001010689
4.843579e-05
-4.558129e-05
-3.026318e-05
-3.592279e-06
-6.782114e-06
-9.979515e-06
-9.883264e-06
-8.049601e-06
-8.748609e-06
-1.025875e-05
-1.164472e-05
7.570973e-06
1.478662e-05
-1.666333e-05
-1.598792e-06
-3.552499e-05
-1.289343e-05
2.947564e-05
2.300696e-05
3.297267e-05
-1.606504e-05
-4.926607e-05
4.185186e-05
0.0001125896
4.658288e-05
-6.408945e-05
-5.65731e-05
2.271203e-05
1.390396e-05
-1.077446e-05
-3.328358e-05
-2.15908e-05
5.565898e-05
3.823868e-05
2.26427e-05
1.096055e-06
6.615966e-06
1.076647e-05
-2.761559e-05
4.573991e-05
7.175766e-05
-9.148745e-06
7.767833e-06
8.077521e-06
-1.037735e-05
-1.115655e-05
-8.017149e-06
-4.244817e-06
-2.38399e-05
-4.944802e-05
-2.29337e-05
-6.455268e-06
-1.105795e-05
8.505636e-06
1.715763e-05
-3.377224e-05
-2.724984e-05
-1.316274e-05
1.952733e-07
6.526546e-05
7.153747e-05
-2.961975e-05
-1.802225e-05
3.584122e-05
7.055413e-06
-1.856053e-05
4.290492e-06
3.60856e-05
1.721048e-06
-2.735802e-05
3.604531e-05
0.0001230891
4.414431e-07
-9.382309e-05
1.452422e-05
5.810535e-05
3.860823e-06
-2.174594e-05
1.999758e-07
4.826913e-05
4.726135e-05
-2.053506e-07
-1.828392e-05
4.89061e-06
3.336461e-05
6.08759e-06
-1.441339e-05
-1.415154e-05
6.23536e-06
3.221299e-05
5.075723e-06
-1.28534e-05
-9.754929e-06
-9.769827e-06
-8.73602e-06
-2.399523e-06
-1.694006e-05
-8.210994e-05
-8.665993e-05
-5.490408e-06
-2.819496e-05
-3.190146e-05
9.782128e-06
4.20126e-05
-2.873925e-05
-8.687183e-05
1.816256e-05
6.155576e-05
-1.210733e-05
-6.674224e-05
7.012391e-07
9.485403e-05
6.000731e-05
-1.072188e-05
1.977182e-06
4.650158e-05
-3.680973e-05
-0.0001419712
-4.291744e-05
6.084103e-05
4.791248e-05
-5.747735e-06
2.00743e-06
3.503569e-05
-1.70722e-05
-2.604747e-05
6.026986e-05
2.765693e-05
-3.990543e-05
-2.854455e-05
7.537463e-05
6.557225e-05
-7.564424e-06
-5.824425e-06
4.639698e-05
4.87261e-05
1.618552e-06
-1.704708e-05
-1.261549e-05
1.382744e-05
1.917658e-05
-6.02638e-05
-3.754584e-05
7.054547e-05
-3.575104e-06
-0.0001013356
-2.943832e-05
3.418759e-05
3.852189e-05
6.514275e-05
9.274284e-06
1.210689e-05
7.339127e-05
2.473679e-05
-3.634e-05
-4.184918e-05
3.343695e-05
4.926641e-05
3.04585e-06
-5.648417e-06
-3.352408e-05
-0.0001045922
-8.035911e-05
-1.322888e-05
5.240394e-06
-3.784869e-05
-9.170812e-05
-3.850849e-05
-4.390087e-06
7.465984e-06
2.946029e-05
4.92445e-06
-7.67549e-06
-1.924229e-05
-6.290985e-05
-6.960078e-05
-1.435e-05
6.158484e-05
0.0001021125
5.638309e-05
-3.97937e-06
-1.851505e-05
8.589375e-07
4.308158e-05
6.07928e-05
4.290136e-05
-1.327014e-06
-1.693387e-05
6.809357e-06
3.079146e-05
-2.644822e-06
1.517032e-05
7.095385e-05
2.180691e-05
-1.184324e-05
-2.642289e-05
-5.423709e-05
-8.880736e-06
4.285138e-05
1.371203e-08
-8.887776e-05
-9.585435e-05
2.221268e-05
5.411277e-05
4.453147e-06
-6.113378e-06
-3.983647e-05
-9.627142e-05
-2.119756e-05
5.376553e-05
-3.160151e-05
-0.000153066
-9.455282e-05
-4.460702e-06
-1.209703e-05
-6.521361e-05
-6.578019e-05
-2.09655e-05
-6.155231e-06
1.326805e-05
4.0688e-06
-7.386691e-05
-5.984581e-05
-2.804741e-05
2.003516e-05
4.66564e-06
-3.969111e-07
2.709504e-05
2.515434e-05
1.586904e-05
-4.050221e-05
-3.539891e-05
2.950568e-05
6.812177e-05
-5.114907e-05
-0.000112168
-3.252849e-05
-1.719821e-05
-3.301858e-05
1.868459e-05
-3.987051e-06
-4.902902e-05
-3.892307e-05
-4.398027e-05
-2.403502e-05
-1.422054e-05
2.133186e-05
7.247915e-05
1.520421e-05
-7.913105e-06
4.02564e-05
6.171892e-05
4.337846e-05
1.053592e-06
-1.540085e-05
-1.70578e-05
2.056651e-05
7.162196e-05
2.042233e-05
-1.157777e-05
-2.328927e-05
-6.637646e-05
-4.395817e-05
7.419394e-06
-3.689661e-05
-2.171372e-05
6.448354e-05
9.016649e-05
8.387789e-06
-1.62791e-05
7.304139e-05
0.0001261469
4.472541e-05
1.765454e-05
2.869819e-06
-9.5015e-06
-8.398507e-06
-1.518058e-05
-4.054441e-06
5.852864e-05
0.0001047446
3.678039e-05
-2.894012e-05
1.781771e-05
-6.601358e-06
-5.96552e-05
4.64544e-06
7.430441e-05
1.44764e-05
1.528099e-05
5.53319e-05
-2.398077e-05
-1.617044e-05
3.394378e-05
6.075679e-06
-1.618614e-05
7.698619e-06
1.762352e-05
-3.541376e-05
-2.227986e-05
-1.551329e-05
-6.38122e-05
-6.880696e-05
-4.560665e-06
3.574777e-05
1.946827e-06
1.998356e-06
2.944516e-05
-3.994353e-06
1.47528e-05
8.085101e-05
1.723853e-05
-0.0001106911
-0.0001241193
5.090238e-05
7.397842e-05
-5.529342e-06
-4.603406e-06
3.395103e-05
1.218589e-05
-3.072981e-05
-5.472481e-05
1.560982e-06
1.338506e-05
-9.231656e-05
-9.111248e-05
1.116576e-05
7.658766e-05
3.345989e-05
2.172296e-05
3.939536e-06
-7.593058e-06
-2.2102e-05
-4.701234e-05
-4.189595e-05
-3.073021e-05
1.94748e-05
3.310932e-06
-7.520741e-06
5.503815e-05
0.0001025162
5.762866e-05
-7.116004e-06
-7.383083e-06
3.447184e-05
9.076403e-05
0.0001248522
2.760661e-05
-2.575916e-05
3.03967e-06
3.46003e-05
6.415966e-06
-1.476611e-05
-1.356381e-05
5.419894e-06
2.90154e-05
1.776377e-05
2.432692e-05
2.021151e-05
2.661901e-05
-3.742657e-06
1.605577e-05
7.233727e-05
2.019179e-05
-1.693723e-05
-1.148127e-05
-7.392239e-06
-8.499284e-06
-9.166272e-06
-9.907586e-06
-9.418314e-06
-6.168088e-06
-6.15911e-06
-3.302352e-05
-2.523549e-05
7.379903e-05
6.420993e-05
-6.355854e-06
-2.624809e-06
3.325958e-05
1.218915e-05
-2.844954e-05
-5.628827e-05
-1.168333e-05
5.038963e-05
4.237054e-05
1.351951e-05
2.840719e-05
1.291629e-05
-4.016343e-05
-8.803662e-05
-5.064667e-05
-4.176572e-05
-2.678675e-05
3.944354e-06
4.665826e-05
4.564262e-05
1.583884e-06
-1.119202e-05
-2.171095e-05
-4.384184e-05
-4.124721e-05
-5.260515e-05
1.380075e-05
4.887502e-05
-5.759279e-05
-6.091038e-05
-4.421362e-05
-1.918228e-05
-6.229374e-06
-1.003383e-05
-8.180152e-06
-4.293608e-06
-2.364242e-05
-5.438561e-05
-1.230426e-05
4.503997e-05
5.253256e-05
6.55006e-05
9.687421e-05
5.788621e-05
-4.811372e-06
-2.202122e-05
1.90946e-05
7.015196e-05
3.370129e-05
2.309383e-05
3.616898e-06
-9.733622e-06
-1.199607e-05
-1.701646e-05
1.965619e-05
7.520813e-05
9.77674e-06
-4.805528e-05
-7.587783e-05
-9.820994e-05
2.756787e-05
3.374351e-05
4.340766e-06
-6.249599e-05
-0.0002044395
-0.0001352018
1.248975e-05
4.884642e-05
4.981442e-05
-5.835517e-06
-2.536733e-06
-3.468164e-05
-3.300948e-05
2.144926e-05
7.021068e-05
3.359134e-05
2.192538e-05
5.201751e-06
-6.562492e-06
-2.620576e-05
-5.531918e-05
-1.587823e-06
3.152751e-05
-6.690841e-05
-0.0001194632
1.280067e-06
7.69907e-05
-5.392803e-05
-0.0001063717
2.136669e-05
5.897793e-05
-5.501879e-06
-1.436171e-05
8.062633e-05
0.0001188029
-2.961018e-05
-6.456321e-05
2.008699e-05
1.457884e-05
-1.465305e-05
-2.007347e-05
2.131263e-05
7.218964e-05
1.590608e-05
-2.638663e-06
2.806484e-05
3.211017e-06
6.931796e-06
1.703287e-05
-3.934573e-05
-3.275489e-05
3.294e-05
4.308676e-05
-7.455068e-05
-4.618943e-06
0.0001169231
5.11779e-05
1.755942e-05
3.660945e-06
-4.105603e-06
-4.09725e-05
-7.188682e-05
-1.141788e-05
-3.225948e-05
-1.292657e-05
3.589983e-05
1.569335e-05
-4.323497e-05
-9.693488e-05
-2.140535e-05
4.041197e-05
1.721864e-06
-5.151821e-06
4.561868e-05
5.077348e-05
-1.172513e-05
-5.105995e-05
-3.892239e-05
-4.773606e-05
-9.592257e-06
2.932263e-05
2.226265e-05
3.584179e-05
-2.39571e-05
-9.542519e-05
-4.271283e-05
1.382369e-05
3.451816e-05
3.747073e-06
-1.425879e-05
-1.215773e-05
3.611827e-06
2.412274e-05
3.452638e-05
6.810711e-05
1.360114e-05
-2.505263e-06
3.32441e-05
8.067194e-06
-3.687151e-05
-2.094544e-05
6.778799e-05
-4.674453e-06
-9.86205e-05
-4.098295e-05
7.98887e-07
-5.51913e-06
-1.219458e-05
-1.34373e-05
5.581966e-06
3.064963e-05
6.720074e-06
-7.280743e-06
-2.669395e-05
-5.869249e-05
6.343509e-06
8.199191e-05
7.152098e-06
-6.46544e-05
-2.069423e-05
6.214207e-05
0.0001036341
5.587021e-05
-5.419422e-06
-1.832986e-05
6.654816e-06
3.205857e-05
3.194254e-06
-9.880061e-06
-1.520687e-06
-4.405453e-05
-8.370285e-05
3.54548e-05
8.112299e-05
-2.259567e-05
-3.332463e-05
-1.265326e-05
-5.481466e-07
5.617719e-05
0.0001024261
4.548109e-05
-3.127122e-05
-7.255394e-05
-0.0001334346
-3.889261e-05
6.205795e-05
3.478304e-05
-4.321959e-05
-2.970856e-05
1.522435e-06
-1.40233e-05
-7.859102e-05
-0.0001021448
-4.757336e-05
-4.093097e-05
-2.20788e-05
-7.198505e-06
-7.926833e-06
-8.915013e-06
-1.018529e-05
-1.264141e-05
4.729206e-06
2.853388e-05
1.749957e-05
2.395873e-05
2.377285e-05
1.806398e-05
-5.093882e-05
-6.716829e-05
-2.034893e-05
-8.646983e-06
1.733194e-06
4.485207e-05
4.632879e-05
1.375838e-06
-1.377384e-05
-1.056125e-05
-9.150117e-06
-5.170187e-06
-3.444653e-06
-4.694376e-05
-6.181309e-05
4.92049e-05
1.426357e-05
-5.946793e-05
-3.104028e-05
2.103377e-05
1.43116e-05
-0.0001078948
-0.0001286178
-1.602782e-05
4.312991e-05
6.558361e-06
-1.644803e-05
-1.184155e-05
-4.712429e-06
-8.342864e-08
-4.404288e-05
-8.460745e-05
2.806263e-05
0.0001033074
6.510966e-05
6.751658e-05
6.89863e-05
-2.038544e-05
-5.116972e-05
-3.755268e-05
3.361554e-05
5.089989e-05
5.378802e-06
-2.772554e-05
-5.157083e-05
-2.774397e-05
6.556103e-06
5.051385e-05
2.76158e-05
-2.645252e-05
8.158088e-06
2.275678e-05
3.02993e-05
8.080434e-06
-2.610917e-05
-5.241972e-05
-3.05228e-05
2.265481e-05
6.986831e-05
3.421606e-05
2.180482e-05
-1.212191e-06
4.547815e-06
3.326256e-05
-5.522806e-06
-3.86557e-06
0.0001209442
0.0002186216
0.0001123572
-5.488118e-05
-7.686081e-05
-1.615009e-05
3.719574e-06
-2.584176e-05
-5.996578e-05
5.45937e-06
7.705397e-05
2.033883e-05
-1.683244e-05
-1.112675e-05
-1.458491e-05
-1.208572e-06
6.409632e-05
7.273748e-05
-2.744328e-05
-2.160205e-05
2.222181e-05
5.146155e-05
0.0001090335
3.100269e-05
-1.92203e-05
-6.757014e-06
-2.277899e-05
-5.467063e-05
-8.674358e-06
4.100174e-05
-8.92846e-06
-5.94219e-05
-1.136806e-05
3.819151e-05
1.02757e-05
-2.845752e-05
-5.088764e-05
-2.322932e-05
-8.962588e-06
5.136698e-06
3.104858e-05
9.351614e-06
-2.220936e-05
-6.15729e-05
-7.830801e-05
-6.021951e-05
-1.80973e-05
-5.299097e-06
-1.102366e-05
-7.596687e-06
-2.619805e-07
-3.861426e-05
-9.544388e-05
-2.381893e-05
3.951438e-05
8.892587e-06
-1.341067e-05
-1.838918e-05
-6.738616e-06
7.698667e-05
0.0001314604
1.275575e-05
-6.05149e-05
-1.301433e-05
-4.502999e-05
-0.000134691
-4.648951e-05
5.110662e-05
8.257094e-05
6.673821e-05
-2.786163e-05
-3.235431e-05
-4.716783e-06
-1.840966e-06
-2.545812e-05
-5.481288e-05
-7.565264e-06
3.412969e-05
8.107122e-07
3.286476e-06
3.763946e-05
-2.771575e-05
-7.953734e-05
6.44139e-06
-6.200928e-07
-5.561181e-05
-1.413277e-05
3.333108e-05
2.638212e-05
1.152271e-05
-4.185898e-05
-1.318891e-05
3.745209e-05
1.046592e-05
-3.335013e-05
-4.199396e-05
3.350441e-05
5.131149e-05
-2.447861e-08
-1.965446e-05
9.643453e-06
2.447923e-05
-4.819468e-05
-8.634563e-05
-4.244835e-05
8.581283e-06
-3.481205e-05
-1.583725e-05
3.145749e-05
2.61466e-05
1.209773e-05
-4.209366e-05
-1.154884e-05
3.539114e-05
4.727268e-06
-1.655638e-05
1.00753e-05
6.497591e-06
-6.73877e-05
-7.236507e-05
-8.907377e-05
-1.958094e-05
4.295333e-05
-7.964237e-06
-5.565682e-05
-2.464572e-05
-3.499482e-06
-9.630686e-06
-1.257057e-05
7.848669e-06
1.398788e-05
-2.188449e-05
1.249142e-05
9.178929e-06
-7.140693e-06
-2.517771e-05
-5.104227e-05
-2.275977e-05
-4.895665e-07
-1.840035e-05
-6.436192e-05
-6.505567e-05
-2.503279e-05
6.368496e-06
4.841663e-05
4.40882e-05
-9.614872e-06
9.879201e-06
9.287588e-05
5.567024e-05
-7.214646e-05
-0.0001132576
-3.741621e-05
1.574434e-05
3.291867e-05
2.907318e-06
-1.368658e-05
-9.481579e-06
-7.772263e-06
-1.082854e-05
-1.156442e-05
-1.099991e-06
-7.340514e-06
-0.0001065075
-0.0001873657
-6.8199e-05
1.416372e-05
6.174278e-05
8.545917e-05
2.488266e-05
-4.337729e-05
-0.0001123946
-6.136047e-05
3.07832e-05
-5.278698e-06
-5.939847e-05
-6.584003e-06
2.829676e-05
-4.646795e-05
-8.737304e-05
-4.340649e-05
9.342103e-06
-3.128459e-05
-2.807818e-05
-6.957039e-06
-7.423082e-06
-9.546589e-06
-9.828909e-06
-8.985379e-06
-9.511157e-06
-9.293481e-06
-8.25415e-06
-9.485575e-06
-1.444761e-05
6.189103e-07
4.649399e-05
4.698295e-05
-3.126756e-07
-1.920675e-05
6.424253e-06
3.419359e-05
-2.137963e-06
-1.253814e-05
7.43441e-05
0.0001317054
2.758458e-05
-3.672948e-05
2.728141e-05
0.0001319117
7.514616e-05
-1.336367e-05
-6.540276e-06
4.778993e-05
4.855388e-05
-1.012612e-06
-1.882697e-05
5.931339e-06
3.266722e-05
-4.163491e-07
-3.494225e-06
4.603504e-05
4.670675e-05
-3.419172e-06
-5.099613e-06
4.381233e-05
4.982507e-05
1.07869e-05
-4.610674e-05
-9.938239e-05
-6.682282e-06
7.900567e-05
1.292609e-05
9.618077e-06
7.02112e-05
2.156594e-05
-1.711224e-05
-1.217714e-05
-7.787e-06
-7.617244e-06
-1.037823e-05
-1.419405e-05
1.697672e-06
4.505403e-05
4.1912e-05
1.578869e-05
2.610752e-05
3.17476e-06
-1.034975e-05
-2.122421e-06
-3.688116e-05
-9.172709e-05
-3.987427e-05
1.083897e-06
1.887528e-06
-4.05647e-05
-9.440283e-05
-3.330523e-05
1.13315e-05
-5.548437e-05
-0.0001252278
3.107447e-06
6.497302e-05
-7.235837e-06
-7.672465e-05
-5.122263e-05
2.417855e-05
9.127936e-06
-1.77197e-05
2.793558e-06
3.291577e-05
5.808711e-06
-1.512941e-05
-1.127837e-05
-1.80577e-06
-1.408372e-05
-8.171924e-05
-0.0001104464
-1.357241e-05
3.517274e-05
-6.269448e-05
-0.0001125966
-3.942417e-05
1.475391e-05
3.379483e-05
7.122974e-06
-2.546545e-05
-5.307484e-05
-3.398075e-05
2.213464e-05
9.883003e-05
1.812386e-05
-0.0001178612
-8.556733e-05
-8.03365e-05
-4.217404e-05
2.425045e-05
7.460393e-05
2.313251e-05
-3.172126e-05
-5.333211e-05
-2.619449e-05
1.071077e-05
3.098751e-05
-3.20436e-07
7.440459e-07
3.376988e-05
3.446726e-06
-2.48045e-05
1.69329e-05
0.0001010267
1.665545e-05
-0.0001279917
-5.556705e-05
1.145657e-05
-3.95957e-05
-8.106428e-05
1.023082e-05
1.216249e-05
-0.0001006252
-0.0001404719
7.58766e-06
6.556382e-05
-7.037047e-06
-7.327813e-05
-6.584269e-05
-1.556233e-05
-1.978526e-06
-2.959397e-05
-3.162374e-05
1.508834e-05
-5.526308e-05
-0.0001464276
-8.322975e-05
4.573465e-05
-2.908519e-05
-8.440388e-05
1.929098e-05
0.0001152313
4.530954e-05
3.248071e-05
4.244479e-05
1.33349e-06
-1.106855e-05
-7.630564e-07
-3.877067e-05
-9.996662e-05
-1.027219e-05
8.193844e-05
2.555215e-05
-3.334122e-05
-5.272409e-05
-2.269692e-05
-5.967787e-06
-3.027199e-06
-1.390516e-05
-7.698925e-05
-0.0001272955
-4.794215e-05
6.356948e-05
4.082044e-05
2.242574e-05
-7.721823e-06
7.709753e-06
9.63783e-05
0.0001164249
5.420622e-05
-7.693424e-06
-2.360998e-05
2.053001e-05
8.006518e-05
8.251551e-06
-7.945014e-05
-5.558782e-05
4.258028e-05
3.679163e-05
-4.541535e-05
-1.922343e-05
4.914618e-05
4.4813e-05
1.346918e-05
2.234382e-05
1.854309e-05
2.532085e-05
1.679646e-05
2.409582e-05
1.95841e-05
2.731389e-05
-1.394393e-06
8.698573e-07
3.74337e-05
-8.254966e-07
-8.458969e-05
-0.0001055695
-2.669263e-05
-1.655084e-05
-6.209072e-05
1.337026e-05
0.0001275783
8.527637e-05
4.311252e-05
5.357729e-05
4.236629e-05
-2.41702e-06
-9.581594e-07
3.092692e-05
8.864209e-06
-1.070356e-05
-3.564426e-05
-2.401724e-05
7.804437e-05
5.054838e-05
-4.968769e-05
-2.279456e-05
5.422659e-05
6.114756e-05
-4.808019e-05
-0.0001292974
-2.915878e-07
7.478203e-05
3.925914e-05
2.286834e-06
5.095584e-05
0.000102637
5.595634e-05
-4.637566e-06
-1.270398e-05
-6.089509e-06
-3.173943e-05
-2.246377e-05
5.977938e-05
2.693642e-05
-3.57739e-05
-3.943343e-05
2.028704e-05
1.279229e-05
-3.169674e-05
-3.709388e-05
1.763987e-05
5.332391e-06
-3.813035e-06
4.0265e-05
6.04045e-05
4.218985e-05
2.797628e-07
-1.21781e-05
-1.576495e-05
-5.788252e-06
5.890424e-05
0.0001136652
1.408071e-05
-0.0001277691
-6.325901e-05
1.424902e-05
4.983206e-05
4.267977e-05
4.926662e-07
-9.652853e-06
-2.315461e-05
-4.946469e-05
-2.890067e-05
3.254317e-06
4.649454e-05
5.253461e-05
-6.558646e-06
-8.873302e-05
-9.397258e-05
1.986832e-05
4.505458e-05
3.29748e-05
7.448382e-05
-1.073375e-05
-0.0001022418
-2.639651e-05
3.877633e-05
1.902184e-05
1.660793e-05
3.49334e-05
7.26252e-05
-5.194654e-06
-3.385984e-05
7.107768e-05
6.556282e-05
-2.614051e-06
-1.626852e-05
-4.755235e-06
-2.115674e-05
-5.236552e-05
-2.906616e-05
1.117152e-05
3.664852e-05
-1.592275e-05
-4.45676e-05
3.212046e-05
5.03763e-05
-5.244384e-06
-2.202835e-06
4.52513e-05
-7.07626e-06
-0.0001622143
-0.0001802612
3.784889e-05
8.466778e-05
-6.161724e-06
-8.504861e-05
-0.0001200875
-7.270692e-05
-1.586862e-05
-4.469875e-06
-5.481863e-06
-1.928302e-05
-6.348444e-05
-7.169369e-05
-1.615371e-05
6.886975e-05
9.932626e-05
-2.980222e-05
-0.0001412217
-4.89795e-05
-9.418945e-06
-4.884602e-05
-2.901161e-05
1.131175e-05
1.500576e-05
-2.299171e-05
1.296032e-05
8.84159e-06
-1.25174e-05
-1.563407e-05
4.575098e-06
3.289416e-05
8.209793e-06
-2.777807e-05
-4.780614e-05
-3.47234e-05
-4.421429e-05
-4.597467e-05
-1.853301e-05
6.035612e-05
2.202652e-05
-2.275998e-05
-1.722693e-07
5.025177e-05
2.843545e-05
-2.683158e-05
1.097467e-05
1.001973e-05
-6.883511e-06
-2.660474e-05
-5.371756e-05
-9.774674e-06
3.11206e-05
1.936825e-05
2.707303e-05
8.14471e-06
-2.51474e-05
-5.369834e-05
-3.268516e-05
2.426485e-05
7.860491e-05
4.771947e-06
-6.45964e-05
-2.094086e-05
6.224935e-05
0.0001030518
5.31454e-05
-7.062295e-06
2.71789e-06
1.379467e-05
-2.099781e-05
1.278467e-05
7.722833e-06
-1.208461e-05
-1.135013e-05
-8.081147e-06
-8.501745e-06
-1.611542e-05
-3.423586e-06
6.010968e-05
8.702835e-05
1.46643e-05
-1.857551e-05
-1.048497e-05
-8.318148e-06
-1.273049e-05
2.718637e-06
2.721502e-05
2.266067e-05
1.895918e-05
-4.29153e-05
-9.577735e-05
-0.0001065788
-2.964897e-05
5.670208e-05
0.0001305546
0.0001364064
2.457725e-05
-2.166876e-05
-1.537116e-05
-3.25773e-06
5.086845e-05
0.0001164986
0.0001026219
-6.543066e-06
-6.742179e-05
4.158079e-06
7.337189e-05
3.029851e-05
3.629983e-05
4.35869e-05
2.847957e-06
-1.507135e-05
-1.094099e-05
-5.734691e-06
-6.676142e-06
-3.35159e-05
-2.601363e-05
7.233361e-05
6.432918e-05
-1.981999e-06
-1.636568e-05
-1.305865e-05
2.654245e-07
3.747412e-05
7.347472e-05
8.193616e-05
1.77183e-05
-1.540398e-05
-3.665056e-05
-2.583955e-05
9.445182e-05
7.195005e-05
-5.606521e-05
-8.145899e-06
1.333664e-05
-1.06843e-05
-1.707258e-05
5.420839e-06
3.642221e-05
-9.557952e-06
-5.477019e-05
-2.616025e-05
-4.536796e-06
-3.012633e-06
-2.004359e-05
-6.638207e-05
-6.853339e-05
-6.0891e-06
3.605853e-05
6.817062e-06
-1.142919e-05
-2.972769e-05
-3.584859e-05
1.939377e-05
1.139148e-05
-3.198162e-05
-3.736526e-05
2.199798e-05
-4.253635e-06
-5.505151e-05
-3.003236e-05
9.353392e-06
3.298171e-05
4.084396e-06
-1.455347e-05
-1.150951e-05
-7.202144e-06
-2.759764e-06
-3.64938e-05
-8.372904e-05
-6.671034e-05
-8.29858e-05
-3.725413e-05
-6.200229e-06
6.055336e-06
2.546194e-05
1.462798e-05
3.947942e-05
5.257966e-05
4.353207e-05
7.937407e-05
0.0001367953
7.202724e-05
-4.29165e-06
-3.263567e-05
-4.737829e-05
-1.173511e-05
-3.558018e-05
-0.0001033465
-1.71046e-05
0.0001193924
7.756027e-05
-9.11979e-05
-7.547583e-05
2.482051e-05
9.354635e-06
-2.391284e-06
2.588787e-05
2.591734e-05
1.135314e-05
-4.620943e-05
1.389634e-06
7.646163e-05
1.976475e-05
-2.179932e-05
6.698815e-07
2.969903e-05
1.999328e-05
2.496529e-05
1.998832e-07
5.871196e-06
1.669222e-05
-3.666959e-05
-3.126465e-05
6.765225e-06
2.855448e-05
1.798985e-05
2.853941e-05
6.969836e-06
-3.145177e-05
-3.72435e-05
1.722592e-05
9.424663e-06
-1.200366e-05
-1.335882e-05
-1.358248e-05
8.12536e-06
3.283407e-05
-1.901642e-05
-2.490357e-05
6.204275e-05
8.501582e-06
-6.209471e-05
-1.285458e-05
3.784936e-05
6.222933e-06
-2.033285e-05
-7.664844e-07
4.678625e-05
4.578875e-05
9.860498e-08
-1.378185e-05
-1.022966e-05
-1.385753e-05
1.653234e-07
4.607051e-05
4.621074e-05
-1.750836e-06
-1.780125e-05
1.033226e-05
1.651764e-05
-4.546889e-05
-3.748129e-06
8.908163e-05
6.008592e-05
8.389832e-06
1.355251e-05
3.214917e-05
9.245735e-05
2.987874e-05
-8.671992e-05
-4.288427e-05
4.825967e-06
-2.191667e-05
-6.284271e-05
5.780011e-07
9.400155e-05
5.807362e-05
-1.826609e-05
2.735542e-05
0.0001201896
2.343421e-05
-8.204883e-05
-5.441531e-05
2.374171e-05
1.15261e-05
-1.580115e-05
-1.589174e-05
6.209423e-06
3.201e-05
-5.427291e-07
-4.673481e-06
4.150794e-05
6.087584e-05
3.593438e-05
8.976443e-06
4.330384e-05
4.830702e-05
-1.810849e-05
-3.943014e-05
2.027197e-05
-9.942202e-06
-4.379457e-05
3.070266e-05
4.986352e-05
-4.278286e-06
-5.326026e-06
5.163711e-05
3.383362e-05
-5.216479e-05
-1.85563e-05
0.0001295924
0.000199598
7.971607e-05
-1.461975e-05
-1.611644e-05
-7.428796e-06
-8.447351e-06
-9.899103e-06
-9.891877e-06
-1.405212e-05
-4.794917e-07
4.112763e-05
6.005605e-05
4.246419e-05
-1.037882e-06
-1.915563e-05
1.059726e-06
4.524002e-05
4.240419e-05
1.439075e-05
2.179094e-05
1.335645e-05
3.906051e-05
5.819928e-05
4.056941e-05
1.688617e-06
-5.739967e-06
-3.945735e-05
-9.131221e-05
-3.590541e-05
6.214079e-07
-3.116036e-05
-2.410056e-05
6.023032e-05
2.619206e-05
-4.083287e-05
-2.807627e-05
7.314796e-05
5.986509e-05
6.851143e-06
3.87235e-05
4.5508e-05
2.417816e-06
-1.502457e-05
-1.09542e-05
-1.199123e-05
3.446743e-06
2.555915e-05
2.065089e-05
3.17162e-05
-1.254822e-05
-5.803404e-05
-5.823505e-06
2.305329e-05
-3.716124e-05
-3.822137e-05
2.207926e-05
7.607969e-05
1.722228e-05
-2.801817e-05
1.271948e-05
8.789455e-05
6.183054e-05
-3.885839e-06
-2.241731e-05
-3.038749e-06
6.192268e-05
8.537819e-05
1.098463e-05
-5.701827e-06
2.69143e-05
1.923686e-05
2.30016e-05
1.767659e-05
3.054759e-05
-8.334847e-06
-4.640199e-05
-5.467082e-05
-8.615988e-05
-3.320441e-05
-1.668754e-05
-4.968537e-05
-2.572016e-05
-4.754242e-06
-5.98733e-06
-2.820813e-05
-3.267838e-05
2.604832e-06
-3.231737e-05
-2.746321e-05
-7.556026e-06
-8.376054e-06
-9.762866e-06
-1.076935e-05
-1.056369e-05
-8.694671e-06
-4.863423e-06
-2.549891e-05
-5.465245e-05
-1.015667e-05
3.466779e-05
5.678046e-06
-1.006449e-05
-2.301057e-05
-5.217185e-05
-3.757176e-05
3.297272e-05
0.0001288751
7.343947e-05
-9.378082e-06
-1.586378e-05
-3.486122e-06
-2.204971e-05
-5.77756e-05
-1.65365e-05
5.370838e-05
5.909849e-05
-4.848536e-05
-0.0001291536
1.057219e-06
6.445514e-05
3.849534e-07
-8.34985e-05
-0.0001324643
-5.390167e-05
9.695745e-05
0.0001102542
-5.520718e-06
-6.166083e-05
-2.166742e-05
-5.980777e-06
-2.375906e-05
2.894989e-05
0.0001334386
5.928464e-05
-5.887996e-05
-8.335723e-06
9.456945e-05
6.797712e-05
-2.680081e-05
-5.603519e-05
6.094865e-05
0.0001341673
2.843898e-05
-2.936812e-05
2.889279e-06
3.819191e-05
-8.93164e-06
-5.644602e-05
-2.680478e-05
-2.830721e-06
-5.420722e-07
-3.948127e-05
-9.146059e-05
-3.971572e-05
-5.46915e-06
7.2461e-06
2.853654e-05
-5.556186e-07
1.111122e-06
3.106231e-05
3.890908e-06
-1.889967e-05
4.320729e-06
3.619793e-05
-9.878071e-06
-5.654328e-05
-2.342406e-05
-6.541744e-07
-2.548508e-05
-5.448573e-05
-1.568905e-06
7.592926e-06
-7.756205e-05
-4.83265e-05
1.168302e-05
3.580946e-05
2.137296e-06
-2.374441e-05
1.310291e-05
8.417251e-05
7.419415e-05
3.161127e-05
8.530927e-06
4.174689e-05
4.583228e-05
6.850247e-07
-1.50348e-05
-1.078154e-05
-8.501606e-06
-9.306147e-06
-1.119068e-05
-1.407897e-05
4.575405e-06
3.04676e-05
4.441495e-06
-1.206929e-05
-1.148262e-05
-1.990172e-05
1.105174e-05
0.0001013178
9.984875e-05
6.065615e-06
-5.648371e-06
3.104377e-05
5.462031e-06
-1.752136e-05
2.561003e-06
2.772198e-05
1.469593e-05
3.58483e-05
5.453428e-05
5.621317e-05
4.082985e-05
4.527032e-07
-1.570083e-05
-1.386947e-05
6.700733e-06
2.89935e-05
-4.124949e-06
1.454386e-05
7.094261e-05
1.998911e-05
-1.788911e-05
-1.416911e-05
-9.65911e-06
8.034206e-06
8.110025e-06
-2.294391e-05
4.093504e-05
3.962706e-06
-0.0001299216
-3.216016e-05
8.602662e-05
3.320808e-05
-5.036904e-05
-0.0001048049
-1.261486e-05
9.608572e-05
6.558094e-05
-1.909969e-05
-5.879765e-05
-2.746609e-05
9.665442e-06
3.203466e-05
2.968442e-06
-1.508467e-05
-9.784839e-06
-5.112222e-06
-2.412302e-05
-5.136897e-05
-2.487813e-05
-5.402471e-06
-7.374968e-06
-1.292831e-05
-1.855216e-05
1.867019e-05
7.239956e-05
1.932418e-05
-1.962668e-05
-1.573371e-05
6.744878e-06
2.909516e-05
4.435143e-09
6.362148e-06
1.965291e-05
-5.602298e-05
-5.862445e-05
3.487584e-05
5.00796e-05
-6.56512e-06
9.332909e-06
6.559158e-05
5.261641e-05
4.394397e-05
-1.457651e-05
2.521618e-05
4.778128e-05
-2.657976e-06
-5.456284e-06
4.271574e-05
4.832981e-05
6.806447e-06
-3.213165e-05
-6.495335e-05
1.573709e-05
0.0001314688
7.468945e-05
-8.745739e-06
-1.673177e-05
-9.680509e-06
-1.211747e-05
3.130799e-06
2.947107e-05
6.13759e-06
-6.590834e-06
-3.884676e-05
-8.729339e-05
-5.315223e-05
-4.279109e-05
-2.160141e-05
-9.030487e-06
-1.318624e-05
5.574876e-06
2.852415e-05
-3.742944e-06
1.462372e-05
7.080693e-05
1.849082e-05
-1.691909e-05
-8.460602e-06
-2.281822e-05
-5.068982e-05
-2.450731e-05
-6.646426e-06
-9.795467e-06
-8.870058e-06
-5.59687e-06
-3.028141e-05
-4.352532e-05
3.418706e-05
6.322926e-05
-4.360335e-05
-0.0001447623
-3.754662e-05
5.312302e-05
-2.144361e-05
-9.780918e-05
-5.036376e-05
-2.664299e-05
-7.333772e-05
-0.0001320362
3.494513e-05
0.0001542256
-1.378535e-05
-0.0001591897
-2.644225e-05
9.815783e-05
-2.693372e-06
-0.0001229924
-7.288862e-05
4.098926e-05
5.332142e-05
2.409342e-06
-3.15664e-05
-4.878563e-05
-2.004982e-05
-2.678497e-05
-3.533575e-05
2.59288e-05
-1.252435e-05
-0.0001236553
-0.000119936
-4.134726e-05
-3.330461e-05
-5.826246e-05
-7.449924e-05
8.235523e-06
-2.988464e-06
-5.891327e-05
-1.206106e-05
3.894057e-05
3.885633e-06
-3.490263e-05
3.661162e-05
0.0001870962
0.0001347149
-2.469249e-05
-4.908368e-05
0.0001039523
0.0001575928
-4.70056e-06
-0.0001118453
-2.683432e-05
4.194312e-05
8.221218e-06
-1.350109e-05
-3.018599e-05
-3.564036e-05
1.671589e-05
8.994133e-06
-1.349006e-05
-1.709319e-05
2.188914e-07
4.572261e-05
4.657679e-05
-7.345395e-07
-2.240643e-05
1.914752e-06
5.579307e-05
1.600405e-05
-8.835368e-05
-3.268249e-05
5.745859e-05
3.366923e-05
-4.290732e-05
-2.888668e-05
-5.186106e-06
-1.583376e-05
-4.53284e-06
6.576674e-05
7.568815e-05
-4.975296e-05
-5.30308e-05
7.214291e-05
8.768923e-05
2.075258e-05
-5.842599e-05
1.106126e-05
0.0001327676
7.44146e-05
-1.320077e-05
-3.484942e-06
3.198735e-05
5.682035e-06
-1.309257e-05
-1.176392e-05
-1.892384e-05
9.285855e-06
9.634742e-05
0.0001158007
5.027324e-05
-1.029086e-05
-1.004298e-06
3.22527e-05
6.217474e-06
-1.608193e-05
-1.80289e-05
7.955226e-06
4.162266e-05
-2.789614e-05
-0.0001089377
3.194747e-06
0.000121652
3.553203e-05
-2.37484e-05
-1.490065e-05
-1.174771e-05
5.563324e-06
3.010933e-05
2.134785e-06
-1.605484e-05
7.808211e-06
1.032277e-05
-2.973159e-05
4.226137e-05
8.627103e-05
8.090411e-06
1.392457e-05
5.969881e-05
-3.48287e-05
-7.373132e-05
-2.269159e-05
-3.881296e-06
-1.043075e-05
-1.060085e-05
-4.752264e-06
-2.587334e-05
-5.724666e-05
-8.379476e-06
4.427942e-05
-2.354104e-05
-0.0001027532
-3.125818e-05
5.583927e-05
5.300148e-05
-1.805042e-05
-6.333943e-05
-6.390565e-06
4.58586e-05
-3.083866e-05
-9.692814e-05
4.360167e-05
0.0001433687
2.213039e-05
-8.826095e-05
-6.714453e-05
6.725965e-05
0.0001345496
2.613989e-05
-3.326208e-05
1.545586e-05
7.603995e-05
2.21747e-05
-3.39843e-05
-5.079021e-05
-2.09502e-05
-2.826835e-05
-2.215187e-05
5.681311e-05
2.202928e-05
-1.753968e-05
-1.195242e-05
-7.982809e-06
-1.627111e-05
-6.324077e-06
6.15037e-05
9.443287e-05
-1.410036e-05
-0.0001020891
-4.107167e-05
7.934658e-07
-3.796059e-06
-2.686973e-05
-5.179908e-05
-2.379085e-05
-6.344164e-06
-1.075764e-05
-9.747099e-06
-4.590889e-06
-2.566651e-05
-6.125302e-05
3.838173e-07
9.158374e-05
5.877235e-05
-1.281341e-05
1.053257e-05
6.970341e-05
3.488928e-05
1.568048e-05
6.458565e-06
5.820242e-05
9.162229e-05
-1.228293e-06
-6.970684e-05
-1.692911e-06
9.190629e-05
6.090124e-05
-4.695885e-06
-1.796014e-05
-1.356476e-05
5.321288e-06
3.045203e-05
3.24042e-06
-1.417054e-05
-9.745638e-06
-1.061882e-05
-1.799629e-05
5.091461e-06
4.827073e-05
-2.918447e-05
-0.0001906165
-0.0001467864
5.001141e-05
5.567158e-06
-0.0001002807
-4.417339e-05
-1.196256e-06
-6.163962e-06
-1.129421e-05
-1.325985e-05
-1.810774e-05
2.125963e-05
6.111857e-05
-1.567719e-05
-7.096088e-05
-6.631894e-05
5.991863e-05
6.926568e-05
-3.333029e-06
-2.741159e-05
8.981664e-06
9.824785e-05
0.0001142984
5.085286e-05
-6.209201e-06
-1.453261e-05
-1.080406e-05
-1.032864e-05
-4.266358e-06
-1.55948e-05
-8.144269e-05
-0.0001114568
-1.990231e-05
4.333468e-05
-8.072172e-06
-5.324047e-05
-4.050855e-05
-4.610353e-05
-2.325669e-05
-7.09821e-06
-1.094114e-05
-1.165959e-05
-4.249198e-06
-1.548751e-05
-8.10126e-05
-0.0001113208
-2.1507e-05
4.126754e-05
9.356506e-06
-3.172263e-05
-5.259044e-05
-1.851877e-05
-1.599735e-05
-6.434386e-05
-6.821262e-05
-2.44787e-05
1.09448e-05
2.87249e-05
-5.374402e-06
1.410092e-05
7.095949e-05
1.874226e-05
-1.820568e-05
-1.230734e-05
-9.620763e-06
-1.329001e-05
2.377529e-06
2.641445e-05
1.835272e-05
2.650876e-05
2.833402e-06
-1.410015e-05
-1.095877e-05
-9.145917e-06
-1.12323e-05
-1.510104e-05
4.162337e-06
3.139075e-05
2.909224e-06
-1.877393e-05
2.614328e-06
3.168734e-05
4.91221e-06
-1.617562e-05
-1.534968e-05
5.74829e-06
2.931612e-05
-1.043556e-06
1.564643e-06
3.266478e-05
-1.371248e-05
-4.103337e-05
1.44166e-05
8.993779e-06
-1.141526e-05
-1.364733e-05
-1.952384e-05
1.377371e-05
8.705954e-05
6.314475e-05
-1.92587e-05
-5.747377e-05
-2.052486e-05
-1.678793e-05
-4.873727e-05
-4.850296e-05
-1.921951e-05
5.888389e-05
2.227057e-05
-1.908366e-05
-1.729232e-05
5.147634e-06
3.12525e-05
3.271206e-06
-1.458809e-05
-1.159008e-05
-1.002335e-05
-1.007528e-05
-9.473557e-06
-1.207593e-05
-1.641157e-05
6.140079e-06
3.919399e-05
-2.541676e-05
-9.985393e-05
-2.806351e-05
3.444076e-05
2.644151e-05
2.007352e-05
-6.527735e-05
-0.0001268949
-5.869593e-05
1.0866e-05
-3.109112e-05
-2.526423e-05
-2.12759e-05
-5.149798e-05
-3.369529e-05
2.196749e-05
7.337187e-05
1.693845e-05
-2.268325e-05
1.516627e-07
2.903678e-05
2.281437e-05
1.129796e-05
-3.802241e-05
-2.768278e-05
-7.962097e-06
-1.20597e-05
1.923735e-06
2.513237e-05
1.951507e-05
3.082441e-05
-1.243105e-05
-5.524851e-05
-2.314768e-05
-3.547334e-06
-3.213827e-05
-2.450294e-05
5.729744e-05
2.693323e-05
-3.030754e-05
-5.403754e-05
-4.280616e-05
-1.049921e-05
2.305617e-05
-4.835653e-05
1.259051e-05
3.106341e-05
-2.782587e-05
2.425154e-05
4.792482e-05
3.023221e-06
-1.749326e-05
-1.550983e-05
5.058675e-06
3.029659e-05
4.098892e-06
-1.455232e-05
-1.309659e-05
-1.215854e-05
7.721028e-06
1.086685e-05
-2.410021e-05
1.474591e-05
1.42199e-05
-4.582652e-05
-7.950369e-05
1.216095e-06
1.240241e-05
-1.085983e-05
-1.054946e-05
-3.144462e-05
-2.414564e-05
4.852228e-05
5.104734e-05
6.446204e-05
1.488072e-05
-1.815909e-05
-9.919922e-06
-6.832496e-06
-2.85599e-05
-3.683632e-05
1.635127e-05
2.397762e-06
-4.704781e-06
4.417757e-05
5.16648e-05
-1.584701e-05
-6.747927e-05
5.963713e-07
9.62532e-05
4.461237e-05
-5.180922e-05
-1.598225e-05
4.027284e-05
-8.365351e-06
-6.12968e-05
-1.682378e-05
4.541121e-05
5.866061e-05
4.189832e-05
7.352968e-06
-4.435216e-05
-9.710896e-05
-2.456036e-05
3.971909e-05
6.684993e-06
-2.193457e-05
-8.22454e-06
5.73704e-05
0.0001056497
4.011044e-05
-5.240873e-05
-1.988958e-05
5.149777e-05
4.548549e-05
-1.076942e-05
8.323399e-06
8.58657e-05
5.969156e-05
-4.162459e-06
-1.56023e-05
-1.222004e-05
-1.736621e-05
1.739939e-05
7.075064e-05
1.915824e-05
-1.600747e-05
-2.724867e-05
-4.358562e-05
-3.417153e-05
-6.893295e-05
-5.953348e-05
4.977339e-05
9.20486e-05
6.877301e-06
-1.917985e-05
7.321547e-05
0.0001288629
2.31245e-05
-1.557083e-05
4.386794e-05
5.202433e-05
-1.528652e-05
-6.120679e-05
-1.049824e-05
3.103169e-05
1.299653e-05
3.58203e-05
6.332678e-05
2.88468e-05
-4.874728e-05
-2.893698e-05
7.348815e-05
0.0001432571
6.838572e-05
-1.119549e-05
-1.576273e-05
-4.990075e-06
-2.334572e-05
-5.313491e-05
-2.593923e-05
-3.668453e-06
-5.659958e-06
-3.554923e-05
-3.25023e-05
8.189128e-05
0.0001184145
5.148345e-05
-6.222648e-06
-1.517585e-05
-1.537796e-05
-3.898941e-06
5.778643e-05
8.574063e-05
1.893309e-05
-3.007592e-05
-6.66138e-05
-6.542634e-05
-2.476188e-05
7.941752e-06
3.094594e-05
3.330489e-06
-1.582199e-05
-1.576164e-05
4.447576e-06
3.019273e-05
3.678048e-06
-1.430406e-05
-1.254007e-05
-1.38717e-05
3.319769e-06
2.774637e-05
1.562243e-05
1.717685e-05
3.231896e-05
7.217543e-05
2.845116e-06
-5.949224e-05
-2.716157e-05
-5.048635e-06
-8.640319e-06
-1.258614e-05
-1.454216e-05
2.030937e-06
2.71466e-05
2.207298e-05
1.23418e-05
-3.90724e-05
-3.057898e-05
-4.298997e-06
9.794304e-08
-4.372181e-05
-9.954145e-05
-2.119296e-06
5.08482e-05
-6.291246e-05
-4.858026e-05
-2.463358e-06
-1.027335e-05
-2.497896e-05
3.315342e-05
0.000116564
1.335881e-05
-5.349689e-05
2.466735e-05
4.864737e-05
2.125278e-05
6.955477e-06
-4.610666e-05
1.352928e-06
7.36042e-05
1.66449e-05
-6.829875e-06
2.215108e-05
2.172812e-05
3.495286e-05
-2.682447e-05
-9.561152e-05
-4.083644e-05
-3.530685e-06
-6.584065e-06
-3.420122e-06
-4.046216e-05
-9.4805e-05
-3.822896e-05
1.132338e-05
-4.430695e-05
-0.0001518515
-0.0001137268
3.391056e-05
0.0001945601
0.0001817485
0.0001264387
0.0001683982
0.000148044
2.076487e-05
-3.02514e-05
7.158278e-07
3.619934e-05
1.411697e-05
-5.89564e-05
-0.0001248349
-6.958945e-05
-0.0001160207
-0.0001752292
-0.000152597
-0.0001895602
-0.0002642007
-0.0002231382
-4.709124e-05
6.479864e-05
0.000172483
0.0003633228
0.000521874
0.0004930999
0.0003329421
0.0002042626
0.0002127752
0.0001699908
-2.997517e-06
-0.000187404
-0.00034299
-0.0004556639
-0.000484341
-0.0005250627
-0.0004672269
-0.0002796926
-4.743301e-05
1.425183e-05
-3.617968e-05
-3.841022e-05
9.279115e-05
0.0001568817
0.0001458556
0.0002552826
0.0004641012
0.0006698142
0.0006365471
0.0004624406
0.0002286749
1.079685e-05
-0.0001599432
-0.0003634512
-0.0004941649
-0.0005120661
-0.0004888983
-0.0004403549
-0.0003869817
-0.0003001931
-0.0001381992
-2.210267e-05
3.469461e-06
4.143753e-05
0.0001228251
0.0002066218
0.0002752428
0.0003684609
0.0003997521
0.0004370364
0.0004588052
0.0004890404
0.0004673516
0.0004437568
0.0002919704
8.009028e-05
-9.463606e-05
-0.0003787631
-0.0006812046
-0.0007219617
-0.0004638776
-0.000185857
-9.267923e-06
5.685613e-05
-2.604895e-05
-0.0002477222
-0.0004343247
-0.0004960734
-0.0005124343
-0.0005043795
-0.0002776182
0.0001896585
0.0005533084
0.0007394875
0.0007483919
0.0005680718
0.0004002525
0.0002987276
0.0002415927
0.0001532645
4.908856e-07
-6.433033e-05
-2.45349e-05
-5.97664e-06
-1.460253e-05
5.492719e-06
2.395416e-05
-5.041999e-05
-0.0001456695
-0.0002470857
-0.0003762628
-0.00057653
-0.0007840796
-0.0008064972
-0.0006480021
-0.0003347813
0.0001435413
0.0005366806
0.0007980492
0.001016627
0.001101814
0.0009347869
0.0005647213
0.0002968554
0.0001546201
-6.351851e-06
-0.0001281702
-0.0001235932
-9.947103e-05
-0.0001658298
-0.00021803
-0.0002248005
-0.0002308556
-0.0003444038
-0.0004668994
-0.0005327414
-0.0005177717
-0.0005488797
-0.0006469656
-0.0006366698
-0.0003604573
1.907145e-05
0.0004479545
0.0008822644
0.00123916
0.001276606
0.001035456
0.0007202347
0.0004102561
0.0001607541
9.358306e-05
0.0001810312
0.0001298938
1.946495e-05
-0.0001320858
-0.0004421134
-0.0007140823
-0.0009201934
-0.0009328949
-0.0005949676
-4.386457e-05
0.0003163209
0.0003417992
0.0001131909
-0.00012126
-0.000203908
-0.0001998307
-0.0001231228
5.625352e-05
0.0002086025
0.0001982981
9.960558e-05
-8.537329e-05
-0.0002736376
-0.0003792631
-0.0004421136
-0.0002840426
-6.551304e-05
4.810558e-05
4.571726e-05
9.599984e-06
-4.782145e-05
-0.0002033125
-0.0003811837
-0.0005056373
-0.0002766623
0.0001721107
0.000540683
0.0007113423
0.0007373713
0.0007299874
0.0006048111
0.0004300395
0.0004934636
0.0005441447
0.0004160971
0.0001899931
-0.0001007255
-0.0004738703
-0.0007668301
-0.00084228
-0.000635685
-0.000311838
-1.574046e-05
0.0002366939
0.0004812839
0.000657498
0.0006556285
0.0005307049
0.0005086413
0.0006311973
0.0006039747
0.0003599341
5.848321e-05
-0.0002242732
-0.0004423233
-0.0005213127
-0.0004792196
-0.0001175872
0.0002488349
0.0003402868
0.0001922832
2.570023e-05
-3.970141e-05
-3.294081e-05
-0.0001505053
-0.0002692799
-0.0001071993
0.0002255926
0.0007059322
0.001220075
0.001361387
0.00107712
0.0004757359
-0.0002490977
-0.0009249926
-0.001545928
-0.002081527
-0.002338424
-0.002117497
-0.001463124
-0.0006386225
0.0002693315
0.001039127
0.00155967
0.0018959
0.002188335
0.002352288
0.002206031
0.001740623
0.001041005
0.0003412668
-0.0001757329
-0.0004556991
-0.0006123475
-0.0006881327
-0.0006728823
-0.0005795594
-0.000468553
-0.0004051377
-0.0004963116
-0.0005514604
-0.0003644657
-0.0001015802
1.352239e-06
0.0001107427
0.0004376118
0.0008559341
0.001075638
0.00106789
0.0006982478
9.574708e-05
-0.0004154656
-0.0008381845
-0.001141761
-0.001258282
-0.001070938
-0.0007368821
-0.0004351595
-0.0002625862
-0.0001919268
-6.959425e-06
0.0004697382
0.001223073
0.002045631
0.00262832
0.002783676
0.002395956
0.001467282
0.0002155967
-0.0008281095
-0.001512196
-0.001997679
-0.002436605
-0.00256787
-0.00215809
-0.00127926
-0.0001634914
0.000951003
0.001891842
0.002358878
0.002308217
0.001825499
0.0012181
0.0005064694
-0.0002122377
-0.0009042459
-0.001619433
-0.002386154
-0.002946201
-0.002970451
-0.002500938
-0.001926781
-0.001427481
-0.001180379
-0.001156097
-0.001048846
-0.0005882141
0.0004486479
0.002079203
0.003647113
0.004565275
0.005074141
0.005412136
0.005609991
0.005437713
0.005018878
0.004359249
0.003104404
0.0012039
-0.0009683108
-0.002955493
-0.004522307
-0.005456534
-0.005549852
-0.004826134
-0.003804042
-0.003098338
-0.002694435
-0.002187236
-0.001646452
-0.001128531
-0.0004674128
0.0005054748
0.001601714
0.002484385
0.002716876
0.00220853
0.001387642
0.0006999521
0.0005149047
0.0009430088
0.001569669
0.002071614
0.002444125
0.002710491
0.00292391
0.003367429
0.00410569
0.00472477
0.004731921
0.003680743
0.001827946
-8.647471e-05
-0.001656867
-0.002556668
-0.002968512
-0.003163358
-0.003339708
-0.003479155
-0.003771967
-0.004388917
-0.004997235
-0.005345862
-0.005497404
-0.005372066
-0.004802856
-0.003620519
-0.00178132
0.0003477
0.002449571
0.004050465
0.004838996
0.004659675
0.003621035
0.001908003
-0.0001604848
-0.002301514
-0.00425437
-0.005890792
-0.00700808
-0.00734625
-0.006357763
-0.00393678
-0.0009418113
0.002258708
0.006042688
0.009677675
0.01159513
0.01127175
0.00967757
0.007703566
0.005515292
0.002899448
0.0001738323
-0.002026894
-0.003464676
-0.003909334
-0.00360597
-0.003284558
-0.003341325
-0.003439893
-0.003329271
-0.003291601
-0.003752553
-0.004284821
-0.004233385
-0.003839145
-0.003349301
-0.002318892
-0.0006020476
0.001002139
0.001532405
0.00120842
0.001106293
0.001432088
0.00189554
0.002733425
0.003961177
0.00526264
0.005770551
0.005152098
0.003923071
0.002758864
0.00223469
0.002325808
0.002534056
0.00236267
0.001884285
0.001495536
0.001148446
0.0003775718
-0.0007846592
-0.002228535
-0.003973938
-0.005647318
-0.00651012
-0.006049454
-0.00467736
-0.003129253
-0.001577366
8.114157e-06
0.001168521
0.001395917
0.001041418
0.0007308769
0.0004857968
-0.0001525809
-0.001136951
-0.001817459
-0.002439672
-0.003534257
-0.00491758
-0.005629133
-0.005124405
-0.003660332
-0.001679861
0.0007206691
0.003184462
0.00517956
0.006282272
0.006039033
0.004772641
0.003139507
0.001481856
-4.783417e-05
-0.001348774
-0.002109466
-0.002407394
-0.002864743
-0.00344485
-0.003256247
-0.001947441
-0.0001015986
0.00140352
0.002295308
0.0028349
0.003238666
0.003377655
0.003263003
0.00293651
0.002541224
0.002238824
0.002268318
0.002715472
0.003182316
0.003090429
0.00198558
8.650671e-06
-0.00232941
-0.004942294
-0.008095433
-0.01155883
-0.01396561
-0.01385447
-0.01128873
-0.007882757
-0.005112655
-0.002934383
-0.0007234213
0.001594882
0.003619318
0.00514538
0.006093531
0.006368602
0.005873278
0.005111538
0.004475529
0.004390835
0.004857661
0.005523971
0.006299982
0.007143203
0.007414525
0.006323356
0.004022074
0.001537155
-0.0003796458
-0.001918809
-0.003506498
-0.004993822
-0.005966117
-0.006648902
-0.007570142
-0.008436488
-0.008460356
-0.007249773
-0.005085653
-0.002157957
0.001327304
0.004870551
0.008170556
0.01078241
0.01228659
0.01203515
0.009716434
0.005760836
0.001325933
-0.002538434
-0.005095944
-0.005971126
-0.005431728
-0.003893832
-0.001988585
-0.0003455699
0.00107896
0.002568407
0.003681447
0.004204724
0.005052923
0.006695441
0.008709697
0.01048363
0.01177048
0.01264468
0.01308493
0.01291631
0.01224246
0.01105975
0.008859439
0.005454344
0.001350667
-0.002396383
-0.005053861
-0.006641828
-0.00756511
-0.007871032
-0.007541768
-0.006760211
-0.005710986
-0.004588967
-0.003350406
-0.002025624
-0.0009450506
-0.0002025981
0.0007528885
0.002472579
0.004765242
0.007018416
0.008729288
0.00963415
0.00917882
0.007232826
0.004126452
0.0006386951
-0.00261393
-0.005746421
-0.008964018
-0.01192075
-0.01320934
-0.01227385
-0.009851105
-0.006323934
-0.001672866
0.003544369
0.008215403
0.01130621
0.01267634
0.01280746
0.01172237
0.009515313
0.006991885
0.004614907
0.001776574
-0.002056567
-0.006519349
-0.01110227
-0.01538099
-0.01865882
-0.02060349
-0.02150032
-0.02150508
-0.02048109
-0.01851444
-0.01617225
-0.01352849
-0.009867173
-0.005003163
0.0004089414
0.005781987
0.01031774
0.01276673
0.01258699
0.01034462
0.00736742
0.004726248
0.00316632
0.003186499
0.004377611
0.005356917
0.004949885
0.003332742
0.00169873
0.0005934836
-0.0002889559
-0.001195459
-0.001966769
-0.002656848
-0.003416427
-0.004161565
-0.00483139
-0.005453829
-0.0059832
-0.006190283
-0.005842986
-0.004782351
-0.002932825
0.0001746873
0.004874611
0.009917209
0.0133152
0.01426231
0.01332584
0.01102561
0.007434735
0.002690019
-0.00190724
-0.004685245
-0.005085177
-0.004156603
-0.003411108
-0.003357417
-0.003239451
-0.002572766
-0.001816695
-0.0009061498
0.000559724
0.002115851
0.003297868
0.004242577
0.005376247
0.006980731
0.008691567
0.01004697
0.01125938
0.01194463
0.01119463
0.009054889
0.006354604
0.004028195
0.002130536
-0.0001180913
-0.003170403
-0.006497117
-0.009618379
-0.01256361
-0.01476765
-0.01509164
-0.0135806
-0.01189983
-0.01120787
-0.01093345
-0.01049972
-0.01083859
-0.01196087
-0.01211658
-0.01044858
-0.008115853
-0.007100164
-0.007392107
-0.007106336
-0.005660271
-0.004288506
-0.003564669
-0.002474103
-0.0003640551
0.002365315
0.005418442
0.00869938
0.01156727
0.0128249
0.01220254
0.01078751
0.009317384
0.007177142
0.003950965
0.0004238707
-0.002886595
-0.006144635
-0.009398304
-0.01217578
-0.01423615
-0.01571516
-0.01641304
-0.01630476
-0.01590966
-0.01633079
-0.0177149
-0.01858811
-0.01725256
-0.01322487
-0.007133355
9.720112e-06
0.007648916
0.01531077
0.02192435
0.02580219
0.0263781
0.02494168
0.02326756
0.02150775
0.01867023
0.0149231
0.01193063
0.01062013
0.01031327
0.01000733
0.008935156
0.006753772
0.003605148
3.957161e-05
-0.002495719
-0.002577582
-0.0002846569
0.003245179
0.00763394
0.01263807
0.01713732
0.01964609
0.01979287
0.01863599
0.01671604
0.01326061
0.007755225
0.001536297
-0.003317278
-0.006449522
-0.008798648
-0.0109837
-0.01292045
-0.01417598
-0.01446076
-0.01398127
-0.01259666
-0.009935075
-0.006158916
-0.002381685
0.0004417278
0.00282132
0.006031455
0.01064802
0.0154858
0.01886524
0.02013523
0.0196229
0.01750023
0.01424533
0.01122215
0.009923811
0.01026364
0.01019373
0.008279522
0.005668003
0.003811381
0.002222816
-0.001183716
-0.007504454
-0.01520905
-0.02141361
-0.024699
-0.0254034
-0.02382786
-0.01989468
-0.01415119
-0.006731426
0.002616354
0.01254256
0.01999438
0.02390535
0.02586275
0.02666993
0.02502387
0.02007519
0.01348534
0.00676955
-0.0007334796
-0.009082914
-0.01607504
-0.01978549
-0.02152755
-0.02379215
-0.02648166
-0.02704837
-0.02469395
-0.02134942
-0.01822456
-0.01391692
-0.007133589
0.001184965
0.009143119
0.01513179
0.01780047
0.01649228
0.01282027
0.009918811
0.01013316
0.01252129
0.01397395
0.01303627
0.01032084
0.006402572
0.0003688841
-0.008751921
-0.02068811
-0.03356008
-0.04458066
-0.05144028
-0.05379246
-0.05249021
-0.04793107
-0.04063627
-0.03176651
-0.02212539
-0.01212196
-0.003000844
0.002937907
0.00502534
0.005008112
0.005001026
0.005915931
0.00763183
0.009683917
0.01138085
0.01272222
0.0141183
0.01604398
0.01872319
0.02188567
0.02416611
0.02410044
0.02151997
0.01750418
0.01253364
0.005892125
-0.003074316
-0.01344312
-0.02339672
-0.03091509
-0.0343456
-0.03342715
-0.02990236
-0.02604113
-0.02213261
-0.01661512
-0.008419626
0.001626898
0.01120347
0.01815832
0.02178751
0.02262612
0.02183774
0.02140459
0.02249376
0.02349966
0.02094068
0.01405464
0.006221498
0.0005347894
-0.003202255
-0.0058618
-0.00720455
-0.007228836
-0.006400023
-0.004788507
-0.002214578
0.0005626759
0.002136719
0.001976746
0.001494039
0.00247458
0.004633336
0.00674581
0.00984079
0.01520193
0.02161856
0.02627481
0.02816628
0.02809247
0.02616308
0.02124472
0.01276842
0.002214384
-0.007716512
-0.0142108
-0.01537147
-0.01181817
-0.005857802
9.477797e-05
0.004824063
0.007588327
0.007159591
0.003361801
-0.00204347
-0.006559109
-0.008686676
-0.008823709
-0.00797003
-0.00631754
-0.003655806
-0.0006822773
0.001362076
0.001758634
-0.0001152685
-0.004858278
-0.01230032
-0.0206813
-0.02744779
-0.0311686
-0.03206447
-0.03081334
-0.02786225
-0.02351181
-0.01799219
-0.01186008
-0.006033276
-0.0008865397
0.004015076
0.009000679
0.01419774
0.01975519
0.02534009
0.02995161
0.03305739
0.03475604
0.03484989
0.03235888
0.0269228
0.02026851
0.0148909
0.01147548
0.009374499
0.008445741
0.008839677
0.009769198
0.009703913
0.007738037
0.004489194
0.0007405466
-0.003845206
-0.009457508
-0.01426178
-0.0156171
-0.01292721
-0.007600567
-0.001751036
0.003320462
0.007217021
0.009270581
0.008864558
0.00654747
0.003541369
0.0007237199
-0.001975844
-0.00435566
-0.005926192
-0.006604109
-0.006410086
-0.005512885
-0.003544315
-0.0002080384
0.004121579
0.009287114
0.0151179
0.02124779
0.02689861
0.03165135
0.0353953
0.0379745
0.03953787
0.03986635
0.03811815
0.03359395
0.02703731
0.02057754
0.01598855
0.01345755
0.01210556
0.01126916
0.01059545
0.009243543
0.006359624
0.001625096
-0.004964126
-0.01309488
-0.02233364
-0.03209417
-0.04105375
-0.04769639
-0.05123888
-0.05226349
-0.05184537
-0.05064279
-0.04898123
-0.04734619
-0.04620301
-0.04551324
-0.04433011
-0.04162577
-0.03691565
-0.0303653
-0.02277854
-0.01571425
-0.01037221
-0.00641196
-0.002725207
0.0006877038
0.00291902
0.003377343
0.002670142
0.001603431
0.0003058
-0.001503979
-0.003639766
-0.005607798
-0.006909153
-0.007507843
-0.007618061
-0.007044238
-0.005045024
-0.001735805
0.001281539
0.003085512
0.004162067
0.005619318
0.007936274
0.01081883
0.0137296
0.0155383
0.01488922
0.01126549
0.005590945
8.971553e-06
-0.003527721
-0.004797204
-0.0050367
-0.005251581
-0.005532403
-0.005858807
-0.006557688
-0.007802007
-0.009585719
-0.01133848
-0.01237987
-0.01224143
-0.01045499
-0.006934352
-0.002197152
0.002266103
0.005861998
0.009424463
0.01384838
0.0194079
0.0246065
0.02736776
0.02713415
0.02463259
0.02028574
0.01402394
0.006226865
-0.001386251
-0.007149001
-0.01089065
-0.01339964
-0.0150693
-0.01556889
-0.01478908
-0.01337596
-0.01239733
-0.0127361
-0.01450585
-0.01706426
-0.01981308
-0.02238948
-0.02447183
-0.02510484
-0.02308581
-0.01774339
-0.009617165
-0.0003350352
0.008611882
0.01636028
0.02216548
0.02541251
0.02598267
0.02409575
0.02062009
0.01725369
0.01546199
0.01503729
0.01523136
0.01516381
0.01407743
0.01182881
0.009237447
0.007011049
0.005436301
0.00430479
0.003090885
0.001596114
-0.0002109924
-0.00265759
-0.006248685
-0.01106002
-0.01610002
-0.02023869
-0.02256631
-0.02253886
-0.01970502
-0.01416188
-0.007184882
-0.0004712789
0.005063288
0.009561491
0.01376426
0.01770192
0.0207654
0.02253726
0.02335244
0.02379893
0.02426628
0.02467632
0.0245096
0.02321069
0.02112713
0.01935515
0.01818249
0.01655116
0.01324141
0.008186564
0.002118813
-0.004111479
-0.009538055
-0.01304329
-0.01392296
-0.01232585
-0.009090844
-0.00556349
-0.00201357
0.002702072
0.009529449
0.01733593
0.02406459
0.02855086
0.03132516
0.03350426
0.03523294
0.03579806
0.03460301
0.03167986
0.02796386
0.0240511
0.01943792
0.01360049
0.007502601
0.002932073
-2.601244e-05
-0.002848959
-0.006307563
-0.00926663
-0.01004096
-0.008538568
-0.006319948
-0.004542052
-0.003234793
-0.002052652
-0.0007328871
7.176528e-05
-0.0007101241
-0.003397315
-0.007393505
-0.01129228
-0.01392093
-0.01518758
-0.01572373
-0.01564341
-0.01406709
-0.01112083
-0.0082369
-0.006437839
-0.006080217
-0.007443471
-0.01118596
-0.01725975
-0.02398115
-0.02954036
-0.03337391
-0.03581872
-0.0370958
-0.03730507
-0.03683348
-0.03668685
-0.03705687
-0.03669379
-0.03424908
-0.02909569
-0.02212853
-0.01480055
-0.008338174
-0.003623026
-0.0005050951
0.001917378
0.004124766
0.00558401
0.005929973
0.00596936
0.007394793
0.0115665
0.01784064
0.02464388
0.03101349
0.03643115
0.0401507
0.04138074
0.04014798
0.03737627
0.03375768
0.02972021
0.02555174
0.02113572
0.01520507
0.00671135
-0.002900014
-0.0105954
-0.01530725
-0.01913096
-0.02457062
-0.0312579
-0.03687611
-0.04010856
-0.04110121
-0.04003252
-0.0364271
-0.03045009
-0.02298187
-0.01538336
-0.009013878
-0.004897634
-0.003114044
-0.002265929
-0.001125962
0.0002902356
0.001714704
0.002913081
0.004185273
0.005688391
0.006710609
0.006456772
0.00443672
0.0006344257
-0.004550484
-0.01036572
-0.01576264
-0.02057469
-0.02460006
-0.02666566
-0.02602385
-0.02370379
-0.0215614
-0.01989306
-0.01767674
-0.014459
-0.01104015
-0.008442619
-0.007217525
-0.007043291
-0.006942776
-0.00611047
-0.004575655
-0.002595129
3.888631e-05
0.003442862
0.007593451
0.01217165
0.01616965
0.01847692
0.01835267
0.01569506
0.01094709
0.004827308
-0.001660171
-0.007655318
-0.01249309
-0.01563568
-0.01673798
-0.01565487
-0.01319384
-0.01041417
-0.007701296
-0.004710166
-0.001421096
0.001587403
0.004500697
0.008064525
0.01256101
0.01730617
0.02133364
0.02438822
0.02677391
0.02870013
0.03018615
0.03067186
0.03004746
0.02869309
0.02738817
0.02677244
0.02705892
0.02801966
0.02918895
0.03049481
0.03184965
0.0328415
0.03262629
0.03031741
0.02586813
0.02019665
0.01453041
0.009725577
0.00620495
0.004243083
0.003461421
0.002568312
0.0008124524
-0.001084762
-0.002020377
-0.001872567
-0.002100078
-0.004006465
-0.007484959
-0.01182168
-0.01737072
-0.02519182
-0.03486273
-0.04385129
-0.0494571
-0.05075156
-0.04810573
-0.04196649
-0.0326255
-0.021027
-0.009545611
-0.0008933937
0.003879895
0.006673922
0.009753484
0.01291663
0.01519919
0.01743367
0.02153465
0.02820608
0.03574654
0.04170665
0.04456016
0.04447898
0.04335234
0.04280786
0.04236236
0.04025535
0.03593638
0.03047283
0.02481955
0.01845868
0.01064266
0.00275845
-0.002954945
-0.006141074
-0.007883043
-0.009045737
-0.009722557
-0.009694293
-0.009210801
-0.009242206
-0.01039065
-0.01203702
-0.01358669
-0.01483281
-0.01575144
-0.0167226
-0.01838229
-0.02087766
-0.02355851
-0.02598686
-0.02789901
-0.02936139
-0.03039113
-0.03071077
-0.03033497
-0.02892438
-0.02616289
-0.02224932
-0.017758
-0.01348754
-0.009821186
-0.007102958
-0.00581103
-0.005886728
-0.006356478
-0.005793509
-0.003545209
-0.0003251958
0.002685942
0.005227779
0.007910617
0.01056907
0.01210576
0.01153339
0.009262971
0.006418757
0.003268434
0.0001541522
-0.002631503
-0.004889754
-0.006555723
-0.007692725
-0.008315813
-0.008492502
-0.008263183
-0.007587031
-0.006441452
-0.005300498
-0.00512244
-0.006256993
-0.008181544
-0.009870996
-0.01067894
-0.01054156
-0.009362376
-0.007283935
-0.004734679
-0.002501222
-0.001518871
-0.002020882
-0.003803264
-0.006543335
-0.009777475
-0.01301435
-0.01585628
-0.01808194
-0.01948281
-0.01972002
-0.01917294
-0.01816617
-0.01602541
-0.01205776
-0.006505295
-0.0008186554
0.003553202
0.00606198
0.007072717
0.007634682
0.008418411
0.009122066
0.009249733
0.00922635
0.0101058
0.01229263
0.01497464
0.01670081
0.01699248
0.01671937
0.01668198
0.01627777
0.01452399
0.01114671
0.006221846
-0.0006324273
-0.008598531
-0.01567257
-0.02108682
-0.02512503
-0.02751826
-0.02783462
-0.02589935
-0.02181876
-0.01658415
-0.01136909
-0.00702575
-0.004194115
-0.00277896
-0.00241351
-0.002803356
-0.003660943
-0.004033385
-0.002793051
0.000547421
0.005315589
0.00972587
0.01283039
0.01506227
0.01692518
0.0182681
0.01879473
0.01929557
0.02097564
0.02345545
0.02542092
0.02609236
0.02514408
0.02190264
0.01602349
0.008323133
-3.730105e-05
-0.008091149
-0.01528965
-0.02091524
-0.0242056
-0.02519248
-0.02467218
-0.02375
-0.02273161
-0.02099061
-0.01860811
-0.01658423
-0.01579119
-0.01658624
-0.01856001
-0.02094616
-0.02258949
-0.02224963
-0.01991068
-0.01633088
-0.01213506
-0.007581136
-0.003081999
0.000814822
0.003710997
0.005482162
0.006506246
0.007017343
0.007655471
0.009525745
0.01279483
0.01660665
0.02035686
0.0242089
0.02819085
0.03212702
0.03601371
0.04010526
0.0442008
0.0475375
0.04932297
0.04900763
0.04664149
0.04147391
0.03258123
0.02112822
0.01040611
0.002768157
-0.002405662
-0.006928724
-0.01083829
-0.01289741
-0.01314048
-0.01306895
-0.01350712
-0.01413733
-0.01454964
-0.01503124
-0.01592305
-0.01678237
-0.01679542
-0.01589725
-0.01434443
-0.01249072
-0.01045277
-0.008550783
-0.007192188
-0.006337555
-0.005524119
-0.004895084
-0.005126483
-0.006165188
-0.007562849
-0.009211293
-0.01121693
-0.01343941
-0.0159315
-0.01897192
-0.02250304
-0.02584856
-0.02848237
-0.03037271
-0.03177671
-0.03237928
-0.03150478
-0.02916145
-0.025694
-0.02112694
-0.01563248
-0.009896014
-0.004805947
-0.0006625627
0.003093863
0.00697612
0.01086753
0.01435143
0.01761211
0.02112078
0.02495815
0.02836353
0.03030211
0.03062043
0.03029231
0.03020384
0.02993418
0.02837829
0.02510118
0.02071275
0.01619272
0.01165832
0.006863892
0.002710734
0.0006142602
0.0007099659
0.001915257
0.003562863
0.006224519
0.01040047
0.01492893
0.01817321
0.01962181
0.0201702
0.02103038
0.02239476
0.02369261
0.02444408
0.02456216
0.02375545
0.02160633
0.0179349
0.01312371
0.007736485
0.002757396
-0.001136349
-0.004419625
-0.007796486
-0.01075699
-0.01242311
-0.01268252
-0.01212671
-0.01083652
-0.008540269
-0.005956409
-0.004497656
-0.004866123
-0.006805607
-0.01009077
-0.01428524
-0.01762317
-0.01816412
-0.01546632
-0.01086642
-0.006667709
-0.004248916
-0.003901536
-0.005571143
-0.009095253
-0.01451662
-0.02143385
-0.0291396
-0.03679964
-0.04353971
-0.04878112
-0.05218088
-0.05370779
-0.05364976
-0.05248165
-0.05089915
-0.04854338
-0.04431853
-0.03842641
-0.03245472
-0.02795243
-0.02515482
-0.02258717
-0.01887207
-0.01465854
-0.0121164
-0.01207086
-0.01321988
-0.0136855
-0.01257096
-0.01052576
-0.00833589
-0.006442384
-0.005382724
-0.005501245
-0.006923947
-0.009676584
-0.01380001
-0.01925699
-0.02538348
-0.03138938
-0.0367427
-0.04156586
-0.04600943
-0.05027342
-0.05458144
-0.05863991
-0.06198597
-0.06445876
-0.06593148
-0.0662364
-0.06514525
-0.06238268
-0.05772677
-0.05109074
-0.04214667
-0.03014469
-0.015613
-0.001423643
0.01015686
0.02028668
0.03113016
0.04294221
0.05425666
0.06410426
0.07313013
0.08217758
0.09129933
0.1000679
0.1078897
0.1141223
0.1183457
0.1212246
0.1236353
0.1255498
0.1261143
0.1242711
0.1193314
0.1106376
0.09775948
0.08155355
0.06454866
0.0495551
0.03730115
0.02635115
0.01512518
0.003659463
-0.007618767
-0.01935626
-0.03225253
-0.0460801
-0.05970767
-0.07201736
-0.08266764
-0.09210412
-0.1008722
-0.1090948
-0.116504
-0.1229891
-0.1283504
-0.132481
-0.1354632
-0.1372294
-0.1378546
-0.1376824
-0.1360781
-0.1312808
-0.1219115
-0.1079899
-0.09136227
-0.07410296
-0.0569425
-0.03975006
-0.02253611
-0.00564038
0.01052758
0.0256322
0.03897016
0.04945914
0.05703749
0.0623822
0.06621901
0.06873311
0.06977993
0.06925548
0.06660547
0.06102952
0.05236788
0.04181342
0.03064887
0.01894392
0.006009416
-0.008045658
-0.02197427
-0.03446807
-0.04470125
-0.05224952
-0.05707585
-0.05892319
-0.05791646
-0.05481324
-0.04984925
-0.0425636
-0.03268325
-0.02120105
-0.00967581
0.0008895141
0.01016853
0.01807035
0.02465919
0.02947636
0.03232835
0.03355495
0.03372234
0.03317769
0.03212817
0.03132241
0.03106905
0.03095422
0.03052264
0.02918016
0.02650233
0.02275711
0.01834787
0.01373987
0.009750366
0.007643996
0.008656424
0.01277425
0.01934039
0.02740909
0.03579147
0.04283861
0.04792579
0.05199063
0.05556532
0.05804521
0.05905668
0.05884924
0.05868821
0.05949631
0.06111595
0.06321464
0.06528231
0.06682539
0.06736824
0.06607101
0.06175839
0.05395029
0.04434841
0.03592158
0.03069244
0.02837109
0.02768768
0.02827224
0.03062705
0.03571046
0.04351217
0.05209248
0.05865914
0.06211544
0.06460098
0.06829512
0.07231978
0.07491985
0.07703696
0.08146139
0.08845707
0.09513108
0.09914416
0.1009536
0.1020728
0.102852
0.1021552
0.09823792
0.08895276
0.07440501
0.05809352
0.04346151
0.03077575
0.01818498
0.004878806
-0.008080278
-0.01954935
-0.02896035
-0.03622522
-0.04184075
-0.04690242
-0.05213891
-0.05751982
-0.0629041
-0.06830202
-0.07282163
-0.0748272
-0.07356739
-0.06893272
-0.06075104
-0.05023146
-0.04036252
-0.03248194
-0.02480258
-0.01554409
-0.006106874
0.0001603477
0.002451965
0.004411389
0.009409635
0.01628956
0.02152545
0.02412634
0.02655487
0.03084893
0.03606084
0.04030813
0.04325019
0.04593725
0.04988623
0.05580318
0.06281724
0.06919775
0.07324634
0.07442974
0.07349192
0.07104351
0.06727759
0.06250829
0.05675286
0.0499029
0.04216768
0.03346953
0.02397184
0.01482345
0.007466577
0.002363238
-0.001274978
-0.004157229
-0.006197846
-0.007807493
-0.01081698
-0.01703506
-0.02646255
-0.03808341
-0.05115013
-0.06472151
-0.07690173
-0.08616266
-0.09262254
-0.09665823
-0.097795
-0.09544172
-0.08998281
-0.0813648
-0.06742825
-0.04636232
-0.02119656
0.0009672974
0.01661579
0.02881548
0.0403068
0.0484227
0.05024471
0.04827215
0.04739748
0.0486479
0.04911977
0.04625858
0.03929599
0.02880108
0.01648028
0.003602399
-0.01031803
-0.02634497
-0.04353352
-0.05976205
-0.07363349
-0.08496564
-0.09354668
-0.09944633
-0.1036496
-0.1072131
-0.1101837
-0.1114269
-0.1099452
-0.1059843
-0.1003572
-0.09339134
-0.08486155
-0.07464084
-0.06336404
-0.05251629
-0.0433645
-0.03571275
-0.02809663
-0.01928609
-0.009568616
-0.0002344421
0.008663009
0.0179316
0.02790001
0.03784669
0.04645983
0.05277097
0.05605057
0.0557794
0.05195634
0.0455251
0.03747432
0.0283335
0.01861133
0.009157276
0.0003865138
-0.008244605
-0.01723761
-0.02560857
-0.03185921
-0.03599045
-0.03940779
-0.04322511
-0.04699585
-0.04862254
-0.04675356
-0.04257864
-0.03868161
-0.03653459
-0.03574656
-0.03535061
-0.03481443
-0.03416069
-0.03287213
-0.03029989
-0.02642435
-0.02209282
-0.0180821
-0.01477949
-0.01223619
-0.01031107
-0.008974562
-0.008646395
-0.009780817
-0.01219491
-0.01538184
-0.01885887
-0.0215051
-0.02120506
-0.01660139
-0.008716843
0.0002522194
0.009192471
0.01808046
0.02624817
0.03256033
0.03700356
0.04053173
0.04367447
0.04640935
0.04916516
0.05299513
0.05814341
0.06322073
0.06701376
0.0690315
0.06888197
0.06596116
0.0597732
0.05010932
0.03726282
0.02240789
0.006938035
-0.007925465
-0.02156173
-0.03341942
-0.04319617
-0.05116
-0.05749356
-0.06226361
-0.06565805
-0.0677228
-0.06813324
-0.06659379
-0.06258216
-0.05566286
-0.04672859
-0.03730334
-0.02775823
-0.01744999
-0.006524404
0.004294271
0.01438364
0.02370335
0.03227203
0.03956069
0.04528608
0.04999976
0.054169
0.05748799
0.05941894
0.05980796
0.05907908
0.05772607
0.05593212
0.05378747
0.05143594
0.04878805
0.0458601
0.04300315
0.04048605
0.03867757
0.03778922
0.03736612
0.0370566
0.03701171
0.03782639
0.03961998
0.04193386
0.04393006
0.0444104
0.04315559
0.04054453
0.03673674
0.03218694
0.02696806
0.02105368
0.0146133
0.007993907
0.001618428
-0.004598887
-0.0109077
-0.01667025
-0.02112721
-0.02412538
-0.02596254
-0.02680262
-0.02637657
-0.02428835
-0.02031559
-0.0143499
-0.006396953
0.002479599
0.01007963
0.01521534
0.01986932
0.02660897
0.0348942
0.04238011
0.04820519
0.0531239
0.05750219
0.06076684
0.06185136
0.06025998
0.05631501
0.05035786
0.04260901
0.03347245
0.02373546
0.01380281
0.003758048
-0.006320822
-0.01660394
-0.02697595
-0.0367897
-0.04542251
-0.0530966
-0.05977246
-0.06483155
-0.06750596
-0.06749868
-0.06525346
-0.06118966
-0.05495959
-0.04627624
-0.03539712
-0.02337348
-0.01176401
-0.001957603
0.005293359
0.01091276
0.01585773
0.02001053
0.02247314
0.02248982
0.02005099
0.01549
0.0096115
0.003573608
-0.001742189
-0.006267811
-0.009982354
-0.01265963
-0.01454256
-0.01611288
-0.01767502
-0.01918479
-0.02033551
-0.0214205
-0.02354344
-0.02704541
-0.03136761
-0.03618469
-0.04120925
-0.04619911
-0.05072373
-0.05432364
-0.05724222
-0.05971631
-0.06177625
-0.06324131
-0.06391949
-0.06373012
-0.06252541
-0.0599453
-0.05548328
-0.04897119
-0.04079398
-0.03155446
-0.02188368
-0.01249371
-0.00400534
0.003188924
0.009457703
0.01539686
0.02089586
0.02612459
0.03192189
0.03874281
0.04598734
0.05243917
0.05704186
0.05923358
0.05935128
0.05831141
0.05687344
0.05571331
0.05523185
0.05523066
0.05501861
0.05398555
0.05206053
0.04899533
0.04383832
0.03616879
0.02642078
0.01571938
0.005270966
-0.00441595
-0.01376512
-0.02309622
-0.0318256
-0.03917307
-0.04509529
-0.049887
-0.05373258
-0.05625595
-0.05667884
-0.05496086
-0.05231681
-0.04932071
-0.045588
-0.0408009
-0.0352276
-0.0293683
-0.02358678
-0.01800755
-0.01262517
-0.007756543
-0.003807292
-0.0007783488
0.001286109
0.002419333
0.002684413
0.002218879
0.001369831
0.0005954251
8.220698e-05
-0.0002809583
-0.001093873
-0.002240998
-0.003390392
-0.004706604
-0.006311344
-0.007953285
-0.009072713
-0.009493314
-0.009716605
-0.01006325
-0.01019273
-0.009753797
-0.009419607
-0.009892944
-0.01113818
-0.0126114
-0.01381816
-0.01475196
-0.0151925
-0.01446649
-0.01241081
-0.009771151
-0.00753951
-0.006050564
-0.004605841
-0.002281862
0.0008780924
0.003503138
0.00438014
0.003321745
0.0004201589
-0.004525936
-0.01099403
-0.01703893
-0.02105065
-0.02314101
-0.02407915
-0.02433036
-0.02396995
-0.02305859
-0.02153894
-0.0193605
-0.01660635
-0.01379009
-0.011108
-0.008532276
-0.00601957
-0.003494437
-0.001264823
0.0005630867
0.002525737
0.005215156
0.008796015
0.0127612
0.01652369
0.01947364
0.02113732
0.02158469
0.02170623
0.02234926
0.02354361
0.02526539
0.02763807
0.03055728
0.03363195
0.03640598
0.03861908
0.0404857
0.04231026
0.04412066
0.04604418
0.04802408
0.04977546
0.0513107
0.0524438
0.05295252
0.05270882
0.05126844
0.04858681
0.04516903
0.04123469
0.03725845
0.03378187
0.0308049
0.02830281
0.02649328
0.02557028
0.02531127
0.02542851
0.02570486
0.02548031
0.02482726
0.02410897
0.02357487
0.0236142
0.02485657
0.02740188
0.03042411
0.03327263
0.03608843
0.03850074
0.03980694
0.03948244
0.0376281
0.03514429
0.03250782
0.02953066
0.02592401
0.02158938
0.0166178
0.01100342
0.004632159
-0.00220426
-0.009021109
-0.01558059
-0.02165182
-0.02664633
-0.03019267
-0.03178358
-0.03170696
-0.03117021
-0.03094109
-0.030867
-0.03087353
-0.03147732
-0.03317559
-0.03621145
-0.04026756
-0.04482869
-0.04964477
-0.05438058
-0.05860334
-0.0621481
-0.06504492
-0.06717171
-0.06837978
-0.06906204
-0.06959661
-0.06975126
-0.06911673
-0.06763045
-0.06530501
-0.06191351
-0.05725436
-0.05205605
-0.04720403
-0.04244868
-0.0370164
-0.03078401
-0.02400392
-0.01678861
-0.009234296
-0.00177053
0.004851672
0.009998866
0.01371881
0.01659623
0.01913982
0.02138499
0.02292871
0.02336486
0.02284931
0.02140714
0.01916519
0.01650639
0.01386087
0.01158935
0.009608845
0.00768345
0.005853254
0.004145622
0.002286001
-4.424487e-07
-0.002520955
-0.004783391
-0.006327474
-0.0071051
-0.007582025
-0.007840531
-0.007589706
-0.007161425
-0.00644338
-0.004976962
-0.002754234
9.118773e-05
0.003542796
0.007622555
0.01194629
0.01588907
0.01924586
0.02231106
0.02514124
0.02751198
0.02914637
0.03009493
0.030732
0.03128307
0.03163997
0.03156319
0.03121447
0.03034283
0.0289035
0.02738998
0.02601273
0.02490904
0.02436678
0.02405961
0.02308237
0.02087968
0.01744858
0.01306785
0.007670773
0.001534492
-0.004705232
-0.01067006
-0.01608545
-0.02054082
-0.02388225
-0.02599796
-0.02680813
-0.02647003
-0.02512203
-0.02291679
-0.02052458
-0.01873667
-0.01797287
-0.01810161
-0.01837773
-0.01825875
-0.01805643
-0.01791985
-0.01762162
-0.01687699
-0.01586567
-0.01499154
-0.01446979
-0.01403301
-0.01340885
-0.01261301
-0.01171424
-0.01083617
-0.009926792
-0.009090911
-0.008332738
-0.007444472
-0.005998201
-0.003683399
-0.0004260563
0.003575633
0.007808174
0.01175512
0.01506586
0.01764043
0.01944043
0.0204872
0.02119508
0.0221123
0.02350151
0.0255048
0.02798187
0.03063509
0.03327786
0.03557676
0.03720708
0.0382945
0.03886643
0.0389944
0.03879869
0.03827283
0.03731844
0.03587782
0.03425961
0.03284002
0.03186486
0.03175016
0.0324133
0.0331261
0.03311348
0.03173868
0.02900281
0.0248815
0.01974373
0.0142643
0.008964397
0.004241895
-0.0002752742
-0.004905734
-0.009245107
-0.01285331
-0.01601187
-0.01911204
-0.02221767
-0.02529496
-0.02839085
-0.0314935
-0.03457972
-0.03753982
-0.03999936
-0.0416554
-0.04256578
-0.04287144
-0.04208144
-0.03992725
-0.03667835
-0.03301159
-0.029523
-0.02621183
-0.02300837
-0.01991693
-0.01694814
-0.01376262
-0.009866121
-0.005310145
-0.0003372638
0.004933622
0.01057191
0.01638789
0.02181105
0.02663725
0.03104602
0.03487764
0.03783834
0.03981238
0.04052261
0.03969436
0.03762918
0.03469386
0.03111926
0.02723315
0.02392037
0.02166401
0.0199483
0.01786571
0.01525985
0.01279852
0.01038231
0.007477354
0.003971558
-3.388256e-05
-0.004293539
-0.008930331
-0.0140085
-0.01902607
-0.02326114
-0.02660101
-0.02933908
-0.03169105
-0.03407921
-0.03690142
-0.04010309
-0.04349648
-0.04712676
-0.05064806
-0.05393115
-0.0569526
-0.05958357
-0.06133757
-0.06188722
-0.0608439
-0.05811791
-0.05400293
-0.04898978
-0.04413296
-0.04009665
-0.03723624
-0.0351572
-0.03311064
-0.03062847
-0.02762197
-0.02430673
-0.02071275
-0.01680291
-0.01302682
-0.01022651
-0.008508414
-0.007643722
-0.007380249
-0.00761857
-0.008327768
-0.009220498
-0.009985818
-0.01015337
-0.009653839
-0.008709832
-0.0074166
-0.005772788
-0.004166919
-0.002929861
-0.0021217
-0.001656753
-0.001484668
-0.001822537
-0.002372955
-0.00283332
-0.003278917
-0.003620161
-0.003582572
-0.003224807
-0.002437795
-0.001136199
2.691369e-05
0.0009571624
0.002307448
0.003902505
0.005528858
0.007444341
0.01012402
0.01372187
0.01795453
0.02262366
0.02777508
0.03321677
0.03884024
0.04450325
0.0499726
0.05472033
0.05828848
0.06069072
0.06223152
0.06317333
0.06341683
0.06316819
0.06276672
0.06240276
0.06203243
0.06120996
0.05967426
0.05744408
0.05452902
0.05083725
0.04655855
0.04210274
0.03788285
0.03424489
0.03139536
0.0293731
0.0281532
0.02742965
0.0267021
0.02524409
0.022769
0.01957217
0.01600785
0.01225196
0.008476648
0.00515571
0.002333513
9.323962e-05
-0.00124146
-0.001814424
-0.001862049
-0.001450551
-0.0008374857
-0.0002270684
0.0002548535
0.0007063352
0.00116996
0.001584907
0.001942017
0.002387845
0.002742996
0.003036897
0.003539634
0.00442154
0.005629301
0.006982082
0.008172822
0.009094938
0.009731376
0.01006475
0.01026337
0.0103873
0.01038216
0.01043836
0.01057408
0.01057243
0.01030424
0.009481355
0.007950466
0.005951081
0.00372428
0.001498158
-0.0005474332
-0.002226236
-0.003474113
-0.004349438
-0.005100158
-0.005844039
-0.006500214
-0.007193457
-0.008106436
-0.009258537
-0.01033643
-0.01124617
-0.01208822
-0.01291468
-0.0136012
-0.01386883
-0.0137507
-0.01345666
-0.01298281
-0.01217699
-0.01113138
-0.009926753
-0.00865762
-0.007568555
-0.006641131
-0.005907701
-0.00550331
-0.00515249
-0.004612279
-0.003902492
-0.002850651
-0.001815211
-0.001105842
-0.0008632268
-0.001569249
-0.003324622
-0.005925759
-0.008919525
-0.01187831
-0.01454828
-0.01691521
-0.01927807
-0.02153248
-0.02356137
-0.02536809
-0.02668275
-0.02750634
-0.0279415
-0.02786499
-0.02719966
-0.02595384
-0.02417863
-0.02177648
-0.01911109
-0.01649991
-0.01397586
-0.01148787
-0.009135821
-0.006987356
-0.004990158
-0.003309146
-0.001876709
-0.0005313199
0.0007867042
0.002371545
0.004461972
0.006896144
0.009371701
0.01186987
0.01419956
0.01624027
0.0180444
0.01962777
0.02113211
0.0227355
0.02438434
0.02609671
0.02783899
0.02928419
0.03046578
0.03153525
0.0322658
0.03240615
0.0320048
0.03135749
0.03067153
0.02978303
0.02874302
0.02741131
0.02583444
0.02396958
0.02177033
0.01962891
0.01755647
0.01536622
0.01312269
0.01101519
0.009122602
0.00737491
0.005644406
0.004190336
0.003038475
0.001997245
0.001012776
0.0002696262
-0.0001112686
-0.000366434
-0.0005500127
-0.000649885
-0.0006485362
-0.0004220559
3.406733e-05
0.0007429428
0.001466578
0.00208124
0.002437569
0.002430414
0.002209197
0.001633499
0.000787772
-5.380987e-05
-0.0008941112
-0.001911816
-0.002905334
-0.00357627
-0.003994807
-0.004130297
-0.003872221
-0.003447351
-0.003029501
-0.002613681
-0.002243551
-0.00179762
-0.001280853
-0.0007643144
-0.0003108991
0.0001450474
0.0005121973
0.0006941391
0.0009755542
0.001125981
0.001142559
0.001230211
0.001155541
0.0008287673
0.0003358651
-0.0003583892
-0.001494324
-0.002814183
-0.004031762
-0.005490379
-0.007239458
-0.008933365
-0.01035979
-0.01192246
-0.01384916
-0.01595314
-0.01806231
-0.02012084
-0.02214809
-0.02405652
-0.0259674
-0.0280831
-0.03034785
-0.03259433
-0.03476352
-0.0369141
-0.03903177
-0.04114951
-0.04314489
-0.04491203
-0.04646301
-0.04781291
-0.04914199
-0.05035075
-0.05149982
-0.05252469
-0.05332694
-0.05382296
-0.05400159
-0.05372457
-0.05306968
-0.05218596
-0.05104559
-0.04966206
-0.04818733
-0.04667303
-0.04480701
-0.0428028
-0.04074311
-0.03862764
-0.03674371
-0.03515402
-0.03391322
-0.03313728
-0.03273522
-0.03260373
-0.03260053
-0.03250934
-0.03202407
-0.03090407
-0.02945059
-0.02807351
-0.02687593
-0.02588093
-0.02511034
-0.02455944
-0.02402531
-0.02336529
-0.02276088
-0.0222342
-0.02174714
-0.02123804
-0.02066219
-0.02002116
-0.01919057
-0.01811409
-0.01694138
-0.01595734
-0.01506352
-0.01397982
-0.01293519
-0.01230041
-0.01201231
-0.01193758
-0.01194352
-0.0120893
-0.01222727
-0.01202231
-0.01125874
-0.01001004
-0.008450916
-0.006716418
-0.004782961
-0.002619531
-0.0002871625
0.00208727
0.00450056
0.006793688
0.00882633
0.0105616
0.01178387
0.01262369
0.01328852
0.01384729
0.01430926
0.0147345
0.01520037
0.01558934
0.01590062
0.01602369
0.01600931
0.01601987
0.01591865
0.01561866
0.01516574
0.01467052
0.01417358
0.01349746
0.01265481
0.01176122
0.01084241
0.009741174
0.008701252
0.007852601
0.007255002
0.007012911
0.007001904
0.006880893
0.006390434
0.005561482
0.004534371
0.003387311
0.002249242
0.001192998
0.0004729969
-5.382459e-05
-0.0005688071
-0.0009157899
-0.001075834
-0.0009467923
-0.0006205683
-0.0001928243
0.0002860945
0.0007349646
0.001059422
0.001165079
0.001096321
0.0006841171
-0.0002779929
-0.001697225
-0.003456654
-0.005298341
-0.006994955
-0.00822519
-0.008778821
-0.008458211
-0.007356143
-0.005920254
-0.00475107
-0.003866872
-0.003051513
-0.002265676
-0.001764476
-0.001606998
-0.001467547
-0.001286227
-0.001202193
-0.001460707
-0.001773507
-0.002048136
-0.00230496
-0.002673516
-0.0030959
-0.003373636
-0.003330949
-0.002990152
-0.002226983
-0.001459307
-0.001014966
-0.00072568
-0.0008425691
-0.001850025
-0.003579045
-0.005520078
-0.007535074
-0.009517187
-0.01119062
-0.01238987
-0.01310552
-0.01340148
-0.01333894
-0.01327039
-0.01340949
-0.01377207
-0.01446589
-0.0153997
-0.01636452
-0.01710762
-0.01741024
-0.01709671
-0.01611983
-0.01462683
-0.01275146
-0.01049534
-0.008225282
-0.006515783
-0.005532941
-0.005117473
-0.004911982
-0.004806305
-0.004932381
-0.005380211
-0.005719819
-0.005593275
-0.005254971
-0.005079973
-0.005318836
-0.006014951
-0.006994951
-0.008039352
-0.009162661
-0.01019894
-0.01094302
-0.01141939
-0.01180567
-0.01221239
-0.01247274
-0.01232219
-0.01163458
-0.0104972
-0.008925743
-0.006979545
-0.0047606
-0.002344068
0.0001667927
0.002813694
0.005630288
0.008509833
0.01137633
0.01406519
0.01675826
0.01973749
0.02273287
0.02553728
0.02815188
0.03041415
0.03223617
0.03364769
0.03494405
0.03625643
0.03749961
0.03852973
0.03931997
0.0398794
0.04036039
0.04083458
0.04142994
0.04210942
0.04261565
0.04281855
0.04279525
0.0423795
0.04139825
0.0397386
0.03764604
0.03550234
0.03367619
0.03253809
0.0321846
0.03237023
0.03278754
0.03309217
0.03318676
0.03294104
0.03221417
0.03105908
0.02964044
0.0281437
0.02668871
0.02530589
0.02409877
0.02314679
0.02284502
0.023182
0.02370976
0.02434347
0.02496108
0.0255708
0.02637265
0.02707487
0.02756624
0.02788475
0.02784718
0.02759005
0.02716504
0.02657674
0.02610469
0.02577854
0.02559281
0.02566934
0.02587085
0.02602832
0.0261521
0.0263158
0.02636543
0.02631008
0.02609969
0.0255383
0.02474737
0.02407121
0.02348532
0.02290256
0.02221372
0.0213543
0.02048538
0.0195405
0.01851596
0.01726051
0.0160202
0.01476338
0.01327789
0.01153858
0.009686261
0.007699512
0.005373835
0.002638429
-0.0001577887
-0.003017158
-0.006182402
-0.00931261
-0.01220462
-0.01491589
-0.01764269
-0.02042319
-0.02304577
-0.02529339
-0.02737707
-0.02941349
-0.03113605
-0.03243336
-0.03343864
-0.03424266
-0.03468714
-0.03438597
-0.03355917
-0.03255701
-0.03141918
-0.0303281
-0.02937758
-0.02863922
-0.02809726
-0.02762885
-0.02721126
-0.02692243
-0.02649173
-0.02574619
-0.02508592
-0.02496095
-0.02507705
-0.02504614
-0.02499575
-0.02512867
-0.02543586
-0.02586
-0.02622493
-0.02647561
-0.02652166
-0.02625898
-0.02539169
-0.02369283
-0.02138841
-0.0189257
-0.01661902
-0.0146459
-0.01311321
-0.0120498
-0.01137655
-0.01129064
-0.01161392
-0.01168711
-0.01143382
-0.01112275
-0.01086753
-0.01064691
-0.01048272
-0.01048741
-0.01079258
-0.01118741
-0.01148156
-0.01162856
-0.01158682
-0.01125522
-0.01069535
-0.009957661
-0.009050743
-0.008052188
-0.007127478
-0.006383001
-0.005664937
-0.004918694
-0.004139131
-0.003521998
-0.003147174
-0.003062201
-0.003103674
-0.003110839
-0.003062689
-0.002941571
-0.003028107
-0.003321375
-0.00379508
-0.004347316
-0.004718321
-0.004575062
-0.003692703
-0.002143311
-0.0001126756
0.00207951
0.004215072
0.00655428
0.009091611
0.01142047
0.01353574
0.01557076
0.01745117
0.01903794
0.02038778
0.02133252
0.02209395
0.02292593
0.02356709
0.02418078
0.02497947
0.02587977
0.02685384
0.02773469
0.02832733
0.02871429
0.02906743
0.0295032
0.02991463
0.03023162
0.03042051
0.03042591
0.02994058
0.02886744
0.02743384
0.02559264
0.02321286
0.02068279
0.01806647
0.01549878
0.01306764
0.0105987
0.008119288
0.006014822
0.003977414
0.001611208
-0.0009401879
-0.003544875
-0.006143594
-0.008620417
-0.01083575
-0.01275271
-0.0139834
-0.0144499
-0.01411253
-0.01315123
-0.01184531
-0.01031521
-0.008752429
-0.007355764
-0.005956899
-0.004248345
-0.002387153
-0.0006770642
0.000643879
0.001571509
0.002393525
0.003214275
0.00367643
0.003635404
0.003368883
0.002950499
0.002338077
0.001404439
0.0002873114
-0.000789937
-0.001819354
-0.003004163
-0.004592822
-0.006871493
-0.009498076
-0.01199833
-0.01414145
-0.01601481
-0.01736915
-0.01774791
-0.01709071
-0.01555871
-0.01370311
-0.01223943
-0.01132183
-0.01072632
-0.01048179
-0.01055566
-0.01065902
-0.01020084
-0.00907299
-0.007624658
-0.006110833
-0.004807919
-0.003857895
-0.003261153
-0.003181088
-0.003533726
-0.004441622
-0.005847119
-0.00741486
-0.008647363
-0.009346771
-0.009349549
-0.008543401
-0.007056769
-0.005141813
-0.002891592
-0.0006287221
0.001057332
0.002186963
0.002908892
0.003220638
0.003172751
0.002895483
0.002636155
0.002769429
0.003493012
0.004791199
0.006342592
0.007834008
0.009089377
0.00984963
0.009684824
0.008832657
0.007529284
0.005940206
0.004368914
0.002953136
0.001992474
0.001832642
0.002379907
0.003558377
0.005057534
0.00639527
0.007498152
0.008319781
0.008986139
0.009199697
0.008583465
0.007524417
0.006483959
0.005714879
0.005040355
0.004272588
0.003463668
0.00262173
0.00167438
0.0006699415
-6.895982e-05
-0.0003713791
-0.0004053493
-0.0002991834
0.0001622682
0.001106725
0.002342101
0.003527295
0.004642417
0.005731184
0.006482852
0.006613446
0.006255978
0.005548183
0.00462658
0.003583265
0.002500666
0.001556305
0.000971669
0.0009893626
0.001462646
0.001997866
0.002487435
0.002857421
0.003177959
0.003129269
0.002407484
0.000845635
-0.001394968
-0.004077307
-0.007053014
-0.01006023
-0.01297286
-0.01562113
-0.01791815
-0.0196865
-0.02100117
-0.02199088
-0.0227169
-0.02319218
-0.0234707
-0.02362853
-0.02349099
-0.02293619
-0.02200424
-0.02069405
-0.01911239
-0.01729829
-0.01545896
-0.01357782
-0.01193079
-0.01074419
-0.009824123
-0.008963328
-0.008018293
-0.006830732
-0.005547642
-0.004225074
-0.003002653
-0.002154778
-0.001840003
-0.001976628
-0.002368489
-0.002957478
-0.003928631
-0.005182487
-0.006261898
-0.006817312
-0.006854421
-0.006882971
-0.007190108
-0.007494582
-0.00775124
-0.008167021
-0.00855655
-0.008737513
-0.008764048
-0.008703616
-0.008535954
-0.008344057
-0.008084512
-0.007818734
-0.007599725
-0.007420636
-0.007371698
-0.007752928
-0.008493987
-0.009238957
-0.009639113
-0.009543552
-0.009110079
-0.00844758
-0.00748242
-0.00626472
-0.005152686
-0.004150833
-0.002969263
-0.001777849
-0.001086655
-0.0008565291
-0.0008839272
-0.001041641
-0.001064577
-0.0006602326
0.0002747617
0.001464669
0.002646607
0.003796984
0.005053707
0.006201531
0.006877356
0.007081378
0.007061551
0.006902041
0.006536575
0.006058777
0.00592402
0.006175592
0.006483215
0.006800237
0.007220677
0.007830417
0.008490601
0.009132672
0.009695456
0.01017849
0.01060804
0.01097729
0.01120421
0.01118827
0.01085881
0.01017845
0.009352924
0.008343224
0.007343028
0.006719369
0.006621816
0.007113192
0.007892034
0.008818301
0.00999193
0.0111224
0.01198277
0.01279984
0.01369968
0.01473155
0.01594329
0.01721981
0.01859471
0.02001999
0.0213248
0.02234347
0.02306855
0.02333584
0.02295878
0.02206709
0.02082745
0.01935172
0.01773179
0.01626297
0.01499611
0.0139874
0.01332484
0.01295428
0.01285157
0.01286812
0.01297765
0.01331387
0.01389821
0.01444575
0.0147939
0.01524917
0.01610926
0.01708904
0.01811603
0.01928685
0.02048582
0.0213988
0.02191457
0.02214369
0.02202396
0.02138024
0.020298
0.01911582
0.01789086
0.0166393
0.01525872
0.01358173
0.0114781
0.009017687
0.006377339
0.003921975
0.002048457
0.0007300331
-0.0002184592
-0.0008513799
-0.001023077
-0.0008709491
-0.0006888072
-0.0004457254
-0.0004700089
-0.001022694
-0.001804427
-0.002419847
-0.002679907
-0.002775193
-0.002853663
-0.003075789
-0.003241047
-0.003268137
-0.003561674
-0.004120873
-0.004941692
-0.005961449
-0.00688293
-0.007228482
-0.006889248
-0.006135369
-0.005281505
-0.004183326
-0.00263855
-0.001134177
-0.0001569409
0.000655411
0.001915267
0.003453591
0.004932484
0.006364221
0.00776006
0.008931548
0.009853259
0.01048486
0.01088208
0.01100025
0.01067274
0.0101963
0.009995552
0.01016682
0.01066594
0.01155623
0.01269682
0.01364538
0.01416192
0.01412644
0.01375227
0.01319462
0.01261275
0.01210717
0.01194525
0.0123927
0.01323959
0.01440777
0.01579356
0.0169884
0.0176702
0.01777003
0.01716595
0.01596716
0.01432708
0.01250716
0.01079464
0.009257434
0.007857679
0.006712828
0.00601779
0.005797097
0.005916877
0.006108436
0.006323596
0.006876277
0.007690575
0.008679421
0.00990677
0.01110372
0.01233651
0.01349875
0.01450199
0.01525288
0.01573161
0.01603641
0.01635136
0.01683492
0.01743442
0.01800383
0.01847007
0.018794
0.01897466
0.01889073
0.01839048
0.01746515
0.01619092
0.01487386
0.01354455
0.01199172
0.01012963
0.008179781
0.006266281
0.004306558
0.00243936
0.001041519
0.0001576542
-0.0005736789
-0.00133922
-0.002021372
-0.002661642
-0.003446125
-0.004528161
-0.006000497
-0.007557678
-0.009066627
-0.01049298
-0.011828
-0.01277327
-0.01317965
-0.01323187
-0.01310684
-0.01265218
-0.01185693
-0.01092894
-0.01009531
-0.009476768
-0.008952629
-0.008465281
-0.008137674
-0.007730516
-0.006927522
-0.005872867
-0.004785268
-0.003757774
-0.002971233
-0.002832952
-0.00327136
-0.003892167
-0.00460608
-0.005504698
-0.006744923
-0.008123478
-0.009690381
-0.01159172
-0.0135429
-0.0153085
-0.01682863
-0.01796435
-0.01880513
-0.01951531
-0.0200419
-0.02024259
-0.02040895
-0.02073894
-0.02120036
-0.02187419
-0.02270414
-0.02345907
-0.0240368
-0.02452378
-0.02502152
-0.02532191
-0.02542094
-0.02566155
-0.02610377
-0.02652266
-0.02686484
-0.02710016
-0.02724521
-0.02736485
-0.02732948
-0.02701065
-0.02655724
-0.02608104
-0.02561931
-0.02526472
-0.02512306
-0.02498488
-0.02480292
-0.02459127
-0.02433864
-0.024113
-0.02409497
-0.02458376
-0.02534273
-0.0263252
-0.02747668
-0.02876547
-0.02996806
-0.03108104
-0.0321842
-0.03335734
-0.03420575
-0.0345322
-0.03459843
-0.03472913
-0.0347883
-0.03466806
-0.03473531
-0.03523179
-0.03582274
-0.03628437
-0.03649663
-0.03648315
-0.03602457
-0.03501018
-0.03347244
-0.03150565
-0.02939058
-0.02712117
-0.0249177
-0.02308285
-0.02164105
-0.02029326
-0.01877541
-0.01729554
-0.01587989
-0.01420411
-0.01218317
-0.01015934
-0.008224979
-0.006242035
-0.004415828
-0.003080392
-0.002284637
-0.001960629
-0.002231976
-0.002946133
-0.004021914
-0.005249782
-0.006299383
-0.007259659
-0.007925482
-0.008099557
-0.007863404
-0.007230524
-0.006296743
-0.005181784
-0.004185954
-0.003672355
-0.003615081
-0.003749179
-0.004019715
-0.004365276
-0.004226067
-0.003638023
-0.002797693
-0.001865777
-0.0008328565
0.0001796802
0.001096732
0.001847146
0.002410476
0.002948152
0.00346571
0.004159027
0.005219798
0.006514459
0.007890974
0.009211427
0.01041306
0.01174117
0.01312559
0.01437019
0.01539009
0.01632158
0.01722501
0.01799286
0.01825216
0.01792841
0.01741735
0.01676858
0.01598463
0.01518718
0.01438962
0.01348744
0.01239912
0.01127191
0.01039434
0.009569692
0.008608256
0.007530673
0.006425562
0.005414359
0.004352805
0.003259487
0.002469501
0.002069882
0.002006019
0.002167615
0.002494787
0.00301985
0.003455666
0.003393919
0.00309578
0.002764004
0.002494455
0.002399878
0.002497804
0.00321124
0.004422428
0.005720218
0.006995848
0.008105122
0.008736438
0.00911131
0.009463953
0.009770371
0.01027574
0.01107625
0.01216214
0.01378871
0.01567547
0.01765747
0.01966415
0.02143851
0.02286208
0.0237389
0.02396696
0.02366279
0.02320102
0.02292355
0.02281166
0.02277441
0.02277514
0.02285156
0.02318022
0.02351532
0.023518
0.0231657
0.02240373
0.02125405
0.01991754
0.01873669
0.01757509
0.01615527
0.01460914
0.01298417
0.01148065
0.01035978
0.009607849
0.009183166
0.009049087
0.008916231
0.008643619
0.008246307
0.007822201
0.007496619
0.007374977
0.007271684
0.007333013
0.00764928
0.008049105
0.008551292
0.009129517
0.009565467
0.009818775
0.01007198
0.01040503
0.0107346
0.01104464
0.01122353
0.01101111
0.01042502
0.009969511
0.009927499
0.009895959
0.009617768
0.009367374
0.009204716
0.00902691
0.008715954
0.008205941
0.007648136
0.007251107
0.006850595
0.006357469
0.006102876
0.006142361
0.006150379
0.006002566
0.006034895
0.006534192
0.007119843
0.00764874
0.008276767
0.008889636
0.009335118
0.009573716
0.009506996
0.009003154
0.008078983
0.006802308
0.004984213
0.002649912
4.701901e-05
-0.002562387
-0.004825289
-0.006891436
-0.008796847
-0.01045686
-0.01179775
-0.01267708
-0.01311759
-0.01333816
-0.01334754
-0.01318314
-0.01275786
-0.01206384
-0.01115211
-0.009926188
-0.008399567
-0.006600216
-0.004589797
-0.002293932
-4.229258e-05
0.00205368
0.004210977
0.006334787
0.008206938
0.009525447
0.01038823
0.01065465
0.01039983
0.009917598
0.009200065
0.008365759
0.00775853
0.007754989
0.008456768
0.009305671
0.01005895
0.01055663
0.01071036
0.01039327
0.009042662
0.00703266
0.005094129
0.003492709
0.002253099
0.001509551
0.001664644
0.002577978
0.003733508
0.004609891
0.005072127
0.005139053
0.00507638
0.004923918
0.004637518
0.004474901
0.004193421
0.003592323
0.002794705
0.001918353
0.0007646549
-0.0008600757
-0.002540371
-0.004087891
-0.00542559
-0.00629817
-0.006453638
-0.006238589
-0.005941933
-0.00546507
-0.004756261
-0.004075368
-0.00350693
-0.003106334
-0.002947034
-0.00309234
-0.003267062
-0.00295835
-0.002160618
-0.001069545
0.0001504171
0.001428753
0.002922869
0.004127486
0.00480353
0.005103875
0.005110982
0.005110084
0.004891898
0.004233185
0.00340673
0.002532431
0.001594283
0.0006969581
-3.855559e-05
-0.000541498
-0.0009384733
-0.001303698
-0.001755363
-0.002274713
-0.003177896
-0.004308422
-0.005365556
-0.006379625
-0.007264544
-0.007897753
-0.008027273
-0.00783477
-0.00755545
-0.007254501
-0.006971286
-0.006727449
-0.006801852
-0.007176367
-0.007824442
-0.00860257
-0.009356233
-0.01010901
-0.01076904
-0.01120233
-0.01163551
-0.01205643
-0.01217075
-0.01210982
-0.01213673
-0.01230349
-0.01251812
-0.01248781
-0.01216859
-0.01172039
-0.01098112
-0.01007264
-0.009032742
-0.00790322
-0.006837537
-0.005881664
-0.005116536
-0.004738522
-0.005001418
-0.005816926
-0.006905856
-0.007940986
-0.008700633
-0.009070662
-0.009015985
-0.008731498
-0.00824197
-0.007592175
-0.007019726
-0.006740805
-0.006839197
-0.007146482
-0.007478391
-0.007677809
-0.007540384
-0.007022063
-0.006110519
-0.004969027
-0.003904515
-0.00312727
-0.002722335
-0.002481045
-0.002090915
-0.001749502
-0.001737149
-0.00196975
-0.002205531
-0.002099648
-0.002000684
-0.002251147
-0.002555546
-0.002720128
-0.002935249
-0.003255151
-0.003480954
-0.003360188
-0.002907007
-0.002252546
-0.00135711
-0.0003042364
0.0006750369
0.001503958
0.00235537
0.003016697
0.003360543
0.003714911
0.004322108
0.005105956
0.005902245
0.006728129
0.007593171
0.00829024
0.008730616
0.008830922
0.008338577
0.00715615
0.005439596
0.003446847
0.001571853
-0.0001149745
-0.001437501
-0.00190268
-0.001552099
-0.0008138183
0.0001234912
0.001278822
0.002410247
0.003112999
0.003264363
0.003022953
0.002613729
0.0021127
0.001803734
0.001673695
0.001682284
0.001830545
0.001875301
0.001738665
0.001417164
0.001110947
0.0004463717
-0.0006939408
-0.001932568
-0.003173246
-0.004359799
-0.005373854
-0.0060479
-0.006420591
-0.006698186
-0.00686404
-0.006737084
-0.006623884
-0.006830715
-0.007225191
-0.00755292
-0.007689895
-0.0076476
-0.007324515
-0.006862812
-0.006339578
-0.005847539
-0.005210361
-0.004335254
-0.003365737
-0.002610953
-0.002158099
-0.001822083
-0.001684059
-0.001775475
-0.001963332
-0.001892429
-0.001556106
-0.0009837691
-0.0001914253
0.0009164576
0.002084486
0.00315621
0.004016343
0.004510148
0.004503583
0.003933265
0.003018663
0.002095928
0.001216703
0.0005262897
0.0002577996
0.0004656376
0.0008730637
0.001379902
0.002099765
0.00279209
0.003344806
0.003971319
0.004856143
0.005907638
0.006965472
0.007838415
0.008345885
0.008633166
0.008799125
0.008663234
0.008355053
0.008124661
0.007937441
0.007662872
0.00740893
0.007083012
0.006555048
0.005772085
0.004754203
0.003500579
0.002367439
0.001512134
0.0008272883
0.0002966014
3.733199e-05
-0.0001593744
-0.0006771122
-0.001251785
-0.001795788
-0.002307967
-0.002714594
-0.003054096
-0.003257349
-0.003169909
-0.002656143
-0.001758247
-0.0006439963
0.0003672305
0.00107952
0.001405238
0.001363249
0.001123764
0.00099956
0.001090835
0.001525249
0.002360771
0.003458956
0.004700183
0.005981186
0.007023817
0.007665719
0.008085129
0.008230344
0.008083707
0.007855585
0.007683396
0.007337545
0.006890491
0.006433909
0.005950193
0.005434422
0.004832533
0.004449996
0.004439233
0.004618855
0.004869427
0.005312843
0.006030157
0.006803568
0.007449837
0.00805048
0.008584486
0.008895654
0.008965497
0.00885193
0.008451691
0.007616055
0.006538567
0.005472549
0.004379086
0.003220876
0.002189553
0.001519967
0.001214159
0.001044405
0.0009693648
0.001152925
0.001368231
0.001498336
0.001493531
0.001559228
0.001920104
0.002283819
0.00253317
0.002874934
0.003335159
0.003842532
0.004170417
0.004427878
0.004708091
0.004910868
0.004820412
0.004435839
0.003913762
0.003380416
0.002875373
0.00254478
0.002432088
0.002492705
0.002656298
0.002890893
0.003131688
0.003118481
0.002834922
0.002462321
0.00216624
0.001815849
0.001395794
0.001095205
0.0009597604
0.0007787711
0.0003537287
-0.0003108005
-0.001115305
-0.002018951
-0.003011186
-0.004042151
-0.004937756
-0.005578125
-0.006007992
-0.006078837
-0.005544992
-0.00443596
-0.002830635
-0.001063076
0.0005679808
0.001912163
0.002806776
0.003350703
0.003647992
0.003638337
0.003310249
0.00276075
0.00209174
0.001509877
0.0009578606
0.0002805013
-0.0004616263
-0.001201527
-0.002091481
-0.002982585
-0.003546482
-0.003777729
-0.003735595
-0.003355317
-0.002858374
-0.002276753
-0.001594055
-0.0008685851
-0.0001915214
0.000396834
0.001001885
0.001720388
0.002392455
0.002971581
0.003405408
0.003705204
0.003970249
0.004201162
0.004169447
0.003815713
0.003421842
0.003147591
0.003068879
0.002927957
0.002612159
0.002183619
0.001711255
0.00118385
0.0005584986
-1.262775e-05
-0.0004652965
-0.0007620692
-0.0008851507
-0.001076356
-0.001204299
-0.0007871681
7.594516e-05
0.0008495365
0.001396439
0.001839601
0.002087177
0.001909456
0.001370788
0.0005701186
-0.00041567
-0.001523162
-0.002377995
-0.002776313
-0.002921861
-0.003030593
-0.00311045
-0.002866966
-0.002271288
-0.001701637
-0.001293011
-0.0007894948
-0.0002337014
0.0003574407
0.0009355096
0.001545018
0.002377905
0.003233257
0.003877991
0.004449972
0.004766233
0.004601375
0.004198642
0.003684576
0.003078477
0.002403421
0.001452671
0.0001887833
-0.001292626
-0.002986386
-0.004633815
-0.005825594
-0.006664108
-0.007189494
-0.007579977
-0.007735397
-0.00748595
-0.006948138
-0.006206506
-0.005338221
-0.00444278
-0.00384138
-0.00356215
-0.003412088
-0.00326245
-0.003229706
-0.003449956
-0.00391048
-0.004336594
-0.004585225
-0.004855448
-0.005313966
-0.005783208
-0.006154972
-0.006518489
-0.006729587
-0.006722479
-0.006550726
-0.006242025
-0.005712707
-0.005005041
-0.004322868
-0.003533311
-0.002656597
-0.001987275
-0.00153815
-0.001278421
-0.001594239
-0.002500096
-0.003680762
-0.004949517
-0.006242755
-0.00752868
-0.008649116
-0.009502325
-0.01024742
-0.01094159
-0.01161602
-0.01226486
-0.01288992
-0.01364952
-0.01455997
-0.01541873
-0.01624248
-0.01702459
-0.01779476
-0.01861153
-0.01931823
-0.01974465
-0.01989907
-0.02000388
-0.01996936
-0.01978281
-0.01963466
-0.01956171
-0.01938748
-0.01916757
-0.01892925
-0.01864021
-0.01825098
-0.01769582
-0.01713803
-0.01671529
-0.01617667
-0.01539664
-0.01456921
-0.01374524
-0.01283833
-0.01202558
-0.01135959
-0.01103409
-0.01087958
-0.01068428
-0.01046015
-0.01026648
-0.009959723
-0.009328389
-0.008461767
-0.007701638
-0.007125421
-0.006757275
-0.006818592
-0.007363655
-0.008299442
-0.009277206
-0.01009906
-0.01081315
-0.01135378
-0.0116229
-0.01164691
-0.01151206
-0.01135971
-0.01114825
-0.01097915
-0.01110485
-0.01130015
-0.01123441
-0.01088819
-0.01044984
-0.009950703
-0.00929571
-0.008487096
-0.007596752
-0.006705687
-0.005816806
-0.005036075
-0.004360414
-0.003730597
-0.003256957
-0.002855628
-0.002606848
-0.002541976
-0.00268235
-0.002922866
-0.003289761
-0.003830659
-0.004267225
-0.004616236
-0.005142865
-0.005726816
-0.006115089
-0.00643667
-0.006911618
-0.007430597
-0.007849026
-0.008296656
-0.008820322
-0.009329872
-0.009655376
-0.009855846
-0.01000641
-0.00997251
-0.009685852
-0.009273224
-0.008954169
-0.008615435
-0.008270108
-0.008046682
-0.007913906
-0.00778921
-0.007535531
-0.007235612
-0.006801266
-0.006029814
-0.005067498
-0.003967726
-0.002780582
-0.001633179
-0.0005771402
0.0002839995
0.001050966
0.001871919
0.002592559
0.003138014
0.003671476
0.004285498
0.005126906
0.005995708
0.006609368
0.007100748
0.007668352
0.008351911
0.008937931
0.009552507
0.01025972
0.0109672
0.01149856
0.01193862
0.01252682
0.01311484
0.01361989
0.01399466
0.01411657
0.01401944
0.01363289
0.01304143
0.01244969
0.01180618
0.01124451
0.01089125
0.01082734
0.01085623
0.01085297
0.0108184
0.010672
0.01042155
0.01040257
0.01054742
0.01067217
0.01077973
0.01100844
0.01141745
0.01180807
0.01212392
0.01221945
0.01220131
0.01233134
0.01238323
0.01233924
0.0123539
0.01245527
0.01268516
0.01291756
0.01299169
0.0129419
0.0128392
0.0127186
0.01265215
0.01252584
0.01230262
0.01195295
0.01158927
0.0113487
0.01120521
0.01109685
0.01117532
0.0115659
0.01215459
0.01278166
0.01332134
0.01381428
0.01430976
0.01488948
0.01555066
0.01635987
0.01710832
0.01772568
0.01820114
0.01853191
0.01860348
0.01840724
0.01816776
0.01797422
0.01765988
0.01729173
0.01672122
0.01608185
0.01521969
0.01412536
0.01315298
0.0123932
0.01180151
0.0113788
0.01124778
0.01136661
0.01174209
0.01234884
0.01314359
0.01393081
0.01460959
0.01514669
0.01560819
0.01586251
0.01565392
0.0149159
0.01380243
0.01242904
0.01098536
0.0095387
0.00835806
0.007467692
0.006672307
0.005949813
0.005295618
0.004897145
0.004845922
0.004891654
0.004851525
0.004693316
0.004592303
0.00453433
0.004267647
0.003844214
0.003420835
0.00292006
0.002331857
0.00187298
0.001365793
0.0008902332
0.0005525007
0.0003445816
0.0001632589
1.782467e-05
-4.257423e-05
-0.0001163497
-0.0001355579
-6.90863e-05
3.753623e-05
0.0001814524
0.0004283892
0.0006935157
0.0008554903
0.001045616
0.001241151
0.001230462
0.001065274
0.000934296
0.001010196
0.001195098
0.001486559
0.001975376
0.002505358
0.002979855
0.003326725
0.003562457
0.003745714
0.003718251
0.003484949
0.003120347
0.002671257
0.002220641
0.001532854
0.0007925979
0.0004620757
0.000244054
-9.510289e-05
-0.0001704904
2.776707e-06
6.104781e-06
-0.0001847321
-0.0004927427
-0.001031152
-0.001788701
-0.002537401
-0.003427574
-0.004542956
-0.005596738
-0.006252556
-0.006599612
-0.006849777
-0.007038028
-0.007015214
-0.006708813
-0.006412199
-0.00632158
-0.006096953
-0.005732519
-0.00552682
-0.005422345
-0.005268715
-0.004928513
-0.004606531
-0.004223898
-0.003612318
-0.003017553
-0.002493042
-0.002042324
-0.001585856
-0.001235035
-0.001100189
-0.001401833
-0.001932972
-0.002495424
-0.003156941
-0.003752279
-0.00413986
-0.004302974
-0.004394554
-0.004482376
-0.004550522
-0.004645615
-0.004898772
-0.005182146
-0.005527079
-0.005902759
-0.006286188
-0.006468813
-0.006369093
-0.006181711
-0.005981954
-0.005697546
-0.00535895
-0.005162425
-0.005326372
-0.005663705
-0.00592633
-0.006334331
-0.007131577
-0.008105692
-0.009144476
-0.01031165
-0.01134559
-0.01206289
-0.01256354
-0.01288859
-0.01311162
-0.01312722
-0.01276309
-0.01231264
-0.01186725
-0.01140639
-0.01095452
-0.01067176
-0.01065598
-0.01086803
-0.01102818
-0.01104316
-0.01103325
-0.01075647
-0.01002283
-0.008915472
-0.007708905
-0.006671094
-0.00579506
-0.004954666
-0.004231347
-0.003740012
-0.003350789
-0.002889116
-0.002445407
-0.002165041
-0.002014979
-0.001759627
-0.001391531
-0.001090003
-0.0007419248
-0.0003156886
-1.9038e-05
-7.194059e-05
-0.0004800037
-0.001144952
-0.001933192
-0.002582003
-0.003124344
-0.003693496
-0.004182463
-0.004379973
-0.004393043
-0.00431795
-0.004348851
-0.004579407
-0.004691
-0.004758646
-0.004886172
-0.005102928
-0.00530269
-0.005243627
-0.005098227
-0.005278942
-0.005710532
-0.006055199
-0.006449574
-0.007082911
-0.007667959
-0.007988168
-0.008171767
-0.008179149
-0.008024364
-0.007822616
-0.007497762
-0.006994326
-0.006408699
-0.005743384
-0.005077803
-0.004610417
-0.004364684
-0.00420621
-0.004120295
-0.003953938
-0.003648932
-0.003124491
-0.002522182
-0.002034433
-0.001578972
-0.001040491
-0.0006616527
-0.0007025048
-0.0009987594
-0.001448376
-0.001833266
-0.001975589
-0.002151819
-0.002382558
-0.002639548
-0.002809369
-0.003027907
-0.00331535
-0.003754687
-0.004309857
-0.004800061
-0.005303502
-0.005875774
-0.006552318
-0.007197582
-0.007584187
-0.007694937
-0.007612811
-0.007280534
-0.006582108
-0.005803315
-0.005057247
-0.004316562
-0.003569782
-0.002680017
-0.001633803
-0.0002998349
0.001161704
0.002472451
0.003699911
0.00473967
0.005500385
0.006066218
0.006549613
0.007056032
0.007431338
0.007608414
0.007776985
0.008012065
0.008060479
0.007898715
0.007736987
0.007676713
0.007465451
0.007206588
0.006961693
0.006696126
0.006537612
0.00637253
0.006233692
0.006247361
0.00665251
0.007263209
0.007793953
0.008372184
0.008989692
0.009625004
0.0101005
0.0103974
0.01069892
0.01095613
0.01099386
0.01056066
0.009839376
0.009057096
0.008228607
0.007575166
0.007312118
0.007349438
0.007579956
0.008058084
0.008551534
0.008767089
0.008736139
0.008446199
0.008020055
0.007509981
0.007007611
0.006523586
0.006010014
0.005565074
0.005371502
0.005266054
0.005003618
0.004777585
0.004717037
0.004644579
0.004553298
0.004530034
0.004608333
0.00468146
0.004840147
0.005210465
0.00562505
0.005951002
0.006105572
0.006162247
0.006122206
0.00601143
0.005991153
0.006019273
0.006037085
0.005948885
0.005956379
0.006048431
0.005996689
0.005695217
0.005357766
0.005049911
0.00472781
0.004558985
0.004701899
0.0049408
0.005268152
0.005639751
0.005776821
0.005753856
0.005853003
0.006045154
0.006324489
0.006940902
0.007652552
0.008073754
0.008153421
0.007927834
0.007556355
0.007198361
0.006878331
0.0065249
0.006144447
0.005800231
0.00549356
0.005009444
0.004247189
0.003468754
0.002623236
0.001697223
0.001000418
0.0004101494
-0.0002302898
-0.0009068099
-0.001546668
-0.00199606
-0.002447284
-0.002937229
-0.003308739
-0.003473153
-0.003521936
-0.003586869
-0.003547924
-0.003394054
-0.003159709
-0.002750185
-0.00231482
-0.001961151
-0.001529208
-0.001080426
-0.000508633
0.0001814202
0.0008295503
0.001278217
0.001529646
0.0016017
0.001551297
0.001624878
0.001808064
0.002088697
0.002581305
0.003323592
0.004294415
0.005190685
0.005836246
0.006233421
0.006442431
0.006406259
0.006101175
0.005512323
0.004730715
0.003994589
0.003280904
0.002686485
0.002426939
0.002502295
0.002710626
0.002878502
0.003043816
0.003088434
0.002802572
0.00219539
0.001369886
0.0004555894
-0.0004222049
-0.001312298
-0.00211816
-0.002855966
-0.003497827
-0.004110036
-0.004683277
-0.005118802
-0.005395743
-0.005460216
-0.005532374
-0.005597452
-0.005341316
-0.005004464
-0.004960056
-0.004961009
-0.005228456
-0.005848148
-0.00660364
-0.007206694
-0.007729818
-0.008137455
-0.008444836
-0.008643133
-0.008667633
-0.008513806
-0.007947304
-0.007071624
-0.006049702
-0.004892696
-0.003868115
-0.002982792
-0.002184547
-0.00127489
-0.0003631809
0.0002811708
0.0007453704
0.001054227
0.001265656
0.001248439
0.0009455553
0.0004989472
-5.088143e-05
-0.0004910281
-0.0007684364
-0.0009646211
-0.001057522
-0.001162632
-0.001437374
-0.001922809
-0.002551842
-0.003352845
-0.004093622
-0.004588599
-0.004909851
-0.005117384
-0.005151
-0.005058059
-0.004927378
-0.004800336
-0.004587351
-0.004493831
-0.004691228
-0.0049614
-0.005170172
-0.00549305
-0.006142486
-0.006843351
-0.007414119
-0.00786488
-0.008087817
-0.007946677
-0.007276785
-0.006324263
-0.005577109
-0.004764349
-0.003752601
-0.002803246
-0.002063047
-0.001407786
-0.0006223133
8.103216e-05
0.0007213822
0.001315043
0.001846433
0.002341771
0.002704424
0.002883609
0.0027828
0.002381374
0.001611724
0.0007047239
-0.000183262
-0.0009939322
-0.001714924
-0.002284066
-0.002605844
-0.002703387
-0.002863674
-0.003051496
-0.002931757
-0.002723912
-0.002660094
-0.002816398
-0.002918109
-0.002773633
-0.002626873
-0.002714515
-0.002979527
-0.00312937
-0.003063755
-0.002830549
-0.002415535
-0.001829501
-0.001190327
-0.0004040313
0.0004452059
0.00118211
0.001642167
0.001960785
0.002244597
0.002277628
0.001982763
0.001561005
0.0009525029
8.006204e-05
-0.001012062
-0.002328496
-0.003654577
-0.004837455
-0.006003384
-0.007164506
-0.00800959
-0.008433664
-0.008828354
-0.009183118
-0.009280143
-0.008950242
-0.008382956
-0.007821734
-0.006995776
-0.005970051
-0.005052059
-0.00443398
-0.003927448
-0.003428672
-0.002944152
-0.002499212
-0.002152819
-0.001996621
-0.001884768
-0.001685547
-0.001725638
-0.001966241
-0.002485288
-0.003271316
-0.003940978
-0.004317771
-0.004415446
-0.004386584
-0.004019538
-0.002994641
-0.001712955
-0.0004322488
0.0008568207
0.002046194
0.00291716
0.00343263
0.003571239
0.003154203
0.002274979
0.001188381
-5.368115e-05
-0.001374539
-0.002624644
-0.003529459
-0.004081884
-0.00447893
-0.004703534
-0.004764665
-0.004594649
-0.004361856
-0.003984927
-0.003561796
-0.003233147
-0.002903358
-0.002403259
-0.001703992
-0.001094316
-0.0005005375
0.0003160834
0.001352536
0.002410302
0.0034482
0.004307876
0.004990222
0.0055218
0.00574064
0.005818547
0.005585022
0.005039373
0.004466745
0.003969027
0.00373463
0.003746732
0.003763794
0.003892098
0.00424401
0.00464447
0.00517099
0.005719937
0.006301015
0.00673979
0.006950063
0.007067206
0.007423022
0.007780405
0.007805739
0.007649531
0.007460106
0.007098692
0.006558395
0.005914758
0.005390063
0.005011937
0.004592145
0.004258873
0.004084776
0.003938188
0.003680425
0.003310306
0.002834527
0.002350167
0.001759559
0.001088789
0.0005519128
0.0002790364
0.0002427277
0.0004695408
0.0009840733
0.001742415
0.002608302
0.003629563
0.004813468
0.005968777
0.007092385
0.007993563
0.008670349
0.009192665
0.009503518
0.009673541
0.009751428
0.009689093
0.009688813
0.00959021
0.009309321
0.009203338
0.009303581
0.009472804
0.009750281
0.01010288
0.01046581
0.01070748
0.01046548
0.009811764
0.009086407
0.008282093
0.00739457
0.006303207
0.005152065
0.004179085
0.003483978
0.002844349
0.002094511
0.00107632
4.157419e-05
-0.0007273564
-0.001459109
-0.002205204
-0.00288594
-0.003416683
-0.00374632
-0.00390106
-0.003882982
-0.003683254
-0.003305792
-0.002899832
-0.002328504
-0.001682362
-0.001151702
-0.0006265976
-1.203416e-05
0.0006813053
0.001298075
0.001715087
0.002146453
0.002645715
0.002979901
0.003145208
0.003108346
0.002705293
0.002181628
0.001720673
0.001213572
0.0006118008
0.0001726921
-0.0001466053
-0.0003471155
-0.0005471392
-0.0007345408
-0.0008827944
-0.001036787
-0.001160449
-0.001367727
-0.001780047
-0.002210884
-0.002349723
-0.002204171
-0.002005127
-0.001511239
-0.0006313358
0.0002005384
0.0007660633
0.001251027
0.00158907
0.001611114
0.001306972
0.0008839393
0.0004101051
2.512692e-05
-0.0001735657
-0.0002960202
-0.0002482436
-6.740558e-05
1.130131e-05
-1.973308e-05
9.019949e-05
0.0001649437
5.900243e-06
-0.0003335827
-0.0007198166
-0.001003978
-0.001226563
-0.001405221
-0.001547241
-0.001655735
-0.001594719
-0.001283724
-0.0008739355
-0.0006312785
-0.0005882048
-0.0006580034
-0.0008885951
-0.00120694
-0.00156512
-0.001794836
-0.001908665
-0.001939535
-0.001928887
-0.002004096
-0.002109238
-0.002159
-0.002152722
-0.002209176
-0.002121176
-0.001945396
-0.001833007
-0.002004338
-0.00246104
-0.002849028
-0.003113481
-0.003244426
-0.003241753
-0.0031385
-0.002918835
-0.0025774
-0.002343024
-0.002381249
-0.002570904
-0.002817842
-0.00318329
-0.003750583
-0.004433438
-0.005105205
-0.005897411
-0.006896764
-0.008015228
-0.008879814
-0.009487543
-0.0099204
-0.01017658
-0.0103813
-0.01042117
-0.01027944
-0.01022592
-0.01022821
-0.009967465
-0.009487669
-0.008964166
-0.008436504
-0.008011934
-0.007754173
-0.007584524
-0.00739063
-0.007090383
-0.00672005
-0.006373928
-0.006028404
-0.005530846
-0.004853574
-0.004021749
-0.003168734
-0.002165959
-0.00112034
-0.0003239307
0.0004579352
0.001295112
0.0020234
0.002524323
0.002979165
0.003345124
0.003380073
0.003095658
0.002680936
0.002045517
0.001205718
6.489756e-05
-0.001220283
-0.00224807
-0.003183638
-0.004095931
-0.004817229
-0.005326985
-0.005830427
-0.006324257
-0.006559771
-0.006531407
-0.006309368
-0.005918057
-0.00532003
-0.004595646
-0.003851676
-0.00306128
-0.002202118
-0.001355038
-0.0006364089
1.181426e-05
0.0007291976
0.001355934
0.00172845
0.002018243
0.002135154
0.001888367
0.001393698
0.0006989424
0.0001640557
-1.805687e-05
0.0001326366
0.0005108374
0.0009258267
0.001336707
0.00155726
0.00141392
0.001005477
0.0005121393
7.029573e-05
-0.000394641
-0.0008930536
-0.001539745
-0.002231397
-0.002854342
-0.00354903
-0.004180746
-0.004639122
-0.005042514
-0.005214577
-0.005059962
-0.004657032
-0.004232478
-0.003826053
-0.003292962
-0.002565804
-0.001660848
-0.0009460997
-0.0004123051
9.97844e-05
0.0006905334
0.001129271
0.001456808
0.001823477
0.001971617
0.001933508
0.00182725
0.001702791
0.001499008
0.001163681
0.0007978415
0.000367463
-0.0001211332
-0.0004501251
-0.0006800507
-0.000714224
-0.0006913589
-0.0005716596
-0.0002579695
0.000112823
0.000611681
0.001130389
0.001660481
0.002162922
0.002703819
0.003254435
0.003810985
0.004285243
0.00466279
0.004958855
0.005235712
0.005345878
0.005188774
0.00493394
0.004700498
0.004420476
0.004035471
0.003718804
0.003523428
0.003321623
0.003109739
0.002844921
0.002229342
0.001503438
0.0009180517
0.0004617011
-5.806535e-05
-0.0007372588
-0.001578006
-0.002375261
-0.002882341
-0.003343037
-0.003670444
-0.00367346
-0.003362709
-0.00288974
-0.002377552
-0.001797303
-0.001135418
-0.0004733423
-1.724245e-06
0.0004388312
0.001007541
0.001578864
0.002138569
0.002776998
0.003548188
0.004459278
0.005252761
0.005763281
0.006293595
0.006826271
0.007146578
0.007304305
0.00718888
0.006963332
0.00668284
0.006438835
0.006201437
0.006132282
0.006431481
0.006896168
0.007369127
0.007818201
0.008210967
0.008428879
0.008403825
0.008059551
0.007408463
0.006613724
0.005905883
0.005165008
0.004252237
0.003393179
0.002754649
0.002077202
0.001286739
0.0004013988
-0.0006206367
-0.001640535
-0.002525977
-0.00330904
-0.003960301
-0.004406665
-0.004685083
-0.00464932
-0.004136553
-0.00353048
-0.003119917
-0.002759259
-0.002269797
-0.002076522
-0.001967476
-0.001761956
-0.001406752
-0.0008505099
-0.0005026276
-0.0003974341
-0.000348382
-0.0004247846
-0.0005581647
-0.0006241938
-0.0005511857
-0.0003235693
-4.533616e-06
0.0003512128
0.0006184586
0.0005790659
5.73295e-05
-0.0007418097
-0.001517405
-0.002226035
-0.003019594
-0.003733089
-0.004166578
-0.004535793
-0.004866392
-0.005233867
-0.005578049
-0.005807547
-0.005736948
-0.005207618
-0.004280663
-0.003101852
-0.001880896
-0.0007268459
0.0005893007
0.001924882
0.002840218
0.003592975
0.004385936
0.005037904
0.005371238
0.005500426
0.005506492
0.005351214
0.005067181
0.004540632
0.003884591
0.003110189
0.00217129
0.001108695
5.251439e-05
-0.001018126
-0.002031939
-0.002758618
-0.003237732
-0.003523166
-0.003945026
-0.004360256
-0.004317327
-0.004124505
-0.004219123
-0.0041577
-0.003715747
-0.002998645
-0.002089473
-0.001244126
-0.0003969484
0.0003743637
0.000935012
0.001302406
0.001692856
0.002061551
0.002240995
0.002261328
0.002252376
0.002180445
0.001981964
0.001869721
0.002040246
0.002171263
0.002093803
0.001994647
0.001936157
0.001956404
0.002117278
0.002375634
0.002679204
0.002968897
0.003235751
0.003536066
0.003764294
0.003771381
0.00366342
0.003649115
0.003718755
0.003698244
0.003488808
0.003211353
0.002979052
0.002887741
0.00283077
0.002541458
0.002168017
0.001934315
0.001538295
0.0008231104
0.0001133126
-0.0005124197
-0.001126212
-0.001481008
-0.001343669
-0.0009561934
-0.0004506822
5.895536e-05
0.000473562
0.0006805107
0.0005606615
0.0001570113
-0.0002202867
-0.0005444197
-0.0008602891
-0.001213717
-0.001448581
-0.001381348
-0.001352239
-0.001377798
-0.001538981
-0.001814624
-0.002118798
-0.002487449
-0.002815687
-0.003141054
-0.003483496
-0.00364292
-0.003588958
-0.003534679
-0.003404955
-0.003165217
-0.002900906
-0.002533032
-0.00218405
-0.002006833
-0.001970183
-0.001813252
-0.00158196
-0.001311138
-0.0009441223
-0.0004838531
-0.0001096376
0.0002452751
0.0005313644
0.0005173549
0.0002686526
3.891854e-05
-0.0003074548
-0.001006127
-0.001962913
-0.002708142
-0.00311238
-0.003595706
-0.004165629
-0.004555351
-0.004741901
-0.005017611
-0.005345657
-0.005538027
-0.005668452
-0.005737833
-0.005836432
-0.006021396
-0.00613386
-0.006155994
-0.006127347
-0.006111566
-0.00604975
-0.005903294
-0.00585959
-0.006024561
-0.005971957
-0.005522662
-0.0049733
-0.004414925
-0.003779577
-0.003274811
-0.002949907
-0.002835006
-0.002832918
-0.002852374
-0.003066121
-0.003284593
-0.003172868
-0.00285464
-0.002604768
-0.002340751
-0.002009893
-0.001672324
-0.001417437
-0.001140144
-0.0007721844
-0.0004823345
-0.0002581182
-1.282839e-05
0.0003175538
0.0006882015
0.0009864982
0.001355725
0.001761779
0.002071308
0.002396676
0.002551559
0.002561737
0.002691523
0.002959475
0.003167494
0.003291921
0.003370024
0.003231015
0.002791872
0.002400243
0.002151198
0.00197845
0.001779376
0.001633784
0.001572391
0.001535319
0.001426195
0.00117418
0.000958841
0.0008443351
0.0007972836
0.0007492862
0.0007180149
0.0008423549
0.001020739
0.001252344
0.001264645
0.0009697868
0.0006696034
0.0006222676
0.0007217514
0.0008484594
0.001246105
0.001754493
0.002139998
0.002373953
0.002458129
0.002552844
0.002810325
0.002949018
0.00288782
0.002776796
0.002779188
0.002685943
0.002326733
0.001962102
0.00193738
0.001992794
0.001998545
0.00203106
0.002261065
0.00228884
0.002053391
0.001864937
0.001571771
0.00102211
0.000430133
0.0001287074
7.409546e-05
1.884768e-05
-6.211645e-06
-3.550837e-05
-0.0001040574
-7.888218e-05
-1.931115e-05
1.465837e-05
7.951385e-05
0.0002632891
0.0007792539
0.001563807
0.002450134
0.003388565
0.004288137
0.005045827
0.005464107
0.005638762
0.005891914
0.006226841
0.006509561
0.006656929
0.006744791
0.006860851
0.006988609
0.006865992
0.006514657
0.006112215
0.005497043
0.004754467
0.004134066
0.003788934
0.003707443
0.003696755
0.003748048
0.003981884
0.004313437
0.004620269
0.004761277
0.004894765
0.004878919
0.004698531
0.004509335
0.00436453
0.004302092
0.004351038
0.004385472
0.004544292
0.004891907
0.005152837
0.005260901
0.005284261
0.005401507
0.005473139
0.005449324
0.005460726
0.00549877
0.005545413
0.005472603
0.005185443
0.004759101
0.004196091
0.003405351
0.002430895
0.001479194
0.0006255164
-0.0002132033
-0.0009717666
-0.001594066
-0.00197189
-0.00221026
-0.002228261
-0.00221058
-0.002263296
-0.002210952
-0.00193681
-0.001618871
-0.001615674
-0.00179497
-0.001793947
-0.001742175
-0.001752444
-0.001604937
-0.001223734
-0.0006932594
-0.0001202274
0.000481481
0.001013828
0.001358336
0.001490212
0.001407174
0.001280366
0.001152044
0.0008682425
0.0004768742
0.0002041764
-0.0001477799
-0.0006399346
-0.001131184
-0.001727791
-0.00235973
-0.002845826
-0.003217813
-0.003509608
-0.003779542
-0.003926737
-0.003834755
-0.003509375
-0.003103639
-0.002653447
-0.002128116
-0.001467321
-0.000835591
-0.0004005113
-8.290595e-05
4.608241e-05
-9.103717e-06
-5.498453e-05
-1.888222e-05
-6.645286e-05
-0.0002817801
-0.000490391
-0.0005718802
-0.0008131598
-0.001130706
-0.00141518
-0.001500484
-0.001348186
-0.001111316
-0.0007153457
-0.000310021
7.590325e-05
0.0004408664
0.0006980159
0.0009501843
0.001146426
0.001293928
0.00142546
0.001495282
0.00152444
0.001461408
0.001340615
0.0009817717
0.0005601296
0.0002805722
4.039038e-05
-0.0001611881
-0.0002825796
-0.0004702487
-0.0007737437
-0.001138179
-0.001364582
-0.001471477
-0.001540188
-0.001530258
-0.001343492
-0.0009986786
-0.0006179258
-0.000177412
0.0003388988
0.0008586065
0.001382376
0.001910895
0.002381659
0.002748034
0.003139072
0.003497118
0.003906633
0.004074126
0.004050172
0.004140747
0.004226749
0.00418335
0.004178736
0.004214428
0.004252869
0.004277896
0.004306812
0.004341547
0.004376761
0.004277334
0.003920495
0.003403799
0.002998204
0.002633598
0.00232781
0.002072481
0.001885438
0.001930809
0.001838855
0.001432829
0.001109033
0.0008619834
0.0003796443
-0.0001955589
-0.0006082108
-0.0008113244
-0.0009410534
-0.001007191
-0.0009465114
-0.000957522
-0.0009568354
-0.0007884734
-0.0007153827
-0.0006012607
-0.0005535687
-0.0005554884
-0.0004740238
-0.0004131947
-0.0005446606
-0.000657875
-0.0006475485
-0.0007166112
-0.0009056561
-0.001046263
-0.000910021
-0.0007203597
-0.0005743866
-0.0004081478
-0.0001621047
7.279828e-05
0.0002994772
0.0004509216
0.0005171339
0.0006416603
0.0007230788
0.0007299528
0.0007232421
0.0006692692
0.0004557117
8.500239e-05
-0.0002821895
-0.0006476117
-0.001025917
-0.001438454
-0.001731452
-0.001958064
-0.002221031
-0.00248827
-0.002697092
-0.003021252
-0.003528425
-0.00398294
-0.00426303
-0.004451302
-0.004579174
-0.004472034
-0.004224922
-0.003818463
-0.003439333
-0.003096633
-0.002633434
-0.002227273
-0.002067621
-0.002034045
-0.001999928
-0.002042326
-0.002395692
-0.002985639
-0.003528793
-0.004033026
-0.004588643
-0.004977008
-0.005271212
-0.005468494
-0.00541908
-0.005156445
-0.004732894
-0.004404144
-0.004213601
-0.004024256
-0.00387671
-0.003901575
-0.00398408
-0.003959723
-0.003806093
-0.00367724
-0.003585211
-0.003455976
-0.003337372
-0.003205122
-0.003114902
-0.003038758
-0.003039026
-0.003215412
-0.003365006
-0.003442385
-0.003536276
-0.003608569
-0.003627076
-0.003525702
-0.003250362
-0.003004472
-0.002951451
-0.002955495
-0.002866055
-0.002790351
-0.002628582
-0.002402219
-0.002265406
-0.002198665
-0.002148878
-0.002197074
-0.002472242
-0.002980192
-0.003541319
-0.004181928
-0.005005276
-0.005854046
-0.00660921
-0.007352473
-0.008022763
-0.008470692
-0.00877442
-0.008879402
-0.008760861
-0.00853039
-0.008421947
-0.00829389
-0.007954987
-0.007512859
-0.007094214
-0.006720458
-0.006336594
-0.006024856
-0.005905523
-0.005812502
-0.0056725
-0.005597259
-0.005641086
-0.005654877
-0.005676439
-0.005671895
-0.005645567
-0.005665436
-0.005645841
-0.005523321
-0.005311813
-0.005148005
-0.004913153
-0.004660622
-0.004361756
-0.003963557
-0.003631478
-0.003326036
-0.003058161
-0.002748118
-0.002318462
-0.001879351
-0.001483706
-0.001009091
-0.0006362495
-0.0004013107
-0.000144004
2.857011e-05
0.0001017845
0.0001886486
0.0001949003
0.0002489568
0.0003854692
0.0005136916
0.0007043238
0.0009016632
0.001122688
0.001357368
0.001464077
0.00161003
0.001840679
0.001923768
0.001886042
0.001903285
0.00219
0.002437022
0.002654838
0.002992382
0.003336385
0.003673305
0.003864319
0.003944666
0.003904679
0.003719709
0.0033852
0.003013874
0.002843776
0.002789163
0.002730952
0.00256572
0.002314573
0.00237307
0.002297247
0.001893154
0.00161954
0.001647723
0.001660603
0.001642586
0.001699928
0.001812904
0.001961561
0.002164396
0.002401578
0.002660147
0.002793454
0.002867451
0.003114201
0.003529313
0.003861376
0.004085445
0.004385801
0.004612251
0.004783965
0.00489102
0.005000973
0.005093684
0.005147683
0.005283207
0.005434386
0.005539475
0.005601217
0.005743642
0.006031465
0.006267356
0.006281261
0.006168644
0.006016366
0.005755755
0.005318889
0.004741828
0.004279676
0.003948188
0.003719123
0.00350931
0.003530057
0.003754253
0.003983095
0.00418657
0.004325398
0.00446807
0.004608483
0.004627328
0.00464967
0.004814402
0.004904022
0.00473178
0.004419315
0.004028744
0.003720905
0.003585677
0.003531604
0.003481731
0.003386933
0.003250902
0.003155361
0.002982913
0.002608853
0.002087024
0.001556553
0.001097888
0.0008593234
0.0008349183
0.0008268158
0.0008338648
0.0009263974
0.0009095852
0.0008823652
0.0009844181
0.0011186
0.001385423
0.001765365
0.00213888
0.002391725
0.002606097
0.003026286
0.003397329
0.003473803
0.003417428
0.003425013
0.003371703
0.003071547
0.002731762
0.002491544
0.002327643
0.002151342
0.001981021
0.002060828
0.002300095
0.002492234
0.002694751
0.003027718
0.003419264
0.003773145
0.004010549
0.004162942
0.004307913
0.004391305
0.004446391
0.004520417
0.004546601
0.004406709
0.004136158
0.003703635
0.003134494
0.002508337
0.001877242
0.001406858
0.00102054
0.0007203117
0.0005385619
0.0007039854
0.001023584
0.001263632
0.001553743
0.002029414
0.002523832
0.002954331
0.003304413
0.003667818
0.003931246
0.003902766
0.003796913
0.003818477
0.003855274
0.003791326
0.003728629
0.00388729
0.004064698
0.004255615
0.004356833
0.004322959
0.004212384
0.003845258
0.003440284
0.003198946
0.002927642
0.002559246
0.00218312
0.001898888
0.001739031
0.001658024
0.001701735
0.001803101
0.001909359
0.002112756
0.002366999
0.002649396
0.002874119
0.002890371
0.002862778
0.002796335
0.002521564
0.002132471
0.001829926
0.001419649
0.0009525183
0.0006289621
0.0005170178
0.0004329289
0.0002785134
8.874508e-05
-0.0001073786
-0.0004174429
-0.0007344933
-0.0009894096
-0.001250993
-0.001425994
-0.001393921
-0.001327883
-0.001245269
-0.001136099
-0.001082088
-0.001223054
-0.00137638
-0.001446908
-0.001665646
-0.001913158
-0.002002931
-0.002133473
-0.002317113
-0.002461277
-0.002570928
-0.002610228
-0.002613242
-0.00259622
-0.002341429
-0.001894408
-0.001486187
-0.001261939
-0.001219113
-0.001282754
-0.001334666
-0.001653027
-0.002203853
-0.002658844
-0.002992357
-0.003449832
-0.003924118
-0.004350799
-0.004736844
-0.005126529
-0.005571618
-0.005839974
-0.005962646
-0.006016656
-0.006040309
-0.005848245
-0.005409779
-0.004924792
-0.004434479
-0.003931371
-0.00340423
-0.003036472
-0.002778244
-0.002472299
-0.002055114
-0.001711535
-0.001399757
-0.000989572
-0.0005640771
-0.0002432253
-7.026978e-05
-7.960237e-05
-0.0002344765
-0.0004466533
-0.0007373826
-0.001054337
-0.001264965
-0.001316489
-0.001343738
-0.001331653
-0.001319233
-0.001448326
-0.001679455
-0.001982866
-0.00238021
-0.002953693
-0.003509854
-0.004026408
-0.004531454
-0.005007478
-0.005385635
-0.005606877
-0.005708342
-0.005780375
-0.005773649
-0.005656608
-0.005383497
-0.005105169
-0.004851934
-0.004467919
-0.004176667
-0.004171021
-0.004162818
-0.003901922
-0.003673919
-0.00349728
-0.003300834
-0.003272623
-0.00330208
-0.003377678
-0.003604176
-0.003909226
-0.004171246
-0.004317423
-0.004366269
-0.004452142
-0.004526248
-0.004515541
-0.004482097
-0.004499324
-0.004503538
-0.004404559
-0.004157091
-0.004048701
-0.004133425
-0.004388361
-0.004574135
-0.004594709
-0.004598806
-0.004577452
-0.004361571
-0.004119982
-0.004137129
-0.004157954
-0.004167156
-0.004195977
-0.004401067
-0.00462233
-0.004657645
-0.004719676
-0.004991657
-0.00540278
-0.00578404
-0.005945487
-0.005958281
-0.006038526
-0.006260141
-0.006241857
-0.005847569
-0.005360507
-0.005044058
-0.004702382
-0.004243055
-0.003771101
-0.003309276
-0.00294841
-0.002681202
-0.002383768
-0.002107185
-0.001984559
-0.002053746
-0.002392178
-0.002771586
-0.003041121
-0.003417084
-0.00378605
-0.003904594
-0.00380277
-0.003687783
-0.003508153
-0.003094632
-0.00260333
-0.002177739
-0.001866655
-0.001497614
-0.001030597
-0.0004921454
-2.878161e-05
0.0003088207
0.0007323013
0.001282217
0.001710406
0.001952777
0.00227084
0.002501734
0.002562337
0.002539575
0.002526225
0.002521065
0.002333598
0.001993831
0.00159277
0.001196431
0.0008073871
0.0004495851
0.0001516395
2.230109e-05
5.152509e-06
0.0001182474
0.0002933335
0.0003573283
0.0002877859
0.000260338
0.0004028793
0.0005463737
0.0005888089
0.0006338229
0.0008156341
0.001039303
0.001296432
0.001476434
0.001436101
0.001358956
0.001377875
0.001542321
0.001656066
0.001698625
0.001714585
0.001665889
0.001556748
0.001511934
0.00136633
0.001055119
0.0008564534
0.0007616014
0.0005540852
0.0002862736
0.0001383347
0.0001602094
0.000159643
0.0001426622
0.0002945782
0.0005113346
0.0006978141
0.000966172
0.001174966
0.00121054
0.001175489
0.0009492071
0.0007250035
0.0006894238
0.0004611429
1.203755e-05
-0.0002220637
-0.000237817
-0.0004165956
-0.0006841145
-0.0007771542
-0.0007060237
-0.0007356886
-0.0008603169
-0.0009015774
-0.0008995228
-0.001016851
-0.00112295
-0.001093828
-0.000927721
-0.0007933044
-0.0008366828
-0.000929537
-0.0008375249
-0.0007884027
-0.000932041
-0.001165541
-0.001272731
-0.001240548
-0.00130356
-0.001454492
-0.001461846
-0.001378134
-0.001396873
-0.001411412
-0.001285562
-0.001058494
-0.000838066
-0.0006543528
-0.0004636784
-7.383213e-05
0.0004061823
0.0007928725
0.001154156
0.001577914
0.002017907
0.002338902
0.002532832
0.002786716
0.002974122
0.002935269
0.002725195
0.002447361
0.002191767
0.001862808
0.001418876
0.001017061
0.0006873388
0.0003697155
0.000104129
0.0001646811
0.0003911318
0.0005779078
0.000820905
0.001110412
0.001444972
0.001760784
0.002081083
0.002422762
0.002684454
0.002839526
0.002972873
0.003109977
0.003068231
0.003056079
0.00320803
0.003359853
0.003411241
0.003329449
0.003204725
0.003137474
0.002973467
0.002783761
0.00269557
0.00256687
0.00251019
0.002613845
0.002710403
0.002772067
0.002984591
0.00319412
0.003201353
0.003146118
0.003109672
0.003178538
0.003325424
0.003442847
0.003547882
0.00364617
0.00381145
0.003817151
0.003693883
0.003699079
0.003718218
0.003625503
0.003589102
0.003800333
0.003958282
0.003969932
0.004023373
0.00415028
0.004167233
0.004008858
0.003864791
0.003669405
0.003408789
0.003093133
0.002767664
0.002463111
0.002089262
0.001743524
0.001489573
0.001244552
0.000788571
0.0002487695
-0.000124944
-0.0003928056
-0.0007233294
-0.001059994
-0.001273335
-0.001294021
-0.00129094
-0.001418558
-0.001587602
-0.001575293
-0.001393402
-0.001184901
-0.0008888511
-0.0006014138
-0.0003956203
-0.0002703701
-0.000194908
-0.0001797518
-5.523069e-05
4.270839e-06
7.13106e-07
4.652809e-05
0.0001165897
0.0001746678
0.0001791197
0.0001132886
-1.654575e-05
-0.0001098551
-8.901912e-05
-4.421613e-05
-4.437916e-05
-8.712638e-05
-3.627086e-05
5.864567e-06
-1.442411e-05
-6.461329e-05
-6.879964e-05
-5.054953e-06
5.356e-05
3.999163e-05
1.57563e-05
0.0001045223
0.0002256205
0.0003740582
0.0006605141
0.001035884
0.001367166
0.001688238
0.002145502
0.002593108
0.002947863
0.00313146
0.003229274
0.003196251
0.003023132
0.002894074
0.002760425
0.002595721
0.002444187
0.002504207
0.002787112
0.003055491
0.003145255
0.003079283
0.003009183
0.002944333
0.002980884
0.003097599
0.003227985
0.003427011
0.003689846
0.003927828
0.004170016
0.004424464
0.004725437
0.00489951
0.004899298
0.004844238
0.004970224
0.005016186
0.004744145
0.004617761
0.004615148
0.004662463
0.004645838
0.004626652
0.004706461
0.004845466
0.004971538
0.005095918
0.005075104
0.004847268
0.004492746
0.004102375
0.003498561
0.002664724
0.001696065
0.0008053153
0.0001241356
-0.0005598898
-0.001263346
-0.001651444
-0.00193867
-0.002271307
-0.002636484
-0.002923136
-0.003064655
-0.003184105
-0.003317958
-0.003256022
-0.002875823
-0.002393622
-0.001881005
-0.001494208
-0.001220958
-0.0009706695
-0.0006234168
-0.0003982778
-0.0002077785
7.915195e-05
0.0004422335
0.0007650435
0.001067813
0.001276502
0.00145654
0.001729083
0.001970108
0.001946586
0.001866678
0.00189953
0.001790817
0.001495928
0.001118627
0.0008245928
0.0006185193
0.0005271889
0.0005560017
0.0006652676
0.000649262
0.0003721988
-1.877448e-05
-0.0003500299
-0.0005841597
-0.0008490691
-0.001097432
-0.001305916
-0.001518276
-0.001666441
-0.001709365
-0.001649556
-0.001602316
-0.001669933
-0.001669829
-0.001415509
-0.001028445
-0.0005677221
-0.0002789476
1.641239e-05
0.0003661376
0.0006384473
0.001037321
0.001497308
0.001763969
0.001899897
0.002060103
0.002198439
0.00221557
0.002197033
0.002298961
0.002369965
0.002515537
0.00271162
0.002896965
0.002883419
0.002592355
0.002088365
0.001579026
0.001078115
0.0005018822
-0.0001023508
-0.0006331149
-0.0009510784
-0.00123644
-0.001496951
-0.001633258
-0.001744589
-0.00180417
-0.001817159
-0.00172567
-0.001596021
-0.001518709
-0.001558306
-0.001748886
-0.001978871
-0.002261161
-0.002558687
-0.002839634
-0.003095923
-0.003242151
-0.003387707
-0.003590471
-0.003653354
-0.003591052
-0.003559221
-0.003514202
-0.003555092
-0.003572207
-0.003400067
-0.003164388
-0.002864409
-0.002551729
-0.002258235
-0.001908687
-0.001673845
-0.001408731
-0.001135556
-0.0009631136
-0.0007918294
-0.0007473274
-0.001071341
-0.001620939
-0.002009311
-0.002370208
-0.002982352
-0.003583821
-0.003986577
-0.004424461
-0.004931552
-0.00518096
-0.00515415
-0.005194651
-0.005431829
-0.005738917
-0.006011521
-0.006196998
-0.006259491
-0.006359189
-0.006439515
-0.006399758
-0.006329932
-0.006106944
-0.005754864
-0.005443582
-0.005178757
-0.00489532
-0.004664695
-0.004489987
-0.004299088
-0.004229531
-0.00425263
-0.004232645
-0.00428059
-0.004464636
-0.004695362
-0.00488925
-0.005106725
-0.005319727
-0.005418207
-0.005633223
-0.005880865
-0.005968051
-0.006082146
-0.006274623
-0.006419738
-0.006329115
-0.006237567
-0.006204717
-0.006078815
-0.00584183
-0.00545598
-0.004997844
-0.004487166
-0.003879077
-0.003140676
-0.002510593
-0.002070351
-0.001682989
-0.001232358
-0.0007917883
-0.0007354392
-0.0008929731
-0.0009374738
-0.0009840032
-0.001186951
-0.001422561
-0.001519083
-0.001632419
-0.001718113
-0.001726022
-0.001688624
-0.001689894
-0.001826826
-0.00188044
-0.001782065
-0.001810385
-0.001987026
-0.001954604
-0.001742368
-0.001643066
-0.001642694
-0.001631194
-0.001532488
-0.00134533
-0.001389773
-0.001582812
-0.001737001
-0.001817059
-0.001795861
-0.00175805
-0.001733355
-0.001701998
-0.001496535
-0.0009999496
-0.0003361841
1.654789e-05
6.123466e-05
0.0002017168
0.0002866133
0.0002146259
0.0001222532
0.000108032
0.0003362239
0.0005357927
0.0005434415
0.0005488641
0.0006911713
0.0007233218
0.000411989
9.381227e-05
-0.0001099118
-0.0003417774
-0.0007192798
-0.001045286
-0.001173676
-0.001157256
-0.001106233
-0.001131368
-0.001121451
-0.0008904166
-0.0006184118
-0.0003622576
-9.308962e-06
0.0004234846
0.000830622
0.001181048
0.001553087
0.001900838
0.002252965
0.002541483
0.002700652
0.002771378
0.002786175
0.002793575
0.002757
0.002803903
0.002755458
0.002686662
0.002694884
0.00256109
0.002193517
0.001907798
0.001715106
0.001585698
0.001499184
0.001473908
0.001652501
0.001911604
0.002045451
0.002098213
0.002090462
0.002120438
0.002192556
0.002301443
0.00251933
0.002846598
0.003103831
0.003280714
0.003575336
0.003972928
0.004161864
0.004209252
0.004267916
0.004258071
0.004079187
0.003838755
0.003747607
0.003722864
0.003524969
0.003301912
0.003210603
0.003388548
0.003604077
0.003628346
0.00351892
0.003436387
0.003238144
0.002926801
0.002610053
0.002334182
0.002088157
0.001869545
0.001856719
0.001963559
0.002100453
0.002241905
0.002390162
0.002362713
0.002393265
0.002631372
0.002763821
0.002938595
0.003070077
0.003083114
0.003004569
0.002967226
0.003011481
0.003060326
0.003035613
0.003069148
0.003118065
0.003233054
0.00341659
0.003501556
0.00345474
0.003446501
0.003404067
0.003327202
0.003244274
0.003063664
0.002996666
0.003101336
0.003137312
0.003086939
0.00320475
0.003423425
0.003578969
0.003604711
0.003601259
0.003583082
0.003466629
0.003316636
0.003197328
0.002996565
0.002757831
0.00245675
0.002043079
0.001684555
0.001352597
0.0009370031
0.0004644531
0.0001304943
-7.127172e-05
-0.0001951714
-0.0003856215
-0.000443674
-0.0003869014
-0.000369084
-0.0004001563
-0.0006151581
-0.001122807
-0.001545334
-0.001708273
-0.001725727
-0.001718041
-0.001581478
-0.001170875
-0.0006126061
-0.0001459425
0.0001351087
0.0003565317
0.0005255843
0.0006371986
0.0007447654
0.000819476
0.0009669146
0.00108065
0.001069426
0.001163571
0.001457855
0.00150679
0.001419066
0.001475323
0.001490502
0.001571258
0.001563642
0.001500365
0.001339627
0.001089006
0.0008517474
0.0006834209
0.0004865949
0.0002530245
0.0002288049
0.0002946441
0.0004380211
0.0005640112
0.0007883337
0.00114685
0.001522568
0.001874204
0.002276018
0.002776423
0.003253217
0.003670078
0.004098683
0.004612247
0.004933805
0.00514943
0.005316326
0.005490403
0.005604876
0.005469697
0.005101788
0.004639585
0.004123613
0.003769232
0.003520053
0.003231307
0.00295354
0.002626455
0.002116049
0.001612962
0.001165965
0.0007943927
0.0004509366
0.0001535354
9.334149e-05
0.0001804597
0.0003069835
0.0004038229
0.0004397863
0.0004743227
0.0004763429
0.0004812559
0.0006264266
0.0008811122
0.001034928
0.001118236
0.001186397
0.001150874
0.001186381
0.001422788
0.001661636
0.001820892
0.001876426
0.001895808
0.002014935
0.002164537
0.002224374
0.002224236
0.002142223
0.002068183
0.00201941
0.001847682
0.001516489
0.0012128
0.0009527141
0.000851537
0.0006931888
0.0002976228
5.045967e-05
0.0001135688
3.090357e-05
-0.0003362963
-0.0008473129
-0.001218134
-0.001419873
-0.001669629
-0.001931648
-0.001976926
-0.001826449
-0.001605707
-0.001403512
-0.001161723
-0.0008748796
-0.0006403777
-0.0005669361
-0.0006585285
-0.0005969357
-0.0005646929
-0.0006446631
-0.0007086001
-0.0007795899
-0.0008136383
-0.0008378238
-0.0009038854
-0.0009912402
-0.0009022398
-0.0007210814
-0.0004809676
-0.000290386
-0.0002094445
-3.103329e-05
0.0001974553
0.0003354257
0.0003117303
0.0002984784
0.0003779204
0.0003734753
0.0001631315
-2.167163e-05
-0.0002082512
-0.0004537725
-0.0007288068
-0.001114275
-0.001513924
-0.001995416
-0.002501045
-0.003043992
-0.00354894
-0.003751491
-0.003875383
-0.004063928
-0.004161758
-0.004227687
-0.004349411
-0.004367475
-0.004181066
-0.004028912
-0.003990524
-0.003874761
-0.003565374
-0.003326849
-0.003206427
-0.002933087
-0.002618178
-0.002429562
-0.002302144
-0.002287204
-0.002148311
-0.002066974
-0.001997731
-0.001860188
-0.001837618
-0.001938351
-0.002106415
-0.002376176
-0.002674643
-0.003031788
-0.003523404
-0.003967692
-0.004356292
-0.00482403
-0.005306365
-0.005699882
-0.006018221
-0.006333935
-0.006749936
-0.007093733
-0.007340844
-0.007549989
-0.007736888
-0.007899425
-0.007892591
-0.007841996
-0.007793301
-0.007554379
-0.007224487
-0.006872698
-0.006222807
-0.005558638
-0.00504663
-0.00461875
-0.004253414
-0.003837031
-0.003542672
-0.00348749
-0.00338438
-0.003311758
-0.003409121
-0.00362155
-0.003891824
-0.004177854
-0.004517884
-0.004812296
-0.005024505
-0.005268161
-0.005471153
-0.005503468
-0.005529786
-0.005601261
-0.005467222
-0.005250041
-0.005295534
-0.005361879
-0.005197711
-0.004976521
-0.004855966
-0.004724467
-0.004586446
-0.004428086
-0.00428508
-0.004208993
-0.003993618
-0.00389158
-0.003984089
-0.003922469
-0.003758911
-0.003630247
-0.003445821
-0.003245898
-0.002972055
-0.00259671
-0.002303964
-0.002159555
-0.002136858
-0.002078796
-0.001943011
-0.001938356
-0.002173592
-0.002329999
-0.002259533
-0.002098952
-0.001951375
-0.00170463
-0.001346088
-0.001085532
-0.0009312402
-0.0006258748
-0.0003467066
-0.0002171156
4.80669e-05
0.0004876621
0.0008851662
0.001119774
0.001325635
0.001513038
0.001659723
0.001740762
0.001670234
0.001483667
0.001245943
0.001149735
0.001123154
0.001082026
0.00110624
0.001112012
0.0012295
0.00143561
0.001520294
0.00154114
0.001622794
0.001700516
0.001793037
0.001898973
0.001931441
0.001989186
0.001935914
0.001725255
0.001507655
0.001323344
0.001259411
0.001342189
0.001420344
0.00167094
0.002027153
0.002136885
0.002088352
0.002074847
0.001957695
0.001703089
0.001606263
0.001594893
0.00156749
0.001534867
0.001572082
0.001647497
0.00169449
0.001710262
0.001758915
0.001840061
0.001854349
0.001738624
0.001617556
0.001471053
0.001333746
0.001258048
0.001327067
0.001509778
0.001581816
0.001721246
0.00197087
0.00238245
0.002812636
0.003183362
0.003640081
0.004026204
0.004393812
0.004684447
0.004954377
0.005141874
0.005324032
0.005439924
0.005389335
0.005457865
0.005610869
0.005521584
0.005318105
0.005066358
0.004765127
0.004580221
0.0043342
0.004112239
0.003997183
0.003781582
0.003468567
0.003255358
0.00319647
0.003119807
0.003052776
0.00304095
0.003029803
0.003077322
0.003263308
0.003429217
0.003518364
0.003601547
0.003853164
0.004242709
0.00453501
0.004666245
0.004710361
0.004890022
0.005159047
0.005302031
0.005446895
0.005782541
0.006163514
0.006375346
0.006448057
0.006551509
0.006544371
0.006382113
0.006173294
0.006112557
0.006120007
0.006008375
0.005896463
0.005813318
0.005701734
0.005506483
0.00537243
0.005280624
0.005084315
0.004793024
0.004413001
0.004003962
0.003532995
0.003077968
0.002682968
0.002306448
0.00211661
0.001921524
0.001606269
0.001400336
0.001322057
0.001220113
0.001098485
0.001023936
0.001039624
0.001201686
0.001542408
0.002044607
0.002573485
0.003105091
0.003587375
0.003968576
0.004269128
0.004441654
0.004453014
0.004387694
0.004342374
0.004296544
0.00423564
0.004306508
0.004484477
0.004630634
0.004693928
0.004918514
0.0051158
0.005040384
0.004870027
0.00482249
0.004734058
0.004588679
0.004447636
0.004392785
0.004246984
0.004050842
0.003873659
0.003806589
0.0037978
0.003845197
0.003811539
0.003572102
0.003246628
0.002904738
0.002663492
0.002358047
0.001965965
0.001710364
0.001564424
0.001332903
0.001055974
0.0008294157
0.000551223
0.0002275171
1.303997e-05
3.744273e-05
0.0001970728
0.0003377796
0.0003685388
0.0004366485
0.000583658
0.0006184431
0.0004792276
0.0002201271
3.281205e-05
2.831508e-05
-7.130094e-05
-0.0003458058
-0.0006569822
-0.0009242833
-0.001098827
-0.001384222
-0.001649183
-0.001787024
-0.001890461
-0.002024353
-0.002198662
-0.002337979
-0.002357618
-0.002293433
-0.002370676
-0.002572294
-0.002765694
-0.002836469
-0.002846139
-0.003070096
-0.003320544
-0.003260142
-0.003068299
-0.002928345
-0.002740259
-0.002462964
-0.002253365
-0.002208251
-0.002331456
-0.002489441
-0.002587793
-0.002731548
-0.002968858
-0.003211499
-0.003237435
-0.003196735
-0.00337129
-0.003636145
-0.003746176
-0.003799726
-0.003897603
-0.00402395
-0.004309461
-0.004808356
-0.005245514
-0.005509064
-0.005761461
-0.005998473
-0.00611505
-0.006164082
-0.006036076
-0.005904319
-0.005803697
-0.005746923
-0.005757265
-0.005710599
-0.005513435
-0.005351549
-0.005183781
-0.004825294
-0.004556369
-0.004410283
-0.004280481
-0.004065678
-0.003836073
-0.003765885
-0.003651641
-0.003452755
-0.003351182
-0.003300796
-0.003224474
-0.00322272
-0.003372237
-0.003519582
-0.00371484
-0.003921948
-0.004068129
-0.004200116
-0.004417988
-0.004611807
-0.004805523
-0.004984466
-0.005082941
-0.005047042
-0.005131533
-0.00534657
-0.005547066
-0.005691494
-0.005647886
-0.005576598
-0.005456788
-0.005157363
-0.004899015
-0.004739649
-0.00454251
-0.004327014
-0.004107481
-0.003896033
-0.003679638
-0.003484003
-0.003237795
-0.00286558
-0.002463805
-0.002192806
-0.002017092
-0.001853019
-0.001626468
-0.001313264
-0.001086539
-0.0009915182
-0.0009913984
-0.0009480434
-0.0008378982
-0.0009054521
-0.001145121
-0.001520239
-0.001969252
-0.00222159
-0.002396275
-0.002616739
-0.002762018
-0.002738067
-0.002578431
-0.002452576
-0.002381752
-0.002247407
-0.00210528
-0.002128618
-0.002216534
-0.00217475
-0.001975487
-0.00185932
-0.001796793
-0.001543534
-0.001243968
-0.001035532
-0.000774924
-0.0004608476
-0.00031659
-0.0002742949
-0.0002148338
-0.00032232
-0.000584966
-0.0008663021
-0.001323385
-0.00196806
-0.002537244
-0.003057595
-0.003479047
-0.003654641
-0.003634612
-0.003582757
-0.003487443
-0.003389031
-0.003257757
-0.003026041
-0.002923677
-0.00296347
-0.002885574
-0.002522417
-0.00225861
-0.002182656
-0.001881228
-0.001474074
-0.001076637
-0.000702887
-0.0004826698
-0.0003712578
-0.0003118125
-0.0003130278
-0.0003700284
-0.0004300395
-0.0004409335
-0.0003596637
-0.0001393625
0.0001788867
0.0005683966
0.000920052
0.001136286
0.001406578
0.001580807
0.001528473
0.001549601
0.001568902
0.001558437
0.001598577
0.001624259
0.001717916
0.001873743
0.002099476
0.002141433
0.001937389
0.00165087
0.001423648
0.001097502
0.0005195264
6.568039e-05
-0.0001520958
-0.0003675226
-0.0005996899
-0.0007616053
-0.0008387592
-0.0008075408
-0.0007965655
-0.000879921
-0.0009434496
-0.0008776048
-0.0008911544
-0.0009313837
-0.0007017763
-0.0003695173
-0.0001357446
6.936406e-05
0.0004152792
0.0008650102
0.001228249
0.001465985
0.001769431
0.001977503
0.002072173
0.002028766
0.001953126
0.002068976
0.002174907
0.002226316
0.0021914
0.002222818
0.002395789
0.002522135
0.002617302
0.002660776
0.002651507
0.002650433
0.002572778
0.002495724
0.00249146
0.002572649
0.002709851
0.002850635
0.002999001
0.003004866
0.002999912
0.003016457
0.002895521
0.002647834
0.002328839
0.002154688
0.002085373
0.001910226
0.001776046
0.001692446
0.001441615
0.0010586
0.0007903616
0.0005738429
0.0002704403
-1.768413e-05
-0.000318042
-0.0006548808
-0.001007754
-0.001393491
-0.001653859
-0.001721789
-0.001637389
-0.001439838
-0.001130553
-0.0006298607
-0.000137098
0.0001923582
0.0004144107
0.0005469976
0.0006055772
0.0005937411
0.0005761465
0.0006065546
0.0006827435
0.0009067982
0.001055259
0.001223873
0.001520565
0.001790662
0.002011069
0.002305585
0.002554342
0.002833659
0.003039775
0.003199821
0.003385339
0.003419947
0.003295846
0.003101552
0.002861396
0.002583169
0.002198529
0.001703944
0.001362566
0.001096375
0.0008593088
0.0006747965
0.0004365677
0.000183553
0.0001277092
7.671329e-05
-1.054526e-05
-7.113621e-05
-4.605377e-05
2.880924e-05
1.228962e-05
-1.168166e-05
5.586995e-05
0.0002440745
0.0004840106
0.0006450842
0.0007568027
0.0009549504
0.001104824
0.001067658
0.0009345682
0.0009708157
0.001092438
0.001010937
0.0007402822
0.0006364537
0.0007351636
0.0007551491
0.0007942032
0.0008945443
0.0009205017
0.0008452291
0.0007222232
0.0006726963
0.0007438213
0.0007506202
0.0005568321
0.0004609343
0.0005496227
0.0005710768
0.0006593536
0.0009352148
0.001236443
0.001348818
0.001491361
0.001790335
0.002009739
0.002158225
0.002294803
0.002246464
0.002025907
0.001815797
0.00165252
0.001501228
0.001353828
0.001286957
0.001183299
0.000929893
0.0007357782
0.0006562051
0.000530954
0.0003803512
0.0003681086
0.0003866928
0.0002779755
0.0001584709
4.239736e-05
3.744322e-05
0.0001937048
0.0002623744
0.0002407157
0.0001623471
6.541828e-05
6.756628e-05
9.770625e-05
-2.571816e-06
-0.0001222719
-0.0001134875
-8.185099e-05
-0.0002180411
-0.0002965321
-7.205617e-05
9.113632e-05
8.650582e-05
3.502151e-05
8.803101e-05
0.0001202794
0.0001226452
0.000180643
0.000242439
0.0002034068
0.0001735836
0.0003829317
0.0006172526
0.0007818378
0.000974513
0.001295254
0.001605873
0.001678409
0.001613438
0.001538155
0.001594289
0.001668119
0.001602417
0.001596106
0.001675491
0.001667705
0.001608126
0.00163405
0.001838952
0.001979541
0.002042128
0.00214961
0.002454737
0.002755309
0.002776265
0.002729295
0.002755052
0.002782345
0.002690291
0.002557943
0.002445932
0.002238126
0.001828515
0.001396416
0.001176829
0.001079807
0.0007604579
0.0002709885
2.454977e-05
-9.370874e-05
-0.0003462823
-0.000417616
-0.0003510178
-0.0002594207
-0.0001933275
-4.812656e-05
0.0002859689
0.0006761036
0.001018001
0.001341032
0.001793367
0.002277723
0.002498311
0.002593878
0.002768095
0.002873128
0.00287689
0.002781348
0.002570037
0.002380918
0.002239127
0.002019946
0.00164944
0.001065132
0.0003864631
-6.419271e-05
-0.0003168561
-0.0006353591
-0.001005907
-0.001191864
-0.001212024
-0.001108374
-0.0009291439
-0.0006528323
-0.000281306
3.650465e-05
0.0002491385
0.0003383026
0.0005448392
0.0008185963
0.0009972093
0.001161652
0.001243119
0.001179229
0.001169276
0.001168027
0.001024893
0.0008716009
0.0006834253
0.0005491364
0.0004605183
0.0003478524
0.00021573
9.728746e-05
0.0002288003
0.000259113
0.0001246976
-1.857159e-05
-0.0001064858
-0.000155072
-0.0002789455
-0.0004652151
-0.0007041502
-0.0008944415
-0.001056608
-0.001223562
-0.001485291
-0.001657628
-0.001802702
-0.002002244
-0.002055091
-0.002003984
-0.002061429
-0.002056259
-0.001930913
-0.001890151
-0.001873538
-0.001803375
-0.001769096
-0.001689877
-0.001567498
-0.001567125
-0.001652738
-0.001854416
-0.00218767
-0.00249756
-0.002790884
-0.003112194
-0.003383881
-0.003663833
-0.00373474
-0.003822215
-0.004146198
-0.004366127
-0.004304271
-0.004289082
-0.004432272
-0.004540118
-0.004577657
-0.004570418
-0.004610556
-0.004746196
-0.004811942
-0.004865463
-0.005039367
-0.00515067
-0.005100424
-0.004944982
-0.004767486
-0.004425088
-0.004105848
-0.003892677
-0.003610161
-0.003241945
-0.002877513
-0.002560031
-0.00226816
-0.002023394
-0.001820885
-0.001672796
-0.001637549
-0.001659694
-0.001710882
-0.001785427
-0.001867226
-0.002003958
-0.002280289
-0.002541031
-0.002774817
-0.002987196
-0.003196303
-0.003227018
-0.003260273
-0.003385782
-0.003226076
-0.00301061
-0.002840709
-0.002514498
-0.002109367
-0.0017211
-0.001336071
-0.001098246
-0.0008109002
-0.0004298498
-0.0002842221
-0.0002519708
-0.0001174395
0.0001017483
0.0002468558
0.0002970023
0.0003083654
0.000290016
0.0001841759
-4.248802e-06
-0.000256934
-0.0005399064
-0.0008129896
-0.001090737
-0.001306946
-0.001373898
-0.001264149
-0.001132246
-0.0009529954
-0.0007062252
-0.0003703202
-0.0001800165
-0.0001723474
-5.69027e-05
8.579519e-06
-1.45382e-06
-3.074959e-06
-1.466818e-05
-5.359048e-05
-8.516577e-05
-8.583878e-05
-6.681334e-05
-7.739826e-05
0.0001101381
0.0003439819
0.0003689537
0.000294062
0.0003366197
0.0004819181
0.0005345662
0.0006591341
0.0008085881
0.0009736464
0.001294695
0.00152872
0.001645784
0.001776224
0.001878708
0.001808012
0.001666705
0.00172107
0.001826009
0.001766932
0.001740143
0.001687618
0.001609765
0.001647421
0.001652166
0.001591159
0.001719257
0.001895937
0.002081831
0.002307522
0.002488754
0.002633617
0.002804048
0.002907038
0.002879455
0.002863356
0.002913718
0.003000766
0.003098258
0.003104133
0.003006798
0.002833689
0.002577861
0.002384568
0.00222871
0.002016229
0.001913073
0.001972632
0.002029077
0.002133915
0.00230617
0.002496779
0.002744473
0.003066473
0.003312407
0.003376407
0.003541512
0.003892195
0.004201216
0.004330828
0.00435214
0.004280053
0.004081917
0.003909649
0.003694425
0.003462651
0.00309781
0.002570589
0.002071518
0.00169174
0.001416767
0.001206735
0.0009600154
0.0007477857
0.0007256066
0.000772307
0.0007431656
0.0007206121
0.0007889614
0.0009840284
0.001254367
0.001530936
0.001912449
0.002327219
0.002593602
0.002866996
0.003136503
0.003323637
0.003529138
0.003636428
0.003565146
0.003454316
0.003345068
0.003333239
0.003364109
0.003186927
0.002991952
0.002998338
0.003067703
0.003023821
0.002973612
0.002870589
0.002642384
0.00244528
0.002445126
0.002322762
0.002078333
0.00195335
0.001948593
0.001863066
0.001667571
0.001587531
0.001565056
0.001387615
0.001143972
0.0009749248
0.000753464
0.000629104
0.0005564498
0.0003420379
0.0001439778
4.683362e-05
-7.807323e-06
-0.000203221
-0.0003275662
-0.0002975506
-0.0002121926
-0.0001468258
-6.318805e-05
5.479009e-05
0.0003376029
0.0005237112
0.0005129537
0.0005396242
0.0005998672
0.0005883026
0.0005960004
0.0007257249
0.0008314089
0.001030258
0.001244788
0.001382909
0.001548346
0.001657438
0.001766526
0.001936081
0.002153463
0.002363526
0.002415883
0.002413506
0.00255037
0.002592873
0.002393417
0.00220951
0.002109824
0.001887057
0.001586369
0.001410598
0.001340632
0.00110779
0.0007340707
0.0005602663
0.0004475597
0.0002175652
-0.0001727307
-0.0005595024
-0.0008415957
-0.001083654
-0.001303345
-0.001303336
-0.0011757
-0.001023245
-0.0008090656
-0.0006109294
-0.0004894957
-0.0004504881
-0.0004060047
-0.0002503915
-0.0001620024
-0.0002035259
-0.0001514499
-5.895159e-05
-1.462114e-05
-3.789034e-05
-0.0001636221
-0.0004701671
-0.0007957151
-0.001114553
-0.001521867
-0.001977465
-0.002340996
-0.002554785
-0.002790174
-0.002936566
-0.002912295
-0.002870453
-0.002873709
-0.00265208
-0.002330402
-0.00208064
-0.00181489
-0.00149329
-0.00126679
-0.001187586
-0.001202515
-0.001167348
-0.001121118
-0.001088144
-0.0009144692
-0.0006336318
-0.0004086626
-0.0002785754
-0.0002228412
-0.0001214457
-0.0001062152
-0.0002595414
-0.000353238
-0.0003877781
-0.0004055542
-0.0005623495
-0.0006749819
-0.0006356936
-0.0007260687
-0.0008595644
-0.0009948258
-0.0009962946
-0.001046701
-0.001301543
-0.001553716
-0.001610413
-0.001728829
-0.002054294
-0.002405816
-0.002669908
-0.002823466
-0.003002835
-0.003222152
-0.003371454
-0.003486638
-0.003583446
-0.003657748
-0.003651391
-0.003431292
-0.003259368
-0.003134629
-0.003046564
-0.003009062
-0.003032967
-0.003138778
-0.003362915
-0.003526129
-0.003477891
-0.0034144
-0.00340922
-0.003231885
-0.003041338
-0.002853564
-0.002668751
-0.002528982
-0.002292741
-0.002038782
-0.001898279
-0.0019067
-0.001715844
-0.001381421
-0.001127416
-0.0008871641
-0.0006556085
-0.0004366962
-0.0003709991
-0.0005221811
-0.0006726271
-0.0006661383
-0.0008513202
-0.001215529
-0.001474912
-0.001566863
-0.001703559
-0.002039513
-0.002269247
-0.002325782
-0.00239718
-0.002552664
-0.002691972
-0.002818943
-0.002986246
-0.003133896
-0.003159788
-0.002983536
-0.002811328
-0.002729563
-0.002512818
-0.002337743
-0.002246248
-0.002218367
-0.002113173
-0.001997729
-0.001905279
-0.001847723
-0.001745865
-0.001540649
-0.001441555
-0.001415677
-0.001201084
-0.0009625874
-0.0008652226
-0.0009444817
-0.0009799394
-0.0008060253
-0.000684059
-0.0005989116
-0.0005112439
-0.0003291375
-0.0002045134
-0.000154968
-1.767748e-05
9.792207e-05
0.0001587896
0.0002568307
0.0003330758
0.0004685933
0.0006072511
0.0006775396
0.0006438073
0.0005118916
0.0004051623
0.0003012385
0.0002459384
0.0003039157
0.0004110786
0.0004835953
0.0005715465
0.0006283007
0.0005144843
0.0003901245
0.0004117357
0.0005662193
0.0005361947
0.0004082323
0.0004416762
0.0004993824
0.0005621319
0.0006101569
0.0006896896
0.0009686488
0.001159058
0.001328463
0.001583181
0.001674809
0.0017073
0.001739102
0.001753133
0.001762065
0.001696653
0.001751389
0.001816373
0.001755168
0.001753631
0.001891263
0.001927054
0.001911853
0.001945246
0.002009585
0.001857964
0.001642472
0.001520154
0.00144884
0.001421185
0.001494329
0.001672424
0.001987796
0.002322001
0.002634824
0.002883251
0.00305042
0.003230008
0.0032633
0.003294032
0.003387722
0.00350718
0.00369781
0.003836754
0.003927555
0.004001192
0.003961098
0.003913078
0.003982994
0.003968625
0.003708117
0.003508435
0.003444018
0.003369557
0.003134857
0.002942825
0.00282085
0.00265207
0.00260828
0.002701014
0.002761976
0.002717018
0.002796757
0.002982666
0.003091648
0.003147579
0.003245837
0.003280374
0.003236047
0.00309512
0.003080303
0.003187372
0.003337769
0.003476157
0.003675367
0.003940681
0.004101246
0.004134346
0.004085048
0.004051481
0.003981637
0.003738941
0.00355169
0.003508637
0.003430233
0.003286879
0.003103678
0.002935695
0.002805567
0.002593346
0.002291007
0.002046809
0.001779284
0.001440977
0.001119614
0.0009528489
0.0008706592
0.0007552179
0.0005868305
0.0005054425
0.0004672791
0.0004326404
0.0003368208
0.0003645286
0.0004552844
0.0004434048
0.0004289563
0.0004067449
0.000297821
0.0002115395
0.0002020142
0.0001306432
0.0001294173
0.0002917599
0.0004788267
0.0006107422
0.0007444069
0.0008718195
0.0009463513
0.001044397
0.000921089
0.0004488315
9.089645e-05
-4.620415e-05
-0.0003762279
-0.000881203
-0.001312506
-0.001769616
-0.002316695
-0.002894098
-0.003382578
-0.003702296
-0.004029443
-0.004299817
-0.004461989
-0.004640843
-0.00473691
-0.004902364
-0.005080895
-0.005115246
-0.005184342
-0.00522221
-0.005175984
-0.005163054
-0.005075893
-0.004944407
-0.004911296
-0.004967359
-0.004987482
-0.005044021
-0.005082012
-0.005076737
-0.004979333
-0.004802285
-0.00468794
-0.004507601
-0.004233419
-0.004031353
-0.003905014
-0.00377479
-0.003704257
-0.003747818
-0.003749586
-0.003781441
-0.003910129
-0.004105985
-0.004254158
-0.004288547
-0.004402719
-0.00470321
-0.005055179
-0.005342352
-0.005578138
-0.005788509
-0.006076647
-0.006299367
-0.006460464
-0.006693742
-0.006931232
-0.006839387
-0.006474457
-0.006202586
-0.006066112
-0.00575347
-0.005315574
-0.004967934
-0.004668654
-0.004237171
-0.003785939
-0.003419294
-0.003121528
-0.002861457
-0.002639826
-0.002514967
-0.002412304
-0.002296277
-0.002318498
-0.002367125
-0.002326274
-0.00235091
-0.002479941
-0.002498483
-0.002480167
-0.002596696
-0.002712134
-0.002731976
-0.00263726
-0.002574012
-0.002618988
-0.002689764
-0.002765951
-0.002839659
-0.002918407
-0.003072032
-0.003154811
-0.003147327
-0.003009721
-0.002821288
-0.00254757
-0.002087825
-0.001587399
-0.001188756
-0.0008190759
-0.0003223777
8.555403e-05
0.0003549092
0.0007354137
0.001202759
0.001689319
0.001912226
0.001938296
0.002188278
0.002515611
0.002672887
0.002764817
0.002775562
0.00276219
0.002784606
0.002964266
0.003107189
0.003067472
0.002880345
0.002687795
0.002683966
0.002643115
0.002570036
0.002473652
0.002276843
0.00205617
0.001832966
0.001644646
0.00146264
0.00120986
0.0009092696
0.0007409584
0.000784672
0.0008504634
0.0007662279
0.0006575583
0.0007345409
0.0008882183
0.001140101
0.001395285
0.001603956
0.001795204
0.001972594
0.002259317
0.002535094
0.00263319
0.002689093
0.00279377
0.002864481
0.002870581
0.002859637
0.002858571
0.002892977
0.002884627
0.002706702
0.002553732
0.002514449
0.002461506
0.002337835
0.002393644
0.00259164
0.002628333
0.002552739
0.002596402
0.002753639
0.002764435
0.00275771
0.002832128
0.002899484
0.00295634
0.002946671
0.002967344
0.003077029
0.003198746
0.003137665
0.002942513
0.002807304
0.002872838
0.002826525
0.002602353
0.002350271
0.002157844
0.00189943
0.001656229
0.001502015
0.001365239
0.001232564
0.001155993
0.001275653
0.001403632
0.001455181
0.001318266
0.001232817
0.001153033
0.0009262657
0.0007847616
0.0007126967
0.000781597
0.0008193583
0.0007636328
0.000843145
0.0009624872
0.0009160544
0.0007286422
0.0005432218
0.0004391043
0.000335399
0.0001326833
-4.063688e-06
8.058003e-06
2.768285e-05
-5.315027e-05
-3.585044e-05
7.330327e-05
2.407067e-05
-8.456009e-05
-9.090067e-05
9.53137e-06
3.699192e-05
2.895996e-05
-4.150372e-05
-0.0001508578
-0.0002961566
-0.0004010023
-0.000577226
-0.0008799168
-0.000976338
-0.001106402
-0.001317732
-0.001420783
-0.001479177
-0.001518653
-0.001459623
-0.001366447
-0.001347319
-0.001254706
-0.001019572
-0.0008306192
-0.0006950302
-0.0005974243
-0.0004989519
-0.000436586
-0.0003710855
-0.0001704678
0.0001148679
0.0002059226
9.856457e-05
0.0001113834
0.0001630736
5.392339e-05
-9.615145e-05
-0.0001520322
-0.0002463197
-0.0003579776
-0.0003820502
-0.0003577415
-0.000381994
-0.0005501581
-0.000798092
-0.001023481
-0.001260481
-0.001566079
-0.001761342
-0.001876086
-0.002046535
-0.002130011
-0.002198575
-0.002305716
-0.0022587
-0.002242294
-0.002203589
-0.002011671
-0.001715934
-0.001479789
-0.001337022
-0.00115819
-0.0009835648
-0.0009932508
-0.001159102
-0.001203202
-0.001061055
-0.0009916247
-0.001011808
-0.000946661
-0.0008334455
-0.0007608928
-0.0008415957
-0.0009886279
-0.001102888
-0.001147513
-0.001184114
-0.001298558
-0.001289063
-0.001097303
-0.00108789
-0.001165106
-0.001011903
-0.0006566226
-0.0004133688
-0.0002392306
-2.220028e-05
0.0002047177
0.0003882609
0.0004584797
0.0005210385
0.0005600588
0.0005908129
0.0006336098
0.0006895403
0.000704198
0.00077678
0.0008232848
0.0008555127
0.0009546196
0.0009641377
0.001089045
0.001258231
0.001289498
0.001273284
0.001301696
0.001291926
0.001135263
0.001020308
0.0009156677
0.0007065668
0.0004595288
0.0003388079
0.0002393682
0.0001312368
4.290282e-05
-9.748582e-05
-0.0003680781
-0.0007243797
-0.0009080658
-0.00108391
-0.001299245
-0.001438773
-0.001453393
-0.001413718
-0.001281297
-0.00112155
-0.0008112685
-0.0004353519
-0.0001290578
0.0001425923
0.0003896436
0.0005600701
0.0008062105
0.001131751
0.001338237
0.001489469
0.001664104
0.001756522
0.001765294
0.001687139
0.001772625
0.001853662
0.001607249
0.001193559
0.0008986912
0.00079774
0.0006293452
0.0004861268
0.0004865392
0.0005404695
0.0005262787
0.0005364794
0.0006649377
0.0007213878
0.0007542358
0.0007404848
0.0007958763
0.0009644905
0.001103654
0.001132391
0.001127759
0.001257873
0.001401617
0.001464581
0.001458291
0.00140923
0.001314548
0.001194448
0.001114665
0.001005503
0.0009452648
0.0009468524
0.0009904468
0.00100237
0.001098663
0.001191082
0.001112162
0.0009779841
0.0008292716
0.0006395813
0.0004383077
0.0002310054
0.0001423148
6.455904e-05
8.771871e-06
-4.558429e-07
-0.0001102367
-0.0002469315
-0.0001535824
-7.484756e-05
-0.0001878935
-0.0002630666
-0.0002064953
-0.0001584928
-2.067622e-05
5.099181e-05
0.0001483153
0.0002539307
0.000363779
0.0004686646
0.0005662749
0.0007164614
0.0007954486
0.0007214934
0.0005447604
0.0004435746
0.000455936
0.0004440317
0.0004117315
0.0003761719
0.0003341175
0.0002906321
0.0002382843
5.395076e-05
-0.0001138896
-0.0002542309
-0.0003731492
-0.000558161
-0.0006433493
-0.0006716839
-0.0006707278
-0.0006084309
-0.0005689508
-0.0006039502
-0.0006133685
-0.0005453153
-0.000470576
-0.0003643318
-0.0001235832
1.600517e-05
0.0001369868
0.000320242
0.0004878512
0.0006404145
0.0006939012
0.0008700219
0.0009492366
0.0009077533
0.0009403523
0.0008281037
0.0006042714
0.0004921184
0.0003858336
0.0003628385
0.0004231723
0.000417678
0.0002950664
0.0002015042
0.0002260013
0.0001810324
-1.877261e-05
-0.0002128431
-0.0002703662
-0.0003782451
-0.0005465368
-0.0005833943
-0.0006001311
-0.0008975993
-0.001288084
-0.001513908
-0.001610768
-0.001786992
-0.001960758
-0.002031952
-0.002197792
-0.002359326
-0.002567862
-0.002719199
-0.0027243
-0.00273299
-0.002693708
-0.002560099
-0.002389985
-0.00227645
-0.002165885
-0.001978193
-0.001862007
-0.001715717
-0.001372983
-0.001192451
-0.001248908
-0.001164721
-0.0009332266
-0.0008008816
-0.0007820182
-0.0007398228
-0.000686964
-0.0006604827
-0.0006205824
-0.00061534
-0.0006701161
-0.0007460563
-0.0007830708
-0.0007471901
-0.0007246607
-0.000765117
-0.0008100037
-0.0007760455
-0.0008503171
-0.0009669311
-0.0009890286
-0.000979338
-0.0009911709
-0.000948445
-0.0007837347
-0.0005625587
-0.000230804
8.70096e-05
0.0004106511
0.0007224774
0.001056201
0.001433965
0.00172939
0.001928702
0.002028255
0.002114431
0.002214138
0.002303515
0.002249112
0.002080933
0.001948761
0.001837921
0.001602117
0.001275116
0.001111378
0.001004588
0.0008741347
0.0007109535
0.0006421368
0.0005956684
0.0006446326
0.0008737855
0.001063775
0.001122579
0.001072467
0.001060639
0.001062426
0.001064383
0.001015594
0.0009193171
0.0007702514
0.0007765817
0.000861923
0.0008077209
0.0006662902
0.0006980271
0.0007212699
0.0006215847
0.0005480391
0.0005241424
0.0005241791
0.0005481504
0.0005534441
0.0006682976
0.0007651504
0.0009068213
0.001072267
0.001245553
0.001521612
0.001723913
0.001772873
0.00182552
0.001740982
0.001595454
0.001323882
0.0009818776
0.0008259742
0.0006035194
0.0005358203
0.0004632846
0.0003254948
0.000214026
0.0002868407
0.0004279185
0.0004634452
0.0004622504
0.0005736898
0.0006828284
0.0007263927
0.0006743001
0.0005126675
0.0003599756
0.0003178919
0.0001200471
-0.0001688647
-0.0003087887
-0.0003800356
-0.0005700905
-0.0007977789
-0.0009396507
-0.001101
-0.001058927
-0.0009337783
-0.000897396
-0.0008837822
-0.0008199714
-0.0006575786
-0.0005248677
-0.0003632844
-0.0002282026
-0.0001389358
0.0001010718
0.0003449378
0.00050799
0.0007187519
0.0009266611
0.0009964796
0.0009484319
0.001032768
0.001133522
0.00104497
0.0009077477
0.0008822126
0.0008576625
0.0006389465
0.0004953563
0.0005141351
0.000516198
0.0004576694
0.0003187035
0.0002339854
0.0002494306
0.0002823121
0.0002622825
0.0002253878
0.0001316372
-2.277362e-05
-0.0001705772
-0.0001839713
-0.0001393231
-0.0001840492
-0.000236168
-0.0002057353
-0.0001515348
-0.0001777571
-0.0003310296
-0.0003146987
-0.0001276809
-1.849544e-05
-4.213015e-05
-1.828796e-05
0.0001170132
0.0003307438
0.0004396815
0.0002601879
7.667939e-05
3.488302e-05
-6.47617e-05
-0.0002413689
-0.000362556
-0.0004353222
-0.000577414
-0.0006923051
-0.0005812452
-0.0004285694
-0.0003630657
-0.0003693534
-0.0004406352
-0.0005448618
-0.000600659
-0.0006570722
-0.0007409676
-0.0007136865
-0.0007286068
-0.0007850707
-0.0008089638
-0.0008534914
-0.0009180762
-0.0009862041
-0.001030421
-0.001055417
-0.001138646
-0.001322148
-0.001567224
-0.001638813
-0.001605598
-0.001746937
-0.00188526
-0.001702507
-0.00150856
-0.00149835
-0.001542192
-0.00143795
-0.001355562
-0.001316091
-0.001189328
-0.001079947
-0.001064802
-0.001151524
-0.001156346
-0.001044082
-0.000999273
-0.001074565
-0.001113238
-0.001119473
-0.001061628
-0.0009061681
-0.0008149243
-0.0007668496
-0.0007877469
-0.0007905274
-0.0007809422
-0.0009853449
-0.00138349
-0.001577745
-0.001715378
-0.001865132
-0.001929449
-0.001932223
-0.001791299
-0.001562587
-0.001388436
-0.001371054
-0.001305053
-0.001149391
-0.0009854278
-0.0009459858
-0.0009761971
-0.0009829077
-0.001147179
-0.001206358
-0.0009685097
-0.0007934393
-0.0009256532
-0.001005001
-0.0009019642
-0.0007519304
-0.0007391311
-0.00077741
-0.0006902265
-0.0005460229
-0.000433144
-0.0003767584
-0.0002953868
-0.0001285848
-8.130423e-06
-1.392728e-05
1.686361e-05
0.0002438829
0.0004546637
0.0004498773
0.0004094303
0.0004430419
0.0004676381
0.0002939278
2.047273e-05
-0.0001380651
-0.0002452028
-0.0003905963
-0.0005059252
-0.00053123
-0.0006781564
-0.0008215178
-0.0007729346
-0.000702405
-0.0007200679
-0.000811461
-0.0007613637
-0.0006632056
-0.0006368575
-0.0006430739
-0.00056105
-0.0005273554
-0.0005552631
-0.0004689369
-0.0004335959
-0.0004124182
-0.0002391603
-4.807355e-05
4.67842e-05
0.000213333
0.0003715445
0.0004746693
0.0006182831
0.0009120876
0.001271594
0.001515657
0.001616258
0.001592486
0.001441323
0.00139844
0.001371176
0.001187013
0.0009494864
0.0006982855
0.0004424829
0.0001540623
-1.170984e-05
-0.000140234
-0.0003484477
-0.0005761302
-0.0007715625
-0.0008750491
-0.0009790092
-0.001095303
-0.001157978
-0.001201736
-0.001205021
-0.001132966
-0.001173592
-0.000980765
-0.0004913521
-9.215286e-05
2.726791e-05
9.827851e-05
0.0002631773
0.0004641552
0.0004895585
0.000370508
0.0002828425
0.0003403111
0.0004942915
0.0005377017
0.0005396875
0.0005752774
0.0007119514
0.0006298227
0.0004990418
0.0005521874
0.0005606178
0.0003639611
0.0001740145
6.998161e-05
0.0001217066
6.639008e-05
-2.38518e-05
-5.762274e-05
-0.0002097174
-0.0003349954
-0.0003441153
-0.0002521963
-0.0002859533
-0.0004312507
-0.0004134378
-0.000352044
-0.000314838
-0.0003035303
-0.0003171495
-0.0003482704
-0.0004128021
-0.0004973328
-0.0004724331
-0.000479399
-0.0004889708
-0.0004193783
-0.0003422564
-0.0002804349
-5.866585e-05
0.0002123517
0.000318407
0.0003706779
0.0004614696
0.0005717785
0.0007176014
0.0007672208
0.0007286608
0.0006563582
0.0004078367
0.0002329944
0.0001825373
9.269778e-05
-3.108097e-05
-1.312192e-05
4.176345e-05
1.442843e-05
-7.927888e-06
-1.030923e-05
4.505163e-06
5.880304e-05
0.0001073465
0.000125902
0.000191806
0.0002755646
0.0003161778
0.0004331334
0.0006014667
0.0006332479
0.0006116732
0.0007419315
0.0007960307
0.0007949692
0.0009336128
0.001119045
0.001113863
0.001037386
0.001027766
0.001042996
0.001011078
0.0009431703
0.0009575532
0.0009594744
0.000946072
0.001001693
0.001048654
0.00115605
0.001344008
0.001506668
0.001593546
0.001715327
0.001870859
0.001954277
0.002016322
0.002085025
0.002032578
0.001849208
0.001861376
0.002017981
0.001956922
0.001874862
0.001962642
0.001960787
0.001903627
0.001927401
0.001984572
0.001968942
0.001784881
0.001716183
0.00188143
0.0020125
0.0019222
0.001810912
0.001995728
0.002237315
0.002269138
0.002193149
0.002143033
0.002100317
0.002051749
0.002104545
0.002144737
0.002124602
0.002091432
0.002088235
0.002138652
0.002265759
0.00218598
0.002058792
0.002163109
0.002248994
0.002206454
0.002192059
0.002261219
0.002295084
0.002215181
0.00212121
0.002021555
0.001869007
0.001665792
0.001513239
0.001394499
0.001286449
0.00123253
0.001155314
0.001073575
0.001127853
0.001003875
0.000872959
0.0008879042
0.0008444809
0.000751878
0.000722781
0.0006548053
0.000487592
0.0003907796
0.0003810238
0.0002790174
0.0001431494
3.647767e-05
3.312075e-05
-1.487924e-05
-8.046074e-05
-5.903138e-05
-8.211047e-05
-7.817328e-05
-0.0001446294
-0.0002664858
-0.0003046151
-0.0002980334
-0.0002558053
-0.0003878488
-0.0005095518
-0.0004779447
-0.0003244776
-0.0001723631
-7.793371e-05
-4.64725e-05
-2.746322e-05
1.933643e-05
0.0001685472
0.0003046253
0.0003036605
0.0001571394
-8.730178e-06
-0.0001277736
-0.0004028353
-0.0006545108
-0.0008355439
-0.001136731
-0.00147556
-0.001781519
-0.001993427
-0.002111541
-0.002230938
-0.002290075
-0.002287166
-0.00224003
-0.002233164
-0.00215611
-0.00199459
-0.001874347
-0.001901023
-0.001966136
-0.00200391
-0.001822556
-0.00164338
-0.001506126
-0.001325893
-0.001116997
-0.0008232016
-0.0006224873
-0.0004724823
-0.0001766418
0.0001426618
0.0003265474
0.0005523081
0.0008418639
0.001015982
0.001132519
0.001367091
0.001619597
0.001768255
0.001782947
0.001825879
0.001732215
0.001582128
0.001468328
0.001308576
0.001082336
0.0008698667
0.000569227
0.0002866598
0.0001376416
0.0001123507
3.26961e-05
-8.36848e-05
-3.614889e-05
8.61646e-05
0.0001961261
0.0002954858
0.0005134264
0.000666735
0.0007331801
0.0008794939
0.001045848
0.00105803
0.001118677
0.001239197
0.001175146
0.001033246
0.0009712412
0.0009872597
0.0009408209
0.0007558531
0.0006101818
0.0004653453
0.0001850886
-0.0001110474
-0.0003240544
-0.0005441444
-0.0008023487
-0.001042506
-0.001150783
-0.001108451
-0.001058386
-0.001010542
-0.0008683722
-0.0007612576
-0.0007031241
-0.0005443605
-0.0004838165
-0.0006297643
-0.0006144661
-0.0004490214
-0.0004227506
-0.0005572082
-0.0006677468
-0.0006120917
-0.000494773
-0.0005032853
-0.0005951862
-0.0005666526
-0.0004105495
-0.0002740373
-0.0003007405
-0.000346048
-0.0003382871
-0.000425748
-0.0005284263
-0.0005855705
-0.0007105023
-0.0008757315
-0.00108058
-0.001313777
-0.001565023
-0.001720024
-0.001840141
-0.002013217
-0.002194325
-0.002338443
-0.002430224
-0.002437176
-0.002479003
-0.002594742
-0.002569631
-0.002464558
-0.002428019
-0.002389158
-0.002321549
-0.002252644
-0.002234494
-0.00220969
-0.002059498
-0.001991882
-0.002048923
-0.002097151
-0.001986202
-0.001890437
-0.001887065
-0.001910328
-0.001936357
-0.001961007
-0.002118111
-0.002306524
-0.002335434
-0.002460536
-0.002655537
-0.00284378
-0.002968897
-0.003070939
-0.003162098
-0.003332832
-0.003421867
-0.003376112
-0.003282726
-0.003180754
-0.00318731
-0.003290254
-0.00330381
-0.00316162
-0.003013903
-0.003058119
-0.003148262
-0.003090299
-0.002954957
-0.002802451
-0.002689149
-0.002497214
-0.002347235
-0.002221035
-0.002140675
-0.002049797
-0.001941391
-0.001920022
-0.001839532
-0.001739924
-0.001671939
-0.00154915
-0.001493206
-0.001414165
-0.001139925
-0.0009165899
-0.0007898466
-0.0006043168
-0.0003873439
-0.0002959717
-0.0003213208
-0.0003544743
-0.0003138823
-0.0003102944
-0.0004395312
-0.0005937567
-0.0006270441
-0.0006099481
-0.0006200384
-0.0006633841
-0.0007309377
-0.0009000566
-0.001093703
-0.001100725
-0.001137216
-0.001210579
-0.001332022
-0.001466705
-0.001407235
-0.001281249
-0.001170077
-0.001181398
-0.001042986
-0.0007405023
-0.0005130878
-0.0003412715
-2.260668e-06
0.000400488
0.0006818722
0.000967322
0.001363203
0.001731693
0.001840467
0.001840518
0.001876596
0.001832019
0.001638255
0.001398407
0.001301412
0.001322578
0.001198448
0.001003155
0.001031347
0.001153012
0.001063204
0.0008442499
0.0008202859
0.0008507943
0.0008001235
0.0007197383
0.0006779436
0.0007211856
0.0008013271
0.0008837337
0.001019655
0.001296528
0.001542334
0.00177317
0.00198228
0.002119208
0.002205437
0.002157341
0.002195913
0.002380704
0.00248239
0.002373314
0.002293377
0.002396636
0.002456395
0.002436128
0.002381862
0.002298512
0.002224342
0.002219677
0.002220955
0.002249007
0.002184668
0.00195372
0.001719802
0.001611655
0.00163055
0.00172884
0.001651856
0.00147262
0.001396576
0.001394287
0.001347932
0.001213681
0.001018327
0.0008903747
0.000883615
0.0007705153
0.0006646459
0.0007950329
0.0009529632
0.001063841
0.001106536
0.001243803
0.001471503
0.001621188
0.001831896
0.002031904
0.002117004
0.002234528
0.002306818
0.002336433
0.002426851
0.002503334
0.002486474
0.002408061
0.002332127
0.002238051
0.002231451
0.002191765
0.002087693
0.001995804
0.00190046
0.00181447
0.00172561
0.001625337
0.001464518
0.001358053
0.001374724
0.0014135
0.001475962
0.001484392
0.001375255
0.001334445
0.001310809
0.00126085
0.001300718
0.0013689
0.00149566
0.001677085
0.001911402
0.002110776
0.002284399
0.002338722
0.002298247
0.00220641
0.002134938
0.00205225
0.001912791
0.001762548
0.001503072
0.001165743
0.001005121
0.0009836045
0.0008122859
0.0006265234
0.0005087364
0.0003373991
0.0001507187
-4.383158e-05
-0.000136228
-0.0001196359
-6.538401e-05
-6.454346e-05
-0.0001354428
-0.0001660283
-7.426076e-05
-1.262083e-05
-4.879604e-05
-7.682728e-05
-4.705841e-05
2.681967e-05
0.000107297
0.0002357078
0.000365331
0.0006381246
0.0008388989
0.0008886822
0.000925428
0.0009619128
0.001061412
0.00104233
0.0009187841
0.0008421623
0.0008572395
0.0009252134
0.0008720007
0.0006479575
0.0004760021
0.0002910754
-1.598585e-05
-0.0002600939
-0.0003551324
-0.0005962678
-0.0009840694
-0.001329478
-0.001561416
-0.001734293
-0.00186225
-0.002078696
-0.002294817
-0.002356537
-0.002313975
-0.002095505
-0.001857789
-0.001822275
-0.001680048
-0.001459172
-0.001313393
-0.001174449
-0.0009016119
-0.0006481521
-0.0004513863
-0.0002810932
-0.000101774
4.169295e-05
0.0001423221
7.133293e-05
-6.097743e-05
-0.0001238363
-0.0001958698
-0.0003611589
-0.0005671417
-0.0006963992
-0.0007384952
-0.0007932755
-0.0007116707
-0.0006165494
-0.000522163
-0.0003917099
-0.0003856774
-0.0003879822
-0.0002133473
-7.01186e-05
-4.364955e-05
-2.106046e-05
9.147356e-06
5.366766e-05
5.150493e-05
6.567324e-06
-7.976713e-06
-3.228486e-07
-1.287425e-05
-4.476197e-05
-9.064302e-05
-0.0002138245
-0.0004098881
-0.0006963594
-0.0009473988
-0.001204473
-0.001479805
-0.001776095
-0.001999109
-0.002097553
-0.002187583
-0.002278768
-0.002293495
-0.002174989
-0.002039585
-0.00193428
-0.001930502
-0.001900084
-0.001839329
-0.001830814
-0.001838812
-0.001772213
-0.001565808
-0.001342178
-0.001227838
-0.001048651
-0.0009726625
-0.001036993
-0.0009310939
-0.0008965655
-0.001133754
-0.001328887
-0.001383861
-0.001455729
-0.001437955
-0.001334313
-0.001312819
-0.001234548
-0.001088505
-0.001006435
-0.00103027
-0.0009496646
-0.0007795869
-0.0007856623
-0.0008278398
-0.0007769897
-0.0007664832
-0.0007534018
-0.0007300217
-0.0006595836
-0.0005898213
-0.0005690045
-0.0004659251
-0.0003439237
-0.0002123393
-9.259496e-05
2.713198e-05
6.86621e-05
0.0001368654
0.0002611469
0.0003526498
0.0004387487
0.0003996754
0.000323247
0.0002889536
0.0003350682
0.000224608
3.10635e-05
4.122177e-05
0.0001353129
6.822955e-05
-0.0001193882
-0.0001042951
-5.47019e-05
-0.0001237276
-0.0002641661
-0.0003320795
-0.0002723773
-0.0003321594
-0.0004346851
-0.0003499109
-0.0003002976
-0.00036311
-0.000432166
-0.0004414349
-0.0003419127
-0.0001608631
-4.169494e-05
6.229123e-05
9.884145e-05
5.293215e-06
-5.402402e-05
-1.077608e-05
-1.310418e-05
-0.0001072689
-0.0002027637
-0.0002889989
-0.0003983094
-0.0005701577
-0.0007368991
-0.0008480966
-0.000729946
-0.0005796181
-0.0004566035
-0.0003492598
-0.0001832026
-3.783632e-05
4.442983e-05
0.0002116863
0.0003568345
0.0005143919
0.000768325
0.000968789
0.001120575
0.001310366
0.001480244
0.001650724
0.001732153
0.001690301
0.001676211
0.001585435
0.001421914
0.001246625
0.001058374
0.0009702625
0.000911724
0.0007635487
0.0006562495
0.0007556994
0.0008024712
0.0006471421
0.0004125985
0.0002379868
4.798732e-05
-2.473219e-05
-6.439954e-05
-0.0001269114
-0.0001152122
-5.492961e-06
4.510358e-05
-4.527195e-05
-0.0001517456
-0.0001468577
1.703603e-05
0.0001458794
0.000230829
0.0002979713
0.0004266358
0.0006908688
0.0009287122
0.0009439298
0.0009150909
0.0008897137
0.0008076683
0.0007854233
0.0008466489
0.0009318655
0.0009364079
0.0008289645
0.0008215706
0.0009410359
0.001124972
0.001241172
0.001332216
0.00139148
0.001419601
0.001446175
0.001396778
0.001303657
0.001193564
0.0009647286
0.0007738123
0.0007361909
0.0006505269
0.0005127655
0.0003305689
0.0002064138
0.0001727373
0.000176187
4.492264e-05
-2.938039e-05
2.485081e-05
0.0001348194
0.0002261795
0.0004013922
0.0005435073
0.0006111446
0.0007418192
0.0009470104
0.001125161
0.001256368
0.001280473
0.001295287
0.001387403
0.001448932
0.001502093
0.00159503
0.001620086
0.001688208
0.001779458
0.00181319
0.001770741
0.001778933
0.001882206
0.001931371
0.001922444
0.001990666
0.002062602
0.002163817
0.002347091
0.002458496
0.002480112
0.002461916
0.002475309
0.002463364
0.002406611
0.002285349
0.002190126
0.00203138
0.001836924
0.001770047
0.001604996
0.001399253
0.001284008
0.001215239
0.001078094
0.0009336473
0.0009748696
0.001080717
0.001037215
0.0009107845
0.0008827496
0.0009123837
0.0008480673
0.0008834789
0.0009681251
0.00107147
0.001160579
0.001148589
0.001235204
0.001397126
0.001502156
0.001414608
0.001422855
0.001471363
0.00146191
0.001393967
0.001289687
0.001166
0.000894932
0.0005108708
0.0002569926
9.82569e-05
-0.0001739878
-0.0004788955
-0.0006773837
-0.0008036007
-0.0008933606
-0.0009522071
-0.001003915
-0.0009544783
-0.0008755656
-0.0008386836
-0.0009215083
-0.0008179082
-0.0003904407
-0.0001051031
-9.553734e-05
7.821585e-05
0.0004208525
0.0005799098
0.0006479373
0.0007256303
0.00084013
0.0009597135
0.001038563
0.001008183
0.0007826861
0.0004723006
0.0002421154
8.324661e-05
-0.0001217924
-0.0003322124
-0.0004990599
-0.0006301863
-0.000797072
-0.001052013
-0.001213367
-0.001048291
-0.0009943759
-0.001186941
-0.001250936
-0.001053987
-0.0009599197
-0.001038194
-0.001122514
-0.001046912
-0.001036483
-0.001129934
-0.001238228
-0.001289028
-0.001337832
-0.001456225
-0.001489863
-0.001499463
-0.001601892
-0.001723049
-0.001793718
-0.001865761
-0.001935262
-0.001960614
-0.001998059
-0.001908498
-0.001809493
-0.001853396
-0.001823378
-0.001539478
-0.001302892
-0.001279912
-0.001184185
-0.001077118
-0.0009646551
-0.0009151268
-0.0009102735
-0.0008804511
-0.0008104762
-0.0009158009
-0.00104659
-0.001068359
-0.001126329
-0.001285381
-0.00148571
-0.001734028
-0.002008683
-0.002219457
-0.002395015
-0.002530067
-0.002684933
-0.002958123
-0.003040983
-0.002880256
-0.00275823
-0.002715387
-0.002576829
-0.00237277
-0.002192529
-0.002075878
-0.001970264
-0.001713164
-0.001333936
-0.001231354
-0.001283944
-0.00121546
-0.001204712
-0.001212035
-0.001154351
-0.001136353
-0.001159276
-0.001083605
-0.001072022
-0.001112399
-0.001127665
-0.001117782
-0.001217048
-0.00136243
-0.00147486
-0.001709314
-0.001947008
-0.001973389
-0.001954341
-0.002015335
-0.002225782
-0.002370087
-0.002331598
-0.00230761
-0.002293113
-0.002337907
-0.002453185
-0.002570454
-0.002652255
-0.002650479
-0.002553721
-0.002529922
-0.002518249
-0.002515008
-0.002452576
-0.002314234
-0.002279032
-0.002200312
-0.002057912
-0.001990206
-0.001962681
-0.00171705
-0.001408884
-0.00130374
-0.001305082
-0.001173487
-0.001055625
-0.001092546
-0.001130861
-0.00113275
-0.001253903
-0.001383545
-0.001419028
-0.0013461
-0.001170402
-0.001158037
-0.001297894
-0.001329885
-0.001258893
-0.001207377
-0.001191028
-0.001116752
-0.001049097
-0.001113781
-0.001128586
-0.001006956
-0.0009060101
-0.0009422536
-0.0009857679
-0.0009701294
-0.0009972127
-0.0009848508
-0.0008931819
-0.0008819539
-0.0009837435
-0.001068855
-0.001039373
-0.0008608878
-0.0007301741
-0.000774621
-0.0007723464
-0.0006602889
-0.0005427198
-0.000563402
-0.0005365041
-0.0003564138
-0.0002747586
-0.0003027539
-0.000286983
-0.0002506154
-0.0002315692
-0.0002266113
-0.0001812622
-0.0001826952
-0.0001494601
-2.774709e-05
0.000163682
0.0003688807
0.0005168429
0.0006900707
0.0008861969
0.001069988
0.001300082
0.001447761
0.00150564
0.001543657
0.00157688
0.001593178
0.001497862
0.001390258
0.001352497
0.001308485
0.001165632
0.0009348931
0.001011425
0.001076562
0.0008429336
0.0007259278
0.0007739311
0.0007225891
0.0005617365
0.0005103469
0.0005904625
0.0006104528
0.0005763923
0.0005361896
0.0003737332
0.0001596267
8.874829e-05
0.0001410287
0.00015951
7.044031e-05
-6.545041e-05
-6.632763e-05
-1.291133e-05
-2.948126e-05
6.334777e-05
0.0002207442
0.000385335
0.0004915603
0.0005003518
0.0005030921
0.0005576414
0.0006061363
0.0006042538
0.0006501872
0.0007459561
0.0006761688
0.0005794163
0.0006365163
0.0007558466
0.0008750071
0.0008982222
0.0009177808
0.0009925476
0.0009975471
0.001031999
0.001289416
0.00161775
0.001819718
0.001954575
0.002122911
0.002320933
0.002378457
0.002456887
0.002569497
0.002535215
0.00253139
0.002505376
0.0023962
0.002174864
0.002027779
0.001799956
0.001465291
0.001234462
0.001006929
0.0007610428
0.000627281
0.0004962015
0.0002221575
-2.57629e-05
-7.66941e-05
-0.0001032626
-0.00022399
-0.0003957542
-0.0004876956
-0.0004562008
-0.0004450058
-0.000501584
-0.0005344344
-0.0005216538
-0.0005446201
-0.000485943
-0.0002709424
-5.015692e-05
6.520406e-05
0.0001894303
0.0004677171
0.0007766914
0.0009174196
0.0009524379
0.001037041
0.001207452
0.001364909
0.001562534
0.001797569
0.001976831
0.002100182
0.002305423
0.002502134
0.00266928
0.002811083
0.002863512
0.002888238
0.002955401
0.002959792
0.00292613
0.002936713
0.002911603
0.002804079
0.002652639
0.002557632
0.002411154
0.002244608
0.002044543
0.001862851
0.001773791
0.00173122
0.001593607
0.001415015
0.001308318
0.001292607
0.001304084
0.001299901
0.00122353
0.001084998
0.001012076
0.001012457
0.001002161
0.0009666282
0.0009420524
0.0009065386
0.000858052
0.0008980751
0.001096761
0.001206604
0.001264822
0.001381998
0.001638013
0.00175185
0.001746147
0.001805199
0.001828843
0.001750382
0.001771725
0.001735535
0.00165982
0.001613653
0.001503032
0.001318635
0.001241614
0.001159997
0.0009969875
0.0008272766
0.0007248031
0.0007121651
0.0007257
0.0007037083
0.000606593
0.0005095688
0.0004297415
0.0002796765
0.0001183228
8.826912e-05
0.0001398835
7.896031e-05
7.64073e-06
6.762029e-05
0.0002235876
0.0002997505
0.0002563039
0.000246578
0.0002158516
0.000174257
0.0001631815
8.19616e-05
-7.115109e-05
-0.0001186431
-0.0001166957
-0.0001225066
-0.0001492364
-0.0002837634
-0.0003740997
-0.0004269694
-0.0005222632
-0.0006201674
-0.0006834377
-0.0007442826
-0.0007540132
-0.0006468513
-0.0005605141
-0.0005213327
-0.0004719634
-0.0003336088
-0.0001435334
-6.254479e-05
-1.339116e-05
-1.869784e-05
-5.979419e-07
0.0001082777
6.997697e-05
-5.01985e-05
-0.0001080451
-0.0001059898
-9.595472e-05
-0.00012996
-0.0001763006
-0.0001269444
-0.0001017792
-0.0001537153
-0.0002229733
-0.0002355625
-0.000176401
-0.0002179138
-0.0003318301
-0.0003981034
-0.0004834132
-0.0005852107
-0.0007676077
-0.0009567263
-0.001073481
-0.001229797
-0.001466677
-0.001655423
-0.001775612
-0.001986915
-0.002227661
-0.00227882
-0.002246762
-0.002258282
-0.002277484
-0.00218802
-0.002038711
-0.001914845
-0.001771671
-0.00156868
-0.001288206
-0.0009886403
-0.0007768424
-0.0005554313
-0.000367764
-0.0002668081
-0.0002002357
-0.0001442179
1.989299e-05
8.53409e-05
2.871541e-05
4.570891e-05
4.749114e-05
3.781601e-05
0.0001535057
0.0001526747
0.0001781608
0.0002336015
0.0002537779
0.0002815794
0.0002935598
0.0002814784
0.000240452
0.0001939964
0.0001192379
5.159938e-06
-5.736088e-05
-0.000125168
-0.0002838953
-0.0004674724
-0.0006255973
-0.0007051802
-0.0007660777
-0.0008618763
-0.0009958376
-0.001022533
-0.00100271
-0.0009689324
-0.0008028781
-0.0006657247
-0.0006171539
-0.000621467
-0.0006831552
-0.0007333199
-0.0006906305
-0.0006427203
-0.0005851095
-0.0004877987
-0.0003401399
-0.0002757964
-0.0002672741
-0.0001634267
-1.194484e-05
2.9673e-05
1.719378e-05
-1.400472e-06
-2.3146e-05
1.627003e-05
4.816272e-05
-2.339784e-05
-0.000142547
-0.0002040802
-0.0001463239
-7.184889e-05
-3.334474e-05
-4.550655e-05
-7.010559e-05
-2.581969e-05
-1.273889e-05
-0.000109703
-0.0001360072
-1.131402e-05
0.0001087981
5.398511e-05
-1.2196e-05
-3.287706e-05
3.23911e-05
0.0001193968
7.413876e-05
1.315183e-05
8.627634e-07
-2.61254e-05
-9.945842e-05
-0.0001963812
-0.0002431434
-0.0002914563
-0.0003334556
-0.0003793097
-0.0003952233
-0.0005013879
-0.0006274118
-0.000519002
-0.000442791
-0.0004214524
-0.0003991724
-0.0003527024
-0.0003350947
-0.0002479207
-0.0001840313
-0.0001288167
-5.231016e-05
4.048489e-05
0.0001315902
0.0002895553
0.0004506468
0.000570507
0.0007892258
0.001066991
0.001244527
0.001328988
0.001362201
0.001429857
0.001462133
0.001367341
0.001262288
0.001256782
0.001224862
0.001144702
0.001091096
0.0010075
0.0008867274
0.0008895785
0.0009237664
0.0008600705
0.0007473131
0.0006233428
0.0005183773
0.0004629736
0.0004459896
0.0003815467
0.0003244771
0.0002176191
8.778775e-05
-1.051907e-05
-9.961965e-05
-0.0001662343
-0.0001873165
-0.0002360757
-0.0002803564
-0.0002488603
-0.0002483407
-0.0002783915
-0.0002892512
-0.0002359964
-0.000168154
-9.800215e-05
-2.943808e-05
-1.698411e-06
-2.420515e-06
0.0001223372
0.0002861593
0.0004190497
0.0004427391
0.0004899383
0.0005700065
0.0006301458
0.0006937459
0.0007398986
0.0007759213
0.0008280854
0.0008731853
0.000877265
0.0009101203
0.0009362694
0.0009598769
0.0009695636
0.0009268788
0.0008626843
0.0008842652
0.000852653
0.0007450553
0.0006838999
0.000632299
0.0005175583
0.000389956
0.0002996868
0.0002219089
0.0001227258
2.711466e-05
-2.461949e-06
-2.747132e-05
-8.186274e-05
-0.0001385311
-0.000179024
-0.0002578426
-0.0003254182
-0.000380769
-0.0003471349
-0.0002015503
-0.0002254885
-0.0003408972
-0.0003646964
-0.0003622608
-0.0003822017
-0.0003677413
-0.0002912992
-0.0001772464
-0.0001334451
-0.0001214864
-0.0001120239
-7.083082e-05
1.082626e-05
6.53896e-05
6.36082e-05
8.401677e-05
5.066025e-05
-4.220922e-05
-1.657603e-05
4.453589e-05
2.049187e-05
-4.851359e-05
-7.141581e-05
-0.0001410033
-0.0002550805
-0.000370617
-0.0004558072
-0.0005682467
-0.000676163
-0.0007554045
-0.0008070718
-0.0008450669
-0.0008046565
-0.0007795982
-0.0007392509
-0.0006693843
-0.0005780455
-0.0005170355
-0.0004889516
-0.0004855153
-0.0004800384
-0.000442553
-0.0004046553
-0.0004085195
-0.0004277983
-0.0004098118
-0.0003942424
-0.0004012666
-0.0004314108
-0.0004696353
-0.0005173508
-0.0005626913
-0.0005886541
-0.0006943024
-0.0008552744
-0.0009651371
-0.001019785
-0.001052569
-0.001149761
-0.001211593
-0.001285684
-0.00135778
-0.001390398
-0.001427966
-0.001489183
-0.001512587
-0.001471824
-0.00146496
-0.00148932
-0.00141038
-0.001387117
-0.001413433
-0.001349807
-0.00127716
-0.00122084
-0.001132195
-0.001022029
-0.001021854
-0.001006111
-0.0009438867
-0.0009112368
-0.0008971177
-0.0009092646
-0.0009115963
-0.0009219667
-0.0009474199
-0.000969024
-0.001041683
-0.001082647
-0.001127584
-0.001194058
-0.001263574
-0.001326219
-0.001344569
-0.001322264
-0.001328912
-0.001371555
-0.001442978
-0.001456774
-0.001383136
-0.001388773
-0.00140308
-0.001351897
-0.001294548
-0.001299067
-0.001310512
-0.00127994
-0.001237829
-0.001270052
-0.001312886
-0.001295268
-0.001227922
-0.001187183
-0.001182308
-0.001118762
-0.0009755244
-0.0009020733
-0.0008787318
-0.0008143961
-0.0008227881
-0.0008322557
-0.0007979127
-0.0007943628
-0.0008456957
-0.0008875223
-0.0008629258
-0.0007764306
-0.0007339116
-0.0007536786
-0.0007557117
-0.0007178604
-0.0006728736
-0.0006552376
-0.000655294
-0.000597072
-0.0005520342
-0.0005628151
-0.0005167543
-0.0004217662
-0.0003168236
-0.0003080659
-0.0002744099
-0.0001194373
2.98662e-05
8.758843e-05
0.0001462703
0.0002284202
0.0002682097
0.0003125283
0.0004171933
0.0005274723
0.0006072409
0.0006576846
0.0006889598
0.00068115
0.0006924448
0.000739522
0.0007705104
0.0007332403
0.0007136666
0.0007538965
0.0007977556
0.000768512
0.000718613
0.0007249955
0.0007280181
0.0007068038
0.0006830305
0.0006377291
0.0005934317
0.0005549542
0.0005528229
0.0005920167
0.0005777604
0.0005709677
0.0005859559
0.0006282886
0.0006139592
0.0005247656
0.0005484104
0.0005257955
0.0005149921
0.0006143532
0.0007472639
0.0008473304
0.0008850262
0.0009157836
0.0009345784
0.0009230064
0.0009683386
0.0009972341
0.0009778263
0.000989994
0.001020589
0.001001195
0.0009192585
0.0009016623
0.0009683693
0.0009834519
0.00093642
0.0008482995
0.0008126748
0.0008591482
0.0008926761
0.0007502968
0.000614534
0.0006129265
0.0006112132
0.0005148814
0.000438769
0.0004156379
0.0004222582
0.0003493543
0.0002227314
0.0002191234
0.000268369
0.000267437
0.0002538677
0.0002796937
0.0003852563
0.0004376479
0.0004779768
0.0005755629
0.0006278643
0.000604612
0.0005347873
0.000495438
0.0004966635
0.000488812
0.0004378098
0.0003711151
0.0003431516
0.0003516626
0.0003032943
0.0002673513
0.0002849697
0.0002912468
0.0002467692
0.0001983437
0.0002209644
0.0002250926
0.0001783035
0.0001808151
0.0002683925
0.0003574821
0.000390973
0.0003807276
0.0003939098
0.0004102048
0.0003936897
0.0003878098
0.0004032797
0.000409818
0.0004005567
0.0003725087
0.000351162
0.0003662708
0.0003906742
0.0003921187
0.0003534987
0.0002875547
0.0002621003
0.0002755768
0.0002499178
0.0001859378
0.0001511103
0.0001481361
0.0001570515
0.0001690686
0.0001486159
9.965218e-05
5.373567e-05
2.008335e-05
-1.013138e-05
-3.045424e-05
-6.544541e-05
-7.632639e-05
-6.919345e-05
-8.734173e-05
-5.376649e-05
-1.900686e-05
-1.956712e-05
-1.247658e-05
2.055683e-05
4.584295e-05
8.094894e-05
0.0001548269
0.0001972163
0.0001987418
0.0001950284
0.0001853062
0.0002346515
0.0002839655
0.0003308468
0.0003326475
0.0003086008
0.0003036036
0.0003532261
0.0003965405
0.0003688234
0.0003045944
0.0002863152
0.0003122627
0.0002904454
0.0002404606
0.0002376656
0.0002530498
0.0002503147
0.0002312799
0.0002575319
0.0002838231
0.0002698336
0.0002776908
0.0002950429
0.0003287563
0.0003471797
0.0003456709
0.0003693483
0.0003503142
0.0003238728
0.0002775155
0.0002152833
0.0001881154
0.0001667421
0.0001472469
0.0001216847
0.000112348
9.934896e-05
9.246284e-05
0.0001234822
0.0001226307
0.0001143704
0.0001061829
0.0001185053
0.0001579185
0.0001914041
0.0001839513
0.0001513445
0.0001602921
0.0001714614
0.000115716
8.552033e-05
5.514297e-05
5.304556e-06
-6.687435e-05
-0.0001321846
-0.0001569109
-0.000180098
-0.000211349
-0.0002205509
-0.0002328951
-0.0002198376
-0.0001946792
-0.0001877505
-0.0001781729
-0.0001779089
-0.000138951
-6.921255e-05
-4.441454e-05
-3.03259e-05
1.469185e-05
2.195654e-05
-4.863385e-06
-1.112661e-05
-2.326933e-05
-6.76344e-05
-0.0001000754
-0.0001403755
-0.000174486
-0.0001616664
-0.000185398
-0.000241259
-0.0002902177
-0.000305759
-0.0003027584
-0.0003235405
-0.0003191689
-0.0003294103
-0.000339538
-0.0002887639
-0.0002481174
-0.0002559754
-0.0002355127
-0.0001866976
-0.000159791
-0.0001447092
-9.430457e-05
-4.820224e-05
-4.835008e-05
-5.560664e-05
-2.014203e-05
2.495778e-05
4.516714e-05
4.582194e-05
4.955975e-05
8.509735e-05
0.0001127865
0.0001313781
0.000150782
0.0001689867
0.0001687647
0.0001718734
0.0002037152
0.0002307477
0.0002296369
0.0002087845
0.0001826764
0.0001608814
0.0001343754
0.0001048647
7.327e-05
3.391296e-05
-7.567592e-06
-5.189709e-05
-9.773899e-05
-0.000133432
-0.0001627634
-0.0001798874
-0.0002057105
-0.0002513436
-0.0002923685
-0.0003096531
-0.0003015837
-0.0002934624
-0.0002898549
-0.0002981501
-0.0003144977
-0.0003043963
-0.0002917633
-0.0002804035
-0.0002644505
-0.0002479385
-0.0002453391
-0.0002478495
-0.0002106141
-0.0001796896
-0.0001828551
-0.0001736951
-0.0001673275
-0.0001768583
-0.0001869428
-0.0001871428
-0.0001830961
-0.0001832569
-0.00019581
-0.0002052226
-0.0001984802
-0.0002015875
-0.0002021117
-0.0002010624
-0.0001961252
-0.0001994318
-0.0002123259
-0.0002289785
-0.0002371395
-0.0002373499
-0.0002427092
-0.0002510763
-0.0002611608
-0.0002722065
-0.0002808254
-0.0002873137
-0.0002622312
-0.0002354772
-0.0002559063
-0.0002662349
-0.0002408139
-0.0002212177
-0.0002213132
-0.0002313667
-0.0002263464
-0.0002037968
-0.0002067716
-0.0002062877
-0.0001802938
-0.0001547823
-0.0001490502
-0.0001572849
-0.0001568592
-0.0001515138
-0.0001469623
-0.0001563987
-0.000156648
-0.0001568943
-0.0001714372
-0.0001923532
-0.0001942797
-0.0001898403
-0.0001843716
-0.0001904413
-0.0002026091
-0.000195992
-0.0001809713
-0.0001827818
-0.0001628389
-0.0001256616
-0.0001147722
-0.0001108244
-0.0001013481
-9.187551e-05
-0.0001018069
-9.094109e-05
-7.909298e-05
-7.275294e-05
-6.090075e-05
-5.165765e-05
-5.676272e-05
-6.367723e-05
-7.239281e-05
-8.141552e-05
-9.343051e-05
-0.0001098072
-0.0001211832
-0.0001250864
-0.0001416376
-0.000147021
-0.0001377731
-0.0001410946
-0.0001508647
-0.0001599885
-0.0001589897
-0.0001455888
-0.000133149
-0.0001480674
-0.0001712781
-0.0001647015
-0.0001604465
-0.000162426
-0.0001567745
-0.0001540427
-0.0001533573
-0.0001413624
-0.0001263224
-0.000112994
-9.83698e-05
-8.892866e-05
-7.768236e-05
-5.879403e-05
-2.179801e-05
4.971318e-07
-1.858872e-06
1.009462e-05
3.579895e-05
5.415505e-05
5.472564e-05
5.505348e-05
7.430674e-05
7.859347e-05
6.640669e-05
5.464176e-05
5.571174e-05
5.545689e-05
4.809442e-05
4.497015e-05
3.904203e-05
2.603607e-05
1.330612e-05
-3.215577e-07
-1.713813e-05
-3.336607e-05
-4.058366e-05
-4.173563e-05
-3.746383e-05
-2.786209e-05
-1.563942e-05
-1.27623e-05
-1.460274e-05
-1.451321e-05
-1.43299e-05
-9.143418e-06
-8.894927e-06
-3.254784e-06
3.473615e-06
3.189652e-06
1.407745e-06
7.432094e-06
1.126015e-05
4.786825e-06
1.542513e-05
3.897071e-05
4.016524e-05
3.242044e-05
4.335387e-05
6.820468e-05
9.037904e-05
0.000105363
0.0001144163
0.0001270541
0.0001502588
0.0001657953
0.0001728794
0.0001746078
0.0001740847
0.0001712116
0.0001624216
0.0001571624
0.0001507357
0.0001398365
0.0001324958
0.0001278375
0.0001215405
0.0001134629
0.0001099262
0.0001082629
9.871766e-05
9.226904e-05
9.492051e-05
8.963244e-05
7.62906e-05
7.198418e-05
6.986153e-05
6.375665e-05
6.30468e-05
6.171971e-05
5.832672e-05
6.036531e-05
6.17408e-05
5.916878e-05
5.64961e-05
5.552698e-05
4.931541e-05
4.772097e-05
4.996506e-05
4.910802e-05
4.322078e-05
4.474316e-05
5.439041e-05
6.012007e-05
5.98565e-05
5.783729e-05
5.632849e-05
5.55301e-05
5.244197e-05
5.064193e-05
4.582514e-05
3.60792e-05
3.018529e-05
2.62631e-05
2.392273e-05
2.38011e-05
2.226293e-05
1.982354e-05
2.397707e-05
2.865279e-05
2.658352e-05
2.841063e-05
3.611446e-05
3.787537e-05
3.272257e-05
3.08762e-05
3.298449e-05
3.536631e-05
3.716389e-05
3.71997e-05
3.812464e-05
4.460585e-05
4.734035e-05
4.509898e-05
4.442837e-05
4.463067e-05
4.157295e-05
3.845491e-05
3.746387e-05
3.903633e-05
4.057787e-05
3.635401e-05
3.351299e-05
3.405962e-05
3.703619e-05
3.992466e-05
3.927497e-05
3.544485e-05
3.170137e-05
2.966711e-05
2.664103e-05
2.210848e-05
1.93728e-05
1.605293e-05
1.46437e-05
1.507813e-05
1.224461e-05
9.264852e-06
1.031241e-05
1.02586e-05
8.274702e-06
7.652278e-06
1.03664e-05
1.257763e-05
1.108547e-05
9.596872e-06
7.835872e-06
6.573158e-06
1.037612e-05
1.232147e-05
1.322443e-05
1.449818e-05
1.585136e-05
1.518863e-05
1.433897e-05
1.493355e-05
1.368493e-05
1.093161e-05
1.054841e-05
1.206696e-05
1.237737e-05
1.205685e-05
1.473349e-05
1.666359e-05
1.651435e-05
1.635026e-05
1.776486e-05
1.994772e-05
2.055384e-05
2.098925e-05
2.222288e-05
2.294361e-05
2.221403e-05
2.261706e-05
2.322595e-05
2.331547e-05
2.236894e-05
2.161672e-05
2.146061e-05
2.013467e-05
1.917414e-05
1.922295e-05
1.884859e-05
1.860605e-05
1.788681e-05
1.616287e-05
1.580566e-05
1.606307e-05
1.522077e-05
1.445602e-05
1.432583e-05
1.513677e-05
1.553026e-05
1.507895e-05
1.397545e-05
1.310835e-05
1.233056e-05
1.135962e-05
1.056106e-05
9.247191e-06
7.814537e-06
7.994774e-06
8.879661e-06
8.393539e-06
7.695651e-06
7.813876e-06
9.006134e-06
1.049805e-05
1.094542e-05
1.217687e-05
1.377638e-05
1.43286e-05
1.435143e-05
1.496471e-05
1.530692e-05
1.405632e-05
1.289909e-05
1.25927e-05
1.296285e-05
1.227603e-05
1.123923e-05
1.133606e-05
1.16675e-05
1.151895e-05
1.10157e-05
1.079261e-05
1.077058e-05
1.091696e-05
1.107289e-05
1.131307e-05
1.121431e-05
1.162318e-05
1.228267e-05
1.270021e-05
1.306171e-05
1.435158e-05
1.554629e-05
1.527006e-05
1.513282e-05
1.555872e-05
1.570337e-05
1.611029e-05
1.635135e-05
1.629269e-05
1.638811e-05
1.631479e-05
1.605071e-05
1.611458e-05
1.605576e-05
1.608391e-05
1.559305e-05
1.500293e-05
1.443581e-05
1.381281e-05
1.347566e-05
1.334472e-05
1.252755e-05
1.151042e-05
1.120903e-05
1.119249e-05
1.0869e-05
1.058329e-05
1.057706e-05
1.061728e-05
1.077097e-05
1.063562e-05
1.087392e-05
1.137445e-05
1.160613e-05
1.180894e-05
1.216833e-05
1.234476e-05
1.233382e-05
1.232741e-05
1.243554e-05
1.281586e-05
1.304032e-05
1.30157e-05
1.300063e-05
1.287304e-05
1.263647e-05
1.25661e-05
1.255605e-05
1.254916e-05
1.245763e-05
1.232357e-05
1.220438e-05
1.21059e-05
1.227224e-05
1.235297e-05
1.222242e-05
1.209869e-05
1.207445e-05
1.198076e-05
1.196073e-05
1.198216e-05
1.181365e-05
1.164531e-05
1.160448e-05
1.147739e-05
1.147197e-05
1.143563e-05
1.126824e-05
1.099914e-05
1.07424e-05
1.067277e-05
1.05408e-05
1.025826e-05
9.997184e-06
9.754087e-06
9.685754e-06
9.691201e-06
9.557429e-06
9.500432e-06
9.552964e-06
9.53472e-06
9.418924e-06
9.425359e-06
9.483116e-06
9.502238e-06
9.458758e-06
9.407067e-06
9.432726e-06
9.469621e-06
9.535293e-06
9.546954e-06
9.498836e-06
9.486516e-06
9.525344e-06
9.492104e-06
9.441575e-06
9.464311e-06
9.452011e-06
9.383427e-06
9.307273e-06
9.238656e-06
9.206219e-06
9.176146e-06
9.15468e-06
9.125886e-06
9.064577e-06
8.981927e-06
8.929313e-06
8.915403e-06
8.881854e-06
8.796383e-06
8.728062e-06
8.705811e-06
8.679647e-06
8.615663e-06
8.549572e-06
8.513294e-06
8.466867e-06
8.403662e-06
8.346979e-06
8.292609e-06
8.236533e-06
8.170031e-06
8.115237e-06
8.068505e-06
8.019631e-06
7.97046e-06
7.917127e-06
7.874747e-06
7.842634e-06
7.803113e-06
7.774284e-06
7.750594e-06
7.720749e-06
7.689691e-06
7.658456e-06
7.622411e-06
7.588162e-06
7.559072e-06
7.526673e-06
7.485677e-06
7.438758e-06
7.397199e-06
7.364211e-06
7.324158e-06
7.27773e-06
7.235581e-06
7.198494e-06
7.158203e-06
7.115268e-06
7.077376e-06
7.040943e-06
7.000431e-06
6.960614e-06
6.924944e-06
6.88932e-06
6.852538e-06
6.814721e-06
6.777553e-06
6.741686e-06
6.705043e-06
6.666274e-06
6.627326e-06
6.589781e-06
6.552985e-06
6.515069e-06
6.475873e-06
6.437549e-06
6.399628e-06
6.361212e-06
6.323171e-06
6.285456e-06
6.247523e-06
6.209477e-06
6.171507e-06
6.133425e-06
6.095337e-06
6.057343e-06
6.019267e-06
5.980939e-06
5.942606e-06
5.904325e-06
5.865965e-06
5.827514e-06
5.789021e-06
5.750466e-06
5.71185e-06
5.673198e-06
5.634521e-06
5.595803e-06
5.557066e-06
5.518322e-06
5.479566e-06
5.440799e-06
5.402026e-06
5.363248e-06
5.324465e-06
5.285681e-06
5.246898e-06
5.208115e-06
5.169334e-06
5.130555e-06
5.091779e-06
